pair,date,open,high,low,close,max_up_pips,max_down_pips,max_profit,max_loss,daily_return,rolling_std,label,high_impact_count,medium_impact_count,low_impact_count,max_z_score,sum_signal,dominant_direction,max_surprise_z,sum_signal_surprise
EURUSD,2021-01-14,1.21566,1.21788,1.211,1.21515,22,47,0.1826168501061243,-0.3833308655380523,-0.0419525196189732,0.388941925788783,0.0,0.0,0.0,4.0,3.494068354465408,5.464855570782023,1.3662138926955059,3.494068354465408,5.464855570782023
EURUSD,2021-01-15,1.2154,1.21625,1.2072,1.20749,9,82,0.069935823597171,-0.6746750041138707,-0.6508145466513151,0.405694746844773,3.0,2.0,0.0,11.0,2.0784408970518,4.670948983447849,0.3417554830316792,2.0784408970518,4.172072848600288
EURUSD,2021-01-18,1.20823,1.20869,1.2052,1.20745,5,30,0.0380722213485948,-0.250780066709142,-0.0645572448954257,0.3874659393994762,5.0,0.0,0.0,0.0,0.0,0.0,0.0,0.0,0.0
EURUSD,2021-01-19,1.20744,1.2145,1.2072,1.2128,71,2,0.5847081428476648,-0.019876764062812,0.443914397402772,0.4043213350852479,2.0,0.0,0.0,5.0,0.1259841577967344,-0.305904731312109,-0.0611809462624218,0.1295105005834081,-0.3402845000442135
EURUSD,2021-01-20,1.21284,1.21582,1.2075,1.21044,30,53,0.245704297351669,-0.4402889086771462,-0.1978826555852345,0.3895031406779926,5.0,0.0,0.0,6.0,1.4318936040086792,-0.03854844794389173,-0.006424741323981954,1.4318936040086792,-0.03854844794389173
EURUSD,2021-01-21,1.21057,1.21732,1.2101,1.21595,68,5,0.5575885739775506,-0.0388246858917675,0.4444187448887848,0.4006920082517723,3.0,0.0,3.0,3.0,0.9662600570844502,-0.45827415147024586,0.012983483053301048,0.934619191812862,-0.1529367396725726
EURUSD,2021-01-22,1.21593,1.21896,1.215,1.21702,30,9,0.249191976511813,-0.0764846660580687,0.0896433182831277,0.3889732574037771,2.0,3.0,4.0,4.0,1.3349596268071389,-2.0160352053244095,0.0667030742337734,1.276915861770132,-2.985538749616503
EURUSD,2021-01-25,1.21672,1.21833,1.2114,1.21385,16,53,0.1323229666644658,-0.437241107239134,-0.2358800710105799,0.3792206694707468,4.0,0.0,0.0,2.0,1.1197666203071588,-1.091377027433963,-0.5456885137169815,1.1197666203071588,-1.091377027433963
EURUSD,2021-01-26,1.21368,1.2176,1.2106,1.21593,39,31,0.3229846417507022,-0.2537736470898584,0.1853865928415944,0.3725601995460512,1.0,0.0,1.0,3.0,0.4136058067383446,0.5588136598462351,0.03630196327697263,0.4136058067383446,0.5588136598462351
EURUSD,2021-01-27,1.21599,1.21698,1.2057,1.21075,10,103,0.0814151432166421,-0.8462240643426271,-0.4309245964193712,0.3724585639616065,3.0,0.0,0.0,5.0,1.5205229520244814,-2.160865161834132,-0.4321730323668264,1.5205229520244814,-2.160865161834132
EURUSD,2021-01-28,1.21073,1.21424,1.2079,1.21201,35,28,0.2899077416104252,-0.2337432788483072,0.1057213416698973,0.3646497712655077,4.0,1.0,4.0,7.0,0.9867690763650252,-5.808049708600606,-0.15559023554903625,0.9867690763650252,-5.816488540785904
EURUSD,2021-01-29,1.212,1.2156,1.2092,1.21362,36,28,0.2970297029703009,-0.2310231023102239,0.1336633663366299,0.3671189314560706,0.0,0.0,1.0,16.0,5.930558812388615,6.283409154338812,0.3898297027959523,5.930558812388615,6.283409154338812
EURUSD,2021-02-01,1.21285,1.21365,1.2053,1.2059,8,75,0.0659603413447592,-0.622500721441229,-0.5730304654326596,0.3836515243895415,2.0,1.0,0.0,11.0,2.548604003564708,-3.9265290226863336,-0.14092609600036746,2.548604003564708,-3.1431867818337613
EURUSD,2021-02-02,1.2059,1.20878,1.201,1.2042,29,49,0.2388257732813661,-0.4063355170412061,-0.1409735467285873,0.3663849166416036,3.0,0.0,0.0,6.0,0.7116132564095929,-0.4319500786470153,-0.07199167977450255,0.7116132564095929,-0.4319500786470153
EURUSD,2021-02-03,1.20432,1.20502,1.2002,1.20348,7,41,0.0581240866214895,-0.3421017669722435,-0.0697489039457911,0.3576850849804892,0.0,0.0,3.0,11.0,7.571220094306466,23.85244879038176,1.526457022025607,7.571220094306466,24.284304647888668
EURUSD,2021-02-04,1.20351,1.2043,1.1956,1.1962,8,79,0.0656413324359453,-0.6572442273018158,-0.6073900507681822,0.3664912347794236,6.0,0.0,1.0,8.0,4.088119733613495,2.2850363259662845,0.310069573378055,4.088119733613495,2.707971032671725
EURUSD,2021-02-05,1.19618,1.205,1.1951,1.2043,88,11,0.7373472219900057,-0.0902874149375486,0.6788276011971363,0.3919071746457662,3.0,3.0,0.0,5.0,1.5347453827494966,-6.898038210082557,-0.2949136562468395,1.3431652786946138,-6.0080696016973105
EURUSD,2021-02-08,1.20375,1.2066,1.2018,1.20458,28,20,0.236760124610575,-0.1619937694704148,0.0689511941848296,0.3766526571736111,6.0,0.0,0.0,2.0,0.2639604751902965,-0.15484387862004897,-0.07742193931002449,0.2639604751902965,-0.15484387862004897
EURUSD,2021-02-09,1.20478,1.2122,1.2043,1.2117,74,5,0.6158800776905312,-0.0398412988263447,0.5743787247464298,0.3860785752126731,3.0,0.0,0.0,4.0,0.4500925844003602,-0.06823709460723565,-0.017059273651808912,0.4500925844003602,-0.06823709460723565
EURUSD,2021-02-10,1.21168,1.21441,1.2107,1.21176,27,10,0.2253070117522695,-0.0808794401162007,0.0066024032747803,0.3762396835940744,3.0,2.0,2.0,4.0,3.8463231610034,-3.654463034424872,0.025836770552529066,3.8463231610034,-3.603984676598161
EURUSD,2021-02-11,1.21171,1.21495,1.2111,1.21295,32,6,0.26739071229914,-0.050342078550148,0.1023347170527525,0.3770596027373824,3.0,0.0,1.0,5.0,1.2554892972548912,-0.5466472331500977,-0.049174181443659405,1.2554892972548912,-0.25928524847855106
EURUSD,2021-02-12,1.21279,1.2135,1.208,1.21177,7,48,0.0585426990657894,-0.3949570824297753,-0.0841035958409964,0.346147598225286,3.0,0.0,0.0,2.0,0.6105566774766842,0.18666328546753597,0.09333164273376798,0.6105566774766842,0.18666328546753597
EURUSD,2021-02-15,1.21239,1.21452,1.2115,1.21268,21,9,0.1756860416202678,-0.0734087216159863,0.0239196958074465,0.3455551880834245,2.0,0.0,0.0,2.0,0.5757742975191795,-0.5947954700237114,-0.2973977350118557,0.5618682092942703,-0.7258079014597789
EURUSD,2021-02-16,1.21274,1.21695,1.2093,1.21061,42,34,0.3471477810577739,-0.2836551940234418,-0.1756353381598665,0.3336746833165557,0.0,0.0,0.0,6.0,0.9894188233999144,0.7315324291729864,0.12192207152883107,0.9894188233999144,0.7315324291729864
EURUSD,2021-02-17,1.21058,1.2109,1.2021,1.20372,3,85,0.0264336103355497,-0.700490673891857,-0.5666705215681812,0.3544338283730355,5.0,2.0,0.0,8.0,5.048240119273126,17.71743482850613,1.171426541886076,5.048240119273126,17.77848435977451
EURUSD,2021-02-18,1.2036,1.20946,1.2034,1.20891,59,2,0.486872715187768,-0.0166168162180108,0.4411764705882291,0.3542092018577208,4.0,0.0,2.0,7.0,2.217375433586376,2.2785205931830594,0.2640496697415554,2.217375433586376,2.185223367939012
EURUSD,2021-02-19,1.20888,1.21445,1.208,1.21167,56,9,0.4607570643901855,-0.0727946529018589,0.2307921381774924,0.3579722791990996,5.0,3.0,4.0,5.0,2.005695994399109,6.815991812596222,0.32913280005043005,2.2890445446005145,7.188774073875546
EURUSD,2021-02-22,1.21148,1.21695,1.2089,1.21551,55,26,0.4515138508270946,-0.2129626572456668,0.3326509723643973,0.3621939208104327,3.0,0.0,1.0,2.0,1.2085295233759987,2.8912161850218094,0.560895553881937,1.2085295233759987,2.844638637353978
EURUSD,2021-02-23,1.21526,1.21801,1.2133,1.21486,28,20,0.2262890245708762,-0.1612823593305105,-0.0329147672103052,0.3599698125321062,4.0,0.0,1.0,5.0,0.4427995646625464,0.8586302755066353,0.06930511847401481,0.4427995646625464,0.8586302755066353
EURUSD,2021-02-24,1.21496,1.21747,1.2107,1.21664,25,43,0.2065911634950955,-0.3506288272864893,0.1382761572397366,0.346274043033319,3.0,0.0,1.0,3.0,2.7120376298001783,3.994183417328162,0.9336003219282103,2.7120376298001783,3.994183417328162
EURUSD,2021-02-25,1.21641,1.22432,1.2154,1.2174,79,10,0.650274167427108,-0.0830312148042153,0.0813870323328521,0.3460342079323964,0.0,0.0,1.0,9.0,1.851224122806403,-2.6442664576199992,-0.263251446291699,1.851224122806403,-2.5790744030905777
EURUSD,2021-02-26,1.21718,1.21841,1.206,1.20704,12,112,0.1010532542434204,-0.918516571090551,-0.8330731691286448,0.3946249453345544,2.0,0.0,1.0,12.0,6.289214069043108,5.739637289234178,0.49159444302425165,6.289214069043108,5.701936090186999
EURUSD,2021-03-01,1.20718,1.21012,1.2026,1.20492,29,46,0.2435428022333177,-0.3793966102818162,-0.1872131745058673,0.3751271093383612,5.0,1.0,1.0,9.0,2.125592125026009,8.396104713471237,0.5409621552806437,2.125592125026009,8.875697607782355
EURUSD,2021-03-02,1.20484,1.20945,1.199,1.209,46,58,0.3826234188771956,-0.4847116629593843,0.3452740612861595,0.3812791057187545,2.0,0.0,0.0,7.0,0.9506339415133964,0.08225334814516416,0.011750478306452023,0.9506339415133964,0.08225334814516416
EURUSD,2021-03-03,1.20893,1.21133,1.2041,1.20634,24,48,0.1985226605345187,-0.3995268543257353,-0.2142390378268462,0.3844921818195364,0.0,0.0,3.0,8.0,2.624265312429932,11.799225692158833,0.9698869119991027,2.624265312429932,12.663190833731614
EURUSD,2021-03-04,1.20624,1.20666,1.196,1.19688,4,102,0.0348189415041854,-0.8489189547685392,-0.7759649820931187,0.4003997464889346,0.0,0.0,0.0,10.0,1.231197218555329,-0.34106577215427036,-0.034106577215427036,1.2962446225852824,0.06974060196060317
EURUSD,2021-03-05,1.19679,1.19777,1.1892,1.19079,10,76,0.0818857109434387,-0.6341964755721543,-0.501341087408819,0.382872738037351,0.0,3.0,0.0,4.0,0.7814796657973222,0.39401006931281835,-0.05267937646107844,0.7814796657973222,0.6903628812896662
EURUSD,2021-03-08,1.1917,1.19324,1.1842,1.1846,15,75,0.1292271544851973,-0.6293530250902125,-0.5957875304187198,0.4003413450870747,5.0,0.0,0.0,3.0,4.712415684384892,4.7714734087879735,1.590491136262658,4.712415684384892,4.7714734087879735
EURUSD,2021-03-09,1.18462,1.19158,1.1834,1.18995,70,12,0.5875301784538567,-0.1029866117404736,0.44993331194814,0.3904054734347394,4.0,0.0,0.0,6.0,1.114410046233218,1.4459972941039143,0.24099954901731904,1.114410046233218,1.4459972941039143
EURUSD,2021-03-10,1.18992,1.193,1.1867,1.19287,31,32,0.2588409304827191,-0.2706064273228453,0.2479158262740359,0.3972410073145104,5.0,3.0,2.0,1.0,1.4527500680903858,6.003604273154618,0.5542589985749581,2.886975087303707,10.891289395352192
EURUSD,2021-03-11,1.19287,1.199,1.1914,1.19839,61,15,0.5138866766705482,-0.1232322046828306,0.4627495032987642,0.4137174949356786,2.0,0.0,2.0,4.0,1.6729187284971636,2.953510813692424,0.24901483545542105,2.7186816640415308,5.0450366847811585
EURUSD,2021-03-12,1.19846,1.19885,1.1908,1.19516,4,77,0.0325417619277982,-0.6391535804282161,-0.2753533701583766,0.4164892310936433,2.0,0.0,0.0,7.0,2.825280125974865,1.7979425134287368,0.25684893048981955,2.649549809164649,1.5866871119128505
EURUSD,2021-03-15,1.19489,1.19675,1.1916,1.1927,19,33,0.1556628643640814,-0.2753391525579773,-0.1832804693318978,0.416601662054097,2.0,0.0,0.0,2.0,0.2277316722984222,-0.02139239649476629,-0.010696198247383146,0.2277316722984222,-0.02139239649476629
EURUSD,2021-03-16,1.19276,1.19519,1.1881,1.19008,24,47,0.2037291659680012,-0.3906904993460636,-0.2246889567054575,0.4173345809294744,6.0,2.0,0.0,9.0,3.7025699729683352,-6.474778859882459,-0.44623767602998454,3.7025699729683352,-6.9369226274960205
EURUSD,2021-03-17,1.19011,1.19857,1.1884,1.198,85,17,0.7108586601238467,-0.1436841972590853,0.6629639277041578,0.4326275627365778,0.0,0.0,2.0,5.0,2.1869322881997424,-3.7474138229307155,-0.4762707616958733,2.1869322881997424,-3.7474138229307155
EURUSD,2021-03-18,1.19796,1.19889,1.1904,1.19124,9,76,0.077631974356414,-0.6310728238004618,-0.5609536211559516,0.4342458155587876,3.0,0.0,1.0,5.0,1.0074511185401476,1.0523274379811909,0.17813943903174623,1.0074511185401476,0.9168255575997842
EURUSD,2021-03-19,1.19118,1.19372,1.1872,1.1904,25,40,0.2132339360969783,-0.3341224667976186,-0.0654812874628522,0.4283997752144897,5.0,0.0,0.0,1.0,0.1169168989358926,-0.1169168989358926,-0.1169168989358926,0.1169168989358926,-0.1169168989358926
EURUSD,2021-03-22,1.18798,1.1947,1.1873,1.19325,67,7,0.5656660886546961,-0.0572400208757734,0.4436101617872258,0.4347839811135812,0.0,0.0,0.0,2.0,1.433104320573356,-1.5491898089920375,-0.7745949044960188,1.433104320573356,-1.5974187889854399
EURUSD,2021-03-23,1.19344,1.19409,1.184,1.1849,7,94,0.0544644054162789,-0.7909907494302281,-0.7155784957769131,0.4570445923276921,2.0,0.0,0.0,3.0,2.03175432791488,-2.011586709472838,-0.6705289031576127,2.03175432791488,-2.0255656452445905
EURUSD,2021-03-24,1.18486,1.1852,1.1808,1.18117,3,41,0.0286953732930478,-0.3426565163816782,-0.3114291983863048,0.4549835909042908,1.0,3.0,5.0,5.0,2.817738298978108,31.368472103211534,0.9819603228246135,3.3197752314719584,33.15278371249505
EURUSD,2021-03-25,1.18123,1.18278,1.176,1.1768,15,52,0.1312191529168697,-0.4427588191969445,-0.3750328047882236,0.4548719027569424,4.0,0.0,1.0,7.0,1.7365265161664254,-2.1896811397261047,-0.26793429145441205,1.7365265161664254,-1.716972288819048
EURUSD,2021-03-26,1.17676,1.18053,1.1766,1.17928,38,2,0.3203711886875872,-0.0135966552228099,0.2141473197593458,0.4331108799641052,2.0,0.0,1.0,7.0,2.160202637919529,2.7533794408621417,0.07414710036782655,2.160202637919529,2.6959417305820415
EURUSD,2021-03-29,1.1789,1.17939,1.1759,1.17656,5,30,0.0415641699889625,-0.2544745101365776,-0.1984901179065237,0.4332267736359363,1.0,0.0,0.0,0.0,0.0,0.0,0.0,0.0,0.0
EURUSD,2021-03-30,1.17661,1.1774,1.171,1.17179,8,56,0.0671420436678311,-0.4767934999702444,-0.4096514563024133,0.4244024570380675,3.0,0.0,1.0,6.0,3.574940165609111,6.887619682206465,0.473239930942479,3.574940165609111,6.887619682206465
EURUSD,2021-03-31,1.17162,1.17598,1.1702,1.17266,44,14,0.37213430975913,-0.1211997063894606,0.0887659821443753,0.4272482159666732,5.0,1.0,2.0,7.0,1.0473305105142634,3.2496786652940934,0.1883899727761226,1.0473305105142634,3.2496786652940934
EURUSD,2021-04-01,1.1726,1.178,1.1711,1.1774,54,15,0.4605150946614232,-0.1279208596281815,0.4093467508101582,0.4151331849014952,3.0,0.0,1.0,13.0,2.286862008352686,12.076512817092878,0.6992607720528708,2.286862008352686,12.359042220727494
EURUSD,2021-04-02,1.17737,1.17867,1.1747,1.1761,13,27,0.1104155872835284,-0.2267766292669212,-0.1078675352692954,0.4028513026865308,5.0,3.0,0.0,1.0,2.1076498280163563,-8.114634373479902,-1.0274945024593845,2.1076498280163563,-7.747510518432385
EURUSD,2021-04-05,1.1754,1.18195,1.1736,1.18123,66,18,0.5572571039646126,-0.1531393568147034,0.4960013612387274,0.3992723080154877,5.0,0.0,1.0,2.0,2.989286940245351,5.9332100188184995,0.9813076928577164,2.989286940245351,6.027191033408057
EURUSD,2021-04-06,1.18134,1.18776,1.1794,1.187,64,19,0.5434506577276542,-0.164220292210545,0.4791169350060099,0.4010434166467338,3.0,0.0,0.0,7.0,2.300109733880688,3.718824918435288,0.5312607026336126,2.300109733880688,4.194678696580115
EURUSD,2021-04-07,1.18706,1.19148,1.1859,1.1868,44,12,0.3723484912304425,-0.097720418512969,-0.0219028524253135,0.3969177616186193,5.0,0.0,1.0,6.0,1.695281391246611,3.44632628993335,0.5481711768210732,1.7158636193085763,3.8673966711601695
EURUSD,2021-04-08,1.1868,1.19275,1.1859,1.19142,59,9,0.50134816312773,-0.0758341759352985,0.3892821031344663,0.3926325508068905,3.0,0.0,1.0,7.0,7.805037784138274,7.641936177442429,0.9031345268586801,7.805037784138274,7.742735333225877
EURUSD,2021-04-09,1.1915,1.19201,1.1866,1.19008,5,49,0.0428031892572396,-0.4112463281577763,-0.1191775073436824,0.3886800903430956,3.0,0.0,0.0,7.0,0.993439078517766,2.1811626910327853,0.3115946701475408,0.993439078517766,2.1633702905867627
EURUSD,2021-04-12,1.18963,1.19192,1.1869,1.19107,23,27,0.1924968267444605,-0.2294831165992703,0.1210460395249033,0.3873090997427488,5.0,0.0,1.0,2.0,0.5191820278876434,0.7451941239289057,0.18407307531273664,0.9617140181610784,2.3782010601298116
EURUSD,2021-04-13,1.19118,1.19559,1.18766,1.19493,44,35,0.3702211252707421,-0.2955052972682523,0.3148138820329541,0.3889094147958905,4.0,3.0,1.0,5.0,2.9205194174585203,17.519870738708544,0.678231034055737,3.7361228894093608,20.47149698088382
EURUSD,2021-04-14,1.19488,1.19874,1.1947,1.19781,39,2,0.3230449919657183,-0.0150642742367306,0.2452129084092209,0.3639177035341098,3.0,0.0,1.0,3.0,0.7790982032715409,-1.1399319089762379,-0.27538367311433315,0.7538551560499664,-1.1146888617546635
EURUSD,2021-04-15,1.19789,1.19933,1.1954,1.19654,14,25,0.1202113716618477,-0.2078654968319195,-0.1126981609329706,0.3395132831898538,4.0,2.0,2.0,8.0,3.6040933835806968,2.840161827810199,0.12824375443642289,3.6040933835806968,2.7708521021964545
EURUSD,2021-04-16,1.19655,1.19948,1.1949,1.19823,29,16,0.244870669842472,-0.1378964523003576,0.1404036605239984,0.3393253187909469,6.0,0.0,1.0,8.0,2.2568059612846727,4.929614067695436,0.5039521812905166,2.2568059612846727,4.815587321152935
EURUSD,2021-04-19,1.19752,1.2048,1.1941,1.2037,73,34,0.607923040951314,-0.2855902197875592,0.516066537510862,0.3441187283855631,3.0,0.0,0.0,1.0,0.1297458255390251,-0.1297458255390251,-0.1297458255390251,0.1870030609584394,-0.1870030609584394
EURUSD,2021-04-20,1.20367,1.20798,1.2021,1.2033,43,16,0.3580715644653465,-0.1304344213945742,-0.0307393222394827,0.2941528805457702,3.0,0.0,0.0,1.0,0.2307752547863581,0.2307752547863581,0.2307752547863581,0.2307752547863581,0.2307752547863581
EURUSD,2021-04-21,1.20339,1.20437,1.1997,1.20348,10,37,0.0814366082483634,-0.3066337596290455,0.0074788721860864,0.2797454510645273,2.0,0.0,1.0,1.0,0.2864765169085767,0.7815991501970078,0.2670189167763961,0.2864765169085767,0.7815991501970078
EURUSD,2021-04-22,1.20354,1.20697,1.1992,1.20156,34,43,0.2849926051481499,-0.3606028881466349,-0.1645146816890251,0.2643779017176891,6.0,0.0,2.0,5.0,6.739967774124513,11.94539101403137,1.863743189583539,6.739967774124513,10.733697164823635
EURUSD,2021-04-23,1.20162,1.21,1.2011,1.20965,84,5,0.6973918543299924,-0.0432749122018486,0.6682645095787338,0.2916330741095725,3.0,3.0,4.0,2.0,2.049067052637508,7.872917688393979,0.5826901789228657,2.049067052637508,8.121283567052359
EURUSD,2021-04-26,1.20941,1.2117,1.2059,1.20848,23,35,0.189348525313988,-0.2902241588874016,-0.0768969993633339,0.2855061779120726,3.0,0.0,1.0,3.0,5.181772339060545,8.354231384130294,2.0543125804128803,5.181772339060545,8.354231384130294
EURUSD,2021-04-27,1.20846,1.2093,1.2055,1.20894,8,30,0.0695099548185253,-0.2449398407891095,0.0397199741820013,0.2559965705179404,5.0,0.0,1.0,3.0,1.946187420690157,3.7928044310412297,0.4616542525877681,1.946187420690157,3.7928044310412297
EURUSD,2021-04-28,1.20887,1.21347,1.2054,1.21241,46,35,0.3805206515175461,-0.2870449262534319,0.2928354579069792,0.2569017514800051,3.0,0.0,2.0,3.0,0.7871948015517451,-0.7386674121622165,-0.06479792200534917,0.7871948015517451,-0.812220112198236
EURUSD,2021-04-29,1.21248,1.215,1.21,1.2121,25,25,0.2078384798099826,-0.2045394563209321,-0.0313407231459526,0.2545680943500401,0.0,1.0,3.0,9.0,1.952281288421249,7.4303754959014725,0.4354017498126798,1.952281288421249,7.4303754959014725
EURUSD,2021-04-30,1.21217,1.21266,1.2015,1.2019,5,107,0.0404233729592467,-0.8802395703572896,-0.8472408985538333,0.3352366310837443,5.0,0.0,1.0,18.0,3.802710001064444,-1.3559874993962011,0.08931129067686243,3.802710001064444,-1.5796360188150564
EURUSD,2021-05-03,1.20257,1.20762,1.2011,1.2063,50,15,0.4199339747374372,-0.1222382065077176,0.3101690546080487,0.3265930285908748,0.0,0.0,1.0,10.0,2.130199571567395,-3.8284347696027368,-0.15438501800321294,2.130199571567395,-4.39090687812781
EURUSD,2021-05-04,1.20626,1.20637,1.1997,1.201,1,66,0.0091190953857238,-0.5438296884585513,-0.4360585611725533,0.3355531007220957,3.0,0.0,0.0,4.0,0.6021090859119186,-0.24372541358016975,-0.06093135339504244,0.6021090859119186,-0.3765727177590955
EURUSD,2021-05-05,1.2011,1.20267,1.1984,1.2006,16,27,0.1307135126134251,-0.2247939388893636,-0.0416285072017456,0.3358361068682527,6.0,0.0,3.0,8.0,12.887472471617908,-22.875985420168792,-0.8897746716508469,12.887472471617908,-22.59948515848022
EURUSD,2021-05-06,1.20057,1.20719,1.1991,1.2062,66,15,0.5514047494107025,-0.1224418401259285,0.4689439183054736,0.3403977981734911,6.0,0.0,1.0,8.0,2.20398645266765,-3.3124262637904733,-0.12315997901364709,2.20398645266765,-3.037570135993904
EURUSD,2021-05-07,1.20621,1.21715,1.2051,1.21625,109,11,0.9069730809726292,-0.092023776954257,0.8323592077664792,0.3779830847883758,1.0,3.0,0.0,8.0,6.109506568204809,20.401224055751516,0.701448423125096,6.109506568204809,20.398219975406295
EURUSD,2021-05-10,1.21678,1.21782,1.21257,1.21317,10,42,0.0854714903269227,-0.3459951675734354,-0.29668469238481,0.3887750719530317,4.0,0.0,0.0,1.0,0.0580194454344242,0.0580194454344242,0.0580194454344242,0.0580194454344242,0.0580194454344242
EURUSD,2021-05-11,1.21308,1.21817,1.2121,1.2148,51,10,0.4195931018564348,-0.0807860981963251,0.1417878458139748,0.3854179086518324,0.0,0.0,0.0,6.0,1.7947184871035606,1.9252605508050584,0.32087675846750974,1.7947184871035606,1.9252605508050584
EURUSD,2021-05-12,1.21486,1.21522,1.2064,1.20693,4,85,0.029633044136766,-0.6963765372141756,-0.6527501111239149,0.4163745294651855,3.0,3.0,2.0,4.0,3.2526866647086505,17.81895619667806,0.6147688417092381,4.365771819911263,21.043807867917675
EURUSD,2021-05-13,1.20702,1.21061,1.205,1.2082,36,20,0.2974267203526025,-0.167354310616221,0.0977614289738329,0.4150661677406712,6.0,0.0,2.0,3.0,0.8948014579308792,-2.0907487859055385,-0.2525293580943644,0.8948014579308792,-1.772304705644138
EURUSD,2021-05-14,1.20823,1.21477,1.2069,1.21451,65,13,0.5412876687385673,-0.1100783791165449,0.5197685871067648,0.4280301794743389,3.0,2.0,2.0,4.0,2.6648132157037123,-1.4131879662889633,0.11315179725283453,2.6648132157037123,-1.859592145219377
EURUSD,2021-05-17,1.21404,1.2169,1.2124,1.21537,29,16,0.2355770814800241,-0.135086158610926,0.1095515798491032,0.4149794709624048,6.0,0.0,0.0,2.0,0.1477896529634235,0.2663699165524708,0.1331849582762354,0.1477896529634235,0.2663699165524708
EURUSD,2021-05-18,1.21521,1.22341,1.21486,1.2224,82,3,0.6747804906148079,-0.0288016063067165,0.5916672838439472,0.4319490172290685,1.0,0.0,0.0,7.0,5.18636852246108,2.3356085069012114,0.3336583581287445,5.18636852246108,2.226805554875649
EURUSD,2021-05-19,1.22245,1.22454,1.2158,1.21767,21,67,0.1709681377561393,-0.5439895292241028,-0.3910180375475485,0.444321810128608,5.0,0.0,1.0,3.0,5.289033609793933,-3.0721597063633355,-0.9558505966978874,5.289033609793933,-3.0721597063633355
EURUSD,2021-05-20,1.21767,1.22301,1.2167,1.22288,53,10,0.4385424622434568,-0.0796603349019141,0.4278663348854728,0.4485213771435103,1.0,0.0,2.0,5.0,0.9547366250586644,-2.104426238454617,-0.13903404647141154,0.9547366250586644,-2.213639018966907
EURUSD,2021-05-21,1.22293,1.22399,1.2159,1.2178,11,70,0.0866770788188889,-0.5748489283932925,-0.419484353151863,0.4401165781053083,4.0,2.0,5.0,3.0,2.7478925613072533,15.954327408005911,0.9748412128028937,2.7478925613072533,16.877419691238245
EURUSD,2021-05-24,1.21761,1.223,1.2171,1.2216,54,5,0.4426704774106656,-0.0418853327420118,0.3276911326286691,0.4441293524586815,4.0,0.0,0.0,0.0,0.0,0.0,0.0,0.0,0.0
EURUSD,2021-05-25,1.22158,1.22664,1.221,1.22489,51,6,0.4142176525483261,-0.047479493770365,0.2709605592756859,0.446789454574851,1.0,0.0,2.0,6.0,1.3936151666218823,2.353486153324157,0.12666791065245708,1.3936151666218823,2.353486153324157
EURUSD,2021-05-26,1.22488,1.2263,1.218,1.21927,14,69,0.1159297237280367,-0.5616876755273984,-0.4580040493762567,0.4579339421183953,3.0,0.0,1.0,0.0,0.2978892543445643,-0.5957785086891287,-0.2978892543445643,0.2978892543445643,-0.5957785086891287
EURUSD,2021-05-27,1.21929,1.22151,1.2173,1.21936,22,20,0.1820731737322631,-0.1632097368140423,0.0057410460185857,0.4577636782368436,3.0,1.0,2.0,5.0,1.1676903054655745,-3.7090542572550103,-0.23634887134225147,1.1676903054655745,-3.9933536360672788
EURUSD,2021-05-28,1.21938,1.2205,1.2131,1.2189,11,63,0.0918499565352892,-0.5150158277157114,-0.0393642670865369,0.4095664713930208,4.0,0.0,2.0,11.0,5.84883300850179,-5.807233320868537,-0.5333614810456335,5.84883300850179,-5.761088893166287
EURUSD,2021-05-31,1.21959,1.22313,1.2182,1.2226,35,14,0.2902614813175,-0.1139727285399193,0.2468042538885984,0.4078397727168638,3.0,0.0,0.0,5.0,0.8761449009167467,0.06179838382339076,0.01235967676467815,0.8761449009167467,0.06179838382339076
EURUSD,2021-06-01,1.22259,1.22544,1.22095,1.22136,29,16,0.2331116727602891,-0.1341414537989093,-0.100606090349182,0.392755001234409,3.0,1.0,1.0,12.0,1.4538793789461557,5.547885437461181,0.2976710988758461,1.4538793789461557,5.875417979160825
EURUSD,2021-06-02,1.22137,1.22265,1.2162,1.22101,13,52,0.1048003471511456,-0.4232951521652012,-0.0294750976362722,0.3925628998634681,0.0,0.0,0.0,6.0,1.2819433640151423,-2.004762633593863,-0.3341271055989772,1.2819433640151423,-1.9231363062071558
EURUSD,2021-06-03,1.22108,1.22142,1.2116,1.2126,3,95,0.0278442034919912,-0.7763619091296174,-0.6944671929767127,0.4177054448232475,5.0,1.0,3.0,11.0,3.907993258591911,7.23171369565033,0.47365893113612967,3.907993258591911,7.394053440862483
EURUSD,2021-06-04,1.2126,1.21858,1.2102,1.2164,60,24,0.4931552036945486,-0.1979218208807486,0.3133762163945263,0.379225679514753,4.0,3.0,0.0,2.0,1.2452545666581274,-5.848875748896546,-0.5203979112248929,1.0802062176926066,-5.216049481324423
EURUSD,2021-06-07,1.21624,1.22018,1.2143,1.21904,39,19,0.3239492205485804,-0.1595079918437194,0.2302177201867981,0.3759233444648637,2.0,0.0,0.0,2.0,0.1759636133881648,-0.166501990939857,-0.0832509954699285,0.1759636133881648,-0.166501990939857
EURUSD,2021-06-08,1.21905,1.21942,1.2162,1.2172,4,29,0.0303515032197187,-0.2337886058816307,-0.1517575160985937,0.3768488633647744,3.0,0.0,2.0,9.0,2.7515636670603247,2.121559006115419,0.227289496344269,2.7515636670603247,2.6682838284780894
EURUSD,2021-06-09,1.21727,1.2218,1.2169,1.2178,45,4,0.372144224370922,-0.0303958858757696,0.0435400527409629,0.3430222164164944,3.0,0.0,2.0,3.0,0.6988250937340011,-1.0721044701229885,-0.08828983028780149,1.38550615669303,-2.445466596041046
EURUSD,2021-06-10,1.21784,1.21947,1.2142,1.2173,16,36,0.1338435262431863,-0.2988898377455238,-0.0443408001051028,0.3433442244054299,0.0,3.0,3.0,5.0,1.3909872543842514,-1.8071375335977873,0.015556744658994336,1.8098549039590888,-1.8015623707262898
EURUSD,2021-06-11,1.21728,1.2193,1.2091,1.2108,20,82,0.1659437434279815,-0.6719900105152352,-0.5323343848580293,0.3462212534810702,3.0,0.0,1.0,3.0,2.1270720332393647,2.4053121638552484,0.4147768107585783,2.1270720332393647,2.4053121638552484
EURUSD,2021-06-14,1.21091,1.21305,1.2092,1.21182,21,17,0.1767265940491061,-0.1412161101981054,0.0751500937311581,0.3456566080893987,3.0,0.0,0.0,1.0,0.262166647399643,0.262166647399643,0.262166647399643,0.2293507227898111,0.2293507227898111
EURUSD,2021-06-15,1.21189,1.21473,1.2099,1.2128,28,20,0.2343447012517782,-0.1642063223559841,0.0750893232884328,0.3158431967733382,0.0,3.0,2.0,7.0,2.18450175633106,0.8085904334829371,0.019278648679127312,2.1503820209054405,0.017447842262020702
EURUSD,2021-06-16,1.21281,1.2135,1.1989,1.1994,7,139,0.0568926707398586,-1.146923260857007,-1.1056966878571188,0.3892749545081719,0.0,0.0,2.0,5.0,1.7317520738170982,-2.885851752145981,-0.36240125606566265,1.7317520738170982,-2.885851752145981
EURUSD,2021-06-17,1.19934,1.20063,1.189,1.1905,13,103,0.1075591575366462,-0.8621408441309399,-0.7370720562976454,0.3966896934840548,1.0,0.0,2.0,5.0,4.718943312941389,7.264202459372523,0.8370990791408011,4.718943312941389,7.229692741766427
EURUSD,2021-06-18,1.19058,1.1925,1.1846,1.18592,19,60,0.1612659376102338,-0.5022762015152173,-0.391405869408178,0.3956827694342199,5.0,0.0,0.0,2.0,0.4915443700780461,0.4480380582086021,0.22401902910430105,0.4915443700780461,0.44777739251985066
EURUSD,2021-06-21,1.18632,1.19214,1.1846,1.19184,58,17,0.4905927574347508,-0.1449861757367273,0.4653044709690445,0.4052297623086202,4.0,0.0,0.0,0.0,0.0,0.0,0.0,0.0,0.0
EURUSD,2021-06-22,1.19184,1.19527,1.1879,1.19389,34,39,0.287790307423819,-0.3305812860786729,0.1720029534165563,0.400681727152367,3.0,0.0,0.0,3.0,2.7856806250620565,2.8692630141574185,0.9564210047191395,2.0372360398103107,2.1208184289056726
EURUSD,2021-06-23,1.19399,1.19701,1.191,1.19273,30,30,0.2529334416535985,-0.2504208577961329,-0.1055285220144254,0.3933119118498865,3.0,4.0,5.0,2.0,2.102124267523977,5.334512456549166,0.1498147581801311,2.102124267523977,5.681980187579075
EURUSD,2021-06-24,1.19272,1.19563,1.1916,1.19303,29,11,0.2439801462204011,-0.0939030116037301,0.0259910121403206,0.393665652122669,3.0,0.0,3.0,7.0,1.3579345275761447,3.5701700587972054,0.2499494410107772,1.3579345275761447,3.889198058836355
EURUSD,2021-06-25,1.193,1.19753,1.1924,1.1933,45,6,0.3797150041911084,-0.0502933780385713,0.0251466890192763,0.3945745870213618,3.0,0.0,2.0,6.0,1.817722277028553,0.3461000441405371,0.20916834140479854,1.817722277028553,0.3461000441405371
EURUSD,2021-06-28,1.19352,1.19445,1.19,1.19246,9,35,0.0779207721697246,-0.2949259333735478,-0.0888129231181579,0.3855909590134673,2.0,0.0,0.0,1.0,0.110087094404835,-0.110087094404835,-0.110087094404835,0.110087094404835,-0.110087094404835
EURUSD,2021-06-29,1.19258,1.193,1.1876,1.18982,4,50,0.0352177631689351,-0.4175820490030006,-0.2314310151100868,0.3862148087124322,1.0,0.0,1.0,4.0,1.011067250705813,1.4405972600420498,0.08590600186724737,1.011067250705813,1.4405972600420498
EURUSD,2021-06-30,1.18972,1.1909,1.1843,1.1857,12,54,0.0991830010422585,-0.4555693776687121,-0.3378946306694125,0.3879613751807946,3.0,0.0,5.0,6.0,2.0977774117975394,-4.881199751083074,-0.3460565300128904,2.0977774117975394,-4.881199751083074
EURUSD,2021-07-01,1.18564,1.18842,1.1836,1.1848,28,20,0.2344725211700014,-0.1720589723693567,-0.0708478121520825,0.3663350080698184,3.0,1.0,2.0,14.0,1.7172553769991454,-7.327468746361256,-0.31259940682362136,1.7172553769991454,-7.548652509978991
EURUSD,2021-07-02,1.1849,1.18743,1.1806,1.1862,25,43,0.2135201282808609,-0.3628998227698515,0.109713899907153,0.3563919688911028,3.0,3.0,1.0,4.0,3.95492700187486,4.183754290448238,0.4859185258715954,3.95492700187486,4.232459703458063
EURUSD,2021-07-05,1.18666,1.18806,1.185,1.18615,14,17,0.1179781908886998,-0.1398884263394733,-0.0429777695380319,0.3470217394764226,1.0,0.0,0.0,7.0,1.3508991025287025,0.441647963105847,0.06309256615797813,1.3508991025287025,0.614726569977954
EURUSD,2021-07-06,1.18619,1.18952,1.1805,1.18207,33,57,0.2807307429669642,-0.4796870653099396,-0.3473305288360316,0.3500414280551999,2.0,1.0,2.0,3.0,1.2357302935175398,-5.653281020041693,-0.4126808644464559,1.2357302935175398,-5.0672092431006694
EURUSD,2021-07-07,1.1821,1.18364,1.178,1.1793,15,41,0.1302766263429572,-0.3468403688351233,-0.236866593350809,0.3473949170787398,6.0,0.0,1.0,4.0,0.7899954748469221,0.3356130725132672,0.053022354916897774,0.7899954748469221,0.3356130725132672
EURUSD,2021-07-08,1.17928,1.18678,1.1782,1.18444,75,11,0.6359812767112,-0.091581303846431,0.4375551183773006,0.3721238854543733,4.0,0.0,2.0,2.0,0.3620574516140421,-0.2170876257383599,-0.11403201654576622,0.3620574516140421,-0.2170876257383599
EURUSD,2021-07-09,1.18435,1.18812,1.1823,1.18746,38,21,0.3183180647612658,-0.173090724870191,0.262591294803052,0.3707008907527137,2.0,0.0,0.0,3.0,0.5450532026729805,-0.2174691539832091,-0.07248971799440303,0.5450532026729805,-0.2174691539832091
EURUSD,2021-07-12,1.18754,1.18802,1.1834,1.18598,5,41,0.0404196911261966,-0.3486198359634229,-0.1313639961601298,0.3683648351488955,0.0,0.0,1.0,1.0,0.6128545222603635,-1.3860742467834362,-0.3866098622615363,1.1759571257681949,-2.5122794537990982
EURUSD,2021-07-13,1.18615,1.18751,1.177,1.1776,14,91,0.1146566623108399,-0.7714032795177668,-0.72081945791005,0.3894020064549511,5.0,3.0,1.0,4.0,1.4381615698813264,-0.0745516463005634,-0.03167803070843389,1.5343672045685666,-0.4586252836966048
EURUSD,2021-07-14,1.17778,1.18388,1.177,1.18346,61,8,0.517923551087639,-0.0662262901390754,0.4822632410127449,0.3440672545590317,2.0,1.0,2.0,2.0,0.973614605267928,-1.7897029519130516,-0.36724698375706444,0.973614605267928,-1.8350927440355234
EURUSD,2021-07-15,1.18349,1.18506,1.1794,1.18117,16,41,0.1326584931009194,-0.345588048906195,-0.1960303847096196,0.3085507851251656,3.0,0.0,3.0,5.0,1.1732218431961288,-1.3674592312349352,-0.013101552358823237,1.1732218431961288,-1.3730556259820912
EURUSD,2021-07-16,1.1812,1.18224,1.179,1.1805,10,22,0.088046054859459,-0.1862512698950203,-0.0592617676938641,0.2977324331890996,3.0,2.0,1.0,6.0,2.9074163212844044,5.503563895438174,0.46086553040724204,2.9074163212844044,5.1034089782486936
EURUSD,2021-07-19,1.18073,1.18245,1.1762,1.17975,17,45,0.145672592379286,-0.3836609555105862,-0.0829995003091291,0.2740844324184505,2.0,0.0,0.0,1.0,0.0326677192400215,-0.0326677192400215,-0.0326677192400215,0.0326677192400215,-0.0326677192400215
EURUSD,2021-07-20,1.17957,1.18025,1.1754,1.17805,7,42,0.0576481260120225,-0.3535186551031314,-0.1288605169680448,0.2690736675153128,4.0,0.0,0.0,4.0,0.8982363971435635,-0.35876093313490753,-0.08969023328372688,0.8982363971435635,-0.43915647787663115
EURUSD,2021-07-21,1.17802,1.1805,1.175,1.17948,25,30,0.2105227415493826,-0.256362370757714,0.1239367752669748,0.2724349434403557,1.0,0.0,1.0,1.0,0.7828915718006908,-0.23525296757067704,-0.254536134842842,0.7828915718006908,-0.23525296757067704
EURUSD,2021-07-22,1.17956,1.18305,1.1756,1.17678,35,40,0.2958730374037771,-0.3357184034724781,-0.2356811014276514,0.2743435986263631,3.0,0.0,2.0,4.0,2.282730471872698,1.8996168966453533,-0.003590950881684015,2.134659529472722,2.5603057100799704
EURUSD,2021-07-23,1.17683,1.17865,1.1753,1.1768,18,15,0.1546527535837744,-0.1300102818588947,-0.0025492212129172,0.2738889866347676,5.0,2.0,6.0,0.0,1.6996392282915036,4.00849488178207,0.1271916895136025,1.6996392282915036,4.359844627822723
EURUSD,2021-07-26,1.17715,1.18173,1.1761,1.1801,46,10,0.3890753090090497,-0.0891984878732528,0.2506052754534263,0.2833332551377744,4.0,0.0,1.0,2.0,0.813927297628271,-1.6907413087230527,-0.4251321556736425,0.813927297628271,-1.6907413087230527
EURUSD,2021-07-27,1.18005,1.18412,1.1768,1.18163,41,32,0.3449006398033997,-0.2754120588110652,0.1338926316681424,0.2833339440495938,5.0,1.0,0.0,7.0,0.4805181877318872,-0.36718359897981157,-0.04976422691819661,0.4805181877318872,-0.36718359897981157
EURUSD,2021-07-28,1.18169,1.18496,1.17718,1.18434,33,45,0.2767223214210246,-0.381656779696876,0.2242550922830896,0.2800540889484403,6.0,0.0,2.0,4.0,0.4010297210503368,-1.8782118741935585,-0.18741973171679369,0.4010297210503368,-1.945291626598047
EURUSD,2021-07-29,1.18435,1.1893,1.1839,1.18857,50,5,0.4179507746865377,-0.0379955249715085,0.3563135897327555,0.2913534669671385,2.0,1.0,3.0,6.0,1.221259850752502,-3.0675822061160885,-0.2220297833054441,1.221259850752502,-3.0675822061160885
EURUSD,2021-07-30,1.18859,1.19087,1.185,1.18684,23,36,0.191823925828087,-0.3020385498784259,-0.1472332764031449,0.292380025032381,3.0,1.0,3.0,15.0,3.9579613324365104,16.961584502760296,0.83818772395103,3.9579613324365104,15.286468715896769
EURUSD,2021-08-02,1.18635,1.1897,1.1857,1.18689,33,7,0.2823787246596674,-0.0547899017996408,0.0455177645720053,0.2924132480990654,3.0,1.0,1.0,8.0,0.902323133945859,-2.3975810812925697,-0.17097417584575308,0.902323133945859,-1.966984404916867
EURUSD,2021-08-03,1.18708,1.18934,1.1852,1.1862,23,19,0.1903831249789526,-0.1583718030798162,-0.0741314822926838,0.2814405213295733,1.0,0.0,1.0,4.0,0.6339566878004793,-0.912927986112949,-0.20590898002410096,0.6339566878004793,-0.8365341095529103
EURUSD,2021-08-04,1.18624,1.18997,1.1831,1.1835,37,31,0.3144388993795531,-0.2647019152953804,-0.2309819260857807,0.2811662275248179,3.0,2.0,1.0,9.0,2.2866384659366785,3.8173808032217487,0.12586293279244334,2.2866384659366785,3.8657057893292377
EURUSD,2021-08-05,1.18357,1.18573,1.1826,1.18332,22,10,0.1824987115252954,-0.0819554398979287,-0.0211225360561761,0.2630378359286261,0.0,0.0,1.0,7.0,3.606544991563174,-4.404830907223372,-0.49762988916052764,3.606544991563174,-4.591774622133935
EURUSD,2021-08-06,1.18335,1.18354,1.1753,1.1761,2,80,0.0160561118857594,-0.6802721088435282,-0.6126674272193332,0.2874038352660559,2.0,3.0,0.0,5.0,2.2238407861297773,-4.887867742359518,0.04603670196323438,1.9691052745129485,-4.123661207509031
EURUSD,2021-08-09,1.17589,1.1769,1.17321,1.1738,10,27,0.0858923878934216,-0.2279124748063182,-0.1777377135616552,0.288269135365698,2.0,0.0,1.0,2.0,1.42992123642755,2.6576358064823506,0.4092381900182669,1.42992123642755,2.6576358064823506
EURUSD,2021-08-10,1.17382,1.1743,1.1708,1.172,5,30,0.0408921299688039,-0.2572796510538261,-0.155049326131788,0.2436629743761849,4.0,0.0,2.0,3.0,1.3295638305375606,-3.934508399965937,-0.6138126402241098,1.3295638305375606,-3.934508399965937
EURUSD,2021-08-11,1.17194,1.17541,1.1704,1.17404,35,15,0.2960902435278328,-0.1314060446780445,0.1791900609246199,0.2185620721585049,3.0,3.0,2.0,3.0,1.237970410546109,-7.937609730688338,-0.4293850232981187,1.237970410546109,-8.191497476815721
EURUSD,2021-08-12,1.17399,1.17483,1.1722,1.1731,8,18,0.0715508649988459,-0.1524714861285173,-0.0758098450583103,0.2156946912730962,6.0,1.0,3.0,3.0,1.328071872957998,-0.11702521126282991,0.1150637204245689,1.328071872957998,-0.03994403269627589
EURUSD,2021-08-13,1.17309,1.18048,1.17287,1.17936,74,2,0.6299601906077119,-0.0187538893008965,0.5344858450758252,0.250209066825133,2.0,0.0,1.0,5.0,1.930912819728761,-5.105140429007319,-0.5290379348797597,1.930912819728761,-5.236332296194428
EURUSD,2021-08-16,1.17938,1.1801,1.1766,1.1774,7,28,0.061049025759283,-0.2357170716817314,-0.1678848208380753,0.2523158907144362,0.0,0.0,0.0,1.0,0.0910269648419999,0.0910269648419999,0.0910269648419999,0.0910269648419999,0.0910269648419999
EURUSD,2021-08-17,1.1776,1.17848,1.17054,1.17097,9,71,0.0747282608695645,-0.5995244565217448,-0.5630095108695579,0.2802886615798856,3.0,2.0,1.0,6.0,2.8881494268219243,2.3615729374573924,0.39203291070524343,2.8881494268219243,1.77211292395565
EURUSD,2021-08-18,1.17095,1.17427,1.1692,1.17093,33,17,0.2835304667150595,-0.149451300226305,-0.0017080148597215,0.2780373643156267,1.0,0.0,2.0,5.0,2.886587103135056,-1.1672542440706266,-0.014569572495187135,2.886587103135056,-1.1672542440706266
EURUSD,2021-08-19,1.17094,1.17156,1.1664,1.16766,6,45,0.0529489128392439,-0.387722684339077,-0.2801168292141502,0.2798794689818595,4.0,0.0,2.0,4.0,1.5490958699578157,-3.524952592021845,-0.38900136382479716,1.5490958699578157,-3.5676881601342396
EURUSD,2021-08-20,1.16771,1.17045,1.1662,1.16949,27,15,0.2346473011278455,-0.1293129287237518,0.1524351080319508,0.2830774998104758,6.0,0.0,0.0,1.0,0.3085804919829455,0.3085804919829455,0.3085804919829455,0.3085804919829455,0.3085804919829455
EURUSD,2021-08-23,1.1695,1.17503,1.16912,1.1746,55,4,0.4728516460025682,-0.0324925181701622,0.4360837964942372,0.2955698955846981,3.0,2.0,6.0,2.0,1.7067746654028395,-12.73038797493032,-0.6136892741966361,1.5695995690009037,-12.524179845930433
EURUSD,2021-08-24,1.17457,1.17652,1.1725,1.1755,20,21,0.1660182024059969,-0.1762347071694147,0.0791779119167097,0.2942989519851799,4.0,0.0,0.0,3.0,0.2445870997953708,-0.1910394236424061,-0.06367980788080203,0.2445870997953708,-0.1910394236424061
EURUSD,2021-08-25,1.17558,1.17745,1.1724,1.17686,19,32,0.1590704163051462,-0.2705047721124858,0.1088824239949597,0.290259096959222,2.0,0.0,3.0,2.0,0.6207014998173774,-1.6764201275043162,-0.20821680575032028,0.6207014998173774,-1.6764201275043162
EURUSD,2021-08-26,1.17696,1.1779,1.1744,1.1754,9,26,0.0798667754214196,-0.2175095160413179,-0.132544861337684,0.2761896243756774,5.0,1.0,1.0,5.0,2.9505227162685013,-2.8300878548620236,-0.43636842900957457,2.9505227162685013,-2.8792564886857366
EURUSD,2021-08-27,1.17552,1.18023,1.1733,1.17924,47,22,0.4006737443854628,-0.1888525928950497,0.3164556962025459,0.2872969617346768,3.0,1.0,1.0,6.0,1.6761946837656672,-0.8450507814651547,0.09693988914943286,1.6761946837656672,-0.8115203289003172
EURUSD,2021-08-30,1.17949,1.18099,1.1781,1.17977,15,14,0.1271736089326791,-0.1178475442776117,0.0237390736674374,0.2870287257312389,3.0,0.0,1.0,2.0,0.8333902644024892,-0.6262226587735276,-0.20099423903434133,0.8333902644024892,-0.6262226587735276
EURUSD,2021-08-31,1.17983,1.18451,1.1793,1.1808,47,5,0.3966673164777991,-0.0449217260113676,0.0822152343981876,0.2879803556569543,5.0,0.0,2.0,10.0,2.034369903574184,-2.3282442949085818,0.0043039621787387405,2.034369903574184,-2.3282442949085818
EURUSD,2021-09-01,1.18088,1.18573,1.1792,1.18372,49,17,0.4107106564595912,-0.1422667840932104,0.2404986112052178,0.2895503453220817,5.0,2.0,2.0,11.0,1.8016826772289865,-4.06512829175602,-0.28370513116126805,1.8016826772289865,-5.103946019807529
EURUSD,2021-09-02,1.18383,1.18761,1.1832,1.18725,38,6,0.3193026025696355,-0.0532171004282632,0.2888928308963262,0.2966679191399374,3.0,0.0,2.0,9.0,0.8246339830090121,-0.4434953161094604,-0.011292490896434757,0.8246339830090121,-0.03188585086367217
EURUSD,2021-09-03,1.18732,1.1909,1.1864,1.18832,36,9,0.3015193882020128,-0.0774854293703493,0.0842232927938645,0.2575668820618508,3.0,4.0,0.0,8.0,1.1867024982506595,-10.202132635731672,-0.5360739148735303,1.5373530587951956,-9.949510210567801
EURUSD,2021-09-06,1.18774,1.18864,1.1854,1.18703,9,23,0.0757741593277906,-0.1970128142522781,-0.059777392358596,0.2534280236842708,1.0,0.0,0.0,2.0,0.0739633148216549,-0.0927307080867007,-0.04636535404335035,0.0739633148216549,-0.0927307080867007
EURUSD,2021-09-07,1.18696,1.18854,1.1836,1.1845,16,34,0.1331131630383429,-0.2830760935499115,-0.2072521399204612,0.2559562551582585,1.0,0.0,2.0,3.0,1.1124515641130026,0.0967855708507158,0.18365118687308363,1.1124515641130026,0.0967855708507158
EURUSD,2021-09-08,1.18443,1.18512,1.18,1.18154,7,44,0.0582558699120975,-0.3740195705951517,-0.2439992232550728,0.2622940381777726,3.0,0.0,2.0,5.0,1.6649548383058912,0.024644693043781807,-0.19876158072185077,1.6649548383058912,-0.05545448512918605
EURUSD,2021-09-09,1.1816,1.18414,1.1803,1.18243,25,13,0.2149627623561261,-0.110020311442119,0.0702437373053578,0.2612020236692021,2.0,0.0,4.0,3.0,1.401382856851401,-3.935370864242497,-0.2259806342371608,1.401382856851401,-4.670567353255621
EURUSD,2021-09-10,1.18243,1.18512,1.1808,1.18115,27,16,0.2274976108522161,-0.1378517121520952,-0.1082516512605541,0.2351490140127368,3.0,1.0,1.0,4.0,0.3899636295046505,-1.8867412006737818,-0.14876758798056253,0.3899636295046505,-1.982930168295857
EURUSD,2021-09-13,1.18134,1.18171,1.1768,1.1811,4,45,0.0313203650092252,-0.384309343626728,-0.0203159124384189,0.2316984113523185,3.0,0.0,0.0,3.0,0.4005186199945582,0.022159485976938342,0.007386495325646114,0.4005186199945582,0.022159485976938342
EURUSD,2021-09-14,1.18085,1.1846,1.1798,1.18031,38,10,0.3175678536647451,-0.0889189990261248,-0.0457297709277202,0.1888996502612366,4.0,3.0,0.0,1.0,1.237970410546109,-6.081899425981874,-0.47233488533927204,1.237970410546109,-6.089134112733102
EURUSD,2021-09-15,1.1804,1.1832,1.1797,1.18149,28,7,0.2372077261945218,-0.059301931548621,0.0923415791257231,0.1889994083948858,0.0,0.0,3.0,4.0,5.068004419728184,3.2747140165958344,0.5269156711462445,4.767224009742631,2.9689395491333572
EURUSD,2021-09-16,1.18154,1.18207,1.1749,1.17666,5,66,0.0448567124261488,-0.5619784349239111,-0.4130202955464898,0.2028209248081565,0.0,2.0,2.0,5.0,1.0374086409442786,5.195036954291772,0.21730672526108136,1.0374086409442786,4.769034371918567
EURUSD,2021-09-17,1.17671,1.17889,1.17211,1.1724,22,46,0.1852622991221346,-0.39092044768889,-0.3662754629432752,0.2197685348903075,3.0,0.0,1.0,5.0,6.711157365096441,6.698185126810489,1.0730094713610856,6.711157365096441,6.666992487037869
EURUSD,2021-09-20,1.17255,1.17365,1.1698,1.17273,11,28,0.0938126305914546,-0.2345315764786175,0.0153511577331515,0.1957943273641137,3.0,0.0,0.0,2.0,0.2819280850444417,0.29310829537464134,0.14655414768732067,0.2819280850444417,0.29310829537464134
EURUSD,2021-09-21,1.17248,1.17487,1.1713,1.17255,24,12,0.2038414301310141,-0.100641375545848,0.0059702510917042,0.1947255661234425,0.0,0.0,0.0,3.0,1.3134978085188054,1.7285135988705478,0.5761711996235159,1.3134978085188054,1.9078934455321455
EURUSD,2021-09-22,1.17249,1.17557,1.1683,1.1693,31,42,0.262688807580446,-0.3573591245980894,-0.2720705507083238,0.2006739485932213,6.0,0.0,2.0,1.0,0.3526637628424595,-0.7310291580306463,-0.17405510011094058,0.3526637628424595,-0.7310291580306463
EURUSD,2021-09-23,1.1693,1.17502,1.1682,1.1738,57,11,0.4891815616180576,-0.0940733772342513,0.3848456341400794,0.2195543907686727,1.0,2.0,7.0,3.0,1.8044022186059028,-15.415332316619102,-0.4312632951448557,1.8044022186059028,-17.40387808186401
EURUSD,2021-09-24,1.17384,1.17476,1.1699,1.1718,9,39,0.0783752470524119,-0.3356505145505396,-0.1737885912901282,0.2086867081584122,1.0,0.0,1.0,2.0,0.5371318463525626,-1.2460164159625293,-0.29067224777428996,0.5371318463525626,-1.2460164159625293
EURUSD,2021-09-27,1.17165,1.17252,1.1683,1.16961,9,34,0.0742542568173026,-0.2859215636068951,-0.174113429778521,0.2106303546905042,2.0,0.0,2.0,2.0,0.6487709736286295,-0.780140487376137,-0.09541123463959425,0.6487709736286295,-0.780140487376137
EURUSD,2021-09-28,1.16954,1.17033,1.1666,1.16812,8,29,0.0675479248251507,-0.2513808847923066,-0.1214152572806382,0.209278067922975,0.0,0.0,1.0,6.0,2.136432966812992,0.315508199545258,0.16946167549376825,2.136432966812992,0.2744426131161952
EURUSD,2021-09-29,1.16827,1.16902,1.1587,1.1596,8,96,0.0641974885942486,-0.8191599544625692,-0.7421229681494822,0.2488069654221927,2.0,0.0,2.0,4.0,2.0591757678642235,5.118888650607169,0.6564688363347615,2.0591757678642235,5.118888650607169
EURUSD,2021-09-30,1.15966,1.16098,1.1561,1.158,13,36,0.1138264663780753,-0.3069865305348126,-0.1431454046875804,0.2313818465334166,4.0,0.0,3.0,9.0,0.8779004874396206,-0.8541651454004086,-0.08105282787679689,0.8779004874396206,-0.7243768113769381
EURUSD,2021-10-01,1.15802,1.16074,1.1561,1.1594,27,19,0.2348836807654492,-0.1658002452462085,0.1191689262706979,0.2331456548874921,5.0,2.0,2.0,15.0,2.3694153135509466,1.950766762942687,0.005173573178648557,2.3694153135509466,1.8531891853138163
EURUSD,2021-10-04,1.15937,1.16402,1.1586,1.1618,47,8,0.4010798968405291,-0.0664153807671353,0.2095965912521397,0.2443305017173681,2.0,0.0,1.0,2.0,0.1350421603308945,0.2313297843036394,0.0320958746575816,0.1350421603308945,0.2313297843036394
EURUSD,2021-10-05,1.1617,1.1622,1.1579,1.1596,5,38,0.0430403718688082,-0.3271068262029806,-0.1807695618490135,0.2438281256738647,0.0,1.0,0.0,10.0,1.0552146990094062,-1.7725555807369548,-0.16810294573974466,1.0552146990094062,-1.5837778491809915
EURUSD,2021-10-06,1.15948,1.16006,1.1527,1.1554,6,68,0.0500224238451741,-0.5847448856383903,-0.3518818780832859,0.2482102220889518,3.0,1.0,1.0,2.0,0.4782884010317616,0.8966256684847526,0.057812915836210794,0.7837143588905626,1.2991441006671178
EURUSD,2021-10-07,1.15533,1.15721,1.1546,1.15544,19,7,0.162724070179092,-0.0631854102291031,0.0095210892126106,0.246243107066898,4.0,0.0,1.0,7.0,4.838564466566869,2.6058499242481146,0.5063294995986252,4.838564466566869,2.6058499242481146
EURUSD,2021-10-08,1.15547,1.15861,1.1539,1.1567,31,16,0.271750889248524,-0.1358754446242716,0.1064501891005447,0.2511294980084307,2.0,3.0,0.0,3.0,2.008598865260415,-6.881033595593305,-0.43495499551320477,1.773590217544053,-6.17600765244422
EURUSD,2021-10-11,1.15693,1.15868,1.1547,1.1554,17,22,0.1512623927117386,-0.1927515061412492,-0.1322465490565575,0.2504344686039939,1.0,0.0,0.0,1.0,0.323791436152154,-0.323791436152154,-0.323791436152154,0.323791436152154,-0.323791436152154
EURUSD,2021-10-12,1.15539,1.15703,1.1523,1.153,16,31,0.1419434130466843,-0.2674421623867106,-0.206856559257038,0.2508945189020019,6.0,0.0,4.0,2.0,1.3245842754167252,-3.571326498141339,-0.33227672998913954,1.5438889215776146,-1.4895532860538578
EURUSD,2021-10-13,1.15302,1.15985,1.1527,1.15974,68,3,0.5923574612756166,-0.0277532046278361,0.5828172971847895,0.2928654706267142,3.0,3.0,1.0,3.0,6.310300919405802,10.198097671143536,1.0257346117141937,6.310300919405802,11.192712252580348
EURUSD,2021-10-14,1.15974,1.16245,1.1582,1.1598,27,15,0.2336730646524212,-0.1327883836032297,0.005173573387134,0.2835345079967901,3.0,1.0,3.0,1.0,1.5188385975269147,-4.394708027151698,-0.42113359552142426,1.5188385975269147,-4.49042653580362
EURUSD,2021-10-15,1.15973,1.1619,1.1586,1.16,22,11,0.1871125175687449,-0.0974364722823289,0.0232812809878154,0.2754693389470619,3.0,2.0,2.0,6.0,1.102884282984487,0.01640564540053316,0.05685637181482735,1.102884282984487,-0.49962298987926446
EURUSD,2021-10-18,1.15987,1.16224,1.157,1.16089,24,29,0.2043332442428878,-0.24744152361902,0.0879408899273212,0.2768754476090407,4.0,0.0,1.0,2.0,3.9028927552850927,-9.297036482152006,-1.798047908955638,3.856901633769915,-9.205054239121651
EURUSD,2021-10-19,1.16092,1.16694,1.1607,1.16286,60,2,0.5185542500775365,-0.0189504875443516,0.1671088447093729,0.2808501882441727,4.0,0.0,0.0,3.0,3.2224337400402363,1.5703991311185697,0.5234663770395233,3.2224337400402363,1.5703991311185697
EURUSD,2021-10-20,1.16296,1.16586,1.1615,1.1648,29,15,0.2493636926463423,-0.1255417211254056,0.1582169636101038,0.2786190988023252,2.0,0.0,1.0,5.0,0.3403509638382189,0.1879713942824137,0.04785673388366765,0.3403509638382189,0.11434809225951367
EURUSD,2021-10-21,1.16484,1.16674,1.1618,1.1625,19,30,0.1631125304762896,-0.2609800487620749,-0.2008859585865877,0.2643996511832545,4.0,0.0,2.0,4.0,1.867860512984261,-0.7792758714062495,-0.06865772670334236,1.867860512984261,-0.2642613981381339
EURUSD,2021-10-22,1.16256,1.16558,1.1619,1.1647,30,7,0.2597715386732747,-0.0567712634186712,0.1840765207817257,0.267522390724135,1.0,2.0,6.0,1.0,1.5253700407582365,-5.262330768050193,-0.1789626022078291,1.5253700407582365,-5.886929887587433
EURUSD,2021-10-25,1.16368,1.16652,1.1589,1.16099,28,48,0.244053347999446,-0.410765846280765,-0.2311632063797677,0.2694371418871,2.0,0.0,1.0,1.0,0.5814434738045957,-1.2388168435252132,-0.3286866848603087,0.5814434738045957,-1.2388168435252132
EURUSD,2021-10-26,1.16105,1.16258,1.1583,1.1592,15,27,0.131777270574052,-0.2368545712932094,-0.1593385297790713,0.2702254630899197,3.0,0.0,2.0,3.0,2.06994857259866,6.409629028079122,0.7476910065421493,2.06994857259866,6.409629028079122
EURUSD,2021-10-27,1.15923,1.16262,1.1583,1.16017,34,9,0.2924354959757774,-0.0802256670375917,0.0810883086186469,0.2135633994523257,6.0,0.0,3.0,6.0,2.101106885680481,4.503921824500752,0.3097287374837037,2.101106885680481,4.376180720463302
EURUSD,2021-10-28,1.16008,1.16922,1.158,1.1681,91,21,0.7878766981587413,-0.1792979794497001,0.6913316323012134,0.2594036023808422,0.0,1.0,4.0,6.0,1.5344616328575948,-2.577089841552608,-0.020711497448877444,1.5344616328575948,-2.577089841552608
EURUSD,2021-10-29,1.16808,1.16902,1.1533,1.1561,9,148,0.0804739401410811,-1.265324292856655,-1.0256146839257672,0.3525002732333091,5.0,1.0,3.0,13.0,2.9376241407929458,2.3527582918348853,0.176641915139434,2.9376241407929458,2.3527582918348853
EURUSD,2021-11-01,1.15631,1.16092,1.1544,1.1604,46,19,0.3986820143387157,-0.1651806176544228,0.3537113749773113,0.3586260379566869,2.0,1.0,0.0,4.0,2.575021391015236,-5.080500216710861,-0.9622888718932463,2.575021391015236,-4.9503502566425865
EURUSD,2021-11-02,1.16032,1.16134,1.1573,1.15783,10,30,0.0879067843353575,-0.2602730281301729,-0.2145959735245538,0.3595924579741554,5.0,0.0,0.0,7.0,0.975994088608618,-1.5579236182910885,-0.22256051689872694,1.0391541797456114,-1.8217244596831643
EURUSD,2021-11-03,1.15781,1.16164,1.156,1.1613,38,18,0.330796935593923,-0.1563296223041854,0.3014311501887177,0.3559436698366829,0.0,3.0,2.0,5.0,1.5132777795915269,4.20923904544852,0.16301351784616364,1.5132777795915269,4.014813682127109
EURUSD,2021-11-04,1.16122,1.16164,1.1526,1.15526,4,86,0.036168856891897,-0.7423227295430539,-0.5132533025610966,0.3760803573458639,3.0,0.0,1.0,14.0,1.3606535676467146,-3.3640173884260403,-0.18189044162885865,1.3606535676467146,-3.785530332806265
EURUSD,2021-11-05,1.15539,1.15732,1.1512,1.1566,19,42,0.1670431629146857,-0.3626481101619294,0.1047265425527445,0.3760555837310539,4.0,3.0,0.0,5.0,1.0385154857866743,-5.618042035798247,-0.31922862004144237,0.8924147177328398,-4.9866255867976435
EURUSD,2021-11-08,1.15573,1.1595,1.1549,1.15863,38,8,0.3262007562319963,-0.071816081610747,0.2509236586400046,0.3785629796557034,3.0,0.0,0.0,1.0,0.0373179349089248,-0.0373179349089248,-0.0373179349089248,0.0373179349089248,-0.0373179349089248
EURUSD,2021-11-09,1.1584,1.16089,1.1568,1.15924,25,16,0.2149516574585532,-0.1381215469613299,0.0725138121546919,0.3748093722153722,0.0,1.0,4.0,3.0,0.6210036314786483,-0.9949138128666418,-0.10054829316640751,1.1958201778605708,-2.2242698092971747
EURUSD,2021-11-10,1.15921,1.15953,1.1474,1.14781,3,118,0.0276050068581081,-1.0187972843574586,-0.983428369320492,0.4159104259488448,2.0,3.0,3.0,6.0,2.9205194174585203,8.902724443018244,0.11436386075298148,2.9205194174585203,9.151560832572196
EURUSD,2021-11-11,1.1478,1.14877,1.1441,1.14499,10,37,0.0845094964279611,-0.3223558111169225,-0.2448161700644693,0.4181578394524809,3.0,0.0,0.0,1.0,0.3626010716789567,-0.3626010716789567,-0.3626010716789567,0.3626010716789567,-0.3626010716789567
EURUSD,2021-11-12,1.14495,1.14622,1.1431,1.14447,13,18,0.1109218743176649,-0.1615791082579944,-0.0419232280885465,0.4177707303429226,0.0,0.0,2.0,3.0,0.9195379996401912,-2.2249256388289638,-0.18441300097390262,0.9195379996401912,-2.2556398812005547
EURUSD,2021-11-15,1.14452,1.1464,1.1355,1.13672,19,90,0.1642610002446531,-0.7881033096844117,-0.6815084052703342,0.438527838360885,1.0,0.0,1.0,1.0,0.2203017329813696,0.3542854725798526,0.06699186979924145,0.2203017329813696,0.2410754565191798
EURUSD,2021-11-16,1.13674,1.1386,1.1307,1.13199,19,60,0.1636258071326752,-0.5313440188609572,-0.4178616042366796,0.4395224042680766,3.0,2.0,1.0,7.0,2.22812974609066,6.785101827409713,0.47292037437181395,2.22812974609066,6.4593744633277
EURUSD,2021-11-17,1.13196,1.13323,1.1262,1.1318,13,58,0.1121947772005974,-0.5088519028940941,-0.0141347750804056,0.435329929093173,5.0,0.0,1.0,7.0,2.00910839982185,-3.05825424944201,-0.32920096320219594,2.00910839982185,-3.05825424944201
EURUSD,2021-11-18,1.13192,1.13741,1.1312,1.1371,55,7,0.4850166089476283,-0.0636087355996937,0.4576295144533149,0.4545196840491585,0.0,0.0,2.0,3.0,3.651815085119925,4.664210783507435,0.9404369158654438,3.2311348055383013,4.243530503925811
EURUSD,2021-11-19,1.1372,1.1373,1.1248,1.12794,1,124,0.0087935279634179,-1.0903974674639436,-0.8142806894125963,0.4758272954625316,1.0,0.0,0.0,2.0,0.3929399747042458,0.3192084944391945,0.15960424721959726,0.3929399747042458,0.2989717082370349
EURUSD,2021-11-22,1.12901,1.1293,1.1229,1.1234,3,61,0.0256862206711987,-0.5411820975899292,-0.4968955102257831,0.4818429545112912,3.0,0.0,0.0,2.0,2.7434951170485853,-2.3773916538341804,-1.1886958269170902,1.9389978119117128,-1.572894348697308
EURUSD,2021-11-23,1.12346,1.12751,1.1225,1.12477,41,10,0.3604934755131566,-0.0854503053068066,0.1166040624499443,0.4859382777054661,1.0,2.0,5.0,2.0,0.7611879673722703,4.937492259506776,0.2922904434498817,1.088329922602734,5.569717877752738
EURUSD,2021-11-24,1.12477,1.12553,1.1185,1.11977,8,63,0.0675693697378016,-0.5574473003369576,-0.4445353272224646,0.4869429215646979,3.0,2.0,6.0,9.0,3.7806871845549455,-3.825035407250702,-0.11494019895747125,3.7806871845549455,-3.230577933474945
EURUSD,2021-11-25,1.11972,1.123,1.11951,1.12065,33,2,0.2929303754510011,-0.0187546886721719,0.0830564784053044,0.4472160972779292,6.0,0.0,0.0,2.0,3.883131258166775,-3.9823647537154105,-1.9911823768577053,3.883131258166775,-3.9823647537154105
EURUSD,2021-11-26,1.12056,1.13308,1.12039,1.13155,125,2,1.1172984936103454,-0.0151709859356039,0.98075962018991,0.4780369197532036,3.0,0.0,0.0,3.0,0.1834120951547066,0.1784048683183111,0.05946828943943703,0.1834120951547066,0.1784048683183111
EURUSD,2021-11-29,1.13018,1.13156,1.1257,1.12906,14,45,0.1221044435399615,-0.3963970341007662,-0.0990992585251915,0.4656153873776233,5.0,0.0,1.0,2.0,1.0701223817195262,0.09810088827359542,-0.16602281908594105,1.0701223817195262,0.09810088827359542
EURUSD,2021-11-30,1.12902,1.1383,1.1234,1.13368,93,56,0.8219517811907829,-0.4977768330056118,0.4127473383996837,0.4805048869764516,3.0,0.0,2.0,10.0,0.9110239188888524,-3.586468574092622,-0.19573564915261163,0.9110239188888524,-3.586468574092622
EURUSD,2021-12-01,1.1335,1.13598,1.1301,1.1319,25,34,0.2187913542126191,-0.299955888839863,-0.14115571239524,0.4712153885640409,3.0,2.0,1.0,10.0,2.0824514930728086,0.6717418242245047,0.04859925549471776,2.0824514930728086,0.5389444296271867
EURUSD,2021-12-02,1.13187,1.13477,1.1294,1.13005,29,25,0.2562131693569159,-0.2182229407970855,-0.1607958511136378,0.4622673386145905,3.0,0.0,2.0,7.0,7.2232601161718115,-12.94040947760551,-0.8818233098114886,7.2232601161718115,-13.189837563862513
EURUSD,2021-12-03,1.12998,1.13335,1.1265,1.13131,34,35,0.2982353669976544,-0.3079700525672956,0.1177011982513012,0.4625833041501552,3.0,4.0,0.0,10.0,2.2846700246363367,-5.9467948874625005,-0.08834090972456436,2.0243595297432884,-5.003584061908318
EURUSD,2021-12-06,1.1302,1.13151,1.1264,1.1285,13,38,0.1159086887276519,-0.3362236772252721,-0.1504158556007817,0.4550926545943756,3.0,0.0,0.0,3.0,0.9281331151761496,-1.4060886698475883,-0.4686962232825294,0.9281331151761496,-1.4060886698475883
EURUSD,2021-12-07,1.12832,1.12985,1.1225,1.12672,15,58,0.1355998298355104,-0.5158111174134941,-0.1418037436188356,0.4527765955541933,6.0,0.0,2.0,8.0,1.4587012378669002,1.0080966706902226,0.13174952743656115,1.4587012378669002,2.023985500495214
EURUSD,2021-12-08,1.12672,1.13548,1.1263,1.1341,88,4,0.7774779892076205,-0.0372763419482981,0.6549985799488928,0.4388560757261932,1.0,1.0,2.0,3.0,0.9394289834421528,1.8640686142119176,-0.03246720292208629,0.9394289834421528,2.454550223758627
EURUSD,2021-12-09,1.13412,1.1346,1.1277,1.12923,5,64,0.042323563644062,-0.566077663739295,-0.4311713046238547,0.4451150520067645,4.0,0.0,2.0,3.0,2.697412489195749,-6.338503173965224,-0.6289759082199861,2.697412489195749,-6.596665689184428
EURUSD,2021-12-10,1.12922,1.13241,1.1263,1.1314,32,29,0.2824958821133195,-0.2585855723419539,0.1930536122279158,0.4487206019267727,2.0,3.0,1.0,3.0,1.927939243428146,-2.0496966821880434,-0.2752383913739362,1.927939243428146,-1.4482801335446416
EURUSD,2021-12-13,1.1311,1.13193,1.1258,1.12837,8,53,0.0733798956767844,-0.4685704181770031,-0.2413579701175757,0.4262921021818296,2.0,0.0,0.0,2.0,1.0844488642767411,-1.2666316164941982,-0.6333158082470991,1.0844488642767411,-1.2666316164941982
EURUSD,2021-12-14,1.12827,1.1324,1.1252,1.12579,41,31,0.3660471341079676,-0.2720979907291808,-0.2198055429994626,0.4189682678791667,4.0,1.0,1.0,2.0,2.024307163920108,2.577044748278994,0.5837005291695685,1.893237594672512,2.370643225752813
EURUSD,2021-12-15,1.12583,1.12993,1.122,1.12892,41,38,0.364175763658811,-0.3401934572715241,0.2744641730989416,0.4240097289265987,5.0,2.0,1.0,5.0,3.448361691902704,-4.571071274274443,-0.47016989837503614,3.448361691902704,-5.002829471663057
EURUSD,2021-12-16,1.12885,1.13605,1.1279,1.13302,72,10,0.6378172476414135,-0.0841564423971304,0.369402489258981,0.419404413499377,0.0,4.0,8.0,8.0,1.8272020018544377,-5.453139362442318,-0.04375900201234705,1.8272020018544377,-6.653548093848517
EURUSD,2021-12-17,1.13291,1.1349,1.12335,1.1237,20,96,0.1756538471723205,-0.8438446125464523,-0.8129507198277146,0.4192697502760094,5.0,0.0,1.0,3.0,0.962573778646443,-2.2094026656719024,-0.31170722175636484,0.962573778646443,-2.2094026656719024
EURUSD,2021-12-20,1.12395,1.1304,1.1233,1.12801,65,7,0.5738689443480641,-0.0578317540815907,0.3612260331865254,0.4102944500403521,3.0,0.0,0.0,2.0,0.1350858813894724,0.050841406451664795,0.025420703225832397,0.1114294060035808,-0.0215802022750803
EURUSD,2021-12-21,1.12781,1.13028,1.1259,1.12801,25,19,0.2190085209388081,-0.1693547672037026,0.0177334834768248,0.4098681545997324,5.0,0.0,0.0,3.0,4.159459715025523,-5.22840085524748,-1.7428002850824933,4.159459715025523,-5.210341365170878
EURUSD,2021-12-22,1.1284,1.13424,1.1262,1.13258,58,22,0.5175469691598586,-0.1949663239985802,0.3704360155972926,0.4004966007069764,3.0,0.0,3.0,2.0,0.6329713441416742,3.139100344987556,0.37886273318706515,0.6329713441416742,3.700290131598659
EURUSD,2021-12-23,1.13253,1.13422,1.1288,1.13284,17,37,0.1492234201301483,-0.3293510988671391,0.0273723433374862,0.4006081420096196,3.0,1.0,2.0,9.0,1.1792422410318713,1.796202231734666,0.08610384816820821,1.1792422410318713,1.796202231734666
EURUSD,2021-12-24,1.13265,1.13435,1.13016,1.13181,17,25,0.1500904957400816,-0.2198384319957516,-0.0741623626009757,0.338956515568893,3.0,0.0,0.0,0.0,0.0,0.0,0.0,0.0,0.0
EURUSD,2021-12-27,1.13156,1.13347,1.1301,1.1327,19,15,0.1687935239845945,-0.1290254162395096,0.1007458729541642,0.3383199785470526,2.0,0.0,0.0,0.0,0.0,0.0,0.0,0.0,0.0
EURUSD,2021-12-28,1.13254,1.13333,1.1288,1.13085,8,37,0.0697547106503828,-0.330231161813276,-0.1492221025306118,0.327706420139204,5.0,0.0,0.0,3.0,0.2133691562398117,0.157494759979809,0.052498253326602996,0.2133691562398117,0.157494759979809
EURUSD,2021-12-29,1.13086,1.13691,1.1272,1.13459,61,37,0.5349910687441515,-0.323647489521249,0.3298374688290337,0.3340261841747827,2.0,0.0,0.0,6.0,1.0495226714332084,-1.471944077392424,-0.24532401289873731,1.2650134399510304,-1.687434845910246
EURUSD,2021-12-30,1.13457,1.136,1.1297,1.1325,14,49,0.1260389398626634,-0.4292375084834035,-0.1824479758851385,0.33468345974409,5.0,0.0,0.0,4.0,0.652049930542398,-0.5174401716868268,-0.1293600429217067,0.652049930542398,-0.5174401716868268
EURUSD,2021-12-31,1.13205,1.13865,1.1301,1.13659,66,19,0.583013117795145,-0.1722538757121943,0.40104235678636,0.3448489135686328,0.0,0.0,0.0,0.0,0.0,0.0,0.0,0.0,0.0
EURUSD,2022-01-03,1.13707,1.1379,1.1278,1.12965,8,93,0.0729946265401326,-0.8152532385869041,-0.6525543722022376,0.3759260570451731,3.0,0.0,0.0,7.0,1.2048207914321003,-1.9134859081686149,-0.27335512973837356,1.2048207914321003,-1.7768191566620577
EURUSD,2022-01-04,1.12955,1.13226,1.1271,1.1286,27,25,0.2399185516356062,-0.2169005356115323,-0.0841042893187558,0.3749218992603367,4.0,2.0,1.0,5.0,1.9421176886442195,-9.690148163808475,-0.6271370501217002,1.9421176886442195,-9.690148163808475
EURUSD,2022-01-05,1.12858,1.13465,1.1275,1.13116,61,11,0.537844016374561,-0.0956954757305614,0.2286058586896832,0.3475990645482164,2.0,1.0,0.0,9.0,1.2455971258242662,-1.1719118815799603,-0.17645998804897936,1.2455971258242662,-1.1828217001020445
EURUSD,2022-01-06,1.1313,1.1332,1.1283,1.12925,19,30,0.1679483779722454,-0.2651816494298499,-0.1812074604437271,0.3359061767630057,6.0,1.0,1.0,8.0,3.0656975886938755,-0.1432210423541519,0.33795766335019456,3.0656975886938755,-0.8634276936897073
EURUSD,2022-01-07,1.12946,1.13649,1.1288,1.13593,70,7,0.6224213340888648,-0.058435004338346,0.5728401182866324,0.3572261563460176,2.0,3.0,0.0,8.0,1.857417039887884,-6.260458436910213,-0.22061862307495772,1.6362641656254229,-5.08889004808903
EURUSD,2022-01-10,1.13524,1.13603,1.1283,1.1325,8,69,0.0695888094147553,-0.6113244776434892,-0.2413586554384944,0.3572261830178352,5.0,0.0,0.0,4.0,0.4589422009802187,-0.3246057869633685,-0.08115144674084213,0.5788609102292254,-0.634494315670897
EURUSD,2022-01-11,1.13231,1.13754,1.1311,1.1366,52,12,0.4618876456094239,-0.1068611952557103,0.3788715104520959,0.3608918450796735,6.0,0.0,0.0,3.0,1.1339424639712354,-1.8805371799144244,-0.6268457266381414,1.1339424639712354,-1.8805371799144244
EURUSD,2022-01-12,1.13661,1.14528,1.1353,1.14408,87,13,0.7627946261250718,-0.1152550127132369,0.6572175152427031,0.3827553028981001,3.0,3.0,2.0,3.0,1.4830639401517245,0.916488945612123,0.20621414205945204,1.4830639401517245,2.605983442593942
EURUSD,2022-01-13,1.14403,1.14817,1.1433,1.14547,41,7,0.3618786220640901,-0.0638095154847442,0.1258708250657662,0.3766161012940976,1.0,1.0,3.0,3.0,2.193155545282925,2.220368614456083,0.17664597141066335,2.193155545282925,3.1277543629567783
EURUSD,2022-01-14,1.14538,1.1483,1.1397,1.14091,29,57,0.2549372260734458,-0.4959052890743796,-0.390263493338453,0.334583600114016,3.0,2.0,2.0,7.0,6.420018016665516,-31.527494869064373,-1.0732859487142035,6.420018016665516,-32.643656172878245
EURUSD,2022-01-17,1.14128,1.14345,1.139,1.1406,22,23,0.1901373895976452,-0.1997756904528301,-0.0595822234683875,0.3292105466631059,0.0,0.0,0.0,0.0,0.0,0.0,0.0,0.0,0.0
EURUSD,2022-01-18,1.14047,1.14215,1.1313,1.1323,17,92,0.1473076889352551,-0.8040544687716574,-0.7163713205958956,0.3722559063862496,4.0,0.0,3.0,2.0,0.746305234773019,2.268456580551649,0.23367153281840417,0.746305234773019,2.268456580551649
EURUSD,2022-01-19,1.13241,1.13571,1.1317,1.13424,33,7,0.2914138871963406,-0.0626981393664828,0.1616022465361484,0.3648551012485346,2.0,0.0,0.0,5.0,1.9674163079682032,3.248059732210859,0.6496119464421718,1.9674163079682032,3.240931338309786
EURUSD,2022-01-20,1.13415,1.13691,1.13,1.13114,28,42,0.2433540536966094,-0.3659127981307674,-0.2653969933430284,0.3700686630326504,4.0,0.0,4.0,5.0,3.6005444863909166,7.837389011485756,0.5588985395410702,3.6005444863909166,7.837389011485756
EURUSD,2022-01-21,1.13096,1.13599,1.1298,1.13403,50,12,0.4447548984933234,-0.1025677300700334,0.2714508028577605,0.3745637672538296,3.0,0.0,0.0,2.0,0.842840955698052,-0.7436400661833801,-0.37182003309169004,0.5721674253822675,-0.5143721563661118
EURUSD,2022-01-24,1.13409,1.1345,1.1289,1.1327,4,52,0.0361523335890468,-0.4576356373832789,-0.1225652285092014,0.3752097838010614,2.0,2.0,3.0,3.0,2.322166276147412,-1.1879663249655361,-0.26281155887305224,2.336758272365321,-1.3108667488575803
EURUSD,2022-01-25,1.13246,1.1329,1.1261,1.13012,4,64,0.0388534694382137,-0.5616092400614522,-0.2066298147395942,0.3766613290828529,0.0,0.0,2.0,4.0,0.512446895810562,-0.04105308587145318,-0.05646804256588825,0.512446895810562,-0.04105308587145318
EURUSD,2022-01-26,1.12988,1.13107,1.1234,1.12408,12,65,0.1053209190356519,-0.5735122313874076,-0.5133288490813208,0.3850402922997566,0.0,0.0,1.0,4.0,1.124253668944312,2.6742086762951063,0.3989918427356559,1.124253668944312,2.610697238692557
EURUSD,2022-01-27,1.1241,1.12434,1.113,1.11424,2,111,0.0213504136642465,-0.9874566319722542,-0.8771461613735612,0.427476348669817,3.0,2.0,5.0,3.0,1.4308307049613225,-4.14381615210944,-0.2765450603158469,1.4308307049613225,-4.14381615210944
EURUSD,2022-01-28,1.11432,1.11736,1.112,1.11456,30,23,0.2728121186014728,-0.2081987220905913,0.0215377988369604,0.4133937166937064,6.0,1.0,1.0,12.0,2.7221720702192944,-5.022247566801536,-0.229001048063102,2.7221720702192944,-5.022247566801536
EURUSD,2022-01-31,1.11415,1.12479,1.1137,1.12334,106,5,0.9549881075259152,-0.0403895346228121,0.8248440515190981,0.4396169135311441,4.0,0.0,1.0,4.0,0.6206942153111192,-1.275325083417978,-0.30475029834458134,0.6206942153111192,-1.275325083417978
EURUSD,2022-02-01,1.12346,1.12788,1.1219,1.12704,44,16,0.3934274473501585,-0.138856746123583,0.3186584302066953,0.4457445333144423,4.0,2.0,0.0,14.0,3.191167886483362,-3.189733328838838,-0.16395083447665187,3.191167886483362,-4.0458279630689695
EURUSD,2022-02-02,1.1271,1.13302,1.1264,1.13022,59,7,0.5252417709165048,-0.062106290479986,0.2768166089965408,0.4471774473225656,6.0,1.0,2.0,4.0,1.1838161222286567,-1.1864991005899865,0.05542073644651668,1.1838161222286567,-1.1864991005899865
EURUSD,2022-02-03,1.13011,1.14515,1.1266,1.144,150,35,1.3308439001513075,-0.3105892346762618,1.2290838944881437,0.5217729615956155,3.0,2.0,1.0,14.0,2.646664623852587,-9.67474801852985,-0.39093096943000333,2.646664623852587,-9.569010806785466
EURUSD,2022-02-04,1.1437,1.14839,1.1409,1.1448,47,28,0.4100725714785418,-0.244819445658819,0.096179067937405,0.5084222322245598,2.0,3.0,0.0,4.0,1.1481500280306625,1.1765110325134147,-0.033070366006437535,1.1891151980243235,1.064648492250423
EURUSD,2022-02-07,1.14628,1.14652,1.1412,1.14412,2,51,0.0209372928080414,-0.443172697770176,-0.188435635272354,0.5069700120903653,2.0,0.0,0.0,2.0,0.0315901908030375,-0.0569219078594066,-0.0284609539297033,0.0315901908030375,-0.0569219078594066
EURUSD,2022-02-08,1.14421,1.14488,1.1394,1.14153,7,48,0.0585556847082221,-0.4203773782784612,-0.2342227388329079,0.5046394891981351,3.0,0.0,0.0,6.0,0.8824361876118507,-1.0846547922768812,-0.18077579871281355,0.8824361876118507,-1.0301958653377907
EURUSD,2022-02-09,1.14145,1.14479,1.1401,1.1423,33,14,0.292610276402812,-0.1182706207017551,0.0744666871085038,0.4822667340062279,3.0,0.0,2.0,4.0,0.5431123022406299,-1.3402732737986631,-0.16567377969380612,0.7819493416506519,-0.15718538673224103
EURUSD,2022-02-10,1.14211,1.14949,1.1373,1.1427,74,48,0.6461724352295263,-0.4211503270262918,0.051658771922152,0.4814618949621189,0.0,3.0,2.0,2.0,0.9914163211758552,-0.26146597379437275,-0.024930705196654777,1.6680639003113762,1.5594415755240634
EURUSD,2022-02-11,1.14276,1.14304,1.1328,1.13457,3,100,0.0245020826770326,-0.87157408379712,-0.7166859183030487,0.5001172200642177,2.0,0.0,1.0,4.0,3.155902390858988,3.3580009175754078,0.8962020209171427,3.155902390858988,3.3580009175754078
EURUSD,2022-02-14,1.13369,1.13691,1.1278,1.13052,32,59,0.2840282616941139,-0.5195423793100559,-0.2796178849597436,0.503242709424783,5.0,0.0,0.0,0.0,0.0,0.0,0.0,0.0,0.0
EURUSD,2022-02-15,1.13047,1.13684,1.12955,1.1358,64,9,0.5634824453545858,-0.0813820800198175,0.4714853114191296,0.4890753672865466,3.0,1.0,4.0,3.0,2.0327717999323958,5.888988915969961,0.15684628764540884,2.0479115273971464,6.089091135857998
EURUSD,2022-02-16,1.13569,1.13959,1.1342,1.13721,39,15,0.3434035696360815,-0.1311977740404504,0.1338393399607257,0.4886906191426861,3.0,2.0,2.0,7.0,6.79625304973943,25.123731731493198,1.588845604925921,6.79625304973943,24.77979668390852
EURUSD,2022-02-17,1.13719,1.13863,1.1321,1.13592,14,51,0.1266279161793638,-0.4475945092728407,-0.111678787185948,0.4851901998347029,2.0,0.0,2.0,5.0,1.5989602275747634,2.6811573191918927,0.1789273690216137,1.5989602275747634,2.6811573191918927
EURUSD,2022-02-18,1.13592,1.13771,1.1312,1.13203,18,47,0.1575815198253361,-0.4155222198746441,-0.3424536939221027,0.4882531344614759,3.0,0.0,1.0,4.0,1.8094126030077968,2.78712262358538,0.19554200411551673,1.8094126030077968,2.814865523373847
EURUSD,2022-02-21,1.13178,1.13907,1.1305,1.13102,73,13,0.6441181148279718,-0.1130961847708872,-0.0671508597077253,0.487706058059162,3.0,2.0,1.0,4.0,1.99989276922628,10.444414775690069,0.8654983965522446,2.754746871742503,11.258491159361125
EURUSD,2022-02-22,1.1309,1.13669,1.1286,1.1323,58,23,0.5119816075691893,-0.2033778406578803,0.1237952073569783,0.4860007862985144,2.0,0.0,4.0,4.0,2.1883017680284027,9.363585384182766,0.5432951985056643,2.197479470514806,9.261820729444267
EURUSD,2022-02-23,1.13238,1.13593,1.1299,1.13044,36,25,0.3134990021017824,-0.2190077535809567,-0.1713205814302666,0.4722710966055062,0.0,0.0,0.0,3.0,0.1666166210497734,-0.2058577212268047,-0.0686192404089349,0.1666166210497734,-0.2058577212268047
EURUSD,2022-02-24,1.13027,1.1311,1.1104,1.11914,8,199,0.0734337813088807,-1.757987029647788,-0.9847204650216392,0.4836422479701981,6.0,1.0,2.0,3.0,0.912655016231927,-1.4067911296299302,-0.17020074465704274,0.912655016231927,-1.4695905312790665
EURUSD,2022-02-25,1.11916,1.12743,1.1164,1.12657,83,28,0.7389470674434397,-0.246613531577243,0.662103720647641,0.5040879768064707,6.0,1.0,3.0,12.0,7.066959003988459,11.598678709870894,0.7001229007527032,7.066959003988459,11.598678709870894
EURUSD,2022-02-28,1.1125,1.12465,1.11227,1.12175,121,2,1.0921348314606636,-0.0206741573033665,0.8314606741573016,0.5046194036653624,0.0,0.0,1.0,3.0,1.2685111654656382,-2.8387728688796456,-0.3925654258535019,1.2685111654656382,-2.944283904285315
EURUSD,2022-03-01,1.12176,1.12331,1.1088,1.11239,15,130,0.1381757238624964,-1.155327342747119,-0.8352945371559067,0.5381819455192994,3.0,1.0,0.0,11.0,1.0628822865153196,-1.3234350249806692,-0.2180201764372318,1.0628822865153196,-1.5493183123278647
EURUSD,2022-03-02,1.11234,1.1144,1.1055,1.11186,21,68,0.1851951741373995,-0.6149198985921731,-0.0431522735854177,0.5342919468217259,1.0,1.0,4.0,3.0,2.492577020099516,-0.7295246065295065,-0.0719539229726104,2.492577020099516,-0.7295246065295065
EURUSD,2022-03-03,1.11186,1.11224,1.1032,1.10659,4,87,0.034176964725759,-0.7788750382242469,-0.4739805371179921,0.4554739727279549,0.0,1.0,1.0,15.0,3.219192659260456,-5.949353465436406,-0.15286788140752458,3.219192659260456,-7.119096425339011
EURUSD,2022-03-04,1.1066,1.1068,1.0884,1.09241,2,182,0.0180733779143301,-1.6446773902042289,-1.282306163021862,0.5234255244214072,1.0,3.0,0.0,3.0,4.33459680083591,-2.391067506412406,0.3893978806233768,4.33459680083591,-1.4907844612997132
EURUSD,2022-03-07,1.09236,1.09325,1.0804,1.08549,9,120,0.0814749716210825,-1.094877146728182,-0.6289135449851635,0.5334522933630109,5.0,0.0,0.0,3.0,0.6912082833999453,0.3317242646273066,0.11057475487576886,0.6912082833999453,0.3317242646273066
EURUSD,2022-03-08,1.08537,1.09583,1.0847,1.08993,105,7,0.9637266554262728,-0.0617301012557882,0.4201332264573482,0.5504657393697693,6.0,0.0,0.0,9.0,1.0142075051192847,-2.241359031363926,-0.24903989237376953,1.0142075051192847,-2.566080848605206
EURUSD,2022-03-09,1.08995,1.10953,1.0888,1.1075,196,11,1.7964126794807038,-0.105509427037936,1.6101656039267815,0.6771833285889256,1.0,1.0,2.0,2.0,0.5701965852321653,-2.05292108428683,-0.2507636395497294,0.5701965852321653,-2.005962850049754
EURUSD,2022-03-10,1.10738,1.11212,1.0974,1.09849,47,100,0.4280373494193471,-0.9012263179757716,-0.8027957882569727,0.6950492093312278,1.0,4.0,2.0,1.0,0.8432998152218578,-0.14062735002965004,0.03634754391184554,0.8432998152218578,0.3906328732460146
EURUSD,2022-03-11,1.0984,1.10435,1.09,1.09099,59,84,0.5416970138383012,-0.7647487254187876,-0.6746176256373032,0.693223559561501,3.0,1.0,0.0,4.0,0.8580032914789681,-1.3147717634475367,-0.00950696162770237,0.8580032914789681,-1.3147717634475367
EURUSD,2022-03-14,1.09172,1.0994,1.0899,1.0942,77,18,0.7034770820356785,-0.1667094126699092,0.2271644744073606,0.6964233652269867,3.0,0.0,0.0,2.0,1.4175500884505026,1.2124514199190197,0.6062257099595099,1.4175500884505026,1.2124514199190197
EURUSD,2022-03-15,1.09427,1.10199,1.0924,1.0949,77,19,0.7054931598234392,-0.1708901824960967,0.0575726283275524,0.6846946492745115,5.0,1.0,4.0,2.0,2.0443292321262403,-9.524454751448676,-0.6777305217198398,2.0443292321262403,-9.614437832839409
EURUSD,2022-03-16,1.09486,1.10468,1.09476,1.10309,98,1,0.8969183274574066,-0.0091335878559805,0.7516942805472809,0.7101038221714867,4.0,3.0,1.0,5.0,3.9826049556101073,13.13551469984482,0.7054602500187652,3.9826049556101073,12.696538727472642
EURUSD,2022-03-17,1.10311,1.11375,1.1006,1.10888,106,25,0.964545693539174,-0.2275385047728705,0.523066602605366,0.722996918496135,2.0,0.0,3.0,6.0,0.8718359637655705,-1.1595233333959367,0.00505469017388845,0.8718359637655705,-1.1633127163323982
EURUSD,2022-03-18,1.10906,1.11186,1.1001,1.105,28,90,0.2524660523326182,-0.8078913674643263,-0.3660757758822744,0.7235103758326975,2.0,0.0,1.0,3.0,1.587538014714113,-3.2291196734757883,-0.41039541469041885,1.587538014714113,-3.4925676318659438
EURUSD,2022-03-21,1.10504,1.10703,1.1009,1.1018,20,41,0.1800839788604879,-0.374647071599221,-0.2932020560341826,0.725454189273255,3.0,0.0,0.0,1.0,0.0565736325874029,-0.0565736325874029,-0.0565736325874029,0.0565736325874029,-0.0565736325874029
EURUSD,2022-03-22,1.10183,1.10458,1.0959,1.1028,27,59,0.2495847816813671,-0.538195547407494,0.0880353593566988,0.7250019261700661,3.0,0.0,0.0,2.0,4.929080873791287,4.840252711732008,2.420126355866004,4.929080873791287,4.8100383753330425
EURUSD,2022-03-23,1.10285,1.10437,1.0962,1.1005,15,67,0.1378247268440826,-0.6029831799428793,-0.2130842816339551,0.7253714411334896,3.0,0.0,1.0,2.0,7.658317998924711,-8.35355883515958,-2.723955382608415,5.47342790233129,-6.168668738566159
EURUSD,2022-03-24,1.10063,1.10139,1.0964,1.09964,8,42,0.0690513614929716,-0.3843253409410934,-0.0899484840500482,0.6929402492856356,3.0,2.0,6.0,5.0,1.8253976279504165,-5.245779767068872,-0.24534339990571372,1.8253976279504165,-5.370845292765478
EURUSD,2022-03-25,1.09961,1.10379,1.09788,1.0982,42,17,0.3801347750566176,-0.15732850737989,-0.1282272805812889,0.6738711317868014,3.0,0.0,2.0,5.0,3.921670676926243,-9.213260969443658,-0.6908561279976964,3.921670676926243,-9.213260969443658
EURUSD,2022-03-28,1.09836,1.09995,1.0943,1.09841,16,41,0.144761280454494,-0.3696420117265698,0.0045522415237358,0.6404400698613937,6.0,0.0,0.0,2.0,0.532155786481691,0.688313916412254,0.344156958206127,0.532155786481691,0.6666671684562442
EURUSD,2022-03-29,1.09843,1.11372,1.0968,1.10861,153,16,1.3919867447174628,-0.1483936163433282,0.9267773094325608,0.6560554963857443,5.0,1.0,1.0,4.0,1.1218785164679643,-0.9354787612063407,-0.19426175709086593,1.1218785164679643,-0.9354787612063407
EURUSD,2022-03-30,1.1086,1.11711,1.10842,1.1157,85,2,0.7676348547717858,-0.0162366949305492,0.6404474111491867,0.672355554214372,1.0,1.0,2.0,4.0,1.211101658655915,2.373331128136183,0.3811842231845352,1.211101658655915,2.7259271088249974
EURUSD,2022-03-31,1.11563,1.11849,1.1059,1.1066,29,97,0.256357394476671,-0.8721529539363225,-0.8094081371063768,0.6891634990344053,3.0,1.0,2.0,11.0,1.4696415769621998,4.608830389874422,0.24148585458879462,1.4696415769621998,4.253391582508774
EURUSD,2022-04-01,1.10658,1.10761,1.1026,1.1047,10,40,0.0930795785212173,-0.3596667208877689,-0.1698928229319057,0.6220084877552012,1.0,4.0,1.0,11.0,2.507158655194765,-8.333819393110893,-0.501195112368199,2.507158655194765,-8.707991844579897
EURUSD,2022-04-04,1.1038,1.10544,1.0959,1.09723,16,79,0.1485776408769782,-0.7157093676390467,-0.5952165247327383,0.6201049624031078,1.0,0.0,1.0,3.0,0.4248801856442977,-0.2566780391403085,-0.10957394946448536,0.4248801856442977,-0.2566780391403085
EURUSD,2022-04-05,1.09725,1.09887,1.0898,1.0906,16,74,0.147641831852354,-0.6789701526543592,-0.6060606060606101,0.630698486045424,3.0,1.0,0.0,8.0,1.908941508829136,1.2251765688328207,0.0013832847778277374,1.908941508829136,1.920611779950061
EURUSD,2022-04-06,1.0906,1.09381,1.0873,1.08961,32,33,0.2943333944617582,-0.3025857326242509,-0.0907757197872773,0.504847368550206,3.0,0.0,0.0,3.0,0.5650636239817255,-0.5768379432693989,-0.19227931442313295,0.461819237909998,-0.4735935571976714
EURUSD,2022-04-07,1.08971,1.09385,1.0863,1.0878,41,34,0.3799175927540384,-0.3129272925824222,-0.1752759908599404,0.4763212022313773,3.0,0.0,1.0,5.0,1.4077387492015383,0.037831411142224436,0.06257922227283348,1.4077387492015383,0.38699843253649635
EURUSD,2022-04-08,1.08787,1.08918,1.0835,1.0875,13,44,0.1204188000404593,-0.4017024092952269,-0.0340114168053151,0.4530518415032507,2.0,0.0,0.0,3.0,0.5405549763319627,0.9691469344693322,0.32304897815644407,0.5405549763319627,0.9691469344693322
EURUSD,2022-04-11,1.09083,1.09333,1.0871,1.08823,25,37,0.2291832824546397,-0.3419414574223308,-0.2383506137528245,0.4517716895116474,1.0,0.0,0.0,0.0,0.0,0.0,0.0,0.0,0.0
EURUSD,2022-04-12,1.08828,1.09038,1.0819,1.0827,21,64,0.1929650457602814,-0.5862461866431278,-0.5127356930201712,0.4630880415917151,5.0,3.0,3.0,6.0,1.5637445662602412,0.7899712832129431,0.05527118496325937,3.975050448360889,6.2307065080440704
EURUSD,2022-04-13,1.08273,1.08942,1.0807,1.08889,67,20,0.6178825746030945,-0.1874890323534007,0.5689322361068727,0.447576391853183,0.0,1.0,2.0,3.0,1.7089922033569476,10.114542266995086,1.0443931550956125,2.6110227008984235,12.068809885244601
EURUSD,2022-04-14,1.08888,1.09233,1.0756,1.0827,34,133,0.316839321137311,-1.2196017926677118,-0.5675556535155457,0.4367305909988823,2.0,3.0,2.0,4.0,1.7080622553152334,7.155080802835072,0.445106277828398,1.7080622553152334,6.754696643479846
EURUSD,2022-04-15,1.08256,1.0829,1.0795,1.0805,3,31,0.03140703517588,-0.2826633165829204,-0.1902896837126765,0.4335514447454026,2.0,0.0,1.0,3.0,1.158829905953329,2.226692469431086,0.4297253308655601,1.158829905953329,2.2187141715335166
EURUSD,2022-04-18,1.08069,1.08216,1.0768,1.0778,15,39,0.1360242067568019,-0.3599552137985869,-0.2674217398143628,0.4330607783320851,3.0,0.0,0.0,1.0,0.1915738277819547,-0.1915738277819547,-0.1915738277819547,0.1915738277819547,-0.1915738277819547
EURUSD,2022-04-19,1.07755,1.08145,1.076,1.0788,39,15,0.3619321609206082,-0.1438448331863895,0.1160038977309612,0.4338225185810824,6.0,0.0,0.0,2.0,0.0682855211485708,0.033304218663509494,0.016652109331754747,0.0682855211485708,0.033304218663509494
EURUSD,2022-04-20,1.0789,1.08671,1.0782,1.08506,78,7,0.7238854388729349,-0.0648808972101142,0.5709518954490632,0.4597668029463835,3.0,0.0,1.0,5.0,1.2106349607308833,0.7296535519938284,0.20211074565468368,1.2106349607308833,0.555738059945618
EURUSD,2022-04-21,1.085,1.09364,1.0822,1.08346,86,28,0.7963133640552978,-0.2580645161290243,-0.1419354838709562,0.4599587900285042,1.0,0.0,2.0,6.0,1.4035837456731586,-0.5461876913563672,-0.038237653089914614,1.4035837456731586,-0.7328698481580902
EURUSD,2022-04-22,1.08346,1.08516,1.0769,1.0794,17,66,0.156904731139111,-0.6054676683957064,-0.3747254167205226,0.4644592978356859,0.0,2.0,3.0,4.0,1.3418776453332804,-1.3906730489835892,-0.007889948038873686,1.3418776453332804,-1.3141469803855548
EURUSD,2022-04-25,1.08058,1.08153,1.0695,1.07121,10,111,0.0879157489496387,-1.025375261433693,-0.867126913324335,0.4943361068730614,0.0,0.0,1.0,1.0,4.792312914247465,5.970922424750026,2.690808834749373,4.792312914247465,5.970922424750026
EURUSD,2022-04-26,1.07118,1.07387,1.0634,1.06374,27,78,0.251124927649889,-0.7263018353591478,-0.6945611381840693,0.4399891149179696,0.0,0.0,3.0,4.0,1.2500818957774615,1.7619709340358418,0.06148826433697455,1.2500818957774615,1.7619709340358418
EURUSD,2022-04-27,1.06379,1.06549,1.0513,1.05541,17,125,0.1598059767435334,-1.1741039114863,-0.7877494618298775,0.4073424309973183,0.0,0.0,0.0,5.0,1.0707858317696417,-1.7299108854999363,-0.34598217709998724,1.2896951970543709,-1.9488202507846655
EURUSD,2022-04-28,1.0554,1.05649,1.0469,1.04983,11,85,0.1032783778662152,-0.8053818457456844,-0.527761985976867,0.3931854918932643,5.0,1.0,2.0,4.0,0.8596849135608984,-3.3431917767001047,-0.2064759189879035,0.8596849135608984,-3.3431917767001047
EURUSD,2022-04-29,1.04978,1.0593,1.0489,1.0541,95,9,0.906856674731846,-0.0838270875802541,0.4115147935758065,0.4221267923666054,1.0,1.0,3.0,17.0,2.18884985937465,-1.067436185714504,-0.03958503100946506,2.18884985937465,-1.067436185714504
EURUSD,2022-05-02,1.05464,1.05684,1.0489,1.05037,22,57,0.2086019874080235,-0.544261548964583,-0.40487749374194,0.4160408446247967,4.0,1.0,0.0,10.0,1.3907230096163126,-5.5087142212764295,-0.31782472995389727,1.307467094451473,-4.911679296126036
EURUSD,2022-05-03,1.05048,1.05778,1.0491,1.05214,73,14,0.6949204173330156,-0.1313685172492726,0.1580229990099758,0.4158058645462207,6.0,1.0,0.0,6.0,4.634552255110592,8.81974578837393,1.1341358371524317,4.634552255110592,8.424060807890495
EURUSD,2022-05-04,1.05208,1.0631,1.0504,1.06237,110,17,1.047448863204322,-0.1596836742452954,0.978062504752503,0.4925279349851731,0.0,2.0,2.0,11.0,3.5658977753004995,6.588901390936578,0.15943988419721475,3.5658977753004995,5.86544728680001
EURUSD,2022-05-05,1.06247,1.06418,1.0491,1.05399,17,134,0.1609457208203411,-1.2583884721451055,-0.7981401827816356,0.5135188547739475,3.0,0.0,1.0,8.0,2.770417391587164,3.6691106614885736,0.2255152373978235,2.770417391587164,3.6691106614885736
EURUSD,2022-05-06,1.05397,1.05988,1.0481,1.0551,59,59,0.5607370228754006,-0.5569418484397128,0.1072136778086523,0.5165964269066808,3.0,3.0,0.0,3.0,5.134367634867806,-7.8280941883091355,-1.099701396361305,5.134367634867806,-7.705010730223863
EURUSD,2022-05-09,1.05404,1.05924,1.0494,1.05564,52,46,0.4933399111988037,-0.4402109976850951,0.1517968957534651,0.5213482395353369,2.0,0.0,0.0,3.0,0.7787851875662753,-0.7512727544812532,-0.2504242514937511,0.7787851875662753,-0.7512727544812532
EURUSD,2022-05-10,1.05568,1.05854,1.0524,1.05292,29,33,0.2709154289178619,-0.310700212185506,-0.2614428614731617,0.515230126454111,3.0,0.0,0.0,5.0,1.3955830855944298,-1.5239038605929611,-0.3047807721185922,1.3955830855944298,-1.5239038605929611
EURUSD,2022-05-11,1.0529,1.05771,1.05,1.05132,48,29,0.456833507455597,-0.2754297654098113,-0.1500617342577561,0.4874170370924155,0.0,3.0,0.0,5.0,1.3610857319567844,2.612172514142117,0.27539886869997987,1.3610857319567844,3.026578187314679
EURUSD,2022-05-12,1.0514,1.05292,1.0352,1.03775,15,162,0.1445691459007217,-1.540802739204869,-1.298268974700394,0.5425058437238143,4.0,1.0,2.0,2.0,0.4882540871505411,-1.7076036624553323,-0.08234947371294914,0.7046901648851958,-1.476899827245796
EURUSD,2022-05-13,1.03788,1.04196,1.0348,1.0412,41,31,0.3931090299456665,-0.2967587775079943,0.3198828380930348,0.5554952547320401,4.0,0.0,1.0,4.0,1.5320127876030127,-5.086417440392967,-0.7573868839373941,1.4647886376725752,-5.01919329046253
EURUSD,2022-05-16,1.03968,1.0443,1.0387,1.04347,46,10,0.444367497691604,-0.0942597722376097,0.3645352416128001,0.5685615695277545,6.0,0.0,1.0,2.0,0.3408966911331181,-0.4758952728827824,-0.1549143877021615,0.3408966911331181,-0.5766774331459396
EURUSD,2022-05-17,1.0435,1.05558,1.0427,1.05492,121,8,1.1576425491135474,-0.076665069477732,1.0943938667944404,0.6318088995222448,0.0,2.0,0.0,8.0,3.687833796308776,2.79997944327574,0.34220273174307597,3.687833796308776,2.395275470767398
EURUSD,2022-05-18,1.055,1.05637,1.0458,1.04615,14,92,0.1298578199052221,-0.8720379146919314,-0.8388625592417085,0.630774109246843,6.0,0.0,0.0,6.0,1.1330785888707031,0.009763003805423776,0.0016271673009039627,1.1330785888707031,0.009763003805423776
EURUSD,2022-05-19,1.04617,1.06073,1.0458,1.05812,146,4,1.391743215729748,-0.0353671009491747,1.1422617738990704,0.6965700807147166,3.0,0.0,3.0,4.0,1.7739956863499162,0.03625212174938966,-0.1406036596886485,1.6634355685177002,0.04711101295498013
EURUSD,2022-05-20,1.05835,1.05993,1.0531,1.056,16,52,0.1492889875750117,-0.49605518023338,-0.2220437473425476,0.6943931505962374,6.0,0.0,0.0,2.0,0.3352504666266586,0.24994194530187958,0.12497097265093979,0.27504149188805,0.189732970563271
EURUSD,2022-05-23,1.05583,1.06973,1.05571,1.0689,139,1,1.316499815311179,-0.0113654660314747,1.2378886752602136,0.7315196653242604,4.0,0.0,1.0,1.0,0.6376747742673796,0.9560075121105632,0.1591663689215918,0.6376747742673796,0.9560075121105632
EURUSD,2022-05-24,1.06871,1.07487,1.0659,1.0732,62,28,0.576395841715708,-0.2629338174060296,0.4201326833284878,0.7182323685597719,2.0,2.0,3.0,5.0,1.863448049459545,-8.890780057007246,-0.6260930618978795,1.863448049459545,-9.207729128602438
EURUSD,2022-05-25,1.07328,1.0739,1.064,1.06785,6,93,0.0577668455575492,-0.8646392367322557,-0.5059257602862297,0.7034439908570889,4.0,0.0,2.0,3.0,0.6659396252507461,-1.0685369333084629,-0.07143199611045162,0.6659396252507461,-1.0685369333084629
EURUSD,2022-05-26,1.068,1.07315,1.0661,1.073,51,19,0.4822097378277142,-0.1779026217228476,0.4681647940074806,0.6941718627428887,3.0,1.0,2.0,2.0,0.4475022172724651,-2.0138486537252387,-0.22863900892725503,0.5403116777093204,-3.389826491412949
EURUSD,2022-05-27,1.07292,1.07652,1.0695,1.07317,36,34,0.3355329381500788,-0.318756291242609,0.0233008984826325,0.6909738175727507,4.0,1.0,1.0,7.0,1.183895948342898,-2.2008482862023517,-0.10779634627555963,1.3274843360705029,-2.0572598984747468
EURUSD,2022-05-30,1.07326,1.0787,1.0724,1.0777,54,9,0.5068669287963671,-0.0801296983023762,0.4136928610029255,0.6837433276628803,2.0,0.0,0.0,3.0,0.2644113424944435,-0.4253960203353776,-0.14179867344512587,0.2644113424944435,-0.4253960203353776
EURUSD,2022-05-31,1.07762,1.07794,1.0677,1.07313,3,99,0.029695068762632,-0.9205471316419452,-0.4166589335758528,0.6949399737510629,1.0,0.0,1.0,11.0,1.4263710174837485,2.3347465229713125,0.2237964833910545,1.4263710174837485,2.3347465229713125
EURUSD,2022-06-01,1.07308,1.07393,1.0625,1.06519,9,106,0.0792112424050413,-0.9859469937003796,-0.7352667089126582,0.6880630646919976,6.0,2.0,0.0,13.0,1.7570068088035138,-8.330328266948106,-0.5052281135209393,1.7570068088035138,-7.247902029204785
EURUSD,2022-06-02,1.06516,1.0756,1.0643,1.07471,104,9,0.9801344398963332,-0.0807390438995158,0.8965789177212763,0.6855984417308041,2.0,1.0,2.0,9.0,0.6748863007556928,-4.092294305145991,-0.2539681516262868,0.6748863007556928,-3.9893844081231316
EURUSD,2022-06-03,1.0746,1.07646,1.0702,1.0719,19,44,0.1730876605248439,-0.4094546808114609,-0.2512562814070281,0.69035986192088,3.0,3.0,1.0,9.0,2.1895881603412315,-7.088912443151169,-0.4613362324139316,2.1895881603412315,-7.128093438399933
EURUSD,2022-06-06,1.07188,1.0752,1.0682,1.0694,33,37,0.3097361644960247,-0.3433220136582365,-0.2313691831175167,0.6939392224709523,3.0,0.0,0.0,0.0,0.0,0.0,0.0,0.0,0.0
EURUSD,2022-06-07,1.06948,1.07142,1.065,1.07048,19,45,0.1813965665557142,-0.4188951640049407,0.093503384822541,0.6894470257655041,3.0,0.0,0.0,3.0,0.104142123597288,0.1000542324214793,0.03335141080715977,1.0867193981763263,1.193503765453487
EURUSD,2022-06-08,1.0705,1.07485,1.067,1.07159,44,35,0.4063521718823051,-0.3269500233535786,0.1018215787015446,0.687103933389009,0.0,0.0,0.0,10.0,1.4167948425520247,3.2936598567834885,0.32936598567834885,1.4167948425520247,3.438362117374874
EURUSD,2022-06-09,1.07158,1.07738,1.0609,1.06171,58,107,0.5412568357005569,-0.9966591388417124,-0.9210698221318095,0.6508113240380934,0.0,1.0,1.0,3.0,2.0621287142254987,3.36453569131016,0.3458801664318386,2.0621287142254987,3.6999725571621123
EURUSD,2022-06-10,1.06182,1.06423,1.0504,1.0515,24,114,0.2269687894370065,-1.0755118570002435,-0.9719161439791948,0.6929487047383818,0.0,3.0,1.0,3.0,2.005385892354783,1.7691868828620558,0.15087551846256192,2.005385892354783,2.0505286448793028
EURUSD,2022-06-13,1.05142,1.05201,1.0398,1.04075,6,116,0.0561145878906496,-1.1051720530330376,-1.0148180555819708,0.7285705915792279,3.0,0.0,0.0,1.0,0.5520730882548062,-0.5520730882548062,-0.5520730882548062,0.5520730882548062,-0.5520730882548062
EURUSD,2022-06-14,1.04084,1.04848,1.0395,1.04117,76,13,0.7340225202720967,-0.1287421697859322,0.0317051612159353,0.6809135125799122,4.0,1.0,1.0,6.0,1.1165053340413411,-1.3070425975549287,-0.20004528618042472,1.1165053340413411,-1.373592650057307
EURUSD,2022-06-15,1.04153,1.05078,1.0357,1.04451,92,58,0.8881165208875386,-0.5597534396512824,0.2861175386210654,0.6596700797029842,6.0,3.0,1.0,7.0,2.5862573907647604,7.076884583366421,0.21796844839627189,2.5862573907647604,6.480572870852112
EURUSD,2022-06-16,1.04462,1.06014,1.0379,1.0554,155,67,1.4857077214680914,-0.643296126821242,1.03195420344238,0.649938268514962,1.0,0.0,2.0,4.0,1.7515607131539468,-4.012816370442966,-0.5918532808718177,1.7515607131539468,-4.012816370442966
EURUSD,2022-06-17,1.05515,1.05608,1.0443,1.0498,9,109,0.0881391271383097,-1.028289816613754,-0.5070369141828144,0.6578326340975471,4.0,0.0,0.0,6.0,2.3015819989008013,-2.6753679124514815,-0.4458946520752469,2.3015819989008013,-2.710868815620461
EURUSD,2022-06-20,1.0487,1.05458,1.0472,1.05117,59,15,0.5606941928101562,-0.1430342328597365,0.2355297034423545,0.5911552403957866,4.0,0.0,0.0,1.0,0.0853085213247789,-0.0853085213247789,-0.0853085213247789,0.0853085213247789,-0.0853085213247789
EURUSD,2022-06-21,1.05102,1.05825,1.0507,1.05337,72,3,0.6879031797682106,-0.0304466137656845,0.2235923198416635,0.5840357501323548,4.0,0.0,1.0,1.0,0.6518859084523159,-1.816132668987925,-0.5821233802678046,0.8224922412692073,-2.126264058173839
EURUSD,2022-06-22,1.05341,1.06059,1.0467,1.05638,72,67,0.6815959597877336,-0.6369789540634695,0.2819415042576147,0.5808875629156928,2.0,0.0,0.0,1.0,0.9662600570844502,-0.9662600570844502,-0.9662600570844502,0.6609226452867769,-0.6609226452867769
EURUSD,2022-06-23,1.05636,1.05812,1.0481,1.05208,18,83,0.1666098678480805,-0.7819304025142881,-0.4051649059032964,0.5728071337568637,4.0,2.0,4.0,5.0,2.6843240404137747,-21.659845863076036,-1.0859462340072932,2.5112862812411567,-23.79106222415926
EURUSD,2022-06-24,1.05205,1.05712,1.051,1.0554,51,10,0.4819162587329623,-0.099805142341143,0.318425930326502,0.5796868272993253,4.0,0.0,2.0,3.0,2.0232270199814164,-2.7185330921513837,-0.39358213119806545,2.0232270199814164,-2.7185330921513837
EURUSD,2022-06-27,1.05525,1.0615,1.0548,1.0583,63,5,0.5922767116797052,-0.0426439232409439,0.2890310352996917,0.5747825932310099,1.0,0.0,3.0,0.0,0.1421923524269042,0.5275239049336551,0.08792065082227585,0.1421923524269042,0.5275239049336551
EURUSD,2022-06-28,1.05845,1.06063,1.0502,1.05208,22,82,0.2059615475459465,-0.7794416363550352,-0.6018234210401991,0.5818835148612894,0.0,1.0,1.0,5.0,0.7429075136194335,-2.2240210997129175,-0.0964501688968873,0.7429075136194335,-2.2318206757545482
EURUSD,2022-06-29,1.05217,1.05355,1.0433,1.0439,14,89,0.1311575125692556,-0.8430196641227325,-0.7859946586578214,0.5849354278295537,4.0,0.0,2.0,6.0,0.8886028363867154,-2.415780090540162,-0.17437172451315985,0.8886028363867154,-2.1629463648576586
EURUSD,2022-06-30,1.04407,1.04888,1.0381,1.04771,48,60,0.4606970796977195,-0.5718007413296072,0.3486356278793439,0.5476936222279785,1.0,1.0,1.0,12.0,5.98297893852411,4.628381424842328,0.3633505742163589,5.98297893852411,4.248127913431591
EURUSD,2022-07-01,1.0477,1.0482,1.0365,1.0428,5,112,0.0477235849956996,-1.0690083039037983,-0.4676911329579198,0.5524906978604803,3.0,2.0,1.0,11.0,1.8999874103567131,-7.672698777485317,-0.25595010677313657,1.8999874103567131,-7.3915270184955615
EURUSD,2022-07-04,1.04206,1.04628,1.0415,1.0422,42,6,0.4049670844289304,-0.0537397078862919,0.0134349269715783,0.5529136672284916,0.0,0.0,0.0,4.0,1.5113235576429913,-1.8825850825569561,-0.47064627063923903,1.5113235576429913,-1.7908027134615405
EURUSD,2022-07-05,1.04207,1.04488,1.0233,1.02646,28,188,0.2696555893557994,-1.8012225666221993,-1.497979982150923,0.6296200380812089,0.0,0.0,0.0,7.0,0.9684882706294292,-2.031237708750229,-0.29017681553574703,0.9684882706294292,-1.9010715141211179
EURUSD,2022-07-06,1.02654,1.02766,1.016,1.01821,11,105,0.1091043700196787,-1.0267500535780385,-0.8114637520213482,0.6395747390292595,3.0,1.0,1.0,4.0,1.612102791008321,-0.9364865744522293,0.15445464164340866,1.7101114516025977,-0.433577722265405
EURUSD,2022-07-07,1.01823,1.0221,1.0142,1.01603,39,40,0.3800713001974053,-0.3957848423244235,-0.2160612042465828,0.6195376016133094,4.0,0.0,1.0,7.0,0.6998189534200806,1.4314639056613874,0.1354101583971153,0.6998189534200806,1.6425488410024442
EURUSD,2022-07-08,1.01607,1.01912,1.0071,1.0183,30,90,0.3001761689647363,-0.8828131920044803,0.2194730678004423,0.599473604780923,0.0,3.0,0.0,3.0,0.4857866580691878,-2.079866222006316,-0.1787091422560424,0.4857866580691878,-1.9567827639210433
EURUSD,2022-07-11,1.01791,1.01834,1.0032,1.0037,4,147,0.0422434203416736,-1.4451179377351633,-1.395997681523912,0.6334643200803179,3.0,0.0,0.0,1.0,1.4884288706888082,1.4884288706888082,1.4884288706888082,1.4884288706888082,1.4884288706888082
EURUSD,2022-07-12,1.00377,1.00738,0.9998,1.0034,36,40,0.359644141586209,-0.395508931328893,-0.0368610339021868,0.632497369787585,3.0,0.0,0.0,5.0,1.8862633135707536,-3.891095481621165,-0.778219096324233,1.8862633135707536,-4.070572759243423
EURUSD,2022-07-13,1.00355,1.01222,0.9996,1.00553,87,39,0.8639330377161034,-0.3936027103781474,0.1972995864680477,0.6294017477778653,2.0,3.0,0.0,7.0,0.5097474104454,-0.07713707493656366,-0.04183145560076821,0.6461601813141467,0.15823709482195583
EURUSD,2022-07-14,1.00569,1.00589,0.995,1.00183,2,107,0.0198868438584432,-1.0629518042339068,-0.3838160864679946,0.5621377827161209,5.0,1.0,2.0,2.0,0.6572723460160002,0.533857855058615,0.0084554681169415,0.6572723460160002,0.45989807377631237
EURUSD,2022-07-15,1.00186,1.00979,1.0005,1.00843,79,14,0.7915277583694321,-0.1357475096320871,0.6557802487373451,0.5933273598158166,5.0,3.0,1.0,6.0,3.3363982603013325,12.631670730089397,0.35242217831342765,3.4624857339439816,12.855210441838603
EURUSD,2022-07-18,1.00829,1.02013,1.0077,1.0144,118,6,1.174265340328683,-0.0585149113846084,0.6059764551865099,0.6128055138482583,6.0,0.0,0.0,2.0,2.075644203722221,-1.8320992572400736,-0.9160496286200368,2.075644203722221,-1.8320992572400736
EURUSD,2022-07-19,1.01466,1.02692,1.0118,1.0226,123,29,1.2082865196223525,-0.2818678177911677,0.7825281375041944,0.6437803371935192,2.0,0.0,0.0,5.0,0.2648457855028995,-0.6156488829210545,-0.1231297765842109,0.2648457855028995,-0.6156488829210545
EURUSD,2022-07-20,1.02279,1.02731,1.0154,1.01791,45,74,0.4419284506105708,-0.722533462392085,-0.4771262918096574,0.6396776811256035,4.0,0.0,1.0,4.0,1.130179192668875,-3.497151798149536,-0.47339452109613217,1.130179192668875,-3.2730979992678493
EURUSD,2022-07-21,1.0179,1.02781,1.0152,1.02267,99,27,0.9735730425385464,-0.265251989389913,0.4686118479221869,0.6533598595173138,3.0,1.0,2.0,3.0,0.515714295870196,-0.8934473048679221,-0.09541703314825811,0.515714295870196,-0.9118665823917046
EURUSD,2022-07-22,1.02268,1.02553,1.0129,1.021,29,98,0.2786795478546582,-0.9563108694802012,-0.1642742597880202,0.6444363039932397,3.0,4.0,2.0,2.0,2.15766535910442,-21.593386475911014,-1.1474669392758767,2.171390452553837,-22.424897645651555
EURUSD,2022-07-25,1.02174,1.02579,1.0177,1.022,40,40,0.3963826413764643,-0.3954039188051797,0.0254467868537912,0.6373636270983002,0.0,0.0,1.0,1.0,1.942643887526682,-4.502133538765329,-1.2797448256193233,1.942643887526682,-4.502133538765329
EURUSD,2022-07-26,1.0221,1.02502,1.0106,1.01179,29,115,0.2856863320614454,-1.1251345269543165,-1.008707562860781,0.6578328299567232,5.0,1.0,1.0,3.0,0.9679862626678022,-1.6977704413107269,-0.2382197124417389,0.9679862626678022,-1.6977704413107269
EURUSD,2022-07-27,1.01174,1.02209,1.0095,1.01998,103,22,1.0229900962697789,-0.2214007551347203,0.8144384921027166,0.6793327159857144,3.0,1.0,3.0,7.0,3.5011653803694966,-5.3568923474382135,-0.37881755561725644,3.5011653803694966,-5.329782313359216
EURUSD,2022-07-28,1.02005,1.02344,1.0112,1.01947,34,88,0.332336650164208,-0.8676045291897263,-0.0568599578451843,0.6707190580669833,4.0,1.0,2.0,4.0,4.493082375230844,2.022208221237503,0.33454280205369,4.493082375230844,2.022208221237503
EURUSD,2022-07-29,1.01952,1.02544,1.0144,1.02248,59,51,0.5806654111738785,-0.5021971123666052,0.2903327055869501,0.6724455532897842,4.0,1.0,4.0,15.0,1.9409177876666317,6.235297475789438,0.14763727331940227,1.9409177876666317,6.235297475789438
EURUSD,2022-08-01,1.02182,1.02753,1.0204,1.02587,57,14,0.5588068348632933,-0.1389677242567161,0.3963516079152991,0.6812031893221785,0.0,1.0,0.0,11.0,5.269445072769347,-12.996010227281813,-1.0672207964510136,5.269445072769347,-11.936170867857255
EURUSD,2022-08-02,1.02578,1.02939,1.01619,1.01625,36,96,0.3519273138489845,-0.9348983212774656,-0.9290491138450562,0.6287141235177618,3.0,1.0,0.0,2.0,1.1805818800880985,-2.8982981492930833,-0.17904479637229573,1.1805818800880985,-2.8982981492930833
EURUSD,2022-08-03,1.01636,1.02105,1.0121,1.01691,47,43,0.4614506670864736,-0.4191428234090215,0.054114683773471,0.6028866760100552,5.0,1.0,1.0,12.0,6.95111007489509,9.32259818597322,0.6089186150124934,6.95111007489509,9.797199352491822
EURUSD,2022-08-04,1.01702,1.02539,1.0153,1.02447,84,17,0.8229926648443481,-0.1691215511985943,0.732532300249745,0.6226399594824439,1.0,0.0,1.0,6.0,0.844520862146054,0.4831087140966656,0.006004306444287019,0.844520862146054,0.9358093697242253
EURUSD,2022-08-05,1.02457,1.0252,1.014,1.0181,6,106,0.0614892101076459,-1.0316523029173184,-0.6314844276135331,0.6385662282988191,3.0,3.0,0.0,5.0,1.5257082132231834,0.3496222062065879,0.23908525821006754,1.5257082132231834,0.6828515616760145
EURUSD,2022-08-08,1.01783,1.0222,1.0157,1.0193,44,21,0.4293447825275326,-0.2092687383944239,0.1444249039623593,0.5482188300141331,4.0,0.0,0.0,1.0,0.0441694601588402,-0.0441694601588402,-0.0441694601588402,0.0441694601588402,-0.0441694601588402
EURUSD,2022-08-09,1.01927,1.02475,1.0187,1.02137,55,6,0.5376396833027708,-0.0559223758179834,0.2060298056452157,0.5483244338721657,6.0,0.0,0.0,4.0,0.4588031510343711,-0.4580415386046301,-0.11451038465115752,0.4588031510343711,-0.4580415386046301
EURUSD,2022-08-10,1.02125,1.03687,1.02,1.02976,156,12,1.5294981640146847,-0.1223990208078309,0.8332925336597324,0.5729979343634489,4.0,3.0,0.0,6.0,1.0894529166888005,-9.128099724166855,-0.41975843411022123,1.0894529166888005,-9.83348492892557
EURUSD,2022-08-11,1.02988,1.03644,1.0274,1.03205,66,25,0.6369674136792755,-0.2408047539518988,0.2107041597079276,0.560891893904475,1.0,1.0,2.0,3.0,1.1779764539054336,-3.239639374595063,-0.3114477894603437,1.1779764539054336,-3.4065801839638334
EURUSD,2022-08-12,1.03227,1.03274,1.0237,1.0258,5,86,0.045530723551006,-0.8302091507066917,-0.6267740029255888,0.5729283789014095,0.0,1.0,0.0,5.0,5.525733403890865,-5.970760266630193,-1.3828916005217373,5.525733403890865,-5.973802359531612
EURUSD,2022-08-15,1.02587,1.02683,1.0153,1.01599,10,106,0.0935791084640207,-1.03034497548422,-0.9630849912757083,0.6041972604268562,3.0,0.0,1.0,2.0,1.6852971148893066,-3.4604215242767657,-1.0606034251868601,1.6852971148893066,-3.4604215242767657
EURUSD,2022-08-16,1.01595,1.01949,1.0121,1.01673,35,38,0.3484423446035827,-0.3789556572665888,0.0767754318618045,0.5763693886908497,3.0,0.0,0.0,8.0,1.1552969515153555,-1.7783767732499327,-0.2222970966562416,1.1552969515153555,-1.912113276571833
EURUSD,2022-08-17,1.01678,1.0203,1.0144,1.0176,35,24,0.3461909164224284,-0.2340722673538079,0.0806467475756843,0.5670253478354349,0.0,2.0,0.0,4.0,1.169313154927172,-3.662726235771105,-0.456729837785391,1.169313154927172,-4.10589317426277
EURUSD,2022-08-18,1.01756,1.0193,1.0079,1.00866,17,97,0.170997287629238,-0.949329769251936,-0.8746412987932043,0.5874911231718859,1.0,1.0,2.0,4.0,1.2542499124441382,-2.5792047248553036,-0.18856319633702373,1.2542499124441382,-2.63440215113866
EURUSD,2022-08-19,1.00881,1.00955,1.003,1.0034,7,58,0.0733537534322581,-0.5759260911370915,-0.5362754136061215,0.5964701625252833,0.0,0.0,0.0,2.0,3.57072715569404,3.7414552591567234,1.8707276295783617,3.57072715569404,3.882784292581644
EURUSD,2022-08-22,1.00385,1.00466,0.9924,0.99424,8,114,0.0806893460178512,-1.1406086566718097,-0.9573143397917914,0.626356512577672,4.0,0.0,0.0,0.0,0.0,0.0,0.0,0.0,0.0
EURUSD,2022-08-23,0.9942,1.00183,0.9899,0.9968,76,43,0.7674512170589445,-0.4325085495876051,0.26151679742507,0.5970529760106174,3.0,4.0,4.0,3.0,1.4448705944416442,-11.612049138211729,-0.4026887856232456,1.4448705944416442,-11.937613575823264
EURUSD,2022-08-24,0.99684,0.99993,0.9908,0.99677,31,60,0.3099795353316517,-0.6059146904217261,-0.0070221901207719,0.559833733285703,3.0,1.0,3.0,2.0,1.7974890428110404,5.213436842213494,0.33459360686898537,1.7974890428110404,5.213436842213494
EURUSD,2022-08-25,0.99669,1.00334,0.9947,0.99763,66,20,0.667208460002602,-0.1996608775045336,0.094312173293607,0.5616745314825261,3.0,1.0,2.0,4.0,1.1245974377153485,0.11820904779616792,-0.028051382553233868,1.8151567357739853,4.928409143735951
EURUSD,2022-08-26,0.99758,1.009,0.9945,0.9961,114,31,1.1447703442330317,-0.3087471681469126,-0.1483590288498202,0.5538430213665477,5.0,1.0,1.0,8.0,2.68916472995592,-0.4542902950920722,-0.04875614375831081,2.68916472995592,-0.38460877329243215
EURUSD,2022-08-29,0.99556,1.00292,0.9912,0.99979,74,44,0.7392824139177984,-0.4379444734621751,0.4248864960424239,0.5553028764623998,3.0,0.0,0.0,0.0,0.0,0.0,0.0,0.0,0.0
EURUSD,2022-08-30,0.99993,1.00549,0.998,1.00155,56,19,0.5560389227245917,-0.1930135109457649,0.162011340793851,0.5252167421436298,4.0,3.0,0.0,4.0,1.381598785637292,3.353340316053101,0.1428284199963761,1.381598785637292,3.353340316053101
EURUSD,2022-08-31,1.00155,1.0079,0.997,1.00501,64,45,0.6340172732265067,-0.4542958414457534,0.3454645299785351,0.5329173987304595,0.0,1.0,3.0,7.0,1.8747451472223,-2.1338919272644867,-0.17066950530153183,1.8747451472223,-2.1338919272644867
EURUSD,2022-09-01,1.00507,1.00543,0.991,0.9943,4,141,0.0358184007084221,-1.399902494353619,-1.071567154526545,0.5445146003060792,3.0,1.0,1.0,18.0,2.986916137525811,-0.03081664121447842,0.005579761077595688,2.986916137525811,-0.5481541681811285
EURUSD,2022-09-02,0.99444,1.0034,0.9941,0.995,90,3,0.9010096134507944,-0.0341900969389814,0.0563131008406746,0.5340457402348094,3.0,3.0,0.0,5.0,1.6802376738293412,2.5265922595599637,0.10169157290515111,1.5771654492705358,2.2314160900924485
EURUSD,2022-09-05,0.99207,0.99441,0.9876,0.99293,23,45,0.2358704526898312,-0.4505730442408271,0.0866874313304476,0.5327272201634821,2.0,0.0,0.0,7.0,1.0174523354438072,-1.7176770386449813,-0.2453824340921402,1.1026651682631232,-1.5333537874325305
EURUSD,2022-09-06,0.99284,0.99864,0.9862,0.9904,58,66,0.5841827484791132,-0.6687885258450486,-0.2457596390153497,0.5278508354916863,6.0,1.0,1.0,1.0,0.9618198952678356,-2.2889807938651425,-0.4716954612594418,0.8721650157994979,-2.109671034928467
EURUSD,2022-09-07,0.99044,1.00109,0.9873,1.00079,107,31,1.0752796736803891,-0.3170308145874593,1.0449901054077058,0.5500491658755123,3.0,0.0,0.0,5.0,0.8861902290391719,1.9265624391619502,0.38531248783239,0.8861902290391719,2.7019671736056603
EURUSD,2022-09-08,1.00079,1.003,0.9929,0.99969,22,79,0.2208255478172067,-0.7883771820262057,-0.1099131685968186,0.544259282140089,5.0,1.0,1.0,4.0,5.562394918801209,15.789165222903426,0.8264908953456,5.562394918801209,15.789165222903426
EURUSD,2022-09-09,0.9996,1.01134,0.99955,1.0039,117,0,1.1744697879151522,-0.0050020008003195,0.430172068827528,0.5463638803820144,4.0,0.0,0.0,3.0,0.6022376864834269,-1.111211454828323,-0.37040381827610763,0.6022376864834269,-1.111211454828323
EURUSD,2022-09-12,1.00913,1.01979,1.0058,1.01188,107,33,1.0563554745176431,-0.3299872167114301,0.272511965752659,0.5114868272879151,0.0,0.0,0.0,2.0,0.6181154096285957,0.9581092730389211,0.47905463651946056,1.8244714151080323,2.1644652785183576
EURUSD,2022-09-13,1.01188,1.01872,0.99616,0.99642,68,157,0.6759694825473554,-1.5535438984859713,-1.5278491520733604,0.6100832479739097,3.0,3.0,0.0,8.0,2.4833260665423587,5.879703508834223,0.3919859996916806,2.4833260665423587,6.542678384754253
EURUSD,2022-09-14,0.99638,1.00236,0.9954,0.99783,60,10,0.6001726249021331,-0.0983560488970163,0.1455268070414853,0.6113269265463954,3.0,1.0,1.0,2.0,1.0485163814172318,0.3478191507036141,-0.13011829500751315,1.008251082742776,0.3281208224578464
EURUSD,2022-09-15,0.99806,1.00179,0.9954,0.9996,37,27,0.3737250265515111,-0.2665170430635428,0.1542993407210084,0.5861664986178089,3.0,3.0,2.0,8.0,0.6160921010742293,0.2723544527033394,-0.04863136269033563,0.6160921010742293,-0.10245393104220141
EURUSD,2022-09-16,0.9995,1.0037,0.9943,1.0015,42,52,0.4202101050525244,-0.5202601300650418,0.2001000500250126,0.577491750708984,3.0,1.0,1.0,3.0,0.5399862286233396,0.4418158856759229,0.01770346125519633,0.5399862286233396,0.4418158856759229
EURUSD,2022-09-19,1.00141,1.00294,0.9962,1.00256,15,52,0.1527845737510142,-0.520266424341672,0.1148380783095819,0.5339724584129952,1.0,0.0,0.0,1.0,0.6314862635020494,-0.6314862635020494,-0.6314862635020494,0.6314862635020494,-0.6314862635020494
EURUSD,2022-09-20,1.00261,1.0051,0.9951,0.99691,25,75,0.2483518017973193,-0.7490449925693955,-0.5685161727890244,0.5474573540609637,0.0,0.0,0.0,4.0,1.973420542935997,-1.1651889113557723,-0.2912972278389431,1.973420542935997,-1.8072854221008114
EURUSD,2022-09-21,0.99682,0.99752,0.9811,0.9836,7,157,0.0702233101261935,-1.5770149074055564,-1.3262173712405458,0.6218349555282002,3.0,1.0,1.0,2.0,0.8229046986004281,3.026967523672368,0.32728817011517286,0.8229046986004281,3.026967523672368
EURUSD,2022-09-22,0.98397,0.99075,0.9805,0.98332,68,35,0.6890453977255413,-0.35265302803947,-0.0660589245607121,0.620592547099519,0.0,0.0,1.0,4.0,1.0847423944153929,0.14759713437920213,-0.05992315053586755,0.7943822223275404,1.297359964531521
EURUSD,2022-09-23,0.98351,0.9852,0.9664,0.969,17,171,0.1718335349920152,-1.7396874459842766,-1.475328161381178,0.6946519020318369,1.0,4.0,2.0,2.0,2.5599636060608986,2.2019819199493287,-0.04075573854051092,2.5710999278797977,1.8384891059387438
EURUSD,2022-09-26,0.96739,0.97098,0.95501,0.96091,36,124,0.3711016239572439,-1.2797320625600788,-0.6698435997891161,0.690278576113814,3.0,0.0,1.0,1.0,2.4225008341746297,-5.928154214643934,-1.752826690234652,2.4225008341746297,-5.928154214643934
EURUSD,2022-09-27,0.96091,0.9671,0.9565,0.9594,62,44,0.6441810367255952,-0.4589399631599239,-0.1571427084742599,0.6850801317284275,6.0,1.0,4.0,4.0,3.332328301582255,4.614508030642519,0.02717465830838621,3.332328301582255,4.614508030642519
EURUSD,2022-09-28,0.95947,0.97508,0.9532,0.97332,156,63,1.6269398730549054,-0.653485778606939,1.443505268533661,0.7712254265604632,5.0,0.0,1.0,4.0,0.6870009027742241,-0.0034575552483357974,0.07884985693783372,0.6870009027742241,-0.0011252771485894542
EURUSD,2022-09-29,0.97335,0.9824,0.9632,0.98167,91,102,0.9297785996815126,-1.0427903631787232,0.8547798839060968,0.7721333301039658,3.0,0.0,2.0,5.0,2.9148682597839306,2.323894543504337,0.4988873140752425,2.9148682597839306,2.7036984119221463
EURUSD,2022-09-30,0.98172,0.98539,0.9731,0.98003,37,86,0.3738336796642577,-0.8780507680397742,-0.1721468443140692,0.7719006408453969,3.0,1.0,3.0,10.0,1.16145759452027,-3.868617231677776,-0.17771693808387262,1.16145759452027,-3.3927634535329494
EURUSD,2022-10-03,0.97954,0.98446,0.9749,0.9821,49,46,0.5022765788022986,-0.4736917328541946,0.2613471629540403,0.7748510596975103,6.0,1.0,0.0,10.0,1.427632161519348,-6.398597656599605,-0.35911581638789475,1.427632161519348,-6.540840438381663
EURUSD,2022-10-04,0.98219,0.99997,0.9802,0.99828,178,20,1.8102403811889776,-0.2026084566122692,1.6381759130107143,0.8619555860980932,1.0,1.0,0.0,3.0,2.2482725824294203,-6.554235320880454,-0.5144225390054034,2.2482725824294203,-6.483237409235418
EURUSD,2022-10-05,0.9983,0.99949,0.9833,0.98839,12,150,0.119202644495645,-1.5025543423820509,-0.9926875688670715,0.8553694452382582,1.0,2.0,0.0,10.0,0.8886028363867154,-4.486908800268157,-0.3630641567873598,0.8886028363867154,-4.083894764690742
EURUSD,2022-10-06,0.98852,0.99265,0.97846,0.97915,41,101,0.4177963015417066,-1.017683000849751,-0.9478816817059836,0.8772819116501339,2.0,0.0,1.0,6.0,2.341554879425272,4.390235730098876,0.292668692953372,2.341554879425272,4.717728740860485
EURUSD,2022-10-07,0.97914,0.9817,0.9725,0.9741,26,66,0.2614539289580659,-0.6781461282349796,-0.5147374226361955,0.871551180500797,2.0,3.0,0.0,6.0,1.3793555920882583,-6.022954011061422,-0.26334502259859566,1.202016920369212,-5.490937995904283
EURUSD,2022-10-10,0.97382,0.97531,0.968,0.97016,15,58,0.1530056889363528,-0.5976463822883128,-0.3758394775215128,0.866398646841133,3.0,0.0,0.0,1.0,0.0899597587228867,-0.0899597587228867,-0.0899597587228867,0.0899597587228867,-0.0899597587228867
EURUSD,2022-10-11,0.97026,0.97747,0.9669,0.97027,72,34,0.7430997876857686,-0.3462989301836651,0.0010306515779228,0.8085022064442448,3.0,0.0,0.0,3.0,1.0311498678651152,0.14307792131489294,0.04769264043829765,1.0311498678651152,0.14307792131489294
EURUSD,2022-10-12,0.97031,0.97351,0.9666,0.9705,32,37,0.3297915099298142,-0.3823520318248798,0.0195813709020852,0.8067922496746623,5.0,1.0,1.0,3.0,1.4897816088683784,5.251297270091808,0.4941767030471841,1.5548974356369138,6.266696485490312
EURUSD,2022-10-13,0.97048,0.9806,0.9629,0.97771,101,76,1.0427829527656436,-0.781056796636719,0.7449921688236706,0.8282335211592307,2.0,3.0,1.0,4.0,2.0428794673386568,8.409779907847588,0.5623787869131242,2.0428794673386568,9.083793421266023
EURUSD,2022-10-14,0.97755,0.98086,0.9706,0.9719,33,70,0.3386016060559484,-0.7109610761597884,-0.5779755511227092,0.8316915198441288,6.0,3.0,1.0,5.0,4.561411924785912,6.996550145366637,0.5820191502156977,4.561411924785912,6.426622177021134
EURUSD,2022-10-17,0.97223,0.98522,0.9718,0.984,130,4,1.336103596885505,-0.0442282176028348,1.210618886477474,0.8837118216819494,3.0,1.0,0.0,0.0,0.4206221159380898,-1.2618663478142695,-0.4206221159380898,0.4206221159380898,-1.2618663478142695
EURUSD,2022-10-18,0.98393,0.98755,0.9811,0.9862,36,28,0.3679123514884257,-0.2876220869370788,0.2307074690272676,0.8786820370846282,1.0,0.0,0.0,6.0,3.07496216739788,-3.6530460898165598,-0.6088410149694267,3.07496216739788,-3.678733103458937
EURUSD,2022-10-19,0.98611,0.98725,0.97549,0.97715,11,106,0.1156057640628245,-1.0769589599537652,-0.9086207421078863,0.8511279764475063,3.0,0.0,0.0,6.0,1.0244745296540685,-0.6111286247148353,-0.10185477078580589,1.0244745296540685,-0.6111286247148353
EURUSD,2022-10-20,0.97724,0.98455,0.97524,0.97842,73,20,0.748025050141218,-0.2046580164545047,0.1207482297081534,0.8516516916035043,5.0,1.0,2.0,4.0,0.6890967431660743,-2.4583352832490926,-0.19014555064291422,0.6890967431660743,-2.5566493835885877
EURUSD,2022-10-21,0.97852,0.98692,0.9703,0.9861,84,82,0.8584392756407713,-0.8400441483055936,0.7746392511139304,0.7950924140398294,3.0,0.0,0.0,2.0,0.259419294614953,0.1588233232974155,0.07941166164870775,0.2205085041097307,0.11991253279219319
EURUSD,2022-10-24,0.98832,0.98992,0.98047,0.9869,16,79,0.1618908855431485,-0.7942771571960523,-0.1436781609195379,0.7768026795897841,5.0,4.0,2.0,2.0,1.2840925962681395,-13.074531978720017,-0.7185533780819712,1.455998069001925,-13.356114748312262
EURUSD,2022-10-25,0.98706,0.99769,0.9847,0.9966,106,24,1.0769355459647758,-0.2390938747391271,0.9665065953437474,0.7956912609491286,6.0,1.0,2.0,3.0,0.8362923400947548,-3.231814091133479,-0.2598789724877589,0.8362923400947548,-3.231814091133479
EURUSD,2022-10-26,0.99659,1.00887,0.99415,1.00797,123,24,1.2322018081658412,-0.2448348869645489,1.1418938580559763,0.7730530764419706,0.0,0.0,1.0,5.0,1.264698417959433,-2.6987108962188353,-0.23900207970990037,1.264698417959433,-2.788990825961015
EURUSD,2022-10-27,1.0081,1.00937,0.99554,0.99643,13,126,0.1259795655193041,-1.2459081440333315,-1.1576232516615377,0.8088974819786683,3.0,2.0,4.0,3.0,2.3128561544985287,9.550881451712588,0.3239929081934192,2.3128561544985287,9.550881451712588
EURUSD,2022-10-28,0.99649,0.9998,0.9925,0.9963,33,40,0.3321659023171366,-0.4004054230348461,-0.0190669249064238,0.8072485076621874,1.0,1.0,2.0,13.0,4.9029911828067245,2.5425228109620273,0.23690764569856917,4.9029911828067245,2.5425228109620273
EURUSD,2022-10-31,0.99567,0.99658,0.98706,0.98814,9,86,0.0913957435696532,-0.8647443430052132,-0.7562746693181512,0.8266301749698051,3.0,0.0,2.0,4.0,0.7516023964992208,-0.5990653681578668,-0.08111241946639502,0.7516023964992208,-0.5990653681578668
EURUSD,2022-11-01,0.98818,0.99543,0.98508,0.98746,73,31,0.7336720030763717,-0.3137080289016163,-0.0728612196158536,0.7339907383985071,1.0,2.0,0.0,5.0,1.560838183222654,3.3170709018110154,0.31802696363828825,1.560838183222654,3.232445035004506
EURUSD,2022-11-02,0.98745,0.9976,0.98107,0.98146,101,64,1.0279001468428772,-0.6461086637298143,-0.606612993062945,0.7130259857549818,1.0,2.0,0.0,9.0,2.59553044053296,-3.4952832188761698,-0.4359211080486903,2.59553044053296,-3.8555755280183224
EURUSD,2022-11-03,0.98199,0.98396,0.9728,0.9748,20,92,0.200613040865988,-0.9358547439383323,-0.7321866821454424,0.7001421569340948,6.0,1.0,1.0,12.0,1.987605600523776,-0.8647883372747462,0.05516404880376968,2.0868329722703307,-1.5788226766164417
EURUSD,2022-11-04,0.97491,0.99665,0.9741,0.99581,217,8,2.229949431229548,-0.0830845924239251,2.1437876316788134,0.8418442785946265,6.0,3.0,0.0,8.0,3.396028767891162,6.713479813696868,0.33831668856696706,3.396028767891162,6.774232105069864
EURUSD,2022-11-07,0.99055,1.00345,0.99013,1.0019,129,4,1.3023067992529314,-0.0424006864873138,1.1458280753116925,0.8650013817852987,4.0,0.0,0.0,2.0,0.4452373806367894,0.4281467410389957,0.21407337051949785,0.4452373806367894,0.4281467410389957
EURUSD,2022-11-08,1.00185,1.00963,0.99703,1.00728,78,48,0.7765633577881041,-0.4811099465987858,0.5419973049857809,0.867687002952897,2.0,0.0,0.0,7.0,0.6902192754409383,-0.8932475306007923,-0.12760679008582748,0.6902192754409383,-0.5874285304718465
EURUSD,2022-11-09,1.00708,1.00882,0.99908,1.00103,17,80,0.1727767406760212,-0.7943758192000643,-0.600746713270037,0.885504823483791,6.0,0.0,0.0,4.0,0.4325630245247621,-0.127895203632485,-0.03197380090812125,0.4325630245247621,0.1545482578637753
EURUSD,2022-11-10,1.0007,1.02219,0.99334,1.0208,215,74,2.1474967522734096,-0.7354851603877208,2.008593984211053,0.969601455989327,6.0,3.0,1.0,4.0,0.9780647962958192,-4.98803629915693,-0.25337544562560643,0.9780647962958192,-5.023216660178017
EURUSD,2022-11-11,1.02076,1.03642,1.0161,1.03538,157,47,1.5341510247266752,-0.4565225910106085,1.4322661546298914,0.9849106642476908,3.0,1.0,1.0,2.0,1.1978308299276423,-3.26754655154645,-0.20818080554842944,1.1978308299276423,-3.26754655154645
EURUSD,2022-11-14,1.03382,1.03586,1.0269,1.03265,20,69,0.1973264204600454,-0.6693621713644577,-0.1131725058520722,0.9673647536790076,3.0,0.0,0.0,1.0,0.2344365890743061,-0.2344365890743061,-0.2344365890743061,0.2395628501953135,-0.2395628501953135
EURUSD,2022-11-15,1.03259,1.04818,1.0278,1.03478,156,48,1.5097957563021136,-0.4638820829176973,0.2120880504362948,0.967413320140592,4.0,2.0,2.0,6.0,0.676184879440323,-1.787977150763016,-0.15719267629768868,0.676184879440323,-2.026110469269782
EURUSD,2022-11-16,1.0348,1.04385,1.0329,1.03942,91,19,0.8745651333591035,-0.1836103594897577,0.446463084654046,0.9272230779532008,3.0,2.0,0.0,6.0,3.1158467678374677,6.158221880599483,-0.021116335765565174,3.1158467678374677,5.787334901325089
EURUSD,2022-11-17,1.03936,1.04065,1.03027,1.03608,13,91,0.1241148399014791,-0.8745766625615804,-0.3155788177340066,0.937644359480228,2.0,1.0,1.0,8.0,0.5161907087799528,-2.745901339810308,-0.20555356659274326,0.5161907087799528,-2.745901339810308
EURUSD,2022-11-18,1.03589,1.0396,1.0311,1.03235,37,48,0.358146135207416,-0.462404309337871,-0.3417351263164889,0.9420487990191908,1.0,0.0,1.0,1.0,1.2722277995232427,-2.781138233479946,-0.7544552169783519,1.2722277995232427,-2.7866851589378774
EURUSD,2022-11-21,1.0323,1.03332,1.02206,1.02411,10,102,0.0988084859052621,-0.9919597016371235,-0.793374019180463,0.9675223837135438,4.0,0.0,0.0,1.0,1.1462505872282478,-1.1462505872282478,-1.1462505872282478,1.1462505872282478,-1.1462505872282478
EURUSD,2022-11-22,1.02404,1.03082,1.02374,1.0303,68,3,0.662083512362799,-0.0292957306355188,0.6113042459278868,0.9564202616551726,5.0,0.0,1.0,2.0,1.0084455650979216,1.1694914377003116,0.36697849197883,0.7591608731853742,0.9645180329312969
EURUSD,2022-11-23,1.03028,1.04052,1.02946,1.03954,102,8,0.9939045696315374,-0.0795900143650311,0.8987847963660193,0.9454180313126316,3.0,4.0,7.0,6.0,1.8109858230889069,5.1158849582812325,0.15305396945479433,1.7722042328066443,5.409850376256852
EURUSD,2022-11-24,1.03953,1.04485,1.038,1.04087,53,15,0.5117697420949844,-0.1471818995122825,0.128904408723163,0.890606228115097,3.0,0.0,1.0,1.0,1.1096951732696216,2.0743628107370307,0.48233381873370423,1.1096951732696216,2.0743628107370307
EURUSD,2022-11-25,1.0407,1.04293,1.03522,1.0395,22,55,0.2142788507735134,-0.5265686557124944,-0.115307004900535,0.892456711869612,3.0,0.0,0.0,2.0,0.4326286092470862,0.6538652538498022,0.3269326269249011,0.4326286092470862,0.6538652538498022
EURUSD,2022-11-28,1.03706,1.04969,1.03277,1.03388,126,43,1.2178658901124253,-0.4136694116058981,-0.3066360673442407,0.8710173658966495,3.0,0.0,0.0,2.0,0.3352264213831446,-0.6505641770588897,-0.32528208852944485,0.3352264213831446,-0.6505641770588897
EURUSD,2022-11-29,1.03385,1.03945,1.03174,1.0328,56,21,0.5416646515451999,-0.2040915026357628,-0.1015621221647236,0.8716502887055969,5.0,1.0,1.0,4.0,1.1621848717872632,-4.2752972841364265,-0.4057684839423629,1.1621848717872632,-4.2752972841364265
EURUSD,2022-11-30,1.03283,1.04288,1.0288,1.04041,101,40,0.9730546169263204,-0.390190060319702,0.7339058702787625,0.8514209633226726,6.0,3.0,3.0,11.0,1.6302534274452578,-7.7410223322884235,-0.31566337359224916,1.6302534274452578,-6.37428778593416
EURUSD,2022-12-01,1.04041,1.0534,1.03906,1.05257,130,13,1.2485462461913894,-0.1297565382877867,1.168770004132981,0.8307932935873346,3.0,2.0,1.0,18.0,2.0190257329481742,-14.777049502021567,-0.48855794858428697,2.0190257329481742,-15.535899034204009
EURUSD,2022-12-02,1.05258,1.0545,1.0427,1.05325,19,99,0.1824089380379564,-0.9386459936536996,0.0636531190028262,0.7302963287362358,2.0,3.0,0.0,6.0,1.666348876691221,-1.072406234442698,-0.08414245065871481,1.4998723636335056,-0.78284626329971
EURUSD,2022-12-05,1.053,1.05948,1.0478,1.04877,65,52,0.6153846153846193,-0.493827160493815,-0.4017094017093975,0.7218238937120784,3.0,1.0,0.0,9.0,1.3295008572581066,2.038685960999933,0.055818713611668604,1.3295008572581066,2.104477920447981
EURUSD,2022-12-06,1.04902,1.05329,1.0457,1.0465,43,33,0.4070465768050176,-0.316485862995938,-0.2402242092619852,0.726791888703265,4.0,0.0,0.0,2.0,0.2868558205582936,0.24522816118553992,0.12261408059276996,0.2868558205582936,0.11232374045780691
EURUSD,2022-12-07,1.0466,1.05498,1.0441,1.05029,84,25,0.800687941907133,-0.238868717752718,0.3525702274030165,0.7010227355767076,4.0,0.0,0.0,8.0,3.5298718684732058,6.221729770289987,0.7777162212862484,3.5298718684732058,6.221729770289987
EURUSD,2022-12-08,1.05048,1.05649,1.0488,1.0554,60,17,0.5721194120782735,-0.1599268905643254,0.4683573223669002,0.5723522927044427,2.0,0.0,1.0,2.0,0.3811843050314187,0.9307429467096029,0.19230559533937217,0.3811843050314187,0.9307429467096029
EURUSD,2022-12-09,1.05542,1.05882,1.05018,1.05329,34,52,0.3221466335676858,-0.49648481173373,-0.2018153910291604,0.4973053685471583,3.0,3.0,1.0,1.0,1.2319567867974934,3.470673448463276,0.1087159157816963,1.2319567867974934,3.3843641192144327
EURUSD,2022-12-12,1.05281,1.05802,1.0504,1.05367,52,24,0.4948661201926213,-0.2289111995516781,0.0816861541968715,0.4946524368907595,6.0,0.0,0.0,1.0,0.7661933373053551,-0.7661933373053551,-0.7661933373053551,1.549712930168002,-1.549712930168002
EURUSD,2022-12-13,1.05355,1.06733,1.0526,1.06324,138,10,1.3079588059418066,-0.0901713255184857,0.919747520288546,0.5260907304711768,5.0,3.0,1.0,8.0,1.7127976857164602,-7.2822671895884685,-0.25023796393643677,2.5008065864945106,-8.391112991599723
EURUSD,2022-12-14,1.06317,1.06952,1.0617,1.06815,64,15,0.5972704271189064,-0.1382657524196375,0.4684105081971824,0.5267579654513126,1.0,0.0,0.0,4.0,1.1795846842989193,-0.9112492573351352,-0.2278123143337838,1.1320112632960349,-0.8636758363322508
EURUSD,2022-12-15,1.06812,1.07363,1.0591,1.06269,55,90,0.5158596412388239,-0.8444744036250635,-0.5083698460847139,0.5374570058505687,2.0,5.0,2.0,6.0,1.1823405840597474,-5.252091053120576,-0.28673002512917195,1.1823405840597474,-5.727240276805645
EURUSD,2022-12-16,1.0625,1.06631,1.05827,1.05839,38,42,0.3585882352941262,-0.3981176470588194,-0.3868235294117702,0.5396928053944895,3.0,4.0,2.0,7.0,1.292992182364234,2.409703544171448,0.092921051169147,1.292992182364234,2.545626493914762
EURUSD,2022-12-19,1.0588,1.06579,1.0574,1.0606,70,14,0.6601813373630574,-0.1322251605591299,0.1700037778617325,0.4927648481680452,3.0,0.0,1.0,1.0,1.3201660667848027,2.016422299634132,0.348128116424665,1.3201660667848027,2.016422299634132
EURUSD,2022-12-20,1.06062,1.06586,1.0577,1.06232,52,29,0.4940506496200462,-0.2753106673454971,0.1602836077011592,0.4826956200961607,2.0,0.0,0.0,5.0,2.216802722760648,-1.4542354113687392,-0.29084708227374784,2.216802722760648,-1.516819029616131
EURUSD,2022-12-21,1.06231,1.06455,1.0589,1.06039,22,34,0.2108612363622689,-0.3209985785693569,-0.1807382025962425,0.4562671168011324,3.0,1.0,0.0,4.0,1.6928023813287918,1.6959940644663476,-0.11369007535223567,1.6928023813287918,2.4391867203046034
EURUSD,2022-12-22,1.06052,1.06594,1.0572,1.05965,54,33,0.5110700411119266,-0.313053973522422,-0.0820352280013509,0.4583294288845198,4.0,0.0,2.0,3.0,0.7252079479551218,0.9646998333587633,0.13642596752396022,0.7252079479551218,1.512380099476837
EURUSD,2022-12-23,1.05928,1.0633,1.0585,1.06172,40,8,0.3795030586813602,-0.0736349218336986,0.2303451400951587,0.4561718052223152,4.0,1.0,0.0,8.0,0.9233685768888832,-2.966159893248851,-0.18318872368025396,0.9233685768888832,-2.966159893248851
EURUSD,2022-12-26,1.061,1.06364,1.05965,1.06332,26,13,0.2488218661639939,-0.1272384542884036,0.2186616399623091,0.4452834555105063,3.0,0.0,0.0,0.0,0.0,0.0,0.0,0.0,0.0
EURUSD,2022-12-27,1.0636,1.06694,1.061,1.0639,33,26,0.3140278300112729,-0.2444528018052047,0.0282060925159803,0.4424124030837651,2.0,0.0,0.0,4.0,1.119197753076422,0.9818250351783454,0.24545625879458635,1.2523842514487673,1.1150115335506905
EURUSD,2022-12-28,1.0636,1.06745,1.0605,1.0611,38,31,0.3619781872884457,-0.2914629559985053,-0.2350507709665446,0.428296100033439,5.0,0.0,0.0,2.0,0.4815417386027565,0.4658326089347079,0.23291630446735395,0.4815417386027565,0.4658326089347079
EURUSD,2022-12-29,1.061,1.06916,1.06078,1.06609,82,2,0.7690857681432769,-0.0207351555136557,0.4797360980207388,0.3605534654493857,5.0,0.0,1.0,4.0,0.7068990187682649,0.7284954217625572,0.004319280598858477,0.7068990187682649,0.7284954217625572
EURUSD,2022-12-30,1.0661,1.07131,1.0637,1.07025,52,24,0.4886971203451774,-0.2251195947847254,0.3892692993152495,0.3675243750041171,1.0,0.0,1.0,1.0,1.8004335177528965,3.069932544404622,0.6347495133258627,1.8004335177528965,3.069932544404622
EURUSD,2023-01-02,1.07031,1.07087,1.06489,1.06656,6,54,0.0523212900935143,-0.5063953434052005,-0.3503657818762921,0.3640978771411841,0.0,0.0,0.0,5.0,0.905409199136448,-0.49866984680936677,-0.09973396936187336,0.905409199136448,-0.38461334390282265
EURUSD,2023-01-03,1.06646,1.06836,1.0517,1.0546,19,148,0.1781595184066925,-1.3840181535172331,-1.1120904675280818,0.4481048921275387,5.0,0.0,0.0,5.0,1.017543517990246,-0.44281827311645783,-0.08856365462329156,1.017543517990246,-0.43599758532725996
EURUSD,2023-01-04,1.05461,1.06354,1.0539,1.06033,89,7,0.8467585173665982,-0.0673234655465042,0.5423805956704324,0.4568749063021226,0.0,2.0,0.0,9.0,1.5718754053242932,-1.6147391405646885,-0.059855789395125286,1.5718754053242932,-1.1601037919182233
EURUSD,2023-01-05,1.0602,1.06314,1.0513,1.052,29,89,0.2773061686474196,-0.8394642520279315,-0.7734389737785309,0.4814603802925727,6.0,1.0,1.0,9.0,1.1620365577517058,-1.129037313124769,-0.019605308141562194,1.1800055542435013,0.2060914279512747
EURUSD,2023-01-06,1.052,1.0648,1.04816,1.06413,128,38,1.2167300380228063,-0.3650190114068503,1.1530418250950545,0.5438900150635668,6.0,4.0,2.0,5.0,2.4503428772188127,-15.971724596505151,-0.599794353549915,2.4503428772188127,-15.000955649338735
EURUSD,2023-01-09,1.06409,1.07606,1.0636,1.07292,120,5,1.1249048482741155,-0.0460487364790458,0.8298170267552666,0.5704897038003383,3.0,0.0,0.0,5.0,0.7669091632117759,-0.365722142115949,-0.0731444284231898,0.7669091632117759,0.11013163602887788
EURUSD,2023-01-10,1.0728,1.07595,1.071,1.07326,31,18,0.2936241610738242,-0.1677852348993311,0.0428784489187292,0.536711370519908,4.0,0.0,0.0,5.0,1.110526141751898,-0.9201261466917808,-0.18402522933835616,1.110526141751898,-0.9201261466917808
EURUSD,2023-01-11,1.07322,1.07775,1.0724,1.07562,45,8,0.4220942583999481,-0.0764055831982298,0.2236260971655352,0.5295114264867113,6.0,0.0,1.0,3.0,1.6993886535651104,2.1456619366139345,0.6131181150628608,1.6993886535651104,1.899303059006337
EURUSD,2023-01-12,1.07566,1.0867,1.07292,1.08522,110,27,1.0263466151014204,-0.2547273301972709,0.8887566703233375,0.5450180625467932,3.0,3.0,1.0,2.0,1.8200403582728693,-5.124846322389627,-0.23099155493007403,1.8200403582728693,-5.369330603086982
EURUSD,2023-01-13,1.08506,1.0868,1.0779,1.08302,17,72,0.1603597957716693,-0.6598713435201586,-0.1880080364219324,0.5372014678298092,3.0,1.0,1.0,6.0,1.3467155633049808,3.8782218084386875,0.265587280181175,1.3467155633049808,3.667437525568471
EURUSD,2023-01-16,1.08333,1.08741,1.08,1.08198,41,33,0.376616543435526,-0.3073855611863267,-0.1246157680485136,0.5398420222224215,2.0,0.0,0.0,2.0,0.3665474287356492,-0.3188140828641946,-0.1594070414320973,0.3665474287356492,-0.3188140828641946
EURUSD,2023-01-17,1.08205,1.08699,1.0773,1.07877,49,48,0.4565408252853329,-0.4389815627743664,-0.3031283212420821,0.5473292999815219,3.0,1.0,1.0,2.0,1.6601123463144414,3.2737035480621275,0.6090067861224643,1.6601123463144414,3.2737035480621275
EURUSD,2023-01-18,1.07872,1.08873,1.0765,1.0794,100,22,0.9279516463957352,-0.2057994660338075,0.0630376742806301,0.5438298283169868,4.0,4.0,0.0,8.0,2.0396546330477325,-7.226367228540493,-0.1450303165413883,2.106845225359917,-7.8134012243812405
EURUSD,2023-01-19,1.07928,1.084,1.0781,1.08308,47,12,0.4373285894299957,-0.1093321473574937,0.3520865762360115,0.545010045503395,4.0,0.0,2.0,6.0,4.461123022198697,-2.280359844457042,-0.14889554134751204,7.438017595739521,0.6965347290837826
EURUSD,2023-01-20,1.0831,1.0859,1.0801,1.08549,28,30,0.2585172190933557,-0.2769827347428577,0.2206629120118285,0.5449090652941947,3.0,0.0,1.0,1.0,0.5014726425328191,0.1322552335402375,0.15843196901826415,0.5014726425328191,0.1322552335402375
EURUSD,2023-01-23,1.08672,1.09267,1.0844,1.08715,60,23,0.5475191401649111,-0.2134864546525211,0.0395686101295782,0.5446266973750373,3.0,0.0,0.0,2.0,0.3352504666266586,0.41096299782327916,0.20548149891163958,0.27504149188805,0.3118560036379435
EURUSD,2023-01-24,1.0871,1.08979,1.0833,1.08851,27,38,0.2474473369515298,-0.3495538588906288,0.1297028792199552,0.5443137043585752,4.0,1.0,6.0,3.0,4.873658444583434,-1.5796966999381326,-0.04580339129950071,4.873658444583434,-1.3443560837433033
EURUSD,2023-01-25,1.08848,1.09237,1.0856,1.09154,39,29,0.35737909745702,-0.2645891518447738,0.2811259738350785,0.5391352624615989,2.0,0.0,1.0,2.0,0.9456615121163924,1.7433970272908885,0.2659118383914989,0.9456615121163924,1.7433970272908885
EURUSD,2023-01-26,1.0915,1.09294,1.0849,1.08916,14,66,0.1319285387082096,-0.6046724690792432,-0.2143838754008253,0.5384011123374164,2.0,1.0,5.0,4.0,1.2496737804027092,-4.539156156856321,-0.22807414758387873,1.2496737804027092,-4.6641984269000245
EURUSD,2023-01-27,1.08918,1.09002,1.0836,1.08649,8,56,0.0771222387484118,-0.5123120145430636,-0.2469747883729118,0.5394848989522264,3.0,1.0,2.0,6.0,0.5895789380411472,0.16587530114965177,-0.11679606186796826,0.5895789380411472,0.16587530114965177
EURUSD,2023-01-30,1.08644,1.09137,1.0837,1.0848,49,27,0.4537756341813518,-0.2521998453665149,-0.1509517322631793,0.5330591310544869,3.0,0.0,0.0,2.0,0.5878611335880126,-0.6656416072303518,-0.3328208036151759,0.5878611335880126,-0.6656416072303518
EURUSD,2023-01-31,1.08488,1.0875,1.08,1.08626,26,49,0.2415013642061651,-0.4498193348573109,0.1272030086276765,0.4528660142699542,6.0,1.0,1.0,13.0,2.034369903574184,-2.9887840875935314,-0.14758619256559366,2.034369903574184,-2.9887840875935314
EURUSD,2023-02-01,1.0861,1.1001,1.085,1.099,140,11,1.2890157444065935,-0.1012798084890986,1.1877359359174948,0.502924026435936,0.0,3.0,2.0,13.0,2.7415423268493235,5.586068405070026,0.3135256040691219,2.7415423268493235,6.163298591541682
EURUSD,2023-02-02,1.0989,1.10327,1.0885,1.09092,44,104,0.3976703976703963,-0.9464009464009432,-0.7261807261807351,0.4983139538467686,0.0,2.0,1.0,8.0,0.778940107377613,1.075013136753419,0.034200628909632755,0.778940107377613,1.075013136753419
EURUSD,2023-02-03,1.09086,1.09401,1.0791,1.07929,31,118,0.2887629943347438,-1.0780485121830476,-1.0606310617310983,0.5161617641152396,1.0,4.0,0.0,8.0,2.215186160165587,5.817375437801134,0.28786162861306747,2.215186160165587,6.337154826821323
EURUSD,2023-02-06,1.07814,1.0799,1.0708,1.07252,18,73,0.163244105589254,-0.6808021221733841,-0.5212681098929804,0.4994295156482419,3.0,0.0,0.0,3.0,0.9239226136140628,-0.5003033079770469,-0.1667677693256823,0.8998657517097352,-0.47624644607271926
EURUSD,2023-02-07,1.07251,1.07664,1.0667,1.07253,41,58,0.3850779946107697,-0.5417198907236382,0.0018647844775255,0.4993327554311728,3.0,0.0,0.0,5.0,0.9328578340360324,-0.01764125789305926,-0.0035282515786118516,0.9328578340360324,-0.39714356908492565
EURUSD,2023-02-08,1.07247,1.07607,1.0708,1.07099,36,17,0.3356737251391691,-0.155715311384007,-0.1379991981127608,0.49731257640004,4.0,0.0,1.0,5.0,0.532483215057439,-1.4887724293766014,-0.2124961393764627,0.532483215057439,-1.467722550184032
EURUSD,2023-02-09,1.07099,1.07907,1.07065,1.07398,81,3,0.7544421516540644,-0.0317463281636623,0.2791809447333612,0.4556799811284703,0.0,0.0,1.0,3.0,1.1395802337481051,3.1995924963144557,0.5150030656415876,1.1395802337481051,3.338723386790888
EURUSD,2023-02-10,1.07366,1.07527,1.0665,1.06754,16,72,0.1499543617159891,-0.6668777825382388,-0.5700128532310159,0.4695808929550285,5.0,1.0,1.0,1.0,4.709913752196648,6.931178411659793,1.8637937599549919,4.709913752196648,6.931178411659793
EURUSD,2023-02-13,1.06807,1.073,1.0654,1.07207,49,27,0.4615802335052832,-0.249983615306129,0.3745072888481095,0.4796087704287417,3.0,0.0,0.0,0.0,0.0,0.0,0.0,0.0,0.0
EURUSD,2023-02-14,1.07216,1.08044,1.0706,1.07366,83,16,0.7722727951052143,-0.1455006715415615,0.1399044918668908,0.4772232386768192,1.0,3.0,0.0,4.0,4.360631362705572,13.82167942768285,0.7102032268831949,4.360631362705572,13.830989186628681
EURUSD,2023-02-15,1.07361,1.07444,1.0659,1.0688,8,77,0.0773092650031304,-0.7181378712940345,-0.4480211622469967,0.4860539238292013,3.0,3.0,0.0,8.0,2.568797585419964,9.342599242431756,0.4327128745661542,2.568797585419964,9.110329157382958
EURUSD,2023-02-16,1.06871,1.07223,1.0653,1.06725,35,34,0.329369052408976,-0.3190762695212111,-0.1366133001469076,0.4771294781664276,4.0,2.0,2.0,7.0,2.304266895464404,8.429292634579115,0.3523990746669165,2.324895310914284,8.491177880928753
EURUSD,2023-02-17,1.06719,1.06983,1.0611,1.06929,26,61,0.2473786298597227,-0.570657521153698,0.1967784555702349,0.4763888341794118,3.0,0.0,0.0,5.0,0.6080388162417829,-1.0458315548231099,-0.20916631096462196,0.6080388162417829,-1.1148995035170468
EURUSD,2023-02-20,1.06868,1.07046,1.0669,1.06841,18,18,0.1665606168357125,-0.1665606168357333,-0.025264812666092,0.4758043770068032,1.0,0.0,0.0,1.0,0.6793279614008597,0.6793279614008597,0.6793279614008597,0.522480286773349,0.522480286773349
EURUSD,2023-02-21,1.0685,1.06981,1.0636,1.06457,13,49,0.1226017781937222,-0.4585868039307351,-0.3678053345811876,0.4774853228601661,1.0,1.0,7.0,3.0,1.616542818013131,8.222483455930055,0.3674755916067543,1.6227074101437466,8.510890408502178
EURUSD,2023-02-22,1.06464,1.06638,1.0598,1.06034,17,48,0.1634355275022613,-0.4546137661556916,-0.4038923955515451,0.473189833979221,3.0,0.0,1.0,3.0,0.5369352835405735,0.955615743514116,0.10467011499338563,0.5369352835405735,0.955615743514116
EURUSD,2023-02-23,1.06031,1.06276,1.0576,1.0596,24,27,0.2310645000047006,-0.25558563061746,-0.0669615489809573,0.4730386744636363,1.0,1.0,1.0,5.0,0.8244364561303577,0.894267598667529,0.16964874693421267,0.8244364561303577,-0.4440661542313689
EURUSD,2023-02-24,1.05934,1.06142,1.0535,1.05437,21,58,0.1963486699265657,-0.5512866501783984,-0.4691600430456623,0.4785622756488458,5.0,1.0,2.0,6.0,5.328409565143041,7.105660875376433,0.587874372582851,5.328409565143041,7.105660875376433
EURUSD,2023-02-27,1.05451,1.06198,1.0531,1.0608,75,14,0.7083858853875131,-0.1337113920209512,0.5964855714976536,0.5059695179378368,2.0,0.0,3.0,2.0,1.8750208148225045,4.694165126300645,0.4075511685594468,1.8750208148225045,4.694165126300645
EURUSD,2023-02-28,1.0609,1.06451,1.0572,1.05748,36,37,0.340277123197296,-0.3487604863794926,-0.322367800923742,0.5052598594457441,6.0,1.0,1.0,10.0,3.0201733519940657,-4.270548564332605,-0.2590917634219721,3.0201733519940657,-4.322997032632823
EURUSD,2023-03-01,1.05743,1.06914,1.0564,1.0666,117,10,1.1074019084005453,-0.0974059748635925,0.8671968830087948,0.4649365980505032,0.0,1.0,0.0,12.0,1.6495943398566426,-0.051480929673223694,-0.043893729244197516,1.6113525437910234,0.16486034207535938
EURUSD,2023-03-02,1.0666,1.0673,1.0575,1.05966,7,91,0.0656291018188564,-0.8531783236452172,-0.6506656666041577,0.4602083727058378,5.0,0.0,3.0,10.0,2.033048694094488,3.2918048258434953,0.278728491606075,2.033048694094488,4.636737216112909
EURUSD,2023-03-03,1.05963,1.06393,1.0587,1.06337,43,9,0.4058020252352208,-0.0877664845276273,0.3529533893906226,0.41731823485079,5.0,1.0,0.0,9.0,2.064336005368824,-2.5283974399379185,-0.2404356425705422,1.875008398466516,-2.409051114696896
EURUSD,2023-03-06,1.06237,1.06943,1.062,1.06791,71,4,0.664551898114599,-0.0348277906943891,0.5214755687754622,0.4224930211021729,0.0,0.0,0.0,3.0,0.562582034339119,-0.28663853946380635,-0.09554617982126878,0.8072731373234251,0.1211758048188476
EURUSD,2023-03-07,1.06791,1.06944,1.0544,1.0549,15,135,0.1432705003230638,-1.265087881937608,-1.2182674569954366,0.5009723334167089,3.0,0.0,0.0,3.0,0.5518381457187441,0.5714139844064324,0.19047132813547749,0.5518381457187441,0.5714139844064324
EURUSD,2023-03-08,1.0549,1.05738,1.0524,1.0543,25,25,0.2350933737795087,-0.2369892880841735,-0.0568774291401966,0.5007588923438587,4.0,2.0,1.0,8.0,2.735631363263606,0.3457842499490622,0.06199382644705697,2.735631363263606,1.5971105552087859
EURUSD,2023-03-09,1.0543,1.05912,1.05377,1.05791,48,5,0.4571753770274159,-0.0502703215403508,0.3424072844541299,0.5032750327972652,5.0,0.0,1.0,4.0,1.7212902050257752,2.938280129753359,0.24339798494551673,1.7212902050257752,3.2081889438782536
EURUSD,2023-03-10,1.05788,1.07007,1.0572,1.06387,122,7,1.1523046092184506,-0.0642795024010298,0.566226793209075,0.5076420697231839,4.0,3.0,0.0,2.0,1.726481526296233,3.3851802593204416,0.29294248174095405,1.6191710651515288,3.0632488758863294
EURUSD,2023-03-13,1.06938,1.07486,1.0649,1.07263,55,45,0.5124464643064139,-0.4189343357833548,0.3039144176999733,0.5050638305843297,3.0,0.0,0.0,0.0,0.0,0.0,0.0,0.0,0.0
EURUSD,2023-03-14,1.07273,1.07496,1.0677,1.07313,22,50,0.2078808274216209,-0.4688971129734293,0.0372880407931125,0.503938811417022,0.0,3.0,0.0,2.0,0.5191201679846772,-2.364761657437241,-0.17015276300468227,0.5989271485527536,-2.6041825991414704
EURUSD,2023-03-15,1.07317,1.076,1.0515,1.05766,28,217,0.263704725253232,-2.019251376762289,-1.445250985398391,0.5905138175973398,4.0,5.0,0.0,8.0,1.1268569257596095,-7.027785605690352,-0.1745376003226856,1.1268569257596095,-7.652163095685575
EURUSD,2023-03-16,1.0578,1.06356,1.0549,1.06125,58,29,0.5445263754963119,-0.2741539043297527,0.326148610323308,0.5967550065271218,5.0,2.0,1.0,6.0,2.794742872748771,0.8482264199072399,0.30222896420226514,2.794742872748771,0.8482264199072399
EURUSD,2023-03-17,1.06121,1.06853,1.06075,1.06639,73,5,0.6897786489007824,-0.0433467456959418,0.4881220493587473,0.6064646507002447,4.0,1.0,1.0,6.0,0.7958458418880493,-5.087648179069021,-0.36161704713594145,0.7958458418880493,-5.122546744967767
EURUSD,2023-03-20,1.06832,1.07309,1.0629,1.0719,48,54,0.4464954320802908,-0.5073386251310451,0.3351055863411842,0.6119790983452484,4.0,0.0,0.0,2.0,0.4141038449308176,0.4024836332234501,0.20124181661172505,0.4141038449308176,0.2540779742144381
EURUSD,2023-03-21,1.07192,1.07886,1.0702,1.07676,69,17,0.647436375848939,-0.1604597358011739,0.4515262333009884,0.6144104597694171,6.0,0.0,2.0,1.0,3.697622229354776,5.517524051947512,0.778504862080246,3.697622229354776,5.517524051947512
EURUSD,2023-03-22,1.0768,1.09125,1.0757,1.0858,145,11,1.341939078751864,-0.1021545319464969,0.8358098068350779,0.6308830901871554,2.0,1.0,0.0,3.0,0.2823869339087091,-0.7430759011526157,-0.11255713434437052,0.2823869339087091,-0.7428230753434778
EURUSD,2023-03-23,1.0859,1.093,1.0823,1.08321,71,36,0.6538355281333349,-0.331522239616912,-0.2477207846026412,0.6345305889428862,1.0,1.0,1.0,3.0,0.0799872970359473,-0.0933124776778853,-0.02458407369076058,0.4474156279230589,0.46211680722368376
EURUSD,2023-03-24,1.08325,1.08385,1.0712,1.07588,6,121,0.0553888760673837,-1.112393261020089,-0.6803600276944471,0.645820396996667,4.0,6.0,4.0,1.0,1.5869993201336277,12.31432321164831,0.3793469454116089,1.6422847456560017,12.6785761338061
EURUSD,2023-03-27,1.07645,1.08001,1.0743,1.07967,36,21,0.330716707696596,-0.1997305959403478,0.2991314041525385,0.6364201920339889,4.0,0.0,1.0,2.0,1.2537209382334635,1.492225534411045,0.0795015320591939,1.2537209382334635,1.492225534411045
EURUSD,2023-03-28,1.07963,1.08485,1.07937,1.08399,52,3,0.4834989765012089,-0.024082324500074,0.4038420570010021,0.6344528075959052,3.0,1.0,1.0,4.0,1.3272616303714966,2.856549975191592,0.38489035498977814,1.3272616303714966,2.8193954973061084
EURUSD,2023-03-29,1.08399,1.08713,1.0817,1.08395,31,23,0.2896705689166801,-0.2112565614073841,-0.0036900709416175,0.6077432329826368,5.0,0.0,1.0,2.0,1.179484524513532,-1.3200777338563887,-0.38091909925652656,1.179484524513532,-1.3200777338563887
EURUSD,2023-03-30,1.08403,1.09263,1.0823,1.09046,86,17,0.7933359777865872,-0.15958967925242,0.5931570159497371,0.5960065992725457,1.0,3.0,2.0,3.0,1.3649367595967197,-1.9536006790963174,-0.14592724240690957,1.3649367595967197,-1.4897033287490258
EURUSD,2023-03-31,1.09042,1.09257,1.0835,1.08381,22,69,0.1971717319931857,-0.6346178536710659,-0.6061884411511166,0.6137730294800262,5.0,1.0,4.0,10.0,3.788772942023911,-14.122013413976537,-0.708386824634308,3.788772942023911,-13.64615963583171
EURUSD,2023-04-03,1.08418,1.09166,1.0787,1.09006,75,55,0.6899223376192287,-0.5054511243520384,0.5423453670054887,0.6146119569419339,5.0,1.0,1.0,9.0,2.546137178160967,-8.14220933460359,-0.5139163380855839,2.546137178160967,-7.533506982999272
EURUSD,2023-04-04,1.09011,1.09733,1.0881,1.0954,72,20,0.6623184816211213,-0.1843850620579432,0.4852721285007951,0.5413257712703863,1.0,1.0,0.0,5.0,1.3291028058067147,-4.941794438226185,-0.38059813776879264,1.3291028058067147,-4.88861177582433
EURUSD,2023-04-05,1.09549,1.09696,1.089,1.09057,15,65,0.1341865284028024,-0.5924289587308059,-0.4491140950624867,0.5560630719736762,3.0,2.0,0.0,11.0,2.082806407862907,-6.615947385408458,-0.24442042887173226,2.0647562933899297,-6.839677340331591
EURUSD,2023-04-06,1.09058,1.09376,1.0883,1.09176,32,23,0.2915879623686442,-0.2090630673586586,0.1081993067908781,0.5537915484206679,3.0,1.0,0.0,4.0,0.9848035421256874,-3.067185006705322,-0.21951558449078945,0.9848035421256874,-3.067185006705322
EURUSD,2023-04-07,1.09177,1.0924,1.08759,1.09014,6,42,0.0577044615624289,-0.3828645227474515,-0.1492988449948064,0.5463176910949324,2.0,3.0,0.0,1.0,1.0134969039173694,-1.190569514727681,0.06970202442558812,1.0134969039173694,-0.8573401592582545
EURUSD,2023-04-10,1.08995,1.09173,1.083,1.0859,18,70,0.163310243589166,-0.6376439286205801,-0.3715766778292478,0.5526812298629507,5.0,0.0,0.0,1.0,0.8030222856791884,-0.8030222856791884,-0.8030222856791884,0.8030222856791884,-0.8030222856791884
EURUSD,2023-04-11,1.08586,1.0928,1.08569,1.09095,69,2,0.6391247490468335,-0.0156557935645482,0.4687528779032323,0.56061983319631,6.0,0.0,0.0,3.0,0.5502102562530631,-0.9845409258514266,-0.3281803086171422,0.4214560139594068,-0.8521140107837841
EURUSD,2023-04-12,1.09106,1.10004,1.09093,1.09914,90,1,0.8230528110278068,-0.0119150184224482,0.740564221949305,0.4524686452277084,5.0,3.0,1.0,3.0,1.0987122344741949,-8.84518306114361,-0.44456935676033554,1.6484042677064406,-11.317961532938497
EURUSD,2023-04-13,1.09914,1.10677,1.0975,1.10447,76,16,0.6941790854668218,-0.149207562275969,0.4849245773968791,0.4565698541302266,1.0,3.0,1.0,5.0,1.0095901482303724,-1.512171188911486,-0.01635467049276988,1.1935576795493634,-2.2798260550053966
EURUSD,2023-04-14,1.10459,1.10759,1.0971,1.0991,30,75,0.2715939850985536,-0.6780796494626963,-0.4970169927303339,0.4750756959763395,0.0,3.0,1.0,6.0,2.054375226308084,2.9075277333766025,0.23257673350505267,2.054375226308084,2.2501818849541415
EURUSD,2023-04-17,1.09926,1.09998,1.0908,1.09253,7,85,0.0654986081545816,-0.7696086458162684,-0.6122300456670763,0.5008317389693431,5.0,1.0,0.0,1.0,0.3970140501607423,1.3580642486874899,0.3586820581681624,0.3970140501607423,1.3580642486874899
EURUSD,2023-04-18,1.0925,1.0983,1.0921,1.09705,58,4,0.5308924485125883,-0.0366132723112087,0.4164759725400507,0.4995591337827688,3.0,0.0,1.0,5.0,1.7649883109668325,-3.533971429524682,-0.4869886559257734,1.7649883109668325,-3.533971429524682
EURUSD,2023-04-19,1.09706,1.0984,1.0916,1.09549,13,55,0.1221446411317629,-0.4976938362532606,-0.1431097661021138,0.4694919120938544,3.0,0.0,0.0,5.0,1.3152293123060466,-1.426009143028866,-0.2852018286057732,1.3152293123060466,-1.42354499093043
EURUSD,2023-04-20,1.0956,1.09895,1.0932,1.09668,34,24,0.3057685286601119,-0.2190580503833477,0.0985761226725257,0.4647179781908525,4.0,1.0,2.0,6.0,3.288290785917636,-2.5823161499704996,-0.3103737851500099,3.288290785917636,-2.8274456174343876
EURUSD,2023-04-21,1.09666,1.09938,1.0937,1.0988,27,30,0.2480258238651957,-0.2699104553827142,0.1951379643645278,0.4317250460861853,5.0,6.0,2.0,0.0,1.2031829583348157,4.100021823637302,0.14608513792613897,1.4919434814185586,3.9163064579221394
EURUSD,2023-04-24,1.09861,1.10502,1.0965,1.10441,64,21,0.5834645597618631,-0.1920608769263029,0.5279398512665827,0.4402218507067368,0.0,0.0,1.0,1.0,0.1948966749955472,0.28824112349526476,0.0466722242498588,0.1948966749955472,0.28824112349526476
EURUSD,2023-04-25,1.10445,1.10671,1.0963,1.09738,23,81,0.2046267372900675,-0.7379238535017321,-0.64013762506224,0.464951617360524,6.0,1.0,2.0,2.0,1.7932206235668715,0.7976822004364059,0.23624621233367624,1.7932206235668715,0.7976822004364059
EURUSD,2023-04-26,1.09729,1.10954,1.0967,1.104,122,6,1.116386734591573,-0.0537688304823784,0.6115065297232266,0.480639791761944,3.0,0.0,2.0,4.0,1.6346596921128724,4.973872370809235,0.4985789791408177,1.6346596921128724,5.0268586542839
EURUSD,2023-04-27,1.10409,1.10635,1.0991,1.1025,23,50,0.2046934579608481,-0.451955909391449,-0.1440099991848472,0.4681435121145764,3.0,2.0,2.0,3.0,1.192807788312643,-5.447273752179371,-0.19132603127693235,1.192807788312643,-5.447273752179371
EURUSD,2023-04-28,1.10235,1.10449,1.0961,1.1014,21,62,0.1941307207329823,-0.5669705628883628,-0.0861795255590335,0.443370169319412,1.0,3.0,4.0,11.0,0.930207803422464,1.1645391811018864,0.03815776652672204,0.930207803422464,1.1645391811018864
EURUSD,2023-05-01,1.10178,1.10355,1.0964,1.0975,18,54,0.1606491314055482,-0.4883007496959411,-0.388462306449569,0.4410591629269151,4.0,1.0,1.0,2.0,1.017543517990246,3.7641734690991195,0.4118293622899796,1.017543517990246,3.8072098955734424
EURUSD,2023-05-02,1.09744,1.1008,1.0941,1.10008,34,33,0.3061670797492373,-0.3043446566554799,0.2405598483743964,0.4311291582171107,6.0,1.0,2.0,11.0,2.47035214837654,-5.623578563275535,-0.2588776457006109,2.47035214837654,-4.780797182078812
EURUSD,2023-05-03,1.10008,1.10916,1.0999,1.10606,91,2,0.8253945167624153,-0.0163624463675229,0.5435968293215127,0.431353120136226,1.0,3.0,0.0,5.0,0.5690955905481297,1.4719882760812926,0.01957300470209731,0.702173480658084,1.170399847888011
EURUSD,2023-05-04,1.10609,1.10917,1.0986,1.10118,31,75,0.2784583532985536,-0.6771600864305795,-0.4439060112649033,0.4462048457116385,3.0,2.0,0.0,14.0,2.1505362595637982,-2.8302111422362066,-0.3007525532343548,2.1505362595637982,-2.2710999347077325
EURUSD,2023-05-05,1.10127,1.10478,1.09665,1.10174,35,46,0.3187229289820047,-0.4195156501130575,0.0426779990374722,0.4439183514406923,3.0,3.0,0.0,5.0,1.4471199139194622,-3.542558323828769,-0.337598206405783,1.574781126443775,-3.3309860123869655
EURUSD,2023-05-08,1.10209,1.10537,1.0998,1.10038,33,23,0.2976163471222812,-0.2077870228384163,-0.1551597419448593,0.435604499096544,1.0,0.0,0.0,3.0,1.7328913750157062,-1.9866389738917485,-0.6622129912972495,1.7328913750157062,-1.9866389738917485
EURUSD,2023-05-09,1.10038,1.10042,1.094,1.09537,0,64,0.0036351078718297,-0.579799705556247,-0.4552972609462148,0.4392951176534472,4.0,0.0,0.0,3.0,1.7991787807151505,-1.6796854504904382,-0.5598951501634793,1.7991787807151505,-1.6796854504904382
EURUSD,2023-05-10,1.09534,1.10068,1.094,1.0982,53,13,0.4875198568481131,-0.1223364434787277,0.2611061405591035,0.409813966306769,0.0,3.0,1.0,5.0,2.0428794673386568,4.746358939152102,0.20930030844818892,2.0428794673386568,4.616318357815233
EURUSD,2023-05-11,1.09811,1.09981,1.0899,1.09152,17,82,0.1548114487619669,-0.747648231962174,-0.6001220278478362,0.4130511357852617,0.0,3.0,1.0,2.0,1.4323032544532823,4.840840100725291,0.18103578514839117,1.4323032544532823,5.015823640758115
EURUSD,2023-05-12,1.0916,1.09355,1.08468,1.0847,20,69,0.1786368633199082,-0.633931843165978,-0.6320996702088592,0.421565779806711,4.0,1.0,1.0,2.0,1.2660400589812684,-4.025065517411591,-0.27871006114345004,1.2660400589812684,-4.025065517411591
EURUSD,2023-05-15,1.08528,1.08908,1.08392,1.0874,38,14,0.3501400560224113,-0.1253132832080226,0.1953412944124926,0.4050629230753356,3.0,1.0,0.0,2.0,1.2543421607573633,-3.1933848561926528,-0.8692579555056609,1.2026004033153008,-3.14164309875059
EURUSD,2023-05-16,1.08745,1.09046,1.0854,1.08611,30,21,0.2767943353717373,-0.1885144144558469,-0.1232240562784605,0.3916649832083173,2.0,2.0,1.0,9.0,12.136333805711264,9.259695249654925,0.8270136770588961,6.264129627394512,3.114685410457819
EURUSD,2023-05-17,1.08614,1.0874,1.0809,1.0839,13,52,0.1160071445669818,-0.4824424107389593,-0.2062349236746662,0.392667466218801,0.0,0.0,0.0,7.0,0.4949993487094256,0.5244244243737146,0.07491777491053066,0.4949993487094256,0.5244244243737146
EURUSD,2023-05-18,1.08389,1.0848,1.0761,1.07699,9,78,0.083956859090864,-0.7187076179317056,-0.6365959645351584,0.4112188987119479,4.0,1.0,2.0,2.0,1.1345117333552408,-4.429058762277872,-0.2872777534552086,1.1345117333552408,-4.487704140007439
EURUSD,2023-05-19,1.07697,1.08287,1.0759,1.08019,59,11,0.5478332729788218,-0.0993528139130991,0.2989869727104748,0.4157022140650169,3.0,0.0,0.0,1.0,0.6416841637308363,0.6416841637308363,0.6416841637308363,0.6416841637308363,0.6416841637308363
EURUSD,2023-05-22,1.08061,1.08313,1.0794,1.0812,25,12,0.2332016176048579,-0.1119737925801311,0.0545987914233505,0.3914683386297121,1.0,0.0,0.0,2.0,0.9519607527609688,-0.5468974611076608,-0.2734487305538304,0.9519607527609688,-0.6267142879976408
EURUSD,2023-05-23,1.08111,1.08204,1.0759,1.07723,9,52,0.086022698892793,-0.4819121088510824,-0.3588903996818183,0.3762991998570983,2.0,6.0,4.0,1.0,1.0576476591590958,-4.658612664127315,-0.1663189711991422,0.9992768099265298,-5.015329496430441
EURUSD,2023-05-24,1.07728,1.08013,1.0747,1.07495,29,26,0.2645551759988136,-0.2394920540620847,-0.2162854596762163,0.3375566555114896,2.0,0.0,1.0,2.0,0.8883507435873181,-2.5160293325139973,-0.5425595296422263,0.8883507435873181,-2.5160293325139973
EURUSD,2023-05-25,1.07495,1.07567,1.07071,1.07277,7,42,0.0669798595283345,-0.3944369505558417,-0.2028001302386223,0.337844868229625,3.0,2.0,2.0,3.0,0.3549849639179949,1.6052879890982643,0.10006835394869419,0.9334305916893252,4.099806505605296
EURUSD,2023-05-26,1.07278,1.07586,1.07,1.0725,31,28,0.287104532150112,-0.2591398049926364,-0.0261004120136521,0.3386467512990139,3.0,1.0,3.0,5.0,1.777616463232528,-0.5248293765676249,-0.0922517694522349,1.777616463232528,-0.7350904571311707
EURUSD,2023-05-29,1.0721,1.07435,1.0704,1.07088,22,17,0.2098684824176721,-0.1585672978266985,-0.1137953549109223,0.3335897379300521,4.0,0.0,0.0,0.0,0.0,0.0,0.0,0.0,0.0
EURUSD,2023-05-30,1.07088,1.07466,1.0671,1.07325,38,38,0.3529807261317696,-0.3529807261317903,0.2213133124159554,0.3325005568490037,0.0,1.0,1.0,5.0,2.777985360760852,-7.039338727199899,-0.833469656351944,2.777985360760852,-7.039338727199899
EURUSD,2023-05-31,1.07319,1.0736,1.0634,1.06856,4,98,0.0382038595216151,-0.9122336212599992,-0.4314240721587168,0.2986601304596676,6.0,2.0,0.0,7.0,1.5563927688406944,-3.221734860891363,-0.3251728343628762,1.5563927688406944,-3.221734860891363
EURUSD,2023-06-01,1.06856,1.07684,1.0661,1.07597,83,25,0.7748745975892851,-0.2302163659504292,0.6934566145092591,0.3490710113417409,0.0,4.0,2.0,18.0,1.9076127906805636,-6.578080154253274,-0.15434956275524672,1.9076127906805636,-5.46691187639592
EURUSD,2023-06-02,1.07592,1.0779,1.0704,1.0706,20,55,0.1840285523087304,-0.5130492973455247,-0.4944605546880801,0.3565181930242014,3.0,3.0,0.0,2.0,2.53574894446684,6.498404164846907,0.5115531110956064,2.354269343068905,5.953965360653101
EURUSD,2023-06-05,1.07059,1.07225,1.0673,1.07102,17,33,0.1550546894702916,-0.3073071857573875,0.0401647689591862,0.3589322761469948,2.0,1.0,0.0,10.0,1.4760468559977913,-8.473620169287628,-0.6543225369882001,1.8365394644606725,-8.688912245716201
EURUSD,2023-06-06,1.07116,1.07329,1.0666,1.06934,21,46,0.1988498450278378,-0.4257067104820846,-0.169909257253812,0.3511855700354989,3.0,0.0,0.0,3.0,0.3466994014133359,0.579826486751107,0.19327549558370236,0.7392144440729336,0.9723415294107047
EURUSD,2023-06-07,1.06943,1.07398,1.0667,1.06982,45,27,0.4254602919311999,-0.2552761751587407,0.0364680250226653,0.3417414228664709,6.0,0.0,0.0,5.0,0.6106828904531815,-0.49439783677499366,-0.09887956735499873,1.0731126607729908,-1.5010200424642381
EURUSD,2023-06-08,1.06983,1.07871,1.0695,1.07817,89,3,0.8300384173186393,-0.0308460222652349,0.7795631081573721,0.3797472043882551,1.0,1.0,0.0,6.0,2.923143978231325,4.34443150017393,0.08823914776601367,2.923143978231325,4.34443150017393
EURUSD,2023-06-09,1.07812,1.07851,1.0742,1.0746,4,39,0.0361740808073417,-0.3635958891403483,-0.3264942677994998,0.3614161928486556,3.0,0.0,0.0,1.0,0.591149404031486,-0.591149404031486,-0.591149404031486,0.591149404031486,-0.591149404031486
EURUSD,2023-06-12,1.07447,1.07901,1.07329,1.07565,45,12,0.4225339004346318,-0.1098215864565747,0.1098215864565747,0.3588661608378517,5.0,0.0,1.0,1.0,0.6071196790212241,-0.2775350280856106,-0.2211636767767087,0.7195187394022529,0.8319177997832814
EURUSD,2023-06-13,1.07568,1.08235,1.07557,1.07887,67,1,0.6200728841291048,-0.0102260895433636,0.2965565967574024,0.3667681185889244,5.0,3.0,1.0,5.0,1.2596073236816252,-5.465850875788135,-0.10497590072017134,1.4863787661606649,-6.108457732696338
EURUSD,2023-06-14,1.0789,1.0864,1.0773,1.08311,75,16,0.6951524701084496,-0.1482991936231389,0.3902122532208775,0.3760385965631533,6.0,3.0,0.0,4.0,2.7590535327235672,-3.7849276101418754,0.04457538932460181,2.7590535327235672,-3.991084315099866
EURUSD,2023-06-15,1.0831,1.09527,1.0802,1.09413,122,29,1.123626627273568,-0.2677499769180965,1.0183731880712856,0.4097998740611672,3.0,5.0,2.0,6.0,1.634592675777545,-2.2352781187459527,-0.14163111266991413,1.634592675777545,-2.6619743422667246
EURUSD,2023-06-16,1.09413,1.09707,1.09178,1.09401,29,24,0.2687066436346634,-0.214782521272616,-0.0109676181075484,0.4069319765510078,2.0,1.0,1.0,4.0,1.9419082570645436,-0.4442678059617089,-0.18581318166111602,1.9419082570645436,-0.4442678059617089
EURUSD,2023-06-19,1.09385,1.09462,1.0905,1.09213,8,33,0.0703935640169984,-0.3062577135804694,-0.1572427663756405,0.4099482842999644,3.0,0.0,0.0,1.0,1.3436889245045056,1.3436889245045056,1.3436889245045056,1.3436889245045056,1.3436889245045056
EURUSD,2023-06-20,1.09213,1.09462,1.0891,1.09164,25,30,0.2279948357796124,-0.2774394989607545,-0.0448664536273247,0.3991791913927081,6.0,0.0,0.0,4.0,2.5512199967689506,0.9852465581193224,0.2463116395298306,2.5512199967689506,0.8607012002683452
EURUSD,2023-06-21,1.0917,1.0991,1.0904,1.09836,74,13,0.6778418979573211,-0.1190803334249204,0.610057708161593,0.4106344799514205,2.0,0.0,0.0,1.0,0.2236080953103282,-0.2236080953103282,-0.2236080953103282,0.2236080953103282,-0.2236080953103282
EURUSD,2023-06-22,1.09838,1.10122,1.09483,1.09554,28,35,0.2585626103898629,-0.3232032629873033,-0.2585626103898427,0.4130586686580635,0.0,1.0,1.0,5.0,0.4276497938678123,0.9650912385756691,0.07848082516982001,0.3414892501053297,0.982045998477963
EURUSD,2023-06-23,1.09548,1.09585,1.08443,1.0891,4,111,0.0337751487932213,-1.0086902545003107,-0.5823931062182836,0.4403968798678933,3.0,6.0,2.0,1.0,1.7796946337445805,-22.236480730912067,-0.9177425736110274,1.7796946337445805,-23.425512867709216
EURUSD,2023-06-26,1.08998,1.09201,1.08873,1.09057,20,12,0.1862419493935647,-0.1146810033211594,0.0541294335675966,0.4380965372895855,5.0,0.0,1.0,0.0,1.6260834524870358,-3.252166904974072,-1.6260834524870358,1.6260834524870358,-3.252166904974072
EURUSD,2023-06-27,1.09056,1.09768,1.0902,1.09598,71,4,0.6528755868544615,-0.0330105633802739,0.496992370892017,0.4467405341955736,1.0,1.0,4.0,2.0,1.169112245627499,8.386940541773392,0.49116558396225407,1.169112245627499,8.386940541773392
EURUSD,2023-06-28,1.09603,1.09627,1.08967,1.09125,2,64,0.0218972108427705,-0.580276087333389,-0.4361194492851479,0.4470370077951773,1.0,0.0,0.0,7.0,1.0082307467403018,-1.8181768946040775,-0.25973955637201107,1.0082307467403018,-1.7847485009395352
EURUSD,2023-06-29,1.09129,1.09414,1.08599,1.08625,28,53,0.2611588120481079,-0.4856637557386288,-0.4618387413061748,0.4412249487941321,5.0,3.0,3.0,1.0,2.125761202060474,-0.26990544887402446,-0.13807474667142725,2.125761202060474,1.8380924676612003
EURUSD,2023-06-30,1.08639,1.09318,1.0835,1.09074,68,29,0.6250057529984696,-0.2660186489198224,0.4004086930108042,0.4288975327965351,3.0,1.0,3.0,12.0,1.158665111002659,-1.5345838910356318,-0.00980836116427608,1.158665111002659,-1.0587301128908047
EURUSD,2023-07-03,1.09076,1.09339,1.087,1.091,26,38,0.2411162858924174,-0.3447137775495971,0.0220030070776355,0.4290260641440715,2.0,1.0,2.0,7.0,1.3502799337393592,-6.5450952491843735,-0.4361120897279118,1.3502799337393592,-6.9312055502654495
EURUSD,2023-07-04,1.09102,1.09163,1.0875,1.08791,6,35,0.0559109823834576,-0.322633865557019,-0.28505435280748,0.4334236198414704,2.0,0.0,0.0,2.0,0.2959296363524622,-0.16779966585759803,-0.08389983292879902,0.2959296363524622,-0.16779966585759803
EURUSD,2023-07-05,1.08793,1.09079,1.085,1.08545,29,29,0.2628845605875252,-0.2693187980844447,-0.227955842747239,0.4389017522057866,4.0,0.0,0.0,10.0,0.9976891498370206,-2.4452532617364433,-0.24452532617364434,1.0639603647008902,-2.602958555485493
EURUSD,2023-07-06,1.08543,1.09006,1.0833,1.0888,46,21,0.4265590595432348,-0.1962355932671812,0.3104760325401081,0.4105695329986532,6.0,4.0,0.0,8.0,6.198354198374418,10.988459628854592,0.6481260208964547,6.198354198374418,11.891149119857092
EURUSD,2023-07-07,1.08885,1.09733,1.08668,1.0964,85,22,0.7788033246085154,-0.1992928318868535,0.6933921109427327,0.4249697807316256,4.0,3.0,0.0,4.0,1.0114694648917182,-1.6807333290435427,0.080167714083393,1.0114694648917182,-1.3531835924223359
EURUSD,2023-07-10,1.09648,1.10014,1.0942,1.09995,37,23,0.3337954180650807,-0.2079381292864291,0.3164672406245516,0.427803853474309,3.0,0.0,0.0,2.0,1.986584982330365,1.8747933165521742,0.9373966582760871,1.986584982330365,1.8747933165521742
EURUSD,2023-07-11,1.09996,1.10273,1.0976,1.10051,28,24,0.2518273391759645,-0.2145532564820665,0.0500018182479408,0.4256069672739072,6.0,0.0,1.0,6.0,0.8879188008136705,-0.7363110122860196,-0.01356233662896814,0.8879188008136705,-0.7363110122860196
EURUSD,2023-07-12,1.1006,1.11403,1.1004,1.11282,134,2,1.2202435035435264,-0.0181719062329618,1.110303470834081,0.4790136746412359,6.0,3.0,1.0,2.0,1.5623858876658103,-5.610325467708853,-0.22556901806818289,1.9721417568513115,-6.696755105014369
EURUSD,2023-07-13,1.11283,1.12284,1.11272,1.12235,100,1,0.8995084604117497,-0.0098847083561778,0.8554765777342427,0.4642876407101565,3.0,3.0,0.0,5.0,0.6168460600675084,-1.426414199298184,-0.10919008780176585,0.6168460600675084,-1.4872143136247478
EURUSD,2023-07-14,1.12231,1.12449,1.1204,1.12264,22,19,0.1942422325382533,-0.1701847083247816,0.0294036407053455,0.463763215629517,3.0,1.0,1.0,4.0,2.0285040600370863,8.572261912208898,0.745123268985968,2.0285040600370863,8.3751295758111
EURUSD,2023-07-17,1.12281,1.12488,1.12028,1.12354,21,25,0.1843588852967123,-0.2253275264737705,0.0650154523026956,0.4592915994038555,3.0,1.0,0.0,0.0,0.0615376131628713,0.1846128394886141,0.0615376131628713,0.0615376131628713,0.1846128394886141
EURUSD,2023-07-18,1.12361,1.12758,1.1208,1.12274,40,28,0.3533254421017994,-0.250086773880615,-0.0774290011658784,0.4600231269636199,2.0,2.0,1.0,3.0,1.2023893117324695,-1.1875363358281108,-0.0939782039654561,1.2023893117324695,-1.6125327140410004
EURUSD,2023-07-19,1.12274,1.12403,1.11742,1.11998,13,53,0.1148974829435143,-0.473840782371697,-0.2458271728093855,0.4531889173231949,0.0,1.0,1.0,5.0,1.030817434956434,-4.524932055156167,-0.24567204214663982,1.030817434956434,-4.524932055156167
EURUSD,2023-07-20,1.11999,1.12291,1.1117,1.11339,29,83,0.2607166135411953,-0.740185180224835,-0.5892909758122786,0.4722650033762022,3.0,1.0,2.0,5.0,0.6185725889175171,-1.9525821266183474,-0.03290703223260849,0.6185725889175171,-1.9538303282051643
EURUSD,2023-07-21,1.11348,1.1145,1.11076,1.11245,10,27,0.0916046987821982,-0.2442791967525286,-0.0925027840643825,0.4484847222514354,0.0,0.0,0.0,0.0,0.0,0.0,0.0,0.0,0.0
EURUSD,2023-07-24,1.11312,1.1147,1.10599,1.10627,16,71,0.1419433663935528,-0.6405419002443654,-0.6153873796176532,0.4761741588405809,3.0,6.0,2.0,0.0,2.1437987960744453,-6.768703769222395,-0.3140228509185109,2.039252269961117,-7.797781731177835
EURUSD,2023-07-25,1.10625,1.10869,1.10205,1.1057,24,42,0.2205649717514122,-0.3796610169491509,-0.0497175141242983,0.4657029879784597,4.0,1.0,2.0,3.0,1.0419180251042544,1.101956043945338,-0.03050267182260989,1.0419180251042544,1.101956043945338
EURUSD,2023-07-26,1.10568,1.11068,1.10375,1.10866,50,19,0.4522104044569761,-0.1745532161203953,0.2695174010563619,0.4544393115757398,0.0,1.0,1.0,3.0,1.1925832281119753,-3.3478227107632046,-0.5265579452362471,1.1925832281119753,-3.3478227107632046
EURUSD,2023-07-27,1.10867,1.11497,1.0964,1.09764,63,123,0.5682484418266908,-1.1067314890815123,-0.9948857640235684,0.5007803399785049,4.0,3.0,4.0,6.0,1.9799971066731008,-5.765972957985091,-0.28005077218681046,1.9799971066731008,-5.7505660078298515
EURUSD,2023-07-28,1.09768,1.10475,1.09434,1.10147,71,33,0.6440857080387644,-0.3042781138400899,0.345273668099989,0.4988818999963675,2.0,4.0,1.0,8.0,1.1746197953802242,-5.662090212646803,-0.07355476118790376,1.1746197953802242,-5.662090212646803
EURUSD,2023-07-31,1.1018,1.10459,1.0992,1.09968,28,26,0.2532220003630487,-0.2359774913777396,-0.1924124160464603,0.5016859515913802,4.0,0.0,2.0,6.0,1.754056858156479,0.04658133103880141,0.054800441179219804,1.754056858156479,0.04658133103880141
EURUSD,2023-08-01,1.09966,1.10195,1.0951,1.10181,23,46,0.2082461851845027,-0.4146736263936234,0.195514977356626,0.4971009619251622,0.0,2.0,1.0,11.0,1.026330719817852,0.08500812811767784,-0.043200838042453775,1.026330719817852,-0.20070995535287212
EURUSD,2023-08-02,1.10178,1.10181,1.0917,1.09381,0,101,0.0027228666339899,-0.91488318902141,-0.7233749024306153,0.523719276017497,3.0,1.0,0.0,2.0,4.301614643741366,-4.718578758429066,-1.4392873838557374,4.301614643741366,-4.718578758429066
EURUSD,2023-08-03,1.09383,1.09629,1.0911,1.09483,25,27,0.2248978360439836,-0.2495817448780999,0.0914218845707184,0.5198874863370401,5.0,2.0,0.0,17.0,0.953248800083713,-1.0729089084719972,-0.05910352608504181,0.953248800083713,-1.035649601430572
EURUSD,2023-08-04,1.09472,1.1042,1.0934,1.10072,95,13,0.8659748611517243,-0.1205787781350471,0.5480853551593107,0.5109502837303559,3.0,3.0,0.0,5.0,0.6563614272061098,-4.557571098213438,-0.30489039795266026,0.5452849753829675,-4.048566806411043
EURUSD,2023-08-07,1.10105,1.10139,1.0964,1.10029,3,47,0.0308796149130381,-0.422324145134194,-0.0690250215703277,0.506219922981733,1.0,0.0,0.0,2.0,1.63871148057577,-1.6618886560336468,-0.8309443280168234,1.63871148057577,-1.6618886560336468
EURUSD,2023-08-08,1.10031,1.10111,1.0928,1.09535,8,75,0.0727067826339971,-0.6825349219765253,-0.4507820523306935,0.515679402352534,4.0,0.0,0.0,7.0,1.1129786487913609,-0.5208582857358623,-0.07440832653369463,1.1129786487913609,-0.1747327762582438
EURUSD,2023-08-09,1.09536,1.09954,1.095,1.09759,42,4,0.3816096990943683,-0.0328659070990282,0.2035860356412664,0.4452434903611225,3.0,0.0,1.0,2.0,0.2868158439586775,-0.15254504266856922,-0.018615147331532272,0.2868158439586775,0.2051442726956613
EURUSD,2023-08-10,1.09761,1.10652,1.0966,1.09801,89,10,0.8117637412195564,-0.0920181120798785,0.036442816665296,0.3893248837304762,1.0,4.0,0.0,4.0,1.4559016301312768,4.405577742629956,0.2551334070736462,1.4559016301312768,5.229290981578846
EURUSD,2023-08-11,1.09828,1.1005,1.09418,1.09436,22,41,0.2021342462760053,-0.373310995374585,-0.3569217321630116,0.3913191069285193,1.0,3.0,1.0,2.0,1.7089922033569476,3.943608953487324,0.19876451234513817,1.7089922033569476,3.857299624238481
EURUSD,2023-08-14,1.09475,1.09602,1.08745,1.09046,13,73,0.1160082210550449,-0.6668189084265689,-0.391870290020544,0.39235442100565,3.0,0.0,0.0,2.0,0.7418981470081045,-0.8655180019786063,-0.43275900098930314,0.7418981470081045,-0.8655180019786063
EURUSD,2023-08-15,1.09048,1.09525,1.08965,1.09027,48,8,0.4374220526740668,-0.0761132712200027,-0.019257574646011,0.3931976873950498,2.0,3.0,1.0,4.0,2.4716227623655027,0.03621576260996151,0.1320314378111018,2.4716227623655027,-0.24722880043900108
EURUSD,2023-08-16,1.09024,1.09346,1.08713,1.08805,32,31,0.2953478133255063,-0.2852582917522901,-0.2008732022307139,0.3927798427438181,3.0,0.0,2.0,8.0,1.1411389079846683,2.137917014139527,0.14069783645639347,1.1411389079846683,2.094781346173904
EURUSD,2023-08-17,1.08813,1.09182,1.0856,1.08672,37,25,0.3391138926415015,-0.2325089833016407,-0.1295801053183106,0.3791065189940578,3.0,1.0,1.0,3.0,8.669261473347067,7.459426298922994,1.7044144667006915,4.43065118696175,3.1656185862543205
EURUSD,2023-08-18,1.08673,1.0894,1.08447,1.08711,27,23,0.2456912020465019,-0.2079633395599577,0.0349672871826531,0.38083478875518,4.0,0.0,0.0,2.0,0.0485482141841549,-0.0392411001770313,-0.01962055008851565,0.0485482141841549,-0.0392411001770313
EURUSD,2023-08-21,1.08742,1.09137,1.08692,1.08943,39,5,0.3632451122841126,-0.0459803939600103,0.1848411837192478,0.368261395984894,0.0,0.0,0.0,1.0,1.075704353139675,-1.075704353139675,-1.075704353139675,1.075704353139675,-1.075704353139675
EURUSD,2023-08-22,1.08953,1.09305,1.08328,1.08445,35,63,0.3230750874230143,-0.573641845566445,-0.4662560920764178,0.3779054450527332,4.0,0.0,2.0,1.0,0.4809879706312561,0.01186920852316753,0.08214286319240394,0.8273708987413138,0.3582521366332252
EURUSD,2023-08-23,1.08448,1.08715,1.0801,1.08619,27,44,0.246200944231332,-0.4038802006491636,0.1576792564178111,0.3728772111422123,1.0,7.0,3.0,2.0,2.129683846381712,-10.840711880604355,-0.31436845856569157,2.129683846381712,-11.246510994006828
EURUSD,2023-08-24,1.08618,1.08767,1.0803,1.08126,15,59,0.1371779999631729,-0.541346738109695,-0.4529635971938181,0.3213039760593202,2.0,1.0,2.0,1.0,0.5207081493140723,-2.69380787562403,-0.29555220347216565,0.5207081493140723,-2.69380787562403
EURUSD,2023-08-25,1.0812,1.08418,1.0765,1.0793,30,47,0.2756196818349966,-0.4347021827598896,-0.1757306696263423,0.305504865866913,4.0,2.0,0.0,3.0,2.128726947557593,-5.1003979857795105,-0.07029784568159148,2.128726947557593,-5.1003979857795105
EURUSD,2023-08-28,1.07957,1.08232,1.0793,1.08187,28,3,0.2547310503255954,-0.0250099576683302,0.2130477875450587,0.3130265613330183,6.0,0.0,0.0,2.0,2.8546522627556694,-4.318342081120106,-2.159171040560053,2.8546522627556694,-4.318342081120106
EURUSD,2023-08-29,1.08191,1.0892,1.0782,1.08785,73,37,0.6738083574419331,-0.3429120721686536,0.5490290319897271,0.3388287997504009,5.0,3.0,0.0,2.0,1.17441637976346,-5.76056454121222,-0.41544718036803313,1.17441637976346,-5.76056454121222
EURUSD,2023-08-30,1.08781,1.09456,1.08549,1.09228,68,23,0.6205127733703527,-0.2132725384028348,0.4109173476985847,0.3181637180505965,0.0,4.0,2.0,5.0,0.9439104027971242,-2.7758947533101765,-0.09667487407925984,0.9439104027971242,-5.0303816760738895
EURUSD,2023-08-31,1.09227,1.09394,1.08348,1.08415,17,88,0.1528925998150492,-0.8047460792661224,-0.7434059344301434,0.356085188418633,0.0,2.0,2.0,13.0,3.785779488717236,9.270155110246954,0.6109206383525596,3.785779488717236,9.746008888391781
EURUSD,2023-09-01,1.08414,1.08819,1.07706,1.07733,40,71,0.3735679893740556,-0.6530521888317188,-0.6281476562067818,0.3481243863582532,4.0,4.0,1.0,9.0,2.466383165766497,9.207450663153203,0.17605754805359958,2.2912609192474105,8.122373574111775
EURUSD,2023-09-04,1.07739,1.0809,1.07712,1.07938,35,3,0.3257873193550991,-0.0250605630273153,0.1847056312013232,0.3544430351330124,0.0,0.0,0.0,3.0,0.3568332450439767,-0.0442433243122229,-0.014747774770740968,0.3568332450439767,-0.0442433243122229
EURUSD,2023-09-05,1.07943,1.07985,1.07062,1.07226,4,88,0.0389094244184511,-0.8161714979201973,-0.6642394597148402,0.3684349048902074,3.0,0.0,0.0,7.0,1.1960341601422706,-4.8744522823548335,-0.6963503260506905,1.1960341601422706,-5.031781607831235
EURUSD,2023-09-06,1.07221,1.07489,1.07021,1.07225,27,20,0.2499510357112686,-0.1865306236651403,0.0037306124732858,0.3620601016609419,2.0,1.0,0.0,6.0,1.0239592562788693,0.8388909829278965,-0.06643417099663153,1.0161616637505102,1.1015359583517486
EURUSD,2023-09-07,1.07239,1.0732,1.0686,1.06962,8,38,0.0755322224190805,-0.3534162011954569,-0.2583015507417953,0.3612393752528377,3.0,1.0,0.0,12.0,0.9942822801053918,-4.101896418454589,-0.20119534850165327,0.9942822801053918,-4.101896418454589
EURUSD,2023-09-08,1.06969,1.07439,1.0692,1.0699,47,5,0.4393796333517118,-0.0458076639026354,0.0196318559582723,0.3590035283252391,5.0,0.0,0.0,3.0,1.7328913750157062,-1.3829539634445183,-0.4609846544815061,1.7328913750157062,-1.3829539634445183
EURUSD,2023-09-11,1.07147,1.07594,1.07064,1.07484,45,8,0.4171838688904005,-0.077463671404695,0.3145211718480308,0.3653952701274846,3.0,0.0,0.0,1.0,0.6556840859333938,-0.6556840859333938,-0.6556840859333938,0.6556840859333938,-0.6556840859333938
EURUSD,2023-09-12,1.07493,1.07692,1.07052,1.0759,20,44,0.1851283339380386,-0.4102592726968291,0.0902384341306073,0.3672208284145071,1.0,0.0,1.0,4.0,0.7987950865220631,-0.7839511993088881,-0.13363044269112984,0.7987950865220631,-0.38644682440828315
EURUSD,2023-09-13,1.07589,1.07648,1.07109,1.07292,6,48,0.0548383199026006,-0.4461422636143021,-0.2760505256113466,0.3689275964879256,0.0,3.0,0.0,6.0,1.2702955022163511,7.075205643328872,0.21953672413307895,1.2702955022163511,8.23893916047157
EURUSD,2023-09-14,1.07294,1.07521,1.06315,1.0642,23,98,0.2115682144388311,-0.9124461759278212,-0.8145842265177894,0.4037710099448543,4.0,6.0,0.0,2.0,0.4376671711605959,0.6977794254253982,0.0504582176604812,0.4376671711605959,0.2751451895599324
EURUSD,2023-09-15,1.06421,1.0688,1.06328,1.06596,46,9,0.4313058512887373,-0.0873887672545923,0.1644412287048532,0.407337990349418,4.0,2.0,2.0,5.0,1.9583458325976215,-0.585541245412402,0.08183157043777466,1.9583458325976215,-0.684900775968007
EURUSD,2023-09-18,1.06626,1.06988,1.0654,1.06918,36,9,0.3395044360662462,-0.080655750004697,0.2738544069926691,0.4111895837752687,3.0,0.0,0.0,1.0,1.1065283973264108,-1.1065283973264108,-1.1065283973264108,1.1065283973264108,-1.1065283973264108
EURUSD,2023-09-19,1.06914,1.0718,1.0672,1.06795,27,19,0.24879809940701,-0.1814542529509749,-0.1113044128926075,0.402336577087422,2.0,0.0,1.0,5.0,1.4777966519912669,0.5491184968050034,-0.15477969253104393,1.4777966519912669,0.47452252607216705
EURUSD,2023-09-20,1.06793,1.0737,1.0649,1.06633,58,30,0.5402975850477141,-0.2837264614722021,-0.1498225539127139,0.3983439688957177,3.0,1.0,0.0,2.0,0.6675455635944747,-0.5631160064174914,0.04740383975580923,0.6675455635944747,-0.5631160064174914
EURUSD,2023-09-21,1.06635,1.06735,1.06165,1.06584,10,47,0.0937778402963484,-0.4407558493927816,-0.0478266985511333,0.3897945221697697,2.0,1.0,2.0,4.0,1.2400526211089258,-5.386341329383577,-0.36427304381351916,1.2400526211089258,-4.86992900736873
EURUSD,2023-09-22,1.06582,1.06717,1.06147,1.06432,13,44,0.1266630387870336,-0.4081364583137937,-0.14073670976338,0.3894312646581286,0.0,6.0,2.0,0.0,1.422458580053075,0.6762765359003089,0.03950425090187549,1.422458580053075,0.6223438038958153
EURUSD,2023-09-25,1.06445,1.06555,1.05753,1.05922,11,69,0.1033397529240547,-0.6501009911221585,-0.4913335525388554,0.3933166964806615,2.0,1.0,0.0,1.0,0.0432571253780117,-0.12332394192068209,-0.03497303211278425,0.0432571253780117,-0.12332394192068209
EURUSD,2023-09-26,1.05915,1.0609,1.05618,1.05698,17,30,0.1652268328376451,-0.2804135391587725,-0.20488127271869,0.3610569639158981,0.0,1.0,3.0,1.0,1.0267507406698595,-1.431560071504666,-0.014495963295159143,1.0267507406698595,-1.431560071504666
EURUSD,2023-09-27,1.05698,1.0574,1.04878,1.05052,4,82,0.0397358511986854,-0.7757951900698201,-0.6111752351037988,0.3491109180371005,6.0,0.0,2.0,5.0,3.8502318291044895,-5.54868073027856,-0.7668278685349633,3.8502318291044895,-5.54868073027856
EURUSD,2023-09-28,1.05051,1.0579,1.04908,1.05635,74,14,0.7034678394303726,-0.1361243586448527,0.5559204576824442,0.3641274092603953,3.0,4.0,2.0,2.0,3.217274302576277,-7.753349633686152,-0.4424438593487574,3.217274302576277,-7.183643831059438
EURUSD,2023-09-29,1.05639,1.0617,1.05577,1.05709,53,6,0.5026552693607614,-0.0586904457633869,0.0662634065070802,0.3478303267855038,0.0,2.0,3.0,11.0,1.2974702244845826,-5.448586050145506,-0.13459146031544872,1.2974702244845826,-5.403811498956544
EURUSD,2023-10-02,1.05676,1.05919,1.04749,1.0479,24,93,0.2299481433816717,-0.8772095840114965,-0.8384117491199391,0.3770152813165126,2.0,1.0,1.0,9.0,1.9342007641405647,3.4862832255636182,0.2223446648627177,1.7730515228134764,3.0325952129767817
EURUSD,2023-10-03,1.04786,1.04934,1.0448,1.04642,15,31,0.1412402420170562,-0.2920237436298802,-0.1374229381787746,0.3575379551185851,5.0,1.0,0.0,4.0,2.340438472958615,3.823661949627165,0.055889627639282534,2.340438472958615,3.823661949627165
EURUSD,2023-10-04,1.04646,1.05321,1.0451,1.0506,68,14,0.6450318215698674,-0.1299619670125975,0.3956195172295197,0.3755195013029683,5.0,2.0,0.0,10.0,3.2409392292522607,-2.317458858628505,-0.08041243387520682,3.888776696960484,-2.6586157552868874
EURUSD,2023-10-05,1.05062,1.0552,1.04998,1.05483,46,6,0.4359330680931075,-0.0609164112619401,0.4007157678323109,0.3904447372653932,5.0,1.0,0.0,7.0,0.4149784473092452,-0.23081296915057817,-0.08805544572068914,0.614374262370012,0.4033607296705762
EURUSD,2023-10-06,1.05483,1.06,1.04823,1.05857,52,66,0.4901263710740232,-0.6256932396689456,0.3545595024790797,0.4018293904174719,3.0,3.0,0.0,3.0,0.7066475162428344,-0.9099157572340525,-0.09266904031199881,0.7066475162428344,-0.78683229914878
EURUSD,2023-10-09,1.05545,1.05744,1.05192,1.0565,20,35,0.1885451703064982,-0.3344544980813902,0.0994836325737832,0.3940723760235819,5.0,0.0,0.0,2.0,0.3331971192812755,0.27728778783341357,0.13864389391670678,0.3331971192812755,0.27728778783341357
EURUSD,2023-10-10,1.05654,1.06198,1.05542,1.0605,54,11,0.5148882200389847,-0.1060063982433234,0.3748083366460298,0.4051858424866498,4.0,0.0,0.0,3.0,0.3461400235914594,0.21457403665950103,0.07152467888650034,0.3461400235914594,0.21457403665950103
EURUSD,2023-10-11,1.06046,1.06348,1.05799,1.062,30,25,0.2847820757029989,-0.2329177903928457,0.1452199988684247,0.4041419088694469,0.0,2.0,0.0,3.0,0.2943290189133921,-0.9890748060435521,-0.09583065180289688,0.4743309489701464,-0.6746627945435728
EURUSD,2023-10-12,1.06191,1.06397,1.0524,1.05297,21,95,0.1939900744884381,-0.8955561205751813,-0.841879255304117,0.406946455651292,2.0,4.0,0.0,3.0,0.973039967624912,-0.5642734176428517,0.15053747271135884,1.473463368647579,0.13453276697439542
EURUSD,2023-10-13,1.053,1.05584,1.04952,1.05043,28,35,0.269705603038932,-0.3304843304843236,-0.244064577397907,0.4065449162347261,5.0,1.0,1.0,3.0,1.3211861194796382,-0.670540013558369,0.008941390885449874,1.3211861194796382,-0.7116009992566847
EURUSD,2023-10-16,1.05209,1.05628,1.05132,1.05585,42,8,0.3982549021471678,-0.0731876550485165,0.3573838740031733,0.4105388500180488,4.0,1.0,0.0,2.0,0.3058339287460829,-0.5173657105533569,-0.01699306255579941,0.2331932614429793,-0.8153474657897798
EURUSD,2023-10-17,1.05589,1.05948,1.05326,1.05742,36,26,0.3399975376222885,-0.2490789760296915,0.1449014575381935,0.4126303261530847,1.0,2.0,2.0,4.0,2.150990087463652,2.814478170210382,0.34077141652736764,2.150990087463652,2.4219967041411854
EURUSD,2023-10-18,1.05742,1.05941,1.05228,1.05358,20,51,0.1881939059219549,-0.4860887821300829,-0.3631480395680113,0.4183193027798964,5.0,0.0,1.0,6.0,0.8543035826757392,-1.2036013689783824,-0.04989968375752042,0.8543035826757392,-1.2036013689783824
EURUSD,2023-10-19,1.05354,1.06166,1.05278,1.05807,81,8,0.77073485581944,-0.0721377451259441,0.4299789281849902,0.4319498246524069,3.0,1.0,2.0,5.0,0.8145193435707454,-3.347555150848534,-0.16293545114441,0.8145193435707454,-3.358949012289104
EURUSD,2023-10-20,1.05816,1.06036,1.05648,1.0593,22,17,0.2079080668329912,-0.1587661601270038,0.1077341800861796,0.4320920009204056,6.0,0.0,0.0,1.0,0.6331870665840833,-0.6331870665840833,-0.6331870665840833,0.6331870665840833,-0.6331870665840833
EURUSD,2023-10-23,1.05928,1.06779,1.05711,1.06674,85,22,0.8033758779548389,-0.2048561286911869,0.7042519447171685,0.4452256877771294,0.0,0.0,0.0,1.0,0.0210927540067357,0.0210927540067357,0.0210927540067357,0.0491191139492986,0.0491191139492986
EURUSD,2023-10-24,1.06675,1.06943,1.05828,1.059,27,85,0.2512303726271399,-0.7940004687133796,-0.7265057417389402,0.4749100824964442,2.0,6.0,3.0,1.0,1.0527002794402691,-0.3451455821726587,-0.029296222152815844,1.0527002794402691,-0.9610558231025252
EURUSD,2023-10-25,1.05911,1.06067,1.05634,1.05674,16,28,0.1472934822634104,-0.2615403499164335,-0.2237727903617172,0.4553650535347253,3.0,1.0,1.0,4.0,1.2501933785406234,3.291682771371846,0.1270648764088033,1.2501933785406234,3.291682771371846
EURUSD,2023-10-26,1.05668,1.05691,1.05218,1.05603,2,45,0.0217662868607291,-0.4258621342317608,-0.0615134193890335,0.4390474380884445,3.0,3.0,4.0,4.0,4.215816659524773,16.28565708482932,0.7522017755962764,4.215816659524773,16.23937984850422
EURUSD,2023-10-27,1.05596,1.0597,1.0535,1.05605,37,25,0.3541800825788928,-0.2329633698246057,0.0085230501155274,0.4388284725772329,5.0,2.0,0.0,4.0,3.438220297153552,11.36925756068924,0.9221697545575572,3.438220297153552,11.36925756068924
EURUSD,2023-10-30,1.05653,1.06251,1.05468,1.06147,60,18,0.5660038049085304,-0.1751015115519585,0.4675683605765993,0.4024891710617791,1.0,2.0,1.0,0.0,0.8333902644024892,-4.531234811385995,-0.5952942543376344,0.8333902644024892,-4.531234811385995
EURUSD,2023-10-31,1.06145,1.06749,1.05571,1.05744,60,57,0.5690329266569358,-0.5407697018229853,-0.377785105280519,0.4124617991547823,3.0,2.0,4.0,11.0,7.179658115649875,9.415198960398298,0.20730328258097266,7.179658115649875,9.415198960398298
EURUSD,2023-11-01,1.0574,1.05806,1.05165,1.0567,7,57,0.0624172498581525,-0.5437866464913866,-0.0662001134859015,0.4054094137298518,6.0,4.0,1.0,4.0,1.608259094471509,-5.322300802881472,-0.24126278723345548,1.608259094471509,-5.315480115092273
EURUSD,2023-11-02,1.0567,1.06676,1.0567,1.06211,101,0,0.9520204409955484,0.0,0.511971231191458,0.41141745150356,6.0,1.0,0.0,14.0,1.6192317988587528,-2.0439046432328696,-0.1949978329746974,1.6192317988587528,-1.6728172724022643
EURUSD,2023-11-03,1.06203,1.07467,1.06144,1.073,126,6,1.1901735355875054,-0.055553986233919,1.0329275067559225,0.4633895406141878,3.0,4.0,0.0,7.0,1.1419040879318452,-3.4596286869852055,-0.19540824157255085,1.9099611027564607,-2.073011642283419
EURUSD,2023-11-06,1.07243,1.07563,1.07158,1.07173,32,9,0.2983877735609869,-0.0792592523521364,-0.0652723254664568,0.4643759638029971,3.0,0.0,0.0,7.0,1.4806056484932413,-2.431832402835597,-0.34740462897651386,1.4806056484932413,-2.419068090758089
EURUSD,2023-11-07,1.07168,1.07221,1.0664,1.06998,5,53,0.0494550612123153,-0.4926843833980247,-0.1586294416243687,0.4609979886917406,3.0,0.0,0.0,4.0,3.246361447362673,1.4072214131617007,0.35180535329042517,3.246361447362673,1.3999629600318328
EURUSD,2023-11-08,1.06993,1.0716,1.0659,1.0709,17,40,0.1560849775218996,-0.376660155337263,0.0906601366444454,0.460498027180827,1.0,0.0,0.0,8.0,0.330946683541231,-0.7765670594081036,-0.09707088242601294,0.573929046178883,-0.5790814426670166
EURUSD,2023-11-09,1.07076,1.07254,1.06598,1.06671,18,48,0.1662370652620675,-0.4464118943554117,-0.3782360192760177,0.4241989910917825,4.0,1.0,0.0,2.0,1.296405265260045,0.5397235210016862,0.25176499915511646,1.296405265260045,0.4447029134058833
EURUSD,2023-11-10,1.06671,1.0693,1.06559,1.06848,26,11,0.2428026361428945,-0.1049957345482849,0.1659307590629176,0.4186249700391758,4.0,1.0,1.0,1.0,0.6928066523543984,-1.9766042414788507,-0.2587122639410666,0.6928066523543984,-1.9766042414788507
EURUSD,2023-11-13,1.06826,1.07061,1.06647,1.06987,24,18,0.2199838990507998,-0.167562203957834,0.1507123733922557,0.4139431118628221,6.0,0.0,0.0,1.0,0.1777364002704324,0.1777364002704324,0.1777364002704324,0.1777364002704324,0.1777364002704324
EURUSD,2023-11-14,1.06975,1.08875,1.06927,1.08787,190,5,1.7761159149334076,-0.0448702967983207,1.6938537041364723,0.5509738471838863,2.0,3.0,0.0,6.0,6.325308764057808,5.30877268615407,1.1873933483902006,6.325308764057808,4.68589763065121
EURUSD,2023-11-15,1.08788,1.08861,1.08313,1.08468,7,48,0.0671029893003014,-0.4366290399676464,-0.2941500900834531,0.5478174268705306,3.0,5.0,1.0,7.0,2.6910599381239235,-6.8138833150502105,-0.194288098065238,2.6910599381239235,-7.515941808976838
EURUSD,2023-11-16,1.08453,1.08955,1.08299,1.08517,50,15,0.4628733183959894,-0.1419969940896145,0.05901173780347,0.5441280552754665,5.0,1.0,2.0,7.0,5.170147973716268,-2.020637039669306,-0.1557378882886809,5.170147973716268,-1.9708184055551579
EURUSD,2023-11-17,1.08501,1.09148,1.08246,1.09138,65,26,0.5963078681302454,-0.2350208753836418,0.5870913632132411,0.5534775161140008,4.0,0.0,1.0,5.0,0.4313678021608153,0.2735838489275668,-0.01180846528884042,0.4313678021608153,0.2447543835380608
EURUSD,2023-11-20,1.09095,1.09518,1.0897,1.09394,42,13,0.3877354599202489,-0.114579036619478,0.2740730555937326,0.5392263960521256,2.0,0.0,0.0,2.0,0.3256003876196992,0.29561530638508915,0.14780765319254457,0.3256003876196992,0.26800149167141324
EURUSD,2023-11-21,1.09386,1.09651,1.08998,1.0911,27,39,0.2422613497156895,-0.354707183734674,-0.2523174812133267,0.5089503607210607,2.0,0.0,1.0,0.0,0.8117821751722764,-1.6235643503445527,-0.8117821751722764,0.8117821751722764,-1.6235643503445527
EURUSD,2023-11-22,1.091,1.0923,1.08522,1.08883,13,58,0.1191567369385956,-0.5297891842346376,-0.1989000916590289,0.5079973136929665,3.0,2.0,2.0,4.0,1.4242902494261789,-3.246923717031227,-0.0721443548189585,1.4242902494261789,-3.3267405439212068
EURUSD,2023-11-23,1.08864,1.09304,1.08815,1.09035,44,5,0.4041740152851226,-0.0450102880658529,0.1570767195767083,0.5053372445456429,4.0,4.0,2.0,0.0,1.0997806985947405,5.715666997094141,0.3660925426945429,1.0997806985947405,5.971783369132435
EURUSD,2023-11-24,1.09031,1.09486,1.08947,1.09367,46,8,0.417312507452014,-0.0770423090680588,0.3081692362722556,0.5047270457950339,3.0,2.0,1.0,2.0,0.2982827899178417,-0.052255152676876304,0.014873088844187265,0.2650786893203581,0.0498707788509859
EURUSD,2023-11-27,1.09426,1.09594,1.09247,1.09531,17,18,0.1535284118947877,-0.1635808674355233,0.0959552574342473,0.5006153303223033,4.0,0.0,1.0,0.0,0.7021394193373955,-1.404278838674791,-0.7021394193373955,0.7021394193373955,-1.404278838674791
EURUSD,2023-11-28,1.09518,1.1009,1.09342,1.09927,57,18,0.5222885735678106,-0.1607041764824032,0.3734545919392179,0.4855608762109216,2.0,1.0,2.0,4.0,1.5526466682910254,-0.7932969302060082,-0.17886044660127287,1.5526466682910254,-0.7932969302060082
EURUSD,2023-11-29,1.09908,1.10171,1.096,1.09692,26,31,0.2392910434181233,-0.2802343778432845,-0.1965280052407615,0.4902350049904476,0.0,3.0,1.0,7.0,2.5827616334303545,-2.980070745778442,-0.14117675480901465,2.5827616334303545,-2.396301018318867
EURUSD,2023-11-30,1.09675,1.0984,1.0879,1.08861,17,88,0.1504444950991704,-0.8069295646227311,-0.7421928424891556,0.526788711288956,3.0,2.0,4.0,11.0,3.757786981366134,1.4827242310598496,0.032388987203751315,3.757786981366134,1.9585780092046763
EURUSD,2023-12-01,1.0886,1.09127,1.08287,1.08818,27,57,0.245269153040598,-0.5263641374242157,-0.0385816645232488,0.4833740528078942,1.0,1.0,1.0,9.0,1.1044746825350784,5.540209569223037,0.3964050508500432,1.9063632321993995,6.670431720716462
EURUSD,2023-12-04,1.08765,1.0895,1.08039,1.08359,18,73,0.1700914816347085,-0.6674941387394883,-0.3732818461821314,0.4931070299955722,2.0,0.0,0.0,4.0,0.7039533572628348,-0.8251087290091473,-0.20627718225228683,0.7039533572628348,-0.8251087290091473
EURUSD,2023-12-05,1.0836,1.08474,1.07778,1.07965,11,58,0.1052048726467461,-0.5370985603543685,-0.3645256552233202,0.500146079072702,2.0,2.0,0.0,9.0,1.7644146911430976,-2.607770163411197,-0.026015094960327945,1.7644146911430976,-2.0838438983540017
EURUSD,2023-12-06,1.07965,1.08047,1.07583,1.07643,8,38,0.0759505395267024,-0.3538183670633941,-0.2982448015560598,0.5062449813832963,4.0,1.0,0.0,6.0,1.2169807737320204,-1.7861573399032231,-0.23950633441959082,1.2169807737320204,-1.4165917808290436
EURUSD,2023-12-07,1.07621,1.08175,1.07548,1.07936,55,7,0.5147694223246279,-0.0678306278514527,0.2926938051123838,0.4995064375718095,2.0,1.0,0.0,10.0,5.892876761270862,-9.295223583950197,-0.8741769768906341,5.892876761270862,-9.295223583950197
EURUSD,2023-12-08,1.07918,1.08007,1.0723,1.07608,9,69,0.082470023536394,-0.6375210808206228,-0.2872551381604646,0.505170886946195,3.0,4.0,1.0,2.0,2.728273716695932,-1.9559790305269598,-0.25185891094589746,2.728273716695932,-1.4449339157324816
EURUSD,2023-12-11,1.0759,1.0779,1.07414,1.0764,20,18,0.1858908820522355,-0.1635839762059655,0.0464727205130537,0.5045852562780963,4.0,0.0,1.0,0.0,0.4533339064121818,-0.9066678128243636,-0.4533339064121818,0.7871334865794086,-1.5742669731588173
EURUSD,2023-12-12,1.07631,1.08281,1.0757,1.07943,65,6,0.6039152288838671,-0.0566751214798709,0.2898793098642389,0.3302350685241019,6.0,3.0,1.0,4.0,1.206505580419534,-1.8773392263085944,-0.07416768402109153,1.720296534370066,-2.9793676316051756
EURUSD,2023-12-13,1.07937,1.08966,1.07729,1.08742,103,21,0.9533338892131644,-0.1927050038448224,0.7458054235341091,0.3660695052308322,6.0,2.0,0.0,4.0,1.093437881496547,0.08612014793338496,-0.05386389663092758,1.093437881496547,0.012432031303017843
EURUSD,2023-12-14,1.08728,1.10092,1.087,1.09921,136,3,1.254506658818324,-0.0257523361047805,1.0972334633213152,0.4378814081475927,0.0,5.0,0.0,3.0,1.252927964729735,-3.915355224538542,-0.237625276705524,1.252927964729735,-4.118938599866153
EURUSD,2023-12-15,1.09912,1.10038,1.08885,1.08922,13,103,0.1146371642768593,-0.93438387073295,-0.9007205764611708,0.4715354707229129,4.0,7.0,3.0,4.0,0.7251717604041455,-4.94403515633232,-0.10951881861292376,0.6647719567745904,-5.3181730024760325
EURUSD,2023-12-18,1.0897,1.09312,1.08914,1.09235,34,6,0.3138478480315868,-0.0513902909057441,0.2431861980361605,0.470645211846621,5.0,0.0,1.0,1.0,1.1995584938085693,0.33601696486287425,0.3838938646678609,1.1995584938085693,0.33601696486287425
EURUSD,2023-12-19,1.09228,1.09873,1.09145,1.09805,65,8,0.5905079283700212,-0.0759878419452783,0.5282528289449641,0.4808850639388706,2.0,0.0,1.0,3.0,1.7223765783467726,0.7372019719796925,0.30254218126867927,1.7223765783467726,0.7372019719796925
EURUSD,2023-12-20,1.09787,1.09843,1.09296,1.09413,6,49,0.0510078606756825,-0.4472296355670498,-0.3406596409410818,0.4855961921453525,6.0,1.0,1.0,7.0,1.6657274018804644,5.101449717637035,0.17016557006799995,1.6657274018804644,5.543561425885045
EURUSD,2023-12-21,1.09413,1.10126,1.09347,1.10109,71,7,0.6516593092228399,-0.0603218995914658,0.6361218502371615,0.5035817464974806,3.0,2.0,2.0,2.0,1.7002565238483152,-3.8061235796885216,-0.3152303322081014,1.7002565238483152,-3.459880166995858
EURUSD,2023-12-22,1.10109,1.10401,1.09935,1.1011,29,17,0.2651917645242472,-0.1580252295452554,0.000908190974404,0.5001513362603678,3.0,2.0,3.0,5.0,1.397999354331286,-0.9663565555044767,-0.03858404564595268,1.397999354331286,-0.9663565555044767
EURUSD,2023-12-25,1.1016,1.10202,1.09913,1.1008,4,25,0.0381263616557813,-0.2242193173565697,-0.0726216412490842,0.5005860761501174,4.0,0.0,0.0,0.0,0.0,0.0,0.0,0.0,0.0
EURUSD,2023-12-26,1.1011,1.1045,1.10073,1.10417,34,4,0.3087821269639514,-0.0336027608754864,0.2788120969939268,0.4976266500964422,5.0,0.0,0.0,2.0,0.3368776310405577,-0.21345172245096516,-0.10672586122548258,0.3368776310405577,-0.21345172245096516
EURUSD,2023-12-27,1.10417,1.11226,1.10284,1.11044,81,13,0.7326770334278173,-0.1204524665585963,0.5678473423476454,0.508764632792218,1.0,0.0,1.0,0.0,0.4624257513148092,-0.9248515026296183,-0.4624257513148092,0.4624257513148092,-0.9248515026296183
EURUSD,2023-12-28,1.11044,1.11395,1.10549,1.10593,35,50,0.3160909189150158,-0.4457692446237536,-0.4061453117683092,0.4857144499386775,2.0,0.0,2.0,4.0,0.9512286007652352,2.018788615032271,0.15871641673568807,0.9512286007652352,1.9791960375864681
EURUSD,2023-12-29,1.10594,1.10842,1.10338,1.10374,25,26,0.2242436298533408,-0.2314772953324679,-0.1989258006763459,0.4891253674022132,3.0,0.0,2.0,0.0,1.4739620906609376,-3.372145798048251,-0.8430364495120627,1.4739620906609376,-3.372145798048251
EURUSD,2024-01-01,1.104,1.1046,1.1034,1.1044,6,6,0.0543478260869505,-0.0543478260869706,0.036231884057967,0.4778466650708209,0.0,0.0,0.0,0.0,0.0,0.0,0.0,0.0,0.0
EURUSD,2024-01-02,1.10438,1.10454,1.0938,1.09416,2,106,0.0144877668918452,-0.9580035857222888,-0.9254061102156772,0.5207499469492718,3.0,0.0,0.0,9.0,1.1236447749004363,-1.0691457120592749,-0.11879396800658609,1.0600209783022028,-0.39136010392398857
EURUSD,2024-01-03,1.09414,1.09654,1.08928,1.09215,24,49,0.219350357358307,-0.444184473650526,-0.1818780046429101,0.5170953849324221,4.0,2.0,1.0,3.0,1.0881007795710984,-0.6668418681258717,-0.07346536683712927,1.0881007795710984,-0.6668418681258717
EURUSD,2024-01-04,1.09209,1.09722,1.09142,1.09447,51,7,0.4697415048210384,-0.0613502550156075,0.2179307566226271,0.5156880520427941,3.0,3.0,0.0,11.0,1.7753098890365615,4.313387449098117,0.35141153214568577,1.7753098890365615,4.869893507835717
EURUSD,2024-01-05,1.0944,1.09984,1.08767,1.09392,54,67,0.4970760233918027,-0.6149488304093681,-0.0438596491228103,0.5096813596925213,3.0,4.0,2.0,4.0,1.225169346451707,-4.254470772951992,-0.21582325959343077,1.0840238909116413,-3.990241859326654
EURUSD,2024-01-08,1.09446,1.09788,1.09224,1.09495,34,22,0.3124828682637994,-0.2028397565922819,0.0447709372658755,0.5096875557854994,3.0,0.0,0.0,4.0,0.4754677847808632,-0.2807776614501183,-0.07019441536252957,0.3213668590805579,-0.126676735749813
EURUSD,2024-01-09,1.09501,1.09663,1.09101,1.0931,16,40,0.1479438543940196,-0.3652934676395653,-0.1744276307978994,0.5102388541243393,5.0,0.0,0.0,8.0,1.675937682886946,2.8516883264475723,0.35646104080594654,1.675937682886946,2.687578514691414
EURUSD,2024-01-10,1.09294,1.09731,1.09226,1.09724,44,7,0.3998389664574436,-0.0622175050780476,0.3934342232876434,0.4909440858833121,3.0,0.0,1.0,5.0,0.6745298533405393,-0.38226823387818043,0.023350938807549904,0.9554149872177746,-1.2483504748667693
EURUSD,2024-01-11,1.09722,1.09999,1.093,1.09723,28,42,0.2524562075062375,-0.3846083738903877,0.0009113942509107,0.4232203853077316,2.0,4.0,1.0,2.0,4.165737878593546,-2.6656838350932324,-0.7200458730871603,4.165737878593546,-2.374740894532221
EURUSD,2024-01-12,1.09715,1.0987,1.09356,1.09483,15,36,0.1412751219067529,-0.3272114113840388,-0.2114569566604474,0.3722813863970701,3.0,2.0,0.0,3.0,0.5496983907909738,-0.15566818950015304,0.10420173298178614,0.5496983907909738,-0.24197751874899598
EURUSD,2024-01-15,1.0953,1.09676,1.0933,1.09483,15,20,0.13329681365836,-0.1825983748744638,-0.0429106180954962,0.368719604165291,0.0,0.0,0.0,4.0,0.7482907589380237,-0.5539396187390138,-0.13848490468475344,0.7482907589380237,-0.7392814135612695
EURUSD,2024-01-16,1.09482,1.0951,1.0862,1.08751,3,86,0.0255749803620739,-0.7873440382893855,-0.6676896658811429,0.3763510070363028,3.0,1.0,0.0,3.0,0.1590266436521763,-0.5446767166596331,-0.09971316334793409,0.1590266436521763,-0.5446767166596331
EURUSD,2024-01-17,1.0874,1.08845,1.08443,1.08827,10,30,0.0965606032738638,-0.2731285635460656,0.0800073569983583,0.3712338485067625,3.0,2.0,1.0,8.0,2.436353405861536,3.7728844760567357,0.24849887262184753,2.436353405861536,3.457412012433128
EURUSD,2024-01-18,1.08811,1.09068,1.08464,1.08762,26,35,0.2361893558555829,-0.3189015816415493,-0.0450322118168089,0.3361649476694585,4.0,1.0,2.0,4.0,1.0679911478926511,-3.63657422492639,-0.2632285381363428,1.0679911478926511,-3.6922093050253055
EURUSD,2024-01-19,1.08757,1.08983,1.08654,1.0896,23,10,0.2078027161470205,-0.0947065476245082,0.1866546521143444,0.3406890146891278,3.0,1.0,2.0,1.0,2.0771738977611545,4.101884932340535,0.18869107221793188,2.0771738977611545,4.101884932340535
EURUSD,2024-01-22,1.08901,1.09095,1.08797,1.08824,19,10,0.1781434513916357,-0.0954995821893214,-0.0707064214286312,0.3406850131866866,1.0,0.0,0.0,1.0,0.3963286222380203,0.3963286222380203,0.3963286222380203,0.3232018484343715,0.3232018484343715
EURUSD,2024-01-23,1.0882,1.09162,1.08214,1.08541,34,61,0.3142804631501542,-0.5568829259327287,-0.2563866936225023,0.333778522122117,5.0,0.0,1.0,1.0,0.439671891169151,-0.6813021685787128,-0.280243514936966,0.2822337070275366,-0.5238639844370985
EURUSD,2024-01-24,1.0854,1.09323,1.08462,1.08843,78,8,0.721393034825871,-0.0718629076838034,0.2791597567717052,0.3094200973699991,1.0,6.0,2.0,1.0,1.8586289760750665,14.061430949410953,0.5571628336797815,2.1489777768664733,14.181086363729918
EURUSD,2024-01-25,1.08843,1.09018,1.08214,1.08454,17,63,0.160782043861334,-0.5778966033644706,-0.3573955146403488,0.3070585589374593,3.0,3.0,5.0,4.0,2.0416782412069967,2.226648161096019,0.05538287444218678,2.0416782412069967,2.204649850567762
EURUSD,2024-01-26,1.08449,1.08854,1.08125,1.08512,41,32,0.3734474269011341,-0.2987579415208909,0.0580918219624091,0.3079386601420975,3.0,1.0,1.0,6.0,4.372898850313328,11.499757699562501,0.6093959595591949,4.372898850313328,11.499757699562501
EURUSD,2024-01-29,1.0843,1.08501,1.07956,1.08328,7,47,0.0654800332011425,-0.4371483906667865,-0.094069906852349,0.306636720028466,4.0,0.0,0.0,0.0,0.0,0.0,0.0,0.0,0.0
EURUSD,2024-01-30,1.0832,1.08573,1.08117,1.08447,25,20,0.2335672082718005,-0.1874076809453449,0.1172451994091677,0.2382232700613831,1.0,2.0,2.0,8.0,1.2798837622588743,3.178186148225552,0.031927608002251286,1.2798837622588743,3.178186148225552
EURUSD,2024-01-31,1.08446,1.08874,1.07947,1.0818,43,50,0.3946664699481826,-0.4601368422993979,-0.2452833668369405,0.2406430496943419,6.0,3.0,1.0,7.0,1.864476140678752,-7.087541760510765,-0.49711510903175476,1.864476140678752,-7.087541760510765
EURUSD,2024-02-01,1.0818,1.0875,1.07797,1.08713,57,38,0.5268996117581638,-0.354039563690146,0.492697356258073,0.2630377154097946,0.0,3.0,3.0,16.0,2.057706911393895,10.218941533623456,0.25169221329044705,2.057706911393895,10.743097026132798
EURUSD,2024-02-02,1.08714,1.08974,1.07802,1.07849,26,91,0.2391596298544746,-0.8388983939511027,-0.7956656916312569,0.3141964401355971,0.0,4.0,0.0,5.0,0.5315944096448876,1.3443187490259008,0.1390157337410044,0.5315944096448876,1.4674022071111734
EURUSD,2024-02-05,1.0785,1.07861,1.07229,1.07419,1,62,0.0101993509503991,-0.5757997218358877,-0.3996291145108981,0.3216211601249661,4.0,1.0,0.0,9.0,1.0724171402671945,2.1151005361197472,-0.0029733744414641716,1.0724171402671945,2.3486877438341707
EURUSD,2024-02-06,1.07418,1.07623,1.07224,1.07545,21,19,0.190843247872806,-0.1806028784747277,0.1182297194138882,0.3241118139498537,4.0,0.0,0.0,3.0,1.3474632852898625,-1.5676237049435755,-0.5225412349811919,1.4462258169706246,-1.6663862366243376
EURUSD,2024-02-07,1.0754,1.0784,1.07487,1.07717,30,5,0.27896596615214,-0.0492839873535353,0.1645899200297609,0.310533936545396,3.0,0.0,1.0,6.0,0.6975732851894529,-2.0795340723967968,-0.27195204207879264,0.6975732851894529,-1.831298412853296
EURUSD,2024-02-08,1.07704,1.07889,1.07414,1.07775,18,29,0.1717670652900456,-0.2692564807249408,0.0659214142464521,0.3118118968797749,3.0,1.0,1.0,4.0,1.265422581247046,0.11410611934006126,0.17794067348071355,1.265422581247046,0.42421345379033965
EURUSD,2024-02-09,1.07767,1.07951,1.07619,1.07821,18,15,0.1707387233568777,-0.1373333209609552,0.0501081035938631,0.3115454639431947,3.0,0.0,0.0,2.0,0.5187052902156083,0.3927211324188739,0.19636056620943695,0.5187052902156083,0.3927211324188739
EURUSD,2024-02-12,1.07778,1.08055,1.07556,1.07713,28,22,0.257009779361274,-0.2059789567444087,-0.0603091540017479,0.3114957034130965,0.0,0.0,0.0,1.0,1.1395166507545995,-1.1395166507545995,-1.1395166507545995,1.1395166507545995,-1.1395166507545995
EURUSD,2024-02-13,1.07708,1.07985,1.07003,1.07079,28,70,0.2571768113789077,-0.6545474802243102,-0.5839863334199993,0.3034875083948037,4.0,3.0,0.0,4.0,1.057159459791991,-2.3607872560824257,-0.16133456368857788,1.057159459791991,-2.7360695048644184
EURUSD,2024-02-14,1.07087,1.07344,1.06945,1.07264,26,14,0.2399917823825451,-0.1326024634175928,0.1652861691895421,0.3062157378303212,6.0,0.0,0.0,5.0,1.7039179790982053,1.985244080528564,0.3970488161057128,1.5907127088756572,1.872038810306016
EURUSD,2024-02-15,1.07243,1.07848,1.07224,1.0772,61,2,0.564139384388735,-0.0177167740551749,0.4447842749643278,0.3264396410720709,3.0,4.0,2.0,8.0,3.663842555105157,0.012508471455944747,0.25485655782182054,3.663842555105157,-0.705457007544944
EURUSD,2024-02-16,1.07718,1.07874,1.07318,1.07749,16,40,0.1448225923244031,-0.3713399803189813,0.028778848474724,0.3226582380212849,3.0,3.0,2.0,4.0,2.6630630364758554,12.52695227213258,0.3124343015113668,2.6630630364758554,12.572371454526833
EURUSD,2024-02-19,1.07719,1.07894,1.07618,1.07785,17,10,0.1624597331946934,-0.0937624745866724,0.0612705279477049,0.3234303727478575,5.0,0.0,0.0,0.0,0.0,0.0,0.0,0.0,0.0
EURUSD,2024-02-20,1.0777,1.0839,1.07614,1.08076,62,16,0.5752992483993674,-0.1447527141133901,0.2839380161454802,0.3267193114072286,3.0,0.0,0.0,2.0,0.4175429934824559,-0.4389644713305062,-0.2194822356652531,0.403781390841611,-0.410867443459889
EURUSD,2024-02-21,1.08075,1.08245,1.07897,1.08185,17,18,0.1572981725653308,-0.1647004395096104,0.1017811704834493,0.3208018341871931,3.0,0.0,0.0,2.0,0.0530004279659696,-0.0319076739592339,-0.01595383697961695,0.0530004279659696,-0.0038813140166710017
EURUSD,2024-02-22,1.08182,1.08882,1.08025,1.08222,70,16,0.6470577360374087,-0.1451258065112561,0.0369747277735626,0.3108858646988754,3.0,7.0,3.0,4.0,2.58512219725048,7.323709627021989,0.19957461506520913,2.58512219725048,7.6298553097495345
EURUSD,2024-02-23,1.08221,1.08396,1.08115,1.08188,18,11,0.1617061383650253,-0.097947718095364,-0.030493157520254,0.3106536797516601,4.0,0.0,1.0,2.0,0.2103584646866561,0.535261571722887,0.10830103567874359,0.2103584646866561,0.535261571722887
EURUSD,2024-02-26,1.08319,1.08597,1.08124,1.08509,28,20,0.2566493412974643,-0.1800238185360018,0.1754078231889154,0.3123757597588912,3.0,0.0,1.0,0.0,0.0419637852255781,0.0839275704511562,0.0419637852255781,0.0419637852255781,0.0839275704511562
EURUSD,2024-02-27,1.08504,1.0866,1.08328,1.08437,16,18,0.1437735014377355,-0.1622060016220585,-0.061748875617484,0.311692205742086,3.0,2.0,3.0,4.0,1.7538153067112108,-11.299407635389443,-0.6414170546378473,1.7538153067112108,-11.299407635389443
EURUSD,2024-02-28,1.08437,1.08474,1.07965,1.08377,4,47,0.0341211947951327,-0.4352757822514508,-0.0553316672353676,0.3066578616528364,1.0,1.0,1.0,4.0,0.7658106294998354,-0.7644187543344021,-0.10556884190943198,0.7658106294998354,-1.5707015024407454
EURUSD,2024-02-29,1.08363,1.0856,1.07956,1.08053,20,41,0.181796369609535,-0.3755894539649158,-0.2860755054769711,0.2912120086233432,5.0,3.0,3.0,9.0,3.802710001064444,16.74090454055469,0.5151160963395433,3.802710001064444,16.74090454055469
EURUSD,2024-03-01,1.08046,1.08432,1.0798,1.08368,39,7,0.35725524313718,-0.0610850933861395,0.298021213186976,0.2373343487841027,4.0,2.0,3.0,12.0,1.9382451059457655,-5.31360889416274,0.06018429967718058,1.9382451059457655,-4.764387486676819
EURUSD,2024-03-04,1.0838,1.0867,1.08349,1.08555,29,3,0.2675770437349974,-0.028603063295814,0.1614689057021515,0.2166507811844213,3.0,0.0,0.0,3.0,2.014639386398052,2.047273713106196,0.6824245710353987,2.014639386398052,2.047273713106196
EURUSD,2024-03-05,1.0856,1.08762,1.08401,1.08547,20,16,0.1860722181282362,-0.1464627855563725,-0.0119749447310209,0.2165732177187327,6.0,1.0,0.0,10.0,2.6147837794038766,-1.8274617055970999,-0.10732340457550106,2.6147837794038766,-1.5144218637659472
EURUSD,2024-03-06,1.0856,1.09153,1.08418,1.08986,59,14,0.5462417096536469,-0.1308032424465712,0.392409727339734,0.2287113765081531,6.0,2.0,0.0,4.0,3.5926295536887416,-3.0574840320921792,-0.5270472651266853,3.5926295536887416,-2.6505196490108065
EURUSD,2024-03-07,1.0898,1.09493,1.08677,1.0948,51,30,0.4707285740502713,-0.2780326665443281,0.4587997797760959,0.2456025172657983,2.0,2.0,0.0,8.0,0.381204249081456,-1.3510690508574346,-0.11102660652370955,0.381204249081456,-1.4566896435393382
EURUSD,2024-03-08,1.0948,1.09813,1.09183,1.09381,33,30,0.304165144318602,-0.2712824260138762,-0.0904274753379655,0.2484501115193196,2.0,3.0,0.0,6.0,1.5952489719982914,2.466014404841808,0.13943834295643656,1.4999659390027602,2.180165305855214
EURUSD,2024-03-11,1.09393,1.09481,1.0914,1.09257,9,25,0.0804439040889263,-0.2312762242556784,-0.1243223972283443,0.2506392297120555,3.0,0.0,0.0,0.0,0.0,0.0,0.0,0.0,0.0
EURUSD,2024-03-12,1.09258,1.09438,1.09021,1.09255,18,24,0.1647476614984533,-0.2169177543063395,-0.0027457943583258,0.1995181184746089,5.0,4.0,0.0,3.0,4.266732322941894,-5.778590983644413,-0.7185340409610568,4.266732322941894,-5.2837702485301925
EURUSD,2024-03-13,1.09258,1.09638,1.09199,1.09479,38,6,0.3478006187189774,-0.0540006223800628,0.2022735177286627,0.2003512394864012,0.0,1.0,0.0,5.0,1.019390091887968,-3.2630104046763364,-0.42521285039029505,0.9807488203976076,-3.3835727399927404
EURUSD,2024-03-14,1.09485,1.0955,1.08804,1.08847,6,68,0.0593688633145926,-0.6220030141115408,-0.582728227611093,0.2356799594506743,3.0,5.0,0.0,2.0,0.8747148478193588,2.066461982802002,0.05292309288614449,0.8747148478193588,1.744160434364307
EURUSD,2024-03-15,1.08853,1.08997,1.08726,1.08869,14,13,0.1322884991686134,-0.1166711069056529,0.0146987221298391,0.2357606704889285,2.0,2.0,2.0,5.0,0.7214973799636898,-2.2959387742137283,-0.11567478342859072,0.7214973799636898,-2.315268458722164
EURUSD,2024-03-18,1.08878,1.09061,1.08658,1.08721,18,22,0.168078032293025,-0.2020610224287716,-0.1441980932787221,0.2395550208471479,3.0,0.0,0.0,4.0,0.8842731766612086,0.9477995737756767,0.23694989344391917,0.8842731766612086,0.7454974151210523
EURUSD,2024-03-19,1.08728,1.08766,1.08345,1.08649,4,38,0.0349495989993421,-0.3522551688617467,-0.0726583768670506,0.2333826450970435,6.0,0.0,1.0,3.0,1.273416535798494,2.666126309179863,0.5472942895373456,1.273416535798494,2.666126309179863
EURUSD,2024-03-20,1.08653,1.0923,1.0836,1.09211,58,29,0.5310483833856454,-0.2696658168665475,0.5135615215410452,0.2579450906368751,0.0,1.0,0.0,6.0,1.2232101153248724,-2.9472390256896706,-0.32027307142925027,1.2232101153248724,-3.0405362509337186
EURUSD,2024-03-21,1.09206,1.09426,1.08551,1.08605,22,66,0.2014541325568173,-0.5997838946578078,-0.5503360621211354,0.2897262555308298,0.0,7.0,4.0,4.0,2.4821908136002997,3.369631542676559,0.18292544095565397,2.4821908136002997,3.4895716911528387
EURUSD,2024-03-22,1.08605,1.08681,1.08015,1.0805,8,59,0.0699783619538781,-0.543253073062936,-0.5110261958473316,0.3123207513677163,5.0,0.0,1.0,2.0,1.271666427227201,2.674827973074208,0.4677205152823356,1.271666427227201,2.674827973074208
EURUSD,2024-03-25,1.08074,1.08426,1.08019,1.08359,35,6,0.325702759220531,-0.0508910561282131,0.2637081999370819,0.3157422640620082,3.0,0.0,1.0,0.0,0.1506083861325691,-0.3012167722651383,-0.1506083861325691,0.1506083861325691,-0.3012167722651383
EURUSD,2024-03-26,1.08364,1.08643,1.0824,1.08316,28,12,0.2574655789745737,-0.1144291462109102,-0.0442951533719718,0.3156141471246549,3.0,1.0,4.0,3.0,1.0025333356053794,-0.12337091076844323,-0.0637843774856003,1.0025333356053794,-0.12337091076844323
EURUSD,2024-03-27,1.08319,1.08391,1.08104,1.08258,7,22,0.0664703329978888,-0.1984877999243065,-0.0563151432343355,0.3156218945494658,1.0,0.0,1.0,2.0,0.8299173371985986,0.1917685113321576,-0.025146879568885522,0.8299173371985986,0.1917685113321576
EURUSD,2024-03-28,1.0826,1.0827,1.07748,1.0789,1,51,0.0092370219841113,-0.4729355255865521,-0.3417698134121593,0.3184320055207296,3.0,4.0,2.0,6.0,5.109984268034894,4.767344545539316,0.1210841983572819,5.109984268034894,5.515602111387553
EURUSD,2024-03-29,1.07889,1.08051,1.07677,1.079,16,21,0.1501543252787751,-0.1964982528339219,0.0101956640621429,0.3101075153924482,0.0,1.0,0.0,7.0,1.5887459917719162,-0.9235059665506671,0.07155163015262597,1.5887459917719162,-0.969972293778872
EURUSD,2024-04-01,1.0791,1.0799,1.07307,1.07428,8,60,0.0741358539523801,-0.5587989991659698,-0.4466685200630198,0.3204236688292386,5.0,1.0,1.0,2.0,1.8715726987076808,4.9962912547558185,0.15622099975486886,1.8715726987076808,5.107413269958178
EURUSD,2024-04-02,1.07435,1.0779,1.07244,1.07734,36,19,0.3304323544468902,-0.1777819146460517,0.2783078140270906,0.3289917923525257,6.0,2.0,0.0,8.0,1.0124173359167328,2.2310296797073392,0.2619928694029882,1.8172589014630856,3.312467129724118
EURUSD,2024-04-03,1.07722,1.0837,1.07637,1.08334,65,9,0.6015484302185292,-0.0789068156922464,0.5681290729841539,0.3432326677295383,3.0,2.0,3.0,5.0,1.3985856268174528,-2.4290529589002543,-0.08565383996658107,1.3985856268174528,-1.7689025225435715
EURUSD,2024-04-04,1.08331,1.08766,1.08314,1.08382,44,2,0.4015471102454584,-0.0156926456877535,0.0470779370632607,0.3239983925454622,3.0,1.0,0.0,11.0,0.8774959479002108,3.9761528676780844,0.21159936922864794,0.8774959479002108,4.360408611582469
EURUSD,2024-04-05,1.08381,1.0848,1.07912,1.0836,10,47,0.0913444238381308,-0.4327326745462637,-0.0193760899050611,0.323961443452995,4.0,3.0,0.0,4.0,0.5975684951167923,-1.2853730930166016,-0.019112549120361786,0.4918803996368334,-0.6624898064477789
EURUSD,2024-04-08,1.08371,1.0863,1.08206,1.0859,26,16,0.2389938267617805,-0.1522547545007363,0.202083583246453,0.328210075494031,3.0,0.0,0.0,3.0,0.3949307149278087,-0.0408401607576013,-0.013613386919200434,0.3949307149278087,-0.0408401607576013
EURUSD,2024-04-09,1.08589,1.08851,1.08475,1.08575,26,11,0.2412767407380182,-0.1049830093287459,-0.012892650268446,0.3281677043364558,0.0,0.0,0.0,3.0,1.3259102397033562,0.7160422162108379,0.23868073873694595,1.3259102397033562,0.7160422162108379
EURUSD,2024-04-10,1.08569,1.08665,1.07285,1.07429,10,128,0.0884230305151424,-1.1826580331402117,-1.0500234873674876,0.3936318019736834,2.0,3.0,1.0,4.0,0.3502679317496013,0.45515224500827517,0.06967061056520196,0.6680883700632361,2.0893957447063243
EURUSD,2024-04-11,1.07429,1.07566,1.06989,1.07267,14,44,0.127526086997002,-0.4095728341509238,-0.1507972707555646,0.377064245770569,0.0,5.0,0.0,2.0,0.8049905346633007,-2.469796254395702,-0.011949871989190508,0.9360778519159632,-1.319627372143748
EURUSD,2024-04-12,1.07265,1.07293,1.0622,1.06385,3,105,0.0261035752575244,-0.974222719433186,-0.8203980795226905,0.411279000801217,3.0,1.0,1.0,3.0,0.3585107670125817,-0.0020113166493319623,-0.0022950064082108536,0.3585107670125817,-0.0020113166493319623
EURUSD,2024-04-15,1.06337,1.06652,1.062,1.06234,31,14,0.2962280297544586,-0.1288356827820863,-0.0968618636974773,0.4112497484604778,3.0,3.0,0.0,3.0,0.3476037633521504,1.3429133632498105,0.11326134384083297,0.3100240256689724,0.915407478889202
EURUSD,2024-04-16,1.06238,1.06535,1.0601,1.06146,30,23,0.2795609857113196,-0.2146124738794084,-0.0865980157759023,0.4111868793633743,5.0,0.0,2.0,7.0,1.80821209320828,-1.9360313811690633,-0.1272109515784269,1.80821209320828,-2.0605621939230794
EURUSD,2024-04-17,1.06164,1.06796,1.06059,1.06709,63,10,0.5953053765871767,-0.0989035831355257,0.5133566934177478,0.4111703964352609,2.0,0.0,0.0,4.0,0.1550788771101961,-0.2085224287616926,-0.05213060719042315,0.1550788771101961,-0.2085224287616926
EURUSD,2024-04-18,1.06715,1.069,1.0641,1.06435,18,30,0.1733589467272555,-0.2858079932530569,-0.2623811085601963,0.4000229050347552,3.0,1.0,2.0,5.0,1.095769339916186,-1.8312020212963396,-0.1721130809243404,1.0096007569049297,-1.801838707603589
EURUSD,2024-04-19,1.06431,1.06776,1.06102,1.06526,34,33,0.3241536770301841,-0.3091204630229928,0.0892597081677336,0.3900202997595417,3.0,0.0,0.0,1.0,0.7681176741752911,0.7681176741752911,0.7681176741752911,0.7681176741752911,0.7681176741752911
EURUSD,2024-04-22,1.06556,1.06706,1.06237,1.06513,15,32,0.1407710499643225,-0.2993730995908279,-0.0403543676564578,0.382140886667774,5.0,0.0,0.0,1.0,0.0210927540067357,0.0210927540067357,0.0210927540067357,0.0491191139492986,0.0491191139492986
EURUSD,2024-04-23,1.06519,1.07113,1.0638,1.07019,59,14,0.5576469925553031,-0.1304931514565478,0.4693998253832549,0.4018479371674537,3.0,6.0,4.0,0.0,1.31384083660384,3.712257640475461,0.1667817694065087,1.31384083660384,4.227653102771224
EURUSD,2024-04-24,1.07019,1.07142,1.06776,1.06967,12,24,0.1149328623889276,-0.2270624842317656,-0.0485895027985755,0.4018557140649121,4.0,0.0,3.0,3.0,0.895393340348985,0.3646914992504833,-0.031052026551870032,0.895393340348985,0.3646914992504833
EURUSD,2024-04-25,1.0697,1.074,1.06782,1.07281,43,19,0.4019818640740366,-0.1757502103393571,0.2907357202954048,0.4033948629117136,1.0,3.0,1.0,4.0,1.729810297708549,1.0343565484881299,0.07622632858444015,1.729810297708549,0.9855332904191427
EURUSD,2024-04-26,1.07284,1.0753,1.06737,1.06922,25,55,0.2292979381827585,-0.5098616755527465,-0.3374221691957754,0.4090965563380154,4.0,2.0,0.0,6.0,2.1232455689884326,-0.24503811150047694,0.18722528734862331,2.1232455689884326,-0.24503811150047694
EURUSD,2024-04-29,1.06946,1.07337,1.06898,1.07203,39,5,0.365605071718424,-0.0448824640472795,0.2403081929197876,0.4024444267099569,1.0,1.0,1.0,1.0,0.117740993280681,-0.24316066718399001,-0.005302879352760072,0.117740993280681,-0.24316066718399001
EURUSD,2024-04-30,1.07205,1.07353,1.06628,1.0669,15,58,0.1380532624411312,-0.5382211650576049,-0.480388041602536,0.409401369439428,5.0,2.0,4.0,12.0,5.986851562325248,6.2206976137637495,0.40849902406055927,5.986851562325248,6.2206976137637495
EURUSD,2024-05-01,1.06688,1.07328,1.0649,1.07096,64,20,0.5998800239951974,-0.1855878824235239,0.3824235152969276,0.3965660049247849,3.0,5.0,1.0,3.0,0.9401854496319072,-3.623161117831815,-0.04773134797381952,0.9401854496319072,-3.657566987221646
EURUSD,2024-05-02,1.07114,1.07302,1.0674,1.07233,19,37,0.1755139384207577,-0.3491607072838356,0.1110965886812204,0.3977203403997155,5.0,1.0,0.0,12.0,2.46474908824535,1.2754838191559381,0.08379176536167274,2.46474908824535,1.7813258630041333
EURUSD,2024-05-03,1.07221,1.08124,1.07221,1.07609,90,0,0.842185765848096,0.0,0.3618694099103611,0.4085258729640728,3.0,4.0,1.0,4.0,0.8320280641076674,-2.646450847457996,-0.18024783554887405,0.8066940211375868,-2.0579818669656715
EURUSD,2024-05-06,1.0763,1.07907,1.0755,1.07689,28,8,0.257363188702029,-0.0743287187587228,0.0548174300845366,0.4053174924241685,3.0,0.0,0.0,8.0,0.7392523061776792,1.0028520666821379,0.12535650833526724,0.7392523061776792,1.3089286542172232
EURUSD,2024-05-07,1.07685,1.07874,1.07477,1.07559,19,21,0.1755119097367272,-0.193155964154718,-0.1170079398244916,0.4055698992999847,3.0,0.0,0.0,6.0,1.9052002764401856,2.724217974820471,0.45403632913674513,1.9052002764401856,3.347922464228473
EURUSD,2024-05-08,1.07553,1.07575,1.0733,1.07474,2,22,0.0204550314728447,-0.2073396372021399,-0.0734521584707138,0.3305401029928093,5.0,0.0,1.0,5.0,0.407318918024883,-1.1439778621928385,-0.13688996426950725,0.4685688426706477,-1.4358393943825443
EURUSD,2024-05-09,1.07475,1.07847,1.07236,1.07807,37,24,0.3461270062805253,-0.2223772970458352,0.3089090486159562,0.3354527287709959,3.0,2.0,0.0,1.0,1.643757120725838,4.0713159138211585,0.4954009033967621,1.643757120725838,3.9196941191366124
EURUSD,2024-05-10,1.07805,1.07901,1.07602,1.07694,10,20,0.0890496730207385,-0.1883029544084204,-0.102963684430216,0.2730861325299018,4.0,1.0,1.0,2.0,1.8024718247143343,-3.357018556839518,-0.0779680847575448,1.8024718247143343,-3.357018556839518
EURUSD,2024-05-13,1.07706,1.08068,1.07655,1.07883,36,5,0.3361001244127699,-0.0473511225001402,0.1643362486769585,0.2714906834650907,5.0,0.0,0.0,1.0,1.2876773232806142,1.2876773232806142,1.2876773232806142,1.2876773232806142,1.2876773232806142
EURUSD,2024-05-14,1.07896,1.08257,1.07668,1.08163,36,23,0.3345814488025611,-0.2113145992437011,0.2474605175354204,0.2715044136240445,6.0,2.0,0.0,4.0,3.1187521820604296,17.72445466818483,1.02680403851871,3.1558466614656964,17.83573810640063
EURUSD,2024-05-15,1.08171,1.0886,1.08128,1.08832,69,4,0.6369544517477016,-0.0397518743470921,0.6110695103123762,0.280287705881012,2.0,6.0,0.0,8.0,1.3227240433703151,-8.554719109547463,-0.3595508292916028,1.3227240433703151,-9.065997784754376
EURUSD,2024-05-16,1.08828,1.0895,1.0854,1.08656,12,29,0.112103502775021,-0.2646377770426723,-0.1580475612893689,0.2742216172517897,3.0,1.0,3.0,7.0,0.6134701326125767,-3.4142805624367507,-0.10265968954646021,0.6134701326125767,-3.415058259022054
EURUSD,2024-05-17,1.0866,1.08786,1.08353,1.08674,13,31,0.1159580342352327,-0.2825326707159862,0.0128842260261392,0.2748905865764275,3.0,0.0,0.0,3.0,0.4175429934824559,-0.4567840936594872,-0.1522613645531624,0.403781390841611,-0.44302249101864233
EURUSD,2024-05-20,1.08688,1.08845,1.0853,1.08592,16,16,0.1444501692919042,-0.1453702340644907,-0.0883262181657654,0.2763379419408804,3.0,0.0,0.0,0.0,0.0,0.0,0.0,0.0,0.0
EURUSD,2024-05-21,1.08593,1.08748,1.08424,1.0855,15,17,0.1427347987439282,-0.1556269741143507,-0.0395973957805892,0.2629075973170512,1.0,0.0,0.0,3.0,0.1043417443419032,0.0253222450658748,0.0084407483552916,0.1690651644551093,-0.11978433049571349
EURUSD,2024-05-22,1.08551,1.08635,1.0817,1.08233,8,38,0.0773829812714716,-0.350987093624183,-0.2929498576705844,0.2740061357063824,3.0,0.0,1.0,2.0,0.3464808113997487,-0.38386757151803325,-0.031970539373838404,0.3464808113997487,-0.38386757151803325
EURUSD,2024-05-23,1.08233,1.0861,1.08045,1.08142,38,19,0.3483226003159896,-0.1736993338445856,-0.0840778690417863,0.2698045934349095,5.0,7.0,3.0,2.0,1.9935458268278357,14.742279724827815,0.46414028367172033,1.9935458268278357,14.95969656801067
EURUSD,2024-05-24,1.08144,1.0858,1.08052,1.0845,44,9,0.4031661488385987,-0.0850717561769522,0.2829560585885544,0.2600948357935068,4.0,1.0,2.0,2.0,1.3240595987239954,1.3504957397117092,-0.10933037128410303,1.3240595987239954,1.3504957397117092
EURUSD,2024-05-27,1.08444,1.08675,1.08404,1.0856,23,4,0.2130131680867576,-0.0368853970713158,0.1069676515067525,0.2571122474697846,3.0,0.0,1.0,1.0,0.0322615538001788,0.06223049788848949,0.014984472044155348,0.0322615538001788,0.06223049788848949
EURUSD,2024-05-28,1.08563,1.0889,1.08542,1.08569,33,2,0.3012075937473986,-0.019343606937911,0.0055267448393973,0.2241688924538228,0.0,1.0,1.0,2.0,0.7645338635452055,1.879884819679989,0.10079026585470661,0.7645338635452055,1.879884819679989
EURUSD,2024-05-29,1.08572,1.08604,1.07991,1.08029,3,58,0.0294735290866775,-0.535128762480206,-0.5001289466897585,0.2480676357070039,5.0,1.0,1.0,3.0,0.7483975964114897,-0.20579555012484674,0.15761883503204435,0.7483975964114897,-0.20579555012484674
EURUSD,2024-05-30,1.08032,1.08451,1.07879,1.08334,42,15,0.3878480450237094,-0.1416247037914721,0.2795468009478694,0.2533908572398679,4.0,3.0,2.0,7.0,0.8873887003292668,-3.150621014578312,-0.15771069558793813,1.215776884517032,-6.81926703816462
EURUSD,2024-05-31,1.08334,1.08823,1.08109,1.0845,49,22,0.4513818376502355,-0.2076910295936514,0.1070762641460714,0.243025438593483,6.0,3.0,1.0,9.0,0.6587306900632828,-4.731475404597917,-0.20339269078019584,0.6587306900632828,-4.731475404597917
EURUSD,2024-06-03,1.08462,1.09045,1.0826,1.09028,58,20,0.5375154431966959,-0.1862403422396702,0.5218417510280097,0.2662324843197295,1.0,2.0,1.0,7.0,1.060119739723487,-1.8660675233608348,-0.17196515542749302,1.060119739723487,-2.179880328751454
EURUSD,2024-06-04,1.09017,1.0916,1.08585,1.08786,14,43,0.1311722025005109,-0.3962684718897145,-0.2118935578854705,0.2703587696318859,3.0,1.0,0.0,5.0,1.2220490253464165,-3.9580894561080853,-0.3960164996175913,1.2220490253464165,-3.9580894561080853
EURUSD,2024-06-05,1.08788,1.08915,1.08541,1.08702,13,25,0.1167408170018848,-0.227047100783172,-0.0790528367099184,0.2705015280141156,4.0,2.0,1.0,8.0,1.742048911218007,4.618213806407991,0.14729674735647708,1.742048911218007,4.867093270276447
EURUSD,2024-06-06,1.087,1.0902,1.08617,1.08891,32,8,0.2943882244710296,-0.0763569457221606,0.1757129714811479,0.2655037404854463,0.0,2.0,0.0,9.0,0.856639657090869,-1.7075873587053132,-0.19140536157129784,0.856639657090869,-1.8430914334314517
EURUSD,2024-06-07,1.08893,1.0902,1.07993,1.08,13,90,0.1166282497497639,-0.8264994076754151,-0.8200710789490493,0.3280146595040437,3.0,3.0,0.0,6.0,1.7418427921654098,1.4458904962956194,-0.14248777577578642,1.7418427921654098,1.3749931260262886
EURUSD,2024-06-10,1.07713,1.07817,1.07325,1.07648,10,39,0.0965528766258624,-0.3602165012579618,-0.0603455478911382,0.326368364941907,2.0,0.0,0.0,2.0,0.2684759945219474,-0.12243758404374994,-0.06121879202187497,0.2684759945219474,-0.12243758404374994
EURUSD,2024-06-11,1.07649,1.07734,1.0719,1.07416,9,46,0.0789603247591726,-0.4263857536995116,-0.2164441843398399,0.3243965019738853,6.0,0.0,1.0,1.0,0.4475786897396183,-0.12535380626616438,0.0805562208683635,0.4475786897396183,-0.3132248967512233
EURUSD,2024-06-12,1.07425,1.08523,1.07343,1.08109,110,8,1.0221084477542464,-0.076332324877805,0.6367232953223346,0.3270726663076057,0.0,4.0,0.0,4.0,1.0474563931505645,-7.9032683120922815,-0.37458509131518924,1.0474563931505645,-7.968010430410816
EURUSD,2024-06-13,1.0812,1.08164,1.07309,1.07388,4,81,0.0406955234924154,-0.7500924898261043,-0.6770255271920083,0.3576668851738423,1.0,3.0,1.0,4.0,0.9293693134207408,-4.445481719536568,-0.29238960797710445,1.1151762618569183,-5.17379649822111
EURUSD,2024-06-14,1.07386,1.0745,1.06673,1.07025,6,71,0.0595980854115037,-0.6639599202875682,-0.3361704505242874,0.3630647502686709,4.0,1.0,1.0,4.0,0.8361618961386188,-3.2565569840690536,-0.2914854043681588,0.8361618961386188,-3.403041707277284
EURUSD,2024-06-17,1.07045,1.0738,1.06862,1.07313,34,18,0.3129524966135911,-0.1709561399411461,0.2503619972908604,0.3697317711283754,3.0,1.0,0.0,0.0,0.2265407912016618,0.6796223736049856,0.2265407912016618,0.2265407912016618,0.6796223736049856
EURUSD,2024-06-18,1.07314,1.07615,1.07098,1.074,30,22,0.2804853048064518,-0.2012784911567866,0.0801386585161379,0.3708351106108888,3.0,2.0,1.0,6.0,2.9074163212844044,4.599213123781494,0.421179625164667,2.9074163212844044,4.317966883467037
EURUSD,2024-06-19,1.07401,1.07534,1.07244,1.0744,13,16,0.1238349736036027,-0.1461811342538569,0.0363125110567045,0.3663694592667325,1.0,0.0,0.0,4.0,0.4259124745956007,-1.022315925667218,-0.2555789814168045,0.4259124745956007,-1.0441900891712277
EURUSD,2024-06-20,1.07441,1.0749,1.06994,1.0704,5,45,0.045606425852317,-0.4160422929794208,-0.3732280972813049,0.3744355832202665,3.0,1.0,2.0,6.0,0.6546126738005821,-3.771035093112763,-0.2782826686762408,0.6546126738005821,-3.950433397389082
EURUSD,2024-06-21,1.07039,1.07206,1.06707,1.0691,17,33,0.1560179000177561,-0.3101673221909761,-0.1205168209717965,0.3669386995184253,5.0,6.0,3.0,2.0,1.195439354661441,-7.861686900446412,-0.2711037773426698,1.404076917733453,-8.767905520517555
EURUSD,2024-06-24,1.06906,1.07465,1.06834,1.07332,56,7,0.5228892672067242,-0.0673488859371627,0.3984809084616535,0.3794842968504313,2.0,0.0,1.0,1.0,0.3642184672998455,-0.8132181810796464,-0.22449985688990043,0.3642184672998455,-0.8132181810796464
EURUSD,2024-06-25,1.07329,1.07442,1.06903,1.07123,11,43,0.1052837536919055,-0.3969104342722053,-0.1919332146950193,0.3806630568345351,1.0,1.0,2.0,1.0,0.1598029406069732,-0.6770659473517562,-0.07348479449492645,0.1598029406069732,-0.6770659473517562
EURUSD,2024-06-26,1.07123,1.0718,1.06658,1.06799,6,46,0.0532098615610262,-0.4340804495766382,-0.3024560551888866,0.370940202611548,4.0,1.0,0.0,2.0,1.3053106599737734,-3.355302837386387,-0.24822717247961337,1.3053106599737734,-3.355302837386387
EURUSD,2024-06-27,1.06795,1.07264,1.06767,1.07048,47,3,0.4391591366637092,-0.0262184559202264,0.2369024767077244,0.3690935518933164,3.0,3.0,3.0,6.0,2.9914605746572147,5.367104657641711,0.48029398064812084,2.9914605746572147,6.097337016700846
EURUSD,2024-06-28,1.0705,1.07248,1.06851,1.07112,20,20,0.1849602989257443,-0.185894441849597,0.0579168612797818,0.3681740655345829,3.0,1.0,4.0,7.0,2.97973699596452,2.890026873041642,0.05983118739608836,2.97973699596452,2.890026873041642
EURUSD,2024-07-01,1.0738,1.07765,1.07195,1.07384,38,19,0.3585397653194178,-0.1722853417768792,0.0037250884708342,0.3432218925358993,3.0,2.0,2.0,6.0,0.998225899917425,-5.307237194355075,-0.3022129367531646,0.998225899917425,-4.659483026108171
EURUSD,2024-07-02,1.07384,1.07472,1.07097,1.07446,9,29,0.0819488936899344,-0.2672651419205774,0.0577367205542785,0.3428836739959998,5.0,3.0,0.0,5.0,1.2971945740023785,2.049097432937517,0.19260976953024034,1.2971945740023785,2.524951211082344
EURUSD,2024-07-03,1.07446,1.08169,1.0736,1.07855,72,9,0.6728961524859064,-0.0800402062431231,0.3806563296911869,0.3568171327300277,4.0,3.0,1.0,13.0,1.8709492310076927,-6.341111095782706,-0.19265059228578998,1.8709492310076927,-5.868151863133704
EURUSD,2024-07-04,1.07855,1.0814,1.07834,1.0811,29,2,0.2642436604700773,-0.0194705855083048,0.2364285383153356,0.35899326702615,4.0,0.0,0.0,3.0,0.2983505153740065,-0.5622780323373902,-0.18742601077913004,0.2983505153740065,-0.5622780323373902
EURUSD,2024-07-05,1.08111,1.08426,1.07968,1.0837,31,14,0.2913672059272401,-0.1322714617384024,0.2395685915401848,0.3123740532208224,3.0,3.0,0.0,5.0,3.2520912440951717,-2.1419035019939265,-0.3122606955894657,3.2520912440951717,-1.772088287629468
EURUSD,2024-07-08,1.08178,1.08451,1.08143,1.08241,27,4,0.252361848065237,-0.032354083085292,0.0582373495535257,0.3119569883941872,3.0,0.0,0.0,2.0,4.695237829750639,-4.738090686335666,-2.369045343167833,4.695237829750639,-4.738090686335666
EURUSD,2024-07-09,1.08244,1.08333,1.0805,1.0814,9,19,0.0822216473892165,-0.1792247145338358,-0.0960792284099028,0.3082380519099446,4.0,0.0,0.0,2.0,0.5520966183137993,0.4143766096950461,0.20718830484752304,0.5520966183137993,0.4143766096950461
EURUSD,2024-07-10,1.08139,1.08305,1.08105,1.08289,17,3,0.1535061356217456,-0.0314410157297558,0.1387103635136106,0.2748493355327402,5.0,0.0,1.0,3.0,0.4229670258556353,-0.06403775188461813,0.08406022210724728,0.6578138902821487,-0.5791082518217008
EURUSD,2024-07-11,1.08289,1.08999,1.0828,1.08659,71,1,0.6556529287370007,-0.0083110934628561,0.3416782868066043,0.2332687006961837,6.0,4.0,1.0,3.0,0.9780647962958192,-8.25313810024128,-0.27763166385701543,0.9780647962958192,-8.647376659874972
EURUSD,2024-07-12,1.08659,1.09114,1.086,1.09054,46,6,0.4187411995324873,-0.0542983093899141,0.3635225798139243,0.2238199142706514,3.0,3.0,1.0,2.0,1.3729616629055457,-4.129086111427595,-0.4243852082875526,1.3729616629055457,-4.2153954406764385
EURUSD,2024-07-15,1.08882,1.09223,1.08829,1.08946,34,5,0.3131830789294957,-0.0486765489245164,0.058779228890009,0.2206642842890877,3.0,1.0,0.0,1.0,0.1450613457630379,0.376961499866854,0.0434194041703891,0.1450613457630379,0.3620098742820703
EURUSD,2024-07-16,1.08946,1.09056,1.08712,1.08977,11,23,0.1009674517650835,-0.2147853064821112,0.0284544636792365,0.2209678278642424,6.0,2.0,0.0,7.0,0.7318805717117216,1.5920166445054496,0.07008180464561484,0.7318805717117216,1.033239381404457
EURUSD,2024-07-17,1.08988,1.09481,1.08949,1.09378,49,4,0.4523433772525508,-0.0357837560098259,0.3578375600983608,0.2293399587101495,0.0,0.0,2.0,6.0,0.7931769598676716,2.131972841453282,0.18797685174356302,0.7931769598676716,2.125573330345817
EURUSD,2024-07-18,1.09378,1.0941,1.0893,1.08975,3,45,0.0292563403975294,-0.4095887655652909,-0.3684470368812721,0.2288295398182355,2.0,2.0,1.0,3.0,1.4142870057574144,4.898699946580948,0.2794596195886397,1.4142870057574144,4.840054568851382
EURUSD,2024-07-19,1.08974,1.0902,1.08753,1.08822,5,22,0.042211903756871,-0.2028006680492432,-0.1394828124139671,0.2298023713564894,3.0,0.0,0.0,3.0,0.4696295078378307,-0.4541159255552071,-0.15137197518506904,0.4696295078378307,-0.4843302619541724
EURUSD,2024-07-22,1.08844,1.0903,1.08727,1.089,19,12,0.1708867737312091,-0.1074932931535146,0.0514497813384195,0.218339185364523,0.0,0.0,0.0,0.0,0.0,0.0,0.0,0.0,0.0
EURUSD,2024-07-23,1.08894,1.08968,1.08436,1.08531,7,46,0.0679559939023236,-0.4205925028008915,-0.3333516998181738,0.2294676405506956,2.0,0.0,2.0,1.0,1.1283206596226734,-2.2582761907236897,-0.29058450519522677,1.1283206596226734,-2.368905356708682
EURUSD,2024-07-24,1.08534,1.08666,1.08253,1.084,13,28,0.1216208745646514,-0.2589050435808114,-0.1234636150883499,0.2174082129626031,3.0,6.0,3.0,5.0,1.2949652701265435,-7.78262728859828,-0.1937516606443957,1.2018062079790537,-8.04089157887926
EURUSD,2024-07-25,1.08393,1.08701,1.08278,1.08449,31,11,0.2841511905750345,-0.1060954120653533,0.0516638528318151,0.2141835692208341,4.0,2.0,4.0,4.0,6.109210057587464,-9.792940339344042,-0.41669963722347764,6.109210057587464,-9.792940339344042
EURUSD,2024-07-26,1.08448,1.08683,1.08418,1.0855,23,3,0.2166937149601515,-0.0276630274417406,0.0940542933018404,0.2142439904561903,0.0,1.0,1.0,4.0,1.125845586387808,2.089496343175183,-0.04590567955173915,1.125845586387808,2.089496343175183
EURUSD,2024-07-29,1.08557,1.087,1.08025,1.08223,14,53,0.1317280322779777,-0.4900651270760975,-0.3076724669988945,0.2300523098805931,2.0,0.0,0.0,0.0,0.0,0.0,0.0,0.0,0.0
EURUSD,2024-07-30,1.08225,1.08358,1.0798,1.08131,13,24,0.1228921228921278,-0.2263802263802117,-0.0868560868560814,0.2322075996647618,4.0,3.0,2.0,8.0,0.9421006154752888,-1.145046689670416,-0.22387404492552582,0.9421006154752888,-1.145046689670416
EURUSD,2024-07-31,1.08128,1.08494,1.08017,1.08268,37,11,0.3384877182598398,-0.1026561112755201,0.1294761763835517,0.2196829168887817,0.0,6.0,1.0,5.0,1.6689259127388396,-3.6491496815058033,-0.045593631066053374,1.6689259127388396,-3.6491496815058033
EURUSD,2024-08-01,1.08269,1.08354,1.07772,1.0791,9,50,0.0785081602305385,-0.4590418309950142,-0.3315815237972072,0.2287627979921048,6.0,2.0,2.0,15.0,3.483552694641374,5.291633884596258,0.30126606128041294,3.483552694641374,7.239299851596103
EURUSD,2024-08-02,1.07909,1.0927,1.07816,1.09098,136,9,1.2612479033259412,-0.0861837288826786,1.1018543402311165,0.3326861355812197,5.0,3.0,0.0,6.0,1.4501463103355383,1.1081967079211503,-0.029950818228171805,1.39145832357956,0.862243468161078
EURUSD,2024-08-05,1.09195,1.1009,1.08923,1.09524,90,27,0.8196345986537857,-0.2490956545629429,0.3012958468794373,0.3374300494798903,2.0,1.0,1.0,7.0,1.761276704400387,-0.8600001486233029,-0.13523069284688044,1.730950385974825,-0.7030834547075133
EURUSD,2024-08-06,1.09526,1.09631,1.09035,1.0929,10,49,0.0958676478644336,-0.4482953819184458,-0.2154739513905299,0.3413991586651765,3.0,0.0,0.0,5.0,1.1481500280306625,-0.9506617197879672,-0.19013234395759343,1.1891151980243235,-0.7233897937617252
EURUSD,2024-08-07,1.09285,1.09366,1.0905,1.09226,8,24,0.0741181314910534,-0.215034085190106,-0.0539872809626289,0.3416498954759527,3.0,0.0,1.0,4.0,1.0125665639315728,0.019259524223474545,0.11642996825697172,1.0541718380713891,-0.9633035177965354
EURUSD,2024-08-08,1.09228,1.09451,1.08812,1.09164,22,42,0.2041601054674787,-0.3808547258944539,-0.0585930347529913,0.3350774897212326,3.0,1.0,1.0,3.0,0.9086320144280908,-3.6902647511984785,-0.27115471811349123,0.9086320144280908,-3.971192626763983
EURUSD,2024-08-09,1.09162,1.09314,1.09087,1.09148,15,8,0.1392425935765161,-0.0687052270936798,-0.0128249757241557,0.3255558767426006,4.0,0.0,0.0,2.0,0.1259841577967344,-0.07428870765260519,-0.037144353826302594,0.1259841577967344,-0.07428870765260519
EURUSD,2024-08-12,1.09183,1.09395,1.09097,1.09317,21,9,0.194169421979603,-0.078766840991737,0.1227297289871039,0.3264025383493041,6.0,0.0,0.0,3.0,0.725424119236716,-0.6926370334381446,-0.23087901114604822,0.725424119236716,-0.6926370334381446
EURUSD,2024-08-13,1.09314,1.09997,1.09134,1.09914,68,18,0.6248056058693207,-0.1646632636258872,0.5488775454196174,0.3479542934008512,5.0,2.0,0.0,3.0,1.1893737158708804,-3.3584208482992706,-0.23693659394145233,1.1893737158708804,-3.461196241503501
EURUSD,2024-08-14,1.09914,1.10264,1.0986,1.10253,35,5,0.3184307731499225,-0.0491293192859858,0.3084229488509202,0.3457198026769397,1.0,3.0,0.0,6.0,2.044216402921402,10.94013520027403,0.5384303978242636,2.044216402921402,10.823859404095328
EURUSD,2024-08-15,1.10111,1.1016,1.0949,1.09717,5,62,0.0445005494455485,-0.5639763511365847,-0.3578207445214424,0.3450764765980729,6.0,3.0,2.0,7.0,1.8415488308573345,0.368729737263487,-0.19070515132589047,1.8535488934694813,0.412773798590518
EURUSD,2024-08-16,1.09719,1.10297,1.09702,1.10253,58,2,0.5268002807170951,-0.0154941259034445,0.4866978372022986,0.3566780839195146,6.0,0.0,3.0,3.0,0.8436301920106872,-1.7111770138364628,-0.21762480122417097,0.8436301920106872,-1.876556973895041
EURUSD,2024-08-19,1.10247,1.10864,1.10215,1.1083,62,3,0.5596524168458107,-0.0290257331265338,0.5288125753988772,0.3713417679770113,5.0,0.0,0.0,1.0,0.8696938911049427,-0.8696938911049427,-0.8696938911049427,0.8076609682171568,-0.8076609682171568
EURUSD,2024-08-20,1.10835,1.11304,1.10716,1.11286,47,12,0.4231515315559239,-0.1073668065141899,0.4069111742680574,0.3637797931050227,4.0,0.0,0.0,4.0,0.1043417443419032,0.0316278184917096,0.0079069546229274,0.1043417443419032,0.0379983856484853
EURUSD,2024-08-21,1.11285,1.11741,1.10992,1.11481,46,29,0.4097587275913303,-0.263287954351429,0.1761243653682153,0.3590775143684455,1.0,1.0,1.0,1.0,0.8473370180676032,-4.042641002203477,-0.5778746690194226,0.8473370180676032,-4.042641002203477
EURUSD,2024-08-22,1.11482,1.11649,1.10976,1.11108,17,51,0.1497999677077968,-0.4538849320966472,-0.3354801672018671,0.3742939879239783,6.0,7.0,3.0,2.0,3.225171754485056,3.0561068181957283,0.29351459305171623,3.225171754485056,3.652357103113993
EURUSD,2024-08-23,1.11112,1.1201,1.11052,1.11913,90,6,0.8081935344517233,-0.05399956800347,0.7208942328461238,0.3973437724319124,2.0,0.0,1.0,0.0,0.994985749702795,1.98997149940559,0.994985749702795,0.994985749702795,1.98997149940559
EURUSD,2024-08-26,1.11903,1.12015,1.11498,1.11604,11,40,0.1000866822158485,-0.3619205919412247,-0.267195696272669,0.3949666868114245,4.0,0.0,3.0,1.0,1.009312657693077,-2.0406935026917634,-0.26754636556387773,1.009312657693077,-2.0406935026917634
EURUSD,2024-08-27,1.11604,1.11906,1.11501,1.11824,30,10,0.2705996200853036,-0.0922905989032529,0.1971255510555159,0.3908744638583535,0.0,1.0,2.0,3.0,0.2201448369881376,0.19143433718600278,-0.020711222573916683,0.2201448369881376,0.19143433718600278
EURUSD,2024-08-28,1.11827,1.1185,1.11046,1.11188,2,78,0.0205674837025005,-0.6984002074633223,-0.5714183515609037,0.4246427991474666,1.0,0.0,1.0,2.0,3.992330310466342,4.389127488582995,1.395219763834097,3.992330310466342,4.389127488582995
EURUSD,2024-08-29,1.11188,1.11399,1.10553,1.1078,21,64,0.1897686800733942,-0.5711047954815338,-0.3669460733172719,0.4267552773262144,2.0,3.0,3.0,4.0,1.0306670288333537,-5.6036128303115245,-0.2525213721375551,1.0306670288333537,-4.893876894652056
EURUSD,2024-08-30,1.10779,1.1095,1.10436,1.10465,17,34,0.1543613861832909,-0.3096254705314223,-0.283447223751807,0.3698562037432629,4.0,2.0,3.0,12.0,1.8593018503838783,-6.447567364276385,-0.2869622650130064,1.8593018503838783,-6.854162638442677
EURUSD,2024-09-02,1.10464,1.10775,1.10416,1.10702,31,5,0.2815396871378862,-0.0434530706836649,0.2154548088064733,0.367444515302629,2.0,0.0,0.0,5.0,4.02011784721338,5.974041130263521,1.1948082260527042,4.02011784721338,6.572848831447882
EURUSD,2024-09-03,1.10701,1.1073,1.1026,1.1045,3,44,0.0261966919901266,-0.3983703850913745,-0.2267368858456574,0.3678963829088871,5.0,1.0,1.0,5.0,0.7754626205176136,0.919026685402977,0.010828442323636065,0.7754626205176136,0.9448606360018662
EURUSD,2024-09-04,1.10445,1.10952,1.10382,1.1082,51,6,0.4590520168409733,-0.0570419665896969,0.3395355154149252,0.3720422086335552,4.0,1.0,0.0,9.0,0.8292107045855885,-3.859936463617549,-0.2528907991184268,1.049047495649714,-4.264233527299291
EURUSD,2024-09-05,1.10831,1.11197,1.10744,1.1108,37,9,0.3302325161732725,-0.0784978931887221,0.2246663839539572,0.3719379686584544,2.0,3.0,2.0,8.0,1.148578345150058,-3.161455109966869,-0.1510611832310864,1.148578345150058,-2.5579892748659345
EURUSD,2024-09-06,1.11083,1.11556,1.10653,1.1083,47,43,0.425807729355538,-0.3870979357777491,-0.2277576226785305,0.3782003914381638,1.0,3.0,0.0,7.0,0.9396597739558978,-0.4924132897608551,-0.050326124504970815,0.9396597739558978,-0.19339373154001294
EURUSD,2024-09-09,1.10826,1.10911,1.1033,1.10357,9,50,0.0766968039990631,-0.4475484092180603,-0.4231858950065943,0.394454842934397,2.0,0.0,0.0,2.0,0.4930659225670158,-0.5653425584845402,-0.2826712792422701,0.4930659225670158,-0.5653425584845402
EURUSD,2024-09-10,1.10364,1.10498,1.10149,1.1019,13,21,0.1214164038998331,-0.1948099017795544,-0.1576601065564724,0.3792090473304264,3.0,0.0,0.0,4.0,1.2983631930899495,-2.2371515613893034,-0.5592878903473258,1.2983631930899495,-2.2371515613893034
EURUSD,2024-09-11,1.10192,1.1055,1.10017,1.10128,36,17,0.3248874691447579,-0.1588137069841656,-0.0580804414113523,0.3733142089215811,6.0,3.0,1.0,2.0,0.9388247678563963,-2.194375650317662,-0.19659327951259953,1.1513698070636664,-3.3445150029193647
EURUSD,2024-09-12,1.10124,1.10751,1.10052,1.10735,63,7,0.56935817805383,-0.0653808434128849,0.5548291017398623,0.38280057457609,3.0,4.0,1.0,4.0,1.2688498455776254,-2.1137431524923835,-0.19774462472982526,1.3602513392341982,-2.9746437871342546
EURUSD,2024-09-13,1.10735,1.11019,1.107,1.10737,28,4,0.2564681446697027,-0.0316069896600056,0.0018061136948488,0.3685540117458877,6.0,0.0,2.0,3.0,2.147869605545426,-2.9918178366226313,-0.5708722675454947,2.147869605545426,-3.006769462207415
EURUSD,2024-09-16,1.10745,1.11376,1.10743,1.1131,63,0,0.5697774165876597,-0.0018059506072627,0.5101810465483708,0.3672278008325743,2.0,0.0,1.0,2.0,0.5490286443446942,1.185478434901948,0.21214993018575132,0.5490286443446942,1.0534054951005787
EURUSD,2024-09-17,1.11302,1.11461,1.11106,1.11127,16,20,0.1428545758387273,-0.1760974645558895,-0.1572298790677542,0.3576044042951896,3.0,2.0,1.0,5.0,0.963265033392133,-1.1103322377934939,0.06955664376865597,0.963265033392133,-1.5598456730165866
EURUSD,2024-09-18,1.1113,1.11891,1.10965,1.11156,76,16,0.6847835867902562,-0.1484747592909142,0.0233960226761584,0.3551162932999177,5.0,1.0,2.0,4.0,1.121473561030081,0.10590034073609988,0.12234365998540583,1.121473561030081,0.10590034073609988
EURUSD,2024-09-19,1.11156,1.1179,1.10681,1.11613,63,48,0.570369570693421,-0.4273273597466652,0.4111339019036276,0.3588067229758656,3.0,1.0,2.0,5.0,0.6721661765450101,-2.8537357090600453,-0.1314942384049457,0.6721661765450101,-3.388507815323384
EURUSD,2024-09-20,1.11612,1.11819,1.11357,1.11617,21,26,0.1854639286098283,-0.2284700569831247,0.0044798050388941,0.3190183671048117,0.0,0.0,0.0,2.0,0.1043417443419032,0.1254344983486389,0.06271724917431945,0.1043417443419032,0.1534608582912018
EURUSD,2024-09-23,1.11612,1.11672,1.10829,1.1111,6,78,0.0537576604666105,-0.7015374690893456,-0.4497724259040268,0.3291315127391921,6.0,6.0,2.0,0.0,2.554539970593945,-17.11883337362086,-0.7771043638454942,2.554539970593945,-18.312353538193555
EURUSD,2024-09-24,1.11118,1.1181,1.11029,1.11783,69,9,0.6227613887938981,-0.0800950341078904,0.5984628953004953,0.3544538520366177,1.0,1.0,3.0,2.0,1.107955231274297,-5.150513755266369,-0.3535996129918597,1.107955231274297,-5.150513755266369
EURUSD,2024-09-25,1.11786,1.1214,1.1121,1.1133,35,58,0.3166765068970959,-0.5152702485105458,-0.4079222800708603,0.3423052079368573,5.0,0.0,2.0,0.0,0.6075116712177786,-1.6523552392748382,-0.41308880981870955,0.6075116712177786,-1.6523552392748382
EURUSD,2024-09-26,1.11325,1.11893,1.11255,1.11748,57,7,0.5102178306759404,-0.0628789580058517,0.3799685605209931,0.3401829994161044,2.0,2.0,4.0,4.0,1.3942985694032406,4.12868430298251,0.3096966501303668,1.3942985694032406,4.698390105609223
EURUSD,2024-09-27,1.11747,1.1203,1.11247,1.1161,28,50,0.2532506465498054,-0.4474393048582864,-0.1225983695311615,0.3338871090250712,2.0,1.0,2.0,9.0,1.6435902252262231,-5.244562082234382,-0.25146551729852623,1.6435902252262231,-5.189215314148224
EURUSD,2024-09-30,1.11583,1.12089,1.11132,1.11349,51,45,0.4534740955163279,-0.4041834329602192,-0.2097093643296925,0.3364339802471992,0.0,1.0,1.0,2.0,1.2417328303222577,-0.24184559213106788,-0.24759265045600024,1.2417328303222577,-0.24184559213106788
EURUSD,2024-10-01,1.1135,1.1144,1.10455,1.10676,9,90,0.0808262236192297,-0.8037718904355649,-0.6052986079928127,0.3613854328390261,2.0,4.0,2.0,7.0,1.4350203289182168,3.4473447994283273,0.2768416006173218,1.4350203289182168,3.951943345691242
EURUSD,2024-10-02,1.10685,1.10828,1.10323,1.10474,14,36,0.1291954646067707,-0.3270542530604831,-0.1906310701540257,0.3554496757784458,2.0,1.0,1.0,5.0,0.8395546582104676,0.5275510670390251,-0.028568104875376216,0.8395546582104676,1.003404845183852
EURUSD,2024-10-03,1.10478,1.1049,1.1008,1.10321,1,40,0.0108618910552234,-0.3602527199985603,-0.1421097413059678,0.3518748145666578,0.0,2.0,1.0,10.0,3.621460549780815,10.179964342094035,0.5474556922483544,3.621460549780815,11.010656395389516
EURUSD,2024-10-04,1.10318,1.10396,1.0951,1.09739,8,81,0.0707046900777754,-0.7324280715749095,-0.5248463532696352,0.3664798641587523,3.0,3.0,0.0,2.0,1.5257082132231834,-2.064671584299198,-0.028436679355899996,1.5257082132231834,-1.7614630713132209
EURUSD,2024-10-07,1.09682,1.0987,1.0954,1.09733,19,14,0.1714046060429335,-0.1294651811600788,0.0464980580222835,0.3560900569132284,3.0,0.0,0.0,3.0,0.4615330513551286,-0.44726264665220633,-0.14908754888406878,0.4615330513551286,-0.1414436465232604
EURUSD,2024-10-08,1.09735,1.09971,1.09606,1.09778,24,13,0.2150635622180633,-0.1175559301954721,0.0391853100651506,0.3549417814168019,1.0,0.0,0.0,6.0,0.9624676975825344,-0.2508568184861969,-0.04180946974769948,0.9624676975825344,0.4271449902124135
EURUSD,2024-10-09,1.09785,1.0981,1.09359,1.09403,3,43,0.0227717812087337,-0.3880311517966872,-0.3479528168693295,0.3626322302418652,3.0,0.0,1.0,3.0,0.8030222856791884,-0.09997191544818276,-0.06230500632207554,0.8885581116900558,0.5544429824736565
EURUSD,2024-10-10,1.09405,1.09548,1.08998,1.09349,14,41,0.1307070060783366,-0.3720122480691027,-0.0511859604222744,0.3355530346298061,3.0,4.0,0.0,7.0,2.25368405055201,7.209464091950656,0.4033084833853582,2.25368405055201,7.5830987128660166
EURUSD,2024-10-11,1.0935,1.09537,1.09257,1.09353,19,9,0.1710105166895325,-0.0850480109739255,0.0027434842249633,0.3355621440845445,2.0,2.0,2.0,1.0,0.68217915538769,-2.742618686744143,-0.18282624207525003,0.7219263077742291,-2.86186014390376
EURUSD,2024-10-14,1.09312,1.09366,1.0888,1.09059,5,43,0.0493998829039798,-0.3951990632318594,-0.231447599531629,0.3092204144523366,2.0,0.0,0.0,0.0,0.0,0.0,0.0,0.0,0.0
EURUSD,2024-10-15,1.09077,1.09167,1.08816,1.08919,9,26,0.0825105200913025,-0.2392805082648038,-0.1448518019380726,0.309105341764366,1.0,0.0,2.0,4.0,1.5643760062445249,5.402006153057027,0.6521554665191868,1.5643760062445249,5.304878751957022
EURUSD,2024-10-16,1.08918,1.09014,1.0853,1.08628,10,39,0.088139701426768,-0.3562312932665037,-0.2662553480600199,0.3099950343213232,1.0,0.0,0.0,2.0,0.6080388162417829,-0.7758953805833979,-0.38794769029169895,0.6080388162417829,-0.7758953805833979
EURUSD,2024-10-17,1.08627,1.08737,1.08106,1.08318,11,52,0.1012639583160612,-0.4796229298425031,-0.2844596647242432,0.286509141082012,5.0,4.0,2.0,10.0,1.081281011018692,-2.448108868688048,-0.14357997938247885,1.081281011018692,-2.738453957147269
EURUSD,2024-10-18,1.08316,1.08694,1.0825,1.0865,38,7,0.3489789135492556,-0.0609328261752541,0.3083570294324126,0.3024868567532039,0.0,0.0,1.0,3.0,0.4840127178755058,-1.570939554422433,-0.2717317091367318,0.4840127178755058,-1.6254604136124218
EURUSD,2024-10-21,1.0866,1.0872,1.08108,1.08147,6,55,0.0552181115405792,-0.508006626173382,-0.4721148536720116,0.303767772521366,2.0,0.0,0.0,2.0,1.4444687586026683,-1.711294786210962,-0.855647393105481,1.4444687586026683,-1.7136236236524307
EURUSD,2024-10-22,1.08149,1.08381,1.07922,1.07982,23,23,0.2145188582418587,-0.2098956069866567,-0.1544165919241102,0.2505623952746125,2.0,0.0,1.0,0.0,0.1638603718035758,0.3277207436071516,0.1638603718035758,0.1638603718035758,0.3277207436071516
EURUSD,2024-10-23,1.0798,1.08067,1.07609,1.0783,9,37,0.0805704760140698,-0.3435821448416468,-0.1389146138173788,0.2441986004620581,6.0,0.0,2.0,2.0,0.6312539840759023,1.1368378664683536,0.1458292935862845,0.6312539840759023,1.1648642264109166
EURUSD,2024-10-24,1.07824,1.083,1.07702,1.08278,48,12,0.4414601572933553,-0.1131473512390561,0.4210565365781262,0.2490648602914466,0.0,7.0,3.0,1.0,1.454677997568565,5.135124719470907,0.19158051758478575,1.454677997568565,5.164878889881928
EURUSD,2024-10-25,1.0828,1.08393,1.07927,1.0793,11,35,0.1043590690801695,-0.3260066494274135,-0.3232360546730752,0.2517827438055459,4.0,0.0,4.0,5.0,1.6707389781173734,2.155134627896749,0.10147839259347134,1.6707389781173734,2.155134627896749
EURUSD,2024-10-28,1.07935,1.08276,1.07817,1.08134,34,12,0.315930884328523,-0.1093250567471125,0.1843702228192834,0.2631383212110775,3.0,0.0,0.0,0.0,0.0,0.0,0.0,0.0,0.0
EURUSD,2024-10-29,1.08134,1.08263,1.07687,1.0814,13,45,0.1192964285053742,-0.4133759964488481,0.0055486710932684,0.2412937913738639,6.0,2.0,1.0,4.0,1.597743088992576,-0.6383768006395094,-0.18703190042661116,1.597743088992576,-0.825688306561557
EURUSD,2024-10-30,1.08147,1.08713,1.08076,1.08569,57,7,0.5233617206210065,-0.0656513819153548,0.3902096220884641,0.265253263462858,5.0,3.0,4.0,8.0,1.7054634106031843,2.0561562880419433,0.09084717350415088,1.7054634106031843,2.0561562880419433
EURUSD,2024-10-31,1.08571,1.08881,1.08438,1.0882,31,13,0.2855274428714945,-0.1225004835545452,0.2293430105645249,0.2738494410798101,0.0,3.0,3.0,10.0,1.0075607769930428,-3.5475282797360403,-0.06001683694329933,1.0075607769930428,-3.0716745015912132
EURUSD,2024-11-01,1.08821,1.09057,1.08315,1.0834,24,51,0.2168699056248463,-0.4649837807040776,-0.4420102737523071,0.2670811294218769,3.0,4.0,1.0,3.0,1.467303491810126,2.310826171340164,0.30069388915815687,1.4120780919834597,2.3070806037406575
EURUSD,2024-11-04,1.0879,1.09147,1.08695,1.08767,36,10,0.3281551613199605,-0.0873242025921506,-0.0211416490486418,0.2660682419498056,6.0,0.0,0.0,7.0,1.1351104816998272,0.5807310801692153,0.08296158288131647,1.1351104816998272,0.9355790279719385
EURUSD,2024-11-05,1.08757,1.09365,1.08721,1.09288,61,4,0.5590444752981496,-0.0331013176163296,0.4882444348409894,0.2929046068357658,0.0,1.0,1.0,5.0,0.653053772315439,0.2162835891063538,0.01799529524027116,0.8739910097296409,-0.040262159367228656
EURUSD,2024-11-06,1.09265,1.09369,1.06822,1.07269,10,244,0.0951814396192881,-2.235848624902755,-1.8267514757699157,0.4926436507867857,6.0,0.0,1.0,8.0,1.225169346451707,2.982528864257685,0.2310333890870232,1.0840238909116413,3.6408717900722696
EURUSD,2024-11-07,1.07262,1.08247,1.07125,1.08038,99,14,0.9183121702000836,-0.1277246368704547,0.7234621767261462,0.5272712759694129,0.0,1.0,0.0,10.0,1.7328913750157062,-0.18061279603679264,-0.07020471859005965,1.7328913750157062,0.2552502678881308
EURUSD,2024-11-08,1.08021,1.0805,1.06865,1.07182,3,116,0.0268466316734823,-1.0701622832597175,-0.776700826691097,0.5493620488981792,1.0,1.0,2.0,4.0,1.3886526712828249,-0.3973410788653817,0.07969310157900435,1.3886526712828249,-0.3973410788653817
EURUSD,2024-11-11,1.0707,1.0728,1.06283,1.06533,21,79,0.1961333706920697,-0.7350331558793354,-0.5015410479125689,0.5556184097928002,2.0,0.0,0.0,0.0,0.0,0.0,0.0,0.0,0.0
EURUSD,2024-11-12,1.06534,1.06631,1.05946,1.06216,10,59,0.0910507443633147,-0.5519364709857778,-0.2984962547168003,0.5568939668173065,1.0,0.0,1.0,5.0,1.919745758988061,2.8285236088105554,0.5461960075241645,1.919745758988061,2.8285236088105554
EURUSD,2024-11-13,1.06202,1.0654,1.05555,1.05622,34,65,0.3182614263384812,-0.6092163989378708,-0.5461290747820218,0.5637663656344841,2.0,3.0,0.0,1.0,0.2923087251006494,-0.6483919933096389,-0.07164217009112915,0.4691286579016812,-0.1179321949065435
EURUSD,2024-11-14,1.05627,1.05825,1.04958,1.0529,20,67,0.1874520719134189,-0.6333607884347832,-0.3190472133072126,0.5642476762908363,3.0,3.0,1.0,5.0,1.5578065734491546,-1.8148762969447605,-0.26949484697496984,1.5578065734491546,-1.8415217594758344
EURUSD,2024-11-15,1.0529,1.0593,1.05159,1.05394,64,13,0.6078449995251175,-0.1244182733402908,0.0987748124228466,0.557119930265256,5.0,2.0,1.0,7.0,0.9492039320131024,1.13727091323585,0.13741596352187993,0.9492039320131024,0.722038444512415
EURUSD,2024-11-18,1.05294,1.06072,1.0528,1.05979,78,1,0.7388835071324216,-0.01329610424146,0.650559386099875,0.5805063519583116,3.0,0.0,0.0,2.0,0.9733072363207624,0.9761981857612511,0.48809909288062553,0.9733072363207624,0.8209552467812713
EURUSD,2024-11-19,1.05979,1.0601,1.05229,1.05937,3,75,0.0292510780437664,-0.7076873720265394,-0.039630492833494,0.5805890575020011,1.0,0.0,1.0,5.0,0.389056371808216,-0.9030804503813399,-0.13823819772102844,0.389056371808216,-0.9284751227021872
EURUSD,2024-11-20,1.05931,1.061,1.05065,1.05432,17,87,0.1595378123495454,-0.8175132869509294,-0.471061351256955,0.5864186357348139,1.0,0.0,1.0,2.0,0.7238659455197318,0.4572363162075611,0.1692742868699586,0.7238659455197318,0.4572363162075611
EURUSD,2024-11-21,1.05427,1.0555,1.04618,1.04738,12,81,0.1166684056266482,-0.7673556109914851,-0.653532776233798,0.583582510172228,1.0,1.0,2.0,3.0,0.9979681683042974,-0.6099270501084341,-0.11590161801598427,0.9979681683042974,-0.45099863207536334
EURUSD,2024-11-22,1.04734,1.04981,1.03325,1.04193,25,141,0.2358355452861508,-1.345312887887404,-0.5165466801611621,0.5877971606368719,3.0,6.0,3.0,2.0,1.4668695803666352,-11.034054783146686,-0.42990137468178663,1.4668695803666352,-12.325927248961419
EURUSD,2024-11-25,1.04829,1.05303,1.04486,1.04942,47,34,0.4521649543542309,-0.3271995344799668,0.107794598822852,0.5855294146937425,3.0,0.0,1.0,1.0,0.4355259393028026,-0.8176690748766594,-0.19107156778692835,0.4355259393028026,-0.8176690748766594
EURUSD,2024-11-26,1.04929,1.05448,1.04246,1.04879,52,68,0.4946201717351759,-0.6509163339019827,-0.0476512689533081,0.5847340533352519,6.0,1.0,3.0,1.0,1.936923023709732,-2.8976263206341555,-0.2929970263721523,1.936923023709732,-2.8976263206341555
EURUSD,2024-11-27,1.04868,1.05878,1.0474,1.0566,101,13,0.9631155357210968,-0.1220582065072231,0.7552351527634671,0.6089465016130593,3.0,3.0,6.0,6.0,1.187970396661831,-2.826741533406007,-0.03024382614901042,1.187970396661831,-3.0497860750487082
EURUSD,2024-11-28,1.05652,1.057,1.05271,1.05489,5,38,0.0454321735509063,-0.3606178775602799,-0.1542800893499222,0.6016929206195583,4.0,1.0,1.0,3.0,1.1293054110487857,-1.6225463201036048,-0.03110577520803994,1.1293054110487857,-1.6225463201036048
EURUSD,2024-11-29,1.05511,1.05971,1.05411,1.05748,46,10,0.435973500393318,-0.0947768479115817,0.2246211295504718,0.6054227768812758,1.0,0.0,2.0,8.0,2.5827616334303545,0.40979960754329525,0.0442464344347645,2.5827616334303545,0.40979960754329525
EURUSD,2024-12-02,1.05695,1.05742,1.04603,1.04966,5,109,0.044467571786742,-1.0331614551303316,-0.6897204219688744,0.61594017029734,3.0,1.0,2.0,8.0,1.9388833208498784,3.1283689571139504,-0.0722849766470059,1.7773898788483702,3.395292354162305
EURUSD,2024-12-03,1.0497,1.05351,1.04806,1.05073,38,16,0.3629608459559749,-0.1562351147947114,0.0981232733161726,0.5992956371583035,3.0,1.0,0.0,4.0,1.157567417483367,4.59798219858776,0.4565694727242052,1.157567417483367,4.59798219858776
EURUSD,2024-12-04,1.05065,1.05441,1.04718,1.05114,38,35,0.3578736972350436,-0.3302717365440521,0.0466377956503002,0.464371291632668,6.0,2.0,2.0,8.0,1.5309450859248477,-7.953696851208687,-0.2561849111966658,1.444993083599155,-7.549497686818325
EURUSD,2024-12-05,1.05071,1.05896,1.05054,1.0584,82,2,0.7851833522094458,-0.0161795357424982,0.7318860579988745,0.4651753800002854,3.0,1.0,0.0,7.0,6.499709341671,-5.4095629153691345,-0.8536338442109302,6.499709341671,-4.541445276117081
EURUSD,2024-12-06,1.05839,1.06298,1.05419,1.05673,46,42,0.4336775668704442,-0.3968291461559521,-0.1568419958616384,0.438664827522108,3.0,3.0,2.0,5.0,1.1645531091778611,7.703936501275349,0.29828689031846334,1.1645531091778611,7.642501610437948
EURUSD,2024-12-09,1.05574,1.05945,1.05317,1.05531,37,26,0.3514122795385324,-0.2434311478204824,-0.0407297251217089,0.4275427482042368,2.0,0.0,0.0,2.0,0.1268468036573293,0.007054095660816509,0.0035270478304082545,0.1268468036573293,0.007054095660816509
EURUSD,2024-12-10,1.05519,1.05681,1.0498,1.05268,16,54,0.1535268529838185,-0.5108084799893863,-0.2378718524625908,0.4259823852054866,2.0,0.0,0.0,5.0,4.19749377139329,3.612723542469258,0.7225447084938516,4.19749377139329,3.612723542469258
EURUSD,2024-12-11,1.05259,1.05394,1.04797,1.04933,14,46,0.1282550660751275,-0.4389173372348062,-0.3097122336332113,0.414858208825915,2.0,3.0,1.0,1.0,0.3551496335927956,-0.11327147813815366,-0.042413100917790186,0.5478141605741017,-0.012362588287848975
EURUSD,2024-12-12,1.04935,1.05309,1.04634,1.0469,37,30,0.3564111116405467,-0.2868442369085583,-0.2334778672511615,0.4123292002437453,5.0,4.0,0.0,5.0,2.4541588056700805,-4.4175536757361735,-0.5782045307772583,2.4541588056700805,-4.5918987995755725
EURUSD,2024-12-13,1.04655,1.05242,1.04527,1.05017,59,13,0.5608905451244393,-0.122306626534821,0.3458984281687407,0.4203897008666207,4.0,0.0,0.0,5.0,0.4359553069542627,-0.7914580164359692,-0.15829160328719385,0.4359553069542627,-0.8242739410458012
EURUSD,2024-12-16,1.04865,1.05248,1.04742,1.05121,38,12,0.3652314881037524,-0.1172936632813678,0.2441233967481901,0.3948310607592099,2.0,6.0,3.0,0.0,0.8851820071989447,3.0230048653843395,0.14745613431473237,1.1411348158453445,3.8658904544819697
EURUSD,2024-12-17,1.05099,1.05341,1.04788,1.04903,24,31,0.2302590890493598,-0.295911473943631,-0.1864908324532282,0.3959951826285379,0.0,2.0,2.0,7.0,0.6320675635860576,0.3783556709439586,0.008910717393844135,0.6320675635860576,-0.0803045325397467
EURUSD,2024-12-18,1.04904,1.05127,1.03436,1.03507,22,147,0.2125753069472998,-1.3993746663616284,-1.3316937390376,0.4809795288911992,3.0,0.0,2.0,4.0,1.3547125814106369,1.7914724576160006,0.05138594455335032,1.3547125814106369,1.243256227914506
EURUSD,2024-12-19,1.03513,1.04224,1.03457,1.03605,71,6,0.6868702481813829,-0.0540994850888406,0.0888777255030585,0.4643907408652256,6.0,3.0,3.0,4.0,1.3391941993907892,-1.6836552696089173,0.061015855615173975,1.3391941993907892,-0.9927878388102052
EURUSD,2024-12-20,1.03616,1.04475,1.03426,1.04244,86,19,0.8290225447807383,-0.183369363804819,0.6060840024706671,0.4744345385342203,2.0,1.0,1.0,7.0,1.1048747591760557,-5.364776448181997,-0.32858681209403373,1.1048747591760557,-5.19809456231188
EURUSD,2024-12-23,1.04304,1.04452,1.03838,1.04048,15,47,0.1418929283632388,-0.4467709771437228,-0.2454364166283072,0.4765080591907446,3.0,0.0,4.0,1.0,1.2165748102001224,-4.341232181338534,-0.4402245456267176,1.2165748102001224,-4.341232181338534
EURUSD,2024-12-24,1.04043,1.04099,1.03832,1.0401,6,21,0.053823899733775,-0.2028007650682944,-0.0317176552002481,0.4764808469888933,3.0,0.0,1.0,0.0,0.1444104922036259,0.2888209844072519,0.1444104922036259,0.1444104922036259,0.2888209844072519
EURUSD,2024-12-25,1.0395,1.0412,1.0395,1.0401,17,0,0.1635401635401455,0.0,0.0577200577200513,0.44063563230227,4.0,0.0,0.0,0.0,0.0,0.0,0.0,0.0,0.0
EURUSD,2024-12-26,1.0403,1.04301,1.03901,1.0422,27,13,0.2605017783331722,-0.1240026915312903,0.1826396231856207,0.4432219947898774,3.0,1.0,0.0,0.0,0.026135043740787,0.078405131222361,0.026135043740787,0.026135043740787,0.078405131222361
EURUSD,2024-12-27,1.04184,1.04441,1.04047,1.04239,26,14,0.2466789526222799,-0.131498118713055,0.0527912155417173,0.4394339314071305,2.0,0.0,1.0,3.0,1.8178465666638093,-2.9033780935066,-0.5970183558873249,1.8178465666638093,-2.9838671591138985
EURUSD,2024-12-30,1.04275,1.04584,1.03714,1.04068,31,56,0.2963318149124945,-0.5380004795013296,-0.1985135459122528,0.4148638958246392,1.0,0.0,3.0,0.0,0.7823516180302312,-0.9080510830470415,-0.1513418471745069,0.7823516180302312,-0.9080510830470415
EURUSD,2024-12-31,1.04054,1.04244,1.03438,1.03522,19,62,0.1825974974532466,-0.5920003075326218,-0.5112729928690863,0.4274640021262366,3.0,0.0,1.0,1.0,0.2703120605840755,-0.5207873646347683,-0.19777485630471092,0.2703120605840755,-0.5207873646347683
EURUSD,2025-01-01,1.0358,1.0359,1.0352,1.0352,1,6,0.0096543734311632,-0.0579262405870009,-0.0579262405870009,0.4267769203011025,0.0,0.0,0.0,0.0,0.0,0.0,0.0,0.0,0.0
EURUSD,2025-01-02,1.03544,1.03756,1.02238,1.02619,21,131,0.2047438769991619,-1.2612995441551274,-0.8933400293594975,0.4224483852957682,5.0,1.0,2.0,8.0,2.476692247855414,4.511358682315969,0.26074371994738055,2.2756660875386747,3.978842348643578
EURUSD,2025-01-03,1.0264,1.031,1.02524,1.03066,46,12,0.4481683554169853,-0.1130163678877679,0.4150428682774679,0.4404232376010896,6.0,1.0,1.0,4.0,0.6896710617462212,3.1083565107084126,0.21828529509935027,0.6896710617462212,3.1083565107084126
EURUSD,2025-01-06,1.0302,1.04368,1.0294,1.03898,135,8,1.30848378955542,-0.0776548243059514,0.8522616967579121,0.4906680945095305,1.0,1.0,1.0,7.0,2.6549653934733017,2.065851149236031,0.1836616361303967,2.570805693398577,2.367534460659967
EURUSD,2025-01-07,1.03884,1.04344,1.0339,1.03394,46,49,0.4428015863848078,-0.4755303992915121,-0.471679950714249,0.4976242306168759,2.0,2.0,2.0,6.0,1.158665111002659,5.064688807341979,0.219553488461011,1.158665111002659,5.958232505766689
EURUSD,2025-01-08,1.03398,1.03575,1.02728,1.03178,18,67,0.1711831950327907,-0.6479815857173185,-0.2127700729221048,0.4957507992769538,2.0,2.0,1.0,8.0,1.4897816088683784,0.467842321485757,0.16747398015394363,1.475043633530601,0.8890478562032361
EURUSD,2025-01-09,1.03177,1.03215,1.02834,1.0299,4,34,0.0368299136435276,-0.332438431045683,-0.1812419434563941,0.4950170007877668,1.0,0.0,0.0,6.0,0.882194399923294,1.1013984287051384,0.18356640478418973,0.882194399923294,1.5228121522082865
EURUSD,2025-01-10,1.0299,1.03118,1.02124,1.0244,13,87,0.124283911059321,-0.8408583357607643,-0.5340324303330479,0.4948519869448059,3.0,3.0,2.0,3.0,1.2486729111119916,0.06580656283259279,0.13346597041598635,1.2486729111119916,0.3690150758185702
EURUSD,2025-01-13,1.02402,1.025,1.01772,1.02441,10,63,0.0957012558348451,-0.6152223589382994,0.0380851936485725,0.4890306469509749,6.0,0.0,0.0,0.0,0.0,0.0,0.0,0.0,0.0
EURUSD,2025-01-14,1.02407,1.03086,1.02382,1.03076,68,3,0.6630406124581399,-0.0244123936840336,0.6532756549845091,0.5188954896069812,2.0,2.0,0.0,4.0,1.649795953761134,-1.5579818527160207,0.10262600431266478,1.649795953761134,-1.6607572459202506
EURUSD,2025-01-15,1.03074,1.03544,1.02588,1.02861,47,49,0.4559830801171902,-0.4715059083765145,-0.2066476512020456,0.4301551055070015,3.0,3.0,2.0,5.0,7.132892990351471,-15.841995668655548,-0.7630996101469891,7.132892990351471,-15.375368812669448
EURUSD,2025-01-16,1.0288,1.03151,1.02604,1.0299,27,28,0.2634136858475885,-0.2682737169517762,0.1069206842923892,0.4304361310887353,2.0,3.0,1.0,7.0,7.811017783397535,9.699661078407377,0.6412591413398486,7.811017783397535,9.09656469208204
EURUSD,2025-01-17,1.02965,1.03306,1.0265,1.0271,34,31,0.3311804982275662,-0.3059291992424597,-0.2476569708153306,0.4057667310501696,6.0,0.0,1.0,6.0,1.9103730028078525,3.661948283329746,0.5328405674488302,1.9103730028078525,3.601072394601638
EURUSD,2025-01-20,1.02831,1.04342,1.02659,1.04155,151,17,1.469401250595633,-0.1672647353424712,1.2875494743802858,0.5040928197469653,2.0,0.0,0.0,1.0,0.426678999524807,-0.426678999524807,-0.426678999524807,0.426678999524807,-0.426678999524807
EURUSD,2025-01-21,1.04156,1.04343,1.03518,1.03876,19,64,0.1795383847306,-0.612542724374981,-0.2688275279388739,0.5077759533739911,2.0,0.0,1.0,1.0,0.3889522216736871,-0.8609513637540431,-0.235999571040178,0.3889522216736871,-0.8609513637540431
EURUSD,2025-01-22,1.04285,1.04573,1.03918,1.04077,29,37,0.2761662751114727,-0.3519202186316404,-0.1994534209138497,0.5093078799059013,3.0,0.0,0.0,1.0,0.5305807178880775,-0.5305807178880775,-0.5305807178880775,0.5047512851854975,-0.5047512851854975
EURUSD,2025-01-23,1.0408,1.0438,1.03717,1.04148,30,36,0.288239815526529,-0.348770176787089,0.0653343581860121,0.50752692254542,6.0,1.0,1.0,2.0,0.500412098791282,2.384427654973408,0.30807606468104737,0.500412098791282,2.2830421907169196
EURUSD,2025-01-24,1.04147,1.05214,1.04112,1.04919,107,3,1.0245134281352493,-0.0336063448778985,0.7412599498785536,0.5356906266522841,3.0,6.0,4.0,1.0,2.4486154236549336,9.545737832092577,0.3064317217843207,2.4486154236549336,9.560894331869969
EURUSD,2025-01-27,1.0479,1.05334,1.04536,1.04916,54,25,0.5191335051054384,-0.2423895409867341,0.1202404809619275,0.5339363587449735,1.0,0.0,2.0,1.0,0.2711258876455576,0.988794500338352,0.15449590885790698,0.2711258876455576,0.988794500338352
EURUSD,2025-01-28,1.04912,1.04932,1.04135,1.04298,2,78,0.0190635961567769,-0.7406207106908699,-0.585252402013119,0.5380854069681755,3.0,1.0,4.0,2.0,0.9135763239839771,-1.2075752298486773,-0.08683620435999807,0.9135763239839771,-1.2075752298486773
EURUSD,2025-01-29,1.04296,1.04436,1.03821,1.04207,14,48,0.1342333358901439,-0.4554345324844703,-0.0853340492444635,0.5383319924121451,2.0,0.0,1.0,7.0,2.4190099593289376,-1.0699993636519125,-0.2326547845246955,2.4190099593289376,-1.289927104876844
EURUSD,2025-01-30,1.04203,1.04679,1.03859,1.03875,48,34,0.4568006679270364,-0.3301248524514754,-0.3147702081513919,0.5009323840853872,2.0,4.0,3.0,10.0,2.293509467125532,-6.9437404458957666,-0.11808841907279449,2.293509467125532,-5.542738467747347
EURUSD,2025-01-31,1.03879,1.0434,1.03496,1.03602,46,38,0.4437855581975185,-0.3686981969406713,-0.2666563983095872,0.49787036185431,6.0,3.0,1.0,5.0,1.125845586387808,1.1699885907169982,-0.009732125337006835,1.125845586387808,1.1699885907169982
EURUSD,2025-02-03,1.0232,1.03499,1.02103,1.0343,118,22,1.152267396403437,-0.2120797498045352,1.0848318999218027,0.5206610302201559,4.0,1.0,4.0,8.0,2.565465892401396,11.734583213079317,0.5237482298892371,2.565465892401396,12.660256480936376
EURUSD,2025-02-04,1.03427,1.03876,1.0272,1.03783,45,71,0.434122617885067,-0.683573921703243,0.3442041246483034,0.5114837258046855,4.0,1.0,0.0,4.0,1.532095909375101,-3.9710106904708042,-0.18136377434412038,1.532095909375101,-3.9710106904708042
EURUSD,2025-02-05,1.0378,1.04425,1.03693,1.04021,64,9,0.6215070341106036,-0.0838311813451675,0.2322220080940473,0.5083442906669793,2.0,2.0,2.0,9.0,1.283180374389542,-4.772705809901912,-0.30839631639840354,1.283180374389542,-5.619082942306705
EURUSD,2025-02-06,1.04019,1.04058,1.03521,1.03828,4,50,0.0374931502898617,-0.4787586883165561,-0.183620300137461,0.5084111597530069,1.0,1.0,0.0,8.0,0.8721538298562718,3.1278234680936516,0.15372397870901203,0.8721538298562718,3.4336424682225974
EURUSD,2025-02-07,1.03821,1.04124,1.03048,1.0326,30,77,0.2918484699627114,-0.7445507170996247,-0.5403531077527778,0.5088206810812664,3.0,3.0,2.0,5.0,2.259463088357998,1.5553341276354897,0.10333364456340355,2.259463088357998,1.8629359346434329
EURUSD,2025-02-10,1.02886,1.03365,1.02808,1.03063,48,8,0.4655638279260394,-0.0758120638376458,0.1720350679392558,0.5089999929513813,5.0,0.0,0.0,2.0,0.8828612113948948,-0.8835908931056375,-0.44179544655281877,0.8828612113948948,-0.8835908931056375
EURUSD,2025-02-11,1.03062,1.03815,1.02917,1.03604,75,15,0.7306281655702213,-0.1406920106343922,0.5258970328540082,0.5024071858416388,4.0,0.0,0.0,1.0,1.0631003749102663,-1.0631003749102663,-1.0631003749102663,1.0631003749102663,-1.0631003749102663
EURUSD,2025-02-12,1.03605,1.04299,1.03168,1.03824,69,44,0.6698518411273751,-0.4217943149461884,0.211379759664122,0.4981332608050208,6.0,3.0,1.0,3.0,3.1264404787492897,0.23841305283617914,-0.3354318004886055,3.1264404787492897,0.4064532549005198
EURUSD,2025-02-13,1.03818,1.0467,1.03726,1.04641,85,9,0.8206669363694022,-0.0886166175422404,0.7927334373615326,0.520990962160182,4.0,3.0,0.0,5.0,1.259681980504395,-4.525830806929993,-0.33027319543267974,1.2076424847452485,-4.761989030775042
EURUSD,2025-02-14,1.04625,1.05141,1.04469,1.04913,52,16,0.4931899641577112,-0.1491039426523303,0.2752688172043005,0.5133513441336093,3.0,2.0,0.0,7.0,2.3875673154608643,-3.7397764874907713,-0.16783002824632282,2.3875673154608643,-4.273450743230142
EURUSD,2025-02-17,1.04858,1.05062,1.04667,1.0484,20,19,0.1945488184020334,-0.1821510995822997,-0.0171660722119503,0.4418380444458302,1.0,0.0,0.0,2.0,0.163419895102198,0.1434543614668425,0.07172718073342126,0.1644390950066853,-0.001019199904487289
EURUSD,2025-02-18,1.04833,1.04863,1.04348,1.04459,3,49,0.0286169431381308,-0.4626405807331681,-0.3567578911220777,0.4461719029993549,2.0,0.0,2.0,3.0,6.424266286554599,7.771126775632066,1.3229585392179475,6.424266286554599,7.771126775632066
EURUSD,2025-02-19,1.0445,1.04613,1.04004,1.04222,16,45,0.1560555289612274,-0.4269985639061665,-0.2182862613690818,0.4468582871012434,6.0,0.0,0.0,5.0,1.214260933043266,-1.6135755640319016,-0.3227151128063803,1.214260933043266,-1.587286059762054
EURUSD,2025-02-20,1.04217,1.05034,1.04183,1.05002,82,3,0.7839411996123483,-0.0326242359691803,0.7532360363472286,0.4699390403024672,1.0,1.0,2.0,4.0,1.7739956863499162,-0.9640501181424768,-0.24732910231902952,1.6154201229682486,-0.7774481948182461
EURUSD,2025-02-21,1.05001,1.05054,1.0449,1.04559,5,51,0.0504757097551375,-0.4866620317901896,-0.420948371920276,0.4627305730883047,3.0,6.0,4.0,1.0,2.5438925286055056,-10.170819287092973,-0.3818637535085949,2.5438925286055056,-10.36771922173961
EURUSD,2025-02-24,1.04768,1.05283,1.04524,1.04671,51,24,0.4915623091020147,-0.2328955406230908,-0.0925855222968764,0.4641082559256337,5.0,0.0,1.0,3.0,0.0485482141841549,0.04242145934866519,0.002539976387121599,0.0485482141841549,0.04242145934866519
EURUSD,2025-02-25,1.04664,1.05193,1.04559,1.05121,53,10,0.5054268898570681,-0.1003210272873189,0.4366353282886153,0.4445325799356746,2.0,0.0,3.0,2.0,1.0488298936012936,0.0540195819445386,-0.003984896213362355,1.0488298936012936,0.0540195819445386
EURUSD,2025-02-26,1.05124,1.05289,1.04747,1.04836,17,38,0.156957497812122,-0.3586241010616083,-0.2739621779993145,0.4509963735398101,0.0,0.0,2.0,1.0,1.2185691283013174,-2.7607376761560865,-0.45783262986064166,1.2185691283013174,-2.7607376761560865
EURUSD,2025-02-27,1.04834,1.04924,1.03965,1.03973,9,87,0.0858500104927696,-0.8289295457580638,-0.8212984337142536,0.4885933202904003,2.0,2.0,5.0,4.0,1.566224036425901,4.242468679346553,0.15019382521437616,1.566224036425901,3.958169300534284
EURUSD,2025-02-28,1.03966,1.042,1.03596,1.03747,23,37,0.2250735817478799,-0.3558855779774192,-0.2106457880461051,0.486647311331338,6.0,2.0,1.0,12.0,1.6388429411606769,6.339126079995404,0.06998533261126975,1.879106597360735,6.038579094705369
EURUSD,2025-03-03,1.04027,1.05036,1.03883,1.04857,101,14,0.9699404962173216,-0.1384256010458927,0.7978697838061247,0.459054095766843,6.0,1.0,4.0,7.0,2.295858697062624,7.067061017338507,0.37789628487467813,2.1081250677294032,7.506643537735141
EURUSD,2025-03-04,1.04849,1.06275,1.04708,1.06253,143,14,1.3600511211361257,-0.1344791080506167,1.3390685652700602,0.5374970851212187,6.0,0.0,0.0,5.0,2.091373211756772,1.3655955561838924,0.27311911123677846,2.091373211756772,1.8414493343287193
EURUSD,2025-03-05,1.06249,1.07968,1.06017,1.07875,172,23,1.6178975802125233,-0.2183549962823064,1.5303673446338473,0.6232912937864,3.0,2.0,1.0,10.0,2.021983327056971,4.184669021742909,0.18641842914505805,2.121322273251584,4.395064956482929
EURUSD,2025-03-06,1.07864,1.08537,1.07655,1.07818,67,21,0.6239338426166193,-0.193762515760601,-0.0426462953348779,0.6196906230136066,4.0,2.0,0.0,9.0,1.185239302284263,-4.435124982450423,-0.08852335529870019,1.627660579559081,-5.675132339177868
EURUSD,2025-03-07,1.0782,1.08888,1.07768,1.083,107,5,0.9905397885364516,-0.0482285290298716,0.4451864218141268,0.5971655163128201,3.0,3.0,0.0,4.0,3.7554258632761823,-2.2528637999559638,-0.39160970192777417,3.7554258632761823,-2.3189116495164286
EURUSD,2025-03-10,1.08392,1.08747,1.08048,1.0834,35,34,0.3275149457524487,-0.3173665953206775,-0.0479740202229016,0.6005249645641971,5.0,0.0,0.0,3.0,0.5572776419923036,0.24880898773304744,0.08293632924434914,0.5572776419923036,0.24880898773304744
EURUSD,2025-03-11,1.08345,1.09472,1.08305,1.0911,113,4,1.0401956712353952,-0.036919101019886,0.7060778070053934,0.6065150412225182,2.0,1.0,0.0,1.0,0.991697022096038,1.151619314547557,-0.13862912160741986,0.991697022096038,1.151619314547557
EURUSD,2025-03-12,1.09111,1.09314,1.08754,1.08857,20,36,0.1860490692964024,-0.3271897425557526,-0.2327904610900813,0.6156534840339362,2.0,3.0,0.0,4.0,0.9780647962958192,-7.5202665656339995,-0.42895480822150883,0.9963316417276498,-8.238855215701728
EURUSD,2025-03-13,1.08856,1.08972,1.08222,1.0851,12,63,0.1065627985595695,-0.5824208128169336,-0.3178511060483592,0.6110661674548158,4.0,3.0,0.0,4.0,0.9029450170434484,-4.151146765423363,-0.1663381173878687,0.8344004943835205,-4.5053619925278126
EURUSD,2025-03-14,1.08515,1.09127,1.08304,1.08765,61,21,0.5639773303229879,-0.1944431645394697,0.2303828963737683,0.6107088078645776,4.0,2.0,0.0,4.0,1.4733825632585382,-1.5122831711836664,-0.07146581368239817,1.4733825632585382,-1.5122831711836664
EURUSD,2025-03-17,1.088,1.09297,1.0868,1.09212,50,12,0.4568014705882278,-0.110294117647067,0.3786764705882262,0.6111031612184595,3.0,2.0,1.0,2.0,1.7727769705532757,2.495361108362431,0.2780560139479575,1.7727769705532757,2.2005078042104187
EURUSD,2025-03-18,1.09214,1.09547,1.08921,1.09442,33,29,0.3049059644367785,-0.2682806233633141,0.208764444118871,0.5979462137855497,2.0,0.0,1.0,8.0,1.2928002074767688,3.6378903172702275,0.35075829294611566,1.2928002074767688,3.490646179360454
EURUSD,2025-03-19,1.09436,1.0946,1.08603,1.09033,2,83,0.0219306261193773,-0.7611754815599938,-0.3682517635878484,0.6044695215266316,1.0,1.0,0.0,4.0,1.5356834416258882,-2.5665701175724642,-0.37224851837750905,1.5356834416258882,-2.5665701175724642
EURUSD,2025-03-20,1.09045,1.09173,1.08143,1.08539,13,90,0.11738273189969,-0.827181438855521,-0.4640286120408861,0.6070955256443366,2.0,1.0,2.0,6.0,1.18325420766807,1.950555140466867,0.05385340027967045,1.18325420766807,2.2623128216629853
EURUSD,2025-03-21,1.08535,1.08613,1.07962,1.08121,8,57,0.0718662182706042,-0.5279402957571302,-0.3814437738978239,0.6052392261292613,3.0,0.0,0.0,2.0,0.4725836515388572,-0.5740169531821848,-0.2870084765910924,0.305901765668739,-0.4458802683773102
EURUSD,2025-03-24,1.08168,1.08582,1.07813,1.07995,41,35,0.3827379631684077,-0.328193180977733,-0.1599363952370395,0.6067925416519093,3.0,6.0,2.0,0.0,2.057790087500312,10.660527050290245,0.48019476588978033,2.057790087500312,11.144536194940518
EURUSD,2025-03-25,1.07991,1.08301,1.07765,1.07908,31,23,0.2870609587836119,-0.209276698984168,-0.0768582567065668,0.6043327463809731,1.0,0.0,5.0,2.0,1.2185827720165587,-2.5855795616787645,-0.23095312698739393,1.2185827720165587,-2.5855795616787645
EURUSD,2025-03-26,1.07921,1.0803,1.07342,1.07362,11,58,0.1009998054132222,-0.5365035535252604,-0.5179714791375157,0.6149040136646486,5.0,0.0,2.0,1.0,2.5961041829513998,4.687040937959318,0.7146339608545218,2.5961041829513998,4.687040937959318
EURUSD,2025-03-27,1.07365,1.08212,1.07327,1.07974,85,4,0.7888976854654661,-0.0353932845899545,0.5672239556652474,0.5829993210665182,4.0,2.0,2.0,5.0,1.4876596653051746,1.2617590817222735,0.2097653037699136,1.4876596653051746,1.9761930547025646
EURUSD,2025-03-28,1.07971,1.08448,1.07644,1.08237,48,33,0.4417852941993834,-0.3028591010549021,0.2463624491761775,0.5762464755895405,3.0,1.0,2.0,8.0,0.995349299757274,-0.691783173621469,0.054990993642116945,0.995349299757274,-0.691783173621469
EURUSD,2025-03-31,1.08144,1.08494,1.07837,1.08184,35,31,0.3236425506731819,-0.2838807515904633,0.0369877200769303,0.5590010307132246,2.0,1.0,0.0,4.0,0.3895175444330448,-0.5470960606754511,0.04638780563812769,0.3895175444330448,-0.5470960606754511
EURUSD,2025-04-01,1.08181,1.08301,1.07779,1.07929,12,40,0.1109252086780571,-0.3715994490714555,-0.2329429382238892,0.4898353319254248,4.0,2.0,4.0,10.0,1.6961629007001848,-3.2706562749996007,-0.11104263563210962,1.6961629007001848,-3.9658082828283936
EURUSD,2025-04-02,1.07929,1.09243,1.078,1.08264,131,13,1.2174670385160549,-0.1195230197629935,0.3103892373690077,0.3570806951029891,6.0,1.0,0.0,5.0,2.435143660886392,-1.0936241289999105,-0.3272534268581058,2.435143660886392,-1.0936241289999105
EURUSD,2025-04-03,1.08262,1.11466,1.08046,1.10505,320,22,2.9594871700134924,-0.1995159889896676,2.0718257560362985,0.5816925757470021,0.0,2.0,1.0,10.0,1.4959831129075445,-2.407058603805741,0.021981086764234572,1.4959831129075445,-1.2923006193541655
EURUSD,2025-04-04,1.10509,1.11076,1.09242,1.09573,57,127,0.5130803825932788,-1.1465129536960754,-0.8469898379317353,0.6145187342282272,3.0,3.0,0.0,3.0,0.7790465001452833,4.130232597463123,0.3521905597568486,0.758568203199483,4.068797706625722
EURUSD,2025-04-07,1.09148,1.105,1.09007,1.09112,135,14,1.238685088137206,-0.1291823945468456,-0.0329827390332315,0.6143950309262367,4.0,0.0,0.0,4.0,1.101539465416735,-1.1044544477907539,-0.27611361194768846,1.101539465416735,-0.798635447661808
EURUSD,2025-04-08,1.09112,1.09918,1.08881,1.09565,81,23,0.7386905198328282,-0.2117090695798843,0.4151697338514483,0.6015090353784301,3.0,0.0,0.0,4.0,1.5970267776922151,-2.8509743114367936,-0.7127435778591984,1.5970267776922151,-2.8509743114367936
EURUSD,2025-04-09,1.09564,1.10952,1.0913,1.09503,139,43,1.2668394728195498,-0.3961155123945831,-0.0556752217881785,0.59855186609102,6.0,0.0,1.0,2.0,0.1268468036573293,-0.1394215270513035,-0.005693743926255397,0.1268468036573293,0.1445533187349054
EURUSD,2025-04-10,1.09497,1.12414,1.09426,1.11888,292,7,2.6639999269386303,-0.064841959140432,2.183621469081354,0.7577135288341661,6.0,4.0,1.0,4.0,1.4337483757117169,-8.450851325523233,-0.28373761324459934,1.4337483757117169,-8.689376479596394
EURUSD,2025-04-11,1.11918,1.14736,1.11918,1.13586,282,0,2.517914901981797,0.0,1.490376883075111,0.8128793260519592,4.0,4.0,0.0,1.0,2.8541399196437585,-9.055025072398792,-0.6204662258661506,2.9377965759113294,-9.305995041201504
EURUSD,2025-04-14,1.13177,1.14246,1.12956,1.13522,107,22,0.9445382012246384,-0.1952693568481268,0.3048322539031741,0.8123772186668761,1.0,0.0,0.0,0.0,0.0,0.0,0.0,0.0,0.0
EURUSD,2025-04-15,1.13531,1.13789,1.12638,1.12812,26,89,0.2272507068553986,-0.7865693070615166,-0.6333072024381032,0.8353021649692082,5.0,0.0,2.0,5.0,1.693887979757919,-4.579724135644995,-0.5439569006983351,1.693887979757919,-4.609562677083986
EURUSD,2025-04-16,1.12806,1.14127,1.12805,1.1397,132,0,1.1710370015779252,-0.0008864776696333,1.031860007446401,0.8444255355755743,3.0,2.0,0.0,9.0,1.8415488308573345,3.2222201203480165,-0.016724086753234776,1.853548893469481,3.213322070083521
EURUSD,2025-04-17,1.13965,1.14091,1.13349,1.13668,13,62,0.1105602597288675,-0.5405168253411085,-0.2606063265037633,0.8363967234760732,3.0,2.0,1.0,5.0,1.3984079536539205,-6.4768370797540396,-0.4847467579097532,1.3984079536539205,-6.4768370797540396
EURUSD,2025-04-18,1.1367,1.1398,1.13576,1.13913,31,9,0.2727192750945615,-0.0826955221254456,0.2137767220902553,0.8223563808281393,5.0,0.0,0.0,1.0,2.986695020801716,2.986695020801716,2.986695020801716,2.986695020801716,2.986695020801716
EURUSD,2025-04-21,1.14072,1.15733,1.139,1.15085,166,17,1.4560979030787586,-0.1507819622694389,0.8880356266217804,0.8247067196318322,0.0,0.0,0.0,1.0,1.095769339916186,-1.095769339916186,-1.095769339916186,1.0096007569049297,-1.0096007569049297
EURUSD,2025-04-22,1.15085,1.15473,1.13613,1.13623,39,147,0.3371421123517492,-1.2790546118086497,-1.2703653821088636,0.8975740318369028,2.0,0.0,1.0,1.0,0.9004365363450378,-2.6830277293324443,-0.8958660664193705,0.8912955964937032,-2.396177720991778
EURUSD,2025-04-23,1.13651,1.144,1.13072,1.13236,75,58,0.6590351162770233,-0.5094543822755596,-0.3651529682976723,0.8909104842746693,4.0,6.0,3.0,3.0,1.0889738948105874,-6.174290495960053,-0.17402726347598108,1.0970670951027215,-7.002459903954891
EURUSD,2025-04-24,1.13223,1.1398,1.13194,1.13857,76,3,0.668592070515695,-0.0256131704689085,0.5599568992165913,0.890798577569621,3.0,1.0,4.0,2.0,2.135985071715578,1.56273468994946,0.22473457546781603,2.135985071715578,1.56273468994946
EURUSD,2025-04-25,1.13849,1.13912,1.13155,1.1364,6,69,0.0553364544264691,-0.6095793551107122,-0.1835764916687828,0.8973944429117201,4.0,0.0,1.0,1.0,1.2163784866584928,1.9089920613518485,0.3463067873466778,1.2163784866584928,1.9089920613518485
EURUSD,2025-04-28,1.13601,1.1425,1.1329,1.14198,65,31,0.571297787871595,-0.2737651957289061,0.5255235429265614,0.8970442600236153,3.0,0.0,0.0,1.0,1.82596819141161,1.82596819141161,1.82596819141161,1.82596819141161,1.82596819141161
EURUSD,2025-04-29,1.14202,1.1422,1.13698,1.13846,2,50,0.0157615453319617,-0.4413232692947526,-0.3117283410097903,0.8997031396091111,2.0,1.0,3.0,8.0,1.4235415243210887,-7.115374553097542,-0.3033659116464183,1.4235415243210887,-7.247562772064066
EURUSD,2025-04-30,1.13861,1.13994,1.13168,1.13253,13,69,0.1168090917873594,-0.6086368466814697,-0.5339844195993241,0.9188830950803846,2.0,5.0,2.0,14.0,2.248474728379584,-10.029828733422914,-0.2601089167983642,2.248474728379584,-10.029828733422914
EURUSD,2025-05-01,1.13253,1.13411,1.12655,1.12857,16,60,0.1395106531394236,-0.5280213327682354,-0.3496596116659129,0.8219391584961158,3.0,2.0,1.0,5.0,1.575309299489831,0.45802161405619074,-0.21956394963594225,1.4784850007671857,0.5548459127788361
EURUSD,2025-05-02,1.12865,1.1381,1.12739,1.12952,94,13,0.8372834802640287,-0.111637797368541,0.0770832410401939,0.7889387529986633,3.0,3.0,2.0,9.0,1.6861845561890885,3.561307688432153,0.34771742262718786,1.6861845561890885,4.9551429462998655
EURUSD,2025-05-05,1.1299,1.13648,1.12968,1.13143,66,2,0.5823524205681946,-0.0194707496238505,0.1354102132932145,0.7873908336413092,4.0,1.0,0.0,2.0,1.1822860399231785,-0.26797751948488113,-0.28036320479555493,1.0933466931815812,-0.17903817274328382
EURUSD,2025-05-06,1.13157,1.13811,1.12796,1.13715,65,36,0.577958058273018,-0.319025778343354,0.4931201781595606,0.7887397907002466,2.0,0.0,0.0,11.0,5.026100683899827,-5.078807201532315,-0.4617097455938468,4.66671842513078,-5.189253039188108
EURUSD,2025-05-07,1.13721,1.13782,1.12914,1.13106,6,81,0.0536400488915854,-0.7096314664837647,-0.5407972142348466,0.8042259836204453,1.0,1.0,0.0,7.0,1.90396190911464,-1.775854793053954,-0.1338159084211294,1.90396190911464,-1.6000798567209857
EURUSD,2025-05-08,1.1312,1.13362,1.12116,1.12261,24,100,0.2139321074964718,-0.8875530410183919,-0.7593705799151234,0.6759329948766772,3.0,1.0,0.0,8.0,0.7158672795617134,-2.242426966114687,-0.09326116271572646,0.7158672795617134,-2.2459193012194643
EURUSD,2025-05-09,1.12268,1.12929,1.11964,1.1246,66,30,0.5887697295756588,-0.2707806320589956,0.1710193465635928,0.5835141957510654,0.0,0.0,0.0,1.0,0.3154092226857891,0.3154092226857891,0.3154092226857891,0.3154092226857891,0.3154092226857891
EURUSD,2025-05-12,1.12136,1.12428,1.10651,1.1088,29,148,0.2603980880359594,-1.3242847970321583,-1.1200684882642422,0.62468008854895,6.0,0.0,0.0,2.0,2.08410034601092,3.2674816816240657,1.6337408408120329,2.08410034601092,3.2674816816240657
EURUSD,2025-05-13,1.10878,1.11947,1.10868,1.11856,107,1,0.9641227294864504,-0.0090189216977208,0.8820505420371849,0.6494837039141615,3.0,3.0,1.0,3.0,2.0428794673386568,13.64214088035893,0.8529619237121111,2.0428794673386568,13.512702901527176
EURUSD,2025-05-14,1.11855,1.12658,1.11643,1.11749,80,21,0.7178937016673356,-0.1895310893567475,-0.0947655446783638,0.5988893813096393,3.0,0.0,0.0,3.0,0.5112652877235904,0.25429151649208,0.08476383883069333,0.5112652877235904,0.25429151649208
EURUSD,2025-05-15,1.11763,1.1228,1.117,1.11872,52,6,0.46258600789171,-0.0563692814258662,0.0975278043717541,0.5989432722262694,2.0,5.0,2.0,10.0,1.978837646799831,-7.028546976977338,-0.215233632476115,1.978837646799831,-7.602130233632993
EURUSD,2025-05-16,1.11883,1.12196,1.11307,1.1164,31,58,0.2797565313765341,-0.5148235209996146,-0.2171911729217068,0.5957777914242973,5.0,2.0,0.0,5.0,0.8917058436415897,1.3655563533655248,0.05107900854384763,0.8917058436415897,1.2123260266904274
EURUSD,2025-05-19,1.11737,1.12881,1.11711,1.12431,114,3,1.0238327501185924,-0.0232689261390521,0.6211013361733309,0.5752116200052293,4.0,0.0,0.0,3.0,0.0784298202655907,-0.117670920442622,-0.03922364014754067,0.1008717078099516,-0.1401128079869829
EURUSD,2025-05-20,1.12433,1.12858,1.12177,1.12822,42,26,0.3780028995045818,-0.2276911582898364,0.3459838303700825,0.5137445763273475,5.0,0.0,0.0,3.0,0.8342068337288889,0.9538697230258801,0.31795657434196006,0.6338593862613608,0.7503606780165819
EURUSD,2025-05-21,1.12823,1.13628,1.12787,1.13281,80,4,0.7135069976866322,-0.0319083874741974,0.405945596199359,0.516069304560089,1.0,0.0,0.0,2.0,0.0392406161346317,-0.0684958367409797,-0.03424791837048985,0.0392406161346317,-0.0684958367409797
EURUSD,2025-05-22,1.13282,1.1345,1.12555,1.12791,17,73,0.1483024664112679,-0.641761268339179,-0.4334316131424207,0.5081139885619087,6.0,7.0,4.0,2.0,1.5713487904735206,7.612897473390144,0.20900011637388433,1.4997142533563643,6.903321453297278
EURUSD,2025-05-23,1.12803,1.13757,1.12785,1.13606,95,2,0.8457221882396639,-0.0159570224196226,0.711860500164001,0.5335626866603733,3.0,0.0,1.0,1.0,1.344392217468323,3.3902874004607098,1.183669904482258,1.344392217468323,3.3902874004607098
EURUSD,2025-05-26,1.13667,1.14187,1.13617,1.13848,52,5,0.4574766642912957,-0.0439881407972557,0.1592370696860009,0.5209018437301405,1.0,0.0,0.0,0.0,0.0,0.0,0.0,0.0,0.0
EURUSD,2025-05-27,1.13855,1.14071,1.1323,1.13304,22,62,0.1897149883623854,-0.5489438320670912,-0.4839488823503495,0.5274813938859647,2.0,0.0,3.0,4.0,2.399807220233729,4.716946383711925,0.2913858536227227,2.399807220233729,4.716946383711925
EURUSD,2025-05-28,1.13309,1.13456,1.12834,1.12925,15,48,0.1297337369494111,-0.4192076534079404,-0.3388962924392452,0.5192478922278214,6.0,0.0,1.0,5.0,0.8431531393005732,1.0886360651083484,0.15587478423284223,0.8431531393005732,1.0886360651083484
EURUSD,2025-05-29,1.1294,1.13845,1.12098,1.1369,91,84,0.8013104303169827,-0.7455285992562309,0.66406941738977,0.5338144046845001,2.0,2.0,2.0,3.0,1.005652975602462,1.1811361777231213,-0.06711120909412893,1.8151567357739848,5.991336273662904
EURUSD,2025-05-30,1.13672,1.139,1.13121,1.1345,23,55,0.200577099021752,-0.4847279893025463,-0.1952987543106384,0.5362552378976786,6.0,2.0,2.0,10.0,3.1181947649780417,-3.0944117191538543,-0.1438043660602661,3.5727711514864144,-2.6398353326454815
EURUSD,2025-06-02,1.13494,1.14498,1.13454,1.14377,100,4,0.8846282622869974,-0.0352441538759719,0.7780146968121568,0.5618479388962071,1.0,1.0,1.0,7.0,1.4465047044703971,-1.4000218706774543,-0.11843945484528821,1.4465047044703971,-1.226794587350824
EURUSD,2025-06-03,1.14398,1.14546,1.13638,1.1375,15,76,0.1293728911344539,-0.6643472787985849,-0.5664434692914248,0.5685063113662058,4.0,1.0,2.0,6.0,0.8982064139147968,-1.7022184711775048,-0.24045629752430348,0.8982064139147968,-2.1368280009727214
EURUSD,2025-06-04,1.13749,1.14344,1.13567,1.14157,60,18,0.523081521595805,-0.1600014066057664,0.3586844719514092,0.5586044316663088,4.0,2.0,0.0,8.0,2.073795362160324,-0.17407916522265962,0.16937645081695413,2.173302466630727,0.4452531428364652
EURUSD,2025-06-05,1.14157,1.1495,1.14043,1.14416,79,11,0.6946573578492771,-0.0998624701069508,0.2268805241903775,0.5260420041512114,1.0,2.0,0.0,9.0,2.0446531952644724,-2.2272656628422216,-0.19731366873999104,2.944919554962734,0.7609312464226821
EURUSD,2025-06-06,1.1443,1.1457,1.1369,1.1394,14,74,0.1223455387573054,-0.6466835620029776,-0.4282093856506271,0.5386158310385856,4.0,3.0,0.0,7.0,3.8367154540374746,-4.111951431037579,-0.5075880067495566,3.8367154540374746,-3.7480710047213495
EURUSD,2025-06-09,1.1391,1.1439,1.1385,1.142,48,6,0.421385304187509,-0.0526731630234337,0.2545869546132826,0.4610660550795343,3.0,0.0,0.0,1.0,0.1268468036573293,0.1268468036573293,0.1268468036573293,0.1268468036573293,0.1268468036573293
EURUSD,2025-06-10,1.1422,1.1447,1.1372,1.1423,25,50,0.2188758536158244,-0.4377517072316683,0.0087550341446321,0.4269196839865602,6.0,0.0,0.0,3.0,1.5459982103397891,1.6893907555167826,0.5631302518389275,1.5459982103397891,1.6893907555167826
EURUSD,2025-06-11,1.1426,1.1499,1.1404,1.1487,73,22,0.638893751093984,-0.1925433222475039,0.5338701207771743,0.435369788258485,6.0,3.0,0.0,4.0,0.9780647962958192,-5.54976859720912,-0.34463052921430737,0.9780647962958192,-5.1585121521230235
EURUSD,2025-06-12,1.1491,1.1631,1.1484,1.1583,140,7,1.218344791576017,-0.060917239578794,0.8006265773213904,0.4606729373687664,2.0,3.0,0.0,3.0,0.8580032914789681,4.454876009139635,0.3142141952040188,0.8580032914789681,4.425928228101135
EURUSD,2025-06-13,1.1581,1.1614,1.1488,1.1552,33,93,0.2849494862274485,-0.8030394611864143,-0.2504101545635008,0.4621631218404752,4.0,2.0,0.0,6.0,2.505727990759568,-0.44164605682624813,-0.1697922511206195,2.505727990759568,-0.5245605909991644
EURUSD,2025-06-16,1.1535,1.1614,1.1522,1.1561,79,13,0.6848721283051598,-0.1127004768097164,0.2254009536194136,0.4496235207138158,0.0,0.0,1.0,0.0,0.0722669464020231,0.1445338928040463,0.0722669464020231,0.0722669464020231,0.1445338928040463
EURUSD,2025-06-17,1.1566,1.1577,1.1474,1.1479,11,92,0.0951063461870896,-0.7954348953830276,-0.7522047380252596,0.4883844772297395,3.0,2.0,1.0,6.0,2.344029571585861,-8.305131389569157,-0.4341447338420513,2.6514742598591177,-9.219421580898336
EURUSD,2025-06-18,1.1479,1.153,1.146,1.1479,51,19,0.4442895722624013,-0.1655196445683433,0.0,0.4827006808916944,3.0,2.0,0.0,8.0,1.1526103432442998,-3.915926897484554,-0.2807538800574306,1.1526103432442998,-4.011295469764699
EURUSD,2025-06-19,1.1483,1.1499,1.1445,1.1494,16,38,0.1393364103457131,-0.3309239745711073,0.0957937821126777,0.4683077343185915,4.0,0.0,0.0,2.0,0.433273871011149,-0.6615442029560128,-0.3307721014780064,0.433273871011149,-0.6615442029560128
EURUSD,2025-06-20,1.1494,1.1543,1.1489,1.1522,49,5,0.4263093788063447,-0.0435009570210496,0.2436053593178974,0.4467992855682844,6.0,0.0,1.0,3.0,0.4544623090751971,0.5957920710832181,0.18383755035968108,0.3993532687122978,0.544485344618954
EURUSD,2025-06-23,1.1479,1.1581,1.1451,1.1576,102,28,0.8885791445247833,-0.2439236867322862,0.8450213433225928,0.4793998804361245,4.0,6.0,3.0,0.0,1.0736404416223555,2.0485515530701703,0.09876510192823779,1.0736404416223555,2.061814359148177
EURUSD,2025-06-24,1.1576,1.1641,1.1573,1.1608,65,3,0.5615065653075285,-0.0259156876295755,0.2764340013821779,0.4603414772986369,5.0,0.0,3.0,4.0,0.9322376220569342,-0.769934148233155,-0.07266884549933457,2.512069545065626,-3.1218110486713524
EURUSD,2025-06-25,1.1608,1.1665,1.1589,1.1659,57,19,0.4910406616126841,-0.1636802205375614,0.439352170916599,0.450607335189885,5.0,0.0,1.0,1.0,1.5562168760542487,-2.961830140087363,-0.7028066320165575,1.5562168760542487,-2.961830140087363
EURUSD,2025-06-26,1.1658,1.1744,1.1653,1.1699,86,5,0.7376908560645191,-0.0428890032595595,0.3516898267284262,0.4381103029214565,4.0,2.0,4.0,4.0,2.8227864786000887,-6.080078545306478,-0.23590694847617094,4.061298650163375,-9.942772718369852
EURUSD,2025-06-27,1.1695,1.1754,1.1679,1.1719,59,16,0.504489097905089,-0.1368106028217226,0.2052159042325744,0.4299822786347965,6.0,1.0,2.0,6.0,1.5965175072884217,2.911215242948679,0.059824320246698356,1.5965175072884217,2.911215242948679
EURUSD,2025-06-30,1.1711,1.1788,1.1702,1.1786,77,9,0.6575014943215814,-0.0768508240116235,0.6404235334301137,0.4209559409390798,4.0,0.0,1.0,6.0,1.1838161222286567,-0.5409446873469123,0.04177793957936815,1.1838161222286567,-0.5409446873469123
EURUSD,2025-07-01,1.1786,1.1829,1.1759,1.1805,43,27,0.3648396402511429,-0.2290853555065456,0.1612082131342281,0.3832130053641856,3.0,2.0,3.0,10.0,1.7979743835670696,5.029958962450587,0.1438366257924265,1.6468387341680673,5.216611138240206
EURUSD,2025-07-02,1.1802,1.1809,1.1746,1.1798,7,56,0.0593119810201783,-0.474495848161314,-0.0338925605829483,0.3853436152152437,1.0,1.0,0.0,7.0,2.855505951162539,-0.6585122647966373,0.22708121896984645,2.855505951162539,0.7424897133517823
EURUSD,2025-07-03,1.1798,1.1809,1.1717,1.1756,11,81,0.0932361417189439,-0.6865570435667059,-0.3559925411086609,0.4041650393669445,4.0,4.0,1.0,11.0,0.9048993657523826,-2.17028584314199,0.000600455274194639,0.976169831063549,-2.2346786323013847
EURUSD,2025-07-04,1.1756,1.1787,1.1752,1.1778,31,4,0.2636951343994643,-0.034025178632184,0.1871384824770313,0.3794512145999016,0.0,0.0,0.0,4.0,0.5783638312922839,-0.5046914276457335,-0.12617285691143337,0.5783638312922839,-0.4485732980390368
EURUSD,2025-07-07,1.177,1.179,1.1686,1.1707,20,84,0.1699235344095158,-0.7136788445199629,-0.5352591333899721,0.4124617835041019,3.0,0.0,0.0,3.0,3.887718785418465,3.417731473690446,1.139243824563482,3.887718785418465,3.434563665383886
EURUSD,2025-07-08,1.1709,1.1765,1.1682,1.1724,56,27,0.4782645827995601,-0.2305918524212269,0.1281065846784573,0.4111057610559226,3.0,0.0,0.0,3.0,0.089105133794651,-0.06422083372773679,-0.021406944575912263,0.089105133794651,-0.06422083372773679
EURUSD,2025-07-09,1.1724,1.1729,1.1689,1.1719,5,35,0.0426475605595312,-0.2985329239167569,-0.0426475605595502,0.4036786630911432,2.0,0.0,0.0,4.0,0.3059731452711252,-0.14866043170541798,-0.037165107926354496,0.4279488939432704,-0.2706361803775632
EURUSD,2025-07-10,1.172,1.1749,1.1661,1.17,29,59,0.2474402730375533,-0.5034129692832778,-0.1706484641638226,0.3764466468008309,3.0,1.0,0.0,4.0,0.4835916008616397,-1.444344141959081,-0.19911315730861986,0.4835916008616397,-1.4021792941359816
EURUSD,2025-07-11,1.17,1.1713,1.1663,1.1689,13,37,0.1111111111111178,-0.3162393162393194,-0.0940170940170836,0.3707393253743372,3.0,0.0,0.0,3.0,0.6345681616880007,1.6157071684007698,0.53856905613359,0.6345681616880007,1.6157071684007698
EURUSD,2025-07-14,1.1673,1.1697,1.1649,1.1663,24,24,0.2056026728347432,-0.2056026728347432,-0.0856677803478207,0.3713170731298653,0.0,0.0,0.0,0.0,0.0,0.0,0.0,0.0,0.0
EURUSD,2025-07-15,1.1666,1.1692,1.159,1.1599,26,76,0.2228698782787532,-0.6514657980456069,-0.5743185324875836,0.3520878042138592,5.0,3.0,2.0,2.0,1.3610857319567844,10.289989352594908,0.5373518399127122,1.3610857319567844,10.993794921068313
EURUSD,2025-07-16,1.1599,1.1721,1.1561,1.1634,122,38,1.0518148116216903,-0.3276144495215127,0.3017501508750805,0.3547505016227933,1.0,2.0,0.0,6.0,0.68217915538769,-4.170397467701518,-0.18170867475568644,0.7219263077742291,-4.437057652053906
EURUSD,2025-07-17,1.164,1.1642,1.1555,1.1595,2,85,0.0171821305841905,-0.7302405498281747,-0.3865979381443254,0.3710177623709796,4.0,3.0,1.0,7.0,0.8643231381631519,4.554302004835162,0.19080267061644499,0.8643231381631519,4.2936749239923
EURUSD,2025-07-18,1.1595,1.1671,1.1589,1.1625,76,6,0.6554549374730532,-0.051746442432077,0.2587322121604238,0.3713946949990849,6.0,0.0,2.0,5.0,2.668446495532294,2.628892908960707,0.48884602604840144,2.668446495532294,2.677221606318653
EURUSD,2025-07-21,1.1618,1.1716,1.1614,1.1695,98,4,0.843518677913585,-0.0344293337923873,0.6627646755035325,0.3533234772766122,6.0,0.0,0.0,1.0,0.0346079041400309,0.0346079041400309,0.0346079041400309,9.818653393484868e-05,9.818653393484868e-05
EURUSD,2025-07-22,1.1695,1.176,1.1677,1.1753,65,18,0.5557930739632279,-0.1539119281744355,0.4959384352287326,0.3634458797698349,4.0,0.0,1.0,0.0,0.730834089794117,-1.461668179588234,-0.730834089794117,0.730834089794117,-1.461668179588234
EURUSD,2025-07-23,1.1752,1.1775,1.1709,1.177,23,43,0.1957113682777373,-0.36589516678012,0.1531654186521463,0.3539664116374755,2.0,0.0,1.0,3.0,0.488997469070793,-1.0111247465729964,-0.13053181937555083,0.488997469070793,-0.9830983866304335
EURUSD,2025-07-24,1.177,1.1788,1.1729,1.1754,18,41,0.1529311809685661,-0.3483432455395066,-0.1359388275276164,0.3498303171137114,3.0,8.0,3.0,3.0,2.1137190117997955,-3.2007086388303017,-0.13503905293496551,1.9734871679720292,-2.5465117520576364
EURUSD,2025-07-25,1.1747,1.1761,1.1702,1.174,14,45,0.1191793649442279,-0.3830765301779322,-0.0595896824721328,0.3482146682158632,0.0,0.0,3.0,3.0,0.6087107865103576,-1.035953657327578,-0.07396228648464835,0.6087107865103576,-1.035953657327578
EURUSD,2025-07-28,1.1746,1.1772,1.1584,1.1588,26,162,0.2213519495998583,-1.379192916737612,-1.345138770645329,0.4357774206303502,1.0,0.0,0.0,0.0,0.0,0.0,0.0,0.0,0.0
EURUSD,2025-07-29,1.1588,1.1599,1.1515,1.1545,11,73,0.0949257852951224,-0.6299620296858892,-0.3710735243355169,0.4369382080097959,0.0,1.0,1.0,5.0,0.987582599106788,-0.13525461016600948,0.15218789694910026,0.987582599106788,-0.05347196830205947
EURUSD,2025-07-30,1.1545,1.1572,1.1399,1.1404,27,146,0.2338674750974382,-1.2646167171936047,-1.2213079255088783,0.5031202691092923,3.0,4.0,3.0,7.0,3.1218189545580275,16.08906547994183,0.453090201259058,3.1218189545580275,16.08906547994183
EURUSD,2025-07-31,1.1404,1.146,1.1402,1.1415,56,2,0.4910557699052812,-0.0175377060680443,0.096457383374244,0.5039928280812238,6.0,3.0,1.0,11.0,6.248862198228656,8.098454656430347,0.49638766562079095,6.248862198228656,8.574308434575173
EURUSD,2025-08-01,1.1414,1.1597,1.1389,1.1584,183,25,1.603294200105133,-0.2190292623094398,1.489398983704234,0.6190501956574438,3.0,4.0,4.0,10.0,1.0714905980407463,3.4762165241613787,0.14461980511659503,1.0714905980407463,3.4803475140278928
EURUSD,2025-08-04,1.1577,1.1596,1.1547,1.157,19,30,0.1641185108404606,-0.2591344908007162,-0.0604647145201626,0.6093697014008608,3.0,0.0,0.0,3.0,0.4803783656274029,-0.6694456144569506,-0.22314853815231686,0.4803783656274029,-0.6694456144569506
EURUSD,2025-08-05,1.157,1.1587,1.1525,1.1574,17,45,0.1469317199654308,-0.3889369057908339,0.0345721694036262,0.6083045534807577,6.0,1.0,0.0,11.0,1.7707392436676548,2.7032618773124355,0.275204530060619,1.7707392436676548,3.6355161766521453
EURUSD,2025-08-06,1.1571,1.1668,1.1563,1.1659,97,8,0.8383026531846894,-0.0691383631492448,0.7605219946417698,0.6349338867870966,3.0,0.0,0.0,6.0,0.6863585306913735,1.1729584973935443,0.19549308289892406,1.124880372492385,1.4736973538304032
EURUSD,2025-08-07,1.1659,1.1698,1.1609,1.1665,39,50,0.33450553220688,-0.4288532464190662,0.0514623895703024,0.633965208619548,2.0,1.0,0.0,10.0,2.176504735082237,-2.6018249479209254,-0.3390674421930193,2.176504735082237,-2.707342533956245
EURUSD,2025-08-08,1.1665,1.1679,1.1628,1.1639,14,37,0.1200171453064591,-0.3171881697385372,-0.222888984140605,0.6356081822100209,3.0,0.0,0.0,1.0,0.1464916517396496,-0.1464916517396496,-0.1464916517396496,0.1464916517396496,-0.1464916517396496
EURUSD,2025-08-11,1.1637,1.1675,1.1589,1.1614,38,48,0.3265446420898879,-0.4124774426398483,-0.1976454412649281,0.636821197905531,5.0,0.0,0.0,2.0,0.4470025658550411,-0.3805960294324256,-0.1902980147162128,0.4470025658550411,-0.3805960294324256
EURUSD,2025-08-12,1.1614,1.1697,1.1597,1.1673,83,17,0.7146547270535538,-0.1463750645772373,0.5080075770621678,0.6326297022736337,4.0,3.0,1.0,3.0,3.997388634807387,-4.750971548653186,-0.5883990757210074,3.997388634807387,-4.66044360173999
EURUSD,2025-08-13,1.1674,1.173,1.1667,1.1704,56,7,0.4796984752441365,-0.0599623094055099,0.256981326023652,0.6317356330217149,1.0,0.0,0.0,4.0,0.5921230329461432,-0.43759560271511994,-0.10939890067877998,0.5921230329461432,-0.43759560271511994
EURUSD,2025-08-14,1.1705,1.1715,1.163,1.1646,10,75,0.0854335753951208,-0.6407518154634824,-0.5040580948312701,0.636422915819061,4.0,3.0,0.0,6.0,3.3029708032543046,0.3538084612016188,0.13707418276037983,3.3029708032543046,0.2915241587862789
EURUSD,2025-08-15,1.1647,1.1715,1.1644,1.1697,68,3,0.5838413325319753,-0.0257577058469963,0.4292950974499779,0.6407422070528995,2.0,4.0,1.0,4.0,2.4716227623655027,0.5240322749969464,0.12390170459637348,2.4716227623655027,0.11955971544570268
EURUSD,2025-08-18,1.1691,1.1716,1.1655,1.166,25,36,0.2138397057565603,-0.3079291762894575,-0.2651612351381492,0.6267961409688135,3.0,0.0,0.0,2.0,0.2526647851732126,-0.402575790958729,-0.2012878954793645,0.2526647851732126,-0.485822441196106
EURUSD,2025-08-19,1.1659,1.1692,1.1637,1.1646,33,22,0.2830431426365967,-0.1886954284243914,-0.1115018440689473,0.6158475223900024,3.0,0.0,0.0,3.0,0.6566059175705299,-0.1450450563173371,-0.048348352105779036,0.6566059175705299,-0.1618461766498419
EURUSD,2025-08-20,1.1649,1.1673,1.1621,1.1651,24,28,0.2060262683492109,-0.2403639797407619,0.0171688556957659,0.6144009976030478,2.0,0.0,0.0,5.0,0.7806928287692806,-1.3976758236332714,-0.2795351647266543,0.7806928287692806,-1.3976758236332714
EURUSD,2025-08-21,1.1652,1.1662,1.1598,1.1605,10,54,0.0858221764503853,-0.4634397528321379,-0.4033642293168492,0.6194299304421272,6.0,5.0,6.0,3.0,2.5593757799993746,15.453541301158975,0.41061285796120306,2.4309363986354957,15.093244605564616
EURUSD,2025-08-22,1.1605,1.1742,1.1581,1.1715,137,24,1.1805256355019236,-0.2068074105988952,0.9478672985781904,0.6588265143958166,0.0,0.0,0.0,1.0,2.758544019527242,-2.758544019527242,-2.758544019527242,2.758544019527242,-2.758544019527242
EURUSD,2025-08-25,1.1715,1.1727,1.1601,1.1618,12,114,0.1024327784891241,-0.9731113956466136,-0.8279982927870287,0.6119657677047163,3.0,0.0,2.0,1.0,0.2606115433792342,0.2506864363862857,0.05767442754538543,0.2606115433792342,0.2506864363862857
EURUSD,2025-08-26,1.1618,1.1665,1.1599,1.1642,47,19,0.4045446720606084,-0.1635393355138589,0.206576002754343,0.6061251370811824,3.0,0.0,4.0,2.0,0.9936966982205212,1.4840451659962075,0.05867986231082497,0.9936966982205212,1.4840451659962075
EURUSD,2025-08-27,1.1642,1.1647,1.1573,1.1637,5,69,0.0429479470881435,-0.5926816698161748,-0.0429479470881244,0.5284161947646653,4.0,0.0,0.0,2.0,0.1672976915136295,0.1893751663955398,0.0946875831977699,0.1672976915136295,0.1893751663955398
EURUSD,2025-08-28,1.1637,1.1697,1.1627,1.1682,60,10,0.51559680329982,-0.0859328005499604,0.3866976024748602,0.5320521764086442,3.0,2.0,2.0,4.0,0.5095348527344414,-0.6977987335865092,0.0046396176075866186,0.5095348527344414,0.5462517300268388
EURUSD,2025-08-29,1.1682,1.1708,1.1649,1.1684,26,33,0.2225646293443038,-0.2824858757062026,0.017120356103424,0.4238416701215663,4.0,1.0,3.0,14.0,1.4354033559947446,-8.495590817851852,-0.37556796881005494,1.6041751870613228,-8.758057871213389
EURUSD,2025-09-01,1.1684,1.1736,1.1683,1.1709,52,1,0.4450530640191604,-0.0085587127696175,0.2139678192399817,0.4245525867191835,0.0,0.0,0.0,7.0,1.3392286877517556,0.9451279681649074,0.13501828116641534,1.3392286877517556,1.0622908747706759
EURUSD,2025-09-02,1.1709,1.1718,1.161,1.1638,9,99,0.076863950807063,-0.845503458877788,-0.6063711674780174,0.4502058483268227,4.0,1.0,3.0,5.0,1.2918287277276843,0.18531793886840053,-0.049229794863547935,1.2918287277276843,0.2435065411903461
EURUSD,2025-09-03,1.1642,1.1682,1.1606,1.1661,40,36,0.3435835767050338,-0.3092252190345152,0.163202198934892,0.4178945832225563,3.0,1.0,0.0,9.0,1.512134649772664,-5.639324560289408,-0.4574694298590368,1.512134649772664,-5.654444504355791
EURUSD,2025-09-04,1.1659,1.1669,1.1628,1.1649,10,31,0.0857706492838246,-0.2658890127798165,-0.0857706492838056,0.4181458787301773,6.0,3.0,0.0,9.0,1.569570173406901,2.1396520499458926,0.00821717584517428,1.5531092318940156,0.9008729363013612
EURUSD,2025-09-05,1.1648,1.1759,1.1645,1.1717,111,3,0.952953296703287,-0.0257554945054916,0.5923763736263655,0.4352809904652331,5.0,3.0,0.0,5.0,2.651748651476752,-1.7284126232868369,-0.26008902092731584,2.651748651476752,-1.7854542201022667
EURUSD,2025-09-08,1.1717,1.1765,1.17,1.1762,48,17,0.4096611760689714,-0.1450883331910928,0.3840573525646453,0.4383607522325641,1.0,0.0,0.0,3.0,2.1258413009694994,1.5881825916032164,0.5293941972010722,2.1258413009694994,1.5881825916032164
EURUSD,2025-09-09,1.1762,1.1779,1.1702,1.1706,17,60,0.1445332426458115,-0.5101173269852071,-0.4761095051861782,0.4410999781797795,3.0,1.0,0.0,4.0,0.3376822503036861,-0.728589609680081,-0.10915709922116354,0.3376822503036861,-0.728589609680081
EURUSD,2025-09-10,1.1707,1.173,1.1681,1.1693,23,26,0.1964636542239659,-0.2220893482531953,-0.1195865721363344,0.438237067111097,5.0,2.0,0.0,4.0,0.8030222856791884,-5.3349545333972275,-0.3877984293081301,0.8415572310201445,-5.824795763377667
EURUSD,2025-09-11,1.1693,1.1745,1.1661,1.1733,52,32,0.4447105105618826,-0.273668006499623,0.3420850081245192,0.4281715001920068,3.0,5.0,0.0,3.0,1.7784544281960677,6.038552611848158,0.22854144785365077,1.7784544281960677,6.321080558870965
EURUSD,2025-09-12,1.1733,1.1747,1.17,1.1733,14,33,0.1193215716355636,-0.2812579902838217,0.0,0.4181709588800881,4.0,2.0,0.0,3.0,1.8982235716104408,-0.8225594482130891,0.16202015344159532,1.8982235716104408,-0.8225594482130891
EURUSD,2025-09-15,1.1733,1.1774,1.1715,1.176,41,18,0.349441745504133,-0.1534134492457192,0.2301201738685694,0.41526105468735,6.0,0.0,1.0,3.0,1.6852971148893066,-1.579853871268725,-0.38478507861520106,1.6852971148893066,-1.746643530164708
EURUSD,2025-09-16,1.1762,1.1878,1.1756,1.1866,116,6,0.9862268321714042,-0.051011732698515,0.884203366774374,0.453860699994681,1.0,2.0,1.0,7.0,0.4223612398105945,0.9135538319789034,0.06609650145745553,0.3806131656882385,0.48721560568438493
EURUSD,2025-09-17,1.1866,1.1918,1.1806,1.1812,52,60,0.4382268666778924,-0.5056463846283503,-0.4550817461655209,0.4699137619968629,2.0,1.0,0.0,6.0,1.0377813239946954,-4.864183858470488,-0.5319229437607487,1.0377813239946954,-4.864183858470488
EURUSD,2025-09-18,1.1812,1.1848,1.175,1.1786,36,62,0.3047748052827673,-0.5248899424314243,-0.2201151371486569,0.4619678242803123,1.0,1.0,1.0,4.0,7.618527107887869,7.155177084873374,0.5055467686297211,7.618527107887869,7.355954023618124
EURUSD,2025-09-19,1.1786,1.1792,1.1728,1.1744,6,58,0.0509078567792239,-0.4921092821992217,-0.3563549974546056,0.4229261273517228,5.0,0.0,0.0,2.0,1.6657274018804644,-2.064573537996976,-1.032286768998488,1.6657274018804644,-2.064573537996976
EURUSD,2025-09-22,1.1744,1.1803,1.1725,1.1802,59,19,0.5023841961852685,-0.1617847411444152,0.4938692098092477,0.3865509005928536,3.0,0.0,0.0,1.0,0.4530596088591296,0.4530596088591296,0.4530596088591296,0.3597623836150817,0.3597623836150817
EURUSD,2025-09-23,1.1802,1.1819,1.1778,1.1815,17,24,0.1440433824775491,-0.2033553634977087,0.1101508218946008,0.3854573245446614,0.0,4.0,5.0,1.0,1.336221200066686,-3.45138973463436,-0.19761061066263114,2.678485625294752,-0.7158557834859105
EURUSD,2025-09-24,1.1814,1.1819,1.1727,1.1737,5,87,0.0423226680209873,-0.7364144235652557,-0.6517690875232809,0.4177640716617513,0.0,0.0,2.0,2.0,2.027721849384081,3.008929251776782,0.4079210156636316,2.027721849384081,3.008929251776782
EURUSD,2025-09-25,1.1738,1.1753,1.1645,1.1665,15,93,0.127790083489526,-0.7922985176350199,-0.6219117396489915,0.4345464783738244,4.0,2.0,4.0,6.0,1.8178465666638093,-0.2649162070277592,-0.0017269407715705717,1.8178465666638093,0.8827940262743791
EURUSD,2025-09-26,1.1665,1.1707,1.1657,1.1701,42,8,0.3600514359194154,-0.0685812258894242,0.3086155165023425,0.4402872258399334,4.0,1.0,1.0,4.0,0.4756111625058236,-2.4878795484307394,-0.2645158573373159,0.4756111625058236,-2.4878795484307394
EURUSD,2025-09-29,1.1697,1.1754,1.1697,1.1725,57,0,0.4873044370351405,0.0,0.2393776181927105,0.4409536235243509,3.0,0.0,2.0,0.0,2.1671349290145554,4.48996621566565,1.1224915539164124,2.1671349290145554,4.48996621566565
EURUSD,2025-09-30,1.1726,1.1761,1.1711,1.1733,35,15,0.298482005799065,-0.1279208596281815,0.0596964011598092,0.4166112694722421,3.0,1.0,2.0,9.0,1.7268426208324406,-2.852500214875365,-0.22850296596230216,1.7268426208324406,-2.852500214875365
EURUSD,2025-10-01,1.1733,1.1778,1.1712,1.1729,45,21,0.3835336231142886,-0.1789823574533359,-0.0340918776101556,0.4159019380227327,3.0,2.0,3.0,9.0,5.458605636682398,-15.368163367270656,-0.3289774177065375,5.458605636682398,-14.577448157136468
EURUSD,2025-10-02,1.1728,1.1758,1.1681,1.1714,30,47,0.2557980900409184,-0.4007503410641327,-0.1193724420191053,0.4164667603964573,4.0,0.0,0.0,7.0,0.9998571831158268,0.9559678575697131,0.1365668367956733,1.9527404780679647,2.3569698357181323
EURUSD,2025-10-03,1.1714,1.1758,1.1712,1.1741,44,2,0.3756189175345705,-0.0170735871606605,0.2304934266689367,0.3981848958543094,2.0,1.0,0.0,9.0,1.805044293921216,-5.74662951276385,-0.41675106382430355,1.805044293921216,-5.559341144270315
EURUSD,2025-10-06,1.1741,1.1741,1.1649,1.1709,0,92,0.0,-0.7835789115066754,-0.2725491866110101,0.3928765812521605,1.0,0.0,0.0,2.0,0.4214418728855358,0.4446389578333074,0.2223194789166537,0.8356309261777964,0.8588280111255681
EURUSD,2025-10-07,1.1712,1.1716,1.1647,1.1655,4,65,0.0341530054644771,-0.5549863387978099,-0.4866803278688557,0.3935270516003096,2.0,0.0,0.0,3.0,0.2393234617014746,0.26699769495692316,0.08899923165230772,0.2393234617014746,0.26699769495692316
EURUSD,2025-10-08,1.1653,1.1661,1.1597,1.1626,8,56,0.0686518493091832,-0.4805629451643396,-0.2316999914185123,0.3957831714824104,0.0,0.0,0.0,4.0,0.3355970561947153,-0.4385071059388702,-0.10962677648471755,0.3355970561947153,-0.3437749486102332
EURUSD,2025-10-09,1.1623,1.1648,1.1541,1.1563,25,82,0.2150907683042197,-0.7054977200378737,-0.5162178439301389,0.4001034605854145,5.0,0.0,0.0,3.0,0.2732116209952709,0.05302009219472352,0.01767336406490784,0.2732116209952709,0.13321825534632523
EURUSD,2025-10-10,1.1563,1.163,1.1555,1.1618,67,8,0.5794344028366278,-0.0691861973536395,0.4756551068061781,0.4182383555346654,1.0,2.0,0.0,1.0,1.927939243428146,-2.8028160722546924,-0.7398549510123317,1.927939243428146,-2.8028160722546924
EURUSD,2025-10-13,1.1618,1.1629,1.1556,1.1568,11,62,0.0946806679290842,-0.5336546737820609,-0.4303666724048798,0.4212964925320913,4.0,0.0,0.0,1.0,0.2928274143411793,0.2928274143411793,0.2928274143411793,0.2928274143411793,0.2928274143411793
EURUSD,2025-10-14,1.157,1.1615,1.154,1.1605,45,30,0.3889369057908339,-0.2592912705272354,0.3025064822817682,0.3679508539827982,5.0,0.0,1.0,3.0,0.962920676172322,-1.62906928715178,-0.3751167345027923,0.962920676172322,-1.62906928715178
EURUSD,2025-10-15,1.1605,1.1647,1.16,1.1646,42,5,0.361912968548038,-0.0430848772081143,0.3532959931064189,0.3722834451646431,5.0,0.0,1.0,3.0,1.1475457658167292,-0.6703925341998462,-0.2702046165348188,1.1017587747163495,-0.6246055430994666
EURUSD,2025-10-16,1.1647,1.1694,1.164,1.1687,47,7,0.4035373916029816,-0.0601013136430106,0.34343607795999,0.3814091835793102,1.0,0.0,1.0,7.0,2.0328125462694504,2.1457696269882645,0.3048761954046341,2.0328125462694504,1.9666957264706606
EURUSD,2025-10-17,1.1686,1.1728,1.165,1.1651,42,36,0.3594044155399607,-0.308060927605686,-0.2995036796166402,0.3791339635711169,2.0,0.0,0.0,2.0,1.8522082353292304,1.8036600211450755,0.9018300105725378,1.8522082353292304,1.8036600211450755
EURUSD,2025-10-20,1.1657,1.1675,1.1637,1.164,18,20,0.1544136570301127,-0.1715707300334564,-0.1458351205284408,0.358374880232149,1.0,0.0,0.0,2.0,0.4583555735863767,0.2726116537587386,0.1363058268793693,0.4583555735863767,0.1783447095632072
EURUSD,2025-10-21,1.1641,1.1655,1.1597,1.1598,14,44,0.1202645820805831,-0.377974400824668,-0.3693840735331991,0.3617597166640356,3.0,0.0,0.0,0.0,0.0,0.0,0.0,0.0,0.0
EURUSD,2025-10-22,1.1598,1.1622,1.1576,1.161,24,22,0.2069322296947713,-0.1896878772202086,0.1034661148473952,0.3391060226614648,3.0,0.0,0.0,1.0,0.1343881736007547,-0.1343881736007547,-0.1343881736007547,0.1343881736007547,-0.1343881736007547
EURUSD,2025-10-23,1.1609,1.162,1.1584,1.1617,11,25,0.0947540701180014,-0.2153501593591133,0.0689120509949101,0.3125222648756602,3.0,0.0,1.0,2.0,0.5375005483931337,1.6331137515186152,0.3652044010418272,0.5375005483931337,1.5317282872621265
EURUSD,2025-10-24,1.1618,1.1647,1.1599,1.1625,29,19,0.2496126699948463,-0.1635393355138589,0.0602513341366969,0.3035403542649442,4.0,7.0,4.0,4.0,1.5038820694966215,2.5294830612431416,0.03810871745013386,1.5038820694966215,3.2407285661130953
EURUSD,2025-10-27,1.1625,1.1651,1.1616,1.1643,26,9,0.223655913978489,-0.0774193548387202,0.1548387096774023,0.3001106695988947,3.0,0.0,1.0,2.0,0.4359749618301921,1.0045411258070547,0.1895220546589542,0.4359749618301921,1.0045411258070547
EURUSD,2025-10-28,1.1644,1.1668,1.1625,1.165,24,19,0.2061147372037064,-0.1631741669529382,0.0515286843009218,0.2999767468486249,0.0,0.0,2.0,3.0,0.3400533987678273,0.14186880765421978,-0.0023835719430318645,0.3400533987678273,0.14186880765421978
EURUSD,2025-10-29,1.165,1.1665,1.1577,1.1599,15,73,0.1287553648068718,-0.6266094420600931,-0.4377682403433566,0.3129934750429051,1.0,1.0,1.0,3.0,0.8726043435397406,-3.6001898136388935,-0.44826710995022195,0.8726043435397406,-3.6001898136388935
EURUSD,2025-10-30,1.16,1.1637,1.1546,1.1565,37,54,0.3189655172413825,-0.4655172413792974,-0.3017241379310204,0.3174913679384228,1.0,1.0,3.0,9.0,0.9890767474157508,0.7910732998009854,0.0456248595124723,0.9890767474157508,1.2669270779458124
EURUSD,2025-10-31,1.1565,1.1577,1.152,1.1534,12,45,0.1037613488975242,-0.3891050583657734,-0.2680501513186427,0.3124049287116783,2.0,0.0,2.0,5.0,0.6811125510609619,0.42395550347499744,0.11904251114930087,0.6811125510609619,0.42395550347499744
EURUSD,2025-11-03,1.1534,1.1541,1.1504,1.1518,7,30,0.060690133518287,-0.2601005722212495,-0.1387203051846753,0.3097628999859346,1.0,1.0,1.0,7.0,1.06644169756062,-1.8190183340899697,-0.06396483698068009,1.06644169756062,-1.7505915235588914
EURUSD,2025-11-04,1.1519,1.1533,1.1472,1.1482,14,47,0.1215383279798652,-0.4080215296466644,-0.3212084382324693,0.3005596430924628,3.0,0.0,0.0,3.0,1.3462055250830045,-0.5209817032415247,-0.1736605677471749,1.3462055250830045,-0.5209817032415247
EURUSD,2025-11-05,1.1483,1.1497,1.1468,1.1491,14,15,0.1219193590524989,-0.1306278846991253,0.0696682051728565,0.299966907123976,6.0,2.0,0.0,11.0,1.3336996432237802,9.176248160919089,0.35809750503797017,1.3336996432237802,9.570274876305634
EURUSD,2025-11-06,1.1491,1.1552,1.1489,1.1547,61,2,0.5308502306152636,-0.0174049255939411,0.4873379166304107,0.3039432683511164,4.0,0.0,0.0,7.0,1.4466145243690485,-1.8068028255516728,-0.2581146893645247,1.4466145243690485,-1.6743759104840303
EURUSD,2025-11-07,1.1546,1.1591,1.1528,1.1565,45,18,0.3897453663606399,-0.1558981465442598,0.1645591546856065,0.2850414119184146,3.0,0.0,2.0,2.0,1.1231898938467606,-3.0710300471142316,-0.557125453155857,1.1231898938467606,-3.0710300471142316
EURUSD,2025-11-10,1.1565,1.1583,1.1538,1.1556,18,27,0.1556420233463055,-0.2334630350194679,-0.0778210116731623,0.2692911802998753,5.0,0.0,0.0,2.0,0.1203760198463476,-0.2095796418366183,-0.10478982091830916,0.1203760198463476,-0.2095796418366183
EURUSD,2025-11-11,1.1556,1.1605,1.1546,1.158,49,10,0.4240221529941265,-0.0865351332640957,0.2076843198338488,0.2642876843768824,4.0,0.0,1.0,3.0,1.4401876862211451,-3.3832016171266455,-0.485753482726375,1.4401876862211451,-3.3832016171266455
EURUSD,2025-11-12,1.158,1.1597,1.1562,1.1592,17,18,0.1468048359240099,-0.1554404145077741,0.1036269430051891,0.251579141498261,6.0,0.0,0.0,5.0,0.5714992302330419,0.015533467174539517,0.0031066934349079033,0.5714992302330419,-0.09775916911433602
EURUSD,2025-11-13,1.1592,1.1655,1.1578,1.1631,63,14,0.5434782608695629,-0.1207729468599092,0.3364389233954464,0.2510408277619693,2.0,0.0,0.0,3.0,0.3719661811245037,0.05667937864308148,0.018893126214360494,0.4337538780083629,-0.041172297218800114
EURUSD,2025-11-14,1.1638,1.1653,1.1604,1.162,15,34,0.1288881251074116,-0.2921464169101089,-0.1546657501288901,0.2447952242914146,1.0,0.0,0.0,7.0,0.5231833100902568,0.5680880390075722,0.08115543414393889,0.5231833100902568,0.3791802848727708
EURUSD,2025-11-17,1.162,1.1624,1.1581,1.159,4,39,0.0344234079173991,-0.3356282271944935,-0.2581755593803693,0.2490777003502895,2.0,0.0,1.0,1.0,0.241606832766034,0.6026159562709437,0.1805045617524548,0.241606832766034,0.6026159562709437
EURUSD,2025-11-18,1.1591,1.1607,1.157,1.1579,16,21,0.1380381330342546,-0.1811750496074532,-0.1035285997756957,0.2365650342721748,0.0,1.0,1.0,5.0,0.8966201265628079,4.41192186055359,0.33652937639701935,0.8966201265628079,4.41192186055359
EURUSD,2025-11-19,1.1579,1.1597,1.1517,1.1536,18,62,0.1554538388461891,-0.5354521115813096,-0.3713619483547777,0.2478538307989472,3.0,0.0,0.0,7.0,0.3054723773227187,-0.5674696304878707,-0.08106709006969581,1.3249512008058368,0.8277681577664351
EURUSD,2025-11-20,1.1535,1.1549,1.1506,1.1527,14,29,0.1213697442566162,-0.2514087559601129,-0.0693541395751982,0.2466870932864137,2.0,4.0,2.0,7.0,7.559476942020132,22.898288303772386,0.6137391810311416,7.559476942020132,22.87346202166465
EURUSD,2025-11-21,1.1527,1.1552,1.1488,1.1511,25,39,0.2168821028888649,-0.3383360805066378,-0.1388045458488805,0.2463036375249795,3.0,4.0,3.0,4.0,1.986584982330365,-1.1784604874540383,0.06877578527843226,1.986584982330365,-1.1682010817818087
EURUSD,2025-11-24,1.1511,1.155,1.1501,1.152,39,10,0.3388063591347419,-0.086873425419174,0.0781860828772392,0.2434749608244018,6.0,0.0,1.0,1.0,0.1393884100858911,-0.2584118033592955,-0.059511696636702145,0.1393884100858911,-0.2584118033592955
EURUSD,2025-11-25,1.152,1.1585,1.151,1.1569,65,10,0.5642361111111261,-0.086805555555546,0.4253472222222332,0.2655971321007883,5.0,4.0,4.0,4.0,2.7314001181840086,5.026849159509671,0.04160942896569692,2.7314001181840086,4.65191888561836
EURUSD,2025-11-26,1.1569,1.16,1.1546,1.1594,31,23,0.2679574725559582,-0.1988071570576513,0.216094735932228,0.2538350560169891,3.0,1.0,2.0,5.0,1.5788059196338295,-2.492234956892086,-0.251399778134667,1.5788059196338295,-2.492234956892086
EURUSD,2025-11-27,1.1595,1.1613,1.1575,1.1595,18,20,0.1552393272962504,-0.1724881414402761,0.0,0.2440962944502238,3.0,0.0,0.0,4.0,0.4249325339231394,0.2667549592073302,0.06668873980183256,0.4249325339231394,0.2667549592073302
EURUSD,2025-11-28,1.1595,1.1607,1.1553,1.1595,12,42,0.1034928848641733,-0.362225097024578,0.0,0.2352618104385553,4.0,0.0,1.0,9.0,1.227943793264218,-3.0908149451651465,-0.18628711519009283,1.227943793264218,-3.0908149451651465
EURUSD,2025-12-01,1.1595,1.1652,1.1588,1.161,57,7,0.4915912031047899,-0.0603708495040899,0.1293661060802119,0.2332050102670671,4.0,1.0,1.0,6.0,0.6202229118212007,-2.0580808722578787,-0.1811064054872782,0.7090229694673664,-2.212338074518148
EURUSD,2025-12-02,1.1608,1.1625,1.159,1.1623,17,18,0.1464507236388727,-0.155065472088217,0.129221226740184,0.2181383271515148,6.0,0.0,2.0,6.0,1.2936906453716133,0.8602089952740324,0.1362726136254129,1.2936906453716133,1.3360627734188593
EURUSD,2025-12-03,1.1624,1.1677,1.1619,1.167,53,5,0.4559532002752804,-0.043014452856174,0.3957329662766635,0.2308181290962112,1.0,2.0,0.0,11.0,1.5795775824363425,-2.2232833223523554,-0.027697487246815908,1.4919276631538672,-1.8248109161621184
EURUSD,2025-12-04,1.1668,1.1681,1.164,1.1643,13,28,0.1114158381899088,-0.2399725745629187,-0.2142612272883243,0.217799094086929,3.0,1.0,1.0,4.0,1.7314216407714231,-6.474496937668772,-0.45714734414623903,1.7314216407714231,-6.255373980070479
EURUSD,2025-12-05,1.1643,1.1671,1.1627,1.1642,28,16,0.2404878467748978,-0.1374216267284913,-0.0085888516705307,0.2160177438582532,3.0,3.0,0.0,8.0,3.148803579777484,4.477886393467495,0.47008304120598826,3.148803579777484,4.477886393467495
EURUSD,2025-12-08,1.164,1.1671,1.1615,1.1636,31,25,0.2663230240549916,-0.2147766323024009,-0.034364261168381,0.2150793456895412,2.0,0.0,0.0,2.0,0.3291229279592568,0.3063420032636463,0.15317100163182315,0.3291229279592568,0.3063420032636463
EURUSD,2025-12-09,1.1635,1.1657,1.1614,1.1625,22,21,0.1890846583583996,-0.1804899011602914,-0.085947571981082,0.2125656108695613,6.0,2.0,1.0,4.0,1.3674079650633215,5.558136434021758,0.3534674037994746,1.3674079650633215,5.64669137299072
EURUSD,2025-12-10,1.1625,1.1699,1.162,1.1694,74,5,0.6365591397849334,-0.0430107526881864,0.593548387096766,0.2481180165642501,6.0,1.0,0.0,2.0,0.5734176404184212,-2.659797898243329,-0.504320872468829,0.5734176404184212,-2.659797898243329
EURUSD,2025-12-11,1.1692,1.1762,1.1681,1.1738,70,11,0.5986999657885644,-0.0940814231953558,0.3934314060896285,0.2519601037387565,3.0,2.0,0.0,7.0,6.383010768517127,3.097407709438202,-0.29394165183511717,6.383010768517127,3.9192624536195617
EURUSD,2025-12-12,1.1737,1.1749,1.1719,1.174,12,18,0.102240777029913,-0.1533611655448601,0.0255601942574735,0.2475870024531397,4.0,0.0,0.0,2.0,2.335833480711796,-2.4618176385085304,-1.2309088192542652,2.335833480711796,-2.4618176385085304
EURUSD,2025-12-15,1.1733,1.1768,1.1724,1.1752,35,9,0.2983039290888996,-0.0767067246228501,0.1619364186482581,0.2372130535978433,3.0,0.0,1.0,3.0,0.9029450170434484,1.2579049129751692,0.3097759193334434,0.8344004943835205,1.1893603903152412
EURUSD,2025-12-16,1.1752,1.1803,1.1734,1.1746,51,18,0.4339686861810655,-0.1531654186521463,-0.0510551395507091,0.2354048947269138,3.0,10.0,4.0,7.0,2.9431637923211627,11.441584431831695,0.18971065803202217,2.9431637923211627,10.415456177699848
EURUSD,2025-12-17,1.1746,1.1758,1.1702,1.1739,12,44,0.1021624382768489,-0.3745956070151695,-0.0595947556615141,0.2133174243913013,2.0,0.0,1.0,3.0,0.8935114115942305,-1.163748040299076,-0.24152566819326743,0.8935114115942305,-1.163748040299076
EURUSD,2025-12-18,1.1739,1.1762,1.1712,1.1721,23,27,0.1959281029048444,-0.2300025555839445,-0.1533350370559693,0.21749455612205,2.0,3.0,1.0,1.0,0.7277733119209028,-6.176386894936388,-0.44583835517940906,0.8735700702124638,-6.613777169811072
EURUSD,2025-12-19,1.1719,1.1737,1.1702,1.1708,18,17,0.1535967232699056,-0.1450635719771341,-0.0938646642204863,0.2152252622350798,6.0,0.0,2.0,7.0,1.0667597798974613,-1.4109291364286178,-0.1243622609375277,1.0667597798974613,-1.26497287330367
EURUSD,2025-12-22,1.1705,1.1769,1.1703,1.176,64,2,0.5467748825288304,-0.0170867150790431,0.4698846646732027,0.2311026870932276,6.0,0.0,0.0,0.0,0.0,0.0,0.0,0.0,0.0
EURUSD,2025-12-23,1.1755,1.1801,1.1754,1.1794,46,1,0.3913228413441035,-0.0085070182900883,0.3317737133134849,0.2252984546803692,2.0,1.0,6.0,5.0,4.293725350603808,4.7754235964762195,0.190062858890344,4.293725350603808,6.48868407317433
EURUSD,2025-12-24,1.1792,1.1807,1.1771,1.1778,15,21,0.127204884667576,-0.1780868385345989,-0.1187245590230722,0.2291929353178076,3.0,1.0,0.0,0.0,0.5645512624598701,-1.6936537873796105,-0.5645512624598701,0.5645512624598701,-1.6936537873796105
EURUSD,2025-12-25,1.1782,1.1785,1.1769,1.1777,3,13,0.0254625700220836,-0.1103378034289472,-0.0424376167034412,0.2302691553369363,3.0,0.0,0.0,0.0,0.0,0.0,0.0,0.0,0.0
EURUSD,2025-12-26,1.1777,1.1796,1.176,1.1771,19,17,0.1613314086779326,-0.1443491551328891,-0.0509467606351306,0.2315767928567651,3.0,0.0,0.0,0.0,0.0,0.0,0.0,0.0,0.0
EURUSD,2025-12-29,1.1764,1.1788,1.1748,1.1772,24,16,0.2040122407344593,-0.1360081604896144,0.068004080244826,0.2313765469017484,1.0,0.0,1.0,1.0,0.0382059303507532,0.0763658253851639,0.02864293893397925,0.0382059303507532,0.0763658253851639
EURUSD,2025-12-30,1.1767,1.1779,1.1742,1.1746,12,25,0.1019801138777826,-0.2124585705787514,-0.1784651992861384,0.238254309864972,3.0,0.0,0.0,5.0,2.259179616762247,3.9310787220584027,0.7862157444116805,2.259179616762247,3.9310787220584027
EURUSD,2025-12-31,1.1745,1.1759,1.1719,1.1745,14,26,0.1191996594295313,-0.2213707960834531,0.0,0.2256520991049632,3.0,1.0,0.0,2.0,1.0031863153743397,-3.4628170276465307,-0.4854814656326171,1.0031863153743397,-3.4628170276465307
EURUSD,2026-01-01,1.174,1.1745,1.1739,1.1745,5,1,0.042589437819435,-0.0085178875638832,0.042589437819435,0.2171101475788668,1.0,0.0,0.0,0.0,0.0,0.0,0.0,0.0,0.0
EURUSD,2026-01-02,1.1747,1.1764,1.1712,1.1719,17,35,0.1447178002894196,-0.2979484123606076,-0.2383587298884937,0.226818890386653,3.0,0.0,0.0,8.0,1.9888295416180384,-6.234782657294168,-0.779347832161771,2.144795476211501,-7.012468663406119
EURUSD,2026-01-05,1.172,1.1728,1.1658,1.172,8,62,0.0682593856655404,-0.5290102389078485,0.0,0.2262838208782567,0.0,1.0,1.0,2.0,0.3598997997783347,-0.1605022416225645,0.06485460833635465,0.3598997997783347,-0.1605022416225645
EURUSD,2026-01-06,1.1721,1.1742,1.1683,1.1687,21,38,0.1791656002047599,-0.3242044194181406,-0.2900776384267424,0.2371160424996803,2.0,0.0,1.0,7.0,1.5007016692354938,-1.5215747467811838,-0.23398063362048493,1.5007016692354938,-1.5365890434239302
EURUSD,2026-01-07,1.1686,1.1702,1.1671,1.1673,16,15,0.1369159678247324,-0.1283587198357056,-0.1112442238576141,0.200075539068453,2.0,3.0,2.0,6.0,1.8218876506288568,0.6721571391439273,-0.09232136875235199,1.8218876506288568,0.6721571391439273
EURUSD,2026-01-08,1.1673,1.1682,1.1642,1.1658,9,31,0.0771010023130215,-0.2655701190782235,-0.1285016705217216,0.1797896650004172,1.0,1.0,0.0,13.0,2.0327717999323958,1.3270782829047856,-0.0026868191363178923,2.096841618397004,3.1622529787262037
EURUSD,2026-01-09,1.1658,1.1662,1.1617,1.1637,4,41,0.0343112026076476,-0.3516898267284262,-0.180133813690169,0.1828526882688618,6.0,5.0,0.0,11.0,1.7726104305034032,0.862003750860592,0.017939361521213473,1.7726104305034032,1.6198302223717467
EURUSD,2026-01-12,1.1629,1.1698,1.162,1.1667,69,9,0.5933442256427814,-0.0773927250838526,0.3267692836873356,0.1953034034493384,1.0,0.0,0.0,2.0,0.2590234888046049,-0.18146349466830303,-0.09073174733415151,0.3135114202104118,-0.2359514260741099
EURUSD,2026-01-13,1.1668,1.1677,1.1633,1.1641,9,35,0.077134041823783,-0.2999657182036389,-0.2314021254713872,0.2007596383870302,3.0,3.0,2.0,5.0,0.2789834324659264,-2.4792737725878364,-0.08517557108141316,0.2789834324659264,-2.3341422546924897
EURUSD,2026-01-14,1.1645,1.1661,1.1634,1.1642,16,11,0.1373980249033768,-0.0944611421210906,-0.0257621296694022,0.200656538094887,0.0,4.0,2.0,6.0,2.140518716746134,6.5365608909459185,0.2534395104474861,2.175336261564381,7.256843045781616
EURUSD,2026-01-15,1.1641,1.1647,1.1592,1.1606,6,49,0.0515419637488322,-0.4209260372820123,-0.3006614552014292,0.2079848621148538,2.0,1.0,2.0,8.0,0.6995442340066684,-0.4538160016651874,0.005811996599869093,0.6995442340066684,-0.5921229893909077
EURUSD,2026-01-16,1.1607,1.1627,1.1583,1.1597,20,24,0.1723098130438529,-0.2067717756526197,-0.086154906521936,0.2078821666881763,6.0,0.0,0.0,5.0,0.5096805881624696,-0.2930626048294922,-0.05861252096589844,0.5096805881624696,-0.29766781401376496
EURUSD,2026-01-19,1.1583,1.1648,1.157,1.1645,65,13,0.5611672278338902,-0.1122334455667857,0.5352672019338671,0.2166070930722282,6.0,0.0,0.0,2.0,0.9780077313352382,-0.9687006173281146,-0.4843503086640573,0.9780077313352382,-0.9687006173281146
EURUSD,2026-01-20,1.1642,1.1768,1.1631,1.1724,126,11,1.08228826662087,-0.0944854835938738,0.7043463322453365,0.2611534425512949,0.0,0.0,0.0,5.0,0.4469353973026778,-0.429696780447276,-0.0859393560894552,0.4469353973026778,-0.5321993088268908
EURUSD,2026-01-21,1.1721,1.1742,1.1676,1.1682,21,45,0.1791656002047599,-0.3839262861530542,-0.3327361146659854,0.2698540101153714,6.0,0.0,1.0,3.0,1.0032742433253374,-1.486778493367574,-0.21514189213994878,1.0032742433253374,-1.486778493367574
EURUSD,2026-01-22,1.1682,1.1756,1.1668,1.1754,74,14,0.6334531758260635,-0.1198424927238354,0.6163328197226584,0.3055813003325933,6.0,3.0,2.0,7.0,1.4033866895343965,0.38935890729535527,0.05673262694635442,1.0431775768798044,0.6652934626522299
EURUSD,2026-01-23,1.1752,1.1833,1.1727,1.1826,81,25,0.689244383934649,-0.2127297481279736,0.6296800544588217,0.3352537109993604,5.0,4.0,3.0,5.0,2.082810082769341,6.066158317561054,0.13819067837263557,2.082810082769341,6.009870318829698
EURUSD,2026-01-26,1.1831,1.1906,1.1831,1.1879,75,0,0.6339278167526043,0.0,0.4057138027216562,0.3450482568327774,6.0,0.0,3.0,1.0,1.6346596921128724,4.180923482739842,0.5448291410242103,1.6346596921128724,4.180923482739842
EURUSD,2026-01-27,1.1875,1.2078,1.1849,1.2041,203,26,1.709473684210525,-0.2189473684210472,1.3978947368421009,0.4517629507166044,0.0,0.0,2.0,4.0,1.739954060314846,-4.078683824246637,-0.4041317695559279,1.739954060314846,-4.078683824246637
EURUSD,2026-01-28,1.2039,1.2044,1.1895,1.1952,5,144,0.041531688678457,-1.1961126339396937,-0.7226513830052272,0.490507815977486,3.0,0.0,0.0,3.0,0.319963248504875,-0.009687157363775178,-0.0032290524545917263,0.319963248504875,-0.009687157363775178
EURUSD,2026-01-29,1.1952,1.1996,1.1905,1.1969,44,47,0.3681392235609069,-0.3932396251673484,0.1422356091030819,0.4903942093353101,0.0,2.0,0.0,9.0,2.9901057911008477,-4.183236892431075,-0.32034566128489056,4.725804334729379,-9.268973699339309
EURUSD,2026-01-30,1.197,1.1974,1.1848,1.1848,4,122,0.033416875522135,-1.0192147034252288,-1.0192147034252288,0.5470275685393114,1.0,2.0,2.0,12.0,2.107692797085551,1.0122899280339754,0.010860017609675907,2.107692797085551,0.5407692608560768
EURUSD,2026-02-02,1.1852,1.1874,1.1775,1.1789,22,77,0.1856226797165018,-0.6496793790077657,-0.5315558555518033,0.5631046020989565,4.0,1.0,1.0,7.0,3.478235869529687,12.761638491766263,0.6411627283812701,3.478235869529687,13.018324402155917
EURUSD,2026-02-03,1.1789,1.1828,1.1779,1.1818,39,10,0.3308168631775396,-0.0848248367121988,0.2459920264653408,0.5593163826745018,3.0,0.0,0.0,5.0,1.9063016629976808,-1.5240603050415689,-0.30481206100831376,1.9063016629976808,-1.5240603050415689
EURUSD,2026-02-04,1.1818,1.1838,1.1789,1.1806,20,29,0.1692333728211204,-0.2453883905906162,-0.101540023692661,0.5591580675517426,2.0,2.0,2.0,9.0,1.599401003694337,-5.764453031036073,-0.3201097986282583,1.599401003694337,-5.714319564728904
EURUSD,2026-02-05,1.1806,1.1821,1.1773,1.1775,15,33,0.1270540403184681,-0.2795188887006675,-0.2625783499915384,0.5624220100550595,4.0,3.0,0.0,8.0,2.049240898283922,-3.705947414406643,-0.3692147798038332,2.049240898283922,-3.920304669461608
EURUSD,2026-02-06,1.1777,1.1826,1.1764,1.1816,49,13,0.4160652118536237,-0.1103846480428019,0.331153944128387,0.5625289759209644,6.0,2.0,0.0,3.0,1.2167761733880578,-4.4849510413094436,-0.550491235211588,1.2167761733880578,-4.4849510413094436
EURUSD,2026-02-09,1.1816,1.1926,1.1807,1.1913,110,9,0.9309410968178844,-0.076167907921454,0.8209207853757652,0.5840967735110322,3.0,0.0,0.0,1.0,0.5583868599614106,0.5583868599614106,0.5583868599614106,0.5583868599614106,0.5583868599614106
EURUSD,2026-02-10,1.1912,1.1928,1.1886,1.1894,16,26,0.1343183344526566,-0.2182672934855553,-0.1511081262592364,0.5818929531838627,3.0,2.0,1.0,4.0,0.623780944657109,-4.103321562369053,-0.33167713674056787,0.623780944657109,-4.546488500860717
EURUSD,2026-02-11,1.1893,1.1927,1.1831,1.187,34,62,0.2858824518624459,-0.5213150592785658,-0.1933910703775303,0.5852215362920408,3.0,3.0,0.0,4.0,2.1431316192463665,5.511977529805756,0.24851034257733545,2.1431316192463665,5.781421917851195
EURUSD,2026-02-12,1.1877,1.1889,1.1851,1.1869,12,26,0.1010356150543142,-0.2189104992843256,-0.0673570767028636,0.5789724521494283,3.0,1.0,0.0,5.0,1.8765682658957905,-1.2458124111989493,-0.13283900929716128,1.8765682658957905,-1.3524544919850006
EURUSD,2026-02-13,1.1869,1.1884,1.1845,1.1867,15,24,0.1263796444519196,-0.2022074311230902,-0.0168506192602559,0.5778922479730958,3.0,3.0,0.0,4.0,1.5942251309401834,-0.8975770161014633,0.08338270995014242,1.5942251309401834,-1.5407328888130751
EURUSD,2026-02-16,1.1867,1.1875,1.1845,1.185,8,22,0.0674138366899732,-0.1853880508974449,-0.1432544029662117,0.5722135763663474,3.0,0.0,0.0,1.0,1.873761251413042,-1.873761251413042,-1.873761251413042,1.7874818491892197,-1.7874818491892197
EURUSD,2026-02-17,1.185,1.1855,1.1804,1.1853,5,46,0.0421940928269995,-0.3881856540084523,0.0253164556961997,0.5535336477445056,1.0,0.0,1.0,7.0,0.2125301853070224,-0.44484202615903934,-0.07405224486412393,0.2125301853070224,-0.44484202615903934
EURUSD,2026-02-18,1.1853,1.1857,1.1781,1.1782,4,72,0.0337467307854514,-0.6074411541382009,-0.599004471441838,0.5663692880701772,3.0,0.0,2.0,8.0,0.944413303197556,3.444795655148109,0.32344746331283564,0.944413303197556,3.4296495437347843
EURUSD,2026-02-19,1.1782,1.1807,1.1741,1.1772,25,41,0.212188083517244,-0.347988456968256,-0.0848752334068825,0.5503124046347927,3.0,1.0,2.0,10.0,1.386466042961659,-5.850944001761455,-0.23585857555144252,1.560995792869205,-7.546761108499254
EURUSD,2026-02-20,1.1772,1.1807,1.1742,1.178,35,30,0.2973156642881463,-0.2548419979612736,0.0679578661229962,0.5307543517462625,3.0,6.0,5.0,7.0,1.125845586387808,0.7792385146280514,-0.050010091654042084,1.1811526449127294,1.0947972940720443
EURUSD,2026-02-23,1.1781,1.1834,1.1774,1.1784,53,7,0.4498769204651628,-0.0594177064765234,0.0254647313470814,0.5213228082241455,3.0,0.0,0.0,3.0,0.6180751179569554,-0.41652106780103687,-0.13884035593367897,0.6180751179569554,-0.41652106780103687
EURUSD,2026-02-24,1.179,1.1796,1.1765,1.1771,6,25,0.0508905852417246,-0.2120441051738716,-0.1611535199321469,0.3962784300578469,5.0,0.0,2.0,4.0,0.470008771953522,-0.2638790201379774,-0.07064029978507613,0.470008771953522,-0.2638790201379774
EURUSD,2026-02-25,1.1772,1.1814,1.1769,1.1809,42,3,0.356778797145768,-0.0254841997961235,0.3143051308188954,0.380781488113807,3.0,0.0,0.0,5.0,0.5157093135144167,0.5792728226548916,0.11585456453097831,0.5157093135144167,0.5792728226548916
EURUSD,2026-02-26,1.1809,1.1828,1.1773,1.1797,19,36,0.160894233211958,-0.3048522313489751,-0.1016174104496646,0.3775886005712154,4.0,1.0,0.0,4.0,0.6323461144031619,1.084712336689218,0.06638670870094318,0.6323461144031619,1.084712336689218
EURUSD,2026-02-27,1.1796,1.1826,1.1785,1.1813,30,11,0.2543234994913626,-0.0932519498134858,0.1441166497117696,0.3086136166562908,0.0,2.0,1.0,10.0,1.9142079589881456,5.30490917749818,0.387830538704071,1.9142079589881456,5.226832880227031
EURUSD,2026-03-02,1.1776,1.1795,1.1671,1.1687,19,105,0.1613451086956532,-0.8916440217391265,-0.7557744565217314,0.331336219444283,0.0,1.0,1.0,7.0,2.071535177836313,6.3470860659497195,0.496324892160523,2.071535177836313,6.396663521109121
EURUSD,2026-03-03,1.1687,1.1706,1.1528,1.1613,19,159,0.162573799948662,-1.360486010096691,-0.6331821682211066,0.350138071753894,4.0,0.0,2.0,5.0,2.158487503343306,2.966350699315262,0.42062533491585946,2.158487503343306,2.966350699315262
EURUSD,2026-03-04,1.1611,1.1654,1.1573,1.1633,43,38,0.3703384721384868,-0.3272758590991323,0.1894754973731788,0.3550819424596607,2.0,2.0,0.0,10.0,2.611431040107977,6.539077774431133,-0.027413896546041858,2.611431040107977,5.330467777026207
EURUSD,2026-03-05,1.1633,1.1647,1.1558,1.1607,14,75,0.1203472878879109,-0.6447176136852112,-0.2235021060775325,0.3540294461797528,3.0,1.0,0.0,9.0,0.6827343106164233,-0.6691833126888878,-0.08553741821430805,0.6827343106164233,-0.5367563976212455
EURUSD,2026-03-06,1.1609,1.1621,1.1544,1.1618,12,65,0.1033680764923652,-0.5599104143337023,0.0775260573692739,0.3436477929000465,6.0,5.0,0.0,3.0,0.7478325554852709,-1.1983655709220413,-0.12288789178029326,0.730215008135171,-1.6259327048457048
EURUSD,2026-03-09,1.1567,1.1637,1.1505,1.1636,70,62,0.6051698798305434,-0.5360076078499164,0.596524595832965,0.3154194433979542,2.0,0.0,0.0,3.0,0.5106949774783475,-0.5709393652149589,-0.19031312173831963,0.5106949774783475,-0.5709393652149589
EURUSD,2026-03-10,1.1636,1.1667,1.1605,1.161,31,31,0.2664145754554918,-0.2664145754554727,-0.223444482640077,0.316635570379672,1.0,0.0,0.0,5.0,2.6852854046734884,2.986732277365222,0.5973464554730443,2.6852854046734884,2.986732277365222
EURUSD,2026-03-11,1.1611,1.1645,1.1559,1.1566,34,52,0.2928257686676487,-0.447851175609344,-0.3875635173542286,0.322946684931705,0.0,3.0,0.0,5.0,0.71815918204553,-3.215758657033554,-0.20744369322829365,0.71815918204553,-3.1075269299295494
EURUSD,2026-03-12,1.1567,1.1575,1.1508,1.151,8,59,0.0691622719806269,-0.5100717558571813,-0.4927811878620245,0.3346319879671806,0.0,1.0,0.0,7.0,1.268054934032602,0.33914020199979916,0.03632811284972887,1.425174030828514,2.0184895473840463
GBPUSD,2021-01-14,1.36365,1.3711,1.3615,1.36859,74,22,0.5463278700546296,-0.1576650900157735,0.3622630440362222,0.4965072310064471,0.0,0.0,0.0,6.0,3.494068354465408,5.572562524698935,0.9287604207831559,3.494068354465408,5.7002252532627145
GBPUSD,2021-01-15,1.36845,1.36979,1.357,1.35796,13,114,0.0979210055171996,-0.8367130695312186,-0.7665607073696437,0.525769775688686,3.0,2.0,0.0,15.0,2.239769987255239,-0.7588875667263442,-0.058059721809550775,2.239769987255239,-0.7276305918294672
GBPUSD,2021-01-18,1.35948,1.36015,1.3518,1.35847,7,77,0.0492835495924874,-0.5649218818960287,-0.0742931120722596,0.5013138726817512,4.0,0.0,0.0,1.0,0.1308814802286433,-0.1308814802286433,-0.1308814802286433,0.1308814802286433,-0.1308814802286433
GBPUSD,2021-01-19,1.35846,1.36365,1.357,1.36271,52,15,0.3820502627975816,-0.1074746404016325,0.3128542614431111,0.4911759216049481,3.0,0.0,0.0,0.0,0.0,0.0,0.0,0.0,0.0
GBPUSD,2021-01-20,1.36289,1.3719,1.3622,1.36517,90,7,0.6610951727578868,-0.0506277102333906,0.1672915642495036,0.4749728038936721,5.0,0.0,0.0,8.0,5.392718910208411,8.784653909195791,1.098081738649474,3.468030720114414,6.859965719101794
GBPUSD,2021-01-21,1.36521,1.37459,1.36458,1.37302,94,6,0.6870737835204799,-0.0461467466543704,0.5720731609056389,0.4825438549239401,2.0,0.0,2.0,3.0,0.934619191812862,0.24700294356330177,0.11393621316321763,0.934619191812862,0.24700294356330177
GBPUSD,2021-01-22,1.37297,1.37359,1.3634,1.3682,6,96,0.0451575780971226,-0.6970290683700356,-0.3474220121342739,0.4751231305673887,3.0,0.0,4.0,6.0,4.3029273088944775,-9.282392020951587,-0.4023047774493441,3.356360589609937,-6.3093729159476455
GBPUSD,2021-01-25,1.36815,1.37237,1.3646,1.36747,42,35,0.3084457113620665,-0.2594744728282675,-0.0497021525417544,0.4601731086496575,5.0,0.0,0.0,0.0,0.0,0.0,0.0,0.0,0.0
GBPUSD,2021-01-26,1.36738,1.37445,1.3608,1.37359,71,66,0.5170471997542679,-0.4812122453158617,0.4541531980868558,0.4594257356517016,1.0,0.0,1.0,8.0,3.676894853301566,-0.725097258574825,-0.1265225628125744,3.676894853301566,-0.8323352309866023
GBPUSD,2021-01-27,1.37333,1.37589,1.36579,1.36836,26,75,0.1864082194374344,-0.5490304588117846,-0.361894082267184,0.4549724736536396,4.0,0.0,0.0,4.0,0.448644283094905,-0.8518453845642215,-0.21296134614105539,0.448644283094905,-0.8518453845642215
GBPUSD,2021-01-28,1.36846,1.3746,1.3628,1.372,61,57,0.4486795375823943,-0.4136036128202504,0.2586849451207999,0.4466172859080515,3.0,1.0,4.0,4.0,0.9867690763650252,-6.640736894367869,-0.2999744458172999,0.9867690763650252,-6.6491757265531675
GBPUSD,2021-01-29,1.37166,1.37513,1.3655,1.36992,35,62,0.2529781432716462,-0.4490908825802432,-0.1268535934561097,0.4475311086853569,1.0,0.0,0.0,8.0,1.2799519555652823,2.123829003355036,0.2654786254193795,1.2799519555652823,2.123829003355036
GBPUSD,2021-02-01,1.37045,1.37578,1.3654,1.36583,53,50,0.3889233463460949,-0.3684921011346637,-0.3371155459885327,0.4283623985881443,3.0,1.0,1.0,6.0,2.4655160456504728,1.4743415099010617,0.15553016686656412,1.9446966198176616,0.424081102118289
GBPUSD,2021-02-02,1.36578,1.37103,1.361,1.3665,52,48,0.3843957299125757,-0.3499831598061186,0.0527171286737288,0.418504444260991,2.0,0.0,0.0,3.0,0.7380471349871354,0.004660515251097563,0.0015535050836991877,0.7380471349871354,0.004660515251097563
GBPUSD,2021-02-03,1.36669,1.36833,1.3617,1.3644,16,50,0.119997951254497,-0.3651157175365335,-0.1675581148614465,0.4188336168988492,4.0,0.0,4.0,2.0,1.7724086034279087,9.76868876622598,0.9920113501700429,1.7724086034279087,8.991491779763534
GBPUSD,2021-02-04,1.36458,1.3698,1.3562,1.367,52,84,0.3825352855823772,-0.614108370341045,0.1773439446569705,0.4126044467482572,5.0,4.0,1.0,6.0,1.6391212477656074,-4.217833978522561,-0.3269728763231878,1.6391212477656074,-4.217833978522561
GBPUSD,2021-02-05,1.36698,1.374,1.36579,1.3732,70,12,0.5135407979633957,-0.0870532121903776,0.4550176301043096,0.4219135034271832,4.0,3.0,0.0,2.0,1.5347453827494966,-6.8748395235959,-0.4672221126976117,1.3431652786946138,-5.984870915210653
GBPUSD,2021-02-08,1.37146,1.37494,1.36798,1.37402,35,35,0.253744185029104,-0.2537441850290878,0.1866623889869276,0.4097656890987109,6.0,0.0,0.0,0.0,0.0,0.0,0.0,0.0,0.0
GBPUSD,2021-02-09,1.3739,1.38203,1.37324,1.38154,81,7,0.591746124172079,-0.0480384307445871,0.5560812286192657,0.3565177237767333,4.0,0.0,0.0,3.0,0.4500925844003602,-0.11357675726243852,-0.03785891908747951,0.4500925844003602,-0.11357675726243852
GBPUSD,2021-02-10,1.38156,1.38663,1.3801,1.3833,51,15,0.3669764613914799,-0.105677639769521,0.1259445843828769,0.3523418584484211,3.0,2.0,2.0,2.0,3.8463231610034,-3.485586969496163,0.06259503822482368,3.8463231610034,-3.435108611669452
GBPUSD,2021-02-11,1.38302,1.38593,1.3799,1.38162,29,31,0.2104091047128884,-0.22559326690865,-0.1012277479718186,0.3474882784840776,4.0,0.0,1.0,5.0,1.2554892972548912,-1.1494467663426915,-0.14964077030909173,1.2554892972548912,-0.8620847816711449
GBPUSD,2021-02-12,1.38148,1.38623,1.3773,1.38474,48,42,0.3438341488838081,-0.3025740510177543,0.2359788053392043,0.2913814855334729,6.0,0.0,1.0,10.0,4.011306810635217,-7.283985064990992,-0.5976839531308211,4.011306810635217,-6.87678230099279
GBPUSD,2021-02-15,1.3851,1.39193,1.38459,1.3903,68,5,0.4931051909609336,-0.036820446177172,0.3754241571005771,0.2946036470626279,3.0,0.0,0.0,1.0,0.6763398616974212,0.6763398616974212,0.6763398616974212,0.6763398616974212,0.6763398616974212
GBPUSD,2021-02-16,1.38988,1.39516,1.3868,1.39023,53,31,0.3798889112729121,-0.2216018649091987,0.0251820301033234,0.2918003094742187,1.0,0.0,0.0,2.0,0.4363096860636185,0.16948365845532487,0.08474182922766244,0.4363096860636185,0.10878069135592117
GBPUSD,2021-02-17,1.39023,1.3908,1.3828,1.3857,6,74,0.0410004100040971,-0.5344439409306407,-0.3258453637168055,0.3069282020177917,6.0,3.0,0.0,12.0,5.048240119273126,20.228581657622996,0.8475631660928734,5.048240119273126,19.149400856273363
GBPUSD,2021-02-18,1.3859,1.3986,1.3838,1.3974,127,21,0.916372032614197,-0.1515260841330536,0.8297856988238738,0.3328607848884243,5.0,0.0,2.0,5.0,2.217375433586376,1.5599519899576997,0.2368397749212341,2.217375433586376,1.5599519899576997
GBPUSD,2021-02-19,1.39705,1.40361,1.3949,1.4008,66,21,0.4695608603843901,-0.153895708814994,0.268422747933155,0.3178512523547216,5.0,2.0,2.0,5.0,6.380123031084656,-1.2563586128368367,0.07856933877208738,4.739351766766704,0.2968477476221778
GBPUSD,2021-02-22,1.40143,1.40865,1.3979,1.40638,72,35,0.5151880579122756,-0.2518855740208239,0.3532106491226826,0.3188584995403091,5.0,0.0,0.0,1.0,0.1476456285456525,0.1476456285456525,0.1476456285456525,0.1010680808778213,0.1010680808778213
GBPUSD,2021-02-23,1.40639,1.41169,1.4052,1.41126,53,12,0.3768513712412532,-0.0846137984485117,0.346276637348099,0.3142632860834667,4.0,0.0,2.0,7.0,5.308858525301553,8.67662888530998,0.9517941588877505,2.267501855665194,5.493467830329809
GBPUSD,2021-02-24,1.41119,1.4242,1.408,1.41421,130,32,0.9219169636973028,-0.2260503546652135,0.2140037840404214,0.2912723242892143,0.0,0.0,1.0,1.0,0.3310036094411686,0.850567868671809,0.2953928695282444,0.3310036094411686,0.850567868671809
GBPUSD,2021-02-25,1.41384,1.4182,1.3998,1.4013,44,140,0.3083800147117014,-0.9930402308606386,-0.8869461891020197,0.3738732665648431,0.0,0.0,1.0,6.0,1.851224122806403,-2.8312813333356392,-0.40278990551894717,1.851224122806403,-2.7660892788062177
GBPUSD,2021-02-26,1.40116,1.40263,1.3886,1.39306,15,126,0.1049130720260414,-0.8964001256102019,-0.5780924376944815,0.4016796079697248,3.0,0.0,1.0,7.0,6.289214069043108,9.15573364457268,1.2258530143317217,6.289214069043108,9.1180324455255
GBPUSD,2021-03-01,1.39335,1.39991,1.3902,1.39247,66,31,0.4708077654573437,-0.2260738507912574,-0.0631571392686684,0.3908638297032948,4.0,1.0,2.0,5.0,1.2920873506003134,3.30263117701915,0.09446209863972703,1.2920873506003134,3.0787155729776203
GBPUSD,2021-03-02,1.3923,1.3977,1.3857,1.39517,54,66,0.3878474466709652,-0.4740357681534267,0.206133735545495,0.3913103874341215,3.0,0.0,0.0,3.0,1.4762589274118532,1.5582361877066566,0.5194120625688855,1.4762589274118532,1.5582361877066566
GBPUSD,2021-03-03,1.39511,1.40062,1.3919,1.39515,55,32,0.3949509357684988,-0.230089383632843,0.0028671574284334,0.3867396092224665,1.0,0.0,3.0,3.0,2.5695329251517105,2.56666584890024,0.23936603145525592,2.5695329251517105,2.4513897743631023
GBPUSD,2021-03-04,1.39478,1.40174,1.3878,1.3894,70,70,0.4990034270637719,-0.5004373449576268,-0.3857239134487116,0.4025296140194635,1.0,0.0,0.0,8.0,3.854161831032635,5.318187244942986,0.6647734056178732,4.16966514131348,5.633690555223831
GBPUSD,2021-03-05,1.38939,1.39066,1.3776,1.38358,13,118,0.0914070203470663,-0.8485738345604883,-0.4181691245798423,0.4083947753206314,3.0,3.0,0.0,2.0,0.5565816396629893,1.4249257474642145,0.13243200858476942,0.5565816396629893,1.7212785594410622
GBPUSD,2021-03-08,1.38116,1.38657,1.3798,1.38195,54,14,0.3916997306611933,-0.0984679544730536,0.0571982970836158,0.4071109410146354,5.0,0.0,0.0,1.0,0.1268468036573293,0.1268468036573293,0.1268468036573293,0.1268468036573293,0.1268468036573293
GBPUSD,2021-03-09,1.38183,1.39256,1.38,1.38866,107,18,0.77650651672059,-0.1324330778749917,0.4942720884624095,0.4032179877463043,5.0,0.0,0.0,2.0,0.4231761223210092,0.4144612374257599,0.20723061871287995,0.4231761223210092,0.4144612374257599
GBPUSD,2021-03-10,1.38872,1.3938,1.3844,1.39332,51,43,0.365804481824988,-0.3110778270637623,0.3312402788178997,0.4081369393812259,5.0,3.0,2.0,0.0,1.054023165862818,4.550854205064233,0.37456078467187254,2.886975087303707,9.438539327261806
GBPUSD,2021-03-11,1.39331,1.39958,1.39141,1.39875,63,19,0.4500075360113684,-0.1363659200034459,0.3904371604309083,0.4133828791887468,1.0,0.0,1.0,5.0,1.6729187284971636,3.6099520445956266,0.3228388860164105,2.7186816640415308,5.701477915684361
GBPUSD,2021-03-12,1.3989,1.40049,1.3862,1.39172,16,127,0.1136607334334105,-0.9078561727071224,-0.5132604189005622,0.4314498438208956,3.0,0.0,0.0,12.0,4.89931634428829,-9.325482072764972,-0.7771235060637477,4.89931634428829,-10.038435231236935
GBPUSD,2021-03-15,1.3918,1.39495,1.3894,1.3927,31,24,0.2263256214973406,-0.1724385687598762,0.0646644632849635,0.4241223757822549,3.0,0.0,0.0,3.0,0.3010910216669263,0.6324683811351105,0.2108227937117035,0.44277892330661,0.9502092207771922
GBPUSD,2021-03-16,1.38983,1.39062,1.3807,1.3893,8,91,0.056841484210304,-0.6569148744810417,-0.0381341602929796,0.4243228307636608,5.0,2.0,0.0,6.0,3.7025699729683352,-8.32654547287346,-0.8450476311651038,3.7025699729683352,-8.788689240487022
GBPUSD,2021-03-17,1.38941,1.39709,1.3849,1.3958,77,45,0.5527526072217639,-0.3245982107513271,0.4599074427274811,0.4272297227269599,2.0,0.0,2.0,2.0,2.1869322881997424,-4.2590805565666905,-0.9613905163767718,2.1869322881997424,-4.2590805565666905
GBPUSD,2021-03-18,1.39567,1.40014,1.3896,1.3927,45,61,0.3202762830755102,-0.4349165633709989,-0.2128010202984886,0.3899188240510248,1.0,2.0,2.0,4.0,1.0074511185401476,0.869968989274911,0.13749351708478794,1.0074511185401476,0.8644220638169795
GBPUSD,2021-03-19,1.39254,1.39592,1.3829,1.38677,34,96,0.2427219325836357,-0.6922601864219248,-0.414350754735938,0.3954563857193239,4.0,0.0,0.0,2.0,3.0224938636318006,4.651061296973257,2.3255306484866285,3.0224938636318006,4.651061296973257
GBPUSD,2021-03-22,1.38361,1.38768,1.3815,1.38591,41,21,0.2941580358627083,-0.1524996205578202,0.1662318138781859,0.3880732999811679,0.0,0.0,0.0,1.0,1.433104320573356,-1.433104320573356,-1.433104320573356,1.433104320573356,-1.433104320573356
GBPUSD,2021-03-23,1.38587,1.38644,1.3739,1.37484,6,120,0.0411293988613621,-0.8637173760886689,-0.7958899463874587,0.4117313007360149,1.0,0.0,0.0,8.0,2.03175432791488,-1.3481436623511427,-0.16851795779389284,2.03175432791488,-1.6900541878722743
GBPUSD,2021-03-24,1.3749,1.37573,1.3672,1.3688,8,77,0.0603680267655746,-0.5600407302349291,-0.4436686304458502,0.4119340423521301,5.0,0.0,5.0,8.0,2.995739579798593,1.2357065255090027,-0.11391963861251038,2.5074767316992506,0.7475518351319017
GBPUSD,2021-03-25,1.36855,1.37455,1.3668,1.37376,60,17,0.4384202257864167,-0.1278725658543654,0.3806948960578831,0.3858493372939241,5.0,0.0,1.0,4.0,1.7365265161664254,-3.557854014797155,-0.7023294413412693,1.7365265161664254,-3.0851451638900977
GBPUSD,2021-03-26,1.37358,1.38124,1.37302,1.3786,77,6,0.5576668268320738,-0.0407693763741548,0.3654683382110997,0.3774669133485438,2.0,0.0,1.0,7.0,0.9768779493228972,-0.7204961149876888,-0.14297012187278785,0.9768779493228972,-0.7882020101467461
GBPUSD,2021-03-29,1.37876,1.38469,1.3754,1.37592,59,34,0.4300966085468095,-0.2436972351968457,-0.2059821868925667,0.3797045991817457,2.0,0.0,0.0,3.0,1.2654077035677596,-0.7811709444015602,-0.26039031480052005,1.2654077035677596,-0.7811709444015602
GBPUSD,2021-03-30,1.37617,1.37833,1.3705,1.37342,22,57,0.1569573526526637,-0.4120130507131998,-0.1998299628679457,0.3775181132127262,5.0,0.0,1.0,2.0,3.574940165609111,7.003240053581693,1.142766629324194,3.574940165609111,7.003240053581693
GBPUSD,2021-03-31,1.37343,1.38119,1.3715,1.37761,78,19,0.5650087736542808,-0.1405240893238088,0.3043475095199662,0.3854958207398567,5.0,1.0,3.0,5.0,1.0473305105142634,2.9865942827569705,0.13518309033989734,1.0473305105142634,2.7393012029109878
GBPUSD,2021-04-01,1.37795,1.38365,1.3744,1.383,57,35,0.413657970173086,-0.2576290866867406,0.3664864472586087,0.3857261467129858,3.0,0.0,1.0,8.0,2.286862008352686,9.262326669687827,0.775051629037238,2.286862008352686,8.851588535484986
GBPUSD,2021-04-02,1.38289,1.38523,1.38096,1.3829,23,19,0.1692108555271937,-0.1395627996442224,0.0007231233142235,0.3725766096807756,6.0,3.0,0.0,0.0,1.2943933365176172,-6.0069845454635455,-0.6674427272737272,1.2943933365176172,-5.639860690416029
GBPUSD,2021-04-05,1.38214,1.39135,1.3811,1.39071,92,10,0.6663579666314674,-0.0752456335827,0.6200529613497885,0.3954619913025226,0.0,0.0,1.0,2.0,2.989286940245351,5.9332100188184995,0.9813076928577164,2.989286940245351,6.027191033408057
GBPUSD,2021-04-06,1.39043,1.39187,1.38,1.38224,14,104,0.1035650841825827,-0.750127658350306,-0.5890264162884965,0.4063171847093925,0.0,0.0,0.0,2.0,0.8819859454525585,1.1171068331919525,0.5585534165959762,0.8819859454525585,1.1171068331919525
GBPUSD,2021-04-07,1.38203,1.384,1.3722,1.3737,20,98,0.1425439389882857,-0.7112725483527857,-0.60273655419927,0.4199135116203895,3.0,0.0,1.0,2.0,0.9391640911092072,-1.761593441905183,-0.4569071646970069,1.0919080985535434,-2.0141313309153386
GBPUSD,2021-04-08,1.37358,1.37825,1.3717,1.3733,47,19,0.339987477977253,-0.1368686206846418,-0.0203846881870774,0.4073611111854724,2.0,0.0,1.0,6.0,7.805037784138274,13.09633364505655,1.8113533832119375,7.805037784138274,13.083346684425535
GBPUSD,2021-04-09,1.37315,1.37507,1.3669,1.3706,19,63,0.1398244911335194,-0.4551578487419501,-0.1857044022867168,0.3947971625206539,4.0,0.0,0.0,4.0,0.993439078517766,1.858164111139945,0.46454102778498624,0.993439078517766,1.840371710693922
GBPUSD,2021-04-12,1.37015,1.37767,1.3667,1.37377,75,34,0.548845016968943,-0.2517972484764407,0.2642046491260049,0.4003036056065007,3.0,0.0,1.0,1.0,0.1929748979906957,0.2260120960412623,0.016518599025283243,0.7882123709544312,1.4164870419687332
GBPUSD,2021-04-13,1.37409,1.37688,1.3693,1.37498,28,48,0.2030434687684263,-0.3485943424375457,0.0647701387827622,0.4009763487568847,4.0,3.0,1.0,9.0,2.9205194174585203,17.79712044403435,0.49087146244826463,3.7361228894093608,21.383877948420324
GBPUSD,2021-04-14,1.37505,1.38086,1.3746,1.3778,58,5,0.4225300898149064,-0.0327260826879067,0.1999927275371665,0.3881368569579176,3.0,0.0,1.0,1.0,0.1342447272252775,-0.2110391602630878,-0.0863209718720913,0.1342447272252775,-0.2110391602630878
GBPUSD,2021-04-15,1.37776,1.38088,1.376,1.37832,31,18,0.2264545348972253,-0.1277435837881928,0.0406456857507761,0.3865684629622262,5.0,2.0,2.0,7.0,3.6040933835806968,3.2369926081666596,0.1759778030539576,3.6040933835806968,3.485423722194996
GBPUSD,2021-04-16,1.3781,1.38437,1.3715,1.3831,63,66,0.4549742398955081,-0.4789202525215993,0.3628183731224071,0.3854030205323241,6.0,0.0,1.0,4.0,2.2568059612846727,4.648915519568205,0.8509742166974835,2.2568059612846727,4.648915519568205
GBPUSD,2021-04-19,1.38294,1.39929,1.3808,1.39815,163,21,1.1822638726191927,-0.1547427943367051,1.0998307952622637,0.4560636063574683,2.0,0.0,0.0,1.0,0.7036108529787072,0.7036108529787072,0.7036108529787072,0.7036108529787072,0.7036108529787072
GBPUSD,2021-04-20,1.39828,1.4009,1.3924,1.39354,26,59,0.1873730583288087,-0.420516634722651,-0.3389878994192841,0.4215263601261207,3.0,0.0,1.0,2.0,0.5284506320237341,-1.751673942273583,-0.4537466214497184,0.7072200567177013,-2.0165388445902903
GBPUSD,2021-04-21,1.39364,1.39497,1.3884,1.39269,13,52,0.0954335409431455,-0.3759938004075594,-0.0681668149593874,0.405296901545972,0.0,0.0,2.0,5.0,4.001697950633566,9.99087632819023,0.8202310087017783,2.540393184305967,7.068266795535031
GBPUSD,2021-04-22,1.39294,1.39495,1.3821,1.38368,20,108,0.1442991083607223,-0.7782101167315146,-0.6647809668758199,0.4327255573188873,4.0,0.0,1.0,4.0,6.364720470854847,2.9236380400712307,0.7621904851174732,5.654412269791577,2.213329839007961
GBPUSD,2021-04-23,1.38368,1.38954,1.3832,1.3876,59,5,0.4235083256244201,-0.0346901017576344,0.283302497687321,0.4298603542538738,4.0,0.0,4.0,4.0,2.049067052637508,11.577326422688156,0.9414371886757851,2.049067052637508,10.513313772073502
GBPUSD,2021-04-26,1.38712,1.39293,1.3863,1.38973,58,8,0.4188534517561633,-0.0591152892323534,0.1881596401176539,0.4271812217141806,3.0,0.0,0.0,2.0,2.756344931424487,2.898496920112205,1.4492484600561024,2.756344931424487,2.898496920112205
GBPUSD,2021-04-27,1.38974,1.39241,1.3857,1.39048,27,40,0.192122267474488,-0.2907018579014811,0.0532473700116541,0.4229223922468642,4.0,0.0,1.0,4.0,1.946187420690157,4.332926269885898,0.4773477698391481,1.946187420690157,4.332926269885898
GBPUSD,2021-04-28,1.39047,1.39517,1.3859,1.3937,47,46,0.338015203492339,-0.3286658468000161,0.2322955547404722,0.4211145845423121,3.0,0.0,2.0,3.0,0.7871948015517451,0.17702823647745208,0.11834120772258454,0.7871948015517451,0.10347553644143276
GBPUSD,2021-04-29,1.39352,1.39765,1.393,1.3942,41,5,0.2963717779436224,-0.0373155749469025,0.048797290315174,0.4151061180714464,0.0,1.0,3.0,1.0,1.952281288421249,3.331962756169509,0.31236200156657495,1.952281288421249,3.331962756169509
GBPUSD,2021-04-30,1.39412,1.39582,1.3801,1.38134,17,140,0.1219407224629181,-1.0056523111353342,-0.9167073135741552,0.4680842974022708,6.0,0.0,0.0,8.0,3.802710001064444,9.77033282790474,1.2212916034880925,3.802710001064444,9.77033282790474
GBPUSD,2021-05-03,1.38111,1.39318,1.38,1.3908,121,11,0.8739347336562637,-0.0803701370636782,0.7016095749071382,0.4740546768808466,2.0,0.0,1.0,4.0,2.130199571567395,-2.98523986875626,-0.17100805943777292,2.130199571567395,-2.9633591708207714
GBPUSD,2021-05-04,1.39101,1.3912,1.3836,1.38828,2,74,0.0136591397617495,-0.532706450708488,-0.1962602713136585,0.4558199810600332,3.0,0.0,0.0,7.0,0.8892573868827766,0.16980227849193574,0.02425746835599082,0.8892573868827766,-0.058587986138149306
GBPUSD,2021-05-05,1.38845,1.39263,1.3874,1.39065,42,10,0.3010551334221666,-0.0756238971514995,0.1584500702221887,0.4315793171031383,3.0,0.0,3.0,2.0,12.887472471617908,-24.33019140522671,-2.2483454746434473,12.887472471617908,-24.240369550657537
GBPUSD,2021-05-06,1.39043,1.39408,1.3854,1.3888,36,50,0.2625087203239236,-0.3617585926655847,-0.1172299216789065,0.4331324552250027,6.0,2.0,4.0,4.0,2.20398645266765,-1.1397750911072175,-0.005080335574954409,2.20398645266765,-2.0312262590254493
GBPUSD,2021-05-07,1.38856,1.40057,1.38856,1.39885,120,0,0.8649248141960071,0.0,0.7410554819381164,0.4544539312168085,6.0,3.0,0.0,3.0,6.109506568204809,18.660943309162768,0.9959419846312184,6.109506568204809,18.657939228817547
GBPUSD,2021-05-10,1.39998,1.41583,1.39952,1.4119,158,5,1.132159030843292,-0.0328576122515968,0.851440734867636,0.4832155976294707,3.0,0.0,0.0,1.0,0.0912130155184753,0.0912130155184753,0.0912130155184753,0.0912130155184753,0.0912130155184753
GBPUSD,2021-05-11,1.41195,1.41669,1.4103,1.41415,47,16,0.335705938595557,-0.1168596621693352,0.1558128828924522,0.4829358892225603,0.0,0.0,0.0,3.0,1.7947184871035606,2.8052899139030707,0.9350966379676903,1.7947184871035606,2.8052899139030707
GBPUSD,2021-05-12,1.41433,1.41533,1.4047,1.40539,10,96,0.0707048567166,-0.6808877701809356,-0.6321014190464863,0.5125022235927708,3.0,3.0,3.0,9.0,3.2526866647086505,17.60171696031373,0.46045752165096693,4.365771819911263,22.095287097826947
GBPUSD,2021-05-13,1.40561,1.40781,1.4004,1.40463,22,52,0.1565156764678666,-0.3706575792716284,-0.0697206195175035,0.5137580888396698,4.0,0.0,2.0,4.0,0.8948014579308792,-1.764193810837206,-0.15601530256724824,0.8948014579308792,-1.4457497305758056
GBPUSD,2021-05-14,1.40482,1.41111,1.4034,1.40928,63,14,0.4477441949858436,-0.101080565481697,0.317478395808725,0.5126065611019058,4.0,2.0,2.0,5.0,2.6648132157037123,-0.8133914401208239,0.1672234337989795,2.6648132157037123,-0.4835555520108179
GBPUSD,2021-05-17,1.40942,1.41467,1.4076,1.41365,53,18,0.3724936498701735,-0.1291311319549838,0.3001234550382553,0.4580945939115916,5.0,0.0,0.0,3.0,0.1477896529634235,0.2757392486275839,0.09191308287586131,0.1477896529634235,0.2757392486275839
GBPUSD,2021-05-18,1.41361,1.42203,1.4132,1.41851,84,4,0.5956381180099088,-0.0290037563401519,0.3466302586993516,0.4529685454660333,1.0,0.0,0.0,6.0,5.18636852246108,2.4051833993815976,0.40086389989693294,5.18636852246108,2.1380674221680467
GBPUSD,2021-05-19,1.41847,1.42007,1.4098,1.4114,16,87,0.1127975917714189,-0.6112219504113556,-0.4984243586399367,0.4705358356893842,5.0,0.0,2.0,5.0,6.187588029965466,19.597314191494046,1.8083547830143378,5.103083489790233,15.218356755573025
GBPUSD,2021-05-20,1.41154,1.41929,1.41,1.41894,77,15,0.549045723110923,-0.1091006985278558,0.5242501098091498,0.4481726809720643,2.0,0.0,2.0,3.0,4.540921850037845,2.452907197650232,0.7168190221609937,4.540921850037845,2.407257944602534
GBPUSD,2021-05-21,1.41892,1.4234,1.4138,1.4147,45,51,0.3157330927747892,-0.3608378203140426,-0.2974092972119563,0.4560246461157605,3.0,0.0,4.0,3.0,3.083970332555379,12.055320133910932,1.1005138008663542,2.475386258861269,10.797763466500593
GBPUSD,2021-05-24,1.41513,1.41721,1.411,1.41554,21,41,0.1469829626960125,-0.2918459788146649,0.0289726032237336,0.4556943577191299,3.0,0.0,0.0,0.0,0.0,0.0,0.0,0.0,0.0
GBPUSD,2021-05-25,1.41534,1.42111,1.4114,1.41467,58,39,0.4076758941314491,-0.278378340186814,-0.0473384487119666,0.4566360962899249,2.0,0.0,1.0,6.0,0.7362543273140169,-0.7101849039739736,-0.09381608649379888,0.7362543273140169,-0.7101849039739736
GBPUSD,2021-05-26,1.41473,1.4176,1.411,1.4117,29,37,0.2028655644539896,-0.2636545489245305,-0.214175142960147,0.4597830527603274,6.0,0.0,1.0,0.0,0.2978892543445643,-0.5957785086891287,-0.2978892543445643,0.2978892543445643,-0.5957785086891287
GBPUSD,2021-05-27,1.41192,1.42191,1.4089,1.4201,100,30,0.7075471698113167,-0.2138931384214419,0.5793529378434935,0.4742261574062892,3.0,1.0,2.0,4.0,1.1676903054655745,-4.156407623871693,-0.3340206196220991,1.1676903054655745,-4.440707002683961
GBPUSD,2021-05-28,1.41996,1.42085,1.4134,1.4187,9,66,0.0626778219104647,-0.4619848446435196,-0.0887348939406771,0.4144812149460649,3.0,0.0,2.0,6.0,0.8548220938595971,1.388028919077324,0.03269537329407814,0.8548220938595971,1.434173346779575
GBPUSD,2021-05-31,1.41917,1.4218,1.4161,1.4206,26,31,0.1853195882100037,-0.2163236257812755,0.1007631221065864,0.3918100713750839,1.0,0.0,0.0,0.0,0.0,0.0,0.0,0.0,0.0
GBPUSD,2021-06-01,1.4206,1.42493,1.41435,1.4148,43,63,0.304800788399264,-0.4399549486132682,-0.408278192313109,0.4028782390962056,3.0,1.0,0.0,5.0,1.2900429636621031,-0.25838371150116357,-0.15188947305724973,1.1474066288869378,-0.19796440746023047
GBPUSD,2021-06-02,1.4149,1.41834,1.4109,1.41683,34,40,0.2431267227365812,-0.2827054915541737,0.1364053996748878,0.4027012799316312,1.0,0.0,0.0,7.0,1.2819433640151423,-1.0958643841598439,-0.1565520548799777,1.2819433640151423,-1.109281413344404
GBPUSD,2021-06-03,1.41685,1.42029,1.4085,1.41006,34,83,0.2427921092564569,-0.5893354977591035,-0.4792320993753645,0.4200518731084818,5.0,1.0,3.0,6.0,3.907993258591911,4.896589518529455,0.47697597899210686,3.907993258591911,4.5093886682003745
GBPUSD,2021-06-04,1.4102,1.42004,1.4081,1.4155,98,21,0.6977733654800788,-0.1489150475109907,0.3758332151467936,0.3965002610814355,4.0,3.0,0.0,2.0,1.2452545666581274,-4.580176923259026,-0.2666581460973891,1.0802062176926066,-4.085031876362464
GBPUSD,2021-06-07,1.4156,1.41908,1.411,1.41781,35,46,0.2458321559762593,-0.3249505510031038,0.1561175473297573,0.3502285446997732,2.0,0.0,0.0,1.0,0.1009781952574059,-0.1009781952574059,-0.1009781952574059,0.1009781952574059,-0.1009781952574059
GBPUSD,2021-06-08,1.41792,1.41846,1.4119,1.41481,5,60,0.0380839539607301,-0.4245655608214946,-0.2193353644775564,0.3522914182053864,2.0,0.0,0.0,5.0,2.7515636670603247,2.174385504227396,0.43487710084547915,2.7515636670603247,2.7211103265900665
GBPUSD,2021-06-09,1.4148,1.41891,1.4108,1.41138,41,40,0.2905004240881987,-0.2827254735651685,-0.2417302798982173,0.3254797957879983,6.0,0.0,2.0,1.0,0.6988250937340011,-1.1344638337106325,-0.16793617167555053,1.38550615669303,-2.5078259596286903
GBPUSD,2021-06-10,1.41138,1.41783,1.4072,1.4175,64,42,0.4569995323725605,-0.2961640380337026,0.4336181609488517,0.3378042879682855,0.0,3.0,2.0,3.0,1.2645992530926404,-2.726847319801724,-0.12026031531153313,1.8098549039590888,-2.7212721569302265
GBPUSD,2021-06-11,1.41752,1.41853,1.4093,1.41056,10,82,0.0712511992776241,-0.5798859980811484,-0.4909983633387786,0.3509986792296397,3.0,0.0,1.0,8.0,1.7536678338717488,2.5187377226266934,0.19694808908952874,1.7536678338717488,2.4667100598798806
GBPUSD,2021-06-14,1.41105,1.4124,1.4068,1.41059,14,42,0.0956734346763179,-0.3011941462031725,-0.0325998370008082,0.3438279381400621,2.0,0.0,0.0,1.0,0.9389096993850043,0.9389096993850043,0.9389096993850043,2.0426492145670943,2.0426492145670943
GBPUSD,2021-06-15,1.41062,1.41288,1.4032,1.4083,23,74,0.1602132395684116,-0.5260098396449775,-0.1644666884065076,0.3342534706290322,0.0,3.0,2.0,8.0,2.536832186199272,2.3555195824782915,0.13679022562652937,2.536832186199272,1.4647411094308327
GBPUSD,2021-06-16,1.40826,1.41328,1.398,1.39857,50,103,0.3564682658031914,-0.7285586468407934,-0.6880831664607371,0.3501836717212764,1.0,0.0,3.0,9.0,3.341203879750984,6.932601681775279,0.435614669519403,3.341203879750984,5.3074657356659936
GBPUSD,2021-06-17,1.39857,1.40088,1.3894,1.39262,23,92,0.165168708037482,-0.6556697197852179,-0.4254345510056788,0.3318620500573316,0.0,0.0,2.0,2.0,1.5465823217365835,2.4884534903243205,0.27098614623435135,1.5465823217365835,2.4539437727182243
GBPUSD,2021-06-18,1.3924,1.39444,1.379,1.38032,20,134,0.1465096236713458,-0.9623671358804996,-0.8675667911519743,0.3718520944839132,6.0,0.0,1.0,1.0,1.0135694065578025,-1.607040982122051,-0.6551525971699634,1.0135694065578025,-1.2689377549877616
GBPUSD,2021-06-21,1.3797,1.39374,1.3784,1.3936,140,13,1.0176125244618437,-0.0942233818946044,1.0074653910270366,0.4497760963291004,3.0,0.0,0.0,1.0,0.152698273253672,-0.152698273253672,-0.152698273253672,0.152698273253672,-0.152698273253672
GBPUSD,2021-06-22,1.39359,1.39637,1.3858,1.39449,28,78,0.199484783903428,-0.5589879376287276,0.0645814048608199,0.4508845900790845,3.0,0.0,0.0,4.0,0.3386700152198202,-0.02833416725457344,-0.00708354181364336,0.3386700152198202,-0.02833416725457344
GBPUSD,2021-06-23,1.39456,1.40013,1.3922,1.3962,56,24,0.399409132629652,-0.1692290041303291,0.117599816429561,0.4515325417784156,2.0,2.0,3.0,2.0,1.5808284369494836,-6.22631204699616,-0.4204725713797609,1.591513659656694,-6.212042059030235
GBPUSD,2021-06-24,1.39619,1.39864,1.3888,1.39178,25,74,0.1754775496171769,-0.5292975884371044,-0.3158595893109122,0.4289654890014997,2.0,2.0,4.0,6.0,1.1732218431961288,0.418301956352799,0.05545038673686082,1.1732218431961288,0.7373299563919484
GBPUSD,2021-06-25,1.39179,1.39354,1.3869,1.3877,17,49,0.1257373598028379,-0.3513461082490937,-0.2938661723392285,0.431091368772398,3.0,0.0,2.0,5.0,1.817722277028553,-0.9169439984164766,0.058614669811624984,1.817722277028553,-0.9169439984164766
GBPUSD,2021-06-28,1.38803,1.39395,1.3869,1.388,59,11,0.4265037499189444,-0.081410344156832,-0.0021613365705493,0.4290303070061354,2.0,0.0,0.0,0.0,0.0,0.0,0.0,0.0,0.0
GBPUSD,2021-06-29,1.38775,1.3882,1.3812,1.3837,5,66,0.0324265898036434,-0.4719870293640825,-0.2918393082327587,0.4256448725585237,3.0,0.0,1.0,6.0,1.243987607307647,3.5818968299120293,0.36726136845803087,1.243987607307647,3.5818968299120293
GBPUSD,2021-06-30,1.38357,1.3873,1.3797,1.38262,37,39,0.2695924311744264,-0.2797111819423694,-0.0686629516395994,0.4218222434584765,1.0,0.0,4.0,4.0,1.1300934887525254,-2.4115535666897436,-0.20063424508595595,1.1300934887525254,-1.7337989563019134
GBPUSD,2021-07-01,1.38257,1.38342,1.3751,1.37618,9,75,0.0614797080798814,-0.5402981404196595,-0.4621827466240492,0.4210774575772227,5.0,1.0,2.0,6.0,1.7172553769991454,-10.253839079448094,-0.7770289771095132,1.7172553769991454,-10.015688045863133
GBPUSD,2021-07-02,1.37615,1.38445,1.3729,1.38264,83,32,0.603131926025504,-0.2361661156123951,0.4716055662536865,0.4275141057382398,3.0,3.0,0.0,2.0,3.95492700187486,4.197475902137146,0.8020755489340322,3.95492700187486,4.181245536924962
GBPUSD,2021-07-05,1.38299,1.38618,1.3816,1.38455,32,14,0.2306596576981776,-0.1005068727901143,0.1127990802536537,0.4261721913694218,1.0,0.0,0.0,1.0,0.7674067312465805,0.7674067312465805,0.7674067312465805,0.3664064199817847,0.3664064199817847
GBPUSD,2021-07-06,1.38446,1.38987,1.3771,1.3799,54,74,0.3907660748595059,-0.5316152145963071,-0.329370295999893,0.4282563714424434,3.0,1.0,0.0,4.0,1.2357302935175398,-4.148872874578677,-0.3354824575087193,1.2357302935175398,-4.122417088768225
GBPUSD,2021-07-07,1.37958,1.38419,1.3752,1.38,46,44,0.3341596717841664,-0.3174879311094717,0.0304440481885693,0.4286211555214522,3.0,0.0,1.0,2.0,0.7083884770752104,-1.133224178721119,-0.40124182554996574,0.7083884770752104,-1.133224178721119
GBPUSD,2021-07-08,1.37992,1.38052,1.374,1.3784,6,59,0.0434807814945746,-0.4290103774131779,-0.1101513131195986,0.4091437736789744,6.0,0.0,2.0,2.0,0.3331110550137278,0.3423455934324035,0.025826288246924626,0.3331110550137278,0.3423455934324035
GBPUSD,2021-07-09,1.37838,1.39088,1.3754,1.39,125,30,0.906861678201944,-0.2161958240833429,0.8430186160565275,0.4545992138670771,3.0,0.0,0.0,9.0,1.8387806378567388,4.1654599327897515,0.46282888142108347,1.8387806378567388,3.9654802476433755
GBPUSD,2021-07-12,1.38848,1.39101,1.3837,1.3883,25,48,0.1822136436967146,-0.3442613505415999,-0.0129638165475805,0.4547059677212733,1.0,0.0,1.0,0.0,0.6128545222603635,-1.225709044520727,-0.6128545222603635,1.1759571257681949,-2.3519142515363893
GBPUSD,2021-07-13,1.38859,1.39051,1.3798,1.38133,19,88,0.1382697556514105,-0.6330162250916451,-0.5228325135569206,0.4655861615496192,4.0,3.0,1.0,3.0,1.4381615698813264,0.9490314775566948,0.11002269688425528,1.5343672045685666,0.5649578401606532
GBPUSD,2021-07-14,1.38134,1.38919,1.3799,1.38555,78,14,0.5682887630851139,-0.1042466011264502,0.3047765213488386,0.4508402649993494,2.0,1.0,3.0,5.0,0.8884605649184393,2.805052212262894,0.20778440894135375,0.8289717165896229,1.8785588506242312
GBPUSD,2021-07-15,1.38555,1.38989,1.3803,1.38217,43,52,0.3132330121612363,-0.3789109018079446,-0.2439464472592227,0.4444021931265161,1.0,0.0,3.0,8.0,2.355147707982097,1.8802855482903686,0.2857211236958835,2.355147707982097,2.0678778405421
GBPUSD,2021-07-16,1.38235,1.3862,1.37577,1.3763,39,66,0.2785112308749688,-0.4760010127681144,-0.4376605056606423,0.4108062038214602,0.0,2.0,1.0,2.0,2.9074163212844044,5.54064429326012,0.8369740342974248,2.9074163212844044,5.25854193504681
GBPUSD,2021-07-19,1.3765,1.37693,1.3653,1.3674,4,112,0.0312386487468165,-0.8136578278241989,-0.6610969851071636,0.3602706009831267,1.0,0.0,0.0,2.0,0.0326677192400215,-0.0162858465497207,-0.00814292327486035,0.0326677192400215,-0.0162858465497207
GBPUSD,2021-07-20,1.36733,1.36894,1.357,1.36253,16,103,0.1177477273226003,-0.7554869709579949,-0.3510491249369147,0.3628392503552394,6.0,0.0,0.0,2.0,0.8982363971435635,-0.23934478151953942,-0.11967239075976971,0.8982363971435635,-0.23934478151953942
GBPUSD,2021-07-21,1.36258,1.37231,1.3589,1.37119,97,37,0.7140865123515696,-0.2700758854525903,0.631889503735561,0.396562279277695,5.0,0.0,1.0,1.0,0.2738193021150069,0.34257671589937416,0.03437870689218364,0.2738193021150069,0.34257671589937416
GBPUSD,2021-07-22,1.37119,1.37872,1.3688,1.3762,75,24,0.5491580306157452,-0.1743011544716554,0.3653760602104873,0.4048996055410416,3.0,0.0,1.0,4.0,2.134659529472722,4.516321037717551,0.4763323016489657,2.134659529472722,4.501924370214348
GBPUSD,2021-07-23,1.37592,1.37801,1.3718,1.3746,21,41,0.151898366184075,-0.299436013721737,-0.0959358102215236,0.4010619063326625,6.0,0.0,5.0,1.0,1.7838102152782758,-5.959863515082917,-0.39616452793421963,1.4852807279789095,-4.5529845807284
GBPUSD,2021-07-26,1.37504,1.38334,1.3735,1.3823,83,15,0.6036188038166144,-0.1119967419129695,0.5279846404468266,0.4208307515378553,5.0,0.0,0.0,1.0,0.813927297628271,-0.813927297628271,-0.813927297628271,0.813927297628271,-0.813927297628271
GBPUSD,2021-07-27,1.38231,1.38948,1.3765,1.38783,72,58,0.5186969637780325,-0.4203109288075664,0.3993315537035809,0.4252555087337782,4.0,1.0,0.0,6.0,0.4805181877318872,-0.2671865952125883,-0.04258811593976423,0.4805181877318872,-0.2671865952125883
GBPUSD,2021-07-28,1.38786,1.39115,1.38421,1.39036,33,37,0.2370556107964791,-0.2629948265675322,0.1801334428544627,0.4261766349496025,5.0,0.0,2.0,4.0,0.9942749421072477,-3.7563182250973495,-0.5004374568674256,0.9942749421072477,-3.823397977501838
GBPUSD,2021-07-29,1.39044,1.39819,1.3896,1.39585,78,8,0.5573775207847981,-0.0604125312850573,0.3890854693478422,0.4166249164517481,1.0,1.0,3.0,4.0,1.311783691806247,-1.2872064257679487,-0.054990256588287656,1.311783691806247,-1.2872064257679487
GBPUSD,2021-07-30,1.39591,1.39833,1.3886,1.38978,24,73,0.1733636122672728,-0.5236727296172338,-0.4391400591728671,0.4206975057832574,3.0,1.0,2.0,4.0,2.961214163869365,2.5219788552407914,0.355492704913342,2.961214163869365,2.5219788552407914
GBPUSD,2021-08-02,1.3894,1.39325,1.3874,1.3883,39,20,0.2770980279257328,-0.1439470274938823,-0.0791708651216265,0.4208757004180883,4.0,1.0,0.0,4.0,0.8181668672804507,-1.9331986341741376,-0.14709968739843632,0.8181668672804507,-1.9930426098494984
GBPUSD,2021-08-03,1.38833,1.39387,1.3881,1.39102,55,2,0.3990405739269394,-0.0165666664265826,0.1937579682063961,0.4142609014805939,2.0,0.0,0.0,4.0,2.698782976505937,-3.747524302546018,-0.9368810756365045,1.4381559979629277,-2.486897324003009
GBPUSD,2021-08-04,1.39109,1.39578,1.3883,1.38863,47,28,0.337145691508104,-0.2005621491060857,-0.1768397443731107,0.4172420793340838,4.0,2.0,1.0,2.0,2.4442145986523096,6.0387261668619905,0.7463401114299124,1.799287625847283,5.486407226879521
GBPUSD,2021-08-05,1.38866,1.3949,1.387,1.3928,62,17,0.4493540535480264,-0.1195397001425831,0.2981291316809034,0.419735195203531,1.0,2.0,3.0,4.0,1.9039431184512112,-4.014026576384121,-0.34934783911485057,1.9039431184512112,-4.200970291294684
GBPUSD,2021-08-06,1.39269,1.3933,1.3859,1.3871,6,68,0.0438001278102089,-0.4875456849693811,-0.4013814991132258,0.3878997350218279,2.0,3.0,0.0,2.0,2.2238407861297773,-6.30901952810717,-0.21057163400835516,1.9691052745129485,-5.5448129932566825
GBPUSD,2021-08-09,1.38765,1.38945,1.3839,1.38476,18,38,0.1297157064101195,-0.270241055021089,-0.2082657730695823,0.3905184176376335,3.0,0.0,1.0,0.0,1.42992123642755,2.8598424728551,1.42992123642755,1.42992123642755,2.8598424728551
GBPUSD,2021-08-10,1.38487,1.38726,1.3826,1.384,24,23,0.1725793756814641,-0.163914302425498,-0.0628217811058184,0.3722362000181156,4.0,0.0,0.0,5.0,1.3295638305375606,-3.498735291109294,-0.6997470582218588,1.3295638305375606,-3.5868017317123657
GBPUSD,2021-08-11,1.3838,1.38886,1.3801,1.38688,51,37,0.3656597774244879,-0.2673796791443716,0.2225755166931617,0.3692128054946894,1.0,3.0,2.0,1.0,1.237970410546109,-6.997969642306578,-0.4159066830005314,1.237970410546109,-7.25185738843396
GBPUSD,2021-08-12,1.387,1.38784,1.3793,1.38098,8,77,0.0605623648161465,-0.5551550108147109,-0.4340302811824019,0.3782284333474626,5.0,1.0,4.0,10.0,2.869697983218628,3.7604663889894465,0.12088264400037534,1.9354163340404549,2.4313539766880683
GBPUSD,2021-08-13,1.38094,1.3875,1.3789,1.3863,66,20,0.4750387417266426,-0.1477254623662173,0.3881414109229967,0.3737841423004588,2.0,0.0,1.0,2.0,1.930912819728761,-4.704268527436748,-0.9244519025693291,1.930912819728761,-4.704268527436748
GBPUSD,2021-08-16,1.38646,1.38783,1.3826,1.384,14,39,0.0988128038313309,-0.2784068779481539,-0.1774302900913209,0.3405955041167403,0.0,0.0,0.0,3.0,0.4955335922184098,-0.6210936663599826,-0.20703122211999422,0.4955335922184098,-0.6332781966976576
GBPUSD,2021-08-17,1.38408,1.3848,1.37239,1.37387,7,117,0.0520201144442556,-0.8446043581295863,-0.7376741228830741,0.3743627975473813,3.0,2.0,1.0,7.0,1.5862545490201765,0.4137175971555034,0.1580440856045302,1.5862545490201765,-0.44520326324400256
GBPUSD,2021-08-18,1.37376,1.37862,1.373,1.3753,49,8,0.3537735849056505,-0.0553226182157068,0.1121010948054882,0.3481766385043062,0.0,1.0,2.0,7.0,1.594839186300908,-7.656812121606747,-0.4023181493500747,1.594839186300908,-6.758155389652609
GBPUSD,2021-08-19,1.3748,1.3758,1.36278,1.36322,10,120,0.0727378527785779,-0.8743089903985976,-0.84230433517602,0.3864983573445152,3.0,0.0,2.0,3.0,1.5490958699578157,-3.527824553325079,-0.46737602885040347,1.5490958699578157,-3.600951327128728
GBPUSD,2021-08-20,1.36341,1.3641,1.36,1.362,7,34,0.0506084009945709,-0.2501081846253081,-0.1034171672497569,0.3865516374794622,6.0,0.0,1.0,2.0,3.98836394397426,-9.170559637156435,-1.7273985643940586,2.9262174996096166,-7.046266748427149
GBPUSD,2021-08-23,1.36123,1.37329,1.36098,1.37218,121,2,0.8859634301330385,-0.018365742747358,0.8044195323347278,0.4122990014165966,3.0,0.0,4.0,2.0,1.5590292258747396,-7.3153579436452745,-0.5419315401789868,1.5695995690009037,-6.440814552674082
GBPUSD,2021-08-24,1.37214,1.37479,1.3692,1.37285,27,29,0.1931289810077719,-0.2142638506274828,0.0517439911379296,0.4002324668902035,4.0,0.0,0.0,3.0,0.580601389249234,0.3216387996482363,0.10721293321607876,0.580601389249234,0.3216387996482363
GBPUSD,2021-08-25,1.37294,1.37669,1.3695,1.37575,37,34,0.2731364808367387,-0.2505571984209149,0.2046702696403323,0.4010154806937684,1.0,0.0,2.0,1.0,0.0959403913964764,-0.11808511263851551,-0.0344835045677261,0.0959403913964764,-0.11808511263851551
GBPUSD,2021-08-26,1.37575,1.3768,1.3687,1.36983,10,70,0.0763220061784477,-0.5124477557695802,-0.4303107395965782,0.3956274593851856,5.0,1.0,1.0,2.0,0.318164015912445,0.012440221651723371,-0.05301273163831871,0.318164015912445,-0.036728412171989355
GBPUSD,2021-08-27,1.36977,1.37807,1.3678,1.37597,83,20,0.6059411434036353,-0.14381976536207,0.452630733626812,0.4044636034567996,3.0,1.0,1.0,5.0,1.6761946837656672,-0.7625677105156783,0.12257174059213415,1.6761946837656672,-0.7290372579508408
GBPUSD,2021-08-30,1.37518,1.37751,1.3732,1.3755,23,20,0.1694323652176401,-0.1439811515583482,0.0232696810599249,0.4046736637955206,3.0,0.0,1.0,0.0,0.0232399416705036,-0.0464798833410072,-0.0232399416705036,0.0232399416705036,-0.0464798833410072
GBPUSD,2021-08-31,1.37512,1.38077,1.3741,1.3756,57,10,0.4108732328815053,-0.0741753446971754,0.0349060445633861,0.4013657737649851,3.0,0.0,2.0,5.0,1.5275943810033377,-7.500622658679665,-0.7315329739466028,1.5275943810033377,-7.500622658679665
GBPUSD,2021-09-01,1.37556,1.37985,1.3729,1.3769,43,27,0.3118729826398069,-0.1933757887696563,0.097414871034351,0.4014565930140257,5.0,2.0,1.0,7.0,1.8016826772289865,-0.6752751102203293,-0.115656487463577,1.8016826772289865,-0.7498065005302873
GBPUSD,2021-09-02,1.37688,1.38398,1.3765,1.38336,71,4,0.5156585904363404,-0.0275986287839206,0.4706292487362601,0.4107445301118234,4.0,0.0,1.0,6.0,0.4894977975831655,-1.9908574217453154,-0.21447994630887854,0.4894977975831655,-1.637997884289876
GBPUSD,2021-09-03,1.38335,1.38916,1.3816,1.3865,58,18,0.4199949398199928,-0.1265044999457939,0.2277080999024098,0.4045875868958867,2.0,4.0,0.0,2.0,0.9566288921366958,-6.957493733947025,-0.5313746794496194,1.1068322801744146,-6.612768817307686
GBPUSD,2021-09-06,1.3857,1.38685,1.3817,1.38346,11,40,0.0829905462942905,-0.2886627697192757,-0.1616511510427956,0.4034287935490573,1.0,0.0,0.0,1.0,0.9778668891831176,-0.9778668891831176,-0.9778668891831176,0.9778668891831176,-0.9778668891831176
GBPUSD,2021-09-07,1.38336,1.38567,1.3766,1.3786,23,68,0.1669847328244299,-0.4886652787416057,-0.34408975248669,0.4108265376881644,3.0,0.0,0.0,2.0,0.3579661089306282,-0.040856707612142995,-0.020428353806071498,0.3579661089306282,-0.040856707612142995
GBPUSD,2021-09-08,1.37844,1.37904,1.3725,1.37718,6,59,0.0435274658309345,-0.4309219117263033,-0.0914076782449754,0.4075768579625368,5.0,0.0,2.0,1.0,1.6649548383058912,1.4270416919845175,0.003688644629260126,1.6649548383058912,1.3469425138115496
GBPUSD,2021-09-09,1.37719,1.38626,1.3751,1.38359,91,21,0.6585874135014148,-0.1517582904319611,0.4647143821840257,0.4093842135784537,3.0,0.0,3.0,3.0,1.401382856851401,-3.517843838082686,-0.22963905683959665,1.401382856851401,-4.25304032709581
GBPUSD,2021-09-10,1.38369,1.38884,1.38242,1.38313,51,13,0.3721931935621409,-0.0917835642376619,-0.0404714928922024,0.4003383535636508,3.0,1.0,1.0,8.0,0.8114052499514764,-2.5246556916700955,-0.1530520018879689,0.930087891427303,-2.3421036047028596
GBPUSD,2021-09-13,1.38335,1.38511,1.3795,1.3838,18,39,0.1272273828026156,-0.2783098998807338,0.0325297285574756,0.3981664059980765,2.0,0.0,0.0,1.0,0.4005186199945582,0.4005186199945582,0.4005186199945582,0.4005186199945582,0.4005186199945582
GBPUSD,2021-09-14,1.38363,1.39131,1.3801,1.3808,77,35,0.5550616855662375,-0.2551260091209218,-0.2045344492385889,0.3615489350899972,4.0,3.0,0.0,4.0,1.237970410546109,-7.386978372891226,-0.4563454983237772,1.237970410546109,-7.666118557913119
GBPUSD,2021-09-15,1.38066,1.38537,1.379,1.38407,47,17,0.3411411933423139,-0.1202323526429385,0.2469833268147055,0.3642532346615122,1.0,1.0,3.0,9.0,4.541239915229185,12.987564484665642,0.5436222627935536,4.541239915229185,9.334645446877833
GBPUSD,2021-09-16,1.38415,1.38531,1.3763,1.37918,12,78,0.0838059458873713,-0.567135064841232,-0.3590651302243195,0.3150212136792067,0.0,2.0,2.0,2.0,1.0374086409442786,5.195897757204044,0.3261035550436675,1.0374086409442786,4.916256107856098
GBPUSD,2021-09-17,1.37927,1.38127,1.37233,1.3738,20,69,0.1450042413740603,-0.503164717567985,-0.3965866001580608,0.3299264006114654,0.0,0.0,2.0,3.0,0.8830702368245433,1.4523031593496272,0.1883145845227431,0.8830702368245433,1.5255777130658452
GBPUSD,2021-09-20,1.37354,1.37396,1.3639,1.36548,4,96,0.0305779227397882,-0.7018361314559527,-0.5868048982920014,0.3094469322012369,3.0,0.0,0.0,2.0,0.8508742058976513,1.132802290942093,0.5664011454710465,0.8508742058976513,1.132802290942093
GBPUSD,2021-09-21,1.36548,1.3693,1.3639,1.36593,38,16,0.2797551044321363,-0.1157102264405291,0.0329554442393928,0.3092608743206865,1.0,0.0,0.0,5.0,1.3134978085188054,2.9273616783671748,0.5854723356734349,1.3134978085188054,3.1067415250287724
GBPUSD,2021-09-22,1.36586,1.36895,1.3608,1.36166,31,51,0.2262310924984855,-0.3704625657095211,-0.3074985723280556,0.3111972007954971,6.0,0.0,2.0,1.0,0.3526637628424595,-0.7310291580306463,-0.17405510011094058,0.3526637628424595,-0.7310291580306463
GBPUSD,2021-09-23,1.36166,1.37507,1.361,1.3718,134,7,0.9848273430959212,-0.0484702495483531,0.7446792885154748,0.34327555484842,1.0,2.0,7.0,2.0,2.1853602411368813,-8.405809140497782,-0.31380713857771314,1.6958701901979842,-7.296598767301274
GBPUSD,2021-09-24,1.37171,1.37364,1.3656,1.36698,19,61,0.1407002937938768,-0.4454294275029022,-0.3448250723549366,0.336231147921588,5.0,0.0,0.0,3.0,3.15453427319575,-3.1325462930010537,-1.044182097667018,3.15453427319575,-3.1325462930010537
GBPUSD,2021-09-27,1.36631,1.37292,1.3656,1.3702,66,7,0.48378479261661,-0.0519647810526153,0.2847084483023743,0.3431381747586451,0.0,0.0,2.0,0.0,0.6487709736286295,-0.7969910976355202,-0.19924777440888009,0.6487709736286295,-0.7969910976355202
GBPUSD,2021-09-28,1.36988,1.37172,1.3518,1.3539,18,181,0.1343183344526574,-1.3198236341869432,-1.1665255350833563,0.4292300654943409,0.0,0.0,1.0,6.0,3.5059016821092337,1.6849769148414997,0.36510006339323137,1.357574001081703,-0.504416352615094
GBPUSD,2021-09-29,1.35364,1.35548,1.341,1.3425,18,126,0.1359297893088313,-0.9337785526432424,-0.8229662244023469,0.4586594407139026,5.0,0.0,2.0,4.0,4.265649123397842,7.528553993745265,1.0580797268577775,4.265649123397842,7.528553993745265
GBPUSD,2021-09-30,1.34244,1.35175,1.3414,1.3472,93,10,0.6935133041327679,-0.0774708739310622,0.3545782306844161,0.4515249103671834,5.0,0.0,3.0,6.0,0.5925355937437733,-0.013489895714559198,-0.01466207609285704,0.5925355937437733,0.7566350139052097
GBPUSD,2021-10-01,1.34712,1.35758,1.3432,1.3545,105,39,0.7764712868935145,-0.2909911514935674,0.5478353821485793,0.4698713124869285,5.0,2.0,1.0,8.0,2.3694153135509466,5.605876126436075,0.3134274322416655,2.3694153135509466,5.247587247536998
GBPUSD,2021-10-04,1.35411,1.36403,1.3531,1.36077,99,10,0.7325845019976333,-0.0745877365945126,0.4918359660588955,0.4881540598066936,3.0,0.0,0.0,1.0,0.0389910189451698,0.0389910189451698,0.0389910189451698,0.0389910189451698,0.0389910189451698
GBPUSD,2021-10-05,1.36078,1.36478,1.3582,1.36224,40,26,0.2939490586281399,-0.189597142815152,0.1072914063992559,0.4853972847301017,2.0,1.0,0.0,4.0,1.0474976244175191,1.1732637007701823,0.21933737567398923,0.6796309129953476,0.7562290398852567
GBPUSD,2021-10-06,1.36231,1.36312,1.3542,1.3583,8,81,0.0594578326519073,-0.5953123738356058,-0.2943529739926923,0.4884066043594262,4.0,1.0,1.0,2.0,0.7670150366349484,0.6626205634960856,-0.0006883604109559349,0.7670150366349484,0.6626205634960856
GBPUSD,2021-10-07,1.35832,1.36388,1.3568,1.36128,56,15,0.4093291713292898,-0.1119029389245513,0.2179162494846629,0.47742527609645,3.0,0.0,1.0,3.0,1.4447860725408863,-2.404685746331899,-0.23997491844775315,1.4447860725408863,-2.404685746331899
GBPUSD,2021-10-08,1.36137,1.3658,1.3581,1.3611,44,33,0.3254074939215595,-0.2401992110888211,-0.0198329623834807,0.4775218433394811,3.0,3.0,0.0,2.0,2.008598865260415,-6.444516569477509,-0.4346425893926863,1.773590217544053,-5.739490626328424
GBPUSD,2021-10-11,1.36113,1.36737,1.3583,1.35942,62,28,0.4584426175310237,-0.2079154819892213,-0.1256309096118576,0.4770075373487951,3.0,0.0,0.0,0.0,0.0,0.0,0.0,0.0,0.0
GBPUSD,2021-10-12,1.35941,1.36374,1.3567,1.3586,43,27,0.3185205346437016,-0.1993511891188081,-0.0595846727624467,0.4761160148597128,5.0,0.0,2.0,5.0,1.3245842754167252,-4.640073290739903,-0.5454987615510075,1.5438889215776146,-2.832756517486116
GBPUSD,2021-10-13,1.35847,1.36649,1.3574,1.3658,80,11,0.5903700486576748,-0.0787650813047123,0.5395776130499633,0.4907284940723223,3.0,3.0,1.0,7.0,1.988563081296572,6.7312954644444485,0.33757637048184264,1.988563081296572,7.945708966609949
GBPUSD,2021-10-14,1.36569,1.37343,1.3656,1.36728,77,1,0.5667464798014087,-0.0065900753465387,0.1164246644553288,0.4868839165901257,5.0,1.0,3.0,3.0,1.5188385975269147,-4.282400627600305,-0.28476579686510395,1.5188385975269147,-4.22048913792385
GBPUSD,2021-10-15,1.3672,1.37732,1.3665,1.3749,101,7,0.7401989467524963,-0.0511995318899885,0.5631948507899386,0.4965051461607336,3.0,2.0,2.0,3.0,1.102884282984487,0.27221020815174357,0.11776689727135485,1.102884282984487,-0.11771593852568693
GBPUSD,2021-10-18,1.37506,1.37653,1.3707,1.3728,15,44,0.1069044259886901,-0.317077073000445,-0.1643564644451826,0.4782670444998461,5.0,0.0,1.0,3.0,3.9028927552850927,-7.268055452902802,-0.8412906744044272,3.856901633769915,-7.176073209872445
GBPUSD,2021-10-19,1.37268,1.38338,1.37243,1.37917,107,2,0.779497042282262,-0.0182125477168649,0.4727977387300833,0.488188856564662,4.0,0.0,0.0,3.0,3.2224337400402363,1.5703991311185697,0.5234663770395233,3.2224337400402363,1.5703991311185697
GBPUSD,2021-10-20,1.37911,1.38344,1.374,1.3826,43,51,0.3139706042302604,-0.3705288193110011,0.2530617572202357,0.482230223846547,2.0,1.0,1.0,6.0,2.020514321357642,0.017635576852186308,0.1009112102434277,2.185682677858959,0.14310923218068483
GBPUSD,2021-10-21,1.38219,1.38332,1.3774,1.3792,11,48,0.0817543174238039,-0.3465514871327438,-0.2163233708824436,0.4604011662687708,2.0,0.0,2.0,5.0,1.867860512984261,0.030541788260081915,0.0568387570637539,1.867860512984261,0.032235560839191435
GBPUSD,2021-10-22,1.37928,1.38153,1.3735,1.3751,22,58,0.1631285888289443,-0.4190592193028332,-0.3030566672466847,0.4586707329496861,3.0,0.0,5.0,2.0,1.5214374692093624,3.3407435942320967,0.16381016076972113,1.5214374692093624,3.063188285020424
GBPUSD,2021-10-25,1.37494,1.37921,1.374,1.3766,43,9,0.3105590062111798,-0.068366619634307,0.1207325410563366,0.4554988746571291,3.0,0.0,0.0,0.0,0.0,0.0,0.0,0.0,0.0
GBPUSD,2021-10-26,1.37652,1.38296,1.3755,1.3765,64,10,0.4678464533751781,-0.0740999041060079,-0.0014529392961895,0.3585116578402176,2.0,0.0,2.0,4.0,2.06994857259866,7.0194536221658765,0.7247132711329168,2.06994857259866,7.0194536221658765
GBPUSD,2021-10-27,1.37641,1.3781,1.3708,1.37387,17,56,0.1227831823366723,-0.4075820431412074,-0.1845380373580536,0.2960254461230108,6.0,0.0,3.0,3.0,1.9511296439513333,2.9463642766577167,0.20500018158504973,1.9511296439513333,2.818623172620267
GBPUSD,2021-10-28,1.37405,1.38149,1.372,1.3794,74,20,0.5414650121902488,-0.1491939885739154,0.3893599214002377,0.2975692315632738,0.0,1.0,3.0,1.0,0.6163136260154188,-3.645177758227542,-0.30188226322997036,0.6163136260154188,-3.645177758227542
GBPUSD,2021-10-29,1.37939,1.38039,1.3666,1.36806,10,128,0.0724958133667861,-0.9272214529610812,-0.821377565445584,0.3478340556624582,2.0,1.0,2.0,7.0,2.9376241407929458,-0.3134504194415111,0.05241378307162468,2.9376241407929458,-0.3134504194415111
GBPUSD,2021-11-01,1.36815,1.36931,1.364,1.36634,12,41,0.0847860249241713,-0.3033293133062804,-0.1322954354420105,0.3342246304733629,1.0,1.0,0.0,4.0,2.575021391015236,-4.596026055751471,-0.8653940397013686,2.575021391015236,-4.527163626521459
GBPUSD,2021-11-02,1.36629,1.36676,1.3603,1.3616,5,60,0.0343997248021994,-0.4384135139684796,-0.3432653389836771,0.3432967861565177,6.0,0.0,0.0,2.0,0.9742364743295452,0.05008603227839559,0.025043016139197793,0.9742364743295452,0.05008603227839559
GBPUSD,2021-11-03,1.36135,1.36922,1.3605,1.3685,79,9,0.5781026187240639,-0.0624380210820154,0.5252139420428243,0.3549832439823041,0.0,3.0,1.0,4.0,1.5132777795915269,5.947589072260751,0.44590325654346086,1.5132777795915269,5.54720442790539
GBPUSD,2021-11-04,1.3685,1.36983,1.34696,1.34954,13,215,0.0971867007672673,-1.573986116185613,-1.3854585312385888,0.4740778092980892,3.0,4.0,1.0,6.0,1.3606535676467146,-4.369051876478779,-0.15207335533821406,1.3606535676467146,-4.780111340051245
GBPUSD,2021-11-05,1.34971,1.3509,1.3423,1.3495,12,74,0.0881670877447766,-0.5490068236880453,-0.0155588978373164,0.474087791624646,6.0,3.0,0.0,1.0,1.0385154857866743,-4.856922817583002,-0.44817743552907363,0.8924147177328398,-4.418620513421498
GBPUSD,2021-11-08,1.34784,1.35797,1.3448,1.35635,101,30,0.7515728869895516,-0.2255460588793871,0.6313805792972473,0.4964671127967435,3.0,0.0,0.0,0.0,0.0,0.0,0.0,0.0,0.0
GBPUSD,2021-11-09,1.35608,1.36073,1.3522,1.35522,47,39,0.3429001238864995,-0.286118813049369,-0.06341808742846,0.4964917512647355,0.0,1.0,2.0,2.0,0.6210036314786483,-1.109302666203039,-0.14100062723624734,1.1958201778605708,-2.3386586626335717
GBPUSD,2021-11-10,1.35551,1.35651,1.3399,1.3404,10,156,0.0737729710588717,-1.1515960782288512,-1.1147095926994235,0.5377817482319507,2.0,3.0,3.0,3.0,2.9205194174585203,9.958178921697673,0.2697578675239118,2.9205194174585203,10.207015311251624
GBPUSD,2021-11-11,1.34014,1.34331,1.3357,1.33699,32,44,0.2365424507887157,-0.3313086692435118,-0.2350500693957503,0.536640018681042,4.0,0.0,1.0,10.0,1.1808122032660462,-1.8630416431797467,-0.11632841898471886,1.1808122032660462,-1.3959430589399928
GBPUSD,2021-11-12,1.33705,1.3426,1.3351,1.34151,55,20,0.4150929284619082,-0.1458434613514916,0.3335701731423588,0.5239832351726272,3.0,0.0,2.0,1.0,0.9195379996401912,-2.6381150379687006,-0.44508480133641665,0.9195379996401912,-2.6381150379687006
GBPUSD,2021-11-15,1.3421,1.34495,1.3401,1.3415,29,20,0.2123537739363697,-0.1490201922360481,-0.044706057670826,0.5240459032272408,3.0,0.0,1.0,1.0,0.4581333756040748,-0.017529909641335495,-0.1189158213113526,0.4581333756040748,-0.017529909641335495
GBPUSD,2021-11-16,1.34114,1.34728,1.3403,1.34267,61,8,0.457819467020597,-0.062633282133107,0.1140820495995967,0.509091660693875,5.0,2.0,1.0,7.0,2.22812974609066,3.9067821094425677,0.18508840257509943,2.22812974609066,3.181375468666217
GBPUSD,2021-11-17,1.34265,1.34962,1.3395,1.34837,70,31,0.5191226306185636,-0.234610658027035,0.4260231631475194,0.5172500689562507,3.0,1.0,1.0,9.0,1.8029874016281684,7.707483662539709,0.41146867300980144,1.074127401899069,5.751311316823381
GBPUSD,2021-11-18,1.34888,1.35135,1.3462,1.34957,25,27,0.1831148804934443,-0.1986833521143478,0.0511535496115189,0.517978157743255,2.0,0.0,2.0,2.0,3.651815085119925,4.878291328382558,1.2290662810505857,3.2311348055383013,4.457611048800935
GBPUSD,2021-11-19,1.3493,1.35096,1.3406,1.3452,17,87,0.1230267546135029,-0.6447787741791988,-0.3038612613947967,0.5179945713632815,1.0,0.0,1.0,2.0,0.9704179037181738,0.7619366470913188,0.23806904385559416,0.9704179037181738,0.9333707684781876
GBPUSD,2021-11-22,1.34517,1.3455,1.3383,1.3396,3,69,0.0245322152590335,-0.5107161176654201,-0.4140740575540694,0.5196542643516762,3.0,0.0,0.0,1.0,0.3661034632144049,0.3661034632144049,0.3661034632144049,0.3661034632144049,0.3661034632144049
GBPUSD,2021-11-23,1.3396,1.34093,1.3341,1.3378,13,55,0.0992833681696068,-0.4105703194983456,-0.1343684681994477,0.5187803705400982,2.0,0.0,4.0,1.0,0.561077643906062,0.36312400484694696,0.03567979301509616,0.5663888857166723,0.3721596427332047
GBPUSD,2021-11-24,1.33737,1.33901,1.3314,1.3326,16,60,0.1226287414851601,-0.4463985284551045,-0.3566701810269365,0.5210492262434891,3.0,2.0,5.0,9.0,3.7806871845549455,0.14784556122544057,0.08936976762271008,3.7806871845549455,0.7423030350011968
GBPUSD,2021-11-25,1.3324,1.33535,1.3303,1.33194,30,21,0.2214049834884425,-0.1576103272290596,-0.0345241669168513,0.5066030926958505,3.0,0.0,0.0,1.0,0.2580746185257968,0.2580746185257968,0.2580746185257968,0.2580746185257968,0.2580746185257968
GBPUSD,2021-11-26,1.33175,1.33657,1.3277,1.33307,48,40,0.3619297916275612,-0.304111131969205,0.0991177022714464,0.4852832732717061,2.0,0.0,0.0,0.0,0.0,0.0,0.0,0.0,0.0
GBPUSD,2021-11-29,1.33392,1.3363,1.3285,1.3313,24,54,0.178421494542405,-0.4063212186637864,-0.1964135780256737,0.4855813715954753,3.0,0.0,1.0,3.0,1.1315236346940944,-1.061739169611395,-0.41447712878570336,1.1315236346940944,-1.061739169611395
GBPUSD,2021-11-30,1.33112,1.33705,1.3193,1.32977,59,118,0.4454895125909002,-0.8879740369012683,-0.1014183544684314,0.4828129050867719,3.0,0.0,2.0,2.0,0.9110239188888524,-2.673231521869594,-0.3588976844020779,0.9110239188888524,-2.673231521869594
GBPUSD,2021-12-01,1.3296,1.3352,1.326,1.3278,56,36,0.4211793020457318,-0.2707581227436692,-0.1353790613718262,0.4590083817974141,4.0,2.0,1.0,8.0,2.031515408062858,-1.0945223742029262,-0.1031339888178273,1.9061483368733405,-1.0370820445323161
GBPUSD,2021-12-02,1.32764,1.33337,1.32654,1.33006,57,11,0.4315929016902182,-0.0828537856647795,0.1822783284625417,0.3587608723165868,0.0,0.0,1.0,2.0,2.2192604268697007,3.418331460826998,0.39969034465243264,2.2192604268697007,3.418331460826998
GBPUSD,2021-12-03,1.33015,1.33101,1.3207,1.32331,9,94,0.0646543622899735,-0.7104461902792887,-0.5142277186783414,0.3721756697070998,5.0,4.0,0.0,3.0,2.2846700246363367,-6.006967884458213,-0.18527796187708753,2.0243595297432884,-5.369247483233718
GBPUSD,2021-12-06,1.3218,1.32864,1.32167,1.3262,68,1,0.5174761688606413,-0.0098350733847923,0.3328794068694174,0.3468221890900552,2.0,0.0,0.0,1.0,0.3035104200719418,0.3035104200719418,0.3035104200719418,0.3035104200719418,0.3035104200719418
GBPUSD,2021-12-07,1.32611,1.32894,1.3207,1.32423,28,54,0.2134061276968057,-0.4079601239716098,-0.1417680282932699,0.346764500386605,1.0,0.0,0.0,7.0,3.818899196096879,0.5244825552551489,0.07492607932216412,3.3032139284426,3.416408431338537
GBPUSD,2021-12-08,1.32427,1.32612,1.31601,1.32019,18,83,0.1396996080859573,-0.6237398717784255,-0.3080942708058087,0.2596528775577759,4.0,1.0,2.0,1.0,0.9394289834421528,3.007406004801935,0.23713354326437483,0.9394289834421528,3.597887614348644
GBPUSD,2021-12-09,1.32015,1.32225,1.3169,1.32186,21,32,0.1590728326326546,-0.2461841457410124,0.1295307351437412,0.2601842955948368,6.0,0.0,2.0,3.0,2.697412489195749,-5.951057588052109,-0.5514867910373632,2.697412489195749,-6.2092201032713135
GBPUSD,2021-12-10,1.32194,1.32758,1.3185,1.32684,56,34,0.4266456873988297,-0.2602236107538835,0.3706673525273558,0.2631839663599137,1.0,3.0,1.0,9.0,1.3665274008239623,-0.09394692161242305,0.002237001612158971,1.3665274008239623,0.502717812199461
GBPUSD,2021-12-13,1.3248,1.32688,1.3205,1.32131,21,43,0.1570048309178805,-0.3245772946859881,-0.2634359903381637,0.2675057684236901,4.0,0.0,0.0,1.0,1.927792152939226e-05,1.927792152939226e-05,1.927792152939226e-05,1.927792152939226e-05,1.927792152939226e-05
GBPUSD,2021-12-14,1.3214,1.32567,1.3188,1.3231,43,26,0.3231421219918265,-0.1967610110488827,0.1286514303011983,0.2680238986027938,5.0,1.0,1.0,5.0,1.4273987905450731,-2.147832307657045,-0.3414392770368236,1.4273987905450731,-2.712243689232679
GBPUSD,2021-12-15,1.32269,1.32825,1.3169,1.32603,56,58,0.4203554876804096,-0.4377442938254589,0.2525157066281684,0.2539291727213449,6.0,3.0,1.0,9.0,3.448361691902704,-0.08808659490324039,-0.10155784697833198,3.448361691902704,-1.92486565277638
GBPUSD,2021-12-16,1.3258,1.33745,1.324,1.3323,116,18,0.8787147382712277,-0.1357670840247415,0.4902700256448898,0.2821752708777834,0.0,5.0,7.0,5.0,4.645136424437522,24.712389206862163,0.5368080296541221,4.645136424437522,25.733912184694717
GBPUSD,2021-12-17,1.33195,1.33393,1.32274,1.3238,20,92,0.1486542287623479,-0.6914673974248238,-0.6118848305116468,0.304516500515296,1.0,0.0,1.0,1.0,0.305451970137247,-0.046918455876102105,-0.0880926065033373,0.305451970137247,0.08506397324122289
GBPUSD,2021-12-20,1.3239,1.32456,1.3171,1.3206,7,68,0.0498527079084434,-0.513633960268913,-0.2492635395422675,0.2965950677017946,6.0,0.0,0.0,2.0,0.1350858813894724,0.08272067812624119,0.041360339063120595,0.0898492037285005,0.0374840004652693
GBPUSD,2021-12-21,1.32052,1.3271,1.3195,1.3263,66,10,0.4982885529942773,-0.0772422984884758,0.437706358101363,0.3153361137411994,6.0,0.0,0.0,3.0,0.1026810831375061,-0.1593751030455107,-0.05312503434850357,0.3899590048585777,-0.4466530247665823
GBPUSD,2021-12-22,1.3263,1.33634,1.3238,1.33481,100,25,0.7569931388072116,-0.1884943074719103,0.6416346226343977,0.3381695672998043,6.0,0.0,3.0,5.0,1.9202492594099436,0.5902849687983496,-0.0818127137817351,1.9202492594099436,1.251741467803713
GBPUSD,2021-12-23,1.33448,1.34378,1.334,1.34055,93,5,0.6969006654277219,-0.0359690666027243,0.4548588214135691,0.3510617312908233,2.0,1.0,2.0,7.0,1.1792422410318713,2.194276894837767,0.14313208411215997,1.1792422410318713,2.194276894837767
GBPUSD,2021-12-24,1.3406,1.3421,1.33835,1.33849,15,23,0.1118901984186227,-0.1678352976279341,-0.1573922124421942,0.3538440060077926,5.0,0.0,0.0,0.0,0.0,0.0,0.0,0.0,0.0
GBPUSD,2021-12-27,1.339,1.34451,1.33871,1.3439,55,3,0.4115011202389937,-0.0216579536967812,0.3659447348767831,0.3566451850137656,3.0,0.0,0.0,0.0,0.0,0.0,0.0,0.0,0.0
GBPUSD,2021-12-28,1.34386,1.34617,1.3413,1.3434,23,26,0.1718929055109932,-0.1904960338130547,-0.0342297560757911,0.3553070105291201,5.0,0.0,0.0,3.0,0.2133691562398117,0.157494759979809,0.052498253326602996,0.2133691562398117,0.157494759979809
GBPUSD,2021-12-29,1.34299,1.34997,1.3406,1.3489,70,24,0.5197358133716548,-0.1779611166129228,0.4400628448462075,0.3611736236627905,3.0,0.0,0.0,4.0,1.0495226714332084,-1.480302685020332,-0.370075671255083,1.2650134399510304,-1.695793453538154
GBPUSD,2021-12-30,1.34869,1.35219,1.3452,1.3498,35,35,0.2595110811231683,-0.258769620891383,0.0823020857276443,0.3606275407184591,4.0,0.0,0.0,4.0,0.652049930542398,-1.1817622249298898,-0.29544055623247245,0.652049930542398,-1.1817622249298898
GBPUSD,2021-12-31,1.34971,1.35505,1.3463,1.35177,53,34,0.3956405450059733,-0.2526468648820793,0.1526253787850687,0.3312235953635551,1.0,0.0,0.0,0.0,0.0,0.0,0.0,0.0,0.0
GBPUSD,2022-01-03,1.3529,1.35353,1.3429,1.3479,6,100,0.0465666346366995,-0.739152930741371,-0.3695764653706773,0.3450511898434661,5.0,0.0,0.0,2.0,0.565690422616113,-0.4462881318772374,-0.2231440659386187,0.5430801740161,-0.4236778832772244
GBPUSD,2022-01-04,1.34749,1.35573,1.3458,1.3529,82,17,0.6115073210190818,-0.1254183704517265,0.4014872095525691,0.3471760759940801,4.0,2.0,0.0,7.0,1.9421176886442195,-6.466076746738249,-0.18508124935979342,1.9421176886442195,-6.603588022847935
GBPUSD,2022-01-05,1.35261,1.35985,1.35197,1.35541,72,6,0.5352614574784981,-0.0473159299428657,0.2070071934999677,0.3327305119975621,2.0,1.0,0.0,2.0,0.2963439994549166,0.980754814914727,0.12935560533496465,0.2963439994549166,1.0733812358859496
GBPUSD,2022-01-06,1.35517,1.3559,1.3487,1.3529,7,65,0.0538677804260808,-0.4774308758310747,-0.1675066596810728,0.3399369387873725,6.0,1.0,1.0,5.0,2.065744060588888,-4.453143203729016,-0.13290650398184548,2.065744060588888,-5.626779017288109
GBPUSD,2022-01-07,1.35284,1.35974,1.3524,1.3586,69,4,0.5100381419827849,-0.0325241713728154,0.4257709706986773,0.3422176160995283,3.0,3.0,0.0,3.0,2.3508148178477035,-8.47719888849754,-0.7739242175686439,2.3508148178477035,-7.813740265710158
GBPUSD,2022-01-10,1.35819,1.36036,1.353,1.3574,22,52,0.1597714605467574,-0.3821262120910939,-0.0581656469271654,0.3326992634279518,6.0,0.0,0.0,1.0,0.4368031667695016,0.4368031667695016,0.4368031667695016,0.4368031667695016,0.4368031667695016
GBPUSD,2022-01-11,1.35726,1.36363,1.3559,1.36357,64,14,0.4693279106435014,-0.1002018773116282,0.4649072395856385,0.3404150864208336,6.0,0.0,0.0,3.0,1.1339424639712354,-1.2276650495006374,-0.4092216831668791,1.1339424639712354,-1.2276650495006374
GBPUSD,2022-01-12,1.36358,1.37144,1.3619,1.37,79,17,0.5764238255181198,-0.1232050924771486,0.470819460537709,0.3470255617184452,3.0,3.0,2.0,0.0,0.5645914149491236,-1.0076803468981574,-0.0548912312069328,1.0575226310169488,0.7462361421993478
GBPUSD,2022-01-13,1.36971,1.37488,1.36968,1.3705,52,0,0.3774521614064378,-0.0021902446503255,0.0576764424586276,0.3393685215012024,2.0,1.0,3.0,2.0,2.193155545282925,0.8846968017020385,-0.016525002146566936,2.193155545282925,1.792082550202734
GBPUSD,2022-01-14,1.3702,1.37429,1.3651,1.36762,41,51,0.298496569843813,-0.3722084367245734,-0.1882936797547822,0.3004528878951606,2.0,2.0,2.0,12.0,6.420018016665516,-24.483318034101842,-0.2976230375558566,6.420018016665516,-24.784203219878275
GBPUSD,2022-01-17,1.36687,1.36898,1.3635,1.3646,21,34,0.1543672770636605,-0.2465486842201595,-0.1660728525755919,0.2948830033548357,1.0,0.0,0.0,1.0,0.6264729062116412,0.6264729062116412,0.6264729062116412,0.6264729062116412,0.6264729062116412
GBPUSD,2022-01-18,1.36441,1.36615,1.3571,1.3596,17,73,0.1275276493136282,-0.5357627106221684,-0.3525333294244385,0.3101085864535368,4.0,0.0,1.0,4.0,1.20361537343085,-1.995168447242986,-0.4070448217322601,1.20361537343085,-2.2810433819302345
GBPUSD,2022-01-19,1.3591,1.36489,1.3585,1.3612,58,6,0.4260172172761358,-0.0441468618938955,0.1545140166286506,0.28632153936474,3.0,1.0,0.0,8.0,1.9674163079682032,3.291018712395916,0.33101671888382106,1.9674163079682032,2.7504610458285343
GBPUSD,2022-01-20,1.36115,1.36617,1.3584,1.35992,50,28,0.3688057892223505,-0.2020350438967072,-0.0903647650883491,0.2774995790762534,0.0,0.0,4.0,2.0,3.6005444863909166,5.750577106180178,0.4905458250940089,3.6005444863909166,5.750577106180178
GBPUSD,2022-01-21,1.3598,1.36023,1.3544,1.35504,4,54,0.0316222973966872,-0.3971172231210361,-0.3500514781585436,0.2893366889119429,0.0,0.0,1.0,2.0,1.3574289481528223,-3.9259466063940147,-0.856172552747064,1.3102895996030417,-3.1160339420605236
GBPUSD,2022-01-24,1.35512,1.35653,1.3438,1.3487,14,113,0.104049825845675,-0.8353503748745496,-0.4737587815101313,0.3049869412187088,4.0,0.0,4.0,0.0,2.322166276147412,-8.800566653106479,-1.10007083163831,2.336758272365321,-8.249741696852613
GBPUSD,2022-01-25,1.3486,1.35187,1.3434,1.35015,33,52,0.2424736764051523,-0.3855850511641772,0.1149340056354693,0.3051488632789143,1.0,0.0,1.0,5.0,0.2146917262866857,-0.8718058482893635,-0.10951902033377964,0.2146917262866857,-0.8718058482893635
GBPUSD,2022-01-26,1.3503,1.35245,1.3442,1.34622,21,61,0.1592238761756553,-0.4517514626379318,-0.3021550766496396,0.298716054228941,0.0,0.0,1.0,3.0,1.124253668944312,2.664743926741034,0.49637361603105185,1.124253668944312,2.601232489138485
GBPUSD,2022-01-27,1.34589,1.34679,1.3356,1.33819,9,103,0.0668702494260229,-0.7645498517709569,-0.5721121339782627,0.3240701542336787,4.0,2.0,5.0,2.0,1.4308307049613225,-2.2927825478009796,-0.10160188876111205,1.4308307049613225,-2.2927825478009796
GBPUSD,2022-01-28,1.33816,1.34327,1.3363,1.3398,51,19,0.3818676391462865,-0.1389968314700762,0.1225563460273873,0.3232370163460201,5.0,1.0,1.0,4.0,1.391059652017087,-5.457092480832961,-0.6068099311524757,1.391059652017087,-5.457092480832961
GBPUSD,2022-01-31,1.33937,1.34605,1.3385,1.34471,67,9,0.4987419458402099,-0.0649559121079258,0.3986949088004153,0.3268320617774715,6.0,0.0,1.0,0.0,0.2484264083049286,0.4968528166098572,0.2484264083049286,0.2484264083049286,0.4968528166098572
GBPUSD,2022-02-01,1.34429,1.35282,1.3431,1.35205,85,12,0.6345357028617282,-0.0885225658154136,0.5772563955694076,0.3401502600907596,5.0,2.0,0.0,9.0,3.191167886483362,4.329711469758593,0.44511194972463636,3.191167886483362,4.07610121244333
GBPUSD,2022-02-02,1.35198,1.35875,1.35122,1.35757,68,8,0.5007470524711862,-0.0562138493172881,0.413467654846964,0.3493358446957934,4.0,1.0,1.0,1.0,0.8762878972353055,-1.885583394447752,-0.03203846454194503,0.8762878972353055,-1.885583394447752
GBPUSD,2022-02-03,1.3578,1.36279,1.3535,1.35947,50,43,0.3675062601266792,-0.3166887612314016,0.1229930770363868,0.3469864665878583,0.0,3.0,1.0,7.0,2.963684809900745,5.988097972103827,0.18367907751255697,2.963684809900745,5.63571785449132
GBPUSD,2022-02-04,1.35929,1.36151,1.3502,1.35269,22,91,0.1633205570555134,-0.66873147010572,-0.485547602056968,0.3532348333733035,3.0,3.0,0.0,1.0,0.8134618750268303,2.7581126972925682,0.3375272756835226,0.7898294182703866,2.687215327023237
GBPUSD,2022-02-07,1.35321,1.35506,1.3489,1.35357,18,43,0.1367119663614595,-0.3185019324421217,0.0266034096703332,0.3530979105660976,3.0,0.0,0.0,1.0,0.3820936975863072,-0.3820936975863072,-0.3820936975863072,0.3820936975863072,-0.3820936975863072
GBPUSD,2022-02-08,1.35351,1.3564,1.3505,1.3542,29,30,0.2135189248694179,-0.2223847625802511,0.0509785668373399,0.3359542935433982,3.0,0.0,0.0,5.0,4.160163439182349,2.8137495231925347,0.5627499046385069,4.160163439182349,2.8682084501316254
GBPUSD,2022-02-09,1.35438,1.35893,1.3525,1.3534,46,19,0.3359470754145848,-0.1388089014899719,-0.0723578316277544,0.3152027135294764,4.0,0.0,2.0,1.0,0.5366359937532671,-0.477055426725131,-0.043608277029768265,0.7819493416506519,0.7060324603412911
GBPUSD,2022-02-10,1.3534,1.36435,1.3521,1.3556,110,13,0.8090734446578998,-0.0960543815575481,0.1625535687897133,0.3179605612028205,3.0,3.0,2.0,3.0,0.9914163211758552,-0.03468851865433145,0.0065328148454322325,1.6680639003113762,1.7862190306641046
GBPUSD,2022-02-11,1.35538,1.36095,1.3511,1.35584,56,43,0.4109548613672973,-0.3157786008351946,0.0339388215850835,0.3165855326233719,2.0,0.0,2.0,10.0,2.6099478385058354,-0.49631010329745506,0.0602060646571061,2.6099478385058354,-0.4646049094641719
GBPUSD,2022-02-14,1.35506,1.3572,1.3493,1.35233,21,58,0.1579265862766247,-0.4250734284828707,-0.2014670937080202,0.3174584983861683,3.0,0.0,0.0,0.0,0.0,0.0,0.0,0.0,0.0
GBPUSD,2022-02-15,1.35229,1.35669,1.3485,1.35341,44,38,0.3253739952229151,-0.2802653277033742,0.0828224715112889,0.3094432711143373,6.0,1.0,2.0,5.0,2.8543064623680534,10.255270621161978,0.6659889653222615,3.0878347966290827,10.173397628061297
GBPUSD,2022-02-16,1.35331,1.3601,1.35249,1.3586,68,8,0.5017327884963588,-0.0605921776976482,0.3908934390494429,0.3205463483105298,4.0,3.0,2.0,10.0,4.747615234906282,23.39732240076601,1.0591696666962402,4.679764612347695,22.742969249998062
GBPUSD,2022-02-17,1.35823,1.36381,1.3553,1.3613,56,29,0.4108287992460716,-0.2157219322206179,0.2260294648181755,0.3237732608096619,2.0,0.0,2.0,3.0,1.5989602275747634,2.6115407721808004,0.23657500722804076,1.5989602275747634,2.6115407721808004
GBPUSD,2022-02-18,1.36142,1.36427,1.3571,1.35856,29,43,0.2093402476825681,-0.3173157438556875,-0.210074774867424,0.31694610816718,3.0,0.0,2.0,1.0,1.8094126030077968,3.9849234508302462,0.5622669168706446,1.8094126030077968,3.9774389811774373
GBPUSD,2022-02-21,1.35926,1.36385,1.3583,1.35973,46,10,0.3376837396818927,-0.0706266645086186,0.0345776378323641,0.2948522110203787,2.0,0.0,2.0,1.0,2.6834848200000683,7.959199570877068,1.773780731812856,2.6834848200000683,6.968220280792163
GBPUSD,2022-02-22,1.36,1.36046,1.3536,1.35801,5,64,0.0338235294117577,-0.4705882352941311,-0.1463235294117763,0.29740110289765,1.0,0.0,3.0,5.0,2.1883017680284027,5.408726508174072,0.24396091839379827,2.197479470514806,5.306961853435571
GBPUSD,2022-02-23,1.35802,1.36206,1.3533,1.3543,40,47,0.2974919367903303,-0.3475648370421685,-0.2739282190247526,0.2957911697816103,0.0,0.0,0.0,0.0,0.0,0.0,0.0,0.0,0.0
GBPUSD,2022-02-24,1.35408,1.35494,1.3271,1.33749,9,270,0.0635117570601502,-1.992496750561267,-1.2251861042183536,0.3879303978054476,4.0,1.0,2.0,4.0,0.912655016231927,-1.345875733074607,-0.13718415305527615,0.912655016231927,-1.4086751347237432
GBPUSD,2022-02-25,1.33721,1.34388,1.3365,1.34053,67,7,0.498799739756654,-0.0530956244718472,0.2482781313331481,0.3910029942130877,6.0,1.0,3.0,5.0,1.833991881455561,-1.1459421067694682,-0.17140604495523454,1.833991881455561,-1.1459421067694682
GBPUSD,2022-02-28,1.33118,1.34315,1.33118,1.34161,120,0,0.899202211571691,0.0,0.7835153773343905,0.4196730457373651,0.0,0.0,1.0,2.0,1.2685111654656382,-3.299402430883959,-0.6769637551394402,1.2685111654656382,-3.404913466289628
GBPUSD,2022-03-01,1.34137,1.34371,1.33,1.3325,23,114,0.1744485115963536,-0.8476408448079114,-0.6612642298545468,0.4255332074777512,6.0,1.0,0.0,8.0,1.1658583117550931,2.257868192831696,0.10722901117395381,0.9576260325697034,2.005210424517382
GBPUSD,2022-03-02,1.33205,1.34077,1.327,1.34052,87,50,0.6546300814534035,-0.379114898089411,0.6358620171915452,0.4405104801467496,1.0,1.0,1.0,2.0,0.1951247055952954,-0.31444705870223294,0.004861390085856079,0.1951247055952954,-0.31444705870223294
GBPUSD,2022-03-03,1.34062,1.3418,1.3315,1.33448,12,91,0.0880189762945637,-0.6802822574629662,-0.4579970461428154,0.4493842257064188,0.0,1.0,1.0,7.0,1.1528278265603142,-5.86799849262459,-0.27971100123512244,1.1528278265603142,-5.977231317421725
GBPUSD,2022-03-04,1.3347,1.33545,1.3199,1.32287,8,148,0.0561924027871453,-1.1088634149996195,-0.886341499962539,0.4777349361089996,0.0,3.0,0.0,1.0,1.267807920935013,-6.2278691691727435,-0.37510359475501914,1.1006925631427629,-5.726523095795993
GBPUSD,2022-03-07,1.32258,1.32406,1.3099,1.31033,15,127,0.1119024936109668,-0.9587321749913068,-0.9262199640097456,0.5134587859260042,3.0,0.0,0.0,1.0,0.6720894361470723,0.6720894361470723,0.6720894361470723,0.6720894361470723,0.6720894361470723
GBPUSD,2022-03-08,1.31044,1.31446,1.308,1.31012,40,24,0.3067671926986289,-0.1861970025335,-0.0244192790207943,0.512408556017117,5.0,0.0,0.0,7.0,8.05155614696081,5.887334207179635,0.841047743882805,3.405771975982996,0.9168282189605415
GBPUSD,2022-03-09,1.30992,1.31898,1.3085,1.31757,91,14,0.6916452913155053,-0.1084035666300214,0.584005130084275,0.5363727276351993,0.0,1.0,2.0,0.0,0.354349401969017,-1.243856371107349,-0.14825116152305529,0.354349401969017,-1.1968981368702725
GBPUSD,2022-03-10,1.31798,1.31947,1.3078,1.3085,15,102,0.1130517913777137,-0.7723941182718901,-0.7192825384300167,0.5504466393657954,2.0,3.0,2.0,2.0,0.8432998152218578,0.7334600094809851,0.10021804454557463,0.8432998152218578,1.2647202327566502
GBPUSD,2022-03-11,1.30839,1.3125,1.3025,1.30343,41,59,0.3141265219086097,-0.4501715849249804,-0.3790918609894491,0.5514969905187396,2.0,1.0,0.0,10.0,7.324210315901138,-4.317895606773917,-0.2773326046786266,5.421619366632304,-2.3401688160879752
GBPUSD,2022-03-14,1.30346,1.3079,1.2998,1.30012,44,37,0.3406318567504948,-0.2807911251591914,-0.2562410814294355,0.551869070429787,4.0,0.0,0.0,1.0,0.4867588017625177,0.4867588017625177,0.4867588017625177,1.1538323860890476,1.1538323860890476
GBPUSD,2022-03-15,1.3003,1.30887,1.2997,1.30355,86,6,0.6590786741521162,-0.0461431977235971,0.2499423210028435,0.5569652577042705,6.0,1.0,2.0,3.0,1.2342529304254957,-3.8260123338435887,-0.3970879401725618,1.6578460651025606,-4.342501223351651
GBPUSD,2022-03-16,1.3037,1.31564,1.3033,1.3142,119,4,0.9158548745876997,-0.0306819053463356,0.8054000153409491,0.585175559306111,3.0,3.0,1.0,4.0,3.6450606346569225,9.152909744234712,0.2958171618198474,3.6450606346569225,8.713933771862536
GBPUSD,2022-03-17,1.31433,1.3211,1.3085,1.31455,68,58,0.5150913393135622,-0.4435720100735738,0.0167385664178789,0.5803261022189421,4.0,2.0,3.0,4.0,1.2822331953639672,2.9296109087354196,0.1356698708751086,1.2822331953639672,2.925821525798958
GBPUSD,2022-03-18,1.31483,1.3197,1.3107,1.318,49,41,0.3703900884525111,-0.314109048318031,0.2410958070625189,0.5862143645602349,3.0,0.0,1.0,1.0,1.587538014714113,-2.417026689092216,-0.41474433718905157,1.587538014714113,-2.5287705190934178
GBPUSD,2022-03-21,1.31708,1.32102,1.3124,1.31622,39,47,0.2991465970176492,-0.3553314908737523,-0.0652959577246699,0.585272250816791,5.0,0.0,0.0,1.0,0.0369744145991716,-0.0369744145991716,-0.0369744145991716,0.0369744145991716,-0.0369744145991716
GBPUSD,2022-03-22,1.31644,1.32737,1.3117,1.32583,109,47,0.8302695147518978,-0.3600619853544382,0.7132873507337979,0.6143004370480073,2.0,0.0,0.0,3.0,4.929080873791287,6.428093985961472,2.1426979953204905,4.929080873791287,6.428093985961472
GBPUSD,2022-03-23,1.32575,1.32985,1.3174,1.32025,41,84,0.309258910050914,-0.6298321704695515,-0.4148595134829387,0.6174440282965641,3.0,1.0,1.0,6.0,1.0121698827763783,1.727356841014021,0.10443339184766941,1.0121698827763783,0.806180490540123
GBPUSD,2022-03-24,1.32021,1.32141,1.3155,1.3183,12,47,0.0908946303996991,-0.3567614243188745,-0.1446739533862096,0.5569078501344419,3.0,0.0,7.0,3.0,1.8253976279504165,-5.037290583345958,-0.24138363658532552,1.8253976279504165,-4.205530328772762
GBPUSD,2022-03-25,1.31817,1.32247,1.3158,1.3188,43,24,0.3262098211914981,-0.1797947154008954,0.0477935319420035,0.5533738669181184,1.0,0.0,2.0,3.0,0.9275840859415851,-2.07763691525059,-0.2647186753793319,0.9275840859415851,-1.7387061354561846
GBPUSD,2022-03-28,1.31796,1.31849,1.30656,1.30921,5,114,0.0402136635406172,-0.8649731403077542,-0.6639048226046341,0.5339109265464328,3.0,0.0,0.0,2.0,0.532155786481691,0.688313916412254,0.344156958206127,0.532155786481691,0.6666671684562442
GBPUSD,2022-03-29,1.30919,1.316,1.3049,1.3097,68,43,0.5201689594329305,-0.3276835295106231,0.0389553846271366,0.5189727585899778,4.0,1.0,1.0,5.0,1.7950340467041266,1.507897778673753,0.18254371390498544,1.7950340467041266,1.507897778673753
GBPUSD,2022-03-30,1.3096,1.31825,1.3087,1.31332,86,9,0.660507025045802,-0.0687232742822329,0.2840562003665199,0.4990004364206072,3.0,1.0,2.0,2.0,0.1960156995616416,-0.27660896192521534,0.003669894446069738,0.1960156995616416,0.07598701876359931
GBPUSD,2022-03-31,1.31329,1.31758,1.3104,1.31371,43,29,0.3266605243320138,-0.2200580222190117,0.0319807506338938,0.4923721367261784,2.0,1.0,2.0,8.0,1.4696415769621998,4.289449788093287,0.27831103295109,1.4696415769621998,4.916247082348243
GBPUSD,2022-04-01,1.31352,1.31515,1.3085,1.3112,16,50,0.1240940373957016,-0.3821791826542439,-0.1766246421828445,0.4548398806424049,3.0,4.0,0.0,5.0,2.1431316192463665,-1.2275548541833363,-0.06244104891367698,2.1431316192463665,-0.6509969691217298
GBPUSD,2022-04-04,1.31064,1.3137,1.3091,1.3114,31,15,0.2334737227614038,-0.1174998474028029,0.0579869376792919,0.4040774207390262,1.0,0.0,0.0,1.0,0.4248801856442977,-0.4248801856442977,-0.4248801856442977,0.4248801856442977,-0.4248801856442977
GBPUSD,2022-04-05,1.31151,1.31667,1.3065,1.30712,52,50,0.3934396230299467,-0.3820024246860458,-0.3347286715312803,0.4114137615548785,3.0,1.0,0.0,4.0,2.0281298295407284,1.5890790335175013,0.07527040553702613,1.443731060723767,1.2348825944903026
GBPUSD,2022-04-06,1.30728,1.3108,1.3044,1.3065,35,29,0.2692613671133932,-0.2203047549109597,-0.0596658711217186,0.3874596509766861,3.0,0.0,0.0,2.0,0.3442222006448816,0.37021381102574524,0.18510690551287262,0.3442222006448816,0.37021381102574524
GBPUSD,2022-04-07,1.30637,1.31065,1.305,1.3074,43,14,0.3276254047475112,-0.1048707487159145,0.0788444315163287,0.352987829862965,1.0,0.0,1.0,2.0,1.0238532167585126,-1.3820316604295801,-0.3481292459782679,1.0238532167585126,-1.3820316604295801
GBPUSD,2022-04-08,1.30735,1.30771,1.298,1.3031,4,93,0.0275366198799033,-0.7151872107698757,-0.3250850958044966,0.3501013519340211,3.0,0.0,0.0,2.0,0.481082647214098,0.4285919581373695,0.21429597906868475,0.481082647214098,0.4285919581373695
GBPUSD,2022-04-11,1.30314,1.30566,1.2987,1.30294,25,44,0.1933790690179165,-0.3407155025553662,-0.0153475451601499,0.3446975437414615,2.0,0.0,0.0,7.0,0.996477467847271,-1.4456546347542003,-0.20652209067917146,0.8392759099032454,-1.6283284755547107
GBPUSD,2022-04-12,1.30283,1.30537,1.2992,1.3001,25,36,0.1949602020217516,-0.2786242257240025,-0.2095438391808524,0.3437567221063168,6.0,3.0,1.0,8.0,1.5637445662602412,2.4260357232264367,0.1537141625368091,3.975050448360889,7.6208916062434575
GBPUSD,2022-04-13,1.30017,1.31179,1.2971,1.31147,116,31,0.893729281555486,-0.2361229685348937,0.8691171154541225,0.3518592505980531,1.0,2.0,2.0,6.0,1.7089922033569476,11.95911739631875,0.701777131264717,2.6110227008984235,12.982424615264106
GBPUSD,2022-04-14,1.31154,1.31472,1.3032,1.30707,32,83,0.2424630586943732,-0.635893682236151,-0.340820714579805,0.3598765646267607,3.0,2.0,2.0,6.0,1.7080622553152334,7.533882000093688,0.39577638426396655,1.7080622553152334,6.927239563353871
GBPUSD,2022-04-15,1.3073,1.3078,1.30433,1.3058,5,30,0.0382467681481042,-0.2271858027996571,-0.1147403044442618,0.3550858018311045,1.0,0.0,1.0,2.0,1.158829905953329,2.372501008326283,0.6215699541191457,1.158829905953329,2.3645227104287136
GBPUSD,2022-04-18,1.30551,1.30645,1.3003,1.30078,9,52,0.0720025124280887,-0.3990777550535758,-0.3623105146647594,0.3624587739255659,3.0,0.0,0.0,1.0,0.1915738277819547,-0.1915738277819547,-0.1915738277819547,0.1915738277819547,-0.1915738277819547
GBPUSD,2022-04-19,1.30083,1.30407,1.2979,1.2998,32,29,0.2490717465003214,-0.2252408077919387,-0.0791802157084218,0.3145424577483071,6.0,0.0,0.0,2.0,0.0682855211485708,0.033304218663509494,0.016652109331754747,0.0682855211485708,0.033304218663509494
GBPUSD,2022-04-20,1.29977,1.30705,1.2994,1.30615,73,4,0.5600990944551691,-0.0284665748555499,0.490856074536251,0.3303596586558581,2.0,0.0,1.0,1.0,0.4830109219342733,-1.1908574238382175,-0.353923250951972,0.4830109219342733,-1.1908574238382175
GBPUSD,2022-04-21,1.3062,1.30902,1.3021,1.3032,28,41,0.2158934313275183,-0.3138876129229821,-0.2296738631143862,0.3322325646315663,0.0,0.0,2.0,2.0,1.2179562962384465,0.5459158182931333,0.19655057123254593,1.2179562962384465,0.5355417608105077
GBPUSD,2022-04-22,1.30328,1.3035,1.282,1.2837,2,213,0.0168804861580097,-1.632803388373946,-1.5023632680621148,0.4631114181752044,0.0,0.0,5.0,1.0,1.3619920206781364,-5.390354085448775,-0.5408622681787935,1.132521506297474,-4.378106595595524
GBPUSD,2022-04-25,1.28356,1.28392,1.2695,1.2742,4,141,0.0280469942971046,-1.0953909439371716,-0.7292218517248928,0.4673000629057219,0.0,0.0,0.0,2.0,0.6041113958519492,-0.5617418726465406,-0.2808709363232703,0.6041113958519492,-0.5617418726465406
GBPUSD,2022-04-26,1.2742,1.27723,1.2568,1.25711,30,174,0.2377962643227192,-1.3655627060116216,-1.3412337152723317,0.5374655870962298,2.0,0.0,3.0,5.0,1.2500818957774615,1.8726956912910244,0.06764282595175057,1.2500818957774615,1.8726956912910244
GBPUSD,2022-04-27,1.25713,1.26017,1.25,1.25396,30,71,0.2418206549839659,-0.5671648914591236,-0.252161669835269,0.5252636947083833,0.0,0.0,0.0,5.0,1.0707858317696417,-1.8395725874517863,-0.36791451749035725,1.2896951970543709,-2.0584819527365155
GBPUSD,2022-04-28,1.25394,1.25698,1.2409,1.24554,30,130,0.2424358422253003,-1.0399221653348774,-0.6698885114120263,0.5304571180007644,6.0,1.0,2.0,1.0,0.8596849135608984,-3.015121732345837,-0.2793153471402642,0.8596849135608984,-3.015121732345837
GBPUSD,2022-04-29,1.24558,1.26143,1.245,1.2571,159,6,1.2724995584386505,-0.0465646526116189,0.9248703415276576,0.5932805903307057,1.0,1.0,1.0,6.0,1.2799519555652823,-2.0108559270667237,-0.12467886881572462,1.2799519555652823,-2.0108559270667237
GBPUSD,2022-05-02,1.2578,1.25971,1.2471,1.24879,19,107,0.1518524407696039,-0.8506916838925053,-0.7163301001749056,0.6002869405233537,3.0,1.0,0.0,3.0,1.3907230096163126,-5.021942598999757,-0.7523251018040492,1.307467094451473,-4.938686683834917
GBPUSD,2022-05-03,1.2486,1.25673,1.2468,1.24937,81,18,0.6511292647765474,-0.1441614608361384,0.0616690693576933,0.6037348469055969,6.0,1.0,0.0,3.0,4.634552255110592,7.84957348573719,1.7421946393575705,4.634552255110592,7.627985705478724
GBPUSD,2022-05-04,1.2495,1.26382,1.245,1.26329,143,45,1.1460584233693387,-0.3601440576230451,1.1036414565826305,0.6727121775313835,0.0,2.0,1.0,7.0,3.5658977753004995,10.230094615018155,0.4153930909884962,3.5658977753004995,9.361449283736436
GBPUSD,2022-05-05,1.26324,1.2634,1.2323,1.23566,2,309,0.0126658433868591,-2.449257464931444,-2.183274753807664,0.8059999026868018,3.0,2.0,1.0,6.0,2.770417391587164,8.058862293644957,0.4815226598026562,2.770417391587164,7.670844324940214
GBPUSD,2022-05-06,1.23562,1.23802,1.2274,1.2337,24,82,0.1942344733817806,-0.6652530713326018,-0.1553875787054209,0.8064050661429685,3.0,3.0,0.0,2.0,0.5540033460453746,-2.2393107976925393,-0.20188499751024644,0.5540033460453746,-2.1162273396072666
GBPUSD,2022-05-09,1.23427,1.24058,1.2259,1.23278,63,84,0.5112333606099182,-0.6781336336457978,-0.1207191295259539,0.804979058802535,3.0,0.0,0.0,1.0,0.1268468036573293,0.1268468036573293,0.1268468036573293,0.1268468036573293,0.1268468036573293
GBPUSD,2022-05-10,1.23268,1.23757,1.229,1.23138,49,37,0.3966966284842831,-0.2985365220495105,-0.1054612713761948,0.8057798359292331,2.0,0.0,0.0,3.0,1.3955830855944298,-2.624027384666443,-0.8746757948888143,1.3955830855944298,-2.624027384666443
GBPUSD,2022-05-11,1.23137,1.24001,1.2235,1.22463,86,79,0.7016575034311361,-0.6391255268522088,-0.5473578209636395,0.7611593883406712,2.0,3.0,0.0,3.0,1.3610857319567844,2.8410284916345323,0.4053411545153756,1.3610857319567844,3.2554341648070944
GBPUSD,2022-05-12,1.22489,1.2253,1.2163,1.21955,4,86,0.0334723934394126,-0.7012874625476653,-0.4359575145523371,0.7614392884822803,4.0,1.0,3.0,11.0,3.2520570647536777,-1.0370257820663131,0.037833990849514644,3.2520570647536777,-0.4025686061818594
GBPUSD,2022-05-13,1.21955,1.22628,1.2153,1.2261,67,42,0.5518428928703313,-0.348489196834887,0.5370833504161417,0.785526982461021,4.0,0.0,1.0,2.0,1.299483020705998,-3.4085961138947587,-0.7030376977295868,1.299483020705998,-3.4085961138947587
GBPUSD,2022-05-16,1.22474,1.23294,1.2215,1.23195,82,32,0.6695298593987283,-0.2645459444453443,0.5886963763737741,0.810924998276182,6.0,0.0,1.0,1.0,1.3218447887274294,-1.3441490082800251,-0.6664984492518636,2.40143492782314,-2.423739147375736
GBPUSD,2022-05-17,1.2321,1.24988,1.2316,1.24892,178,5,1.4430646863079402,-0.0405811216621982,1.365148932716505,0.8891689591464952,0.0,2.0,0.0,9.0,2.6886814415354845,2.679183993384303,0.3001119879581203,2.0971900290039422,0.2754491062443064
GBPUSD,2022-05-18,1.24897,1.25009,1.2327,1.23387,11,163,0.0896738912864208,-1.302673402883977,-1.208996212879404,0.901233695995976,5.0,1.0,0.0,8.0,1.418373311423141,4.703126815893072,0.20737557700519885,1.121955184913859,2.900920163608777
GBPUSD,2022-05-19,1.23387,1.25246,1.2335,1.24721,186,4,1.5066417045555758,-0.0299869516237514,1.0811511747590838,0.951417934250574,3.0,0.0,3.0,3.0,1.7739956863499162,1.6698067757745232,0.10822150603409897,1.6634355685177002,1.8283823391561906
GBPUSD,2022-05-20,1.24722,1.25,1.24367,1.24866,28,35,0.2228957200814615,-0.2846330238450267,0.1154567758695424,0.903814772807476,5.0,0.0,1.0,1.0,0.6954976016169356,1.1822862654585429,0.24339433192080362,0.6245037735730153,1.0402986093707025
GBPUSD,2022-05-23,1.24874,1.26008,1.2481,1.2584,113,6,0.908115380303356,-0.0512516616749662,0.773579768406554,0.9141713616485588,2.0,0.0,0.0,1.0,0.1881891177624025,0.1881891177624025,0.1881891177624025,0.1881891177624025,0.1881891177624025
GBPUSD,2022-05-24,1.25844,1.25986,1.2469,1.2528,14,115,0.112838117033786,-0.9170083595562843,-0.4481739296271645,0.8689503693811024,4.0,0.0,4.0,4.0,2.4073161144510533,-11.50862050817551,-0.8569239356573386,1.8640419459495023,-9.966021724907673
GBPUSD,2022-05-25,1.25316,1.25906,1.2479,1.2578,59,53,0.4708097928436924,-0.41973890006065,0.3702639726770705,0.8711383897560663,3.0,0.0,2.0,1.0,0.6659396252507461,-1.2385166333372772,-0.17571322686035742,0.6659396252507461,-1.2385166333372772
GBPUSD,2022-05-26,1.25767,1.26206,1.2549,1.25999,44,28,0.3490581790135643,-0.2202485548673468,0.1844681037155913,0.8565336012735755,3.0,1.0,2.0,2.0,0.4475022172724651,-2.0138486537252387,-0.22863900892725503,0.5403116777093204,-3.389826491412949
GBPUSD,2022-05-27,1.25998,1.26669,1.2584,1.26275,67,16,0.5325481356846928,-0.1253988158542307,0.2198447594406212,0.83322269387816,3.0,1.0,1.0,5.0,1.183895948342898,-2.069057049283984,-0.11976798279452415,1.3274843360705029,-1.925468661556379
GBPUSD,2022-05-30,1.26243,1.26596,1.2614,1.26516,35,10,0.2796194640494945,-0.0815886821447418,0.2162496138399849,0.815520116532561,2.0,0.0,0.0,0.0,0.0,0.0,0.0,0.0,0.0
GBPUSD,2022-05-31,1.2652,1.2653,1.2559,1.25977,1,93,0.007903888713246,-0.73506165033197,-0.4291811571293112,0.8231530912419441,1.0,0.0,1.0,6.0,0.7369078403560527,-2.0837163299047283,-0.24755786459762666,0.7369078403560527,-2.0837163299047283
GBPUSD,2022-06-01,1.25978,1.26166,1.2456,1.2484,19,142,0.149232405658139,-1.1255933575703585,-0.9033323278667662,0.8096615336750952,5.0,2.0,0.0,7.0,1.7558874650157386,-4.931590092226209,-0.46440928089913264,1.7558874650157386,-4.868684348876091
GBPUSD,2022-06-02,1.24824,1.25864,1.2467,1.25739,104,15,0.833173107735689,-0.1233737101839467,0.7330321092097667,0.6536364171994165,1.0,1.0,1.0,6.0,0.6748863007556928,-3.625614439275191,-0.30775915951040367,0.6748863007556928,-3.625614439275191
GBPUSD,2022-06-03,1.25733,1.25896,1.2482,1.2485,16,91,0.1296397922581995,-0.7261419038756796,-0.7022818194109832,0.6755806274558669,4.0,3.0,1.0,1.0,0.4432429031136236,-2.2108057601656843,-0.22385286767912538,0.4432429031136236,-1.9960878100259682
GBPUSD,2022-06-06,1.24896,1.25775,1.2475,1.25299,88,15,0.7037855495772365,-0.1168972585190892,0.3226684601588503,0.6764682780098099,4.0,0.0,0.0,0.0,0.0,0.0,0.0,0.0,0.0
GBPUSD,2022-06-07,1.253,1.25995,1.2428,1.2589,70,102,0.5546687948922595,-0.8140462889066231,0.4708699122106957,0.6801330788968384,2.0,0.0,0.0,3.0,2.422714146237158,2.331726932664596,0.7772423108881986,1.780914862466264,2.78337718192571
GBPUSD,2022-06-08,1.25902,1.25976,1.2511,1.25351,7,79,0.0587758732982766,-0.6290606980032031,-0.4376419755047676,0.6749306795203319,2.0,0.0,0.0,7.0,0.5559267401910907,0.1682565942226617,0.0240366563175231,0.6010181979651417,0.3580503125880984
GBPUSD,2022-06-09,1.25352,1.25584,1.2485,1.2495,23,50,0.1850788180483837,-0.4004722700874357,-0.3206969174803682,0.6704047694100501,0.0,0.0,1.0,3.0,2.0621287142254987,4.689571160536867,0.6568606115778421,2.0621287142254987,5.02500802638882
GBPUSD,2022-06-10,1.24954,1.25177,1.2299,1.2314,22,196,0.1784656753685319,-1.571778414456528,-1.451734238199661,0.749158376616442,0.0,3.0,1.0,3.0,2.005385892354783,0.26444187989168955,-0.06408805339034758,2.005385892354783,0.5457836419089365
GBPUSD,2022-06-13,1.23139,1.2317,1.2106,1.21345,3,208,0.0251748024590123,-1.6883359455574665,-1.4568901810149562,0.8059191785749157,0.0,0.0,0.0,7.0,1.7316410921157477,-4.9624034564458,-0.7089147794922572,1.7316410921157477,-5.129306337179414
GBPUSD,2022-06-14,1.21334,1.22086,1.1932,1.19953,75,201,0.6197768144131052,-1.6598809896648956,-1.1381805594474836,0.7637183586369022,6.0,1.0,1.0,6.0,1.1165053340413411,-0.17691368501352434,-0.0587791721127492,1.1165053340413411,0.19977231109976112
GBPUSD,2022-06-15,1.19965,1.22046,1.1988,1.21703,208,9,1.7346726128454126,-0.0708539990830673,1.4487558871337431,0.8088887966726913,6.0,3.0,1.0,4.0,2.5862573907647604,6.648287662316951,0.24613200141369018,2.5862573907647604,6.175783960988872
GBPUSD,2022-06-16,1.2169,1.24064,1.2039,1.23512,237,130,1.950858739419827,-1.068288273481808,1.4972471032952503,0.844554431358588,1.0,2.0,2.0,4.0,1.7515607131539468,-1.9577350454231914,-0.3582615721113726,1.7515607131539468,-1.9577350454231914
GBPUSD,2022-06-17,1.23506,1.23605,1.2171,1.2222,10,180,0.0801580490016716,-1.4541803637070243,-1.0412449597590476,0.8720183646537524,3.0,0.0,0.0,3.0,0.3328418386981763,-0.3345448133736491,-0.11151493779121636,0.3338330242610597,-0.3700457165426286
GBPUSD,2022-06-20,1.22227,1.22803,1.2197,1.2246,58,26,0.4712543055135107,-0.210264507841963,0.1906289117788985,0.8505989004596619,3.0,0.0,0.0,1.0,0.2711322925323997,-0.2711322925323997,-0.2711322925323997,0.2711322925323997,-0.2711322925323997
GBPUSD,2022-06-21,1.22478,1.23242,1.2239,1.22783,76,9,0.6237854961707483,-0.0718496383023883,0.2490243145707798,0.8513216892321231,3.0,0.0,1.0,1.0,0.6518859084523159,-1.6871847357210936,-0.517649413634389,0.6518859084523159,-1.6871847357210936
GBPUSD,2022-06-22,1.22777,1.23149,1.2159,1.22618,37,119,0.3029883447225413,-0.96679345480017,-0.1295030828249574,0.8441299028921613,3.0,1.0,0.0,5.0,0.4911692658084316,-0.8845368597129489,-0.11090888517479691,0.4911692658084316,-1.159784801300353
GBPUSD,2022-06-23,1.22639,1.22946,1.2168,1.22575,31,96,0.2503281990231416,-0.7819698464599342,-0.0521856831839949,0.8412335799328675,3.0,0.0,5.0,4.0,2.6843240404137747,-9.43011991130977,-0.6036112540820422,2.5112862812411567,-10.195206465951665
GBPUSD,2022-06-24,1.22568,1.23208,1.2239,1.22668,64,18,0.522159127994253,-0.1452255074734118,0.0815873637490935,0.8387221835303504,3.0,0.0,2.0,3.0,0.9974054263826342,-1.314819145870779,-0.05753770259219406,0.9974054263826342,-0.8179085632601739
GBPUSD,2022-06-27,1.22688,1.23325,1.2236,1.2265,64,33,0.5192031820552937,-0.2673448095983266,-0.0309728742827372,0.8349678448835506,1.0,0.0,3.0,0.0,0.1421923524269042,0.5275239049336551,0.08792065082227585,0.1421923524269042,0.5275239049336551
GBPUSD,2022-06-28,1.22675,1.22915,1.2178,1.2186,24,90,0.1956388832280381,-0.7295700020379061,-0.6643570409618994,0.8406688407202064,2.0,1.0,1.0,4.0,0.7429075136194335,-2.3110020313573685,-0.12702201898711044,0.7429075136194335,-2.3188016073989997
GBPUSD,2022-06-29,1.21844,1.22131,1.2104,1.2121,29,80,0.2355470930041633,-0.6598601490430426,-0.520337480713044,0.8272625171845951,4.0,0.0,1.0,4.0,0.8886028363867154,-1.0661501837397882,-0.16259504644608794,0.8886028363867154,-0.8133164580572851
GBPUSD,2022-06-30,1.21206,1.21885,1.209,1.21731,68,31,0.5602032902661646,-0.25246274936883,0.4331468739171309,0.8130563926978682,1.0,1.0,1.0,8.0,1.0701641796491668,-3.9276692660419075,-0.34691426518552104,3.491790452937756,-6.352976182387633
GBPUSD,2022-07-01,1.21719,1.2176,1.1975,1.2094,4,197,0.033684141341945,-1.6176603488362529,-0.6399986854969203,0.8109972076657357,3.0,1.0,0.0,8.0,1.8999874103567131,-7.531073655024675,-0.41456653714569425,1.8999874103567131,-7.353334746786825
GBPUSD,2022-07-04,1.20983,1.21653,1.2083,1.20979,67,15,0.5537968144284675,-0.1264640486679972,-0.0033062496383822,0.8040429443052561,0.0,0.0,0.0,0.0,0.0,0.0,0.0,0.0,0.0
GBPUSD,2022-07-05,1.20974,1.21257,1.1897,1.19513,28,200,0.2339345644518564,-1.6565543009241703,-1.2076975217815409,0.8204300054013293,3.0,0.0,0.0,3.0,2.16825019454566,3.570697234823019,1.190232411607673,0.7651270400912052,1.6884204835248837
GBPUSD,2022-07-06,1.1951,1.19894,1.1874,1.19167,38,77,0.3213120240983887,-0.6442975483223194,-0.287005271525399,0.8194014349234853,5.0,1.0,1.0,3.0,1.612102791008321,-1.7890292712523914,0.014837030612057944,1.7101114516025977,-1.6910206106581147
GBPUSD,2022-07-07,1.19171,1.20296,1.1907,1.20204,112,10,0.944021615997179,-0.0847521628584098,0.8668216260667402,0.8563671698092915,3.0,0.0,1.0,5.0,0.6998189534200806,1.6126069591020138,0.21073738676959144,0.6998189534200806,1.8236918944430707
GBPUSD,2022-07-08,1.20208,1.20561,1.1918,1.2027,35,103,0.2936576600559058,-0.855184347131644,0.051577266072147,0.8044536474884147,0.0,3.0,0.0,1.0,0.4350120975766213,-1.570544066915066,-0.14073317461125118,0.4350120975766213,-1.4474606088297937
GBPUSD,2022-07-11,1.20331,1.20369,1.1865,1.1889,4,168,0.0315795597144397,-1.396979996842043,-1.1975301460139145,0.7835472103964918,3.0,0.0,0.0,0.0,0.0,0.0,0.0,0.0,0.0
GBPUSD,2022-07-12,1.18907,1.19158,1.1805,1.1886,25,86,0.2110893387269052,-0.720731327844447,-0.0395266889249556,0.7448327347050975,3.0,0.0,0.0,5.0,1.8862633135707536,-2.708207269746456,-0.5416414539492912,1.8862633135707536,-2.9310343478800123
GBPUSD,2022-07-13,1.18853,1.19673,1.1826,1.1891,82,59,0.6899278941213082,-0.4989356600169949,0.0479584023962339,0.657213933446484,1.0,3.0,1.0,10.0,3.145669310796768,5.66391165609691,0.28199724127670267,3.4940988629272165,4.815448722155269
GBPUSD,2022-07-14,1.18915,1.1893,1.1758,1.18246,2,133,0.012614052053996,-1.1226506328049426,-0.5625867216078596,0.5417230354808824,4.0,1.0,2.0,2.0,0.6572723460160002,1.064382154799855,0.11456032806518954,0.6572723460160002,0.9904223735175526
GBPUSD,2022-07-15,1.18245,1.18746,1.18038,1.18618,50,21,0.4236965622225006,-0.1750602562476228,0.3154467419341207,0.51827512931445,6.0,3.0,1.0,5.0,3.3363982603013325,12.639657801058785,0.39246765045596266,3.4624857339439816,13.013315012802462
GBPUSD,2022-07-18,1.18644,1.20336,1.1861,1.19509,169,3,1.4261151006372044,-0.028657159232663,0.7290718451839155,0.5501739902923269,4.0,0.0,0.0,2.0,2.075644203722221,-1.8792737885754327,-0.9396368942877164,2.075644203722221,-1.8792737885754327
GBPUSD,2022-07-19,1.19501,1.20455,1.1923,1.19969,95,27,0.7983196793332361,-0.2267763449678237,0.3916285219370564,0.5562085921026627,3.0,0.0,0.0,6.0,0.7446798629318957,-1.5184558467041303,-0.25307597445068836,0.7446798629318957,-1.673018079075504
GBPUSD,2022-07-20,1.19994,1.20378,1.1951,1.19763,38,48,0.3200160008000454,-0.40335350100838,-0.1925096254812769,0.5564383377919954,3.0,1.0,1.0,6.0,1.130179192668875,-2.898149277681494,-0.22401286243597368,1.130179192668875,-3.294929282058913
GBPUSD,2022-07-21,1.19795,1.2005,1.1889,1.19914,25,91,0.2128636420551634,-0.7554572394507285,0.0993363662924182,0.5584958412700048,3.0,0.0,2.0,3.0,0.515714295870196,0.0945613581683385,-0.002297478185563939,0.515714295870196,0.0761420806445561
GBPUSD,2022-07-22,1.19917,1.20641,1.1915,1.2002,72,77,0.6037509277250025,-0.6396090629352023,0.0858927424802041,0.5585770200785158,4.0,3.0,2.0,1.0,2.15766535910442,-7.9564824849484825,-0.42599652414189443,2.171390452553837,-7.308002203971221
GBPUSD,2022-07-25,1.20041,1.20867,1.1958,1.20472,83,46,0.6880982331036841,-0.3840354545530279,0.3590439933022914,0.5684319133732646,3.0,0.0,0.0,1.0,0.7389826873736358,-0.7389826873736358,-0.7389826873736358,0.7389826873736358,-0.7389826873736358
GBPUSD,2022-07-26,1.20469,1.20903,1.1962,1.20292,43,85,0.3602586557537632,-0.7047456192049497,-0.146925765134603,0.552798216413248,6.0,1.0,1.0,4.0,0.9679862626678022,-1.4643407255312395,-0.1596114744048678,0.9679862626678022,-1.4643407255312395
GBPUSD,2022-07-27,1.20303,1.2186,1.2018,1.21558,156,12,1.2942320640382918,-0.1022418393556323,1.043199255213923,0.5948482348132155,3.0,1.0,3.0,4.0,3.5011653803694966,-4.456596286777116,-0.4083371313910903,3.5011653803694966,-4.429486252698117
GBPUSD,2022-07-28,1.21573,1.21917,1.2102,1.21753,34,55,0.282957564590831,-0.4548707361009463,0.1480591907742692,0.5874767149167001,3.0,1.0,2.0,1.0,0.2125737130061093,-0.7882844286065137,-0.1171732588670466,0.2125737130061093,-0.7882844286065137
GBPUSD,2022-07-29,1.21742,1.22457,1.2062,1.21745,71,112,0.587307584892641,-0.9216211332161462,0.002464227628918,0.5682916337760952,5.0,1.0,1.0,8.0,1.125845586387808,1.9745861559729558,-0.04810228270084362,1.125845586387808,1.9745861559729558
GBPUSD,2022-08-01,1.21752,1.22934,1.2154,1.22481,118,21,0.970825941257652,-0.1741244497010234,0.5987581312832659,0.5824729438996888,1.0,1.0,0.0,4.0,5.269445072769347,-9.364851420635937,-1.8350981501532577,5.269445072769347,-9.321837282704879
GBPUSD,2022-08-02,1.22485,1.22794,1.2156,1.21621,31,92,0.2522757888721098,-0.7551945136139103,-0.7053924970404524,0.5339584542979389,3.0,1.0,0.0,3.0,1.1805818800880985,-4.4961922201399185,-0.5337571149909306,1.1805818800880985,-4.576331484944661
GBPUSD,2022-08-03,1.21607,1.22077,1.2099,1.21429,47,62,0.3864909092404159,-0.5073721085134909,-0.1463731528612574,0.5297752561506726,3.0,1.0,0.0,4.0,1.30595515913073,0.7642624901753325,-0.03774712905898525,1.405341759060221,0.7587789182190738
GBPUSD,2022-08-04,1.21453,1.22149,1.20645,1.21553,70,81,0.5730611841617625,-0.6652779264406878,0.0823363770347286,0.4970631532243942,0.0,2.0,2.0,3.0,1.1582996852209897,2.720030048924059,0.15118942567949661,1.1582996852209897,3.1727307045516193
GBPUSD,2022-08-05,1.21548,1.21692,1.2002,1.207,14,153,0.1184717148780817,-1.2571165300951033,-0.697666765393081,0.5242837682157051,3.0,3.0,0.0,1.0,0.6563614272061098,-2.8895747581904403,-0.33162872467912197,0.5452849753829675,-2.5563454027210137
GBPUSD,2022-08-08,1.20653,1.21379,1.2045,1.20787,73,20,0.6017256098066208,-0.1682511002627533,0.1110623026364778,0.4405223068913775,3.0,0.0,0.0,0.0,0.0,0.0,0.0,0.0,0.0
GBPUSD,2022-08-09,1.20791,1.21304,1.2061,1.20725,51,18,0.4247005157668913,-0.149845601079558,-0.0546398324378558,0.4407441098222698,6.0,0.0,0.0,6.0,0.9720188158003056,-0.7899818285689424,-0.13166363809482373,0.6601041498876495,-0.4780671626562864
GBPUSD,2022-08-10,1.20747,1.22767,1.2063,1.22156,202,12,1.6729194100060454,-0.0968968173122409,1.1669026973754988,0.5036110129782793,3.0,3.0,0.0,4.0,1.0894529166888005,-8.674227800438265,-0.47485056903762884,1.0894529166888005,-9.37961300519698
GBPUSD,2022-08-11,1.22152,1.22495,1.218,1.21975,34,35,0.2807976946754899,-0.2881655642150736,-0.1449014342786077,0.4814941719309096,1.0,1.0,2.0,4.0,1.1779764539054336,-3.0703679035178064,-0.24277360938354361,1.1779764539054336,-3.2373087128865765
GBPUSD,2022-08-12,1.21972,1.22169,1.2098,1.213,20,99,0.1615124782737044,-0.8133014134391442,-0.5509461187813464,0.504464175522841,1.0,3.0,0.0,9.0,3.0033311551585604,-4.5598407183485445,-0.2529079426095259,3.0033311551585604,-3.6626632341784973
GBPUSD,2022-08-15,1.2131,1.21482,1.2048,1.2057,17,83,0.1417855082021221,-0.6841975105102608,-0.6100074190091561,0.5066821750535798,4.0,0.0,1.0,3.0,1.6035150094180854,-3.434461694190011,-0.7889626113684565,1.6035150094180854,-3.2913872268901536
GBPUSD,2022-08-16,1.20573,1.21181,1.2006,1.20916,61,51,0.5042588307498432,-0.4254683884451808,0.2844749653736777,0.5033457711542871,2.0,0.0,0.0,8.0,1.7099889294861874,-3.215040527928417,-0.40188006599105214,1.7099889294861874,-3.3742079694840634
GBPUSD,2022-08-17,1.20925,1.21431,1.2026,1.2048,51,67,0.4184411825511734,-0.549927641099859,-0.3679966921645518,0.5090472401085291,0.0,3.0,0.0,7.0,0.4073377559411854,-1.3926925936556669,-0.09563088660340313,0.4073377559411854,-2.4634103320876273
GBPUSD,2022-08-18,1.20487,1.20798,1.1921,1.193,31,128,0.2581191331844884,-1.05986537966753,-0.9851685244051264,0.5565734833885556,0.0,1.0,2.0,2.0,1.2542499124441382,-2.5399636246782724,-0.256140254836427,1.2542499124441382,-2.5951610509616287
GBPUSD,2022-08-19,1.19296,1.19365,1.179,1.1827,7,140,0.0578393240343414,-1.170198497854075,-0.8600456008583637,0.5859467725312921,1.0,0.0,1.0,2.0,0.7951542302465355,0.6297862396454045,-0.05512266353371037,0.7000510347045608,0.43957984856145493
GBPUSD,2022-08-22,1.18241,1.18365,1.174,1.17648,12,84,0.1048705609729391,-0.711259207888975,-0.5015180859431154,0.584091368361623,5.0,0.0,0.0,0.0,0.0,0.0,0.0,0.0,0.0
GBPUSD,2022-08-23,1.17648,1.18781,1.1716,1.18302,113,49,0.96304229566164,-0.4147966816265466,0.5558955528355765,0.6030138306588742,2.0,3.0,3.0,1.0,3.9478440288052186,-22.340257810131355,-1.4048234584520216,3.091070541145503,-19.602270066668467
GBPUSD,2022-08-24,1.18303,1.1838,1.1754,1.1792,8,76,0.0650871068358314,-0.6449540586460213,-0.3237449599756557,0.5433323007339058,4.0,1.0,3.0,1.0,1.7974890428110404,4.7711938299839955,0.31306372579688263,1.7974890428110404,4.7711938299839955
GBPUSD,2022-08-25,1.17924,1.18646,1.1782,1.1836,72,10,0.6122587429191686,-0.0881923951019429,0.3697296563888538,0.5519238183928629,0.0,1.0,1.0,3.0,2.710242441783558,4.134398909430177,0.7476090926344023,2.710242441783558,8.94459900536996
GBPUSD,2022-08-26,1.18365,1.19008,1.1731,1.174,64,106,0.5432349089680172,-0.8913107759895289,-0.8152747856207627,0.5708692481565891,2.0,1.0,1.0,5.0,2.68916472995592,-0.08886330941773601,-0.017447778844110338,2.68916472995592,-0.01918178761809597
GBPUSD,2022-08-29,1.17298,1.17441,1.1646,1.17055,14,84,0.1219117120496549,-0.7144196832000403,-0.2071646575389122,0.5406712367588621,1.0,0.0,0.0,0.0,0.0,0.0,0.0,0.0,0.0
GBPUSD,2022-08-30,1.17055,1.17605,1.162,1.16535,55,86,0.4698645935671317,-0.7304258681816289,-0.4442356157361814,0.5314062472337946,2.0,2.0,0.0,5.0,1.381598785637292,4.919999272008542,0.18489012799811752,1.381598785637292,4.919999272008542
GBPUSD,2022-08-31,1.1653,1.16938,1.1598,1.16163,41,55,0.3501244314768801,-0.4719814640006917,-0.3149403587059179,0.5317313456621485,1.0,1.0,1.0,2.0,0.07130673443178,-0.02281509309108929,0.012948109661788153,0.07130673443178,-0.02281509309108929
GBPUSD,2022-09-01,1.16155,1.16192,1.1498,1.15408,4,118,0.0318539882054135,-1.0115793551719812,-0.6431061943093356,0.5350853094766197,2.0,1.0,1.0,10.0,3.157881772246756,2.0430832226824127,0.18212459045406706,2.5147492557079327,1.3711910190842431
GBPUSD,2022-09-02,1.15412,1.15886,1.1494,1.15158,47,47,0.4107025266003506,-0.4089696045471924,-0.220081100752087,0.524689615331095,4.0,3.0,0.0,1.0,1.6802376738293412,2.09436671748304,0.0953267602910712,1.5771654492705358,1.785150043806623
GBPUSD,2022-09-05,1.14858,1.15221,1.1441,1.152,36,45,0.3160424175939005,-0.3900468404464678,0.2977589719479687,0.5326359950770173,3.0,0.0,0.0,1.0,2.774933468913338,-2.774933468913338,-2.774933468913338,2.660626549182368,-2.660626549182368
GBPUSD,2022-09-06,1.15202,1.16096,1.1493,1.1517,89,27,0.7760281939549615,-0.2361070120310459,-0.0277772955330721,0.5331044736574063,3.0,1.0,1.0,2.0,0.9618198952678356,-2.022715973020232,-0.28720539073335377,0.8721650157994979,-1.8434062140835568
GBPUSD,2022-09-07,1.15177,1.15398,1.1404,1.15369,22,114,0.1918785868706465,-0.9871762591489516,0.1666999487745074,0.4341726052177026,2.0,0.0,0.0,3.0,2.8409744359128304,5.153856847476952,1.7179522824923172,3.0734097195355234,6.161696865543355
GBPUSD,2022-09-08,1.1537,1.15606,1.1459,1.1501,24,78,0.2045592441709404,-0.6760856375140877,-0.3120395250065049,0.4333040527254493,6.0,0.0,1.0,3.0,0.6579181388208606,0.14506649015780015,0.10990911923259732,0.6579181388208606,0.14506649015780015
GBPUSD,2022-09-09,1.15013,1.16482,1.1498,1.15876,147,3,1.2772469199133896,-0.0286924086842499,0.7503499604392473,0.4844453146826709,5.0,0.0,0.0,2.0,0.3380877410109295,-0.5089737683448959,-0.25448688417244797,0.3380877410109295,-0.5089737683448959
GBPUSD,2022-09-12,1.16308,1.17106,1.1599,1.1679,80,32,0.686109296007162,-0.2734119751005916,0.4144168930770064,0.4940336362813154,0.0,1.0,0.0,7.0,1.0685640063298452,4.08395071704594,0.38844713183942153,1.8244714151080323,5.1693733361498895
GBPUSD,2022-09-13,1.16793,1.17381,1.14884,1.14928,59,191,0.5034548303408687,-1.6345157672120616,-1.5968422765062833,0.5772146961829212,4.0,3.0,0.0,7.0,2.4833260665423587,6.042948505158529,0.44750909929327926,2.4833260665423587,6.261090964640518
GBPUSD,2022-09-14,1.1493,1.15898,1.1478,1.154,97,15,0.8422518054467859,-0.1305142260506444,0.4089445749586641,0.5949577096558285,1.0,2.0,1.0,7.0,0.7623399747921739,0.251800043086965,-0.005340267549251873,0.7623399747921739,0.24611384198805342
GBPUSD,2022-09-15,1.1542,1.15492,1.146,1.1465,7,82,0.0623808698665789,-0.71044879570265,-0.6671287471841811,0.5772596399333147,2.0,3.0,2.0,6.0,0.6160921010742293,0.076099872845317,-0.07531475407567144,0.6160921010742293,-0.17752514138202374
GBPUSD,2022-09-16,1.14665,1.14805,1.1349,1.14187,14,117,0.1220947978895101,-1.0247241965726184,-0.4168665242227364,0.5587378027186816,3.0,1.0,2.0,0.0,1.4471199139194622,-2.634285073050682,-0.5134879128437205,0.9997623407552096,-1.7395699267221771
GBPUSD,2022-09-19,1.14165,1.1442,1.1354,1.1433,26,63,0.2233609249770115,-0.5474532474926719,0.1445276573380571,0.5576230225406821,1.0,0.0,0.0,1.0,0.6314862635020494,-0.6314862635020494,-0.6314862635020494,0.6314862635020494,-0.6314862635020494
GBPUSD,2022-09-20,1.14324,1.14607,1.1355,1.13782,28,77,0.2475420734053994,-0.6770231972289353,-0.4740911794548809,0.5367493544563924,0.0,0.0,0.0,2.0,1.973420542935997,-0.4719689553223694,-0.2359844776611847,1.973420542935997,-0.4719689553223694
GBPUSD,2022-09-21,1.13782,1.13848,1.12346,1.1273,7,144,0.0580056599462026,-1.262062540647919,-0.9245750645972196,0.5605870679685228,3.0,1.0,1.0,3.0,1.8512556809108305,5.531284436020838,0.7626939185618323,1.8512556809108305,5.531284436020838
GBPUSD,2022-09-22,1.12736,1.13645,1.121,1.12536,91,64,0.8063085438546731,-0.5641498722679466,-0.1774056202100484,0.5430834700801633,0.0,2.0,1.0,3.0,0.5616110748482053,3.647731914072248,0.26504290613810105,0.7943822223275404,4.45888000620428
GBPUSD,2022-09-23,1.12536,1.12739,1.0838,1.08474,20,416,0.1803867206938203,-3.693040449278437,-3.609511622947313,0.9223485322139948,0.0,3.0,1.0,2.0,2.5599636060608986,8.650416483367309,0.41859968118718244,2.5710999278797977,8.670248900061049
GBPUSD,2022-09-26,1.08182,1.0931,1.03488,1.06715,113,469,1.0426873232145788,-4.338984304228059,-1.3560481410955576,0.9456698043696964,4.0,0.0,0.0,1.0,0.6696270023051046,0.6696270023051046,0.6696270023051046,0.6696270023051046,0.6696270023051046
GBPUSD,2022-09-27,1.06797,1.08382,1.06485,1.07324,158,31,1.4841240858825546,-0.2921430377257799,0.4934595541073144,0.9689342560460524,6.0,1.0,4.0,2.0,3.332328301582255,4.5452584958384605,0.025046055710202613,3.332328301582255,4.5452584958384605
GBPUSD,2022-09-28,1.07301,1.0916,1.0538,1.08817,186,192,1.7325094826702343,-1.790290864018038,1.4128479697300176,1.0507856795812358,6.0,0.0,1.0,4.0,0.6870009027742241,0.06402103199700479,0.09234557438690184,0.6870009027742241,0.06635331009675124
GBPUSD,2022-09-29,1.08821,1.1127,1.076,1.11205,245,122,2.250484740996694,-1.1220260795250765,2.1907536229220543,1.1867426508388998,3.0,0.0,2.0,2.0,1.0346585187265338,-1.8495297018190142,-0.17030326169916365,1.0346585187265338,-1.4697258334012056
GBPUSD,2022-09-30,1.11218,1.12345,1.1023,1.116,113,99,1.0133251811757191,-0.8883454117139212,0.3434695822618782,1.1922965493760465,5.0,1.0,1.0,11.0,5.244598548312701,3.7419234057850694,0.3954613677916512,3.931314408631587,2.948962946745932
GBPUSD,2022-10-03,1.11867,1.13345,1.1084,1.13176,148,103,1.3212117961507874,-0.9180544754038278,1.1701395407045907,1.2249331144457092,5.0,1.0,0.0,5.0,1.224161838166382,-4.016499573431923,-0.2613626495165266,1.224161838166382,-4.0229668991172955
GBPUSD,2022-10-04,1.13171,1.14901,1.1279,1.14713,173,38,1.5286601691246071,-0.3366586846453677,1.3625398732890923,1.2681355856427907,1.0,1.0,0.0,1.0,2.2482725824294203,-6.641100513749212,-1.0722776744451856,2.2482725824294203,-6.641100513749212
GBPUSD,2022-10-05,1.14708,1.14957,1.1225,1.1322,25,246,0.2170729155769328,-2.1428322348920776,-1.2972068207971548,1.2978521161168342,1.0,2.0,0.0,5.0,1.183710325716132,1.201472167350613,0.19023015516720757,1.2443839188266226,1.2873862223958719
GBPUSD,2022-10-06,1.13214,1.13834,1.1112,1.11655,62,209,0.5476354514459328,-1.8495945731093293,-1.377038175490663,1.328200176828003,2.0,0.0,1.0,4.0,2.341554879425272,5.807929379678894,0.6932749000507243,2.341554879425272,5.807929379678894
GBPUSD,2022-10-07,1.11653,1.12253,1.1053,1.10913,60,112,0.5373792016336333,-1.0057947390576223,-0.6627676820148203,1.314727262177639,3.0,3.0,0.0,2.0,1.3793555920882583,-6.021372658836908,-0.4737047702325693,1.202016920369212,-5.489356643679768
GBPUSD,2022-10-10,1.10902,1.11108,1.1018,1.10558,21,72,0.1857495807109135,-0.6510252294818853,-0.3101837658473145,1.305962433960879,2.0,0.0,0.0,0.0,0.0,0.0,0.0,0.0,0.0
GBPUSD,2022-10-11,1.10578,1.118,1.0951,1.09736,122,107,1.1051022807430158,-0.9658340718768672,-0.7614534536707206,1.274168024315611,5.0,0.0,2.0,4.0,1.1489109028499058,3.0684029893593436,0.19316530809568852,1.1489109028499058,2.760642604286117
GBPUSD,2022-10-12,1.09722,1.11338,1.0922,1.10983,162,50,1.4728131094949009,-0.4575199139643849,1.149268150416508,1.3039709481319497,6.0,2.0,1.0,7.0,1.6941786235711345,-1.7033308432472987,-0.10953873509609176,1.6941786235711345,-0.4085853527512681
GBPUSD,2022-10-13,1.10996,1.13807,1.1055,1.133,281,45,2.5325236945475385,-0.4018162816678196,2.07575047749468,1.3922207040938546,1.0,3.0,1.0,4.0,2.0428794673386568,8.481466929073568,0.5713396645663716,2.0428794673386568,9.155480442492003
GBPUSD,2022-10-14,1.13284,1.13661,1.115,1.1178,38,178,0.3327919211892084,-1.574803149606306,-1.327636735990975,1.4194394600944131,5.0,3.0,1.0,3.0,0.4895984745825629,3.1864760152565657,0.2040140316901726,0.4895984745825629,3.0464943853784643
GBPUSD,2022-10-17,1.12163,1.14398,1.12126,1.1361,224,4,1.9926357176609129,-0.0329877053930424,1.290086748749606,1.4524183780630262,3.0,1.0,0.0,1.0,0.4206221159380898,-1.0841960409746487,-0.1214759045492345,0.4206221159380898,-1.0841960409746487
GBPUSD,2022-10-18,1.13613,1.14109,1.12526,1.13225,50,109,0.4365697587423845,-0.956756709179421,-0.3415102145001105,1.4506318093140145,2.0,0.0,0.0,3.0,2.012043494524793,-0.31511316346175144,-0.10503772115391714,2.012043494524793,-0.34080017710412847
GBPUSD,2022-10-19,1.13225,1.13579,1.11823,1.12166,35,140,0.3126517995142502,-1.2382424376241927,-0.9353058070214068,1.450980927540955,3.0,1.0,0.0,10.0,1.0244745296540685,0.21990909319453822,0.030711589196577713,1.0244745296540685,-0.1276254914777195
GBPUSD,2022-10-20,1.12173,1.13365,1.11687,1.12336,119,49,1.062644308345159,-0.4332593404829918,0.1453112602854537,1.4510894671122334,4.0,1.0,2.0,2.0,0.6890967431660743,-2.1093418028919593,-0.19640507482865327,0.6890967431660743,-2.143851520498055
GBPUSD,2022-10-21,1.12339,1.13148,1.10583,1.12956,81,176,0.7201417139194696,-1.56312589572633,0.5492304542500633,1.1823118914662014,1.0,0.0,1.0,3.0,0.3493469973007305,0.7219709776824886,0.1553705176326293,0.3493469973007305,0.8678775334831821
GBPUSD,2022-10-24,1.13911,1.14084,1.12552,1.12785,17,136,0.1518729534461122,-1.1930366689784122,-0.9884910149151572,1.159643417994415,6.0,3.0,1.0,0.0,1.747201751863953,-14.009349303420832,-1.2744534916407475,1.349019409338909,-11.931730539808857
GBPUSD,2022-10-25,1.12794,1.14997,1.12686,1.14694,220,11,1.9531180736564,-0.0957497739241422,1.6844867634803384,1.204722078624054,5.0,1.0,1.0,3.0,1.3765560654761542,-4.171810096440673,-0.505387326171018,1.3765560654761542,-4.171810096440673
GBPUSD,2022-10-26,1.14704,1.16389,1.14279,1.16224,169,43,1.4689984656158488,-0.3705189008229954,1.3251499511786755,1.200490312851751,2.0,0.0,1.0,3.0,1.264698417959433,-2.569725410007342,-0.32625674801197735,1.264698417959433,-2.6600053397495227
GBPUSD,2022-10-27,1.16225,1.16456,1.1547,1.1565,23,75,0.1987524198752449,-0.6496020649602018,-0.4947300494729982,1.1212374941474863,3.0,1.0,4.0,2.0,2.3128561544985287,3.009283089601132,0.08115106194650909,2.3128561544985287,3.009283089601132
GBPUSD,2022-10-28,1.15657,1.16237,1.15011,1.161,58,65,0.5014828328592135,-0.5585481207363265,0.3830291292355788,1.121668789691528,1.0,1.0,2.0,4.0,0.7108875190937558,-3.4327308559192673,-0.31210447652916967,0.7108875190937558,-3.4327308559192673
GBPUSD,2022-10-31,1.15929,1.16133,1.14574,1.14669,20,135,0.1759697746034246,-1.168818846017817,-1.0868721372564194,1.1252505359619085,3.0,0.0,0.0,4.0,4.636317772163058,2.8046868770875513,0.7011717192718878,4.636317772163058,2.8046868770875513
GBPUSD,2022-11-01,1.14669,1.15661,1.1434,1.14842,99,33,0.8650986753176473,-0.2869127663099892,0.1508690230140673,1.080854197007427,1.0,2.0,0.0,6.0,1.560838183222654,4.173199845641122,0.3852897111622655,1.560838183222654,3.8737409689490514
GBPUSD,2022-11-02,1.14814,1.1565,1.13845,1.13874,84,97,0.7281341996620748,-0.8439737314264791,-0.8187154876582867,1.05662041609077,0.0,2.0,0.0,2.0,0.5516196690366847,1.7026109350100782,0.10069049133766377,0.5516196690366847,1.7026109350100782
GBPUSD,2022-11-03,1.13874,1.1422,1.11486,1.11576,35,239,0.3038446001721216,-2.097054639338227,-2.018019916750092,1.108474123898044,6.0,3.0,1.0,8.0,2.12459756852254,4.405178319284458,0.3426437709683226,2.0868329722703307,3.472965478791937
GBPUSD,2022-11-04,1.11609,1.13821,1.11422,1.13724,221,19,1.9819190208674853,-0.167549211981116,1.8950084670591083,1.1792979248726785,6.0,3.0,0.0,1.0,1.6802376738293412,4.803709239344306,0.452928249971019,1.5771654492705358,4.494492565667889
GBPUSD,2022-11-07,1.1305,1.15416,1.1288,1.15089,237,17,2.0928792569659453,-0.1503759398496271,1.803626713843424,1.236010243768816,3.0,0.0,0.0,1.0,1.4577907728244497,-1.4577907728244497,-1.4577907728244497,1.4577907728244497,-1.4577907728244497
GBPUSD,2022-11-08,1.1511,1.15992,1.14271,1.15394,88,84,0.7662236121970333,-0.7288680392667987,0.2467205281904225,1.2158174322343234,0.0,0.0,0.0,4.0,0.4443151528912453,-1.2635312427072192,-0.3158828106768048,0.4443151528912453,-1.2635312427072192
GBPUSD,2022-11-09,1.1538,1.15672,1.13311,1.13571,29,207,0.2530767897382591,-1.793205061535784,-1.5678627145085753,1.259236477572648,6.0,0.0,0.0,4.0,0.6575983301262905,-0.5877514432316122,-0.14693786080790305,0.7119999507077409,-0.3597096023168023
GBPUSD,2022-11-10,1.13552,1.17312,1.135,1.17114,376,5,3.3112582781456825,-0.0457939974637237,3.136888826264617,1.3648563986699302,5.0,3.0,1.0,4.0,0.9780647962958192,-5.01144928431267,-0.256302068770074,0.9780647962958192,-5.046629645333757
GBPUSD,2022-11-11,1.17145,1.18548,1.16441,1.18366,140,70,1.1976610183960037,-0.600964616500931,1.0422980067437646,1.332160361617833,3.0,2.0,2.0,8.0,2.103372146334213,-13.587699359180977,-0.4555392719281866,2.103372146334213,-12.737805420966703
GBPUSD,2022-11-14,1.18085,1.18289,1.1709,1.17554,20,99,0.1727569123936183,-0.8426133717237502,-0.4496760807892557,1.318783327225955,4.0,0.0,0.0,2.0,0.8072020640045353,-0.9986696086757478,-0.4993348043378739,0.8072020640045353,-0.9865949206325582
GBPUSD,2022-11-15,1.17522,1.20289,1.17378,1.18613,277,14,2.3544527833086644,-0.1225302496553739,0.9283368220418284,1.3227604299453566,3.0,3.0,2.0,1.0,0.8940921818921801,-1.2096922335548197,-0.01326409863939563,0.8971051922998547,-1.2929885523959879
GBPUSD,2022-11-16,1.18613,1.19421,1.18286,1.1913,81,33,0.6812069503342878,-0.2756864761872547,0.4358712788648899,1.2934902242682704,3.0,3.0,0.0,11.0,3.1158467678374677,7.306356552006294,0.015723932971639785,3.1158467678374677,6.171451524755912
GBPUSD,2022-11-17,1.19111,1.19579,1.17599,1.18641,47,151,0.3929108142824775,-1.2694041692202904,-0.3945899203264121,1.3028209064991751,3.0,1.0,1.0,4.0,0.5161907087799528,-2.3848718743558313,-0.28241770007882605,0.5161907087799528,-2.3848718743558313
GBPUSD,2022-11-18,1.18604,1.19508,1.18541,1.18883,90,6,0.7622002630602625,-0.0531179386867144,0.2352365856126328,1.30140000189702,2.0,0.0,2.0,2.0,1.2722277995232427,-1.4578773315518032,-0.16298422194935425,1.2722277995232427,-1.4945088226065244
GBPUSD,2022-11-21,1.18973,1.1899,1.17757,1.1822,2,122,0.0142889563178203,-1.0220806401452387,-0.6329167121952071,1.2856005722404662,4.0,0.0,0.0,0.0,0.0,0.0,0.0,0.0,0.0
GBPUSD,2022-11-22,1.18213,1.19029,1.18144,1.18849,82,7,0.6902794108939091,-0.0583692148917511,0.5380118937849597,1.2450803961545154,5.0,0.0,1.0,1.0,0.379225364810572,-0.24211344128292892,-0.15533470152337525,0.379225364810572,-0.24211344128292892
GBPUSD,2022-11-23,1.18836,1.2081,1.18692,1.20524,197,14,1.661112794102786,-0.1211754013935261,1.4204449830017845,1.2496542877398962,4.0,3.0,6.0,3.0,1.8109858230889069,1.7056309876699245,0.02362612614575953,1.7722042328066443,2.0402516141637337
GBPUSD,2022-11-24,1.20515,1.21534,1.20447,1.211,102,7,0.8455378998465041,-0.0564245114716022,0.4854167531012847,1.238591270525547,3.0,0.0,0.0,1.0,0.3006509899281542,-0.3006509899281542,-0.3006509899281542,0.3006509899281542,-0.3006509899281542
GBPUSD,2022-11-25,1.21101,1.21276,1.20548,1.2093,18,55,0.1445074772297619,-0.4566436280459957,-0.1412044491787746,1.2419868077728131,2.0,0.0,0.0,0.0,0.0,0.0,0.0,0.0,0.0
GBPUSD,2022-11-28,1.20653,1.21182,1.19373,1.19555,53,128,0.4384474484679033,-1.060893637124659,-0.9100478230960036,1.2324840237791588,3.0,0.0,0.0,1.0,0.3224497572761524,-0.3224497572761524,-0.3224497572761524,0.3224497572761524,-0.3224497572761524
GBPUSD,2022-11-29,1.19556,1.20642,1.19421,1.19512,109,13,0.9083609354612142,-0.1129177958446219,-0.0368028371641737,1.234146345330487,4.0,1.0,0.0,5.0,1.4622881309475275,-3.235480231433669,-0.42616312045644716,1.4622881309475275,-3.235480231433669
GBPUSD,2022-11-30,1.1951,1.20869,1.18979,1.2054,136,53,1.1371433352857494,-0.4443142833235836,0.8618525646389403,1.2138876804811338,6.0,3.0,1.0,6.0,1.6302534274452578,-5.20754730222882,-0.3263631036170907,1.6302534274452578,-3.840812755874557
GBPUSD,2022-12-01,1.20553,1.2311,1.20489,1.22445,256,6,2.121058787421308,-0.0530886829859044,1.5694341907708682,1.106833011738905,3.0,2.0,1.0,11.0,4.259644831388934,-6.164012129613794,-0.11761996770444659,1.697198405859424,-8.904510439962289
GBPUSD,2022-12-02,1.22507,1.23,1.2133,1.22858,49,118,0.4024259838213227,-0.9607614258777096,0.286514240002604,1.0593353245634507,2.0,3.0,0.0,0.0,0.1874704270417898,-0.4726862677713968,-0.052520696419044055,0.1874704270417898,-0.34960280968612417
GBPUSD,2022-12-05,1.22787,1.23442,1.216,1.21868,66,119,0.5334440942445092,-0.9667147173560756,-0.7484505688713,1.040334086435437,2.0,1.0,0.0,3.0,0.7402494124416235,2.4231527613485304,0.23566348411632088,0.7402494124416235,2.254688496060846
GBPUSD,2022-12-06,1.21877,1.22693,1.2126,1.21331,82,62,0.6695274744209463,-0.5062481025952402,-0.4479926483257545,1.05424829759566,4.0,0.0,0.0,3.0,0.8601210802117044,-0.19794832705243248,-0.06598277568414417,0.8601210802117044,-0.3308527477801655
GBPUSD,2022-12-07,1.21304,1.22344,1.2105,1.2201,104,25,0.8573501286025348,-0.2093912814086911,0.5820088373013311,0.96137378547761,3.0,0.0,0.0,4.0,3.5298718684732058,0.9564687596444577,0.23911718991111441,3.5298718684732058,0.9564687596444577
GBPUSD,2022-12-08,1.22019,1.22474,1.2153,1.22328,45,49,0.3728927462116417,-0.4007572591153886,0.2532392496250432,0.7110678883872509,3.0,0.0,1.0,3.0,7.3331029747137695,-6.402360028004167,-1.6890465471739133,7.3331029747137695,-6.402360028004167
GBPUSD,2022-12-09,1.223,1.23226,1.22002,1.22594,93,30,0.7571545380212448,-0.2436631234668832,0.2403924775143043,0.6858368746274811,3.0,3.0,1.0,2.0,1.2319567867974934,3.1857051053896877,0.043101872639148935,1.2319567867974934,3.099395776140845
GBPUSD,2022-12-12,1.2255,1.22988,1.22054,1.22658,44,50,0.357405140758878,-0.404732762137909,0.0881272949816376,0.6692104246539194,5.0,1.0,0.0,8.0,0.7661933373053551,1.533193004045678,0.016402868772447968,1.549712930168002,0.6935995927057167
GBPUSD,2022-12-13,1.22656,1.2444,1.2247,1.23618,178,19,1.4544743021132154,-0.1516436211844667,0.784307331072264,0.6620438796968283,4.0,4.0,1.0,6.0,1.7127976857164602,-6.835626296065123,-0.2473620051519257,2.5008065864945106,-8.001994138494716
GBPUSD,2022-12-14,1.2362,1.24469,1.234,1.24232,85,22,0.6867820740980511,-0.1779647306261106,0.4950655233781043,0.6631748892514175,0.0,1.0,0.0,6.0,0.545108253361422,-1.3660091710084847,-0.08889489477394122,0.545108253361422,-1.0613497953634485
GBPUSD,2022-12-15,1.24234,1.24296,1.2155,1.21776,6,268,0.0499058228826299,-2.160439171241365,-1.9785243975079323,0.8177905366922714,2.0,6.0,2.0,4.0,1.1823405840597474,-5.725812966803651,-0.2697218939749257,1.1823405840597474,-6.200962190488721
GBPUSD,2022-12-16,1.21776,1.2223,1.2119,1.21345,45,59,0.3728156615425033,-0.4812114045460498,-0.3539285245040103,0.8250319319149931,3.0,3.0,2.0,2.0,1.2259212859012816,-7.20563280192885,-0.41537141179874065,0.9363684141116742,-6.063907669194935
GBPUSD,2022-12-19,1.2151,1.22419,1.2119,1.21465,91,32,0.7480865772364266,-0.2633528104682817,-0.0370339889721061,0.8070603897053313,3.0,0.0,0.0,2.0,0.6239098339354727,-0.8528338188270936,-0.4264169094135468,0.6239098339354727,-0.8528338188270936
GBPUSD,2022-12-20,1.21498,1.22234,1.2084,1.2182,74,66,0.605771288416273,-0.5415727007852006,0.2650249386821183,0.8024040234073759,1.0,0.0,0.0,2.0,2.216802722760648,-2.2517840252457093,-1.1258920126228547,2.216802722760648,-2.2517840252457093
GBPUSD,2022-12-21,1.21815,1.21922,1.2053,1.2082,11,129,0.0878381151746422,-1.0548782990600525,-0.8168123794278311,0.7688524270308599,2.0,1.0,0.0,5.0,1.6928023813287918,2.051307955658839,-0.035522747594781114,1.6928023813287918,2.7945006114970954
GBPUSD,2022-12-22,1.20826,1.21474,1.1991,1.20374,65,92,0.5363084104414647,-0.758114975253657,-0.3740916690116248,0.7656023831263054,3.0,0.0,2.0,6.0,1.155116777109879,-1.2371104430791435,-0.18996005485226322,1.155116777109879,0.14672204098547947
GBPUSD,2022-12-23,1.20399,1.20904,1.2017,1.20505,50,23,0.4194386996569738,-0.1902009152899861,0.0880405983438451,0.7654232249247829,3.0,1.0,0.0,7.0,0.9233685768888832,-3.066190580832714,-0.2185911500882686,0.9233685768888832,-3.066190580832714
GBPUSD,2022-12-26,1.2055,1.20782,1.20492,1.2062,23,6,0.1924512650352449,-0.0481128162588158,0.0580671920364929,0.7355007942505385,2.0,0.0,0.0,0.0,0.0,0.0,0.0,0.0,0.0
GBPUSD,2022-12-27,1.206,1.21123,1.2001,1.2024,52,59,0.4336650082918796,-0.4892205638474309,-0.2985074626865711,0.739237402466193,3.0,0.0,0.0,4.0,1.119197753076422,0.9818250351783454,0.24545625879458635,1.2523842514487673,1.1150115335506905
GBPUSD,2022-12-28,1.2023,1.21258,1.2001,1.2014,103,22,0.8550278632620866,-0.1829826166514164,-0.0748565249937537,0.7126788639057184,4.0,0.0,0.0,2.0,0.4815417386027565,0.4658326089347079,0.23291630446735395,0.4815417386027565,0.4658326089347079
GBPUSD,2022-12-29,1.20154,1.20786,1.20113,1.20526,63,4,0.5259916440567839,-0.0341228756429266,0.3096026765650703,0.6134790146737559,4.0,0.0,1.0,2.0,0.7068990187682649,1.023434811537157,0.10551193092296406,0.7068990187682649,1.023434811537157
GBPUSD,2022-12-30,1.20544,1.21074,1.2008,1.20934,53,46,0.4396734802229775,-0.3849216883461622,0.3235333156357856,0.6147103253042743,2.0,0.0,1.0,1.0,1.8004335177528965,3.7214283736937754,0.9604974279704395,1.8004335177528965,3.7214283736937754
GBPUSD,2023-01-02,1.2084,1.2101,1.20312,1.2044,17,53,0.1406818934127801,-0.4369414101290923,-0.3310162197947702,0.5977485588701273,1.0,0.0,0.0,0.0,0.0,0.0,0.0,0.0,0.0
GBPUSD,2023-01-03,1.20436,1.20848,1.1899,1.1967,41,145,0.3420904048623253,-1.2006376830848031,-0.6360224517586104,0.605578563050974,5.0,0.0,0.0,3.0,1.3156423557055117,1.9822989637002655,0.6607663212334218,1.017543517990246,1.671436515533556
GBPUSD,2023-01-04,1.19642,1.20875,1.1956,1.20535,123,8,1.0305745473997383,-0.0685378044499459,0.7463934069975329,0.6159303658765651,0.0,2.0,0.0,6.0,3.8875334042137375,-10.252420797997038,-1.1620119175973411,3.8875334042137375,-10.252420797997038
GBPUSD,2023-01-05,1.20536,1.20779,1.1872,1.1906,24,182,0.2015995221344604,-1.5066038361983105,-1.2245304307426732,0.6629128392898495,6.0,1.0,1.0,6.0,1.1620365577517058,-1.8776207284104494,-0.12053022560535803,1.1800055542435013,-0.8360260765659893
GBPUSD,2023-01-06,1.1906,1.20993,1.184,1.20904,193,66,1.6235511506803162,-0.5543423483957803,1.5487989249117915,0.7595629167281488,5.0,4.0,0.0,3.0,2.4503428772188127,-15.13565786425476,-0.8862383577933503,2.4503428772188127,-14.603641849097622
GBPUSD,2023-01-09,1.2085,1.22099,1.20836,1.2182,125,1,1.0335126189491195,-0.0115846090194296,0.8026479106330197,0.7838526941758163,3.0,0.0,0.0,0.0,0.0,0.0,0.0,0.0,0.0
GBPUSD,2023-01-10,1.21793,1.2198,1.2108,1.21487,19,71,0.153539201760367,-0.5854195232895042,-0.2512459665169642,0.7607322399584779,3.0,0.0,0.0,6.0,1.110526141751898,-1.079754251441079,-0.1799590419068465,1.110526141751898,-1.0624070434287138
GBPUSD,2023-01-11,1.21472,1.21781,1.2099,1.2146,31,48,0.2543796101159145,-0.3967992623814579,-0.0098788198103365,0.7486825890297615,4.0,0.0,1.0,1.0,1.6993886535651104,1.0857676062900925,0.6962890649638007,1.6993886535651104,0.8394087286824948
GBPUSD,2023-01-12,1.2146,1.22468,1.2087,1.22071,101,59,0.8299028486744681,-0.485756627696344,0.5030462703770838,0.6171889871925335,3.0,3.0,1.0,2.0,1.8200403582728693,-5.124846322389627,-0.23099155493007403,1.8200403582728693,-5.369330603086982
GBPUSD,2023-01-13,1.2206,1.22484,1.2149,1.2223,42,57,0.3473701458299215,-0.4669834507619053,0.1392757660167159,0.6116325075959648,2.0,2.0,1.0,8.0,1.655134230644552,0.7039101311558994,-0.025463157670438316,1.497885342453499,1.2046738051960415
GBPUSD,2023-01-16,1.22182,1.22891,1.2171,1.2191,71,47,0.5802818745805471,-0.386308948945003,-0.2226187163411823,0.6142095225498596,5.0,0.0,0.0,1.0,0.6264729062116412,0.6264729062116412,0.6264729062116412,0.6264729062116412,0.6264729062116412
GBPUSD,2023-01-17,1.21921,1.23005,1.21688,1.22841,108,23,0.8891003190590779,-0.191107356402912,0.7545869866553012,0.6336327743063532,5.0,2.0,1.0,1.0,0.3186839647123743,-0.5053501116446838,-0.0018121130721763766,0.3186839647123743,-0.6599123440160574
GBPUSD,2023-01-18,1.22841,1.24355,1.22536,1.23446,151,30,1.2324875245235656,-0.2482884378993981,0.4925065735381418,0.6062197898978335,4.0,5.0,0.0,9.0,2.0396546330477325,-8.625142625753451,-0.18488615752754667,2.106845225359917,-8.945740674041078
GBPUSD,2023-01-19,1.23448,1.23974,1.2312,1.23875,53,33,0.4260903376320428,-0.2656989177629406,0.3458946276974917,0.5968152450009212,3.0,0.0,2.0,6.0,3.911122809894188,-6.954626189595999,-0.7331788344898817,3.911122809894188,-6.954626189595999
GBPUSD,2023-01-20,1.23874,1.24044,1.2334,1.23942,17,53,0.1372362239049384,-0.4310831974425546,0.0548944895619753,0.5970516443023494,3.0,0.0,2.0,1.0,0.305451970137247,-1.1771501198583554,-0.24710034833260042,0.305451970137247,-0.8610597934831593
GBPUSD,2023-01-23,1.23988,1.24478,1.2322,1.2378,49,77,0.3951995354389057,-0.6194147820756952,-0.1677581701455045,0.6010342750193254,2.0,0.0,0.0,1.0,0.0757125311966206,0.0757125311966206,0.0757125311966206,0.0368145117498935,0.0368145117498935
GBPUSD,2023-01-24,1.2377,1.24138,1.2262,1.23302,37,115,0.2973256847378125,-0.9291427648056932,-0.3781207077644031,0.604347535981022,5.0,3.0,2.0,2.0,4.873658444583434,-7.2532653770261675,-0.8003412578396689,4.873658444583434,-7.348597485979942
GBPUSD,2023-01-25,1.23296,1.2404,1.2282,1.24013,74,48,0.6034259018946188,-0.3860628082014093,0.5815273812613465,0.6100749826397005,3.0,0.0,0.0,5.0,4.793115690190119,-7.417958762726387,-1.4835917525452775,4.793115690190119,-7.417958762726387
GBPUSD,2023-01-26,1.2402,1.24304,1.2343,1.2409,28,59,0.2289953233349422,-0.4757297210127412,0.0564425092726917,0.6096319932844567,3.0,1.0,5.0,4.0,1.2496737804027092,-5.824605187277775,-0.35661905062602406,1.2496737804027092,-5.949647457321478
GBPUSD,2023-01-27,1.24068,1.24185,1.2344,1.2396,12,63,0.0943031240932305,-0.5061740335944855,-0.087049037624526,0.6106205565439359,2.0,1.0,2.0,3.0,0.5895789380411472,0.6858609104968533,-0.0885298245774188,0.5895789380411472,0.6858609104968533
GBPUSD,2023-01-30,1.23914,1.24174,1.2336,1.235,26,55,0.2098229417176556,-0.4470842681214292,-0.3341026841196161,0.6107451461862948,2.0,0.0,0.0,0.0,0.0,0.0,0.0,0.0,0.0
GBPUSD,2023-01-31,1.23484,1.23708,1.2283,1.23199,22,65,0.1814000194357179,-0.529623271031064,-0.2307991318713371,0.5901699549416611,4.0,1.0,1.0,6.0,3.1131632440096952,-6.1833676680113605,-0.6760470586127167,3.1131632440096952,-6.1833676680113605
GBPUSD,2023-02-01,1.2321,1.23947,1.22717,1.23733,74,49,0.5981657333008764,-0.4001298595893092,0.4244785325866462,0.5774737618797938,0.0,3.0,0.0,8.0,2.7415423268493235,4.957130494677287,0.4132860475371411,2.7415423268493235,4.780275757312752
GBPUSD,2023-02-02,1.23735,1.24022,1.22203,1.22244,29,153,0.2319473067442639,-1.2381298743282014,-1.2049945447933066,0.5750558246805747,0.0,3.0,1.0,5.0,0.778940107377613,0.5096637185511064,0.03051881936169863,0.778940107377613,0.5096637185511064
GBPUSD,2023-02-03,1.22238,1.22656,1.20466,1.20531,42,177,0.3419558566076074,-1.4496310476283936,-1.3964560938496964,0.572644606779406,3.0,4.0,0.0,2.0,2.215186160165587,4.756208788837735,0.39886214906556844,2.215186160165587,4.747871376129624
GBPUSD,2023-02-06,1.20314,1.20773,1.2004,1.2019,46,27,0.3815017371211888,-0.2277374204165921,-0.1030636501155418,0.5401905043995987,4.0,0.0,0.0,1.0,0.1120095463507651,-0.1120095463507651,-0.1120095463507651,0.1120095463507651,-0.1120095463507651
GBPUSD,2023-02-07,1.20153,1.2095,1.1959,1.20458,80,56,0.6633209324777603,-0.4685692408845409,0.2538430168202206,0.5421722133479443,4.0,0.0,0.0,4.0,0.9326178216987128,1.057712936404083,0.26442823410102073,0.9326178216987128,0.6782106252122164
GBPUSD,2023-02-08,1.20438,1.21095,1.20341,1.20711,66,10,0.545508892542218,-0.0805393646523452,0.2266726448463026,0.5451241589408723,5.0,0.0,1.0,3.0,0.2137955931178254,-0.4741381467397915,-0.06508563840549152,0.2032706535215407,-0.4530882675472222
GBPUSD,2023-02-09,1.207,1.21938,1.2055,1.2121,124,15,1.0256835128417428,-0.1242750621375357,0.4225352112675958,0.5413848574549418,1.0,0.0,1.0,3.0,1.1395802337481051,2.221060186263563,0.2703699881288644,1.1395802337481051,2.360191076739995
GBPUSD,2023-02-10,1.2121,1.21393,1.2045,1.20575,18,76,0.1509776421087367,-0.6270109726920263,-0.5238841679729277,0.5514207375197274,5.0,2.0,2.0,7.0,2.5125656690972917,-2.77373989567231,0.019688686920811802,2.5125656690972917,-2.6126601185520792
GBPUSD,2023-02-13,1.20691,1.2152,1.203,1.2138,83,39,0.6868780605016224,-0.3239678186442948,0.5708793530586426,0.5668127831415414,4.0,0.0,0.0,0.0,0.0,0.0,0.0,0.0,0.0
GBPUSD,2023-02-14,1.21349,1.22697,1.2116,1.2172,135,19,1.1108455776314543,-0.1557491203058902,0.3057297546745422,0.5432549346142704,0.0,4.0,1.0,4.0,4.360631362705572,9.64068390876701,0.29353029792064766,4.360631362705572,9.252457106766636
GBPUSD,2023-02-15,1.21703,1.21813,1.1988,1.2028,11,182,0.0903839675274955,-1.4979088436603838,-1.1692398708330909,0.5839558470978872,2.0,4.0,0.0,10.0,2.568797585419964,9.473009159723741,0.40406511363609815,2.568797585419964,9.34298297237796
GBPUSD,2023-02-16,1.20268,1.20742,1.1964,1.19925,47,63,0.3941197991153063,-0.5221671600093178,-0.2851963947184657,0.5745659999367139,4.0,2.0,2.0,5.0,2.304266895464404,8.39577967668888,0.42698631816064975,2.324895310914284,8.45766492303852
GBPUSD,2023-02-17,1.1994,1.20493,1.1913,1.20395,55,81,0.4610638652659692,-0.6753376688344168,0.3793563448390907,0.5851152909575168,3.0,0.0,1.0,2.0,0.6080388162417829,0.6517037733129738,0.06014452870421266,0.6080388162417829,0.5535289782059449
GBPUSD,2023-02-20,1.20242,1.20568,1.2014,1.20387,33,10,0.2711199081851633,-0.0848289283278738,0.1205901432111867,0.5877592456914024,5.0,0.0,0.0,1.0,0.3272326174539022,-0.3272326174539022,-0.3272326174539022,0.3272326174539022,-0.3272326174539022
GBPUSD,2023-02-21,1.20387,1.21476,1.1985,1.21117,109,54,0.9045827207256651,-0.4460614518178953,0.6063777650410829,0.60582368924756,1.0,3.0,2.0,2.0,1.92691584323422,16.687086622716,0.7621401236894318,1.6227074101437466,14.528081188028027
GBPUSD,2023-02-22,1.21113,1.21354,1.2034,1.20462,24,77,0.198987722209839,-0.6382469264240844,-0.5375145525253289,0.5941123789679921,2.0,0.0,0.0,0.0,0.0,0.0,0.0,0.0,0.0
GBPUSD,2023-02-23,1.20452,1.20748,1.1991,1.2011,30,54,0.2457410420748575,-0.4499717729884087,-0.2839305283432387,0.5935079510044684,1.0,1.0,1.0,4.0,0.4520192879641427,0.35170228770874656,0.10749598626345103,0.5259781985197653,-0.9866314651901513
GBPUSD,2023-02-24,1.20115,1.2042,1.1927,1.1941,30,84,0.2539233234816632,-0.7034924863672186,-0.5869375182117139,0.6015309023081827,6.0,1.0,2.0,4.0,5.328409565143041,9.24784360609947,1.0618645834240996,5.328409565143041,9.24784360609947
GBPUSD,2023-02-27,1.1954,1.20659,1.1921,1.2063,112,33,0.9360883386314232,-0.2760582231888975,0.9118286765936012,0.6462028606782088,2.0,0.0,3.0,0.0,1.8750208148225045,5.312818567006823,0.8854697611678038,1.8750208148225045,5.312818567006823
GBPUSD,2023-02-28,1.20631,1.21432,1.2016,1.202,80,47,0.6640084223789965,-0.3904469000505667,-0.3572879276471252,0.6481151574990773,3.0,1.0,1.0,5.0,3.0201733519940657,-5.434016320838119,-0.6103669882241685,3.0201733519940657,-5.486464789138337
GBPUSD,2023-03-01,1.20199,1.20891,1.1964,1.20284,69,56,0.5757119443589412,-0.4650621053419733,0.0707160625296398,0.637462822170487,1.0,1.0,0.0,11.0,1.6495943398566426,-0.152813120666575,-0.05599588926399326,1.6113525437910234,-0.11838314864753835
GBPUSD,2023-03-02,1.20288,1.20364,1.1924,1.19417,8,105,0.0631816972599173,-0.8712423516892829,-0.7240955041234367,0.6028715585778697,6.0,0.0,1.0,3.0,1.0759652333690726,-0.2907919070199455,-0.057609111434187434,1.0759652333690726,-0.2907919070199455
GBPUSD,2023-03-03,1.19439,1.20484,1.1938,1.20437,104,6,0.8749236011687848,-0.0493976004487722,0.8355729703028222,0.5559791375267223,3.0,1.0,0.0,2.0,0.1242782045047057,-0.0876088118891939,0.012144067447767665,0.1831656549334753,-0.3023599801966066
GBPUSD,2023-03-06,1.20314,1.20488,1.19925,1.20223,17,39,0.1446215735492006,-0.3233206443140591,-0.0756354206493166,0.5557280453840303,0.0,0.0,0.0,2.0,2.182687373847897,1.620105339508778,0.810052669754389,2.182687373847897,1.620105339508778
GBPUSD,2023-03-07,1.20197,1.20651,1.18207,1.18279,45,199,0.3777132540745599,-1.6556153647761616,-1.5957137033370197,0.6572801090102852,3.0,0.0,0.0,4.0,2.09200957546142,2.734002667832864,0.683500666958216,2.09200957546142,2.734002667832864
GBPUSD,2023-03-08,1.18261,1.18592,1.18024,1.18403,33,24,0.2798893971808243,-0.2004041907306706,0.120073396977869,0.6550527563687715,5.0,2.0,1.0,3.0,0.8051232013285292,-0.9076272712239666,-0.09524657170923369,0.8051232013285292,0.3436990340357571
GBPUSD,2023-03-09,1.18432,1.19388,1.18314,1.1924,96,12,0.8072142664144837,-0.0996352337206125,0.6822480410699697,0.6681860996013582,6.0,0.0,1.0,4.0,1.7212902050257752,3.651620781621447,0.3860661153191343,1.7212902050257752,3.9215295957463416
GBPUSD,2023-03-10,1.19262,1.21137,1.19072,1.20265,188,19,1.5721688383558925,-0.1593131089533978,0.8410055172645087,0.6894820993694646,5.0,4.0,0.0,6.0,1.726481526296233,4.3932709669051,0.12781929084852187,1.6191710651515288,3.9900222964323255
GBPUSD,2023-03-13,1.20864,1.21996,1.20459,1.2183,113,40,0.9365898861530312,-0.3350873709292996,0.7992454328832409,0.7013714848066408,3.0,0.0,0.0,0.0,0.0,0.0,0.0,0.0,0.0
GBPUSD,2023-03-14,1.21815,1.22038,1.2134,1.2153,22,48,0.183064483027538,-0.389935558018309,-0.2339613348109854,0.6994850651968356,1.0,4.0,1.0,4.0,0.5191201679846772,-3.685360963776604,-0.12943805760701632,0.5989271485527536,-3.7635956645073096
GBPUSD,2023-03-15,1.21529,1.21816,1.2009,1.20501,29,144,0.2361576249290233,-1.1840795201145329,-0.8458886356342986,0.6749303014708249,5.0,5.0,0.0,3.0,1.1268569257596095,-7.181221074561313,-0.30280303413323423,1.1268569257596095,-7.763163402010139
GBPUSD,2023-03-16,1.205,1.21277,1.2026,1.21118,78,24,0.6448132780082848,-0.1991701244813427,0.5128630705394068,0.6812386093906918,5.0,1.0,1.0,5.0,2.794742872748771,-0.16297176463495516,0.3664857370874586,2.794742872748771,-0.16297176463495516
GBPUSD,2023-03-17,1.21108,1.22004,1.21,1.2175,90,11,0.739835518710579,-0.0891766027017183,0.5301053605046812,0.6861013991798808,5.0,1.0,1.0,4.0,1.627188114710913,-5.892865091114661,-0.6163588815221955,1.627188114710913,-5.92776365701341
GBPUSD,2023-03-20,1.2204,1.22848,1.2165,1.22755,81,39,0.6620780072107577,-0.3195673549655862,0.5858734841035718,0.6968012316148873,2.0,0.0,0.0,1.0,0.0654696569966156,0.0654696569966156,0.0654696569966156,0.0654696569966156,0.0654696569966156
GBPUSD,2023-03-21,1.22747,1.22826,1.2177,1.22156,8,98,0.0643600250922504,-0.795946133103054,-0.4814781623990877,0.6945874493120391,4.0,0.0,1.0,2.0,3.697622229354776,9.552268336838589,1.9515487024946043,3.697622229354776,8.74634777781356
GBPUSD,2023-03-22,1.22149,1.23347,1.2207,1.2268,120,8,0.9807693882062156,-0.0646751099067588,0.4347149792466517,0.6883669315538761,3.0,2.0,0.0,7.0,1.12723125008083,-2.2793835851684396,-0.21937177768552837,1.12723125008083,-2.6580134391208894
GBPUSD,2023-03-23,1.22671,1.23435,1.226,1.2287,76,7,0.6228040857252399,-0.0578783901655638,0.1622225301823525,0.6839531978824812,2.0,3.0,1.0,2.0,0.2435197202443457,0.04904302698127927,-0.014921728261984199,0.4474156279230589,0.5764459519402855
GBPUSD,2023-03-24,1.22858,1.2292,1.2189,1.223,6,97,0.0504647641993248,-0.7879014797571107,-0.4541828777938692,0.6777635412851389,4.0,4.0,3.0,1.0,1.5869993201336277,4.8004429750538264,0.20544948515863448,1.5144649838114437,5.567400288545497
GBPUSD,2023-03-27,1.2233,1.2293,1.2217,1.22827,60,16,0.4904765797433176,-0.1307937545982216,0.4062781002207078,0.6543627370937054,4.0,0.0,0.0,1.0,0.0609153965553234,0.0609153965553234,0.0609153965553234,0.0609153965553234,0.0609153965553234
GBPUSD,2023-03-28,1.22809,1.23491,1.2279,1.2335,68,2,0.5553338924671685,-0.0154711788223918,0.440521460153583,0.6518577647843142,3.0,1.0,1.0,5.0,1.3272616303714966,2.773035966097573,0.31797544583494997,1.3272616303714966,2.735881488212089
GBPUSD,2023-03-29,1.23373,1.23615,1.2301,1.2314,24,36,0.1961531291287468,-0.2942296936931113,-0.1888581780454348,0.6550587390674075,5.0,0.0,1.0,4.0,1.5932961019864729,-1.156698295190041,-0.19587557182064647,1.5932961019864729,-1.156698295190041
GBPUSD,2023-03-30,1.23141,1.23929,1.2292,1.23866,79,22,0.6399168432934692,-0.179469063918583,0.588755978918492,0.6349143699237547,2.0,2.0,1.0,1.0,0.63298549817692,1.8883108992924997,0.20660923432925693,0.63298549817692,2.3522082496397916
GBPUSD,2023-03-31,1.23856,1.24229,1.23229,1.2333,37,63,0.3011561813718987,-0.5062330448262496,-0.4246867329802385,0.6261026640293299,5.0,1.0,2.0,7.0,1.330829290829279,-8.073736052800474,-0.5239052364239332,1.330829290829279,-7.2899974928627955
GBPUSD,2023-04-03,1.23256,1.24233,1.2273,1.2416,98,53,0.7926591808917889,-0.4267540728240444,0.7334328551956851,0.6407908019129775,5.0,1.0,1.0,4.0,0.9915158810256506,-5.778770215649722,-0.548273433331259,0.9915158810256506,-5.7310176286463435
GBPUSD,2023-04-04,1.24139,1.25253,1.2394,1.2501,111,20,0.8973811614399929,-0.1603041751584865,0.7016328470504833,0.5069798373154277,2.0,1.0,0.0,2.0,1.3291028058067147,-3.831043651563148,-0.39094601331657297,1.3291028058067147,-3.831043651563148
GBPUSD,2023-04-05,1.25012,1.25141,1.2432,1.2461,13,69,0.1031900937510009,-0.5535468595014731,-0.3215691293635741,0.5221222911977565,3.0,2.0,0.0,4.0,2.082806407862907,-7.158800511584944,-0.6200531169181674,1.9967897402263697,-7.345371407618625
GBPUSD,2023-04-06,1.24578,1.24867,1.2412,1.24369,29,46,0.2319831751994603,-0.3676411565444965,-0.1677663792965168,0.5173815033433635,2.0,1.0,0.0,5.0,1.401179110802172,-5.675724148998798,-0.6176861774579039,1.401179110802172,-5.675724148998798
GBPUSD,2023-04-07,1.2441,1.2456,1.23888,1.24157,15,52,0.120569086086332,-0.4195804195804198,-0.2033598585322659,0.4996523710489339,2.0,3.0,0.0,0.0,0.6563614272061098,-2.2040664186450503,-0.24489626873833895,0.5452849753829675,-1.8708370631756237
GBPUSD,2023-04-10,1.24176,1.24423,1.23439,1.2383,25,74,0.1989112227805672,-0.5935124339646853,-0.2786367736116495,0.481313256938813,5.0,0.0,0.0,1.0,0.8030222856791884,-0.8030222856791884,-0.8030222856791884,0.8030222856791884,-0.8030222856791884
GBPUSD,2023-04-11,1.23785,1.24561,1.23775,1.24264,78,1,0.6268934038857868,-0.0080785232459497,0.3869612634810415,0.4803737383317326,5.0,0.0,0.0,2.0,0.4214560139594068,-0.5460401284758053,-0.27302006423790265,0.4214560139594068,-0.5460401284758053
GBPUSD,2023-04-12,1.24238,1.2495,1.2397,1.24839,71,27,0.5730935784542583,-0.2157149986316598,0.4837489334986132,0.4312181415850169,4.0,3.0,1.0,2.0,1.0987122344741949,-8.660812586939437,-0.48793583718636263,1.6484042677064406,-11.133591058734323
GBPUSD,2023-04-13,1.24838,1.25373,1.24774,1.25241,53,6,0.4285554078085171,-0.0512664413079329,0.3228183726109019,0.425373534817335,0.0,4.0,1.0,10.0,1.0095901482303724,-2.1890630333721663,0.007274148777879264,1.1935576795493634,-2.7181701071406676
GBPUSD,2023-04-14,1.25233,1.25463,1.2398,1.2413,23,125,0.1836576621178099,-1.0005350027548594,-0.8807582665910642,0.4753147744532885,2.0,3.0,1.0,4.0,2.054375226308084,2.5908675575314652,0.2511383949006737,2.054375226308084,1.9335217091090047
GBPUSD,2023-04-17,1.24153,1.24381,1.2352,1.23773,23,63,0.1836443742801269,-0.5098547759619136,-0.3060739571335389,0.4683586764000428,5.0,1.0,0.0,1.0,0.3970140501607423,1.3580642486874899,0.3586820581681624,0.3970140501607423,1.3580642486874899
GBPUSD,2023-04-18,1.23782,1.24498,1.2367,1.24245,72,11,0.5784362831429494,-0.0904816532290648,0.3740446914737307,0.4564010654727187,3.0,1.0,1.0,5.0,1.7649883109668325,-1.4654103867200532,-0.1612870923219956,1.7649883109668325,-1.8560445246846067
GBPUSD,2023-04-19,1.24245,1.24741,1.2391,1.24347,50,33,0.3992112358646105,-0.2696285564811432,0.0820958589882909,0.4491559089378301,3.0,1.0,0.0,6.0,1.3152293123060466,-2.08826615181159,-0.2035044941149561,1.3152293123060466,-2.1413276825161307
GBPUSD,2023-04-20,1.24354,1.24675,1.2404,1.24389,32,31,0.258134036701669,-0.2525049455586585,0.0281454557151237,0.4487518778231933,3.0,1.0,2.0,2.0,0.9689993401768516,0.3926945936568996,0.03632933545546202,0.9689993401768516,0.4257647243965208
GBPUSD,2023-04-21,1.24401,1.24481,1.2366,1.24373,8,74,0.0643081647253568,-0.5956543757686946,-0.022507857653882,0.4324960087369153,5.0,4.0,1.0,1.0,0.9655659115145292,4.040420512497279,0.29913822019679726,0.9287597773169232,4.5742320141440045
GBPUSD,2023-04-24,1.24363,1.2486,1.241,1.2484,50,26,0.399636547847826,-0.2114776903098116,0.3835545942121001,0.4316440887626313,0.0,0.0,0.0,1.0,0.2290570488412727,-0.2290570488412727,-0.2290570488412727,0.2290570488412727,-0.2290570488412727
GBPUSD,2023-04-25,1.2484,1.2507,1.2386,1.2409,23,98,0.184235821851968,-0.785004806151877,-0.6007689842999089,0.4491491741657861,5.0,1.0,2.0,4.0,1.7932206235668715,0.921392731807284,0.18642022757703705,1.7932206235668715,0.921392731807284
GBPUSD,2023-04-26,1.2408,1.25152,1.2401,1.2467,107,7,0.863958736299167,-0.0564152159896778,0.4754996776273386,0.4562705973854085,4.0,0.0,2.0,4.0,1.6346596921128724,5.794658109146857,0.635376602197088,1.6346596921128724,5.847644392621522
GBPUSD,2023-04-27,1.24661,1.24997,1.2435,1.24932,34,31,0.2695309679851781,-0.2494765804862744,0.2173895604880427,0.4412605851375958,5.0,2.0,2.0,1.0,1.192807788312643,-6.734789236459766,-0.5253595406437841,1.192807788312643,-6.734789236459766
GBPUSD,2023-04-28,1.24932,1.25839,1.2446,1.25612,91,47,0.7259949412480319,-0.3778055262062608,0.5442960970768032,0.4396882980250962,0.0,2.0,2.0,3.0,0.930207803422464,2.070520811781452,0.09339873174103265,0.930207803422464,2.070520811781452
GBPUSD,2023-05-01,1.25661,1.25688,1.248,1.24928,3,86,0.0214863800224407,-0.6851767851600741,-0.5833154280166526,0.4380509978240978,2.0,1.0,1.0,2.0,1.017543517990246,3.7641734690991195,0.4118293622899796,1.017543517990246,3.8072098955734424
GBPUSD,2023-05-02,1.24927,1.25121,1.24352,1.24693,19,58,0.1552906897628079,-0.4602687969774463,-0.1873093886829915,0.4107538780026968,6.0,1.0,0.0,5.0,2.846274385147655,1.971865586432857,0.6091279959719508,2.258190322249489,1.3837815235346909
GBPUSD,2023-05-03,1.24676,1.259,1.24659,1.25659,122,2,0.9817446822162892,-0.01363534280856,0.7884436459302516,0.4407187060712206,3.0,3.0,0.0,2.0,0.5690955905481297,1.8123350216354357,0.09938615663418433,0.5690955905481297,1.9039714274219144
GBPUSD,2023-05-04,1.25641,1.25986,1.25477,1.25714,34,16,0.2745918927738519,-0.1305306388838107,0.0581020526738801,0.4379233520545401,5.0,1.0,0.0,9.0,2.806542782710267,4.326506575203895,0.24677679483624143,2.806542782710267,4.43392457082804
GBPUSD,2023-05-05,1.25713,1.26524,1.25579,1.26299,81,13,0.6451202341842004,-0.1065919992363652,0.4661411309888377,0.4427673957835197,3.0,3.0,0.0,1.0,0.6781988019821421,-1.1038378827433188,-0.06551630254020335,0.5651209606601032,-0.7646043587772021
GBPUSD,2023-05-08,1.26291,1.26687,1.26126,1.2618,40,16,0.3135615364515257,-0.1306506401881313,-0.0878922488538331,0.4364731749590048,3.0,0.0,0.0,1.0,1.7328913750157062,-1.7328913750157062,-1.7328913750157062,1.7328913750157062,-1.7328913750157062
GBPUSD,2023-05-09,1.26187,1.26398,1.2577,1.26167,21,42,0.1672121533913997,-0.3304619334796775,-0.0158494932124527,0.4316625026960103,3.0,0.0,0.0,4.0,1.7991787807151505,-3.180030702104053,-0.7950076755260133,1.7991787807151505,-3.180030702104053
GBPUSD,2023-05-10,1.26175,1.26798,1.2601,1.26214,62,16,0.4937586685159643,-0.1307707549038977,0.0309094511591133,0.4209472661669159,0.0,3.0,1.0,3.0,2.0428794673386568,5.590579960400865,0.3897033996117806,2.0428794673386568,5.464569236787848
GBPUSD,2023-05-11,1.2622,1.26406,1.2495,1.2511,19,127,0.1473617493265705,-1.0061796862620769,-0.8794168911424408,0.4642088948621781,1.0,5.0,1.0,3.0,1.4323032544532823,5.217445435681335,0.15317575218829627,1.4323032544532823,5.392428975714159
GBPUSD,2023-05-12,1.25101,1.2541,1.24433,1.2447,31,67,0.2470004236576875,-0.5339685534088472,-0.5043924508996761,0.4334828657045717,6.0,2.0,2.0,8.0,2.5048909411529623,0.9476291865788841,0.3335448205052077,2.7902527138880244,1.2270419129977945
GBPUSD,2023-05-15,1.24485,1.25346,1.24411,1.2528,86,7,0.6916495963369086,-0.0594449130417289,0.6386311603807608,0.4481024189258406,1.0,1.0,0.0,1.0,0.2928054948378349,-1.0698840291847174,-0.24213651975452372,0.2928054948378349,-1.057809341141528
GBPUSD,2023-05-16,1.25266,1.25462,1.2465,1.24824,20,62,0.156467038142829,-0.4917535484489139,-0.3528491370363937,0.4507854568131932,3.0,3.0,1.0,6.0,1.4798121090506673,4.294177277664217,0.29997484454356205,1.4798121090506673,4.011944476445823
GBPUSD,2023-05-17,1.24818,1.25102,1.2421,1.24876,28,61,0.2275312855517596,-0.4871092310404016,0.0464676569084607,0.4506139283999016,0.0,0.0,0.0,3.0,0.2266982651716496,0.3310103545280933,0.11033678484269777,0.2266982651716496,0.3310103545280933
GBPUSD,2023-05-18,1.24876,1.2493,1.239,1.24044,5,98,0.0432428969537769,-0.7815753227201376,-0.666260930843405,0.4761572239247105,4.0,1.0,2.0,2.0,1.1345117333552408,-4.429058762277872,-0.2872777534552086,1.1345117333552408,-4.487704140007439
GBPUSD,2023-05-19,1.24032,1.24841,1.2391,1.2444,81,12,0.6522510319917384,-0.098361713106295,0.3289473684210414,0.4822173610104587,3.0,0.0,0.0,1.0,0.5768444850034508,0.5768444850034508,0.5768444850034508,0.5768444850034508,0.5768444850034508
GBPUSD,2023-05-22,1.24452,1.24722,1.2413,1.24334,27,32,0.2169511136823775,-0.2587342911323241,-0.0948156719056488,0.4742512895865301,3.0,0.0,0.0,2.0,3.2070878526007585,2.2551270998397897,1.1275635499198948,3.2070878526007585,2.2551270998397897
GBPUSD,2023-05-23,1.24334,1.24465,1.2372,1.24148,13,61,0.1053613653546209,-0.4938311322727342,-0.1495970530989088,0.4554757928227614,1.0,4.0,2.0,1.0,1.0576476591590958,-3.6854693755288785,-0.1824938767384349,0.978132748508398,-2.744753707653164
GBPUSD,2023-05-24,1.24133,1.24696,1.2357,1.2364,56,56,0.4535457936245819,-0.4535457936245819,-0.397154664754747,0.449657355322305,1.0,1.0,0.0,8.0,1.0897827622396838,-4.620989929283377,-0.3039713090328531,1.0897827622396838,-4.049707513428562
GBPUSD,2023-05-25,1.2366,1.23868,1.23076,1.2319,21,58,0.1682031376354586,-0.4722626556687567,-0.3800743975416405,0.4515018460767562,4.0,2.0,2.0,2.0,0.5552071721024056,0.8187679407255559,-0.014340261788641506,0.9334305916893252,3.3132864572325884
GBPUSD,2023-05-26,1.23208,1.23953,1.23105,1.23436,74,10,0.6046685280176577,-0.0835984676319789,0.1850529186416334,0.4325306254914379,3.0,1.0,4.0,5.0,1.777616463232528,0.41771099783304677,-0.03589957378697783,1.777616463232528,0.1739544149229061
GBPUSD,2023-05-29,1.23467,1.23719,1.2334,1.23553,25,13,0.2041031206719267,-0.10286149335449,0.0696542395943922,0.417544520141829,5.0,0.0,0.0,0.0,0.0,0.0,0.0,0.0,0.0
GBPUSD,2023-05-30,1.23545,1.24463,1.2326,1.24122,92,29,0.7430490914241747,-0.2306851754421481,0.4670363025618239,0.4320298665338614,4.0,1.0,0.0,3.0,2.777985360760852,-3.753966096518907,-0.8198287082142276,2.777985360760852,-3.753966096518907
GBPUSD,2023-05-31,1.2412,1.2444,1.2347,1.24381,32,65,0.2578150177247719,-0.5236867547534783,0.2102803738317757,0.3924452618526554,6.0,1.0,0.0,1.0,1.5563927688406944,0.9448817168980024,-0.36131730346389773,1.5563927688406944,0.9448817168980024
GBPUSD,2023-06-01,1.2438,1.25396,1.24,1.25234,102,38,0.8168515838559212,-0.3055153561665883,0.6866055635954327,0.4254474587012616,0.0,3.0,1.0,13.0,1.9076127906805636,-5.702303663655469,-0.22862331853840162,1.9076127906805636,-5.793473136060056
GBPUSD,2023-06-02,1.2522,1.25444,1.244,1.2447,22,82,0.1788851621146797,-0.6548474684555171,-0.5989458552946864,0.4280544381225502,3.0,3.0,0.0,0.0,2.53574894446684,5.910957914053312,0.6567731015614793,2.354269343068905,5.366519109859507
GBPUSD,2023-06-05,1.24446,1.24496,1.2367,1.24324,5,78,0.0401780692027198,-0.6235636340260025,-0.0980344888546035,0.4280787879623945,3.0,1.0,0.0,3.0,0.638036131208713,-2.653273100422668,-0.34430020950131046,0.638036131208713,-2.845693791098811
GBPUSD,2023-06-06,1.24313,1.24586,1.239,1.24172,27,41,0.2196069598513348,-0.3322259136212598,-0.1134233748682867,0.4279408868768689,4.0,0.0,0.0,4.0,0.7159871167701586,0.6916856761688897,0.1729214190422224,0.2234629042171388,0.076182430322092
GBPUSD,2023-06-07,1.24184,1.24999,1.2394,1.2438,81,24,0.6562842234104135,-0.1964826386652062,0.1578303163048349,0.430582733002032,6.0,0.0,0.0,3.0,0.4354360795946809,0.2624913273096598,0.08749710910321994,1.0731126607729908,-0.7441308783795846
GBPUSD,2023-06-08,1.2438,1.2561,1.2436,1.25586,123,2,0.9889049686444747,-0.0160797555877132,0.9696092619392152,0.4463616497903131,3.0,1.0,0.0,4.0,1.8633787329059173,6.837854154623186,0.6222193377622703,1.8633787329059173,6.837854154623186
GBPUSD,2023-06-09,1.25573,1.25901,1.2533,1.25754,33,24,0.2612026470658461,-0.1935129366981701,0.1441392656064671,0.4294815097840286,0.0,0.0,0.0,0.0,0.0,0.0,0.0,0.0,0.0
GBPUSD,2023-06-12,1.25797,1.25995,1.24865,1.25099,20,93,0.1573964402966581,-0.740876173517651,-0.5548621986215876,0.4266836993818072,6.0,0.0,1.0,1.0,0.6071196790212241,-0.2775350280856106,-0.2211636767767087,0.7195187394022529,0.8319177997832814
GBPUSD,2023-06-13,1.25115,1.26246,1.2509,1.26102,113,3,0.9039683491188052,-0.0199816169124472,0.7888742357031567,0.4535122124000805,5.0,4.0,1.0,5.0,1.1933395106357494,-7.178931128136324,-0.23559487013468589,1.4863787661606649,-7.8262983961488075
GBPUSD,2023-06-14,1.2611,1.26989,1.26005,1.26614,88,11,0.6970105463484143,-0.0832606454682592,0.3996510982475563,0.4601917656132757,6.0,4.0,0.0,7.0,2.7590535327235672,-6.756585429429595,-0.3553454034716479,2.7590535327235672,-7.00924251339157
GBPUSD,2023-06-15,1.2661,1.27856,1.26292,1.27811,125,32,0.9841244767395874,-0.2511649948661212,0.94858226048496,0.4662582870162287,4.0,4.0,2.0,4.0,1.634592675777545,-1.9720195205201967,-0.14915271129942387,1.634592675777545,-2.361251731920142
GBPUSD,2023-06-16,1.27805,1.28482,1.27678,1.28186,68,13,0.529713235006468,-0.099370134188794,0.2981104025664169,0.4656806846143682,2.0,1.0,1.0,2.0,1.9419082570645436,-1.2815595012815253,-0.4880426963216282,1.9419082570645436,-1.2815595012815253
GBPUSD,2023-06-19,1.28255,1.2837,1.27702,1.27941,11,55,0.0896651202682144,-0.4311722739854223,-0.2448247631671391,0.4709573657416069,2.0,0.0,0.0,2.0,1.3436889245045056,1.0164563070506034,0.5082281535253017,1.3436889245045056,1.0164563070506034
GBPUSD,2023-06-20,1.27949,1.28073,1.27132,1.27631,12,82,0.0969136140180781,-0.6385356665546437,-0.2485365262721835,0.474658159971821,3.0,0.0,0.0,2.0,2.5512199967689506,3.6200598981213505,1.8100299490606753,2.5512199967689506,3.6200598981213505
GBPUSD,2023-06-21,1.27631,1.28023,1.26908,1.27661,39,72,0.3071354138101185,-0.5664767963895974,0.0235052612609763,0.4589198134397914,2.0,1.0,0.0,7.0,5.57369703837679,-7.605404920422894,-0.9078343830301204,5.57369703837679,-7.818868405508113
GBPUSD,2023-06-22,1.27677,1.28394,1.27252,1.27433,72,42,0.5615733452383844,-0.332871229743796,-0.1911072471940911,0.4491540225345642,2.0,3.0,1.0,4.0,0.2435197202443457,1.1913130909469845,0.04245914971674629,0.2435197202443457,1.294428394611761
GBPUSD,2023-06-23,1.27429,1.2749,1.2685,1.27125,6,58,0.047869794159885,-0.4543706691569393,-0.2385642200754876,0.4580566935081152,3.0,4.0,1.0,1.0,1.388416351223573,-7.698593886371317,-0.36124397736066527,1.2898844863463192,-6.313518522731995
GBPUSD,2023-06-26,1.27135,1.27484,1.26877,1.27104,35,26,0.2745113462067875,-0.2029338891729285,-0.0243835293192301,0.4593384691210903,4.0,0.0,0.0,1.0,0.2087848130331784,0.2087848130331784,0.2087848130331784,0.2087848130331784,0.2087848130331784
GBPUSD,2023-06-27,1.2709,1.27592,1.2703,1.2747,50,6,0.3949956723581733,-0.0472106381304535,0.2990007081595739,0.4545356960827006,0.0,1.0,4.0,3.0,1.169112245627499,8.154902442064907,0.40076512350341176,1.169112245627499,8.154902442064907
GBPUSD,2023-06-28,1.27473,1.2752,1.26064,1.26355,5,141,0.0368705529798443,-1.1053321095447617,-0.8770484730099682,0.5065625837710677,2.0,0.0,0.0,3.0,0.498717269448185,0.3114800928103436,0.10382669760344787,0.5321456631127273,0.34490848647488587
GBPUSD,2023-06-29,1.2637,1.26669,1.25906,1.26094,30,46,0.2366067895861397,-0.3671757537390185,-0.2184062673102869,0.4893040190654306,6.0,2.0,2.0,4.0,1.3522382876943724,-3.2784049797768278,-0.12099907633886046,1.534335958761036,-1.1704070632416033
GBPUSD,2023-06-30,1.26097,1.27273,1.2599,1.26928,118,11,0.9326153675345166,-0.0848553098011772,0.6590164714465879,0.4848902656023158,3.0,1.0,1.0,8.0,0.6610218621957692,-0.8433631088361647,0.004726557184559865,1.758749963961548,-1.981297542031864
GBPUSD,2023-07-03,1.26921,1.27229,1.2658,1.26888,31,34,0.2426706376407349,-0.2686710631022379,-0.0260004254615029,0.4836550813016129,4.0,1.0,1.0,3.0,0.6807405577709823,-2.4248451013979926,-0.10044221602121517,0.6807405577709823,-2.583723948089559
GBPUSD,2023-07-04,1.26885,1.27392,1.26831,1.27107,51,5,0.3995744177798721,-0.0425582220120569,0.174961579382897,0.4813272401503782,3.0,0.0,0.0,1.0,0.4908041538320862,-0.4908041538320862,-0.4908041538320862,0.4432766493028026,-0.4432766493028026
GBPUSD,2023-07-05,1.27114,1.27353,1.26878,1.27019,24,24,0.1880202023380677,-0.1856601161162356,-0.0747360636908606,0.4829676562823386,4.0,0.0,0.0,3.0,0.5767270276105257,0.2603510782122682,0.08678369273742274,0.5767270276105257,-0.0008578346684254834
GBPUSD,2023-07-06,1.27018,1.2781,1.2673,1.27377,79,29,0.6235336723928834,-0.2267395172337774,0.2826371065518259,0.4404493192684678,6.0,4.0,0.0,6.0,1.394690739638465,3.77928696542775,0.05683395873306145,1.394690739638465,4.3761574563013035
GBPUSD,2023-07-07,1.27374,1.28492,1.27255,1.2836,112,12,0.8777301490099995,-0.0934256598677928,0.7740983246188373,0.4679952192303241,4.0,3.0,0.0,2.0,0.6357044510666198,-3.1532356341167542,-0.18226566129789207,0.5265212055262176,-2.825685897495547
GBPUSD,2023-07-10,1.28308,1.28682,1.27502,1.28578,37,81,0.291486111544103,-0.6281759516164196,0.2104311500451978,0.4424374329530334,5.0,0.0,0.0,1.0,1.986584982330365,1.986584982330365,1.986584982330365,1.986584982330365,1.986584982330365
GBPUSD,2023-07-11,1.28581,1.29347,1.28543,1.2929,77,4,0.5957334287336388,-0.0295533554724123,0.5514033955250031,0.4269013085377963,5.0,1.0,1.0,5.0,1.5561094382603158,1.9457712851109974,0.2970270408540004,1.6918173899556102,2.0814792368062918
GBPUSD,2023-07-12,1.2928,1.30005,1.29037,1.29864,72,24,0.560798267326731,-0.1879641089108858,0.4517326732673319,0.4288264818264283,6.0,3.0,1.0,3.0,1.5623858876658103,-5.432875354808796,-0.16799485650129148,1.9721417568513115,-6.1444590969113255
GBPUSD,2023-07-13,1.29865,1.31407,1.29828,1.31311,154,4,1.1873869017826195,-0.0284911253994518,1.1134639818272758,0.446676166202016,2.0,4.0,0.0,10.0,1.7368893542065158,-5.602022571197744,-0.2647671029276293,1.2174439034108064,-5.1726941726057225
GBPUSD,2023-07-14,1.31307,1.31421,1.30877,1.3089,11,43,0.0868194384153275,-0.3274768291104031,-0.3175763668349751,0.455944144111626,3.0,1.0,1.0,1.0,2.0285040600370863,6.336417114959135,0.7449649388886811,2.0285040600370863,6.336417114959135
GBPUSD,2023-07-17,1.30914,1.31089,1.30506,1.30722,18,41,0.1336755427227141,-0.3116549796049209,-0.1466611668729029,0.4525073916212418,2.0,1.0,0.0,1.0,0.0654696569966156,0.2500824964852297,0.06350363507974345,0.0654696569966156,0.2500824964852297
GBPUSD,2023-07-18,1.30734,1.31258,1.30278,1.30357,52,46,0.4008138663239963,-0.3487998531368961,-0.2883718084048565,0.4542476406138286,0.0,2.0,1.0,4.0,1.2023893117324695,-1.2636719754850265,-0.0914292662070932,1.2023893117324695,-1.8689664747001222
GBPUSD,2023-07-19,1.30364,1.30414,1.28673,1.2936,5,169,0.0383541468503702,-1.297137246479088,-0.7701512687551646,0.4947726305398329,1.0,2.0,1.0,7.0,1.030817434956434,-8.015319766306744,-0.3844082363641216,1.030817434956434,-7.717463611373868
GBPUSD,2023-07-20,1.2937,1.29643,1.28395,1.28658,27,98,0.2110226482182808,-0.7536523150653279,-0.5503594341810323,0.5109018694677185,3.0,1.0,2.0,2.0,0.6185725889175171,-2.993882384477567,-0.26091130314401745,0.6185725889175171,-3.020346882042506
GBPUSD,2023-07-21,1.28682,1.29041,1.28156,1.28527,36,53,0.2789822974464169,-0.4087595778741426,-0.120451966864065,0.5080750026472315,2.0,0.0,1.0,2.0,1.8415488308573345,2.260768777279579,0.13973998214074815,1.4932972765857868,1.5642656687364838
GBPUSD,2023-07-24,1.28511,1.2884,1.27975,1.28236,33,54,0.256009213219103,-0.4170849188007277,-0.2139894639369416,0.511394857013852,5.0,4.0,0.0,0.0,2.1437987960744453,-1.1387840945920211,-0.09489867454933501,2.039252269961117,-0.13631143155245162
GBPUSD,2023-07-25,1.28237,1.29047,1.2809,1.28999,81,15,0.6316429735567735,-0.1146315026084579,0.5942122788274804,0.5232160674043413,4.0,1.0,1.0,3.0,1.0419180251042544,3.446698263004533,0.2903700551583593,1.0419180251042544,3.446698263004533
GBPUSD,2023-07-26,1.29007,1.29601,1.2875,1.2943,59,26,0.460440131155678,-0.1992139961397413,0.3278891843078248,0.4769126856689784,0.0,1.0,1.0,1.0,0.3829017958630464,-1.169838650591304,-0.15160188866977833,0.3829017958630464,-1.169838650591304
GBPUSD,2023-07-27,1.29433,1.29958,1.27816,1.27948,52,162,0.4056152604049954,-1.2492950020473927,-1.1473117365741372,0.5511283264540954,4.0,2.0,4.0,4.0,1.0405262939577389,-3.9522980165010315,-0.17726546314908015,1.0405262939577389,-3.936891066345792
GBPUSD,2023-07-28,1.27962,1.28876,1.27626,1.28442,91,34,0.7142745502571018,-0.2625779528297486,0.3751113611853453,0.5387910522343248,3.0,3.0,0.0,3.0,0.9045294134689944,-6.860691619090421,-0.3640716162132538,0.9045294134689944,-6.860691619090421
GBPUSD,2023-07-31,1.28517,1.2873,1.2828,1.28352,21,24,0.1657368285907846,-0.1844114008263485,-0.1283876841196051,0.5401361057829422,2.0,0.0,0.0,4.0,1.2734641883316162,1.5756705629318977,0.3939176407329744,1.2734641883316162,1.5756705629318977
GBPUSD,2023-08-01,1.28367,1.2841,1.27407,1.2787,4,96,0.0334977057966557,-0.7478557573208108,-0.3871711576963036,0.5481261170591694,1.0,2.0,1.0,6.0,1.370706009958275,-0.5605909159266531,-0.13893453073763154,1.370706009958275,-0.7232677595355854
GBPUSD,2023-08-02,1.27887,1.28049,1.268,1.27111,16,109,0.1266743296816685,-0.8499691133578813,-0.6067856779813421,0.5659347147401528,3.0,1.0,0.0,1.0,4.301614643741366,-4.902689554034147,-2.2509864735861465,4.301614643741366,-4.902689554034147
GBPUSD,2023-08-03,1.27111,1.27281,1.262,1.27081,17,91,0.1337413756480583,-0.7166964306786944,-0.0236014192320072,0.5620198214966607,4.0,4.0,0.0,7.0,0.953248800083713,0.6541161340554091,0.036532232655351195,0.953248800083713,0.48453092657349783
GBPUSD,2023-08-04,1.27086,1.27922,1.26834,1.27448,84,25,0.657822262090232,-0.1982909211085467,0.2848464819098844,0.5359006936618868,4.0,3.0,0.0,1.0,0.9900242308210402,-2.1876476410671932,-0.017299931618759423,0.9900242308210402,-1.8544182855977667
GBPUSD,2023-08-07,1.27435,1.27889,1.27127,1.278,45,31,0.3562600541452496,-0.2416918429003172,0.2864205281123655,0.5380317219832126,2.0,0.0,0.0,1.0,0.9844840597196668,-0.9844840597196668,-0.9844840597196668,0.9844840597196668,-0.9844840597196668
GBPUSD,2023-08-08,1.27811,1.27853,1.26838,1.27433,4,97,0.0328610213518292,-0.7612803279842906,-0.2957491921665675,0.5224934656303182,2.0,0.0,0.0,6.0,1.1129786487913609,-1.4776493005466922,-0.2462748834244487,1.1129786487913609,-1.1315237910690736
GBPUSD,2023-08-09,1.27422,1.27819,1.27116,1.2717,40,31,0.3115631523598773,-0.2401469134058358,-0.1977680463342166,0.5078041637296181,2.0,0.0,1.0,2.0,0.4771618406927722,-0.3837451980820395,-0.09568186580268905,0.5167700447882282,-0.06566408681326497
GBPUSD,2023-08-10,1.27183,1.28187,1.26688,1.26752,100,50,0.789413679501195,-0.3892029595150303,-0.3388817687898568,0.4197551802396944,4.0,4.0,0.0,5.0,1.4559016301312768,4.5268377072214605,0.240258580131186,1.4559016301312768,5.350550946170351
GBPUSD,2023-08-11,1.2675,1.27383,1.26655,1.2694,63,10,0.4994082840236644,-0.0749506903353062,0.1499013806706124,0.4248653706309526,3.0,4.0,2.0,7.0,5.520787652397386,23.625071657023263,1.1833475242222262,5.520787652397386,23.00285393566928
GBPUSD,2023-08-14,1.26957,1.27146,1.26162,1.26831,19,80,0.1488693022046793,-0.6261962711784402,-0.099246201469792,0.4250751501187099,3.0,0.0,0.0,1.0,0.7418981470081045,-0.7418981470081045,-0.7418981470081045,0.7418981470081045,-0.7418981470081045
GBPUSD,2023-08-15,1.2683,1.27523,1.26748,1.26997,69,8,0.5464006938421591,-0.0646534731530428,0.1316723172750974,0.4286302321403454,4.0,4.0,1.0,5.0,2.4716227623655027,2.7175512136752458,0.30787981692738153,2.4716227623655027,2.785708746589214
GBPUSD,2023-08-16,1.27,1.27662,1.26866,1.27306,66,13,0.5212598425196906,-0.1055118110236314,0.2409448818897687,0.4091434253524289,3.0,1.0,2.0,9.0,1.1411389079846683,0.1745825956091723,0.11132212533503337,1.1411389079846683,0.707195978740134
GBPUSD,2023-08-17,1.27307,1.27873,1.27023,1.27463,57,28,0.4445945627498879,-0.2230827841359826,0.1225384307225844,0.3964115621885665,3.0,1.0,1.0,2.0,0.5550811500203777,-1.2098351744240734,-0.03679728496090236,0.5550811500203777,-1.2650326007074297
GBPUSD,2023-08-18,1.27452,1.27659,1.26887,1.273,21,57,0.162414085302686,-0.4433041458745374,-0.1192605843768781,0.3964008697653769,4.0,0.0,1.0,0.0,0.8491801421418629,-1.6983602842837258,-0.8491801421418629,0.5464787739659376,-1.0929575479318752
GBPUSD,2023-08-21,1.27313,1.2767,1.271,1.27549,36,21,0.2804112698624532,-0.1673042030271996,0.1853699150911468,0.3978794569994865,2.0,0.0,0.0,1.0,3.2724996758327864,-3.2724996758327864,-3.2724996758327864,3.2724996758327864,-3.2724996758327864
GBPUSD,2023-08-22,1.27558,1.28004,1.27182,1.27291,45,38,0.3496448674328643,-0.2947678703021359,-0.2093165461985881,0.3709480884954824,3.0,0.0,2.0,2.0,0.8983760318992652,-2.0157024910996606,-0.445285777511404,0.8983760318992652,-2.0157024910996606
GBPUSD,2023-08-23,1.27287,1.27645,1.26143,1.27174,36,114,0.2812541736391099,-0.8987563537517496,-0.088775758718475,0.3587823503136005,0.0,5.0,1.0,1.0,2.0282107146613164,-16.413011775495384,-0.758812664848855,1.571469003631607,-13.998848353192622
GBPUSD,2023-08-24,1.27181,1.27286,1.25906,1.26039,10,128,0.0825595018123772,-1.00250823629316,-0.8979328673308282,0.3227465062323698,2.0,1.0,2.0,2.0,0.5207081493140723,-2.69696922620911,-0.23707403289474863,0.5207081493140723,-2.69696922620911
GBPUSD,2023-08-25,1.26038,1.26544,1.25474,1.25746,51,56,0.4014662244719721,-0.4474840920992152,-0.2316761611577487,0.3057032776407656,4.0,1.0,0.0,2.0,2.128726947557593,-1.2200243979767493,0.541927671485098,2.128726947557593,-1.2200243979767493
GBPUSD,2023-08-28,1.25798,1.26107,1.25652,1.25996,31,15,0.2456318860395089,-0.1160590788406824,0.1573951891126942,0.3114792506166749,5.0,0.0,0.0,0.0,0.0,0.0,0.0,0.0,0.0
GBPUSD,2023-08-29,1.25996,1.2655,1.25624,1.2643,55,37,0.4396964983015413,-0.2952474681735885,0.3444553795358591,0.3184727469768026,6.0,3.0,0.0,2.0,1.17441637976346,-6.12384949456853,-0.48810417103929504,1.17441637976346,-6.12384949456853
GBPUSD,2023-08-30,1.26446,1.27461,1.26184,1.2718,102,26,0.8027142021099999,-0.2072030748303501,0.5804849500972846,0.3218765509023077,1.0,2.0,2.0,6.0,1.507223193196557,-5.660591662924993,-0.39652201094108425,1.507223193196557,-7.915078585688706
GBPUSD,2023-08-31,1.27193,1.27341,1.26522,1.26715,15,67,0.1163586046401866,-0.5275447548214126,-0.3758068447162977,0.3326383221104554,0.0,2.0,0.0,5.0,2.244678750709416,2.189893937064662,0.41955024134394703,2.244678750709416,2.189893937064662
GBPUSD,2023-09-01,1.26713,1.27128,1.2577,1.25856,41,94,0.3275117785862441,-0.7442014631490099,-0.6763315524058453,0.3551730458189227,5.0,4.0,1.0,5.0,2.466383165766497,12.574140971126095,0.5831495980723286,2.2912609192474105,11.599519687634452
GBPUSD,2023-09-04,1.25881,1.26423,1.25857,1.26264,54,2,0.4305653752353398,-0.019065625471677,0.3042556064854902,0.3561270958777469,0.0,0.0,0.0,0.0,0.0,0.0,0.0,0.0,0.0
GBPUSD,2023-09-05,1.26268,1.26317,1.25276,1.25649,5,99,0.0388063484018024,-0.7856305635632091,-0.4902271359330881,0.3652770062639388,0.0,0.0,0.0,3.0,1.197850590167619,0.993140800179106,0.3310469333930353,0.7342332459510704,0.5295234559625573
GBPUSD,2023-09-06,1.25649,1.25876,1.24815,1.24997,23,83,0.1806620028810411,-0.6637537903206562,-0.5189058408741877,0.3777829337810214,2.0,1.0,0.0,4.0,1.0239592562788693,1.6443179886359796,0.06807756174633245,1.0161616637505102,1.774536048992189
GBPUSD,2023-09-07,1.25008,1.2508,1.24455,1.2471,7,55,0.057596313835901,-0.4423716882119572,-0.2383847433764225,0.3749768246337548,3.0,1.0,0.0,5.0,1.8127708076530364,-4.122246561643687,-0.4393149456184317,1.8127708076530364,-4.122246561643687
GBPUSD,2023-09-08,1.24704,1.25144,1.24508,1.2465,44,20,0.3528355144983466,-0.1571721837310721,-0.0433025404157031,0.3710356113818384,5.0,0.0,0.0,1.0,1.7328913750157062,-1.7328913750157062,-1.7328913750157062,1.7328913750157062,-1.7328913750157062
GBPUSD,2023-09-11,1.24746,1.25479,1.24678,1.25098,73,7,0.5875939909896958,-0.0545107658762616,0.2821733763006403,0.3805459919949742,2.0,0.0,0.0,0.0,0.0,0.0,0.0,0.0,0.0
GBPUSD,2023-09-12,1.25106,1.25299,1.2459,1.2488,19,52,0.1542691797355832,-0.4124502421946232,-0.1806468115038567,0.3779300589322847,3.0,1.0,1.0,3.0,0.763067933235982,-0.4748105939440149,0.042587253245960174,0.739818403180481,-0.10055574909891085
GBPUSD,2023-09-13,1.24882,1.25116,1.24338,1.24895,23,54,0.1873768837782874,-0.4356112169888463,0.0104098268765685,0.3706659073190719,0.0,4.0,0.0,11.0,1.2702955022163511,5.239857454144918,0.12613769894024734,1.2702955022163511,6.522761255889307
GBPUSD,2023-09-14,1.24893,1.25062,1.2396,1.24081,17,93,0.1353158303507778,-0.7470394657827147,-0.6501565339931082,0.3857539605640877,2.0,5.0,0.0,3.0,0.4376671711605959,0.6935394058540063,0.05318037398011786,0.4376671711605959,0.2709051699885406
GBPUSD,2023-09-15,1.2407,1.2446,1.23784,1.23813,39,29,0.3143386797775461,-0.2305150318368552,-0.2071411300072508,0.3859720600822611,3.0,2.0,2.0,3.0,1.9583458325976215,-0.42275049029602724,0.12846784129376382,1.9583458325976215,-0.42834688504318325
GBPUSD,2023-09-18,1.23832,1.24104,1.23698,1.2385,27,13,0.2196524323276563,-0.1082111247496704,0.014535822727554,0.380069915789484,3.0,0.0,0.0,2.0,1.1065283973264108,-0.565682302837063,-0.2828411514185315,1.1065283973264108,-0.565682302837063
GBPUSD,2023-09-19,1.2384,1.24248,1.23696,1.23919,41,14,0.329457364341092,-0.1162790697674326,0.0637919896640882,0.3829392343769039,1.0,0.0,1.0,3.0,1.4777966519912669,1.3111804919518657,-0.041654040009850304,1.4777966519912669,0.9703228107291731
GBPUSD,2023-09-20,1.23911,1.24213,1.23316,1.2342,30,59,0.2437233175424314,-0.4801833574097457,-0.3962521487196431,0.386838469452513,1.0,2.0,0.0,6.0,0.8631806601373871,-2.77608557072721,-0.19554733302556193,0.8631806601373871,-2.907775510441887
GBPUSD,2023-09-21,1.23449,1.23449,1.22322,1.22911,0,113,0.0,-0.9129276057319308,-0.4358074994532286,0.3525649004048616,1.0,3.0,2.0,4.0,4.662227319441159,-1.279249604954447,0.2765738649860612,4.662227319441159,-1.033510813255384
GBPUSD,2023-09-22,1.22924,1.22942,1.22303,1.2239,2,62,0.0146431941687422,-0.5051901988220403,-0.434414760339732,0.3583769501241007,2.0,5.0,0.0,2.0,1.087703543986645,4.7838664535883435,0.29034833201954724,0.8951208723179865,4.746086849800946
GBPUSD,2023-09-25,1.22369,1.22501,1.21932,1.22096,13,44,0.1078704573870823,-0.3571165899860247,-0.2230957186869141,0.3515416712100856,0.0,0.0,0.0,1.0,0.3521733381026135,0.3521733381026135,0.3521733381026135,0.3521733381026135,0.3521733381026135
GBPUSD,2023-09-26,1.221,1.22154,1.21512,1.21543,5,59,0.0442260442260429,-0.4815724815724903,-0.4561834561834623,0.3358895391664274,2.0,1.0,3.0,2.0,1.0267507406698595,-1.7568766570392487,-0.06629940033506307,1.0267507406698595,-1.7840355494238112
GBPUSD,2023-09-27,1.2156,1.21642,1.21101,1.21366,8,46,0.0674564001316257,-0.3775913129318932,-0.1595919710431106,0.2812986145168938,6.0,0.0,2.0,1.0,0.2882292895641818,-0.2980828965629848,-0.03906574867638931,0.2882292895641818,-0.2980828965629848
GBPUSD,2023-09-28,1.21364,1.22246,1.21198,1.22028,88,17,0.7267393955373957,-0.1367786163936583,0.5471144655746333,0.3295122857783943,3.0,2.0,2.0,1.0,3.217274302576277,-10.649157193675173,-1.0529402872785412,3.217274302576277,-10.079451391048458
GBPUSD,2023-09-29,1.22028,1.22719,1.21799,1.2197,69,23,0.5662634805126668,-0.1876618481004462,-0.0475300750647412,0.3105633150267287,0.0,2.0,1.0,11.0,1.3724180064494689,-3.2601677801231457,-0.05818456436693874,1.3724180064494689,-3.1156686657618318
GBPUSD,2023-10-02,1.21954,1.22199,1.20831,1.20872,24,112,0.2008954195844204,-0.9208390048706948,-0.8872197713892165,0.3298966359088136,3.0,1.0,1.0,4.0,1.9342007641405647,2.9437279208903564,0.3172060014694389,1.7730515228134764,2.7096808797149863
GBPUSD,2023-10-03,1.20866,1.21015,1.2052,1.2076,15,35,0.1232770175235377,-0.2862674366653995,-0.0877004285737974,0.3249477149891465,6.0,1.0,0.0,4.0,2.340438472958615,3.622360170636638,0.01562927184117715,2.340438472958615,3.2705200119582267
GBPUSD,2023-10-04,1.20746,1.21769,1.20369,1.21374,102,38,0.8472330346346845,-0.3122256637901091,0.5201000447219836,0.3534875143991512,5.0,2.0,0.0,4.0,3.574951873030962,1.4883840770922725,0.47348228820304933,2.765535590639731,0.7705685086226186
GBPUSD,2023-10-05,1.21373,1.2196,1.21074,1.219,59,30,0.4836330979707218,-0.2463480345711194,0.4341987097624766,0.3759618205558671,5.0,1.0,1.0,4.0,1.8962449743297825,-3.181807312809054,-0.293198822515701,1.8962449743297825,-2.547633613987899
GBPUSD,2023-10-06,1.2191,1.22611,1.21053,1.2238,70,86,0.5750143548519367,-0.7029776064309708,0.3855303092445186,0.3922518201975433,5.0,3.0,0.0,1.0,0.3302568100158404,-0.20059546302724907,0.038326513083702655,0.3302568100158404,-0.07751200494197652
GBPUSD,2023-10-09,1.22008,1.22443,1.21627,1.22384,43,38,0.356533997770626,-0.3122746049439455,0.3081765130155388,0.3936099164794736,5.0,0.0,0.0,0.0,0.0,0.0,0.0,0.0,0.0
GBPUSD,2023-10-10,1.2238,1.22914,1.22114,1.22822,53,27,0.4363458081385766,-0.2173557770877681,0.3611701258375625,0.4057963229206941,4.0,0.0,0.0,3.0,0.2584127905892877,-0.3757244517841358,-0.12524148392804527,0.2584127905892877,-0.3757244517841358
GBPUSD,2023-10-11,1.22817,1.23375,1.2268,1.2311,56,14,0.4543344976672544,-0.1115480755921487,0.2385663222518136,0.4112573585053355,0.0,2.0,0.0,2.0,0.2943290189133921,-0.8330342276873275,-0.0807781701645649,0.4743309489701464,-0.5299605806964401
GBPUSD,2023-10-12,1.23106,1.23315,1.21702,1.21768,21,140,0.1697723912725557,-1.1404805614673577,-1.0868682273812769,0.4538724884031676,2.0,5.0,0.0,10.0,2.051562647819213,0.5284542016824849,0.07800775106495203,2.051562647819213,1.581689131268666
GBPUSD,2023-10-13,1.21766,1.22252,1.2122,1.21378,49,55,0.3991261928617255,-0.4484010314866236,-0.3186439564410331,0.4562283475763364,5.0,1.0,1.0,2.0,1.3211861194796382,-0.900162149379047,-0.04622879534835722,1.3211861194796382,-0.6697544959080773
GBPUSD,2023-10-16,1.21435,1.22194,1.21406,1.22118,76,3,0.6250257339317318,-0.0238810886482582,0.5624408119570051,0.4783094784779216,2.0,1.0,0.0,1.0,0.2331932614429793,-0.5359345587196929,-0.0347740179168671,0.2331932614429793,-0.5359345587196929
GBPUSD,2023-10-17,1.22119,1.22163,1.21326,1.21847,4,79,0.0360304293353201,-0.6493666014297523,-0.2227335631638038,0.4788356083157247,2.0,3.0,1.0,4.0,2.150990087463652,-0.7290257800889872,0.05100576591371273,2.150990087463652,-1.1753748031827989
GBPUSD,2023-10-18,1.21826,1.22113,1.21362,1.214,29,46,0.2355818954903017,-0.3808710784233232,-0.3496790504489953,0.4772758697886514,3.0,1.0,1.0,7.0,0.8543035826757392,-2.2247461973570535,-0.1141903064999314,0.8543035826757392,-2.438209682442271
GBPUSD,2023-10-19,1.21399,1.21917,1.20897,1.21421,52,50,0.4266921473817894,-0.4135124671537494,0.0181220603135206,0.4695759306714259,3.0,1.0,2.0,3.0,0.8145193435707454,-3.1255395812058677,-0.18024467325210225,0.8145193435707454,-3.1407407707131876
GBPUSD,2023-10-20,1.21413,1.21702,1.20929,1.216,29,48,0.238030523914248,-0.3986393549290402,0.1540197507680428,0.4622643534080911,6.0,1.0,0.0,2.0,2.1435695850137004,-5.037728576998074,-1.0632944499233161,2.1435695850137004,-4.0753783955996745
GBPUSD,2023-10-23,1.216,1.22588,1.21425,1.22438,99,17,0.8125000000000091,-0.1439144736842038,0.6891447368421098,0.4851413147268184,0.0,0.0,0.0,0.0,0.0,0.0,0.0,0.0,0.0
GBPUSD,2023-10-24,1.22438,1.22887,1.21528,1.21595,45,91,0.3667162155539851,-0.7432333099201316,-0.6885117365523724,0.4999538023111703,1.0,5.0,1.0,2.0,0.8240666227479689,2.4968810798314003,0.005756511206220352,0.8147603264876827,1.916069462986308
GBPUSD,2023-10-25,1.21597,1.2176,1.21048,1.21088,16,55,0.1340493597703907,-0.4514914019260339,-0.4185958535161261,0.5080979438463289,3.0,0.0,1.0,1.0,1.167859567068401,2.616783885895587,0.7244621594135928,1.167859567068401,2.616783885895587
GBPUSD,2023-10-26,1.21091,1.21396,1.2069,1.2128,30,40,0.2518766877802642,-0.3311559075405973,0.1560809639031942,0.493474949388508,3.0,2.0,4.0,4.0,4.215816659524773,15.987215267989873,0.7548783859645061,4.215816659524773,15.940938031664773
GBPUSD,2023-10-27,1.21276,1.21624,1.2105,1.2122,35,23,0.2869487779939911,-0.1863517926053094,-0.0461756654243309,0.4934701982378272,5.0,2.0,0.0,3.0,3.438220297153552,11.834764072289591,1.1997050077891391,3.438220297153552,11.834764072289591
GBPUSD,2023-10-30,1.21208,1.21746,1.20897,1.21663,54,31,0.4438650914131031,-0.2565837238466063,0.3753877631839526,0.4551440206540234,3.0,0.0,0.0,3.0,1.5926503951892153,-3.337930361715113,-1.1126434539050376,1.5926503951892153,-3.337930361715113
GBPUSD,2023-10-31,1.21656,1.22004,1.21191,1.21482,35,47,0.2860524758334917,-0.3822252909844186,-0.143026237916755,0.456186816941786,3.0,2.0,2.0,2.0,7.179658115649875,13.413775664641191,1.0812904014165363,7.179658115649875,13.413775664641191
GBPUSD,2023-11-01,1.2148,1.21644,1.20953,1.21524,16,53,0.1350016463615297,-0.4338162660520339,0.0362199539018765,0.4423656969799927,5.0,4.0,1.0,6.0,2.804842564851246,-3.967074619660476,-0.074194445625464,2.804842564851246,-3.789427412058852
GBPUSD,2023-11-02,1.21509,1.22253,1.21501,1.21994,74,1,0.6123003234328231,-0.0065838744455209,0.3991473882593076,0.4407140522775389,6.0,3.0,0.0,5.0,0.786450138208492,-0.3741179970216224,-0.07918624573884028,0.786450138208492,-0.3741179970216224
GBPUSD,2023-11-03,1.21995,1.23894,1.2184,1.2376,190,16,1.55662117299888,-0.1270543874749098,1.4467806057625263,0.5397411379968999,3.0,4.0,0.0,2.0,0.8320280641076674,-2.3350603135437784,-0.17082038064277197,0.8066940211375868,-2.6568750667769074
GBPUSD,2023-11-06,1.23662,1.24284,1.23375,1.23442,62,29,0.5029839400947658,-0.2320842295935817,-0.1779042874933269,0.5395639789091498,2.0,0.0,1.0,0.0,0.2504734919976478,0.5009469839952957,0.2504734919976478,0.2504734919976478,0.5009469839952957
GBPUSD,2023-11-07,1.23443,1.2347,1.2262,1.22996,3,82,0.0218724431518994,-0.6667044708893951,-0.3621104477370101,0.5417913159685256,3.0,0.0,0.0,5.0,3.246361447362673,4.950291492689237,0.9900582985378474,3.246361447362673,4.832107252501135
GBPUSD,2023-11-08,1.22983,1.23017,1.22413,1.22845,3,57,0.0276460974281003,-0.4634786921769707,-0.1122106307375764,0.5397817472958911,1.0,0.0,0.0,3.0,0.330946683541231,-0.3180100132797733,-0.10600333775992443,0.4888206626608911,-0.47588399239943335
GBPUSD,2023-11-09,1.2284,1.23088,1.22122,1.22227,25,72,0.2018886356235784,-0.584500162813413,-0.4990231195050447,0.4915937782981408,3.0,1.0,0.0,3.0,1.296405265260045,0.7681746577674354,0.24593653355777467,1.296405265260045,0.6731540501716327
GBPUSD,2023-11-10,1.22214,1.22379,1.21867,1.22237,16,35,0.1350090824291758,-0.2839281915328918,0.0188194478537608,0.4849264861557201,5.0,2.0,2.0,7.0,1.920368204813646,-3.3539426611143255,-0.19111689037566482,1.920368204813646,-2.9468006846731067
GBPUSD,2023-11-13,1.22182,1.22802,1.22103,1.22786,62,8,0.5074397210718423,-0.0646576418784965,0.4943445024635417,0.4813041150604947,6.0,0.0,0.0,3.0,1.6624203505856632,-1.256297090051277,-0.418765696683759,1.6624203505856632,-0.8387468947850673
GBPUSD,2023-11-14,1.22781,1.2506,1.22649,1.24973,228,13,1.8561503815736853,-0.1075084907273916,1.7852925126851824,0.6148698730814967,1.0,4.0,1.0,3.0,1.0474563931505645,-8.965203662727523,-0.3425206902217457,1.1308931679837269,-9.742640950601757
GBPUSD,2023-11-15,1.2498,1.24995,1.24033,1.24167,1,95,0.0120019203072389,-0.7577212353976708,-0.6505040806529021,0.6309183911496952,3.0,6.0,1.0,7.0,2.6910599381239235,-13.765137828522965,-0.40330976998372453,2.6910599381239235,-12.846905729547991
GBPUSD,2023-11-16,1.24146,1.2456,1.23761,1.24141,41,38,0.3334783239089485,-0.3101187311713554,-0.0040275159892469,0.6311329941804658,4.0,1.0,2.0,5.0,5.170147973716268,-1.943512080816296,-0.18503174050422488,5.170147973716268,-1.893693446702148
GBPUSD,2023-11-17,1.24129,1.24649,1.23735,1.24564,52,39,0.4189190277856177,-0.3174117248991013,0.3504418790129684,0.6331716886457227,4.0,1.0,1.0,2.0,0.4313678021608153,1.1950441907588178,0.08007130762090237,0.4313678021608153,1.294388603760946
GBPUSD,2023-11-20,1.24528,1.25176,1.24455,1.25042,65,7,0.5203648978543012,-0.0586213542335777,0.4127585763844392,0.6233222331384636,4.0,0.0,0.0,1.0,0.0299850812346101,-0.0299850812346101,-0.0299850812346101,0.057598895948286,-0.057598895948286
GBPUSD,2023-11-21,1.25041,1.25593,1.24958,1.25384,55,8,0.441455202693514,-0.0663782279412439,0.2743100263113734,0.5942014761098766,2.0,0.0,1.0,1.0,0.8117821751722764,-1.8697654267239618,-0.5289916257758427,0.8117821751722764,-1.8697654267239618
GBPUSD,2023-11-22,1.25367,1.25493,1.24486,1.2493,13,88,0.1005049175620409,-0.7027367648583746,-0.3485765791635745,0.5907672098138244,4.0,2.0,2.0,4.0,1.4242902494261789,-4.090574546759869,-0.17760070853503873,1.4242902494261789,-4.090574546759869
GBPUSD,2023-11-23,1.24926,1.25691,1.24878,1.25337,76,5,0.6123625186110124,-0.0384227462657922,0.3289947649008259,0.5918124917611528,5.0,2.0,0.0,0.0,1.5914245387378758,6.06430565780842,1.0107176096347366,1.2938716089623803,4.990539848078004
GBPUSD,2023-11-24,1.25335,1.26153,1.2524,1.26014,82,10,0.6526508955997986,-0.0757968644033994,0.5417481150516674,0.5946365659597407,4.0,2.0,0.0,1.0,1.0915174171688578,0.5039684878416014,0.29855592468659076,1.0915174171688578,0.6060944193694636
GBPUSD,2023-11-27,1.2599,1.26441,1.25905,1.26273,45,9,0.3579649178506242,-0.0674656718787219,0.22462100166679,0.5933617337862396,5.0,0.0,1.0,1.0,0.7021394193373955,-1.0489937704274417,-0.17342717554502302,0.7021394193373955,-1.0489937704274417
GBPUSD,2023-11-28,1.26259,1.27149,1.26063,1.26927,89,20,0.7049002447350214,-0.1552364583910995,0.5290711949247021,0.5918942872876808,3.0,1.0,2.0,3.0,1.0614820429932643,-0.9029441255982456,-0.22694505360019127,1.0614820429932643,-0.6607793026318516
GBPUSD,2023-11-29,1.26925,1.27334,1.26644,1.26951,41,28,0.3222375418554207,-0.2213905849911348,0.0204845381130531,0.592181982934274,1.0,1.0,1.0,6.0,1.816017070264588,1.1833949783577853,0.1754122039882569,1.816017070264588,1.76716470581736
GBPUSD,2023-11-30,1.26948,1.27108,1.2603,1.26217,16,92,0.1260358572013774,-0.7231307306928795,-0.5758263225887709,0.617430648468754,5.0,2.0,2.0,3.0,2.3471607862660053,3.8915336484319916,0.3030810472514308,2.3471607862660053,3.8915336484319916
GBPUSD,2023-12-01,1.26224,1.27161,1.26136,1.27081,94,9,0.7423310939282449,-0.0697173279249581,0.678951704905562,0.5556133767723904,1.0,1.0,1.0,5.0,1.1044746825350784,3.2066992812588264,0.28956361019803784,1.1044746825350784,2.9554119977930093
GBPUSD,2023-12-04,1.2696,1.27245,1.26033,1.26326,29,93,0.2244801512287349,-0.730151228733468,-0.4993698802772536,0.5699561357595495,2.0,0.0,0.0,1.0,0.7039533572628348,-0.7039533572628348,-0.7039533572628348,0.7039533572628348,-0.7039533572628348
GBPUSD,2023-12-05,1.26316,1.26522,1.25769,1.25923,21,55,0.1630830615282268,-0.4330409449317652,-0.3111244814591967,0.5677469932307398,2.0,2.0,0.0,4.0,1.4914656697567,-4.814655079007653,-0.41550849336001044,1.4914656697567,-5.0813125994760435
GBPUSD,2023-12-06,1.25939,1.26134,1.25512,1.25594,19,43,0.1548368654666065,-0.33905303361151,-0.2739421465947763,0.5725542396251211,4.0,1.0,1.0,5.0,0.568596373203108,-1.790342054762107,-0.23854275772412276,0.599514833338764,-1.945865716382493
GBPUSD,2023-12-07,1.25574,1.26126,1.2544,1.25925,55,13,0.4395814420182497,-0.1067099877363243,0.2795164604137721,0.5540716304583979,2.0,1.0,0.0,4.0,5.892876761270862,-8.075822485549635,-1.6793091294792828,5.892876761270862,-8.075822485549635
GBPUSD,2023-12-08,1.25907,1.26013,1.25018,1.25445,11,89,0.0841891237183048,-0.7060767074110131,-0.3669375014891822,0.5659707053789055,3.0,4.0,1.0,2.0,2.728273716695932,-2.6204302035959866,-0.3467805070986157,2.728273716695932,-2.1093850888015084
GBPUSD,2023-12-11,1.25358,1.25908,1.25287,1.25549,55,7,0.4387434387913065,-0.0566377893712398,0.1523636305620765,0.5599795493254597,3.0,0.0,1.0,1.0,0.4533339064121818,-0.8873984234101618,-0.21703225849899,0.7871334865794086,-1.5549975837446155
GBPUSD,2023-12-12,1.25534,1.26156,1.25136,1.25628,62,40,0.4954832953622218,-0.3170455812767754,0.0748801121608618,0.4016991609387697,5.0,4.0,2.0,2.0,1.206505580419534,-4.9931868297621005,-0.2881301531260489,1.720296534370066,-6.2497774674300555
GBPUSD,2023-12-13,1.25624,1.26344,1.24998,1.26178,72,63,0.573138890657826,-0.498312424377502,0.4409985353117142,0.3760030520567392,6.0,3.0,0.0,10.0,2.79663565384286,-7.566379863206824,-0.4473005163132877,2.79663565384286,-6.882808478322422
GBPUSD,2023-12-14,1.2616,1.27939,1.26117,1.27652,178,4,1.4101141407736186,-0.0340837032340006,1.1826252377932818,0.4463549096022635,0.0,6.0,0.0,4.0,1.252927964729735,-3.3595398381824926,-0.14607832845057464,1.252927964729735,-3.563123213510104
GBPUSD,2023-12-15,1.27644,1.27904,1.2668,1.26725,26,96,0.2036915170317395,-0.7552254708407832,-0.7199711698160534,0.4843454989902779,2.0,5.0,1.0,2.0,0.7356546258710424,-0.010350359182277113,0.051396518650109094,0.6647719567745904,0.1677661240358137
GBPUSD,2023-12-18,1.26851,1.27041,1.2628,1.26479,19,57,0.1497820277333259,-0.4501344096617373,-0.2932574437726108,0.4862503670731422,6.0,0.0,0.0,1.0,1.1995584938085693,1.1995584938085693,1.1995584938085693,1.1995584938085693,1.1995584938085693
GBPUSD,2023-12-19,1.2646,1.27617,1.26358,1.27321,116,10,0.9149138067373146,-0.0806579155464194,0.6808476988771158,0.5035628206487857,0.0,0.0,1.0,3.0,1.7223765783467726,0.718000132901374,0.2977417214990996,1.7223765783467726,0.6676428437481804
GBPUSD,2023-12-20,1.27317,1.27347,1.26244,1.26376,3,107,0.0235632319329067,-0.8427782621330936,-0.7391000416283701,0.5283171787892175,5.0,2.0,1.0,8.0,1.6023359401945976,-1.3949877336121286,-0.26625460400938616,1.6023359401945976,-0.09848555621866839
GBPUSD,2023-12-21,1.26387,1.26958,1.26118,1.26893,57,27,0.4517869717613268,-0.2128383457159424,0.4003576317184396,0.5304110653636825,3.0,2.0,2.0,4.0,1.7002565238483152,-4.404832041263564,-0.3112613068529564,1.7002565238483152,-4.0585886285709005
GBPUSD,2023-12-22,1.26882,1.27442,1.26757,1.2693,56,12,0.4413549597263638,-0.0985167320817746,0.0378304251194051,0.5187297952565915,3.0,3.0,3.0,6.0,1.397999354331286,-0.8547605334818462,-0.030808622123830717,1.397999354331286,-0.05614114023405453
GBPUSD,2023-12-25,1.2697,1.2715,1.26791,1.2684,18,18,0.1417657714420748,-0.140978183822947,-0.1023863904859477,0.5179614142160702,4.0,0.0,0.0,0.0,0.0,0.0,0.0,0.0,0.0
GBPUSD,2023-12-26,1.2687,1.27304,1.26831,1.27241,43,4,0.3420824465988816,-0.0307401276897525,0.29242531725389,0.5085737048677643,5.0,0.0,0.0,2.0,0.3368776310405577,-0.21345172245096516,-0.10672586122548258,0.3368776310405577,-0.21345172245096516
GBPUSD,2023-12-27,1.27241,1.28024,1.26981,1.27979,78,26,0.6153676880879594,-0.2043366524940809,0.5800017290024396,0.5238782163973555,1.0,0.0,1.0,0.0,0.4624257513148092,-0.9248515026296183,-0.4624257513148092,0.4624257513148092,-0.9248515026296183
GBPUSD,2023-12-28,1.27971,1.28275,1.27119,1.27314,30,85,0.2375538207875342,-0.6657758398387027,-0.5133975666361883,0.5201512479406472,3.0,0.0,2.0,4.0,0.9512286007652352,2.018788615032271,0.15871641673568807,0.9512286007652352,1.9791960375864681
GBPUSD,2023-12-29,1.27328,1.27726,1.26999,1.273,40,33,0.3125785373209423,-0.2583877858758494,-0.0219904498617788,0.4986463542778079,3.0,0.0,1.0,1.0,1.4739620906609376,-3.5594395413147835,-1.0427387253269225,1.4739620906609376,-3.5594395413147835
GBPUSD,2024-01-01,1.2729,1.273,1.2709,1.2723,1,20,0.0078560766753074,-0.1571215335061671,-0.0471364600518449,0.4841847247617832,0.0,0.0,0.0,0.0,0.0,0.0,0.0,0.0,0.0
GBPUSD,2024-01-02,1.27242,1.27599,1.26103,1.26149,36,114,0.2805677370679375,-0.895144684931077,-0.8589930997626652,0.5191319593804873,4.0,0.0,0.0,4.0,1.1236447749004363,-2.343239372776,-0.585809843194,1.0600209783022028,-2.2083495702323375
GBPUSD,2024-01-03,1.26165,1.26766,1.2611,1.26645,60,5,0.476360321800822,-0.0435937066539712,0.3804541671620606,0.5209637942010148,3.0,2.0,1.0,1.0,1.0881007795710984,-0.41493953440453457,-0.04722246682535963,1.0881007795710984,-0.41493953440453457
GBPUSD,2024-01-04,1.26636,1.27298,1.26564,1.26818,66,7,0.5227581414447764,-0.0568558703686022,0.1437190056540127,0.5185841584742283,4.0,2.0,0.0,8.0,1.112191603026471,-0.6150939832676896,0.09877358086854823,1.112191603026471,-0.9472833863198151
GBPUSD,2024-01-05,1.26819,1.27709,1.26106,1.27173,89,71,0.701787587033499,-0.5622185950054691,0.2791379840560246,0.5123025741336361,4.0,4.0,1.0,2.0,0.8170860362725069,-1.5091946508834349,0.012611566864657642,0.8170860362725069,-1.3861111927981622
GBPUSD,2024-01-08,1.27202,1.27671,1.26729,1.27472,47,47,0.3687048945771358,-0.3718494992217026,0.2122608135092331,0.5129995709616825,2.0,0.0,0.0,0.0,0.0,0.0,0.0,0.0,0.0
GBPUSD,2024-01-09,1.27484,1.27648,1.26889,1.27098,16,59,0.1286435944902957,-0.4667252361080528,-0.3027830943490928,0.5197350557895781,4.0,0.0,0.0,5.0,1.675937682886946,2.0723465281574307,0.41446930563148615,1.675937682886946,2.314831990567565
GBPUSD,2024-01-10,1.27088,1.2744,1.26858,1.2742,35,23,0.2769734357295706,-0.1809769608460255,0.261236308699483,0.5141707711015444,3.0,0.0,1.0,2.0,0.5223738667234801,-0.6487946474316152,-0.04214026023604511,0.9554149872177746,-1.5148768884202042
GBPUSD,2024-01-11,1.27421,1.27824,1.26896,1.27628,40,52,0.316274397469803,-0.4120199967038382,0.1624535987003725,0.4404374445281359,3.0,4.0,1.0,2.0,4.165737878593546,-0.5684853727569368,-0.4204460927534036,4.165737878593546,-0.2775424321959253
GBPUSD,2024-01-12,1.27577,1.27856,1.27191,1.27473,28,39,0.2186914569240418,-0.3025623740956422,-0.0815193961294082,0.4081001020519805,2.0,3.0,0.0,7.0,1.1179410560335876,5.359077141762371,0.45137889701567824,1.1179410560335876,5.237796045689205
GBPUSD,2024-01-15,1.27479,1.27652,1.27126,1.27274,17,35,0.1357086265188783,-0.2769083535327413,-0.1608108002102391,0.4037406756891392,0.0,0.0,0.0,1.0,0.72686296133433,0.72686296133433,0.72686296133433,0.72686296133433,0.72686296133433
GBPUSD,2024-01-16,1.27263,1.27292,1.26188,1.26365,3,108,0.0227874558984247,-0.8447074169240107,-0.7056253585095423,0.4051583317029853,4.0,2.0,1.0,1.0,0.9028336467827424,0.957334568903339,0.02941995546369539,0.9028336467827424,0.8027723365319654
GBPUSD,2024-01-17,1.26365,1.26962,1.25961,1.26748,60,40,0.4724409448818922,-0.3197087801210813,0.3030902544217149,0.3764021310920026,4.0,3.0,1.0,10.0,2.436353405861536,2.285575100006802,0.09311217473135851,2.436353405861536,1.6143284464048204
GBPUSD,2024-01-18,1.26753,1.27082,1.26476,1.27047,33,28,0.2595599315203596,-0.2185352614928198,0.2319471728479754,0.3690912261981722,3.0,1.0,2.0,4.0,1.0679911478926511,-3.1443858150317765,-0.19291590815139797,1.0679911478926511,-3.1443858150317765
GBPUSD,2024-01-19,1.27051,1.27146,1.26608,1.27008,10,44,0.074773122604309,-0.3486788769864018,-0.0338446765472078,0.3690984926025392,4.0,2.0,2.0,1.0,2.0771738977611545,2.209595682798492,0.14633505168140207,2.0771738977611545,3.7594357019052542
GBPUSD,2024-01-22,1.26889,1.27327,1.26859,1.27079,44,3,0.3451835856535892,-0.0236427113461345,0.1497371718588697,0.3696897939372546,2.0,0.0,0.0,1.0,0.3963286222380203,0.3963286222380203,0.3963286222380203,0.3232018484343715,0.3232018484343715
GBPUSD,2024-01-23,1.27062,1.27471,1.26487,1.26856,41,58,0.32189010089562,-0.4525349829217345,-0.1621255764902309,0.3655904380028406,5.0,0.0,1.0,1.0,0.4875605652101068,-0.7291908426196687,-0.30418785195744386,0.4875605652101068,-0.7291908426196687
GBPUSD,2024-01-24,1.26861,1.27748,1.26765,1.27244,89,10,0.6991904525425413,-0.0756733747960422,0.3019052348633543,0.3468069893762662,2.0,4.0,0.0,2.0,1.8586289760750665,10.030460516179103,0.47546247315388596,1.7704777786123291,9.262268478014967
GBPUSD,2024-01-25,1.27252,1.27425,1.26812,1.27068,17,44,0.1359507119730934,-0.3457705969257993,-0.1445949768962424,0.3286980481302816,3.0,2.0,4.0,4.0,2.0416782412069967,4.4971163269242265,0.18956319226232957,2.0416782412069967,4.475118016395969
GBPUSD,2024-01-26,1.27072,1.27583,1.2675,1.27025,51,32,0.4021342231175985,-0.2533996474439688,-0.0369869050616949,0.3287567286882332,3.0,1.0,1.0,3.0,4.372898850313328,12.529517963428418,1.1809855880678952,4.372898850313328,12.529517963428418
GBPUSD,2024-01-29,1.26952,1.2719,1.26615,1.27086,24,34,0.1874724305249266,-0.2654546600289773,0.1055517045812684,0.3295091021437968,3.0,0.0,0.0,0.0,0.0,0.0,0.0,0.0,0.0
GBPUSD,2024-01-30,1.27061,1.27211,1.26399,1.26983,15,66,0.1180535333422574,-0.5210095938171485,-0.0613878373379717,0.2609207539856531,2.0,2.0,1.0,5.0,1.183959668798481,3.7489503375796915,0.13677968543570115,1.183959668798481,3.7489503375796915
GBPUSD,2024-01-31,1.26985,1.27507,1.26575,1.26863,52,41,0.4110721738788048,-0.3228727802496352,-0.0960743394889159,0.2499219843079935,6.0,2.0,1.0,2.0,0.829812643815376,-3.569670664212406,-0.24997089173711018,0.829812643815376,-3.569670664212406
GBPUSD,2024-02-01,1.26868,1.27557,1.26248,1.27425,69,62,0.5430841504555965,-0.4886969133272364,0.4390390011665727,0.2659353630452107,0.0,5.0,1.0,8.0,1.803103135997336,5.31899073513723,0.09643414653392417,1.803103135997336,5.3690739743029265
GBPUSD,2024-02-02,1.27419,1.27721,1.26136,1.26284,30,128,0.2370133182649387,-1.0069141964699062,-0.8907619742738502,0.3299202966317153,0.0,4.0,0.0,2.0,0.3515574016773638,0.15938313963905626,0.011034332380365849,0.3515574016773638,0.28246659772432886
GBPUSD,2024-02-05,1.26332,1.26366,1.25177,1.25324,3,115,0.0269132128043573,-0.9142576702656452,-0.7978976031409373,0.3668657320767958,6.0,1.0,0.0,2.0,1.0724171402671945,2.9768723603560336,0.2773460266072148,1.0724171402671945,2.6912199819333433
GBPUSD,2024-02-06,1.25337,1.26033,1.25274,1.25946,70,6,0.5553029033724961,-0.0502644869432115,0.4858900404509385,0.3832249037330379,4.0,0.0,1.0,2.0,0.7454848206910676,1.02290588471756,0.09247368800883082,0.7454848206910676,1.02290588471756
GBPUSD,2024-02-07,1.25961,1.26417,1.25903,1.2625,46,6,0.3620168147283778,-0.0460459983645575,0.2294360952993434,0.3819883759233698,3.0,0.0,1.0,3.0,0.6445860614483815,0.3065481443128853,0.12060448053953338,0.6445860614483815,0.554783803856386
GBPUSD,2024-02-08,1.26253,1.26388,1.25714,1.26172,13,54,0.1069281522023209,-0.4269205484226122,-0.0641568913213925,0.3790753114174002,3.0,1.0,1.0,5.0,1.265422581247046,0.551623176420531,0.21502301399496446,1.265422581247046,0.8617305108708094
GBPUSD,2024-02-09,1.26161,1.26429,1.25986,1.26247,27,17,0.212426978226236,-0.138711646229811,0.0681668661472311,0.3798858252245819,3.0,0.0,0.0,0.0,0.0,0.0,0.0,0.0,0.0
GBPUSD,2024-02-12,1.2621,1.26546,1.26057,1.26285,34,15,0.2662229617304516,-0.1212265272165463,0.0594247682434061,0.379451572325141,1.0,0.0,0.0,1.0,1.1395166507545995,-1.1395166507545995,-1.1395166507545995,1.1395166507545995,-1.1395166507545995
GBPUSD,2024-02-13,1.26283,1.26875,1.25726,1.25916,59,56,0.4687883563108374,-0.4410728284883835,-0.2906171060237593,0.350888054444263,2.0,4.0,1.0,3.0,2.512538283168852,-7.825259092972379,-0.6254517778829133,3.1923513248037194,-8.880354383389239
GBPUSD,2024-02-14,1.25916,1.2611,1.2535,1.25655,19,57,0.1540709679468894,-0.4495060198862732,-0.2072810445058611,0.3454195825126866,5.0,1.0,0.0,8.0,0.5332025535603858,-0.3677198099651145,-0.002776661531464756,0.8575601099296984,-0.06669211979067491
GBPUSD,2024-02-15,1.25645,1.26025,1.25407,1.25988,38,24,0.3024394126308269,-0.1894225794898363,0.2729913645588797,0.3472109005076712,3.0,5.0,3.0,12.0,3.663842555105157,-3.0816592019626055,0.16479371217176958,3.663842555105157,-2.8275810626549562
GBPUSD,2024-02-16,1.25976,1.26245,1.25503,1.25978,27,47,0.2135327363942402,-0.3754683431764702,0.0015876039880539,0.3473003960218083,3.0,4.0,2.0,2.0,2.6630630364758554,14.39617624779231,0.4214593409542745,2.6630630364758554,14.25820271525696
GBPUSD,2024-02-19,1.2599,1.26295,1.25829,1.25935,30,16,0.2420827049765852,-0.1277879196761736,-0.0436542582744702,0.3446590106296773,4.0,0.0,0.0,1.0,0.0553618120650821,-0.0553618120650821,-0.0553618120650821,0.0553618120650821,-0.0553618120650821
GBPUSD,2024-02-20,1.25912,1.26685,1.25789,1.26221,77,12,0.6139208335980696,-0.0976872736514442,0.2454094923438621,0.3491743737333985,4.0,0.0,0.0,1.0,0.4175429934824559,-0.4175429934824559,-0.4175429934824559,0.403781390841611,-0.403781390841611
GBPUSD,2024-02-21,1.26217,1.26418,1.2602,1.26372,20,20,0.1592495464160982,-0.1560804012137847,0.1228043765895196,0.3426881612366095,4.0,0.0,0.0,2.0,2.0808611842179405,-1.5446971153865394,-0.7723485576932697,2.0808611842179405,-1.5446971153865394
GBPUSD,2024-02-22,1.26372,1.27097,1.2611,1.26594,72,26,0.573703035482542,-0.2073244073054034,0.1756718260374221,0.3445369391378503,3.0,5.0,1.0,2.0,0.9246843705252328,0.8582467908290864,0.0650058214086356,0.9246843705252328,0.8462323702412011
GBPUSD,2024-02-23,1.26597,1.27015,1.26479,1.26683,42,12,0.3301815998799221,-0.0932091597747149,0.0679320994968175,0.3449692789522102,3.0,0.0,0.0,1.0,0.4795894283887005,-0.4795894283887005,-0.4795894283887005,0.4795894283887005,-0.4795894283887005
GBPUSD,2024-02-26,1.26754,1.26995,1.26562,1.26848,24,19,0.1901320668381292,-0.1514745096801617,0.0741593953642617,0.3444922193377376,3.0,0.0,1.0,1.0,0.396086073905128,0.48001364435628424,0.21902492956535305,0.396086073905128,0.48001364435628424
GBPUSD,2024-02-27,1.26841,1.26967,1.26599,1.26834,13,24,0.099336965176878,-0.1907900442286081,-0.0055187202876053,0.3442840212268135,2.0,2.0,3.0,2.0,1.7538153067112108,-9.388862380526664,-0.5517440338396925,1.7538153067112108,-9.388862380526664
GBPUSD,2024-02-28,1.26852,1.26865,1.2621,1.26615,1,64,0.0102481632138211,-0.5061015987134686,-0.186831898590482,0.3461038500468711,1.0,1.0,1.0,3.0,0.7658106294998354,-0.9478997400463176,-0.16337880743370153,0.7658106294998354,-1.7541824881526609
GBPUSD,2024-02-29,1.26605,1.26817,1.26119,1.26231,21,49,0.1674499427352886,-0.383871095138412,-0.2954069744480751,0.3344731492460602,4.0,2.0,2.0,6.0,3.802710001064444,14.318508096538348,0.5392980060312333,3.802710001064444,14.318508096538348
GBPUSD,2024-03-01,1.26237,1.26638,1.25994,1.2653,40,24,0.3176564715574728,-0.1924950687991581,0.2321031076467358,0.2746132781927454,5.0,2.0,1.0,6.0,1.9382451059457655,-6.235258252183616,-0.048434142962908946,1.9382451059457655,-6.562031096091462
GBPUSD,2024-03-04,1.26508,1.27065,1.26468,1.26913,56,4,0.4402883612103642,-0.0316185537673472,0.3201378568944342,0.2077524619091704,4.0,0.0,0.0,0.0,0.0,0.0,0.0,0.0,0.0
GBPUSD,2024-03-05,1.26911,1.27348,1.26707,1.27047,44,20,0.3443357943755848,-0.160742567626135,0.1071617117507566,0.1829708453041167,5.0,1.0,0.0,5.0,2.6147837794038766,-3.51463166442693,-0.47795456819339033,2.6147837794038766,-3.5648748331044153
GBPUSD,2024-03-06,1.27043,1.27617,1.26897,1.27309,57,15,0.4518155270262886,-0.1149217194178362,0.2093779271585295,0.1819540906607998,6.0,2.0,1.0,2.0,3.5926295536887416,-2.7977916741808326,-0.6478170891751593,3.5926295536887416,-2.7977916741808326
GBPUSD,2024-03-07,1.273,1.2811,1.27226,1.28074,81,7,0.6362922230950508,-0.0581304006284338,0.6080125687352773,0.2193257459304032,6.0,1.0,0.0,6.0,0.381204249081456,-0.41438167218926053,-0.08579607737763616,0.381204249081456,-0.5200022648711642
GBPUSD,2024-03-08,1.28071,1.28937,1.28007,1.28548,87,6,0.6761874272864185,-0.0499722810003805,0.372449656830972,0.2290354937611216,0.0,3.0,0.0,1.0,1.5952489719982914,2.2556020305383324,0.2611331780761133,1.4999659390027602,1.9697529315517386
GBPUSD,2024-03-11,1.28538,1.2862,1.27947,1.28127,8,59,0.0637943643125023,-0.459786211081537,-0.3197498016150911,0.2468722987681871,2.0,0.0,0.0,0.0,0.0,0.0,0.0,0.0,0.0
GBPUSD,2024-03-12,1.28117,1.28233,1.27457,1.27919,12,66,0.0905422387349102,-0.5151541169399798,-0.1545462350819852,0.2380398875417991,3.0,5.0,1.0,5.0,4.266732322941894,-5.939139426058371,-0.43824757699974165,4.266732322941894,-5.260907981922258
GBPUSD,2024-03-13,1.27912,1.28112,1.2774,1.27977,20,17,0.1563574957783477,-0.1344674463693745,0.050816186127966,0.2284581836897533,0.0,2.0,0.0,7.0,1.3337656699605172,4.7463023441940155,0.34640928610975025,1.3337656699605172,4.701665947011769
GBPUSD,2024-03-14,1.27973,1.2823,1.27302,1.2753,26,67,0.2008236112304909,-0.5243293507224175,-0.3461667695529474,0.2441588237447357,2.0,5.0,0.0,3.0,0.8747148478193588,2.565711870323737,0.10871394221559329,0.8747148478193588,2.2434103218860417
GBPUSD,2024-03-15,1.27524,1.2759,1.27247,1.2739,7,28,0.0517549637715335,-0.2172140146168516,-0.1050782597785434,0.2466948208407235,3.0,2.0,2.0,3.0,0.8512900787817727,-3.318504551717056,-0.29480554690866345,0.8512900787817727,-3.3378342362254916
GBPUSD,2024-03-18,1.27335,1.27467,1.27176,1.27283,13,16,0.1036635646130276,-0.1248674755566011,-0.0408371618172596,0.2466354508846482,3.0,0.0,0.0,2.0,0.8842731766612086,1.2115443499581695,0.6057721749790848,0.8842731766612086,1.2115443499581695
GBPUSD,2024-03-19,1.27281,1.27329,1.26673,1.27201,5,61,0.0377118344450496,-0.4776832363039326,-0.0628530574084043,0.2438309935375041,6.0,0.0,1.0,1.0,1.273416535798494,2.227314837859454,0.8751828434144869,1.273416535798494,2.227314837859454
GBPUSD,2024-03-20,1.27214,1.2787,1.26839,1.2783,66,38,0.5156665146917713,-0.2947788765387569,0.4842234345276418,0.262849757630102,0.0,2.0,0.0,7.0,1.0059775038358725,-6.610100214372847,-0.432535297890687,0.9434665068401302,-5.989473536678548
GBPUSD,2024-03-21,1.27827,1.28033,1.265,1.26567,21,133,0.1611553114756624,-1.038121836544714,-0.985707244948246,0.3497110121845966,0.0,7.0,2.0,4.0,2.4821908136002997,7.676995677563895,0.34973320569529076,2.4821908136002997,6.918245887604503
GBPUSD,2024-03-22,1.26572,1.26751,1.25748,1.2601,18,82,0.1414214834244507,-0.6510128622444162,-0.4440160541035899,0.3630500307015641,5.0,1.0,0.0,2.0,0.2512403703642634,-0.4901115129271678,0.004123075933786404,0.2014380453275789,-0.01597602336437351
GBPUSD,2024-03-25,1.25986,1.26524,1.25893,1.26364,54,9,0.427031574936893,-0.0738177257790449,0.3000333370374579,0.3697295854693181,3.0,0.0,1.0,1.0,0.5010029455965586,0.19978617333142024,0.17519727973199473,0.5010029455965586,0.19978617333142024
GBPUSD,2024-03-26,1.26363,1.2668,1.26199,1.26289,32,16,0.2508645726992786,-0.1297848262545275,-0.0585614459928905,0.3698624103509475,3.0,1.0,4.0,1.0,1.0025333356053794,-0.2021069697857724,-0.09816851315035525,1.0025333356053794,-0.2021069697857724
GBPUSD,2024-03-27,1.26289,1.26411,1.2605,1.2637,12,24,0.0966038213937871,-0.1892484697796414,0.0641386027286602,0.3680060592284099,2.0,0.0,0.0,1.0,0.487267548453128,0.487267548453128,0.487267548453128,0.487267548453128,0.487267548453128
GBPUSD,2024-03-28,1.26368,1.26546,1.25855,1.2619,18,51,0.140858445176003,-0.4059572043555217,-0.1408584451759854,0.3631382689066241,3.0,4.0,2.0,5.0,2.8320398996921448,0.848004303177524,-0.22421180564312815,2.8320398996921448,1.9376562346450688
GBPUSD,2024-03-29,1.26205,1.26451,1.26092,1.2623,25,11,0.1949209619270337,-0.0895368646250032,0.0198090408462488,0.3592168451281621,0.0,1.0,0.0,4.0,1.5887459917719162,-0.5312873234578923,0.1929263368627565,1.5887459917719162,-0.5777536506860972
GBPUSD,2024-04-01,1.26258,1.2642,1.2539,1.25519,16,87,0.1283087012308095,-0.687481189310778,-0.5853094457380924,0.3727380487060611,4.0,1.0,1.0,2.0,1.8715726987076808,4.9962912547558185,0.15622099975486886,1.8715726987076808,5.107413269958178
GBPUSD,2024-04-02,1.25527,1.25797,1.25391,1.25788,27,14,0.215093167207049,-0.1083432249635558,0.2079233949668199,0.3756632839870472,6.0,1.0,0.0,8.0,3.036346591239396,4.553017441723078,0.4954218348695364,3.036346591239396,4.353923695869679
GBPUSD,2024-04-03,1.25789,1.26559,1.2562,1.26496,77,17,0.612136196328776,-0.1343519703630658,0.5620523257200655,0.3960242733555775,3.0,2.0,1.0,1.0,0.4789335834094445,-1.5547232530482633,-0.1338051013369527,0.4789335834094445,-1.3704265948364072
GBPUSD,2024-04-04,1.26496,1.26836,1.26325,1.26409,34,17,0.2687832026309011,-0.1351821401467319,-0.0687768783202748,0.3665741173569098,3.0,1.0,0.0,5.0,0.7184802184671548,1.0356998763150451,-0.06687676010321063,0.861389473016296,0.8764404823039209
GBPUSD,2024-04-05,1.26409,1.26483,1.2574,1.2636,7,67,0.0585401355916084,-0.5292344690646918,-0.0387630627565979,0.3521393862228565,4.0,3.0,1.0,2.0,2.0888663902974933,-3.409483091914794,-0.40887785506630564,2.0888663902974933,-3.0924188054749164
GBPUSD,2024-04-08,1.26293,1.26641,1.26129,1.26528,35,16,0.2755497137608519,-0.1298567616574224,0.1860752377407973,0.3524135982430056,4.0,0.0,0.0,0.0,0.0,0.0,0.0,0.0,0.0
GBPUSD,2024-04-09,1.26531,1.27093,1.26483,1.26755,56,5,0.4441599291873105,-0.0379353676174246,0.17703171554797,0.3554103477233274,0.0,0.0,0.0,3.0,0.6295314549345808,0.019663431442062507,0.006554477147354169,0.6295314549345808,0.019663431442062507
GBPUSD,2024-04-10,1.26755,1.27078,1.25197,1.25361,32,156,0.254822294978507,-1.2291428346021795,-1.0997593783282762,0.4258618933422696,3.0,3.0,1.0,3.0,0.3502679317496013,0.5631425648152069,0.09505074347550677,0.6680883700632361,2.197386064513256
GBPUSD,2024-04-11,1.2537,1.25785,1.25103,1.25544,41,27,0.3310201802664015,-0.2129696099545306,0.1387891840153029,0.4248392134163022,0.0,4.0,0.0,2.0,0.8049905346633007,-1.5518625017042185,0.06788179894876971,0.9360778519159632,-0.40169361945226456
GBPUSD,2024-04-12,1.25539,1.25587,1.24263,1.245,5,128,0.03823513011893,-1.016417208994823,-0.8276312540326034,0.4570738860701811,3.0,2.0,1.0,7.0,1.474473611523753,2.112882125247402,0.2763818838577426,1.617175798822705,2.3704192578417853
GBPUSD,2024-04-15,1.24486,1.24984,1.24355,1.24434,50,13,0.4000449849782292,-0.105232716932036,-0.041771765499741,0.4570664206380692,3.0,3.0,0.0,2.0,0.1924181032420796,0.99530959989766,0.0663928599385695,0.1924181032420796,0.6053834532202296
GBPUSD,2024-04-16,1.24449,1.24719,1.24053,1.24258,27,40,0.216956343562417,-0.3182026372249022,-0.1534765245200908,0.4570163554334701,4.0,1.0,3.0,4.0,2.2244922451704534,-1.6438010956802096,-0.050473472591888696,2.494171051050364,-1.1529250546978744
GBPUSD,2024-04-17,1.24273,1.24817,1.24166,1.24548,54,11,0.4377459303308129,-0.0861007620319703,0.2212870052223757,0.4424131616932103,3.0,1.0,0.0,6.0,0.6105426928935098,-2.6507975985842602,-0.23620994911126744,0.6105426928935098,-2.5371669021873147
GBPUSD,2024-04-18,1.24547,1.24845,1.24332,1.24391,30,22,0.2392671039848396,-0.1726255951568561,-0.12525392020683,0.3938227062938043,0.0,1.0,2.0,3.0,1.095769339916186,-1.5148998931528523,-0.17676708654187268,1.0096007569049297,-1.428731310141596
GBPUSD,2024-04-19,1.2438,1.24682,1.23663,1.23695,30,72,0.2428043093744993,-0.5764592378195948,-0.5507316288792429,0.3996181768590032,2.0,1.0,0.0,0.0,0.2512403703642634,-0.7537211110927904,-0.2512403703642634,0.0931952071766653,-0.2795856215299961
GBPUSD,2024-04-22,1.23678,1.23921,1.2299,1.23495,24,69,0.1964779508077372,-0.5562832516696581,-0.1479648765342258,0.3889785333458633,6.0,0.0,0.0,1.0,0.0392509495235224,-0.0392509495235224,-0.0392509495235224,0.0392509495235224,-0.0392509495235224
GBPUSD,2024-04-23,1.23501,1.24585,1.23315,1.24468,108,19,0.8777256864316857,-0.1506060679670588,0.782989611420156,0.4376583958047374,3.0,4.0,2.0,1.0,1.219877082098091,-3.530076160540364,-0.13289691708964926,1.1310350809934089,-2.913687034755614
GBPUSD,2024-04-24,1.24467,1.247,1.2422,1.24611,23,25,0.1871982131810171,-0.1984461744880147,0.1156933163007148,0.4386470017953378,5.0,0.0,2.0,2.0,0.4679017281884859,-1.4971804178226107,-0.2881976840088323,0.4679017281884859,-1.4971804178226107
GBPUSD,2024-04-25,1.24612,1.25269,1.2454,1.25117,66,7,0.5272365422270878,-0.0577793470933643,0.4052579205854973,0.4507325846732768,3.0,3.0,1.0,4.0,5.484187721364238,-4.784504602366484,-0.6511313152723865,5.484187721364238,-4.833327860435471
GBPUSD,2024-04-26,1.25115,1.2541,1.24486,1.24918,30,63,0.2357830795667992,-0.5027374815169969,-0.1574551412700337,0.4512138877970903,5.0,2.0,0.0,4.0,1.2974702244845826,-0.9655127887540361,0.12955460358923784,1.2974702244845826,-0.9655127887540361
GBPUSD,2024-04-29,1.24917,1.25695,1.24911,1.2561,78,1,0.6228135481960119,-0.0048031893177028,0.5547683661951619,0.4520399210728877,1.0,0.0,0.0,0.0,0.0,0.0,0.0,0.0,0.0
GBPUSD,2024-04-30,1.25606,1.2564,1.24862,1.24938,3,74,0.0270687706001311,-0.5923283919557897,-0.5318217282613903,0.4648191611650998,4.0,2.0,2.0,5.0,5.986851562325248,3.357707313250643,0.45327774890263367,5.986851562325248,3.357707313250643
GBPUSD,2024-05-01,1.24935,1.255,1.24659,1.25211,56,28,0.4522351622843825,-0.2209148757353723,0.22091487573539,0.4479022538279579,3.0,5.0,1.0,6.0,0.9401854496319072,-3.4378487962650546,-0.020355817516467915,0.9401854496319072,-3.665677771150227
GBPUSD,2024-05-02,1.25231,1.25446,1.24712,1.25313,21,52,0.1716827303143689,-0.4144341257356427,0.0654789948175805,0.4485647434055094,3.0,1.0,0.0,6.0,2.46474908824535,1.4084099518796895,0.17460272606078528,2.46474908824535,1.5578198936824235
GBPUSD,2024-05-03,1.25326,1.26344,1.2529,1.25444,102,4,0.8122815696662987,-0.0287250849783874,0.0941544452068971,0.4495724924705405,3.0,4.0,1.0,1.0,0.8320280641076674,-1.3395585085439867,-0.05255636350430953,0.8066940211375868,-1.5105959590727571
GBPUSD,2024-05-06,1.25448,1.25943,1.25377,1.25634,50,7,0.394585804476756,-0.0565971557936346,0.1482686053185362,0.4486784815716841,1.0,0.0,0.0,0.0,0.0,0.0,0.0,0.0,0.0
GBPUSD,2024-05-07,1.25637,1.25707,1.25005,1.25074,7,63,0.0557160709026738,-0.5030365258641866,-0.4481163988315563,0.4548221307388123,3.0,0.0,1.0,3.0,0.965059242642308,0.9835477046755248,0.004622115508304214,0.965059242642308,0.9835477046755248
GBPUSD,2024-05-08,1.25076,1.25087,1.24673,1.24954,1,40,0.0087946528510531,-0.3222040999072723,-0.0975406952572834,0.3848551438869794,4.0,0.0,1.0,4.0,0.3226380765757949,-0.8229850713391242,-0.1000693989526659,0.4685688426706477,-1.3321156106281609
GBPUSD,2024-05-09,1.24961,1.25269,1.24452,1.25228,31,51,0.2464769007930451,-0.4073270860508509,0.2136666639991637,0.3868066935630595,3.0,4.0,0.0,2.0,1.643757120725838,1.9318574746856187,0.14988593457965457,1.643757120725838,1.7802356800010724
GBPUSD,2024-05-10,1.25227,1.25413,1.25022,1.2521,19,20,0.1485302690314367,-0.1637027158679745,-0.0135753471695403,0.3360727184450792,5.0,2.0,2.0,8.0,2.1448049070119275,3.8025189718217844,0.3332735251775567,1.8024718247143343,2.4502562839662634
GBPUSD,2024-05-13,1.25211,1.25689,1.2516,1.25578,48,5,0.381755596553019,-0.0407312456573312,0.2931052383576395,0.3407370655116079,4.0,0.0,0.0,1.0,1.2876773232806142,1.2876773232806142,1.2876773232806142,1.2876773232806142,1.2876773232806142
GBPUSD,2024-05-14,1.25583,1.25929,1.25089,1.25898,35,49,0.2755149980491004,-0.3933653440354144,0.2508301282816931,0.3403675747223111,6.0,3.0,1.0,3.0,3.1187521820604296,18.754823601585194,1.0332003520083763,3.1558466614656964,19.073265163216462
GBPUSD,2024-05-15,1.259,1.26865,1.25831,1.26836,97,7,0.7664813343923875,-0.0548054011119823,0.7434471803018297,0.3716038950613842,3.0,6.0,0.0,4.0,1.3227240433703151,-8.322697863250223,-0.48016903637851993,1.3227240433703151,-8.870701989756567
GBPUSD,2024-05-16,1.26834,1.27008,1.2643,1.26695,17,40,0.1371871895548571,-0.3185265780468994,-0.1095920652191054,0.3711408357515719,4.0,1.0,3.0,6.0,0.6134701326125767,-3.4545954438719026,-0.1169571466446214,0.6134701326125767,-3.455373140457206
GBPUSD,2024-05-17,1.26706,1.27118,1.26444,1.27,41,26,0.3251621864789277,-0.2067778952851535,0.2320332107398183,0.33978923994361,3.0,0.0,0.0,1.0,0.4175429934824559,-0.4175429934824559,-0.4175429934824559,0.403781390841611,-0.403781390841611
GBPUSD,2024-05-20,1.26948,1.27255,1.26889,1.27069,31,6,0.241831301005146,-0.0464757223429962,0.0953146170085511,0.3335852607183983,3.0,0.0,0.0,1.0,0.041630963308071,-0.041630963308071,-0.041630963308071,0.041630963308071,-0.041630963308071
GBPUSD,2024-05-21,1.27043,1.27269,1.2686,1.27098,23,18,0.1778925245783042,-0.1440457168045463,0.0432924285478184,0.2979879525289287,3.0,0.0,0.0,1.0,0.5657290520196905,-0.5657290520196905,-0.5657290520196905,0.5657290520196905,-0.5657290520196905
GBPUSD,2024-05-22,1.271,1.27614,1.26998,1.27168,51,10,0.4044059795436778,-0.0802517702596222,0.0535011801730931,0.2982048647976114,2.0,1.0,1.0,7.0,7.416857952856045,1.3945568818733243,0.5727822056105748,7.416857952856045,2.745012451999698
GBPUSD,2024-05-23,1.27168,1.27466,1.2685,1.26982,30,32,0.2343356819325603,-0.2500629089078983,-0.1462632108706571,0.2942372721247556,5.0,5.0,1.0,1.0,1.6746318003127707,6.775654295367442,0.30216828810147217,1.4031565075772583,6.3439799199698195
GBPUSD,2024-05-24,1.26987,1.2751,1.26753,1.2736,52,23,0.4118531818217491,-0.1842708308724522,0.2937308543394214,0.292751573667516,5.0,2.0,2.0,2.0,3.09145428630786,-7.29668139028355,-0.5018200689666759,2.2462921494257078,-4.761194979637092
GBPUSD,2024-05-27,1.27367,1.27777,1.2733,1.27678,41,4,0.3219044179418525,-0.029049910887434,0.2441762779997916,0.2749292964048677,3.0,0.0,0.0,0.0,0.0,0.0,0.0,0.0,0.0
GBPUSD,2024-05-28,1.27679,1.28007,1.27537,1.27622,33,14,0.2568942425927482,-0.1112164099029753,-0.0446432067920473,0.2365638490956348,0.0,1.0,1.0,3.0,0.7645338635452055,1.718748692201579,0.048404987188083295,0.7645338635452055,1.718748692201579
GBPUSD,2024-05-29,1.27628,1.27718,1.26973,1.27026,9,66,0.0705174413138105,-0.5132102673394596,-0.4716833296768841,0.267607181919304,5.0,0.0,1.0,0.0,0.4361586862028735,0.8723173724057471,0.4361586862028735,0.4361586862028735,0.8723173724057471
GBPUSD,2024-05-30,1.27028,1.27472,1.26805,1.27326,44,22,0.3495292376483924,-0.1755518468369317,0.2345939477910368,0.2700516282095743,3.0,3.0,1.0,4.0,0.8873887003292668,-2.2844952412906006,-0.11277591301138765,1.215776884517032,-5.546545990710616
GBPUSD,2024-05-31,1.27325,1.27662,1.26999,1.2741,34,33,0.2646770076575767,-0.2560376988022808,0.0667582956999817,0.2700478572717079,6.0,1.0,1.0,6.0,0.6587306900632828,-3.472595073604584,-0.18960810070281028,0.6587306900632828,-3.472595073604584
GBPUSD,2024-06-03,1.27388,1.28083,1.2694,1.28048,70,45,0.545577291424625,-0.3516814770621894,0.518102176029152,0.2871563444295308,1.0,2.0,1.0,3.0,0.7586003762504036,-0.6864846625203062,-0.09001144890573358,0.7586003762504036,-0.8617019299785117
GBPUSD,2024-06-04,1.28052,1.28171,1.27425,1.27698,12,63,0.0929309967825416,-0.4896448317870863,-0.2764501921094632,0.272161431321158,4.0,1.0,0.0,3.0,0.790995229201269,-2.7517460841285137,-0.29243890643149395,0.790995229201269,-2.7517460841285137
GBPUSD,2024-06-05,1.27697,1.27953,1.2755,1.27851,26,15,0.2004745608745795,-0.1151162517521837,0.1205979780261162,0.2679069891792667,3.0,2.0,1.0,2.0,1.742048911218007,4.4835988729063345,0.2971298574839183,1.742048911218007,4.406686618237496
GBPUSD,2024-06-06,1.27856,1.28091,1.2762,1.27906,24,24,0.183800525591296,-0.1845826554874169,0.0391064948066705,0.2674366419544108,0.0,1.0,1.0,5.0,0.856639657090869,1.2904266621776128,-0.07547163290951973,0.856639657090869,0.9977253745179311
GBPUSD,2024-06-07,1.27909,1.28177,1.2713,1.27198,27,78,0.2095239584392041,-0.6090267299408144,-0.555863934515941,0.3052610469413979,3.0,3.0,0.0,2.0,0.8134618750268303,3.2515277982272552,0.10464946398991168,0.8030222856791884,3.1806304279579245
GBPUSD,2024-06-10,1.27173,1.27373,1.26876,1.2727,20,30,0.1572660863548081,-0.2335401382368833,0.0762740518820752,0.3011620926793377,3.0,0.0,0.0,0.0,0.0,0.0,0.0,0.0,0.0
GBPUSD,2024-06-11,1.27276,1.27517,1.27056,1.27389,24,22,0.1893522737986755,-0.1728526980734765,0.0887834312832015,0.2982167644410433,6.0,1.0,2.0,3.0,0.7478325554852709,0.6520927773321707,0.1567967960133845,0.721529241654984,0.6683260264877946
GBPUSD,2024-06-12,1.27389,1.28604,1.27324,1.27993,122,7,0.9537715187339648,-0.0510248137594328,0.4741382693953203,0.2706457520436608,1.0,5.0,0.0,8.0,2.514544089527914,-15.657177983175806,-0.7551841762339416,1.9607087921265205,-15.15031137536768
GBPUSD,2024-06-13,1.27988,1.28076,1.2738,1.27601,9,61,0.068756445916804,-0.4750445354251855,-0.3023720973841156,0.2798596584325087,0.0,3.0,1.0,2.0,0.9293693134207408,-4.390518803801852,-0.38069232468035336,1.1151762618569183,-5.125319115731668
GBPUSD,2024-06-14,1.27599,1.27636,1.26566,1.2682,4,103,0.0289970924537011,-0.8095674730993151,-0.610506351930655,0.3109809316797644,4.0,1.0,1.0,2.0,0.8361618961386188,-3.8549792464997976,-0.5868336721599241,0.8361618961386188,-3.8549792464997976
GBPUSD,2024-06-17,1.26816,1.27094,1.26586,1.27014,28,23,0.2192152409790566,-0.1813651274287131,0.1561317183951625,0.3122871727730468,3.0,1.0,0.0,1.0,0.3272326174539022,0.35238975615108337,-0.050345913126120204,0.3272326174539022,0.35238975615108337
GBPUSD,2024-06-18,1.27007,1.27208,1.26687,1.27093,20,32,0.1582589935987833,-0.2519546166746786,0.067712803231307,0.3125127221310912,3.0,2.0,1.0,2.0,2.9074163212844044,4.8451197976624165,0.807304660072585,2.9074163212844044,4.563873557347959
GBPUSD,2024-06-19,1.2709,1.274,1.26996,1.27195,31,9,0.2439216303407115,-0.0739633330710473,0.0826186167283024,0.312836404231975,0.0,1.0,0.0,7.0,0.9461999197050625,-6.1043992035192565,-0.5387711519508815,0.9461999197050625,-5.592566894883156
GBPUSD,2024-06-20,1.272,1.27235,1.26525,1.26583,4,68,0.0275157232704459,-0.5306603773584933,-0.4850628930817617,0.330030379453518,3.0,3.0,2.0,3.0,0.6546126738005821,-3.7419062802630725,-0.2705022259224436,0.6546126738005821,-3.9493309444819547
GBPUSD,2024-06-21,1.26583,1.26744,1.26218,1.2645,16,36,0.1271892750211236,-0.288348356414363,-0.1050694011044179,0.3224062842176246,5.0,5.0,1.0,4.0,0.9704179037181738,3.677258364941289,0.1720876582088212,0.9704179037181738,3.74498171393609
GBPUSD,2024-06-24,1.264,1.2698,1.26323,1.26854,58,8,0.458860759493673,-0.0609177215189823,0.3591772151898725,0.3285971785926958,3.0,0.0,0.0,1.0,0.7100477174048152,0.7100477174048152,0.7100477174048152,0.7100477174048152,0.7100477174048152
GBPUSD,2024-06-25,1.26857,1.27025,1.267,1.26863,17,16,0.1324325815682324,-0.1237614006322135,0.0047297350560039,0.3286540467611457,0.0,1.0,2.0,1.0,0.1598029406069732,-0.6770659473517562,-0.07348479449492645,0.1598029406069732,-0.6770659473517562
GBPUSD,2024-06-26,1.26863,1.26932,1.2615,1.26225,7,71,0.0543893806704933,-0.5620236002616885,-0.5029047082285482,0.3309489750389021,4.0,1.0,0.0,2.0,1.3053106599737734,-4.25591821958885,-0.5484322998804342,1.3053106599737734,-4.25591821958885
GBPUSD,2024-06-27,1.26226,1.26706,1.26124,1.26413,48,10,0.3802703088111908,-0.0808074406223774,0.1481469744743585,0.3278965262160663,3.0,3.0,3.0,3.0,2.9914605746572147,2.2306980007560635,0.29190234565464473,2.9914605746572147,2.960930359815198
GBPUSD,2024-06-28,1.26406,1.26633,1.26192,1.2643,23,21,0.1795800832238971,-0.169295761277157,0.0189864405170654,0.3273142827171362,3.0,1.0,2.0,6.0,2.97973699596452,3.8572359725710132,0.13902964995979156,2.97973699596452,4.198292376184246
GBPUSD,2024-07-01,1.2646,1.27104,1.26328,1.26466,64,13,0.509251937371501,-0.1043808318835986,0.0047445832674323,0.300777459716609,5.0,1.0,2.0,6.0,1.5586342864033322,-6.688321889889875,-0.5429260005873598,1.3685487010957935,-6.449289837519794
GBPUSD,2024-07-02,1.26466,1.26879,1.2615,1.26804,41,32,0.3265699871902479,-0.2498695301503827,0.2672655100975883,0.3047161335827465,6.0,1.0,0.0,3.0,1.2971945740023785,1.6937830950550539,0.09845833121833036,1.2971945740023785,1.6937830950550539
GBPUSD,2024-07-03,1.26801,1.27772,1.26778,1.27417,97,2,0.7657668314918561,-0.0181386582124884,0.4858005851688822,0.324672895227697,4.0,3.0,1.0,6.0,1.8709492310076927,-4.750497480932682,-0.16844464540084061,1.8709492310076927,-4.939801343075872
GBPUSD,2024-07-04,1.27417,1.27675,1.27405,1.27593,26,1,0.2024847547815461,-0.009417895571244,0.1381291350447729,0.3262829592581597,6.0,0.0,1.0,0.0,0.7434846748686231,-1.4869693497372465,-0.7434846748686231,0.7434846748686231,-1.4869693497372465
GBPUSD,2024-07-05,1.27593,1.2817,1.27536,1.28122,58,6,0.4522191656282125,-0.0446732971244472,0.4145995469970936,0.3126225485836658,3.0,3.0,0.0,2.0,0.7958239954000302,0.7564577893781467,0.08005514533126959,0.7738080455465419,0.6904099398176818
GBPUSD,2024-07-08,1.28066,1.28455,1.27994,1.28063,39,7,0.3037496290975099,-0.0562210110411687,-0.0023425421267139,0.3126243352190285,2.0,0.0,0.0,0.0,0.0,0.0,0.0,0.0,0.0
GBPUSD,2024-07-09,1.28064,1.2825,1.27773,1.2787,19,29,0.1452398800599678,-0.2272301349325312,-0.1514867566216932,0.3150612906152322,6.0,0.0,0.0,3.0,0.8958386741821731,-0.48146206448712703,-0.16048735482904233,0.8958386741821731,-0.48146206448712703
GBPUSD,2024-07-10,1.27867,1.28491,1.27825,1.28482,62,4,0.4880070698460137,-0.0328466297011633,0.4809685063386253,0.3155791783213338,6.0,0.0,1.0,2.0,0.4002786403136073,-0.4870047777402534,-0.028908712475548715,0.6578138902821487,-1.002075277677336
GBPUSD,2024-07-11,1.28483,1.29493,1.28465,1.29114,101,2,0.7860962150634713,-0.0140096355159707,0.4911155561436173,0.3222668788183907,6.0,5.0,1.0,10.0,1.1228752840635945,-6.88343948578101,-0.046034101959888225,1.512618099345093,-7.908032676097074
GBPUSD,2024-07-12,1.29103,1.29907,1.29016,1.29849,80,9,0.6227585726125688,-0.0673880544991151,0.5778332029464863,0.3003305597384434,3.0,3.0,1.0,0.0,0.4723072341468675,-2.610315909626853,-0.25688526198114336,0.4723072341468675,-2.6966252388756957
GBPUSD,2024-07-15,1.29761,1.2995,1.29592,1.29646,19,17,0.1456523917047625,-0.130239440201599,-0.0886244711431003,0.3038563025587348,3.0,1.0,0.0,1.0,0.1450613457630379,0.5006536942857293,0.10526550137982674,0.1450613457630379,0.5006536942857293
GBPUSD,2024-07-16,1.29643,1.29799,1.29377,1.2971,16,27,0.1203304459168644,-0.2051788372684899,0.0516803838232645,0.3039957304888871,5.0,2.0,0.0,3.0,0.7318805717117216,2.080102461896724,0.22376441184036167,0.7318805717117216,1.63693552340506
GBPUSD,2024-07-17,1.29712,1.30443,1.29656,1.30081,73,6,0.5635561860120827,-0.0431725669174876,0.2844763784383843,0.3063971720967138,0.0,1.0,2.0,8.0,0.7931769598676716,1.6515106044591041,0.1241893121032962,0.7931769598676716,1.4316476082664218
GBPUSD,2024-07-18,1.30083,1.30127,1.29386,1.29402,4,70,0.0338245581667086,-0.535811750958997,-0.5235119116256531,0.3104841500496108,1.0,2.0,2.0,3.0,1.4142870057574144,4.239763330738625,0.22810046042712703,1.4142870057574144,4.026555720637685
GBPUSD,2024-07-19,1.29424,1.29505,1.29006,1.291,8,42,0.0625849919643943,-0.3229694647051607,-0.2503399678575945,0.3175875860063743,4.0,1.0,0.0,3.0,0.4696295078378307,-1.4847302932399955,-0.18370654966811545,0.4696295078378307,-0.9208081936844463
GBPUSD,2024-07-22,1.29151,1.29421,1.29052,1.29296,27,10,0.209057614730056,-0.0766544587343533,0.112271681984667,0.3121615516204237,2.0,0.0,0.0,0.0,0.0,0.0,0.0,0.0,0.0
GBPUSD,2024-07-23,1.29296,1.2935,1.28873,1.29056,5,42,0.0417646330899629,-0.3271562925380659,-0.1856205915109655,0.3180045316147702,3.0,0.0,2.0,0.0,1.1283206596226734,-2.773045350276018,-0.6932613375690045,1.1283206596226734,-2.773045350276018
GBPUSD,2024-07-24,1.2908,1.29374,1.28771,1.29074,29,31,0.2277657266811235,-0.2393864270220047,-0.0046482801363455,0.2872607187723767,0.0,4.0,1.0,4.0,1.2949652701265435,-0.9319230160278186,-0.05045844789586902,1.2018062079790537,-1.1863180226778938
GBPUSD,2024-07-25,1.29077,1.29132,1.28463,1.28514,6,61,0.0426102249045182,-0.475685056206763,-0.4361737567498489,0.3121818372183807,3.0,2.0,3.0,2.0,6.109210057587464,-9.653187924312613,-0.701197480245625,6.109210057587464,-9.653187924312613
GBPUSD,2024-07-26,1.28514,1.2878,1.28491,1.28632,27,2,0.2069813405543448,-0.0178968828298825,0.0918187901707175,0.3118049592451417,3.0,1.0,1.0,3.0,1.125845586387808,3.1985819028200435,0.16673029646688514,1.125845586387808,3.1985819028200435
GBPUSD,2024-07-29,1.28632,1.2888,1.28064,1.2858,25,57,0.1927980595808226,-0.4415697493625153,-0.0404253995895153,0.3126015361307347,2.0,0.0,0.0,4.0,1.1393531869828346,1.3006200488265602,0.32515501220664006,1.1393531869828346,1.3006200488265602
GBPUSD,2024-07-30,1.28618,1.28661,1.28196,1.28334,4,42,0.0334323345099387,-0.3281033758882981,-0.220808906995924,0.3167006106925007,4.0,2.0,1.0,3.0,0.5365743424100042,-0.24521302398618203,-0.12303887875448154,0.5365743424100042,-0.2652674797364377
GBPUSD,2024-07-31,1.28337,1.28641,1.28206,1.28551,30,13,0.2368763489874435,-0.1020750056491832,0.1667484825108917,0.3018778127605412,0.0,4.0,1.0,1.0,1.0770506828052968,-4.0571716652805705,-0.24074267226912915,1.0770506828052968,-4.0571716652805705
GBPUSD,2024-08-01,1.28555,1.2863,1.27266,1.27377,8,129,0.0583407879895786,-1.0026836762475255,-0.9163393100229398,0.3693504856078866,6.0,4.0,2.0,8.0,3.483552694641374,-0.7973627215519163,0.1520352401352132,3.483552694641374,-0.9708978023153725
GBPUSD,2024-08-02,1.27377,1.28402,1.27068,1.28001,102,31,0.804697865391701,-0.2425869662497968,0.4898843590287118,0.3742295005368365,2.0,3.0,0.0,1.0,1.4501463103355383,0.6751727843824848,-0.17564532189805293,1.39145832357956,0.4292195446224125
GBPUSD,2024-08-05,1.28055,1.28167,1.27098,1.27728,11,96,0.0874624184920549,-0.7473351294365763,-0.2553590254187736,0.3784350216980069,0.0,1.0,1.0,1.0,1.7060799691954125,-0.34933301479274925,-0.23546970059712347,1.6188406190634903,-0.4595777565270997
GBPUSD,2024-08-06,1.27728,1.2803,1.26724,1.26885,30,100,0.2364399348615826,-0.786045346361021,-0.6599962420142754,0.4041990802533975,3.0,0.0,1.0,3.0,1.0258390716050416,2.5172693409289293,0.3728575673309719,1.0258390716050416,2.7855064369488325
GBPUSD,2024-08-07,1.26889,1.2736,1.26803,1.26915,47,9,0.3711905681343529,-0.0677757725255997,0.0204903498333131,0.3855410364062384,5.0,0.0,1.0,2.0,0.5628903170613843,-1.106460850419009,-0.18119017778587498,1.0541718380713891,-2.0890238924390188
GBPUSD,2024-08-08,1.26921,1.27522,1.26645,1.27452,60,28,0.4735229000717037,-0.2174581038598714,0.4183704824260877,0.3803285539595742,3.0,1.0,1.0,4.0,0.9086320144280908,-3.577822723195032,-0.20722192709400164,0.9086320144280908,-3.858750598760537
GBPUSD,2024-08-09,1.27442,1.27737,1.27258,1.27568,29,18,0.2314778487468641,-0.1443794039641612,0.0988685048884839,0.3514799013098436,3.0,0.0,0.0,0.0,0.0,0.0,0.0,0.0,0.0
GBPUSD,2024-08-12,1.27563,1.27939,1.27466,1.27609,38,10,0.2947563164867544,-0.0760408582426046,0.036060613187202,0.3526535022315396,6.0,0.0,0.0,2.0,0.725424119236716,-1.1936880824351646,-0.5968440412175823,0.725424119236716,-1.1936880824351646
GBPUSD,2024-08-13,1.27614,1.28729,1.27601,1.28572,111,1,0.8737285877725008,-0.0101869700816496,0.7507013337094615,0.3986678847979749,3.0,3.0,1.0,2.0,1.7721751556684218,-7.211967404524688,-0.49393743157452047,1.7721751556684218,-7.719992916339686
GBPUSD,2024-08-14,1.28583,1.28681,1.2815,1.28493,10,43,0.0762153628395651,-0.336747470505428,-0.0699937005669585,0.3907613526500706,4.0,4.0,0.0,6.0,2.0428794673386568,12.148520869197762,0.5284172337864159,2.0428794673386568,11.293552481910103
GBPUSD,2024-08-15,1.28279,1.28715,1.27984,1.28539,44,30,0.3398841587477232,-0.2299674927306892,0.2026832139321272,0.3798830792992274,6.0,4.0,3.0,14.0,1.8415488308573345,-1.6947603509900497,-0.15644406277373493,1.8535488934694813,-1.4606375314807023
GBPUSD,2024-08-16,1.28538,1.2946,1.28487,1.2944,92,5,0.7172976084893188,-0.0396769826821648,0.7017380074374915,0.4096476391445215,5.0,1.0,3.0,3.0,0.8436301920106872,-0.16259310739387134,-0.11182178083253898,0.8436301920106872,-0.012565416815362496
GBPUSD,2024-08-19,1.29393,1.2997,1.29368,1.29883,58,3,0.4459282959665556,-0.0193209833607755,0.3786912738710675,0.4172381599358825,5.0,0.0,0.0,2.0,1.0144615977423086,-1.8841554888472514,-0.9420777444236257,1.0144615977423086,-1.8221225659594653
GBPUSD,2024-08-20,1.29882,1.30522,1.29738,1.30299,64,14,0.4927549621964522,-0.1108698664942107,0.3210606550561284,0.4189423698832509,5.0,0.0,0.0,0.0,0.0,0.0,0.0,0.0,0.0
GBPUSD,2024-08-21,1.30314,1.31194,1.30104,1.3092,88,21,0.6752919870466827,-0.1611492241815914,0.465030618352591,0.4285550655966524,3.0,1.0,1.0,1.0,0.8473370180676032,-4.433699256886333,-0.7082274205803748,0.8473370180676032,-4.433699256886333
GBPUSD,2024-08-22,1.30912,1.31299,1.3076,1.30889,39,15,0.295618430701543,-0.1161085309215324,-0.0175690540210181,0.4120702711171336,6.0,5.0,1.0,2.0,3.225171754485056,5.1829254291717906,0.5470976990098781,3.225171754485056,5.150545957189838
GBPUSD,2024-08-23,1.30889,1.32299,1.30855,1.3214,141,3,1.0772486610792351,-0.0259762088487196,0.9557716844043272,0.4544809992734821,2.0,0.0,1.0,1.0,0.994985749702795,2.0521430522436335,0.5285786512704194,0.994985749702795,2.0521430522436335
GBPUSD,2024-08-26,1.32087,1.3222,1.31794,1.3187,13,29,0.1006912110957212,-0.2218234951206477,-0.1642856602088021,0.4579182382724193,5.0,0.0,2.0,0.0,1.009312657693077,-1.5404401292382817,-0.3851100323095704,1.009312657693077,-1.5404401292382817
GBPUSD,2024-08-27,1.31858,1.32666,1.31796,1.32542,81,6,0.6127804152952315,-0.0470202793914715,0.5187398565123054,0.4575261612878318,1.0,1.0,2.0,3.0,3.0960309413685425,-2.479545908318237,-0.46587459682462334,3.0960309413685425,-2.479545908318237
GBPUSD,2024-08-28,1.32559,1.3262,1.31672,1.31918,6,89,0.0460172451512156,-0.6691360073627709,-0.4835582646217931,0.4804571289357686,2.0,0.0,1.0,0.0,0.2034681970807033,0.4069363941614066,0.2034681970807033,0.2034681970807033,0.4069363941614066
GBPUSD,2024-08-29,1.31914,1.3227,1.3145,1.31648,36,46,0.269872795912489,-0.3517443182679607,-0.201646527282918,0.4206458871482019,2.0,2.0,2.0,3.0,0.3688523700367936,-0.5855499519880903,-0.04064231116732769,0.4141712283901558,0.12418598367137726
GBPUSD,2024-08-30,1.31649,1.32,1.31091,1.3126,35,56,0.2666180525488325,-0.4238543399494047,-0.2954826850184923,0.4263507510749552,3.0,1.0,2.0,7.0,0.8645789099813632,-2.082696584488057,-0.16443246888721802,0.8645789099813632,-2.082696584488057
GBPUSD,2024-09-02,1.3128,1.31549,1.31196,1.31445,27,8,0.204905545399153,-0.0639853747714771,0.1256855575868319,0.4163372259596604,2.0,0.0,0.0,1.0,0.350886909995492,-0.350886909995492,-0.350886909995492,0.3741615600750202,-0.3741615600750202
GBPUSD,2024-09-03,1.31444,1.3149,1.30873,1.31067,5,57,0.0349958917866091,-0.4344055263077891,-0.2868141565990118,0.3850744224918205,5.0,1.0,1.0,4.0,0.6095461397761748,1.8002083259889532,0.15949678947523807,0.5837121891772856,1.8260422765878421
GBPUSD,2024-09-04,1.31067,1.3175,1.31007,1.3148,68,6,0.5211075251588799,-0.0457781134839382,0.3151060144811407,0.3845387174829519,4.0,1.0,0.0,4.0,0.7161512002633624,-1.8686649148417644,-0.10752728848169664,0.7161512002633624,-2.4752038479187877
GBPUSD,2024-09-05,1.31458,1.31852,1.31368,1.31791,39,9,0.2997154984861958,-0.0684629311263006,0.253312845167265,0.3811005284534186,1.0,3.0,3.0,4.0,1.148578345150058,-4.133852083582179,-0.24446172407536437,1.148578345150058,-3.9445753017735043
GBPUSD,2024-09-06,1.31791,1.32383,1.31097,1.3127,59,69,0.4491960756045669,-0.526591345387769,-0.3953228976181937,0.4020945246151342,1.0,3.0,0.0,1.0,0.5565816396629893,-0.3371365093133437,-0.0869961161505492,0.5565816396629893,-0.03811695109250157
GBPUSD,2024-09-09,1.31272,1.3143,1.30672,1.3073,16,60,0.1203607776220302,-0.4570662441343169,-0.4128831738680146,0.4211908036927005,3.0,0.0,0.0,1.0,0.4930659225670158,-0.4930659225670158,-0.4930659225670158,0.4930659225670158,-0.4930659225670158
GBPUSD,2024-09-10,1.3073,1.31075,1.30491,1.30761,35,24,0.2639027002218447,-0.182819551747869,0.0237129962518192,0.3956783268632368,2.0,1.0,1.0,3.0,1.2983631930899495,-5.245452527688528,-0.6752499055474124,1.2983631930899495,-5.531327462375776
GBPUSD,2024-09-11,1.30771,1.31112,1.30016,1.30433,34,75,0.2607611779370147,-0.5773451300364718,-0.2584670913275832,0.4020503863207189,6.0,4.0,1.0,9.0,0.9388247678563963,-6.663926301812965,-0.39530723310951854,1.512618099345093,-8.37502064645275
GBPUSD,2024-09-12,1.30431,1.31272,1.30316,1.31239,84,11,0.6447853654422666,-0.0881692235741491,0.6194846317209762,0.4188007616324985,3.0,3.0,1.0,3.0,1.004906593454966,3.210899430980346,0.29010291504893243,1.3602513392341982,2.349998796338475
GBPUSD,2024-09-13,1.31239,1.31577,1.31143,1.3122,34,10,0.2575453942806758,-0.073148987724674,-0.014477403820504,0.3953333176814852,6.0,0.0,2.0,2.0,2.147869605545426,-2.8307023758722885,-0.6733114692442828,2.147869605545426,-2.8307023758722885
GBPUSD,2024-09-16,1.31204,1.3218,1.31188,1.32137,98,2,0.7438797597634211,-0.0121947501600682,0.7111063687082587,0.4153723895349323,1.0,0.0,1.0,1.0,0.6676131444874097,1.765670433176798,0.608320894416052,0.6676131444874097,1.765670433176798
GBPUSD,2024-09-17,1.32161,1.32295,1.31456,1.31583,13,70,0.1013914846286059,-0.533440273605678,-0.4373453590696118,0.4275059303565536,5.0,2.0,0.0,5.0,0.9681027365004234,-0.033685989426851415,0.13390199193985658,0.963265033392133,-0.17343631639268725
GBPUSD,2024-09-18,1.31595,1.32978,1.3156,1.32087,138,3,1.050951783882367,-0.0265967551958547,0.3738743873247491,0.423324998298735,6.0,2.0,2.0,6.0,1.121473561030081,-0.5134240715913392,0.05798110637523335,1.121473561030081,-0.7268875566765569
GBPUSD,2024-09-19,1.32088,1.3314,1.31529,1.32812,105,56,0.7964387378111458,-0.4232027133426188,0.5481194355278234,0.4374840698765574,4.0,3.0,2.0,4.0,0.7399892956708471,-1.7077697873132598,-0.0652810820543172,0.7399892956708471,-2.1893112752323036
GBPUSD,2024-09-20,1.32817,1.33402,1.32677,1.3321,58,14,0.4404556645610057,-0.1054081932282816,0.2958958567050896,0.3898288432862122,4.0,1.0,0.0,2.0,2.709144235744917,-0.7564897259778633,-0.36940288640577856,2.709144235744917,-0.5923318185329134
GBPUSD,2024-09-23,1.33178,1.33593,1.32479,1.33448,42,70,0.3116130291790009,-0.5248614636051039,0.2027361876586333,0.3882554519576992,6.0,4.0,0.0,1.0,0.7896987515408814,-5.2238825450802375,-0.45355200321079997,0.7896987515408814,-4.347845798467706
GBPUSD,2024-09-24,1.33455,1.34158,1.33314,1.34104,70,14,0.526769322992776,-0.1056535910981163,0.4863062455509428,0.3863017328799373,0.0,1.0,2.0,1.0,1.107955231274297,-3.6832734118082584,-0.3307416912185738,1.107955231274297,-3.6832734118082584
GBPUSD,2024-09-25,1.34101,1.34296,1.3312,1.33203,19,98,0.1454127858852578,-0.7315381689920356,-0.6696445216665042,0.4019672151240598,6.0,0.0,2.0,0.0,0.6075116712177786,-1.6523552392748382,-0.41308880981870955,0.6075116712177786,-1.6523552392748382
GBPUSD,2024-09-26,1.33208,1.34341,1.33119,1.34115,113,9,0.8505495165455575,-0.0668128040357812,0.6808900366344465,0.4209766576527958,2.0,2.0,4.0,1.0,1.3942985694032406,2.3163076847071853,0.18351284043262045,1.3942985694032406,2.8860134873338983
GBPUSD,2024-09-27,1.34121,1.34273,1.33595,1.3373,15,53,0.113330500070829,-0.3921831778766966,-0.2915277995243161,0.4207853145764024,3.0,1.0,1.0,6.0,0.8818027246196692,-0.7572059052101301,0.04826496869202542,0.8818027246196692,-0.7018591371239717
GBPUSD,2024-09-30,1.33715,1.3423,1.33499,1.33721,51,22,0.3851475152376313,-0.161537598623951,0.0044871555173278,0.4211697501114509,0.0,0.0,1.0,7.0,3.317965427105884,4.296573685996159,0.5310736650835772,3.317965427105884,4.2856570173826665
GBPUSD,2024-10-01,1.3373,1.33895,1.32366,1.3282,17,136,0.1233829357661071,-1.01996560233305,-0.6804755851342171,0.4479288632926635,3.0,2.0,2.0,4.0,1.3305559019890545,1.0173649988282323,-0.03340484472838927,1.3305559019890545,0.8912249224294216
GBPUSD,2024-10-02,1.32822,1.33054,1.32455,1.32645,23,37,0.1746698589089232,-0.2763096474981601,-0.1332610561503402,0.4461135596038401,0.0,1.0,1.0,0.0,0.3699452675753119,1.276264335537644,0.2743682671854926,0.3699452675753119,1.276264335537644
GBPUSD,2024-10-03,1.32643,1.32721,1.30918,1.31243,8,172,0.0588044600921272,-1.3004832520374228,-1.055464668320229,0.5059730415439087,3.0,2.0,1.0,4.0,3.621460549780815,6.887376403514333,0.5463337229498435,3.621460549780815,6.9018248459025795
GBPUSD,2024-10-04,1.3123,1.3175,1.30694,1.3116,52,54,0.3962508572734795,-0.4084431913434452,-0.0533414615560407,0.4983467207094488,2.0,3.0,1.0,1.0,1.1567772080773489,0.08035779995118764,0.16921375587870735,1.1567772080773489,0.3835663129371646
GBPUSD,2024-10-07,1.31125,1.31343,1.30589,1.30821,22,54,0.1662535748331798,-0.4087702573879909,-0.2318398474737793,0.4921151570130246,4.0,0.0,0.0,1.0,0.0378706335101016,-0.0378706335101016,-0.0378706335101016,0.0378706335101016,-0.0378706335101016
GBPUSD,2024-10-08,1.30821,1.31133,1.30639,1.3105,31,18,0.2384938197995743,-0.1391213948830963,0.1750483485067308,0.4935625631806425,2.0,0.0,0.0,5.0,0.2610431653164887,0.4601925069627283,0.09203850139254566,0.659449559109219,1.1381943156613388
GBPUSD,2024-10-09,1.31028,1.3105,1.3055,1.30683,2,48,0.0167903043624346,-0.3648075220563379,-0.2633025002289551,0.4937040155965264,3.0,0.0,1.0,3.0,0.8030222856791884,-0.06153992576743603,-0.05269700890188886,0.8885581116900558,0.6095101269481507
GBPUSD,2024-10-10,1.30699,1.30937,1.302,1.30553,24,50,0.1820977972287337,-0.3817932807443094,-0.1117070520815015,0.4731004725155663,3.0,4.0,0.0,3.0,2.25368405055201,5.268266623089822,0.35645654976830077,2.25368405055201,5.641901244005183
GBPUSD,2024-10-11,1.30551,1.30829,1.30412,1.3066,28,14,0.2129436005852122,-0.1064718002926061,0.0834922750496001,0.4737023042332518,3.0,3.0,2.0,7.0,1.4074501871085214,0.025538401119025722,0.16406957854371332,1.1538323860890476,0.4015811169494259
GBPUSD,2024-10-14,1.30653,1.30718,1.30296,1.3056,7,36,0.0497501014136712,-0.2732428646873836,-0.0711809143303158,0.4415076617216704,3.0,0.0,0.0,0.0,0.0,0.0,0.0,0.0,0.0
GBPUSD,2024-10-15,1.30571,1.31028,1.30349,1.30706,46,22,0.3500011488002668,-0.1700224398985907,0.1033920242626758,0.4335010512997203,0.0,1.0,2.0,1.0,5.815264795679077,15.495822653005938,1.1396755921364532,5.815264795679077,15.206744969481718
GBPUSD,2024-10-16,1.30707,1.30773,1.29764,1.29895,7,94,0.0504946177327996,-0.7214609776064059,-0.6212368121064599,0.4416909805263687,4.0,1.0,0.0,6.0,1.5050478461950425,-8.196577359862589,-0.760674069467407,1.5050478461950425,-7.1462678710394485
GBPUSD,2024-10-17,1.29892,1.30231,1.29734,1.30102,34,16,0.2609860499491888,-0.121639515905532,0.1616727743048063,0.4207156268189799,4.0,3.0,2.0,5.0,0.9834216203604916,0.3855916275140281,-0.041805173642028716,0.9834216203604916,0.22006198809453603
GBPUSD,2024-10-18,1.30112,1.30712,1.30073,1.3048,60,4,0.461141170683719,-0.0299741760944503,0.2828332513526735,0.4200792319074718,1.0,1.0,1.0,2.0,0.4840127178755058,-1.929982257722566,-0.2807176826629533,0.4840127178755058,-1.5209420604045194
GBPUSD,2024-10-21,1.30432,1.30579,1.29766,1.29829,15,67,0.1127024043179651,-0.5106108930323762,-0.4623098626104008,0.4211655715707708,3.0,0.0,0.0,2.0,0.2668260276082936,-0.44679529214325164,-0.22339764607162582,0.2691548650497624,-0.44912412958472037
GBPUSD,2024-10-22,1.29828,1.3015,1.29443,1.29796,32,39,0.2480204578365221,-0.2965461995871561,-0.0246479958098482,0.3963656075015342,1.0,0.0,1.0,1.0,0.1638603718035758,0.2069717057951672,0.021555666995795697,0.1638603718035758,0.2069717057951672
GBPUSD,2024-10-23,1.29798,1.29948,1.2907,1.29181,15,73,0.1155641843479912,-0.5608715080355594,-0.4753540116180533,0.3854188664462923,5.0,0.0,2.0,0.0,0.6312539840759023,1.1070413842464317,0.276760346061608,0.6312539840759023,1.1070413842464317
GBPUSD,2024-10-24,1.29176,1.29878,1.29084,1.29707,70,9,0.5434446027125802,-0.0712206601845568,0.4110670712825854,0.3586245902108996,3.0,5.0,1.0,2.0,0.8200008059953033,-2.4566967811680382,-0.052304530480167505,0.8200008059953033,-1.7302048720115526
GBPUSD,2024-10-25,1.29699,1.29985,1.29554,1.2959,29,15,0.2205105667738272,-0.1117973153224136,-0.0840407404837381,0.3577010915368445,3.0,0.0,3.0,2.0,1.6707389781173734,-0.7497541719341811,-0.26156580632962145,1.6707389781173734,-0.7497541719341811
GBPUSD,2024-10-28,1.29601,1.30013,1.29392,1.29669,41,21,0.3178987816451957,-0.1612641877763402,0.052468730951134,0.3589667240194259,5.0,0.0,0.0,1.0,0.4319826583708598,-0.4319826583708598,-0.4319826583708598,0.4319826583708598,-0.4319826583708598
GBPUSD,2024-10-29,1.29686,1.3017,1.29576,1.30073,48,11,0.373209135912911,-0.0848202581620127,0.2984130900791172,0.3494255812376977,1.0,2.0,1.0,7.0,1.597743088992576,-0.26706358288210863,-0.09379100852288769,1.597743088992576,-0.4543750888041562
GBPUSD,2024-10-30,1.30086,1.30432,1.29366,1.29625,35,72,0.2659778915486692,-0.5534800055347904,-0.3543809479882542,0.3539698486256167,0.0,2.0,3.0,0.0,1.7054634106031843,1.5902767790814,0.16764651396386926,1.7054634106031843,1.5902767790814
GBPUSD,2024-10-31,1.29628,1.29996,1.28434,1.28922,37,119,0.2838892831795526,-0.9210972937945552,-0.5446354182738348,0.2959925617914968,5.0,3.0,1.0,5.0,1.0075607769930428,-3.7759463379772127,-0.13003760322667512,1.0075607769930428,-4.489304271108639
GBPUSD,2024-11-01,1.28929,1.29802,1.2884,1.2926,87,9,0.6771168627694238,-0.0690302414507254,0.2567304485414394,0.305778389460339,3.0,4.0,1.0,5.0,1.467303491810126,0.42436231135603086,0.05190872532811219,1.4120780919834597,0.5717630256673774
GBPUSD,2024-11-04,1.29677,1.29985,1.29338,1.29564,31,34,0.2375132058884745,-0.2614187558317978,-0.0871395852772716,0.3034750656428964,6.0,0.0,0.0,1.0,0.0378713608850617,-0.0378713608850617,-0.0378713608850617,0.0378713608850617,-0.0378713608850617
GBPUSD,2024-11-05,1.29557,1.30425,1.29475,1.30405,87,8,0.6699753776329954,-0.0632926047994352,0.6545381569502088,0.3400661050429716,0.0,1.0,1.0,5.0,0.653053772315439,-0.42241483966320115,-0.07324733744109382,0.8739910097296409,-0.9830535122535533
GBPUSD,2024-11-06,1.30408,1.30475,1.28337,1.28792,7,207,0.0513772161217234,-1.5880927550457034,-1.2391877798908006,0.4315382408439696,6.0,0.0,2.0,1.0,0.903228362474476,0.37766467999340425,0.10067509615354209,0.903228362474476,0.6399564554277384
GBPUSD,2024-11-07,1.28787,1.3009,1.2871,1.29858,130,8,1.0117480801633607,-0.0597886432636958,0.8316056744857786,0.4779318496214306,1.0,3.0,0.0,6.0,4.10058906473754,-14.542483759548722,-0.6442463974749479,4.10058906473754,-14.542483759548722
GBPUSD,2024-11-08,1.29857,1.29891,1.28831,1.2915,3,103,0.0261826470656188,-0.7900998790977718,-0.5444450433938801,0.4897746753569938,2.0,1.0,2.0,1.0,0.6443776768283244,-1.5274440472384911,-0.14306281433001972,0.6443776768283244,-1.5274440472384911
GBPUSD,2024-11-11,1.2911,1.29256,1.28555,1.28669,15,55,0.1130818681744262,-0.4298660057315424,-0.341569204554258,0.4934459163869335,0.0,0.0,0.0,1.0,0.8696938911049427,-0.8696938911049427,-0.8696938911049427,1.512618099345093,-1.512618099345093
GBPUSD,2024-11-12,1.28664,1.28734,1.27188,1.27468,7,148,0.0544052726481317,-1.147174034695028,-0.929552944102466,0.5255577944450354,2.0,1.0,1.0,4.0,2.1715786062900624,7.61388882449141,1.200503659072535,2.430651386213689,7.872961604415037
GBPUSD,2024-11-13,1.27461,1.27694,1.2686,1.27072,23,60,0.1828010136433845,-0.4715167776810217,-0.3051913918767269,0.5149053885916869,2.0,3.0,0.0,0.0,0.2923087251006494,-0.5427349694176834,-0.06030388549085369,0.4691286579016812,-0.01227517101458786
GBPUSD,2024-11-14,1.27049,1.27201,1.26293,1.26645,15,76,0.1196388794874566,-0.5950460058717337,-0.3179875481113446,0.5121528796702213,2.0,3.0,1.0,3.0,1.5578065734491546,-0.26680445659579394,-0.12534025463225176,1.5578065734491546,-0.32018165793386283
GBPUSD,2024-11-15,1.26648,1.2697,1.25967,1.26184,32,68,0.2542479944412861,-0.5377108205419732,-0.3663697808098017,0.5040426910533705,5.0,3.0,2.0,11.0,0.8291563182711287,-6.019200653899199,-0.23938334475098977,0.8291563182711287,-5.97075197000533
GBPUSD,2024-11-18,1.26222,1.26865,1.26048,1.26773,64,17,0.5094199109505599,-0.1378523553738534,0.4365324586839161,0.5173119516983212,3.0,0.0,0.0,2.0,2.159843231556319,-1.1865359952355565,-0.5932679976177783,2.159843231556319,-1.1865359952355565
GBPUSD,2024-11-19,1.2677,1.26893,1.26128,1.26809,12,64,0.0970261102784446,-0.5064289658436611,0.030764376429746,0.5180743387511692,2.0,0.0,1.0,2.0,0.389056371808216,-0.7823036530795291,-0.23621746300811997,0.389056371808216,-0.7823036530795291
GBPUSD,2024-11-20,1.2679,1.27145,1.26305,1.26513,35,49,0.2799905355311887,-0.382522280936984,-0.218471488287715,0.5122362393823718,1.0,1.0,1.0,5.0,1.792429367779402,7.731919047442401,0.5996638366122732,1.269404381390761,5.555890473464205
GBPUSD,2024-11-21,1.26494,1.266,1.25758,1.2588,11,74,0.083798441032781,-0.5818457792464491,-0.4853985169257067,0.5026322367901717,1.0,1.0,2.0,4.0,0.9979681683042974,0.16641186696593913,0.011561315568352508,0.9979681683042974,0.1479925894421567
GBPUSD,2024-11-22,1.25866,1.25941,1.24868,1.25314,8,100,0.0595871800168455,-0.7929067420907854,-0.4385616449239644,0.505946463130308,2.0,5.0,1.0,2.0,2.344029571585861,-9.314980278425082,-0.33576112933226443,1.6796876909391176,-6.150903129500749
GBPUSD,2024-11-25,1.25912,1.26132,1.254,1.25673,22,51,0.1747252049050114,-0.4066332041425768,-0.1898151089650005,0.5029642330998372,3.0,0.0,0.0,0.0,0.0,0.0,0.0,0.0,0.0
GBPUSD,2024-11-26,1.25677,1.26161,1.25065,1.2569,48,61,0.3851142213770185,-0.486962610501516,0.0103439770204542,0.4921686410959112,6.0,1.0,3.0,3.0,1.936923023709732,-3.0657111677796176,-0.23329571128660337,1.936923023709732,-3.0657111677796176
GBPUSD,2024-11-27,1.2568,1.26942,1.25654,1.26797,126,3,1.0041374920432906,-0.0206874602164168,0.8887651177593989,0.5479315798966735,3.0,3.0,6.0,5.0,1.187970396661831,-2.570984440919655,-0.014135735696343188,1.187970396661831,-2.7940289825623563
GBPUSD,2024-11-28,1.26778,1.2691,1.26447,1.2684,13,33,0.1041190111849049,-0.2610863083500232,0.0489043840414003,0.5411766229828716,5.0,0.0,0.0,0.0,0.0,0.0,0.0,0.0,0.0
GBPUSD,2024-11-29,1.26815,1.27499,1.26715,1.27334,68,10,0.5393683712494545,-0.0788550250364792,0.4092575799392663,0.5477299487504879,1.0,0.0,0.0,3.0,0.5597896702587962,0.0026470528894862455,0.0008823509631620818,0.5597896702587962,0.0026470528894862455
GBPUSD,2024-12-02,1.27267,1.2736,1.26167,1.26545,9,110,0.0730747169336982,-0.8643246088931066,-0.5673112432916627,0.557225005117031,3.0,1.0,2.0,3.0,3.943628539799297,9.903172808779008,0.9966115180913319,3.943628539799297,9.827694388249432
GBPUSD,2024-12-03,1.2651,1.26995,1.26361,1.26721,49,15,0.3833689036439824,-0.1177772508102119,0.166785234368829,0.5310646571158313,4.0,1.0,0.0,3.0,4.352201700832496,-0.24184008121254585,-0.63924372904482,4.352201700832496,-0.24184008121254585
GBPUSD,2024-12-04,1.26714,1.27213,1.26295,1.27011,50,42,0.3938002114999172,-0.3306659090550307,0.2343860978266126,0.4717956358869075,5.0,2.0,2.0,2.0,1.5309450859248477,-6.70375577990429,-0.30404631050926545,1.4431373277011983,-6.986494988458809
GBPUSD,2024-12-05,1.27018,1.27708,1.26923,1.27574,69,10,0.5432300933725854,-0.0747925490875314,0.4377332346596552,0.4386962251299151,2.0,1.0,1.0,3.0,6.499709341671,-4.017377013934685,-1.1483857050834305,6.499709341671,-3.281686289750274
GBPUSD,2024-12-06,1.27574,1.2811,1.27206,1.27365,54,37,0.4201483060811614,-0.2884600310408177,-0.1638264850204702,0.4265837539771334,3.0,3.0,2.0,1.0,2.565316288566202,10.300545225553188,0.9299129379104122,2.565316288566202,10.239110334715788
GBPUSD,2024-12-09,1.27354,1.27989,1.27165,1.27494,64,19,0.4986101732179655,-0.1484052326585696,0.1099298019693192,0.4241212530812857,4.0,0.0,0.0,1.0,0.1268468036573293,0.1268468036573293,0.1268468036573293,0.1268468036573293,0.1268468036573293
GBPUSD,2024-12-10,1.2748,1.27776,1.27235,1.27699,30,24,0.2321932852212169,-0.1921870097270035,0.1717916535927311,0.3738600505254831,2.0,0.0,0.0,3.0,4.19749377139329,3.4540292784858737,1.1513430928286246,4.19749377139329,3.4540292784858737
GBPUSD,2024-12-11,1.27698,1.27815,1.27127,1.27504,12,57,0.0916224216510746,-0.4471487415621312,-0.151920938464193,0.3689294847389682,0.0,3.0,1.0,2.0,0.3895559594356691,-0.5028274375738228,-0.10027024400410334,0.5478141605741017,-0.4343442229849911
GBPUSD,2024-12-12,1.27499,1.27879,1.26662,1.26731,38,84,0.2980415532670864,-0.6564757370646035,-0.6023576655503283,0.3869612015073523,1.0,3.0,0.0,5.0,2.4541588056700805,0.4574342174036071,-0.165263830679231,2.4541588056700805,0.5134967470351773
GBPUSD,2024-12-13,1.26724,1.26791,1.26078,1.26154,7,65,0.0528708058457885,-0.509769262333884,-0.449796407941654,0.3914070365742497,6.0,1.0,0.0,9.0,2.324371408482253,-3.684682827548195,-0.35698737625105537,2.324371408482253,-3.3245007479849935
GBPUSD,2024-12-16,1.26112,1.26986,1.26068,1.26824,87,4,0.6930347627505685,-0.0348896219233693,0.5645775183963473,0.4001502190840904,4.0,4.0,1.0,1.0,0.8851820071989447,-0.2375303093766672,-0.01286705116263423,0.887492403723487,0.24550334024200088
GBPUSD,2024-12-17,1.26812,1.27286,1.26656,1.27082,47,16,0.3737816610415567,-0.1230167492035458,0.2129136043907632,0.40318131677171,0.0,3.0,1.0,5.0,1.5243229756888117,2.2256541075840275,0.1135724939844437,1.5243229756888117,1.7159908821336223
GBPUSD,2024-12-18,1.27078,1.27258,1.25618,1.25725,18,146,0.1416452887203153,-1.148900675175872,-1.0647004202143595,0.4666554473951788,1.0,1.0,2.0,8.0,2.674426687810284,5.637555754884508,0.2768753353672971,2.674426687810284,4.150580246376478
GBPUSD,2024-12-19,1.25725,1.26668,1.24946,1.25009,94,78,0.7500497116723046,-0.619606283555376,-0.5694969178763217,0.4712090858747652,5.0,5.0,3.0,2.0,1.3391941993907892,-1.123553897446374,0.07059236145673027,1.3391941993907892,-0.3667438859067196
GBPUSD,2024-12-20,1.25015,1.2614,1.24745,1.25645,112,27,0.8998920129584435,-0.2159740831100385,0.503939527256727,0.4770935326230874,2.0,2.0,1.0,6.0,1.1048747591760557,-4.272147348385429,-0.3032101051855563,1.1048747591760557,-4.293975990211186
GBPUSD,2024-12-23,1.25667,1.2588,1.25094,1.25331,21,57,0.1694955716297807,-0.4559669602998411,-0.2673732960920552,0.4790289121100189,3.0,0.0,4.0,3.0,1.926410364498668,-6.331877049660849,-0.5988239423508432,1.4935565086811442,-5.371351934206199
GBPUSD,2024-12-24,1.25317,1.25745,1.25184,1.2533,43,13,0.3415338701054176,-0.1061308521589115,0.0103736923163007,0.4790289585718457,4.0,0.0,1.0,0.0,0.1444104922036259,0.2888209844072519,0.1444104922036259,0.1444104922036259,0.2888209844072519
GBPUSD,2024-12-25,1.2529,1.2556,1.2529,1.2553,27,0,0.2155000399074265,0.0,0.1915555910288275,0.4338925991351773,2.0,0.0,0.0,0.0,0.0,0.0,0.0,0.0,0.0
GBPUSD,2024-12-26,1.25496,1.2551,1.25005,1.25249,1,49,0.0111557340473026,-0.3912475298017442,-0.1968190221202247,0.434758580734851,5.0,1.0,0.0,0.0,0.026135043740787,0.078405131222361,0.026135043740787,0.026135043740787,0.078405131222361
GBPUSD,2024-12-27,1.2522,1.25925,1.25046,1.25714,70,17,0.5630091039770005,-0.138955438428372,0.394505670020759,0.4339483536289096,2.0,0.0,1.0,3.0,1.8178465666638093,-2.9033780935066,-0.5970183558873249,1.8178465666638093,-2.9838671591138985
GBPUSD,2024-12-30,1.25729,1.26071,1.25057,1.25507,34,67,0.2720136165880567,-0.5344828957519792,-0.1765702423466432,0.4180191004084049,2.0,0.0,2.0,0.0,0.7823516180302312,-1.5735654401235062,-0.3933913600308765,0.7823516180302312,-1.5735654401235062
GBPUSD,2024-12-31,1.2549,1.25691,1.25051,1.25107,20,44,0.1601721252689511,-0.349828671607291,-0.3052036018806279,0.4195134471944746,3.0,0.0,1.0,1.0,0.2703120605840755,-0.5207873646347683,-0.19777485630471092,0.2703120605840755,-0.5207873646347683
GBPUSD,2025-01-01,1.2522,1.2522,1.2509,1.2509,0,13,0.0,-0.1038172815844177,-0.1038172815844177,0.4139797604162579,0.0,0.0,0.0,0.0,0.0,0.0,0.0,0.0,0.0
GBPUSD,2025-01-02,1.25138,1.25404,1.23521,1.23768,27,162,0.2125653278780312,-1.2921734405216656,-1.0947913503492182,0.4543831292173179,5.0,1.0,2.0,3.0,2.476692247855414,1.9378021203775695,0.04910405958046449,2.2756660875386747,1.6515878274518163
GBPUSD,2025-01-03,1.23769,1.2434,1.23722,1.24214,57,5,0.4613433089061157,-0.0379739676332498,0.3595407573786703,0.468361400936113,6.0,1.0,1.0,5.0,0.6896710617462212,2.213012517312135,0.05919539674283204,0.6896710617462212,2.213012517312135
GBPUSD,2025-01-06,1.24239,1.25509,1.24114,1.25168,127,13,1.022223295422527,-0.1006125290770366,0.747752316100403,0.5053261212919872,2.0,0.0,1.0,2.0,2.6549653934733017,-6.5284491923185195,-1.2911612662817389,2.570805693398577,-6.549422674363555
GBPUSD,2025-01-07,1.25154,1.25757,1.24755,1.2476,60,40,0.4818064144973376,-0.318807229493277,-0.3148121514294432,0.5037042579418607,0.0,2.0,1.0,6.0,0.7718719564524177,4.4309919188696645,0.21875636791652547,0.7729683939697597,4.353486893836541
GBPUSD,2025-01-08,1.2476,1.2494,1.23205,1.23617,18,155,0.1442770118627784,-1.2463930747034269,-0.916159025328635,0.5346408484843022,1.0,2.0,1.0,3.0,0.6050697793481665,-0.9974821263310878,0.06281488897942254,0.9829448274062992,-0.5615386162758312
GBPUSD,2025-01-09,1.23604,1.23662,1.22378,1.2304,6,123,0.0469240477654465,-0.9918772855247352,-0.4562959127536398,0.529161192548429,0.0,0.0,0.0,3.0,0.9382281154602792,-1.38679262156644,-0.4622642071888133,0.9382281154602792,-1.38679262156644
GBPUSD,2025-01-10,1.2304,1.23218,1.21912,1.22044,18,113,0.1446684005201653,-0.9167750325097496,-0.8094928478543538,0.5458598800983263,3.0,3.0,2.0,0.0,1.2486729111119916,-0.9049320997277603,0.019397820153507484,1.2486729111119916,-0.601723586741783
GBPUSD,2025-01-13,1.22008,1.22101,1.20992,1.21994,9,102,0.0762245098681951,-0.8327322798504972,-0.0114746573995171,0.5199466864431831,3.0,0.0,0.0,0.0,0.0,0.0,0.0,0.0,0.0
GBPUSD,2025-01-14,1.2202,1.22502,1.2137,1.22136,48,65,0.3950172102933983,-0.5326995574495944,0.0950663825602401,0.5157515131353377,4.0,2.0,0.0,2.0,1.649795953761134,-2.20062445953758,-0.006721645236392626,1.649795953761134,-2.3033998527418094
GBPUSD,2025-01-15,1.22115,1.23059,1.21573,1.22374,94,54,0.7730418048560878,-0.4438439176186365,0.2120951562052239,0.4808211207722968,3.0,4.0,2.0,7.0,7.132892990351471,-17.98378431867162,-0.6924652650926214,7.132892990351471,-17.4845411729132
GBPUSD,2025-01-16,1.22375,1.22602,1.21743,1.22384,23,63,0.1854954034729492,-0.5164453524003989,0.0073544433095113,0.4706021181641204,0.0,4.0,1.0,11.0,2.5086181398085543,5.475060139204574,0.08170528684505374,2.5086181398085543,5.175553633772549
GBPUSD,2025-01-17,1.22381,1.22443,1.21604,1.21633,6,78,0.050661458886579,-0.6349024766916478,-0.6112059878576047,0.4604177261680916,6.0,1.0,1.0,4.0,1.9103730028078525,-1.4113319825790716,0.15881729371571984,3.290251756301187,-1.8218621128250212
GBPUSD,2025-01-20,1.21717,1.23446,1.216,1.23262,173,12,1.4205082281028782,-0.096124616939303,1.2693378903522077,0.5595177727630141,2.0,0.0,0.0,1.0,0.8508742058976513,0.8508742058976513,0.8508742058976513,0.8508742058976513,0.8508742058976513
GBPUSD,2025-01-21,1.23187,1.23449,1.22472,1.22901,26,71,0.2126847800498483,-0.5804183883039598,-0.2321673553215911,0.5599597568913394,2.0,1.0,1.0,1.0,0.7478325554852709,1.2390240384567006,0.375297577437659,0.721529241654984,1.2127207246264136
GBPUSD,2025-01-22,1.23535,1.23758,1.23069,1.23154,22,47,0.1805156433399404,-0.3772210304771835,-0.3084146193386384,0.5575272913833501,4.0,0.0,0.0,2.0,0.5305807178880775,-0.5374249336328878,-0.2687124668164439,0.5047512851854975,-0.5115955009303078
GBPUSD,2025-01-23,1.23153,1.23753,1.2293,1.23544,60,22,0.4871988502107139,-0.1810755726616448,0.3174912507206548,0.5657236159713855,6.0,1.0,1.0,2.0,0.500412098791282,2.175735306154898,0.25590297747641977,0.500412098791282,2.175735306154898
GBPUSD,2025-01-24,1.23508,1.25018,1.23478,1.24768,151,3,1.2225928684781644,-0.0242899245392984,1.0201768306506416,0.6099000198483787,4.0,4.0,2.0,3.0,1.669825634676564,-2.1599537236490467,-0.19471192971791,1.669825634676564,-2.7108308704339645
GBPUSD,2025-01-27,1.24663,1.25231,1.24255,1.2496,57,41,0.4556283740965747,-0.3272823532242816,0.2382423012441654,0.6129723922680876,2.0,0.0,1.0,0.0,0.2541808861190734,0.5083617722381469,0.2541808861190734,0.2541808861190734,0.5083617722381469
GBPUSD,2025-01-28,1.24959,1.2498,1.24141,1.24416,2,82,0.0168055122080077,-0.6546147136260755,-0.4345425299498272,0.6165357649684904,3.0,1.0,4.0,2.0,0.9135763239839771,-0.41810945245822656,0.025944620981494883,0.9135763239839771,-0.41810945245822656
GBPUSD,2025-01-29,1.24389,1.24631,1.23928,1.24458,24,46,0.1945509651175014,-0.3706115492527477,0.0554711429467299,0.6168504837257119,2.0,0.0,1.0,2.0,2.4190099593289376,-1.9136521119670757,-0.9016303415042425,2.4190099593289376,-2.133579853192007
GBPUSD,2025-01-30,1.24458,1.24766,1.24072,1.24172,31,39,0.2474730431149441,-0.3101447877998983,-0.2297963971781713,0.5676077925766914,3.0,3.0,2.0,4.0,0.963857822097158,-6.210191633379216,-0.24906539873777278,0.963857822097158,-6.210191633379216
GBPUSD,2025-01-31,1.24125,1.24715,1.23856,1.23919,59,27,0.4753272910372622,-0.2167170191339262,-0.1659617321248701,0.5622213129226621,6.0,2.0,1.0,3.0,1.125845586387808,4.540309241641896,0.19041445990879735,1.125845586387808,4.540309241641896
GBPUSD,2025-02-03,1.229,1.24551,1.22488,1.24499,165,41,1.343368592351489,-0.3352318958502948,1.3010577705451545,0.61358530055706,4.0,1.0,2.0,3.0,2.375102577513465,8.725214479083858,0.5929858322232866,2.181543968625682,8.26931756517526
GBPUSD,2025-02-04,1.2449,1.2493,1.23785,1.24764,44,70,0.3534420435376481,-0.5663105470318902,0.2200979998393595,0.6107326202964076,3.0,1.0,0.0,2.0,1.532095909375101,-4.745908972394504,-0.5605723845481004,1.532095909375101,-4.745908972394504
GBPUSD,2025-02-05,1.24794,1.25497,1.2463,1.25045,70,16,0.5633283651457498,-0.1314165745148072,0.2011314646537503,0.5695296000015478,1.0,2.0,2.0,3.0,0.8552826669435378,-2.649237757168648,-0.26938343720656893,1.1555850613119292,-3.5434239825091436
GBPUSD,2025-02-06,1.25041,1.25093,1.23598,1.24311,5,144,0.0415863596740329,-1.1540214809542424,-0.5838085108084615,0.5765654924079384,2.0,3.0,1.0,5.0,1.6165587429126735,-5.127054856176566,-0.23411874271114563,1.6165587429126735,-5.127054856176566
GBPUSD,2025-02-07,1.24299,1.24939,1.23758,1.23965,64,54,0.5148874890385249,-0.4352408305778917,-0.2687069083419915,0.5445699621498477,3.0,3.0,2.0,2.0,2.259463088357998,3.8369948504397344,0.4735710240626115,2.259463088357998,4.144596657447677
GBPUSD,2025-02-10,1.23708,1.2422,1.2361,1.23657,51,10,0.4138778413683847,-0.0792188055744156,-0.0412261131050546,0.5449441520001328,5.0,0.0,0.0,1.0,0.8828612113948948,-0.8828612113948948,-0.8828612113948948,0.8828612113948948,-0.8828612113948948
GBPUSD,2025-02-11,1.23667,1.24545,1.23321,1.24456,88,35,0.7099711321532834,-0.2797836124430947,0.6380036711491486,0.5578932880926669,3.0,0.0,0.0,2.0,1.0631003749102663,-1.254028967677484,-0.627014483838742,1.0631003749102663,-1.254028967677484
GBPUSD,2025-02-12,1.24438,1.24835,1.23763,1.24436,40,68,0.3190343785660352,-0.5424388048666833,-0.0016072260885043,0.5582892029363551,6.0,3.0,1.0,2.0,1.3610857319567844,3.6137843692891485,0.17122478550545508,1.3610857319567844,4.012232224824459
GBPUSD,2025-02-13,1.24427,1.25681,1.24349,1.25645,125,8,1.0078198461748653,-0.0626873588529823,0.9788872190119572,0.5894125406874137,3.0,4.0,1.0,11.0,2.257773915293322,2.788361462412823,0.1475955597467953,2.257773915293322,2.481635792826452
GBPUSD,2025-02-14,1.25644,1.263,1.25493,1.25832,66,15,0.5221100888223791,-0.1201808283722183,0.1496291108210582,0.5602997579902919,4.0,2.0,0.0,4.0,2.3875673154608643,-5.423046901205143,-0.5322901113218795,2.3875673154608643,-5.956721156944513
GBPUSD,2025-02-17,1.25901,1.26347,1.25772,1.26233,45,13,0.3542465905751448,-0.1024614578120915,0.263699255764449,0.5019534589040058,3.0,0.0,0.0,1.0,0.2117319484978675,-0.2117319484978675,-0.2117319484978675,0.2117319484978675,-0.2117319484978675
GBPUSD,2025-02-18,1.2624,1.263,1.25817,1.26115,6,42,0.0475285171102609,-0.335076045627373,-0.099017743979719,0.4973981322955637,2.0,1.0,2.0,2.0,1.1847268224912273,0.5797145197098119,-0.03276494548426059,1.1847268224912273,0.42515228733843835
GBPUSD,2025-02-19,1.26114,1.26398,1.25629,1.25852,28,49,0.225193079277493,-0.3845726882027389,-0.2077485449672395,0.4928703120530722,6.0,1.0,0.0,8.0,2.3349929433557204,5.754503200059595,0.4301777245468642,2.3349929433557204,4.428919497935024
GBPUSD,2025-02-20,1.25845,1.26711,1.25766,1.26671,87,8,0.6881481187174612,-0.0627756366959409,0.6563629862131936,0.5039945589958812,2.0,1.0,2.0,3.0,1.7739956863499162,-0.7783464458135445,-0.2576000073173791,1.6154201229682486,-0.6197708824318768
GBPUSD,2025-02-21,1.26678,1.26785,1.26245,1.26317,11,43,0.0844661267149705,-0.3418115221269632,-0.2849745022813837,0.4736823408490843,3.0,5.0,2.0,3.0,2.5438925286055056,-9.564851596421017,-0.45658148494466466,2.5438925286055056,-9.291437791292786
GBPUSD,2025-02-24,1.26365,1.26905,1.26117,1.26237,54,25,0.4273335179836245,-0.1962568749258131,-0.1012938709294462,0.4752753758317009,4.0,0.0,0.0,0.0,0.0,0.0,0.0,0.0,0.0
GBPUSD,2025-02-25,1.26242,1.26777,1.26054,1.26645,53,19,0.4237892302086442,-0.1489203276247289,0.3192281491104369,0.4601099566275527,3.0,0.0,3.0,2.0,1.0488298936012936,0.2716813965725685,0.039547466712243726,1.0488298936012936,0.2716813965725685
GBPUSD,2025-02-26,1.26612,1.27157,1.2635,1.26743,55,26,0.4304489305911112,-0.2069314125043317,0.1034657062521834,0.459771079974608,0.0,0.0,2.0,0.0,1.2185691283013174,-2.7744795731483225,-0.6936198932870806,1.2185691283013174,-2.7744795731483225
GBPUSD,2025-02-27,1.26729,1.26888,1.25977,1.25985,16,75,0.1254645740122608,-0.5933921991020186,-0.5870795161328594,0.4814236814399334,2.0,2.0,4.0,1.0,1.566224036425901,3.5872248013626282,0.13796297227120422,1.566224036425901,3.302925422550359
GBPUSD,2025-02-28,1.26001,1.2622,1.25589,1.25744,22,41,0.1738081443797997,-0.3269815318926138,-0.2039666351854495,0.4827038473636704,6.0,1.0,1.0,5.0,1.6388429411606769,4.623534028102523,0.34314996497313277,1.879106597360735,4.322987042812489
GBPUSD,2025-03-03,1.258,1.27243,1.25768,1.26993,144,3,1.1470588235294072,-0.0254372019077979,0.948330683624801,0.4421186685242119,6.0,1.0,2.0,6.0,2.450714906425419,9.555193155253798,0.7307106146985555,2.450714906425419,8.920099606445433
GBPUSD,2025-03-04,1.26985,1.27994,1.26783,1.27931,101,20,0.7945820372485062,-0.1590739063668867,0.7449698783320884,0.4643320010758649,6.0,0.0,0.0,3.0,0.6393449800981745,-0.8323244121183377,-0.2774414707061126,0.6393449800981745,-1.0328019057198337
GBPUSD,2025-03-05,1.27927,1.29006,1.27671,1.28942,108,26,0.8434497799526354,-0.2001141275883821,0.7934212480555398,0.487343478304597,3.0,2.0,1.0,3.0,2.021983327056971,4.520816227469236,0.4599311307686802,2.121322273251584,4.4823979530786895
GBPUSD,2025-03-06,1.2893,1.2924,1.28655,1.28797,31,27,0.2404405491351976,-0.2132940355231372,-0.1031567517257295,0.459760942494067,4.0,1.0,1.0,6.0,1.1990914233905643,-5.225851271907505,-0.20703515549355184,1.627660579559081,-6.7716776287638965
GBPUSD,2025-03-07,1.28784,1.29444,1.2873,1.29194,66,5,0.5124860231084559,-0.0419306746179637,0.3183625295067704,0.4478656189237724,2.0,3.0,0.0,1.0,0.7958239954000302,0.1425443715086684,-0.08646493550744674,0.7738080455465419,0.07649652194820356
GBPUSD,2025-03-10,1.29139,1.29464,1.28612,1.28772,32,53,0.2516668086325568,-0.408087409690342,-0.2841899039020019,0.4583318782138365,5.0,0.0,0.0,0.0,0.0,0.0,0.0,0.0,0.0
GBPUSD,2025-03-11,1.28774,1.29659,1.28718,1.29429,88,6,0.6872505319396619,-0.0434870393091863,0.5086430490626861,0.4527346905661438,3.0,1.0,0.0,3.0,0.991697022096038,0.8422640294218136,-0.1466533820851458,0.991697022096038,1.0726716828927834
GBPUSD,2025-03-12,1.29428,1.29892,1.29132,1.29604,46,30,0.3585004790308107,-0.2286985814506964,0.135982940322031,0.4506207841933552,3.0,3.0,0.0,4.0,0.9780647962958192,-7.9600246819705465,-0.4917773962695869,0.9963316417276498,-8.708816982980398
GBPUSD,2025-03-13,1.29617,1.29733,1.29205,1.29488,12,41,0.0894944336005346,-0.3178595400294809,-0.0995239821936947,0.416019205621533,3.0,3.0,0.0,3.0,0.7715919627522138,-5.026989841357745,-0.340034982941577,0.7715919627522138,-5.312660545802267
GBPUSD,2025-03-14,1.2949,1.29587,1.29106,1.2932,10,38,0.074909259402281,-0.2965479959842338,-0.1312842690555282,0.4206969214319101,5.0,3.0,0.0,6.0,1.4733825632585382,-1.9316403883457007,0.03218230807654597,1.4733825632585382,-1.9868446243457245
GBPUSD,2025-03-17,1.29294,1.29986,1.29247,1.29864,69,5,0.535214317756434,-0.0363512614661137,0.4408557241635372,0.4253988944485086,3.0,2.0,1.0,3.0,1.7727769705532757,3.0320734946996684,0.32116540934617077,1.7727769705532757,2.7372201905476556
GBPUSD,2025-03-18,1.29869,1.30096,1.29512,1.30014,23,36,0.1747915206862295,-0.2748923915637951,0.1116509713634642,0.4216730868765945,3.0,0.0,0.0,5.0,1.2928002074767688,2.2574746825211816,0.45149493650423633,1.2928002074767688,2.2472476588147474
GBPUSD,2025-03-19,1.30008,1.3011,1.29548,1.3003,10,46,0.0784567103562873,-0.3538243800381467,0.0169220355670504,0.4144624829205348,2.0,1.0,0.0,1.0,0.3526637628424595,-0.9524020694235095,-0.1235372718692952,0.3526637628424595,-0.9524020694235095
GBPUSD,2025-03-20,1.30029,1.30145,1.29356,1.29684,12,67,0.0892108683447577,-0.5175768482415387,-0.2653254274046523,0.4081616071504793,1.0,4.0,3.0,5.0,1.18325420766807,4.940214441322237,0.14915307189719015,1.18325420766807,5.097409890146981
GBPUSD,2025-03-21,1.29684,1.29703,1.28873,1.2911,2,81,0.0146509978100546,-0.6253662749452563,-0.4426143548934393,0.4177830705271034,3.0,0.0,0.0,3.0,0.6307022062858194,0.9569606854349836,0.3189868951449945,0.6307022062858194,0.9569606854349836
GBPUSD,2025-03-24,1.29025,1.2974,1.2895,1.29208,72,7,0.5541561712846512,-0.0581282697151564,0.1418329781050183,0.4148021099886069,4.0,4.0,0.0,0.0,1.7926796736149566,-3.4735469981273592,-0.2894622498439465,1.6709054122176183,-2.4775476169108006
GBPUSD,2025-03-25,1.29203,1.29667,1.29017,1.2945,46,19,0.359124788124113,-0.1439595055842335,0.191172031609171,0.4126015407268321,0.0,0.0,4.0,2.0,1.2185827720165587,-4.021551578675209,-0.36503963045398585,1.2185827720165587,-4.021551578675209
GBPUSD,2025-03-26,1.2945,1.2949,1.28711,1.28744,4,74,0.0308999613750448,-0.5708767864040176,-0.5453843182696073,0.4384170535444522,6.0,1.0,2.0,4.0,2.5961041829513998,1.9468162940029088,0.06975499141366741,2.5961041829513998,2.1040595479308095
GBPUSD,2025-03-27,1.28744,1.2992,1.28704,1.29512,118,4,0.913440626359286,-0.0310694090598362,0.5965326539489321,0.4225945770107923,3.0,2.0,2.0,3.0,1.4876596653051746,0.2918262825908602,0.13113641925682987,1.4876596653051746,1.0062602555711513
GBPUSD,2025-03-28,1.295,1.29681,1.2922,1.2938,18,28,0.1397683397683466,-0.2162162162162095,-0.0926640926640824,0.4184886588669216,3.0,2.0,1.0,7.0,0.995349299757274,0.09474824203229264,0.06983635492095686,0.995349299757274,0.4164245370305674
GBPUSD,2025-03-31,1.29285,1.29726,1.2886,1.29156,44,43,0.3411068569439629,-0.3287310979618739,-0.0997795567931324,0.3766914513177966,3.0,0.0,0.0,4.0,0.5548349863750277,-0.6649734429079193,-0.16624336072697982,0.5548349863750277,-0.6649734429079193
GBPUSD,2025-04-01,1.2915,1.29407,1.2879,1.29209,26,36,0.1989934185056106,-0.2787456445993068,0.0456833139759867,0.3444370530295999,6.0,2.0,2.0,6.0,1.6961629007001848,2.309530093103677,0.3298980743537439,1.6961629007001848,2.0057542297633852
GBPUSD,2025-04-02,1.29216,1.30249,1.29001,1.29967,103,21,0.7994366022783518,-0.1663880633977119,0.5811973749380981,0.3233359786232794,6.0,1.0,0.0,2.0,0.5318694072992399,1.5628617039304138,0.23098842392722976,0.5318694072992399,1.5628617039304138
GBPUSD,2025-04-03,1.29967,1.32074,1.29722,1.3099,211,25,1.6211807612701623,-0.1885093908453733,0.7871228850400456,0.3601477959058083,0.0,2.0,1.0,4.0,1.3080461435805006,-5.590324738627674,-0.41393028669812626,1.4071285662300066,-5.057451978808196
GBPUSD,2025-04-04,1.31012,1.31135,1.28527,1.28915,12,249,0.0938845296614099,-1.8967728147039995,-1.600616737398096,0.518522136628684,0.0,3.0,1.0,1.0,0.7790465001452833,4.6581415475097625,0.38711503642045086,0.758568203199483,4.596706656672361
GBPUSD,2025-04-07,1.2839,1.29338,1.27079,1.27195,95,131,0.7383752628709348,-1.021107562894303,-0.93075784718437,0.555964682983668,4.0,0.0,0.0,1.0,0.7478307031672756,-0.7478307031672756,-0.7478307031672756,0.7478307031672756,-0.7478307031672756
GBPUSD,2025-04-08,1.27233,1.28146,1.272,1.27629,91,3,0.7175811306815121,-0.0259366673740257,0.311240008488361,0.5475401374945265,5.0,0.0,0.0,3.0,1.5970267776922151,-1.5529073179943178,-0.5176357726647726,1.5970267776922151,-1.9042791585782919
GBPUSD,2025-04-09,1.27629,1.28639,1.27429,1.28176,101,20,0.7913561964757225,-0.1567041973219254,0.4285859796754723,0.5563945610240514,6.0,0.0,1.0,2.0,0.1268468036573293,-0.1394215270513035,-0.005693743926255397,0.1268468036573293,0.1445533187349054
GBPUSD,2025-04-10,1.2817,1.29958,1.28091,1.29657,179,8,1.3950222360926812,-0.0616368885074563,1.1601778887415104,0.6159554600266224,6.0,4.0,1.0,3.0,1.4337483757117169,-8.222622262810162,-0.2906761820610405,1.4337483757117169,-8.461147416883325
GBPUSD,2025-04-11,1.29665,1.31449,1.29641,1.3085,178,2,1.3758531600663135,-0.0185092353372165,0.9138934947749906,0.6447492236888471,5.0,5.0,0.0,5.0,2.8541399196437585,-6.585095328700323,-0.05175923205946431,2.9377965759113294,-6.380248894713606
GBPUSD,2025-04-14,1.30913,1.3201,1.30615,1.31824,110,30,0.8379610886619471,-0.2276320915417096,0.6958819979681296,0.6545530073107378,4.0,0.0,0.0,1.0,0.1725702773013022,0.1725702773013022,0.1725702773013022,0.1725702773013022,0.1725702773013022
GBPUSD,2025-04-15,1.31823,1.32519,1.31637,1.32222,70,19,0.5279807013950583,-0.141098290890055,0.3026785917480211,0.6561202021805504,3.0,1.0,2.0,5.0,0.8646772811257234,-1.6639294297077076,-0.1544239555050948,0.8646772811257234,-1.611926340626557
GBPUSD,2025-04-16,1.32222,1.32921,1.32117,1.32415,70,10,0.5286563506829463,-0.079411898171257,0.1459666318766912,0.6557933167364671,3.0,3.0,0.0,8.0,1.8415488308573345,0.9678550199913268,-0.11824827988211711,1.853548893469481,1.1887698015840233
GBPUSD,2025-04-17,1.32415,1.32731,1.32021,1.32629,32,39,0.2386436581958276,-0.2975493712947802,0.1616131102971741,0.6496389412629641,4.0,1.0,1.0,4.0,1.3984079536539205,-3.744603910691681,-0.38321033759319806,1.3984079536539205,-3.744603910691681
GBPUSD,2025-04-18,1.32631,1.32985,1.32536,1.3294,35,10,0.2669059269703068,-0.0716272967858197,0.2329772074401772,0.6352880539774679,5.0,0.0,0.0,0.0,0.0,0.0,0.0,0.0,0.0
GBPUSD,2025-04-21,1.32841,1.34218,1.32765,1.33762,138,8,1.036577562650073,-0.057211252550048,0.6933100473498347,0.6458194512045874,1.0,0.0,0.0,1.0,1.095769339916186,-1.095769339916186,-1.095769339916186,1.0096007569049297,-1.0096007569049297
GBPUSD,2025-04-22,1.33758,1.34236,1.3288,1.32899,48,88,0.357361802658533,-0.6564093362639999,-0.6422045784177468,0.6726738904467933,3.0,0.0,1.0,0.0,0.8912955964937032,-1.7825911929874063,-0.8912955964937032,0.8912955964937032,-1.7825911929874063
GBPUSD,2025-04-23,1.32911,1.3339,1.32324,1.32606,48,59,0.3603915402036003,-0.44164892296349,-0.2294768679793243,0.6588735027655533,5.0,4.0,1.0,2.0,1.359599771655542,-6.48621230174222,-0.2887180186266837,1.0970670951027215,-5.109960462945638
GBPUSD,2025-04-24,1.32539,1.3349,1.32505,1.33341,95,3,0.7175246531209611,-0.025652826715156,0.6051049125163096,0.6591661984118269,3.0,1.0,3.0,2.0,2.135985071715578,1.5213799994369934,0.28012099853289957,2.135985071715578,1.5213799994369934
GBPUSD,2025-04-25,1.33316,1.33396,1.32735,1.3314,8,58,0.0600078010141418,-0.4358066548651228,-0.1320171622310888,0.6600606504739459,6.0,1.0,1.0,2.0,1.2163784866584928,0.6464403450244127,-0.1022843176231882,1.2163784866584928,0.996584801740069
GBPUSD,2025-04-28,1.33045,1.34442,1.32797,1.34344,140,25,1.0500206696982253,-0.1864030966965925,0.976361381487471,0.6803313423524231,3.0,0.0,0.0,1.0,0.3825013226352113,0.3825013226352113,0.3825013226352113,0.3825013226352113,0.3825013226352113
GBPUSD,2025-04-29,1.34343,1.34436,1.338,1.34043,9,54,0.0692257877224788,-0.4041892767021597,-0.2233089926531261,0.6866989463355634,1.0,1.0,2.0,4.0,1.4235415243210887,-5.799962970947939,-0.3672506826333744,1.4235415243210887,-5.932151189914462
GBPUSD,2025-04-30,1.34049,1.34145,1.33087,1.33235,10,96,0.0716156032495633,-0.7176480242299429,-0.6072406358868799,0.7042544707608127,2.0,4.0,2.0,5.0,2.248474728379584,-9.619966819156566,-0.46736288653248775,2.248474728379584,-9.619966819156566
GBPUSD,2025-05-01,1.33238,1.33453,1.32601,1.3271,22,64,0.1613653762440217,-0.4780918356624977,-0.3962833425899482,0.6978094824409766,3.0,2.0,1.0,9.0,3.599544963018513,5.6931624514398536,0.2898857700246771,2.878388379372924,5.06883016651691
GBPUSD,2025-05-02,1.32713,1.33306,1.32604,1.32641,59,11,0.4468288713238335,-0.0821321196868289,-0.0542524093344157,0.5751291314951086,3.0,3.0,0.0,1.0,1.5988927906576578,-0.11988575482431196,0.25649165220758363,1.5988927906576578,0.0031977032609604716
GBPUSD,2025-05-05,1.32648,1.33364,1.32593,1.32885,72,6,0.539774440624799,-0.0414631204390605,0.1786683553464796,0.513512354946848,5.0,1.0,0.0,1.0,1.1822860399231785,-0.3226178975705031,-0.44786499623614334,1.0933466931815812,-0.23367855082890576
GBPUSD,2025-05-06,1.32893,1.34025,1.32599,1.33712,113,29,0.8518131128050385,-0.2212306141030711,0.6162852821442921,0.5206552972475352,1.0,0.0,0.0,4.0,0.3804779240265971,-0.798025977280894,-0.1995064943202235,0.6097329722976922,-1.816474344573497
GBPUSD,2025-05-07,1.33733,1.33772,1.32797,1.3293,4,94,0.0291625851510182,-0.6999020436242224,-0.6004501506733553,0.5511305378374778,2.0,1.0,1.0,1.0,0.3526637628424595,-0.748084611689098,-0.047106090061190965,0.3526637628424595,-0.748084611689098
GBPUSD,2025-05-08,1.32939,1.33562,1.32361,1.32471,62,58,0.4686359909432113,-0.4347858792378548,-0.352041161735835,0.5134519693968659,4.0,3.0,0.0,8.0,3.480002095454414,-15.863956731887807,-0.5753439351471549,3.480002095454414,-15.867449066992585
GBPUSD,2025-05-09,1.32483,1.33225,1.32117,1.32976,74,37,0.5600718582761549,-0.2762618600122277,0.3721232158088284,0.4823977354660154,0.0,0.0,0.0,0.0,0.0,0.0,0.0,0.0,0.0
GBPUSD,2025-05-12,1.32695,1.32991,1.31394,1.31697,30,130,0.2230679377519764,-0.980443875051808,-0.752100682015155,0.4947353889083148,6.0,0.0,0.0,2.0,2.08410034601092,3.2674816816240657,1.6337408408120329,2.08410034601092,3.2674816816240657
GBPUSD,2025-05-13,1.31692,1.33159,1.31665,1.33047,147,3,1.1139628830908452,-0.0205023843513647,1.028915955411107,0.5414262796067506,2.0,4.0,1.0,5.0,2.1225279358678333,8.926506478423883,0.3715566777668377,2.40143492782314,7.688260071244741
GBPUSD,2025-05-14,1.33046,1.33602,1.3253,1.32578,56,52,0.417900575740722,-0.3878357861190906,-0.3517580385731264,0.5482321758883525,4.0,0.0,0.0,2.0,0.5112652877235904,0.289432087640936,0.144716043820468,0.5112652877235904,0.27075747038928727
GBPUSD,2025-05-15,1.32578,1.33194,1.3257,1.32998,62,1,0.4646321410792094,-0.0060341836503686,0.316794641644917,0.5513386974272141,3.0,6.0,3.0,11.0,4.31948413563203,2.1766666281054956,0.0916299504855092,2.931141609892243,-1.164496407311809
GBPUSD,2025-05-16,1.32998,1.33325,1.325,1.32773,33,50,0.2458683589226985,-0.3744417209281331,-0.1691754763229419,0.5510320930477339,5.0,2.0,0.0,3.0,0.8917058436415897,1.3105107802405656,0.06050149733639483,0.8917058436415897,1.3105107802405656
GBPUSD,2025-05-19,1.32752,1.34036,1.3273,1.33614,128,2,0.9672170664095427,-0.0165722550319474,0.6493310835241708,0.54825875788084,3.0,0.0,0.0,2.0,0.1589316426893945,-0.2373614629549852,-0.1186807314774926,0.1589316426893945,-0.2598033504993461
GBPUSD,2025-05-20,1.33599,1.33946,1.33345,1.33849,35,25,0.2597324830275738,-0.1901211835417919,0.187127149155304,0.5271582043951419,4.0,0.0,0.0,0.0,0.0,0.0,0.0,0.0,0.0
GBPUSD,2025-05-21,1.33847,1.34687,1.33835,1.34158,84,1,0.6275822394226216,-0.0089654605631893,0.2323548529290866,0.5242342701503302,3.0,1.0,0.0,4.0,2.105388664987487,7.943254654283395,0.8867852937131516,2.105388664987487,5.804967716630064
GBPUSD,2025-05-22,1.34157,1.34408,1.33905,1.34176,25,25,0.1870942254224537,-0.1878396207428502,0.0141625110877654,0.5092969021735002,6.0,5.0,1.0,3.0,1.5713487904735206,7.652528101283138,0.2757930346346893,1.4997142533563643,7.375708142134447
GBPUSD,2025-05-23,1.34188,1.35422,1.3417,1.35344,123,2,0.9196053298357542,-0.0134140161564423,0.8614779264911926,0.5385607043098438,4.0,1.0,1.0,1.0,3.3363982603013325,12.788574036950175,1.6976099749504392,2.626506193558967,10.65889783672308
GBPUSD,2025-05-26,1.3526,1.35932,1.35223,1.35615,67,4,0.4968209374537971,-0.0273547242348056,0.2624574892799011,0.4993992776110373,1.0,0.0,0.0,0.0,0.0,0.0,0.0,0.0,0.0
GBPUSD,2025-05-27,1.35617,1.35867,1.34998,1.35095,25,62,0.1843426709040862,-0.4564324531585376,-0.3849074968477405,0.505505355061335,2.0,0.0,3.0,4.0,2.399807220233729,4.602489337805578,0.275034847064673,2.399807220233729,4.602489337805578
GBPUSD,2025-05-28,1.35094,1.3522,1.34496,1.3466,13,60,0.0932683908981922,-0.4426547441041124,-0.321257790871542,0.4896552439871507,4.0,0.0,1.0,0.0,0.1533873597112951,0.3067747194225902,0.1533873597112951,0.1533873597112951,0.3067747194225902
GBPUSD,2025-05-29,1.3467,1.35072,1.34148,1.34902,40,52,0.2985074626865606,-0.3876141679661396,0.1722729635405138,0.477709158650855,2.0,2.0,2.0,2.0,1.005652975602462,1.6126601450867215,-0.006375749382550385,1.8151567357739848,6.4228602410265045
GBPUSD,2025-05-30,1.34876,1.35106,1.34476,1.34513,23,40,0.1705270025801454,-0.2965687001393876,-0.2691360953764956,0.4836296084853393,6.0,1.0,1.0,6.0,3.1181947649780417,0.33834626393490463,-0.05660737260282095,3.5727711514864144,0.7929226504432774
GBPUSD,2025-06-02,1.34537,1.35595,1.345,1.35391,106,4,0.7864007670752309,-0.0275017281491323,0.6347696172800041,0.4988159516098388,2.0,1.0,1.0,7.0,3.227901546393497,-0.12267096631274388,0.023488423417457396,2.5723993606792117,-0.7190023716069429
GBPUSD,2025-06-03,1.35421,1.35591,1.34914,1.35144,17,51,0.1255344444362421,-0.3743880195833665,-0.2045473006402212,0.4883983701879278,4.0,1.0,0.0,2.0,0.6185382719502521,1.6265243295273,0.12981592854226529,0.6185382719502521,1.6265243295273
GBPUSD,2025-06-04,1.35128,1.35799,1.35008,1.35456,67,12,0.4965662186963467,-0.0888046888875799,0.2427328162926965,0.4635740132850386,4.0,2.0,0.0,4.0,2.073795362160324,-1.2122160113319826,0.10927127701003635,2.173302466630727,-1.5457331440510202
GBPUSD,2025-06-05,1.35475,1.36162,1.35402,1.35748,69,7,0.5071046318509064,-0.0538844805314558,0.2015131943163035,0.4509855275486303,1.0,1.0,1.0,5.0,2.0446531952644724,0.5009529757580797,-0.16672887721099686,2.944919554962734,3.4011881882530055
GBPUSD,2025-06-06,1.3576,1.3584,1.3504,1.3521,8,72,0.0589275191514535,-0.5303476723629842,-0.4051266941661637,0.4629126270558173,4.0,3.0,0.0,1.0,1.1422529640879278,0.30363999059905256,-0.16507216146473358,1.1422529640879278,0.4267234486843252
GBPUSD,2025-06-09,1.3522,1.3581,1.3516,1.3547,59,6,0.4363259872799893,-0.0443721342996713,0.1848838929152452,0.4176233276184846,1.0,0.0,0.0,1.0,0.1268468036573293,0.1268468036573293,0.1268468036573293,0.1268468036573293,0.1268468036573293
GBPUSD,2025-06-10,1.3555,1.3564,1.3453,1.3494,9,102,0.066396163777213,-0.7524898561416442,-0.4500184433788266,0.3821422750411858,5.0,0.0,2.0,3.0,1.5459982103397891,0.5965266997113774,0.24247994517724286,1.5459982103397891,0.5645229895014858
GBPUSD,2025-06-11,1.3494,1.3567,1.3461,1.3544,73,33,0.5409811768193333,-0.2445531347265346,0.370535052615986,0.3742144329441924,5.0,3.0,0.0,4.0,0.9780647962958192,-5.657574866007305,-0.36003142475690536,0.9780647962958192,-5.293115462984691
GBPUSD,2025-06-12,1.3552,1.3623,1.3519,1.3609,71,33,0.5239079102715545,-0.243506493506483,0.4206021251475825,0.3779883662150063,1.0,4.0,0.0,9.0,1.0803883394265168,-1.449858901754017,-0.14297485083203892,1.0803883394265168,-0.877106540992531
GBPUSD,2025-06-13,1.3609,1.3632,1.3513,1.3564,23,96,0.1690058049819949,-0.7054155338379052,-0.3306635314865125,0.3859407965594641,4.0,2.0,0.0,1.0,2.505727990759568,0.781485605305865,-0.045068782277614204,2.505727990759568,0.781485605305865
GBPUSD,2025-06-16,1.3554,1.3622,1.3527,1.3574,68,27,0.5016969160395558,-0.1992031872509904,0.1475579164822194,0.364287646219802,0.0,0.0,1.0,1.0,0.5235837546791612,-0.3790498618751149,-0.22565840413856905,0.5235837546791612,-0.3790498618751149
GBPUSD,2025-06-17,1.3576,1.3584,1.3412,1.3424,8,164,0.0589275191514535,-1.2080141426045945,-1.119622863877422,0.4506897408495109,3.0,2.0,0.0,5.0,2.344029571585861,-11.151478311272575,-0.905409930586733,2.6514742598591177,-12.065768502601754
GBPUSD,2025-06-18,1.343,1.3476,1.3397,1.3418,46,33,0.3425167535368531,-0.2457185405807952,-0.0893521965748226,0.4481828543877563,4.0,3.0,0.0,7.0,1.1526103432442998,-6.074047183344195,-0.4304981582349193,1.1526103432442998,-6.128636351709504
GBPUSD,2025-06-19,1.3426,1.347,1.338,1.3466,44,46,0.3277223298078325,-0.3426187993445507,0.2979293907343962,0.4532209066355449,3.0,2.0,0.0,1.0,0.5981408455489896,0.16349340811739088,-0.07811714821165633,0.5981408455489896,0.16349340811739088
GBPUSD,2025-06-20,1.3455,1.3511,1.3438,1.3449,56,17,0.4162021553325938,-0.126347082868808,-0.044593088071344,0.4066353946981602,6.0,1.0,1.0,3.0,0.8721778256717705,-2.180052712439703,-0.05922778614813121,0.5768444850034508,-1.3345905937431783
GBPUSD,2025-06-23,1.3414,1.3531,1.3367,1.3522,117,47,0.8722230505442109,-0.3503801997912574,0.8051289697331253,0.4438726586875636,6.0,4.0,1.0,0.0,1.091533081823473,4.276468320550604,0.3087769437720381,0.8981523739813169,3.6994607849513317
GBPUSD,2025-06-24,1.3507,1.3648,1.3505,1.3614,141,2,1.0439031613237582,-0.0148071370400516,0.7921818316428468,0.4684908208420865,5.0,0.0,2.0,4.0,0.9322376220569342,-2.129705566367371,-0.21932421061902171,2.512069545065626,-4.481582466805569
GBPUSD,2025-06-25,1.3614,1.3671,1.3588,1.3663,57,26,0.4186866460996062,-0.1909798736594634,0.3599236080505455,0.4646884238180905,5.0,0.0,1.0,1.0,1.5562168760542487,-2.961830140087363,-0.7028066320165575,1.5562168760542487,-2.961830140087363
GBPUSD,2025-06-26,1.3662,1.377,1.365,1.3727,108,12,0.790513833992089,-0.0878348704435726,0.475772214902646,0.4725483536262948,3.0,2.0,4.0,4.0,2.8227864786000887,-6.204222938264516,-0.24832138777197477,4.061298650163375,-10.066917111327891
GBPUSD,2025-06-27,1.3731,1.3752,1.3679,1.3714,21,52,0.1529386060738468,-0.3787051198019149,-0.1238074430121648,0.4676487539166726,4.0,1.0,1.0,3.0,1.125845586387808,1.528413686298943,-0.13903199513791817,1.125845586387808,1.528413686298943
GBPUSD,2025-06-30,1.3686,1.374,1.3671,1.3733,54,15,0.3945637878123682,-0.1096010521701049,0.3434166301329772,0.4547452249834216,3.0,0.0,0.0,7.0,1.1931405439336968,1.6675398683658753,0.23821998119512505,1.1931405439336968,2.021470715388142
GBPUSD,2025-07-01,1.3733,1.3788,1.3701,1.3745,55,32,0.4004951576494619,-0.2330153644505839,0.0873807616689791,0.4493202779659517,0.0,2.0,1.0,8.0,5.731344255528898,9.058635822327025,0.5423558559213774,5.731344255528898,9.017956961239914
GBPUSD,2025-07-02,1.3742,1.3752,1.356,1.3636,10,182,0.072769611410267,-1.3244069276670056,-0.7713578809489277,0.4888348274237683,3.0,1.0,0.0,2.0,1.2375810082777043,-3.6576801605055644,-0.3941727146500518,1.2375810082777043,-3.6576801605055644
GBPUSD,2025-07-03,1.3636,1.3675,1.3583,1.3652,39,53,0.2860076268700509,-0.3886770313874934,0.1173364623056648,0.4878921267111967,3.0,4.0,1.0,5.0,2.2831034830785297,-1.2210768419159694,0.09588162856131346,1.6616134807951983,-2.2296649153724317
GBPUSD,2025-07-04,1.3656,1.3681,1.3631,1.3652,25,25,0.1830697129467024,-0.1830697129466862,-0.0292911540714671,0.4764043112705109,2.0,0.0,0.0,2.0,1.1197170319138745,1.4620453230699546,0.7310226615349773,1.1197170319138745,1.4620453230699546
GBPUSD,2025-07-07,1.3625,1.3657,1.3572,1.3599,32,53,0.2348623853210913,-0.3889908256880794,-0.1908256880733897,0.4791266774042754,3.0,0.0,0.0,1.0,0.4354360795946809,0.4354360795946809,0.4354360795946809,0.4354360795946809,0.4354360795946809
GBPUSD,2025-07-08,1.3599,1.3646,1.3523,1.3585,47,76,0.345613648062352,-0.5588646223987095,-0.1029487462313455,0.4660398076617283,3.0,0.0,0.0,1.0,0.089105133794651,-0.089105133794651,-0.089105133794651,0.089105133794651,-0.089105133794651
GBPUSD,2025-07-09,1.3585,1.3619,1.3561,1.3586,34,24,0.250276039749729,-0.1766654398233314,0.0073610599926381,0.4607906384974281,3.0,0.0,0.0,5.0,0.3059731452711252,-0.3519035337784221,-0.07038070675568442,0.4279488939432704,-0.4910297564247913
GBPUSD,2025-07-10,1.3586,1.3619,1.353,1.3573,33,56,0.2428970999558428,-0.4121890181068783,-0.0956867363462445,0.453493721228781,1.0,1.0,0.0,3.0,0.2243891777079909,-0.6453698178014756,-0.04914786559637345,0.2243891777079909,-0.6032049699783761
GBPUSD,2025-07-11,1.3567,1.3585,1.3479,1.3499,18,88,0.1326748728532486,-0.6486327117269786,-0.501216186334482,0.4620912599481128,1.0,1.0,0.0,6.0,0.8745000054409116,0.026420073655949783,-0.05776603214150195,0.8745000054409116,0.05909774462611819
GBPUSD,2025-07-14,1.3485,1.3504,1.3421,1.3427,19,64,0.1408972932888404,-0.47460140897293,-0.4301075268817224,0.4715413670162994,1.0,0.0,0.0,0.0,0.0,0.0,0.0,0.0,0.0
GBPUSD,2025-07-15,1.3427,1.3467,1.3376,1.3379,40,51,0.2979072019066063,-0.3798316824309306,-0.357488642287921,0.4030188971197874,5.0,3.0,1.0,1.0,1.3610857319567844,11.160722946767262,0.9080341361416918,1.3610857319567844,11.911148670915306
GBPUSD,2025-07-16,1.3379,1.3485,1.3361,1.3421,106,18,0.7922864190148697,-0.1345392032289426,0.313924807534194,0.4069348434309583,3.0,3.0,0.0,7.0,0.68217915538769,-3.6524877066882784,-0.12476278794737775,0.7219263077742291,-3.9773179034146895
GBPUSD,2025-07-17,1.3419,1.3429,1.3371,1.3415,10,48,0.0745212012817564,-0.3577017661524806,-0.0298084805127191,0.4029048389809975,3.0,3.0,3.0,5.0,0.8643231381631519,3.6435809629280183,0.19101172661255553,0.8643231381631519,3.3482858561761017
GBPUSD,2025-07-18,1.3408,1.3475,1.3402,1.3404,67,6,0.499701670644386,-0.0447494033412838,-0.0298329355608559,0.4027720720878894,6.0,0.0,2.0,3.0,2.668446495532294,1.830762683002832,0.5247583912761871,2.668446495532294,1.830762683002832
GBPUSD,2025-07-21,1.3393,1.351,1.3391,1.3488,117,2,0.8735906816993985,-0.0149331740461418,0.7093257671918214,0.3935576533443162,5.0,0.0,0.0,2.0,1.112637166354938,-1.078029262214907,-0.5390146311074535,1.112637166354938,-1.112538979821003
GBPUSD,2025-07-22,1.3487,1.3534,1.3459,1.3528,47,28,0.3484837250685791,-0.2076073255727673,0.3039964410172753,0.3570625782249232,5.0,0.0,1.0,1.0,0.730834089794117,-1.6253460481928932,-0.4472559791993881,0.730834089794117,-1.6253460481928932
GBPUSD,2025-07-23,1.3528,1.3583,1.3512,1.358,55,16,0.4065641632170358,-0.1182732111176852,0.3843879361324729,0.3583898204567379,0.0,0.0,1.0,1.0,0.488997469070793,-0.8779729601383126,-0.1944877455337598,0.488997469070793,-0.8779729601383126
GBPUSD,2025-07-24,1.3575,1.3588,1.3499,1.3509,13,76,0.0957642725598584,-0.5598526703498954,-0.4861878453038629,0.3562908181766734,0.0,5.0,1.0,2.0,2.1137190117997955,-4.593913625772937,-0.19436816498633827,1.9734871679720292,-3.896751718698377
GBPUSD,2025-07-25,1.3509,1.3517,1.3413,1.3434,8,96,0.0592197794063151,-0.7106373528758645,-0.5551854319342706,0.3739895230355226,0.0,0.0,3.0,1.0,0.6087107865103576,-0.815913727405516,-0.12995894766575397,0.6087107865103576,-0.8356324483246512
GBPUSD,2025-07-28,1.343,1.3452,1.3348,1.3355,22,82,0.1638123603871913,-0.610573343261354,-0.5584512285927076,0.3764349203389697,3.0,0.0,0.0,1.0,0.2484309609294149,0.2484309609294149,0.2484309609294149,0.2484309609294149,0.2484309609294149
GBPUSD,2025-07-29,1.336,1.3363,1.3304,1.3348,3,56,0.0224550898203568,-0.4191616766467103,-0.0898203592814438,0.3736012319442288,0.0,1.0,1.0,8.0,0.987582599106788,2.0191051549342274,0.32196750437439386,0.987582599106788,2.1008877967981774
GBPUSD,2025-07-30,1.3341,1.3385,1.3224,1.3235,44,117,0.3298103590435469,-0.8769957274567156,-0.7945431376958372,0.3757597946529796,2.0,3.0,2.0,1.0,3.1218189545580275,15.450779475037098,0.8534189113545123,3.1218189545580275,15.450779475037098
GBPUSD,2025-07-31,1.3233,1.3282,1.3182,1.3205,49,51,0.370286405199133,-0.3854001360235685,-0.2115922315423497,0.3719697538970896,6.0,3.0,0.0,5.0,6.248862198228656,9.812228814478129,1.1147536464062187,6.248862198228656,9.812228814478129
GBPUSD,2025-08-01,1.3205,1.331,1.3138,1.3278,105,67,0.7951533510034043,-0.5073835668307405,0.5528209011738042,0.4023882452047103,3.0,4.0,2.0,6.0,1.0714905980407463,3.3834430152040804,0.18238669078725514,1.0714905980407463,3.341252944191538
GBPUSD,2025-08-04,1.3271,1.333,1.325,1.3283,59,21,0.444578404038883,-0.1582397709290928,0.090422726245203,0.4042549334869124,3.0,0.0,0.0,1.0,0.4803783656274029,-0.4803783656274029,-0.4803783656274029,0.4803783656274029,-0.4803783656274029
GBPUSD,2025-08-05,1.329,1.3316,1.3256,1.3299,26,34,0.1956358164033059,-0.2558314522197193,0.0677200902934629,0.4058549545318115,5.0,1.0,0.0,5.0,0.7990454207684595,0.7645156891610821,0.22728469542934585,0.9287755271424228,1.3636244263745518
GBPUSD,2025-08-06,1.3299,1.3368,1.3278,1.3355,69,21,0.5188360027069634,-0.157906609519512,0.4210842920520209,0.4210945104630701,6.0,0.0,0.0,3.0,1.5265214028499656,-2.0228077791737076,-0.6742692597245692,1.5265214028499656,-2.2012800079270978
GBPUSD,2025-08-07,1.3353,1.3448,1.3342,1.3441,95,11,0.711450610349739,-0.082378491724697,0.6590279337976591,0.4509406700005849,3.0,3.0,0.0,6.0,1.382049505804246,-0.7440313035440962,-0.03749620616703327,1.382049505804246,-0.849548889579416
GBPUSD,2025-08-08,1.3439,1.3458,1.3415,1.3449,19,24,0.1413795669320643,-0.178584716124725,0.0744102983852883,0.437247714228693,3.0,0.0,0.0,1.0,0.1464916517396496,-0.1464916517396496,-0.1464916517396496,0.1464916517396496,-0.1464916517396496
GBPUSD,2025-08-11,1.3422,1.3476,1.3396,1.3428,54,26,0.4023245417970383,-0.1937118164208134,0.0447027268663339,0.4252949475268045,5.0,0.0,0.0,1.0,0.4470025658550411,-0.4470025658550411,-0.4470025658550411,0.4470025658550411,-0.4470025658550411
GBPUSD,2025-08-12,1.3427,1.3523,1.3417,1.3495,96,10,0.7149772845758585,-0.0744768004766598,0.5064422432412242,0.4282178628334225,6.0,3.0,2.0,4.0,3.997388634807387,-5.5777425970059324,-0.48488178233021856,3.997388634807387,-5.641776882464111
GBPUSD,2025-08-13,1.3498,1.3584,1.3489,1.3575,86,9,0.6371314268780516,-0.066676544673294,0.5704548822047576,0.4396411357287295,2.0,0.0,0.0,1.0,0.3912765913712784,0.3912765913712784,0.3912765913712784,0.3912765913712784,0.3912765913712784
GBPUSD,2025-08-14,1.3571,1.3594,1.3517,1.3531,23,54,0.1694790361800876,-0.3979073023358685,-0.2947461498784174,0.4470986972040056,3.0,4.0,1.0,10.0,3.3029708032543046,7.069339451980162,0.2944114273074836,3.3029708032543046,7.575327006501849
GBPUSD,2025-08-15,1.3531,1.3575,1.352,1.3551,44,11,0.3251792180917862,-0.0812948045229383,0.1478087354962679,0.4468126394361404,2.0,4.0,1.0,4.0,2.4716227623655027,0.5240322749969464,0.12390170459637348,2.4716227623655027,0.11955971544570268
GBPUSD,2025-08-18,1.3543,1.3565,1.3499,1.3502,22,44,0.1624455438233759,-0.3248910876467518,-0.30273942257993,0.4283721871083688,3.0,0.0,0.0,2.0,0.2526647851732126,-0.21992031771414022,-0.10996015885707011,0.2526647851732126,-0.21992031771414022
GBPUSD,2025-08-19,1.35,1.3531,1.3474,1.349,31,26,0.2296296296296207,-0.1925925925926042,-0.0740740740740823,0.4237996295153634,2.0,0.0,0.0,2.0,0.6566059175705299,-0.0765119617644493,-0.03825598088222465,0.6566059175705299,-0.0765119617644493
GBPUSD,2025-08-20,1.3484,1.3509,1.3444,1.3457,25,40,0.1854049243547869,-0.2966478789676656,-0.200237318303185,0.4165428468604341,1.0,1.0,0.0,4.0,0.4086480509774677,0.4835596194441806,0.0416115876074588,0.4086480509774677,-0.03882614815196811
GBPUSD,2025-08-21,1.3461,1.3482,1.3403,1.3411,21,58,0.1560062402496093,-0.4308743778322582,-0.3714434291657466,0.4105547592698977,6.0,5.0,2.0,4.0,2.5593757799993746,10.933041428358095,0.2959236641432781,2.4309363986354957,10.449151342963177
GBPUSD,2025-08-22,1.3408,1.3544,1.3387,1.3522,136,21,1.0143198090692167,-0.15662291169451,0.8502386634844926,0.4330520109468586,1.0,0.0,0.0,1.0,0.603932534064788,0.603932534064788,0.603932534064788,0.603932534064788,0.603932534064788
GBPUSD,2025-08-25,1.3517,1.3527,1.3442,1.3454,10,75,0.0739809129244737,-0.5548568469334794,-0.4660797514241305,0.42661689364134,4.0,0.0,1.0,0.0,0.1829483896291047,-0.3658967792582095,-0.1829483896291047,0.1829483896291047,-0.3658967792582095
GBPUSD,2025-08-26,1.3454,1.3493,1.3431,1.348,39,23,0.2898766166195938,-0.1709528764679626,0.1932510777464068,0.4261153115414314,3.0,0.0,4.0,3.0,0.9936966982205212,1.6667535834752858,0.07639822733486117,0.9936966982205212,1.6667535834752858
GBPUSD,2025-08-27,1.3481,1.3501,1.3414,1.3497,20,67,0.1483569468140347,-0.4969957718270269,0.1186855574512145,0.3739828428345099,3.0,0.0,0.0,2.0,0.1986369119023452,0.3659346034159747,0.18296730170798736,0.1986369119023452,0.3659346034159747
GBPUSD,2025-08-28,1.3495,1.353,1.348,1.3512,35,15,0.2593553167839984,-0.1111522786216995,0.1259725824379425,0.3658148627175326,3.0,2.0,2.0,1.0,0.4151106392326065,-1.0758236795584903,-0.06818160102225762,0.4572984738836097,0.1682267840548577
GBPUSD,2025-08-29,1.3508,1.3517,1.3443,1.3503,9,65,0.0666271838910202,-0.4811963281018618,-0.0370151021616778,0.3540010951963768,5.0,1.0,1.0,6.0,1.3417081336997845,-4.111527201436889,-0.392294042886919,1.6041751870613228,-4.373994254798427
GBPUSD,2025-09-01,1.3503,1.3549,1.3492,1.3543,46,11,0.3406650373990919,-0.081463378508487,0.2962304673035624,0.3565009693694972,0.0,0.0,0.0,5.0,1.138348412921865,-2.4764203173658648,-0.49528406347317294,1.02251038521414,-2.3605822896581397
GBPUSD,2025-09-02,1.3538,1.3549,1.3337,1.3391,11,201,0.0812527699808022,-1.4847097060126893,-1.0858324715615255,0.4467084493246628,5.0,1.0,1.0,3.0,1.04970359082884,-0.08755219295587113,-0.18826433206544396,0.9915149885068942,-0.02936359063392535
GBPUSD,2025-09-03,1.3387,1.3458,1.333,1.3444,71,57,0.5303652797490181,-0.4257862105027294,0.4257862105027294,0.4469103368006951,3.0,1.0,0.0,3.0,0.7546007855762085,-1.1159712665713704,-0.012835251218082655,0.5323151308495199,-1.5151086860666563
GBPUSD,2025-09-04,1.3435,1.3459,1.3413,1.3433,24,22,0.1786378861183609,-0.1637513956084838,-0.0148864905098606,0.4241165833187577,6.0,3.0,0.0,8.0,1.569570173406901,3.21527393799623,0.10674799983567529,1.5531092318940156,1.8296185688622804
GBPUSD,2025-09-05,1.3433,1.3554,1.3425,1.3506,121,8,0.900766768406164,-0.0595548276632108,0.5434378024268656,0.4396550493460161,4.0,3.0,1.0,1.0,0.763067933235982,1.0656508072379092,0.0733303723385767,0.7440540676308387,1.0353871268210209
GBPUSD,2025-09-08,1.3499,1.3556,1.3478,1.3543,57,21,0.4222535002592648,-0.1555670790428913,0.3259500703755803,0.443993614998779,3.0,0.0,0.0,0.0,0.0,0.0,0.0,0.0,0.0
GBPUSD,2025-09-09,1.3544,1.359,1.3514,1.3524,46,30,0.3396337861783769,-0.2215002953337355,-0.1476668635558182,0.4335678152314907,3.0,1.0,0.0,3.0,0.2546606236789931,-0.07489802798881248,0.02697652139636273,0.2546606236789931,-0.07489802798881248
GBPUSD,2025-09-10,1.3527,1.3562,1.351,1.3529,35,17,0.2587417757078479,-0.1256745767723837,0.0147852443261608,0.414507539636024,5.0,2.0,0.0,3.0,0.8030222856791884,-5.619632955177346,-0.5222937995257799,0.8415572310201445,-6.109474185157786
GBPUSD,2025-09-11,1.3529,1.3582,1.3491,1.3572,53,38,0.3917510532929324,-0.2808781136817226,0.317835760218787,0.4140296051726722,3.0,4.0,0.0,4.0,1.7784544281960677,6.566535543629568,0.2411650824420106,1.7784544281960677,6.849063490652375
GBPUSD,2025-09-12,1.3572,1.358,1.3521,1.3556,8,51,0.0589448865311032,-0.3757736516357119,-0.1178897730621902,0.4144144156971851,4.0,3.0,0.0,7.0,0.908355768101831,-4.71139486534835,-0.21455385393634857,0.908355768101831,-4.454141760858945
GBPUSD,2025-09-15,1.3555,1.3619,1.3539,1.3596,64,16,0.4721504979712418,-0.118037624492794,0.3024714127628176,0.4117169856016153,5.0,0.0,1.0,1.0,0.5790034005088314,0.49757628689298994,0.26914492185045535,0.5790034005088314,0.49757628689298994
GBPUSD,2025-09-16,1.36,1.3671,1.3592,1.3647,71,8,0.5220588235294032,-0.0588235294117745,0.3455882352941122,0.4157364433548712,2.0,2.0,2.0,6.0,0.3422639436051187,0.8264742538997965,0.05117760214361161,0.3323882833063199,0.2873218693562605
GBPUSD,2025-09-17,1.3646,1.3726,1.3616,1.3625,80,30,0.5862523816503009,-0.219844643118871,-0.1538912501832031,0.4142718279764618,0.0,2.0,0.0,6.0,1.0377813239946954,-5.5077242285767385,-0.503033890031195,1.0377813239946954,-5.721187713661957
GBPUSD,2025-09-18,1.3625,1.366,1.353,1.3554,35,95,0.2568807339449584,-0.697247706422023,-0.5211009174312005,0.4239656516480801,0.0,3.0,1.0,2.0,7.618527107887869,8.12409876739263,0.5948158881691262,7.618527107887869,8.37921697126818
GBPUSD,2025-09-19,1.3554,1.3559,1.346,1.3466,5,94,0.0368894791205671,-0.6935222074664198,-0.6492548325217589,0.4103083909190206,5.0,0.0,1.0,3.0,2.360744290394452,1.5140311709116363,0.366575413846775,2.360744290394452,1.6854652922985052
GBPUSD,2025-09-22,1.3467,1.352,1.3449,1.3512,53,18,0.3935546149847837,-0.1336600579193602,0.3341501447983923,0.4023489053900398,3.0,0.0,0.0,0.0,0.0,0.0,0.0,0.0,0.0
GBPUSD,2025-09-23,1.3512,1.3536,1.3484,1.3522,24,28,0.1776198934280608,-0.2072232089994015,0.0740082889283682,0.4006955196289132,0.0,4.0,1.0,3.0,0.8327162611945763,-6.609449231675114,-0.24636201323452875,2.678485625294752,-3.1521397497499706
GBPUSD,2025-09-24,1.3522,1.3528,1.3423,1.3444,6,99,0.0443721342996549,-0.7321402159443884,-0.5768377458955797,0.4217533458719716,0.0,0.0,1.0,1.0,2.027721849384081,4.27641375338132,1.1243459519986196,2.027721849384081,4.27641375338132
GBPUSD,2025-09-25,1.3446,1.3467,1.3321,1.334,21,125,0.1561802766622037,-0.9296445039416894,-0.7883385393425512,0.454528918163259,5.0,2.0,4.0,4.0,1.8178465666638093,-0.28986635996179416,-0.004567344219288183,1.8178465666638093,0.8578438733403442
GBPUSD,2025-09-26,1.3342,1.3412,1.3326,1.34,70,16,0.5246589716684077,-0.1199220506670698,0.4347174336681177,0.4675971954947207,4.0,1.0,1.0,3.0,0.4756111625058236,-2.265609722897779,-0.272965063698187,0.4756111625058236,-2.265609722897779
GBPUSD,2025-09-29,1.3389,1.3456,1.3387,1.3426,67,2,0.5004107849727335,-0.0149376353723189,0.2763462543879331,0.4668830882737489,3.0,0.0,1.0,3.0,2.1671349290145554,4.574376856751606,0.6018104819342625,2.1671349290145554,4.574376856751606
GBPUSD,2025-09-30,1.3425,1.3467,1.341,1.3441,42,15,0.3128491620111718,-0.1117318435754232,0.119180633147117,0.3962848126499128,4.0,1.0,1.0,7.0,0.628792237009401,-1.103263724639407,-0.07139208656988577,0.628792237009401,-0.8631282973033391
GBPUSD,2025-10-01,1.345,1.3527,1.3432,1.3477,77,18,0.5724907063197056,-0.1338289962825296,0.2007434944237862,0.3874691409774667,1.0,2.0,1.0,5.0,5.458605636682398,-13.826732320217289,-0.3991596070757302,5.458605636682398,-13.84318628250762
GBPUSD,2025-10-02,1.3477,1.351,1.3397,1.3435,33,80,0.2448616160866721,-0.593603917785858,-0.3116420568375738,0.3943340275291027,5.0,0.0,0.0,2.0,0.4202354092771772,-0.5217509801651844,-0.2608754900825922,0.4202354092771772,-0.5217509801651844
GBPUSD,2025-10-03,1.343,1.3486,1.3425,1.3478,56,5,0.4169769173492219,-0.037230081906176,0.3574087862993401,0.3828970953769712,5.0,1.0,0.0,2.0,1.9887683470791493,-4.0795606245362315,-0.8334805833384723,1.9888255338841736,-3.9859394108668056
GBPUSD,2025-10-06,1.3427,1.349,1.3413,1.3482,63,14,0.4692038430029025,-0.1042675206673171,0.4096224026215879,0.3871731591174354,1.0,0.0,0.0,2.0,2.4955801308435697,-2.2105709647510317,-1.1052854823755158,2.4955801308435697,-2.2105709647510317
GBPUSD,2025-10-07,1.3484,1.3487,1.3389,1.3422,3,95,0.0222485909225724,-0.70453871254821,-0.45980421239988,0.3993686625391374,3.0,0.0,0.0,2.0,0.9844840597196668,-1.1298755261467868,-0.5649377630733934,0.9844840597196668,-1.1298755261467868
GBPUSD,2025-10-08,1.3422,1.3438,1.3368,1.3404,16,54,0.1192072716435736,-0.4023245417970549,-0.1341081805990183,0.400081177951114,0.0,0.0,0.0,3.0,0.2401797144831819,-0.10291004974415491,-0.034303349914718305,0.2401797144831819,-0.00817789241551791
GBPUSD,2025-10-09,1.3403,1.3419,1.3277,1.3301,16,126,0.1193762590464855,-0.9400880399910426,-0.7610236514213226,0.4231977536412137,5.0,0.0,0.0,3.0,0.2984203269515937,0.4618160776660356,0.1539386925553452,0.2984203269515937,0.5420142408176374
GBPUSD,2025-10-10,1.3301,1.337,1.3258,1.3358,69,43,0.5187579881211868,-0.3232839636117562,0.4285392075783804,0.4380670250193798,2.0,2.0,0.0,0.0,0.3743886889468654,-0.8748768288265466,-0.14581280480442438,0.3743886889468654,-0.8748768288265466
GBPUSD,2025-10-13,1.3358,1.3366,1.331,1.3332,8,48,0.0598892049707974,-0.3593352298248343,-0.1946399161551248,0.4308400712149379,3.0,0.0,0.0,1.0,0.0346079041400309,0.0346079041400309,0.0346079041400309,0.2650155576110006,0.2650155576110006
GBPUSD,2025-10-14,1.3332,1.3352,1.3245,1.3316,20,87,0.1500150015001501,-0.6525652565256473,-0.1200120012001234,0.4191380719903165,6.0,0.0,2.0,3.0,0.962920676172322,1.3837932497812695,0.08832827037790816,0.962920676172322,1.3465742833091872
GBPUSD,2025-10-15,1.3323,1.3407,1.3313,1.3401,84,10,0.6304886286872298,-0.0750581700818218,0.5854537266381468,0.4460425810443401,4.0,0.0,1.0,0.0,0.4104259319394289,0.8208518638788579,0.4104259319394289,0.4104259319394289,0.8208518638788579
GBPUSD,2025-10-16,1.3399,1.3454,1.3389,1.343,55,10,0.4104783939099812,-0.0746324352563707,0.2313605492947145,0.4371776015409419,3.0,1.0,1.0,9.0,2.0328125462694504,4.251165618255486,0.27476732077178384,2.0328125462694504,4.460204044302409
GBPUSD,2025-10-17,1.3436,1.3471,1.3388,1.3424,35,48,0.2604941947008082,-0.3572491813039532,-0.08931229532598,0.4124762884464277,3.0,0.0,0.0,0.0,0.0,0.0,0.0,0.0,0.0
GBPUSD,2025-10-20,1.3422,1.3443,1.3397,1.3404,21,25,0.1564595440321852,-0.1862613619430911,-0.1341081805990183,0.4057937575147209,2.0,0.0,0.0,1.0,0.0327059116160138,-0.0327059116160138,-0.0327059116160138,0.0327059116160138,-0.0327059116160138
GBPUSD,2025-10-21,1.3404,1.3416,1.3358,1.3366,12,46,0.0895255147717,-0.3431811399582167,-0.28349746344375,0.4091731560532463,3.0,0.0,0.0,2.0,0.6397752178559042,-0.7392052475395678,-0.3696026237697839,0.5104005880033298,-0.6098306176869934
GBPUSD,2025-10-22,1.337,1.3387,1.3302,1.3355,17,68,0.1271503365744229,-0.5086013462976752,-0.1121914734480222,0.3898525498013905,2.0,1.0,0.0,20.0,1.9976538725355808,-0.37689711251700125,-0.0016270122064318865,1.9976538725355808,-0.5903605976022188
GBPUSD,2025-10-23,1.3353,1.3362,1.3305,1.3324,9,48,0.067400584138405,-0.3594697820714383,-0.2171796600014905,0.3491957571359365,3.0,0.0,1.0,2.0,0.5375005483931337,0.624798124329863,0.029099191978909866,0.5375005483931337,0.624798124329863
GBPUSD,2025-10-24,1.3324,1.3359,1.3284,1.3309,35,40,0.2626838787151049,-0.3002101471029723,-0.1125788051636187,0.3354411715831416,5.0,7.0,1.0,3.0,2.67440118555178,6.339257811417781,0.15879923470056292,2.151167096316423,5.25233321395527
GBPUSD,2025-10-27,1.3296,1.3352,1.3296,1.3335,56,0,0.4211793020457318,0.0,0.2933212996389903,0.3362405301227357,0.0,0.0,0.0,1.0,0.2011363949394962,0.2011363949394962,0.2011363949394962,0.2011363949394962,0.2011363949394962
GBPUSD,2025-10-28,1.3335,1.3369,1.3244,1.327,34,91,0.2549681289838822,-0.6824146981627212,-0.4874390701162318,0.3505349312064373,0.0,0.0,2.0,3.0,0.4898535022845363,-0.39562573527922845,-0.10988248052972152,0.4898535022845363,-0.39562573527922845
GBPUSD,2025-10-29,1.3268,1.328,1.3137,1.3193,12,131,0.0904431715405554,-0.9873379559843148,-0.565269822128434,0.3638046545917636,1.0,1.0,1.0,4.0,0.8726043435397406,-2.872897845123878,-0.2523405968726824,0.8726043435397406,-2.872897845123878
GBPUSD,2025-10-30,1.3192,1.3218,1.3114,1.315,26,78,0.197089144936337,-0.5912674348089774,-0.3183747725894467,0.3640295694178038,3.0,0.0,0.0,1.0,0.0343401163644906,-0.0343401163644906,-0.0343401163644906,0.0343401163644906,-0.0343401163644906
GBPUSD,2025-10-31,1.315,1.3164,1.3094,1.3151,14,56,0.1064638783270013,-0.4258555133079885,0.0076045627376417,0.3498217931103645,3.0,0.0,0.0,2.0,0.6552804316301589,0.27152226662686174,0.13576113331343087,0.6552804316301589,0.27152226662686174
GBPUSD,2025-11-03,1.3138,1.3162,1.3106,1.3138,24,32,0.18267620642411,-0.243568275232158,0.0,0.3297246103730296,0.0,1.0,1.0,3.0,1.06644169756062,-3.0430064151283984,-0.35993432277291,1.06644169756062,-3.1561313870144225
GBPUSD,2025-11-04,1.3142,1.3145,1.3007,1.3018,3,135,0.0228275757114569,-1.02724090701568,-0.9435397960736543,0.3709593745966751,4.0,0.0,0.0,1.0,1.3462055250830045,-1.3462055250830045,-1.3462055250830045,1.3462055250830045,-1.3462055250830045
GBPUSD,2025-11-05,1.3019,1.3054,1.3007,1.3049,35,12,0.268837852369601,-0.092172977955303,0.2304324448882319,0.3804275153634467,6.0,2.0,0.0,3.0,1.795527192584025,8.12152697234474,0.7201092753838525,1.3336996432237802,7.661121385920206
GBPUSD,2025-11-06,1.3044,1.3142,1.3042,1.3136,98,2,0.7513032812020877,-0.0153327200245306,0.7053051211284956,0.3931190574649122,4.0,2.0,0.0,3.0,0.7392875314945354,-2.9276195478904583,-0.2750096422934555,0.7392875314945354,-2.9276195478904583
GBPUSD,2025-11-07,1.3135,1.3174,1.3092,1.3157,39,43,0.2969166349448051,-0.3273696231442688,0.1674914350970842,0.3803527013366887,4.0,0.0,2.0,1.0,1.3820495058042463,-0.30300696317736087,0.1798404237711476,1.3820495058042463,-0.30300696317736087
GBPUSD,2025-11-10,1.3148,1.3191,1.3133,1.3173,43,15,0.3270459385457842,-0.1140857925159763,0.1901429875266159,0.3833223101153929,2.0,0.0,0.0,1.0,0.0892036219902707,-0.0892036219902707,-0.0892036219902707,0.0892036219902707,-0.0892036219902707
GBPUSD,2025-11-11,1.3171,1.3184,1.3113,1.315,13,58,0.0987016931136647,-0.4403614000455567,-0.1594411965682173,0.3838098965125693,2.0,1.0,2.0,4.0,4.445130937823636,9.662980580974464,0.364615842282583,4.445130937823636,9.095291369415719
GBPUSD,2025-11-12,1.3148,1.3157,1.3081,1.313,9,67,0.0684514755095925,-0.5095832065713362,-0.1369029510191682,0.3536053083049015,6.0,0.0,0.0,1.0,0.2999325121618064,-0.2999325121618064,-0.2999325121618064,0.4132251484506819,-0.4132251484506819
GBPUSD,2025-11-13,1.3125,1.3215,1.3097,1.3189,90,28,0.6857142857142778,-0.2133333333333267,0.4876190476190447,0.3699998961374237,2.0,1.0,1.0,9.0,2.514539621056848,-4.080905445410337,-0.3139054552690956,2.723208786918978,-4.084844299369408
GBPUSD,2025-11-14,1.3187,1.32,1.3105,1.3168,13,82,0.0985819367559019,-0.6218245241525734,-0.144081292181695,0.3703225392427567,4.0,0.0,0.0,2.0,0.5231833100902568,0.7283374441690325,0.3641687220845162,0.5231833100902568,0.7283374441690325
GBPUSD,2025-11-17,1.3135,1.3193,1.3132,1.3155,58,3,0.4415683288922746,-0.0228397411495977,0.1522649409973355,0.3735060107367903,3.0,0.0,1.0,2.0,2.6834462641570096,-2.0808303078860657,-0.7741457135507,2.6834462641570096,-2.0808303078860657
GBPUSD,2025-11-18,1.3155,1.3176,1.3131,1.3142,21,24,0.159635119726356,-0.1824401368300994,-0.0988217407829613,0.3700166519746886,0.0,1.0,1.0,5.0,0.8966201265628079,4.41192186055359,0.33652937639701935,0.8966201265628079,4.41192186055359
GBPUSD,2025-11-19,1.3144,1.3155,1.304,1.3056,11,104,0.0836883749239104,-0.7912355447352377,-0.669506999391351,0.3948544050446623,3.0,1.0,0.0,10.0,0.5672366061990968,-3.8118184374444963,-0.26212686778655503,1.3249512008058368,-2.421575146717589
GBPUSD,2025-11-20,1.3055,1.3123,1.3034,1.307,68,21,0.5208732286480212,-0.1608579088472012,0.1148985063194051,0.3958051637586887,4.0,4.0,2.0,5.0,7.559476942020132,22.16393569733908,0.6585687951792305,7.559476942020132,22.11108305528878
GBPUSD,2025-11-21,1.307,1.3109,1.3036,1.3094,39,34,0.2983932670237195,-0.2601377199693839,0.1836266258607465,0.3994304275087547,3.0,5.0,1.0,4.0,1.986584982330365,-2.058100074071704,-0.03617554450658738,1.986584982330365,-0.812980298469649
GBPUSD,2025-11-24,1.3096,1.3117,1.3077,1.3103,21,19,0.1603543066585209,-0.1450824679291396,0.0534514355528346,0.3921283524869862,5.0,0.0,0.0,0.0,0.0,0.0,0.0,0.0,0.0
GBPUSD,2025-11-25,1.3103,1.3214,1.3092,1.3166,111,11,0.8471342440662358,-0.0839502404029688,0.4808059223078663,0.3965228666771226,6.0,4.0,4.0,4.0,2.7314001181840086,5.1886035558706105,0.05508896199577523,2.7314001181840086,4.8136732819793
GBPUSD,2025-11-26,1.3164,1.3244,1.3121,1.324,80,43,0.6077180188392591,-0.3266484351260992,0.5773321178972995,0.395091773109976,3.0,1.0,2.0,4.0,1.5788059196338295,-2.370594900522652,-0.26993688124398607,1.5788059196338295,-2.370594900522652
GBPUSD,2025-11-27,1.3237,1.3268,1.3207,1.3239,31,30,0.2341920374707169,-0.2266374556168401,0.0151091637077871,0.3859234369325749,3.0,0.0,0.0,0.0,0.0,0.0,0.0,0.0,0.0
GBPUSD,2025-11-28,1.3235,1.3254,1.3197,1.3236,19,38,0.1435587457499065,-0.2871174914997962,0.0075557234605372,0.3859237906654863,3.0,0.0,0.0,0.0,0.0,0.0,0.0,0.0,0.0
GBPUSD,2025-12-01,1.3225,1.3275,1.3202,1.3209,50,23,0.3780718336483851,-0.1739130434782585,-0.1209829867674892,0.3878683660255131,3.0,1.0,1.0,5.0,0.5137029243236811,-1.9715587391806149,-0.19461844440299453,0.5137029243236811,-2.040766263023845
GBPUSD,2025-12-02,1.3211,1.3221,1.3176,1.3212,10,35,0.0756944970100758,-0.2649307395352234,0.0075694497010059,0.3094155573641989,6.0,0.0,0.0,4.0,1.2936906453716133,0.894285995316101,0.22357149882902524,1.2936906453716133,0.894285995316101
GBPUSD,2025-12-03,1.3212,1.3354,1.32,1.3352,142,12,1.0747805025734174,-0.0908265213442225,1.059642749016047,0.3759133643751559,2.0,2.0,0.0,6.0,1.5795775824363425,-3.7512995196528633,-0.23601044143863933,1.4919276631538672,-4.130279410344766
GBPUSD,2025-12-04,1.335,1.3385,1.3319,1.3325,35,31,0.2621722846441991,-0.2322097378277064,-0.1872659176029922,0.3582947901730909,3.0,1.0,1.0,3.0,1.76833635492336,-7.821679241101061,-0.8180132736619449,1.76833635492336,-7.821679241101061
GBPUSD,2025-12-05,1.3325,1.3362,1.3313,1.3329,37,12,0.2776735459662316,-0.0900562851782431,0.0300187617260754,0.3582308388781967,3.0,3.0,0.0,3.0,0.9235005306566808,-2.1455404967236102,-0.24208557282087237,0.9235005306566808,-2.1455404967236102
GBPUSD,2025-12-08,1.332,1.3346,1.3302,1.3317,26,18,0.1951951951951903,-0.1351351351351369,-0.02252252252252,0.3583253377539746,2.0,0.0,0.0,0.0,0.0,0.0,0.0,0.0,0.0
GBPUSD,2025-12-09,1.3319,1.3356,1.3284,1.3296,37,35,0.2777986335310319,-0.2627824911780207,-0.1726856370598536,0.3588060098570717,6.0,2.0,1.0,4.0,1.3674079650633215,5.425182122839045,0.3344739307733728,1.3674079650633215,5.5137370618080075
GBPUSD,2025-12-10,1.3301,1.3388,1.3292,1.3382,87,9,0.6540861589354131,-0.0676640854071214,0.6089767686640098,0.3734454607727631,3.0,1.0,0.0,2.0,0.5734176404184212,-2.5378649809116345,-0.4636765666915974,0.5734176404184212,-2.558765202927879
GBPUSD,2025-12-11,1.338,1.3438,1.3351,1.3386,58,29,0.4334828101644265,-0.2167414050822215,0.0448430493273493,0.363378367123158,2.0,2.0,0.0,7.0,6.383010768517127,3.5392841715615195,-0.2448442671547486,6.383010768517127,4.361138915742879
GBPUSD,2025-12-12,1.3386,1.3399,1.3339,1.3368,13,47,0.0971163902584849,-0.3511131032421878,-0.1344688480502034,0.3630503038947424,3.0,1.0,0.0,6.0,1.8782571306233788,-3.8391942215075097,-0.5320550223528383,1.8782571306233788,-3.383716538206074
GBPUSD,2025-12-15,1.337,1.3401,1.3353,1.3373,31,17,0.2318623784592448,-0.1271503365744229,0.0224382946896011,0.363161232115572,5.0,0.0,1.0,3.0,0.440977279619431,0.578657312038869,0.13996401909936831,0.440977279619431,0.8090649655098388
GBPUSD,2025-12-16,1.3371,1.3455,1.3352,1.342,84,19,0.6282252636302418,-0.1420985715354134,0.3664647371176521,0.3653253350370364,1.0,11.0,3.0,2.0,2.9431637923211627,14.149924754709817,0.3078250053029735,2.9431637923211627,12.983360004229132
GBPUSD,2025-12-17,1.3422,1.3426,1.3308,1.3375,4,114,0.0298018179108892,-0.8493518104604437,-0.3501713604529987,0.3350358888900181,3.0,1.0,0.0,7.0,0.8664045775437774,-3.546146917387089,-0.24586924825343964,0.8664045775437774,-3.1417658374504427
GBPUSD,2025-12-18,1.3373,1.3446,1.3338,1.3378,73,35,0.5458760188439457,-0.2617213788977669,0.0373887684139809,0.3356581281967821,3.0,4.0,1.0,1.0,0.7277733119209028,-7.0989767915236195,-0.4227869569043537,0.8735700702124638,-7.536367066398303
GBPUSD,2025-12-19,1.3378,1.3393,1.3354,1.3375,15,24,0.1121243833158794,-0.1793990133054402,-0.0224248766631924,0.3369352734780195,6.0,1.0,2.0,5.0,1.0667597798974613,1.222562486308196,0.11090877798651572,1.0667597798974613,1.2868387284040628
GBPUSD,2025-12-22,1.3367,1.3477,1.3365,1.3462,110,2,0.8229221216428442,-0.0149622203935047,0.7107054686915586,0.3617493452532553,5.0,0.0,0.0,3.0,1.1991370145826277,1.0459076340930846,0.3486358780310282,1.1991370145826277,1.655380909315913
GBPUSD,2025-12-23,1.3458,1.3523,1.345,1.3516,65,8,0.4829840986773628,-0.0594441967603012,0.4309704265120972,0.35950032282957,3.0,1.0,6.0,4.0,4.293725350603808,4.664678503238184,0.1972735648587357,4.293725350603808,6.377938979936294
GBPUSD,2025-12-24,1.3496,1.3534,1.3489,1.3502,38,7,0.2815649081209266,-0.0518672199170067,0.0444576170717365,0.3452704277262145,4.0,1.0,0.0,0.0,0.5645512624598701,-1.6936537873796105,-0.5645512624598701,0.5645512624598701,-1.6936537873796105
GBPUSD,2025-12-25,1.3502,1.3529,1.3499,1.3523,27,3,0.1999703747592893,-0.0222189305288081,0.1555325137016731,0.3444781409064152,2.0,0.0,0.0,0.0,0.0,0.0,0.0,0.0,0.0
GBPUSD,2025-12-26,1.3516,1.3527,1.3473,1.3495,11,43,0.0813850251553788,-0.3181414619709952,-0.1553714116602538,0.3493141912622765,4.0,0.0,0.0,0.0,0.0,0.0,0.0,0.0,0.0
GBPUSD,2025-12-29,1.3477,1.3515,1.3466,1.3508,38,11,0.2819618609482842,-0.0816205386955464,0.2300215181420273,0.345490123983207,1.0,0.0,1.0,1.0,0.0382059303507532,0.0763658253851639,0.02864293893397925,0.0382059303507532,0.0763658253851639
GBPUSD,2025-12-30,1.3505,1.353,1.3447,1.3466,25,58,0.1851166234727839,-0.4294705664568698,-0.2887819326175501,0.357402069560703,3.0,0.0,0.0,4.0,2.259179616762247,4.14892498291529,1.0372312457288224,2.259179616762247,4.14892498291529
GBPUSD,2025-12-31,1.3464,1.3483,1.3399,1.3473,19,65,0.1411170528817597,-0.4827688651218026,0.0668449197860888,0.2808234470047928,3.0,1.0,0.0,2.0,1.0031863153743397,-3.4628170276465307,-0.4854814656326171,1.0031863153743397,-3.4628170276465307
GBPUSD,2026-01-01,1.3471,1.3472,1.3471,1.3472,1,0,0.0074233538712782,0.0,0.0074233538712782,0.2747168677997185,3.0,0.0,0.0,0.0,0.0,0.0,0.0,0.0,0.0
GBPUSD,2026-01-02,1.3464,1.3501,1.3431,1.3456,37,33,0.274806892453954,-0.2450980392156922,-0.0594177064765399,0.2763048861746901,6.0,0.0,0.0,3.0,1.805845077511816,-3.2743744474771272,-1.0914581491590425,1.572087319023486,-3.0337960011995992
GBPUSD,2026-01-05,1.3453,1.3548,1.3411,1.354,95,42,0.7061621943061075,-0.3121980227458545,0.6466959042592844,0.3029784551955166,1.0,1.0,1.0,4.0,0.9207929004090706,0.5390235348783019,0.15982403497438083,0.9207929004090706,0.5390235348783019
GBPUSD,2026-01-06,1.354,1.3567,1.3489,1.35,27,51,0.199409158050216,-0.3766617429837595,-0.2954209748892173,0.3101523523742486,1.0,0.0,0.0,3.0,1.3315767421005378,-2.123002593160777,-0.7076675310535924,1.427236148641516,-2.128592330879716
GBPUSD,2026-01-07,1.3498,1.3516,1.3453,1.3457,18,45,0.1333530893465551,-0.3333827233664372,-0.3037487035116472,0.2987769696814178,2.0,3.0,0.0,4.0,1.8218876506288568,2.333209090719458,0.02548340171048396,1.8218876506288568,2.333209090719458
GBPUSD,2026-01-08,1.3456,1.3465,1.3412,1.3436,9,44,0.0668846611177261,-0.3269916765755024,-0.1486325802615934,0.3023262174907222,1.0,1.0,0.0,8.0,2.404404199034015,-2.103897135507597,-0.3853989873689815,2.404404199034015,0.1975757624358212
GBPUSD,2026-01-09,1.3433,1.345,1.3389,1.3399,17,44,0.1265540087843396,-0.327551552147693,-0.2531080175686628,0.3072197123749878,6.0,5.0,0.0,5.0,1.7726104305034032,1.767834862923249,0.11928608964020729,1.7726104305034032,2.2198423343054574
GBPUSD,2026-01-12,1.3394,1.3485,1.3387,1.3459,91,7,0.6794086904584223,-0.0522622069583338,0.485291921756023,0.3227042077905408,1.0,0.0,0.0,1.0,0.2590234888046049,-0.2590234888046049,-0.2590234888046049,0.3135114202104118,-0.3135114202104118
GBPUSD,2026-01-13,1.3462,1.3494,1.3418,1.3418,32,44,0.2377061357896203,-0.3268459367107383,-0.3268459367107383,0.3258654540352829,4.0,3.0,2.0,5.0,0.2789834324659264,-2.6504994028243276,-0.1022981341050623,0.2789834324659264,-2.505367884928981
GBPUSD,2026-01-14,1.3421,1.3464,1.3416,1.3438,43,5,0.3203934133075009,-0.0372550480590244,0.1266671634006433,0.3137614829915215,0.0,4.0,2.0,6.0,2.140518716746134,6.293663876378979,0.23319809256690782,2.175336261564381,6.981845368734522
GBPUSD,2026-01-15,1.3437,1.3446,1.3359,1.3378,9,78,0.0669792364367137,-0.5804867157847591,-0.4390861055294928,0.3326432121116502,3.0,2.0,2.0,8.0,1.5793695585334933,6.475052113297171,0.319505080041161,1.5793695585334933,6.535749577933103
GBPUSD,2026-01-16,1.3377,1.3413,1.3363,1.3381,36,14,0.2691186364655788,-0.1046572475143788,0.0299020707184105,0.3324100003975324,6.0,0.0,0.0,5.0,0.5096805881624696,-0.13247054289272697,-0.026494108578545394,0.5096805881624696,0.09333190139397007
GBPUSD,2026-01-19,1.3365,1.3434,1.3326,1.3424,69,39,0.5162738496071759,-0.2918069584736262,0.4414515525626649,0.3080896336361511,4.0,0.0,0.0,1.0,1.069042136147939,1.069042136147939,1.069042136147939,1.069042136147939,1.069042136147939
GBPUSD,2026-01-20,1.3414,1.3491,1.3407,1.3435,77,7,0.5740271358282422,-0.0521842850752887,0.1565528552258827,0.2946280902176915,3.0,1.0,1.0,2.0,0.4469353973026778,-0.4084968681744473,-0.10540329111859517,0.4469353973026778,-0.5630591005458209
GBPUSD,2026-01-21,1.3437,1.3458,1.3398,1.3425,21,39,0.1562848850189933,-0.2902433578923712,-0.089305648582263,0.2952272801982953,6.0,1.0,1.0,8.0,1.0032742433253374,-1.3657750908091244,-0.10923447896068368,1.0032742433253374,-1.9267761437191406
GBPUSD,2026-01-22,1.3429,1.3506,1.34,1.3497,77,29,0.5733859557673722,-0.2159505547695213,0.5063668180802678,0.3147726326287815,6.0,3.0,2.0,8.0,0.6434291497483298,-0.9040396398847376,-0.047123617217218444,0.6434291497483298,-0.26789597187327086
GBPUSD,2026-01-23,1.3492,1.3645,1.3479,1.3641,153,13,1.134005336495708,-0.0963533946041993,1.1043581381559544,0.3944456026610381,5.0,5.0,1.0,4.0,2.082810082769341,14.024318102157213,0.45097891947448404,2.082810082769341,12.169317873688403
GBPUSD,2026-01-26,1.3628,1.3713,1.3628,1.3677,85,0,0.6237158790724943,0.0,0.3595538597006094,0.3980875470607734,6.0,0.0,2.0,0.0,1.6346596921128724,3.9386907296856437,0.9846726824214109,1.6346596921128724,3.9386907296856437
GBPUSD,2026-01-27,1.3681,1.3867,1.366,1.3846,186,21,1.3595497405160404,-0.1534975513485849,1.2060521891674554,0.4595374398670541,2.0,0.0,2.0,4.0,1.739954060314846,-2.2303258681153344,-0.09607211020071087,1.739954060314846,-2.2303258681153344
GBPUSD,2026-01-28,1.3844,1.3849,1.3747,1.3805,5,97,0.0361167292689934,-0.7006645478185526,-0.2817104882981807,0.4697942979299878,3.0,0.0,0.0,1.0,0.1908907872269757,-0.1908907872269757,-0.1908907872269757,0.1908907872269757,-0.1908907872269757
GBPUSD,2026-01-29,1.3805,1.3847,1.3739,1.3803,42,66,0.3042375950742471,-0.4780876494024021,-0.0144875045273435,0.4701541079279785,0.0,2.0,0.0,7.0,2.9901057911008477,-4.2275254106688,-0.3964545324857246,4.725804334729379,-9.313262217577034
GBPUSD,2026-01-30,1.3799,1.3814,1.3676,1.3688,15,123,0.1087035292412535,-0.8913689397782433,-0.8044061163852372,0.5144259427102038,3.0,2.0,0.0,4.0,2.107692797085551,2.2276920402553815,0.21256638691206897,2.107692797085551,2.1907809028726994
GBPUSD,2026-02-02,1.3685,1.3715,1.362,1.3662,30,65,0.2192181220314133,-0.4749725977347424,-0.168067226890754,0.5013920919084398,4.0,1.0,1.0,3.0,3.478235869529687,11.912048486097598,0.984174909952553,3.478235869529687,11.722658618126893
GBPUSD,2026-02-03,1.3664,1.3707,1.3647,1.3697,43,17,0.3146955503512859,-0.1244145199063257,0.2415105386416758,0.4954417203562147,2.0,0.0,0.0,3.0,1.0922385146920892,-0.7541157846138355,-0.25137192820461185,1.0922385146920892,-0.764982487990288
GBPUSD,2026-02-04,1.3692,1.3733,1.3639,1.365,41,53,0.2994449313467713,-0.3870873502775404,-0.3067484662576674,0.4955680851366957,0.0,2.0,0.0,3.0,0.6615160621949364,-2.07826390344859,-0.2111587138902437,0.8546497637078395,-2.178202027007777
GBPUSD,2026-02-05,1.3647,1.3659,1.3515,1.3525,12,132,0.0879314134974622,-0.967245548472199,-0.8939693705576308,0.5405419821323851,5.0,4.0,0.0,3.0,2.671071138159672,4.461805240330514,0.5346512617091623,2.671071138159672,4.461805240330514
GBPUSD,2026-02-06,1.3535,1.3623,1.3506,1.3609,88,29,0.6501662356852709,-0.2142593276689991,0.5467306981898835,0.5461834270593143,5.0,2.0,0.0,1.0,1.2167761733880578,-1.5006768199358786,0.07727268177187481,1.2167761733880578,-1.5006768199358786
GBPUSD,2026-02-09,1.3609,1.37,1.3583,1.369,91,26,0.6686751414505187,-0.1910500404144269,0.5951943566757291,0.55086032949225,2.0,0.0,0.0,0.0,0.0,0.0,0.0,0.0,0.0
GBPUSD,2026-02-10,1.369,1.3696,1.3635,1.364,6,55,0.0438276113951741,-0.4017531044558116,-0.3652300949598169,0.5524883130752593,3.0,2.0,1.0,5.0,0.623780944657109,-3.7822919313007817,-0.250088790764463,0.623780944657109,-4.225458869792446
GBPUSD,2026-02-11,1.364,1.3712,1.3606,1.3625,72,34,0.5278592375366475,-0.249266862170093,-0.1099706744868076,0.5543629973594282,3.0,3.0,0.0,2.0,2.1431316192463665,6.039523602528894,0.4534236941528974,2.1431316192463665,6.308967990574334
GBPUSD,2026-02-12,1.3624,1.3671,1.3601,1.362,47,23,0.3449794480328777,-0.1688197298884299,-0.0293599530240719,0.5413659408600723,4.0,2.0,1.0,13.0,1.8765682658957905,-2.8996642501116363,-0.1185630615804224,1.8765682658957905,-2.407595303673496
GBPUSD,2026-02-13,1.3618,1.3659,1.3587,1.3648,41,31,0.3010721104420614,-0.2276398883830137,0.2202966661771268,0.5416272158023596,3.0,3.0,0.0,0.0,0.7895964656797859,-2.2218839786286906,-0.2468759976254101,0.9549457507042318,-2.717931833702029
GBPUSD,2026-02-16,1.3648,1.3662,1.3621,1.3625,14,27,0.1025791324736274,-0.1978311840562664,-0.1685228604923775,0.5394907655434237,1.0,0.0,0.0,1.0,0.3272326174539022,-0.3272326174539022,-0.3272326174539022,0.3272326174539022,-0.3272326174539022
GBPUSD,2026-02-17,1.3626,1.3635,1.3493,1.3567,9,133,0.0660501981505871,-0.97607515044768,-0.4329957434316759,0.5513649113781575,1.0,1.0,2.0,4.0,0.733935553321551,0.02739309868355333,-0.00017817299122892458,0.733935553321551,-0.01902926119239423
GBPUSD,2026-02-18,1.3556,1.3582,1.3489,1.3491,26,67,0.1917969902626259,-0.4942460902921163,-0.4794924756565322,0.563536969506107,2.0,1.0,2.0,11.0,0.944413303197556,1.4042497069209563,0.20327533845214632,0.944413303197556,1.8298284733867398
GBPUSD,2026-02-19,1.3502,1.3516,1.3431,1.3462,14,71,0.1036883424677711,-0.5258480225151908,-0.2962524070508075,0.5568355498049591,3.0,1.0,2.0,8.0,1.386466042961659,-5.522433928166452,-0.24887740077943166,1.560995792869205,-7.284357427667135
GBPUSD,2026-02-20,1.3462,1.3514,1.3432,1.3482,52,30,0.3862724706581393,-0.2228495023027866,0.1485663348685189,0.494210157505471,3.0,7.0,3.0,5.0,1.8648907800268384,-1.3180208821371076,-0.20391912546126598,1.8648907800268384,-1.6095676072982217
GBPUSD,2026-02-23,1.3495,1.3535,1.3473,1.3489,40,22,0.2964060763245649,-0.163023341978509,-0.0444609114486798,0.4846821592468098,3.0,0.0,0.0,1.0,0.4080993151940326,-0.4080993151940326,-0.4080993151940326,0.4080993151940326,-0.4080993151940326
GBPUSD,2026-02-24,1.3492,1.3536,1.3467,1.3487,44,25,0.3261191817373228,-0.1852949896234766,-0.037058997924692,0.3807395183659384,6.0,0.0,2.0,5.0,0.470008771953522,-0.45666115185348355,-0.0880891329179947,0.470008771953522,-0.45666115185348355
GBPUSD,2026-02-25,1.3487,1.3565,1.3484,1.3556,78,3,0.5783346926670149,-0.0222436420256518,0.5116037665900427,0.405088812933687,0.0,0.0,0.0,1.0,0.5157093135144167,0.5157093135144167,0.5157093135144167,0.5157093135144167,0.5157093135144167
GBPUSD,2026-02-26,1.3556,1.3575,1.3442,1.3481,19,114,0.1401593390380652,-0.8409560342283753,-0.5532605488344526,0.417230375957658,3.0,1.0,0.0,1.0,0.376389396592251,1.4628086316714088,0.3550149192434534,0.376389396592251,1.4628086316714088
GBPUSD,2026-02-27,1.3479,1.3507,1.3436,1.3484,28,43,0.2077305438088814,-0.3190147637065206,0.0370947399658687,0.3859767054272539,0.0,2.0,0.0,4.0,1.2420788248030887,0.44209479849051336,0.08820882438799206,1.2420788248030887,0.36401850121936385
GBPUSD,2026-03-02,1.3484,1.3484,1.3312,1.3405,0,172,0.0,-1.275585879560969,-0.5858795609611405,0.4020123300747671,1.0,1.0,1.0,6.0,2.071535177836313,2.243571594313862,0.04542619472610608,2.071535177836313,2.28235692839752
GBPUSD,2026-03-03,1.3404,1.3425,1.325,1.3354,21,154,0.1566696508504917,-1.1489107729036168,-0.3730229782154666,0.3979922229567623,3.0,0.0,0.0,3.0,0.8946830215247153,0.014905199828530835,0.004968399942843611,0.8946830215247153,0.014905199828530835
GBPUSD,2026-03-04,1.3358,1.3403,1.33,1.3372,45,58,0.3368767779607687,-0.4341967360383311,0.1048061086988954,0.3990562742886262,3.0,2.0,0.0,3.0,2.611431040107977,8.889562390243203,0.40430357145191353,2.611431040107977,8.717348045597948
GBPUSD,2026-03-05,1.3372,1.3387,1.3295,1.3355,15,77,0.1121746933891756,-0.5758300927310829,-0.1271313191743968,0.3541002898996377,6.0,1.0,0.0,6.0,0.6827343106164233,-1.561167819319853,-0.24962266982486372,0.6827343106164233,-1.561167819319853
GBPUSD,2026-03-06,1.3349,1.3413,1.3308,1.3411,64,41,0.4794366619222385,-0.3071391115439353,0.46445426623717,0.346940305260515,6.0,5.0,0.0,2.0,0.7478325554852709,-0.77486959821874,-0.07994388021986351,0.730215008135171,-1.2024367321424032
GBPUSD,2026-03-09,1.3353,1.3446,1.328,1.3435,93,73,0.6964727027634304,-0.5466936269003118,0.6140942110387168,0.348885096786464,3.0,0.0,0.0,0.0,0.0,0.0,0.0,0.0,0.0
GBPUSD,2026-03-10,1.3429,1.3483,1.3409,1.3416,54,20,0.4021148261225759,-0.1489314170824336,-0.0968054211035876,0.3422357618316833,3.0,0.0,0.0,4.0,0.5961556963176091,-0.11713519757742225,-0.02928379939435556,0.5961556963176091,-0.11713519757742225
GBPUSD,2026-03-11,1.3417,1.3457,1.339,1.3411,40,27,0.2981292390251177,-0.2012372363419486,-0.0447193858537626,0.3420620004852649,0.0,3.0,0.0,3.0,0.71815918204553,-3.024441722911811,-0.24470543528410096,0.71815918204553,-2.9162099958078063
GBPUSD,2026-03-12,1.341,1.3412,1.3335,1.3341,2,75,0.0149142431021609,-0.5592841163311009,-0.5145413870246015,0.3567817529968485,0.0,1.0,0.0,8.0,1.268054934032602,1.6894318360179197,0.18232405964621687,1.425174030828514,3.5991888348731367
USDJPY,2021-01-14,103.869,104.198,103.53,103.802,3290,3390,0.3167451308860136,-0.3263726424631012,-0.0645043275664472,0.3620588250267108,3.0,0.0,0.0,6.0,3.494068354465408,5.267035232532433,0.8778392054220722,3.494068354465408,5.267035232532433
USDJPY,2021-01-15,103.8,103.914,103.58,103.79,1140,2200,0.1098265895953798,-0.211946050096338,-0.0096339113680066,0.3444841161719544,3.0,2.0,0.0,9.0,2.0784408970518,4.313075064254697,0.3713588509289707,2.0784408970518,3.951890568068881
USDJPY,2021-01-18,103.777,103.931,103.61,103.687,1540,1670,0.1483951164516187,-0.1609219769313061,-0.0867244187054968,0.3315400637859499,4.0,0.0,0.0,1.0,0.1010054668278716,-0.1010054668278716,-0.1010054668278716,0.1010054668278716,-0.1010054668278716
USDJPY,2021-01-19,103.683,104.086,103.62,103.903,4030,630,0.3886847409893537,-0.0607621307253864,0.2121852184061021,0.3203445371383428,1.0,0.0,0.0,0.0,0.0,0.0,0.0,0.0,0.0
USDJPY,2021-01-20,103.899,103.94,103.41,103.536,410,4890,0.0394614000134715,-0.4706493806485186,-0.349377761094909,0.3274211113413238,3.0,0.0,0.0,2.0,0.3087832227768101,-0.4729036610401435,-0.23645183052007174,0.3087832227768101,-0.4729036610401435
USDJPY,2021-01-21,103.538,103.668,103.3,103.485,1300,2380,0.1255577662307652,-0.2298672950993833,-0.0511889354633055,0.3163638873736282,4.0,0.0,2.0,4.0,0.934619191812862,0.5891274142793593,0.1519675894220243,0.934619191812862,0.7477449087808985
USDJPY,2021-01-22,103.496,103.887,103.445,103.719,3910,510,0.3777923784494139,-0.0492772667542725,0.2154672644353395,0.3090318634949412,3.0,0.0,1.0,6.0,1.3349596268071389,3.857772673158219,0.36040186376444,1.276915861770132,3.5881318588098785
USDJPY,2021-01-25,103.769,103.937,103.64,103.745,1680,1290,0.1618980620416426,-0.1243145833534146,-0.0231282945773794,0.2996634551510075,2.0,0.0,0.0,0.0,0.0,0.0,0.0,0.0,0.0
USDJPY,2021-01-26,103.75,103.828,103.52,103.605,780,2300,0.0751807228915691,-0.2216867469879556,-0.1397590361445744,0.2937942159491728,6.0,0.0,1.0,5.0,5.437819648130684,-3.876224760730632,-0.7149717612448295,5.437819648130684,-3.876224760730632
USDJPY,2021-01-27,103.613,104.2,103.56,104.088,5870,530,0.566531226776566,-0.0511518824857858,0.4584366826556458,0.3019466135005968,4.0,0.0,0.0,3.0,0.448644283094905,-0.4367209844756425,-0.14557366149188083,0.448644283094905,-0.4367209844756425
USDJPY,2021-01-28,104.086,104.463,104.03,104.23,3770,560,0.3622004880579476,-0.0538016640086057,0.1383471360221408,0.2945160360337474,6.0,1.0,4.0,5.0,0.9867690763650252,-7.202460655382394,-0.3261493773370224,0.9867690763650252,-7.210899487567692
USDJPY,2021-01-29,104.193,104.939,104.169,104.657,7460,240,0.7159790005086667,-0.0230341769600653,0.4453274212279123,0.3055381285453987,4.0,0.0,0.0,13.0,1.2799519555652823,1.9803443176693816,0.15233417828226012,1.6500855464890136,0.6825001881426043
USDJPY,2021-02-01,104.716,105.035,104.58,104.934,3190,1360,0.304633484854275,-0.1298750907215666,0.2081821307154623,0.3062018070665482,3.0,1.0,0.0,4.0,1.1177079353409622,-2.941364546049675,-0.1411897350735501,1.1177079353409622,-3.038739637191282
USDJPY,2021-02-02,104.922,105.173,104.8,104.974,2510,1220,0.2392253292922407,-0.1162768532814851,0.0495606259888361,0.2842556031658821,3.0,0.0,0.0,4.0,6.048865109138708,7.0023392609561705,1.7505848152390426,3.032542184554934,3.9860163363723964
USDJPY,2021-02-03,104.954,105.105,104.89,105.028,1510,640,0.143872553690198,-0.0609790956037816,0.0705070792918919,0.2809918016161186,6.0,0.0,3.0,1.0,1.7724086034279087,5.949006549104018,0.8667390167701897,1.7724086034279087,6.044979613132302
USDJPY,2021-02-04,105.027,105.567,104.94,105.529,5400,870,0.5141535033848363,-0.0828358422120057,0.4779723309244245,0.2541130531025108,2.0,0.0,1.0,6.0,0.8938988140576171,-2.5338046069203477,-0.2897449674977338,0.8938988140576171,-2.587498044909866
USDJPY,2021-02-05,105.494,105.769,105.3,105.38,2750,1940,0.2606783324170149,-0.1838967145050928,-0.1080630178019644,0.2557073881413396,2.0,3.0,0.0,3.0,1.5347453827494966,-7.952864272990374,-0.569022552147089,1.3431652786946138,-7.062895664605128
USDJPY,2021-02-08,105.337,105.672,105.12,105.214,3350,2170,0.3180269041267491,-0.2060054871507625,-0.1167680871868428,0.2486656658160409,0.0,0.0,0.0,3.0,1.137517597409294,-1.4693871300565156,-0.48979571001883854,1.137517597409294,-1.525348058690754
USDJPY,2021-02-09,105.205,105.263,104.47,104.58,580,7350,0.0551304595789239,-0.6986359963880039,-0.5940782282210921,0.2626963883908409,3.0,0.0,0.0,5.0,0.7733893471290721,-0.5778041864927946,-0.11556083729855893,0.7733893471290721,-0.5778041864927946
USDJPY,2021-02-10,104.555,104.842,104.38,104.58,2870,1750,0.2744966763904088,-0.1673760221892892,0.0239108603127458,0.2620774410363828,4.0,2.0,2.0,3.0,3.8463231610034,-3.269455102573613,0.08452887089592749,3.8463231610034,-3.2189767447469015
USDJPY,2021-02-11,104.584,104.805,104.52,104.733,2210,640,0.2113133940182089,-0.0611948290369532,0.1424692113516416,0.2619100689976234,4.0,0.0,1.0,4.0,1.2554892972548912,-1.203866008138998,-0.19045277273017142,1.2554892972548912,-0.9165040234674515
USDJPY,2021-02-12,104.739,105.181,104.669,104.922,4420,700,0.4220013557509552,-0.0668327938972182,0.1747200183312736,0.2630099651681497,6.0,0.0,0.0,2.0,0.6105566774766842,0.18666328546753597,0.09333164273376798,0.6105566774766842,0.18666328546753597
USDJPY,2021-02-15,104.891,105.418,104.861,105.355,5270,300,0.5024263282836477,-0.0286011192571346,0.4423639778436649,0.274124383848906,6.0,0.0,0.0,3.0,0.4037550308562198,-0.7165555448458149,-0.23885184828193828,0.4037550308562198,-0.5650588184164137
USDJPY,2021-02-16,105.351,106.079,105.15,106.036,7280,2010,0.6910233410219119,-0.1907907850898362,0.6502074019230973,0.3010886556110698,2.0,0.0,0.0,2.0,0.4363096860636185,0.6319833474170042,0.3159916737085021,0.4363096860636185,0.6319833474170042
USDJPY,2021-02-17,106.035,106.225,105.75,105.868,1900,2850,0.1791861177912931,-0.2687791766869398,-0.1574951666902453,0.2886216697988065,2.0,2.0,0.0,9.0,5.048240119273126,17.268618683589054,1.0241317521766986,5.048240119273126,17.49071610741383
USDJPY,2021-02-18,105.868,105.924,105.57,105.678,560,2980,0.0528960592435973,-0.2814826009748005,-0.1794687724335944,0.293894618810962,1.0,0.0,2.0,5.0,2.217375433586376,1.5599519899576997,0.2368397749212341,2.217375433586376,1.5599519899576997
USDJPY,2021-02-19,105.671,105.743,105.21,105.386,720,4610,0.0681360070407098,-0.4362597117468489,-0.2697050278695297,0.3044716728525806,1.0,0.0,1.0,4.0,0.6764008339879364,0.9456786855693429,0.24757203685915097,1.0215617490065507,1.3607100397863667
USDJPY,2021-02-22,105.382,105.845,104.95,105.064,4630,4320,0.439353969368577,-0.4099371809227403,-0.3017593137348048,0.3158269222547598,4.0,0.0,0.0,2.0,3.81700657126674,-3.669360942721087,-1.8346804713605436,3.81700657126674,-3.7159384903889183
USDJPY,2021-02-23,105.064,105.429,104.89,105.209,3650,1740,0.3474072946013945,-0.1656133404401054,0.138011117033437,0.3121690661583505,6.0,0.0,1.0,3.0,0.4427995646625464,0.8978713756836666,0.11376795275528005,0.4427995646625464,0.8978713756836666
USDJPY,2021-02-24,105.245,106.104,105.16,105.842,8590,850,0.8161907929117722,-0.0807639317782393,0.5672478502541634,0.3198796400683664,5.0,0.0,1.0,2.0,0.3310036094411686,0.6715662781570935,0.13726138284725775,0.3310036094411686,0.6715662781570935
USDJPY,2021-02-25,105.859,106.405,105.81,106.187,5460,490,0.5157804249048323,-0.0462879868504259,0.3098461160600449,0.3235197404754345,5.0,0.0,1.0,6.0,1.851224122806403,-2.8312813333356392,-0.40278990551894717,1.851224122806403,-2.7660892788062177
USDJPY,2021-02-26,106.157,106.693,105.81,106.504,5360,3470,0.5049125352072886,-0.3268743464868018,0.3268743464868152,0.317874093956567,4.0,0.0,1.0,11.0,6.289214069043108,7.50342409298395,0.6795428802554203,6.289214069043108,7.46572289393677
USDJPY,2021-03-01,106.53,106.888,106.34,106.759,3580,1900,0.3360555712006046,-0.1783535154416574,0.2149629212428416,0.3180073062654977,3.0,1.0,1.0,3.0,3.6380747058993226,8.061834999526429,1.123262798828455,4.200315975260914,8.606516392676156
USDJPY,2021-03-02,106.76,106.957,106.64,106.676,1970,1200,0.1845260397152384,-0.1124016485575164,-0.0786811539902615,0.3202159067169614,5.0,0.0,0.0,6.0,6.468721388428565,6.682081152438838,1.1136801920731396,3.2575712589844694,3.3661132036868504
USDJPY,2021-03-03,106.684,107.153,106.65,106.993,4690,340,0.4396160623898694,-0.0318698211540547,0.2896404334295653,0.3233678230315741,6.0,0.0,3.0,1.0,2.5695329251517105,3.3616398117684705,0.5577925378999415,2.5695329251517105,3.45798869334112
USDJPY,2021-03-04,107.008,107.987,106.94,107.97,9790,680,0.914884868421052,-0.0635466507177013,0.8989982057416299,0.3609528556106781,5.0,0.0,0.0,8.0,1.0017742623202777,1.2155826602030837,0.15194783252538546,3.130658229276051,3.377548224189754
USDJPY,2021-03-05,107.964,108.644,107.79,108.277,6800,1740,0.629839576155021,-0.1611648327220114,0.2899114519654722,0.3587592304851326,6.0,3.0,0.0,1.0,0.5565816396629893,1.1078163461457293,0.08626266040134045,0.5565816396629893,1.404169158122577
USDJPY,2021-03-08,108.335,108.943,108.245,108.855,6080,900,0.56122213504408,-0.0830756449900671,0.4799926154982326,0.3612137921134272,1.0,0.0,0.0,5.0,2.797204024750703,4.348371802125687,0.8696743604251373,2.797204024750703,4.3091445236592305
USDJPY,2021-03-09,108.827,109.233,108.38,108.477,4060,4470,0.3730691831990277,-0.4107436573644433,-0.3216113648267381,0.3351401667920232,3.0,0.0,0.0,7.0,1.8782839909509463,2.74859202395022,0.39265600342146,1.8782839909509463,2.482451750392614
USDJPY,2021-03-10,108.489,108.92,108.3,108.379,4310,1890,0.3972752997999773,-0.1742112103531299,-0.1013927679303887,0.3393957006864913,4.0,3.0,2.0,0.0,1.054023165862818,4.550854205064233,0.37456078467187254,2.886975087303707,9.438539327261806
USDJPY,2021-03-11,108.359,108.812,108.33,108.488,4530,290,0.4180547993244705,-0.0267628900229758,0.1190487176884291,0.3395569636092819,6.0,0.0,1.0,5.0,1.6729187284971636,4.197956366375328,0.4208396063130273,2.7186816640415308,6.289482237464062
USDJPY,2021-03-12,108.496,109.166,108.46,108.979,6700,360,0.6175342869783234,-0.0331809467630155,0.4451777024037791,0.3449059680933854,4.0,0.0,0.0,5.0,1.3264077358224633,-0.8831670472619617,-0.17663340945239234,1.3264077358224633,-0.9186921319676322
USDJPY,2021-03-15,108.987,109.365,108.88,109.146,3780,1070,0.3468303559140082,-0.0981768467798905,0.1458889592336756,0.3397355131051367,2.0,0.0,0.0,3.0,1.7023978605311114,-2.0392951540488102,-0.6797650513496034,1.7023978605311114,-2.0392951540488102
USDJPY,2021-03-16,109.142,109.287,108.74,108.991,1450,4020,0.1328544465008981,-0.368327499954189,-0.1383518718733359,0.3269922727836779,3.0,2.0,0.0,7.0,3.7025699729683352,-8.419128367316286,-0.761440438195962,3.7025699729683352,-8.881272134929848
USDJPY,2021-03-17,108.984,109.325,108.71,108.86,3410,2740,0.3128899654995304,-0.2514130514570954,-0.1137781692725494,0.3250827050917361,3.0,0.0,2.0,3.0,2.1869322881997424,-4.444683225580579,-0.8062329469041952,2.1869322881997424,-4.264793732262258
USDJPY,2021-03-18,108.846,109.303,108.6,108.92,4570,2460,0.4198592506844474,-0.2260073865828871,0.0679859618176121,0.3170521396235149,3.0,0.0,1.0,3.0,1.0074511185401476,1.141210192734659,0.28942984723598636,1.0074511185401476,1.1356632672767275
USDJPY,2021-03-19,108.912,109.131,108.58,108.901,2190,3320,0.2010797708241461,-0.3048332598795429,-0.0100998971646924,0.3040820374575742,4.0,0.0,0.0,2.0,0.2940439343772604,-0.0808419533717141,-0.04042097668585705,0.2940439343772604,-0.0808419533717141
USDJPY,2021-03-22,108.597,108.956,108.576,108.828,3590,210,0.3305800344392652,-0.0193375507610714,0.2127130583717863,0.2839327893150265,2.0,0.0,0.0,1.0,1.433104320573356,-1.433104320573356,-1.433104320573356,1.433104320573356,-1.433104320573356
USDJPY,2021-03-23,108.835,108.873,108.38,108.61,380,4550,0.0349152386640427,-0.4180640418982848,-0.2067349657738726,0.2972245087227569,4.0,0.0,0.0,4.0,2.03175432791488,-1.3141186237182256,-0.3285296559295564,2.03175432791488,-1.328097559489978
USDJPY,2021-03-24,108.612,108.957,108.42,108.728,3450,1920,0.3176444591757806,-0.176776046845646,0.106802194969248,0.2822824836273196,6.0,0.0,2.0,5.0,4.061492715266863,4.253476769890451,0.5514214482599751,4.061492715266863,4.49344142191439
USDJPY,2021-03-25,108.735,109.238,108.7,109.162,5030,350,0.4625925414999771,-0.0321883478180867,0.3926978433807023,0.2853910727456139,6.0,0.0,1.0,3.0,1.7365265161664254,-3.7419939250840244,-0.9239467792483038,1.7365265161664254,-3.269285074176967
USDJPY,2021-03-26,109.163,109.848,109.1,109.667,6850,630,0.6275019924333357,-0.0577118620778124,0.4616948966224865,0.2912950513119484,4.0,0.0,0.0,8.0,1.197800516719011,-0.3692253182579055,-0.04615316478223819,1.197800516719011,-0.42666302853800575
USDJPY,2021-03-29,109.711,109.848,109.34,109.829,1370,3710,0.1248735313687783,-0.338161168889168,0.1075553043906217,0.2911746851618852,6.0,0.0,0.0,0.0,0.0,0.0,0.0,0.0,0.0
USDJPY,2021-03-30,109.816,110.426,109.73,110.354,6100,860,0.5554746120783851,-0.0783128141618694,0.4899103955707699,0.2951584823095873,5.0,0.0,1.0,4.0,3.574940165609111,7.0706241509782775,0.6991367970738335,3.574940165609111,6.965806331670386
USDJPY,2021-03-31,110.351,110.967,110.24,110.714,6160,1110,0.5582187746372934,-0.1005881233518538,0.3289503493398334,0.2960509286767226,2.0,1.0,2.0,3.0,1.0473305105142634,2.341756590291804,0.16266294212648943,1.0473305105142634,2.341756590291804
USDJPY,2021-04-01,110.72,110.847,110.51,110.569,1270,2100,0.1147037572254293,-0.1896676300577978,-0.1363800578034648,0.2513695245861004,3.0,0.0,1.0,11.0,2.286862008352686,9.717737807944658,0.6192396499659978,2.286862008352686,9.923779594619885
USDJPY,2021-04-02,110.577,110.75,110.34,110.67,1730,2370,0.1564520650768259,-0.2143302856832748,0.0841042893187584,0.2487203295557191,0.0,3.0,0.0,1.0,1.2943933365176172,-5.775660859505406,-0.4427511239657606,1.2943933365176172,-5.40853700445789
USDJPY,2021-04-05,110.644,110.75,109.93,110.14,1060,7140,0.0958027547810948,-0.6453128954123121,-0.4555149849969315,0.265028722240154,0.0,0.0,1.0,2.0,2.989286940245351,5.9332100188184995,0.9813076928577164,2.989286940245351,6.027191033408057
USDJPY,2021-04-06,110.138,110.552,109.64,109.77,4140,4980,0.3758920626849965,-0.4521600174326796,-0.3341262779422262,0.2660246777481296,3.0,0.0,0.0,5.0,0.8819859454525585,1.0152940678706104,0.2030588135741221,0.8819859454525585,0.9172041003357632
USDJPY,2021-04-07,109.766,109.941,109.55,109.82,1750,2160,0.1594300603101116,-0.1967822458684913,0.0491955614671098,0.2629329315845207,0.0,0.0,1.0,2.0,0.3908719478141622,-0.4348512727976208,-0.014659774994486174,0.3908719478141622,-0.5346451543634401
USDJPY,2021-04-08,109.819,109.904,108.97,109.26,850,8490,0.077400085595383,-0.7730902667115924,-0.5090193864449662,0.2938212565862124,5.0,0.0,1.0,5.0,7.805037784138274,10.890953291227678,1.7456822214424486,7.805037784138274,11.787231171965791
USDJPY,2021-04-09,109.26,109.96,109.18,109.655,7000,800,0.6406736225517011,-0.0732198425773369,0.3615229727256049,0.28843718213778,1.0,0.0,0.0,3.0,0.993439078517766,1.8960347446500465,0.6320115815500155,0.993439078517766,1.8782423442040235
USDJPY,2021-04-12,109.675,109.771,109.21,109.38,960,4650,0.0875313426031489,-0.4239799407339899,-0.2689765215409179,0.2956464159665072,1.0,0.0,1.0,4.0,4.665898613997628,5.147409442983523,0.9908869089985656,4.665898613997628,6.337884388910995
USDJPY,2021-04-13,109.375,109.754,108.99,109.048,3790,3850,0.3465142857142901,-0.3520000000000047,-0.2989714285714269,0.3024074267651507,2.0,3.0,1.0,2.0,2.9205194174585203,18.29773003401024,1.1469897669672215,3.7361228894093608,21.249356276185516
USDJPY,2021-04-14,109.048,109.096,108.72,108.919,480,3280,0.0440173134766358,-0.3007849754236693,-0.1182965299684587,0.3025115268762052,2.0,0.0,1.0,2.0,0.2822064320319806,-0.49324559229506837,-0.15161612525872106,0.2822064320319806,-0.49324559229506837
USDJPY,2021-04-15,108.932,108.964,108.58,108.725,320,3520,0.0293761245547648,-0.3231373701024528,-0.1900268057136634,0.3056741096648853,3.0,2.0,2.0,6.0,3.6040933835806968,3.1119545245021314,0.18107177499290056,3.6040933835806968,3.0426447988883862
USDJPY,2021-04-16,108.724,108.965,108.58,108.75,2410,1440,0.2216621905007171,-0.1324454582245,0.0239137632905303,0.3056899605126443,0.0,0.0,1.0,4.0,2.2568059612846727,4.648915519568205,0.8509742166974835,2.2568059612846727,4.648915519568205
USDJPY,2021-04-19,108.743,108.835,107.98,108.144,920,7630,0.0846031468692226,-0.7016543593610541,-0.5508400540724364,0.3254325760603548,3.0,0.0,0.0,2.0,4.353110202444698,4.386865893777543,2.1934329468887714,3.8113880435937455,3.8451437349265905
USDJPY,2021-04-20,108.144,108.548,107.94,108.071,4040,2040,0.3735759727770346,-0.1886373723923728,-0.0675025891404123,0.323003465396527,3.0,0.0,0.0,1.0,0.5626341555843885,0.5626341555843885,0.5626341555843885,0.5626341555843885,0.5626341555843885
USDJPY,2021-04-21,108.079,108.281,107.85,108.058,2020,2290,0.1869003229119555,-0.2118820492417576,-0.0194302315898431,0.3214982848617774,3.0,0.0,1.0,0.0,0.2475613166442155,0.4951226332884311,0.2475613166442155,0.2475613166442155,0.4951226332884311
USDJPY,2021-04-22,108.054,108.233,107.78,107.953,1790,2740,0.1656579117848502,-0.2535769152460815,-0.093471782627204,0.3056477583692313,3.0,0.0,1.0,3.0,6.364720470854847,3.726378065255118,1.1534231126928134,5.654412269791577,3.0160698641918486
USDJPY,2021-04-23,107.953,108.146,107.45,107.858,1930,5030,0.1787815067668317,-0.4659435124544941,-0.0880012598075077,0.2802287363627572,4.0,0.0,1.0,4.0,2.049067052637508,6.269551043375944,1.0539171597322943,2.049067052637508,6.433262731723977
USDJPY,2021-04-26,107.907,108.197,107.61,108.076,2900,2970,0.2687499420797596,-0.2752370096471934,0.1566163455568192,0.2822040797239882,6.0,0.0,0.0,3.0,2.756344931424487,2.789019424861278,0.9296731416204259,2.756344931424487,2.789019424861278
USDJPY,2021-04-27,108.08,108.774,108.06,108.699,6940,200,0.6421169504071083,-0.0185048112509215,0.572723908216136,0.2914891373337029,3.0,0.0,1.0,5.0,2.450407438293269,5.949167934957238,0.6671634190445136,2.450407438293269,5.949167934957238
USDJPY,2021-04-28,108.699,109.08,108.54,108.59,3810,1590,0.3505092043165073,-0.1462754947147552,-0.1002769114711217,0.2753281274457997,5.0,0.0,2.0,4.0,1.0967268906057466,1.3144967433680739,0.2881957575839241,1.0967268906057466,1.2409440433320544
USDJPY,2021-04-29,108.59,109.223,108.4,108.909,6330,1900,0.5829266046597251,-0.1749700709089214,0.2937655401049844,0.2887396249983501,6.0,1.0,3.0,1.0,1.952281288421249,3.331962756169509,0.31236200156657495,1.952281288421249,3.331962756169509
USDJPY,2021-04-30,108.922,109.373,108.68,109.318,4510,2420,0.414057766107864,-0.222177337911524,0.3635629165825093,0.3033696328853204,2.0,0.0,0.0,12.0,3.802710001064444,3.889544666565271,0.3241287222137726,3.802710001064444,3.8836820723927294
USDJPY,2021-05-03,109.286,109.7,108.86,109.053,4140,4260,0.3788225390260431,-0.3898029024760737,-0.21320205698809,0.2915029248040056,4.0,0.0,1.0,4.0,2.130199571567395,-2.98523986875626,-0.17100805943777292,2.130199571567395,-2.9633591708207714
USDJPY,2021-05-04,109.053,109.488,109.0,109.27,4350,530,0.3988886137932952,-0.0486002219104447,0.1989858142371129,0.288663442599965,3.0,0.0,0.0,3.0,0.6021090859119186,0.020332573548998423,0.006777524516332807,0.6021090859119186,-0.11251473062992745
USDJPY,2021-05-05,109.298,109.481,109.11,109.19,1830,1880,0.1674321579534783,-0.1720068070778993,-0.0988124210873063,0.2885614656153806,2.0,0.0,3.0,1.0,12.887472471617908,-24.222736913542228,-2.7835682203831884,12.887472471617908,-24.12361798988684
USDJPY,2021-05-06,109.191,109.428,108.97,109.08,2370,2210,0.2170508558397622,-0.2023976335045962,-0.1016567299502744,0.266688040709559,0.0,0.0,1.0,4.0,2.20398645266765,-3.2718770790643488,-0.21357812527933975,2.20398645266765,-3.2718770790643488
USDJPY,2021-05-07,109.063,109.289,108.31,108.582,2260,7530,0.2072196803682267,-0.690426634147236,-0.4410294967129171,0.2679159898519833,5.0,3.0,0.0,4.0,6.109506568204809,19.81292655294352,1.0182335930811515,6.109506568204809,19.8099224725983
USDJPY,2021-05-10,108.612,109.056,108.43,108.846,4440,1820,0.4087946083305736,-0.1675689610724302,0.215445807093147,0.2691664186061023,1.0,0.0,0.0,0.0,0.0,0.0,0.0,0.0,0.0
USDJPY,2021-05-11,108.844,108.982,108.32,108.605,1380,5240,0.1267869611554199,-0.4814229539524465,-0.2195803167836446,0.2655178910535279,6.0,0.0,0.0,4.0,1.9983802439168927,0.722122873183521,0.18053071829588024,1.7947184871035606,1.439988041755914
USDJPY,2021-05-12,108.603,109.71,108.58,109.65,11070,230,1.0193088588713013,-0.0211780521716675,0.9640617662495616,0.3439692486409964,2.0,3.0,2.0,2.0,3.2526866647086505,20.731179765266035,1.206449020567303,4.365771819911263,23.990336052700904
USDJPY,2021-05-13,109.662,109.786,109.37,109.451,1240,2920,0.1130747205048195,-0.2662727289307158,-0.1924094034396716,0.3440499619158041,3.0,0.0,2.0,7.0,1.8532151837923672,-6.053625927001808,-0.5806137701742323,1.8532151837923672,-6.0531901769177185
USDJPY,2021-05-14,109.458,109.656,109.16,109.347,1980,2980,0.180891300772906,-0.2722505435874964,-0.1014087595242049,0.3453083258083401,3.0,2.0,2.0,5.0,2.6648132157037123,-1.465434029415159,0.09477425721072004,2.6648132157037123,-1.911838208345573
USDJPY,2021-05-17,109.272,109.502,109.04,109.2,2300,2320,0.2104839300095081,-0.2123142250530779,-0.0658906215681992,0.318839894609722,1.0,0.0,0.0,4.0,3.4632589526259867,4.12790983798366,1.031977459495915,3.4632589526259867,4.12790983798366
USDJPY,2021-05-18,109.197,109.284,108.8,108.888,870,3970,0.0796725184757853,-0.363563101550414,-0.28297480700019,0.3265009383898593,5.0,0.0,0.0,6.0,5.18636852246108,3.991615456744821,0.6652692427908035,5.18636852246108,4.460804790251322
USDJPY,2021-05-19,108.884,109.336,108.54,109.184,4520,3440,0.4151206788876218,-0.3159325520737611,0.2755225744829334,0.3304387995738492,1.0,0.0,1.0,1.0,0.7512426804282142,1.321082612171311,0.28491996587154844,0.7512426804282142,1.321082612171311
USDJPY,2021-05-20,109.177,109.308,108.709,108.76,1310,4680,0.1199886422964545,-0.4286617144636723,-0.3819485789131425,0.3431779824006215,4.0,0.0,2.0,4.0,0.9547366250586644,-1.897474474482099,-0.12771442688789378,0.9547366250586644,-1.7691271528026118
USDJPY,2021-05-21,108.762,109.004,108.58,108.94,2420,1820,0.2225041834464284,-0.1673378569721062,0.1636601018738137,0.3429410448361656,2.0,0.0,1.0,4.0,1.7052901756163412,1.7793859256088744,0.21736939062364824,1.7119224571154152,1.25702603792811
USDJPY,2021-05-24,108.911,108.995,108.67,108.76,840,2410,0.07712719560008,-0.2212815969002209,-0.1386453159001352,0.344473349342617,3.0,0.0,0.0,0.0,0.0,0.0,0.0,0.0,0.0
USDJPY,2021-05-25,108.75,109.074,108.53,108.76,3240,2200,0.2979310344827568,-0.2022988505747116,0.0091954022988552,0.3204252138685683,5.0,0.0,1.0,5.0,0.7362543273140169,-0.8978088541241154,-0.140722759267789,0.7362543273140169,-0.8978088541241154
USDJPY,2021-05-26,108.752,109.178,108.69,109.123,4260,620,0.3917169339414465,-0.0570104457849029,0.3411431513903278,0.3277429850151254,6.0,0.0,1.0,1.0,2.273934053616383,1.6781555449272543,0.9880223996359093,2.273934053616383,1.6781555449272543
USDJPY,2021-05-27,109.121,109.923,109.0,109.832,8020,1210,0.7349639391134674,-0.1108860805894329,0.6515702751990896,0.3518153694724716,3.0,1.0,2.0,4.0,1.1676903054655745,-4.156407623871693,-0.3340206196220991,1.1676903054655745,-4.440707002683961
USDJPY,2021-05-28,109.832,110.199,109.71,109.8,3670,1220,0.3341466967732577,-0.1110787384368853,-0.0291354068031142,0.3441083398882796,2.0,0.0,2.0,8.0,2.2244922451704454,3.3927728269334985,0.22663068942087997,1.690907508261922,2.905332517727226
USDJPY,2021-05-31,109.836,109.935,109.32,109.562,990,5160,0.0901343821697838,-0.4697913252485572,-0.2494628355002011,0.3455366622906003,3.0,0.0,0.0,4.0,0.98615726027476,1.1445028305757876,0.2861257076439469,0.98615726027476,0.7681478829265498
USDJPY,2021-06-01,109.575,109.706,109.3,109.464,1310,2750,0.1195528177047686,-0.2509696554871145,-0.1013004791238915,0.3441379505697509,3.0,1.0,0.0,5.0,0.8603953367823252,1.8248965551945435,0.19532390472536812,0.9051749090244318,1.8162991501971306
USDJPY,2021-06-02,109.464,109.884,109.298,109.545,4200,1660,0.3836877877658424,-0.1516480304026865,0.0739969304977006,0.3434091869514473,6.0,0.0,0.0,3.0,1.2819433640151423,-0.6451497508827881,-0.21504991696092937,1.2819433640151423,-0.6451497508827881
USDJPY,2021-06-03,109.545,110.32,109.525,110.29,7750,200,0.7074718152357401,-0.0182573371673705,0.6800858094846908,0.3721822067911896,0.0,1.0,3.0,6.0,3.907993258591911,3.933322931902453,0.38064932032940674,3.907993258591911,3.6544083052337704
USDJPY,2021-06-04,110.293,110.33,109.33,109.475,370,9630,0.0335470066096596,-0.873128847705664,-0.7416608488299457,0.3985571306787593,2.0,3.0,0.0,2.0,1.2452545666581274,-5.3014973438617625,-0.4109222302179362,1.0802062176926066,-4.8063522969652
USDJPY,2021-06-07,109.477,109.637,109.16,109.25,1600,3170,0.1461494195127712,-0.2895585374096908,-0.2073494889337521,0.4001671647347478,4.0,0.0,0.0,1.0,0.0712729565678602,0.0712729565678602,0.0712729565678602,0.0712729565678602,0.0712729565678602
USDJPY,2021-06-08,109.247,109.558,109.16,109.48,3110,870,0.2846760094098758,-0.0796360540792912,0.2132781678215457,0.398092563362745,3.0,0.0,0.0,11.0,2.7515636670603247,3.693856260458804,0.335805114587164,2.7515636670603247,3.867666307300605
USDJPY,2021-06-09,109.482,109.657,109.19,109.612,1750,2920,0.1598436272629264,-0.2667105094901459,0.1187409802524574,0.3351706545301745,1.0,0.0,2.0,3.0,1.0008176155028503,-2.072960736473952,-0.28846108355799427,1.38550615669303,-3.4463228623920097
USDJPY,2021-06-10,109.617,109.796,109.27,109.331,1790,3470,0.1632958391490389,-0.3165567384621075,-0.2609084357353342,0.3376002780040375,5.0,3.0,2.0,3.0,1.2645992530926404,-2.598955984628516,-0.10427389841488216,1.8098549039590888,-2.5933808217570187
USDJPY,2021-06-11,109.329,109.843,109.28,109.635,5140,490,0.470140584840262,-0.0448188495275657,0.2798891419477097,0.3424037972625176,5.0,0.0,1.0,2.0,1.260914648046627,-0.45972403951935503,-0.40197632011343004,1.260914648046627,-0.45972403951935503
USDJPY,2021-06-14,109.615,110.099,109.58,110.054,4840,350,0.4415454089312675,-0.0319299365962656,0.4004926333074918,0.3521754107860692,3.0,0.0,0.0,1.0,0.0444057804003707,-0.0444057804003707,-0.0444057804003707,0.0444057804003707,-0.0444057804003707
USDJPY,2021-06-15,110.059,110.168,109.95,110.028,1090,1090,0.0990377888223669,-0.099037788822354,-0.0281667105824982,0.3443719645176636,6.0,3.0,2.0,5.0,2.18450175633106,0.7618045319546475,0.018455788262123806,2.1503820209054405,0.07619041310672514
USDJPY,2021-06-16,110.028,110.721,109.77,110.635,6930,2580,0.6298396771730812,-0.2344857672592519,0.5516777547533349,0.3589715289268207,1.0,0.0,2.0,6.0,0.5183318281038807,-1.5272137185661947,-0.1472713448599815,0.5183318281038807,-1.3602101476080397
USDJPY,2021-06-17,110.636,110.824,110.13,110.247,1880,5060,0.1699266061679764,-0.45735565277125,-0.3516034563794749,0.3570318402667913,3.0,0.0,2.0,2.0,1.5465823217365835,2.4884534903243205,0.27098614623435135,1.5465823217365835,2.4539437727182243
USDJPY,2021-06-18,110.243,110.484,109.91,110.15,2410,3330,0.2186079841804011,-0.3020599947388935,-0.0843590976297718,0.3578689919253319,3.0,0.0,0.0,2.0,2.4913761443220133,2.197332209944753,1.0986661049723765,2.4913761443220133,2.197332209944753
USDJPY,2021-06-21,110.212,110.354,109.68,110.301,1420,5320,0.1288425942728522,-0.482706057416612,0.080753456973831,0.354926913576581,5.0,0.0,0.0,0.0,0.0,0.0,0.0,0.0,0.0
USDJPY,2021-06-22,110.275,110.793,110.18,110.66,5180,950,0.4697347540240314,-0.0861482656993868,0.3491271820448795,0.3600973619097501,5.0,0.0,0.0,3.0,2.450407438293269,2.533989827388631,0.8446632757962104,2.450407438293269,2.533989827388631
USDJPY,2021-06-23,110.647,111.106,110.59,110.962,4590,570,0.4148327564235713,-0.0515151789022767,0.2846891465652008,0.3581946478718387,3.0,2.0,1.0,3.0,1.5808284369494836,-5.1216447514233945,-0.47053358160960684,1.591513659656694,-6.314945043011038
USDJPY,2021-06-24,110.959,111.116,110.66,110.857,1570,2990,0.1414937048819802,-0.2694689029281145,-0.0919258464838398,0.3336597829318442,3.0,0.0,2.0,7.0,1.9128110916667884,2.34872810588805,0.29288744275275114,1.9128110916667884,2.6677561059271993
USDJPY,2021-06-25,110.855,110.983,110.45,110.76,1280,4050,0.1154661494745389,-0.365342113571784,-0.0856975328131332,0.334553878632067,2.0,0.0,2.0,4.0,1.9065749437356525,0.647478193736394,0.32912081347237426,1.9065749437356525,0.647478193736394
USDJPY,2021-06-28,110.768,110.977,110.47,110.598,2090,2980,0.1886826520294698,-0.2690307670085239,-0.1534739274880847,0.3308276366202697,3.0,0.0,0.0,0.0,0.0,0.0,0.0,0.0,0.0
USDJPY,2021-06-29,110.604,110.76,110.4,110.55,1560,2040,0.1410437235543072,-0.184441792340235,-0.0488228273841832,0.3298017615041274,6.0,0.0,1.0,4.0,2.073310419797922,3.870659260023466,0.5719184018635307,1.5703518912894423,3.3677007315149865
USDJPY,2021-06-30,110.538,111.122,110.39,111.073,5840,1480,0.5283251008702918,-0.1338906077547957,0.483996453708224,0.3438832145197387,5.0,0.0,4.0,3.0,1.1300934887525254,-1.4081124201117052,-0.0859475448728013,2.1087613232981743,0.010704244892156073
USDJPY,2021-07-01,111.076,111.64,110.99,111.524,5640,860,0.5077604523029342,-0.0774244661312961,0.4033274514746727,0.3229485350218157,0.0,1.0,1.0,10.0,1.8188371145725315,-4.7070323157073926,-0.19812593127187525,2.0643448331679384,-3.9886564505390165
USDJPY,2021-07-02,111.523,111.658,110.92,111.04,1350,6030,0.1210512629681815,-0.5406956412578522,-0.4330945186194685,0.2883762210189354,3.0,3.0,0.0,3.0,3.95492700187486,4.278044383387157,0.6818243709866952,3.95492700187486,4.261814018174973
USDJPY,2021-07-05,111.003,111.19,110.76,110.97,1870,2430,0.168463915389672,-0.2189130023512833,-0.0297289262452377,0.2820168288915904,1.0,0.0,0.0,0.0,0.0,0.0,0.0,0.0,0.0
USDJPY,2021-07-06,110.961,110.965,110.49,110.624,40,4710,0.003604870179617,-0.4244734636493936,-0.3037103126323693,0.2926421835935925,3.0,1.0,0.0,4.0,1.2357302935175398,-4.693736761069847,-0.4444552348069532,1.2357302935175398,-4.742349682688074
USDJPY,2021-07-07,110.622,110.815,110.36,110.625,1930,2620,0.174468008171971,-0.2368425810417462,0.0027119379508597,0.2924424722879051,0.0,0.0,1.0,2.0,0.640551467874474,-1.0653871695203825,-0.37862948914972033,0.640551467874474,-1.0653871695203825
USDJPY,2021-07-08,110.633,110.673,109.5,109.747,400,11330,0.036155577449772,-1.0241067312646277,-0.8008460405123207,0.3430319365717199,4.0,0.0,2.0,4.0,2.2970250782335677,-0.06822008552285341,-0.05121008766125971,2.2970250782335677,-0.13951939631169985
USDJPY,2021-07-09,109.752,110.26,109.715,110.029,5080,370,0.4628617246155057,-0.0337123697062394,0.2523872002332541,0.3419941759538155,4.0,0.0,0.0,3.0,1.8848416048656549,-1.5572575561758835,-0.5190858520586278,1.8848416048656549,-1.5572575561758835
USDJPY,2021-07-12,110.115,110.403,109.95,110.331,2880,1650,0.261544748671853,-0.1498433455932362,0.1961585615038897,0.3329583175902483,4.0,0.0,1.0,3.0,3.1631629074198933,1.5843936811789807,0.5493120508598361,3.1631629074198933,0.45818847416331854
USDJPY,2021-07-13,110.332,110.648,110.17,110.607,3160,1620,0.2864082949642919,-0.1468295689373816,0.249247725048042,0.337052355486826,0.0,3.0,1.0,2.0,1.4381615698813264,1.2922535212996673,0.18556348698879324,1.5343672045685666,0.9081798839036256
USDJPY,2021-07-14,110.606,110.7,109.908,109.955,940,6980,0.0849863479377324,-0.6310688389418235,-0.5885756649729638,0.3394446209265153,2.0,1.0,2.0,1.0,0.1369798437945035,-0.04047449349229361,-0.021751615091141055,0.1369798437945035,-0.11855079076344302
USDJPY,2021-07-15,109.952,110.089,109.68,109.81,1370,2720,0.1245998253783473,-0.2473806752037174,-0.1291472642607646,0.3320353608446281,4.0,0.0,3.0,5.0,1.1732218431961288,-1.7178211803727128,-0.05689679600104543,1.1732218431961288,-1.7234175751198688
USDJPY,2021-07-16,109.809,110.343,109.7,110.066,5340,1090,0.4862989372455865,-0.0992632662167897,0.2340427469515295,0.3365087560976375,0.0,2.0,1.0,3.0,2.9074163212844044,5.246600358882859,0.6484710395183105,2.9074163212844044,4.96449800066955
USDJPY,2021-07-19,110.012,110.098,109.03,109.453,860,9820,0.0781732901865237,-0.8926298949205534,-0.5081263862124109,0.3537978288212071,5.0,0.0,0.0,1.0,0.0326677192400215,-0.0326677192400215,-0.0326677192400215,0.0326677192400215,-0.0326677192400215
USDJPY,2021-07-20,109.453,109.957,109.3,109.847,5040,1530,0.46047161795473,-0.1397860268791223,0.3599718600677836,0.3544266907736242,5.0,0.0,0.0,3.0,1.124471646332133,0.8851268648125935,0.2950422882708645,1.124471646332133,0.8851268648125935
USDJPY,2021-07-21,109.849,110.387,109.77,110.278,5380,790,0.4897632204207564,-0.071916904113836,0.3905360995548453,0.3602000158043247,2.0,0.0,1.0,1.0,0.8121200069958422,-0.26448140276582843,-0.26915035244041763,0.5326202884489399,0.015018315781073821
USDJPY,2021-07-22,110.277,110.359,109.98,110.128,820,2970,0.0743582070603966,-0.2693217987431622,-0.1351143030731711,0.3607196460825012,5.0,0.0,1.0,3.0,2.134659529472722,4.609341223592583,0.6186704235299649,2.134659529472722,4.594944556089379
USDJPY,2021-07-23,110.127,110.593,110.06,110.51,4660,670,0.4231478202439077,-0.0608388496917132,0.3477802900287938,0.3702332584058103,3.0,0.0,2.0,0.0,1.475152406987411,-1.594807887532666,-0.3987019718831664,1.4852807279789095,-1.6555816993050267
USDJPY,2021-07-26,110.499,110.584,110.09,110.362,850,4090,0.0769237730658268,-0.3701390962814069,-0.123983022470792,0.3696922923079097,0.0,0.0,0.0,3.0,0.813927297628271,-1.0070054375242443,-0.3356684791747481,0.813927297628271,-1.113915111848182
USDJPY,2021-07-27,110.363,110.387,109.55,109.755,240,8130,0.0217464186366815,-0.7366599313175634,-0.5509092721292499,0.3890745455060928,4.0,1.0,0.0,6.0,0.4805181877318872,-0.9118409861549188,-0.13468160036009716,0.4805181877318872,-0.9118409861549188
USDJPY,2021-07-28,109.767,110.289,109.71,109.93,5220,570,0.4755527617590037,-0.0519281751346052,0.1484963604726474,0.3724354015322911,1.0,0.0,2.0,2.0,0.4010297210503368,-1.8793884051524203,-0.281423730314906,0.4010297210503368,-1.946468157556909
USDJPY,2021-07-29,109.917,109.947,109.39,109.48,300,5270,0.0272933213242729,-0.4794526779297115,-0.3975727139568926,0.3639834934896437,4.0,1.0,3.0,1.0,0.7407509435929818,-1.5147605954912444,-0.1334952444859194,0.7407509435929818,-1.5147605954912444
USDJPY,2021-07-30,109.457,109.828,109.33,109.615,3710,1270,0.3389458874261211,-0.1160272983911447,0.1443489224078873,0.3582746533714454,1.0,1.0,2.0,8.0,2.961214163869365,1.6562220417129094,0.14751746553322842,2.961214163869365,1.7372032200319591
USDJPY,2021-08-02,109.621,109.771,109.15,109.297,1500,4710,0.1368350954652901,-0.4296621997609851,-0.2955638062050137,0.3619230083066996,2.0,1.0,0.0,5.0,1.5518936309198417,0.009154526196162853,0.20114245389635313,1.7509258600935795,0.1094716944114608
USDJPY,2021-08-03,109.301,109.341,108.84,109.037,400,4610,0.0365961885069597,-0.4217710725427933,-0.2415348441459783,0.3601211847648313,5.0,0.0,0.0,6.0,3.747781407624633,-4.969241561652369,-0.8282069269420615,2.218136218800898,-3.4395963728286345
USDJPY,2021-08-04,109.037,109.676,108.69,109.47,6390,3470,0.5860396012362737,-0.3182405972284714,0.3971129066280187,0.3749378898526838,4.0,2.0,1.0,1.0,1.295141106732631,3.594511568209681,0.32187148962431317,1.295141106732631,3.6871196010322382
USDJPY,2021-08-05,109.465,109.788,109.37,109.753,3230,950,0.2950714840359871,-0.0867857305988205,0.2630977938153717,0.3367107667186151,6.0,0.0,1.0,3.0,0.4237917939391509,-1.3630777628517055,-0.23482149222813858,0.4237917939391509,-1.550021477762268
USDJPY,2021-08-06,109.747,110.357,109.67,110.233,6100,770,0.5558238493990719,-0.0701613711536517,0.4428367062425435,0.346748747770884,3.0,3.0,0.0,4.0,2.2238407861297773,-7.824644478566256,-0.3669261600715518,1.9691052745129485,-7.060437943715769
USDJPY,2021-08-09,110.212,110.353,109.99,110.305,1410,2220,0.1279352520596587,-0.2014299713279937,0.0843828258265919,0.3444864195734524,4.0,0.0,1.0,0.0,1.42992123642755,2.8598424728551,1.42992123642755,1.42992123642755,2.8598424728551
USDJPY,2021-08-10,110.31,110.599,110.25,110.545,2890,600,0.2619889402592706,-0.054392167527878,0.2130359894841804,0.3432255682105465,2.0,0.0,0.0,6.0,1.385571590346933,-3.603257240719934,-0.6005428734533224,1.385571590346933,-3.65773204270284
USDJPY,2021-08-11,110.544,110.801,110.28,110.4,2570,2640,0.2324866116659475,-0.2388189318280465,-0.1302648719062013,0.3158773260296605,3.0,3.0,2.0,4.0,1.237970410546109,-8.4697853713441,-0.4408062030045234,1.237970410546109,-8.949076662378964
USDJPY,2021-08-12,110.41,110.546,110.28,110.412,1360,1300,0.1231772484376504,-0.1177429580653885,0.0018114301240916,0.3138499652648417,0.0,1.0,3.0,2.0,1.328071872957998,-0.3058665636300003,0.10276744843413531,1.328071872957998,-0.2008415420059005
USDJPY,2021-08-13,110.415,110.458,109.51,109.57,430,9050,0.0389439840601296,-0.8196350133586932,-0.7652945704840945,0.3566581734177552,1.0,0.0,1.0,2.0,1.930912819728761,-4.704268527436748,-0.9244519025693291,1.930912819728761,-4.704268527436748
USDJPY,2021-08-16,109.614,109.751,109.08,109.277,1370,5340,0.1249840348860551,-0.4871640483879851,-0.3074424799751886,0.3447603348180871,5.0,0.0,0.0,4.0,3.3080887203771803,-2.388463704249039,-0.5971159260622597,3.3080887203771803,-2.771621403281241
USDJPY,2021-08-17,109.258,109.656,109.09,109.562,3980,1680,0.364275384868852,-0.1537644840652329,0.2782404949751982,0.3406323263913898,4.0,2.0,1.0,5.0,1.1994018869710872,0.313193954486577,0.18498965167204695,1.1994018869710872,-0.27626605901516577
USDJPY,2021-08-18,109.561,110.067,109.45,109.769,5060,1110,0.4618431741221657,-0.1013134235722603,0.1898485775047675,0.3309755349761777,3.0,0.0,2.0,4.0,1.0485877648564643,-2.4657255397139557,-0.23340971718493986,1.0485877648564643,-2.3512201709638827
USDJPY,2021-08-19,109.767,110.228,109.45,109.738,4610,3170,0.4199805041588078,-0.2887935353976997,-0.0264195978754966,0.329908220607529,3.0,0.0,2.0,3.0,1.5490958699578157,-3.527824553325079,-0.46737602885040347,1.5490958699578157,-3.600951327128728
USDJPY,2021-08-20,109.736,109.885,109.54,109.74,1490,1960,0.1357804184588475,-0.1786104833418367,0.0036451119049269,0.3186982208310495,3.0,0.0,0.0,1.0,2.9762418476375068,-2.9762418476375068,-2.9762418476375068,2.9762418476375068,-2.9762418476375068
USDJPY,2021-08-23,109.735,110.147,109.62,109.677,4120,1150,0.3754499476010444,-0.1047979222672756,-0.052854604273926,0.3180327822035528,3.0,0.0,2.0,2.0,1.5590292258747396,-4.896288916342345,-0.5626463141570069,1.5695995690009037,-5.032602589186457
USDJPY,2021-08-24,109.669,109.881,109.38,109.645,2120,2890,0.1933089569522867,-0.2635202290528786,-0.0218840328625235,0.2934846053589848,5.0,0.0,0.0,3.0,2.450407438293269,2.1914448486922713,0.7304816162307571,2.450407438293269,2.1914448486922713
USDJPY,2021-08-25,109.643,110.125,109.602,109.978,4820,410,0.4396085477413052,-0.0373940880858758,0.3055370611894911,0.2998008099012393,3.0,0.0,2.0,1.0,0.0959403913964764,-0.11808511263851551,-0.0344835045677261,0.0959403913964764,-0.11808511263851551
USDJPY,2021-08-26,109.981,110.23,109.89,110.059,2490,910,0.226402742291859,-0.0827415644520362,0.0709213409588955,0.2846730461580246,1.0,1.0,1.0,3.0,0.9650611281776528,-0.9526209065259295,-0.2354224109461855,0.9650611281776528,-1.0017895403496422
USDJPY,2021-08-27,110.054,110.268,109.75,109.81,2140,3040,0.1944499972740642,-0.2762280335108238,-0.2217093426863174,0.2885187345725349,3.0,1.0,1.0,6.0,2.3460716183641948,-3.108639328879873,-0.18600867927740697,2.3460716183641948,-3.075108876315036
USDJPY,2021-08-30,109.846,109.962,109.67,109.89,1160,1760,0.1056023887988635,-0.1602243140396572,0.040056078509911,0.279467509777163,3.0,0.0,1.0,1.0,6.248115506811728,6.201635623470721,3.112437782570612,6.248115506811728,6.201635623470721
USDJPY,2021-08-31,109.898,110.08,109.55,109.989,1820,3480,0.1656081093377515,-0.3166572640084433,0.0828040546688822,0.2724383518294411,3.0,0.0,2.0,6.0,1.5275943810033377,-5.957505748271405,-0.44720173840224486,1.5275943810033377,-6.31009029933284
USDJPY,2021-09-01,109.991,110.42,109.85,109.999,4290,1410,0.3900319117018684,-0.1281923066432756,0.0072733223627347,0.2593537850252038,3.0,2.0,1.0,6.0,1.8016826772289865,-2.1262034896312896,-0.2897214726718589,1.8016826772289865,-2.1129614773940135
USDJPY,2021-09-02,109.983,110.121,109.88,109.923,1380,1030,0.1254739368811462,-0.0936508369475361,-0.0545538856005039,0.2535298482618761,1.0,0.0,1.0,8.0,3.949583712689421,2.12232119991911,0.29020211083358616,1.907396812407256,0.4329938370923845
USDJPY,2021-09-03,109.931,110.073,109.56,109.692,1420,3710,0.129171935122937,-0.337484422046552,-0.2174091020731225,0.2361843473618203,3.0,4.0,0.0,1.0,0.9111307995931528,-6.00086484181033,-0.4463238369122042,0.7767048036162155,-5.505936537133271
USDJPY,2021-09-06,109.75,109.947,109.599,109.838,1970,1510,0.1794988610478384,-0.1375854214122972,0.0801822323462358,0.2360828548573851,6.0,0.0,0.0,0.0,0.0,0.0,0.0,0.0,0.0
USDJPY,2021-09-07,109.824,110.321,109.65,110.271,4970,1740,0.4525422494172493,-0.1584353146853077,0.4070148601398626,0.2500038197448861,3.0,0.0,0.0,4.0,6.160891000017666,5.548527106576604,1.387131776644151,6.160891000017666,5.450437139041757
USDJPY,2021-09-08,110.265,110.447,110.11,110.268,1820,1550,0.1650569083571415,-0.140570443930532,0.0027207182696232,0.2485839518345526,0.0,0.0,2.0,6.0,2.639054257974114,-4.430809328227982,-0.7308481357905898,2.639054257974114,-5.152446948560785
USDJPY,2021-09-09,110.266,110.28,109.59,109.729,140,6760,0.0126965701122701,-0.6130629568498013,-0.487004153592228,0.2704434624296827,4.0,0.0,3.0,4.0,1.401382856851401,-4.507306053170269,-0.3381852223035947,1.401382856851401,-5.242502542183393
USDJPY,2021-09-10,109.724,109.991,109.66,109.91,2670,640,0.2433378294630125,-0.0583281688600553,0.1695162407495104,0.2119059809297068,4.0,1.0,1.0,1.0,0.3899636295046505,-1.559338520280606,-0.18840094916339978,0.3899636295046505,-1.6555274879026813
USDJPY,2021-09-13,109.82,110.16,109.804,109.992,3400,160,0.3095975232198173,-0.0145692952103361,0.1566199235112104,0.2001169157769508,0.0,0.0,0.0,3.0,1.3455193847540596,1.5691644109015066,0.5230548036338355,1.3455193847540596,1.5691644109015066
USDJPY,2021-09-14,110.001,110.163,109.49,109.7,1620,5110,0.1472713884419159,-0.4645412314433594,-0.2736338760556739,0.2029313894238212,0.0,3.0,0.0,2.0,1.237970410546109,-6.182904892809746,-0.398069001636992,1.237970410546109,-6.190139579560973
USDJPY,2021-09-15,109.694,109.743,109.08,109.344,490,6140,0.0446697175779827,-0.559738910058895,-0.3190694112713626,0.2106920415186838,6.0,0.0,3.0,4.0,0.9929965135676936,-1.6783855146405002,-0.18066997617323186,0.9929965135676936,-1.6833795721174247
USDJPY,2021-09-16,109.355,109.83,109.18,109.723,4750,1750,0.434365141054359,-0.1600292624937105,0.3365186777010607,0.2250182946160995,4.0,2.0,2.0,3.0,3.7131397136679274,1.482758043536117,-0.25093119762941746,2.9724057900071608,1.9438503178489377
USDJPY,2021-09-17,109.723,110.082,109.63,109.895,3590,930,0.3271875541135356,-0.0847588928483577,0.1567583824722228,0.2277110592163608,0.0,0.0,1.0,2.0,0.4271901933400345,0.06802904634121174,-0.06403308410092126,0.4271901933400345,0.06802904634121174
USDJPY,2021-09-20,109.924,110.037,109.29,109.399,1130,6340,0.1027982970052031,-0.5767621265601691,-0.4776027073250661,0.252212510254042,2.0,0.0,0.0,1.0,0.2819280850444417,0.2819280850444417,0.2819280850444417,0.2819280850444417,0.2819280850444417
USDJPY,2021-09-21,109.394,109.707,109.15,109.212,3130,2440,0.2861217251403076,-0.2230469678410148,-0.166371098963382,0.254543550130362,6.0,0.0,0.0,3.0,1.3134978085188054,1.7285135988705478,0.5761711996235159,1.3134978085188054,1.9078934455321455
USDJPY,2021-09-22,109.212,109.9,109.09,109.779,6880,1220,0.6299674028495059,-0.111709335970406,0.5191737171739306,0.2727576919712226,6.0,0.0,2.0,2.0,0.3526637628424595,-1.0250730924079066,-0.20405230867752056,0.3526637628424595,-1.0250730924079066
USDJPY,2021-09-23,109.784,110.35,109.74,110.305,5660,440,0.5155578226335242,-0.0400786999927231,0.4745682430955337,0.293181935567916,5.0,0.0,3.0,2.0,0.7966792444936895,0.7686789409218371,0.08558482688574355,0.7966792444936895,0.7839741033162523
USDJPY,2021-09-24,110.304,110.794,110.22,110.685,4900,840,0.444226863939653,-0.0761531766753727,0.3454090513489993,0.2969128086180284,5.0,0.0,0.0,3.0,1.124471646332133,0.2935366818739008,0.0978455606246336,1.5373837152648786,-0.3737972932633935
USDJPY,2021-09-27,110.664,111.065,110.5,110.98,4010,1640,0.3623581291115414,-0.1481963420805334,0.285549049374686,0.3019834553230576,6.0,0.0,2.0,1.0,0.6487709736286295,-1.4120407396158767,-0.3378483969327055,0.6487709736286295,-1.4120407396158767
USDJPY,2021-09-28,110.974,111.64,110.9,111.5,6660,740,0.6001405734676563,-0.0666822859408492,0.473984897363343,0.3164447766422708,6.0,0.0,1.0,6.0,1.1357029238892766,-0.6852218433784574,0.02650024079038035,1.1357029238892766,-0.7262874298075204
USDJPY,2021-09-29,111.491,112.049,111.17,111.95,5580,3210,0.500488828694699,-0.2879156165071602,0.4116924236037018,0.3249660296259637,0.0,0.0,2.0,0.0,0.7385180637082581,2.360151265197201,0.5900378162993003,0.7385180637082581,2.360151265197201
USDJPY,2021-09-30,111.949,112.078,111.21,111.283,1290,7390,0.1152310427069512,-0.6601220198483276,-0.5949137553707463,0.3584592325537187,2.0,0.0,3.0,5.0,0.7933509469950096,-0.5060793193151907,-0.07806851355454311,0.7933509469950096,-0.09741860027572155
USDJPY,2021-10-01,111.283,111.489,110.87,111.008,2060,4130,0.1851136292156062,-0.3711258682817651,-0.2471177089043301,0.3597467989434897,3.0,2.0,1.0,12.0,2.3694153135509466,5.4710297334492815,0.2208570241114351,2.3694153135509466,5.704760499736218
USDJPY,2021-10-04,110.894,111.303,110.79,110.892,4090,1040,0.3688206756001152,-0.093783252475336,-0.0018035240860727,0.3600041217163958,6.0,0.0,0.0,2.0,0.0389910189451698,0.0708053233057032,0.0354026616528516,0.0389910189451698,0.0708053233057032
USDJPY,2021-10-05,110.886,111.562,110.84,111.48,6760,460,0.6096351207546507,-0.0414840466785638,0.5356852984145954,0.367627236870992,3.0,1.0,0.0,5.0,6.048865109138708,5.954882848177101,0.9797176709628106,3.032542184554934,2.9632706335754704
USDJPY,2021-10-06,111.475,111.788,111.17,111.41,3130,3050,0.2807804440457523,-0.2736039470733282,-0.0583090379008726,0.3684241156762897,4.0,1.0,1.0,0.0,0.337029867471502,0.9937181428083167,0.16417206883420368,0.337029867471502,0.9937181428083167
USDJPY,2021-10-07,111.418,111.65,111.2,111.607,2320,2180,0.2082248828735027,-0.1956595882173468,0.1696314778581494,0.3454694478651129,6.0,0.0,1.0,3.0,1.4447860725408863,-3.995952093398653,-0.6377915052144416,1.4447860725408863,-3.995952093398653
USDJPY,2021-10-08,111.616,112.255,111.48,112.215,6390,1360,0.5724985665137577,-0.1218463302752254,0.5366614105504621,0.3591321666603321,6.0,3.0,0.0,6.0,2.008598865260415,-5.610659403945364,-0.1488173090479207,1.820154946761865,-4.945946871686769
USDJPY,2021-10-11,112.23,113.411,112.14,113.292,11810,900,1.052303305711483,-0.0801924619085836,0.9462710505212488,0.4046786825957869,4.0,0.0,0.0,1.0,0.0936980567985354,-0.0936980567985354,-0.0936980567985354,0.0936980567985354,-0.0936980567985354
USDJPY,2021-10-12,113.333,113.79,112.98,113.607,4570,3530,0.4032364801073013,-0.311471504327949,0.2417654169571095,0.3923256853739256,1.0,0.0,2.0,4.0,1.3245842754167252,-1.7821198117606234,-0.16008964197962874,1.5438889215776146,0.42354608051865417
USDJPY,2021-10-13,113.612,113.805,113.17,113.27,1930,4420,0.1698764215047812,-0.3890434109072924,-0.3010245396613022,0.3911403267095515,5.0,3.0,1.0,2.0,1.3610857319567844,3.0089724757470524,-0.001497152232854515,1.3610857319567844,3.9802580420006883
USDJPY,2021-10-14,113.245,113.72,113.18,113.66,4750,650,0.4194445670890496,-0.0573976776016581,0.366462095456746,0.3918303793965363,6.0,1.0,3.0,2.0,1.5188385975269147,-4.539931999001055,-0.37514865824274635,1.5188385975269147,-4.635650507652977
USDJPY,2021-10-15,113.633,114.465,113.624,114.2,8320,90,0.7321816725775152,-0.0079202344389396,0.4989747696531881,0.3981453960156976,3.0,2.0,2.0,4.0,1.102884282984487,-0.35461378997815285,0.024693035346198447,1.102884282984487,-0.7445399366555834
USDJPY,2021-10-18,114.28,114.457,113.99,114.316,1770,2900,0.1548827441372003,-0.2537626881344121,0.0315015750787551,0.367800402764625,3.0,0.0,1.0,2.0,3.9028927552850927,-9.297036482152006,-1.798047908955638,3.856901633769915,-9.205054239121651
USDJPY,2021-10-19,114.32,114.398,113.85,114.362,780,4700,0.0682295311406604,-0.4111266620013986,0.0367389783065094,0.3591750768144488,3.0,0.0,0.0,3.0,3.2224337400402363,1.5703991311185697,0.5234663770395233,3.2224337400402363,1.5703991311185697
USDJPY,2021-10-20,114.36,114.7,114.05,114.333,3400,3100,0.2973067506121051,-0.2710738020286833,-0.0236096537250795,0.3569565867017021,1.0,0.0,1.0,1.0,0.1503378931352088,-0.3486759111743931,-0.12475345107740043,0.0991690090195921,-0.1743931777252017
USDJPY,2021-10-21,114.331,114.415,113.62,114.0,840,7110,0.0734708871609652,-0.6218785806124311,-0.2895102815509381,0.3674788265615173,0.0,0.0,2.0,3.0,1.867860512984261,0.92749879399659,0.25896566103655705,1.867860512984261,0.9291925665756995
USDJPY,2021-10-22,113.985,114.207,113.38,113.46,2220,6050,0.1947624687458825,-0.530771592753436,-0.460586919331496,0.3904966258427984,4.0,0.0,2.0,3.0,1.2345132367680631,2.351147013037257,0.37127984472005127,1.7722218650690795,3.124101072876971
USDJPY,2021-10-25,113.501,113.925,113.418,113.701,4240,830,0.373564990616816,-0.073127109012254,0.1762099012343403,0.3889356612214696,5.0,0.0,0.0,0.0,0.0,0.0,0.0,0.0,0.0
USDJPY,2021-10-26,113.704,114.312,113.68,114.15,6080,240,0.5347217336241505,-0.021107436853573,0.3922465348624606,0.3854610998537342,1.0,0.0,2.0,5.0,2.450407438293269,8.194429609719093,0.7890365163358167,2.450407438293269,8.194429609719093
USDJPY,2021-10-27,114.141,114.221,113.36,113.81,800,7810,0.0700887498795334,-0.6842414206989652,-0.2899922026265786,0.3892704391930938,2.0,0.0,3.0,2.0,1.9511296439513333,2.8645401471431806,0.22963539199915245,1.9511296439513333,2.736799043105731
USDJPY,2021-10-28,113.806,113.867,113.22,113.556,610,5860,0.0535999859409934,-0.5149113403511225,-0.2196720735286364,0.3630211585323518,5.0,1.0,3.0,3.0,0.6163136260154188,-3.858180012523482,-0.246059081492256,0.6163136260154188,-3.858180012523482
USDJPY,2021-10-29,113.561,114.096,113.36,114.0,5350,2010,0.4711124417713797,-0.1769973846655168,0.3865763774535209,0.3585711325365659,3.0,1.0,2.0,9.0,2.9376241407929458,-0.8068245362163895,0.0025636428284473603,2.9376241407929458,-0.43297563406025347
USDJPY,2021-11-01,114.102,114.45,113.92,113.995,3480,1820,0.3049902718620172,-0.1595064065485286,-0.0937757445092981,0.3609822084936966,3.0,1.0,0.0,5.0,4.789296271269135,0.4466092577462204,0.1192775191651414,2.575021391015236,-1.9057589021824963
USDJPY,2021-11-02,113.99,114.14,113.43,113.94,1500,5600,0.1315904903938992,-0.4912711641371945,-0.0438634967979622,0.3497126665888962,3.0,0.0,0.0,3.0,0.9742364743295452,0.12593787221431968,0.04197929073810656,0.9742364743295452,0.12593787221431968
USDJPY,2021-11-03,113.941,114.22,113.69,113.973,2790,2510,0.2448635697422318,-0.2202894480476779,0.0280847105080668,0.3481827718043093,2.0,3.0,1.0,2.0,1.5132777795915269,3.817662607708516,0.23954993129924188,1.5132777795915269,3.9121726449119043
USDJPY,2021-11-04,113.965,114.28,113.49,113.741,3150,4750,0.2764006493221583,-0.4167946299302492,-0.1965515728513172,0.3541517443656143,1.0,0.0,1.0,5.0,1.3606535676467146,-1.9443246382938295,-0.21811064571677818,1.3606535676467146,-2.3553841018662958
USDJPY,2021-11-05,113.742,114.031,113.27,113.4,2890,4720,0.2540838036960854,-0.4149742399465531,-0.3006804874188943,0.3475219101069743,3.0,3.0,0.0,1.0,1.0385154857866743,-4.668750069125636,-0.40113424841473205,0.8924147177328398,-4.230447764964132
USDJPY,2021-11-08,113.36,113.666,113.05,113.23,3060,3100,0.2699364855328135,-0.2734650670430507,-0.1146788990825648,0.2762582359558682,1.0,0.0,0.0,1.0,0.8238895364511081,-0.8238895364511081,-0.8238895364511081,0.8238895364511081,-0.8238895364511081
USDJPY,2021-11-09,113.207,113.291,112.69,112.87,840,5170,0.0742003586350695,-0.4566855406467762,-0.2976847721430557,0.276843852283914,6.0,1.0,2.0,6.0,2.7491910712620915,2.1094995717457388,0.2793110113075046,2.7491910712620915,0.6509593428273175
USDJPY,2021-11-10,112.836,114.015,112.74,113.9,11790,960,1.0448792938423923,-0.0850792300329714,0.9429614661987372,0.3453692080362276,4.0,3.0,3.0,5.0,2.9205194174585203,10.12122111212072,0.23553299983075035,2.9205194174585203,10.37005750167467
USDJPY,2021-11-11,113.902,114.157,113.78,114.055,2550,1220,0.2238766659057746,-0.1071096205509998,0.1343259995434722,0.3371440457670323,2.0,0.0,0.0,2.0,0.3626010716789567,-0.056271230153533136,-0.028135615076766568,0.3626010716789567,-0.056271230153533136
USDJPY,2021-11-12,114.054,114.301,113.73,113.846,2470,3240,0.2165640836796604,-0.2840759640170429,-0.1823697546776074,0.3196185500734231,4.0,0.0,2.0,1.0,0.9195379996401912,-2.6381150379687006,-0.44508480133641665,0.9195379996401912,-2.6381150379687006
USDJPY,2021-11-15,113.895,114.217,113.73,114.118,3220,1650,0.282716537161423,-0.144870275253516,0.1957943720093059,0.323083180134631,6.0,0.0,1.0,3.0,1.9145963197455995,-1.5103124338022806,-0.4326535416959126,1.095217895351105,-0.6909340094077859
USDJPY,2021-11-16,114.098,114.85,114.052,114.81,7520,460,0.6590825430769999,-0.0403162193903418,0.6240249609984428,0.3529579323067772,0.0,2.0,1.0,5.0,2.22812974609066,7.558470682677136,0.6878215748731953,2.22812974609066,7.232743318595122
USDJPY,2021-11-17,114.813,114.97,113.91,114.013,1570,9030,0.1367440969228192,-0.786496302683499,-0.6967852072500476,0.3875715858786263,4.0,0.0,1.0,5.0,0.834208550738564,-0.2981216064123488,0.021087489568682314,0.834208550738564,-0.14863792729178563
USDJPY,2021-11-18,114.078,114.487,113.85,114.243,4090,2280,0.3585266221357245,-0.1998632514595352,0.1446378793457038,0.3835419691212329,2.0,0.0,2.0,2.0,3.651815085119925,4.878291328382558,1.2290662810505857,3.2311348055383013,4.457611048800935
USDJPY,2021-11-19,114.24,114.541,113.56,113.988,3010,6800,0.2634803921568645,-0.5952380952380888,-0.2205882352941136,0.3717346253141308,6.0,0.0,0.0,1.0,0.2424328516577469,-0.2424328516577469,-0.2424328516577469,0.2424328516577469,-0.2424328516577469
USDJPY,2021-11-22,113.943,114.961,113.893,114.87,10180,500,0.8934291707257144,-0.0438815899177634,0.8135646770753857,0.4111987506678872,4.0,0.0,0.0,1.0,0.3661034632144049,0.3661034632144049,0.3661034632144049,0.3661034632144049,0.3661034632144049
USDJPY,2021-11-23,114.871,115.193,114.478,115.121,3220,3930,0.2803144396758126,-0.3421229030825889,0.2176354345309085,0.4053682972859863,4.0,0.0,2.0,1.0,0.561077643906062,-0.05893797535029706,-0.010877341674380392,0.5663888857166723,-0.09363724157202398
USDJPY,2021-11-24,115.119,115.523,114.81,115.413,4040,3090,0.3509411999756742,-0.2684178980011966,0.2553879029525942,0.4002027190561644,3.0,2.0,5.0,10.0,3.7806871845549455,-2.027517018923451,-0.043849782246207655,3.7806871845549455,-1.0257595947385556
USDJPY,2021-11-25,115.422,115.458,115.21,115.34,360,2120,0.0311898944741915,-0.1836738230146794,-0.0710436485245392,0.3959208183006006,0.0,0.0,0.0,1.0,0.5084440174183749,0.5084440174183749,0.5084440174183749,0.5084440174183749,0.5084440174183749
USDJPY,2021-11-26,115.326,115.37,113.02,113.346,440,23060,0.0381527149125185,-1.9995491042783045,-1.7168721710628911,0.5561174887831284,3.0,0.0,0.0,1.0,4.032898224785576,4.032898224785576,4.032898224785576,4.032898224785576,4.032898224785576
USDJPY,2021-11-29,113.693,113.96,112.96,113.524,2670,7330,0.2348429542715874,-0.6447186722137722,-0.1486459148760231,0.5565894090641254,2.0,0.0,1.0,1.0,0.6334725186447769,1.8258112097076145,0.614820932088098,0.6334725186447769,1.8258112097076145
USDJPY,2021-11-30,113.519,113.891,112.5,113.148,3720,10190,0.3276984469560161,-0.8976470899144684,-0.3268175371523791,0.5604981515429116,2.0,0.0,2.0,5.0,0.9110239188888524,-2.9322667562274174,-0.24208942456659072,0.9110239188888524,-2.8380142209350163
USDJPY,2021-12-01,113.148,113.628,112.64,112.765,4800,5080,0.4242231413723654,-0.4489694912857457,-0.3384947148866931,0.5639375933694677,4.0,2.0,1.0,6.0,2.031515408062858,-1.2907775635335543,-0.14785878514741427,1.901156769022876,-1.1730199178918839
USDJPY,2021-12-02,112.768,113.33,112.605,113.18,5620,1630,0.4983683314415416,-0.144544551645854,0.3653518728717421,0.5709472624252723,2.0,0.0,1.0,5.0,2.2192604268697007,1.4252614246372501,-0.13233316703874162,2.2192604268697007,2.1126985333381825
USDJPY,2021-12-03,113.108,113.613,112.53,112.76,5050,5780,0.4464759345050708,-0.5110160200869991,-0.3076705449658724,0.5711198948562299,5.0,4.0,0.0,2.0,2.2846700246363367,-5.668874476335224,-0.15980872083610415,2.0243595297432884,-4.790971806014285
USDJPY,2021-12-06,112.833,113.553,112.802,113.478,7200,310,0.638111190875009,-0.0274742318293333,0.5716412751588595,0.5865785410983887,3.0,0.0,0.0,0.0,0.0,0.0,0.0,0.0,0.0
USDJPY,2021-12-07,113.463,113.78,113.37,113.589,3170,930,0.2793862316349887,-0.0819650458739759,0.111049416990565,0.5828459271734768,3.0,0.0,0.0,8.0,1.4587012378669002,0.7611825925909954,0.09514782407387443,1.4587012378669002,1.636543595736928
USDJPY,2021-12-08,113.606,113.956,113.28,113.63,3500,3260,0.3080823195958035,-0.286956674823507,0.0211256447722839,0.5408131532123102,3.0,1.0,2.0,6.0,1.5881168098772964,0.478298059038584,-0.17561930807842796,1.5881168098772964,0.7478732499867282
USDJPY,2021-12-09,113.67,113.811,113.24,113.471,1410,4300,0.124043283188181,-0.3782880267440897,-0.1750681798187719,0.5403582648436858,3.0,0.0,2.0,5.0,2.697412489195749,-6.696117871517987,-0.5003563198075277,2.697412489195749,-6.954280386737191
USDJPY,2021-12-10,113.452,113.792,113.19,113.374,3400,2620,0.2996862109085811,-0.2309346684060223,-0.0687515425025587,0.5394146368177948,4.0,3.0,1.0,2.0,0.7807197782671025,0.011707849528644433,0.02245596534985572,0.7807197782671025,0.6131243981720462
USDJPY,2021-12-13,113.269,113.73,113.247,113.56,4610,220,0.4069957358147406,-0.0194227899955023,0.2569105403949861,0.5409768262819976,3.0,0.0,0.0,3.0,3.509990362734524,3.1149768259869672,1.0383256086623225,3.509990362734524,3.1149768259869672
USDJPY,2021-12-14,113.521,113.76,113.39,113.658,2390,1310,0.2105337338466048,-0.1153971511878861,0.1206825168911483,0.5200329547592688,4.0,1.0,1.0,2.0,0.1586270995387216,0.6768445067313025,0.10865046878264552,0.1586270995387216,0.6015125534527176
USDJPY,2021-12-15,113.707,114.275,113.6,114.001,5680,1070,0.4995294924674928,-0.0941015065035568,0.2585592795518404,0.5019912503463649,2.0,2.0,1.0,5.0,3.448361691902704,-3.596898566731028,-0.34839830993210935,3.448361691902704,-4.028656764119642
USDJPY,2021-12-16,113.986,114.247,113.53,113.67,2610,4560,0.2289754882178475,-0.4000491288403865,-0.2772270278806191,0.5039282516727803,3.0,1.0,5.0,7.0,1.503537712949356,2.170249986610671,0.16817855707529955,1.503537712949356,2.23294782343022
USDJPY,2021-12-17,113.594,113.859,113.11,113.612,2650,4840,0.2332869693821861,-0.4260788421923646,0.0158459073542622,0.5020649076409122,3.0,0.0,0.0,1.0,0.2940439343772604,-0.2940439343772604,-0.2940439343772604,0.2940439343772604,-0.2940439343772604
USDJPY,2021-12-20,113.612,113.731,113.3,113.571,1190,3120,0.104742456782734,-0.2746188782875027,-0.0360877372108552,0.4620724029635704,5.0,0.0,0.0,1.0,0.1350858813894724,0.1350858813894724,0.1350858813894724,0.0898492037285005,0.0898492037285005
USDJPY,2021-12-21,113.582,114.22,113.52,114.09,6380,620,0.5617087214523474,-0.054586113996934,0.4472539662974854,0.4721708327857169,3.0,0.0,0.0,1.0,0.1026810831375061,-0.1026810831375061,-0.1026810831375061,0.3899590048585777,-0.3899590048585777
USDJPY,2021-12-22,114.058,114.372,113.92,114.09,3140,1380,0.2752985323256526,-0.1209910747163769,0.0280559013835035,0.4670868838233731,4.0,0.0,3.0,2.0,0.6329713441416742,3.139100344987556,0.37886273318706515,0.6329713441416742,3.700290131598659
USDJPY,2021-12-23,114.068,114.47,114.04,114.38,4020,280,0.3524213626959366,-0.024546761580804,0.273521057614754,0.4731100913826692,3.0,1.0,2.0,7.0,1.1792422410318713,2.194276894837767,0.14313208411215997,1.1792422410318713,2.194276894837767
USDJPY,2021-12-24,114.371,114.513,114.27,114.35,1420,1010,0.1241573475793777,-0.0883090993346207,-0.0183612978814566,0.263427884690254,6.0,0.0,0.0,3.0,5.2251851403017735,5.605809120988656,1.8686030403295522,5.2251851403017735,5.605809120988656
USDJPY,2021-12-27,114.349,114.914,114.28,114.818,5650,690,0.4941013913545354,-0.0603415858468396,0.4101478806111064,0.2720116340158847,3.0,0.0,0.0,1.0,0.1640414217243274,0.1640414217243274,0.1640414217243274,0.1640414217243274,0.1640414217243274
USDJPY,2021-12-28,114.841,114.95,114.68,114.809,1090,1610,0.0949138373925765,-0.1401938332128657,-0.0278646128124942,0.2570586435771607,3.0,0.0,0.0,6.0,1.1270241795031837,2.530110573673689,0.4216850956122815,0.8157630294986922,2.2188494236691976
USDJPY,2021-12-29,114.813,115.038,114.64,114.903,2250,1730,0.1959708395390716,-0.1506798010678249,0.0783883358156336,0.2373541099159149,4.0,0.0,0.0,4.0,1.0495226714332084,-1.480302685020332,-0.370075671255083,1.2650134399510304,-1.695793453538154
USDJPY,2021-12-30,114.936,115.216,114.897,115.11,2800,390,0.2436138372659453,-0.0339319273334738,0.1513885988724093,0.2295715730866619,3.0,0.0,0.0,3.0,0.652049930542398,-0.9920194482510754,-0.33067314941702514,0.652049930542398,-0.9920194482510754
USDJPY,2021-12-31,115.033,115.198,114.97,115.068,1650,630,0.1434371006580651,-0.0547668929785386,0.0304260516547395,0.2102525810341491,5.0,0.0,0.0,0.0,0.0,0.0,0.0,0.0,0.0
USDJPY,2022-01-03,115.107,115.367,114.91,115.319,2600,1970,0.225876792897048,-0.1711451084643008,0.1841764619006692,0.1811804616714352,6.0,0.0,0.0,2.0,0.565690422616113,-0.4462881318772374,-0.2231440659386187,0.5430801740161,-0.4236778832772244
USDJPY,2022-01-04,115.298,116.352,115.256,116.14,10540,420,0.9141528907700064,-0.036427344793493,0.7302815313361886,0.231132901784946,3.0,2.0,0.0,3.0,1.9421176886442195,-9.89531102486146,-1.0189931044722704,1.9421176886442195,-9.987675586622668
USDJPY,2022-01-05,116.124,116.243,115.59,116.112,1190,5340,0.1024766628776134,-0.4598532603079396,-0.010333781130516,0.2319480347409094,1.0,1.0,0.0,5.0,2.5500627817232298,3.6436145059139116,0.5084877511673465,1.1572998976421371,2.199103559337507
USDJPY,2022-01-06,116.091,116.19,115.6,115.83,990,4910,0.085277928521594,-0.4229440697383946,-0.2248236297387357,0.2355031182711867,1.0,1.0,1.0,4.0,2.065744060588888,-4.8964458928541506,-0.2289413694996755,2.065744060588888,-5.716229084829014
USDJPY,2022-01-07,115.818,116.049,115.475,115.53,2310,3430,0.1994508625602313,-0.2961543110742747,-0.2486660104646917,0.2461323706792113,0.0,3.0,0.0,4.0,1.857417039887884,-5.263509211114128,-0.20426508971834997,1.6362641656254229,-4.482784255828281
USDJPY,2022-01-10,115.592,115.851,115.01,115.2,2590,5820,0.2240639490622191,-0.5034950515606561,-0.3391238147968682,0.2625750728336992,4.0,0.0,0.0,1.0,0.4368031667695016,0.4368031667695016,0.4368031667695016,0.4368031667695016,0.4368031667695016
USDJPY,2022-01-11,115.146,115.681,115.09,115.29,5350,560,0.4646275163705179,-0.0486339082556036,0.1250586212287057,0.2626149361780945,0.0,0.0,0.0,3.0,1.1339424639712354,-0.3745899561633096,-0.12486331872110319,1.1339424639712354,-0.3745899561633096
USDJPY,2022-01-12,115.291,115.485,114.35,114.631,1940,9410,0.1682698562767281,-0.8161955399814405,-0.5724644594981365,0.2960759119532098,0.0,3.0,2.0,3.0,0.5645914149491236,-1.2639705421613234,-0.06634329391222876,1.0575226310169488,0.41047523721332646
USDJPY,2022-01-13,114.627,114.704,113.97,114.178,770,6570,0.0671744004466645,-0.5731633908241484,-0.3917052701370515,0.3034640930360269,3.0,1.0,3.0,4.0,2.193155545282925,0.21153309210473137,-0.09653921530958859,2.193155545282925,1.118918840605427
USDJPY,2022-01-14,114.153,114.265,113.45,114.189,1120,7030,0.0981139348067898,-0.6158401443676494,0.0315366219021726,0.3034451609748639,6.0,2.0,2.0,5.0,6.420018016665516,-31.551436574729276,-1.3144541268356822,6.420018016665516,-32.64447477813964
USDJPY,2022-01-17,114.118,114.651,114.088,114.62,5330,300,0.4670604111533686,-0.0262885784889335,0.4398955467148123,0.3162967343597055,3.0,0.0,0.0,2.0,0.2305599435610276,-0.3032929221054622,-0.1516464610527311,0.2305599435610276,-0.3032929221054622
USDJPY,2022-01-18,114.606,115.058,114.42,114.61,4520,1860,0.3943947088285189,-0.1622951677922559,0.0034902186622034,0.3025879671311401,1.0,0.0,1.0,3.0,0.2940439343772604,-0.35203041838527693,-0.09802151995089783,0.2940439343772604,-0.35203041838527693
USDJPY,2022-01-19,114.596,114.788,114.17,114.318,1920,4260,0.1675451150127343,-0.3717407239345194,-0.2425913644455354,0.308792634666982,2.0,0.0,0.0,3.0,1.9674163079682032,3.427941520930872,1.142647173643624,1.9674163079682032,3.427941520930872
USDJPY,2022-01-20,114.319,114.547,113.93,114.077,2280,3890,0.1994419125429669,-0.3402758946456807,-0.2116883457692985,0.3068074132883993,1.0,0.0,4.0,2.0,3.6005444863909166,5.554839861880278,0.4579229510440254,3.6005444863909166,5.70915769704651
USDJPY,2022-01-21,114.087,114.15,113.57,113.674,630,5170,0.0552210155407736,-0.4531629370568164,-0.3620044352117215,0.3170386624193582,4.0,0.0,0.0,2.0,0.2424328516577469,-0.143231962143075,-0.0716159810715375,0.2424328516577469,-0.1846375826415912
USDJPY,2022-01-24,113.661,114.0,113.44,113.879,3390,2210,0.2982553382426678,-0.1944378458750175,0.1917984181029584,0.3048890656261796,3.0,0.0,2.0,1.0,2.322166276147412,-7.347339315798173,-1.172829362230322,2.336758272365321,-7.060352233233045
USDJPY,2022-01-25,113.884,114.16,113.64,113.858,2760,2440,0.2423518668118403,-0.2142530996452528,-0.0228302483228515,0.3048958163802045,6.0,0.0,1.0,4.0,0.2146917262866857,-0.5969303029820985,-0.07644771533908257,0.2146917262866857,-0.5969303029820985
USDJPY,2022-01-26,113.844,114.695,113.74,114.624,8510,1040,0.7475141421594454,-0.0913530796528576,0.6851480973964382,0.3442135576392312,6.0,0.0,1.0,4.0,1.124253668944312,2.5552664314901072,0.3752033937746561,1.124253668944312,2.491754993887558
USDJPY,2022-01-27,114.598,115.49,114.44,115.364,8920,1580,0.7783730955164976,-0.137873261313462,0.6684235326969103,0.3744767328108156,2.0,2.0,5.0,1.0,1.4308307049613225,-3.093045026745578,-0.21433493472432585,1.4308307049613225,-3.093045026745578
USDJPY,2022-01-28,115.368,115.685,115.09,115.178,3170,2780,0.2747729006310305,-0.2409680327300391,-0.1646903820816844,0.3768128655091639,2.0,1.0,1.0,5.0,1.4955423059442252,-6.952634786777187,-0.7337716989798685,1.4955423059442252,-6.952634786777187
USDJPY,2022-01-31,115.27,115.593,114.89,115.04,3230,3800,0.280211676932426,-0.3296607963910778,-0.1995315346577511,0.3774302633783574,1.0,0.0,1.0,4.0,0.4031406788917787,-0.29019568019089326,-0.10772441769916438,1.4733890229763276,-1.360444024275442
USDJPY,2022-02-01,115.038,115.193,114.53,114.683,1550,5080,0.1347380865453164,-0.4415932126775462,-0.3085936820876491,0.3404830851371873,1.0,2.0,0.0,7.0,3.191167886483362,7.849878070522452,0.9351553386372066,3.191167886483362,6.399922371619015
USDJPY,2022-02-02,114.743,114.803,114.13,114.437,600,6130,0.0522907715503362,-0.5342373826725809,-0.2666829349067023,0.3434192047416311,6.0,1.0,1.0,1.0,0.817064709960776,-2.566096528392912,-0.2588761758569984,0.817064709960776,-2.566096528392912
USDJPY,2022-02-03,114.433,114.99,114.29,114.952,5570,1430,0.4867477038965926,-0.1249639527059508,0.4535404996810284,0.3604525720992143,4.0,1.0,1.0,7.0,1.205063869451927,-4.236362068164905,-0.18160382055773797,1.205063869451927,-3.9601220522137757
USDJPY,2022-02-04,114.957,115.431,114.74,115.25,4740,2170,0.4123280878937375,-0.1887662343310966,0.2548779108710269,0.3624397276095408,3.0,3.0,0.0,0.0,0.8134618750268303,2.112005391837716,0.23466726575974625,0.7898294182703866,2.0411080215683857
USDJPY,2022-02-07,115.215,115.38,114.88,115.11,1650,3350,0.1432105194636046,-0.2907607516382484,-0.0911339669313926,0.354799544805212,5.0,0.0,0.0,1.0,0.321593903918303,0.321593903918303,0.321593903918303,0.321593903918303,0.321593903918303
USDJPY,2022-02-08,115.087,115.63,115.03,115.529,5430,570,0.4718169732463199,-0.0495277485728207,0.3840572784067645,0.3641691160093174,3.0,0.0,0.0,9.0,2.9674694950656653,-5.764425369186554,-0.6404917076873949,2.9674694950656653,-5.739643341236291
USDJPY,2022-02-09,115.528,115.683,115.29,115.51,1550,2380,0.1341666089605993,-0.2060106640814344,-0.015580638459941,0.3372689217930224,5.0,0.0,2.0,3.0,0.5366359937532671,-0.3415873336015923,0.0009286524068467805,0.7819493416506519,0.8415005534648298
USDJPY,2022-02-10,115.503,116.34,115.448,115.959,8370,550,0.7246565024285112,-0.0476178107927991,0.3947949403911613,0.3298346063331486,0.0,3.0,2.0,3.0,0.9914163211758552,-0.4268611718586883,-0.04248876680511238,1.6680639003113762,1.3940463774597478
USDJPY,2022-02-11,115.959,116.174,114.99,115.383,2150,9690,0.1854103605584761,-0.8356401831681959,-0.496727291542707,0.354260804742379,4.0,0.0,1.0,2.0,2.6099478385058354,0.32808268451315387,0.48369729050782007,2.6099478385058354,0.32808268451315387
USDJPY,2022-02-14,115.329,115.75,114.98,115.54,4210,3490,0.3650426172081666,-0.3026125259041434,0.1829548509048138,0.3440689710566066,3.0,0.0,0.0,0.0,0.0,0.0,0.0,0.0,0.0
USDJPY,2022-02-15,115.508,115.874,115.22,115.61,3660,2880,0.3168611697891052,-0.2493333795061785,0.0883055719084426,0.3440939577080725,3.0,1.0,2.0,3.0,2.0327717999323958,9.480868856791028,0.758918326367857,2.0479115273971464,8.790249369460916
USDJPY,2022-02-16,115.648,115.791,115.32,115.515,1430,3280,0.1236510791366912,-0.2836192584394049,-0.1150041505257294,0.3396137328114735,0.0,2.0,2.0,6.0,4.747615234906282,18.452339526748442,1.0805909449440374,4.679764612347695,18.114423955236024
USDJPY,2022-02-17,115.523,115.538,114.82,114.94,150,7030,0.0129844273434732,-0.6085368281640912,-0.5046614094163053,0.357457200886672,3.0,0.0,2.0,5.0,1.5989602275747634,2.4510999480657736,0.146062030289311,1.5989602275747634,2.622398826477317
USDJPY,2022-02-18,114.941,115.3,114.76,114.992,3590,1810,0.3123341540442441,-0.1574720943788529,0.0443705901288504,0.3448616199560968,2.0,0.0,1.0,2.0,1.8094126030077968,1.9449277059575394,0.04517170098324774,1.8094126030077968,1.9793770172756449
USDJPY,2022-02-21,115.01,115.124,114.68,114.727,1140,3300,0.0991218154942962,-0.286931571167723,-0.2460655595165648,0.3497933946833702,5.0,0.0,0.0,1.0,1.448775194797008,-1.448775194797008,-1.448775194797008,2.4950133363290665,-2.4950133363290665
USDJPY,2022-02-22,114.74,115.242,114.47,115.07,5020,2700,0.4375108941955809,-0.2353146243681332,0.28760676311661,0.3538974751617822,3.0,0.0,3.0,5.0,2.1883017680284027,6.38832674349085,0.3664109478083956,2.197479470514806,6.2865620887523495
USDJPY,2022-02-23,115.043,115.201,114.89,114.973,1580,1530,0.1373399511486896,-0.1329937501629875,-0.0608468138000637,0.321453522932525,6.0,0.0,0.0,0.0,0.0,0.0,0.0,0.0,0.0
USDJPY,2022-02-24,114.957,115.7,114.38,115.494,7430,5770,0.6463286272258403,-0.5019268074149449,0.4671311881834131,0.3024928230474927,3.0,1.0,2.0,3.0,0.912655016231927,-1.4067911296299302,-0.17020074465704274,0.912655016231927,-1.4695905312790665
USDJPY,2022-02-25,115.494,115.761,115.12,115.548,2670,3740,0.2311808405631426,-0.3238263459573616,0.0467556756195144,0.2999561952874288,2.0,1.0,3.0,5.0,2.9697365842606147,3.6577863589467077,0.36234156234656273,2.9697365842606147,3.6577863589467077
USDJPY,2022-02-28,115.229,115.78,114.83,114.997,5510,3990,0.4781782363814681,-0.3462669987589937,-0.2013382047921958,0.3000244604804613,3.0,0.0,1.0,5.0,1.2685111654656382,-3.5002153734974355,-0.3719507013386329,1.2685111654656382,-3.6057264089031045
USDJPY,2022-03-01,114.957,115.29,114.67,114.893,3330,2870,0.2896735301025711,-0.2496585679862835,-0.0556729907704558,0.2908624974651476,6.0,1.0,0.0,6.0,0.9576260325697034,-0.600861878130525,-0.27052413862809105,1.0342574802143925,-0.8701822373753447
USDJPY,2022-03-02,114.888,115.687,114.76,115.489,7990,1280,0.6954599261889773,-0.1114128542580601,0.5231181672585467,0.3022084959841108,3.0,1.0,1.0,2.0,0.1811139304871576,-0.38155381883014283,-0.0119152999461214,0.1811139304871576,-0.38155381883014283
USDJPY,2022-03-03,115.516,115.81,115.35,115.457,2940,1660,0.2545101977215251,-0.1437030368087633,-0.0510751757332418,0.2890174106294912,0.0,1.0,1.0,8.0,1.1528278265603142,-4.491490833212234,-0.11408913517037456,1.2747786846810454,-4.83770436001101
USDJPY,2022-03-04,115.46,115.557,114.62,114.763,970,8400,0.0840117789710795,-0.7275246838731936,-0.6036722674519215,0.3180082421443325,5.0,3.0,0.0,1.0,1.267807920935013,-5.964158005725817,-0.3091758038932874,1.1006925631427629,-5.774073082353557
USDJPY,2022-03-07,114.925,115.472,114.79,115.258,5470,1350,0.4759625842941022,-0.1174679138568552,0.2897541875135944,0.32368908772893,5.0,0.0,0.0,0.0,0.0,0.0,0.0,0.0,0.0
USDJPY,2022-03-08,115.292,115.791,115.23,115.638,4990,620,0.4328140720951976,-0.0537764979356743,0.3001075529958745,0.3192043707609977,4.0,0.0,0.0,10.0,2.083061364053533,-1.6686392067381854,-0.16686392067381856,2.083061364053533,-2.000431137871269
USDJPY,2022-03-09,115.635,115.95,115.53,115.802,3150,1050,0.2724088727461389,-0.0908029575820504,0.1444199420590665,0.32043419837937,5.0,1.0,2.0,4.0,0.4094661714039549,-2.0210300251212283,-0.17456101979757785,0.6361997380312269,-2.200805357511424
USDJPY,2022-03-10,115.814,116.2,115.758,116.13,3860,560,0.3332930388381456,-0.0483533942355823,0.2728512960436584,0.3140583399658547,6.0,3.0,2.0,2.0,0.8432998152218578,0.43628023219691126,0.05776379064784979,0.8432998152218578,0.9675404554725764
USDJPY,2022-03-11,116.133,117.36,116.052,117.268,12270,810,1.0565472346361533,-0.069747616956411,0.9773277190807136,0.3574598425267594,6.0,1.0,0.0,4.0,4.148626483417657,1.388108693140583,0.5310691296899215,4.148626483417657,1.388108693140583
USDJPY,2022-03-14,117.335,118.22,117.29,118.182,8850,450,0.7542506498487281,-0.038351727958399,0.7218647462394072,0.3842010986803287,3.0,0.0,0.0,0.0,0.0,0.0,0.0,0.0,0.0
USDJPY,2022-03-15,118.178,118.451,117.68,118.302,2730,4980,0.2310074633180424,-0.4213982297889543,0.104926466855091,0.3841554139200213,5.0,1.0,2.0,0.0,0.5569260253004594,-2.639182383079958,-0.3985658967572469,0.5569260253004594,-2.732078137910956
USDJPY,2022-03-16,118.294,119.122,118.15,118.761,8280,1440,0.6999509696180728,-0.1217306034118309,0.3947791096758912,0.3848565607971093,3.0,3.0,1.0,6.0,3.6450606346569225,9.108806788360486,0.2322434338684552,3.6450606346569225,8.832796063699687
USDJPY,2022-03-17,118.75,119.026,118.34,118.599,2760,4100,0.2324210526315757,-0.345263157894734,-0.1271578947368389,0.3598892711910041,6.0,0.0,3.0,5.0,0.8718359637655705,-1.9012007059642895,-0.0870231451254196,0.8718359637655705,-1.904990088900751
USDJPY,2022-03-18,118.601,119.4,118.44,119.17,7990,1610,0.6736874056711213,-0.1357492769875476,0.4797598671174801,0.3655574562204139,4.0,0.0,1.0,4.0,2.967778875120776,-3.187473354268239,-0.3199870679108252,2.967778875120776,-3.29921718426944
USDJPY,2022-03-21,119.135,119.5,119.07,119.461,3650,650,0.3063751206614302,-0.054559952994512,0.2736391488647277,0.3516419136054818,6.0,0.0,0.0,0.0,0.0,0.0,0.0,0.0,0.0
USDJPY,2022-03-22,119.459,121.033,119.41,120.815,15740,490,1.3176068776735097,-0.0410182573100449,1.1351174880084334,0.4081167869213953,4.0,0.0,0.0,1.0,4.929080873791287,4.929080873791287,4.929080873791287,4.929080873791287,4.929080873791287
USDJPY,2022-03-23,120.823,121.414,120.56,121.119,5910,2630,0.4891452786307311,-0.217673787275594,0.2449864678082869,0.4014694979457183,6.0,0.0,1.0,2.0,0.4783506666872805,-0.2168901695475886,-0.01173249407108449,0.4783506666872805,-0.2168901695475886
USDJPY,2022-03-24,121.123,122.41,120.92,122.34,12870,2030,1.0625562444787462,-0.1675982265961072,1.0047637525490607,0.4323921005596697,2.0,0.0,5.0,3.0,1.8253976279504165,-2.3070981115113964,-0.10910060239708395,1.8253976279504165,-1.904085829586629
USDJPY,2022-03-25,122.356,122.434,121.16,122.06,780,11960,0.0637484062898451,-0.9774755631109208,-0.2419170289973456,0.4456851248524128,6.0,0.0,1.0,4.0,1.056045631315683,-0.07003354410544582,0.07711277048561904,1.056045631315683,-0.07003354410544582
USDJPY,2022-03-28,122.04,125.103,122.006,123.89,30630,340,2.5098328416912388,-0.0278597181252097,1.5158964274008475,0.5091107974718477,0.0,0.0,0.0,2.0,0.532155786481691,0.688313916412254,0.344156958206127,0.532155786481691,0.6666671684562442
USDJPY,2022-03-29,123.879,124.303,121.96,122.88,4240,19190,0.3422694726305446,-1.549092259382148,-0.8064320829196308,0.5662468422280295,0.0,1.0,1.0,3.0,0.8747351749664257,-0.4216115410416518,-0.13034066447610138,0.7804826396740245,-0.32735900574925064
USDJPY,2022-03-30,122.872,123.205,121.28,121.863,3330,15920,0.2710137378735582,-1.2956572693534725,-0.8211797643075723,0.6191389266311393,3.0,1.0,2.0,2.0,0.6248948117364752,-0.9440951245233489,-0.12982733807355698,0.6248948117364752,-0.5914991438345343
USDJPY,2022-03-31,121.86,122.454,121.25,121.68,5940,6100,0.4874446085672034,-0.5005744296733953,-0.1477104874446025,0.62206807075899,5.0,1.0,2.0,6.0,1.4696415769621998,5.146244558207856,0.4353573480640622,1.4696415769621998,5.146244558207856
USDJPY,2022-04-01,121.672,123.034,121.651,122.49,13620,210,1.1194029850746343,-0.0172595173910191,0.6722992964691941,0.5941058476686342,3.0,4.0,0.0,7.0,2.1431316192463665,0.47559718893236425,0.10374387299023707,2.1431316192463665,1.1903072611794057
USDJPY,2022-04-04,122.542,122.958,122.259,122.779,4160,2830,0.3394754451534958,-0.2309412283135588,0.1934030781283109,0.5947492398062932,5.0,0.0,0.0,2.0,0.4248801856442977,-0.20927988173200848,-0.10463994086600424,0.4248801856442977,-0.20927988173200848
USDJPY,2022-04-05,122.781,123.672,122.35,123.6,8910,4310,0.7256823124098933,-0.3510315113902082,0.6670413174676769,0.599916164832739,3.0,1.0,0.0,5.0,1.487803355148521,0.1402163665977316,-0.17875177320577326,1.3998555785093143,0.060029172641522605
USDJPY,2022-04-06,123.59,124.051,123.44,123.769,4610,1500,0.3730075248806526,-0.1213690428028203,0.1448337244113618,0.5999093285368934,3.0,0.0,0.0,1.0,0.3442222006448816,0.3442222006448816,0.3442222006448816,0.3442222006448816,0.3442222006448816
USDJPY,2022-04-07,123.778,124.003,123.44,123.945,2250,3380,0.1817770524648922,-0.2730695277028293,0.134918967829491,0.6014275689813094,4.0,0.0,1.0,3.0,1.0238532167585126,-1.6527410479964684,-0.32877428137542297,1.088436855609227,-1.4265866986272284
USDJPY,2022-04-08,123.95,124.68,123.64,124.32,7300,3100,0.5889471561113384,-0.2501008471157743,0.2985074626865593,0.5815656841059645,6.0,0.0,0.0,5.0,2.303525349099197,2.479665307548186,0.4959330615096372,2.303525349099197,1.0783549410207693
USDJPY,2022-04-11,124.207,125.771,124.15,125.35,15640,570,1.2591882905150331,-0.0458911333499625,0.9202379898073384,0.5908976003399091,3.0,0.0,0.0,1.0,0.0393316858405713,-0.0393316858405713,-0.0393316858405713,0.0393316858405713,-0.0393316858405713
USDJPY,2022-04-12,125.372,125.76,124.74,125.373,3880,6320,0.3094789905242041,-0.5040997989981854,0.0007976262642414,0.5931800865694022,4.0,3.0,1.0,5.0,2.6653328002603294,4.682157423931,0.45563240568291913,3.975050448360889,10.122892648762127
USDJPY,2022-04-13,125.366,126.318,125.32,125.67,9520,460,0.7593765454748482,-0.0366925641721092,0.2424899893112981,0.5928339014850089,3.0,1.0,2.0,3.0,1.7089922033569476,6.775501959351772,0.48788643715505997,2.6110227008984235,8.729769577601287
USDJPY,2022-04-14,125.67,126.014,125.06,125.907,3440,6100,0.273732792233623,-0.4853982652980022,0.188589162091187,0.5853187691467976,4.0,2.0,2.0,4.0,1.7080622553152334,7.79557158544687,0.527431678499106,1.7080622553152334,7.395187426091644
USDJPY,2022-04-15,125.908,126.681,125.876,126.439,7730,320,0.6139403373892017,-0.0254153826603523,0.4217365060202622,0.5845502760777992,5.0,0.0,1.0,2.0,1.158829905953329,2.372501008326283,0.6215699541191457,1.158829905953329,2.3645227104287136
USDJPY,2022-04-18,126.412,127.111,126.23,127.079,6990,1820,0.5529538334968184,-0.1439736733854398,0.5276397810334362,0.5866548053901681,6.0,0.0,0.0,1.0,0.1915738277819547,-0.1915738277819547,-0.1915738277819547,0.1915738277819547,-0.1915738277819547
USDJPY,2022-04-19,127.09,128.973,126.97,128.922,18830,1200,1.4816271933275709,-0.094421276260921,1.4414981509166682,0.6126279559971171,1.0,0.0,0.0,3.0,6.620207296437866,6.653511515101376,2.2178371717004586,6.620207296437866,6.653511515101376
USDJPY,2022-04-20,128.929,129.405,127.43,127.951,4760,14990,0.3691954486577877,-1.1626554149958468,-0.7585570352674795,0.6592883827667938,4.0,0.0,1.0,3.0,2.0187431141785277,-3.220914786001898,-0.6844759660169062,2.0187431141785277,-3.0687354737446904
USDJPY,2022-04-21,127.959,128.705,127.78,128.36,7460,1790,0.5829992419446927,-0.1398885580537532,0.3133816300533846,0.6370331974796991,3.0,0.0,2.0,2.0,1.2179562962384465,0.5459158182931333,0.19655057123254593,1.2179562962384465,0.5355417608105077
USDJPY,2022-04-22,128.377,129.11,127.71,128.425,7330,6670,0.5709745515162404,-0.5195634732078299,0.0373898751333975,0.628796635971823,2.0,0.0,2.0,2.0,1.1242424444075083,-1.066036639679385,-0.14796617294208633,1.132521506297474,-1.4342667805982008
USDJPY,2022-04-25,128.496,128.865,127.49,128.132,3690,10060,0.2871684721703397,-0.7829037479766019,-0.2832773004607181,0.5650320831775903,0.0,0.0,0.0,1.0,0.9016667982079312,0.9016667982079312,0.9016667982079312,0.9016667982079312,0.9016667982079312
USDJPY,2022-04-26,128.13,128.224,127.0,127.204,940,11300,0.0733629907125529,-0.8819168032466991,-0.7227035042534941,0.5576839801680985,6.0,0.0,3.0,6.0,1.2500818957774615,0.9347794468087721,-0.04408595965202754,1.2500818957774615,1.036404958197482
USDJPY,2022-04-27,127.191,128.591,126.93,128.47,14000,2610,1.1007068110165072,-0.2052031983395017,1.005574293778645,0.5353346789353393,6.0,0.0,0.0,4.0,1.0707858317696417,-0.8188505856968745,-0.20471264642421863,1.2896951970543709,-1.0377599509816036
USDJPY,2022-04-28,128.48,131.251,128.32,130.847,27710,1600,2.156755915317571,-0.1245330012453273,1.8423100871731155,0.6309987576467827,1.0,1.0,2.0,5.0,0.8596849135608984,-3.0488958815086904,-0.1438794422154888,0.8596849135608984,-3.0488958815086904
USDJPY,2022-04-29,130.839,130.952,129.29,129.83,1130,15490,0.0863656860721952,-1.183897767485235,-0.7711767897950811,0.6749501640813141,4.0,1.0,1.0,5.0,1.2799519555652823,-1.5028665647963662,-0.06992022689363424,1.2799519555652823,-1.5028665647963662
USDJPY,2022-05-02,129.861,130.477,129.58,130.202,6160,2810,0.4743533470403076,-0.2163852118803778,0.2625884599687421,0.6745941876883853,3.0,1.0,0.0,5.0,1.3907230096163126,-5.077090968743488,-0.5107414628266548,1.307467094451473,-5.093864293257349
USDJPY,2022-05-03,130.198,130.292,129.67,130.099,940,5280,0.0721977296118174,-0.4055361833515261,-0.076038034378422,0.6735273269588221,1.0,1.0,0.0,2.0,4.634552255110592,7.077888693248722,2.065697921647271,4.634552255110592,7.077888693248722
USDJPY,2022-05-04,130.107,130.385,128.6,129.145,2780,15070,0.2136702867639647,-1.1582774178176465,-0.7393914239817913,0.7094468651172501,5.0,2.0,1.0,3.0,3.5658977753004995,10.24011554341156,0.6939919730463946,3.5658977753004995,9.371470212129841
USDJPY,2022-05-05,129.158,130.559,128.73,130.173,14010,4280,1.0847179423651734,-0.3313770730423181,0.7858591802288785,0.7204582256302771,4.0,0.0,1.0,5.0,2.770417391587164,4.252171919622642,0.4354497324524132,2.770417391587164,4.252171919622642
USDJPY,2022-05-06,130.199,130.81,130.07,130.56,6110,1290,0.4692816381078118,-0.0990791019900453,0.2772678745612408,0.7203937596195021,3.0,3.0,0.0,2.0,2.703946174129374,0.9272265911931721,0.4314224802668957,2.703946174129374,1.0503100492784447
USDJPY,2022-05-09,130.57,131.347,130.09,130.333,7770,4800,0.5950830971892589,-0.3676189017385232,-0.1815118327333957,0.7081271158073194,3.0,0.0,0.0,2.0,0.2217988649696727,-0.09495206131234338,-0.04747603065617169,0.2217988649696727,-0.09495206131234338
USDJPY,2022-05-10,130.356,130.579,129.77,130.418,2230,5860,0.171069992942414,-0.4495381877320448,0.0475620608180765,0.7075439454709804,2.0,0.0,0.0,4.0,1.3955830855944298,-1.072584503438685,-0.26814612585967124,1.3955830855944298,-1.6535673672684363
USDJPY,2022-05-11,130.421,130.812,129.42,129.956,3910,10010,0.2997983453585079,-0.767514434025199,-0.3565376741475708,0.7179438732633784,0.0,3.0,0.0,4.0,1.3610857319567844,3.1340903104664517,0.389301249417739,1.3610857319567844,3.5484959836390138
USDJPY,2022-05-12,129.962,130.054,127.49,128.417,920,24720,0.0707899232083324,-1.9020944583801376,-1.1888090364875792,0.7788520492949197,5.0,1.0,2.0,6.0,3.2324594149453474,2.1977039303449146,0.388173358248389,3.2324594149453474,2.2279353777536115
USDJPY,2022-05-13,128.407,129.454,128.32,129.185,10470,870,0.815376108779114,-0.0677533156292238,0.6058859719485632,0.7839989181645125,3.0,0.0,1.0,3.0,1.299483020705998,-3.066896468728662,-0.441853362005666,1.299483020705998,-3.066896468728662
USDJPY,2022-05-16,129.35,129.64,128.67,129.062,2900,6800,0.2241979126401175,-0.5257054503285712,-0.2226517201391438,0.7805762671671,3.0,0.0,1.0,2.0,0.0988348660677863,-0.21000655549929959,-0.06628481524100056,0.0988348660677863,-0.21000655549929959
USDJPY,2022-05-17,129.057,129.78,128.8,129.36,7230,2570,0.5602175782793752,-0.1991368155156067,0.2347799809386749,0.7123056942817599,1.0,2.0,0.0,6.0,1.3452815192538636,-0.4542393609439225,0.020976064151387183,1.3452815192538636,-0.8589433334522644
USDJPY,2022-05-18,129.352,129.536,127.98,128.305,1840,13720,0.1422475106685613,-1.0606716556373306,-0.8094192590760073,0.7152621687340888,2.0,0.0,0.0,6.0,0.8865661389433688,-1.3699380317816403,-0.22832300529694005,0.5794898070684978,-0.9878454704513989
USDJPY,2022-05-19,128.301,128.944,126.99,127.713,6430,13110,0.5011652286420221,-1.0218158860803837,-0.4582972852900553,0.7184474123727822,3.0,0.0,3.0,4.0,1.7739956863499162,0.6815602860810588,-0.048416779069838656,1.6634355685177002,1.0091246465548
USDJPY,2022-05-20,127.718,128.298,127.5,127.85,5800,2180,0.4541254952316809,-0.170688548207773,0.1033526989147894,0.7189510091587595,3.0,0.0,0.0,1.0,1.978786957575808,1.978786957575808,1.978786957575808,1.978786957575808,1.978786957575808
USDJPY,2022-05-23,127.845,128.059,127.12,127.9,2140,7250,0.1673901990691843,-0.5670929641362543,0.0430208455551697,0.7166528933554902,1.0,0.0,0.0,0.0,0.0,0.0,0.0,0.0,0.0
USDJPY,2022-05-24,127.893,128.087,126.33,126.83,1940,15630,0.1516893027765307,-1.2221153620604743,-0.8311635507807327,0.7226678523468852,4.0,0.0,2.0,4.0,1.863448049459545,-5.279924126301502,-0.6104032974845203,1.863448049459545,-5.301576044620022
USDJPY,2022-05-25,126.826,127.495,126.63,127.242,6690,1960,0.527494362354731,-0.1545424439783624,0.3280084525255161,0.686994392108127,3.0,0.0,2.0,1.0,0.6659396252507461,-1.2385166333372772,-0.17571322686035742,0.6659396252507461,-1.2385166333372772
USDJPY,2022-05-26,127.249,127.582,126.52,127.093,3330,7290,0.2616916439421908,-0.5728925178193929,-0.1225942836485879,0.522048025028638,3.0,1.0,2.0,3.0,1.6016897706025253,-0.41215888312271365,0.07641578766104169,1.6016897706025253,-1.7881367208104237
USDJPY,2022-05-27,127.093,127.255,126.65,127.085,1620,4430,0.1274657140833814,-0.3485636502403734,-0.0062946031646194,0.5020476519426683,5.0,1.0,1.0,6.0,1.183895948342898,-2.2888053865982547,-0.1322655271094925,1.3274843360705029,-2.1452169988706498
USDJPY,2022-05-30,127.122,127.826,126.83,127.63,7040,2920,0.5537987130473038,-0.22970060257076,0.3996161168011796,0.508370098653842,6.0,0.0,0.0,0.0,0.0,0.0,0.0,0.0,0.0
USDJPY,2022-05-31,127.622,128.892,127.5,128.687,12700,1220,0.9951262321543276,-0.0955948034038017,0.8344956198774599,0.5504474534583322,6.0,0.0,1.0,8.0,1.1322596798405,-1.4973464219636248,-0.12739279380469812,1.1322596798405,-0.967403357506644
USDJPY,2022-06-01,128.688,130.189,128.6,130.132,15010,880,1.1663869203033732,-0.0683824443615518,1.122093746114647,0.5862435928673909,2.0,2.0,0.0,6.0,1.7558874650157386,-5.138872435541904,-0.548370733925986,1.7558874650157386,-5.144306946276068
USDJPY,2022-06-02,130.138,130.241,129.49,129.854,1030,6480,0.079146751909518,-0.4979329634695447,-0.2182298790514621,0.5605590687259133,6.0,1.0,1.0,8.0,0.6748863007556928,-4.074527524404304,-0.2910986361212342,0.6748863007556928,-4.090511494139123
USDJPY,2022-06-03,129.851,130.979,129.66,130.86,11280,1910,0.8686879577361856,-0.1470916666024924,0.7770444586487701,0.5851089448648161,6.0,3.0,1.0,1.0,0.4432429031136236,-2.2108057601656843,-0.22385286767912538,0.4432429031136236,-1.9960878100259682
USDJPY,2022-06-06,130.85,132.012,130.4,131.895,11620,4500,0.8880397401604938,-0.3439052350019019,0.7986243790600046,0.6092135709505077,5.0,0.0,0.0,0.0,0.0,0.0,0.0,0.0,0.0
USDJPY,2022-06-07,131.901,133.001,131.87,132.63,11000,310,0.8339588024351553,-0.0235024753413589,0.5526872427047445,0.6193182869513376,6.0,0.0,0.0,5.0,0.7621628648110748,0.35700896095943363,0.07140179219188672,1.0867193981763263,1.4372442447050169
USDJPY,2022-06-08,132.628,134.477,132.57,134.222,18490,580,1.3941249208312108,-0.0437313387821521,1.201857827909659,0.6584015681340174,3.0,0.0,0.0,9.0,1.2838527832965947,-1.0446089787876613,-0.11606766430974015,1.2838527832965947,-1.435364207411345
USDJPY,2022-06-09,134.221,134.557,133.16,134.39,3360,10610,0.250333405353845,-0.7904873305965586,0.1259117425738019,0.5776163792737388,3.0,0.0,1.0,4.0,2.0621287142254987,4.165357740537903,0.4206458052624808,2.0621287142254987,4.500794606389855
USDJPY,2022-06-10,134.383,134.483,133.34,134.42,1000,10430,0.0744141744119377,-0.7761398391165596,0.0275332445324019,0.5718842542169437,3.0,3.0,1.0,3.0,2.005385892354783,-0.44846906874588,-0.1659324746242861,2.005385892354783,-0.16712730672863305
USDJPY,2022-06-13,134.4,135.197,133.56,134.399,7970,8400,0.5930059523809501,-0.6250000000000026,-0.0007440476190511,0.5654917051325381,6.0,0.0,0.0,1.0,0.2845521239495112,-0.2845521239495112,-0.2845521239495112,0.2845521239495112,-0.2845521239495112
USDJPY,2022-06-14,134.409,135.6,133.85,135.565,11910,5590,0.8861013771399255,-0.4158947689514821,0.8600614542181,0.5841937106029743,0.0,1.0,1.0,3.0,1.1165053340413411,-0.9143474603231203,-0.24153343044231793,1.1165053340413411,-0.9808975128254989
USDJPY,2022-06-15,135.565,135.579,133.48,133.81,140,20850,0.0103271493379633,-1.5380075978313046,-1.2945819348651906,0.6375421988660863,0.0,3.0,1.0,6.0,2.5862573907647604,6.588829966649285,0.19095983156418553,2.5862573907647604,6.116326265321205
USDJPY,2022-06-16,133.815,134.678,131.46,132.288,8630,23550,0.6449202256847136,-1.7598923887456488,-1.1411276762694669,0.6913468272122484,6.0,0.0,2.0,5.0,1.7515607131539468,-4.077961868218519,-0.5166093118580654,1.7515607131539468,-3.9172239054804967
USDJPY,2022-06-17,132.293,135.425,132.15,134.96,31320,1430,2.367472201854977,-0.1080933987436982,2.015979681464629,0.8036436809924611,3.0,0.0,0.0,4.0,0.3328418386981763,-0.6285887477509096,-0.1571471869377274,0.3338330242610597,-0.664089650919889
USDJPY,2022-06-20,134.993,135.441,134.5,135.091,4480,4930,0.3318690598771844,-0.3652041216951953,0.0725963568481426,0.803224146092883,6.0,0.0,0.0,0.0,0.0,0.0,0.0,0.0,0.0
USDJPY,2022-06-21,135.095,136.708,134.89,136.654,16130,2050,1.193974610459306,-0.15174506828529,1.1540027388134255,0.7816939455205115,2.0,0.0,1.0,0.0,0.6518859084523159,-1.3037718169046315,-0.6518859084523159,0.6518859084523159,-1.3037718169046315
USDJPY,2022-06-22,136.651,136.713,135.65,136.121,620,10010,0.045371054730652,-0.7325229965386311,-0.3878493388266468,0.8000998782884239,1.0,0.0,0.0,0.0,0.0,0.0,0.0,0.0,0.0
USDJPY,2022-06-23,136.123,136.2,134.24,134.927,770,18830,0.0565664876618926,-1.3833077437317585,-0.8786171330340927,0.839903064733287,3.0,0.0,3.0,3.0,2.6843240404137747,-7.215648139541135,-0.6400168569219936,2.5112862812411567,-8.646293623413605
USDJPY,2022-06-24,134.923,135.4,134.33,135.17,4770,5930,0.3535349792103673,-0.4395099427080552,0.1830673791718133,0.8373229516426507,3.0,0.0,1.0,4.0,0.9974054263826342,-0.023192438653635045,0.07579709330618215,0.9974054263826342,-0.023192438653635045
USDJPY,2022-06-27,135.16,135.551,134.49,135.435,3910,6700,0.2892867712340863,-0.4957087895827075,0.2034625628884327,0.8373695306567827,4.0,0.0,3.0,0.0,0.1421923524269042,0.5275239049336551,0.08792065082227585,0.1421923524269042,0.5275239049336551
USDJPY,2022-06-28,135.417,136.384,135.08,136.122,9670,3370,0.7140905499309426,-0.2488609258807897,0.5206141031037554,0.8297395073677096,4.0,1.0,1.0,5.0,0.7429075136194335,-2.302188691242942,-0.1076169676868909,0.7429075136194335,-2.3099882672845733
USDJPY,2022-06-29,136.124,137.003,135.76,136.534,8790,3640,0.6457347712379821,-0.2674032499779644,0.301195968381767,0.8061039271425906,2.0,0.0,1.0,5.0,0.8886028363867154,-1.5229187957586856,-0.2116239740415562,1.411554588204008,-2.297367621809607
USDJPY,2022-06-30,136.515,136.811,135.52,135.733,2960,9950,0.2168259898179839,-0.7288576346921409,-0.5728308244515126,0.8205680142072046,2.0,1.0,1.0,6.0,0.8230691658376087,-3.422764065847488,-0.37052968145759885,0.8230691658376087,-3.422764065847488
USDJPY,2022-07-01,135.731,135.987,134.72,135.175,2560,10110,0.1886083503400109,-0.7448556335693362,-0.4096337608946985,0.8215243706212905,4.0,1.0,0.0,9.0,1.8999874103567131,-5.7737730049142595,-0.19737981842008326,1.8999874103567131,-6.279225467401895
USDJPY,2022-07-04,135.228,135.775,134.76,135.74,5470,4680,0.4045020262075879,-0.3460821723311871,0.3786198124648745,0.8098027619176155,3.0,0.0,0.0,1.0,0.0770606816457128,0.0770606816457128,0.0770606816457128,0.0770606816457128,0.0770606816457128
USDJPY,2022-07-05,135.707,136.362,135.5,135.836,6550,2070,0.4826574900336763,-0.1525345044839202,0.095057734678402,0.8041406792912288,3.0,0.0,0.0,3.0,0.3854575794565276,-0.2910530951619793,-0.09701769838732643,0.3854575794565276,-0.46614594886606053
USDJPY,2022-07-06,135.836,136.01,134.93,135.92,1740,9060,0.1280956447480624,-0.6669807709296548,0.0618392767749158,0.7629723164470467,3.0,1.0,1.0,1.0,1.612102791008321,-1.3022831124013907,0.1869771039704302,1.7101114516025977,-1.204274451807114
USDJPY,2022-07-07,135.913,136.222,135.52,136.01,3090,3930,0.227351320329915,-0.2891555627497006,0.0713691846990206,0.7628433424981741,3.0,0.0,1.0,6.0,1.465726873178397,2.108377408643014,0.2514563957369356,1.8623410920057848,2.716076562811459
USDJPY,2022-07-08,136.008,136.566,135.31,136.08,5580,6980,0.4102699841185759,-0.51320510558203,0.0529380624669157,0.762802326009106,6.0,3.0,0.0,5.0,3.475513678381784,1.3799721241474625,0.2984479365771905,3.475513678381784,1.5101916040449928
USDJPY,2022-07-11,136.116,137.754,136.06,137.422,16380,560,1.2033853477915724,-0.0411413794116867,0.9594757412794844,0.7882874139011196,2.0,0.0,0.0,3.0,0.6257682853312309,0.022045119177049682,0.007348373059016561,0.6257682853312309,0.022045119177049682
USDJPY,2022-07-12,137.415,137.534,136.45,136.835,1190,9650,0.0865989884655967,-0.7022523014227002,-0.4220791034457549,0.7763178021673869,4.0,0.0,0.0,4.0,1.8862633135707536,-2.270586181728716,-0.567646545432179,1.8862633135707536,-2.4500634593509734
USDJPY,2022-07-13,136.819,137.867,136.66,137.402,10480,1590,0.7659754858608833,-0.1162119296296507,0.4261104086420734,0.7123909833611451,6.0,3.0,0.0,3.0,0.5097474104454,0.09864824618547322,-0.04042153914760752,0.6461601813141467,0.3596926209438053
USDJPY,2022-07-14,137.41,139.391,137.3,138.973,19810,1100,1.4416709118695834,-0.0800523979331818,1.1374717997234676,0.6791235308489786,2.0,1.0,2.0,2.0,0.6572723460160002,0.8228346483128018,0.06625082676777888,0.6572723460160002,0.7488748670304993
USDJPY,2022-07-15,138.975,139.129,138.36,138.456,1540,6150,0.1108112969958599,-0.4425256341068398,-0.3734484619535927,0.5495745307920781,2.0,3.0,1.0,6.0,3.3363982603013325,12.76302397586419,0.3655575028909069,3.4624857339439816,13.136681187607866
USDJPY,2022-07-18,138.505,138.569,137.86,138.122,640,6450,0.0462077181329143,-0.4656871593083151,-0.276524313201676,0.5569443768856605,3.0,0.0,0.0,1.0,2.075644203722221,-2.075644203722221,-2.075644203722221,2.075644203722221,-2.075644203722221
USDJPY,2022-07-19,138.122,138.393,137.35,138.161,2710,7720,0.1962033564529811,-0.5589261667221874,0.0282359073862145,0.4999820473532195,3.0,0.0,0.0,3.0,0.2648457855028995,-0.5764077827440233,-0.1921359275813411,0.2648457855028995,-0.5764077827440233
USDJPY,2022-07-20,138.169,138.376,137.87,138.24,2070,2990,0.1498165290332807,-0.2164016530480835,0.0513863457070674,0.4890364861691859,0.0,0.0,1.0,1.0,1.130179192668875,-2.3684286919175066,-0.619124749624316,1.130179192668875,-2.3684286919175066
USDJPY,2022-07-21,138.24,138.879,137.27,137.368,6390,9700,0.46223958333332,-0.7016782407407399,-0.6307870370370472,0.46615567448839,0.0,0.0,2.0,4.0,0.515714295870196,-0.4086899910109969,-0.08578979001785918,0.515714295870196,-0.2708791381658113
USDJPY,2022-07-22,137.366,137.956,135.54,136.05,5900,18260,0.4295094856077741,-1.3292954588471833,-0.9580245475590776,0.5207110821833397,4.0,1.0,1.0,2.0,2.15766535910442,-7.151619039573597,-0.672790525101454,2.171390452553837,-7.374550389890505
USDJPY,2022-07-25,136.117,136.789,135.86,136.646,6720,2570,0.4936929259387123,-0.1888081576878542,0.3886362467583009,0.5255400103582146,3.0,0.0,0.0,0.0,0.0,0.0,0.0,0.0,0.0
USDJPY,2022-07-26,136.66,136.966,136.25,136.908,3060,4100,0.2239133616274049,-0.3000146348602346,0.1814722669398437,0.514624645972198,2.0,1.0,1.0,5.0,0.9679862626678022,-1.518255927926518,-0.14451200697492653,0.9679862626678022,-1.518255927926518
USDJPY,2022-07-27,136.904,137.463,136.3,136.567,5590,6040,0.4083153158417559,-0.4411850639864321,-0.2461578916613021,0.5136901345986528,0.0,1.0,3.0,3.0,3.5011653803694966,-4.796597411297684,-0.5152425965213273,3.5011653803694966,-4.769487377218686
USDJPY,2022-07-28,136.556,136.579,134.17,134.308,230,23860,0.0168429069392748,-1.7472685198746476,-1.6462110782389778,0.6211973744989497,0.0,1.0,2.0,1.0,0.2125737130061093,-0.7882844286065137,-0.1171732588670466,0.2125737130061093,-0.7882844286065137
USDJPY,2022-07-29,134.329,134.674,132.48,133.19,3450,18490,0.2568321062466026,-1.3764712013042737,-0.8479181710576346,0.6417025415326495,0.0,1.0,1.0,11.0,1.125845586387808,3.33182859127438,0.06740150833022983,1.423762819484714,2.1912453040050317
USDJPY,2022-08-01,133.215,133.562,131.57,131.644,3470,16450,0.2604811770446334,-1.234845925759119,-1.1792966257553563,0.6768941527778674,6.0,1.0,0.0,4.0,5.269445072769347,-9.364851420635937,-1.8350981501532577,5.269445072769347,-9.51423686980198
USDJPY,2022-08-02,131.648,133.2,130.389,133.163,15520,12590,1.1789013125911465,-0.9563381137578894,1.1507960622265547,0.7361051976790206,4.0,1.0,0.0,3.0,1.5925191739366975,-4.712297276487819,-0.5877833790779057,1.1805818800880985,-4.182765072613736
USDJPY,2022-08-03,133.19,134.551,132.26,133.833,13610,9300,1.0218484871236504,-0.6982506194158772,0.4827689766498991,0.7470190464838716,1.0,1.0,0.0,3.0,0.4764990677351293,2.0702176493060627,0.2793048784589509,0.4764990677351293,2.164120677279295
USDJPY,2022-08-04,133.827,134.423,132.73,132.984,5960,10970,0.4453510875981705,-0.8197150051932782,-0.6299177296061254,0.7558239467053809,6.0,0.0,1.0,3.0,0.844520862146054,1.4682416412631643,0.256790768069127,0.844520862146054,1.9209422968907242
USDJPY,2022-08-05,133.003,135.506,132.5,134.97,25030,5030,1.8819124380653176,-0.3781869581889024,1.4789140094584432,0.8357819579566409,3.0,3.0,0.0,3.0,0.8446682529070636,-1.2673786785891987,0.049280196814125606,0.8446682529070636,-0.9341493231197722
USDJPY,2022-08-08,135.052,135.583,134.33,134.993,5310,7220,0.3931818854959615,-0.5346088913899684,-0.0436868761662156,0.8016526986084167,3.0,0.0,0.0,3.0,13.302872132033343,13.671596592807697,4.557198864269233,7.75996849521929,8.128692955993644
USDJPY,2022-08-09,134.966,135.202,134.63,135.079,2360,3360,0.1748588533408339,-0.248951587807309,0.0837247899470974,0.7988113952532502,0.0,0.0,0.0,7.0,1.1991924508934149,-1.649514318762754,-0.23564490268039343,1.5553598056226527,-2.005681673491992
USDJPY,2022-08-10,135.083,135.303,132.0,132.87,2200,30830,0.1628628324807702,-2.28230051153735,-1.6382520376361156,0.8620497861890377,3.0,3.0,0.0,5.0,1.0894529166888005,-8.972416299336354,-0.4527678102701863,1.0894529166888005,-9.677801504095068
USDJPY,2022-08-11,132.863,133.313,131.71,133.006,4500,11530,0.3386947457155029,-0.8678112040221819,0.1076296636384852,0.8086731466533275,4.0,1.0,2.0,3.0,1.1779764539054336,-3.239639374595063,-0.3114477894603437,1.1779764539054336,-3.4065801839638334
USDJPY,2022-08-12,133.0,133.894,132.86,133.48,8940,1400,0.6721804511278237,-0.1052631578947265,0.36090225563909,0.8182329268107729,3.0,1.0,0.0,2.0,3.0033311551585604,-0.027402996540603186,-0.7846641110136113,3.0033311551585604,-0.027402996540603186
USDJPY,2022-08-15,133.436,133.594,132.52,133.269,1580,9160,0.1184088252045827,-0.6864714170089007,-0.1251536317035894,0.8180819187639877,5.0,0.0,1.0,4.0,4.31948413563203,2.6323900577064205,0.5822002612845212,2.4871162365727826,0.800022158647173
USDJPY,2022-08-16,133.263,134.685,132.92,134.225,14220,3430,1.067062875666912,-0.2573857709942127,0.721880792117834,0.8418031453253109,5.0,0.0,0.0,6.0,1.1552969515153555,-1.6995193311485253,-0.28325322185808754,1.1552969515153555,-1.7041245403327978
USDJPY,2022-08-17,134.236,135.501,133.88,135.1,12650,3560,0.9423701540570448,-0.2652045650943074,0.643642540004175,0.8593779279031485,4.0,2.0,0.0,4.0,0.2952041926080092,-1.6727478739345407,-0.1250667774792969,0.3989626831948182,-1.9580840042714402
USDJPY,2022-08-18,135.091,135.901,134.62,135.87,8100,4710,0.5995958279974256,-0.3486538703540603,0.576648333345668,0.863803164327449,5.0,1.0,2.0,2.0,1.2542499124441382,-2.5399636246782724,-0.256140254836427,1.2542499124441382,-2.5951610509616287
USDJPY,2022-08-19,135.864,137.231,135.69,136.93,13670,1740,1.006153212035558,-0.1280692457163094,0.7846081375493158,0.8559748227323398,4.0,0.0,0.0,1.0,0.1181688063859398,-0.1181688063859398,-0.1181688063859398,0.1181688063859398,-0.1181688063859398
USDJPY,2022-08-22,136.821,137.651,136.67,137.501,8300,1510,0.6066320228619967,-0.110363175243574,0.4969997295736815,0.8587013510746353,2.0,0.0,0.0,0.0,0.0,0.0,0.0,0.0,0.0
USDJPY,2022-08-23,137.488,137.707,135.78,136.712,2190,17080,0.1592866286512234,-1.242290236238798,-0.5644128942162301,0.8681806644971756,3.0,1.0,3.0,2.0,1.4448705944416442,-8.28334155482163,-0.6172805143922067,1.4448705944416442,-8.719171897984344
USDJPY,2022-08-24,136.711,137.244,136.15,137.1,5330,5610,0.3898735288308819,-0.4103546898201366,0.2845418437433575,0.868423503023603,2.0,1.0,3.0,1.0,1.7974890428110404,4.7711938299839955,0.31306372579688263,1.7974890428110404,4.7711938299839955
USDJPY,2022-08-25,137.107,137.201,136.29,136.476,940,8170,0.0685595921433581,-0.5958849657566772,-0.4602244961964015,0.7847697914102743,5.0,1.0,1.0,3.0,1.1245974377153485,1.3146789723956922,0.1836651052275053,1.8151567357739853,6.124879068335476
USDJPY,2022-08-26,136.472,137.755,136.187,137.752,12830,2850,0.9401195849698012,-0.2088340465443436,0.937921331848292,0.7746615155770646,5.0,1.0,1.0,6.0,2.68916472995592,-0.031265131812451614,-0.008067034287935995,2.68916472995592,0.03841638998718843
USDJPY,2022-08-29,137.605,139.002,137.587,138.7,13970,180,1.0152247374732168,-0.0130809200247089,0.7957559681697605,0.716864672056114,3.0,0.0,0.0,0.0,0.0,0.0,0.0,0.0,0.0
USDJPY,2022-08-30,138.708,139.08,138.02,138.752,3720,6880,0.2681892897309557,-0.4960059982120628,0.0317213138391521,0.6877655798468699,3.0,2.0,0.0,3.0,1.381598785637292,4.91648324082597,0.2581429729608503,1.381598785637292,4.811665421518079
USDJPY,2022-08-31,138.761,139.095,138.24,139.065,3340,5210,0.2407016380683356,-0.3754657288431091,0.2190817304574066,0.6849100653558463,5.0,1.0,1.0,5.0,0.54746296124409,0.015613463911350045,0.012888713664227416,1.6418345033482122,1.1099850060154723
USDJPY,2022-09-01,139.069,140.231,138.99,140.2,11620,790,0.835556450395132,-0.0568063335466418,0.8132653574844144,0.6683495633816114,3.0,1.0,1.0,11.0,1.4798408933373173,0.13218985791883942,0.02112320928347932,1.4248433946052528,-0.7130398406345635
USDJPY,2022-09-02,140.218,140.801,139.84,140.152,5830,3780,0.4157811407950466,-0.2695802250780826,-0.0470695631088751,0.6080971484550444,4.0,3.0,0.0,2.0,1.6802376738293412,1.6618142726163914,-0.010249080740472793,1.5771654492705358,1.3525975989399743
USDJPY,2022-09-05,140.156,140.663,140.09,140.58,5070,660,0.3617397756785332,-0.0470903849995736,0.3025200490881636,0.6057489355568384,6.0,0.0,0.0,0.0,0.0,0.0,0.0,0.0,0.0
USDJPY,2022-09-06,140.584,143.075,140.22,142.768,24910,3640,1.771894383429114,-0.2589199339896462,1.5535196039378574,0.6741196377810094,5.0,1.0,1.0,3.0,0.9618198952678356,-1.395395934429428,-0.10430030486852218,1.0200893347318123,-1.0049860265512027
USDJPY,2022-09-07,142.758,144.992,142.73,143.74,22340,280,1.5648860309054349,-0.0196136118466355,0.6878773869065126,0.5028840887722533,4.0,0.0,0.0,2.0,0.6978546850935492,-0.713635205543239,-0.3568176027716195,0.7596242139940204,0.06176952890047116
USDJPY,2022-09-08,143.738,144.559,143.29,144.095,8210,4480,0.5711781157383559,-0.3116781922664901,0.2483685594623546,0.499461018498993,0.0,0.0,1.0,7.0,1.3005436462664488,2.4114995973849154,0.33825869801968805,0.8242383995350996,1.8116076433000226
USDJPY,2022-09-09,144.103,144.122,141.48,142.564,190,26230,0.0131850134972939,-1.820225810704856,-1.0679860932805116,0.5995009562534666,4.0,0.0,0.0,3.0,0.3380877410109295,-0.3930722730536501,-0.13102409101788337,0.3380877410109295,-0.3930722730536501
USDJPY,2022-09-12,142.378,143.494,142.13,142.808,11160,2480,0.7838289623396971,-0.1741842138532571,0.3020129514391316,0.589520180467914,6.0,0.0,0.0,2.0,0.6181154096285957,1.0600879743845224,0.5300439871922612,1.8244714151080323,2.266443979863959
USDJPY,2022-09-13,142.809,144.71,141.598,144.683,19010,12110,1.3311485970772223,-0.847985771204885,1.312242225630034,0.6223024380053823,0.0,3.0,0.0,6.0,2.4833260665423587,7.091611003932262,0.6137503879673917,2.4833260665423587,7.754585879852292
USDJPY,2022-09-14,144.689,144.964,142.52,143.121,2750,21690,0.1900628244026883,-1.499077331379706,-1.083703667866931,0.7005653063377877,4.0,1.0,1.0,3.0,1.2622694787567907,2.486849936015389,0.32371152105634443,1.2622694787567907,2.4268863090951656
USDJPY,2022-09-15,143.121,143.802,142.77,143.474,6810,3510,0.4758211583205701,-0.2452470287379204,0.2466444477050748,0.6977404264951904,2.0,3.0,2.0,7.0,0.6160921010742293,-0.49497448966809093,-0.11662805477881615,0.6160921010742293,-0.5906581226041481
USDJPY,2022-09-16,143.472,143.692,142.81,142.906,2200,6620,0.1533400245344031,-0.461414073826256,-0.3945020631203318,0.7035114347923287,3.0,1.0,1.0,0.0,0.5399862286233396,0.2599547547882419,-0.04667191230584963,0.5399862286233396,0.2599547547882419
USDJPY,2022-09-19,142.898,143.644,142.61,143.236,7460,2880,0.5220506935016651,-0.2015423588853465,0.2365323517473959,0.7007281810250687,4.0,0.0,0.0,1.0,0.6314862635020494,-0.6314862635020494,-0.6314862635020494,0.6314862635020494,-0.6314862635020494
USDJPY,2022-09-20,143.245,143.924,142.91,143.722,6790,3350,0.4740130545568795,-0.2338650563719557,0.3329959160878242,0.6763172560941391,4.0,0.0,0.0,3.0,1.973420542935997,-0.48658439064846987,-0.1621947968828233,1.973420542935997,-0.48658439064846987
USDJPY,2022-09-21,143.725,144.704,143.32,144.068,9790,4050,0.6811619412071758,-0.2817881370673168,0.238650200034801,0.676316657699269,0.0,1.0,1.0,1.0,0.8229046986004281,2.597373219333591,0.29318612537397143,0.8229046986004281,2.597373219333591
USDJPY,2022-09-22,144.06,145.901,140.33,142.303,18410,37300,1.277939747327508,-2.589198944884069,-1.2196307094266312,0.7374513751154824,5.0,0.0,1.0,5.0,0.4472128870585398,0.90537228328084,0.07635989937038336,0.7943822223275404,1.7165203754128722
USDJPY,2022-09-23,142.34,143.461,141.74,143.32,11210,6000,0.787550934382471,-0.4215259238443124,0.688492342279043,0.7267437168962012,5.0,1.0,1.0,0.0,2.5599636060608986,8.321481812555387,1.4403795516236224,2.5710999278797977,8.355418352655743
USDJPY,2022-09-26,143.461,144.789,143.196,144.676,13280,2650,0.9256871205414534,-0.1847191919755297,0.8469200688688737,0.7290012935831226,3.0,0.0,0.0,1.0,0.2187062780678469,-0.2187062780678469,-0.2187062780678469,0.4595914949257969,-0.4595914949257969
USDJPY,2022-09-27,144.675,144.904,144.03,144.78,2290,6450,0.158285813029193,-0.4458268532918681,0.0725764644893656,0.7285254540072081,2.0,1.0,4.0,3.0,3.332328301582255,4.157716319886347,-0.02652747324758685,3.332328301582255,4.157716319886347
USDJPY,2022-09-28,144.775,144.869,143.88,144.097,940,8950,0.0649283370747671,-0.6182006561906477,-0.4683128993265393,0.7443380079749075,3.0,0.0,1.0,3.0,0.6870009027742241,0.079124943860166,0.1192079459494176,0.6870009027742241,0.08145722195991245
USDJPY,2022-09-29,144.096,144.812,144.06,144.454,7160,360,0.4968909615811738,-0.0249833444370429,0.2484454807905869,0.729618892351216,3.0,0.0,2.0,2.0,1.0346585187265338,-1.8495297018190142,-0.17030326169916365,1.0346585187265338,-1.4697258334012056
USDJPY,2022-09-30,144.456,144.81,144.18,144.729,3540,2760,0.245057318491453,-0.191061638145859,0.1889848812095202,0.7281398203425751,3.0,1.0,1.0,9.0,1.16145759452027,-2.629410103481125,-0.11184870254315714,1.2678807370698402,-3.4472949257734267
USDJPY,2022-10-03,144.657,145.325,144.13,144.59,6680,5270,0.4617820084752054,-0.3643100575845034,-0.0463164589338969,0.7288155041491458,2.0,1.0,0.0,7.0,1.224161838166382,-5.120993255456753,-0.3340836973904987,1.224161838166382,-5.366424189826871
USDJPY,2022-10-04,144.6,144.936,143.87,144.222,3360,7300,0.2323651452282245,-0.5048409405255808,-0.261410788381733,0.6534577628664083,4.0,1.0,0.0,4.0,6.499642640459854,-13.270967126050184,-1.7548843922382686,6.499642640459854,-13.446059979754265
USDJPY,2022-10-05,144.223,144.847,143.5,144.597,6240,7230,0.4326633061300868,-0.5013070037372771,0.2593206354048905,0.638482765041246,4.0,2.0,0.0,3.0,0.8886028363867154,-1.1327800091225568,-0.2005282180605435,0.8886028363867154,-0.6791476741837472
USDJPY,2022-10-06,144.594,145.14,144.36,145.087,5460,2340,0.3776090294203025,-0.1618324411801184,0.3409546730846335,0.6404513321461206,3.0,0.0,1.0,2.0,2.341554879425272,4.720732597830061,0.7930592394682631,2.341554879425272,4.720732597830061
USDJPY,2022-10-07,145.076,145.444,144.637,145.33,3680,4390,0.2536601505417815,-0.3026000165430484,0.1750806473848321,0.5853519226379014,4.0,3.0,0.0,4.0,1.3793555920882583,-4.676714433876197,-0.14626651802887644,1.202016920369212,-4.144698418719058
USDJPY,2022-10-10,145.337,145.806,145.21,145.71,4690,1270,0.3226982805479833,-0.0873831164809932,0.2566449011607635,0.5846185691300594,3.0,0.0,0.0,0.0,0.0,0.0,0.0,0.0,0.0
USDJPY,2022-10-11,145.705,145.898,145.4,145.792,1930,3050,0.1324594214337075,-0.2093270649600266,0.0597096873820315,0.5100963480411981,6.0,0.0,0.0,4.0,1.0311498678651152,-0.426293949087576,-0.106573487271894,1.0311498678651152,-0.4944394765178841
USDJPY,2022-10-12,145.792,146.973,145.61,146.861,11810,1820,0.8100581650570755,-0.1248353819139513,0.7332363915715461,0.4594880265039094,4.0,1.0,1.0,4.0,1.691701131204422,5.357177247269658,0.4294605820689618,2.152148148272099,6.877490034144616
USDJPY,2022-10-13,146.865,147.674,146.421,147.15,8090,4440,0.5508460150478313,-0.3023184557246565,0.1940557654989252,0.4589159352871284,6.0,3.0,1.0,5.0,2.0428794673386568,9.173840012087503,0.5847878221716565,2.0428794673386568,9.847853525505938
USDJPY,2022-10-14,147.156,148.859,147.06,148.72,17030,960,1.157275272499934,-0.0652368914621243,1.0628176900703967,0.4870677213009555,5.0,3.0,1.0,3.0,0.4895984745825629,2.9599718515407063,0.17165629401647844,0.4895984745825629,2.516804913049042
USDJPY,2022-10-17,148.429,149.089,148.396,148.973,6600,330,0.4446570414137376,-0.0222328520706974,0.3665051977713325,0.4884881176659234,3.0,1.0,0.0,2.0,0.9802098903989778,-0.2909494693837868,0.18343158749746433,0.9802098903989778,-0.2909494693837868
USDJPY,2022-10-18,148.971,149.389,148.115,149.169,4180,8560,0.2805915245249118,-0.5746084808452615,0.1329117747749612,0.487744454357698,5.0,0.0,0.0,3.0,2.012043494524793,-0.31511316346175144,-0.10503772115391714,2.012043494524793,-0.34080017710412847
USDJPY,2022-10-19,149.166,149.907,149.07,149.833,7410,960,0.4967619967016705,-0.0643578295322014,0.4471528364372589,0.4909782687014934,3.0,0.0,0.0,4.0,1.0244745296540685,-0.38599562110758745,-0.09649890527689686,1.0244745296540685,-0.38599562110758745
USDJPY,2022-10-20,149.848,150.286,149.513,150.092,4380,3350,0.2922961934760478,-0.2235598740056643,0.1628316694250171,0.3598099793530172,0.0,1.0,2.0,3.0,0.6890967431660743,-2.123182465963025,-0.16597767286905538,0.6890967431660743,-2.005111195635165
USDJPY,2022-10-21,150.093,151.944,146.16,147.63,18510,39330,1.233235394055685,-2.6203753672722865,-1.640982590793704,0.546727777645094,5.0,0.0,0.0,2.0,0.1447968160870411,-0.2453927874045786,-0.1226963937022893,0.1447968160870411,-0.2453927874045786
USDJPY,2022-10-24,148.089,149.71,145.46,149.02,16210,26290,1.0946120238505286,-1.7752837820499772,0.6286759988925656,0.5342593174689987,1.0,1.0,1.0,1.0,1.2840925962681395,-5.761990299358324,-0.7717613551558915,1.1915586390536317,-5.6659626109437395
USDJPY,2022-10-25,149.024,149.099,147.49,148.078,750,15340,0.0503274640326314,-1.029364397680905,-0.634797079665019,0.5620431728022398,0.0,1.0,1.0,3.0,0.8362923400947548,-2.8358656725946036,-0.23819844140180413,0.8362923400947548,-2.8358656725946036
USDJPY,2022-10-26,148.069,148.413,146.187,146.38,3440,18820,0.2323241191606768,-1.2710290472684875,-1.1406844106463832,0.6159925630477089,3.0,0.0,1.0,4.0,1.264698417959433,-2.4011382245570827,-0.22728796131953005,1.264698417959433,-2.4914181542992635
USDJPY,2022-10-27,146.385,146.937,145.08,146.296,5520,13050,0.3770878163746428,-0.8914847832769603,-0.0607985790893866,0.615334354158405,6.0,1.0,4.0,1.0,2.3128561544985287,2.356890027134389,-0.014055938140196617,2.3128561544985287,2.356890027134389
USDJPY,2022-10-28,146.277,147.867,145.963,147.42,15900,3140,1.0869788141676433,-0.2146612249362463,0.7813942041469273,0.6357300239788964,5.0,1.0,2.0,7.0,1.2085503786670446,-2.282332045861627,-0.10343325256465481,0.8807737622068237,-2.6101086623218483
USDJPY,2022-10-31,147.759,148.849,147.52,148.714,10900,2390,0.7376877212217215,-0.1617498764880487,0.6463227282263772,0.6466389540619211,2.0,0.0,0.0,5.0,0.3533526304981776,-0.8978556577706767,-0.17957113155413534,0.7449718583306176,-1.4619617405666507
USDJPY,2022-11-01,148.757,148.826,146.952,148.225,690,18050,0.0463843718278725,-1.2133882775264402,-0.3576302291656935,0.6500177554732175,2.0,2.0,0.0,6.0,1.560838183222654,3.0718051646803777,0.24761537604217249,1.560838183222654,2.7610181002522687
USDJPY,2022-11-02,148.224,148.383,145.64,147.771,1590,25840,0.1072700777202209,-1.7433074265975843,-0.3056185233160642,0.6559220248941944,4.0,2.0,0.0,2.0,0.6015390963493223,1.0688049032340652,-0.05776101660633949,0.6015390963493223,1.0688049032340652
USDJPY,2022-11-03,147.77,148.45,147.074,148.154,6800,6960,0.4601745956553958,-0.4710022332002422,0.2598633010759871,0.6545538589702691,0.0,1.0,1.0,7.0,1.987605600523776,-0.6152263815262446,0.11353984877791969,2.0868329722703307,-0.9490072094572035
USDJPY,2022-11-04,148.167,148.403,146.516,146.654,2360,16510,0.1592797316541402,-1.1142832074618576,-1.0211450592912088,0.6993322641564542,2.0,3.0,0.0,0.0,1.6802376738293412,4.487994359190345,0.4986660399100383,1.5771654492705358,4.178777685513928
USDJPY,2022-11-07,147.202,147.568,146.056,146.634,3660,11460,0.2486379261151437,-0.7785220309506573,-0.3858643224956264,0.7030491264123834,1.0,0.0,0.0,0.0,0.0,0.0,0.0,0.0,0.0
USDJPY,2022-11-08,146.666,146.935,145.271,145.677,2690,13950,0.18340992459057,-0.9511406870031296,-0.6743212469147617,0.7185584624829404,4.0,0.0,0.0,6.0,1.8070461063519736,-3.0691090646289925,-0.5115181774381654,1.8070461063519736,-3.0691090646289925
USDJPY,2022-11-09,145.666,146.795,145.15,146.451,11290,5160,0.7750607554267919,-0.3542350308239336,0.5389040682108361,0.7087954244092954,0.0,0.0,0.0,7.0,0.8308428219928646,1.9447525408038113,0.27782179154340164,0.5694300938157031,1.8507406004931903
USDJPY,2022-11-10,146.471,146.59,140.17,140.955,1190,63010,0.0812447515207787,-4.301875456575033,-3.7659331881396256,1.0884510394651528,0.0,3.0,1.0,5.0,1.1147550413905782,-5.980927895077919,-0.3355439067695378,1.1147550413905782,-6.016108256099006
USDJPY,2022-11-11,140.955,142.481,138.431,138.762,15260,25240,1.082615018977675,-1.7906424036039876,-1.555815685857197,1.079935690567718,4.0,1.0,1.0,2.0,1.1978308299276423,-3.4807670763428944,-0.2614859367475405,1.1978308299276423,-3.4807670763428944
USDJPY,2022-11-14,139.163,140.8,138.78,139.883,16370,3830,1.176318417970294,-0.2752168320602529,0.5173789010009836,1.0859273301807997,2.0,0.0,0.0,0.0,0.0,0.0,0.0,0.0,0.0
USDJPY,2022-11-15,139.883,140.625,137.657,139.25,7420,22260,0.5304432990427644,-1.5913298971283136,-0.4525210354367648,1.079488907822388,3.0,2.0,1.0,3.0,0.9963984232171113,-2.219509215817399,-0.3197141152786524,0.676184879440323,-1.8770074086222985
USDJPY,2022-11-16,139.254,140.291,138.7,139.482,10370,5540,0.7446823789621887,-0.3978341735246399,0.1637295876599657,1.0695879998867552,4.0,2.0,0.0,8.0,3.1158467678374677,5.641532089590674,-0.068562047713333,3.1158467678374677,5.27064511031628
USDJPY,2022-11-17,139.486,140.742,138.85,140.189,12560,6360,0.9004487905596262,-0.4559597378948394,0.5039932322957165,1.081935130518436,3.0,1.0,1.0,5.0,0.5161907087799528,-2.4367055115495204,-0.2494771196666636,0.5161907087799528,-2.278084006490135
USDJPY,2022-11-18,140.189,140.499,139.597,140.341,3100,5920,0.221130045866653,-0.422287055332433,0.1084250547475303,1.0462665995502396,6.0,0.0,1.0,2.0,1.2722277995232427,-2.750190185539717,-0.4926541286721582,1.2722277995232427,-2.7557371109976483
USDJPY,2022-11-21,140.23,142.252,140.121,142.125,20220,1090,1.4419168508878413,-0.0777294444840479,1.3513513513513586,1.091887077634771,2.0,0.0,0.0,0.0,0.0,0.0,0.0,0.0,0.0
USDJPY,2022-11-22,142.11,142.241,141.05,141.24,1310,10600,0.0921821124481037,-0.7459010625571756,-0.6122018154950422,1.0915059450932,1.0,0.0,1.0,1.0,0.7412915695680795,0.8784034930957226,0.4049237656659505,0.7412915695680795,0.8784034930957226
USDJPY,2022-11-23,141.181,141.614,139.135,139.593,4330,20460,0.3066984934233308,-1.4492035047209046,-1.1247972460883704,1.0908468677474523,2.0,1.0,6.0,3.0,1.8109858230889069,1.281927617994675,0.0142279057190698,1.7722042328066443,1.5095425869622847
USDJPY,2022-11-24,139.555,139.635,138.03,138.48,800,15250,0.0573250689692121,-1.092759127225829,-0.7703056142739544,1.0951363381311845,4.0,0.0,0.0,1.0,0.7720414321747165,-0.7720414321747165,-0.7720414321747165,1.3752072323595972,-1.3752072323595972
USDJPY,2022-11-25,138.577,139.595,138.349,139.11,10180,2280,0.7346096394062511,-0.1645294673719366,0.3846237110054449,1.077825090073135,3.0,0.0,0.0,2.0,0.9039480115400296,-0.9986185087925403,-0.49930925439627016,0.9039480115400296,-0.9986185087925403
USDJPY,2022-11-28,139.224,139.428,137.463,138.92,2040,17610,0.1465264609550133,-1.2648681261851376,-0.2183531575015816,1.0537775560194458,3.0,0.0,0.0,0.0,0.0,0.0,0.0,0.0,0.0
USDJPY,2022-11-29,138.928,139.353,137.834,138.588,4250,10940,0.3059138546585363,-0.7874582517563011,-0.2447310837268249,1.0541542111751767,2.0,1.0,0.0,4.0,0.4619092144372284,-0.833169994471139,-0.030933697155230578,0.4619092144372284,-0.9379878137790305
USDJPY,2022-11-30,138.581,139.894,137.616,138.05,13130,9650,0.9474603300596884,-0.6963436546135293,-0.3831694099479564,1.0540662689155658,0.0,3.0,1.0,7.0,1.6302534274452578,-5.944393124513409,-0.36367971440504515,1.6302534274452578,-4.577658578159147
USDJPY,2022-12-01,138.112,138.112,135.176,135.25,0,29360,0.0,-2.1258109360519053,-2.072231232622795,1.1084233739882898,2.0,2.0,1.0,12.0,1.6768801637638653,-12.430377272977035,-0.5275363127483662,1.6768801637638653,-13.632410468227695
USDJPY,2022-12-02,135.245,135.984,133.61,134.271,7390,16350,0.5464157639838843,-1.2089171503567533,-0.7201744981330311,1.1027993634871225,6.0,3.0,0.0,1.0,0.2394484179939984,-0.23323784977739836,0.02047158218421656,0.2394484179939984,-0.11015439169212576
USDJPY,2022-12-05,134.514,136.859,134.09,136.762,23450,4240,1.7433129637063791,-0.3152088258471286,1.6712015106234224,1.202535100126241,3.0,1.0,0.0,2.0,0.7402494124416235,2.61670419320726,0.378735122774671,0.7402494124416235,2.709448840800269
USDJPY,2022-12-06,136.76,137.428,135.94,137.043,6680,8200,0.4884469143024323,-0.5995905235448912,0.2069318514185547,1.2068480265167838,3.0,0.0,0.0,4.0,0.8094669383998672,-1.375780067809694,-0.3439450169524235,1.0555453377524773,-1.7547628878900372
USDJPY,2022-12-07,137.025,137.856,136.19,136.576,8310,8350,0.6064586754241845,-0.6093778507571669,-0.3276774311257159,1.189683048161727,3.0,0.0,0.0,4.0,3.5298718684732058,3.7687707493066736,0.9421926873266684,3.5298718684732058,3.7687707493066736
USDJPY,2022-12-08,136.59,137.247,136.22,136.654,6570,3700,0.4810015374478444,-0.2708836664470346,0.046855553115157,0.8820829522179072,3.0,0.0,1.0,7.0,1.456665754384608,2.0623616243034335,0.2135669329514934,1.456665754384608,1.6840150180747784
USDJPY,2022-12-09,136.652,136.911,135.58,136.578,2590,10720,0.18953253519891,-0.7844744314023757,-0.0541521529139594,0.820226753756509,5.0,3.0,1.0,2.0,1.2319567867974934,3.586574943754522,0.10991351236662124,1.2319567867974934,3.500265614505679
USDJPY,2022-12-12,136.477,137.85,136.457,137.657,13730,200,1.0060303201271938,-0.0146544839057205,0.8646145504370749,0.8375044137004334,0.0,0.0,0.0,4.0,1.0126093604906985,-2.1637966013494108,-0.5409491503373527,1.549712930168002,-2.947316194212058
USDJPY,2022-12-13,137.659,137.971,134.63,135.559,3120,30290,0.2266470045547416,-2.2003646692188643,-1.525508684503007,0.8947679823331661,3.0,3.0,0.0,4.0,1.7127976857164602,-7.457448485475535,-0.4432356446623843,2.5008065864945106,-8.566294287486791
USDJPY,2022-12-14,135.59,135.992,134.502,135.453,4020,10880,0.2964820414484747,-0.80241905745261,-0.1010398996976181,0.8920298645777326,6.0,0.0,0.0,6.0,0.545108253361422,-0.01788040293913079,-0.0029800671565217984,0.545108253361422,-0.01788040293913079
USDJPY,2022-12-15,135.461,138.175,135.21,137.769,27140,2510,2.003528690914727,-0.1852931840160671,1.703811429119815,0.9748824744392592,1.0,4.0,2.0,6.0,1.1823405840597474,-5.701141427209401,-0.2231864394774807,1.1823405840597474,-6.025423405178685
USDJPY,2022-12-16,137.77,137.889,136.26,136.679,1190,15100,0.0863758437976335,-1.0960296145750303,-0.791899542716127,0.9859218022085476,4.0,1.0,1.0,2.0,0.9736694541311074,-4.634443240697459,-0.5338559021571203,0.8989827201469432,-4.617122472271523
USDJPY,2022-12-19,135.973,137.161,135.73,136.9,11880,2430,0.8737028674810352,-0.1787119501665943,0.6817529950799,0.9432054200595624,0.0,0.0,0.0,1.0,0.6239098339354727,-0.6239098339354727,-0.6239098339354727,0.6239098339354727,-0.6239098339354727
USDJPY,2022-12-20,136.902,137.473,130.55,131.73,5710,63520,0.4170866751399004,-4.639815342361672,-3.7778849103738414,1.2402800167620904,4.0,0.0,0.0,3.0,2.216802722760648,-2.54582795962297,-0.8486093198743233,2.216802722760648,-2.54582795962297
USDJPY,2022-12-21,131.728,132.53,131.48,132.46,8020,2480,0.6088303170168775,-0.1882667314466315,0.5556905137859827,1.240354257572404,3.0,1.0,0.0,3.0,1.6928023813287918,1.4486695360711916,-0.20394372628908353,1.6928023813287918,2.191862191909448
USDJPY,2022-12-22,132.426,132.722,131.61,132.302,2960,8160,0.223521060818888,-0.616193194689845,-0.0936372011538483,1.2344452630837994,3.0,0.0,2.0,3.0,0.7252079479551218,0.9646998333587633,0.13642596752396022,0.7252079479551218,1.512380099476837
USDJPY,2022-12-23,132.302,133.142,132.128,132.872,8400,1740,0.6349110368701936,-0.1315172862088302,0.4308324893047888,1.2356589120638906,3.0,1.0,0.0,8.0,0.9233685768888832,-3.2706538631018534,-0.2170213869972542,0.9233685768888832,-3.2706538631018534
USDJPY,2022-12-26,132.753,133.233,132.276,132.83,4800,4770,0.3615737497457822,-0.3593139138098389,0.0580024556884037,1.2370747987340511,4.0,0.0,0.0,1.0,0.4184382515855782,-0.4184382515855782,-0.4184382515855782,0.4184382515855782,-0.4184382515855782
USDJPY,2022-12-27,132.85,133.596,132.59,133.477,7460,2600,0.5615355664283096,-0.1957094467444418,0.4719608581106583,1.245865397276839,4.0,0.0,0.0,8.0,1.119197753076422,-0.0690027854439788,-0.00862534818049735,1.2523842514487673,0.17374935242079154
USDJPY,2022-12-28,133.479,134.5,133.327,134.47,10210,1520,0.7649143310932704,-0.1138755909169346,0.7424388855175611,1.260486303834666,1.0,0.0,0.0,3.0,0.4815417386027565,0.6043627454783743,0.20145424849279145,0.4815417386027565,0.6043627454783743
USDJPY,2022-12-29,134.451,134.457,132.85,133.011,60,16010,0.0044625923198787,-1.1907683840209438,-1.0710221567708669,1.1963490649999378,1.0,0.0,1.0,2.0,0.7068990187682649,1.023434811537157,0.10551193092296406,0.7068990187682649,1.023434811537157
USDJPY,2022-12-30,133.01,133.09,130.75,131.072,800,22600,0.0601458536952202,-1.6991203668897008,-1.4570333057664748,1.2289298226350114,3.0,0.0,1.0,0.0,1.8004335177528965,3.600867035505793,1.8004335177528965,1.8004335177528965,3.600867035505793
USDJPY,2023-01-02,130.925,131.041,130.598,130.79,1160,3270,0.0886003437082187,-0.2497613137292328,-0.1031124689707995,1.1571768777861418,3.0,0.0,0.0,0.0,0.0,0.0,0.0,0.0,0.0
USDJPY,2023-01-03,130.735,131.403,129.487,131.014,6680,12480,0.5109572799938639,-0.954602822503552,0.2134088040692977,1.1572908819336072,5.0,0.0,0.0,2.0,1.017543517990246,0.6666566079947539,0.33332830399737695,1.017543517990246,0.673477295783952
USDJPY,2023-01-04,130.991,132.717,129.9,132.603,17260,10910,1.3176477773282125,-0.8328816483575269,1.2306188974815022,1.1983189319648295,4.0,2.0,0.0,3.0,0.973701246446999,-3.412093598679158,-0.49115362829216946,0.973701246446999,-3.500045012190776
USDJPY,2023-01-05,132.611,134.054,131.674,133.401,14430,9370,1.088145025676612,-0.7065778856957443,0.5957273529345383,1.2080747715673332,1.0,1.0,1.0,8.0,3.949583712689421,3.0877826119354332,0.40011615355030183,1.907396812407256,3.1550118725303933
USDJPY,2023-01-06,133.4,134.773,131.97,132.03,13730,14300,1.0292353823088385,-1.0719640179910097,-1.02698650674663,1.2267871775007233,3.0,4.0,0.0,2.0,2.4503428772188127,-15.444493471921003,-1.085417352036616,2.4503428772188127,-14.912477456763865
USDJPY,2023-01-09,131.943,132.654,131.28,131.874,7110,6630,0.5388690570928236,-0.5024897114663233,-0.052295309338136,1.204995699455917,3.0,0.0,0.0,0.0,0.0,0.0,0.0,0.0,0.0
USDJPY,2023-01-10,131.873,132.478,131.37,132.25,6050,5030,0.4587747302328894,-0.3814275856316197,0.2858811128889231,1.1648234857043362,3.0,0.0,0.0,6.0,1.110526141751898,-1.713610925080467,-0.2856018208467445,1.110526141751898,-1.713610925080467
USDJPY,2023-01-11,132.248,132.872,132.04,132.468,6240,2080,0.4718407839816282,-0.1572802613272022,0.1663541225576181,1.1660456798778314,0.0,0.0,1.0,3.0,1.6993886535651104,1.3945250153652213,0.42533388475068257,1.6993886535651104,1.381550259057833
USDJPY,2023-01-12,132.456,132.51,128.85,129.27,540,36060,0.0407682551186824,-2.722413480703022,-2.4053270520021584,1.2000767654189677,1.0,3.0,1.0,5.0,1.8200403582728693,-4.817696991521056,-0.11986666652354144,1.8200403582728693,-5.393936645950358
USDJPY,2023-01-13,129.238,129.43,127.43,127.853,1920,18080,0.148563116111366,-1.398969343381972,-1.0716662281991405,1.2081166871864688,4.0,1.0,1.0,3.0,1.3467155633049808,2.9588567764892675,0.241066641899996,1.3467155633049808,2.9588567764892675
USDJPY,2023-01-16,127.807,128.863,127.217,128.57,10560,5900,0.826245823781168,-0.4616335568474367,0.5969939048721831,1.2047043764856484,3.0,0.0,0.0,2.0,0.531651025453047,0.4799785966474791,0.23998929832373955,0.531651025453047,0.4799785966474791
USDJPY,2023-01-17,128.588,129.155,127.986,128.1,5670,6020,0.440943167325106,-0.4681618813575059,-0.3795066413662236,0.8828761307974395,4.0,1.0,0.0,1.0,0.4623244662332399,-0.6549921234328779,-0.26327350931655963,0.4623244662332399,-0.6549921234328779
USDJPY,2023-01-18,128.119,131.577,127.56,128.887,34580,5590,2.699053223955852,-0.4363131151507563,0.5994427056096291,0.8846794647789741,2.0,4.0,0.0,7.0,2.0396546330477325,-7.456236661586848,-0.17911211195845592,2.106845225359917,-8.043270657427597
USDJPY,2023-01-19,128.884,128.911,127.75,128.412,270,11340,0.0209490704819956,-0.879860960243309,-0.3662207876850346,0.8864561265857497,5.0,0.0,2.0,6.0,3.911122809894188,-6.770510406928642,-0.7101643616564621,3.911122809894188,-6.615514851724342
USDJPY,2023-01-20,128.406,130.611,128.331,129.464,22050,750,1.7172094761926888,-0.058408485584799,0.823949036649372,0.9036692481837818,5.0,0.0,1.0,1.0,0.1846087044962908,-0.5008201662187168,-0.158105730861213,0.1846087044962908,-0.5008201662187168
USDJPY,2023-01-23,129.459,130.887,129.02,130.66,14280,4390,1.103051931499546,-0.3391034999497856,0.9277068415482844,0.9325135000451842,2.0,0.0,0.0,1.0,0.0757125311966206,0.0757125311966206,0.0757125311966206,0.0368145117498935,0.0368145117498935
USDJPY,2023-01-24,130.659,131.116,129.7,130.162,4570,9590,0.3497654199098585,-0.7339716360908956,-0.380379461039795,0.9261884735200384,2.0,1.0,2.0,2.0,4.873658444583434,-5.84853874769205,-0.6607354511881908,4.873658444583434,-5.889888892016553
USDJPY,2023-01-25,130.162,130.583,129.24,129.565,4210,9220,0.3234430939905596,-0.7083480585731604,-0.4586592092930412,0.906982858987964,4.0,0.0,0.0,1.0,0.0791552816290556,-0.0791552816290556,-0.0791552816290556,0.0791552816290556,-0.0791552816290556
USDJPY,2023-01-26,129.547,130.618,129.0,130.209,10710,5470,0.8267269793974372,-0.4222405767790818,0.5110114475827353,0.8928309951526872,3.0,1.0,5.0,4.0,1.2496737804027092,-6.010740890328164,-0.375232620931063,1.2496737804027092,-6.135783160371868
USDJPY,2023-01-27,130.176,130.268,129.47,129.804,920,7060,0.0706735496558605,-0.5423426745329315,-0.2857669616519064,0.8347991395682917,4.0,1.0,2.0,4.0,0.5895789380411472,0.6841970122646256,-0.07612040652810578,0.5895789380411472,0.6841970122646256
USDJPY,2023-01-30,129.708,130.569,129.18,130.405,8610,5280,0.6637986862799442,-0.4070681839208002,0.5373608412742489,0.8440375690231915,3.0,0.0,0.0,0.0,0.0,0.0,0.0,0.0,0.0
USDJPY,2023-01-31,130.405,130.53,129.73,130.09,1250,6750,0.0958552202752962,-0.5176181894866082,-0.2415551550937446,0.8442015728938088,1.0,1.0,1.0,8.0,0.7748708573731714,-2.339487921954647,-0.15644967228450204,0.7748708573731714,-2.1849452838559253
USDJPY,2023-02-01,130.07,130.411,128.52,128.923,3410,15500,0.2621665257169279,-1.1916660259859946,-0.8818328592296389,0.8110372497219444,3.0,3.0,0.0,6.0,2.7415423268493235,4.811778197693838,0.4889771362139003,2.7415423268493235,4.666851757171468
USDJPY,2023-02-02,128.96,129.133,128.06,128.668,1730,9000,0.1341501240694803,-0.6978908188585652,-0.2264267990074454,0.7932085180603746,6.0,1.0,1.0,7.0,0.778940107377613,-0.33780540458411984,0.008514705253794294,0.778940107377613,-0.39275481529100253
USDJPY,2023-02-03,128.65,131.202,128.3,131.156,25520,3500,1.9836766420520733,-0.2720559657986741,1.9479207151185387,0.8956512388617888,3.0,4.0,0.0,1.0,2.215186160165587,3.7145285818715013,0.27029853748543536,2.215186160165587,4.1470902753836505
USDJPY,2023-02-06,132.464,132.902,131.49,132.634,4380,9740,0.3306558763135555,-0.7352941176470509,0.1283367556468078,0.8961940700974164,0.0,0.0,0.0,0.0,0.0,0.0,0.0,0.0,0.0
USDJPY,2023-02-07,132.656,132.706,130.46,131.056,500,21960,0.0376914726812077,-1.6554094801592072,-1.206127125799055,0.931781057190331,3.0,0.0,0.0,6.0,0.9666349319628382,0.42261875623648126,0.07043645937274688,1.2571098608607767,-0.24735848385332357
USDJPY,2023-02-08,131.05,131.538,130.57,131.399,4880,4800,0.372376955360549,-0.3662724151087509,0.2663105684853029,0.9334567213621504,3.0,0.0,1.0,6.0,0.4598404098185971,-0.1206482530428189,0.013306762867858075,0.4598404098185971,-0.1317826919612798
USDJPY,2023-02-09,131.38,131.824,130.32,131.58,4440,10600,0.3379509818846223,-0.806819911706502,0.1522301720201073,0.756241458762706,3.0,0.0,1.0,4.0,5.745139513950239,-4.064733728082267,-1.0408627923660743,5.745139513950239,-3.925602837605834
USDJPY,2023-02-10,131.58,131.888,129.798,131.347,3080,17820,0.2340781273749754,-1.3543091655266837,-0.1770785833713361,0.7115643350993249,5.0,1.0,1.0,1.0,0.4583296041264891,1.9047989620639678,0.1883339434230502,0.4583296041264891,1.9047989620639678
USDJPY,2023-02-13,131.281,132.91,131.207,132.4,16290,740,1.2408497802423737,-0.0563676388814925,0.8523701068699963,0.723253499901874,5.0,0.0,0.0,0.0,0.0,0.0,0.0,0.0,0.0
USDJPY,2023-02-14,132.41,133.315,131.499,133.158,9050,9110,0.6834831206102266,-0.6880145004153775,0.5649120157087761,0.7206329030725315,5.0,3.0,0.0,4.0,4.360631362705572,18.98048637836826,1.4471756484096818,4.360631362705572,18.390798621256582
USDJPY,2023-02-15,133.108,134.359,132.52,134.137,12510,5880,0.9398383267722488,-0.4417465516723216,0.7730564654265681,0.7272912314303905,3.0,3.0,0.0,6.0,2.568797585419964,8.327462019303528,0.4160782663443853,2.568797585419964,8.199066894749755
USDJPY,2023-02-16,134.125,134.464,133.58,133.932,3390,5450,0.2527493010251621,-0.4063373718546039,-0.1438956197576977,0.7204425602509539,3.0,2.0,2.0,7.0,2.304266895464404,8.636230658524447,0.3712116222983104,2.324895310914284,8.853869861073367
USDJPY,2023-02-17,133.936,135.116,133.906,134.114,11800,300,0.8810177995460569,-0.0223987576155784,0.1328992951857583,0.7040233302778257,3.0,0.0,0.0,2.0,0.6080388162417829,-0.2908366010876978,-0.1454183005438489,0.6080388162417829,-0.3555158938481319
USDJPY,2023-02-20,134.214,134.538,133.918,134.23,3240,2960,0.2414055165631098,-0.2205433114280121,0.0119212600771835,0.6794200498624379,5.0,0.0,0.0,0.0,0.0,0.0,0.0,0.0,0.0
USDJPY,2023-02-21,134.209,135.228,134.142,134.993,10190,670,0.7592635367225785,-0.0499221363693994,0.5841635061732013,0.6782196080252816,3.0,1.0,2.0,1.0,1.616542818013131,5.456489607657533,0.36163482579068673,1.6644968671929696,4.704510685535936
USDJPY,2023-02-22,135.0,135.061,134.36,134.861,610,6400,0.0451851851851904,-0.474074074074064,-0.1029629629629703,0.6661951404965929,3.0,0.0,0.0,1.0,0.2612754123506549,0.2612754123506549,0.2612754123506549,0.2612754123506549,0.2612754123506549
USDJPY,2023-02-23,134.888,135.364,134.481,134.7,4760,4070,0.3528853567404061,-0.3017318071288852,-0.1393748887966436,0.6640214187315596,6.0,1.0,1.0,3.0,0.2496662063913574,-0.10031700025539612,0.03859132592331269,0.5259781985197653,-1.438650753154294
USDJPY,2023-02-24,134.692,136.519,134.041,136.406,18270,6510,1.3564279986933137,-0.4833249190746372,1.2725328898524029,0.7032635121867282,3.0,1.0,2.0,4.0,5.328409565143041,8.210982087579207,0.9137415093497763,5.328409565143041,8.210982087579207
USDJPY,2023-02-27,136.413,136.554,135.89,136.166,1410,5230,0.1033625827450397,-0.3833945445082393,-0.181067786794524,0.7037542716098679,3.0,0.0,3.0,0.0,1.8750208148225045,5.312818567006823,0.8854697611678038,1.8750208148225045,5.312818567006823
USDJPY,2023-02-28,136.18,136.917,135.71,136.172,7370,4700,0.5411954765751174,-0.3451314436774848,-0.0058745777647303,0.6984656305824085,3.0,1.0,1.0,9.0,3.3503655411655906,-7.66298071505742,-0.5910484828898618,3.3503655411655906,-7.715429183357637
USDJPY,2023-03-01,136.164,136.47,135.23,136.182,3060,9340,0.2247290032607823,-0.6859375459005299,0.0132193531329871,0.6540373040698083,4.0,1.0,0.0,6.0,1.6495943398566426,0.7977987990782918,0.03980874979670683,1.6113525437910234,0.9046468867013797
USDJPY,2023-03-02,136.143,137.1,136.0,136.755,9570,1430,0.7029373526365613,-0.1050366159112115,0.4495273352283957,0.6468611775553157,1.0,0.0,1.0,7.0,1.0759652333690726,-0.10099046588710354,-0.005079375575488454,1.0759652333690726,-0.2881241181987
USDJPY,2023-03-03,136.752,136.78,135.71,135.831,280,10420,0.0204750204750143,-0.761963261963263,-0.6734819234819386,0.5442064633236721,3.0,1.0,0.0,3.0,0.9926569987570066,-1.918786138755857,-0.44868628113084,0.8745160209125687,-1.707952469780651
USDJPY,2023-03-06,135.973,136.19,135.362,135.905,2170,6110,0.1595905069388661,-0.4493539158509545,-0.0500099284416847,0.5456698942358825,6.0,0.0,0.0,1.0,0.562582034339119,-0.562582034339119,-0.562582034339119,0.562582034339119,-0.562582034339119
USDJPY,2023-03-07,135.891,137.2,135.537,137.149,13090,3540,0.9632720342038822,-0.2605029030620019,0.9257419549491944,0.4769505949641231,3.0,0.0,0.0,4.0,1.0816193082058798,-1.195542886521924,-0.298885721630481,1.404574814996289,-1.518498393312333
USDJPY,2023-03-08,137.15,137.91,136.473,137.358,7600,6770,0.5541378053226328,-0.493620123951872,0.1516587677725107,0.4771328222540759,0.0,2.0,1.0,7.0,0.8051232013285292,-0.9032234950579864,-0.056707565408942194,0.8051232013285292,0.3442132958634654
USDJPY,2023-03-09,137.358,137.358,135.936,136.132,0,14220,0.0,-1.0352509500720724,-0.8925581327625614,0.5382803145887917,0.0,0.0,1.0,7.0,1.926410364498668,1.4730147500833104,-0.03103443186780809,1.7706670697432847,1.8986668589635884
USDJPY,2023-03-10,136.136,136.994,134.11,134.962,8580,20260,0.6302521008403391,-1.4882176646882397,-0.8623729211964555,0.581498358331862,1.0,3.0,0.0,3.0,1.726481526296233,2.171075375064576,0.0417679207414841,1.6191710651515288,1.8491439916304637
USDJPY,2023-03-13,133.891,135.052,132.26,133.196,11610,16310,0.8671232569776919,-1.2181550664346374,-0.5190789522820751,0.5731324266287016,6.0,0.0,0.0,1.0,0.701995627918136,-0.701995627918136,-0.701995627918136,0.701995627918136,-0.701995627918136
USDJPY,2023-03-14,133.196,134.901,133.0,134.252,17050,1960,1.28006847052465,-0.1471515661130949,0.7928166010991409,0.5857131799887489,1.0,3.0,0.0,1.0,0.5191201679846772,-1.9349489581605246,-0.10523777893667366,0.5989271485527536,-2.174369899864754
USDJPY,2023-03-15,134.246,135.113,132.19,133.329,8670,20560,0.645829298452088,-1.5315167677249315,-0.6830743560329555,0.5851173506453843,3.0,5.0,0.0,3.0,1.1268569257596095,-7.181221074561313,-0.30280303413323423,1.1268569257596095,-7.763163402010139
USDJPY,2023-03-16,133.333,133.827,131.7,133.55,4940,16330,0.3705009262523154,-1.224753061882662,0.1627504068760269,0.5850545904678661,0.0,1.0,1.0,8.0,2.794742872748771,0.9726430891700658,0.37010150134172315,2.794742872748771,1.120608850536279
USDJPY,2023-03-17,133.574,133.662,131.53,131.803,880,20440,0.0658810846422161,-1.5302379205534091,-1.3258568284247043,0.6566995946515618,2.0,1.0,1.0,4.0,1.3028820491193422,-2.9627949272844063,-0.12801385421715303,1.3028820491193422,-2.997693493183154
USDJPY,2023-03-20,131.821,132.65,130.534,131.28,8290,12870,0.6288831066370364,-0.9763239544533924,-0.4104050189271791,0.6612570859492098,6.0,0.0,0.0,0.0,0.0,0.0,0.0,0.0,0.0
USDJPY,2023-03-21,131.3,132.631,131.01,132.43,13310,2900,1.0137090632140051,-0.2208682406702364,0.8606245239908571,0.6784215024142587,1.0,0.0,1.0,0.0,3.697622229354776,7.395244458709552,3.697622229354776,3.697622229354776,7.395244458709552
USDJPY,2023-03-22,132.433,133.002,130.97,131.38,5690,14630,0.4296512198621317,-1.1047095512447758,-0.7951190413265555,0.698052381820663,2.0,1.0,0.0,1.0,0.1464236818875667,-0.41795960137771704,-0.0625561188012917,0.1464236818875667,-0.41795960137771704
USDJPY,2023-03-23,131.357,131.663,130.29,130.804,3060,10670,0.2329529450276815,-0.8122901710605505,-0.4209901261447789,0.7018147796081924,3.0,1.0,1.0,2.0,0.0799872970359473,-0.114405231684621,-0.03600328061513465,0.4474156279230589,0.4129976932743852
USDJPY,2023-03-24,130.811,130.939,129.61,130.701,1280,12010,0.0978510981492274,-0.918118506853394,-0.084090787472012,0.6222542622206532,5.0,2.0,3.0,1.0,1.5869993201336277,6.860562358780136,0.3958073307430467,1.5144649838114437,7.065324363562027
USDJPY,2023-03-27,130.568,131.76,130.47,131.534,11920,980,0.912934256479366,-0.0750566754488183,0.7398443722810947,0.6551694748752556,1.0,0.0,0.0,1.0,0.5856842065020388,0.5856842065020388,0.5856842065020388,0.5856842065020388,0.5856842065020388
USDJPY,2023-03-28,131.533,131.564,130.38,130.834,310,11530,0.0235682300259295,-0.8765861038674642,-0.5314255738103624,0.6603911996063722,6.0,1.0,1.0,5.0,1.3272616303714966,2.3382698003145563,0.25586599358023326,1.3272616303714966,2.3011153224290726
USDJPY,2023-03-29,130.843,132.89,130.73,132.717,20470,1130,1.5644703958178865,-0.0863630457876994,1.432250865541163,0.7498778134621263,3.0,0.0,1.0,1.0,1.179484524513532,-1.5341253966871498,-0.6784024803001704,1.179484524513532,-1.5341253966871498
USDJPY,2023-03-30,132.718,132.966,132.18,132.649,2480,5380,0.186862369836811,-0.4053707861781992,-0.0519899335432936,0.7393149282064831,3.0,2.0,1.0,1.0,0.63298549817692,1.8883108992924997,0.20660923432925693,0.63298549817692,2.3522082496397916
USDJPY,2023-03-31,132.665,133.594,132.57,132.797,9290,950,0.7002600535182618,-0.0716089398108007,0.0994987374213281,0.7285289768857532,1.0,1.0,3.0,7.0,2.400871041438406,-5.13227603343027,-0.1830372698850147,1.8315557280631611,-5.701591346805515
USDJPY,2023-04-03,133.255,133.755,132.197,132.4,5000,10580,0.3752204420096807,-0.7939664552924789,-0.6416269558365463,0.7394712493498486,2.0,1.0,1.0,6.0,1.181908525741869,-5.603963061038454,-0.3893541806720357,1.3165254764207548,-5.444013523688724
USDJPY,2023-04-04,132.401,133.169,131.518,131.718,7680,8830,0.580056041872796,-0.6669133918928178,-0.5158571309884525,0.7033273759673797,2.0,1.0,0.0,4.0,1.3291028058067147,-3.9577597245475795,-0.25991082258683,1.3291028058067147,-3.895812812338269
USDJPY,2023-04-05,131.717,131.844,130.611,131.231,1270,11060,0.0964188373558319,-0.8396790087840011,-0.3689728736609688,0.7002385103565094,4.0,2.0,0.0,3.0,2.082806407862907,-7.125668773080108,-0.7374373926008337,1.9967897402263697,-7.027694367487697
USDJPY,2023-04-06,131.225,131.905,130.77,131.7,6800,4550,0.5181939417031868,-0.3467327109925579,0.3619737092779534,0.6911391000676634,4.0,1.0,0.0,3.0,0.9848035421256874,-3.6914908980762364,-0.43047095345621533,1.029521749088258,-3.9318373511260454
USDJPY,2023-04-07,131.695,132.379,131.5,132.137,6840,1950,0.5193819051596473,-0.1480694027867369,0.3356239796499543,0.6768256988946526,6.0,3.0,0.0,3.0,0.6563614272061098,-1.1623632433671083,0.05116906151048751,0.6444283601488457,-0.8291338878976817
USDJPY,2023-04-10,132.124,133.879,131.82,133.59,17550,3040,1.3282976597741485,-0.2300868880748403,1.1095637431503802,0.7177232368798304,3.0,0.0,0.0,4.0,0.8030222856791884,0.6244822111171942,0.15612055277929854,1.9560569687071367,1.5854478393519422
USDJPY,2023-04-11,133.572,133.806,132.96,133.644,2340,6120,0.1751864163148031,-0.4581798580540793,0.0539035127122471,0.6935528955738415,2.0,0.0,0.0,2.0,0.4214560139594068,-0.6437556643948772,-0.3218778321974386,0.4214560139594068,-0.6437556643948772
USDJPY,2023-04-12,133.636,134.047,132.73,133.114,4110,9060,0.3075518572839664,-0.677961028465388,-0.3906133077913072,0.6821290916796598,2.0,3.0,1.0,5.0,1.0987122344741949,-10.040059002489146,-0.47854015985198717,1.6484042677064406,-12.512837474284032
USDJPY,2023-04-13,133.114,133.394,132.01,132.551,2800,11040,0.2103460192015874,-0.8293643042805515,-0.4229457457517741,0.6864721137399585,6.0,3.0,1.0,2.0,1.0095901482303724,-1.3543904875309591,0.0017647778242663472,1.1935576795493634,-2.098161578527562
USDJPY,2023-04-14,132.549,133.837,132.16,133.745,12880,3890,0.971716120076336,-0.2934763747746192,0.9023078257851798,0.6479538275222545,4.0,3.0,1.0,4.0,2.054375226308084,2.5908675575314652,0.2511383949006737,2.054375226308084,1.9335217091090047
USDJPY,2023-04-17,133.812,134.572,133.707,134.426,7600,1050,0.5679610199384142,-0.0784682988072954,0.4588527187397063,0.6436618330710845,2.0,1.0,0.0,1.0,0.3970140501607423,1.3580642486874899,0.3586820581681624,0.3970140501607423,1.3580642486874899
USDJPY,2023-04-18,134.428,134.706,133.86,134.074,2780,5680,0.2068021543130832,-0.4225310203231348,-0.2633379950605417,0.6230955672548015,4.0,0.0,0.0,3.0,1.7649883109668325,-2.107426714490189,-0.7024755714967297,1.7649883109668325,-2.107426714490189
USDJPY,2023-04-19,134.07,135.138,133.95,134.601,10680,1200,0.7965987916759992,-0.0895054822107888,0.3960617587827298,0.5942923539203633,2.0,0.0,0.0,2.0,1.3152293123060466,-1.408373711574543,-0.7041868557872715,1.3152293123060466,-1.408373711574543
USDJPY,2023-04-20,134.613,134.975,134.01,134.22,3620,6030,0.2689190494231573,-0.4479507922711838,-0.2919480287936534,0.5889012587386714,3.0,1.0,2.0,4.0,0.9689993401768516,0.4325609278876704,0.03164471592972584,0.9689993401768516,0.6206650394820037
USDJPY,2023-04-21,134.205,134.491,133.546,134.096,2860,6590,0.2131068142021544,-0.4910398271301517,-0.0812190305875406,0.5888501613367021,3.0,2.0,0.0,2.0,0.9655659115145292,4.317521348348283,0.37443017483242397,0.9287597773169232,4.325595005407322
USDJPY,2023-04-24,134.008,134.73,133.888,134.186,7220,1200,0.5387738045489672,-0.0895468927228259,0.1328278908721847,0.5703843266080721,2.0,0.0,0.0,0.0,0.0,0.0,0.0,0.0,0.0
USDJPY,2023-04-25,134.182,134.479,133.363,133.73,2970,8190,0.2213411634943774,-0.6103650266056464,-0.3368559121193589,0.5608766757726852,3.0,1.0,2.0,4.0,1.7932206235668715,0.3768392353697409,0.10862687094310232,1.7932206235668715,0.3768392353697409
USDJPY,2023-04-26,133.702,133.94,133.0,133.624,2380,7020,0.1780078084097467,-0.5250482416119416,-0.0583386935124403,0.464749988640891,4.0,0.0,2.0,3.0,1.6346596921128724,4.624722089007621,0.5284647186086585,1.6346596921128724,4.677708372482286
USDJPY,2023-04-27,133.628,134.197,133.198,133.89,5690,4300,0.4258089621935649,-0.3217888466488898,0.1960666926093337,0.4659981553319203,6.0,2.0,2.0,1.0,1.192807788312643,-6.734789236459766,-0.5253595406437841,1.192807788312643,-6.734789236459766
USDJPY,2023-04-28,133.864,136.561,133.331,136.24,26970,5330,2.0147313691507818,-0.3981653020976629,1.774935755692348,0.6075398057378958,6.0,3.0,3.0,7.0,2.234647877598253,1.0390667912575013,-0.003292915732906226,2.234647877598253,0.5054820543489775
USDJPY,2023-05-01,136.172,137.543,136.149,137.465,13710,230,1.0068149105543058,-0.0168904033134536,0.9495344123608424,0.6070784891587745,1.0,1.0,1.0,4.0,1.017543517990246,3.7401965554837395,0.27055675592408973,1.017543517990246,4.243136943584597
USDJPY,2023-05-02,137.464,137.774,136.3,136.523,3100,11640,0.2255135890123976,-0.8467671535820195,-0.684542862131178,0.6185678579586511,0.0,1.0,0.0,3.0,1.1088574767685409,-1.4453823944801936,0.05937999872966365,1.1088574767685409,-1.4453823944801936
USDJPY,2023-05-03,136.53,136.572,134.53,134.595,420,20000,0.0307624697868611,-1.4648795136600017,-1.417270929466053,0.7064729736880945,2.0,3.0,0.0,2.0,0.5690955905481297,1.8123350216354357,0.09938615663418433,0.5690955905481297,1.9039714274219144
USDJPY,2023-05-04,134.594,134.877,133.498,134.233,2830,10960,0.2102619730448723,-0.8143007860677324,-0.2682140362868999,0.7099197071990517,4.0,1.0,0.0,5.0,1.0840093597509364,1.1720244248455525,-0.11445236699932154,1.0840093597509364,1.7650887333061327
USDJPY,2023-05-05,134.226,135.125,133.88,134.819,8990,3460,0.6697659171844508,-0.2577742017194907,0.4417922012128718,0.7121306557667157,3.0,3.0,0.0,0.0,0.6781988019821421,-1.262659008873758,-0.14029544543041753,0.5651209606601032,-0.9234254849076413
USDJPY,2023-05-08,134.826,135.297,134.638,135.054,4710,1880,0.3493391482355062,-0.1394389806120393,0.1691068488273839,0.6726094899728565,3.0,0.0,0.0,1.0,1.7328913750157062,-1.7328913750157062,-1.7328913750157062,1.7328913750157062,-1.7328913750157062
USDJPY,2023-05-09,135.044,135.357,134.71,135.205,3130,3340,0.231776309943417,-0.2473267971920286,0.1192204022392711,0.6727215343784133,1.0,0.0,0.0,5.0,1.7991787807151505,-3.5116610915255495,-0.70233221830511,1.7991787807151505,-3.478514722643417
USDJPY,2023-05-10,135.215,135.47,134.1,134.283,2550,11150,0.1885885441703919,-0.824612653921539,-0.689272639869849,0.6865694292984079,3.0,3.0,1.0,3.0,2.0428794673386568,5.174603614496875,0.33027820733978214,2.0428794673386568,5.044563033160007
USDJPY,2023-05-11,134.292,134.844,133.74,134.51,5520,5520,0.4110445894021926,-0.4110445894021926,0.1623328269740485,0.6777059304960906,6.0,3.0,1.0,6.0,1.4323032544532823,3.9437112270462147,0.018908583721127047,1.4323032544532823,3.7610087534323062
USDJPY,2023-05-12,134.494,135.753,134.38,135.745,12590,1140,0.9361012387169584,-0.0847621455232235,0.9301530179785008,0.6795090696445415,4.0,1.0,1.0,2.0,1.2660400589812684,-3.7633554832251486,-0.21328255259683934,1.2660400589812684,-3.7633554832251486
USDJPY,2023-05-15,135.705,136.325,135.695,136.078,6200,100,0.4568733650196942,-0.0073689252422676,0.2748609115360454,0.6753713022518613,3.0,1.0,0.0,2.0,0.534705327068935,-1.4053153156277676,-0.27323477531736584,0.534705327068935,-1.4053153156277676
USDJPY,2023-05-16,136.079,136.684,135.653,136.36,6050,4260,0.4445946839703332,-0.3130534468948303,0.2064976961911874,0.6712225927778507,6.0,2.0,0.0,5.0,1.4798121090506673,4.316840460428427,0.35053213765113966,1.4798121090506673,4.044034799548073
USDJPY,2023-05-17,136.369,137.712,136.29,137.551,13430,790,0.984827930101408,-0.0579310547118536,0.866765907207641,0.6902688600630279,5.0,0.0,0.0,6.0,0.4394386209401882,0.7722247020966888,0.1287041170161148,0.4394386209401882,0.7899123775400521
USDJPY,2023-05-18,137.556,138.746,137.28,138.671,11900,2760,0.8651022129169194,-0.2006455552647724,0.8105789642036556,0.6996150842939185,1.0,1.0,2.0,3.0,1.1345117333552408,-4.440635334797987,-0.24132755663269298,1.1345117333552408,-4.347059693194697
USDJPY,2023-05-19,138.665,138.684,137.42,137.878,190,12450,0.0137020877654818,-0.8978473298957953,-0.5675548984963806,0.717217830345281,4.0,0.0,0.0,2.0,0.6900930488593796,-0.8002448200664929,-0.40012241003324645,0.6900930488593796,-0.8002448200664929
USDJPY,2023-05-22,137.996,138.687,137.49,138.564,6910,5060,0.5007391518594759,-0.3666772949940579,0.4116061335111043,0.7195587833853299,3.0,0.0,0.0,2.0,0.9519607527609688,-0.9609137544226282,-0.4804568772113141,0.9519607527609688,-0.9609137544226282
USDJPY,2023-05-23,138.565,138.909,138.24,138.524,3440,3250,0.2482589398477206,-0.2345469635189179,-0.029589001551616,0.7115247187239196,5.0,2.0,2.0,2.0,1.0576476591590958,-0.1982626620638061,0.1012279696283287,1.6076538092310702,0.6195569563610036
USDJPY,2023-05-24,138.521,139.477,138.229,139.353,9560,2920,0.6901480641924455,-0.2107983627031087,0.6006309512637232,0.7151584963992058,4.0,0.0,0.0,1.0,0.4886405152123423,-0.4886405152123423,-0.4886405152123423,0.4886405152123423,-0.4886405152123423
USDJPY,2023-05-25,139.354,140.228,138.811,140.055,8740,5430,0.6271797006185651,-0.3896551229243554,0.5030354349354833,0.718066726330547,4.0,2.0,2.0,1.0,0.3549849639179949,1.3739751128279614,0.09383312027411131,0.9334305916893252,3.868493629334994
USDJPY,2023-05-26,140.057,140.724,139.492,140.595,6670,5650,0.4762346758819635,-0.4034071842178525,0.3841293187773628,0.6212070766031984,3.0,1.0,4.0,6.0,1.777616463232528,-1.765451027384779,-0.15171663248546788,1.777616463232528,-1.975712107948325
USDJPY,2023-05-29,140.636,140.917,140.108,140.367,2810,5280,0.1998065929065146,-0.3754372991268179,-0.1912739270172683,0.5966588625060852,2.0,0.0,0.0,0.0,0.0,0.0,0.0,0.0,0.0
USDJPY,2023-05-30,140.368,140.932,139.568,139.773,5640,8000,0.4018009802804008,-0.569930468482833,-0.4238857859341152,0.5812294549342648,2.0,1.0,0.0,3.0,2.777985360760852,-5.484560215812834,-1.2524772380377096,2.777985360760852,-5.19123732592014
USDJPY,2023-05-31,139.776,140.396,139.21,139.299,6200,5660,0.4435668498168327,-0.4049336080586098,-0.3412603021978049,0.4713831024744087,1.0,1.0,0.0,5.0,1.5563927688406944,-0.03465710270111899,-0.28369557108781945,1.5563927688406944,0.12786428181662912
USDJPY,2023-06-01,139.314,139.949,138.43,138.815,6350,8840,0.4558048724464299,-0.6345378066812999,-0.3581836714185187,0.4761748524163025,6.0,3.0,1.0,11.0,1.9076127906805636,-4.693917951893246,-0.19188071355937364,1.9076127906805636,-5.024851939134578
USDJPY,2023-06-02,138.817,140.07,138.6,139.947,12530,2170,0.9026271998386264,-0.1563209117039072,0.8140213374442579,0.4945253088958442,2.0,3.0,0.0,1.0,2.53574894446684,6.35315990039109,0.603130322755554,2.354269343068905,5.808721096197285
USDJPY,2023-06-05,139.951,140.453,139.24,139.536,5020,7110,0.3586969725118145,-0.5080349550914137,-0.2965323577537795,0.5060211849093909,3.0,1.0,0.0,2.0,0.638036131208713,-2.6134450770772877,-0.44579093821995386,0.638036131208713,-2.5222945803580905
USDJPY,2023-06-06,139.539,139.993,139.09,139.624,4540,4490,0.3253570686331475,-0.3217738410050121,0.0609148696780168,0.5064321157464758,4.0,0.0,0.0,4.0,0.3854575794565276,-0.8554385472535083,-0.21385963681337708,0.3854575794565276,-0.9304423194247845
USDJPY,2023-06-07,139.63,140.247,139.02,140.13,6170,6100,0.4418821170235756,-0.4368688677218257,0.3580892358375707,0.4669986419059614,0.0,0.0,0.0,3.0,0.1842755497402044,-0.3572203020252255,-0.11907343400840849,1.0731126607729908,-1.36384250771447
USDJPY,2023-06-08,140.098,140.225,138.8,138.887,1270,12980,0.090650830133179,-0.9264943111250707,-0.8643949235535215,0.5251805927260953,4.0,1.0,0.0,8.0,1.8633787329059173,7.6261567759378766,0.43326659001400475,1.8633787329059173,6.874977537047488
USDJPY,2023-06-09,138.888,139.724,138.755,139.355,8360,1330,0.6019238523126434,-0.0957606128679293,0.3362421519497613,0.4951190920582409,3.0,0.0,0.0,1.0,0.4198605431996985,0.4198605431996985,0.4198605431996985,0.4198605431996985,0.4198605431996985
USDJPY,2023-06-12,139.392,139.765,139.05,139.592,3730,3420,0.2675906795224909,-0.2453512396694104,0.1434802571166329,0.4939344832358324,5.0,0.0,1.0,3.0,0.6071196790212241,-0.9479913315898918,-0.27819591426442464,0.7195187394022529,0.1614614962790002
USDJPY,2023-06-13,139.592,140.306,139.0,140.2,7140,5920,0.5114906298355196,-0.4240930712361832,0.4355550461344315,0.498650276726842,3.0,3.0,0.0,3.0,1.1933395106357494,-6.286111374515053,-0.29901927373561255,1.4863787661606649,-6.928718231423255
USDJPY,2023-06-14,140.2,140.281,139.279,140.033,810,9210,0.0577746077032933,-0.6569186875891528,-0.1191155492154077,0.4701729716512172,3.0,3.0,0.0,1.0,2.7590535327235672,-3.386379470397565,0.17764396625413084,2.7590535327235672,-3.555019119423343
USDJPY,2023-06-15,140.04,141.503,139.936,140.257,14630,1040,1.0447015138531806,-0.0742644958583154,0.1549557269351706,0.4385940421841408,6.0,4.0,2.0,7.0,1.634592675777545,-0.6182991183716642,-0.010600516218900475,1.634592675777545,-0.8574021809517667
USDJPY,2023-06-16,140.265,141.911,139.84,141.825,16460,4250,1.1734930310483835,-0.3029978968381157,1.1121805154528943,0.4734465959135076,3.0,1.0,2.0,1.0,1.9419082570645436,-0.9247346021527194,-0.3253254879451116,1.9419082570645436,-0.9247346021527194
USDJPY,2023-06-19,141.769,142.01,141.438,141.914,2410,3310,0.1699948507783686,-0.2334784050109807,0.1022790595969371,0.46894993845865,1.0,0.0,0.0,1.0,1.3436889245045056,1.3436889245045056,1.3436889245045056,1.3436889245045056,1.3436889245045056
USDJPY,2023-06-20,141.912,142.252,141.19,141.375,3400,7220,0.2395850949884459,-0.5087659958284066,-0.3784035176729284,0.4810984926231821,4.0,0.0,0.0,3.0,2.5512199967689506,4.491861541766151,1.4972871805887171,2.5512199967689506,4.491861541766151
USDJPY,2023-06-21,141.375,142.368,141.26,141.838,9930,1150,0.7023872679045058,-0.0813439434129153,0.3274977895667507,0.4699350423829858,6.0,0.0,0.0,0.0,0.0,0.0,0.0,0.0,0.0
USDJPY,2023-06-22,141.838,143.227,141.607,143.072,13890,2310,0.9792862279502038,-0.1628618564841541,0.8700066272790148,0.4935644285917132,5.0,1.0,1.0,4.0,0.2295345929327363,0.5374414447078568,0.020285997053487964,0.2295345929327363,0.6405567483726333
USDJPY,2023-06-23,143.064,143.871,142.674,143.655,8070,3900,0.564083207515529,-0.2726052675725454,0.4131018285522621,0.4944644335504949,3.0,2.0,0.0,2.0,1.388416351223573,-5.731727810649477,-0.6032197048482131,1.2898844863463192,-5.827106720715062
USDJPY,2023-06-26,143.602,143.716,142.934,143.456,1140,6680,0.0793860809738056,-0.4651745797412336,-0.1016698931769857,0.4920121909398902,5.0,0.0,0.0,1.0,0.1094774952509268,-0.1094774952509268,-0.1094774952509268,0.1094774952509268,-0.1094774952509268
USDJPY,2023-06-27,143.466,144.175,143.279,144.038,7090,1870,0.4941937462534699,-0.1303444718609369,0.3987007374569603,0.4790469671636347,4.0,1.0,4.0,3.0,1.169112245627499,8.295585918885608,0.41835055810599947,1.169112245627499,8.295585918885608
USDJPY,2023-06-28,144.028,144.616,143.727,144.373,5880,3010,0.4082539506207281,-0.2089871413891658,0.2395367567417438,0.4648785624017307,4.0,0.0,0.0,3.0,0.498717269448185,0.3114800928103436,0.10382669760344787,0.5321456631127273,0.34490848647488587
USDJPY,2023-06-29,144.381,144.898,144.127,144.733,5170,2540,0.3580803568336526,-0.17592342482736,0.2437993918867468,0.4471861559473883,2.0,2.0,2.0,3.0,1.3522382876943724,-4.210809250466621,-0.27148526877152523,1.534335958761036,-2.1196036327128644
USDJPY,2023-06-30,144.733,145.067,144.2,144.261,3340,5330,0.2307697622518728,-0.3682643211983552,-0.3261177478529488,0.4390688082544371,4.0,1.0,2.0,7.0,0.7193655151782538,-1.7873638171414736,-0.07455778727276952,0.7193655151782538,-1.8921816364493653
USDJPY,2023-07-03,144.26,144.913,143.982,144.655,6530,2780,0.4526549286011507,-0.192707611257446,0.2738111742686887,0.4265060373243065,3.0,1.0,1.0,5.0,3.484185211186487,-0.07970584843842332,0.2632754532647848,3.484185211186487,-0.20513150659187834
USDJPY,2023-07-04,144.654,144.7,144.19,144.44,460,4640,0.0318000193565281,-0.3207654126398154,-0.1479392204847419,0.4321977301879107,3.0,0.0,0.0,2.0,0.3444009618659399,-0.0916186534973022,-0.0458093267486511,0.3940369033493592,-0.14125459498072152
USDJPY,2023-07-05,144.447,144.734,144.07,144.546,2870,3770,0.1986887924290612,-0.2609953823893951,0.0685372489563573,0.4305382710267834,1.0,0.0,0.0,2.0,0.5767270276105257,0.45390251007099763,0.22695125503549882,0.5767270276105257,0.45390251007099763
USDJPY,2023-07-06,144.555,144.653,143.552,144.041,980,10030,0.0677942651585796,-0.6938535505517031,-0.3555740029746532,0.3788001261990938,0.0,4.0,0.0,5.0,1.394690739638465,4.393302434781685,0.13137278407606098,1.394690739638465,4.800471071757014
USDJPY,2023-07-07,144.025,144.202,142.056,142.083,1770,19690,0.1228953306717531,-1.3671237632355453,-1.3483770178788457,0.5084152869277386,1.0,3.0,0.0,4.0,5.541148409512839,3.368794126920159,0.8015287792210647,5.541148409512839,3.696343863541366
USDJPY,2023-07-10,142.133,143.005,141.236,141.319,8720,8970,0.6135098815897685,-0.6310990410390407,-0.5727030316675377,0.5299789548009647,0.0,0.0,0.0,4.0,1.986584982330365,1.1689880981417842,0.29224702453544604,1.986584982330365,1.1182891834177342
USDJPY,2023-07-11,141.319,141.459,140.14,140.343,1400,11790,0.0990666506273146,-0.8342827220685132,-0.69063607865892,0.5480019429109227,0.0,0.0,0.0,5.0,0.8879188008136705,0.6512244801156858,0.13024489602313716,0.8879188008136705,0.6512244801156858
USDJPY,2023-07-12,140.344,140.352,138.15,138.414,80,21940,0.0057002793136933,-1.5633016017784789,-1.375192384426842,0.6293053404890839,2.0,3.0,1.0,3.0,1.5623858876658103,-6.818070750708654,-0.3658799130584141,1.9721417568513115,-7.90450038801417
USDJPY,2023-07-13,138.417,138.956,137.919,138.057,5390,4980,0.3894030357542695,-0.3597823966709222,-0.260083660244055,0.6288739943946308,5.0,3.0,0.0,3.0,0.6168460600675084,-0.9660717751232052,-0.06886304637319135,0.6168460600675084,-1.0262117030850237
USDJPY,2023-07-14,138.055,139.157,137.237,138.743,11020,8180,0.7982325884611233,-0.5925174749194249,0.4983521060446837,0.5810253444208885,3.0,1.0,1.0,2.0,2.0285040600370863,6.102756133066808,0.5003084586934291,2.0285040600370863,6.102756133066808
USDJPY,2023-07-17,138.696,139.407,137.99,138.698,7110,7060,0.5126319432427847,-0.5090269366095553,0.0014420026532917,0.5795580416762588,3.0,1.0,0.0,0.0,0.0615376131628713,0.1846128394886141,0.0615376131628713,0.0615376131628713,0.1846128394886141
USDJPY,2023-07-18,138.69,139.134,137.679,138.81,4440,10110,0.3201384382435564,-0.7289638762708167,0.0865239022279937,0.5775927798677218,5.0,2.0,1.0,4.0,1.2023893117324695,-0.9918626744747253,-0.052599366062764434,1.2023893117324695,-1.4168590526876148
USDJPY,2023-07-19,138.818,139.993,138.75,139.592,11750,680,0.8464320189024355,-0.0489850019450014,0.5575645809621237,0.5884884404394349,4.0,1.0,1.0,2.0,1.030817434956434,-5.097557960575071,-0.5730825501113455,1.030817434956434,-5.097557960575071
USDJPY,2023-07-20,139.598,140.498,139.108,140.036,9000,4900,0.6447083769108276,-0.3510078940959104,0.3137580767632689,0.5535142133768497,6.0,1.0,2.0,3.0,0.6185725889175171,-2.9872477007401725,-0.21632030533044885,0.6185725889175171,-2.8643865933966173
USDJPY,2023-07-21,140.056,141.956,139.744,141.77,19000,3120,1.3566002170560183,-0.2227680356428941,1.2237961958073902,0.6191771056869039,3.0,0.0,1.0,0.0,0.1997170860955631,-0.3994341721911263,-0.1997170860955631,0.1997170860955631,-0.3994341721911263
USDJPY,2023-07-24,141.706,141.811,140.74,141.442,1050,9660,0.0740970742241106,-0.6816930828616854,-0.1863012151920043,0.6197397433115877,2.0,2.0,0.0,1.0,2.1437987960744453,4.115723803899624,0.42164110714552977,2.039252269961117,3.580902118385477
USDJPY,2023-07-25,141.436,141.737,140.848,140.91,3010,5880,0.2128171045561156,-0.4157357391328897,-0.3718996577957595,0.6131260332469215,1.0,1.0,1.0,3.0,1.0419180251042544,2.5510769508524582,0.11124579272794433,1.0419180251042544,2.5510769508524582
USDJPY,2023-07-26,140.918,141.186,139.92,140.194,2680,9980,0.1901815240068697,-0.7082132871599219,-0.5137739678394655,0.6138951128816413,1.0,1.0,1.0,2.0,1.7451520876108448,-2.9149907382021487,-0.549989438405045,1.7451520876108448,-2.9149907382021487
USDJPY,2023-07-27,140.197,141.32,138.76,139.416,11230,14370,0.8010157136029946,-1.0249862693210352,-0.5570732611967488,0.6133843617848697,6.0,2.0,4.0,3.0,1.0405262939577389,-3.698306322409071,-0.16874032637764907,1.0405262939577389,-3.6828993722538317
USDJPY,2023-07-28,139.403,141.183,138.058,141.14,17800,13450,1.276873524960009,-0.9648285904894436,1.2460277038514198,0.6901587667813049,5.0,3.0,2.0,3.0,0.9045294134689944,-8.154066572604725,-0.35388964675458434,0.9045294134689944,-8.154066572604725
USDJPY,2023-07-31,141.056,142.689,140.688,142.25,16330,3680,1.157696234119769,-0.2608892921960238,0.8464723230489936,0.7180392080311794,4.0,0.0,0.0,5.0,0.4811747179602089,0.1308512723548621,0.02617025447097242,0.4811747179602089,0.4179040080885847
USDJPY,2023-08-01,142.264,143.546,142.203,142.76,12820,610,0.9011415396727086,-0.0428780295788161,0.3486475847719598,0.7240127331159478,4.0,2.0,1.0,6.0,1.3132768427298502,1.113680122036536,0.0470955845916117,0.8407604481602726,0.36648068960757635
USDJPY,2023-08-02,142.76,143.476,142.228,143.288,7160,5320,0.5015410479125864,-0.3726534043149218,0.3698514990193471,0.7297656113567234,2.0,1.0,0.0,2.0,4.301614643741366,-4.932490479533757,-1.5105912908906347,4.301614643741366,-4.932490479533757
USDJPY,2023-08-03,143.279,143.892,142.059,142.511,6130,12200,0.4278365985245567,-0.8514855631320702,-0.5360171413815009,0.7350085805275403,1.0,2.0,0.0,6.0,0.953248800083713,0.5443623343600154,0.061788030902027266,0.953248800083713,0.6359860397587979
USDJPY,2023-08-04,142.514,142.903,141.548,141.71,3890,9660,0.2729556394459362,-0.677828143199972,-0.5641551005515262,0.6807903139140503,5.0,3.0,0.0,0.0,0.6563614272061098,-3.1776718718882337,-0.3530746524320259,0.5452849753829675,-2.844442516418807
USDJPY,2023-08-07,141.715,142.583,141.511,142.485,8680,2040,0.6124969128179762,-0.1439508873443232,0.5433440355643441,0.677693484847784,5.0,0.0,0.0,1.0,0.2589150670539497,-0.2589150670539497,-0.2589150670539497,0.2589150670539497,-0.2589150670539497
USDJPY,2023-08-08,142.473,143.492,142.38,143.34,10190,930,0.7152232352796508,-0.0652755258891282,0.608536354256589,0.6652124138000026,3.0,0.0,0.0,11.0,2.812697066254972,0.7585197399898467,0.06895633999907697,3.5898009803309114,1.7988250041101501
USDJPY,2023-08-09,143.341,143.75,142.99,143.673,4090,3510,0.2853335751808566,-0.2448706231992236,0.2316155182397176,0.5654397613611343,5.0,0.0,1.0,3.0,0.492016600525659,-0.3864267256196185,-0.07243178123641152,0.492016600525659,-0.028737410255387966
USDJPY,2023-08-10,143.668,144.817,143.274,144.68,11490,3940,0.7997605590667378,-0.2742433944928623,0.704401815296378,0.5657732264907579,3.0,4.0,0.0,5.0,1.4559016301312768,3.9672498868525894,0.17808215564575586,1.4559016301312768,4.79096312580148
USDJPY,2023-08-11,144.681,145.0,144.415,144.93,3190,2660,0.2204850671477169,-0.1838527519162983,0.1721027640118572,0.5627048115827352,4.0,3.0,1.0,0.0,1.7089922033569476,3.9063036713398906,0.2888204479808489,1.7089922033569476,3.819994342091048
USDJPY,2023-08-14,144.946,145.58,144.649,145.534,6340,2970,0.4374042746954139,-0.2049038952437439,0.4056683178563008,0.5614635594388433,3.0,0.0,0.0,1.0,0.7418981470081045,-0.7418981470081045,-0.7418981470081045,0.7418981470081045,-0.7418981470081045
USDJPY,2023-08-15,145.538,145.865,145.1,145.543,3270,4380,0.2246835877915033,-0.3009523286014763,0.0034355288653104,0.5630144658344516,5.0,3.0,0.0,6.0,2.4716227623655027,0.9409397561459787,0.21157504998630614,2.4716227623655027,0.32279133053988196
USDJPY,2023-08-16,145.545,146.407,145.302,146.248,8620,2430,0.5922566903706917,-0.1669586725754887,0.4830121268336274,0.5610607045298517,2.0,0.0,2.0,4.0,1.1411389079846683,3.0790036488779915,0.39134416655039983,1.1411389079846683,3.0508196064971522
USDJPY,2023-08-17,146.259,146.561,145.615,145.803,3020,6440,0.2064830198483655,-0.4403147840474617,-0.3117756855988273,0.5739364886909369,2.0,1.0,1.0,5.0,0.5550811500203777,-1.393513620688731,-0.047266798015466724,0.5550811500203777,-1.2921237859758534
USDJPY,2023-08-18,145.816,145.84,144.923,145.38,240,8930,0.0164590991386411,-0.6124156471169149,-0.2990069676853069,0.5314222076159693,5.0,0.0,0.0,1.0,0.3252755485056186,-0.3252755485056186,-0.3252755485056186,0.3252755485056186,-0.3252755485056186
USDJPY,2023-08-21,145.395,146.404,145.14,146.202,10090,2550,0.6939715946215386,-0.1753842979469884,0.555039719385115,0.5339624098592615,2.0,0.0,0.0,0.0,0.0,0.0,0.0,0.0,0.0
USDJPY,2023-08-22,146.203,146.401,145.491,145.858,1980,7120,0.135428137589521,-0.4869941109279488,-0.2359732700423376,0.5275524257335328,0.0,0.0,2.0,1.0,0.3530367004577371,-0.3851794497420055,-0.050206689562653735,0.3530367004577371,-0.3851794497420055
USDJPY,2023-08-23,145.856,145.877,144.53,144.787,210,13260,0.0143977621764034,-0.9091158402808204,-0.7329146555506721,0.5446112235768563,6.0,3.0,1.0,2.0,1.2990861086151506,-6.920014064232829,-0.33694786356419915,1.2056901262306703,-6.628727974617388
USDJPY,2023-08-24,144.802,145.958,144.58,145.826,11560,2220,0.7983315147580876,-0.1533127995469537,0.7071725528652926,0.5296693877389832,4.0,1.0,2.0,1.0,0.5207081493140723,-2.69380787562403,-0.29555220347216565,0.5207081493140723,-2.69380787562403
USDJPY,2023-08-25,145.826,146.635,145.719,146.404,8090,1070,0.5547707541864946,-0.0733751182916622,0.3963627885287966,0.4749005080578286,3.0,1.0,1.0,2.0,2.128726947557593,-1.7807623373429413,0.3566370744516754,2.128726947557593,-1.7807623373429413
USDJPY,2023-08-28,146.404,146.746,146.268,146.528,3420,1360,0.2336001748586192,-0.0928936367858772,0.0846971394224169,0.4488734965888995,1.0,0.0,0.0,0.0,0.0,0.0,0.0,0.0,0.0
USDJPY,2023-08-29,146.526,147.374,145.664,145.907,8480,8620,0.5787368794616551,-0.5882914977546805,-0.422450623097607,0.463492709839731,4.0,3.0,0.0,2.0,2.3091540673790703,-3.552716522719569,0.026122423330497125,1.75841865376652,-4.103451936332119
USDJPY,2023-08-30,145.91,146.537,145.554,146.162,6270,3560,0.4297169488040638,-0.2439860187786954,0.1727092043040295,0.4597150296377412,1.0,2.0,2.0,4.0,0.9439104027971242,-2.745696895571442,-0.13129066775716144,0.9439104027971242,-5.48619709823702
USDJPY,2023-08-31,146.181,146.228,145.345,145.506,470,8360,0.0321519212483134,-0.5718937481615345,-0.4617563158002827,0.4545935617270643,5.0,2.0,0.0,8.0,2.244678750709416,1.671838235823851,0.24187959881668183,2.244678750709416,1.671838235823851
USDJPY,2023-09-01,145.536,146.294,144.439,146.193,7580,10970,0.52083333333334,-0.7537653913808325,0.4514346965699282,0.4324480529713962,4.0,4.0,1.0,5.0,2.466383165766497,11.380207412346413,0.46375624219436046,2.2912609192474105,10.51116200087098
USDJPY,2023-09-04,146.188,146.495,146.018,146.451,3070,1700,0.2100035570635184,-0.1162886146605655,0.1799053273866564,0.4226986101328054,6.0,0.0,0.0,1.0,1.577233243493522,1.577233243493522,1.577233243493522,1.577233243493522,1.577233243493522
USDJPY,2023-09-05,146.45,147.802,146.44,147.676,13520,100,0.9231819733697536,-0.0068282690337937,0.837145783543871,0.4389667914571294,3.0,0.0,0.0,3.0,0.5562087369941974,-0.44642104005911726,-0.14880701335303909,0.5562087369941974,-0.7714868127587854
USDJPY,2023-09-06,147.674,147.818,147.012,147.608,1440,6620,0.0975120874358421,-0.4482847352953167,-0.0446930400747609,0.4404772740564418,2.0,1.0,0.0,3.0,1.0239592562788693,1.9114120070584617,0.1518704567885361,1.0161616637505102,2.0416300674146712
USDJPY,2023-09-07,147.625,147.874,147.038,147.273,2490,5870,0.1686706181202338,-0.3976291278577403,-0.2384419983065225,0.4262409724572843,5.0,1.0,0.0,6.0,0.7431784439665483,-2.930664332207196,-0.20632963489629996,0.7431784439665483,-2.9380066764575665
USDJPY,2023-09-08,147.273,147.87,146.583,147.81,5970,6900,0.4053696196858952,-0.4685176508932375,0.3646289543908294,0.4304627798663746,2.0,0.0,0.0,7.0,1.7328913750157062,-2.994202113310028,-0.4277431590442897,1.7328913750157062,-3.2695401332700817
USDJPY,2023-09-11,146.793,147.276,145.899,146.547,4830,8940,0.3290347632380318,-0.6090208661175979,-0.1675829228914248,0.4277442374646734,5.0,0.0,0.0,2.0,0.1159014952912459,0.14995151018423708,0.07497575509211854,0.1159014952912459,0.14995151018423708
USDJPY,2023-09-12,146.548,147.257,146.433,147.107,7090,1150,0.4838005295193405,-0.0784725823620991,0.381444987307911,0.4331493204410291,4.0,0.0,0.0,2.0,0.31002591235336,-0.25460919007736743,-0.12730459503868372,0.4529210971765976,0.1428951848232376
USDJPY,2023-09-13,147.108,147.745,147.009,147.367,6370,990,0.4330151997172148,-0.0672974957174443,0.1760611251597371,0.4236361324310512,3.0,3.0,0.0,5.0,3.543903924675786,12.128996922868566,0.8787027245921755,3.543903924675786,13.240690944252115
USDJPY,2023-09-14,147.367,147.566,147.012,147.42,1990,3550,0.135037016428381,-0.2408951800606579,0.0359646325160974,0.4141904852145018,4.0,5.0,0.0,4.0,0.4376671711605959,0.17230961288332206,-0.010642977903304604,0.4376671711605959,-0.2503246229821437
USDJPY,2023-09-15,147.421,147.95,147.334,147.835,5290,870,0.3588362580636384,-0.0590146586985497,0.2808283758759035,0.4059617349552272,3.0,2.0,2.0,3.0,1.9583458325976215,0.4055986769662744,0.24680343661694978,1.9583458325976215,0.4000022822191184
USDJPY,2023-09-18,147.75,147.879,147.55,147.59,1290,2000,0.0873096446700444,-0.1353637901861175,-0.1082910321488978,0.3951559442805135,3.0,0.0,0.0,1.0,1.1065283973264108,-1.1065283973264108,-1.1065283973264108,1.1065283973264108,-1.1065283973264108
USDJPY,2023-09-19,147.591,147.921,147.49,147.773,3300,1010,0.2235908693619421,-0.0684323569865365,0.1233137521935537,0.388002831670219,4.0,0.0,1.0,2.0,1.4777966519912669,1.095079496164779,-0.12757238527549597,1.4777966519912669,1.095079496164779
USDJPY,2023-09-20,147.771,148.358,147.46,148.192,5870,3110,0.397236264219649,-0.210460780532025,0.2849002849002989,0.3361891795273792,1.0,1.0,0.0,2.0,0.3526637628424595,-1.2550250062529495,-0.18323249352267681,0.3526637628424595,-1.100770998688186
USDJPY,2023-09-21,148.179,148.458,147.318,147.561,2790,8610,0.1882857894843374,-0.5810539955054292,-0.4170631465997172,0.3323848376990136,6.0,1.0,2.0,3.0,1.2400526211089258,-4.543500373685525,-0.28451172516609696,1.2400526211089258,-4.297761581986462
USDJPY,2023-09-22,147.569,148.419,147.504,148.36,8500,650,0.5760017347817108,-0.0440471914833045,0.5360204378968654,0.3404092637603331,5.0,2.0,1.0,2.0,0.8435434333864592,0.8273634424814746,-0.07433346446912285,1.0602912601663534,0.25083115941797773
USDJPY,2023-09-25,148.285,148.965,148.239,148.828,6800,460,0.458576390059687,-0.0310213440334438,0.3661867350035447,0.3454194450935213,3.0,0.0,0.0,0.0,0.0,0.0,0.0,0.0,0.0
USDJPY,2023-09-26,148.831,149.186,148.701,149.0,3550,1300,0.2385255759888855,-0.0873473940240913,0.1135516122313302,0.3213572410568558,5.0,1.0,3.0,3.0,1.1990621786370073,-0.4114994833823742,0.13536868166378513,1.1990621786370073,-0.4114994833823742
USDJPY,2023-09-27,148.984,149.708,148.856,149.474,7240,1280,0.485958223701867,-0.0859152660688492,0.3288943779197636,0.3239960652280628,2.0,0.0,2.0,1.0,0.2882292895641818,-0.2980828965629848,-0.03906574867638931,0.2882292895641818,-0.2980828965629848
USDJPY,2023-09-28,149.477,149.559,149.143,149.279,820,3340,0.0548579380105257,-0.2234457475063074,-0.1324618503181141,0.298582032060017,3.0,2.0,2.0,1.0,3.217274302576277,-10.649157193675173,-1.0529402872785412,3.217274302576277,-10.079451391048458
USDJPY,2023-09-29,149.274,149.506,148.524,149.33,2320,7500,0.1554188941141788,-0.5024317697656658,0.0375149054758441,0.292147801124933,4.0,2.0,2.0,10.0,1.2974702244845826,-3.1545843232182182,-0.018673696812634363,1.2974702244845826,-3.753608256272708
USDJPY,2023-10-02,149.497,149.878,149.395,149.824,3810,1020,0.2548546124671209,-0.0682287938888431,0.2187334862906935,0.2925075261036021,0.0,1.0,1.0,5.0,1.9342007641405647,2.37078741049014,0.19004221405948812,1.7730515228134764,2.032914607116809
USDJPY,2023-10-03,149.83,150.16,147.277,149.044,3300,25530,0.2202496162317186,-1.7039311219382136,-0.5245945404792106,0.2821594467411369,3.0,1.0,0.0,4.0,2.837652199566568,6.947680054712164,0.6806932486562822,2.837652199566568,6.52905319493268
USDJPY,2023-10-04,149.044,149.318,148.73,149.008,2740,3140,0.1838383296207837,-0.2106760419741964,-0.02415394111806,0.2817158961241789,1.0,2.0,0.0,3.0,0.3622797149082423,-2.0865677959386897,-0.1468116287625333,0.3538735851806351,-1.9949670820171126
USDJPY,2023-10-05,149.005,149.116,148.255,148.485,1110,7500,0.0744941444918079,-0.5033388141337539,-0.3489815777993905,0.2893107893591022,6.0,1.0,0.0,4.0,0.2626344865027341,0.4685636502394218,-0.001013389275102635,0.614374262370012,1.0926283089783626
USDJPY,2023-10-06,148.487,149.536,148.354,149.274,10490,1330,0.7064591513061794,-0.0895701307185015,0.530012728387001,0.3001478528737059,0.0,3.0,0.0,3.0,0.3803054087850968,-0.4287569937325821,-0.012475913061753727,0.3803054087850968,-0.30567353564730954
USDJPY,2023-10-09,149.1,149.24,148.427,148.521,1400,6730,0.0938967136150333,-0.4513749161636498,-0.3883299798792808,0.313660766514602,3.0,0.0,0.0,0.0,0.0,0.0,0.0,0.0,0.0
USDJPY,2023-10-10,148.525,149.097,148.158,148.672,5720,3670,0.385120350109411,-0.2470964484093712,0.0989732368288108,0.3053121815802859,5.0,0.0,0.0,4.0,0.6767122124553491,-0.9635085985622653,-0.24087714964056633,0.6767122124553491,-0.9939656794427295
USDJPY,2023-10-11,148.676,149.324,148.42,149.07,6480,2560,0.4358470768651461,-0.1721864995022735,0.2650057843902213,0.3077397726124442,6.0,2.0,0.0,2.0,0.2943290189133921,-0.5416385550842875,-0.0079292520138049,0.4743309489701464,-0.22722654358430808
USDJPY,2023-10-12,149.077,149.829,148.951,149.76,7520,1260,0.5044373042119238,-0.0845200802269999,0.4581524983733189,0.319966899254461,2.0,4.0,0.0,6.0,0.973039967624912,-1.763088122214687,-0.01450523955923234,1.473463368647579,-1.06428193759744
USDJPY,2023-10-13,149.762,149.828,149.448,149.515,660,3140,0.044069924279859,-0.209666003392044,-0.1649283529867483,0.3211245287868011,3.0,1.0,1.0,2.0,1.3211861194796382,-1.1349859680526224,-0.1049347500167511,1.3211861194796382,-1.1349859680526224
USDJPY,2023-10-16,149.433,149.764,149.371,149.526,3310,620,0.2215039516037403,-0.0414901661614124,0.0622352492421471,0.3186016286872271,4.0,1.0,0.0,1.0,0.2331932614429793,-0.8005852511568096,-0.16709936413542545,0.2331932614429793,-0.8005852511568096
USDJPY,2023-10-17,149.52,149.85,148.739,149.77,3300,7810,0.220706260032092,-0.5223381487426471,0.1672017121455323,0.3191305297430764,3.0,2.0,1.0,4.0,2.150990087463652,0.42837799023436995,0.1097176729536264,2.150990087463652,0.035896524165173305
USDJPY,2023-10-18,149.774,149.936,149.481,149.782,1620,2930,0.1081629655347431,-0.1956280796399951,0.0053413810140677,0.3154780792845489,3.0,0.0,1.0,2.0,0.8543035826757392,-1.0559954738939608,-0.06723063040607381,0.8543035826757392,-1.0559954738939608
USDJPY,2023-10-19,149.774,149.963,149.662,149.756,1890,1120,0.1261901264571908,-0.0747793341968531,-0.0120181072816381,0.2956625219600733,3.0,1.0,2.0,4.0,0.8145193435707454,-3.1284616301100288,-0.15491286977382493,0.8145193435707454,-2.992817786221941
USDJPY,2023-10-20,149.751,149.993,149.639,149.831,2420,1120,0.161601591976007,-0.0747908194269118,0.0534220138763574,0.2754563668241327,3.0,0.0,0.0,1.0,0.3747139321083806,-0.3747139321083806,-0.3747139321083806,0.3747139321083806,-0.3747139321083806
USDJPY,2023-10-23,149.79,149.99,149.547,149.696,2000,2430,0.1335202616997243,-0.1622271179651478,-0.0627545229988611,0.2665467212794308,4.0,0.0,0.0,0.0,0.0,0.0,0.0,0.0,0.0
USDJPY,2023-10-24,149.696,149.929,149.318,149.843,2330,3780,0.1556487815305713,-0.2525117571611706,0.0981990166737864,0.2663277028143494,4.0,2.0,1.0,2.0,0.3446570910682897,1.5556813988534168,0.09722221531189623,0.3441189773555873,1.545575439234734
USDJPY,2023-10-25,149.841,150.315,149.788,150.137,4740,530,0.3163353154343534,-0.0353708264093253,0.1975427286256713,0.2602031987867485,4.0,0.0,1.0,1.0,1.167859567068401,2.616783885895587,0.7244621594135928,1.167859567068401,2.616783885895587
USDJPY,2023-10-26,150.158,150.778,149.83,150.368,6200,3280,0.4128984136709363,-0.2184365801355735,0.1398526885014504,0.2585555644337243,0.0,2.0,4.0,4.0,4.215816659524773,16.080874905608365,0.7642443497263551,4.215816659524773,16.034597669283265
USDJPY,2023-10-27,150.364,150.411,149.456,149.599,470,9080,0.0312574818440564,-0.6038679471150112,-0.5087653959724501,0.28624022445256,1.0,2.0,1.0,3.0,3.438220297153552,11.735479122629037,0.9914804273525696,3.438220297153552,11.735479122629037
USDJPY,2023-10-30,149.559,149.854,148.8,149.047,2950,7590,0.1972465715871434,-0.5074920265580715,-0.3423398123817359,0.2924437873078826,6.0,0.0,0.0,0.0,0.0,0.0,0.0,0.0,0.0
USDJPY,2023-10-31,149.048,151.727,148.997,151.627,26790,510,1.7974075465621826,-0.0342171649401452,1.7303150662873756,0.467769640660964,1.0,3.0,2.0,6.0,7.179658115649875,12.245246501337474,0.5370273739954565,7.179658115649875,12.466198468838362
USDJPY,2023-11-01,151.616,151.643,150.658,150.903,270,9580,0.0178081468974163,-0.6318594343605073,-0.4702669902912768,0.4842328055628668,2.0,4.0,1.0,5.0,1.608259094471509,-5.161202433311076,-0.20102667155307036,1.608259094471509,-5.197490248056923
USDJPY,2023-11-02,150.901,150.934,149.84,150.43,330,10610,0.0218686423549128,-0.7031099860173272,-0.3121251681566084,0.4826001605224584,0.0,1.0,0.0,7.0,0.786450138208492,1.6987754634974546,0.10221407651373295,0.786450138208492,1.250629330254286
USDJPY,2023-11-03,150.428,150.517,149.181,149.333,890,12470,0.0591645172441291,-0.8289680112744873,-0.7279229930598019,0.5020646967401836,5.0,4.0,0.0,1.0,0.8320280641076674,-2.657982040775619,-0.2695688022176944,0.8066940211375868,-2.643456092972139
USDJPY,2023-11-06,149.35,150.081,149.3,150.071,7310,500,0.4894543019752223,-0.0334784064278426,0.4827586206896576,0.5030770698009327,4.0,0.0,0.0,0.0,0.0,0.0,0.0,0.0,0.0
USDJPY,2023-11-07,150.057,150.691,149.896,150.348,6340,1610,0.422506114343226,-0.1072925621597135,0.1939263080029757,0.503932468254037,5.0,0.0,0.0,4.0,3.246361447362673,3.2077081108317853,0.8019270277079463,3.246361447362673,3.1127499498913975
USDJPY,2023-11-08,150.307,151.056,150.296,150.974,7490,110,0.4983134518019944,-0.0073183550998926,0.4437584410573038,0.509267372717287,4.0,0.0,0.0,4.0,0.3382220908881256,-0.6562321041678989,-0.16405802604197472,0.4888206626608911,-0.814106083287559
USDJPY,2023-11-09,150.966,151.387,150.766,151.341,4210,2000,0.2788707391068136,-0.1324801610958871,0.2484003020547673,0.5030087828727681,3.0,1.0,0.0,6.0,1.296405265260045,0.06841912991791743,0.0405700866259401,1.296405265260045,-0.11943867052934848
USDJPY,2023-11-10,151.336,151.602,151.218,151.472,2660,1180,0.175767827879679,-0.0779721943225824,0.0898662578632947,0.5002018445052202,3.0,1.0,1.0,1.0,0.6928066523543984,-1.5922267516656572,-0.1305864340033355,0.6928066523543984,-1.5922267516656572
USDJPY,2023-11-13,151.46,151.908,151.202,151.719,4480,2580,0.2957876667106688,-0.1703420044896406,0.1710022448171042,0.5006601968865203,0.0,0.0,0.0,3.0,1.2926342537073288,-1.540817011307853,-0.513605670435951,1.2926342537073288,-1.540817011307853
USDJPY,2023-11-14,151.704,151.782,150.151,150.378,780,15530,0.0514159152032925,-1.0237040552655152,-0.8740705584559548,0.5433553268459395,5.0,3.0,0.0,2.0,1.0474563931505645,-7.646887026685409,-0.45382391546553436,1.1308931679837269,-8.269762082188267
USDJPY,2023-11-15,150.357,151.422,150.04,151.335,10650,3170,0.7083142121750219,-0.2108315542342606,0.6504519244198864,0.5608552752150571,2.0,5.0,1.0,5.0,2.6910599381239235,-4.188587756370012,0.009050025802918566,2.6910599381239235,-4.345260786555314
USDJPY,2023-11-16,151.311,151.43,150.28,150.723,1190,10310,0.0786459675767127,-0.6813780888369028,-0.3886036044966948,0.5696340655703964,0.0,1.0,2.0,8.0,5.170147973716268,-1.8723768920539245,-0.12810170320649342,5.170147973716268,-1.664661517976901
USDJPY,2023-11-17,150.71,150.774,149.196,149.562,640,15140,0.0424656625306833,-1.0045783292415964,-0.7617278216442148,0.5971674884528635,0.0,0.0,1.0,2.0,0.4313678021608153,0.3995577113369191,0.01837435689210327,0.4313678021608153,0.3995577113369191
USDJPY,2023-11-20,149.654,149.986,148.098,148.344,3320,15560,0.2218450559290053,-1.0397316476672749,-0.8753524797198887,0.6284758431309737,3.0,0.0,0.0,1.0,0.0299850812346101,-0.0299850812346101,-0.0299850812346101,0.057598895948286,-0.057598895948286
USDJPY,2023-11-21,148.35,148.594,147.148,148.379,2440,12020,0.1644759015840915,-0.8102460397708111,0.0195483653522051,0.6278063225408802,5.0,0.0,1.0,0.0,0.8117821751722764,-1.6235643503445527,-0.8117821751722764,0.8117821751722764,-1.6235643503445527
USDJPY,2023-11-22,148.373,149.748,148.013,149.533,13750,3600,0.9267184730375472,-0.2426317456680024,0.7818134027080377,0.6527687811384304,3.0,2.0,2.0,3.0,1.4242902494261789,-3.651987008684535,-0.14031687574356802,1.4242902494261789,-3.651987008684535
USDJPY,2023-11-23,149.524,149.691,148.883,149.561,1670,6410,0.1116877558117771,-0.4286937214092661,0.0247451914074035,0.6518339816690313,3.0,0.0,0.0,0.0,0.0,0.0,0.0,0.0,0.0
USDJPY,2023-11-24,149.55,149.709,149.192,149.403,1590,3580,0.1063189568706063,-0.2393848211300595,-0.0982948846539751,0.6420643811687969,1.0,2.0,0.0,2.0,0.3094079368952345,-1.090571700094885,-0.1747181034691785,0.6096775063012241,-1.288715337973012
USDJPY,2023-11-27,149.403,149.676,148.544,148.669,2730,8590,0.1827272544727991,-0.5749549875169712,-0.4912886622089118,0.6470798839254518,1.0,0.0,1.0,1.0,0.7247165468526309,-0.6795622918221602,0.011288563757617665,0.7247165468526309,-0.6795622918221602
USDJPY,2023-11-28,148.621,148.83,147.317,147.478,2090,13040,0.1406261564651046,-0.8773995599545165,-0.7690703198067572,0.5231438854622457,3.0,1.0,2.0,2.0,1.0614820429932643,-0.18894057433015748,-0.1295333540666119,1.0614820429932643,-0.18894057433015748
USDJPY,2023-11-29,147.475,147.905,146.665,147.235,4300,8100,0.2915748431937663,-0.5492456348533665,-0.1627394473639468,0.517198584701987,5.0,1.0,1.0,3.0,1.2166831739986812,-1.860259145276235,-0.328071298345593,1.2166831739986812,-1.2764894178166601
USDJPY,2023-11-30,147.228,148.52,146.832,148.176,12920,3960,0.8775504659439791,-0.2689705762490932,0.6438992582932452,0.541878541171456,0.0,2.0,2.0,7.0,2.3471607862660053,4.003943652915505,0.2030888486585027,2.3471607862660053,4.076054776946252
USDJPY,2023-12-01,148.168,148.347,146.657,146.772,1790,15110,0.1208088116192444,-1.0197883483613166,-0.942173748717682,0.5574645367970519,4.0,1.0,1.0,6.0,1.1044746825350784,1.6704305232492167,0.0613345641720819,1.1044746825350784,1.7444496190428402
USDJPY,2023-12-04,146.679,147.451,146.22,147.204,7720,4590,0.5263193776886884,-0.3129282310351197,0.3579244472623932,0.5514910263954509,3.0,0.0,0.0,2.0,0.7039533572628348,-0.5249201616091663,-0.26246008080458316,0.7039533572628348,-0.5249201616091663
USDJPY,2023-12-05,147.198,147.39,146.557,147.145,1920,6410,0.1304365548444808,-0.4354678732048122,-0.0360059239935306,0.5477123898501912,3.0,2.0,1.0,3.0,1.4914656697567,-7.454819853681709,-0.7664094235113345,1.4914656697567,-7.00698513426937
USDJPY,2023-12-06,147.136,147.499,146.891,147.308,3630,2450,0.2467105263157891,-0.1665126141800814,0.1168986515876448,0.5354224568549534,0.0,1.0,0.0,4.0,0.568596373203108,-1.2148458534733384,-0.22104657090145025,0.568596373203108,-1.3244913795894082
USDJPY,2023-12-07,147.292,147.327,141.615,144.098,350,56770,0.0237623224615027,-3.854248703256112,-2.168481655487052,0.6973932813410216,5.0,1.0,0.0,5.0,5.892876761270862,-8.971456105745817,-1.5486965445987657,5.892876761270862,-9.26856499882869
USDJPY,2023-12-08,144.099,145.216,142.492,144.893,11170,16070,0.7751615208988395,-1.1152055184283023,0.5510100694661387,0.7160920668420919,5.0,4.0,1.0,8.0,2.728273716695932,-2.1256084176168595,-0.14866475105470633,2.728273716695932,-1.8077427019422097
USDJPY,2023-12-11,144.902,146.589,144.806,146.143,16870,960,1.1642351382313647,-0.0662516735448615,0.8564409048874508,0.7509668796428562,2.0,0.0,1.0,3.0,0.4533339064121818,-1.1645133140986583,-0.17779485192161912,0.7871334865794086,-1.8321124744331119
USDJPY,2023-12-12,146.144,146.183,144.727,145.449,390,14170,0.0266860083205518,-0.969591635647034,-0.4755583534048562,0.7366839751228184,0.0,3.0,1.0,2.0,1.3472996928605854,-3.9204476809834072,-0.4394083211405908,1.720296534370066,-5.022476086279989
USDJPY,2023-12-13,145.447,145.993,142.634,142.879,5460,28130,0.375394473588312,-1.9340378282123496,-1.7655915900637429,0.7930178580743944,1.0,2.0,0.0,4.0,1.093437881496547,-0.8060557954432392,-0.2025598871936983,1.093437881496547,-0.8594329967813079
USDJPY,2023-12-14,142.87,142.909,140.954,141.859,390,19160,0.0272975432211011,-1.34107930286274,-0.7076363127318511,0.7985253835786973,3.0,4.0,0.0,5.0,1.252927964729735,-3.4479968193550183,-0.2067375181705778,1.252927964729735,-3.6515801946826296
USDJPY,2023-12-15,141.843,142.464,141.426,142.141,6210,4170,0.4378079989847996,-0.2939870138110457,0.2100914391263593,0.7982030249403032,4.0,3.0,1.0,3.0,0.7251717604041455,-1.4151508702491993,-0.0660938642816004,0.6647719567745904,-1.5596248093341911
USDJPY,2023-12-18,142.056,143.158,142.046,142.737,11020,100,0.7757504082896712,-0.0070394773892122,0.4793884102044145,0.7995097691468697,5.0,0.0,0.0,1.0,1.1995584938085693,1.1995584938085693,1.1995584938085693,1.1995584938085693,1.1995584938085693
USDJPY,2023-12-19,142.737,144.955,142.242,143.82,22180,4950,1.553906835648793,-0.3467916517791494,0.7587380987410401,0.8258121724225976,3.0,0.0,2.0,1.0,1.7223765783467726,0.18835520340220302,0.3184552969581626,1.7223765783467726,0.18835520340220302
USDJPY,2023-12-20,143.82,144.099,143.258,143.543,2790,5620,0.193992490613264,-0.3907662355722315,-0.1926018634404024,0.7966840690981891,0.0,1.0,1.0,4.0,1.6023359401945976,5.701062911379738,0.3551838873924506,1.6023359401945976,6.516554242736297
USDJPY,2023-12-21,143.562,143.588,142.04,142.102,260,15220,0.0181106420919059,-1.060169125534626,-1.016982209776966,0.8156965140526428,3.0,2.0,2.0,2.0,1.7002565238483152,-3.8061235796885216,-0.3152303322081014,1.7002565238483152,-3.459880166995858
USDJPY,2023-12-22,142.102,142.662,141.859,142.401,5600,2430,0.3940831233902424,-0.1710039267568331,0.2104122390958653,0.8214713185196073,3.0,2.0,3.0,4.0,1.397999354331286,-1.0947872256372126,-0.057141236288029154,1.397999354331286,-1.0947872256372126
USDJPY,2023-12-25,142.424,142.541,142.087,142.229,1170,3370,0.0821490759984203,-0.2366174240296702,-0.1369151266640406,0.8192934394288398,3.0,0.0,0.0,0.0,0.0,0.0,0.0,0.0,0.0
USDJPY,2023-12-26,142.299,142.634,142.084,142.387,3350,2150,0.2354197851003728,-0.1510903098405494,0.0618416151905451,0.8104414866152571,2.0,0.0,0.0,5.0,0.4419424933955136,-0.6569250211423866,-0.13138500422847732,0.4419424933955136,-0.7617428404502781
USDJPY,2023-12-27,142.388,142.848,141.546,141.82,4600,8420,0.3230609321010253,-0.5913419670197018,-0.3989100205073546,0.8120812074377436,2.0,0.0,1.0,1.0,0.4624257513148092,-0.9199677337798039,-0.22877099123249733,0.4624257513148092,-0.9199677337798039
USDJPY,2023-12-28,141.812,141.824,140.244,141.399,120,15680,0.0084619073139088,-1.1056892223507262,-0.2912306433870271,0.788750578197063,3.0,0.0,2.0,6.0,0.9512286007652352,1.5572843067218518,0.061349274012963625,0.9512286007652352,1.517691729276049
USDJPY,2023-12-29,141.386,141.913,140.794,140.998,5270,5920,0.3727384606679694,-0.4187118950956845,-0.2744260393532636,0.7707887857204685,3.0,0.0,1.0,0.0,1.4739620906609376,-2.9479241813218757,-1.4739620906609376,1.4739620906609376,-2.9479241813218757
USDJPY,2024-01-01,140.84,140.914,140.779,140.866,740,610,0.0525418915080828,-0.0433115592161367,0.0184606645839324,0.761700786289918,5.0,0.0,0.0,0.0,0.0,0.0,0.0,0.0,0.0
USDJPY,2024-01-02,140.849,142.216,140.799,141.983,13670,500,0.9705429218524936,-0.0354990095776206,0.8051175372207219,0.7943377868247975,5.0,0.0,0.0,2.0,1.1236447749004363,-1.3036228932453509,-0.6518114466226754,1.0600209783022028,-1.239999096647117
USDJPY,2024-01-03,141.985,143.736,141.854,143.29,17510,1310,1.233228862203737,-0.0922632672465402,0.919111173715518,0.8289796774856358,5.0,2.0,1.0,1.0,1.0881007795710984,-0.41493953440453457,-0.04722246682535963,1.0881007795710984,-0.41493953440453457
USDJPY,2024-01-04,143.277,144.85,142.85,144.624,15730,4270,1.097873350223698,-0.2980241071490836,0.9401369375405744,0.7089802243885981,3.0,2.0,0.0,5.0,1.112191603026471,-1.8972033537114041,-0.042053365965461734,1.112191603026471,-1.846132679879179
USDJPY,2024-01-05,144.621,145.976,143.801,144.603,13550,8200,0.936931704247647,-0.5669992601351267,-0.0124463252224785,0.6981975105738146,3.0,4.0,0.0,3.0,0.8170860362725069,-2.550383502295346,-0.06369766707341555,0.8170860362725069,-2.0519716877312573
USDJPY,2024-01-08,144.566,144.919,143.656,144.222,3530,9100,0.2441791292558476,-0.6294702765518839,-0.2379535990481815,0.6697991425564209,3.0,0.0,0.0,0.0,0.0,0.0,0.0,0.0,0.0
USDJPY,2024-01-09,144.224,144.623,143.416,144.47,3990,8080,0.2766529842467279,-0.5602396272465004,0.1705680053250564,0.6640217927252254,6.0,0.0,1.0,5.0,1.675937682886946,1.3442192231694003,0.29147753951611804,1.675937682886946,1.5867046855795348
USDJPY,2024-01-10,144.464,145.831,144.31,145.755,13670,1540,0.9462565068113789,-0.10660095248643,0.8936482445453516,0.5538304269186534,2.0,0.0,1.0,4.0,0.8487737649089502,-2.3339966717164264,-0.3623245609985893,0.9554149872177746,-3.015669186012074
USDJPY,2024-01-11,145.746,146.415,144.968,145.28,6690,7780,0.4590177431970569,-0.5338053874549009,-0.3197343323315961,0.5299709695676216,2.0,4.0,1.0,2.0,4.165737878593546,-1.4931407299464257,-0.5525397152090449,4.165737878593546,-1.202197789385414
USDJPY,2024-01-12,145.266,145.566,144.349,144.904,3000,9170,0.206517698566775,-0.6312557652857528,-0.2491980229372288,0.5362008623281597,5.0,2.0,0.0,5.0,0.4554572402176954,-0.48213147865448647,0.02779219653637104,0.4554572402176954,-0.6879591839623751
USDJPY,2024-01-15,144.878,145.941,144.791,145.715,10630,870,0.7337207857645859,-0.0600505252695296,0.5777274672483176,0.5402373367218081,6.0,0.0,0.0,2.0,0.1159014952912459,0.23041208348133158,0.11520604174066579,0.1159014952912459,0.23041208348133158
USDJPY,2024-01-16,145.715,147.311,145.58,147.172,15960,1350,1.0952887485845682,-0.0926466046735002,0.999897059328136,0.5578533726531263,5.0,1.0,0.0,1.0,1.9486195235464068,-2.167355618448252,-1.0107657775901775,1.9486195235464068,-2.167355618448252
USDJPY,2024-01-17,147.173,148.524,147.044,148.155,13510,1290,0.9179672901958912,-0.0876519470283208,0.6672419533474205,0.5653073064951684,3.0,2.0,1.0,4.0,2.436353405861536,4.034881347887039,0.4279263529529465,2.436353405861536,3.71940888426343
USDJPY,2024-01-18,148.139,148.3,147.65,148.153,1610,4890,0.108681711095661,-0.3300953833899272,0.0094505835735232,0.4943684847462559,3.0,1.0,2.0,5.0,2.183099860695084,-5.793388153318742,-0.4999267119183439,2.183099860695084,-5.793388153318742
USDJPY,2024-01-19,148.15,148.804,147.834,148.128,6540,3160,0.4414444819439732,-0.2132973337833293,-0.0148498143773336,0.4971003226585577,3.0,1.0,2.0,2.0,2.0771738977611545,3.3853819766316935,0.007652266632577254,2.0771738977611545,3.3853819766316935
USDJPY,2024-01-22,148.237,148.304,147.614,148.095,670,6230,0.0451978925639396,-0.4202729413034468,-0.0957925484190829,0.4956886912711358,3.0,0.0,0.0,1.0,0.3963286222380203,0.3963286222380203,0.3963286222380203,0.3232018484343715,0.3232018484343715
USDJPY,2024-01-23,148.082,148.696,146.967,148.327,6140,11150,0.4146351345875963,-0.7529611971745254,0.1654488729217626,0.494616287928142,1.0,0.0,2.0,1.0,0.2940439343772604,-1.1061052562642792,-0.2304153943940793,0.2940439343772604,-1.1061052562642792
USDJPY,2024-01-24,148.303,148.391,146.644,147.494,880,16590,0.0593379769795579,-1.1186557251033302,-0.5455048110962,0.5051451681449506,3.0,2.0,0.0,3.0,1.8586289760750665,7.184540955253373,0.4490332000672634,1.7704777786123291,7.109646556050685
USDJPY,2024-01-25,147.505,147.958,147.077,147.658,4530,4280,0.3071082336192013,-0.2901596556048929,0.1037252974475384,0.4922269179346334,4.0,2.0,4.0,3.0,2.0416782412069967,4.451603994585346,0.20556884336493506,2.0416782412069967,4.429605684057089
USDJPY,2024-01-26,147.648,148.209,147.393,148.149,5610,2550,0.3799577373212011,-0.1727080624187225,0.3393205461638524,0.4783195340192407,1.0,1.0,2.0,3.0,4.372898850313328,10.204010619292745,0.7175727302311841,4.372898850313328,10.204010619292745
USDJPY,2024-01-29,148.09,148.333,147.248,147.497,2430,8420,0.164089405091495,-0.5685731649672584,-0.4004321696265712,0.4980651408890648,3.0,0.0,0.0,0.0,0.0,0.0,0.0,0.0,0.0
USDJPY,2024-01-30,147.48,147.927,147.094,147.599,4470,3860,0.3030919446704657,-0.2617304041225899,0.0806889069704365,0.4805133459119202,1.0,2.0,1.0,2.0,1.0468331326859304,2.9246133111731245,0.053980091415808396,1.0468331326859304,3.0427542890175623
USDJPY,2024-01-31,147.592,147.898,146.005,146.889,3060,15870,0.2073283104775212,-1.0752615317903529,-0.476313079299693,0.4717625444403614,2.0,2.0,1.0,5.0,0.829812643815376,-2.7184881509382692,-0.04983399317642682,0.829812643815376,-2.4842604147946035
USDJPY,2024-02-01,146.886,147.114,145.891,146.408,2280,9950,0.1552224173849166,-0.6773960758683636,-0.3254224364473188,0.4412357423233807,6.0,3.0,1.0,9.0,1.803103135997336,8.545407844882428,0.26443449776813127,1.803103135997336,7.798895047378048
USDJPY,2024-02-02,146.398,148.584,146.237,148.308,21860,1610,1.4931897976748365,-0.1099741799751372,1.3046626320031671,0.5200787801339408,3.0,4.0,0.0,3.0,0.3515574016773638,0.06841482362413616,-0.0035374745332464297,0.3515574016773638,0.19149828170940875
USDJPY,2024-02-05,148.401,148.895,148.262,148.667,4940,1390,0.332881853895863,-0.0936651370273852,0.1792440751746896,0.5127593546369833,1.0,1.0,0.0,1.0,1.0724171402671945,2.383234218879686,0.11919996917264852,1.0724171402671945,2.473303887701725
USDJPY,2024-02-06,148.667,148.789,147.797,147.934,1220,8700,0.082062596272196,-0.585200481613273,-0.4930482218649761,0.5326627120749389,3.0,0.0,0.0,3.0,0.2532744304913608,-0.2710473378432563,-0.09034911261441876,0.2532744304913608,-0.2710473378432563
USDJPY,2024-02-07,147.939,148.258,147.618,148.179,3190,3210,0.2156294148263925,-0.216981323383285,0.1622290268286314,0.5009160196102318,6.0,0.0,1.0,4.0,0.7172160256576352,1.5967078227692002,0.35451552012288967,0.9023922589028008,2.0301197155578667
USDJPY,2024-02-08,148.171,149.479,147.925,149.315,13080,2460,0.8827638336786694,-0.1660243907377158,0.772080906520173,0.5139852025265856,3.0,1.0,1.0,7.0,1.265422581247046,-0.16343275996664963,0.08778946239750783,1.265422581247046,0.09181644618192653
USDJPY,2024-02-09,149.298,149.575,149.002,149.256,2770,2960,0.1855349703277919,-0.1982611957293415,-0.0281316561507867,0.5075557175004416,3.0,0.0,0.0,1.0,0.4595073755355837,0.4595073755355837,0.4595073755355837,0.4595073755355837,0.4595073755355837
USDJPY,2024-02-12,149.239,149.481,148.922,149.34,2420,3170,0.1621560047976669,-0.2124109649622466,0.0676766796882846,0.4976024271882826,6.0,0.0,0.0,1.0,1.1395166507545995,-1.1395166507545995,-1.1395166507545995,1.1395166507545995,-1.1395166507545995
USDJPY,2024-02-13,149.332,150.885,149.224,150.779,15530,1080,1.0399646425414495,-0.0723220743042376,0.968981865909519,0.4947770386762407,3.0,3.0,0.0,4.0,1.057159459791991,-2.7518367953790173,-0.21719878358809094,1.057159459791991,-3.12711904416101
USDJPY,2024-02-14,150.781,150.808,150.339,150.556,270,4420,0.0179067654412603,-0.293140382408929,-0.1492230453439056,0.4809161781489708,1.0,0.0,0.0,1.0,0.2603798317142109,0.2603798317142109,0.2603798317142109,0.2603798317142109,0.2603798317142109
USDJPY,2024-02-15,150.535,150.589,149.522,149.906,540,10130,0.0358720563324157,-0.6729332049025178,-0.4178430265386725,0.4935973126917652,4.0,4.0,2.0,8.0,3.663842555105157,0.4342253851832281,0.2849791945166264,3.663842555105157,-0.40166284297059346
USDJPY,2024-02-16,149.904,150.646,149.818,150.181,7420,860,0.4949834560785504,-0.0573700501654287,0.1847849290212504,0.4940250295010943,3.0,3.0,2.0,3.0,2.6630630364758554,13.070546321810326,0.4194378454100059,2.6630630364758554,13.11596550420458
USDJPY,2024-02-19,150.075,150.257,149.869,150.112,1820,2060,0.1212726969848518,-0.1372647009828345,0.0246543394969223,0.4926316061446334,3.0,0.0,0.0,1.0,0.3700133795883955,0.3700133795883955,0.3700133795883955,0.3700133795883955,0.3700133795883955
USDJPY,2024-02-20,150.077,150.438,149.679,150.003,3610,3980,0.2405431878302404,-0.2651971987712948,-0.0493080218821087,0.4929169398532505,4.0,0.0,0.0,1.0,0.4175429934824559,-0.4175429934824559,-0.4175429934824559,0.403781390841611,-0.403781390841611
USDJPY,2024-02-21,149.994,150.393,149.848,150.274,3990,1460,0.2660106404256176,-0.0973372268223972,0.1866741336320127,0.471919516861553,3.0,0.0,0.0,1.0,0.184904504166404,0.184904504166404,0.184904504166404,0.3058869238382534,0.3058869238382534
USDJPY,2024-02-22,150.294,150.689,150.012,150.528,3950,2820,0.262818209642422,-0.1876322408080233,0.155694838117277,0.4720740168807096,3.0,3.0,1.0,3.0,0.9246843705252328,-0.24749826895080324,-0.02220578932254958,0.9246843705252328,-0.7194217175958841
USDJPY,2024-02-23,150.527,150.77,150.29,150.473,2430,2370,0.161432832647979,-0.157446836780109,-0.035873962810641,0.4696939455559634,3.0,0.0,0.0,0.0,0.0,0.0,0.0,0.0,0.0
USDJPY,2024-02-26,150.476,150.838,150.288,150.697,3620,1880,0.2405699247720532,-0.1249368670086845,0.1468672745155397,0.4556197307974403,3.0,0.0,1.0,1.0,0.8046391970038917,-0.7207116265527356,-0.38133770588915683,0.8046391970038917,-0.7207116265527356
USDJPY,2024-02-27,150.689,150.705,150.068,150.487,160,6210,0.0106178951350261,-0.4121070549276861,-0.1340509260795401,0.458938253943314,3.0,2.0,3.0,2.0,1.7538153067112108,-9.493672048467106,-0.5667168435454699,1.7538153067112108,-9.493672048467106
USDJPY,2024-02-28,150.503,150.844,150.368,150.685,3410,1350,0.2265735566732943,-0.089699208653642,0.1209278220367809,0.4382789621576676,1.0,1.0,1.0,3.0,0.7658106294998354,-0.9478997400463176,-0.16337880743370153,0.7658106294998354,-1.7541824881526609
USDJPY,2024-02-29,150.688,150.688,149.204,149.971,0,14840,0.0,-0.9848163091951452,-0.4758175833510197,0.4477299608901782,3.0,2.0,2.0,7.0,3.802710001064444,11.254628299477424,0.21173638756831006,3.802710001064444,11.254628299477424
USDJPY,2024-03-01,149.968,150.72,149.915,150.064,7520,530,0.5014403072655564,-0.0353408727195116,0.0640136562466683,0.3511515762045508,5.0,2.0,1.0,7.0,1.9382451059457655,-6.728636965457357,-0.09292859999399207,1.9382451059457655,-6.731577511664753
USDJPY,2024-03-04,149.975,150.57,149.836,150.524,5950,1390,0.3967327887981323,-0.0926821136856019,0.3660610101683658,0.3568580935804757,1.0,0.0,0.0,2.0,0.2634011077187879,0.0890227137284457,0.04451135686422285,0.2634011077187879,0.0890227137284457
USDJPY,2024-03-05,150.514,150.546,149.7,150.036,320,8140,0.0212604807526092,-0.5408134791448114,-0.3175784312422822,0.3441698752554917,0.0,1.0,1.0,4.0,2.6147837794038766,-1.4667614090936378,-0.2378353857831433,2.6147837794038766,-1.4105132008687613
USDJPY,2024-03-06,150.03,150.084,149.089,149.367,540,9410,0.0359928014397134,-0.627207891754984,-0.4419116176764719,0.36264818992719,0.0,2.0,0.0,2.0,3.5926295536887416,-3.4707801002348955,-0.893894914725707,3.5926295536887416,-3.4707801002348955
USDJPY,2024-03-07,149.349,149.37,147.582,148.045,210,17670,0.0140610248478496,-1.1831348050539314,-0.8731226857896619,0.3766618126074655,0.0,1.0,0.0,7.0,0.8419827791948835,0.38129156986199064,0.02438758755097474,0.8419827791948835,0.14533772003131384
USDJPY,2024-03-08,148.037,148.117,146.478,147.03,800,15590,0.0540405439180637,-1.0531150996034755,-0.6802353465687666,0.4035870143180556,3.0,3.0,0.0,6.0,1.5952489719982914,1.5120238750052373,0.03343939519681757,1.4999659390027602,1.1349279518771012
USDJPY,2024-03-11,147.057,147.147,146.483,146.964,900,5740,0.0612007588894125,-0.3903248400280054,-0.0632407841857166,0.4023914686522336,5.0,0.0,1.0,3.0,3.4518463201098597,7.09135937056942,0.9098782626148901,2.2515352881449204,4.690737306639542
USDJPY,2024-03-12,146.968,148.186,146.613,147.621,12180,3550,0.8287518371346264,-0.2415491807740391,0.4443144085787519,0.3438715864153998,3.0,4.0,0.0,4.0,4.266732322941894,-2.958270584656539,-0.27617723596744026,4.266732322941894,-2.463449849542318
USDJPY,2024-03-13,147.618,148.047,147.228,147.619,4290,3900,0.2906149656545964,-0.2641954233223498,0.0006774241623682,0.3443115915534679,6.0,1.0,0.0,1.0,0.3558666511672831,-1.3276905709002644,-0.307978634282849,0.4089345201028712,-1.4868941777070286
USDJPY,2024-03-14,147.616,148.358,147.428,148.285,7420,1880,0.5026555386949857,-0.1273574680251575,0.4532029048341525,0.3555289507436299,6.0,5.0,0.0,2.0,0.8747148478193588,2.066461982802002,0.05292309288614449,0.8747148478193588,1.744160434364307
USDJPY,2024-03-15,148.279,149.164,148.028,149.033,8850,2510,0.5968478341504805,-0.1692754874257344,0.5085008666095608,0.373510482793175,3.0,2.0,2.0,3.0,0.7214973799636898,-2.5499246347916236,-0.185008415919316,0.7214973799636898,-2.569254319300059
USDJPY,2024-03-18,149.048,149.33,148.904,149.106,2820,1440,0.1892007943749736,-0.0966131715957312,0.0389136385593853,0.3736338427171047,6.0,0.0,0.0,2.0,0.8842731766612086,0.40405701247682163,0.20202850623841082,0.8842731766612086,0.40405701247682163
USDJPY,2024-03-19,149.107,150.962,148.988,150.806,18550,1190,1.244073048213692,-0.0798084596967277,1.1394501934852237,0.4557976161930109,4.0,1.0,1.0,2.0,4.513780635931491,15.705384403111054,1.5502184950543985,4.513780635931491,15.705384403111054
USDJPY,2024-03-20,150.799,151.817,150.712,151.195,10180,870,0.6750707895940958,-0.0576926902698409,0.2626012108833523,0.4574828062381958,4.0,1.0,0.0,2.0,0.4078901950212272,-1.4479030586067423,-0.2475251776406077,0.4078901950212272,-1.4479030586067423
USDJPY,2024-03-21,151.195,151.753,150.259,151.58,5580,9360,0.3690598234068539,-0.6190680908760258,0.2546380502000855,0.4593993714063832,3.0,3.0,2.0,5.0,6.543402842128496,0.4880815493404619,-0.19438243142377903,5.3526843281127405,2.276061344254618
USDJPY,2024-03-22,151.596,151.862,150.998,151.429,2660,5980,0.1754663711443515,-0.3944695110689023,-0.11016121797409,0.4603352635388136,3.0,0.0,1.0,0.0,0.3043289475382048,0.6086578950764095,0.3043289475382048,0.3043289475382048,0.6086578950764095
USDJPY,2024-03-25,151.375,151.545,151.048,151.405,1700,3270,0.11230388109,-0.2160198183319558,0.019818331957061,0.4595892399268142,3.0,0.0,1.0,0.0,0.1506083861325691,-0.3012167722651383,-0.1506083861325691,0.1506083861325691,-0.3012167722651383
USDJPY,2024-03-26,151.402,151.603,151.202,151.501,2010,2000,0.1327591445291487,-0.132098651272763,0.0653888323800332,0.4580296855996495,2.0,1.0,4.0,3.0,1.0025333356053794,-0.7939794050292592,-0.1476104392682023,1.0025333356053794,-0.7939794050292592
USDJPY,2024-03-27,151.51,151.971,151.022,151.249,4610,4880,0.3042703451917449,-0.3220909510923369,-0.1722658570391365,0.4599514434131307,3.0,0.0,0.0,1.0,0.487267548453128,0.487267548453128,0.487267548453128,0.487267548453128,0.487267548453128
USDJPY,2024-03-28,151.25,151.544,151.144,151.368,2940,1060,0.1943801652892635,-0.0700826446280955,0.0780165289256165,0.4446840985796261,3.0,4.0,2.0,2.0,2.8320398996921448,1.3231486507042498,-0.24889818931846047,2.8320398996921448,2.071406216552487
USDJPY,2024-03-29,151.373,151.496,151.16,151.303,1230,2130,0.0812562345993135,-0.1407120160134197,-0.0462433855443131,0.4452085510374025,4.0,1.0,1.0,8.0,2.400871041438406,1.654289313409982,0.3455009589737925,1.8315557280631611,1.0385076728065323
USDJPY,2024-04-01,151.305,151.772,151.214,151.618,4670,910,0.3086480949076267,-0.0601434189220502,0.2068669244241685,0.4405906943465192,3.0,1.0,1.0,5.0,1.8715726987076808,3.863144070352696,-0.07260902648337822,1.8715726987076808,3.842019739612402
USDJPY,2024-04-02,151.626,151.801,151.46,151.562,1750,1660,0.1154155619748479,-0.1094799045018643,-0.0422091198079438,0.4331208049372729,3.0,1.0,0.0,4.0,0.3266756642853931,-0.12610042258954368,-0.04406427009735884,0.3266756642853931,-0.30119327629362486
USDJPY,2024-04-03,151.561,151.953,151.437,151.642,3920,1240,0.258641735010983,-0.0818152427075535,0.0534438278976708,0.4172538655134017,2.0,2.0,1.0,1.0,0.4789335834094445,-1.5547232530482633,-0.1338051013369527,0.4789335834094445,-1.3704265948364072
USDJPY,2024-04-04,151.648,151.77,151.116,151.302,1220,5320,0.080449461911805,-0.3508124076809336,-0.2281599493564067,0.3611102558159893,4.0,1.0,0.0,4.0,0.7184802184671548,1.8139097485774973,0.07538986232863767,0.7184802184671548,1.827655053924319
USDJPY,2024-04-05,151.308,151.75,150.807,151.609,4420,5010,0.29211938562403,-0.331112697279724,0.198931979802797,0.3098275095129562,4.0,3.0,0.0,2.0,0.7695775283407678,-0.963674875086274,0.03758207481755902,0.7695775283407678,-0.6466105886463971
USDJPY,2024-04-08,151.6,151.944,151.57,151.812,3440,300,0.2269129287598905,-0.0197889182058055,0.1398416886543651,0.3056631363145311,3.0,0.0,0.0,3.0,0.3247626372215171,-0.5745183610088767,-0.19150612033629222,0.3247626372215171,-0.5990100140962855
USDJPY,2024-04-09,151.813,151.936,151.564,151.736,1230,2490,0.0810207294500595,-0.1640175742525312,-0.0507202940459632,0.3017257647063295,6.0,0.0,0.0,4.0,0.4835571701357263,-0.2805577075849816,-0.0701394268962454,0.4835571701357263,-0.2237802676900106
USDJPY,2024-04-10,151.744,153.238,151.678,152.984,14940,660,0.984552931252636,-0.0434943061999172,0.8171657528469061,0.3354452110211293,4.0,3.0,1.0,5.0,0.3502679317496013,0.7894540663693709,0.09907407843141239,0.6680883700632361,2.4236975660674203
USDJPY,2024-04-11,152.985,153.318,152.753,153.202,3330,2320,0.2176683988626325,-0.1516488544628739,0.1418439716311955,0.3292344407654399,3.0,4.0,0.0,2.0,0.8049905346633007,-1.688548944573218,0.045100725137269794,0.9360778519159632,-0.538380062321264
USDJPY,2024-04-12,153.213,153.386,152.588,153.24,1730,6250,0.1129147004497019,-0.4079288311044102,0.0176225255037204,0.3203612696806622,6.0,1.0,1.0,2.0,1.869745667687276,-1.5999642876446767,-0.40235700075909975,1.869745667687276,-1.5999642876446767
USDJPY,2024-04-15,153.1,154.445,153.082,154.223,13450,180,0.8785107772697576,-0.0117570215545399,0.73350751143045,0.3455706280054985,5.0,3.0,0.0,3.0,1.4334896589121071,2.428799258809767,0.2942423264341591,1.4334896589121071,2.038873112132337
USDJPY,2024-04-16,154.22,154.784,153.89,154.65,5640,3300,0.3657113214887777,-0.2139800285306785,0.2788224614187569,0.2626552888023728,1.0,0.0,2.0,2.0,1.80821209320828,-3.2279192481087766,-0.6091966077863888,1.80821209320828,-3.2371296664773217
USDJPY,2024-04-17,154.65,154.763,154.154,154.317,1130,4960,0.0730682185580339,-0.3207242159715546,-0.2153249272550911,0.2716334477968799,4.0,0.0,0.0,2.0,0.066072577081455,-0.0802750285559202,-0.0401375142779601,0.0948127823411715,0.08061033086670631
USDJPY,2024-04-18,154.319,154.68,153.951,154.594,3610,3680,0.2339310130314598,-0.2384670714558771,0.1782022952455664,0.2699801958187512,3.0,1.0,2.0,4.0,1.5875927774020169,0.07269288424916454,0.07528432259296869,1.5875927774020169,0.15886146726042094
USDJPY,2024-04-19,154.59,154.673,153.584,154.562,830,10060,0.053690406882721,-0.6507536063134745,-0.0181124264182622,0.2669184078584827,5.0,0.0,0.0,1.0,0.3400688872284524,-0.3400688872284524,-0.3400688872284524,0.3400688872284524,-0.3400688872284524
USDJPY,2024-04-22,154.457,154.849,154.457,154.811,3920,0,0.2537923176029548,0.0,0.2291900011006386,0.2673906154708629,3.0,0.0,0.0,0.0,0.0,0.0,0.0,0.0,0.0
USDJPY,2024-04-23,154.804,154.875,154.55,154.767,710,2540,0.0458644479470801,-0.1640784475853277,-0.0239011911836943,0.26906058053698,5.0,2.0,2.0,2.0,1.343414396390938,-1.5198584125256966,0.08660832849867162,2.1252836258566457,-0.4830984555972407
USDJPY,2024-04-24,154.768,155.372,154.726,155.225,6040,420,0.3902615527757763,-0.0271373927426868,0.2952806781763631,0.2631415132633458,5.0,0.0,2.0,2.0,0.4679017281884859,-1.013372513649262,-0.16724570796549512,0.4679017281884859,-1.013372513649262
USDJPY,2024-04-25,155.224,155.747,155.192,155.579,5230,320,0.3369324331289134,-0.0206153687573972,0.2287017471525139,0.2635146327242688,6.0,3.0,1.0,3.0,1.729810297708549,0.6996831189977546,0.03930531416930654,1.729810297708549,0.6508598609287675
USDJPY,2024-04-26,155.588,158.439,154.962,158.296,28510,6260,1.8324035272643129,-0.4023446538293472,1.7404941255109638,0.4394795499271002,0.0,3.0,1.0,3.0,1.2974702244845826,-4.257026370686073,-0.14251076104445384,1.2974702244845826,-4.257026370686073
USDJPY,2024-04-29,157.897,160.216,154.487,156.268,23190,34100,1.468678948935076,-2.159635711888128,-1.0316852125119482,0.5228670833285161,6.0,0.0,0.0,0.0,0.0,0.0,0.0,0.0,0.0
USDJPY,2024-04-30,156.266,157.847,156.049,157.7,15810,2170,1.0117363981928362,-0.1388657801441033,0.9176660309984244,0.5457101723111243,0.0,2.0,2.0,5.0,5.986851562325248,5.641379388119179,0.7070190905546931,5.986851562325248,5.536561568811288
USDJPY,2024-05-01,157.704,157.987,152.986,154.252,2830,47180,0.1794501090650757,-2.9916806168518346,-2.188910870998832,0.7671727103541238,2.0,5.0,1.0,4.0,1.0973183546531562,-4.720479472484971,-0.1526900486417532,1.3595201737000835,-5.017087160921729
USDJPY,2024-05-02,154.255,156.283,153.053,153.697,20280,12020,1.3147061683575842,-0.779229198405237,-0.3617386794593321,0.770826290217721,2.0,1.0,0.0,8.0,2.46474908824535,1.6325015785721875,0.16070118990199941,2.46474908824535,1.199565477709353
USDJPY,2024-05-03,153.692,153.717,151.853,152.949,250,18390,0.0162662988314327,-1.1965489420399231,-0.4834344012700693,0.7813096697799369,5.0,4.0,1.0,0.0,0.8320280641076674,-1.3002904976157774,-0.055214034019529554,0.8066940211375868,-1.1876752952682794
USDJPY,2024-05-06,152.798,154.005,152.798,153.854,12070,0,0.7899318053901188,0.0,0.6911085223628657,0.7936329960850269,4.0,0.0,0.0,0.0,0.0,0.0,0.0,0.0,0.0
USDJPY,2024-05-07,153.861,154.746,153.852,154.588,8850,90,0.5751944937313676,-0.0058494355294623,0.4725044033250816,0.7971997441240156,4.0,0.0,0.0,1.0,0.4959103452740317,-0.4959103452740317,-0.4959103452740317,0.4959103452740317,-0.4959103452740317
USDJPY,2024-05-08,154.584,155.686,154.563,155.499,11020,210,0.7128810226155384,-0.0135848470734455,0.5919111939139834,0.7883885080087955,3.0,0.0,1.0,4.0,0.3668101294159701,-0.44733051399832297,-0.024938487484505622,0.4685688426706477,-1.1188534649954476
USDJPY,2024-05-09,155.496,155.951,155.144,155.471,4550,3520,0.2926120286052271,-0.226372382569329,-0.0160775839893024,0.7888401937103799,3.0,2.0,0.0,3.0,1.643757120725838,3.0339185715887234,0.0897610735915702,1.643757120725838,2.882296776904177
USDJPY,2024-05-10,155.466,155.903,155.257,155.703,4370,2090,0.2810903991869498,-0.1344345387415918,0.1524449075682109,0.7886591126026954,4.0,1.0,1.0,6.0,1.8024718247143343,-3.73522624558609,-0.08626000347209387,1.8024718247143343,-3.632110863984232
USDJPY,2024-05-13,155.675,156.251,155.493,156.193,5760,1820,0.3700016059097436,-0.1169102296451044,0.3327444997591139,0.776948395345811,3.0,0.0,0.0,2.0,1.2876773232806142,0.45522658909748936,0.22761329454874468,1.2876773232806142,0.45522658909748936
USDJPY,2024-05-14,156.193,156.785,156.165,156.417,5920,280,0.379018265863377,-0.0179265396016594,0.1434123168131667,0.7757916754407702,0.0,2.0,0.0,3.0,3.1187521820604296,16.86001235248742,1.05927638308297,3.1558466614656964,16.97129579070322
USDJPY,2024-05-15,156.411,156.56,154.688,154.777,1490,17230,0.0952618421977999,-1.1015849268913396,-1.0446835580617824,0.813742669321603,4.0,6.0,0.0,3.0,1.3227240433703151,-7.7854879276933415,-0.4738311586920352,1.3227240433703151,-8.28896069692549
USDJPY,2024-05-16,154.768,155.537,153.594,155.341,7690,11740,0.4968727385506083,-0.7585547399979367,0.3702315724180757,0.8165839146282236,3.0,1.0,4.0,8.0,4.379232778848383,-12.236766327968862,-0.4286545824380609,2.511489528902409,-8.502057524662218
USDJPY,2024-05-17,155.342,155.977,155.245,155.619,6350,970,0.4087754760463949,-0.0624428679944949,0.1783162312832246,0.8169045909607737,4.0,0.0,0.0,1.0,0.4175429934824559,-0.4175429934824559,-0.4175429934824559,0.403781390841611,-0.403781390841611
USDJPY,2024-05-20,155.601,156.307,155.492,156.208,7060,1090,0.453724590458923,-0.0700509636827583,0.390100320692026,0.8194503566031035,3.0,0.0,0.0,1.0,0.7246034401663703,-0.7246034401663703,-0.7246034401663703,0.7246034401663703,-0.7246034401663703
USDJPY,2024-05-21,156.208,156.545,155.838,156.123,3370,3700,0.2157379903718049,-0.2368636689542178,-0.054414626651649,0.8196583043591277,4.0,0.0,0.0,0.0,0.0,0.0,0.0,0.0,0.0
USDJPY,2024-05-22,156.144,156.842,156.114,156.667,6980,300,0.4470232605799822,-0.0192130341223493,0.3349472281996081,0.8202895361289356,3.0,0.0,1.0,3.0,0.3464808113997487,-0.449487347158144,-0.04038284844040649,0.3464808113997487,-0.29770384322670196
USDJPY,2024-05-23,156.666,157.194,156.52,156.955,5280,1460,0.3370227107349339,-0.0931918859229102,0.1844688700803082,0.8198935023917077,3.0,3.0,1.0,2.0,1.3981428605669026,4.741330055599202,0.32269738136536535,1.4031565075772583,5.076710128993906
USDJPY,2024-05-24,156.948,157.146,156.818,156.943,1980,1300,0.1261564339781195,-0.0828299819048318,-0.0031857685347984,0.7189544003979756,3.0,1.0,2.0,2.0,1.3240595987239954,0.9210230832267439,-0.19522490258109615,1.3240595987239954,0.9210230832267439
USDJPY,2024-05-27,156.903,156.959,156.657,156.857,560,2460,0.0356908408379773,-0.1567847651096415,-0.0293174764026132,0.6786127167516551,3.0,0.0,0.0,0.0,0.0,0.0,0.0,0.0,0.0
USDJPY,2024-05-28,156.863,157.2,156.576,157.136,3370,2870,0.2148371508896228,-0.1829622026864245,0.1740372171895196,0.6469892481125631,4.0,1.0,1.0,3.0,0.8174047737530256,1.8514980370308611,0.07495485615393971,0.8174047737530256,1.8514980370308611
USDJPY,2024-05-29,157.136,157.708,156.892,157.58,5720,2440,0.3640158843294998,-0.1552795031055899,0.282557784339691,0.3958547391585749,0.0,0.0,1.0,1.0,0.4361586862028735,0.514452258970175,0.039146786383650656,1.325016451357875,-0.4526990789521279
USDJPY,2024-05-30,157.581,157.667,156.369,156.772,860,12120,0.0545751074050886,-0.7691282578483378,-0.513386766171047,0.4067747851263384,5.0,3.0,1.0,4.0,0.8873887003292668,-2.2844952412906006,-0.11277591301138765,1.215776884517032,-5.546545990710616
USDJPY,2024-05-31,156.779,157.364,156.556,157.29,5850,2230,0.3731367083601808,-0.142238437545835,0.3259365093539286,0.3845201358538925,0.0,1.0,2.0,6.0,0.6587306900632828,-3.1291277185251674,-0.15025941426951722,0.6587306900632828,-3.233945537833059
USDJPY,2024-06-03,157.19,157.475,155.947,156.103,2850,12430,0.181309243590557,-0.7907627711686462,-0.6915198167822312,0.4054891797558402,0.0,2.0,1.0,4.0,0.7586003762504036,-1.0375877135813658,-0.1273102492136373,0.7717913892471996,-1.4073357212521778
USDJPY,2024-06-04,156.106,156.484,154.541,154.807,3780,15650,0.2421431591354684,-1.0025239260502463,-0.8321268881401142,0.4421446190554923,6.0,1.0,0.0,4.0,0.790995229201269,-2.5485064044282746,-0.19330318920514739,0.790995229201269,-3.072853452891654
USDJPY,2024-06-05,154.8,156.485,154.771,156.023,16850,290,1.0885012919896655,-0.0187338501292149,0.7900516795865534,0.4577248486461236,2.0,2.0,1.0,2.0,1.742048911218007,5.235457978849399,0.44750167867253127,1.742048911218007,5.419754637061255
USDJPY,2024-06-06,156.037,156.445,155.349,155.592,4080,6880,0.2614764446893923,-0.4409210635939018,-0.2851887693303467,0.4628829635152878,6.0,1.0,0.0,6.0,0.856639657090869,0.7455322269881435,-0.07245386959069532,0.856639657090869,0.6012644147463204
USDJPY,2024-06-07,155.582,157.076,155.116,156.752,14940,4660,0.9602653263230964,-0.2995205100847011,0.752015014590387,0.4911291147672629,4.0,3.0,0.0,3.0,0.8134618750268303,2.971605031420246,0.0405540921904248,0.8030222856791884,2.900707661150915
USDJPY,2024-06-10,156.726,157.193,156.699,157.002,4670,270,0.2979722573153229,-0.0172275180888855,0.1761035182420341,0.4874544295526032,3.0,0.0,0.0,5.0,0.4640395455287138,-1.33645937546872,-0.26729187509374397,0.4640395455287138,-1.7071580914226552
USDJPY,2024-06-11,157.002,157.402,156.802,157.113,4000,2000,0.2547738245372525,-0.1273869122686443,0.0706997363090852,0.4868538067938005,2.0,0.0,1.0,3.0,0.9617714927478128,-0.38914549379035757,-0.02566981144686656,0.9617714927478128,-0.5770165842754165
USDJPY,2024-06-12,157.107,157.38,155.71,156.58,2730,13970,0.1737669231797413,-0.8892028999344341,-0.3354401777132698,0.4266567703270906,4.0,4.0,0.0,3.0,1.9872920954880604,-5.680581064042292,-0.110570497495932,1.9872920954880604,-5.745323182360826
USDJPY,2024-06-13,156.584,157.311,156.563,156.984,7270,210,0.4642875389567286,-0.0134113319368613,0.2554539416543233,0.4230813165359707,4.0,3.0,1.0,2.0,0.9293693134207408,-3.6316951311878736,-0.25422171257802356,1.1151762618569183,-4.366495443117689
USDJPY,2024-06-14,156.985,158.257,156.795,157.323,12720,1900,0.8102684969901527,-0.1210306717202446,0.215307194954928,0.4237130334476129,4.0,2.0,1.0,3.0,2.9309897882029188,-6.2492016627578115,-0.6922448726905316,2.9309897882029188,-6.2492016627578115
USDJPY,2024-06-17,157.308,157.96,157.15,157.728,6520,1580,0.414473516922226,-0.100439901340038,0.2669921428026648,0.4195443076129291,3.0,1.0,0.0,1.0,0.5792210302605904,0.10040134334439521,-0.17634011952946427,0.5792210302605904,0.10040134334439521
USDJPY,2024-06-18,157.726,158.229,157.512,157.821,5030,2140,0.3189074724522364,-0.1356783282401117,0.0602310335645352,0.4187646781841372,3.0,2.0,1.0,2.0,2.9074163212844044,4.8451197976624165,0.807304660072585,2.9074163212844044,4.563873557347959
USDJPY,2024-06-19,157.821,158.131,157.595,157.988,3100,2260,0.1964250638381472,-0.1432002078303895,0.1058160827773246,0.4139514394688199,6.0,0.0,0.0,3.0,0.4259124745956007,-0.7878330679113884,-0.2626110226371295,0.4259124745956007,-0.6305274407108842
USDJPY,2024-06-20,157.983,158.938,157.916,158.894,9550,670,0.6044954203933234,-0.042409626352207,0.5766443224903954,0.4297207363197752,6.0,1.0,2.0,3.0,0.6546126738005821,-3.2748101834776806,-0.3347198514085142,0.6546126738005821,-3.4822348476965628
USDJPY,2024-06-21,158.899,159.835,158.664,159.767,9360,2350,0.5890534238730307,-0.147892686549326,0.5462589443608802,0.4423035221153774,3.0,2.0,1.0,4.0,0.3892848794737387,1.5428075353246296,0.07161280525462674,0.3856109922840079,1.3288018612672323
USDJPY,2024-06-24,159.69,159.934,158.74,159.576,2440,9500,0.1527960423320181,-0.5949026238336707,-0.071388314860044,0.4430281119281472,3.0,0.0,0.0,0.0,0.0,0.0,0.0,0.0,0.0
USDJPY,2024-06-25,159.572,159.757,159.186,159.641,1850,3860,0.1159351264632907,-0.2418970746747522,0.0432406687890033,0.4427412368367283,6.0,1.0,2.0,3.0,0.5214251703637953,-0.9392578700956031,-0.0926885167872588,0.5214251703637953,-0.9392578700956031
USDJPY,2024-06-26,159.644,160.865,159.586,160.752,12210,580,0.7648267394953795,-0.0363308361103409,0.69404424845281,0.4614759934263057,3.0,1.0,0.0,1.0,1.3053106599737734,-3.454262020023352,-0.42182035003790264,1.3053106599737734,-3.454262020023352
USDJPY,2024-06-27,160.752,160.826,160.276,160.719,740,4760,0.0460336418831391,-0.2961082910321483,-0.0205285159749275,0.4391978226845771,3.0,3.0,3.0,4.0,2.9914605746572147,2.2248794860947023,0.26213025962304415,2.9914605746572147,2.9551118451538367
USDJPY,2024-06-28,160.727,161.282,160.258,160.835,5550,4690,0.345306015790755,-0.2917991376682163,0.0671946841538783,0.4369938066072698,5.0,1.0,3.0,6.0,2.97973699596452,4.742540934699274,0.2132496645812243,2.97973699596452,4.637723115391383
USDJPY,2024-07-01,160.811,161.728,160.731,161.442,9170,800,0.5702346232533854,-0.0497478406328003,0.3923860929911512,0.3964941539247008,3.0,1.0,2.0,5.0,0.998225899917425,-5.231156533679795,-0.42864608113451985,0.998225899917425,-5.374877334736441
USDJPY,2024-07-02,161.443,161.743,161.264,161.422,3000,1790,0.1858240989079631,-0.1108750456817589,-0.0130076869235674,0.3225783848033434,3.0,1.0,0.0,4.0,1.2971945740023785,2.489080209311392,0.237826087825932,1.2971945740023785,2.3209454700666083
USDJPY,2024-07-03,161.421,161.952,160.768,161.546,5310,6530,0.3289534818889772,-0.4045322479726873,0.0774372603316792,0.2937052806938621,2.0,3.0,1.0,5.0,1.8709492310076927,-6.045841328014747,-0.3310878112322746,1.8709492310076927,-5.757345419234017
USDJPY,2024-07-04,161.533,161.673,160.942,161.222,1400,5910,0.0866695969244766,-0.3658695127311322,-0.1925303188821966,0.2866485479885793,1.0,0.0,0.0,1.0,0.1436858545567215,-0.1436858545567215,-0.1436858545567215,0.2016956218075914,-0.2016956218075914
USDJPY,2024-07-05,161.218,161.399,160.326,160.719,1810,8920,0.1122703420213695,-0.5532880943815182,-0.3095187882246369,0.2738007352421586,3.0,3.0,0.0,2.0,0.7958239954000302,-0.19673545703941955,-0.11058350395224366,0.7738080455465419,-0.26278330659988436
USDJPY,2024-07-08,160.743,161.12,160.258,160.789,3770,4850,0.2345358740349561,-0.3017238697797013,0.0286171092986893,0.2744865962160884,5.0,0.0,0.0,4.0,0.2697117554701729,0.27049507044594845,0.06762376761148711,0.2697117554701729,0.21572435924377648
USDJPY,2024-07-09,160.769,161.517,160.724,161.275,7480,450,0.4652638257375429,-0.0279904707997287,0.3147372938812832,0.2774523293799907,4.0,0.0,0.0,4.0,1.5478743458918611,-0.5144838910505644,-0.1286209727626411,1.5478743458918611,-0.5144838910505644
USDJPY,2024-07-10,161.279,161.805,161.236,161.57,5260,430,0.3261428952312517,-0.0266618716633947,0.1804326663731774,0.2544301767115529,0.0,0.0,1.0,3.0,0.4002786403136073,-0.42351563706871964,-0.005809249188778086,0.6578138902821487,-0.9385861370058023
USDJPY,2024-07-11,161.564,161.759,157.409,158.931,1950,41550,0.1206952043772085,-2.571736277883688,-1.6296947339753791,0.4729262453690482,0.0,4.0,1.0,3.0,0.9780647962958192,-8.199401779176993,-0.27091462372397934,0.9780647962958192,-8.593640338810685
USDJPY,2024-07-12,158.932,159.445,157.359,157.848,5130,15730,0.3227795535197476,-0.989731457478657,-0.6820527017843951,0.4998784054244308,3.0,3.0,1.0,1.0,0.4723072341468675,-2.610250507834187,-0.2054951292263815,0.4723072341468675,-2.6965598370830297
USDJPY,2024-07-15,158.137,158.419,157.151,158.061,2820,9860,0.1783263878788712,-0.6235099944984349,-0.0480595938964274,0.496697863710278,3.0,1.0,0.0,0.0,0.1450613457630379,0.4351840372891137,0.1450613457630379,0.1450613457630379,0.4351840372891137
USDJPY,2024-07-16,158.062,158.86,158.038,158.312,7980,240,0.5048651794865318,-0.0151839151725278,0.1581657830471587,0.4977421602840194,0.0,2.0,0.0,4.0,0.7318805717117216,1.7006029348002625,0.12322042201755774,0.7318805717117216,1.2574359963085981
USDJPY,2024-07-17,158.309,158.624,156.055,156.15,3150,22540,0.1989779481899309,-1.42379776260351,-1.3637885401335312,0.5839970764502745,6.0,0.0,2.0,3.0,0.7931769598676716,2.3396076701889172,0.3422899285368279,0.7931769598676716,2.3332081590814524
USDJPY,2024-07-18,156.147,157.4,155.364,157.334,12530,7830,0.8024489743639099,-0.5014505562066431,0.760181111388635,0.5958911707450157,3.0,1.0,1.0,3.0,1.4142870057574144,5.711101262414591,0.4124330356581896,1.4142870057574144,5.814537749186171
USDJPY,2024-07-19,157.342,157.862,156.952,157.44,5200,3900,0.3304902696037814,-0.2478677022028541,0.0622847046560897,0.5798695923538061,2.0,0.0,0.0,2.0,0.4696295078378307,-0.6573861795759823,-0.32869308978799117,0.4696295078378307,-0.6573861795759823
USDJPY,2024-07-22,157.38,157.613,156.28,156.921,2330,11000,0.148049307408822,-0.6989452281103027,-0.291650781547848,0.5818338915769754,0.0,0.0,0.0,0.0,0.0,0.0,0.0,0.0,0.0
USDJPY,2024-07-23,156.94,157.101,155.509,155.569,1610,14310,0.102586975914363,-0.911813431884804,-0.8735822607365932,0.606493795488266,0.0,0.0,2.0,1.0,1.1283206596226734,-2.9520469407907335,-0.5218414218842415,1.1283206596226734,-2.9520469407907335
USDJPY,2024-07-24,155.575,155.991,153.1,153.751,4160,24750,0.2673951470352083,-1.5908725695002377,-1.1724248754619857,0.6158296090214317,3.0,2.0,1.0,4.0,1.2949652701265435,-3.899853602343782,-0.23989127093863608,1.2018062079790537,-4.010942165455907
USDJPY,2024-07-25,153.744,154.318,151.935,153.915,5740,18090,0.373347903007605,-1.1766312831720247,0.1112238526381467,0.6188604099153383,3.0,2.0,3.0,2.0,6.109210057587464,-8.086974530469345,-0.4774527096965865,6.109210057587464,-8.086974530469345
USDJPY,2024-07-26,153.924,154.738,153.088,153.718,8140,8360,0.5288324108001305,-0.5431251786596065,-0.133832280865893,0.6155538373235998,4.0,1.0,2.0,3.0,1.125845586387808,2.9615922073391134,0.11919277243232677,1.125845586387808,2.9615922073391134
USDJPY,2024-07-29,153.64,154.351,153.009,154.0,7110,6310,0.4627701119500213,-0.4107003384535279,0.2343139807341927,0.6080948515408083,0.0,0.0,0.0,0.0,0.0,0.0,0.0,0.0,0.0
USDJPY,2024-07-30,153.998,155.219,152.616,152.658,12210,13820,0.7928674398368835,-0.8974142521331294,-0.8701411706645563,0.6213781276692812,0.0,2.0,1.0,2.0,0.9503260876526978,-0.8033033681250275,-0.25926472333314693,0.8407604481602726,-0.6937377286326023
USDJPY,2024-07-31,152.658,153.894,149.602,149.859,12360,30560,0.8096529497307828,-2.001860367619112,-1.83351019926894,0.7045539840721042,2.0,5.0,1.0,5.0,3.329944435202201,5.520485322788587,0.13393746218636177,3.329944435202201,5.545968777512229
USDJPY,2024-08-01,149.864,150.89,148.506,149.295,10260,13580,0.6846207227886497,-0.9061549137885044,-0.3796775743340741,0.7032089694162248,0.0,2.0,2.0,7.0,3.483552694641374,2.0135087033536188,0.22235727118956428,3.483552694641374,1.8140947152989868
USDJPY,2024-08-02,149.295,149.774,146.412,146.519,4790,28830,0.3208412873840473,-1.9310760574700967,-1.8594058742757509,0.7758776355796566,0.0,3.0,0.0,2.0,1.4501463103355383,1.3441629565880773,-0.00671822307732386,1.39145832357956,1.098209716828005
USDJPY,2024-08-05,146.446,146.563,141.681,144.052,1170,47650,0.0798929298171272,-3.25375906477472,-1.6347322562582831,0.8087037638054265,4.0,1.0,1.0,0.0,1.7060799691954125,-0.31742585409977453,-0.33725097054919784,1.6188406190634903,-0.1429471538359306
USDJPY,2024-08-06,144.055,146.369,143.619,144.518,23140,4360,1.6063309152754106,-0.3026621776404894,0.3214050189163818,0.8090792408454557,6.0,0.0,0.0,5.0,0.8652818754970183,-0.2486529915990423,-0.04973059831980846,0.6732118393076031,0.211654140610276
USDJPY,2024-08-07,144.509,147.901,144.294,146.702,33920,2150,2.347258648250299,-0.1487796607823561,1.5175525399802174,0.9200116528944576,4.0,0.0,1.0,2.0,1.1524028319771158,-2.2209930488860232,-0.552700910608213,1.1524028319771158,-3.2035560909060328
USDJPY,2024-08-08,146.696,147.547,145.415,147.181,8510,12810,0.5801112504771767,-0.8732344440202909,0.3306156950428189,0.895210121176046,2.0,1.0,1.0,7.0,0.9086320144280908,-4.062587075057882,-0.19201065715854002,0.9086320144280908,-4.429276244735145
USDJPY,2024-08-09,147.185,147.813,146.265,146.634,6280,9200,0.4266739137819655,-0.625063695349401,-0.3743588001494827,0.8924282068874174,3.0,0.0,0.0,1.0,0.4109608544167385,-0.4109608544167385,-0.4109608544167385,0.4109608544167385,-0.4109608544167385
USDJPY,2024-08-12,146.72,148.222,146.691,147.178,15020,290,1.0237186477644558,-0.0197655398037052,0.3121592148309695,0.9027781543528784,3.0,0.0,0.0,2.0,0.725424119236716,-1.1936880824351646,-0.5968440412175823,0.725424119236716,-1.1936880824351646
USDJPY,2024-08-13,147.175,147.946,146.589,146.833,7710,5860,0.5238661457448524,-0.3981654492950655,-0.2323764226261341,0.8954254627531564,3.0,2.0,0.0,3.0,1.1893737158708804,-2.236647229047698,-0.012581870091137773,1.1893737158708804,-2.339422622251928
USDJPY,2024-08-14,146.83,147.496,146.067,147.123,6660,7630,0.4535857794728575,-0.5196485731798713,0.1995505005788857,0.871894162907151,6.0,3.0,0.0,1.0,2.0428794673386568,9.433218930484381,0.8347393276571807,2.0428794673386568,9.347774136801618
USDJPY,2024-08-15,147.249,149.4,147.049,149.293,21510,2000,1.4607909052014008,-0.135824351948053,1.3881248769091887,0.921603251637571,0.0,3.0,2.0,10.0,1.8548476765292468,2.0621669916429877,-0.039668304102079006,1.8535488934694813,1.3222079794622503
USDJPY,2024-08-16,149.302,149.311,147.561,147.579,90,17410,0.0060280505284688,-1.1660928855608,-1.1540367845038813,0.939254482014536,1.0,0.0,3.0,3.0,1.1329764039657624,-2.8685587628876723,-0.4105217593993726,1.1329764039657624,-2.8685587628876723
USDJPY,2024-08-19,147.651,148.052,145.18,146.561,4010,24710,0.2715863759811867,-1.6735409851609562,-0.7382273062830617,0.9438485739874888,1.0,0.0,0.0,2.0,0.8696938911049427,-0.4715512590695137,-0.23577562953475684,0.8076609682171568,-0.40951833618172784
USDJPY,2024-08-20,146.566,147.345,145.053,145.11,7790,15130,0.5315011667098757,-1.0322994418896645,-0.9934091126181984,0.9477722464627932,3.0,0.0,0.0,0.0,0.0,0.0,0.0,0.0,0.0
USDJPY,2024-08-21,145.113,146.895,144.45,145.152,17820,6630,1.2280085175001625,-0.4568853238510753,0.0268756072853481,0.9306549479204927,5.0,1.0,1.0,1.0,0.8473370180676032,-3.794139997690315,-0.4950410008483686,0.8473370180676032,-3.6400323265776997
USDJPY,2024-08-22,145.158,146.525,144.84,146.219,13670,3180,0.9417324570468172,-0.2190716322903206,0.730927678805169,0.9546562678459468,0.0,3.0,1.0,2.0,3.225171754485056,2.9328618556478934,0.5928090425725346,3.225171754485056,3.321362768886114
USDJPY,2024-08-23,146.213,146.483,144.042,144.367,2700,21710,0.1846621025490279,-1.4848200912367522,-1.2625416344647902,0.980010775894266,3.0,0.0,1.0,1.0,0.994985749702795,1.8001118976705308,0.40256307398386787,0.994985749702795,1.8001118976705308
USDJPY,2024-08-26,144.021,144.654,143.44,144.481,6330,5810,0.4395192367779767,-0.4034133911026787,0.3193978655890516,0.9826951787809672,2.0,0.0,2.0,0.0,1.009312657693077,-1.5404401292382817,-0.3851100323095704,1.009312657693077,-1.5404401292382817
USDJPY,2024-08-27,144.473,145.175,143.882,143.93,7020,5910,0.4859039405286788,-0.4090729755732961,-0.3758487745115048,0.9740249284068824,4.0,1.0,2.0,3.0,0.647667199833868,-0.8616554925506279,-0.19622619419668844,0.647667199833868,-0.8616554925506279
USDJPY,2024-08-28,143.92,145.039,143.677,144.433,11190,2430,0.77751528627015,-0.1688438021122811,0.3564480266814934,0.9118426840000828,4.0,0.0,1.0,0.0,0.2034681970807033,0.4069363941614066,0.2034681970807033,0.2034681970807033,0.4069363941614066
USDJPY,2024-08-29,144.433,145.553,144.215,144.955,11200,2180,0.7754460545720193,-0.1509350356220457,0.3614132504344712,0.9181269674334196,5.0,2.0,2.0,4.0,0.3688523700367936,-0.5644571979813546,-0.03292542802056976,0.4141712283901558,0.04105249414743875
USDJPY,2024-08-30,144.961,146.247,144.647,146.176,12860,3140,0.8871351604914434,-0.2166099847545349,0.8381564696711356,0.8473522995116486,4.0,1.0,3.0,7.0,2.3091540673790703,1.2285653845617206,0.15394395463934407,1.75841865376652,0.6778299709491704
USDJPY,2024-09-02,146.084,147.175,145.768,146.882,10910,3160,0.7468305906191014,-0.2163139015908672,0.546261055283263,0.7624077809919445,0.0,0.0,0.0,2.0,0.401576303911931,0.1476068303594561,0.07380341517972805,0.4003355763107591,0.1463661027582842
USDJPY,2024-09-03,146.882,147.21,145.098,145.401,3280,17840,0.2233085061477941,-1.214580411486766,-1.0082923707465818,0.7996919197549283,0.0,1.0,1.0,5.0,0.6095461397761748,0.9572781902419412,0.016292943014916652,0.5837121891772856,0.910146450974821
USDJPY,2024-09-04,145.4,145.556,143.574,143.626,1560,18260,0.1072902338376931,-1.255845942228331,-1.2200825309491066,0.7669959304132371,3.0,1.0,0.0,3.0,0.7161512002633624,-2.3107727557099054,-0.244936070819156,0.7161512002633624,-2.5636328827912602
USDJPY,2024-09-05,143.642,144.23,142.841,143.404,5880,8010,0.409351025466085,-0.5576363459155315,-0.1656897007838929,0.7604175019618505,1.0,3.0,2.0,6.0,1.1559882993944617,-4.670326570770011,-0.3156969857097513,1.499951423828327,-4.825012913395202
USDJPY,2024-09-06,143.406,144.041,141.765,142.251,6350,16410,0.4427987671366546,-1.144303585624046,-0.8054056315635336,0.7739267546599636,5.0,3.0,0.0,2.0,0.5565816396629893,0.08719116791553297,0.015268642525335979,0.5565816396629893,0.3862107261363751
USDJPY,2024-09-09,142.122,143.8,141.937,143.121,16780,1850,1.1806757574478244,-0.1301698540690408,0.7029172119728087,0.79079273115116,2.0,0.0,0.0,6.0,0.4930659225670158,-1.0188704397408082,-0.16981173995680135,0.5975247153592251,-1.3541687319395728
USDJPY,2024-09-10,143.118,143.711,142.192,142.405,5930,9260,0.4143434089352966,-0.6470185441383948,-0.4981903045039714,0.7949278232163302,3.0,0.0,0.0,4.0,1.2983631930899495,-2.9893662681192845,-0.7473415670298211,1.2983631930899495,-2.9893662681192845
USDJPY,2024-09-11,142.407,142.546,140.704,142.266,1390,17030,0.0976075614260405,-1.1958681806371898,-0.0990119867703269,0.7910574746839647,2.0,3.0,1.0,1.0,0.9388247678563963,-1.9749580901656958,-0.1920284233847262,1.1513698070636664,-3.125097442767399
USDJPY,2024-09-12,142.272,143.044,141.721,141.816,7720,5510,0.5426225820962802,-0.3872863247863162,-0.3205128205128127,0.7033140053825057,1.0,3.0,1.0,4.0,1.2162026471116052,3.1019124098959057,0.24021667303226082,1.3602513392341982,2.2410117752540346
USDJPY,2024-09-13,141.82,141.875,140.278,140.764,550,15420,0.0387815540826447,-1.087293752644198,-0.7446058383866755,0.6808453956179484,3.0,0.0,2.0,2.0,2.147869605545426,-2.4858864944309116,-0.5871074988839384,2.147869605545426,-2.4858864944309116
USDJPY,2024-09-16,140.726,140.912,139.572,140.601,1860,11540,0.1321717379872994,-0.8200332561147168,-0.0888250927333968,0.6701034929529573,6.0,0.0,1.0,0.0,0.5490286443446942,1.0980572886893885,0.5490286443446942,0.5490286443446942,1.0980572886893885
USDJPY,2024-09-17,140.607,142.465,140.315,142.341,18580,2920,1.3214135853833764,-0.2076710263358165,1.2332245194051568,0.7123600475827226,3.0,2.0,0.0,5.0,0.963265033392133,1.8260499664512733,0.39957855706530293,0.963265033392133,1.3765365312281805
USDJPY,2024-09-18,142.333,142.711,140.433,142.098,3780,19000,0.265574392445894,-1.3348977398073572,-0.1651057730814254,0.7122273601116319,4.0,1.0,2.0,3.0,1.121473561030081,-0.012426496300000804,0.12301313047695672,1.121473561030081,0.14068049172072059
USDJPY,2024-09-19,142.098,143.944,141.876,142.624,18460,2220,1.299103435657064,-0.1562302073217134,0.3701670677982673,0.6948786169477936,5.0,1.0,2.0,4.0,0.6721661765450101,-2.730082416807372,-0.13261437356955605,0.6721661765450101,-3.211623904726416
USDJPY,2024-09-20,142.614,144.495,141.733,143.808,18810,8810,1.3189448441247005,-0.6177514129047641,0.8372249568765958,0.6683125723589015,3.0,1.0,0.0,1.0,0.2940439343772604,-1.0739385622713846,-0.24292534675843194,0.2940439343772604,-1.0739385622713846
USDJPY,2024-09-23,143.881,144.459,143.16,143.574,5780,7210,0.4017208665494422,-0.5011085549864149,-0.2133707716793655,0.6656787374590988,2.0,2.0,0.0,0.0,0.534072660262365,-1.8596953334240471,-0.30994922223734117,0.4846597575315922,-1.7198767666610046
USDJPY,2024-09-24,143.562,144.679,143.108,143.159,11170,4540,0.778061046795106,-0.3162396734511972,-0.2807149524247502,0.663360241086323,6.0,1.0,2.0,2.0,1.107955231274297,-3.7042707059727076,-0.26879281180774883,1.107955231274297,-3.8157115427187374
USDJPY,2024-09-25,143.159,144.842,142.884,144.648,16830,2750,1.1756159235535462,-0.1920941051558097,1.0401022639163475,0.7002692126933956,3.0,0.0,2.0,2.0,0.6075116712177786,-1.9408343250404805,-0.27866417635076535,0.6075116712177786,-1.9408343250404805
USDJPY,2024-09-26,144.661,145.22,144.104,144.77,5590,5570,0.3864206662472936,-0.3850381236131286,0.0753485735616433,0.6957492353049233,0.0,2.0,4.0,1.0,1.3942985694032406,2.3163076847071853,0.18351284043262045,1.3942985694032406,2.8860134873338983
USDJPY,2024-09-27,144.767,146.491,142.062,142.15,17240,27050,1.190879136819868,-1.8685197593374072,-1.807732425207396,0.77532728273384,5.0,1.0,2.0,5.0,0.8818027246196692,-2.3725769116368434,-0.0818894632584898,0.8818027246196692,-2.317230143550685
USDJPY,2024-09-30,142.243,143.915,141.638,143.575,16720,6050,1.1754532736233043,-0.4253284871663209,0.9364256940587542,0.7978364997176424,3.0,0.0,1.0,3.0,5.799966997880568,-6.311614358947368,-1.5898996810687271,5.799966997880568,-6.311614358947368
USDJPY,2024-10-01,143.56,144.53,142.964,143.603,9700,5960,0.6756756756756749,-0.4151574254667063,0.0299526330454209,0.7696675999602696,6.0,2.0,2.0,6.0,1.9302082891413248,-0.15253200926698113,-0.14371357659223277,1.622139447056013,-0.035994441406619254
USDJPY,2024-10-02,143.606,146.516,143.415,146.345,29100,1910,2.0263777279500834,-0.1330027993259352,1.9073019233179704,0.8362131108360878,4.0,1.0,1.0,2.0,0.6563032889594479,0.6787184854766929,-0.012202328922491464,0.6563032889594479,0.660258509274937
USDJPY,2024-10-03,146.348,147.239,146.273,146.85,8910,750,0.608822805914663,-0.0512477109355898,0.3430180118621239,0.8355331342368973,6.0,2.0,1.0,4.0,3.621460549780815,7.24544476809585,0.5974863464614888,3.621460549780815,7.439726067171818
USDJPY,2024-10-04,146.829,149.005,145.912,148.679,21760,9170,1.481996063447948,-0.6245360248997143,1.2599690796777163,0.8424050556937307,2.0,3.0,0.0,0.0,0.5471745533259531,-2.883732281279547,-0.32041469791994964,0.446105048997294,-2.5805237682935696
USDJPY,2024-10-07,148.759,149.129,147.83,148.107,3700,9290,0.2487244469242228,-0.6245000302502529,-0.4382928091745621,0.8470294913448625,3.0,0.0,0.0,1.0,1.1700025737088675,-1.1700025737088675,-1.1700025737088675,1.1700025737088675,-1.1700025737088675
USDJPY,2024-10-08,148.128,148.382,147.341,148.21,2540,7870,0.1714733203715834,-0.5312972564268591,0.0553575286239077,0.8330151955277816,4.0,0.0,0.0,9.0,2.519361945430996,-2.7190599358950323,-0.30211777065500356,2.519361945430996,-2.046390662474599
USDJPY,2024-10-09,148.227,149.365,148.006,149.142,11380,2210,0.7677413696560041,-0.1490956438435667,0.6172964439676928,0.8350375085879842,2.0,0.0,1.0,3.0,0.8030222856791884,-0.7049856638663754,-0.21355844342662372,0.8885581116900558,-0.050570765944536133
USDJPY,2024-10-10,149.148,149.572,148.226,148.515,4240,9220,0.284281384933091,-0.6181779172365685,-0.424410652506242,0.8389716347356007,4.0,4.0,0.0,4.0,2.25368405055201,4.4773289066967825,0.21303226649813328,2.25368405055201,4.8509635276121434
USDJPY,2024-10-11,148.523,149.283,148.396,149.09,7600,1270,0.5117052577715175,-0.0855086417591952,0.3817590541532337,0.8075248001438652,4.0,2.0,2.0,1.0,0.68217915538769,-2.500733033656163,-0.13444911145765398,0.7219263077742291,-2.61997449081578
USDJPY,2024-10-14,149.115,149.981,149.111,149.755,8660,40,0.5807598162491938,-0.0026824933776072,0.4291989404151067,0.8032526673235035,2.0,0.0,0.0,0.0,0.0,0.0,0.0,0.0,0.0
USDJPY,2024-10-15,149.754,149.837,148.845,149.178,830,9090,0.0554242290690054,-0.6069954725750176,-0.3846307945029805,0.786605937465049,3.0,0.0,1.0,1.0,0.1010054668278716,-0.2516107714331092,-0.0881540595652452,0.1010054668278716,-0.2516107714331092
USDJPY,2024-10-16,149.174,149.807,148.86,149.58,6330,3140,0.4243366806547933,-0.2104924450641485,0.2721653907517435,0.781149613298923,4.0,0.0,0.0,2.0,4.856231244752572,-5.464270060994355,-2.7321350304971777,4.856231244752572,-5.464270060994355
USDJPY,2024-10-17,149.56,150.322,149.238,150.156,7620,3220,0.509494517250602,-0.2152982080770277,0.3985022733351188,0.7814040979477357,2.0,3.0,2.0,7.0,0.9834216203604916,-0.06418620561662342,-0.07231913079591155,0.9834216203604916,-0.08736568514528165
USDJPY,2024-10-18,150.151,150.286,149.358,149.485,1350,7930,0.0899094911122742,-0.5281350107558433,-0.4435534894872474,0.7833743956871521,5.0,0.0,1.0,3.0,0.4840127178755058,-1.8830389667288538,-0.349756562213337,0.4840127178755058,-1.8830389667288538
USDJPY,2024-10-21,149.514,150.887,149.085,150.708,13730,4290,0.9183086533702464,-0.2869296520727169,0.7985874232513265,0.7887694386616468,3.0,0.0,0.0,1.0,0.2668260276082936,-0.2668260276082936,-0.2668260276082936,0.2691548650497624,-0.2691548650497624
USDJPY,2024-10-22,150.715,151.196,150.49,151.017,4810,2250,0.3191454068938025,-0.1492883919981384,0.2003781972597236,0.7793888686944739,6.0,0.0,1.0,1.0,0.3250798698929371,0.002640873714214509,-0.08060974904468064,0.3250798698929371,0.002640873714214509
USDJPY,2024-10-23,151.023,153.187,150.99,152.655,21640,330,1.432894327354122,-0.0218509763413434,1.080630102699592,0.7815671106963931,2.0,0.0,2.0,0.0,0.6312539840759023,1.1070413842464317,0.276760346061608,0.6312539840759023,1.1070413842464317
USDJPY,2024-10-24,152.655,152.827,151.546,151.798,1720,11090,0.1126723657921437,-0.7264747306016893,-0.5613966132783068,0.8023641643531811,4.0,3.0,1.0,2.0,0.8200008059953033,-0.5167047003029106,-0.04602398331959299,0.8200008059953033,-0.8908517505315646
USDJPY,2024-10-25,151.799,152.38,151.452,152.244,5810,3470,0.3827429693212661,-0.2285917562039331,0.2931508112701619,0.6428682011879587,3.0,0.0,4.0,2.0,1.6707389781173734,-1.9260633429235252,-0.3419595895363647,1.6707389781173734,-1.9260633429235252
USDJPY,2024-10-28,152.907,153.882,152.403,153.206,9750,5040,0.6376424885714809,-0.3296121171692722,0.195543696495241,0.6277113675279695,3.0,0.0,0.0,0.0,0.0,0.0,0.0,0.0,0.0
USDJPY,2024-10-29,153.222,153.866,152.75,153.338,6440,4720,0.420305178107586,-0.3080497578676746,0.0757071438827227,0.6267559972727834,3.0,2.0,1.0,4.0,1.597743088992576,-1.9890509103385576,-0.37998534466933226,1.597743088992576,-2.0582214384161674
USDJPY,2024-10-30,153.336,153.495,152.775,153.315,1590,5610,0.1036938488026241,-0.3658632023790936,-0.0136954139928099,0.5028824292897154,0.0,2.0,3.0,1.0,1.7054634106031843,1.4802576421844291,0.12136890548706254,1.7054634106031843,1.0774764653637887
USDJPY,2024-10-31,153.31,153.616,151.828,152.04,3060,14820,0.1995955906333648,-0.9666688409105728,-0.8283869284456397,0.5519957730044363,5.0,4.0,1.0,7.0,1.0075607769930428,-5.398810301435238,-0.18375954364529834,1.0075607769930428,-5.398810301435238
USDJPY,2024-11-01,152.041,153.094,151.778,152.946,10530,2630,0.6925763445386424,-0.1729796568031026,0.5952341802540112,0.4989987218949305,3.0,4.0,1.0,4.0,1.467303491810126,2.4667002013231523,0.28460279369424923,1.4120780919834597,2.418936561357911
USDJPY,2024-11-04,152.25,152.557,151.528,152.119,3070,7220,0.2016420361247868,-0.474220032840728,-0.0860426929392448,0.4844479291235659,2.0,0.0,0.0,1.0,0.0378713608850617,-0.0378713608850617,-0.0378713608850617,0.0378713608850617,-0.0378713608850617
USDJPY,2024-11-05,152.119,152.544,151.332,151.609,4250,7870,0.279386532911741,-0.5173581209447907,-0.3352638394940743,0.4954733726288521,6.0,1.0,1.0,3.0,1.2587094076708296,-1.4708769405082953,-0.31223869258655024,1.2587094076708296,-1.7274226889818776
USDJPY,2024-11-06,151.604,154.698,151.282,154.616,30940,3220,2.040843249518478,-0.2123954513073551,1.9867549668874172,0.6418373890583886,0.0,0.0,1.0,1.0,0.903228362474476,2.0328426218768003,0.5648071297011622,0.903228362474476,2.2951343973111342
USDJPY,2024-11-07,154.609,154.713,152.687,152.923,1040,19220,0.0672664592617409,-1.2431359105873507,-1.0904927914933846,0.6903782165071022,3.0,1.0,0.0,7.0,1.7328913750157062,-0.18639277894467338,-0.09725398592481713,1.7328913750157062,-0.5714287413344461
USDJPY,2024-11-08,152.921,153.366,152.136,152.608,4450,7850,0.2909999280674477,-0.513336951759403,-0.2046808482811309,0.6923874714656936,5.0,1.0,2.0,3.0,0.872712330564958,-0.7206280287301549,0.03909412686470957,0.872712330564958,-0.7206280287301549
USDJPY,2024-11-11,152.652,153.952,152.607,153.697,13000,450,0.8516101983596752,-0.0294788145585956,0.6845635825275895,0.7007155934894689,5.0,0.0,0.0,3.0,0.1851234252181786,-0.4770695346947482,-0.15902317823158274,0.2033363053967783,-0.4952824148733479
USDJPY,2024-11-12,153.704,154.925,153.403,154.602,12210,3010,0.7943840108260055,-0.1958309477957737,0.584239837609949,0.6966231896676175,5.0,0.0,0.0,5.0,1.919745758988061,5.687827798423815,1.137565559684763,1.919745758988061,5.687827798423815
USDJPY,2024-11-13,154.571,155.628,154.335,155.446,10570,2360,0.6838281437009451,-0.1526806451404144,0.5660829004146962,0.7017490368718227,4.0,3.0,0.0,2.0,0.2923087251006494,-0.22820104202410668,0.026724454184203123,0.4691286579016812,0.36523526812486984
USDJPY,2024-11-14,155.441,156.419,155.315,156.243,9780,1260,0.6291776300975989,-0.0810596946751531,0.5159513899164265,0.7040311746812222,0.0,3.0,1.0,2.0,1.5578065734491546,-0.7535350987832863,-0.22735207076887579,1.5578065734491546,-0.8069123001213552
USDJPY,2024-11-15,156.237,156.748,153.857,154.309,5110,23800,0.327067211992035,-1.5233267407848303,-1.2340226706861994,0.7619092395034011,3.0,2.0,1.0,8.0,0.8291563182711287,-0.9258496762264845,-0.06263281402213959,0.8291563182711287,-1.1031497582562455
USDJPY,2024-11-18,154.35,155.359,153.834,154.649,10090,5160,0.653709102688704,-0.3343051506316755,0.1937155814706878,0.7471362560198,3.0,0.0,0.0,2.0,0.9733072363207624,1.0975418334437217,0.5487709167218608,0.9733072363207624,1.0975418334437217
USDJPY,2024-11-19,154.648,154.8,153.272,154.632,1520,13760,0.0982877243805385,-0.8897625575500523,-0.0103460762505762,0.747590568166528,4.0,0.0,1.0,2.0,0.389056371808216,-0.7823036530795291,-0.23621746300811997,0.389056371808216,-0.7823036530795291
USDJPY,2024-11-20,154.647,155.886,154.518,155.398,12390,1290,0.8011794603193106,-0.0834157791615684,0.4856220941887038,0.7186442005029572,1.0,0.0,1.0,1.0,0.0809686988101948,-0.1821417876148241,-0.06577762160625471,0.0822850005616685,-0.0188880882429608
USDJPY,2024-11-21,155.393,155.411,153.902,154.522,180,14910,0.0115835333637941,-0.9595026803009232,-0.5605143088813584,0.7186020951149592,3.0,1.0,2.0,2.0,0.9979681683042974,-0.09936829045068507,-0.03697018968763133,0.9979681683042974,-0.11778756797446749
USDJPY,2024-11-22,154.516,155.025,153.96,154.73,5090,5560,0.3294157239379835,-0.3598332858732967,0.1384969841310923,0.7171390227597061,3.0,2.0,1.0,3.0,1.041238826481243,1.2143759932823408,0.012893390458725082,1.041238826481243,1.1053403855986195
USDJPY,2024-11-25,154.199,154.723,153.545,154.182,5240,6540,0.3398206214048086,-0.4241272641197574,-0.0110247148165839,0.7169191596483577,1.0,0.0,0.0,0.0,0.0,0.0,0.0,0.0,0.0
USDJPY,2024-11-26,154.182,154.485,152.983,153.061,3030,11990,0.196520994668655,-0.7776523848438753,-0.7270628218598676,0.7388721626949515,0.0,1.0,3.0,3.0,1.936923023709732,-3.2968300160108153,-0.2663126896053458,1.936923023709732,-3.2968300160108153
USDJPY,2024-11-27,153.042,153.233,150.449,151.053,1910,25930,0.1248023418408035,-1.6943061381842823,-1.2996432351903426,0.7967825363448768,4.0,3.0,6.0,5.0,1.187970396661831,-2.570984440919655,-0.014135735696343188,1.187970396661831,-2.7940289825623563
USDJPY,2024-11-28,151.056,151.95,150.891,151.514,8940,1650,0.5918334922147925,-0.1092310136638203,0.3031988136849899,0.7771786922358457,0.0,0.0,0.0,0.0,0.0,0.0,0.0,0.0,0.0
USDJPY,2024-11-29,151.525,151.544,149.46,149.743,190,20650,0.0125391849529816,-1.3628114172578767,-1.176043557168791,0.809017207879928,3.0,0.0,1.0,5.0,1.2544088656967125,1.3188649983991034,0.17768284183926894,0.9173422993551444,0.9645230728078362
USDJPY,2024-12-02,149.625,150.75,149.076,149.571,11250,5490,0.7518796992481203,-0.3669172932330871,-0.0360902255639111,0.8090221159110751,3.0,1.0,2.0,3.0,1.9388833208498784,7.239251049349353,0.5526245581863896,1.7773898788483702,6.784017819403683
USDJPY,2024-12-03,149.57,150.236,148.641,149.59,6660,9290,0.4452764591829891,-0.6211138597312309,0.0133716654409375,0.8065612751130807,5.0,1.0,0.0,4.0,1.157567417483367,4.3843328400791695,0.41383960102248707,1.157567417483367,4.1345562245119645
USDJPY,2024-12-04,149.562,151.231,149.515,150.539,16690,470,1.1159251681576754,-0.0314250946096103,0.6532407964589771,0.6741007117997746,2.0,2.0,2.0,1.0,1.5309450859248477,-7.865429917499224,-0.5971904001301054,1.4431373277011983,-7.689814401051926
USDJPY,2024-12-05,150.58,150.774,149.65,150.073,1940,9300,0.1288351706733884,-0.6176119006508213,-0.3366981006773841,0.6364499143794569,3.0,1.0,0.0,4.0,6.499709341671,-4.823029884745829,-1.2485075446128273,6.499709341671,-4.1600038028059885
USDJPY,2024-12-06,150.057,150.699,149.356,149.989,6420,7010,0.4278374217797399,-0.4671558141239618,-0.0453161132103025,0.6357101503108749,6.0,3.0,2.0,3.0,1.1645531091778611,7.065066177251824,0.29299982239513855,1.1645531091778611,7.003631286414423
USDJPY,2024-12-09,149.998,151.347,149.684,151.204,13490,3140,0.8993453246043401,-0.209336124481655,0.8040107201429468,0.6436336253044871,5.0,0.0,0.0,6.0,0.7627179778055957,1.3188628145190613,0.21981046908651022,0.4840765899333414,0.6796009877038356
USDJPY,2024-12-10,151.18,152.181,150.893,151.923,10010,2870,0.6621246196586882,-0.1898399259161305,0.4914671252811185,0.6390724241182691,4.0,0.0,0.0,5.0,4.19749377139329,3.22272473551509,0.644544947103018,4.19749377139329,3.22272473551509
USDJPY,2024-12-11,151.92,152.864,151.0,152.411,9440,9200,0.6213796735123861,-0.6055818852027302,0.3231964191679923,0.6287007718121732,3.0,3.0,1.0,3.0,0.3551496335927956,-0.31064960057804125,-0.058491946718405505,0.5478141605741017,-0.2097407107277366
USDJPY,2024-12-12,152.412,152.774,151.796,152.602,3620,6160,0.237514106500797,-0.4041676508411502,0.1246621000971037,0.6152640684791274,5.0,3.0,0.0,3.0,2.4541588056700805,-0.13452069713737802,-0.3190109266624722,2.4541588056700805,-0.3088658209767775
USDJPY,2024-12-13,152.566,153.802,152.445,153.683,12360,1210,0.8101411847987035,-0.0793099379940545,0.7321421548706725,0.5797951203004234,4.0,0.0,0.0,4.0,0.5386407887654515,-1.0346677435344884,-0.2586669358836221,0.5386407887654515,-1.0346677435344884
USDJPY,2024-12-16,153.611,154.478,153.32,154.115,8670,2910,0.5644127048193285,-0.1894395583649588,0.3281015031475735,0.5828918671312833,2.0,2.0,1.0,3.0,1.5875927774020169,3.2477224899498403,0.5256254209608248,1.5875927774020169,3.6709882920440675
USDJPY,2024-12-17,154.076,154.34,153.155,153.412,2640,9210,0.1713440120460097,-0.5977569511150291,-0.4309561515096363,0.5911834002514279,6.0,2.0,0.0,4.0,0.6320675635860576,-0.13607863415186164,-0.05752731998637556,0.6320675635860576,-0.49117962723089337
USDJPY,2024-12-18,153.416,154.87,153.33,154.815,14540,860,0.9477499087448557,-0.0560567346300153,0.9118996714814628,0.6171552738869421,6.0,0.0,2.0,3.0,1.3547125814106369,2.512850389240202,0.20593871978886064,1.3547125814106369,2.1350615262930415
USDJPY,2024-12-19,154.785,157.807,154.428,157.417,30220,3570,1.952385567076908,-0.2306425041186157,1.7004231676196049,0.7075935799005032,1.0,4.0,3.0,2.0,1.3391941993907892,-2.7021901711986263,0.019967947035172438,1.3391941993907892,-1.945380159658972
USDJPY,2024-12-20,157.375,157.925,155.947,156.407,5500,14280,0.3494837172359087,-0.9073868149324844,-0.6150913423351798,0.7265394699234415,4.0,1.0,1.0,5.0,1.1048747591760557,-5.352257471162659,-0.42068033311813785,1.1048747591760557,-5.352257471162659
USDJPY,2024-12-23,156.345,157.267,156.329,157.096,9220,160,0.589721449358788,-0.0102337778630535,0.4803479484473471,0.7313994031149368,3.0,0.0,4.0,0.0,1.2165748102001224,-4.2802189064098926,-0.5350273633012366,1.2165748102001224,-4.2802189064098926
USDJPY,2024-12-24,157.089,157.393,156.884,157.145,3040,2050,0.1935208703346523,-0.1304992711138351,0.0356485813774431,0.7048623683812244,3.0,0.0,1.0,1.0,0.171586279993016,0.4604072644002679,0.15799838609832095,0.171586279993016,0.4604072644002679
USDJPY,2024-12-25,157.111,157.354,156.96,157.192,2430,1510,0.1546677190012306,-0.0961103932888098,0.0515559063337495,0.6182266167312555,5.0,0.0,0.0,1.0,0.082291250060236,0.082291250060236,0.082291250060236,0.082291250060236,0.082291250060236
USDJPY,2024-12-26,157.201,158.084,157.061,157.932,8830,1400,0.5617012614423634,-0.0890579576465711,0.4650097645689242,0.6204872470413985,3.0,1.0,0.0,0.0,0.026135043740787,0.078405131222361,0.026135043740787,0.026135043740787,0.078405131222361
USDJPY,2024-12-27,157.931,157.987,157.344,157.772,560,5870,0.0354585230258677,-0.3716813038605577,-0.1006768778770603,0.5332673299379684,1.0,0.0,2.0,7.0,1.8178465666638093,-2.916513266851118,-0.2638624862265144,1.8178465666638093,-3.101820151766308
USDJPY,2024-12-30,157.724,158.075,156.666,156.85,3510,10580,0.2225406406127153,-0.6707920164337658,-0.5541325353148508,0.5611536610691032,4.0,0.0,2.0,1.0,0.7823516180302312,-1.6736312788165177,-0.29561618625158825,0.7823516180302312,-1.7622090853120094
USDJPY,2024-12-31,156.821,157.549,156.014,157.21,7280,8070,0.4642235414899845,-0.5145994477780322,0.2480535132412177,0.5583564420443154,3.0,0.0,1.0,1.0,0.2703120605840755,-0.5207873646347683,-0.19777485630471092,0.2703120605840755,-0.5207873646347683
USDJPY,2025-01-01,157.17,157.268,157.08,157.247,980,900,0.062352866323098,-0.057262836419148,0.0489915378253016,0.5524656939805912,3.0,0.0,0.0,0.0,0.0,0.0,0.0,0.0,0.0
USDJPY,2025-01-02,157.194,157.852,156.43,157.446,6580,7640,0.4185910403705075,-0.4860236395791071,0.1603114622695583,0.5364304109154204,3.0,1.0,2.0,1.0,2.476692247855414,3.4662352870524433,0.4557643810394152,2.2756660875386747,3.064182966418965
USDJPY,2025-01-03,157.48,157.564,156.87,157.273,840,6100,0.0533401066802153,-0.38735077470154,-0.1314452628905217,0.5393313179111588,4.0,1.0,1.0,2.0,0.6896710617462212,3.0727306599017234,0.31852147994735314,0.6896710617462212,3.0727306599017234
USDJPY,2025-01-06,157.177,157.961,156.236,157.55,7840,9410,0.4988007151173647,-0.5986881032212108,0.2373120749219153,0.5235520992310382,4.0,0.0,1.0,1.0,2.6549653934733017,-5.8405304564275715,-1.5927825314771344,2.570805693398577,-5.672211056278121
USDJPY,2025-01-07,157.552,158.427,157.362,158.012,8750,1900,0.5553721945770286,-0.1205951051081533,0.2919670965776429,0.5201039944526857,4.0,2.0,0.0,4.0,1.4996718551553825,3.1522279484577136,0.022755015630501415,1.4996718551553825,3.3677656810251366
USDJPY,2025-01-08,158.034,158.554,157.898,158.335,5200,1360,0.3290431173038778,-0.0860574306794713,0.1904653429009049,0.5195021357576787,3.0,2.0,1.0,4.0,0.6050697793481665,-1.014364480443243,0.051429568537768575,0.9829448274062992,-0.7691203460882022
USDJPY,2025-01-09,158.301,158.398,157.572,158.109,970,7290,0.0612756710317739,-0.4605150946614267,-0.1212879261659616,0.5244840325043312,2.0,0.0,0.0,4.0,0.2474935003310669,-0.6534395358680115,-0.16335988396700288,0.3264509564946495,-0.7389278683790756
USDJPY,2025-01-10,158.052,158.879,157.221,157.657,8270,8310,0.5232455141345875,-0.5257763267785216,-0.2499177485890604,0.5176163543558706,3.0,3.0,2.0,2.0,1.2486729111119916,-1.9116803092825003,-0.12996558696960037,1.2486729111119916,-1.608471796296523
USDJPY,2025-01-13,157.725,157.964,156.908,157.459,2390,8170,0.1515295609446849,-0.5179901727690647,-0.1686479632271302,0.5203961974357401,4.0,0.0,0.0,0.0,0.0,0.0,0.0,0.0,0.0
USDJPY,2025-01-14,157.452,158.198,157.032,157.948,7460,4200,0.4737951883748757,-0.2667479612834308,0.3150166399918764,0.5051508206633729,0.0,2.0,0.0,5.0,1.649795953761134,-2.101509903632855,0.010318282137022029,1.649795953761134,-2.2789424913660152
USDJPY,2025-01-15,157.953,158.082,155.935,156.435,1290,20180,0.0816698638202444,-1.2775952340253118,-0.9610453742568996,0.5313130246562227,0.0,3.0,2.0,3.0,7.132892990351471,-13.32269562855148,-0.6389620076707279,7.132892990351471,-12.841117146980597
USDJPY,2025-01-16,156.421,156.528,155.083,155.106,1070,13380,0.0684051374176097,-0.8553838678949719,-0.8406799598519367,0.409889107300696,6.0,3.0,1.0,5.0,2.5086181398085543,1.6007995359158431,-0.11611233197257759,2.5086181398085543,1.1918588207333292
USDJPY,2025-01-17,155.169,156.374,154.973,156.266,12050,1960,0.7765726401536286,-0.1263138900166901,0.7069711089199389,0.4222315697764232,1.0,0.0,1.0,3.0,1.9103730028078525,3.807113787862832,0.9687623691687244,1.9103730028078525,3.7877513155578866
USDJPY,2025-01-20,156.269,156.581,155.405,155.55,3120,8640,0.1996557218642106,-0.5528927682393848,-0.4601040513473524,0.4188840488714811,2.0,0.0,0.0,3.0,1.4493216576131784,-1.4140619664472267,-0.47135398881574225,1.4493216576131784,-1.4140619664472267
USDJPY,2025-01-21,155.637,156.235,154.898,155.156,5980,7390,0.3842274009393738,-0.4748228249066766,-0.3090524746686164,0.4226032023426603,6.0,0.0,0.0,0.0,0.0,0.0,0.0,0.0,0.0
USDJPY,2025-01-22,155.456,156.708,155.35,156.494,12520,1060,0.805372581309187,-0.068186496500614,0.6677130506381298,0.4524939625037699,2.0,0.0,0.0,1.0,0.5305807178880775,-0.5305807178880775,-0.5305807178880775,0.5047512851854975,-0.5047512851854975
USDJPY,2025-01-23,156.486,156.751,155.738,156.025,2650,7480,0.169344222486366,-0.4779980317728042,-0.294595043646067,0.4406356583298611,3.0,1.0,1.0,2.0,0.500412098791282,1.9994001381274724,0.2118191854695635,0.500412098791282,2.134385574771907
USDJPY,2025-01-24,156.024,156.577,154.834,155.92,5530,11900,0.3544326513869643,-0.7627031738706851,-0.0666564118340854,0.4405613783137966,0.0,3.0,2.0,3.0,2.121948312009047,1.8866943492443369,0.02314787001675503,2.121948312009047,1.4214750631896873
USDJPY,2025-01-27,155.568,156.248,153.708,154.502,6800,18600,0.4371078885117623,-1.1956186362233965,-0.6852308958140507,0.4491213479047076,6.0,0.0,1.0,0.0,0.2541808861190734,0.5083617722381469,0.2541808861190734,0.2541808861190734,0.5083617722381469
USDJPY,2025-01-28,154.474,155.978,154.438,155.501,15040,360,0.9736266297241084,-0.0233048927327585,0.6648368010150675,0.4737055787227262,2.0,1.0,4.0,3.0,0.9135763239839771,-0.7821452188145365,-0.022802927435730713,0.9135763239839771,-0.7821452188145365
USDJPY,2025-01-29,155.573,155.792,154.934,155.191,2190,6390,0.140769927943791,-0.4107396527675175,-0.2455438925777641,0.4750342646540532,0.0,0.0,1.0,3.0,2.4190099593289376,-2.0834839346906797,-0.7186807118090828,2.4190099593289376,-2.842392340851172
USDJPY,2025-01-30,155.218,155.236,153.785,154.285,180,14330,0.0115965931786266,-0.9232176680539582,-0.6010900797587863,0.4864026724827047,5.0,3.0,2.0,1.0,0.963857822097158,-6.3893284867598625,-0.4034542403367669,0.963857822097158,-6.3893284867598625
USDJPY,2025-01-31,154.26,155.221,153.91,155.182,9610,3500,0.6229741994036126,-0.2268896667963142,0.5976922079605841,0.5108721132665472,3.0,2.0,2.0,6.0,1.125845586387808,3.954858202995769,0.06881872547438474,1.125845586387808,4.072999180840206
USDJPY,2025-02-03,154.766,155.887,154.004,154.689,11210,7620,0.7243192949355862,-0.492356202266648,-0.0497525296253687,0.5058926714935187,2.0,1.0,2.0,3.0,2.375102577513465,8.213209609577204,0.5076516873055108,2.181543968625682,7.649551113427953
USDJPY,2025-02-04,154.721,155.521,154.164,154.318,8000,5570,0.5170597397896749,-0.3600028438285794,-0.2604688439190488,0.4995010292254915,0.0,1.0,0.0,4.0,1.532095909375101,-5.450199810847808,-0.47720159841952114,1.532095909375101,-5.749195930800778
USDJPY,2025-02-05,154.307,154.459,152.109,152.597,1520,21980,0.0985049284867279,-1.4244331106171328,-1.1081804454755648,0.5412462227553245,0.0,2.0,2.0,2.0,0.5030701786833689,-1.1343096318864625,-0.061792655860632754,1.1555850613119292,-2.035784355269932
USDJPY,2025-02-06,152.606,152.897,151.233,151.334,2910,13730,0.1906871289464351,-0.8997025018675481,-0.8335189966318437,0.560710809328547,3.0,1.0,0.0,6.0,0.8721538298562718,2.4976745943305767,0.10762384780257617,0.8721538298562718,2.3870377814894415
USDJPY,2025-02-07,151.414,152.425,150.924,151.377,10110,4900,0.6677057603656361,-0.3236160460723452,-0.024436313683,0.5621122693822949,5.0,3.0,2.0,3.0,2.259463088357998,2.9835912826117,0.3076992000762807,2.259463088357998,3.291193089619643
USDJPY,2025-02-10,151.22,152.538,151.156,151.988,13180,640,0.8715778336198995,-0.0423224441211433,0.5078693294537764,0.5838944465607288,4.0,0.0,0.0,4.0,0.8828612113948948,-1.454531742120768,-0.363632935530192,0.8828612113948948,-1.5056439178802212
USDJPY,2025-02-11,151.988,152.606,151.645,152.47,6180,3430,0.4066110482406473,-0.225675711240354,0.3171302997605069,0.5839858967516652,6.0,0.0,0.0,1.0,1.0631003749102663,-1.0631003749102663,-1.0631003749102663,1.0631003749102663,-1.0631003749102663
USDJPY,2025-02-12,152.46,154.803,152.353,154.401,23430,1070,1.5367965367965295,-0.0701823429096151,1.2731208185753655,0.6349387049259656,0.0,3.0,1.0,3.0,1.3610857319567844,3.3723977973273396,0.11228030586727455,1.3610857319567844,3.5404379993916804
USDJPY,2025-02-13,154.409,154.669,152.697,152.784,2600,17120,0.1683839672558072,-1.1087436613150718,-1.0523997953487167,0.6503543261637409,2.0,3.0,0.0,4.0,0.618475282949955,-3.1460585853441545,-0.18034476312508568,0.8137772477231526,-3.43425630494835
USDJPY,2025-02-14,152.778,153.151,152.021,152.254,3730,7570,0.2441450994253222,-0.4954901883779111,-0.3429813192998998,0.6269021643674128,1.0,2.0,0.0,4.0,2.3875673154608643,-5.423046901205143,-0.5322901113218795,2.3875673154608643,-5.956721156944513
USDJPY,2025-02-17,152.204,152.391,151.329,151.483,1870,8750,0.1228614228272472,-0.5748863367585608,-0.4737063414890565,0.6273031940803495,4.0,0.0,0.0,4.0,0.9366497800007582,0.9797262822914221,0.24493157057285553,0.6905855337810065,0.5862904967342053
USDJPY,2025-02-18,151.485,152.221,151.226,152.049,7360,2590,0.4858566854804039,-0.1709740238307519,0.3723140905040056,0.6347230634896281,2.0,0.0,1.0,1.0,1.1847268224912273,-0.5409841721644466,-0.43142774866391853,1.1847268224912273,-0.5409841721644466
USDJPY,2025-02-19,152.022,152.313,151.242,151.452,2910,7800,0.1914196629435192,-0.5130836326321198,-0.3749457315388517,0.6123382815450725,0.0,0.0,0.0,5.0,1.214260933043266,-2.301922110184544,-0.46038442203690877,1.214260933043266,-2.080715849933629
USDJPY,2025-02-20,151.438,151.46,149.393,149.608,220,20450,0.014527397350744,-1.350387617374759,-1.208415325083522,0.6573863627348087,3.0,1.0,2.0,2.0,1.7739956863499162,-1.0894846164911156,-0.3713476429163691,1.6154201229682486,-0.9309090531094479
USDJPY,2025-02-21,149.578,150.736,148.922,149.262,11580,6560,0.7741780208319319,-0.4385671689687025,-0.2112610143202894,0.6568724234849092,4.0,2.0,2.0,3.0,2.5438925286055056,-9.081245048652642,-0.5580700682491455,2.5438925286055056,-9.045078332921356
USDJPY,2025-02-24,149.312,149.875,148.839,149.684,5630,4730,0.377062794684947,-0.3167863266180971,0.2491427346763727,0.6527828509697343,2.0,0.0,0.0,0.0,0.0,0.0,0.0,0.0,0.0
USDJPY,2025-02-25,149.687,150.301,148.562,149.023,6140,11250,0.4101892615925069,-0.7515682724618704,-0.4435922959241722,0.6273943426185067,3.0,0.0,3.0,2.0,1.0488298936012936,0.15317173535793444,0.015845534469316906,1.0488298936012936,0.15317173535793444
USDJPY,2025-02-26,149.023,149.887,148.615,149.076,8640,4080,0.5797762761452959,-0.2737832415130463,0.0355649799024293,0.6293635079387453,5.0,0.0,2.0,1.0,1.2185691283013174,-2.5383113170091454,-0.3836905101449947,1.2185691283013174,-2.5383113170091454
USDJPY,2025-02-27,149.052,150.163,148.741,149.801,11110,3110,0.7453774521643577,-0.2086520140621921,0.5025091914231243,0.6389546372446023,5.0,2.0,4.0,1.0,1.566224036425901,3.5872248013626282,0.13796297227120422,1.566224036425901,3.302925422550359
USDJPY,2025-02-28,149.77,150.99,149.094,150.545,12200,6760,0.8145823596180802,-0.451358750083472,0.5174601054950773,0.6344047961115739,0.0,1.0,2.0,7.0,1.6388429411606769,1.576520954695709,-0.01700561875546236,1.879106597360735,1.2759739694056749
USDJPY,2025-03-03,150.689,151.303,149.096,149.485,6140,15930,0.4074617258061334,-1.057144184379742,-0.7989966089097276,0.6512872890181961,3.0,1.0,2.0,3.0,2.295858697062624,6.0869080543659955,0.5180184052331992,2.1081250677294032,5.623398799504028
USDJPY,2025-03-04,149.472,149.877,148.093,149.801,4050,13790,0.2709537572254342,-0.9225808178120444,0.2201081138942272,0.6565360092725228,1.0,0.0,0.0,6.0,1.2544088656967125,0.7957691031094226,0.13262818385157044,0.9173422993551444,-0.04533431036593358
USDJPY,2025-03-05,149.754,150.184,148.382,148.863,4300,13720,0.2871375722852189,-0.916169184128628,-0.5949757602467989,0.6261904199401509,1.0,2.0,1.0,2.0,2.021983327056971,4.880124211364865,0.6237789537015419,2.121322273251584,5.078802103754091
USDJPY,2025-03-06,148.871,149.331,147.308,147.976,4600,15630,0.308992349080734,-1.049902264376552,-0.6011916357114617,0.6142635933481608,3.0,1.0,0.0,7.0,1.185239302284263,-2.176410998315796,0.024258450781591286,1.627660579559081,-3.5556929872075846
USDJPY,2025-03-07,147.948,148.2,146.943,148.018,2520,10050,0.1703301159866852,-0.6792927244707568,0.0473139211074115,0.6149777240668325,2.0,3.0,0.0,0.0,0.7958239954000302,0.7326061703076832,0.0814006855897426,0.7738080455465419,0.6665583207472183
USDJPY,2025-03-10,147.603,147.853,146.628,147.151,2500,9750,0.1693732512211811,-0.6605556797626219,-0.3062268382078942,0.5991556391476204,4.0,0.0,0.0,5.0,0.6121296852142869,-1.364195557340595,-0.272839111468119,0.6121296852142869,-1.4027268612069457
USDJPY,2025-03-11,147.14,148.125,146.538,147.708,9850,6020,0.6694304743781526,-0.4091341579447978,0.3860269131439527,0.6021352800628401,4.0,1.0,0.0,6.0,0.991697022096038,-0.15236630243262272,-0.2258919800278599,0.991697022096038,-0.3840671010259032
USDJPY,2025-03-12,147.722,149.199,147.714,148.197,14770,80,0.9998510716074814,-0.0054155779098643,0.3215499383977974,0.5160133733620733,2.0,3.0,0.0,5.0,0.9780647962958192,-8.391575776571191,-0.48424910856096903,0.9963316417276498,-9.110164426638919
USDJPY,2025-03-13,148.197,148.376,147.41,147.73,1790,7870,0.1207851710898345,-0.5310498862999967,-0.31512108882097,0.4757640334068017,6.0,3.0,0.0,2.0,0.7715919627522138,-4.904897659850227,-0.3836235432283889,0.7715919627522138,-5.190568364294748
USDJPY,2025-03-14,147.722,149.024,147.714,148.61,13020,80,0.8813853048293365,-0.0054155779098643,0.6011291479942088,0.5018333079433664,4.0,2.0,0.0,0.0,1.4733825632585382,-1.625232433633915,-0.270872072272319,1.4733825632585382,-1.625232433633915
USDJPY,2025-03-17,148.74,149.284,148.261,149.134,5440,4790,0.3657388732015481,-0.3220384563668236,0.2648917574290554,0.5003510640549304,3.0,2.0,1.0,2.0,1.7727769705532757,2.495361108362431,0.2780560139479575,1.7727769705532757,2.2005078042104187
USDJPY,2025-03-18,149.136,149.936,149.094,149.23,8000,420,0.5364231305653976,-0.028162214354684,0.0630297178414293,0.4907514196757612,2.0,0.0,0.0,6.0,1.2928002074767688,1.6622852097560266,0.27704753495933776,1.2928002074767688,1.6520581860495929
USDJPY,2025-03-19,149.23,150.147,148.593,148.798,9170,6370,0.6144877035448647,-0.4268578704013941,-0.2894860282784882,0.4884358234276633,3.0,2.0,0.0,4.0,0.5569449353934447,-2.3423148180958555,-0.1748165706094026,0.5569449353934447,-2.2158098602696494
USDJPY,2025-03-20,148.801,148.961,148.175,148.759,1600,6260,0.1075261590984099,-0.4206960974724473,-0.0282256167633292,0.4096135246664927,5.0,1.0,2.0,4.0,1.18325420766807,2.5137822300873447,0.14970109887678737,1.18325420766807,2.825539911283463
USDJPY,2025-03-21,148.758,149.662,148.577,149.275,9040,1810,0.6076984094973018,-0.1216741284502423,0.3475443337501148,0.4148353136114016,6.0,0.0,1.0,0.0,0.3278643827821145,-0.6557287655642291,-0.3278643827821145,0.3278643827821145,-0.6557287655642291
USDJPY,2025-03-24,149.362,150.757,149.346,150.663,13950,160,0.9339724963511538,-0.0107122293488244,0.8710381489267793,0.4551389629775467,1.0,2.0,0.0,1.0,1.7926796736149566,-1.7741736780716006,-0.28105632479959747,1.6709054122176183,-1.7398919142949705
USDJPY,2025-03-25,150.665,150.943,149.544,149.87,2780,11210,0.1845153154349185,-0.7440347791457744,-0.5276607042113215,0.4602004582717624,5.0,0.0,4.0,2.0,1.2185827720165587,-4.191819927549156,-0.3934176885996439,1.2185827720165587,-4.191819927549156
USDJPY,2025-03-26,149.871,150.745,149.838,150.503,8740,330,0.583168191311191,-0.0220189362852155,0.4216959918863399,0.4682191732083767,4.0,0.0,2.0,2.0,2.5961041829513998,4.2299825918319085,0.4217108841090389,2.5961041829513998,4.2299825918319085
USDJPY,2025-03-27,150.521,151.156,150.056,151.02,6350,4650,0.4218680449904128,-0.3089269935756306,0.3315152038586135,0.4611273476496715,0.0,2.0,2.0,3.0,1.4876596653051746,0.2918262825908602,0.13113641925682987,1.4876596653051746,1.0062602555711513
USDJPY,2025-03-28,151.031,151.208,149.68,149.83,1770,13510,0.1171944832517777,-0.894518343916149,-0.7952009852281938,0.4834535640428356,4.0,1.0,2.0,3.0,0.995349299757274,-0.11994227699718923,0.07245639121512448,0.995349299757274,-0.11994227699718923
USDJPY,2025-03-31,149.633,150.267,148.697,149.919,6340,9360,0.4237033274745451,-0.6255304645365708,0.1911343086083961,0.4488398120756932,2.0,0.0,0.0,4.0,0.6031179086342265,1.086835248867454,0.2717088122168635,0.6031179086342265,1.086835248867454
USDJPY,2025-04-01,149.887,150.14,148.97,149.63,2530,9170,0.1687938246812504,-0.6117942183111288,-0.1714625017513226,0.4486713771793808,0.0,2.0,2.0,7.0,1.6961629007001848,0.07671009570236854,0.0969237041941937,1.6961629007001848,-0.02560871625782246
USDJPY,2025-04-02,149.641,150.491,148.658,148.686,8500,9830,0.5680261425678943,-0.656905527228503,-0.6381940778262536,0.4518357547793923,0.0,1.0,0.0,3.0,0.5318694072992399,1.2278416782837034,0.08948631153374469,0.5318694072992399,1.2278416782837034
USDJPY,2025-04-03,148.68,148.702,145.182,145.934,220,34980,0.014796879203653,-2.3527037933817723,-1.846919558783972,0.60143390584705,5.0,2.0,1.0,4.0,1.0278858959378152,-4.5012679410213385,-0.2583507441829353,1.0278858959378152,-3.9771438391498943
USDJPY,2025-04-04,145.938,147.432,144.544,146.935,14940,13940,1.023722402664145,-0.9552001534898223,0.6831668242678495,0.623451123076442,6.0,3.0,0.0,1.0,0.7790465001452833,2.7139167306114027,0.17420687292234285,0.758568203199483,2.652481839774002
USDJPY,2025-04-07,145.587,148.149,144.813,147.705,25620,7740,1.7597725071606751,-0.5316408745286331,1.454800222547359,0.7007320956221227,0.0,0.0,0.0,2.0,0.2998867012508256,-0.009494404215341812,-0.004747202107670906,0.2998867012508256,-0.009494404215341812
USDJPY,2025-04-08,147.717,148.121,145.958,146.283,4040,17590,0.273495941563934,-1.1907904980469508,-0.9707751985215146,0.7330770226195709,5.0,0.0,0.0,5.0,1.5970267776922151,-2.6628245154752586,-0.5325649030950517,1.5970267776922151,-2.9349974843408555
USDJPY,2025-04-09,146.285,148.281,143.991,147.368,19960,22940,1.364459787401312,-1.5681717195884628,0.7403356461701462,0.7486089278128861,0.0,0.0,1.0,4.0,1.0798264049255843,0.7837741258846035,0.18122288423142816,1.0798264049255843,0.5588284695866759
USDJPY,2025-04-10,147.362,147.71,144.004,144.476,3480,33580,0.2361531466728282,-2.278742145193472,-1.9584424749935505,0.8679284721466628,1.0,4.0,1.0,4.0,1.4337483757117169,-8.431347690265328,-0.2815705426603877,1.4337483757117169,-8.66987284433849
USDJPY,2025-04-11,144.495,144.552,142.06,143.49,570,24350,0.0394477317554157,-1.6851794179729418,-0.6955257967403685,0.8641442377662619,2.0,4.0,0.0,1.0,2.8541399196437585,-11.44745116785073,-1.0989514449565383,2.9377965759113294,-11.698421136653444
USDJPY,2025-04-14,143.751,144.08,142.226,142.963,3290,15250,0.2288679730923664,-1.060862185306541,-0.5481700996862706,0.8638309937324238,3.0,0.0,0.0,1.0,0.1293053100416221,-0.1293053100416221,-0.1293053100416221,0.1293053100416221,-0.1293053100416221
USDJPY,2025-04-15,142.962,143.594,142.593,143.169,6320,3690,0.4420755165708405,-0.2581105468586056,0.1447937214085016,0.8651757986153045,1.0,0.0,1.0,1.0,0.8646772811257234,-0.416239150989332,-0.32022910802876386,0.8646772811257234,-0.416239150989332
USDJPY,2025-04-16,143.18,143.282,141.638,141.717,1020,15420,0.0712389998603183,-1.0769660567118324,-1.0217907528984451,0.8860023481627423,4.0,2.0,0.0,6.0,1.8415488308573345,4.145855189365777,0.09245876434152236,1.853548893469481,4.183047664243924
USDJPY,2025-04-17,141.744,143.087,141.609,142.43,13430,1350,0.9474827858674718,-0.0952421266508571,0.4839711028332819,0.8985670732276315,3.0,1.0,1.0,5.0,1.3984079536539205,-4.091220113664403,-0.3779826040759872,1.3984079536539205,-3.8857310185311498
USDJPY,2025-04-18,142.437,142.47,142.098,142.15,330,3390,0.0231681374923559,-0.2379999578761126,-0.2014925897063306,0.8901029641770993,1.0,0.0,0.0,1.0,0.1513058851250882,-0.1513058851250882,-0.1513058851250882,0.1513058851250882,-0.1513058851250882
USDJPY,2025-04-21,141.904,142.129,140.467,140.808,2250,14370,0.1585578982974365,-1.012656443792975,-0.7723531401510907,0.8611519507244508,6.0,0.0,0.0,1.0,1.095769339916186,-1.095769339916186,-1.095769339916186,1.0096007569049297,-1.0096007569049297
USDJPY,2025-04-22,140.8,142.558,139.882,142.551,17580,9180,1.248579545454532,-0.6519886363636408,1.2436079545454377,0.9236755156565808,4.0,0.0,1.0,1.0,0.8912955964937032,-1.9615927835021219,-0.5351485935042093,0.8912955964937032,-1.9615927835021219
USDJPY,2025-04-23,142.543,143.574,141.524,143.124,10310,10190,0.7232905158443458,-0.714872003535779,0.4075963042730887,0.9231842903419502,2.0,2.0,1.0,3.0,1.0889738948105874,-0.7016329677502845,-0.018498795451845514,1.0970670951027215,-0.7230301240929753
USDJPY,2025-04-24,143.15,143.338,142.274,142.676,1880,8760,0.1313307719175607,-0.6119455117010162,-0.331121201536862,0.9150743610420092,4.0,1.0,3.0,2.0,2.135985071715578,1.0317273434177268,0.1985122225296884,2.135985071715578,1.0317273434177268
USDJPY,2025-04-25,142.682,144.03,142.632,143.623,13480,500,0.9447582736434962,-0.0350429626722242,0.6595085574914864,0.925547407307311,1.0,0.0,2.0,1.0,1.2163784866584928,3.2414314542649096,0.45294442371662874,1.2163784866584928,3.2414314542649096
USDJPY,2025-04-28,143.605,143.894,141.954,142.065,2890,16510,0.2012464747049306,-1.14968141777792,-1.0723860589812275,0.9434568438103516,3.0,0.0,0.0,0.0,0.0,0.0,0.0,0.0,0.0
USDJPY,2025-04-29,142.069,142.757,141.968,142.264,6880,1010,0.4842717271185245,-0.0710922157543159,0.1372572482385472,0.94682160889081,4.0,1.0,2.0,3.0,1.4235415243210887,-6.529127948234954,-0.5499866259534393,1.4235415243210887,-6.661316167201477
USDJPY,2025-04-30,142.268,143.19,142.154,142.95,9220,1140,0.6480726516152593,-0.0801304580088314,0.4793769505440352,0.952875340950006,6.0,4.0,2.0,7.0,3.764301990517216,-5.738581928045962,-0.09689283544205848,3.764301990517216,-5.738581928045962
USDJPY,2025-05-01,142.951,145.741,142.875,145.281,27900,760,1.9517177214570167,-0.0531650705486449,1.6299291365572908,0.9439635739842732,3.0,3.0,1.0,7.0,1.575309299489831,-0.8296980116905732,-0.22328575946179827,2.0093440826100406,-2.2186401059276353
USDJPY,2025-05-02,145.283,145.924,143.725,144.918,6410,15580,0.4412078495075264,-1.0723897496610015,-0.251233798861519,0.9327103376326052,1.0,3.0,0.0,3.0,1.5988927906576578,0.9251662970859136,0.34516977679009336,1.5988927906576578,0.711183188829618
USDJPY,2025-05-05,144.862,144.989,143.535,143.7,1270,13270,0.0876696442131197,-0.9160442352031576,-0.8021427289420319,0.8796392781132741,1.0,1.0,0.0,1.0,1.1822860399231785,-0.3226178975705031,-0.44786499623614334,1.0933466931815812,-0.23367855082890576
USDJPY,2025-05-06,143.695,144.275,142.347,142.416,5800,13480,0.4036326942482428,-0.9380980549079544,-0.8900796826611896,0.875780310140409,5.0,0.0,0.0,3.0,0.3804779240265971,-0.7776884474484539,-0.25922948248281796,0.6097329722976922,-1.5097303287364974
USDJPY,2025-05-07,142.42,143.999,142.389,143.763,15790,310,1.1086925993540289,-0.0217666058137743,0.9429855357393748,0.8874850467145873,6.0,1.0,0.0,1.0,0.3526637628424595,-0.9452069800478858,-0.1199397271814834,0.3526637628424595,-0.9452069800478858
USDJPY,2025-05-08,143.762,146.177,143.44,145.91,24150,3220,1.679859768228038,-0.2239813024304077,1.494136141678605,0.8460415218327675,2.0,1.0,0.0,7.0,0.7158672795617134,-3.605161223055795,-0.2752605901728308,0.7158672795617134,-3.5091229582051575
USDJPY,2025-05-09,145.917,146.187,144.82,145.323,2700,10970,0.1850366989452978,-0.7517972546036503,-0.4070807376796357,0.8350174763838789,6.0,0.0,0.0,3.0,0.5082652330732577,-0.21118542077291164,-0.07039514025763721,0.5082652330732577,-0.21118542077291164
USDJPY,2025-05-12,146.141,148.651,145.694,148.35,25100,4470,1.717519381966744,-0.3058689895375033,1.5115539102647466,0.8809992377297026,2.0,0.0,0.0,5.0,2.08410034601092,1.833742610592875,0.366748522118575,2.08410034601092,1.7804021152355953
USDJPY,2025-05-13,148.32,148.456,147.369,147.453,1360,9510,0.0916936353829528,-0.6411812297734584,-0.5845469255663365,0.897014079086024,2.0,3.0,0.0,4.0,2.847699221816164,7.840861722422709,0.262762119029339,2.847699221816164,8.247964665199916
USDJPY,2025-05-14,147.472,147.67,145.601,146.63,1980,18710,0.1342627753064846,-1.2687154171639423,-0.5709558424650191,0.8717826418233954,1.0,0.0,0.0,2.0,0.5112652877235904,0.24074761725389476,0.12037380862694738,0.5112652877235904,0.24074761725389476
USDJPY,2025-05-15,146.624,146.752,145.409,145.592,1280,12150,0.0872981230903633,-0.8286501527717177,-0.7038411174159634,0.8885147678046352,3.0,5.0,2.0,6.0,1.7190827277841398,-7.508143176638272,-0.31835138090422227,1.7190827277841398,-8.042414399947713
USDJPY,2025-05-16,145.567,146.103,144.916,145.581,5360,6510,0.3682153235279983,-0.447216745553601,0.0096175644204947,0.8860459217939983,2.0,2.0,0.0,6.0,0.9618797053025064,0.8079124090173653,-0.02501136056765326,0.8917058436415897,1.222040564711288
USDJPY,2025-05-19,145.423,145.451,144.656,144.854,280,7670,0.0192541757493598,-0.5274268857058346,-0.3912723571924581,0.8701061652236372,3.0,0.0,0.0,2.0,0.5382473271086199,-0.6166771473742105,-0.30833857368710527,0.5382473271086199,-0.6391190349185715
USDJPY,2025-05-20,144.854,145.514,144.088,144.474,6600,7660,0.4556311872644156,-0.5288083173402319,-0.2623331078189237,0.832611715330393,2.0,0.0,0.0,0.0,0.0,0.0,0.0,0.0,0.0
USDJPY,2025-05-21,144.472,144.49,143.278,143.648,180,11940,0.0124591616368574,-0.8264577219115239,-0.5703527327094609,0.8392111617578311,3.0,0.0,0.0,2.0,0.0923548148442316,-0.12161003545057959,-0.060805017725289796,0.0727091673623931,0.04345394675604511
USDJPY,2025-05-22,143.636,144.398,142.798,144.029,7620,8380,0.5305076721713223,-0.5834191985296123,0.2736082876159185,0.8374941809656691,0.0,3.0,1.0,3.0,1.5713487904735206,7.471768643905521,0.44460693642609506,1.4997142533563643,7.379526323552422
USDJPY,2025-05-23,144.068,144.07,142.418,142.55,20,16500,0.0013882333342457,-1.1452925007635322,-1.0536691007024463,0.857268655588734,3.0,0.0,1.0,1.0,1.0229475914961934,1.9316096280211912,0.4543310182624989,1.0229475914961934,1.9316096280211912
USDJPY,2025-05-26,142.476,143.08,142.222,142.74,6040,2540,0.4239310480361699,-0.1782756394059285,0.1852943653668056,0.8241271238732151,6.0,0.0,0.0,0.0,0.0,0.0,0.0,0.0,0.0
USDJPY,2025-05-27,142.74,144.46,142.11,144.263,17200,6300,1.204988090233991,-0.4413619167717496,1.066974919433933,0.8573065416621941,4.0,0.0,3.0,4.0,2.399807220233729,4.770748410998107,0.29907185752074866,2.399807220233729,4.770748410998107
USDJPY,2025-05-28,144.263,145.077,143.847,144.791,8140,4160,0.5642472428827856,-0.2883622273209325,0.365998211599642,0.8547257069357219,2.0,0.0,1.0,0.0,0.1533873597112951,0.3067747194225902,0.1533873597112951,0.1533873597112951,0.3067747194225902
USDJPY,2025-05-29,144.813,146.287,143.956,144.12,14740,8570,1.0178644182497552,-0.591797697720508,-0.4785481966397931,0.775951217268254,3.0,2.0,2.0,3.0,1.005652975602462,1.9881872415364468,0.0481818000220604,1.8151567357739848,7.501243660861292
USDJPY,2025-05-30,144.125,144.443,143.43,144.021,3180,6950,0.2206418039896007,-0.4822202948829094,-0.0721595836947187,0.7746093552313497,1.0,1.0,2.0,10.0,3.1181947649780417,-1.350835471113299,-0.15749001681678926,3.5727711514864144,-1.0010769039128178
USDJPY,2025-06-02,143.805,143.986,142.535,142.671,1810,12700,0.1258648864782053,-0.8831403636869443,-0.7885678522999997,0.7739183354708424,5.0,1.0,1.0,4.0,4.304594939380937,3.6863322865397876,0.6700665106016079,4.304594939380937,3.7897132681710533
USDJPY,2025-06-03,142.662,144.109,142.372,143.941,14470,2900,1.0142855140121425,-0.203277677307196,0.8965246526755523,0.7744915215960958,1.0,1.0,0.0,4.0,0.6185382719502521,2.568881857312796,0.2663610626824583,0.6185382719502521,2.1067896106222173
USDJPY,2025-06-04,143.943,144.395,142.6,142.734,4520,13430,0.3140131857749235,-0.9330082046365696,-0.8399158000041704,0.7680506713316811,4.0,2.0,0.0,3.0,2.073795362160324,-2.1997625608198192,-0.06638377748552375,2.173302466630727,-2.1002554563494162
USDJPY,2025-06-05,142.734,143.977,142.52,143.5,12430,2140,0.8708506732803641,-0.1499292390040205,0.5366626031639211,0.6931931427511844,6.0,1.0,0.0,7.0,2.0446531952644724,-1.1367503528508178,-0.2886420127629217,2.944919554962734,1.6261326550963846
USDJPY,2025-06-06,143.47,145.08,143.3,144.85,16100,1700,1.1221858228201114,-0.1184916707325486,0.9618735624172268,0.7273801616444175,3.0,3.0,0.0,2.0,2.022634314496593,-0.8190896675900172,-0.3566036608096008,2.022634314496593,-0.6960062095047446
USDJPY,2025-06-09,144.8,144.94,143.96,144.58,1400,8400,0.0966850828729187,-0.5801104972375714,-0.1519337016574577,0.6311214297441075,3.0,0.0,0.0,6.0,1.659094091907017,1.7652241208864794,0.29420402014774655,0.910801168848852,0.9692374150513531
USDJPY,2025-06-10,144.54,145.29,144.38,144.83,7500,1600,0.518887505188875,-0.1106960011069576,0.2006365020063792,0.6243401173502467,3.0,0.0,0.0,3.0,1.696488544415198,2.953137787910455,0.9843792626368183,1.696488544415198,2.953137787910455
USDJPY,2025-06-11,144.83,145.46,144.31,144.54,6300,5200,0.4349927501208281,-0.3590416350203757,-0.2002347579921428,0.6140820269065876,1.0,3.0,0.0,4.0,0.9780647962958192,-5.877322937412794,-0.3914240063862609,0.9780647962958192,-5.486066492326698
USDJPY,2025-06-12,144.53,144.56,143.16,143.47,300,13700,0.0207569362762064,-0.947900089946727,-0.7334117484259339,0.6157704386030193,4.0,3.0,0.0,3.0,0.6752963222723527,3.131957775420364,0.09372782291747357,0.6629926098114587,3.103009994381864
USDJPY,2025-06-13,143.46,144.48,142.78,144.09,10200,6800,0.7109995817649392,-0.4739997211766393,0.4391468005018789,0.6254564154825643,5.0,2.0,0.0,2.0,2.505727990759568,1.7580559413708268,0.21034099730802983,2.505727990759568,1.7580559413708268
USDJPY,2025-06-16,143.88,144.87,143.63,144.72,9900,2500,0.6880733944954192,-0.1737559077008618,0.5838198498748981,0.6338256661996033,4.0,0.0,1.0,0.0,0.0722669464020231,0.1445338928040463,0.0722669464020231,0.0722669464020231,0.1445338928040463
USDJPY,2025-06-17,144.72,145.37,144.38,145.25,6500,3400,0.449143173023774,-0.234936428966282,0.3662244333886132,0.6347780709800034,3.0,3.0,0.0,5.0,2.344029571585861,-12.033610114404356,-0.828989181060549,2.6514742598591177,-12.947900305733535
USDJPY,2025-06-18,145.18,145.44,144.32,145.1,2600,8600,0.1790880286540783,-0.5923680947789045,-0.05510400881665,0.618549911754166,4.0,2.0,0.0,6.0,1.1526103432442998,-3.9966835691357,-0.3610369340281815,1.1526103432442998,-3.8435009534527342
USDJPY,2025-06-19,145.12,145.76,144.73,145.45,6400,3900,0.441014332965812,-0.2687431091510576,0.2273980154354906,0.6178555394152719,4.0,0.0,0.0,1.0,0.433273871011149,-0.433273871011149,-0.433273871011149,0.433273871011149,-0.433273871011149
USDJPY,2025-06-20,145.45,146.21,145.1,146.07,7600,3500,0.5225163286352832,-0.2406325197662388,0.4262633207287759,0.5619284567735456,3.0,0.0,1.0,2.0,0.4544623090751971,0.011022025163002186,0.05019338517283616,0.3751292226683702,-0.06831106124382472
USDJPY,2025-06-23,145.92,148.02,145.88,146.14,21000,400,1.439144736842121,-0.0274122807017489,0.1507675438596483,0.5618571550658926,0.0,2.0,1.0,1.0,0.8215274080245027,1.2798717739750822,0.27317603550450464,1.2617058535722758,1.7454718930643007
USDJPY,2025-06-24,146.14,146.18,144.49,144.91,400,16500,0.0273710140960862,-1.1290543314629653,-0.841658683454215,0.5591233822789919,4.0,0.0,2.0,4.0,0.9322376220569342,-2.1136784725298665,-0.2166530283127709,2.512069545065626,-4.465555372968064
USDJPY,2025-06-25,144.94,145.94,144.58,145.25,10000,3600,0.6899406651028012,-0.2483786394369982,0.2138816061818699,0.5556177649956662,1.0,0.0,1.0,2.0,1.5562168760542487,-3.234875094574282,-0.5595527395066778,1.5562168760542487,-3.234875094574282
USDJPY,2025-06-26,145.19,145.26,143.73,144.37,700,14600,0.0482126868241567,-1.00557889661823,-0.5647771885116007,0.5601861357774094,3.0,2.0,4.0,3.0,2.8227864786000887,-6.214935755151432,-0.27710296606740703,4.061298650163375,-10.077629928214806
USDJPY,2025-06-27,144.37,144.94,144.17,144.65,5700,2000,0.3948188681859064,-0.1385329362055946,0.1939461106878168,0.5605977323762037,2.0,1.0,2.0,5.0,1.125845586387808,0.3581839737772643,-0.1687898341216747,1.125845586387808,0.25336615446937283
USDJPY,2025-06-30,144.43,144.76,143.76,144.01,3300,6700,0.2284843869002174,-0.4638925431004749,-0.2907983106003018,0.5316613977269471,1.0,0.0,0.0,3.0,0.2364888406466081,0.1838461775308382,0.06128205917694607,0.2364888406466081,0.1838461775308382
USDJPY,2025-07-01,144.01,144.06,142.66,143.43,500,13500,0.0347198111242353,-0.9374349003541382,-0.4027498090410278,0.5048219288279169,4.0,2.0,1.0,9.0,1.7979743835670696,3.7341630098924288,0.053453466891712986,1.6468387341680673,4.029985662780675
USDJPY,2025-07-02,143.41,144.24,143.31,143.67,8300,1000,0.5787601980336187,-0.0697301443413948,0.1812983752876305,0.4642398781005345,6.0,1.0,0.0,3.0,1.2375810082777043,-3.4918762756941852,-0.2541785647846941,1.2375810082777043,-3.4918762756941852
USDJPY,2025-07-03,143.67,145.23,143.42,144.92,15600,2500,1.085821674671123,-0.1740098837613976,0.8700494188069883,0.4875769775330151,2.0,4.0,1.0,5.0,0.6333308450245435,-4.106799731636201,-0.19269066041070967,0.8415015117689021,-4.68154628684079
USDJPY,2025-07-04,144.91,144.96,144.15,144.55,500,7600,0.0345041750051834,-0.5244634600786633,-0.2484300600372543,0.4454890157336927,6.0,0.0,0.0,1.0,5.650425679104291,5.650425679104291,5.650425679104291,5.650425679104291,5.650425679104291
USDJPY,2025-07-07,144.37,146.24,144.2,146.02,18700,1700,1.295282953522203,-0.1177529957747564,1.1428967236960623,0.5090172958711695,4.0,0.0,0.0,2.0,0.5763927463578583,-0.2592282899944592,-0.1296141449972296,0.5763927463578583,-0.2592282899944592
USDJPY,2025-07-08,146.01,146.97,145.82,146.55,9600,1900,0.6574892130676036,-0.1301280734196272,0.369837682350538,0.5124704737488442,3.0,0.0,0.0,4.0,0.538607995191516,0.4496933609789049,0.11242334024472622,0.538607995191516,0.37744717687972085
USDJPY,2025-07-09,146.55,147.18,146.23,146.31,6300,3200,0.4298874104401197,-0.218355510064839,-0.1637666325486244,0.5114419806925649,3.0,0.0,0.0,6.0,4.0673691181011264,3.3431242018745766,0.5571873669790961,4.0673691181011264,3.2211484532024315
USDJPY,2025-07-10,146.31,146.78,145.73,146.25,4700,5800,0.3212357323491209,-0.3964185633244566,-0.0410088168956341,0.4746511914864803,6.0,1.0,0.0,3.0,0.3633217881019686,-1.1980901714026757,-0.18732795399667346,0.3633217881019686,-1.1559253235795761
USDJPY,2025-07-11,146.25,147.51,146.11,147.4,12600,1400,0.8615384615384554,-0.0957264957264864,0.7863247863247902,0.4926421691816923,4.0,0.0,0.0,1.0,0.6345681616880007,0.6345681616880007,0.6345681616880007,0.6345681616880007,0.6345681616880007
USDJPY,2025-07-14,147.18,147.78,146.84,147.7,6000,3400,0.4076640847941257,-0.2310096480500091,0.3533088734882333,0.4844695714007068,6.0,0.0,0.0,3.0,0.5255031150341287,-0.1753513514003602,-0.058450450466786735,0.5255031150341287,-0.1753513514003602
USDJPY,2025-07-15,147.71,149.01,147.53,148.86,13000,1800,0.8801029043395727,-0.1218604021393316,0.7785525692234823,0.5032931044045741,0.0,3.0,1.0,0.0,1.3610857319567844,10.08557774624801,0.866256370047302,1.3610857319567844,10.836003470396056
USDJPY,2025-07-16,148.89,149.18,146.9,147.86,2900,19900,0.1947746658607163,-1.3365571898717046,-0.6917858821948907,0.5362900266422966,5.0,2.0,0.0,3.0,0.68217915538769,-4.34265346555241,-0.32518507917927686,0.7219263077742291,-4.4665001318963
USDJPY,2025-07-17,147.83,149.09,147.71,148.6,12600,1200,0.8523303794899485,-0.0811743218561892,0.5208685652438488,0.5432811499269811,3.0,3.0,1.0,5.0,0.8643231381631519,4.7541225834576295,0.2554055506003736,0.8643231381631519,4.645370281310988
USDJPY,2025-07-18,148.6,148.88,148.16,148.81,2800,4400,0.1884253028263803,-0.296096904441452,0.14131897711979,0.5390198477465686,1.0,0.0,2.0,4.0,2.668446495532294,1.440556372102936,0.37226427424683983,2.668446495532294,1.440556372102936
USDJPY,2025-07-21,148.07,148.66,147.06,147.38,5900,10100,0.3984601877490399,-0.6821098129263126,-0.4659958127912458,0.5547551396092394,1.0,0.0,0.0,1.0,0.0346079041400309,0.0346079041400309,0.0346079041400309,9.818653393484868e-05,9.818653393484868e-05
USDJPY,2025-07-22,147.31,147.94,146.3,146.63,6300,10100,0.4276695404249511,-0.6856289457606346,-0.4616115674428123,0.526897952395825,3.0,0.0,1.0,0.0,0.730834089794117,-1.461668179588234,-0.730834089794117,0.730834089794117,-1.461668179588234
USDJPY,2025-07-23,146.6,147.21,146.09,146.49,6100,5100,0.416098226466585,-0.3478854024556554,-0.0750341064119953,0.5278904054506199,4.0,0.0,1.0,2.0,0.488997469070793,-1.267327272957667,-0.2594432679622914,0.488997469070793,-1.267327272957667
USDJPY,2025-07-24,146.46,147.02,145.82,147.0,5600,6400,0.382356957531068,-0.4369793800355146,0.3687013519049515,0.5071959103172132,5.0,3.0,1.0,2.0,2.1137190117997955,-5.248208440681371,-0.403407616266972,1.9734871679720292,-5.430507792742942
USDJPY,2025-07-25,147.0,147.94,146.8,147.66,9400,2000,0.6394557823129237,-0.1360544217686997,0.4489795918367323,0.5117221180565471,5.0,0.0,3.0,1.0,0.6087107865103576,-2.6282229856349475,-0.3831044249197323,0.6087107865103576,-2.6282229856349475
USDJPY,2025-07-28,147.74,148.57,147.49,148.53,8300,2500,0.5617977528089779,-0.169216190605117,0.5347231623121647,0.5070544609613045,3.0,0.0,0.0,0.0,0.0,0.0,0.0,0.0,0.0
USDJPY,2025-07-29,148.51,148.8,148.13,148.44,2900,3800,0.1952730455861696,-0.2558750252508218,-0.0471348730725157,0.4908815303123642,6.0,1.0,1.0,4.0,0.987582599106788,0.05195793485244593,0.20875463727702626,0.987582599106788,0.13374057671639594
USDJPY,2025-07-30,148.49,149.53,147.78,149.5,10400,7100,0.7003838642332763,-0.4781466765438803,0.6801804835342385,0.5016308871376828,6.0,3.0,2.0,1.0,3.1218189545580275,15.450779475037098,0.8534189113545123,3.1218189545580275,15.450779475037098
USDJPY,2025-07-31,149.5,150.83,148.57,150.74,13300,9300,0.8896321070234198,-0.6220735785953223,0.8294314381270964,0.4990214639794679,0.0,4.0,0.0,9.0,6.248862198228656,12.453748701325239,0.9344336097577984,6.248862198228656,11.984580775363101
USDJPY,2025-08-01,150.74,150.91,147.28,147.36,1700,34600,0.1127769669629743,-2.2953429746583573,-2.242271460793416,0.7415438809214835,3.0,4.0,2.0,6.0,1.0714905980407463,3.86024168967319,0.22211991365968095,1.0714905980407463,3.55754694381365
USDJPY,2025-08-04,147.26,148.08,146.85,147.08,8200,4100,0.556838245280471,-0.2784191226402259,-0.1222327855493538,0.704368306077123,4.0,0.0,0.0,2.0,0.4803783656274029,-0.37592878467133406,-0.18796439233566703,0.4803783656274029,-0.37592878467133406
USDJPY,2025-08-05,147.09,147.83,146.6,147.6,7400,4900,0.5030933442110335,-0.3331293765721729,0.3467264939832694,0.7038780555987726,3.0,1.0,0.0,4.0,0.6592486841850013,0.1323671610222118,0.14631192888744096,0.9287755271424228,1.0459071718658273
USDJPY,2025-08-06,147.57,147.88,146.95,147.35,3100,6200,0.2100697973842937,-0.4201395947685875,-0.1490817916920775,0.7036246865901178,3.0,0.0,0.0,3.0,0.3452763919728833,-0.1608662848262658,-0.053622094942088604,0.5237486207262736,-0.33933851357965616
USDJPY,2025-08-07,147.35,147.71,146.66,147.1,3600,6900,0.2443162538174507,-0.4682728198167613,-0.169664065151001,0.7053237613771093,4.0,1.0,0.0,7.0,0.8030222856791884,1.3052095810458644,0.02216158310544717,0.92184328158993,1.389152503534411
USDJPY,2025-08-08,147.11,147.9,146.71,147.72,7900,4000,0.5370131194344313,-0.2719053769288326,0.4146556998164538,0.6901404625686688,4.0,0.0,0.0,5.0,0.6173755805644352,0.1278091947194825,0.0255618389438965,0.6173755805644352,0.07999651265226501
USDJPY,2025-08-11,147.44,148.25,147.33,148.14,8100,1100,0.5493760173629967,-0.0746066196418782,0.4747693977210991,0.6934797039617313,3.0,0.0,0.0,1.0,0.4470025658550411,-0.4470025658550411,-0.4470025658550411,0.4470025658550411,-0.4470025658550411
USDJPY,2025-08-12,148.13,148.52,147.56,147.83,3900,5700,0.2632822520758893,-0.3847971376493574,-0.2025248092891264,0.6740847919714124,2.0,3.0,0.0,3.0,3.997388634807387,-2.5148125352897437,-0.378336604119154,3.997388634807387,-2.4242845883765485
USDJPY,2025-08-13,147.73,148.16,147.07,147.38,4300,6600,0.2910715494483225,-0.44676098287416,-0.2369187030393246,0.6567296501171153,4.0,0.0,0.0,3.0,3.9697463778130633,4.029746438517041,1.3432488128390137,3.9697463778130633,4.029746438517041
USDJPY,2025-08-14,147.36,147.95,146.19,147.76,5900,11700,0.4003800217155095,-0.7939739413680889,0.2714440825189856,0.6492308537765608,2.0,3.0,0.0,2.0,3.3029708032543046,1.9486638334066217,0.5657046034096843,3.3029708032543046,1.862354504157779
USDJPY,2025-08-15,147.74,147.86,146.73,147.18,1200,10100,0.0812237714904592,-0.6836334100446861,-0.3790442669554638,0.6543896387641533,5.0,4.0,1.0,7.0,2.4716227623655027,0.4899705607875501,0.09008780226316375,2.4716227623655027,0.10318567667966969
USDJPY,2025-08-18,147.05,147.98,147.02,147.86,9300,300,0.6324379462767619,-0.0204012240734451,0.5508330499830005,0.6565201110101263,3.0,0.0,0.0,2.0,0.3222117628123522,0.06954697763913958,0.03477348881956979,0.3222117628123522,0.06954697763913958
USDJPY,2025-08-19,147.66,148.11,147.43,147.66,4500,2300,0.3047541649735995,-0.1557632398753825,0.0,0.6459213656337768,3.0,0.0,0.0,2.0,0.6566059175705299,-0.0765119617644493,-0.03825598088222465,0.6566059175705299,-0.0765119617644493
USDJPY,2025-08-20,147.57,147.81,146.85,147.32,2400,7200,0.1626346818459098,-0.4879040455377101,-0.1694111269228163,0.6473400961287564,5.0,0.0,0.0,3.0,1.5592840769854004,1.0885357480541415,0.3628452493513805,1.5592840769854004,1.2487895501569717
USDJPY,2025-08-21,147.23,148.4,147.23,148.37,11700,0,0.7946749983019874,0.0,0.7742987162942436,0.6636639854905675,0.0,3.0,2.0,3.0,2.5593757799993746,11.566381795616921,0.5698788915744308,2.4309363986354957,11.550837890919487
USDJPY,2025-08-22,148.25,148.77,146.54,146.93,5200,17100,0.3507588532883711,-1.1534569983136649,-0.8903878583473815,0.6915047793637951,5.0,0.0,0.0,1.0,0.3252755485056186,-0.3252755485056186,-0.3252755485056186,0.3252755485056186,-0.3252755485056186
USDJPY,2025-08-25,146.8,147.93,146.69,147.77,11300,1100,0.7697547683923674,-0.0749318801090011,0.6607629427792907,0.697057728152213,2.0,0.0,1.0,0.0,0.1829483896291047,-0.3658967792582095,-0.1829483896291047,0.1829483896291047,-0.3658967792582095
USDJPY,2025-08-26,147.77,147.9,146.97,147.4,1300,8000,0.0879745550517665,-0.541381877241667,-0.2503891182242705,0.6995609307072795,3.0,0.0,4.0,4.0,0.9936966982205212,0.3312284088539298,-0.10009219790966598,0.9936966982205212,0.3312284088539298
USDJPY,2025-08-27,147.4,148.18,147.27,147.39,7800,1300,0.529172320217097,-0.0881953867028463,-0.0067842605156169,0.6815331812901895,2.0,0.0,0.0,1.0,0.1672976915136295,0.1672976915136295,0.1672976915136295,0.1672976915136295,0.1672976915136295
USDJPY,2025-08-28,147.4,147.49,146.64,146.92,900,7600,0.0610583446404365,-0.5156037991859018,-0.3256445047489947,0.6537089546234612,3.0,2.0,2.0,1.0,0.4151106392326065,-1.0758236795584903,-0.06818160102225762,0.4572984738836097,0.1682267840548577
USDJPY,2025-08-29,146.92,147.4,146.73,147.02,4800,1900,0.3267084127416405,-0.1293220800435595,0.0680642526545213,0.4110798695398894,3.0,1.0,2.0,11.0,2.0932606874690323,-7.574890268575172,-0.4349057930799553,1.7521609124722648,-7.04007631077245
USDJPY,2025-09-01,147.06,147.38,146.76,147.17,3200,3000,0.2175982592139216,-0.2039983680130636,0.0747994016047771,0.409522560782223,6.0,0.0,0.0,2.0,0.8485078731005955,-1.0887283253003892,-0.5443641626501946,1.067391201112764,-1.3076116533125577
USDJPY,2025-09-02,147.17,148.94,147.02,148.33,17700,1500,1.2026907657810766,-0.1019229462526175,0.7882041176870457,0.4376945858087417,2.0,1.0,1.0,5.0,1.04970359082884,0.24482204935583135,-0.08699248828793106,0.9915149885068942,0.008930863498499239
USDJPY,2025-09-03,148.33,149.13,147.86,148.08,8000,4700,0.5393379626508346,-0.3168610530573713,-0.1685431133283894,0.4382166590217534,4.0,1.0,0.0,2.0,0.5323151308495199,-1.8705720521475788,-0.26864726348284634,0.5323151308495199,-1.8705720521475788
USDJPY,2025-09-04,148.08,148.77,147.77,148.48,6900,3100,0.4659643435980535,-0.2093462992976784,0.2701242571582774,0.4369105464395679,0.0,3.0,0.0,8.0,1.569570173406901,3.0096915854518054,0.08805869505890945,1.5531092318940156,1.6847105372865312
USDJPY,2025-09-05,148.48,148.54,146.8,147.38,600,16800,0.0404094827586222,-1.1314655172413648,-0.7408405172413756,0.4665451008222889,1.0,3.0,0.0,3.0,0.763067933235982,0.4112407834148881,0.009823539880533085,0.7440540676308387,0.35419918659945826
USDJPY,2025-09-08,148.04,148.57,147.32,147.51,5300,7200,0.3580113482842483,-0.4863550391785996,-0.3580113482842483,0.4617234386156467,3.0,0.0,0.0,5.0,1.0615100158394026,1.2966990378981595,0.25933980757963193,0.4638897957501623,0.6557422632253109
USDJPY,2025-09-09,147.51,147.53,146.29,147.41,200,12200,0.0135584028201547,-0.8270625720290142,-0.067792014100735,0.459799230743552,3.0,1.0,0.0,4.0,2.4867820689771745,2.917059941032342,0.6199728109213211,2.4867820689771745,2.917059941032342
USDJPY,2025-09-10,147.41,147.64,147.12,147.46,2300,2900,0.1560274065531441,-0.1967302082626633,0.0339190014246057,0.4566414229564134,2.0,2.0,0.0,3.0,0.8030222856791884,-5.619632955177346,-0.5222937995257799,0.8415572310201445,-6.109474185157786
USDJPY,2025-09-11,147.46,147.99,146.97,147.2,5300,4900,0.3594195035941958,-0.3322935033229411,-0.1763190017632031,0.4539510783256891,4.0,4.0,0.0,5.0,1.7784544281960677,6.935803631932345,0.2553987497598735,1.7784544281960677,7.218331578955151
USDJPY,2025-09-12,147.18,148.07,147.1,147.66,8900,800,0.6047017257779497,-0.0543552113058924,0.3261312678352967,0.4516167638913307,2.0,2.0,0.0,1.0,0.6147388514695533,-2.4615587799165,-0.27629952149847803,0.6147388514695533,-2.4615587799165
USDJPY,2025-09-15,147.72,147.76,147.21,147.4,400,5100,0.0270782561602978,-0.3452477660438606,-0.2166260492824216,0.4364581536605493,0.0,0.0,1.0,0.0,0.0407135568079207,-0.0814271136158414,-0.0407135568079207,0.0407135568079207,-0.0814271136158414
USDJPY,2025-09-16,147.4,147.53,146.26,146.48,1300,11400,0.0881953867028463,-0.7734056987788431,-0.6241519674355603,0.4568850492890743,4.0,2.0,0.0,6.0,1.3977856252135672,2.2213908770502697,0.23176922508007836,1.3977856252135672,1.8368007248781075
USDJPY,2025-09-17,146.48,147.05,145.47,146.97,5700,10100,0.3891316220644604,-0.6895139268159414,0.3345166575641788,0.4637922172110625,6.0,1.0,0.0,4.0,1.0377813239946954,-3.7176337631287018,-0.515382102196691,1.0377813239946954,-3.57274150393799
USDJPY,2025-09-18,146.94,148.26,146.75,147.99,13200,1900,0.8983258472846013,-0.1293044780182372,0.7145773785218534,0.4585394983748475,3.0,1.0,1.0,3.0,7.618527107887869,6.75235028205807,0.5260907617926044,7.618527107887869,7.00746848593362
USDJPY,2025-09-19,147.99,148.28,147.18,147.94,2900,8100,0.1959591864315102,-0.5473342793432003,-0.033786066626131,0.4112921087616831,3.0,1.0,0.0,2.0,0.4188076255919249,-1.699785564840218,-0.37056589869523243,0.4188076255919249,-1.699785564840218
USDJPY,2025-09-22,147.89,148.37,147.64,147.71,4800,2500,0.324565555480437,-0.1690445601460545,-0.1217120833051446,0.382877118044882,3.0,0.0,0.0,0.0,0.0,0.0,0.0,0.0,0.0
USDJPY,2025-09-23,147.71,147.92,147.44,147.62,2100,2700,0.1421704691625343,-0.1827906032089975,-0.0609302010696658,0.3793085767821662,6.0,2.0,1.0,1.0,0.5557851733945685,-3.3390746973591154,-0.3278254580265775,2.678485625294752,-0.502567950108171
USDJPY,2025-09-24,147.62,148.91,147.5,148.9,12900,1200,0.873865329901092,-0.0812897981303377,0.8670911800569036,0.4275176710864188,6.0,0.0,1.0,3.0,2.027721849384081,3.3074527475200424,0.31993272453399035,2.027721849384081,2.6925556532950856
USDJPY,2025-09-25,148.89,149.92,148.54,149.79,10300,3500,0.6917858821949098,-0.2350728725904992,0.6044731009470117,0.4373671734344105,2.0,2.0,4.0,4.0,1.8178465666638093,-0.39269245359257343,-0.014849953582366113,1.8178465666638093,0.7550177797095649
USDJPY,2025-09-26,149.83,149.95,149.38,149.49,1200,4500,0.0800907695387947,-0.3003403857705513,-0.2269238470266324,0.4425796917354416,1.0,1.0,2.0,3.0,0.4756111625058236,-2.705106397526321,-0.2640956093008677,0.4756111625058236,-2.705106397526321
USDJPY,2025-09-29,149.39,149.51,148.45,148.58,1200,9400,0.0803266617578181,-0.6292255171028835,-0.5422049668652346,0.4626115185553367,1.0,0.0,1.0,0.0,2.1671349290145554,4.334269858029111,2.1671349290145554,2.1671349290145554,4.334269858029111
USDJPY,2025-09-30,148.58,148.84,147.63,147.9,2600,9500,0.1749899044285845,-0.6393861892583235,-0.4576659038901647,0.438397971588141,0.0,1.0,1.0,6.0,1.1871171631618338,-2.437341645279695,-0.24707583747115744,1.1871171631618338,-2.437341645279695
USDJPY,2025-10-01,147.9,148.22,146.57,147.05,3200,13300,0.2163624070317736,-0.8992562542258367,-0.5747126436781571,0.4541688361315051,3.0,2.0,1.0,6.0,5.458605636682398,-16.397441279532874,-0.640442868435714,5.458605636682398,-16.47820593143355
USDJPY,2025-10-02,147.05,147.51,146.58,147.23,4600,4700,0.3128187691261336,-0.3196191771506282,0.1224073444406517,0.4498256967805804,3.0,0.0,0.0,5.0,0.4202354092771772,-0.7753827581682565,-0.1550765516336513,0.4202354092771772,-0.8294475743830527
USDJPY,2025-10-03,147.25,147.81,147.07,147.44,5600,1800,0.3803056027164701,-0.1222410865874409,0.1290322580645145,0.421697711765787,6.0,1.0,0.0,2.0,3.6968717618420586,1.6060794843849768,1.0617327863019304,2.8650143866026583,0.8679005096200261
USDJPY,2025-10-06,149.19,150.47,149.04,150.35,12800,1500,0.8579663516321477,-0.100542931831896,0.7775320061666309,0.4488573292404207,6.0,0.0,0.0,0.0,0.0,0.0,0.0,0.0,0.0
USDJPY,2025-10-07,150.33,152.04,150.22,151.9,17100,1100,1.1374975054879128,-0.0731723541542031,1.0443690547462203,0.5006582861047436,5.0,0.0,0.0,4.0,0.390602730879209,-0.11094738382749769,-0.027736845956874423,0.4238528394631683,-0.21788942013672002
USDJPY,2025-10-08,151.9,152.99,151.73,152.68,10900,1700,0.7175773535220562,-0.1119157340355601,0.5134957208689935,0.5089468884500686,4.0,0.0,0.0,6.0,0.6181096735799978,-0.7504417654029752,-0.12507362756716253,0.6181096735799978,-0.7337537270727372
USDJPY,2025-10-09,152.72,153.23,152.21,153.06,5100,5100,0.3339444735463533,-0.3339444735463533,0.2226296490309084,0.5045236307293554,0.0,0.0,0.0,3.0,0.2732116209952709,0.22570225568388622,0.07523408522796207,0.2732116209952709,0.3059004188354879
USDJPY,2025-10-10,153.06,153.27,151.14,151.15,2100,19200,0.137201097608786,-1.2544100352802927,-1.247876649679862,0.5895418638925153,4.0,2.0,0.0,2.0,0.3743886889468654,-0.8252557383255903,-0.06050112977697311,0.3743886889468654,-0.8252557383255903
USDJPY,2025-10-13,151.77,152.44,151.7,152.27,6700,700,0.4414574685379109,-0.0461224220860654,0.3294458720432233,0.5886432585953757,2.0,0.0,0.0,0.0,0.0,0.0,0.0,0.0,0.0
USDJPY,2025-10-14,152.27,152.61,151.58,151.83,3400,6900,0.2232875812701145,-0.4531424443422852,-0.288960399290732,0.5718168596683998,1.0,0.0,0.0,2.0,1.9396557827419592,0.9767351065696371,0.48836755328481857,1.9396557827419592,0.9767351065696371
USDJPY,2025-10-15,151.82,151.87,150.88,151.04,500,9400,0.0329337373205186,-0.6191542616256078,-0.5137663021999744,0.5852186951141182,2.0,0.0,1.0,1.0,0.4104259319394289,0.6314093870080161,0.11049172753429354,0.4104259319394289,0.6314093870080161
USDJPY,2025-10-16,151.02,151.39,150.2,150.42,3700,8200,0.2450006621639359,-0.542974440471475,-0.3972983710766936,0.5727247011594099,3.0,0.0,1.0,6.0,2.0328125462694504,1.455645002877288,0.2498407055894424,2.0328125462694504,1.455645002877288
USDJPY,2025-10-17,150.39,150.63,149.36,150.62,2400,10300,0.1595850787951387,-0.6848859631624262,0.1529357005120142,0.5735421767628203,4.0,0.0,0.0,0.0,0.0,0.0,0.0,0.0,0.0
USDJPY,2025-10-20,150.36,151.2,150.25,150.74,8400,1100,0.5586592178770783,-0.0731577547220096,0.2527267890396351,0.574900508157295,6.0,0.0,0.0,0.0,0.0,0.0,0.0,0.0,0.0
USDJPY,2025-10-21,150.74,152.17,150.45,151.93,14300,2900,0.9486533103356628,-0.1923842377603956,0.7894387687408768,0.5983761804005845,3.0,0.0,0.0,0.0,0.0,0.0,0.0,0.0,0.0
USDJPY,2025-10-22,151.92,152.04,151.47,151.97,1200,4500,0.0789889415481862,-0.2962085308056797,0.0329120589784171,0.5688068156235092,4.0,0.0,0.0,2.0,0.1503378931352088,-0.28472606673596346,-0.14236303336798173,0.1343881736007547,-0.1104433332867721
USDJPY,2025-10-23,151.96,152.79,151.81,152.58,8300,1500,0.5461963674651119,-0.0987101868912909,0.4080021058173233,0.5601041076595513,4.0,0.0,1.0,1.0,0.5375005483931337,1.1512563523359927,0.30687790197142956,0.5375005483931337,1.1512563523359927
USDJPY,2025-10-24,152.55,153.06,152.31,152.85,5100,2400,0.3343166175024522,-0.1573254670599863,0.1966568338249642,0.5580305654529634,3.0,5.0,0.0,4.0,1.5038820694966215,-2.8750065730045926,-0.2041292254998577,1.5038820694966215,-2.7045030368313396
USDJPY,2025-10-27,153.02,153.25,152.54,152.87,2300,4800,0.1503071493922296,-0.3136844856881572,-0.0980264017775491,0.5419344205419014,1.0,0.0,0.0,1.0,0.5084440174183744,0.5084440174183744,0.5084440174183744,0.5084440174183744,0.5084440174183744
USDJPY,2025-10-28,152.85,152.87,151.73,152.1,200,11200,0.0130847235852209,-0.7327445207720017,-0.4906771344455348,0.5436725151692076,4.0,0.0,2.0,3.0,0.3400533987678273,0.04669662793099163,-0.021418007887677504,0.3400533987678273,0.04669662793099163
USDJPY,2025-10-29,152.1,153.05,151.53,152.71,9500,5700,0.6245890861275589,-0.3747534516765241,0.4010519395134869,0.526469298176023,6.0,1.0,1.0,2.0,0.8726043435397406,-2.8881565635039856,-0.38232557490405056,0.8726043435397406,-2.7694634011585
USDJPY,2025-10-30,152.72,154.44,152.15,154.12,17200,5700,1.1262441068622309,-0.3732320586694559,0.9167103195390294,0.5560436031181696,3.0,1.0,0.0,1.0,0.2940439343772604,-0.9164719194962718,-0.1641920253708755,0.2940439343772604,-0.9164719194962718
USDJPY,2025-10-31,154.11,154.41,153.63,154.0,3000,4800,0.1946661475569287,-0.3114658360911155,-0.0713775874375534,0.5583659187662752,3.0,0.0,1.0,5.0,0.6552804316301589,1.7123374599871515,0.27948783392923865,0.6552804316301589,1.6075196406792598
USDJPY,2025-11-03,153.99,154.29,153.92,154.21,3000,700,0.1948178453146197,-0.0454574972400945,0.1428664198973951,0.5382889289784643,2.0,1.0,1.0,2.0,1.06644169756062,-2.942434888791632,-0.4247750218819457,1.06644169756062,-2.9880645811670976
USDJPY,2025-11-04,154.21,154.48,153.3,153.67,2700,9100,0.1750859217949431,-0.5901044030866978,-0.3501718435899231,0.5005315070304026,4.0,0.0,0.0,2.0,1.3462055250830045,-1.9541450857922005,-0.9770725428961002,1.3462055250830045,-2.131144903839084
USDJPY,2025-11-05,153.66,154.35,152.94,154.11,6900,7200,0.4490433424443562,-0.4685669660288942,0.2928543537680704,0.492022102701962,0.0,2.0,0.0,4.0,1.3336996432237802,6.128736389821192,0.2679592990659526,1.3336996432237802,6.101218402582578
USDJPY,2025-11-06,154.11,154.14,152.81,153.06,300,13000,0.0194666147556762,-0.84355330608008,-0.6813315164492968,0.5147762348293622,4.0,0.0,0.0,3.0,0.3637435035258852,0.246043552242885,0.082014517414295,0.3637435035258852,0.246043552242885
USDJPY,2025-11-07,153.06,153.59,152.8,153.4,5300,2600,0.346269436822162,-0.1698680256108656,0.2221351104142188,0.4262387135395745,6.0,0.0,2.0,1.0,0.8174908768840988,-1.827657948195496,-0.32837657123489744,0.8174908768840988,-1.827657948195496
USDJPY,2025-11-10,153.22,154.25,153.22,154.14,10300,0,0.6722360005221258,0.0,0.6004438062915987,0.4392856515074939,3.0,0.0,0.0,2.0,0.264733646393207,0.1755300244029363,0.08776501220146815,0.264733646393207,0.1755300244029363
USDJPY,2025-11-11,154.01,154.49,153.64,154.15,4800,3700,0.3116680735017325,-0.2402441399909126,0.0909031881046781,0.430812342073525,5.0,0.0,1.0,5.0,1.4401876862211451,-3.1866360157789932,-0.2910747215929747,1.4401876862211451,-3.4676130447341347
USDJPY,2025-11-12,154.13,155.04,154.03,154.77,9100,1000,0.5904106922727546,-0.0648802958541454,0.4152338934665638,0.4113819628639518,2.0,0.0,0.0,3.0,0.6427638449992306,0.5814485148857966,0.19381617162859888,0.6427638449992306,0.46815587859692115
USDJPY,2025-11-13,154.8,155.01,154.11,154.55,2100,6900,0.1356589147286689,-0.4457364341085256,-0.1614987080103359,0.3983047179817345,3.0,0.0,0.0,3.0,0.3719661811245037,-0.47282700402036937,-0.15760900134012312,0.4337538780083629,-0.5346147009042286
USDJPY,2025-11-14,154.53,154.76,153.59,154.54,2300,9400,0.1488384132530834,-0.6082961237300186,0.0064712353588241,0.399651861063194,6.0,0.0,0.0,3.0,0.828364168648218,1.5567016128172506,0.5189005376057502,0.828364168648218,1.5567016128172506
USDJPY,2025-11-17,154.4,155.3,154.4,155.24,9000,0,0.5829015544041487,0.0,0.5440414507772042,0.4089556659724991,4.0,0.0,1.0,4.0,1.3346818587802387,-0.7415429304560925,-0.19662995264442534,0.761977510986092,-0.16883858266194582
USDJPY,2025-11-18,155.23,155.73,154.79,155.5,5000,4400,0.322102686336404,-0.2834503639760341,0.1739354506216648,0.3813492254635838,6.0,1.0,1.0,5.0,0.8966201265628079,4.41192186055359,0.33652937639701935,0.8966201265628079,4.41192186055359
USDJPY,2025-11-19,155.5,157.18,155.19,157.15,16800,3100,1.0803858520900365,-0.1993569131832812,1.061093247588428,0.4333880981220431,4.0,0.0,0.0,5.0,1.4701796975168175,0.8789244712174321,0.17578489424348642,1.4701796975168175,2.2040141791851866
USDJPY,2025-11-20,157.15,157.89,156.86,157.46,7400,2900,0.4708876869233093,-0.1845370664969723,0.1972637607381497,0.430127229560871,0.0,4.0,2.0,4.0,7.559476942020132,22.068200606802183,0.7148521656434637,7.559476942020132,22.015347964751882
USDJPY,2025-11-21,157.46,157.54,156.19,156.39,800,12700,0.0508065540454617,-0.8065540454718724,-0.6795376603581998,0.4700811034327977,4.0,2.0,1.0,5.0,1.986584982330365,2.039928973254436,0.23597566746436163,1.986584982330365,2.534724766504298
USDJPY,2025-11-24,156.56,157.18,156.25,156.89,6200,3100,0.3960143076136973,-0.1980071538068486,0.2107818088911497,0.4673778042356707,1.0,0.0,0.0,0.0,0.0,0.0,0.0,0.0,0.0
USDJPY,2025-11-25,156.88,156.98,155.78,156.04,1000,11000,0.0637429882712865,-0.7011728709841881,-0.5354411014788395,0.4706629959076382,4.0,4.0,4.0,3.0,2.7314001181840086,5.050102354373203,0.04750603113199046,2.7314001181840086,4.675172080481892
USDJPY,2025-11-26,156.04,156.73,155.63,156.47,6900,4100,0.4421943091514981,-0.2627531402204541,0.2755703665726781,0.467825234973755,3.0,1.0,2.0,6.0,1.5788059196338295,-3.2514503053127872,-0.30782373038867084,1.5788059196338295,-3.2514503053127872
USDJPY,2025-11-27,156.46,156.5,155.69,156.3,400,7700,0.0255656397801304,-0.4921385657676148,-0.1022625591205398,0.4321729214501266,3.0,0.0,0.0,0.0,0.0,0.0,0.0,0.0,0.0
USDJPY,2025-11-28,156.28,156.58,155.96,156.15,3000,3200,0.1919631430765365,-0.2047606859482935,-0.0831840286664931,0.4324023158346807,1.0,0.0,1.0,4.0,1.939849847574711,1.8929578487658518,0.4225412372160246,1.939849847574711,1.7881400294579604
USDJPY,2025-12-01,156.1,156.2,154.65,155.42,1000,14500,0.0640614990390738,-0.9288917360666168,-0.4356181934657315,0.4472115232878367,4.0,1.0,1.0,3.0,0.6053058245338504,-1.4864637149324975,-0.17544681731456885,0.7818471029075348,-1.7089378670698838
USDJPY,2025-12-02,155.43,156.17,155.41,155.85,7400,200,0.4760985652705273,-0.0128675287911022,0.270218104613001,0.4392129573621734,1.0,0.0,0.0,5.0,1.2936906453716133,2.3144204666446386,0.4628840933289277,1.2936906453716133,2.617151642307454
USDJPY,2025-12-03,155.85,155.9,154.99,155.24,500,8600,0.0320821302534561,-0.5518126403593104,-0.3914019890920662,0.4486453744307653,3.0,2.0,0.0,5.0,1.5795775824363425,-4.899555582302711,-0.4337627991655661,1.4919276631538672,-4.82213268672667
USDJPY,2025-12-04,155.24,155.54,154.49,155.08,3000,7500,0.1932491625869511,-0.4831229064674053,-0.1030662200463776,0.4165245316266434,4.0,1.0,1.0,3.0,1.7314216407714231,-5.5010177457564415,-0.3538809745930208,1.7314216407714231,-5.362419590478652
USDJPY,2025-12-05,155.08,155.49,154.32,155.34,4100,7600,0.264379675006446,-0.4900696414753799,0.1676554036626198,0.4157151980265259,5.0,3.0,0.0,4.0,0.9235005306566808,-1.4093026122780479,-0.1023250789256674,0.9235005306566808,-1.4093026122780479
USDJPY,2025-12-08,155.16,155.98,154.88,155.92,8200,2800,0.5284867233823106,-0.1804588811549375,0.4898169631348227,0.4090536166007039,6.0,0.0,0.0,6.0,1.0300342503972466,-0.7722549383469566,-0.12870915639115943,1.1003000100952505,-0.8717662190608326
USDJPY,2025-12-09,155.89,156.95,155.72,156.86,10600,1700,0.6799666431458095,-0.109051254089414,0.622233626274955,0.4272924976761091,1.0,2.0,1.0,5.0,1.3674079650633215,6.621833848313588,0.44224615511101906,1.3674079650633215,6.71038878728255
USDJPY,2025-12-10,156.84,156.93,155.78,156.01,900,10600,0.0573833205814864,-0.6758479979597056,-0.5292017342514744,0.442211799665384,2.0,1.0,0.0,2.0,0.5734176404184212,-2.433545932191423,-0.4289035504515269,0.5734176404184212,-2.433545932191423
USDJPY,2025-12-11,156.01,156.16,154.93,155.57,1500,10800,0.0961476828408471,-0.6922633164540632,-0.2820332029998063,0.4460491165118363,3.0,2.0,0.0,7.0,6.383010768517127,3.1015756618773977,-0.2934785460085399,6.383010768517127,3.9234304060587575
USDJPY,2025-12-12,155.61,156.12,155.42,155.81,5100,1900,0.327742433005585,-0.1221001221001388,0.1285264443159106,0.4463454197800653,1.0,0.0,0.0,1.0,0.0757377496727372,-0.0757377496727372,-0.0757377496727372,0.0757377496727372,-0.0757377496727372
USDJPY,2025-12-15,155.85,155.98,154.81,155.21,1300,10400,0.083413538658964,-0.6673083092717306,-0.4106512672441362,0.4417520693572695,2.0,0.0,1.0,4.0,3.1060499949096148,2.7977838380071764,0.5557965204731562,3.1060499949096148,2.7977838380071764
USDJPY,2025-12-16,155.19,155.26,154.39,154.71,700,8000,0.0451059990978756,-0.5154971325472075,-0.3092982795283135,0.4450694202567225,6.0,8.0,2.0,2.0,2.9431637923211627,11.340477873736504,0.3516440328685368,2.9431637923211627,11.191129857061872
USDJPY,2025-12-17,154.68,155.75,154.5,155.67,10700,1800,0.6917507111455865,-0.1163692785104776,0.6400310318075902,0.398684682473898,3.0,0.0,0.0,3.0,0.1336140054880732,0.1953471859556417,0.06511572865188058,0.1336140054880732,0.3543153178003146
USDJPY,2025-12-18,155.65,155.97,155.26,155.54,3200,3900,0.2055894635399892,-0.2505621586893766,-0.0706713780918815,0.3946684394454244,6.0,2.0,1.0,1.0,0.7277733119209028,-5.535896112324591,-0.5039237120899449,0.8735700702124638,-5.973286387199274
USDJPY,2025-12-19,155.5,157.77,155.49,157.75,22700,100,1.4598070739549904,-0.0064308681671967,1.4469453376205788,0.4923120215850249,2.0,1.0,2.0,3.0,1.0667597798974613,2.5632994799431783,0.1711773150503769,1.0667597798974613,2.5632994799431783
USDJPY,2025-12-22,157.63,157.74,156.7,157.05,1100,9300,0.0697836706210833,-0.5899892152509083,-0.3679502632747473,0.4993193093038605,1.0,0.0,0.0,0.0,0.0,0.0,0.0,0.0,0.0
USDJPY,2025-12-23,157.07,157.07,155.63,156.21,0,14400,0.0,-0.9167886929394524,-0.5475265805054977,0.5000349678795859,2.0,1.0,6.0,5.0,4.293725350603808,4.485676912723468,0.16591730191094808,4.293725350603808,6.198937389421579
USDJPY,2025-12-24,156.26,156.28,155.54,155.93,200,7200,0.0127991808524319,-0.4607705106873153,-0.2111864840650096,0.4988061847956356,3.0,1.0,0.0,1.0,0.5645512624598701,-1.8031312826305372,-0.3370143788553984,0.5645512624598701,-1.8031312826305372
USDJPY,2025-12-25,155.83,155.96,155.65,155.79,1300,1800,0.0834242443688605,-0.1155104922030461,-0.0256689982673557,0.4983052724535495,5.0,0.0,0.0,1.0,0.7899925879894777,-0.7899925879894777,-0.7899925879894777,0.7899925879894777,-0.7899925879894777
USDJPY,2025-12-26,155.893,156.73,155.73,156.54,8370,1630,0.5369067244840943,-0.1045588961659669,0.415028256560584,0.5063218274346293,2.0,0.0,0.0,4.0,0.6079801126182058,-1.3587282522604156,-0.3396820630651039,0.6079801126182058,-1.463546071568307
USDJPY,2025-12-29,156.41,156.54,155.91,156.04,1300,5000,0.0831148903522763,-0.3196726552010741,-0.2365577648487977,0.4986936717634816,4.0,0.0,1.0,1.0,0.0382059303507532,0.0763658253851639,0.02864293893397925,0.0382059303507532,0.0763658253851639
USDJPY,2025-12-30,155.99,156.56,155.74,156.39,5700,2500,0.3654080389768531,-0.1602666837617796,0.2564266940188328,0.4983603820473721,4.0,0.0,0.0,4.0,2.259179616762247,4.14892498291529,1.0372312457288224,2.259179616762247,4.14892498291529
USDJPY,2025-12-31,156.3,156.99,156.3,156.65,6900,0,0.4414587332053727,0.0,0.2239283429302586,0.4896284032307022,3.0,1.0,0.0,2.0,1.0031863153743397,-3.4628170276465307,-0.4854814656326171,1.0031863153743397,-3.4628170276465307
USDJPY,2026-01-01,156.66,156.69,156.63,156.66,300,300,0.019149751053237,-0.019149751053237,0.0,0.4883088050782185,3.0,0.0,0.0,0.0,0.0,0.0,0.0,0.0,0.0
USDJPY,2026-01-02,156.66,157.0,156.51,156.81,3400,1500,0.2170305119366803,-0.0957487552661851,0.0957487552661851,0.487816352369734,2.0,0.0,0.0,1.0,0.350886909995492,-0.350886909995492,-0.350886909995492,0.3440662222062939,-0.3440662222062939
USDJPY,2026-01-05,156.7,157.29,156.09,156.38,5900,6100,0.3765156349712849,-0.3892788768347066,-0.2042118698149286,0.4807445945482032,4.0,1.0,1.0,2.0,0.3985482829304121,0.09921270995431936,0.1297833462305756,0.396780369742353,0.09744479676626022
USDJPY,2026-01-06,156.35,156.79,156.14,156.62,4400,2100,0.281419891269586,-0.1343140390150354,0.172689478733617,0.4618174334494925,3.0,0.0,0.0,3.0,0.8340172019218974,-0.4900894741860481,-0.16336315806201604,0.7439475330998585,-0.7335617004540472
USDJPY,2026-01-07,156.63,156.8,156.28,156.76,1700,3500,0.1085360403498792,-0.2234565536614916,0.0829981485028382,0.4442047513386665,3.0,3.0,0.0,2.0,1.8218876506288568,1.3216720734522787,-0.16663064105875824,1.8218876506288568,1.3216720734522787
USDJPY,2026-01-08,156.76,157.07,156.44,156.87,3100,3200,0.1977545292166383,-0.2041337075784595,0.0701709619801056,0.4377071123797703,6.0,1.0,0.0,10.0,1.6955520007759624,-0.7488465973944737,-0.19214003165524635,2.096841618397004,1.2412318820500876
USDJPY,2026-01-09,156.87,158.18,156.8,157.88,13100,700,0.8350863772550534,-0.0446229361891969,0.6438452221584694,0.456860248986875,3.0,5.0,0.0,7.0,1.7726104305034032,2.0237379551602097,0.12073033238658613,1.7726104305034032,2.475745426542418
USDJPY,2026-01-12,158.0,158.2,157.52,158.15,2000,4800,0.1265822784810054,-0.3037974683544239,0.0949367088607631,0.4418363387141211,6.0,0.0,0.0,1.0,0.2590234888046049,-0.2590234888046049,-0.2590234888046049,0.3135114202104118,-0.3135114202104118
USDJPY,2026-01-13,158.15,159.19,157.89,159.12,10400,2600,0.6576035409421385,-0.1644008852355481,0.61334176414796,0.4440805994674535,1.0,3.0,2.0,7.0,0.2789834324659264,-2.4580417734112747,-0.06921030930313082,0.2789834324659264,-2.388153487446809
USDJPY,2026-01-14,159.13,159.45,158.08,158.43,3200,10500,0.2010934456105028,-0.6598378684094658,-0.4398919122729772,0.4475926213668513,4.0,4.0,2.0,7.0,2.140518716746134,6.63937000631378,0.2418525569798227,2.175336261564381,7.359652161149477
USDJPY,2026-01-15,158.39,158.87,158.18,158.64,4800,2100,0.3030494349390859,-0.1325841277858321,0.1578382473641013,0.4459033660967635,1.0,1.0,2.0,3.0,0.5473952616636883,-0.7042649999507589,-0.031086172614501903,0.5473952616636883,-0.7042649999507589
USDJPY,2026-01-16,158.63,158.7,157.82,158.09,700,8100,0.0441278446699824,-0.5106222026098483,-0.3404148017398928,0.3277350740475773,4.0,0.0,0.0,4.0,0.5096805881624696,-0.16707844703275787,-0.04176961175818947,0.5096805881624696,-0.17168365621703052
USDJPY,2026-01-19,157.85,158.16,157.4,158.1,3100,4500,0.1963889768767832,-0.2850807728856437,0.1583782071586949,0.3156254581453592,3.0,0.0,0.0,3.0,0.7319713950638753,-1.2414200345329691,-0.4138066781776564,0.7319713950638753,-1.2414200345329691
USDJPY,2026-01-20,158.08,158.6,157.46,158.15,5200,6200,0.3289473684210411,-0.3922064777327964,0.0442813765182143,0.2827909020067443,3.0,0.0,0.0,1.0,0.4469353973026778,-0.4469353973026778,-0.4469353973026778,0.4469353973026778,-0.4469353973026778
USDJPY,2026-01-21,158.16,158.53,157.73,158.25,3700,4300,0.2339403136064773,-0.2718765806777989,0.0569044006069824,0.2745668950641096,3.0,0.0,1.0,2.0,1.0032742433253374,-1.3129976772215968,-0.2289289174712726,1.0032742433253374,-1.3129976772215968
USDJPY,2026-01-22,158.27,158.89,158.16,158.4,6200,1100,0.391735641625056,-0.0695014848044567,0.0821381184052539,0.2731902391632209,0.0,3.0,2.0,7.0,3.147087087975812,-4.161114870214853,-0.3224735211794963,2.4963500823860443,-2.8742341966136187
USDJPY,2026-01-23,158.38,159.22,155.62,155.71,8400,27600,0.530369996211645,-1.742644273266821,-1.685818916529857,0.4744104760485401,0.0,3.0,1.0,5.0,2.082810082769341,2.8991139467907043,0.10975872308438653,2.082810082769341,3.5819624579338574
USDJPY,2026-01-26,155.07,155.34,153.3,154.15,2700,17700,0.1741149158444639,-1.1414200038692086,-0.5932804539885133,0.489921197520023,0.0,0.0,2.0,0.0,1.6346596921128724,3.9386907296856437,0.9846726824214109,1.6346596921128724,3.9386907296856437
USDJPY,2026-01-27,154.14,154.87,152.08,152.19,7300,20600,0.4735954327235099,-1.3364473854936902,-1.2650836901518028,0.5573324377176093,6.0,0.0,2.0,5.0,1.739954060314846,-4.274885865217545,-0.3744275226152109,1.739954060314846,-4.274885865217545
USDJPY,2026-01-28,152.15,154.05,152.15,153.4,19000,0,1.2487676634899807,0.0,0.821557673348669,0.5907235998193769,3.0,0.0,0.0,1.0,0.1908907872269757,-0.1908907872269757,-0.1908907872269757,0.1908907872269757,-0.1908907872269757
USDJPY,2026-01-29,153.38,153.53,152.67,153.09,1500,7100,0.0977963228582642,-0.4629025948624384,-0.1890728908592985,0.5910286992333974,6.0,2.0,0.0,8.0,2.9901057911008477,-4.076378119717259,-0.34169435014199795,4.725804334729379,-8.970193937941119
USDJPY,2026-01-30,153.05,154.79,152.86,154.76,17400,1900,1.1368833714472268,-0.1241424371120533,1.1172819340084803,0.6484697534609748,5.0,2.0,1.0,5.0,2.107692797085551,2.4295067143484705,0.24678848097491615,2.107692797085551,2.287777757657897
USDJPY,2026-02-02,154.72,155.78,154.53,155.6,10600,1900,0.6851085832471576,-0.1228024819027906,0.5687693898655607,0.6604685966012256,3.0,1.0,1.0,2.0,3.478235869529687,10.99845022837757,1.0018190730106842,3.478235869529687,10.78510196763595
USDJPY,2026-02-03,155.62,156.08,155.28,155.73,4600,3400,0.2955918262434185,-0.2184809150494817,0.0706850019277632,0.6595277865285517,5.0,0.0,0.0,4.0,1.0922385146920892,-0.3674035936434887,-0.09185089841087217,1.0922385146920892,-0.6004807345083797
USDJPY,2026-02-04,155.72,156.94,155.67,156.85,12200,500,0.7834574877986121,-0.0321089134343766,0.7256614436167451,0.6789750596544334,3.0,2.0,0.0,2.0,0.2662315404578995,-1.4167478412536534,-0.09856937681407058,0.2662315404578995,-1.3235522632999375
USDJPY,2026-02-05,156.82,157.33,156.51,157.03,5100,3100,0.3252136207116562,-0.1976788674913928,0.1339114908812702,0.6792953355146768,3.0,2.0,0.0,3.0,1.643757120725838,2.103297529666207,0.2641777022312306,1.643757120725838,2.147405142269297
USDJPY,2026-02-06,157.03,157.27,156.5,157.2,2400,5300,0.152837037508762,-0.3375151244985042,0.108259568235361,0.6645854076919098,0.0,2.0,0.0,2.0,1.2167761733880578,-2.9648364244909233,-0.30808538980985506,1.2167761733880578,-2.9648364244909233
USDJPY,2026-02-09,157.2,157.72,155.5,155.86,5200,17000,0.3307888040712533,-1.0814249363867614,-0.8524173027989663,0.6915772424852564,0.0,0.0,0.0,4.0,0.2481314244234451,-0.2618143322123911,-0.06545358305309777,0.2481314244234451,-0.310209163116974
USDJPY,2026-02-10,155.83,156.29,154.03,154.38,4600,18000,0.2951934800744269,-1.155104922030425,-0.9305011871911808,0.7014507176688537,1.0,2.0,1.0,6.0,0.6246436145594418,-3.8276549963783513,-0.22734148791036368,0.6246436145594418,-4.270821934870016
USDJPY,2026-02-11,154.38,154.65,152.54,153.24,2700,18400,0.1748931208705857,-1.1918642311180228,-0.7384376214535473,0.7118826311846811,2.0,3.0,0.0,2.0,2.1431316192463665,6.039523602528894,0.4534236941528974,2.1431316192463665,6.308967990574334
USDJPY,2026-02-12,153.24,153.75,152.25,152.73,5100,9900,0.3328112764291248,-0.6460454189506715,-0.3328112764291434,0.7099848066969262,3.0,1.0,0.0,6.0,1.8765682658957905,-1.4656374215236194,-0.14526558087251967,1.8765682658957905,-1.5722795023096707
USDJPY,2026-02-13,152.72,153.66,152.57,152.68,9400,1500,0.6155055002619158,-0.0982189628077564,-0.0261917234153955,0.7090720832826406,5.0,3.0,0.0,0.0,0.7895964656797859,-2.2218839786286906,-0.2468759976254101,0.9549457507042318,-2.717931833702029
USDJPY,2026-02-16,152.64,153.63,152.52,153.51,9900,1200,0.6485849056603834,-0.0786163522012422,0.5699685534591226,0.7238923324466141,3.0,0.0,0.0,3.0,0.8158342672996416,0.7795146872802213,0.2598382290934071,0.4737889143674972,0.43746933434807694
USDJPY,2026-02-17,153.51,153.92,152.69,153.28,4100,8200,0.2670835776170911,-0.5341671552341822,-0.1498273728095823,0.7229349898061559,6.0,0.0,1.0,4.0,0.2125301853070224,-0.10046200822654315,-0.04960758819609904,0.2125301853070224,-0.10046200822654315
USDJPY,2026-02-18,153.29,154.87,153.05,154.82,15800,2400,1.0307260747602665,-0.1565659860395203,0.9981081610020232,0.7648472895848475,3.0,0.0,2.0,7.0,1.1926497089970614,4.992066094980672,0.5313050081067687,1.1534103427091795,4.937680617279465
USDJPY,2026-02-19,154.78,155.34,154.53,154.98,5600,2500,0.3618038506266974,-0.1615195761726321,0.1292156609380983,0.7654394293469056,3.0,1.0,2.0,8.0,1.386466042961659,-4.989182772129703,-0.20040002295790907,1.560995792869205,-6.751106271630386
USDJPY,2026-02-20,155.03,155.64,154.7,155.05,6100,3300,0.3934722311810522,-0.2128620267045168,0.0129007288911889,0.6650746240589006,3.0,4.0,3.0,6.0,1.125845586387808,-2.924570204879763,-0.15393034645939888,1.5490405290695888,-2.2069565132877376
USDJPY,2026-02-23,154.92,155.04,153.98,154.62,1200,9400,0.0774593338497318,-0.6067647818228749,-0.1936483346243112,0.651902167145508,5.0,0.0,0.0,1.0,0.4080993151940326,-0.4080993151940326,-0.4080993151940326,0.4080993151940326,-0.4080993151940326
USDJPY,2026-02-24,154.63,156.28,154.5,155.88,16500,1300,1.0670633124232074,-0.0840716549181888,0.808381297290306,0.5979226614456111,4.0,0.0,2.0,4.0,0.470008771953522,-0.2638790201379774,-0.07064029978507613,0.470008771953522,-0.2638790201379774
USDJPY,2026-02-25,155.88,156.82,155.33,156.33,9400,5500,0.6030279702335115,-0.3528355144983211,0.2886836027713735,0.5771166683474852,3.0,0.0,0.0,3.0,0.5157093135144167,-0.04954967002048688,-0.016516556673495626,0.5157093135144167,-0.04954967002048688
USDJPY,2026-02-26,156.33,156.43,155.7,156.11,1000,6300,0.0639672487686268,-0.4029936672423871,-0.1407279472909862,0.5759159460634827,3.0,1.0,0.0,1.0,0.376389396592251,1.4628086316714088,0.3550149192434534,0.376389396592251,1.4628086316714088
USDJPY,2026-02-27,156.11,156.23,155.51,156.05,1200,6000,0.076868874511547,-0.3843443725578263,-0.0384344372557826,0.525094121253899,6.0,2.0,1.0,6.0,4.581043296299885,6.005500620014718,0.7250043814746022,4.581043296299885,5.927424322743568
USDJPY,2026-03-02,155.64,157.75,155.64,157.34,21100,0,1.355692624004121,0.0,1.0922641994346036,0.5638980410005331,4.0,1.0,1.0,2.0,2.071535177836313,4.594498444054386,0.6785841018873432,2.071535177836313,4.4796515618280175
USDJPY,2026-03-03,157.39,157.96,157.13,157.71,5700,2600,0.3621576974394953,-0.1651947391829156,0.2033166020713016,0.564602385101231,2.0,0.0,0.0,6.0,1.1662194675627358,1.1661102215011638,0.1943517035835273,0.8946830215247153,0.8655609211888611
USDJPY,2026-03-04,157.47,157.86,156.84,157.03,3900,6300,0.2476662221375594,-0.400076204991424,-0.2794183018987729,0.5489385235667772,4.0,2.0,0.0,3.0,2.611431040107977,9.487163998880185,0.5238238931793096,2.611431040107977,10.343964806835594
USDJPY,2026-03-05,157.05,157.85,156.43,157.57,8000,6200,0.5093919134033639,-0.3947787328876183,0.3311047437121819,0.5526026668943674,3.0,1.0,0.0,6.0,0.9064306176698408,-1.804179096284531,-0.2843385665341034,1.179899141143418,-2.0776476197581086
USDJPY,2026-03-06,157.52,158.08,157.37,157.79,5600,1500,0.3555104113763346,-0.0952260030472357,0.1714068054850062,0.553175326763304,3.0,5.0,0.0,1.0,0.7478325554852709,-0.4411822690181493,-0.0376533053897423,0.730215008135171,-0.8687494029418124
USDJPY,2026-03-09,157.78,158.89,157.62,157.64,11100,1600,0.7035112181518477,-0.1014070224363015,-0.0887311446317751,0.5127669920296182,4.0,0.0,0.0,5.0,0.4061922166148329,0.4015592708541087,0.08031185417082173,0.4061922166148329,0.3328892408266188
USDJPY,2026-03-10,157.66,158.12,157.25,158.04,4600,4100,0.2917670937460408,-0.260053279208421,0.2410249904858527,0.4543193066403219,6.0,0.0,0.0,8.0,3.4518463201098597,3.996299766547012,0.4995374708183765,2.2515352881449204,2.795988734582073
USDJPY,2026-03-11,158.04,158.97,157.84,158.94,9300,2000,0.5884586180713787,-0.1265502404454496,0.5694760820045595,0.4130359104228265,4.0,3.0,0.0,4.0,0.71815918204553,-3.4044008185821615,-0.264027386767851,0.71815918204553,-3.2961690914781574
USDJPY,2026-03-12,158.94,159.43,158.55,159.33,4900,3900,0.3082924373977659,-0.245375613439025,0.2453756134390429,0.392912824521557,4.0,1.0,0.0,7.0,1.268054934032602,1.340444454068988,0.16149114435837753,1.425174030828514,3.019793799453235
