pair,timestamp,open,high,low,close,max_up_pips,max_down_pips,max_profit,max_loss,daily_return,rolling_std
EURUSD,2021-01-14,1.21566,1.21788,1.211,1.21515,22,47,0.1826168501061243,-0.3833308655380523,-0.04195251961897327,0.38894192578878306
EURUSD,2021-01-15,1.2154,1.21625,1.2072,1.20749,9,82,0.06993582359717108,-0.6746750041138707,-0.6508145466513151,0.405694746844773
EURUSD,2021-01-18,1.20823,1.20869,1.2052,1.20745,5,30,0.0380722213485948,-0.250780066709142,-0.06455724489542579,0.3874659393994762
EURUSD,2021-01-19,1.20744,1.2145,1.2072,1.2128,71,2,0.5847081428476648,-0.019876764062812063,0.44391439740277205,0.4043213350852479
EURUSD,2021-01-20,1.21284,1.21582,1.2075,1.21044,30,53,0.24570429735166904,-0.44028890867714626,-0.1978826555852345,0.38950314067799263
EURUSD,2021-01-21,1.21057,1.21732,1.2101,1.21595,68,5,0.5575885739775506,-0.03882468589176755,0.44441874488878486,0.40069200825177237
EURUSD,2021-01-22,1.21593,1.21896,1.215,1.21702,30,9,0.24919197651181305,-0.07648466605806875,0.08964331828312777,0.38897325740377714
EURUSD,2021-01-25,1.21672,1.21833,1.2114,1.21385,16,53,0.13232296666446589,-0.437241107239134,-0.23588007101057992,0.37922066947074684
EURUSD,2021-01-26,1.21368,1.2176,1.2106,1.21593,39,31,0.32298464175070224,-0.2537736470898584,0.18538659284159442,0.37256019954605124
EURUSD,2021-01-27,1.21599,1.21698,1.2057,1.21075,10,103,0.08141514321664212,-0.8462240643426271,-0.4309245964193712,0.3724585639616065
EURUSD,2021-01-28,1.21073,1.21424,1.2079,1.21201,35,28,0.28990774161042526,-0.23374327884830723,0.10572134166989731,0.36464977126550774
EURUSD,2021-01-29,1.212,1.2156,1.2092,1.21362,36,28,0.29702970297030096,-0.2310231023102239,0.13366336633662995,0.36711893145607066
EURUSD,2021-02-01,1.21285,1.21365,1.2053,1.2059,8,75,0.0659603413447592,-0.622500721441229,-0.5730304654326596,0.3836515243895415
EURUSD,2021-02-02,1.2059,1.20878,1.201,1.2042,29,49,0.2388257732813661,-0.40633551704120613,-0.14097354672858736,0.36638491664160366
EURUSD,2021-02-03,1.20432,1.20502,1.2002,1.20348,7,41,0.058124086621489546,-0.34210176697224354,-0.06974890394579114,0.3576850849804892
EURUSD,2021-02-04,1.20351,1.2043,1.1956,1.1962,8,79,0.06564133243594539,-0.6572442273018158,-0.6073900507681822,0.3664912347794236
EURUSD,2021-02-05,1.19618,1.205,1.1951,1.2043,88,11,0.7373472219900057,-0.09028741493754869,0.6788276011971363,0.3919071746457662
EURUSD,2021-02-08,1.20375,1.2066,1.2018,1.20458,28,20,0.23676012461057502,-0.1619937694704148,0.0689511941848296,0.3766526571736111
EURUSD,2021-02-09,1.20478,1.2122,1.2043,1.2117,74,5,0.6158800776905312,-0.039841298826344726,0.5743787247464298,0.3860785752126731
EURUSD,2021-02-10,1.21168,1.21441,1.2107,1.21176,27,10,0.2253070117522695,-0.08087944011620071,0.0066024032747803016,0.37623968359407445
EURUSD,2021-02-11,1.21171,1.21495,1.2111,1.21295,32,6,0.26739071229914,-0.050342078550148085,0.10233471705275254,0.3770596027373824
EURUSD,2021-02-12,1.21279,1.2135,1.208,1.21177,7,48,0.058542699065789496,-0.3949570824297753,-0.08410359584099646,0.34614759822528607
EURUSD,2021-02-15,1.21239,1.21452,1.2115,1.21268,21,9,0.17568604162026782,-0.07340872161598638,0.023919695807446566,0.34555518808342456
EURUSD,2021-02-16,1.21274,1.21695,1.2093,1.21061,42,34,0.3471477810577739,-0.2836551940234418,-0.17563533815986654,0.3336746833165557
EURUSD,2021-02-17,1.21058,1.2109,1.2021,1.20372,3,85,0.026433610335549737,-0.700490673891857,-0.5666705215681812,0.3544338283730355
EURUSD,2021-02-18,1.2036,1.20946,1.2034,1.20891,59,2,0.48687271518776803,-0.0166168162180108,0.4411764705882291,0.35420920185772087
EURUSD,2021-02-19,1.20888,1.21445,1.208,1.21167,56,9,0.46075706439018554,-0.07279465290185891,0.23079213817749242,0.35797227919909963
EURUSD,2021-02-22,1.21148,1.21695,1.2089,1.21551,55,26,0.45151385082709466,-0.21296265724566688,0.3326509723643973,0.3621939208104327
EURUSD,2021-02-23,1.21526,1.21801,1.2133,1.21486,28,20,0.2262890245708762,-0.1612823593305105,-0.03291476721030528,0.35996981253210625
EURUSD,2021-02-24,1.21496,1.21747,1.2107,1.21664,25,43,0.2065911634950955,-0.3506288272864893,0.1382761572397366,0.34627404303331905
EURUSD,2021-02-25,1.21641,1.22432,1.2154,1.2174,79,10,0.650274167427108,-0.0830312148042153,0.08138703233285212,0.3460342079323964
EURUSD,2021-02-26,1.21718,1.21841,1.206,1.20704,12,112,0.1010532542434204,-0.918516571090551,-0.8330731691286448,0.3946249453345544
EURUSD,2021-03-01,1.20718,1.21012,1.2026,1.20492,29,46,0.24354280223331773,-0.3793966102818162,-0.1872131745058673,0.37512710933836124
EURUSD,2021-03-02,1.20484,1.20945,1.199,1.209,46,58,0.3826234188771956,-0.4847116629593843,0.3452740612861595,0.3812791057187545
EURUSD,2021-03-03,1.20893,1.21133,1.2041,1.20634,24,48,0.19852266053451875,-0.3995268543257353,-0.21423903782684622,0.3844921818195364
EURUSD,2021-03-04,1.20624,1.20666,1.196,1.19688,4,102,0.034818941504185484,-0.8489189547685392,-0.7759649820931187,0.4003997464889346
EURUSD,2021-03-05,1.19679,1.19777,1.1892,1.19079,10,76,0.08188571094343877,-0.6341964755721543,-0.501341087408819,0.382872738037351
EURUSD,2021-03-08,1.1917,1.19324,1.1842,1.1846,15,75,0.12922715448519737,-0.6293530250902125,-0.5957875304187198,0.4003413450870747
EURUSD,2021-03-09,1.18462,1.19158,1.1834,1.18995,70,12,0.5875301784538567,-0.10298661174047365,0.44993331194814007,0.3904054734347394
EURUSD,2021-03-10,1.18992,1.193,1.1867,1.19287,31,32,0.2588409304827191,-0.2706064273228453,0.2479158262740359,0.39724100731451045
EURUSD,2021-03-11,1.19287,1.199,1.1914,1.19839,61,15,0.5138866766705482,-0.12323220468283066,0.46274950329876424,0.4137174949356786
EURUSD,2021-03-12,1.19846,1.19885,1.1908,1.19516,4,77,0.03254176192779821,-0.6391535804282161,-0.27535337015837663,0.4164892310936433
EURUSD,2021-03-15,1.19489,1.19675,1.1916,1.1927,19,33,0.15566286436408144,-0.2753391525579773,-0.18328046933189784,0.41660166205409704
EURUSD,2021-03-16,1.19276,1.19519,1.1881,1.19008,24,47,0.20372916596800128,-0.3906904993460636,-0.22468895670545755,0.4173345809294744
EURUSD,2021-03-17,1.19011,1.19857,1.1884,1.198,85,17,0.7108586601238467,-0.14368419725908532,0.6629639277041578,0.4326275627365778
EURUSD,2021-03-18,1.19796,1.19889,1.1904,1.19124,9,76,0.07763197435641403,-0.6310728238004618,-0.5609536211559516,0.4342458155587876
EURUSD,2021-03-19,1.19118,1.19372,1.1872,1.1904,25,40,0.21323393609697835,-0.3341224667976186,-0.06548128746285221,0.4283997752144897
EURUSD,2021-03-22,1.18798,1.1947,1.1873,1.19325,67,7,0.5656660886546961,-0.05724002087577349,0.44361016178722584,0.4347839811135812
EURUSD,2021-03-23,1.19344,1.19409,1.184,1.1849,7,94,0.05446440541627894,-0.7909907494302281,-0.7155784957769131,0.4570445923276921
EURUSD,2021-03-24,1.18486,1.1852,1.1808,1.18117,3,41,0.028695373293047867,-0.3426565163816782,-0.3114291983863048,0.45498359090429086
EURUSD,2021-03-25,1.18123,1.18278,1.176,1.1768,15,52,0.13121915291686972,-0.44275881919694454,-0.37503280478822365,0.45487190275694245
EURUSD,2021-03-26,1.17676,1.18053,1.1766,1.17928,38,2,0.3203711886875872,-0.013596655222809916,0.2141473197593458,0.43311087996410524
EURUSD,2021-03-29,1.1789,1.17939,1.1759,1.17656,5,30,0.04156416998896254,-0.2544745101365776,-0.19849011790652377,0.43322677363593637
EURUSD,2021-03-30,1.17661,1.1774,1.171,1.17179,8,56,0.06714204366783118,-0.47679349997024445,-0.4096514563024133,0.42440245703806756
EURUSD,2021-03-31,1.17162,1.17598,1.1702,1.17266,44,14,0.37213430975913003,-0.12119970638946063,0.0887659821443753,0.42724821596667323
EURUSD,2021-04-01,1.1726,1.178,1.1711,1.1774,54,15,0.46051509466142326,-0.12792085962818153,0.4093467508101582,0.4151331849014952
EURUSD,2021-04-02,1.17737,1.17867,1.1747,1.1761,13,27,0.11041558728352845,-0.2267766292669212,-0.10786753526929549,0.40285130268653085
EURUSD,2021-04-05,1.1754,1.18195,1.1736,1.18123,66,18,0.5572571039646126,-0.1531393568147034,0.4960013612387274,0.3992723080154877
EURUSD,2021-04-06,1.18134,1.18776,1.1794,1.187,64,19,0.5434506577276542,-0.16422029221054504,0.47911693500600994,0.4010434166467338
EURUSD,2021-04-07,1.18706,1.19148,1.1859,1.1868,44,12,0.3723484912304425,-0.097720418512969,-0.021902852425313545,0.39691776161861936
EURUSD,2021-04-08,1.1868,1.19275,1.1859,1.19142,59,9,0.50134816312773,-0.07583417593529852,0.3892821031344663,0.3926325508068905
EURUSD,2021-04-09,1.1915,1.19201,1.1866,1.19008,5,49,0.04280318925723965,-0.4112463281577763,-0.11917750734368249,0.38868009034309564
EURUSD,2021-04-12,1.18963,1.19192,1.1869,1.19107,23,27,0.1924968267444605,-0.2294831165992703,0.12104603952490336,0.38730909974274885
EURUSD,2021-04-13,1.19118,1.19559,1.18766,1.19493,44,35,0.3702211252707421,-0.2955052972682523,0.3148138820329541,0.3889094147958905
EURUSD,2021-04-14,1.19488,1.19874,1.1947,1.19781,39,2,0.3230449919657183,-0.01506427423673063,0.24521290840922094,0.36391770353410985
EURUSD,2021-04-15,1.19789,1.19933,1.1954,1.19654,14,25,0.12021137166184774,-0.20786549683191957,-0.11269816093297068,0.3395132831898538
EURUSD,2021-04-16,1.19655,1.19948,1.1949,1.19823,29,16,0.24487066984247205,-0.13789645230035763,0.14040366052399847,0.3393253187909469
EURUSD,2021-04-19,1.19752,1.2048,1.1941,1.2037,73,34,0.607923040951314,-0.2855902197875592,0.516066537510862,0.3441187283855631
EURUSD,2021-04-20,1.20367,1.20798,1.2021,1.2033,43,16,0.3580715644653465,-0.1304344213945742,-0.030739322239482704,0.2941528805457702
EURUSD,2021-04-21,1.20339,1.20437,1.1997,1.20348,10,37,0.08143660824836345,-0.30663375962904554,0.007478872186086433,0.27974545106452736
EURUSD,2021-04-22,1.20354,1.20697,1.1992,1.20156,34,43,0.28499260514814995,-0.36060288814663494,-0.1645146816890251,0.2643779017176891
EURUSD,2021-04-23,1.20162,1.21,1.2011,1.20965,84,5,0.6973918543299924,-0.04327491220184867,0.6682645095787338,0.2916330741095725
EURUSD,2021-04-26,1.20941,1.2117,1.2059,1.20848,23,35,0.18934852531398808,-0.2902241588874016,-0.07689699936333397,0.28550617791207267
EURUSD,2021-04-27,1.20846,1.2093,1.2055,1.20894,8,30,0.06950995481852539,-0.24493984078910958,0.03971997418200138,0.2559965705179404
EURUSD,2021-04-28,1.20887,1.21347,1.2054,1.21241,46,35,0.38052065151754616,-0.2870449262534319,0.2928354579069792,0.2569017514800051
EURUSD,2021-04-29,1.21248,1.215,1.21,1.2121,25,25,0.20783847980998266,-0.20453945632093212,-0.031340723145952674,0.2545680943500401
EURUSD,2021-04-30,1.21217,1.21266,1.2015,1.2019,5,107,0.040423372959246764,-0.8802395703572896,-0.8472408985538333,0.3352366310837443
EURUSD,2021-05-03,1.20257,1.20762,1.2011,1.2063,50,15,0.41993397473743727,-0.12223820650771768,0.3101690546080487,0.32659302859087486
EURUSD,2021-05-04,1.20626,1.20637,1.1997,1.201,1,66,0.009119095385723844,-0.5438296884585513,-0.4360585611725533,0.33555310072209577
EURUSD,2021-05-05,1.2011,1.20267,1.1984,1.2006,16,27,0.13071351261342512,-0.22479393888936364,-0.04162850720174564,0.3358361068682527
EURUSD,2021-05-06,1.20057,1.20719,1.1991,1.2062,66,15,0.5514047494107025,-0.12244184012592856,0.4689439183054736,0.3403977981734911
EURUSD,2021-05-07,1.20621,1.21715,1.2051,1.21625,109,11,0.9069730809726291,-0.09202377695425708,0.8323592077664792,0.3779830847883758
EURUSD,2021-05-10,1.21678,1.21782,1.21257,1.21317,10,42,0.0854714903269227,-0.3459951675734354,-0.29668469238481,0.3887750719530317
EURUSD,2021-05-11,1.21308,1.21817,1.2121,1.2148,51,10,0.4195931018564348,-0.08078609819632514,0.14178784581397483,0.3854179086518324
EURUSD,2021-05-12,1.21486,1.21522,1.2064,1.20693,4,85,0.02963304413676604,-0.6963765372141756,-0.6527501111239149,0.4163745294651855
EURUSD,2021-05-13,1.20702,1.21061,1.205,1.2082,36,20,0.2974267203526025,-0.167354310616221,0.09776142897383298,0.4150661677406712
EURUSD,2021-05-14,1.20823,1.21477,1.2069,1.21451,65,13,0.5412876687385673,-0.11007837911654499,0.5197685871067648,0.42803017947433897
EURUSD,2021-05-17,1.21404,1.2169,1.2124,1.21537,29,16,0.2355770814800241,-0.135086158610926,0.10955157984910327,0.4149794709624048
EURUSD,2021-05-18,1.21521,1.22341,1.21486,1.2224,82,3,0.6747804906148079,-0.028801606306716573,0.5916672838439472,0.43194901722906853
EURUSD,2021-05-19,1.22245,1.22454,1.2158,1.21767,21,67,0.17096813775613934,-0.5439895292241028,-0.3910180375475485,0.44432181012860805
EURUSD,2021-05-20,1.21767,1.22301,1.2167,1.22288,53,10,0.4385424622434568,-0.0796603349019141,0.4278663348854728,0.4485213771435103
EURUSD,2021-05-21,1.22293,1.22399,1.2159,1.2178,11,70,0.08667707881888896,-0.5748489283932925,-0.41948435315186305,0.44011657810530835
EURUSD,2021-05-24,1.21761,1.223,1.2171,1.2216,54,5,0.4426704774106656,-0.041885332742011845,0.3276911326286691,0.4441293524586815
EURUSD,2021-05-25,1.22158,1.22664,1.221,1.22489,51,6,0.4142176525483261,-0.04747949377036501,0.2709605592756859,0.446789454574851
EURUSD,2021-05-26,1.22488,1.2263,1.218,1.21927,14,69,0.11592972372803678,-0.5616876755273984,-0.4580040493762567,0.45793394211839533
EURUSD,2021-05-27,1.21929,1.22151,1.2173,1.21936,22,20,0.18207317373226312,-0.1632097368140423,0.005741046018585775,0.4577636782368436
EURUSD,2021-05-28,1.21938,1.2205,1.2131,1.2189,11,63,0.09184995653528924,-0.5150158277157114,-0.039364267086536925,0.4095664713930208
EURUSD,2021-05-31,1.21959,1.22313,1.2182,1.2226,35,14,0.29026148131750007,-0.11397272853991935,0.2468042538885984,0.4078397727168638
EURUSD,2021-06-01,1.22259,1.22544,1.22095,1.22136,29,16,0.23311167276028913,-0.13414145379890935,-0.10060609034918201,0.392755001234409
EURUSD,2021-06-02,1.22137,1.22265,1.2162,1.22101,13,52,0.10480034715114567,-0.42329515216520125,-0.029475097636272218,0.39256289986346815
EURUSD,2021-06-03,1.22108,1.22142,1.2116,1.2126,3,95,0.02784420349199127,-0.7763619091296174,-0.6944671929767127,0.41770544482324756
EURUSD,2021-06-04,1.2126,1.21858,1.2102,1.2164,60,24,0.4931552036945486,-0.19792182088074864,0.3133762163945263,0.37922567951475306
EURUSD,2021-06-07,1.21624,1.22018,1.2143,1.21904,39,19,0.32394922054858044,-0.1595079918437194,0.23021772018679815,0.3759233444648637
EURUSD,2021-06-08,1.21905,1.21942,1.2162,1.2172,4,29,0.030351503219718752,-0.23378860588163072,-0.15175751609859378,0.37684886336477447
EURUSD,2021-06-09,1.21727,1.2218,1.2169,1.2178,45,4,0.37214422437092204,-0.030395885875769666,0.043540052740962926,0.3430222164164944
EURUSD,2021-06-10,1.21784,1.21947,1.2142,1.2173,16,36,0.13384352624318632,-0.29888983774552386,-0.04434080010510288,0.34334422440542994
EURUSD,2021-06-11,1.21728,1.2193,1.2091,1.2108,20,82,0.1659437434279815,-0.6719900105152352,-0.5323343848580293,0.34622125348107025
EURUSD,2021-06-14,1.21091,1.21305,1.2092,1.21182,21,17,0.17672659404910612,-0.14121611019810543,0.0751500937311581,0.34565660808939874
EURUSD,2021-06-15,1.21189,1.21473,1.2099,1.2128,28,20,0.23434470125177828,-0.16420632235598415,0.07508932328843282,0.3158431967733382
EURUSD,2021-06-16,1.21281,1.2135,1.1989,1.1994,7,139,0.05689267073985863,-1.146923260857007,-1.1056966878571188,0.3892749545081719
EURUSD,2021-06-17,1.19934,1.20063,1.189,1.1905,13,103,0.10755915753664626,-0.8621408441309399,-0.7370720562976454,0.3966896934840548
EURUSD,2021-06-18,1.19058,1.1925,1.1846,1.18592,19,60,0.16126593761023383,-0.5022762015152173,-0.39140586940817806,0.3956827694342199
EURUSD,2021-06-21,1.18632,1.19214,1.1846,1.19184,58,17,0.49059275743475084,-0.14498617573672734,0.46530447096904454,0.40522976230862023
EURUSD,2021-06-22,1.19184,1.19527,1.1879,1.19389,34,39,0.287790307423819,-0.3305812860786729,0.17200295341655636,0.40068172715236705
EURUSD,2021-06-23,1.19399,1.19701,1.191,1.19273,30,30,0.2529334416535985,-0.25042085779613293,-0.10552852201442547,0.39331191184988656
EURUSD,2021-06-24,1.19272,1.19563,1.1916,1.19303,29,11,0.24398014622040112,-0.09390301160373012,0.025991012140320652,0.393665652122669
EURUSD,2021-06-25,1.193,1.19753,1.1924,1.1933,45,6,0.3797150041911084,-0.050293378038571326,0.025146689019276358,0.39457458702136183
EURUSD,2021-06-28,1.19352,1.19445,1.19,1.19246,9,35,0.07792077216972464,-0.29492593337354783,-0.08881292311815796,0.3855909590134673
EURUSD,2021-06-29,1.19258,1.193,1.1876,1.18982,4,50,0.035217763168935164,-0.4175820490030006,-0.23143101511008685,0.38621480871243224
EURUSD,2021-06-30,1.18972,1.1909,1.1843,1.1857,12,54,0.09918300104225858,-0.45556937766871214,-0.3378946306694125,0.3879613751807946
EURUSD,2021-07-01,1.18564,1.18842,1.1836,1.1848,28,20,0.2344725211700014,-0.17205897236935677,-0.07084781215208258,0.3663350080698184
EURUSD,2021-07-02,1.1849,1.18743,1.1806,1.1862,25,43,0.21352012828086092,-0.3628998227698515,0.10971389990715308,0.3563919688911028
EURUSD,2021-07-05,1.18666,1.18806,1.185,1.18615,14,17,0.11797819088869986,-0.13988842633947338,-0.04297776953803199,0.3470217394764226
EURUSD,2021-07-06,1.18619,1.18952,1.1805,1.18207,33,57,0.2807307429669642,-0.4796870653099396,-0.3473305288360316,0.35004142805519994
EURUSD,2021-07-07,1.1821,1.18364,1.178,1.1793,15,41,0.1302766263429572,-0.3468403688351233,-0.23686659335080906,0.3473949170787398
EURUSD,2021-07-08,1.17928,1.18678,1.1782,1.18444,75,11,0.6359812767112,-0.09158130384643103,0.43755511837730066,0.3721238854543733
EURUSD,2021-07-09,1.18435,1.18812,1.1823,1.18746,38,21,0.3183180647612658,-0.173090724870191,0.262591294803052,0.37070089075271373
EURUSD,2021-07-12,1.18754,1.18802,1.1834,1.18598,5,41,0.04041969112619667,-0.3486198359634229,-0.13136399616012984,0.3683648351488955
EURUSD,2021-07-13,1.18615,1.18751,1.177,1.1776,14,91,0.11465666231083993,-0.7714032795177668,-0.72081945791005,0.38940200645495116
EURUSD,2021-07-14,1.17778,1.18388,1.177,1.18346,61,8,0.517923551087639,-0.06622629013907545,0.4822632410127449,0.34406725455903175
EURUSD,2021-07-15,1.18349,1.18506,1.1794,1.18117,16,41,0.13265849310091943,-0.345588048906195,-0.19603038470961967,0.30855078512516565
EURUSD,2021-07-16,1.1812,1.18224,1.179,1.1805,10,22,0.08804605485945902,-0.1862512698950203,-0.05926176769386411,0.29773243318909964
EURUSD,2021-07-19,1.18073,1.18245,1.1762,1.17975,17,45,0.145672592379286,-0.3836609555105862,-0.08299950030912917,0.2740844324184505
EURUSD,2021-07-20,1.17957,1.18025,1.1754,1.17805,7,42,0.05764812601202251,-0.3535186551031314,-0.1288605169680448,0.2690736675153128
EURUSD,2021-07-21,1.17802,1.1805,1.175,1.17948,25,30,0.21052274154938266,-0.256362370757714,0.12393677526697482,0.2724349434403557
EURUSD,2021-07-22,1.17956,1.18305,1.1756,1.17678,35,40,0.29587303740377713,-0.33571840347247817,-0.2356811014276514,0.27434359862636315
EURUSD,2021-07-23,1.17683,1.17865,1.1753,1.1768,18,15,0.15465275358377445,-0.13001028185889477,-0.0025492212129172853,0.2738889866347676
EURUSD,2021-07-26,1.17715,1.18173,1.1761,1.1801,46,10,0.38907530900904974,-0.08919848787325281,0.25060527545342637,0.2833332551377744
EURUSD,2021-07-27,1.18005,1.18412,1.1768,1.18163,41,32,0.3449006398033997,-0.27541205881106523,0.13389263166814244,0.2833339440495938
EURUSD,2021-07-28,1.18169,1.18496,1.17718,1.18434,33,45,0.27672232142102465,-0.381656779696876,0.2242550922830896,0.28005408894844036
EURUSD,2021-07-29,1.18435,1.1893,1.1839,1.18857,50,5,0.41795077468653774,-0.03799552497150854,0.35631358973275556,0.29135346696713854
EURUSD,2021-07-30,1.18859,1.19087,1.185,1.18684,23,36,0.19182392582808702,-0.3020385498784259,-0.14723327640314493,0.292380025032381
EURUSD,2021-08-02,1.18635,1.1897,1.1857,1.18689,33,7,0.2823787246596674,-0.05478990179964087,0.045517764572005306,0.29241324809906544
EURUSD,2021-08-03,1.18708,1.18934,1.1852,1.1862,23,19,0.19038312497895263,-0.1583718030798162,-0.07413148229268389,0.2814405213295733
EURUSD,2021-08-04,1.18624,1.18997,1.1831,1.1835,37,31,0.31443889937955316,-0.2647019152953804,-0.2309819260857807,0.28116622752481796
EURUSD,2021-08-05,1.18357,1.18573,1.1826,1.18332,22,10,0.18249871152529548,-0.08195543989792875,-0.021122536056176103,0.2630378359286261
EURUSD,2021-08-06,1.18335,1.18354,1.1753,1.1761,2,80,0.016056111885759457,-0.6802721088435282,-0.6126674272193332,0.28740383526605595
EURUSD,2021-08-09,1.17589,1.1769,1.17321,1.1738,10,27,0.0858923878934216,-0.22791247480631824,-0.1777377135616552,0.288269135365698
EURUSD,2021-08-10,1.17382,1.1743,1.1708,1.172,5,30,0.0408921299688039,-0.25727965105382616,-0.15504932613178807,0.24366297437618498
EURUSD,2021-08-11,1.17194,1.17541,1.1704,1.17404,35,15,0.29609024352783286,-0.1314060446780445,0.17919006092461992,0.21856207215850493
EURUSD,2021-08-12,1.17399,1.17483,1.1722,1.1731,8,18,0.07155086499884597,-0.1524714861285173,-0.07580984505831032,0.21569469127309623
EURUSD,2021-08-13,1.17309,1.18048,1.17287,1.17936,74,2,0.6299601906077119,-0.01875388930089652,0.5344858450758252,0.25020906682513305
EURUSD,2021-08-16,1.17938,1.1801,1.1766,1.1774,7,28,0.061049025759283,-0.23571707168173145,-0.16788482083807532,0.2523158907144362
EURUSD,2021-08-17,1.1776,1.17848,1.17054,1.17097,9,71,0.07472826086956454,-0.5995244565217448,-0.5630095108695579,0.28028866157988563
EURUSD,2021-08-18,1.17095,1.17427,1.1692,1.17093,33,17,0.28353046671505955,-0.149451300226305,-0.0017080148597215065,0.2780373643156267
EURUSD,2021-08-19,1.17094,1.17156,1.1664,1.16766,6,45,0.052948912839243925,-0.387722684339077,-0.28011682921415026,0.27987946898185956
EURUSD,2021-08-20,1.16771,1.17045,1.1662,1.16949,27,15,0.2346473011278455,-0.1293129287237518,0.15243510803195082,0.28307749981047586
EURUSD,2021-08-23,1.1695,1.17503,1.16912,1.1746,55,4,0.4728516460025682,-0.0324925181701622,0.43608379649423723,0.2955698955846981
EURUSD,2021-08-24,1.17457,1.17652,1.1725,1.1755,20,21,0.16601820240599696,-0.17623470716941472,0.07917791191670973,0.29429895198517997
EURUSD,2021-08-25,1.17558,1.17745,1.1724,1.17686,19,32,0.15907041630514623,-0.2705047721124858,0.10888242399495975,0.290259096959222
EURUSD,2021-08-26,1.17696,1.1779,1.1744,1.1754,9,26,0.07986677542141966,-0.21750951604131794,-0.132544861337684,0.27618962437567746
EURUSD,2021-08-27,1.17552,1.18023,1.1733,1.17924,47,22,0.4006737443854628,-0.18885259289504977,0.31645569620254593,0.2872969617346768
EURUSD,2021-08-30,1.17949,1.18099,1.1781,1.17977,15,14,0.12717360893267912,-0.11784754427761171,0.023739073667437452,0.2870287257312389
EURUSD,2021-08-31,1.17983,1.18451,1.1793,1.1808,47,5,0.3966673164777991,-0.044921726011367694,0.08221523439818766,0.2879803556569543
EURUSD,2021-09-01,1.18088,1.18573,1.1792,1.18372,49,17,0.41071065645959126,-0.14226678409321047,0.2404986112052178,0.2895503453220817
EURUSD,2021-09-02,1.18383,1.18761,1.1832,1.18725,38,6,0.31930260256963555,-0.05321710042826322,0.2888928308963262,0.29666791913993745
EURUSD,2021-09-03,1.18732,1.1909,1.1864,1.18832,36,9,0.30151938820201285,-0.07748542937034936,0.0842232927938645,0.25756688206185085
EURUSD,2021-09-06,1.18774,1.18864,1.1854,1.18703,9,23,0.07577415932779066,-0.19701281425227818,-0.059777392358596027,0.25342802368427086
EURUSD,2021-09-07,1.18696,1.18854,1.1836,1.1845,16,34,0.1331131630383429,-0.2830760935499115,-0.20725213992046124,0.25595625515825854
EURUSD,2021-09-08,1.18443,1.18512,1.18,1.18154,7,44,0.05825586991209758,-0.37401957059515173,-0.2439992232550728,0.26229403817777264
EURUSD,2021-09-09,1.1816,1.18414,1.1803,1.18243,25,13,0.21496276235612616,-0.11002031144211907,0.07024373730535785,0.2612020236692021
EURUSD,2021-09-10,1.18243,1.18512,1.1808,1.18115,27,16,0.22749761085221612,-0.13785171215209527,-0.1082516512605541,0.23514901401273688
EURUSD,2021-09-13,1.18134,1.18171,1.1768,1.1811,4,45,0.03132036500922524,-0.384309343626728,-0.02031591243841891,0.23169841135231858
EURUSD,2021-09-14,1.18085,1.1846,1.1798,1.18031,38,10,0.3175678536647451,-0.08891899902612486,-0.045729770927720285,0.18889965026123662
EURUSD,2021-09-15,1.1804,1.1832,1.1797,1.18149,28,7,0.23720772619452185,-0.05930193154862106,0.0923415791257231,0.18899940839488588
EURUSD,2021-09-16,1.18154,1.18207,1.1749,1.17666,5,66,0.04485671242614887,-0.5619784349239111,-0.4130202955464898,0.20282092480815658
EURUSD,2021-09-17,1.17671,1.17889,1.17211,1.1724,22,46,0.18526229912213468,-0.39092044768889,-0.36627546294327523,0.21976853489030754
EURUSD,2021-09-20,1.17255,1.17365,1.1698,1.17273,11,28,0.0938126305914546,-0.23453157647861755,0.015351157733151592,0.1957943273641137
EURUSD,2021-09-21,1.17248,1.17487,1.1713,1.17255,24,12,0.2038414301310141,-0.10064137554584802,0.005970251091704293,0.19472556612344258
EURUSD,2021-09-22,1.17249,1.17557,1.1683,1.1693,31,42,0.26268880758044605,-0.3573591245980894,-0.2720705507083238,0.2006739485932213
EURUSD,2021-09-23,1.1693,1.17502,1.1682,1.1738,57,11,0.4891815616180576,-0.09407337723425134,0.3848456341400794,0.2195543907686727
EURUSD,2021-09-24,1.17384,1.17476,1.1699,1.1718,9,39,0.0783752470524119,-0.3356505145505396,-0.17378859129012827,0.20868670815841228
EURUSD,2021-09-27,1.17165,1.17252,1.1683,1.16961,9,34,0.07425425681730263,-0.2859215636068951,-0.17411342977852104,0.21063035469050426
EURUSD,2021-09-28,1.16954,1.17033,1.1666,1.16812,8,29,0.06754792482515078,-0.2513808847923066,-0.12141525728063828,0.20927806792297501
EURUSD,2021-09-29,1.16827,1.16902,1.1587,1.1596,8,96,0.06419748859424863,-0.8191599544625692,-0.7421229681494822,0.24880696542219274
EURUSD,2021-09-30,1.15966,1.16098,1.1561,1.158,13,36,0.1138264663780753,-0.3069865305348126,-0.1431454046875804,0.23138184653341662
EURUSD,2021-10-01,1.15802,1.16074,1.1561,1.1594,27,19,0.23488368076544927,-0.1658002452462085,0.11916892627069799,0.23314565488749212
EURUSD,2021-10-04,1.15937,1.16402,1.1586,1.1618,47,8,0.40107989684052914,-0.06641538076713538,0.20959659125213972,0.24433050171736814
EURUSD,2021-10-05,1.1617,1.1622,1.1579,1.1596,5,38,0.04304037186880821,-0.3271068262029806,-0.18076956184901358,0.2438281256738647
EURUSD,2021-10-06,1.15948,1.16006,1.1527,1.1554,6,68,0.05002242384517412,-0.5847448856383903,-0.3518818780832859,0.24821022208895185
EURUSD,2021-10-07,1.15533,1.15721,1.1546,1.15544,19,7,0.16272407017909202,-0.06318541022910315,0.009521089212610639,0.24624310706689806
EURUSD,2021-10-08,1.15547,1.15861,1.1539,1.1567,31,16,0.27175088924852403,-0.13587544462427162,0.10645018910054474,0.2511294980084307
EURUSD,2021-10-11,1.15693,1.15868,1.1547,1.1554,17,22,0.15126239271173866,-0.1927515061412492,-0.13224654905655756,0.25043446860399393
EURUSD,2021-10-12,1.15539,1.15703,1.1523,1.153,16,31,0.1419434130466843,-0.2674421623867106,-0.20685655925703808,0.2508945189020019
EURUSD,2021-10-13,1.15302,1.15985,1.1527,1.15974,68,3,0.5923574612756166,-0.027753204627836113,0.5828172971847895,0.29286547062671425
EURUSD,2021-10-14,1.15974,1.16245,1.1582,1.1598,27,15,0.23367306465242124,-0.13278838360322975,0.005173573387134097,0.2835345079967901
EURUSD,2021-10-15,1.15973,1.1619,1.1586,1.16,22,11,0.18711251756874492,-0.09743647228232893,0.02328128098781548,0.27546933894706194
EURUSD,2021-10-18,1.15987,1.16224,1.157,1.16089,24,29,0.20433324424288785,-0.24744152361902008,0.08794088992732124,0.2768754476090407
EURUSD,2021-10-19,1.16092,1.16694,1.1607,1.16286,60,2,0.5185542500775365,-0.01895048754435163,0.16710884470937298,0.28085018824417274
EURUSD,2021-10-20,1.16296,1.16586,1.1615,1.1648,29,15,0.2493636926463423,-0.1255417211254056,0.15821696361010384,0.27861909880232527
EURUSD,2021-10-21,1.16484,1.16674,1.1618,1.1625,19,30,0.16311253047628968,-0.2609800487620749,-0.20088595858658773,0.2643996511832545
EURUSD,2021-10-22,1.16256,1.16558,1.1619,1.1647,30,7,0.25977153867327474,-0.05677126341867129,0.18407652078172573,0.267522390724135
EURUSD,2021-10-25,1.16368,1.16652,1.1589,1.16099,28,48,0.24405334799944603,-0.410765846280765,-0.23116320637976773,0.26943714188710005
EURUSD,2021-10-26,1.16105,1.16258,1.1583,1.1592,15,27,0.13177727057405206,-0.23685457129320944,-0.15933852977907131,0.2702254630899197
EURUSD,2021-10-27,1.15923,1.16262,1.1583,1.16017,34,9,0.2924354959757774,-0.08022566703759179,0.08108830861864694,0.21356339945232578
EURUSD,2021-10-28,1.16008,1.16922,1.158,1.1681,91,21,0.7878766981587413,-0.17929797944970016,0.6913316323012134,0.25940360238084226
EURUSD,2021-10-29,1.16808,1.16902,1.1533,1.1561,9,148,0.08047394014108117,-1.265324292856655,-1.0256146839257672,0.3525002732333091
EURUSD,2021-11-01,1.15631,1.16092,1.1544,1.1604,46,19,0.3986820143387157,-0.1651806176544228,0.35371137497731137,0.3586260379566869
EURUSD,2021-11-02,1.16032,1.16134,1.1573,1.15783,10,30,0.08790678433535756,-0.26027302813017295,-0.21459597352455384,0.35959245797415545
EURUSD,2021-11-03,1.15781,1.16164,1.156,1.1613,38,18,0.33079693559392304,-0.15632962230418543,0.30143115018871774,0.3559436698366829
EURUSD,2021-11-04,1.16122,1.16164,1.1526,1.15526,4,86,0.036168856891897055,-0.7423227295430539,-0.5132533025610966,0.3760803573458639
EURUSD,2021-11-05,1.15539,1.15732,1.1512,1.1566,19,42,0.16704316291468574,-0.36264811016192944,0.10472654255274456,0.37605558373105397
EURUSD,2021-11-08,1.15573,1.1595,1.1549,1.15863,38,8,0.32620075623199635,-0.07181608161074701,0.2509236586400046,0.37856297965570346
EURUSD,2021-11-09,1.1584,1.16089,1.1568,1.15924,25,16,0.21495165745855327,-0.13812154696132992,0.07251381215469198,0.3748093722153722
EURUSD,2021-11-10,1.15921,1.15953,1.1474,1.14781,3,118,0.027605006858108187,-1.0187972843574586,-0.983428369320492,0.41591042594884486
EURUSD,2021-11-11,1.1478,1.14877,1.1441,1.14499,10,37,0.0845094964279611,-0.3223558111169225,-0.24481617006446937,0.4181578394524809
EURUSD,2021-11-12,1.14495,1.14622,1.1431,1.14447,13,18,0.11092187431766491,-0.16157910825799446,-0.04192322808854657,0.4177707303429226
EURUSD,2021-11-15,1.14452,1.1464,1.1355,1.13672,19,90,0.16426100024465312,-0.7881033096844117,-0.6815084052703342,0.438527838360885
EURUSD,2021-11-16,1.13674,1.1386,1.1307,1.13199,19,60,0.16362580713267524,-0.5313440188609572,-0.4178616042366796,0.43952240426807665
EURUSD,2021-11-17,1.13196,1.13323,1.1262,1.1318,13,58,0.1121947772005974,-0.5088519028940941,-0.014134775080405669,0.43532992909317303
EURUSD,2021-11-18,1.13192,1.13741,1.1312,1.1371,55,7,0.4850166089476283,-0.06360873559969378,0.4576295144533149,0.45451968404915855
EURUSD,2021-11-19,1.1372,1.1373,1.1248,1.12794,1,124,0.008793527963417955,-1.0903974674639436,-0.8142806894125963,0.47582729546253166
EURUSD,2021-11-22,1.12901,1.1293,1.1229,1.1234,3,61,0.025686220671198787,-0.5411820975899292,-0.49689551022578315,0.4818429545112912
EURUSD,2021-11-23,1.12346,1.12751,1.1225,1.12477,41,10,0.36049347551315664,-0.08545030530680664,0.11660406244994433,0.48593827770546616
EURUSD,2021-11-24,1.12477,1.12553,1.1185,1.11977,8,63,0.06756936973780167,-0.5574473003369576,-0.44453532722246464,0.4869429215646979
EURUSD,2021-11-25,1.11972,1.123,1.11951,1.12065,33,2,0.2929303754510011,-0.018754688672171924,0.08305647840530449,0.4472160972779292
EURUSD,2021-11-26,1.12056,1.13308,1.12039,1.13155,125,2,1.1172984936103454,-0.015170985935603938,0.98075962018991,0.47803691975320367
EURUSD,2021-11-29,1.13018,1.13156,1.1257,1.12906,14,45,0.1221044435399615,-0.3963970341007662,-0.09909925852519155,0.46561538737762337
EURUSD,2021-11-30,1.12902,1.1383,1.1234,1.13368,93,56,0.8219517811907829,-0.4977768330056118,0.4127473383996837,0.48050488697645166
EURUSD,2021-12-01,1.1335,1.13598,1.1301,1.1319,25,34,0.21879135421261914,-0.29995588883986307,-0.14115571239524005,0.4712153885640409
EURUSD,2021-12-02,1.13187,1.13477,1.1294,1.13005,29,25,0.25621316935691596,-0.21822294079708557,-0.16079585111363787,0.4622673386145905
EURUSD,2021-12-03,1.12998,1.13335,1.1265,1.13131,34,35,0.2982353669976544,-0.30797005256729565,0.11770119825130121,0.4625833041501552
EURUSD,2021-12-06,1.1302,1.13151,1.1264,1.1285,13,38,0.11590868872765193,-0.3362236772252721,-0.1504158556007817,0.45509265459437565
EURUSD,2021-12-07,1.12832,1.12985,1.1225,1.12672,15,58,0.13559982983551044,-0.5158111174134941,-0.1418037436188356,0.4527765955541933
EURUSD,2021-12-08,1.12672,1.13548,1.1263,1.1341,88,4,0.7774779892076205,-0.03727634194829815,0.6549985799488928,0.4388560757261932
EURUSD,2021-12-09,1.13412,1.1346,1.1277,1.12923,5,64,0.042323563644062,-0.566077663739295,-0.4311713046238547,0.44511505200676454
EURUSD,2021-12-10,1.12922,1.13241,1.1263,1.1314,32,29,0.2824958821133195,-0.2585855723419539,0.1930536122279158,0.4487206019267727
EURUSD,2021-12-13,1.1311,1.13193,1.1258,1.12837,8,53,0.0733798956767844,-0.4685704181770031,-0.24135797011757573,0.42629210218182967
EURUSD,2021-12-14,1.12827,1.1324,1.1252,1.12579,41,31,0.36604713410796763,-0.2720979907291808,-0.21980554299946267,0.41896826787916674
EURUSD,2021-12-15,1.12583,1.12993,1.122,1.12892,41,38,0.36417576365881105,-0.3401934572715241,0.27446417309894167,0.4240097289265987
EURUSD,2021-12-16,1.12885,1.13605,1.1279,1.13302,72,10,0.6378172476414135,-0.0841564423971304,0.369402489258981,0.41940441349937707
EURUSD,2021-12-17,1.13291,1.1349,1.12335,1.1237,20,96,0.1756538471723205,-0.8438446125464523,-0.8129507198277146,0.4192697502760094
EURUSD,2021-12-20,1.12395,1.1304,1.1233,1.12801,65,7,0.5738689443480641,-0.05783175408159077,0.3612260331865254,0.41029445004035214
EURUSD,2021-12-21,1.12781,1.13028,1.1259,1.12801,25,19,0.21900852093880815,-0.1693547672037026,0.017733483476824817,0.40986815459973247
EURUSD,2021-12-22,1.1284,1.13424,1.1262,1.13258,58,22,0.5175469691598586,-0.19496632399858024,0.37043601559729267,0.4004966007069764
EURUSD,2021-12-23,1.13253,1.13422,1.1288,1.13284,17,37,0.14922342013014836,-0.32935109886713915,0.0273723433374862,0.40060814200961964
EURUSD,2021-12-24,1.13265,1.13435,1.13016,1.13181,17,25,0.15009049574008165,-0.21983843199575168,-0.07416236260097576,0.338956515568893
EURUSD,2021-12-27,1.13156,1.13347,1.1301,1.1327,19,15,0.16879352398459457,-0.1290254162395096,0.10074587295416425,0.33831997854705265
EURUSD,2021-12-28,1.13254,1.13333,1.1288,1.13085,8,37,0.06975471065038288,-0.330231161813276,-0.14922210253061183,0.32770642013920404
EURUSD,2021-12-29,1.13086,1.13691,1.1272,1.13459,61,37,0.5349910687441515,-0.323647489521249,0.32983746882903375,0.3340261841747827
EURUSD,2021-12-30,1.13457,1.136,1.1297,1.1325,14,49,0.1260389398626634,-0.42923750848340353,-0.18244797588513853,0.33468345974409003
EURUSD,2021-12-31,1.13205,1.13865,1.1301,1.13659,66,19,0.583013117795145,-0.17225387571219436,0.40104235678636,0.34484891356863284
EURUSD,2022-01-03,1.13707,1.1379,1.1278,1.12965,8,93,0.07299462654013265,-0.8152532385869041,-0.6525543722022376,0.3759260570451731
EURUSD,2022-01-04,1.12955,1.13226,1.1271,1.1286,27,25,0.23991855163560621,-0.2169005356115323,-0.08410428931875581,0.37492189926033676
EURUSD,2022-01-05,1.12858,1.13465,1.1275,1.13116,61,11,0.537844016374561,-0.0956954757305614,0.22860585868968322,0.3475990645482164
EURUSD,2022-01-06,1.1313,1.1332,1.1283,1.12925,19,30,0.16794837797224546,-0.2651816494298499,-0.18120746044372715,0.3359061767630057
EURUSD,2022-01-07,1.12946,1.13649,1.1288,1.13593,70,7,0.6224213340888648,-0.05843500433834602,0.5728401182866324,0.3572261563460176
EURUSD,2022-01-10,1.13524,1.13603,1.1283,1.1325,8,69,0.06958880941475533,-0.6113244776434892,-0.24135865543849447,0.35722618301783526
EURUSD,2022-01-11,1.13231,1.13754,1.1311,1.1366,52,12,0.46188764560942397,-0.1068611952557103,0.37887151045209594,0.3608918450796735
EURUSD,2022-01-12,1.13661,1.14528,1.1353,1.14408,87,13,0.7627946261250718,-0.11525501271323695,0.6572175152427031,0.38275530289810017
EURUSD,2022-01-13,1.14403,1.14817,1.1433,1.14547,41,7,0.3618786220640901,-0.06380951548474423,0.12587082506576625,0.37661610129409767
EURUSD,2022-01-14,1.14538,1.1483,1.1397,1.14091,29,57,0.2549372260734458,-0.4959052890743796,-0.39026349333845306,0.33458360011401606
EURUSD,2022-01-17,1.14128,1.14345,1.139,1.1406,22,23,0.1901373895976452,-0.1997756904528301,-0.05958222346838759,0.32921054666310595
EURUSD,2022-01-18,1.14047,1.14215,1.1313,1.1323,17,92,0.1473076889352551,-0.8040544687716574,-0.7163713205958956,0.37225590638624967
EURUSD,2022-01-19,1.13241,1.13571,1.1317,1.13424,33,7,0.29141388719634065,-0.06269813936648286,0.16160224653614844,0.36485510124853465
EURUSD,2022-01-20,1.13415,1.13691,1.13,1.13114,28,42,0.24335405369660942,-0.3659127981307674,-0.26539699334302846,0.37006866303265046
EURUSD,2022-01-21,1.13096,1.13599,1.1298,1.13403,50,12,0.4447548984933234,-0.10256773007003342,0.2714508028577605,0.3745637672538296
EURUSD,2022-01-24,1.13409,1.1345,1.1289,1.1327,4,52,0.036152333589046855,-0.4576356373832789,-0.12256522850920142,0.37520978380106146
EURUSD,2022-01-25,1.13246,1.1329,1.1261,1.13012,4,64,0.03885346943821379,-0.5616092400614522,-0.20662981473959421,0.37666132908285294
EURUSD,2022-01-26,1.12988,1.13107,1.1234,1.12408,12,65,0.10532091903565197,-0.5735122313874076,-0.5133288490813208,0.38504029229975667
EURUSD,2022-01-27,1.1241,1.12434,1.113,1.11424,2,111,0.02135041366424659,-0.9874566319722542,-0.8771461613735612,0.427476348669817
EURUSD,2022-01-28,1.11432,1.11736,1.112,1.11456,30,23,0.2728121186014728,-0.20819872209059137,0.021537798836960477,0.4133937166937064
EURUSD,2022-01-31,1.11415,1.12479,1.1137,1.12334,106,5,0.9549881075259151,-0.04038953462281214,0.8248440515190981,0.4396169135311441
EURUSD,2022-02-01,1.12346,1.12788,1.1219,1.12704,44,16,0.3934274473501585,-0.13885674612358304,0.3186584302066953,0.4457445333144423
EURUSD,2022-02-02,1.1271,1.13302,1.1264,1.13022,59,7,0.5252417709165048,-0.06210629047998606,0.2768166089965408,0.44717744732256565
EURUSD,2022-02-03,1.13011,1.14515,1.1266,1.144,150,35,1.3308439001513077,-0.3105892346762618,1.2290838944881435,0.5217729615956155
EURUSD,2022-02-04,1.1437,1.14839,1.1409,1.1448,47,28,0.41007257147854187,-0.24481944565881908,0.096179067937405,0.5084222322245598
EURUSD,2022-02-07,1.14628,1.14652,1.1412,1.14412,2,51,0.02093729280804149,-0.44317269777017604,-0.18843563527235405,0.5069700120903653
EURUSD,2022-02-08,1.14421,1.14488,1.1394,1.14153,7,48,0.05855568470822213,-0.4203773782784612,-0.23422273883290792,0.5046394891981351
EURUSD,2022-02-09,1.14145,1.14479,1.1401,1.1423,33,14,0.29261027640281206,-0.11827062070175516,0.07446668710850386,0.48226673400622794
EURUSD,2022-02-10,1.14211,1.14949,1.1373,1.1427,74,48,0.6461724352295263,-0.4211503270262918,0.05165877192215202,0.48146189496211894
EURUSD,2022-02-11,1.14276,1.14304,1.1328,1.13457,3,100,0.024502082677032622,-0.87157408379712,-0.7166859183030487,0.5001172200642177
EURUSD,2022-02-14,1.13369,1.13691,1.1278,1.13052,32,59,0.28402826169411394,-0.5195423793100559,-0.2796178849597436,0.503242709424783
EURUSD,2022-02-15,1.13047,1.13684,1.12955,1.1358,64,9,0.5634824453545858,-0.08138208001981759,0.4714853114191296,0.48907536728654666
EURUSD,2022-02-16,1.13569,1.13959,1.1342,1.13721,39,15,0.34340356963608154,-0.1311977740404504,0.1338393399607257,0.48869061914268613
EURUSD,2022-02-17,1.13719,1.13863,1.1321,1.13592,14,51,0.12662791617936386,-0.4475945092728407,-0.11167878718594804,0.4851901998347029
EURUSD,2022-02-18,1.13592,1.13771,1.1312,1.13203,18,47,0.15758151982533614,-0.4155222198746441,-0.3424536939221027,0.48825313446147595
EURUSD,2022-02-21,1.13178,1.13907,1.1305,1.13102,73,13,0.6441181148279718,-0.11309618477088726,-0.06715085970772534,0.48770605805916206
EURUSD,2022-02-22,1.1309,1.13669,1.1286,1.1323,58,23,0.5119816075691893,-0.20337784065788034,0.12379520735697833,0.4860007862985144
EURUSD,2022-02-23,1.13238,1.13593,1.1299,1.13044,36,25,0.31349900210178244,-0.21900775358095673,-0.1713205814302666,0.4722710966055062
EURUSD,2022-02-24,1.13027,1.1311,1.1104,1.11914,8,199,0.07343378130888073,-1.757987029647788,-0.9847204650216393,0.4836422479701981
EURUSD,2022-02-25,1.11916,1.12743,1.1164,1.12657,83,28,0.7389470674434397,-0.24661353157724308,0.662103720647641,0.5040879768064707
EURUSD,2022-02-28,1.1125,1.12465,1.11227,1.12175,121,2,1.0921348314606636,-0.020674157303366514,0.8314606741573016,0.5046194036653624
EURUSD,2022-03-01,1.12176,1.12331,1.1088,1.11239,15,130,0.13817572386249646,-1.155327342747119,-0.8352945371559067,0.5381819455192994
EURUSD,2022-03-02,1.11234,1.1144,1.1055,1.11186,21,68,0.18519517413739958,-0.6149198985921731,-0.04315227358541776,0.5342919468217259
EURUSD,2022-03-03,1.11186,1.11224,1.1032,1.10659,4,87,0.03417696472575908,-0.7788750382242469,-0.47398053711799215,0.4554739727279549
EURUSD,2022-03-04,1.1066,1.1068,1.0884,1.09241,2,182,0.018073377914330196,-1.6446773902042287,-1.282306163021862,0.5234255244214072
EURUSD,2022-03-07,1.09236,1.09325,1.0804,1.08549,9,120,0.08147497162108255,-1.0948771467281821,-0.6289135449851635,0.5334522933630109
EURUSD,2022-03-08,1.08537,1.09583,1.0847,1.08993,105,7,0.9637266554262728,-0.061730101255788206,0.4201332264573482,0.5504657393697693
EURUSD,2022-03-09,1.08995,1.10953,1.0888,1.1075,196,11,1.7964126794807038,-0.10550942703793609,1.6101656039267815,0.6771833285889256
EURUSD,2022-03-10,1.10738,1.11212,1.0974,1.09849,47,100,0.4280373494193471,-0.9012263179757716,-0.8027957882569727,0.6950492093312278
EURUSD,2022-03-11,1.0984,1.10435,1.09,1.09099,59,84,0.5416970138383012,-0.7647487254187876,-0.6746176256373032,0.693223559561501
EURUSD,2022-03-14,1.09172,1.0994,1.0899,1.0942,77,18,0.7034770820356785,-0.1667094126699092,0.22716447440736065,0.6964233652269867
EURUSD,2022-03-15,1.09427,1.10199,1.0924,1.0949,77,19,0.7054931598234392,-0.17089018249609678,0.057572628327552465,0.6846946492745115
EURUSD,2022-03-16,1.09486,1.10468,1.09476,1.10309,98,1,0.8969183274574066,-0.009133587855980582,0.7516942805472809,0.7101038221714867
EURUSD,2022-03-17,1.10311,1.11375,1.1006,1.10888,106,25,0.964545693539174,-0.22753850477287052,0.523066602605366,0.722996918496135
EURUSD,2022-03-18,1.10906,1.11186,1.1001,1.105,28,90,0.25246605233261826,-0.8078913674643263,-0.3660757758822744,0.7235103758326975
EURUSD,2022-03-21,1.10504,1.10703,1.1009,1.1018,20,41,0.18008397886048796,-0.37464707159922106,-0.29320205603418265,0.725454189273255
EURUSD,2022-03-22,1.10183,1.10458,1.0959,1.1028,27,59,0.24958478168136716,-0.538195547407494,0.08803535935669889,0.7250019261700661
EURUSD,2022-03-23,1.10285,1.10437,1.0962,1.1005,15,67,0.13782472684408267,-0.6029831799428793,-0.21308428163395512,0.7253714411334896
EURUSD,2022-03-24,1.10063,1.10139,1.0964,1.09964,8,42,0.06905136149297166,-0.3843253409410934,-0.08994848405004828,0.6929402492856356
EURUSD,2022-03-25,1.09961,1.10379,1.09788,1.0982,42,17,0.3801347750566176,-0.15732850737989007,-0.12822728058128893,0.6738711317868014
EURUSD,2022-03-28,1.09836,1.09995,1.0943,1.09841,16,41,0.144761280454494,-0.36964201172656985,0.004552241523735889,0.6404400698613937
EURUSD,2022-03-29,1.09843,1.11372,1.0968,1.10861,153,16,1.3919867447174628,-0.14839361634332823,0.9267773094325608,0.6560554963857443
EURUSD,2022-03-30,1.1086,1.11711,1.10842,1.1157,85,2,0.7676348547717858,-0.01623669493054925,0.6404474111491867,0.672355554214372
EURUSD,2022-03-31,1.11563,1.11849,1.1059,1.1066,29,97,0.25635739447667105,-0.8721529539363225,-0.8094081371063768,0.6891634990344053
EURUSD,2022-04-01,1.10658,1.10761,1.1026,1.1047,10,40,0.09307957852121732,-0.3596667208877689,-0.1698928229319057,0.6220084877552012
EURUSD,2022-04-04,1.1038,1.10544,1.0959,1.09723,16,79,0.14857764087697825,-0.7157093676390467,-0.5952165247327383,0.6201049624031078
EURUSD,2022-04-05,1.09725,1.09887,1.0898,1.0906,16,74,0.14764183185235405,-0.6789701526543592,-0.6060606060606101,0.630698486045424
EURUSD,2022-04-06,1.0906,1.09381,1.0873,1.08961,32,33,0.2943333944617582,-0.3025857326242509,-0.09077571978727732,0.504847368550206
EURUSD,2022-04-07,1.08971,1.09385,1.0863,1.0878,41,34,0.37991759275403847,-0.31292729258242225,-0.1752759908599404,0.4763212022313773
EURUSD,2022-04-08,1.08787,1.08918,1.0835,1.0875,13,44,0.1204188000404593,-0.40170240929522694,-0.03401141680531511,0.45305184150325073
EURUSD,2022-04-11,1.09083,1.09333,1.0871,1.08823,25,37,0.22918328245463976,-0.3419414574223308,-0.23835061375282451,0.4517716895116474
EURUSD,2022-04-12,1.08828,1.09038,1.0819,1.0827,21,64,0.19296504576028145,-0.5862461866431278,-0.5127356930201712,0.4630880415917151
EURUSD,2022-04-13,1.08273,1.08942,1.0807,1.08889,67,20,0.6178825746030945,-0.18748903235340078,0.5689322361068727,0.44757639185318304
EURUSD,2022-04-14,1.08888,1.09233,1.0756,1.0827,34,133,0.31683932113731106,-1.2196017926677118,-0.5675556535155457,0.4367305909988823
EURUSD,2022-04-15,1.08256,1.0829,1.0795,1.0805,3,31,0.03140703517588004,-0.2826633165829204,-0.19028968371267652,0.4335514447454026
EURUSD,2022-04-18,1.08069,1.08216,1.0768,1.0778,15,39,0.1360242067568019,-0.35995521379858697,-0.2674217398143628,0.4330607783320851
EURUSD,2022-04-19,1.07755,1.08145,1.076,1.0788,39,15,0.36193216092060826,-0.14384483318638952,0.11600389773096129,0.43382251858108245
EURUSD,2022-04-20,1.0789,1.08671,1.0782,1.08506,78,7,0.7238854388729349,-0.06488089721011428,0.5709518954490632,0.4597668029463835
EURUSD,2022-04-21,1.085,1.09364,1.0822,1.08346,86,28,0.7963133640552978,-0.2580645161290243,-0.1419354838709562,0.45995879002850426
EURUSD,2022-04-22,1.08346,1.08516,1.0769,1.0794,17,66,0.15690473113911105,-0.6054676683957064,-0.3747254167205226,0.46445929783568596
EURUSD,2022-04-25,1.08058,1.08153,1.0695,1.07121,10,111,0.08791574894963874,-1.025375261433693,-0.867126913324335,0.49433610687306145
EURUSD,2022-04-26,1.07118,1.07387,1.0634,1.06374,27,78,0.25112492764988903,-0.7263018353591478,-0.6945611381840693,0.43998911491796966
EURUSD,2022-04-27,1.06379,1.06549,1.0513,1.05541,17,125,0.15980597674353347,-1.1741039114863001,-0.7877494618298775,0.40734243099731837
EURUSD,2022-04-28,1.0554,1.05649,1.0469,1.04983,11,85,0.10327837786621523,-0.8053818457456844,-0.527761985976867,0.39318549189326435
EURUSD,2022-04-29,1.04978,1.0593,1.0489,1.0541,95,9,0.9068566747318461,-0.08382708758025414,0.4115147935758065,0.42212679236660544
EURUSD,2022-05-02,1.05464,1.05684,1.0489,1.05037,22,57,0.20860198740802358,-0.544261548964583,-0.40487749374194,0.4160408446247967
EURUSD,2022-05-03,1.05048,1.05778,1.0491,1.05214,73,14,0.6949204173330156,-0.1313685172492726,0.15802299900997588,0.41580586454622076
EURUSD,2022-05-04,1.05208,1.0631,1.0504,1.06237,110,17,1.047448863204322,-0.15968367424529542,0.978062504752503,0.49252793498517317
EURUSD,2022-05-05,1.06247,1.06418,1.0491,1.05399,17,134,0.16094572082034111,-1.2583884721451055,-0.7981401827816356,0.5135188547739475
EURUSD,2022-05-06,1.05397,1.05988,1.0481,1.0551,59,59,0.5607370228754006,-0.5569418484397128,0.10721367780865236,0.5165964269066808
EURUSD,2022-05-09,1.05404,1.05924,1.0494,1.05564,52,46,0.4933399111988037,-0.44021099768509514,0.1517968957534651,0.5213482395353369
EURUSD,2022-05-10,1.05568,1.05854,1.0524,1.05292,29,33,0.2709154289178619,-0.31070021218550603,-0.26144286147316176,0.515230126454111
EURUSD,2022-05-11,1.0529,1.05771,1.05,1.05132,48,29,0.45683350745559703,-0.2754297654098113,-0.15006173425775618,0.4874170370924155
EURUSD,2022-05-12,1.0514,1.05292,1.0352,1.03775,15,162,0.1445691459007217,-1.540802739204869,-1.298268974700394,0.5425058437238143
EURUSD,2022-05-13,1.03788,1.04196,1.0348,1.0412,41,31,0.39310902994566654,-0.29675877750799434,0.3198828380930348,0.5554952547320401
EURUSD,2022-05-16,1.03968,1.0443,1.0387,1.04347,46,10,0.44436749769160405,-0.09425977223760974,0.3645352416128001,0.5685615695277545
EURUSD,2022-05-17,1.0435,1.05558,1.0427,1.05492,121,8,1.1576425491135474,-0.07666506947773204,1.0943938667944404,0.6318088995222448
EURUSD,2022-05-18,1.055,1.05637,1.0458,1.04615,14,92,0.12985781990522213,-0.8720379146919314,-0.8388625592417085,0.630774109246843
EURUSD,2022-05-19,1.04617,1.06073,1.0458,1.05812,146,4,1.391743215729748,-0.035367100949174744,1.1422617738990704,0.6965700807147166
EURUSD,2022-05-20,1.05835,1.05993,1.0531,1.056,16,52,0.14928898757501177,-0.49605518023338,-0.2220437473425476,0.6943931505962374
EURUSD,2022-05-23,1.05583,1.06973,1.05571,1.0689,139,1,1.316499815311179,-0.011365466031474765,1.2378886752602136,0.7315196653242604
EURUSD,2022-05-24,1.06871,1.07487,1.0659,1.0732,62,28,0.576395841715708,-0.2629338174060296,0.42013268332848785,0.7182323685597719
EURUSD,2022-05-25,1.07328,1.0739,1.064,1.06785,6,93,0.05776684555754928,-0.8646392367322557,-0.5059257602862297,0.7034439908570889
EURUSD,2022-05-26,1.068,1.07315,1.0661,1.073,51,19,0.4822097378277142,-0.17790262172284763,0.4681647940074806,0.6941718627428887
EURUSD,2022-05-27,1.07292,1.07652,1.0695,1.07317,36,34,0.3355329381500788,-0.318756291242609,0.023300898482632573,0.6909738175727507
EURUSD,2022-05-30,1.07326,1.0787,1.0724,1.0777,54,9,0.5068669287963671,-0.0801296983023762,0.41369286100292557,0.6837433276628803
EURUSD,2022-05-31,1.07762,1.07794,1.0677,1.07313,3,99,0.02969506876263209,-0.9205471316419451,-0.4166589335758528,0.6949399737510629
EURUSD,2022-06-01,1.07308,1.07393,1.0625,1.06519,9,106,0.07921124240504132,-0.9859469937003796,-0.7352667089126582,0.6880630646919976
EURUSD,2022-06-02,1.06516,1.0756,1.0643,1.07471,104,9,0.9801344398963331,-0.08073904389951583,0.8965789177212763,0.6855984417308041
EURUSD,2022-06-03,1.0746,1.07646,1.0702,1.0719,19,44,0.17308766052484392,-0.40945468081146097,-0.25125628140702816,0.69035986192088
EURUSD,2022-06-06,1.07188,1.0752,1.0682,1.0694,33,37,0.3097361644960247,-0.34332201365823656,-0.2313691831175167,0.6939392224709523
EURUSD,2022-06-07,1.06948,1.07142,1.065,1.07048,19,45,0.18139656655571426,-0.4188951640049407,0.09350338482254104,0.6894470257655041
EURUSD,2022-06-08,1.0705,1.07485,1.067,1.07159,44,35,0.4063521718823051,-0.3269500233535786,0.10182157870154464,0.687103933389009
EURUSD,2022-06-09,1.07158,1.07738,1.0609,1.06171,58,107,0.5412568357005569,-0.9966591388417125,-0.9210698221318097,0.6508113240380934
EURUSD,2022-06-10,1.06182,1.06423,1.0504,1.0515,24,114,0.22696878943700657,-1.0755118570002435,-0.9719161439791947,0.6929487047383818
EURUSD,2022-06-13,1.05142,1.05201,1.0398,1.04075,6,116,0.05611458789064964,-1.1051720530330376,-1.0148180555819708,0.7285705915792279
EURUSD,2022-06-14,1.04084,1.04848,1.0395,1.04117,76,13,0.7340225202720967,-0.12874216978593223,0.03170516121593535,0.6809135125799122
EURUSD,2022-06-15,1.04153,1.05078,1.0357,1.04451,92,58,0.8881165208875386,-0.5597534396512824,0.2861175386210654,0.6596700797029842
EURUSD,2022-06-16,1.04462,1.06014,1.0379,1.0554,155,67,1.4857077214680914,-0.643296126821242,1.0319542034423799,0.649938268514962
EURUSD,2022-06-17,1.05515,1.05608,1.0443,1.0498,9,109,0.08813912713830975,-1.028289816613754,-0.5070369141828144,0.6578326340975471
EURUSD,2022-06-20,1.0487,1.05458,1.0472,1.05117,59,15,0.5606941928101562,-0.14303423285973652,0.23552970344235458,0.5911552403957866
EURUSD,2022-06-21,1.05102,1.05825,1.0507,1.05337,72,3,0.6879031797682106,-0.03044661376568457,0.22359231984166353,0.5840357501323548
EURUSD,2022-06-22,1.05341,1.06059,1.0467,1.05638,72,67,0.6815959597877336,-0.6369789540634695,0.2819415042576147,0.5808875629156928
EURUSD,2022-06-23,1.05636,1.05812,1.0481,1.05208,18,83,0.16660986784808057,-0.7819304025142881,-0.4051649059032964,0.5728071337568637
EURUSD,2022-06-24,1.05205,1.05712,1.051,1.0554,51,10,0.48191625873296234,-0.09980514234114304,0.318425930326502,0.5796868272993253
EURUSD,2022-06-27,1.05525,1.0615,1.0548,1.0583,63,5,0.5922767116797052,-0.04264392324094399,0.28903103529969176,0.5747825932310099
EURUSD,2022-06-28,1.05845,1.06063,1.0502,1.05208,22,82,0.20596154754594653,-0.7794416363550352,-0.6018234210401991,0.5818835148612894
EURUSD,2022-06-29,1.05217,1.05355,1.0433,1.0439,14,89,0.13115751256925562,-0.8430196641227325,-0.7859946586578214,0.5849354278295537
EURUSD,2022-06-30,1.04407,1.04888,1.0381,1.04771,48,60,0.46069707969771956,-0.5718007413296072,0.3486356278793439,0.5476936222279785
EURUSD,2022-07-01,1.0477,1.0482,1.0365,1.0428,5,112,0.04772358499569962,-1.0690083039037985,-0.4676911329579198,0.5524906978604803
EURUSD,2022-07-04,1.04206,1.04628,1.0415,1.0422,42,6,0.4049670844289304,-0.053739707886291954,0.013434926971578316,0.5529136672284916
EURUSD,2022-07-05,1.04207,1.04488,1.0233,1.02646,28,188,0.2696555893557994,-1.8012225666221993,-1.497979982150923,0.6296200380812089
EURUSD,2022-07-06,1.02654,1.02766,1.016,1.01821,11,105,0.10910437001967871,-1.0267500535780383,-0.8114637520213482,0.6395747390292595
EURUSD,2022-07-07,1.01823,1.0221,1.0142,1.01603,39,40,0.3800713001974053,-0.39578484232442357,-0.2160612042465828,0.6195376016133094
EURUSD,2022-07-08,1.01607,1.01912,1.0071,1.0183,30,90,0.30017616896473637,-0.8828131920044803,0.21947306780044232,0.599473604780923
EURUSD,2022-07-11,1.01791,1.01834,1.0032,1.0037,4,147,0.042243420341673665,-1.4451179377351633,-1.3959976815239121,0.6334643200803179
EURUSD,2022-07-12,1.00377,1.00738,0.9998,1.0034,36,40,0.35964414158620905,-0.395508931328893,-0.036861033902186896,0.632497369787585
EURUSD,2022-07-13,1.00355,1.01222,0.9996,1.00553,87,39,0.8639330377161034,-0.3936027103781474,0.1972995864680477,0.6294017477778653
EURUSD,2022-07-14,1.00569,1.00589,0.995,1.00183,2,107,0.019886843858443255,-1.0629518042339068,-0.3838160864679946,0.5621377827161209
EURUSD,2022-07-15,1.00186,1.00979,1.0005,1.00843,79,14,0.7915277583694321,-0.1357475096320871,0.6557802487373451,0.5933273598158166
EURUSD,2022-07-18,1.00829,1.02013,1.0077,1.0144,118,6,1.1742653403286827,-0.058514911384608445,0.6059764551865099,0.6128055138482583
EURUSD,2022-07-19,1.01466,1.02692,1.0118,1.0226,123,29,1.2082865196223525,-0.28186781779116776,0.7825281375041944,0.6437803371935192
EURUSD,2022-07-20,1.02279,1.02731,1.0154,1.01791,45,74,0.4419284506105708,-0.722533462392085,-0.47712629180965743,0.6396776811256035
EURUSD,2022-07-21,1.0179,1.02781,1.0152,1.02267,99,27,0.9735730425385464,-0.265251989389913,0.46861184792218696,0.6533598595173138
EURUSD,2022-07-22,1.02268,1.02553,1.0129,1.021,29,98,0.27867954785465826,-0.9563108694802012,-0.16427425978802027,0.6444363039932397
EURUSD,2022-07-25,1.02174,1.02579,1.0177,1.022,40,40,0.39638264137646434,-0.3954039188051797,0.02544678685379127,0.6373636270983002
EURUSD,2022-07-26,1.0221,1.02502,1.0106,1.01179,29,115,0.28568633206144545,-1.1251345269543163,-1.008707562860781,0.6578328299567232
EURUSD,2022-07-27,1.01174,1.02209,1.0095,1.01998,103,22,1.0229900962697787,-0.22140075513472035,0.8144384921027166,0.6793327159857144
EURUSD,2022-07-28,1.02005,1.02344,1.0112,1.01947,34,88,0.33233665016420805,-0.8676045291897263,-0.05685995784518435,0.6707190580669833
EURUSD,2022-07-29,1.01952,1.02544,1.0144,1.02248,59,51,0.5806654111738785,-0.5021971123666052,0.2903327055869501,0.6724455532897842
EURUSD,2022-08-01,1.02182,1.02753,1.0204,1.02587,57,14,0.5588068348632933,-0.13896772425671614,0.3963516079152991,0.6812031893221785
EURUSD,2022-08-02,1.02578,1.02939,1.01619,1.01625,36,96,0.3519273138489845,-0.9348983212774657,-0.9290491138450562,0.6287141235177618
EURUSD,2022-08-03,1.01636,1.02105,1.0121,1.01691,47,43,0.46145066708647364,-0.4191428234090215,0.05411468377347106,0.6028866760100552
EURUSD,2022-08-04,1.01702,1.02539,1.0153,1.02447,84,17,0.8229926648443481,-0.1691215511985943,0.732532300249745,0.6226399594824439
EURUSD,2022-08-05,1.02457,1.0252,1.014,1.0181,6,106,0.06148921010764598,-1.0316523029173184,-0.6314844276135331,0.6385662282988191
EURUSD,2022-08-08,1.01783,1.0222,1.0157,1.0193,44,21,0.4293447825275326,-0.20926873839442395,0.14442490396235935,0.5482188300141331
EURUSD,2022-08-09,1.01927,1.02475,1.0187,1.02137,55,6,0.5376396833027708,-0.05592237581798341,0.20602980564521578,0.5483244338721657
EURUSD,2022-08-10,1.02125,1.03687,1.02,1.02976,156,12,1.5294981640146847,-0.12239902080783092,0.8332925336597324,0.5729979343634489
EURUSD,2022-08-11,1.02988,1.03644,1.0274,1.03205,66,25,0.6369674136792755,-0.24080475395189885,0.21070415970792766,0.560891893904475
EURUSD,2022-08-12,1.03227,1.03274,1.0237,1.0258,5,86,0.045530723551006076,-0.8302091507066917,-0.6267740029255888,0.5729283789014095
EURUSD,2022-08-15,1.02587,1.02683,1.0153,1.01599,10,106,0.09357910846402076,-1.03034497548422,-0.9630849912757085,0.6041972604268562
EURUSD,2022-08-16,1.01595,1.01949,1.0121,1.01673,35,38,0.34844234460358275,-0.37895565726658886,0.07677543186180452,0.5763693886908497
EURUSD,2022-08-17,1.01678,1.0203,1.0144,1.0176,35,24,0.3461909164224284,-0.23407226735380798,0.08064674757568431,0.5670253478354349
EURUSD,2022-08-18,1.01756,1.0193,1.0079,1.00866,17,97,0.17099728762923805,-0.9493297692519361,-0.8746412987932043,0.5874911231718859
EURUSD,2022-08-19,1.00881,1.00955,1.003,1.0034,7,58,0.0733537534322581,-0.5759260911370915,-0.5362754136061215,0.5964701625252833
EURUSD,2022-08-22,1.00385,1.00466,0.9924,0.99424,8,114,0.08068934601785123,-1.1406086566718097,-0.9573143397917914,0.626356512577672
EURUSD,2022-08-23,0.9942,1.00183,0.9899,0.9968,76,43,0.7674512170589445,-0.43250854958760515,0.26151679742507006,0.5970529760106174
EURUSD,2022-08-24,0.99684,0.99993,0.9908,0.99677,31,60,0.30997953533165173,-0.6059146904217261,-0.007022190120771987,0.559833733285703
EURUSD,2022-08-25,0.99669,1.00334,0.9947,0.99763,66,20,0.667208460002602,-0.19966087750453365,0.09431217329360703,0.5616745314825261
EURUSD,2022-08-26,0.99758,1.009,0.9945,0.9961,114,31,1.1447703442330315,-0.30874716814691266,-0.14835902884982025,0.5538430213665477
EURUSD,2022-08-29,0.99556,1.00292,0.9912,0.99979,74,44,0.7392824139177984,-0.43794447346217513,0.42488649604242396,0.5553028764623998
EURUSD,2022-08-30,0.99993,1.00549,0.998,1.00155,56,19,0.5560389227245917,-0.19301351094576494,0.16201134079385104,0.5252167421436298
EURUSD,2022-08-31,1.00155,1.0079,0.997,1.00501,64,45,0.6340172732265067,-0.4542958414457534,0.34546452997853516,0.5329173987304595
EURUSD,2022-09-01,1.00507,1.00543,0.991,0.9943,4,141,0.0358184007084221,-1.399902494353619,-1.071567154526545,0.5445146003060792
EURUSD,2022-09-02,0.99444,1.0034,0.9941,0.995,90,3,0.9010096134507943,-0.03419009693898143,0.056313100840674646,0.5340457402348094
EURUSD,2022-09-05,0.99207,0.99441,0.9876,0.99293,23,45,0.23587045268983123,-0.45057304424082717,0.08668743133044764,0.5327272201634821
EURUSD,2022-09-06,0.99284,0.99864,0.9862,0.9904,58,66,0.5841827484791132,-0.6687885258450486,-0.2457596390153497,0.5278508354916863
EURUSD,2022-09-07,0.99044,1.00109,0.9873,1.00079,107,31,1.0752796736803893,-0.3170308145874593,1.0449901054077058,0.5500491658755123
EURUSD,2022-09-08,1.00079,1.003,0.9929,0.99969,22,79,0.2208255478172067,-0.7883771820262057,-0.1099131685968186,0.544259282140089
EURUSD,2022-09-09,0.9996,1.01134,0.99955,1.0039,117,0,1.1744697879151522,-0.005002000800319577,0.43017206882752806,0.5463638803820144
EURUSD,2022-09-12,1.00913,1.01979,1.0058,1.01188,107,33,1.0563554745176431,-0.3299872167114301,0.272511965752659,0.5114868272879151
EURUSD,2022-09-13,1.01188,1.01872,0.99616,0.99642,68,157,0.6759694825473554,-1.5535438984859713,-1.5278491520733604,0.6100832479739097
EURUSD,2022-09-14,0.99638,1.00236,0.9954,0.99783,60,10,0.6001726249021331,-0.09835604889701638,0.1455268070414853,0.6113269265463954
EURUSD,2022-09-15,0.99806,1.00179,0.9954,0.9996,37,27,0.3737250265515111,-0.26651704306354285,0.15429934072100845,0.5861664986178089
EURUSD,2022-09-16,0.9995,1.0037,0.9943,1.0015,42,52,0.4202101050525244,-0.5202601300650418,0.20010005002501266,0.577491750708984
EURUSD,2022-09-19,1.00141,1.00294,0.9962,1.00256,15,52,0.15278457375101423,-0.520266424341672,0.11483807830958194,0.5339724584129952
EURUSD,2022-09-20,1.00261,1.0051,0.9951,0.99691,25,75,0.24835180179731933,-0.7490449925693955,-0.5685161727890244,0.5474573540609637
EURUSD,2022-09-21,0.99682,0.99752,0.9811,0.9836,7,157,0.07022331012619358,-1.5770149074055564,-1.3262173712405458,0.6218349555282002
EURUSD,2022-09-22,0.98397,0.99075,0.9805,0.98332,68,35,0.6890453977255413,-0.35265302803947,-0.06605892456071216,0.620592547099519
EURUSD,2022-09-23,0.98351,0.9852,0.9664,0.969,17,171,0.17183353499201526,-1.7396874459842766,-1.475328161381178,0.6946519020318369
EURUSD,2022-09-26,0.96739,0.97098,0.95501,0.96091,36,124,0.37110162395724394,-1.2797320625600788,-0.6698435997891161,0.690278576113814
EURUSD,2022-09-27,0.96091,0.9671,0.9565,0.9594,62,44,0.6441810367255952,-0.4589399631599239,-0.15714270847425996,0.6850801317284275
EURUSD,2022-09-28,0.95947,0.97508,0.9532,0.97332,156,63,1.6269398730549054,-0.653485778606939,1.443505268533661,0.7712254265604632
EURUSD,2022-09-29,0.97335,0.9824,0.9632,0.98167,91,102,0.9297785996815126,-1.0427903631787232,0.8547798839060968,0.7721333301039658
EURUSD,2022-09-30,0.98172,0.98539,0.9731,0.98003,37,86,0.37383367966425773,-0.8780507680397742,-0.1721468443140692,0.7719006408453969
EURUSD,2022-10-03,0.97954,0.98446,0.9749,0.9821,49,46,0.5022765788022986,-0.4736917328541946,0.26134716295404037,0.7748510596975103
EURUSD,2022-10-04,0.98219,0.99997,0.9802,0.99828,178,20,1.8102403811889776,-0.20260845661226926,1.6381759130107145,0.8619555860980932
EURUSD,2022-10-05,0.9983,0.99949,0.9833,0.98839,12,150,0.11920264449564504,-1.5025543423820509,-0.9926875688670715,0.8553694452382582
EURUSD,2022-10-06,0.98852,0.99265,0.97846,0.97915,41,101,0.4177963015417066,-1.017683000849751,-0.9478816817059836,0.8772819116501339
EURUSD,2022-10-07,0.97914,0.9817,0.9725,0.9741,26,66,0.2614539289580659,-0.6781461282349796,-0.5147374226361955,0.871551180500797
EURUSD,2022-10-10,0.97382,0.97531,0.968,0.97016,15,58,0.15300568893635286,-0.5976463822883128,-0.37583947752151287,0.866398646841133
EURUSD,2022-10-11,0.97026,0.97747,0.9669,0.97027,72,34,0.7430997876857686,-0.34629893018366514,0.0010306515779228752,0.8085022064442448
EURUSD,2022-10-12,0.97031,0.97351,0.9666,0.9705,32,37,0.32979150992981426,-0.3823520318248798,0.019581370902085258,0.8067922496746623
EURUSD,2022-10-13,0.97048,0.9806,0.9629,0.97771,101,76,1.0427829527656436,-0.781056796636719,0.7449921688236706,0.8282335211592307
EURUSD,2022-10-14,0.97755,0.98086,0.9706,0.9719,33,70,0.33860160605594847,-0.7109610761597884,-0.5779755511227092,0.8316915198441288
EURUSD,2022-10-17,0.97223,0.98522,0.9718,0.984,130,4,1.336103596885505,-0.044228217602834866,1.210618886477474,0.8837118216819494
EURUSD,2022-10-18,0.98393,0.98755,0.9811,0.9862,36,28,0.36791235148842577,-0.2876220869370788,0.23070746902726763,0.8786820370846282
EURUSD,2022-10-19,0.98611,0.98725,0.97549,0.97715,11,106,0.11560576406282451,-1.0769589599537652,-0.9086207421078865,0.8511279764475063
EURUSD,2022-10-20,0.97724,0.98455,0.97524,0.97842,73,20,0.748025050141218,-0.2046580164545047,0.12074822970815347,0.8516516916035043
EURUSD,2022-10-21,0.97852,0.98692,0.9703,0.9861,84,82,0.8584392756407713,-0.8400441483055936,0.7746392511139304,0.7950924140398294
EURUSD,2022-10-24,0.98832,0.98992,0.98047,0.9869,16,79,0.16189088554314857,-0.7942771571960523,-0.1436781609195379,0.7768026795897841
EURUSD,2022-10-25,0.98706,0.99769,0.9847,0.9966,106,24,1.0769355459647758,-0.23909387473912716,0.9665065953437474,0.7956912609491286
EURUSD,2022-10-26,0.99659,1.00887,0.99415,1.00797,123,24,1.2322018081658412,-0.2448348869645489,1.1418938580559765,0.7730530764419706
EURUSD,2022-10-27,1.0081,1.00937,0.99554,0.99643,13,126,0.1259795655193041,-1.2459081440333315,-1.1576232516615375,0.8088974819786683
EURUSD,2022-10-28,0.99649,0.9998,0.9925,0.9963,33,40,0.33216590231713666,-0.4004054230348461,-0.019066924906423897,0.8072485076621874
EURUSD,2022-10-31,0.99567,0.99658,0.98706,0.98814,9,86,0.09139574356965323,-0.8647443430052132,-0.7562746693181512,0.8266301749698051
EURUSD,2022-11-01,0.98818,0.99543,0.98508,0.98746,73,31,0.7336720030763717,-0.3137080289016163,-0.07286121961585368,0.7339907383985071
EURUSD,2022-11-02,0.98745,0.9976,0.98107,0.98146,101,64,1.0279001468428772,-0.6461086637298143,-0.606612993062945,0.7130259857549818
EURUSD,2022-11-03,0.98199,0.98396,0.9728,0.9748,20,92,0.20061304086598805,-0.9358547439383325,-0.7321866821454424,0.7001421569340948
EURUSD,2022-11-04,0.97491,0.99665,0.9741,0.99581,217,8,2.2299494312295476,-0.08308459242392512,2.1437876316788134,0.8418442785946265
EURUSD,2022-11-07,0.99055,1.00345,0.99013,1.0019,129,4,1.3023067992529314,-0.042400686487313814,1.1458280753116925,0.8650013817852987
EURUSD,2022-11-08,1.00185,1.00963,0.99703,1.00728,78,48,0.7765633577881041,-0.4811099465987858,0.5419973049857809,0.867687002952897
EURUSD,2022-11-09,1.00708,1.00882,0.99908,1.00103,17,80,0.17277674067602125,-0.7943758192000643,-0.600746713270037,0.885504823483791
EURUSD,2022-11-10,1.0007,1.02219,0.99334,1.0208,215,74,2.1474967522734096,-0.7354851603877208,2.008593984211053,0.969601455989327
EURUSD,2022-11-11,1.02076,1.03642,1.0161,1.03538,157,47,1.5341510247266752,-0.4565225910106085,1.4322661546298914,0.9849106642476908
EURUSD,2022-11-14,1.03382,1.03586,1.0269,1.03265,20,69,0.19732642046004545,-0.6693621713644577,-0.11317250585207225,0.9673647536790075
EURUSD,2022-11-15,1.03259,1.04818,1.0278,1.03478,156,48,1.5097957563021136,-0.4638820829176973,0.2120880504362948,0.967413320140592
EURUSD,2022-11-16,1.0348,1.04385,1.0329,1.03942,91,19,0.8745651333591035,-0.1836103594897577,0.44646308465404605,0.9272230779532007
EURUSD,2022-11-17,1.03936,1.04065,1.03027,1.03608,13,91,0.1241148399014791,-0.8745766625615804,-0.31557881773400664,0.9376443594802281
EURUSD,2022-11-18,1.03589,1.0396,1.0311,1.03235,37,48,0.35814613520741606,-0.462404309337871,-0.3417351263164889,0.9420487990191907
EURUSD,2022-11-21,1.0323,1.03332,1.02206,1.02411,10,102,0.09880848590526212,-0.9919597016371235,-0.793374019180463,0.9675223837135438
EURUSD,2022-11-22,1.02404,1.03082,1.02374,1.0303,68,3,0.662083512362799,-0.02929573063551882,0.6113042459278868,0.9564202616551726
EURUSD,2022-11-23,1.03028,1.04052,1.02946,1.03954,102,8,0.9939045696315374,-0.07959001436503114,0.8987847963660193,0.9454180313126315
EURUSD,2022-11-24,1.03953,1.04485,1.038,1.04087,53,15,0.5117697420949844,-0.14718189951228258,0.12890440872316303,0.890606228115097
EURUSD,2022-11-25,1.0407,1.04293,1.03522,1.0395,22,55,0.21427885077351344,-0.5265686557124944,-0.11530700490053501,0.892456711869612
EURUSD,2022-11-28,1.03706,1.04969,1.03277,1.03388,126,43,1.2178658901124253,-0.4136694116058981,-0.3066360673442407,0.8710173658966495
EURUSD,2022-11-29,1.03385,1.03945,1.03174,1.0328,56,21,0.5416646515451999,-0.20409150263576287,-0.10156212216472366,0.8716502887055969
EURUSD,2022-11-30,1.03283,1.04288,1.0288,1.04041,101,40,0.9730546169263204,-0.39019006031970205,0.7339058702787625,0.8514209633226726
EURUSD,2022-12-01,1.04041,1.0534,1.03906,1.05257,130,13,1.2485462461913894,-0.12975653828778677,1.168770004132981,0.8307932935873346
EURUSD,2022-12-02,1.05258,1.0545,1.0427,1.05325,19,99,0.1824089380379564,-0.9386459936536995,0.06365311900282623,0.7302963287362358
EURUSD,2022-12-05,1.053,1.05948,1.0478,1.04877,65,52,0.6153846153846193,-0.493827160493815,-0.40170940170939756,0.7218238937120784
EURUSD,2022-12-06,1.04902,1.05329,1.0457,1.0465,43,33,0.4070465768050176,-0.31648586299593806,-0.24022420926198523,0.726791888703265
EURUSD,2022-12-07,1.0466,1.05498,1.0441,1.05029,84,25,0.800687941907133,-0.238868717752718,0.3525702274030165,0.7010227355767076
EURUSD,2022-12-08,1.05048,1.05649,1.0488,1.0554,60,17,0.5721194120782735,-0.15992689056432544,0.4683573223669002,0.5723522927044427
EURUSD,2022-12-09,1.05542,1.05882,1.05018,1.05329,34,52,0.3221466335676858,-0.49648481173373,-0.20181539102916043,0.4973053685471583
EURUSD,2022-12-12,1.05281,1.05802,1.0504,1.05367,52,24,0.49486612019262133,-0.22891119955167819,0.0816861541968715,0.4946524368907595
EURUSD,2022-12-13,1.05355,1.06733,1.0526,1.06324,138,10,1.3079588059418066,-0.09017132551848572,0.919747520288546,0.5260907304711768
EURUSD,2022-12-14,1.06317,1.06952,1.0617,1.06815,64,15,0.5972704271189064,-0.13826575241963754,0.46841050819718244,0.5267579654513126
EURUSD,2022-12-15,1.06812,1.07363,1.0591,1.06269,55,90,0.5158596412388239,-0.8444744036250635,-0.5083698460847139,0.5374570058505687
EURUSD,2022-12-16,1.0625,1.06631,1.05827,1.05839,38,42,0.3585882352941262,-0.3981176470588194,-0.3868235294117702,0.5396928053944895
EURUSD,2022-12-19,1.0588,1.06579,1.0574,1.0606,70,14,0.6601813373630574,-0.13222516055912995,0.1700037778617325,0.4927648481680452
EURUSD,2022-12-20,1.06062,1.06586,1.0577,1.06232,52,29,0.4940506496200462,-0.27531066734549714,0.16028360770115924,0.48269562009616074
EURUSD,2022-12-21,1.06231,1.06455,1.0589,1.06039,22,34,0.21086123636226897,-0.3209985785693569,-0.1807382025962425,0.45626711680113247
EURUSD,2022-12-22,1.06052,1.06594,1.0572,1.05965,54,33,0.5110700411119266,-0.31305397352242204,-0.0820352280013509,0.4583294288845198
EURUSD,2022-12-23,1.05928,1.0633,1.0585,1.06172,40,8,0.3795030586813602,-0.07363492183369863,0.23034514009515877,0.45617180522231526
EURUSD,2022-12-26,1.061,1.06364,1.05965,1.06332,26,13,0.24882186616399396,-0.1272384542884036,0.21866163996230914,0.44528345551050635
EURUSD,2022-12-27,1.0636,1.06694,1.061,1.0639,33,26,0.3140278300112729,-0.24445280180520473,0.028206092515980344,0.44241240308376517
EURUSD,2022-12-28,1.0636,1.06745,1.0605,1.0611,38,31,0.3619781872884457,-0.2914629559985053,-0.23505077096654461,0.42829610003343904
EURUSD,2022-12-29,1.061,1.06916,1.06078,1.06609,82,2,0.7690857681432769,-0.0207351555136557,0.47973609802073885,0.36055346544938577
EURUSD,2022-12-30,1.0661,1.07131,1.0637,1.07025,52,24,0.4886971203451774,-0.2251195947847254,0.38926929931524956,0.36752437500411717
EURUSD,2023-01-02,1.07031,1.07087,1.06489,1.06656,6,54,0.05232129009351439,-0.5063953434052005,-0.3503657818762921,0.36409787714118413
EURUSD,2023-01-03,1.06646,1.06836,1.0517,1.0546,19,148,0.1781595184066925,-1.3840181535172331,-1.1120904675280818,0.44810489212753873
EURUSD,2023-01-04,1.05461,1.06354,1.0539,1.06033,89,7,0.8467585173665982,-0.06732346554650424,0.5423805956704324,0.4568749063021226
EURUSD,2023-01-05,1.0602,1.06314,1.0513,1.052,29,89,0.2773061686474196,-0.8394642520279315,-0.7734389737785309,0.48146038029257276
EURUSD,2023-01-06,1.052,1.0648,1.04816,1.06413,128,38,1.2167300380228063,-0.36501901140685034,1.1530418250950545,0.5438900150635668
EURUSD,2023-01-09,1.06409,1.07606,1.0636,1.07292,120,5,1.1249048482741155,-0.04604873647904589,0.8298170267552666,0.5704897038003383
EURUSD,2023-01-10,1.0728,1.07595,1.071,1.07326,31,18,0.2936241610738242,-0.1677852348993311,0.04287844891872921,0.536711370519908
EURUSD,2023-01-11,1.07322,1.07775,1.0724,1.07562,45,8,0.4220942583999481,-0.07640558319822989,0.22362609716553528,0.5295114264867113
EURUSD,2023-01-12,1.07566,1.0867,1.07292,1.08522,110,27,1.0263466151014204,-0.25472733019727095,0.8887566703233375,0.5450180625467932
EURUSD,2023-01-13,1.08506,1.0868,1.0779,1.08302,17,72,0.1603597957716693,-0.6598713435201586,-0.18800803642193242,0.5372014678298092
EURUSD,2023-01-16,1.08333,1.08741,1.08,1.08198,41,33,0.37661654343552603,-0.3073855611863267,-0.12461576804851361,0.5398420222224215
EURUSD,2023-01-17,1.08205,1.08699,1.0773,1.07877,49,48,0.4565408252853329,-0.43898156277436645,-0.3031283212420821,0.5473292999815219
EURUSD,2023-01-18,1.07872,1.08873,1.0765,1.0794,100,22,0.9279516463957352,-0.20579946603380755,0.06303767428063019,0.5438298283169868
EURUSD,2023-01-19,1.07928,1.084,1.0781,1.08308,47,12,0.4373285894299957,-0.10933214735749378,0.35208657623601153,0.545010045503395
EURUSD,2023-01-20,1.0831,1.0859,1.0801,1.08549,28,30,0.25851721909335573,-0.27698273474285773,0.2206629120118285,0.5449090652941947
EURUSD,2023-01-23,1.08672,1.09267,1.0844,1.08715,60,23,0.5475191401649111,-0.21348645465252117,0.03956861012957823,0.5446266973750373
EURUSD,2023-01-24,1.0871,1.08979,1.0833,1.08851,27,38,0.24744733695152987,-0.3495538588906288,0.12970287921995524,0.5443137043585752
EURUSD,2023-01-25,1.08848,1.09237,1.0856,1.09154,39,29,0.35737909745702,-0.26458915184477383,0.28112597383507854,0.5391352624615989
EURUSD,2023-01-26,1.0915,1.09294,1.0849,1.08916,14,66,0.13192853870820961,-0.6046724690792432,-0.21438387540082537,0.5384011123374164
EURUSD,2023-01-27,1.08918,1.09002,1.0836,1.08649,8,56,0.07712223874841181,-0.5123120145430636,-0.24697478837291184,0.5394848989522264
EURUSD,2023-01-30,1.08644,1.09137,1.0837,1.0848,49,27,0.4537756341813518,-0.2521998453665149,-0.15095173226317934,0.5330591310544869
EURUSD,2023-01-31,1.08488,1.0875,1.08,1.08626,26,49,0.24150136420616516,-0.44981933485731096,0.1272030086276765,0.45286601426995426
EURUSD,2023-02-01,1.0861,1.1001,1.085,1.099,140,11,1.2890157444065935,-0.10127980848909869,1.1877359359174948,0.502924026435936
EURUSD,2023-02-02,1.0989,1.10327,1.0885,1.09092,44,104,0.3976703976703963,-0.9464009464009432,-0.7261807261807351,0.49831395384676863
EURUSD,2023-02-03,1.09086,1.09401,1.0791,1.07929,31,118,0.2887629943347438,-1.0780485121830476,-1.0606310617310983,0.5161617641152396
EURUSD,2023-02-06,1.07814,1.0799,1.0708,1.07252,18,73,0.16324410558925406,-0.6808021221733841,-0.5212681098929804,0.49942951564824195
EURUSD,2023-02-07,1.07251,1.07664,1.0667,1.07253,41,58,0.38507799461076975,-0.5417198907236382,0.0018647844775255221,0.4993327554311728
EURUSD,2023-02-08,1.07247,1.07607,1.0708,1.07099,36,17,0.33567372513916915,-0.15571531138400704,-0.1379991981127608,0.49731257640004006
EURUSD,2023-02-09,1.07099,1.07907,1.07065,1.07398,81,3,0.7544421516540644,-0.0317463281636623,0.27918094473336125,0.4556799811284703
EURUSD,2023-02-10,1.07366,1.07527,1.0665,1.06754,16,72,0.14995436171598917,-0.6668777825382388,-0.5700128532310159,0.46958089295502853
EURUSD,2023-02-13,1.06807,1.073,1.0654,1.07207,49,27,0.4615802335052832,-0.249983615306129,0.3745072888481095,0.4796087704287417
EURUSD,2023-02-14,1.07216,1.08044,1.0706,1.07366,83,16,0.7722727951052143,-0.14550067154156152,0.13990449186689083,0.47722323867681926
EURUSD,2023-02-15,1.07361,1.07444,1.0659,1.0688,8,77,0.07730926500313041,-0.7181378712940345,-0.4480211622469967,0.4860539238292013
EURUSD,2023-02-16,1.06871,1.07223,1.0653,1.06725,35,34,0.329369052408976,-0.3190762695212111,-0.13661330014690765,0.4771294781664276
EURUSD,2023-02-17,1.06719,1.06983,1.0611,1.06929,26,61,0.24737862985972278,-0.570657521153698,0.19677845557023496,0.47638883417941186
EURUSD,2023-02-20,1.06868,1.07046,1.0669,1.06841,18,18,0.16656061683571252,-0.1665606168357333,-0.025264812666092044,0.4758043770068032
EURUSD,2023-02-21,1.0685,1.06981,1.0636,1.06457,13,49,0.12260177819372226,-0.4585868039307351,-0.3678053345811876,0.47748532286016615
EURUSD,2023-02-22,1.06464,1.06638,1.0598,1.06034,17,48,0.1634355275022613,-0.4546137661556916,-0.40389239555154516,0.47318983397922104
EURUSD,2023-02-23,1.06031,1.06276,1.0576,1.0596,24,27,0.2310645000047006,-0.25558563061746,-0.0669615489809573,0.4730386744636363
EURUSD,2023-02-24,1.05934,1.06142,1.0535,1.05437,21,58,0.19634866992656577,-0.5512866501783984,-0.46916004304566233,0.4785622756488458
EURUSD,2023-02-27,1.05451,1.06198,1.0531,1.0608,75,14,0.7083858853875131,-0.13371139202095128,0.5964855714976536,0.5059695179378368
EURUSD,2023-02-28,1.0609,1.06451,1.0572,1.05748,36,37,0.340277123197296,-0.3487604863794926,-0.322367800923742,0.5052598594457441
EURUSD,2023-03-01,1.05743,1.06914,1.0564,1.0666,117,10,1.1074019084005453,-0.09740597486359251,0.8671968830087948,0.4649365980505032
EURUSD,2023-03-02,1.0666,1.0673,1.0575,1.05966,7,91,0.06562910181885645,-0.8531783236452172,-0.6506656666041577,0.46020837270583786
EURUSD,2023-03-03,1.05963,1.06393,1.0587,1.06337,43,9,0.4058020252352208,-0.08776648452762732,0.3529533893906226,0.41731823485079006
EURUSD,2023-03-06,1.06237,1.06943,1.062,1.06791,71,4,0.664551898114599,-0.0348277906943891,0.5214755687754622,0.4224930211021729
EURUSD,2023-03-07,1.06791,1.06944,1.0544,1.0549,15,135,0.14327050032306388,-1.2650878819376081,-1.2182674569954366,0.5009723334167089
EURUSD,2023-03-08,1.0549,1.05738,1.0524,1.0543,25,25,0.23509337377950876,-0.23698928808417355,-0.056877429140196605,0.5007588923438587
EURUSD,2023-03-09,1.0543,1.05912,1.05377,1.05791,48,5,0.45717537702741595,-0.05027032154035089,0.3424072844541299,0.5032750327972652
EURUSD,2023-03-10,1.05788,1.07007,1.0572,1.06387,122,7,1.1523046092184506,-0.0642795024010298,0.566226793209075,0.5076420697231839
EURUSD,2023-03-13,1.06938,1.07486,1.0649,1.07263,55,45,0.5124464643064139,-0.4189343357833548,0.30391441769997335,0.5050638305843297
EURUSD,2023-03-14,1.07273,1.07496,1.0677,1.07313,22,50,0.20788082742162095,-0.4688971129734293,0.03728804079311252,0.503938811417022
EURUSD,2023-03-15,1.07317,1.076,1.0515,1.05766,28,217,0.263704725253232,-2.019251376762289,-1.445250985398391,0.5905138175973398
EURUSD,2023-03-16,1.0578,1.06356,1.0549,1.06125,58,29,0.5445263754963119,-0.27415390432975273,0.32614861032330805,0.5967550065271218
EURUSD,2023-03-17,1.06121,1.06853,1.06075,1.06639,73,5,0.6897786489007824,-0.04334674569594189,0.4881220493587473,0.6064646507002447
EURUSD,2023-03-20,1.06832,1.07309,1.0629,1.0719,48,54,0.44649543208029085,-0.5073386251310451,0.3351055863411842,0.6119790983452484
EURUSD,2023-03-21,1.07192,1.07886,1.0702,1.07676,69,17,0.647436375848939,-0.16045973580117395,0.45152623330098846,0.6144104597694171
EURUSD,2023-03-22,1.0768,1.09125,1.0757,1.0858,145,11,1.3419390787518641,-0.10215453194649693,0.8358098068350779,0.6308830901871554
EURUSD,2023-03-23,1.0859,1.093,1.0823,1.08321,71,36,0.6538355281333349,-0.331522239616912,-0.24772078460264121,0.6345305889428862
EURUSD,2023-03-24,1.08325,1.08385,1.0712,1.07588,6,121,0.0553888760673837,-1.112393261020089,-0.6803600276944471,0.645820396996667
EURUSD,2023-03-27,1.07645,1.08001,1.0743,1.07967,36,21,0.330716707696596,-0.19973059594034784,0.2991314041525385,0.6364201920339889
EURUSD,2023-03-28,1.07963,1.08485,1.07937,1.08399,52,3,0.48349897650120893,-0.024082324500074005,0.4038420570010021,0.6344528075959052
EURUSD,2023-03-29,1.08399,1.08713,1.0817,1.08395,31,23,0.2896705689166801,-0.21125656140738414,-0.0036900709416175428,0.6077432329826368
EURUSD,2023-03-30,1.08403,1.09263,1.0823,1.09046,86,17,0.7933359777865872,-0.15958967925242007,0.5931570159497371,0.5960065992725457
EURUSD,2023-03-31,1.09042,1.09257,1.0835,1.08381,22,69,0.19717173199318577,-0.6346178536710659,-0.6061884411511166,0.6137730294800262
EURUSD,2023-04-03,1.08418,1.09166,1.0787,1.09006,75,55,0.6899223376192287,-0.5054511243520384,0.5423453670054887,0.6146119569419339
EURUSD,2023-04-04,1.09011,1.09733,1.0881,1.0954,72,20,0.6623184816211213,-0.18438506205794328,0.4852721285007951,0.5413257712703863
EURUSD,2023-04-05,1.09549,1.09696,1.089,1.09057,15,65,0.13418652840280243,-0.5924289587308059,-0.4491140950624867,0.5560630719736762
EURUSD,2023-04-06,1.09058,1.09376,1.0883,1.09176,32,23,0.29158796236864426,-0.20906306735865865,0.10819930679087814,0.5537915484206679
EURUSD,2023-04-07,1.09177,1.0924,1.08759,1.09014,6,42,0.05770446156242895,-0.3828645227474515,-0.14929884499480645,0.5463176910949324
EURUSD,2023-04-10,1.08995,1.09173,1.083,1.0859,18,70,0.16331024358916602,-0.6376439286205801,-0.37157667782924786,0.5526812298629507
EURUSD,2023-04-11,1.08586,1.0928,1.08569,1.09095,69,2,0.6391247490468335,-0.015655793564548236,0.46875287790323233,0.56061983319631
EURUSD,2023-04-12,1.09106,1.10004,1.09093,1.09914,90,1,0.8230528110278068,-0.011915018422448215,0.740564221949305,0.4524686452277084
EURUSD,2023-04-13,1.09914,1.10677,1.0975,1.10447,76,16,0.6941790854668218,-0.149207562275969,0.4849245773968791,0.4565698541302266
EURUSD,2023-04-14,1.10459,1.10759,1.0971,1.0991,30,75,0.27159398509855365,-0.6780796494626963,-0.4970169927303339,0.47507569597633953
EURUSD,2023-04-17,1.09926,1.09998,1.0908,1.09253,7,85,0.06549860815458163,-0.7696086458162684,-0.6122300456670763,0.5008317389693431
EURUSD,2023-04-18,1.0925,1.0983,1.0921,1.09705,58,4,0.5308924485125883,-0.03661327231120878,0.4164759725400507,0.49955913378276884
EURUSD,2023-04-19,1.09706,1.0984,1.0916,1.09549,13,55,0.12214464113176299,-0.4976938362532606,-0.1431097661021138,0.4694919120938544
EURUSD,2023-04-20,1.0956,1.09895,1.0932,1.09668,34,24,0.30576852866011195,-0.21905805038334775,0.09857612267252575,0.46471797819085253
EURUSD,2023-04-21,1.09666,1.09938,1.0937,1.0988,27,30,0.24802582386519575,-0.26991045538271424,0.19513796436452782,0.4317250460861853
EURUSD,2023-04-24,1.09861,1.10502,1.0965,1.10441,64,21,0.5834645597618631,-0.1920608769263029,0.5279398512665827,0.4402218507067368
EURUSD,2023-04-25,1.10445,1.10671,1.0963,1.09738,23,81,0.20462673729006753,-0.7379238535017321,-0.64013762506224,0.464951617360524
EURUSD,2023-04-26,1.09729,1.10954,1.0967,1.104,122,6,1.116386734591573,-0.05376883048237844,0.6115065297232266,0.480639791761944
EURUSD,2023-04-27,1.10409,1.10635,1.0991,1.1025,23,50,0.20469345796084817,-0.45195590939144903,-0.14400999918484728,0.4681435121145764
EURUSD,2023-04-28,1.10235,1.10449,1.0961,1.1014,21,62,0.19413072073298235,-0.5669705628883628,-0.08617952555903356,0.44337016931941203
EURUSD,2023-05-01,1.10178,1.10355,1.0964,1.0975,18,54,0.16064913140554823,-0.48830074969594117,-0.38846230644956903,0.44105916292691516
EURUSD,2023-05-02,1.09744,1.1008,1.0941,1.10008,34,33,0.3061670797492373,-0.3043446566554799,0.2405598483743964,0.4311291582171107
EURUSD,2023-05-03,1.10008,1.10916,1.0999,1.10606,91,2,0.8253945167624153,-0.016362446367522994,0.5435968293215127,0.43135312013622606
EURUSD,2023-05-04,1.10609,1.10917,1.0986,1.10118,31,75,0.2784583532985536,-0.6771600864305795,-0.44390601126490337,0.44620484571163854
EURUSD,2023-05-05,1.10127,1.10478,1.09665,1.10174,35,46,0.31872292898200477,-0.4195156501130575,0.042677999037472235,0.44391835144069236
EURUSD,2023-05-08,1.10209,1.10537,1.0998,1.10038,33,23,0.29761634712228124,-0.20778702283841638,-0.15515974194485935,0.43560449909654403
EURUSD,2023-05-09,1.10038,1.10042,1.094,1.09537,0,64,0.003635107871829732,-0.579799705556247,-0.45529726094621487,0.4392951176534472
EURUSD,2023-05-10,1.09534,1.10068,1.094,1.0982,53,13,0.48751985684811316,-0.12233644347872778,0.26110614055910353,0.40981396630676903
EURUSD,2023-05-11,1.09811,1.09981,1.0899,1.09152,17,82,0.15481144876196692,-0.747648231962174,-0.6001220278478362,0.4130511357852617
EURUSD,2023-05-12,1.0916,1.09355,1.08468,1.0847,20,69,0.17863686331990825,-0.633931843165978,-0.6320996702088592,0.421565779806711
EURUSD,2023-05-15,1.08528,1.08908,1.08392,1.0874,38,14,0.35014005602241133,-0.12531328320802262,0.1953412944124926,0.4050629230753356
EURUSD,2023-05-16,1.08745,1.09046,1.0854,1.08611,30,21,0.2767943353717373,-0.1885144144558469,-0.12322405627846052,0.39166498320831733
EURUSD,2023-05-17,1.08614,1.0874,1.0809,1.0839,13,52,0.11600714456698186,-0.4824424107389593,-0.2062349236746662,0.392667466218801
EURUSD,2023-05-18,1.08389,1.0848,1.0761,1.07699,9,78,0.08395685909086405,-0.7187076179317056,-0.6365959645351584,0.41121889871194794
EURUSD,2023-05-19,1.07697,1.08287,1.0759,1.08019,59,11,0.5478332729788218,-0.09935281391309919,0.2989869727104748,0.4157022140650169
EURUSD,2023-05-22,1.08061,1.08313,1.0794,1.0812,25,12,0.23320161760485794,-0.11197379258013115,0.05459879142335055,0.3914683386297121
EURUSD,2023-05-23,1.08111,1.08204,1.0759,1.07723,9,52,0.08602269889279308,-0.4819121088510824,-0.3588903996818183,0.37629919985709837
EURUSD,2023-05-24,1.07728,1.08013,1.0747,1.07495,29,26,0.2645551759988136,-0.23949205406208476,-0.21628545967621632,0.33755665551148967
EURUSD,2023-05-25,1.07495,1.07567,1.07071,1.07277,7,42,0.06697985952833452,-0.39443695055584177,-0.2028001302386223,0.33784486822962506
EURUSD,2023-05-26,1.07278,1.07586,1.07,1.0725,31,28,0.287104532150112,-0.2591398049926364,-0.02610041201365219,0.3386467512990139
EURUSD,2023-05-29,1.0721,1.07435,1.0704,1.07088,22,17,0.20986848241767214,-0.1585672978266985,-0.11379535491092238,0.33358973793005214
EURUSD,2023-05-30,1.07088,1.07466,1.0671,1.07325,38,38,0.3529807261317696,-0.3529807261317903,0.2213133124159554,0.33250055684900376
EURUSD,2023-05-31,1.07319,1.0736,1.0634,1.06856,4,98,0.03820385952161513,-0.9122336212599993,-0.43142407215871686,0.2986601304596676
EURUSD,2023-06-01,1.06856,1.07684,1.0661,1.07597,83,25,0.7748745975892851,-0.23021636595042924,0.6934566145092591,0.3490710113417409
EURUSD,2023-06-02,1.07592,1.0779,1.0704,1.0706,20,55,0.18402855230873047,-0.5130492973455247,-0.4944605546880801,0.3565181930242014
EURUSD,2023-06-05,1.07059,1.07225,1.0673,1.07102,17,33,0.1550546894702916,-0.3073071857573875,0.04016476895918629,0.3589322761469948
EURUSD,2023-06-06,1.07116,1.07329,1.0666,1.06934,21,46,0.1988498450278378,-0.42570671048208464,-0.16990925725381203,0.35118557003549894
EURUSD,2023-06-07,1.06943,1.07398,1.0667,1.06982,45,27,0.42546029193119994,-0.25527617515874074,0.036468025022665385,0.34174142286647097
EURUSD,2023-06-08,1.06983,1.07871,1.0695,1.07817,89,3,0.8300384173186393,-0.030846022265234987,0.7795631081573721,0.37974720438825516
EURUSD,2023-06-09,1.07812,1.07851,1.0742,1.0746,4,39,0.03617408080734171,-0.36359588914034835,-0.32649426779949986,0.36141619284865567
EURUSD,2023-06-12,1.07447,1.07901,1.07329,1.07565,45,12,0.4225339004346318,-0.10982158645657476,0.10982158645657476,0.3588661608378517
EURUSD,2023-06-13,1.07568,1.08235,1.07557,1.07887,67,1,0.6200728841291048,-0.010226089543363686,0.2965565967574024,0.3667681185889244
EURUSD,2023-06-14,1.0789,1.0864,1.0773,1.08311,75,16,0.6951524701084496,-0.14829919362313893,0.3902122532208775,0.3760385965631533
EURUSD,2023-06-15,1.0831,1.09527,1.0802,1.09413,122,29,1.123626627273568,-0.2677499769180965,1.0183731880712856,0.40979987406116725
EURUSD,2023-06-16,1.09413,1.09707,1.09178,1.09401,29,24,0.2687066436346634,-0.21478252127261607,-0.010967618107548463,0.4069319765510078
EURUSD,2023-06-19,1.09385,1.09462,1.0905,1.09213,8,33,0.07039356401699844,-0.3062577135804694,-0.15724276637564052,0.40994828429996444
EURUSD,2023-06-20,1.09213,1.09462,1.0891,1.09164,25,30,0.2279948357796124,-0.2774394989607545,-0.04486645362732472,0.3991791913927081
EURUSD,2023-06-21,1.0917,1.0991,1.0904,1.09836,74,13,0.6778418979573211,-0.11908033342492048,0.610057708161593,0.4106344799514205
EURUSD,2023-06-22,1.09838,1.10122,1.09483,1.09554,28,35,0.2585626103898629,-0.32320326298730334,-0.2585626103898427,0.41305866865806357
EURUSD,2023-06-23,1.09548,1.09585,1.08443,1.0891,4,111,0.03377514879322137,-1.0086902545003107,-0.5823931062182836,0.44039687986789333
EURUSD,2023-06-26,1.08998,1.09201,1.08873,1.09057,20,12,0.1862419493935647,-0.11468100332115942,0.054129433567596696,0.43809653728958553
EURUSD,2023-06-27,1.09056,1.09768,1.0902,1.09598,71,4,0.6528755868544615,-0.033010563380273986,0.496992370892017,0.44674053419557364
EURUSD,2023-06-28,1.09603,1.09627,1.08967,1.09125,2,64,0.02189721084277054,-0.580276087333389,-0.4361194492851479,0.44703700779517735
EURUSD,2023-06-29,1.09129,1.09414,1.08599,1.08625,28,53,0.2611588120481079,-0.4856637557386288,-0.4618387413061748,0.44122494879413215
EURUSD,2023-06-30,1.08639,1.09318,1.0835,1.09074,68,29,0.6250057529984696,-0.26601864891982246,0.40040869301080423,0.42889753279653514
EURUSD,2023-07-03,1.09076,1.09339,1.087,1.091,26,38,0.24111628589241743,-0.34471377754959714,0.022003007077635594,0.4290260641440715
EURUSD,2023-07-04,1.09102,1.09163,1.0875,1.08791,6,35,0.055910982383457625,-0.32263386555701906,-0.28505435280748,0.43342361984147043
EURUSD,2023-07-05,1.08793,1.09079,1.085,1.08545,29,29,0.2628845605875252,-0.2693187980844447,-0.22795584274723904,0.4389017522057866
EURUSD,2023-07-06,1.08543,1.09006,1.0833,1.0888,46,21,0.42655905954323486,-0.19623559326718126,0.31047603254010814,0.41056953299865323
EURUSD,2023-07-07,1.08885,1.09733,1.08668,1.0964,85,22,0.7788033246085154,-0.19929283188685357,0.6933921109427327,0.42496978073162567
EURUSD,2023-07-10,1.09648,1.10014,1.0942,1.09995,37,23,0.33379541806508073,-0.2079381292864291,0.31646724062455167,0.42780385347430905
EURUSD,2023-07-11,1.09996,1.10273,1.0976,1.10051,28,24,0.2518273391759645,-0.21455325648206658,0.05000181824794087,0.42560696727390723
EURUSD,2023-07-12,1.1006,1.11403,1.1004,1.11282,134,2,1.2202435035435264,-0.018171906232961835,1.110303470834081,0.47901367464123595
EURUSD,2023-07-13,1.11283,1.12284,1.11272,1.12235,100,1,0.8995084604117497,-0.009884708356177897,0.8554765777342427,0.46428764071015655
EURUSD,2023-07-14,1.12231,1.12449,1.1204,1.12264,22,19,0.19424223253825332,-0.1701847083247816,0.02940364070534554,0.463763215629517
EURUSD,2023-07-17,1.12281,1.12488,1.12028,1.12354,21,25,0.18435888529671238,-0.22532752647377055,0.06501545230269568,0.45929159940385555
EURUSD,2023-07-18,1.12361,1.12758,1.1208,1.12274,40,28,0.35332544210179945,-0.25008677388061507,-0.0774290011658784,0.4600231269636199
EURUSD,2023-07-19,1.12274,1.12403,1.11742,1.11998,13,53,0.11489748294351437,-0.473840782371697,-0.24582717280938557,0.45318891732319494
EURUSD,2023-07-20,1.11999,1.12291,1.1117,1.11339,29,83,0.26071661354119535,-0.740185180224835,-0.5892909758122786,0.47226500337620225
EURUSD,2023-07-21,1.11348,1.1145,1.11076,1.11245,10,27,0.09160469878219824,-0.24427919675252863,-0.0925027840643825,0.44848472225143543
EURUSD,2023-07-24,1.11312,1.1147,1.10599,1.10627,16,71,0.1419433663935528,-0.6405419002443654,-0.6153873796176532,0.47617415884058095
EURUSD,2023-07-25,1.10625,1.10869,1.10205,1.1057,24,42,0.22056497175141224,-0.3796610169491509,-0.04971751412429835,0.46570298797845977
EURUSD,2023-07-26,1.10568,1.11068,1.10375,1.10866,50,19,0.45221040445697613,-0.17455321612039534,0.26951740105636196,0.45443931157573986
EURUSD,2023-07-27,1.10867,1.11497,1.0964,1.09764,63,123,0.5682484418266908,-1.1067314890815123,-0.9948857640235683,0.5007803399785049
EURUSD,2023-07-28,1.09768,1.10475,1.09434,1.10147,71,33,0.6440857080387644,-0.3042781138400899,0.34527366809998905,0.4988818999963675
EURUSD,2023-07-31,1.1018,1.10459,1.0992,1.09968,28,26,0.2532220003630487,-0.23597749137773968,-0.19241241604646034,0.5016859515913802
EURUSD,2023-08-01,1.09966,1.10195,1.0951,1.10181,23,46,0.20824618518450275,-0.41467362639362343,0.19551497735662607,0.4971009619251622
EURUSD,2023-08-02,1.10178,1.10181,1.0917,1.09381,0,101,0.0027228666339899517,-0.9148831890214099,-0.7233749024306153,0.523719276017497
EURUSD,2023-08-03,1.09383,1.09629,1.0911,1.09483,25,27,0.22489783604398367,-0.24958174487809998,0.09142188457071847,0.5198874863370401
EURUSD,2023-08-04,1.09472,1.1042,1.0934,1.10072,95,13,0.8659748611517243,-0.12057877813504714,0.5480853551593107,0.5109502837303559
EURUSD,2023-08-07,1.10105,1.10139,1.0964,1.10029,3,47,0.030879614913038186,-0.422324145134194,-0.06902502157032776,0.506219922981733
EURUSD,2023-08-08,1.10031,1.10111,1.0928,1.09535,8,75,0.07270678263399714,-0.6825349219765253,-0.4507820523306935,0.515679402352534
EURUSD,2023-08-09,1.09536,1.09954,1.095,1.09759,42,4,0.3816096990943683,-0.032865907099028265,0.20358603564126648,0.44524349036112254
EURUSD,2023-08-10,1.09761,1.10652,1.0966,1.09801,89,10,0.8117637412195564,-0.09201811207987859,0.03644281666529605,0.38932488373047625
EURUSD,2023-08-11,1.09828,1.1005,1.09418,1.09436,22,41,0.2021342462760053,-0.37331099537458506,-0.3569217321630116,0.3913191069285193
EURUSD,2023-08-14,1.09475,1.09602,1.08745,1.09046,13,73,0.11600822105504494,-0.6668189084265689,-0.391870290020544,0.39235442100565004
EURUSD,2023-08-15,1.09048,1.09525,1.08965,1.09027,48,8,0.4374220526740668,-0.07611327122000279,-0.019257574646011064,0.39319768739504984
EURUSD,2023-08-16,1.09024,1.09346,1.08713,1.08805,32,31,0.29534781332550636,-0.2852582917522901,-0.20087320223071398,0.39277984274381816
EURUSD,2023-08-17,1.08813,1.09182,1.0856,1.08672,37,25,0.33911389264150155,-0.23250898330164071,-0.12958010531831063,0.37910651899405784
EURUSD,2023-08-18,1.08673,1.0894,1.08447,1.08711,27,23,0.2456912020465019,-0.20796333955995774,0.034967287182653184,0.38083478875518
EURUSD,2023-08-21,1.08742,1.09137,1.08692,1.08943,39,5,0.36324511228411266,-0.045980393960010385,0.18484118371924788,0.368261395984894
EURUSD,2023-08-22,1.08953,1.09305,1.08328,1.08445,35,63,0.3230750874230143,-0.573641845566445,-0.4662560920764178,0.3779054450527332
EURUSD,2023-08-23,1.08448,1.08715,1.0801,1.08619,27,44,0.24620094423133207,-0.40388020064916363,0.15767925641781114,0.3728772111422123
EURUSD,2023-08-24,1.08618,1.08767,1.0803,1.08126,15,59,0.1371779999631729,-0.541346738109695,-0.4529635971938181,0.32130397605932026
EURUSD,2023-08-25,1.0812,1.08418,1.0765,1.0793,30,47,0.2756196818349966,-0.43470218275988964,-0.1757306696263423,0.30550486586691306
EURUSD,2023-08-28,1.07957,1.08232,1.0793,1.08187,28,3,0.2547310503255954,-0.025009957668330213,0.21304778754505876,0.31302656133301837
EURUSD,2023-08-29,1.08191,1.0892,1.0782,1.08785,73,37,0.6738083574419331,-0.3429120721686536,0.5490290319897271,0.3388287997504009
EURUSD,2023-08-30,1.08781,1.09456,1.08549,1.09228,68,23,0.6205127733703527,-0.21327253840283486,0.4109173476985847,0.31816371805059657
EURUSD,2023-08-31,1.09227,1.09394,1.08348,1.08415,17,88,0.1528925998150492,-0.8047460792661224,-0.7434059344301434,0.35608518841863307
EURUSD,2023-09-01,1.08414,1.08819,1.07706,1.07733,40,71,0.3735679893740556,-0.6530521888317188,-0.6281476562067818,0.3481243863582532
EURUSD,2023-09-04,1.07739,1.0809,1.07712,1.07938,35,3,0.3257873193550991,-0.025060563027315314,0.18470563120132322,0.3544430351330124
EURUSD,2023-09-05,1.07943,1.07985,1.07062,1.07226,4,88,0.038909424418451126,-0.8161714979201973,-0.6642394597148402,0.3684349048902074
EURUSD,2023-09-06,1.07221,1.07489,1.07021,1.07225,27,20,0.24995103571126864,-0.18653062366514037,0.003730612473285826,0.36206010166094194
EURUSD,2023-09-07,1.07239,1.0732,1.0686,1.06962,8,38,0.0755322224190805,-0.3534162011954569,-0.25830155074179534,0.3612393752528377
EURUSD,2023-09-08,1.06969,1.07439,1.0692,1.0699,47,5,0.4393796333517118,-0.04580766390263548,0.019631855958272347,0.3590035283252391
EURUSD,2023-09-11,1.07147,1.07594,1.07064,1.07484,45,8,0.4171838688904005,-0.07746367140469508,0.3145211718480308,0.3653952701274846
EURUSD,2023-09-12,1.07493,1.07692,1.07052,1.0759,20,44,0.1851283339380386,-0.4102592726968291,0.09023843413060734,0.3672208284145071
EURUSD,2023-09-13,1.07589,1.07648,1.07109,1.07292,6,48,0.05483831990260068,-0.44614226361430215,-0.27605052561134663,0.36892759648792567
EURUSD,2023-09-14,1.07294,1.07521,1.06315,1.0642,23,98,0.2115682144388311,-0.9124461759278213,-0.8145842265177894,0.4037710099448543
EURUSD,2023-09-15,1.06421,1.0688,1.06328,1.06596,46,9,0.43130585128873733,-0.08738876725459235,0.1644412287048532,0.407337990349418
EURUSD,2023-09-18,1.06626,1.06988,1.0654,1.06918,36,9,0.3395044360662462,-0.08065575000469706,0.2738544069926691,0.4111895837752687
EURUSD,2023-09-19,1.06914,1.0718,1.0672,1.06795,27,19,0.24879809940701,-0.1814542529509749,-0.11130441289260755,0.40233657708742204
EURUSD,2023-09-20,1.06793,1.0737,1.0649,1.06633,58,30,0.5402975850477141,-0.2837264614722021,-0.14982255391271393,0.39834396889571777
EURUSD,2023-09-21,1.06635,1.06735,1.06165,1.06584,10,47,0.09377784029634847,-0.4407558493927816,-0.04782669855113335,0.38979452216976973
EURUSD,2023-09-22,1.06582,1.06717,1.06147,1.06432,13,44,0.12666303878703367,-0.4081364583137937,-0.14073670976338,0.38943126465812866
EURUSD,2023-09-25,1.06445,1.06555,1.05753,1.05922,11,69,0.10333975292405477,-0.6501009911221585,-0.4913335525388554,0.3933166964806615
EURUSD,2023-09-26,1.05915,1.0609,1.05618,1.05698,17,30,0.1652268328376451,-0.28041353915877254,-0.20488127271869,0.36105696391589814
EURUSD,2023-09-27,1.05698,1.0574,1.04878,1.05052,4,82,0.0397358511986854,-0.7757951900698201,-0.6111752351037988,0.3491109180371005
EURUSD,2023-09-28,1.05051,1.0579,1.04908,1.05635,74,14,0.7034678394303726,-0.13612435864485273,0.5559204576824442,0.36412740926039533
EURUSD,2023-09-29,1.05639,1.0617,1.05577,1.05709,53,6,0.5026552693607614,-0.0586904457633869,0.06626340650708025,0.34783032678550385
EURUSD,2023-10-02,1.05676,1.05919,1.04749,1.0479,24,93,0.22994814338167174,-0.8772095840114965,-0.8384117491199391,0.37701528131651263
EURUSD,2023-10-03,1.04786,1.04934,1.0448,1.04642,15,31,0.14124024201705626,-0.2920237436298802,-0.13742293817877463,0.3575379551185851
EURUSD,2023-10-04,1.04646,1.05321,1.0451,1.0506,68,14,0.6450318215698674,-0.12996196701259752,0.39561951722951977,0.37551950130296835
EURUSD,2023-10-05,1.05062,1.0552,1.04998,1.05483,46,6,0.4359330680931075,-0.06091641126194018,0.4007157678323109,0.39044473726539325
EURUSD,2023-10-06,1.05483,1.06,1.04823,1.05857,52,66,0.49012637107402324,-0.6256932396689456,0.35455950247907975,0.4018293904174719
EURUSD,2023-10-09,1.05545,1.05744,1.05192,1.0565,20,35,0.18854517030649828,-0.3344544980813902,0.09948363257378326,0.39407237602358197
EURUSD,2023-10-10,1.05654,1.06198,1.05542,1.0605,54,11,0.5148882200389847,-0.10600639824332347,0.3748083366460298,0.40518584248664985
EURUSD,2023-10-11,1.06046,1.06348,1.05799,1.062,30,25,0.28478207570299896,-0.23291779039284577,0.14521999886842474,0.4041419088694469
EURUSD,2023-10-12,1.06191,1.06397,1.0524,1.05297,21,95,0.1939900744884381,-0.8955561205751813,-0.841879255304117,0.406946455651292
EURUSD,2023-10-13,1.053,1.05584,1.04952,1.05043,28,35,0.269705603038932,-0.33048433048432363,-0.24406457739790707,0.4065449162347261
EURUSD,2023-10-16,1.05209,1.05628,1.05132,1.05585,42,8,0.39825490214716786,-0.07318765504851651,0.3573838740031733,0.41053885001804885
EURUSD,2023-10-17,1.05589,1.05948,1.05326,1.05742,36,26,0.3399975376222885,-0.24907897602969156,0.1449014575381935,0.4126303261530847
EURUSD,2023-10-18,1.05742,1.05941,1.05228,1.05358,20,51,0.18819390592195498,-0.4860887821300829,-0.36314803956801134,0.41831930277989643
EURUSD,2023-10-19,1.05354,1.06166,1.05278,1.05807,81,8,0.77073485581944,-0.07213774512594415,0.4299789281849902,0.4319498246524069
EURUSD,2023-10-20,1.05816,1.06036,1.05648,1.0593,22,17,0.2079080668329912,-0.15876616012700384,0.10773418008617967,0.43209200092040567
EURUSD,2023-10-23,1.05928,1.06779,1.05711,1.06674,85,22,0.8033758779548389,-0.20485612869118697,0.7042519447171685,0.4452256877771294
EURUSD,2023-10-24,1.06675,1.06943,1.05828,1.059,27,85,0.25123037262713993,-0.7940004687133796,-0.7265057417389402,0.4749100824964442
EURUSD,2023-10-25,1.05911,1.06067,1.05634,1.05674,16,28,0.1472934822634104,-0.26154034991643355,-0.2237727903617172,0.45536505353472534
EURUSD,2023-10-26,1.05668,1.05691,1.05218,1.05603,2,45,0.02176628686072912,-0.42586213423176084,-0.06151341938903352,0.4390474380884445
EURUSD,2023-10-27,1.05596,1.0597,1.0535,1.05605,37,25,0.35418008257889283,-0.23296336982460572,0.008523050115527432,0.43882847257723295
EURUSD,2023-10-30,1.05653,1.06251,1.05468,1.06147,60,18,0.5660038049085304,-0.17510151155195852,0.4675683605765993,0.4024891710617791
EURUSD,2023-10-31,1.06145,1.06749,1.05571,1.05744,60,57,0.5690329266569358,-0.5407697018229853,-0.377785105280519,0.41246179915478237
EURUSD,2023-11-01,1.0574,1.05806,1.05165,1.0567,7,57,0.06241724985815254,-0.5437866464913866,-0.06620011348590155,0.40540941372985184
EURUSD,2023-11-02,1.0567,1.06676,1.0567,1.06211,101,0,0.9520204409955483,0.0,0.511971231191458,0.41141745150356
EURUSD,2023-11-03,1.06203,1.07467,1.06144,1.073,126,6,1.1901735355875054,-0.055553986233919044,1.0329275067559225,0.46338954061418786
EURUSD,2023-11-06,1.07243,1.07563,1.07158,1.07173,32,9,0.2983877735609869,-0.07925925235213649,-0.06527232546645682,0.4643759638029971
EURUSD,2023-11-07,1.07168,1.07221,1.0664,1.06998,5,53,0.04945506121231538,-0.49268438339802473,-0.15862944162436873,0.46099798869174063
EURUSD,2023-11-08,1.06993,1.0716,1.0659,1.0709,17,40,0.1560849775218996,-0.376660155337263,0.09066013664444546,0.460498027180827
EURUSD,2023-11-09,1.07076,1.07254,1.06598,1.06671,18,48,0.16623706526206758,-0.44641189435541173,-0.3782360192760177,0.42419899109178255
EURUSD,2023-11-10,1.06671,1.0693,1.06559,1.06848,26,11,0.24280263614289452,-0.1049957345482849,0.16593075906291768,0.4186249700391758
EURUSD,2023-11-13,1.06826,1.07061,1.06647,1.06987,24,18,0.21998389905079982,-0.16756220395783408,0.15071237339225577,0.4139431118628221
EURUSD,2023-11-14,1.06975,1.08875,1.06927,1.08787,190,5,1.7761159149334076,-0.044870296798320726,1.6938537041364725,0.5509738471838863
EURUSD,2023-11-15,1.08788,1.08861,1.08313,1.08468,7,48,0.06710298930030145,-0.43662903996764646,-0.2941500900834531,0.5478174268705306
EURUSD,2023-11-16,1.08453,1.08955,1.08299,1.08517,50,15,0.46287331839598944,-0.14199699408961455,0.05901173780347007,0.5441280552754665
EURUSD,2023-11-17,1.08501,1.09148,1.08246,1.09138,65,26,0.5963078681302454,-0.23502087538364183,0.5870913632132411,0.5534775161140008
EURUSD,2023-11-20,1.09095,1.09518,1.0897,1.09394,42,13,0.38773545992024894,-0.114579036619478,0.27407305559373263,0.5392263960521256
EURUSD,2023-11-21,1.09386,1.09651,1.08998,1.0911,27,39,0.2422613497156895,-0.354707183734674,-0.2523174812133267,0.5089503607210607
EURUSD,2023-11-22,1.091,1.0923,1.08522,1.08883,13,58,0.11915673693859569,-0.5297891842346376,-0.1989000916590289,0.5079973136929665
EURUSD,2023-11-23,1.08864,1.09304,1.08815,1.09035,44,5,0.40417401528512265,-0.04501028806585294,0.15707671957670838,0.5053372445456429
EURUSD,2023-11-24,1.09031,1.09486,1.08947,1.09367,46,8,0.41731250745201404,-0.07704230906805881,0.3081692362722556,0.5047270457950339
EURUSD,2023-11-27,1.09426,1.09594,1.09247,1.09531,17,18,0.1535284118947877,-0.16358086743552339,0.09595525743424738,0.5006153303223033
EURUSD,2023-11-28,1.09518,1.1009,1.09342,1.09927,57,18,0.5222885735678106,-0.16070417648240323,0.37345459193921793,0.4855608762109216
EURUSD,2023-11-29,1.09908,1.10171,1.096,1.09692,26,31,0.23929104341812335,-0.28023437784328453,-0.19652800524076153,0.49023500499044764
EURUSD,2023-11-30,1.09675,1.0984,1.0879,1.08861,17,88,0.1504444950991704,-0.8069295646227311,-0.7421928424891556,0.526788711288956
EURUSD,2023-12-01,1.0886,1.09127,1.08287,1.08818,27,57,0.24526915304059804,-0.5263641374242157,-0.03858166452324885,0.4833740528078942
EURUSD,2023-12-04,1.08765,1.0895,1.08039,1.08359,18,73,0.17009148163470852,-0.6674941387394883,-0.37328184618213145,0.49310702999557227
EURUSD,2023-12-05,1.0836,1.08474,1.07778,1.07965,11,58,0.10520487264674612,-0.5370985603543685,-0.36452565522332026,0.500146079072702
EURUSD,2023-12-06,1.07965,1.08047,1.07583,1.07643,8,38,0.07595053952670244,-0.3538183670633941,-0.29824480155605987,0.5062449813832963
EURUSD,2023-12-07,1.07621,1.08175,1.07548,1.07936,55,7,0.5147694223246279,-0.06783062785145272,0.2926938051123838,0.4995064375718095
EURUSD,2023-12-08,1.07918,1.08007,1.0723,1.07608,9,69,0.08247002353639406,-0.6375210808206228,-0.28725513816046466,0.505170886946195
EURUSD,2023-12-11,1.0759,1.0779,1.07414,1.0764,20,18,0.1858908820522355,-0.16358397620596557,0.04647272051305371,0.5045852562780963
EURUSD,2023-12-12,1.07631,1.08281,1.0757,1.07943,65,6,0.6039152288838671,-0.056675121479870985,0.2898793098642389,0.33023506852410195
EURUSD,2023-12-13,1.07937,1.08966,1.07729,1.08742,103,21,0.9533338892131644,-0.19270500384482242,0.7458054235341091,0.36606950523083226
EURUSD,2023-12-14,1.08728,1.10092,1.087,1.09921,136,3,1.254506658818324,-0.02575233610478055,1.0972334633213152,0.4378814081475927
EURUSD,2023-12-15,1.09912,1.10038,1.08885,1.08922,13,103,0.11463716427685937,-0.93438387073295,-0.9007205764611707,0.47153547072291296
EURUSD,2023-12-18,1.0897,1.09312,1.08914,1.09235,34,6,0.3138478480315868,-0.051390290905744145,0.24318619803616054,0.47064521184662106
EURUSD,2023-12-19,1.09228,1.09873,1.09145,1.09805,65,8,0.5905079283700212,-0.07598784194527836,0.5282528289449641,0.48088506393887065
EURUSD,2023-12-20,1.09787,1.09843,1.09296,1.09413,6,49,0.05100786067568255,-0.44722963556704987,-0.3406596409410818,0.4855961921453525
EURUSD,2023-12-21,1.09413,1.10126,1.09347,1.10109,71,7,0.6516593092228399,-0.06032189959146581,0.6361218502371615,0.5035817464974806
EURUSD,2023-12-22,1.10109,1.10401,1.09935,1.1011,29,17,0.26519176452424725,-0.1580252295452554,0.0009081909744040463,0.5001513362603678
EURUSD,2023-12-25,1.1016,1.10202,1.09913,1.1008,4,25,0.038126361655781316,-0.22421931735656975,-0.07262164124908424,0.5005860761501174
EURUSD,2023-12-26,1.1011,1.1045,1.10073,1.10417,34,4,0.30878212696395146,-0.03360276087548646,0.27881209699392684,0.4976266500964422
EURUSD,2023-12-27,1.10417,1.11226,1.10284,1.11044,81,13,0.7326770334278173,-0.12045246655859634,0.5678473423476454,0.508764632792218
EURUSD,2023-12-28,1.11044,1.11395,1.10549,1.10593,35,50,0.31609091891501584,-0.4457692446237536,-0.40614531176830926,0.4857144499386775
EURUSD,2023-12-29,1.10594,1.10842,1.10338,1.10374,25,26,0.22424362985334087,-0.23147729533246794,-0.1989258006763459,0.48912536740221324
EURUSD,2024-01-01,1.104,1.1046,1.1034,1.1044,6,6,0.05434782608695053,-0.05434782608697065,0.03623188405796702,0.4778466650708209
EURUSD,2024-01-02,1.10438,1.10454,1.0938,1.09416,2,106,0.014487766891845201,-0.9580035857222887,-0.9254061102156773,0.5207499469492718
EURUSD,2024-01-03,1.09414,1.09654,1.08928,1.09215,24,49,0.219350357358307,-0.444184473650526,-0.1818780046429101,0.5170953849324221
EURUSD,2024-01-04,1.09209,1.09722,1.09142,1.09447,51,7,0.46974150482103844,-0.06135025501560754,0.21793075662262715,0.5156880520427941
EURUSD,2024-01-05,1.0944,1.09984,1.08767,1.09392,54,67,0.49707602339180273,-0.6149488304093681,-0.043859649122810304,0.5096813596925213
EURUSD,2024-01-08,1.09446,1.09788,1.09224,1.09495,34,22,0.3124828682637994,-0.20283975659228193,0.04477093726587554,0.5096875557854994
EURUSD,2024-01-09,1.09501,1.09663,1.09101,1.0931,16,40,0.14794385439401966,-0.3652934676395653,-0.1744276307978994,0.5102388541243393
EURUSD,2024-01-10,1.09294,1.09731,1.09226,1.09724,44,7,0.39983896645744366,-0.062217505078047644,0.39343422328764344,0.4909440858833121
EURUSD,2024-01-11,1.09722,1.09999,1.093,1.09723,28,42,0.2524562075062375,-0.3846083738903877,0.0009113942509107988,0.4232203853077316
EURUSD,2024-01-12,1.09715,1.0987,1.09356,1.09483,15,36,0.14127512190675298,-0.3272114113840388,-0.21145695666044748,0.3722813863970701
EURUSD,2024-01-15,1.0953,1.09676,1.0933,1.09483,15,20,0.13329681365836,-0.1825983748744638,-0.042910618095496254,0.368719604165291
EURUSD,2024-01-16,1.09482,1.0951,1.0862,1.08751,3,86,0.025574980362073948,-0.7873440382893855,-0.6676896658811429,0.37635100703630286
EURUSD,2024-01-17,1.0874,1.08845,1.08443,1.08827,10,30,0.09656060327386384,-0.27312856354606563,0.08000735699835833,0.37123384850676255
EURUSD,2024-01-18,1.08811,1.09068,1.08464,1.08762,26,35,0.23618935585558293,-0.3189015816415493,-0.045032211816808915,0.3361649476694585
EURUSD,2024-01-19,1.08757,1.08983,1.08654,1.0896,23,10,0.2078027161470205,-0.09470654762450825,0.18665465211434448,0.3406890146891278
EURUSD,2024-01-22,1.08901,1.09095,1.08797,1.08824,19,10,0.17814345139163576,-0.09549958218932147,-0.07070642142863127,0.34068501318668665
EURUSD,2024-01-23,1.0882,1.09162,1.08214,1.08541,34,61,0.31428046315015423,-0.5568829259327287,-0.2563866936225023,0.33377852212211706
EURUSD,2024-01-24,1.0854,1.09323,1.08462,1.08843,78,8,0.721393034825871,-0.07186290768380348,0.27915975677170524,0.30942009736999915
EURUSD,2024-01-25,1.08843,1.09018,1.08214,1.08454,17,63,0.16078204386133405,-0.5778966033644706,-0.35739551464034885,0.3070585589374593
EURUSD,2024-01-26,1.08449,1.08854,1.08125,1.08512,41,32,0.3734474269011341,-0.2987579415208909,0.058091821962409106,0.30793866014209753
EURUSD,2024-01-29,1.0843,1.08501,1.07956,1.08328,7,47,0.06548003320114253,-0.4371483906667865,-0.09406990685234906,0.306636720028466
EURUSD,2024-01-30,1.0832,1.08573,1.08117,1.08447,25,20,0.23356720827180052,-0.18740768094534493,0.1172451994091677,0.23822327006138316
EURUSD,2024-01-31,1.08446,1.08874,1.07947,1.0818,43,50,0.39466646994818266,-0.4601368422993979,-0.2452833668369405,0.2406430496943419
EURUSD,2024-02-01,1.0818,1.0875,1.07797,1.08713,57,38,0.5268996117581638,-0.35403956369014605,0.49269735625807304,0.26303771540979465
EURUSD,2024-02-02,1.08714,1.08974,1.07802,1.07849,26,91,0.23915962985447464,-0.8388983939511027,-0.7956656916312569,0.3141964401355971
EURUSD,2024-02-05,1.0785,1.07861,1.07229,1.07419,1,62,0.010199350950399118,-0.5757997218358877,-0.3996291145108981,0.3216211601249661
EURUSD,2024-02-06,1.07418,1.07623,1.07224,1.07545,21,19,0.190843247872806,-0.18060287847472778,0.11822971941388823,0.3241118139498537
EURUSD,2024-02-07,1.0754,1.0784,1.07487,1.07717,30,5,0.27896596615214003,-0.049283987353535376,0.16458992002976097,0.310533936545396
EURUSD,2024-02-08,1.07704,1.07889,1.07414,1.07775,18,29,0.17176706529004562,-0.26925648072494085,0.06592141424645216,0.31181189687977495
EURUSD,2024-02-09,1.07767,1.07951,1.07619,1.07821,18,15,0.1707387233568777,-0.1373333209609552,0.05010810359386315,0.3115454639431947
EURUSD,2024-02-12,1.07778,1.08055,1.07556,1.07713,28,22,0.25700977936127406,-0.20597895674440878,-0.06030915400174799,0.3114957034130965
EURUSD,2024-02-13,1.07708,1.07985,1.07003,1.07079,28,70,0.2571768113789077,-0.6545474802243102,-0.5839863334199993,0.30348750839480376
EURUSD,2024-02-14,1.07087,1.07344,1.06945,1.07264,26,14,0.23999178238254515,-0.13260246341759288,0.1652861691895421,0.30621573783032124
EURUSD,2024-02-15,1.07243,1.07848,1.07224,1.0772,61,2,0.564139384388735,-0.017716774055174925,0.4447842749643278,0.32643964107207096
EURUSD,2024-02-16,1.07718,1.07874,1.07318,1.07749,16,40,0.14482259232440314,-0.37133998031898136,0.028778848474724044,0.3226582380212849
EURUSD,2024-02-19,1.07719,1.07894,1.07618,1.07785,17,10,0.16245973319469342,-0.09376247458667249,0.06127052794770494,0.3234303727478575
EURUSD,2024-02-20,1.0777,1.0839,1.07614,1.08076,62,16,0.5752992483993674,-0.14475271411339016,0.2839380161454802,0.3267193114072286
EURUSD,2024-02-21,1.08075,1.08245,1.07897,1.08185,17,18,0.1572981725653308,-0.1647004395096104,0.10178117048344934,0.32080183418719316
EURUSD,2024-02-22,1.08182,1.08882,1.08025,1.08222,70,16,0.6470577360374087,-0.14512580651125614,0.03697472777356269,0.31088586469887547
EURUSD,2024-02-23,1.08221,1.08396,1.08115,1.08188,18,11,0.16170613836502531,-0.09794771809536403,-0.030493157520254062,0.31065367975166014
EURUSD,2024-02-26,1.08319,1.08597,1.08124,1.08509,28,20,0.25664934129746436,-0.18002381853600183,0.1754078231889154,0.31237575975889126
EURUSD,2024-02-27,1.08504,1.0866,1.08328,1.08437,16,18,0.14377350143773554,-0.16220600162205853,-0.061748875617484,0.311692205742086
EURUSD,2024-02-28,1.08437,1.08474,1.07965,1.08377,4,47,0.03412119479513279,-0.4352757822514508,-0.05533166723536763,0.3066578616528364
EURUSD,2024-02-29,1.08363,1.0856,1.07956,1.08053,20,41,0.18179636960953507,-0.37558945396491583,-0.28607550547697114,0.2912120086233432
EURUSD,2024-03-01,1.08046,1.08432,1.0798,1.08368,39,7,0.35725524313718,-0.06108509338613951,0.298021213186976,0.23733434878410276
EURUSD,2024-03-04,1.0838,1.0867,1.08349,1.08555,29,3,0.26757704373499747,-0.028603063295814028,0.16146890570215153,0.21665078118442138
EURUSD,2024-03-05,1.0856,1.08762,1.08401,1.08547,20,16,0.18607221812823627,-0.14646278555637254,-0.011974944731020955,0.21657321771873275
EURUSD,2024-03-06,1.0856,1.09153,1.08418,1.08986,59,14,0.5462417096536469,-0.1308032424465712,0.39240972733973406,0.22871137650815315
EURUSD,2024-03-07,1.0898,1.09493,1.08677,1.0948,51,30,0.4707285740502713,-0.2780326665443281,0.4587997797760959,0.24560251726579835
EURUSD,2024-03-08,1.0948,1.09813,1.09183,1.09381,33,30,0.30416514431860203,-0.27128242601387625,-0.09042747533796551,0.2484501115193196
EURUSD,2024-03-11,1.09393,1.09481,1.0914,1.09257,9,25,0.08044390408892634,-0.23127622425567843,-0.12432239722834439,0.2506392297120555
EURUSD,2024-03-12,1.09258,1.09438,1.09021,1.09255,18,24,0.16474766149845335,-0.21691775430633958,-0.0027457943583258466,0.19951811847460893
EURUSD,2024-03-13,1.09258,1.09638,1.09199,1.09479,38,6,0.3478006187189774,-0.05400062238006283,0.2022735177286627,0.20035123948640127
EURUSD,2024-03-14,1.09485,1.0955,1.08804,1.08847,6,68,0.059368863314592624,-0.6220030141115408,-0.582728227611093,0.23567995945067438
EURUSD,2024-03-15,1.08853,1.08997,1.08726,1.08869,14,13,0.13228849916861343,-0.11667110690565298,0.014698722129839139,0.23576067048892854
EURUSD,2024-03-18,1.08878,1.09061,1.08658,1.08721,18,22,0.16807803229302506,-0.2020610224287716,-0.14419809327872216,0.23955502084714794
EURUSD,2024-03-19,1.08728,1.08766,1.08345,1.08649,4,38,0.034949598999342114,-0.35225516886174674,-0.07265837686705066,0.2333826450970435
EURUSD,2024-03-20,1.08653,1.0923,1.0836,1.09211,58,29,0.5310483833856454,-0.26966581686654756,0.5135615215410452,0.2579450906368751
EURUSD,2024-03-21,1.09206,1.09426,1.08551,1.08605,22,66,0.20145413255681735,-0.5997838946578078,-0.5503360621211354,0.2897262555308298
EURUSD,2024-03-22,1.08605,1.08681,1.08015,1.0805,8,59,0.06997836195387817,-0.543253073062936,-0.5110261958473316,0.3123207513677163
EURUSD,2024-03-25,1.08074,1.08426,1.08019,1.08359,35,6,0.32570275922053105,-0.05089105612821312,0.2637081999370819,0.3157422640620082
EURUSD,2024-03-26,1.08364,1.08643,1.0824,1.08316,28,12,0.2574655789745737,-0.11442914621091026,-0.044295153371971874,0.31561414712465496
EURUSD,2024-03-27,1.08319,1.08391,1.08104,1.08258,7,22,0.0664703329978888,-0.19848779992430654,-0.05631514323433556,0.3156218945494658
EURUSD,2024-03-28,1.0826,1.0827,1.07748,1.0789,1,51,0.009237021984111304,-0.4729355255865521,-0.3417698134121593,0.31843200552072964
EURUSD,2024-03-29,1.07889,1.08051,1.07677,1.079,16,21,0.15015432527877512,-0.1964982528339219,0.01019566406214299,0.3101075153924482
EURUSD,2024-04-01,1.0791,1.0799,1.07307,1.07428,8,60,0.07413585395238013,-0.5587989991659698,-0.4466685200630198,0.3204236688292386
EURUSD,2024-04-02,1.07435,1.0779,1.07244,1.07734,36,19,0.3304323544468902,-0.1777819146460517,0.27830781402709065,0.32899179235252574
EURUSD,2024-04-03,1.07722,1.0837,1.07637,1.08334,65,9,0.6015484302185292,-0.07890681569224646,0.5681290729841539,0.34323266772953837
EURUSD,2024-04-04,1.08331,1.08766,1.08314,1.08382,44,2,0.40154711024545847,-0.015692645687753595,0.047077937063260786,0.32399839254546225
EURUSD,2024-04-05,1.08381,1.0848,1.07912,1.0836,10,47,0.09134442383813089,-0.43273267454626374,-0.019376089905061174,0.32396144345299505
EURUSD,2024-04-08,1.08371,1.0863,1.08206,1.0859,26,16,0.23899382676178058,-0.1522547545007363,0.20208358324645306,0.328210075494031
EURUSD,2024-04-09,1.08589,1.08851,1.08475,1.08575,26,11,0.24127674073801827,-0.1049830093287459,-0.012892650268446066,0.3281677043364558
EURUSD,2024-04-10,1.08569,1.08665,1.07285,1.07429,10,128,0.08842303051514243,-1.1826580331402115,-1.0500234873674876,0.3936318019736834
EURUSD,2024-04-11,1.07429,1.07566,1.06989,1.07267,14,44,0.12752608699700205,-0.4095728341509238,-0.1507972707555646,0.377064245770569
EURUSD,2024-04-12,1.07265,1.07293,1.0622,1.06385,3,105,0.02610357525752444,-0.974222719433186,-0.8203980795226905,0.41127900080121704
EURUSD,2024-04-15,1.06337,1.06652,1.062,1.06234,31,14,0.2962280297544586,-0.12883568278208632,-0.0968618636974773,0.41124974846047785
EURUSD,2024-04-16,1.06238,1.06535,1.0601,1.06146,30,23,0.2795609857113196,-0.21461247387940846,-0.08659801577590238,0.4111868793633743
EURUSD,2024-04-17,1.06164,1.06796,1.06059,1.06709,63,10,0.5953053765871767,-0.09890358313552575,0.5133566934177478,0.41117039643526093
EURUSD,2024-04-18,1.06715,1.069,1.0641,1.06435,18,30,0.17335894672725552,-0.28580799325305695,-0.26238110856019636,0.4000229050347552
EURUSD,2024-04-19,1.06431,1.06776,1.06102,1.06526,34,33,0.32415367703018416,-0.30912046302299284,0.08925970816773368,0.3900202997595417
EURUSD,2024-04-22,1.06556,1.06706,1.06237,1.06513,15,32,0.1407710499643225,-0.2993730995908279,-0.04035436765645787,0.38214088666777407
EURUSD,2024-04-23,1.06519,1.07113,1.0638,1.07019,59,14,0.5576469925553031,-0.13049315145654786,0.4693998253832549,0.4018479371674537
EURUSD,2024-04-24,1.07019,1.07142,1.06776,1.06967,12,24,0.11493286238892761,-0.2270624842317656,-0.04858950279857558,0.40185571406491216
EURUSD,2024-04-25,1.0697,1.074,1.06782,1.07281,43,19,0.40198186407403663,-0.17575021033935717,0.29073572029540484,0.4033948629117136
EURUSD,2024-04-26,1.07284,1.0753,1.06737,1.06922,25,55,0.22929793818275854,-0.5098616755527465,-0.3374221691957754,0.40909655633801545
EURUSD,2024-04-29,1.06946,1.07337,1.06898,1.07203,39,5,0.36560507171842405,-0.04488246404727955,0.24030819291978764,0.4024444267099569
EURUSD,2024-04-30,1.07205,1.07353,1.06628,1.0669,15,58,0.13805326244113128,-0.5382211650576049,-0.48038804160253606,0.409401369439428
EURUSD,2024-05-01,1.06688,1.07328,1.0649,1.07096,64,20,0.5998800239951974,-0.18558788242352398,0.38242351529692764,0.3965660049247849
EURUSD,2024-05-02,1.07114,1.07302,1.0674,1.07233,19,37,0.1755139384207577,-0.3491607072838356,0.11109658868122042,0.39772034039971554
EURUSD,2024-05-03,1.07221,1.08124,1.07221,1.07609,90,0,0.842185765848096,0.0,0.36186940991036115,0.40852587296407283
EURUSD,2024-05-06,1.0763,1.07907,1.0755,1.07689,28,8,0.25736318870202907,-0.07432871875872284,0.05481743008453669,0.4053174924241685
EURUSD,2024-05-07,1.07685,1.07874,1.07477,1.07559,19,21,0.17551190973672723,-0.19315596415471809,-0.11700793982449169,0.4055698992999847
EURUSD,2024-05-08,1.07553,1.07575,1.0733,1.07474,2,22,0.02045503147284473,-0.20733963720213996,-0.07345215847071382,0.33054010299280934
EURUSD,2024-05-09,1.07475,1.07847,1.07236,1.07807,37,24,0.3461270062805253,-0.22237729704583523,0.3089090486159562,0.3354527287709959
EURUSD,2024-05-10,1.07805,1.07901,1.07602,1.07694,10,20,0.08904967302073855,-0.18830295440842043,-0.10296368443021607,0.2730861325299018
EURUSD,2024-05-13,1.07706,1.08068,1.07655,1.07883,36,5,0.3361001244127699,-0.047351122500140244,0.16433624867695854,0.27149068346509075
EURUSD,2024-05-14,1.07896,1.08257,1.07668,1.08163,36,23,0.33458144880256113,-0.21131459924370113,0.24746051753542045,0.2715044136240445
EURUSD,2024-05-15,1.08171,1.0886,1.08128,1.08832,69,4,0.6369544517477016,-0.039751874347092146,0.6110695103123762,0.28028770588101204
EURUSD,2024-05-16,1.08828,1.0895,1.0854,1.08656,12,29,0.11210350277502104,-0.2646377770426723,-0.1580475612893689,0.2742216172517897
EURUSD,2024-05-17,1.0866,1.08786,1.08353,1.08674,13,31,0.11595803423523274,-0.2825326707159862,0.01288422602613924,0.27489058657642756
EURUSD,2024-05-20,1.08688,1.08845,1.0853,1.08592,16,16,0.14445016929190427,-0.14537023406449073,-0.08832621816576548,0.2763379419408804
EURUSD,2024-05-21,1.08593,1.08748,1.08424,1.0855,15,17,0.14273479874392828,-0.15562697411435075,-0.03959739578058921,0.26290759731705127
EURUSD,2024-05-22,1.08551,1.08635,1.0817,1.08233,8,38,0.07738298127147165,-0.350987093624183,-0.2929498576705844,0.2740061357063824
EURUSD,2024-05-23,1.08233,1.0861,1.08045,1.08142,38,19,0.34832260031598966,-0.17369933384458563,-0.08407786904178637,0.26980459343490953
EURUSD,2024-05-24,1.08144,1.0858,1.08052,1.0845,44,9,0.4031661488385987,-0.0850717561769522,0.2829560585885544,0.26009483579350684
EURUSD,2024-05-27,1.08444,1.08675,1.08404,1.0856,23,4,0.2130131680867576,-0.036885397071315884,0.10696765150675258,0.2571122474697846
EURUSD,2024-05-28,1.08563,1.0889,1.08542,1.08569,33,2,0.30120759374739864,-0.019343606937911026,0.005526744839397306,0.22416889245382282
EURUSD,2024-05-29,1.08572,1.08604,1.07991,1.08029,3,58,0.02947352908667759,-0.535128762480206,-0.5001289466897585,0.24806763570700396
EURUSD,2024-05-30,1.08032,1.08451,1.07879,1.08334,42,15,0.38784804502370945,-0.1416247037914721,0.27954680094786943,0.25339085723986793
EURUSD,2024-05-31,1.08334,1.08823,1.08109,1.0845,49,22,0.4513818376502355,-0.20769102959365143,0.1070762641460714,0.24302543859348305
EURUSD,2024-06-03,1.08462,1.09045,1.0826,1.09028,58,20,0.5375154431966959,-0.1862403422396702,0.5218417510280097,0.26623248431972957
EURUSD,2024-06-04,1.09017,1.0916,1.08585,1.08786,14,43,0.13117220250051095,-0.39626847188971454,-0.21189355788547054,0.27035876963188593
EURUSD,2024-06-05,1.08788,1.08915,1.08541,1.08702,13,25,0.11674081700188481,-0.22704710078317206,-0.07905283670991846,0.2705015280141156
EURUSD,2024-06-06,1.087,1.0902,1.08617,1.08891,32,8,0.2943882244710296,-0.07635694572216066,0.17571297148114795,0.2655037404854463
EURUSD,2024-06-07,1.08893,1.0902,1.07993,1.08,13,90,0.11662824974976393,-0.8264994076754151,-0.8200710789490493,0.32801465950404374
EURUSD,2024-06-10,1.07713,1.07817,1.07325,1.07648,10,39,0.09655287662586243,-0.3602165012579618,-0.06034554789113825,0.326368364941907
EURUSD,2024-06-11,1.07649,1.07734,1.0719,1.07416,9,46,0.07896032475917263,-0.4263857536995116,-0.21644418433983997,0.3243965019738853
EURUSD,2024-06-12,1.07425,1.08523,1.07343,1.08109,110,8,1.0221084477542464,-0.07633232487780507,0.6367232953223346,0.32707266630760573
EURUSD,2024-06-13,1.0812,1.08164,1.07309,1.07388,4,81,0.04069552349241546,-0.7500924898261043,-0.6770255271920083,0.3576668851738423
EURUSD,2024-06-14,1.07386,1.0745,1.06673,1.07025,6,71,0.05959808541150372,-0.6639599202875682,-0.33617045052428746,0.36306475026867097
EURUSD,2024-06-17,1.07045,1.0738,1.06862,1.07313,34,18,0.31295249661359115,-0.1709561399411461,0.25036199729086045,0.36973177112837546
EURUSD,2024-06-18,1.07314,1.07615,1.07098,1.074,30,22,0.28048530480645184,-0.20127849115678662,0.08013865851613797,0.3708351106108888
EURUSD,2024-06-19,1.07401,1.07534,1.07244,1.0744,13,16,0.12383497360360271,-0.14618113425385698,0.03631251105670455,0.36636945926673253
EURUSD,2024-06-20,1.07441,1.0749,1.06994,1.0704,5,45,0.04560642585231703,-0.41604229297942086,-0.37322809728130496,0.3744355832202665
EURUSD,2024-06-21,1.07039,1.07206,1.06707,1.0691,17,33,0.15601790001775617,-0.31016732219097615,-0.12051682097179658,0.3669386995184253
EURUSD,2024-06-24,1.06906,1.07465,1.06834,1.07332,56,7,0.5228892672067242,-0.06734888593716273,0.3984809084616535,0.37948429685043134
EURUSD,2024-06-25,1.07329,1.07442,1.06903,1.07123,11,43,0.10528375369190557,-0.3969104342722053,-0.1919332146950193,0.3806630568345351
EURUSD,2024-06-26,1.07123,1.0718,1.06658,1.06799,6,46,0.05320986156102625,-0.4340804495766382,-0.3024560551888866,0.370940202611548
EURUSD,2024-06-27,1.06795,1.07264,1.06767,1.07048,47,3,0.43915913666370926,-0.026218455920226414,0.23690247670772446,0.3690935518933164
EURUSD,2024-06-28,1.0705,1.07248,1.06851,1.07112,20,20,0.1849602989257443,-0.18589444184959703,0.05791686127978187,0.3681740655345829
EURUSD,2024-07-01,1.0738,1.07765,1.07195,1.07384,38,19,0.35853976531941784,-0.17228534177687924,0.0037250884708342293,0.34322189253589935
EURUSD,2024-07-02,1.07384,1.07472,1.07097,1.07446,9,29,0.08194889368993444,-0.26726514192057743,0.05773672055427857,0.3428836739959998
EURUSD,2024-07-03,1.07446,1.08169,1.0736,1.07855,72,9,0.6728961524859064,-0.08004020624312314,0.38065632969118696,0.35681713273002774
EURUSD,2024-07-04,1.07855,1.0814,1.07834,1.0811,29,2,0.26424366047007736,-0.019470585508304803,0.23642853831533564,0.35899326702615003
EURUSD,2024-07-05,1.08111,1.08426,1.07968,1.0837,31,14,0.29136720592724014,-0.1322714617384024,0.23956859154018484,0.31237405322082246
EURUSD,2024-07-08,1.08178,1.08451,1.08143,1.08241,27,4,0.25236184806523704,-0.032354083085292064,0.05823734955352571,0.31195698839418723
EURUSD,2024-07-09,1.08244,1.08333,1.0805,1.0814,9,19,0.08222164738921652,-0.17922471453383584,-0.0960792284099028,0.3082380519099446
EURUSD,2024-07-10,1.08139,1.08305,1.08105,1.08289,17,3,0.1535061356217456,-0.03144101572975586,0.13871036351361068,0.27484933553274027
EURUSD,2024-07-11,1.08289,1.08999,1.0828,1.08659,71,1,0.6556529287370007,-0.008311093462856198,0.3416782868066043,0.23326870069618375
EURUSD,2024-07-12,1.08659,1.09114,1.086,1.09054,46,6,0.41874119953248734,-0.05429830938991417,0.36352257981392433,0.2238199142706514
EURUSD,2024-07-15,1.08882,1.09223,1.08829,1.08946,34,5,0.31318307892949576,-0.0486765489245164,0.058779228890009,0.2206642842890877
EURUSD,2024-07-16,1.08946,1.09056,1.08712,1.08977,11,23,0.10096745176508351,-0.2147853064821112,0.028454463679236538,0.2209678278642424
EURUSD,2024-07-17,1.08988,1.09481,1.08949,1.09378,49,4,0.45234337725255086,-0.0357837560098259,0.3578375600983608,0.2293399587101495
EURUSD,2024-07-18,1.09378,1.0941,1.0893,1.08975,3,45,0.029256340397529484,-0.40958876556529095,-0.3684470368812721,0.22882953981823553
EURUSD,2024-07-19,1.08974,1.0902,1.08753,1.08822,5,22,0.04221190375687109,-0.20280066804924324,-0.13948281241396718,0.22980237135648945
EURUSD,2024-07-22,1.08844,1.0903,1.08727,1.089,19,12,0.17088677373120914,-0.10749329315351469,0.05144978133841956,0.218339185364523
EURUSD,2024-07-23,1.08894,1.08968,1.08436,1.08531,7,46,0.06795599390232362,-0.42059250280089155,-0.3333516998181738,0.22946764055069568
EURUSD,2024-07-24,1.08534,1.08666,1.08253,1.084,13,28,0.12162087456465144,-0.25890504358081146,-0.12346361508834991,0.21740821296260313
EURUSD,2024-07-25,1.08393,1.08701,1.08278,1.08449,31,11,0.2841511905750345,-0.10609541206535332,0.05166385283181514,0.21418356922083415
EURUSD,2024-07-26,1.08448,1.08683,1.08418,1.0855,23,3,0.21669371496015158,-0.027663027441740647,0.0940542933018404,0.21424399045619036
EURUSD,2024-07-29,1.08557,1.087,1.08025,1.08223,14,53,0.1317280322779777,-0.4900651270760975,-0.3076724669988945,0.23005230988059316
EURUSD,2024-07-30,1.08225,1.08358,1.0798,1.08131,13,24,0.12289212289212784,-0.2263802263802117,-0.0868560868560814,0.23220759966476184
EURUSD,2024-07-31,1.08128,1.08494,1.08017,1.08268,37,11,0.33848771825983986,-0.10265611127552016,0.1294761763835517,0.2196829168887817
EURUSD,2024-08-01,1.08269,1.08354,1.07772,1.0791,9,50,0.07850816023053851,-0.4590418309950142,-0.3315815237972072,0.2287627979921048
EURUSD,2024-08-02,1.07909,1.0927,1.07816,1.09098,136,9,1.2612479033259412,-0.08618372888267868,1.1018543402311165,0.33268613558121973
EURUSD,2024-08-05,1.09195,1.1009,1.08923,1.09524,90,27,0.8196345986537857,-0.24909565456294297,0.3012958468794373,0.33743004947989036
EURUSD,2024-08-06,1.09526,1.09631,1.09035,1.0929,10,49,0.09586764786443361,-0.44829538191844587,-0.2154739513905299,0.34139915866517656
EURUSD,2024-08-07,1.09285,1.09366,1.0905,1.09226,8,24,0.07411813149105342,-0.21503408519010606,-0.05398728096262894,0.34164989547595276
EURUSD,2024-08-08,1.09228,1.09451,1.08812,1.09164,22,42,0.2041601054674787,-0.38085472589445396,-0.05859303475299135,0.3350774897212326
EURUSD,2024-08-09,1.09162,1.09314,1.09087,1.09148,15,8,0.13924259357651617,-0.06870522709367989,-0.012824975724155748,0.3255558767426006
EURUSD,2024-08-12,1.09183,1.09395,1.09097,1.09317,21,9,0.19416942197960302,-0.07876684099173707,0.12272972898710392,0.3264025383493041
EURUSD,2024-08-13,1.09314,1.09997,1.09134,1.09914,68,18,0.6248056058693207,-0.16466326362588724,0.5488775454196174,0.34795429340085127
EURUSD,2024-08-14,1.09914,1.10264,1.0986,1.10253,35,5,0.3184307731499225,-0.04912931928598586,0.3084229488509202,0.3457198026769397
EURUSD,2024-08-15,1.10111,1.1016,1.0949,1.09717,5,62,0.04450054944554853,-0.5639763511365847,-0.3578207445214424,0.34507647659807295
EURUSD,2024-08-16,1.09719,1.10297,1.09702,1.10253,58,2,0.5268002807170951,-0.015494125903444568,0.4866978372022986,0.35667808391951467
EURUSD,2024-08-19,1.10247,1.10864,1.10215,1.1083,62,3,0.5596524168458107,-0.02902573312653387,0.5288125753988772,0.3713417679770113
EURUSD,2024-08-20,1.10835,1.11304,1.10716,1.11286,47,12,0.42315153155592394,-0.10736680651418996,0.4069111742680574,0.36377979310502273
EURUSD,2024-08-21,1.11285,1.11741,1.10992,1.11481,46,29,0.40975872759133036,-0.263287954351429,0.1761243653682153,0.35907751436844554
EURUSD,2024-08-22,1.11482,1.11649,1.10976,1.11108,17,51,0.14979996770779683,-0.45388493209664726,-0.3354801672018671,0.3742939879239783
EURUSD,2024-08-23,1.11112,1.1201,1.11052,1.11913,90,6,0.8081935344517233,-0.05399956800347001,0.7208942328461238,0.39734377243191243
EURUSD,2024-08-26,1.11903,1.12015,1.11498,1.11604,11,40,0.10008668221584854,-0.3619205919412247,-0.26719569627266904,0.39496668681142455
EURUSD,2024-08-27,1.11604,1.11906,1.11501,1.11824,30,10,0.27059962008530364,-0.09229059890325297,0.19712555105551594,0.39087446385835356
EURUSD,2024-08-28,1.11827,1.1185,1.11046,1.11188,2,78,0.02056748370250051,-0.6984002074633223,-0.5714183515609037,0.4246427991474666
EURUSD,2024-08-29,1.11188,1.11399,1.10553,1.1078,21,64,0.18976868007339429,-0.5711047954815338,-0.36694607331727197,0.4267552773262144
EURUSD,2024-08-30,1.10779,1.1095,1.10436,1.10465,17,34,0.1543613861832909,-0.30962547053142236,-0.283447223751807,0.3698562037432629
EURUSD,2024-09-02,1.10464,1.10775,1.10416,1.10702,31,5,0.2815396871378862,-0.0434530706836649,0.2154548088064733,0.36744451530262906
EURUSD,2024-09-03,1.10701,1.1073,1.1026,1.1045,3,44,0.026196691990126687,-0.3983703850913745,-0.2267368858456574,0.36789638290888715
EURUSD,2024-09-04,1.10445,1.10952,1.10382,1.1082,51,6,0.45905201684097335,-0.05704196658969699,0.33953551541492527,0.37204220863355525
EURUSD,2024-09-05,1.10831,1.11197,1.10744,1.1108,37,9,0.33023251617327254,-0.07849789318872215,0.22466638395395724,0.3719379686584544
EURUSD,2024-09-06,1.11083,1.11556,1.10653,1.1083,47,43,0.425807729355538,-0.38709793577774915,-0.22775762267853059,0.3782003914381638
EURUSD,2024-09-09,1.10826,1.10911,1.1033,1.10357,9,50,0.07669680399906316,-0.44754840921806033,-0.42318589500659437,0.39445484293439703
EURUSD,2024-09-10,1.10364,1.10498,1.10149,1.1019,13,21,0.12141640389983319,-0.1948099017795544,-0.15766010655647247,0.37920904733042643
EURUSD,2024-09-11,1.10192,1.1055,1.10017,1.10128,36,17,0.3248874691447579,-0.15881370698416566,-0.05808044141135236,0.3733142089215811
EURUSD,2024-09-12,1.10124,1.10751,1.10052,1.10735,63,7,0.56935817805383,-0.06538084341288493,0.5548291017398623,0.38280057457609
EURUSD,2024-09-13,1.10735,1.11019,1.107,1.10737,28,4,0.25646814466970275,-0.03160698966000564,0.0018061136948488714,0.3685540117458877
EURUSD,2024-09-16,1.10745,1.11376,1.10743,1.1131,63,0,0.5697774165876597,-0.0018059506072627227,0.5101810465483708,0.3672278008325743
EURUSD,2024-09-17,1.11302,1.11461,1.11106,1.11127,16,20,0.1428545758387273,-0.17609746455588957,-0.15722987906775426,0.35760440429518964
EURUSD,2024-09-18,1.1113,1.11891,1.10965,1.11156,76,16,0.6847835867902562,-0.1484747592909142,0.023396022676158465,0.3551162932999177
EURUSD,2024-09-19,1.11156,1.1179,1.10681,1.11613,63,48,0.570369570693421,-0.4273273597466652,0.4111339019036276,0.3588067229758656
EURUSD,2024-09-20,1.11612,1.11819,1.11357,1.11617,21,26,0.18546392860982835,-0.22847005698312478,0.004479805038894161,0.31901836710481174
EURUSD,2024-09-23,1.11612,1.11672,1.10829,1.1111,6,78,0.053757660466610575,-0.7015374690893456,-0.44977242590402683,0.32913151273919217
EURUSD,2024-09-24,1.11118,1.1181,1.11029,1.11783,69,9,0.6227613887938981,-0.08009503410789047,0.5984628953004953,0.3544538520366177
EURUSD,2024-09-25,1.11786,1.1214,1.1121,1.1133,35,58,0.3166765068970959,-0.5152702485105458,-0.40792228007086034,0.3423052079368573
EURUSD,2024-09-26,1.11325,1.11893,1.11255,1.11748,57,7,0.5102178306759404,-0.06287895800585178,0.3799685605209931,0.34018299941610447
EURUSD,2024-09-27,1.11747,1.1203,1.11247,1.1161,28,50,0.2532506465498054,-0.4474393048582864,-0.12259836953116159,0.3338871090250712
EURUSD,2024-09-30,1.11583,1.12089,1.11132,1.11349,51,45,0.45347409551632795,-0.4041834329602192,-0.20970936432969256,0.3364339802471992
EURUSD,2024-10-01,1.1135,1.1144,1.10455,1.10676,9,90,0.08082622361922973,-0.8037718904355649,-0.6052986079928127,0.3613854328390261
EURUSD,2024-10-02,1.10685,1.10828,1.10323,1.10474,14,36,0.12919546460677078,-0.3270542530604831,-0.19063107015402578,0.35544967577844583
EURUSD,2024-10-03,1.10478,1.1049,1.1008,1.10321,1,40,0.010861891055223479,-0.3602527199985603,-0.14210974130596782,0.3518748145666578
EURUSD,2024-10-04,1.10318,1.10396,1.0951,1.09739,8,81,0.07070469007777543,-0.7324280715749095,-0.5248463532696352,0.36647986415875233
EURUSD,2024-10-07,1.09682,1.0987,1.0954,1.09733,19,14,0.17140460604293356,-0.12946518116007885,0.04649805802228355,0.3560900569132284
EURUSD,2024-10-08,1.09735,1.09971,1.09606,1.09778,24,13,0.2150635622180633,-0.11755593019547211,0.03918531006515063,0.35494178141680194
EURUSD,2024-10-09,1.09785,1.0981,1.09359,1.09403,3,43,0.02277178120873375,-0.38803115179668723,-0.34795281686932955,0.3626322302418652
EURUSD,2024-10-10,1.09405,1.09548,1.08998,1.09349,14,41,0.13070700607833668,-0.3720122480691027,-0.05118596042227448,0.3355530346298061
EURUSD,2024-10-11,1.0935,1.09537,1.09257,1.09353,19,9,0.17101051668953254,-0.0850480109739255,0.002743484224963374,0.3355621440845445
EURUSD,2024-10-14,1.09312,1.09366,1.0888,1.09059,5,43,0.04939988290397988,-0.3951990632318594,-0.23144759953162902,0.3092204144523366
EURUSD,2024-10-15,1.09077,1.09167,1.08816,1.08919,9,26,0.08251052009130255,-0.23928050826480388,-0.14485180193807262,0.309105341764366
EURUSD,2024-10-16,1.08918,1.09014,1.0853,1.08628,10,39,0.08813970142676801,-0.35623129326650377,-0.2662553480600199,0.3099950343213232
EURUSD,2024-10-17,1.08627,1.08737,1.08106,1.08318,11,52,0.10126395831606128,-0.4796229298425031,-0.2844596647242432,0.286509141082012
EURUSD,2024-10-18,1.08316,1.08694,1.0825,1.0865,38,7,0.3489789135492556,-0.06093282617525416,0.30835702943241267,0.3024868567532039
EURUSD,2024-10-21,1.0866,1.0872,1.08108,1.08147,6,55,0.05521811154057923,-0.508006626173382,-0.47211485367201167,0.30376777252136605
EURUSD,2024-10-22,1.08149,1.08381,1.07922,1.07982,23,23,0.2145188582418587,-0.20989560698665674,-0.15441659192411028,0.25056239527461255
EURUSD,2024-10-23,1.0798,1.08067,1.07609,1.0783,9,37,0.08057047601406986,-0.3435821448416468,-0.13891461381737885,0.24419860046205816
EURUSD,2024-10-24,1.07824,1.083,1.07702,1.08278,48,12,0.44146015729335536,-0.11314735123905613,0.4210565365781262,0.2490648602914466
EURUSD,2024-10-25,1.0828,1.08393,1.07927,1.0793,11,35,0.10435906908016951,-0.3260066494274135,-0.32323605467307526,0.2517827438055459
EURUSD,2024-10-28,1.07935,1.08276,1.07817,1.08134,34,12,0.315930884328523,-0.1093250567471125,0.18437022281928347,0.26313832121107755
EURUSD,2024-10-29,1.08134,1.08263,1.07687,1.0814,13,45,0.1192964285053742,-0.4133759964488481,0.005548671093268443,0.2412937913738639
EURUSD,2024-10-30,1.08147,1.08713,1.08076,1.08569,57,7,0.5233617206210065,-0.06565138191535488,0.3902096220884641,0.26525326346285805
EURUSD,2024-10-31,1.08571,1.08881,1.08438,1.0882,31,13,0.2855274428714945,-0.12250048355454526,0.2293430105645249,0.2738494410798101
EURUSD,2024-11-01,1.08821,1.09057,1.08315,1.0834,24,51,0.21686990562484632,-0.4649837807040776,-0.4420102737523071,0.2670811294218769
EURUSD,2024-11-04,1.0879,1.09147,1.08695,1.08767,36,10,0.32815516131996053,-0.0873242025921506,-0.021141649048641832,0.26606824194980566
EURUSD,2024-11-05,1.08757,1.09365,1.08721,1.09288,61,4,0.5590444752981496,-0.03310131761632961,0.4882444348409894,0.29290460683576586
EURUSD,2024-11-06,1.09265,1.09369,1.06822,1.07269,10,244,0.09518143961928816,-2.235848624902755,-1.8267514757699153,0.4926436507867857
EURUSD,2024-11-07,1.07262,1.08247,1.07125,1.08038,99,14,0.9183121702000836,-0.1277246368704547,0.7234621767261462,0.5272712759694129
EURUSD,2024-11-08,1.08021,1.0805,1.06865,1.07182,3,116,0.026846631673482335,-1.0701622832597175,-0.776700826691097,0.5493620488981792
EURUSD,2024-11-11,1.0707,1.0728,1.06283,1.06533,21,79,0.19613337069206974,-0.7350331558793354,-0.5015410479125689,0.5556184097928002
EURUSD,2024-11-12,1.06534,1.06631,1.05946,1.06216,10,59,0.09105074436331476,-0.5519364709857778,-0.29849625471680036,0.5568939668173065
EURUSD,2024-11-13,1.06202,1.0654,1.05555,1.05622,34,65,0.31826142633848126,-0.6092163989378708,-0.5461290747820218,0.5637663656344841
EURUSD,2024-11-14,1.05627,1.05825,1.04958,1.0529,20,67,0.18745207191341898,-0.6333607884347832,-0.31904721330721264,0.5642476762908363
EURUSD,2024-11-15,1.0529,1.0593,1.05159,1.05394,64,13,0.6078449995251175,-0.12441827334029086,0.09877481242284661,0.557119930265256
EURUSD,2024-11-18,1.05294,1.06072,1.0528,1.05979,78,1,0.7388835071324216,-0.013296104241460006,0.650559386099875,0.5805063519583116
EURUSD,2024-11-19,1.05979,1.0601,1.05229,1.05937,3,75,0.029251078043766452,-0.7076873720265394,-0.03963049283349408,0.5805890575020011
EURUSD,2024-11-20,1.05931,1.061,1.05065,1.05432,17,87,0.1595378123495454,-0.8175132869509294,-0.47106135125695503,0.5864186357348139
EURUSD,2024-11-21,1.05427,1.0555,1.04618,1.04738,12,81,0.11666840562664824,-0.7673556109914851,-0.653532776233798,0.583582510172228
EURUSD,2024-11-22,1.04734,1.04981,1.03325,1.04193,25,141,0.23583554528615086,-1.3453128878874039,-0.5165466801611621,0.5877971606368719
EURUSD,2024-11-25,1.04829,1.05303,1.04486,1.04942,47,34,0.4521649543542309,-0.32719953447996686,0.10779459882285201,0.5855294146937425
EURUSD,2024-11-26,1.04929,1.05448,1.04246,1.04879,52,68,0.4946201717351759,-0.6509163339019827,-0.04765126895330814,0.5847340533352519
EURUSD,2024-11-27,1.04868,1.05878,1.0474,1.0566,101,13,0.9631155357210968,-0.12205820650722315,0.7552351527634671,0.6089465016130593
EURUSD,2024-11-28,1.05652,1.057,1.05271,1.05489,5,38,0.04543217355090637,-0.3606178775602799,-0.15428008934992224,0.6016929206195583
EURUSD,2024-11-29,1.05511,1.05971,1.05411,1.05748,46,10,0.435973500393318,-0.09477684791158172,0.2246211295504718,0.6054227768812758
EURUSD,2024-12-02,1.05695,1.05742,1.04603,1.04966,5,109,0.04446757178674208,-1.0331614551303316,-0.6897204219688744,0.61594017029734
EURUSD,2024-12-03,1.0497,1.05351,1.04806,1.05073,38,16,0.36296084595597494,-0.15623511479471142,0.09812327331617265,0.5992956371583035
EURUSD,2024-12-04,1.05065,1.05441,1.04718,1.05114,38,35,0.3578736972350436,-0.3302717365440521,0.04663779565030023,0.46437129163266805
EURUSD,2024-12-05,1.05071,1.05896,1.05054,1.0584,82,2,0.7851833522094458,-0.01617953574249826,0.7318860579988745,0.46517538000028547
EURUSD,2024-12-06,1.05839,1.06298,1.05419,1.05673,46,42,0.4336775668704442,-0.3968291461559521,-0.1568419958616384,0.438664827522108
EURUSD,2024-12-09,1.05574,1.05945,1.05317,1.05531,37,26,0.35141227953853243,-0.24343114782048245,-0.04072972512170899,0.4275427482042368
EURUSD,2024-12-10,1.05519,1.05681,1.0498,1.05268,16,54,0.15352685298381852,-0.5108084799893863,-0.23787185246259082,0.42598238520548665
EURUSD,2024-12-11,1.05259,1.05394,1.04797,1.04933,14,46,0.1282550660751275,-0.43891733723480625,-0.3097122336332113,0.414858208825915
EURUSD,2024-12-12,1.04935,1.05309,1.04634,1.0469,37,30,0.3564111116405467,-0.28684423690855837,-0.2334778672511615,0.4123292002437453
EURUSD,2024-12-13,1.04655,1.05242,1.04527,1.05017,59,13,0.5608905451244393,-0.12230662653482106,0.3458984281687407,0.42038970086662075
EURUSD,2024-12-16,1.04865,1.05248,1.04742,1.05121,38,12,0.36523148810375244,-0.11729366328136788,0.2441233967481901,0.39483106075920993
EURUSD,2024-12-17,1.05099,1.05341,1.04788,1.04903,24,31,0.2302590890493598,-0.29591147394363104,-0.18649083245322826,0.3959951826285379
EURUSD,2024-12-18,1.04904,1.05127,1.03436,1.03507,22,147,0.21257530694729984,-1.3993746663616284,-1.3316937390376,0.48097952889119927
EURUSD,2024-12-19,1.03513,1.04224,1.03457,1.03605,71,6,0.6868702481813829,-0.05409948508884062,0.08887772550305853,0.4643907408652256
EURUSD,2024-12-20,1.03616,1.04475,1.03426,1.04244,86,19,0.8290225447807383,-0.18336936380481902,0.6060840024706671,0.47443453853422035
EURUSD,2024-12-23,1.04304,1.04452,1.03838,1.04048,15,47,0.1418929283632388,-0.4467709771437228,-0.24543641662830723,0.4765080591907446
EURUSD,2024-12-24,1.04043,1.04099,1.03832,1.0401,6,21,0.05382389973377507,-0.20280076506829448,-0.031717655200248114,0.47648084698889337
EURUSD,2024-12-25,1.0395,1.0412,1.0395,1.0401,17,0,0.16354016354014553,0.0,0.05772005772005136,0.44063563230227004
EURUSD,2024-12-26,1.0403,1.04301,1.03901,1.0422,27,13,0.2605017783331722,-0.12400269153129033,0.18263962318562077,0.4432219947898774
EURUSD,2024-12-27,1.04184,1.04441,1.04047,1.04239,26,14,0.2466789526222799,-0.13149811871305508,0.05279121554171738,0.4394339314071305
EURUSD,2024-12-30,1.04275,1.04584,1.03714,1.04068,31,56,0.29633181491249455,-0.5380004795013296,-0.19851354591225281,0.41486389582463923
EURUSD,2024-12-31,1.04054,1.04244,1.03438,1.03522,19,62,0.18259749745324666,-0.5920003075326218,-0.5112729928690863,0.4274640021262366
EURUSD,2025-01-01,1.0358,1.0359,1.0352,1.0352,1,6,0.009654373431163253,-0.05792624058700096,-0.05792624058700096,0.42677692030110254
EURUSD,2025-01-02,1.03544,1.03756,1.02238,1.02619,21,131,0.2047438769991619,-1.2612995441551274,-0.8933400293594975,0.4224483852957682
EURUSD,2025-01-03,1.0264,1.031,1.02524,1.03066,46,12,0.44816835541698535,-0.11301636788776792,0.4150428682774679,0.44042323760108965
EURUSD,2025-01-06,1.0302,1.04368,1.0294,1.03898,135,8,1.30848378955542,-0.07765482430595146,0.8522616967579121,0.49066809450953053
EURUSD,2025-01-07,1.03884,1.04344,1.0339,1.03394,46,49,0.4428015863848078,-0.47553039929151214,-0.471679950714249,0.49762423061687594
EURUSD,2025-01-08,1.03398,1.03575,1.02728,1.03178,18,67,0.17118319503279072,-0.6479815857173185,-0.21277007292210487,0.4957507992769538
EURUSD,2025-01-09,1.03177,1.03215,1.02834,1.0299,4,34,0.03682991364352762,-0.33243843104568305,-0.18124194345639416,0.49501700078776684
EURUSD,2025-01-10,1.0299,1.03118,1.02124,1.0244,13,87,0.12428391105932107,-0.8408583357607643,-0.5340324303330479,0.4948519869448059
EURUSD,2025-01-13,1.02402,1.025,1.01772,1.02441,10,63,0.09570125583484512,-0.6152223589382994,0.03808519364857254,0.4890306469509749
EURUSD,2025-01-14,1.02407,1.03086,1.02382,1.03076,68,3,0.6630406124581399,-0.024412393684033657,0.6532756549845091,0.5188954896069812
EURUSD,2025-01-15,1.03074,1.03544,1.02588,1.02861,47,49,0.45598308011719024,-0.47150590837651457,-0.20664765120204565,0.43015510550700153
EURUSD,2025-01-16,1.0288,1.03151,1.02604,1.0299,27,28,0.2634136858475885,-0.2682737169517762,0.10692068429238928,0.4304361310887353
EURUSD,2025-01-17,1.02965,1.03306,1.0265,1.0271,34,31,0.3311804982275662,-0.3059291992424597,-0.24765697081533067,0.4057667310501696
EURUSD,2025-01-20,1.02831,1.04342,1.02659,1.04155,151,17,1.4694012505956333,-0.16726473534247122,1.2875494743802858,0.5040928197469653
EURUSD,2025-01-21,1.04156,1.04343,1.03518,1.03876,19,64,0.17953838473060008,-0.612542724374981,-0.26882752793887393,0.5077759533739911
EURUSD,2025-01-22,1.04285,1.04573,1.03918,1.04077,29,37,0.27616627511147274,-0.3519202186316404,-0.1994534209138497,0.5093078799059013
EURUSD,2025-01-23,1.0408,1.0438,1.03717,1.04148,30,36,0.288239815526529,-0.348770176787089,0.0653343581860121,0.50752692254542
EURUSD,2025-01-24,1.04147,1.05214,1.04112,1.04919,107,3,1.0245134281352493,-0.03360634487789859,0.7412599498785536,0.5356906266522841
EURUSD,2025-01-27,1.0479,1.05334,1.04536,1.04916,54,25,0.5191335051054384,-0.2423895409867341,0.12024048096192755,0.5339363587449735
EURUSD,2025-01-28,1.04912,1.04932,1.04135,1.04298,2,78,0.019063596156776913,-0.7406207106908699,-0.585252402013119,0.5380854069681755
EURUSD,2025-01-29,1.04296,1.04436,1.03821,1.04207,14,48,0.13423333589014397,-0.4554345324844703,-0.08533404924446358,0.5383319924121451
EURUSD,2025-01-30,1.04203,1.04679,1.03859,1.03875,48,34,0.4568006679270364,-0.33012485245147544,-0.31477020815139195,0.5009323840853872
EURUSD,2025-01-31,1.03879,1.0434,1.03496,1.03602,46,38,0.4437855581975185,-0.36869819694067135,-0.2666563983095872,0.49787036185431005
EURUSD,2025-02-03,1.0232,1.03499,1.02103,1.0343,118,22,1.152267396403437,-0.21207974980453528,1.0848318999218027,0.5206610302201559
EURUSD,2025-02-04,1.03427,1.03876,1.0272,1.03783,45,71,0.43412261788506706,-0.683573921703243,0.3442041246483034,0.5114837258046855
EURUSD,2025-02-05,1.0378,1.04425,1.03693,1.04021,64,9,0.6215070341106036,-0.08383118134516751,0.23222200809404733,0.5083442906669793
EURUSD,2025-02-06,1.04019,1.04058,1.03521,1.03828,4,50,0.03749315028986171,-0.4787586883165561,-0.18362030013746108,0.5084111597530069
EURUSD,2025-02-07,1.03821,1.04124,1.03048,1.0326,30,77,0.2918484699627114,-0.7445507170996247,-0.5403531077527778,0.5088206810812664
EURUSD,2025-02-10,1.02886,1.03365,1.02808,1.03063,48,8,0.46556382792603945,-0.07581206383764583,0.1720350679392558,0.5089999929513813
EURUSD,2025-02-11,1.03062,1.03815,1.02917,1.03604,75,15,0.7306281655702213,-0.14069201063439224,0.5258970328540082,0.5024071858416388
EURUSD,2025-02-12,1.03605,1.04299,1.03168,1.03824,69,44,0.6698518411273751,-0.42179431494618846,0.21137975966412204,0.4981332608050208
EURUSD,2025-02-13,1.03818,1.0467,1.03726,1.04641,85,9,0.8206669363694022,-0.08861661754224044,0.7927334373615326,0.520990962160182
EURUSD,2025-02-14,1.04625,1.05141,1.04469,1.04913,52,16,0.49318996415771127,-0.14910394265233032,0.2752688172043005,0.5133513441336093
EURUSD,2025-02-17,1.04858,1.05062,1.04667,1.0484,20,19,0.1945488184020334,-0.1821510995822997,-0.01716607221195035,0.4418380444458302
EURUSD,2025-02-18,1.04833,1.04863,1.04348,1.04459,3,49,0.028616943138130832,-0.4626405807331681,-0.3567578911220777,0.44617190299935494
EURUSD,2025-02-19,1.0445,1.04613,1.04004,1.04222,16,45,0.1560555289612274,-0.4269985639061665,-0.21828626136908183,0.4468582871012434
EURUSD,2025-02-20,1.04217,1.05034,1.04183,1.05002,82,3,0.7839411996123483,-0.03262423596918036,0.7532360363472286,0.46993904030246725
EURUSD,2025-02-21,1.05001,1.05054,1.0449,1.04559,5,51,0.05047570975513751,-0.4866620317901896,-0.420948371920276,0.4627305730883047
EURUSD,2025-02-24,1.04768,1.05283,1.04524,1.04671,51,24,0.49156230910201476,-0.2328955406230908,-0.09258552229687647,0.46410825592563376
EURUSD,2025-02-25,1.04664,1.05193,1.04559,1.05121,53,10,0.5054268898570681,-0.10032102728731898,0.4366353282886153,0.4445325799356746
EURUSD,2025-02-26,1.05124,1.05289,1.04747,1.04836,17,38,0.156957497812122,-0.3586241010616083,-0.2739621779993145,0.4509963735398101
EURUSD,2025-02-27,1.04834,1.04924,1.03965,1.03973,9,87,0.08585001049276961,-0.8289295457580638,-0.8212984337142536,0.4885933202904003
EURUSD,2025-02-28,1.03966,1.042,1.03596,1.03747,23,37,0.22507358174787995,-0.3558855779774192,-0.2106457880461051,0.486647311331338
EURUSD,2025-03-03,1.04027,1.05036,1.03883,1.04857,101,14,0.9699404962173217,-0.1384256010458927,0.7978697838061247,0.45905409576684303
EURUSD,2025-03-04,1.04849,1.06275,1.04708,1.06253,143,14,1.3600511211361255,-0.13447910805061675,1.3390685652700602,0.5374970851212187
EURUSD,2025-03-05,1.06249,1.07968,1.06017,1.07875,172,23,1.6178975802125233,-0.21835499628230645,1.5303673446338473,0.6232912937864
EURUSD,2025-03-06,1.07864,1.08537,1.07655,1.07818,67,21,0.6239338426166193,-0.19376251576060105,-0.0426462953348779,0.6196906230136066
EURUSD,2025-03-07,1.0782,1.08888,1.07768,1.083,107,5,0.9905397885364517,-0.04822852902987163,0.4451864218141268,0.5971655163128201
EURUSD,2025-03-10,1.08392,1.08747,1.08048,1.0834,35,34,0.3275149457524487,-0.3173665953206775,-0.04797402022290169,0.6005249645641971
EURUSD,2025-03-11,1.08345,1.09472,1.08305,1.0911,113,4,1.0401956712353952,-0.036919101019886096,0.7060778070053934,0.6065150412225182
EURUSD,2025-03-12,1.09111,1.09314,1.08754,1.08857,20,36,0.1860490692964024,-0.32718974255575267,-0.23279046109008136,0.6156534840339362
EURUSD,2025-03-13,1.08856,1.08972,1.08222,1.0851,12,63,0.10656279855956952,-0.5824208128169336,-0.3178511060483592,0.6110661674548158
EURUSD,2025-03-14,1.08515,1.09127,1.08304,1.08765,61,21,0.5639773303229879,-0.19444316453946978,0.2303828963737683,0.6107088078645776
EURUSD,2025-03-17,1.088,1.09297,1.0868,1.09212,50,12,0.4568014705882278,-0.11029411764706708,0.37867647058822623,0.6111031612184595
EURUSD,2025-03-18,1.09214,1.09547,1.08921,1.09442,33,29,0.30490596443677853,-0.26828062336331415,0.208764444118871,0.5979462137855497
EURUSD,2025-03-19,1.09436,1.0946,1.08603,1.09033,2,83,0.02193062611937735,-0.7611754815599938,-0.36825176358784845,0.6044695215266316
EURUSD,2025-03-20,1.09045,1.09173,1.08143,1.08539,13,90,0.11738273189969003,-0.827181438855521,-0.46402861204088613,0.6070955256443366
EURUSD,2025-03-21,1.08535,1.08613,1.07962,1.08121,8,57,0.07186621827060422,-0.5279402957571302,-0.38144377389782397,0.6052392261292613
EURUSD,2025-03-24,1.08168,1.08582,1.07813,1.07995,41,35,0.38273796316840775,-0.328193180977733,-0.15993639523703954,0.6067925416519093
EURUSD,2025-03-25,1.07991,1.08301,1.07765,1.07908,31,23,0.2870609587836119,-0.20927669898416804,-0.07685825670656689,0.6043327463809731
EURUSD,2025-03-26,1.07921,1.0803,1.07342,1.07362,11,58,0.1009998054132222,-0.5365035535252604,-0.5179714791375157,0.6149040136646486
EURUSD,2025-03-27,1.07365,1.08212,1.07327,1.07974,85,4,0.7888976854654661,-0.03539328458995455,0.5672239556652474,0.5829993210665182
EURUSD,2025-03-28,1.07971,1.08448,1.07644,1.08237,48,33,0.44178529419938345,-0.30285910105490216,0.24636244917617758,0.5762464755895405
EURUSD,2025-03-31,1.08144,1.08494,1.07837,1.08184,35,31,0.32364255067318193,-0.2838807515904633,0.03698772007693039,0.5590010307132246
EURUSD,2025-04-01,1.08181,1.08301,1.07779,1.07929,12,40,0.11092520867805714,-0.3715994490714555,-0.2329429382238892,0.4898353319254248
EURUSD,2025-04-02,1.07929,1.09243,1.078,1.08264,131,13,1.2174670385160549,-0.11952301976299357,0.31038923736900775,0.3570806951029891
EURUSD,2025-04-03,1.08262,1.11466,1.08046,1.10505,320,22,2.9594871700134924,-0.19951598898966766,2.0718257560362985,0.5816925757470021
EURUSD,2025-04-04,1.10509,1.11076,1.09242,1.09573,57,127,0.5130803825932788,-1.1465129536960754,-0.8469898379317353,0.6145187342282272
EURUSD,2025-04-07,1.09148,1.105,1.09007,1.09112,135,14,1.238685088137206,-0.12918239454684569,-0.03298273903323157,0.6143950309262367
EURUSD,2025-04-08,1.09112,1.09918,1.08881,1.09565,81,23,0.7386905198328282,-0.21170906957988433,0.4151697338514483,0.6015090353784301
EURUSD,2025-04-09,1.09564,1.10952,1.0913,1.09503,139,43,1.2668394728195498,-0.39611551239458315,-0.05567522178817855,0.59855186609102
EURUSD,2025-04-10,1.09497,1.12414,1.09426,1.11888,292,7,2.6639999269386303,-0.06484195914043202,2.183621469081354,0.7577135288341661
EURUSD,2025-04-11,1.11918,1.14736,1.11918,1.13586,282,0,2.5179149019817966,0.0,1.490376883075111,0.8128793260519592
EURUSD,2025-04-14,1.13177,1.14246,1.12956,1.13522,107,22,0.9445382012246383,-0.19526935684812685,0.3048322539031741,0.8123772186668761
EURUSD,2025-04-15,1.13531,1.13789,1.12638,1.12812,26,89,0.22725070685539867,-0.7865693070615166,-0.6333072024381032,0.8353021649692082
EURUSD,2025-04-16,1.12806,1.14127,1.12805,1.1397,132,0,1.1710370015779252,-0.0008864776696333095,1.031860007446401,0.8444255355755743
EURUSD,2025-04-17,1.13965,1.14091,1.13349,1.13668,13,62,0.11056025972886753,-0.5405168253411085,-0.26060632650376336,0.8363967234760732
EURUSD,2025-04-18,1.1367,1.1398,1.13576,1.13913,31,9,0.2727192750945615,-0.08269552212544566,0.2137767220902553,0.8223563808281393
EURUSD,2025-04-21,1.14072,1.15733,1.139,1.15085,166,17,1.4560979030787586,-0.15078196226943893,0.8880356266217804,0.8247067196318322
EURUSD,2025-04-22,1.15085,1.15473,1.13613,1.13623,39,147,0.33714211235174923,-1.2790546118086497,-1.2703653821088636,0.8975740318369028
EURUSD,2025-04-23,1.13651,1.144,1.13072,1.13236,75,58,0.6590351162770233,-0.5094543822755596,-0.36515296829767235,0.8909104842746693
EURUSD,2025-04-24,1.13223,1.1398,1.13194,1.13857,76,3,0.668592070515695,-0.025613170468908566,0.5599568992165913,0.890798577569621
EURUSD,2025-04-25,1.13849,1.13912,1.13155,1.1364,6,69,0.05533645442646913,-0.6095793551107122,-0.1835764916687828,0.8973944429117201
EURUSD,2025-04-28,1.13601,1.1425,1.1329,1.14198,65,31,0.571297787871595,-0.2737651957289061,0.5255235429265614,0.8970442600236153
EURUSD,2025-04-29,1.14202,1.1422,1.13698,1.13846,2,50,0.0157615453319617,-0.4413232692947526,-0.3117283410097903,0.8997031396091111
EURUSD,2025-04-30,1.13861,1.13994,1.13168,1.13253,13,69,0.11680909178735946,-0.6086368466814697,-0.5339844195993241,0.9188830950803846
EURUSD,2025-05-01,1.13253,1.13411,1.12655,1.12857,16,60,0.13951065313942365,-0.5280213327682354,-0.3496596116659129,0.8219391584961158
EURUSD,2025-05-02,1.12865,1.1381,1.12739,1.12952,94,13,0.8372834802640287,-0.11163779736854108,0.0770832410401939,0.7889387529986633
EURUSD,2025-05-05,1.1299,1.13648,1.12968,1.13143,66,2,0.5823524205681946,-0.019470749623850515,0.13541021329321457,0.7873908336413092
EURUSD,2025-05-06,1.13157,1.13811,1.12796,1.13715,65,36,0.577958058273018,-0.31902577834335405,0.49312017815956066,0.7887397907002466
EURUSD,2025-05-07,1.13721,1.13782,1.12914,1.13106,6,81,0.053640048891585496,-0.7096314664837647,-0.5407972142348466,0.8042259836204453
EURUSD,2025-05-08,1.1312,1.13362,1.12116,1.12261,24,100,0.2139321074964718,-0.8875530410183919,-0.7593705799151234,0.6759329948766772
EURUSD,2025-05-09,1.12268,1.12929,1.11964,1.1246,66,30,0.5887697295756588,-0.2707806320589956,0.17101934656359283,0.5835141957510654
EURUSD,2025-05-12,1.12136,1.12428,1.10651,1.1088,29,148,0.2603980880359594,-1.3242847970321583,-1.1200684882642422,0.62468008854895
EURUSD,2025-05-13,1.10878,1.11947,1.10868,1.11856,107,1,0.9641227294864505,-0.009018921697720826,0.8820505420371849,0.6494837039141615
EURUSD,2025-05-14,1.11855,1.12658,1.11643,1.11749,80,21,0.7178937016673356,-0.18953108935674756,-0.09476554467836386,0.5988893813096393
EURUSD,2025-05-15,1.11763,1.1228,1.117,1.11872,52,6,0.46258600789171006,-0.056369281425866204,0.09752780437175411,0.5989432722262694
EURUSD,2025-05-16,1.11883,1.12196,1.11307,1.1164,31,58,0.27975653137653417,-0.5148235209996146,-0.2171911729217068,0.5957777914242973
EURUSD,2025-05-19,1.11737,1.12881,1.11711,1.12431,114,3,1.0238327501185924,-0.023268926139052147,0.6211013361733309,0.5752116200052293
EURUSD,2025-05-20,1.12433,1.12858,1.12177,1.12822,42,26,0.3780028995045818,-0.2276911582898364,0.3459838303700825,0.5137445763273475
EURUSD,2025-05-21,1.12823,1.13628,1.12787,1.13281,80,4,0.7135069976866322,-0.031908387474197455,0.405945596199359,0.516069304560089
EURUSD,2025-05-22,1.13282,1.1345,1.12555,1.12791,17,73,0.14830246641126799,-0.641761268339179,-0.4334316131424207,0.5081139885619087
EURUSD,2025-05-23,1.12803,1.13757,1.12785,1.13606,95,2,0.8457221882396639,-0.015957022419622616,0.711860500164001,0.5335626866603733
EURUSD,2025-05-26,1.13667,1.14187,1.13617,1.13848,52,5,0.45747666429129574,-0.04398814079725575,0.15923706968600096,0.5209018437301405
EURUSD,2025-05-27,1.13855,1.14071,1.1323,1.13304,22,62,0.18971498836238548,-0.5489438320670912,-0.4839488823503495,0.5274813938859647
EURUSD,2025-05-28,1.13309,1.13456,1.12834,1.12925,15,48,0.12973373694941112,-0.4192076534079404,-0.33889629243924524,0.5192478922278214
EURUSD,2025-05-29,1.1294,1.13845,1.12098,1.1369,91,84,0.8013104303169827,-0.7455285992562309,0.66406941738977,0.5338144046845001
EURUSD,2025-05-30,1.13672,1.139,1.13121,1.1345,23,55,0.20057709902175205,-0.4847279893025463,-0.1952987543106384,0.5362552378976786
EURUSD,2025-06-02,1.13494,1.14498,1.13454,1.14377,100,4,0.8846282622869974,-0.03524415387597194,0.7780146968121568,0.5618479388962071
EURUSD,2025-06-03,1.14398,1.14546,1.13638,1.1375,15,76,0.1293728911344539,-0.6643472787985849,-0.5664434692914248,0.5685063113662058
EURUSD,2025-06-04,1.13749,1.14344,1.13567,1.14157,60,18,0.523081521595805,-0.16000140660576648,0.3586844719514092,0.5586044316663088
EURUSD,2025-06-05,1.14157,1.1495,1.14043,1.14416,79,11,0.6946573578492771,-0.09986247010695086,0.2268805241903775,0.5260420041512114
EURUSD,2025-06-06,1.1443,1.1457,1.1369,1.1394,14,74,0.1223455387573054,-0.6466835620029776,-0.4282093856506271,0.5386158310385856
EURUSD,2025-06-09,1.1391,1.1439,1.1385,1.142,48,6,0.421385304187509,-0.05267316302343376,0.2545869546132826,0.46106605507953435
EURUSD,2025-06-10,1.1422,1.1447,1.1372,1.1423,25,50,0.21887585361582443,-0.4377517072316683,0.008755034144632199,0.42691968398656027
EURUSD,2025-06-11,1.1426,1.1499,1.1404,1.1487,73,22,0.638893751093984,-0.1925433222475039,0.5338701207771743,0.43536978825848505
EURUSD,2025-06-12,1.1491,1.1631,1.1484,1.1583,140,7,1.218344791576017,-0.060917239578794094,0.8006265773213904,0.4606729373687664
EURUSD,2025-06-13,1.1581,1.1614,1.1488,1.1552,33,93,0.2849494862274485,-0.8030394611864143,-0.2504101545635008,0.46216312184047526
EURUSD,2025-06-16,1.1535,1.1614,1.1522,1.1561,79,13,0.6848721283051598,-0.11270047680971643,0.2254009536194136,0.4496235207138158
EURUSD,2025-06-17,1.1566,1.1577,1.1474,1.1479,11,92,0.09510634618708964,-0.7954348953830276,-0.7522047380252596,0.4883844772297395
EURUSD,2025-06-18,1.1479,1.153,1.146,1.1479,51,19,0.44428957226240134,-0.1655196445683433,0.0,0.4827006808916944
EURUSD,2025-06-19,1.1483,1.1499,1.1445,1.1494,16,38,0.13933641034571312,-0.33092397457110734,0.09579378211267776,0.4683077343185915
EURUSD,2025-06-20,1.1494,1.1543,1.1489,1.1522,49,5,0.42630937880634473,-0.043500957021049676,0.24360535931789748,0.44679928556828447
EURUSD,2025-06-23,1.1479,1.1581,1.1451,1.1576,102,28,0.8885791445247833,-0.24392368673228626,0.8450213433225928,0.4793998804361245
EURUSD,2025-06-24,1.1576,1.1641,1.1573,1.1608,65,3,0.5615065653075285,-0.025915687629575586,0.27643400138217794,0.46034147729863695
EURUSD,2025-06-25,1.1608,1.1665,1.1589,1.1659,57,19,0.49104066161268417,-0.1636802205375614,0.43935217091659906,0.45060733518988505
EURUSD,2025-06-26,1.1658,1.1744,1.1653,1.1699,86,5,0.7376908560645191,-0.04288900325955953,0.3516898267284262,0.43811030292145653
EURUSD,2025-06-27,1.1695,1.1754,1.1679,1.1719,59,16,0.504489097905089,-0.1368106028217226,0.2052159042325744,0.42998227863479654
EURUSD,2025-06-30,1.1711,1.1788,1.1702,1.1786,77,9,0.6575014943215814,-0.0768508240116235,0.6404235334301137,0.42095594093907984
EURUSD,2025-07-01,1.1786,1.1829,1.1759,1.1805,43,27,0.3648396402511429,-0.2290853555065456,0.16120821313422812,0.3832130053641856
EURUSD,2025-07-02,1.1802,1.1809,1.1746,1.1798,7,56,0.05931198102017836,-0.474495848161314,-0.03389256058294831,0.3853436152152437
EURUSD,2025-07-03,1.1798,1.1809,1.1717,1.1756,11,81,0.09323614171894397,-0.6865570435667059,-0.3559925411086609,0.4041650393669445
EURUSD,2025-07-04,1.1756,1.1787,1.1752,1.1778,31,4,0.26369513439946435,-0.03402517863218407,0.1871384824770313,0.37945121459990167
EURUSD,2025-07-07,1.177,1.179,1.1686,1.1707,20,84,0.16992353440951585,-0.7136788445199629,-0.5352591333899721,0.41246178350410195
EURUSD,2025-07-08,1.1709,1.1765,1.1682,1.1724,56,27,0.4782645827995601,-0.23059185242122698,0.1281065846784573,0.4111057610559226
EURUSD,2025-07-09,1.1724,1.1729,1.1689,1.1719,5,35,0.04264756055953129,-0.29853292391675695,-0.042647560559550234,0.4036786630911432
EURUSD,2025-07-10,1.172,1.1749,1.1661,1.17,29,59,0.2474402730375533,-0.5034129692832778,-0.17064846416382268,0.3764466468008309
EURUSD,2025-07-11,1.17,1.1713,1.1663,1.1689,13,37,0.11111111111111786,-0.3162393162393194,-0.09401709401708366,0.37073932537433724
EURUSD,2025-07-14,1.1673,1.1697,1.1649,1.1663,24,24,0.20560267283474323,-0.20560267283474323,-0.08566778034782077,0.37131707312986534
EURUSD,2025-07-15,1.1666,1.1692,1.159,1.1599,26,76,0.22286987827875326,-0.6514657980456069,-0.5743185324875836,0.3520878042138592
EURUSD,2025-07-16,1.1599,1.1721,1.1561,1.1634,122,38,1.0518148116216905,-0.3276144495215127,0.3017501508750805,0.35475050162279337
EURUSD,2025-07-17,1.164,1.1642,1.1555,1.1595,2,85,0.017182130584190547,-0.7302405498281747,-0.38659793814432547,0.3710177623709796
EURUSD,2025-07-18,1.1595,1.1671,1.1589,1.1625,76,6,0.6554549374730532,-0.05174644243207709,0.2587322121604238,0.37139469499908495
EURUSD,2025-07-21,1.1618,1.1716,1.1614,1.1695,98,4,0.843518677913585,-0.03442933379238733,0.6627646755035325,0.35332347727661223
EURUSD,2025-07-22,1.1695,1.176,1.1677,1.1753,65,18,0.5557930739632279,-0.15391192817443555,0.4959384352287326,0.36344587976983495
EURUSD,2025-07-23,1.1752,1.1775,1.1709,1.177,23,43,0.1957113682777373,-0.36589516678012,0.15316541865214633,0.35396641163747555
EURUSD,2025-07-24,1.177,1.1788,1.1729,1.1754,18,41,0.15293118096856617,-0.3483432455395066,-0.13593882752761646,0.3498303171137114
EURUSD,2025-07-25,1.1747,1.1761,1.1702,1.174,14,45,0.11917936494422796,-0.38307653017793225,-0.05958968247213288,0.3482146682158632
EURUSD,2025-07-28,1.1746,1.1772,1.1584,1.1588,26,162,0.2213519495998583,-1.379192916737612,-1.345138770645329,0.4357774206303502
EURUSD,2025-07-29,1.1588,1.1599,1.1515,1.1545,11,73,0.09492578529512244,-0.6299620296858892,-0.37107352433551694,0.43693820800979594
EURUSD,2025-07-30,1.1545,1.1572,1.1399,1.1404,27,146,0.23386747509743824,-1.2646167171936047,-1.2213079255088783,0.5031202691092923
EURUSD,2025-07-31,1.1404,1.146,1.1402,1.1415,56,2,0.4910557699052812,-0.017537706068044365,0.09645738337424402,0.5039928280812238
EURUSD,2025-08-01,1.1414,1.1597,1.1389,1.1584,183,25,1.6032942001051327,-0.21902926230943986,1.489398983704234,0.6190501956574438
EURUSD,2025-08-04,1.1577,1.1596,1.1547,1.157,19,30,0.16411851084046064,-0.2591344908007162,-0.060464714520162645,0.6093697014008608
EURUSD,2025-08-05,1.157,1.1587,1.1525,1.1574,17,45,0.14693171996543083,-0.3889369057908339,0.03457216940362627,0.6083045534807577
EURUSD,2025-08-06,1.1571,1.1668,1.1563,1.1659,97,8,0.8383026531846894,-0.06913836314924482,0.7605219946417698,0.6349338867870966
EURUSD,2025-08-07,1.1659,1.1698,1.1609,1.1665,39,50,0.33450553220688006,-0.42885324641906625,0.05146238957030243,0.633965208619548
EURUSD,2025-08-08,1.1665,1.1679,1.1628,1.1639,14,37,0.12001714530645913,-0.3171881697385372,-0.222888984140605,0.6356081822100209
EURUSD,2025-08-11,1.1637,1.1675,1.1589,1.1614,38,48,0.3265446420898879,-0.41247744263984837,-0.19764544126492814,0.636821197905531
EURUSD,2025-08-12,1.1614,1.1697,1.1597,1.1673,83,17,0.7146547270535538,-0.14637506457723737,0.5080075770621678,0.6326297022736337
EURUSD,2025-08-13,1.1674,1.173,1.1667,1.1704,56,7,0.4796984752441365,-0.05996230940550993,0.25698132602365203,0.6317356330217149
EURUSD,2025-08-14,1.1705,1.1715,1.163,1.1646,10,75,0.08543357539512086,-0.6407518154634824,-0.5040580948312701,0.636422915819061
EURUSD,2025-08-15,1.1647,1.1715,1.1644,1.1697,68,3,0.5838413325319753,-0.02575770584699639,0.42929509744997796,0.6407422070528995
EURUSD,2025-08-18,1.1691,1.1716,1.1655,1.166,25,36,0.2138397057565603,-0.3079291762894575,-0.2651612351381492,0.6267961409688135
EURUSD,2025-08-19,1.1659,1.1692,1.1637,1.1646,33,22,0.2830431426365967,-0.18869542842439144,-0.11150184406894732,0.6158475223900024
EURUSD,2025-08-20,1.1649,1.1673,1.1621,1.1651,24,28,0.2060262683492109,-0.24036397974076193,0.017168855695765987,0.6144009976030478
EURUSD,2025-08-21,1.1652,1.1662,1.1598,1.1605,10,54,0.08582217645038533,-0.46343975283213795,-0.4033642293168492,0.6194299304421272
EURUSD,2025-08-22,1.1605,1.1742,1.1581,1.1715,137,24,1.1805256355019236,-0.20680741059889526,0.9478672985781903,0.6588265143958166
EURUSD,2025-08-25,1.1715,1.1727,1.1601,1.1618,12,114,0.10243277848912419,-0.9731113956466135,-0.8279982927870287,0.6119657677047163
EURUSD,2025-08-26,1.1618,1.1665,1.1599,1.1642,47,19,0.40454467206060846,-0.1635393355138589,0.20657600275434307,0.6061251370811824
EURUSD,2025-08-27,1.1642,1.1647,1.1573,1.1637,5,69,0.042947947088143534,-0.5926816698161748,-0.04294794708812446,0.5284161947646653
EURUSD,2025-08-28,1.1637,1.1697,1.1627,1.1682,60,10,0.51559680329982,-0.08593280054996046,0.38669760247486024,0.5320521764086442
EURUSD,2025-08-29,1.1682,1.1708,1.1649,1.1684,26,33,0.22256462934430388,-0.2824858757062026,0.017120356103424075,0.42384167012156637
EURUSD,2025-09-01,1.1684,1.1736,1.1683,1.1709,52,1,0.44505306401916045,-0.008558712769617513,0.21396781923998173,0.42455258671918356
EURUSD,2025-09-02,1.1709,1.1718,1.161,1.1638,9,99,0.07686395080706301,-0.845503458877788,-0.6063711674780174,0.45020584832682276
EURUSD,2025-09-03,1.1642,1.1682,1.1606,1.1661,40,36,0.3435835767050338,-0.3092252190345152,0.16320219893489202,0.4178945832225563
EURUSD,2025-09-04,1.1659,1.1669,1.1628,1.1649,10,31,0.08577064928382468,-0.2658890127798165,-0.08577064928380564,0.4181458787301773
EURUSD,2025-09-05,1.1648,1.1759,1.1645,1.1717,111,3,0.952953296703287,-0.025755494505491666,0.5923763736263655,0.43528099046523316
EURUSD,2025-09-08,1.1717,1.1765,1.17,1.1762,48,17,0.4096611760689714,-0.14508833319109285,0.3840573525646453,0.4383607522325641
EURUSD,2025-09-09,1.1762,1.1779,1.1702,1.1706,17,60,0.1445332426458115,-0.5101173269852071,-0.4761095051861782,0.44109997817977953
EURUSD,2025-09-10,1.1707,1.173,1.1681,1.1693,23,26,0.1964636542239659,-0.22208934825319532,-0.11958657213633449,0.43823706711109706
EURUSD,2025-09-11,1.1693,1.1745,1.1661,1.1733,52,32,0.4447105105618826,-0.273668006499623,0.34208500812451925,0.4281715001920068
EURUSD,2025-09-12,1.1733,1.1747,1.17,1.1733,14,33,0.11932157163556362,-0.28125799028382176,0.0,0.41817095888008815
EURUSD,2025-09-15,1.1733,1.1774,1.1715,1.176,41,18,0.349441745504133,-0.15341344924571923,0.2301201738685694,0.41526105468735
EURUSD,2025-09-16,1.1762,1.1878,1.1756,1.1866,116,6,0.9862268321714042,-0.05101173269851505,0.884203366774374,0.453860699994681
EURUSD,2025-09-17,1.1866,1.1918,1.1806,1.1812,52,60,0.4382268666778924,-0.5056463846283503,-0.4550817461655209,0.46991376199686297
EURUSD,2025-09-18,1.1812,1.1848,1.175,1.1786,36,62,0.3047748052827673,-0.5248899424314243,-0.22011513714865694,0.46196782428031236
EURUSD,2025-09-19,1.1786,1.1792,1.1728,1.1744,6,58,0.050907856779223985,-0.4921092821992217,-0.3563549974546056,0.4229261273517228
EURUSD,2025-09-22,1.1744,1.1803,1.1725,1.1802,59,19,0.5023841961852685,-0.16178474114441524,0.4938692098092477,0.3865509005928536
EURUSD,2025-09-23,1.1802,1.1819,1.1778,1.1815,17,24,0.14404338247754914,-0.2033553634977087,0.11015082189460083,0.3854573245446614
EURUSD,2025-09-24,1.1814,1.1819,1.1727,1.1737,5,87,0.04232266802098738,-0.7364144235652557,-0.6517690875232809,0.4177640716617513
EURUSD,2025-09-25,1.1738,1.1753,1.1645,1.1665,15,93,0.12779008348952606,-0.7922985176350199,-0.6219117396489915,0.43454647837382443
EURUSD,2025-09-26,1.1665,1.1707,1.1657,1.1701,42,8,0.36005143591941546,-0.06858122588942425,0.3086155165023425,0.44028722583993346
EURUSD,2025-09-29,1.1697,1.1754,1.1697,1.1725,57,0,0.48730443703514054,0.0,0.23937761819271058,0.44095362352435097
EURUSD,2025-09-30,1.1726,1.1761,1.1711,1.1733,35,15,0.29848200579906503,-0.12792085962818153,0.05969640115980922,0.4166112694722421
EURUSD,2025-10-01,1.1733,1.1778,1.1712,1.1729,45,21,0.3835336231142886,-0.17898235745333596,-0.03409187761015563,0.41590193802273273
EURUSD,2025-10-02,1.1728,1.1758,1.1681,1.1714,30,47,0.25579809004091847,-0.4007503410641327,-0.11937244201910537,0.4164667603964573
EURUSD,2025-10-03,1.1714,1.1758,1.1712,1.1741,44,2,0.37561891753457055,-0.017073587160660576,0.2304934266689367,0.3981848958543094
EURUSD,2025-10-06,1.1741,1.1741,1.1649,1.1709,0,92,0.0,-0.7835789115066754,-0.27254918661101013,0.3928765812521605
EURUSD,2025-10-07,1.1712,1.1716,1.1647,1.1655,4,65,0.03415300546447711,-0.5549863387978099,-0.48668032786885573,0.3935270516003096
EURUSD,2025-10-08,1.1653,1.1661,1.1597,1.1626,8,56,0.06865184930918321,-0.4805629451643396,-0.23169999141851239,0.3957831714824104
EURUSD,2025-10-09,1.1623,1.1648,1.1541,1.1563,25,82,0.21509076830421978,-0.7054977200378737,-0.5162178439301389,0.4001034605854145
EURUSD,2025-10-10,1.1563,1.163,1.1555,1.1618,67,8,0.5794344028366278,-0.06918619735363953,0.4756551068061781,0.4182383555346654
EURUSD,2025-10-13,1.1618,1.1629,1.1556,1.1568,11,62,0.09468066792908426,-0.5336546737820609,-0.4303666724048798,0.4212964925320913
EURUSD,2025-10-14,1.157,1.1615,1.154,1.1605,45,30,0.3889369057908339,-0.2592912705272354,0.30250648228176824,0.36795085398279825
EURUSD,2025-10-15,1.1605,1.1647,1.16,1.1646,42,5,0.361912968548038,-0.04308487720811434,0.35329599310641896,0.3722834451646431
EURUSD,2025-10-16,1.1647,1.1694,1.164,1.1687,47,7,0.4035373916029816,-0.06010131364301064,0.34343607795999,0.3814091835793102
EURUSD,2025-10-17,1.1686,1.1728,1.165,1.1651,42,36,0.3594044155399607,-0.30806092760568604,-0.29950367961664026,0.37913396357111695
EURUSD,2025-10-20,1.1657,1.1675,1.1637,1.164,18,20,0.1544136570301127,-0.17157073003345646,-0.14583512052844083,0.35837488023214903
EURUSD,2025-10-21,1.1641,1.1655,1.1597,1.1598,14,44,0.1202645820805831,-0.377974400824668,-0.36938407353319913,0.3617597166640356
EURUSD,2025-10-22,1.1598,1.1622,1.1576,1.161,24,22,0.20693222969477132,-0.18968787722020863,0.10346611484739524,0.3391060226614648
EURUSD,2025-10-23,1.1609,1.162,1.1584,1.1617,11,25,0.09475407011800145,-0.21535015935911334,0.06891205099491014,0.3125222648756602
EURUSD,2025-10-24,1.1618,1.1647,1.1599,1.1625,29,19,0.24961266999484635,-0.1635393355138589,0.060251334136696935,0.3035403542649442
EURUSD,2025-10-27,1.1625,1.1651,1.1616,1.1643,26,9,0.22365591397848908,-0.07741935483872024,0.1548387096774023,0.3001106695988947
EURUSD,2025-10-28,1.1644,1.1668,1.1625,1.165,24,19,0.2061147372037064,-0.1631741669529382,0.051528684300921834,0.29997674684862496
EURUSD,2025-10-29,1.165,1.1665,1.1577,1.1599,15,73,0.12875536480687183,-0.6266094420600931,-0.4377682403433566,0.3129934750429051
EURUSD,2025-10-30,1.16,1.1637,1.1546,1.1565,37,54,0.3189655172413825,-0.4655172413792974,-0.30172413793102043,0.3174913679384228
EURUSD,2025-10-31,1.1565,1.1577,1.152,1.1534,12,45,0.10376134889752424,-0.38910505836577347,-0.2680501513186427,0.3124049287116783
EURUSD,2025-11-03,1.1534,1.1541,1.1504,1.1518,7,30,0.06069013351828706,-0.2601005722212495,-0.13872030518467537,0.30976289998593465
EURUSD,2025-11-04,1.1519,1.1533,1.1472,1.1482,14,47,0.12153832797986526,-0.4080215296466644,-0.32120843823246936,0.3005596430924628
EURUSD,2025-11-05,1.1483,1.1497,1.1468,1.1491,14,15,0.12191935905249897,-0.13062788469912537,0.06966820517285656,0.299966907123976
EURUSD,2025-11-06,1.1491,1.1552,1.1489,1.1547,61,2,0.5308502306152636,-0.01740492559394117,0.4873379166304107,0.3039432683511164
EURUSD,2025-11-07,1.1546,1.1591,1.1528,1.1565,45,18,0.3897453663606399,-0.1558981465442598,0.1645591546856065,0.28504141191841464
EURUSD,2025-11-10,1.1565,1.1583,1.1538,1.1556,18,27,0.15564202334630556,-0.2334630350194679,-0.07782101167316237,0.26929118029987537
EURUSD,2025-11-11,1.1556,1.1605,1.1546,1.158,49,10,0.42402215299412654,-0.0865351332640957,0.20768431983384888,0.26428768437688244
EURUSD,2025-11-12,1.158,1.1597,1.1562,1.1592,17,18,0.14680483592400992,-0.1554404145077741,0.10362694300518911,0.251579141498261
EURUSD,2025-11-13,1.1592,1.1655,1.1578,1.1631,63,14,0.5434782608695629,-0.12077294685990923,0.3364389233954464,0.2510408277619693
EURUSD,2025-11-14,1.1638,1.1653,1.1604,1.162,15,34,0.12888812510741166,-0.29214641691010895,-0.15466575012889017,0.24479522429141462
EURUSD,2025-11-17,1.162,1.1624,1.1581,1.159,4,39,0.03442340791739914,-0.33562822719449353,-0.25817555938036935,0.24907770035028953
EURUSD,2025-11-18,1.1591,1.1607,1.157,1.1579,16,21,0.13803813303425466,-0.18117504960745326,-0.10352859977569578,0.2365650342721748
EURUSD,2025-11-19,1.1579,1.1597,1.1517,1.1536,18,62,0.15545383884618913,-0.5354521115813096,-0.3713619483547777,0.2478538307989472
EURUSD,2025-11-20,1.1535,1.1549,1.1506,1.1527,14,29,0.1213697442566162,-0.2514087559601129,-0.06935413957519826,0.24668709328641378
EURUSD,2025-11-21,1.1527,1.1552,1.1488,1.1511,25,39,0.21688210288886497,-0.3383360805066378,-0.13880454584888052,0.24630363752497958
EURUSD,2025-11-24,1.1511,1.155,1.1501,1.152,39,10,0.33880635913474194,-0.086873425419174,0.07818608287723924,0.24347496082440184
EURUSD,2025-11-25,1.152,1.1585,1.151,1.1569,65,10,0.5642361111111261,-0.086805555555546,0.42534722222223326,0.2655971321007883
EURUSD,2025-11-26,1.1569,1.16,1.1546,1.1594,31,23,0.2679574725559582,-0.19880715705765137,0.21609473593222808,0.2538350560169891
EURUSD,2025-11-27,1.1595,1.1613,1.1575,1.1595,18,20,0.15523932729625045,-0.17248814144027613,0.0,0.24409629445022382
EURUSD,2025-11-28,1.1595,1.1607,1.1553,1.1595,12,42,0.10349288486417334,-0.362225097024578,0.0,0.2352618104385553
EURUSD,2025-12-01,1.1595,1.1652,1.1588,1.161,57,7,0.4915912031047899,-0.06037084950408995,0.1293661060802119,0.2332050102670671
EURUSD,2025-12-02,1.1608,1.1625,1.159,1.1623,17,18,0.14645072363887274,-0.15506547208821705,0.12922122674018408,0.2181383271515148
EURUSD,2025-12-03,1.1624,1.1677,1.1619,1.167,53,5,0.45595320027528047,-0.04301445285617403,0.39573296627666354,0.23081812909621122
EURUSD,2025-12-04,1.1668,1.1681,1.164,1.1643,13,28,0.11141583818990887,-0.2399725745629187,-0.21426122728832436,0.21779909408692905
EURUSD,2025-12-05,1.1643,1.1671,1.1627,1.1642,28,16,0.24048784677489787,-0.1374216267284913,-0.008588851670530705,0.21601774385825323
EURUSD,2025-12-08,1.164,1.1671,1.1615,1.1636,31,25,0.26632302405499164,-0.21477663230240093,-0.034364261168381094,0.2150793456895412
EURUSD,2025-12-09,1.1635,1.1657,1.1614,1.1625,22,21,0.18908465835839963,-0.18048990116029143,-0.08594757198108206,0.2125656108695613
EURUSD,2025-12-10,1.1625,1.1699,1.162,1.1694,74,5,0.6365591397849334,-0.0430107526881864,0.593548387096766,0.24811801656425012
EURUSD,2025-12-11,1.1692,1.1762,1.1681,1.1738,70,11,0.5986999657885644,-0.09408142319535587,0.39343140608962857,0.25196010373875655
EURUSD,2025-12-12,1.1737,1.1749,1.1719,1.174,12,18,0.10224077702991309,-0.15336116554486018,0.025560194257473544,0.24758700245313975
EURUSD,2025-12-15,1.1733,1.1768,1.1724,1.1752,35,9,0.2983039290888996,-0.07670672462285015,0.16193641864825814,0.23721305359784334
EURUSD,2025-12-16,1.1752,1.1803,1.1734,1.1746,51,18,0.43396868618106554,-0.15316541865214633,-0.05105513955070915,0.2354048947269138
EURUSD,2025-12-17,1.1746,1.1758,1.1702,1.1739,12,44,0.10216243827684895,-0.37459560701516953,-0.05959475566151412,0.21331742439130136
EURUSD,2025-12-18,1.1739,1.1762,1.1712,1.1721,23,27,0.19592810290484444,-0.23000255558394453,-0.15333503705596932,0.21749455612205004
EURUSD,2025-12-19,1.1719,1.1737,1.1702,1.1708,18,17,0.15359672326990562,-0.14506357197713413,-0.0938646642204863,0.21522526223507982
EURUSD,2025-12-22,1.1705,1.1769,1.1703,1.176,64,2,0.5467748825288304,-0.017086715079043142,0.4698846646732027,0.2311026870932276
EURUSD,2025-12-23,1.1755,1.1801,1.1754,1.1794,46,1,0.39132284134410356,-0.008507018290088387,0.3317737133134849,0.22529845468036924
EURUSD,2025-12-24,1.1792,1.1807,1.1771,1.1778,15,21,0.12720488466757604,-0.17808683853459895,-0.11872455902307223,0.22919293531780766
EURUSD,2025-12-25,1.1782,1.1785,1.1769,1.1777,3,13,0.025462570022083603,-0.11033780342894729,-0.04243761670344126,0.23026915533693634
EURUSD,2025-12-26,1.1777,1.1796,1.176,1.1771,19,17,0.16133140867793266,-0.1443491551328891,-0.05094676063513067,0.23157679285676516
EURUSD,2025-12-29,1.1764,1.1788,1.1748,1.1772,24,16,0.20401224073445937,-0.13600816048961442,0.06800408024482608,0.23137654690174847
EURUSD,2025-12-30,1.1767,1.1779,1.1742,1.1746,12,25,0.1019801138777826,-0.21245857057875148,-0.1784651992861384,0.238254309864972
EURUSD,2025-12-31,1.1745,1.1759,1.1719,1.1745,14,26,0.11919965942953135,-0.22137079608345317,0.0,0.22565209910496323
EURUSD,2026-01-01,1.174,1.1745,1.1739,1.1745,5,1,0.04258943781943501,-0.00851788756388322,0.04258943781943501,0.2171101475788668
EURUSD,2026-01-02,1.1747,1.1764,1.1712,1.1719,17,35,0.14471780028941966,-0.29794841236060765,-0.23835872988849371,0.226818890386653
EURUSD,2026-01-05,1.172,1.1728,1.1658,1.172,8,62,0.06825938566554045,-0.5290102389078485,0.0,0.22628382087825677
EURUSD,2026-01-06,1.1721,1.1742,1.1683,1.1687,21,38,0.1791656002047599,-0.3242044194181406,-0.2900776384267424,0.23711604249968032
EURUSD,2026-01-07,1.1686,1.1702,1.1671,1.1673,16,15,0.13691596782473248,-0.12835871983570568,-0.11124422385761414,0.20007553906845302
EURUSD,2026-01-08,1.1673,1.1682,1.1642,1.1658,9,31,0.07710100231302158,-0.2655701190782235,-0.12850167052172165,0.1797896650004172
EURUSD,2026-01-09,1.1658,1.1662,1.1617,1.1637,4,41,0.03431120260764762,-0.3516898267284262,-0.18013381369016906,0.18285268826886186
EURUSD,2026-01-12,1.1629,1.1698,1.162,1.1667,69,9,0.5933442256427814,-0.07739272508385268,0.3267692836873356,0.19530340344933847
EURUSD,2026-01-13,1.1668,1.1677,1.1633,1.1641,9,35,0.07713404182378307,-0.2999657182036389,-0.23140212547138728,0.20075963838703023
EURUSD,2026-01-14,1.1645,1.1661,1.1634,1.1642,16,11,0.13739802490337688,-0.09446114212109066,-0.02576212966940223,0.20065653809488707
EURUSD,2026-01-15,1.1641,1.1647,1.1592,1.1606,6,49,0.05154196374883223,-0.4209260372820123,-0.3006614552014292,0.20798486211485384
EURUSD,2026-01-16,1.1607,1.1627,1.1583,1.1597,20,24,0.17230981304385298,-0.20677177565261975,-0.08615490652193607,0.20788216668817638
EURUSD,2026-01-19,1.1583,1.1648,1.157,1.1645,65,13,0.5611672278338902,-0.1122334455667857,0.5352672019338671,0.21660709307222828
EURUSD,2026-01-20,1.1642,1.1768,1.1631,1.1724,126,11,1.08228826662087,-0.09448548359387382,0.7043463322453365,0.2611534425512949
EURUSD,2026-01-21,1.1721,1.1742,1.1676,1.1682,21,45,0.1791656002047599,-0.38392628615305424,-0.3327361146659854,0.2698540101153714
EURUSD,2026-01-22,1.1682,1.1756,1.1668,1.1754,74,14,0.6334531758260635,-0.11984249272383547,0.6163328197226584,0.30558130033259334
EURUSD,2026-01-23,1.1752,1.1833,1.1727,1.1826,81,25,0.689244383934649,-0.21272974812797368,0.6296800544588217,0.3352537109993604
EURUSD,2026-01-26,1.1831,1.1906,1.1831,1.1879,75,0,0.6339278167526043,0.0,0.40571380272165625,0.3450482568327774
EURUSD,2026-01-27,1.1875,1.2078,1.1849,1.2041,203,26,1.709473684210525,-0.21894736842104723,1.3978947368421009,0.4517629507166044
EURUSD,2026-01-28,1.2039,1.2044,1.1895,1.1952,5,144,0.04153168867845709,-1.1961126339396935,-0.7226513830052272,0.49050781597748605
EURUSD,2026-01-29,1.1952,1.1996,1.1905,1.1969,44,47,0.3681392235609069,-0.39323962516734845,0.1422356091030819,0.4903942093353101
EURUSD,2026-01-30,1.197,1.1974,1.1848,1.1848,4,122,0.033416875522135,-1.0192147034252288,-1.0192147034252288,0.5470275685393114
EURUSD,2026-02-02,1.1852,1.1874,1.1775,1.1789,22,77,0.18562267971650184,-0.6496793790077657,-0.5315558555518033,0.5631046020989565
EURUSD,2026-02-03,1.1789,1.1828,1.1779,1.1818,39,10,0.3308168631775396,-0.08482483671219881,0.2459920264653408,0.5593163826745018
EURUSD,2026-02-04,1.1818,1.1838,1.1789,1.1806,20,29,0.16923337282112047,-0.24538839059061623,-0.10154002369266102,0.5591580675517426
EURUSD,2026-02-05,1.1806,1.1821,1.1773,1.1775,15,33,0.12705404031846812,-0.2795188887006675,-0.2625783499915384,0.5624220100550595
EURUSD,2026-02-06,1.1777,1.1826,1.1764,1.1816,49,13,0.4160652118536237,-0.11038464804280197,0.33115394412838706,0.5625289759209644
EURUSD,2026-02-09,1.1816,1.1926,1.1807,1.1913,110,9,0.9309410968178843,-0.07616790792145403,0.8209207853757652,0.5840967735110322
EURUSD,2026-02-10,1.1912,1.1928,1.1886,1.1894,16,26,0.13431833445265662,-0.21826729348555537,-0.1511081262592364,0.5818929531838627
EURUSD,2026-02-11,1.1893,1.1927,1.1831,1.187,34,62,0.28588245186244593,-0.5213150592785658,-0.19339107037753037,0.5852215362920408
EURUSD,2026-02-12,1.1877,1.1889,1.1851,1.1869,12,26,0.10103561505431422,-0.21891049928432565,-0.06735707670286367,0.5789724521494283
EURUSD,2026-02-13,1.1869,1.1884,1.1845,1.1867,15,24,0.12637964445191968,-0.2022074311230902,-0.016850619260255956,0.5778922479730958
EURUSD,2026-02-16,1.1867,1.1875,1.1845,1.185,8,22,0.0674138366899732,-0.18538805089744498,-0.14325440296621172,0.5722135763663474
EURUSD,2026-02-17,1.185,1.1855,1.1804,1.1853,5,46,0.04219409282699957,-0.3881856540084523,0.025316455696199742,0.5535336477445056
EURUSD,2026-02-18,1.1853,1.1857,1.1781,1.1782,4,72,0.03374673078545144,-0.6074411541382009,-0.599004471441838,0.5663692880701772
EURUSD,2026-02-19,1.1782,1.1807,1.1741,1.1772,25,41,0.212188083517244,-0.34798845696825603,-0.08487523340688252,0.5503124046347927
EURUSD,2026-02-20,1.1772,1.1807,1.1742,1.178,35,30,0.2973156642881463,-0.25484199796127366,0.06795786612299626,0.5307543517462625
EURUSD,2026-02-23,1.1781,1.1834,1.1774,1.1784,53,7,0.4498769204651628,-0.05941770647652347,0.025464731347081486,0.5213228082241455
EURUSD,2026-02-24,1.179,1.1796,1.1765,1.1771,6,25,0.05089058524172467,-0.21204410517387165,-0.16115351993214697,0.39627843005784696
EURUSD,2026-02-25,1.1772,1.1814,1.1769,1.1809,42,3,0.35677879714576805,-0.025484199796123593,0.3143051308188954,0.380781488113807
EURUSD,2026-02-26,1.1809,1.1828,1.1773,1.1797,19,36,0.16089423321195806,-0.30485223134897516,-0.10161741044966464,0.3775886005712154
EURUSD,2026-02-27,1.1796,1.1826,1.1785,1.1813,30,11,0.2543234994913626,-0.09325194981348583,0.14411664971176966,0.3086136166562908
EURUSD,2026-03-02,1.1776,1.1795,1.1671,1.1687,19,105,0.16134510869565327,-0.8916440217391265,-0.7557744565217314,0.331336219444283
EURUSD,2026-03-03,1.1687,1.1706,1.1528,1.1613,19,159,0.162573799948662,-1.3604860100966907,-0.6331821682211066,0.350138071753894
EURUSD,2026-03-04,1.1611,1.1654,1.1573,1.1633,43,38,0.3703384721384868,-0.3272758590991323,0.18947549737317887,0.3550819424596607
EURUSD,2026-03-05,1.1633,1.1647,1.1558,1.1607,14,75,0.12034728788791094,-0.6447176136852112,-0.22350210607753251,0.35402944617975285
EURUSD,2026-03-06,1.1609,1.1621,1.1544,1.1618,12,65,0.10336807649236522,-0.5599104143337023,0.07752605736927391,0.3436477929000465
EURUSD,2026-03-09,1.1567,1.1637,1.1505,1.1636,70,62,0.6051698798305434,-0.5360076078499164,0.596524595832965,0.3154194433979542
EURUSD,2026-03-10,1.1636,1.1667,1.1605,1.161,31,31,0.2664145754554918,-0.26641457545547276,-0.223444482640077,0.31663557037967205
EURUSD,2026-03-11,1.1611,1.1645,1.1559,1.1566,34,52,0.29282576866764876,-0.447851175609344,-0.3875635173542286,0.32294668493170503
EURUSD,2026-03-12,1.1567,1.1575,1.1508,1.151,8,59,0.06916227198062694,-0.5100717558571813,-0.49278118786202457,0.3346319879671806
EURUSD,2026-03-13,1.151,1.1529,1.141,1.1416,19,100,0.16507384882710796,-0.8688097306689843,-0.816681146828851,0.3679062763209639
GBPUSD,2021-01-14,1.36365,1.3711,1.3615,1.36859,74,22,0.5463278700546296,-0.15766509001577356,0.3622630440362222,0.49650723100644717
GBPUSD,2021-01-15,1.36845,1.36979,1.357,1.35796,13,114,0.09792100551719968,-0.8367130695312186,-0.7665607073696437,0.525769775688686
GBPUSD,2021-01-18,1.35948,1.36015,1.3518,1.35847,7,77,0.04928354959248745,-0.5649218818960287,-0.07429311207225964,0.5013138726817512
GBPUSD,2021-01-19,1.35846,1.36365,1.357,1.36271,52,15,0.38205026279758164,-0.1074746404016325,0.3128542614431111,0.4911759216049481
GBPUSD,2021-01-20,1.36289,1.3719,1.3622,1.36517,90,7,0.6610951727578868,-0.05062771023339062,0.16729156424950362,0.4749728038936721
GBPUSD,2021-01-21,1.36521,1.37459,1.36458,1.37302,94,6,0.6870737835204799,-0.04614674665437042,0.5720731609056389,0.4825438549239401
GBPUSD,2021-01-22,1.37297,1.37359,1.3634,1.3682,6,96,0.045157578097122654,-0.6970290683700356,-0.3474220121342739,0.47512313056738875
GBPUSD,2021-01-25,1.36815,1.37237,1.3646,1.36747,42,35,0.3084457113620665,-0.2594744728282675,-0.04970215254175448,0.46017310864965755
GBPUSD,2021-01-26,1.36738,1.37445,1.3608,1.37359,71,66,0.5170471997542679,-0.4812122453158617,0.4541531980868558,0.45942573565170164
GBPUSD,2021-01-27,1.37333,1.37589,1.36579,1.36836,26,75,0.1864082194374344,-0.5490304588117846,-0.36189408226718406,0.4549724736536396
GBPUSD,2021-01-28,1.36846,1.3746,1.3628,1.372,61,57,0.44867953758239437,-0.4136036128202504,0.2586849451207999,0.4466172859080515
GBPUSD,2021-01-29,1.37166,1.37513,1.3655,1.36992,35,62,0.2529781432716462,-0.44909088258024327,-0.12685359345610972,0.4475311086853569
GBPUSD,2021-02-01,1.37045,1.37578,1.3654,1.36583,53,50,0.3889233463460949,-0.36849210113466374,-0.3371155459885327,0.42836239858814434
GBPUSD,2021-02-02,1.36578,1.37103,1.361,1.3665,52,48,0.38439572991257576,-0.3499831598061186,0.05271712867372885,0.418504444260991
GBPUSD,2021-02-03,1.36669,1.36833,1.3617,1.3644,16,50,0.11999795125449707,-0.36511571753653355,-0.1675581148614465,0.41883361689884924
GBPUSD,2021-02-04,1.36458,1.3698,1.3562,1.367,52,84,0.3825352855823772,-0.614108370341045,0.17734394465697056,0.4126044467482572
GBPUSD,2021-02-05,1.36698,1.374,1.36579,1.3732,70,12,0.5135407979633957,-0.08705321219037765,0.4550176301043096,0.42191350342718326
GBPUSD,2021-02-08,1.37146,1.37494,1.36798,1.37402,35,35,0.253744185029104,-0.2537441850290878,0.18666238898692764,0.4097656890987109
GBPUSD,2021-02-09,1.3739,1.38203,1.37324,1.38154,81,7,0.591746124172079,-0.048038430744587156,0.5560812286192657,0.3565177237767333
GBPUSD,2021-02-10,1.38156,1.38663,1.3801,1.3833,51,15,0.36697646139147994,-0.10567763976952105,0.12594458438287695,0.3523418584484211
GBPUSD,2021-02-11,1.38302,1.38593,1.3799,1.38162,29,31,0.21040910471288848,-0.22559326690865003,-0.10122774797181862,0.3474882784840776
GBPUSD,2021-02-12,1.38148,1.38623,1.3773,1.38474,48,42,0.3438341488838081,-0.3025740510177543,0.23597880533920437,0.2913814855334729
GBPUSD,2021-02-15,1.3851,1.39193,1.38459,1.3903,68,5,0.49310519096093364,-0.036820446177172075,0.3754241571005771,0.2946036470626279
GBPUSD,2021-02-16,1.38988,1.39516,1.3868,1.39023,53,31,0.37988891127291213,-0.22160186490919875,0.025182030103323486,0.2918003094742187
GBPUSD,2021-02-17,1.39023,1.3908,1.3828,1.3857,6,74,0.04100041000409712,-0.5344439409306407,-0.3258453637168055,0.30692820201779175
GBPUSD,2021-02-18,1.3859,1.3986,1.3838,1.3974,127,21,0.916372032614197,-0.15152608413305368,0.8297856988238738,0.33286078488842435
GBPUSD,2021-02-19,1.39705,1.40361,1.3949,1.4008,66,21,0.4695608603843901,-0.15389570881499406,0.268422747933155,0.31785125235472167
GBPUSD,2021-02-22,1.40143,1.40865,1.3979,1.40638,72,35,0.5151880579122756,-0.25188557402082395,0.3532106491226826,0.3188584995403091
GBPUSD,2021-02-23,1.40639,1.41169,1.4052,1.41126,53,12,0.3768513712412532,-0.08461379844851175,0.34627663734809905,0.3142632860834667
GBPUSD,2021-02-24,1.41119,1.4242,1.408,1.41421,130,32,0.9219169636973027,-0.2260503546652135,0.2140037840404214,0.2912723242892143
GBPUSD,2021-02-25,1.41384,1.4182,1.3998,1.4013,44,140,0.30838001471170146,-0.9930402308606386,-0.8869461891020197,0.37387326656484315
GBPUSD,2021-02-26,1.40116,1.40263,1.3886,1.39306,15,126,0.10491307202604146,-0.8964001256102019,-0.5780924376944815,0.4016796079697248
GBPUSD,2021-03-01,1.39335,1.39991,1.3902,1.39247,66,31,0.4708077654573437,-0.22607385079125747,-0.06315713926866845,0.3908638297032948
GBPUSD,2021-03-02,1.3923,1.3977,1.3857,1.39517,54,66,0.3878474466709652,-0.47403576815342674,0.20613373554549508,0.39131038743412155
GBPUSD,2021-03-03,1.39511,1.40062,1.3919,1.39515,55,32,0.3949509357684988,-0.23008938363284306,0.0028671574284334536,0.38673960922246653
GBPUSD,2021-03-04,1.39478,1.40174,1.3878,1.3894,70,70,0.4990034270637719,-0.5004373449576268,-0.38572391344871165,0.4025296140194635
GBPUSD,2021-03-05,1.38939,1.39066,1.3776,1.38358,13,118,0.0914070203470663,-0.8485738345604883,-0.41816912457984234,0.4083947753206314
GBPUSD,2021-03-08,1.38116,1.38657,1.3798,1.38195,54,14,0.3916997306611933,-0.09846795447305366,0.05719829708361583,0.4071109410146354
GBPUSD,2021-03-09,1.38183,1.39256,1.38,1.38866,107,18,0.77650651672059,-0.13243307787499176,0.49427208846240955,0.4032179877463043
GBPUSD,2021-03-10,1.38872,1.3938,1.3844,1.39332,51,43,0.36580448182498804,-0.3110778270637623,0.33124027881789975,0.4081369393812259
GBPUSD,2021-03-11,1.39331,1.39958,1.39141,1.39875,63,19,0.45000753601136845,-0.13636592000344594,0.39043716043090837,0.4133828791887468
GBPUSD,2021-03-12,1.3989,1.40049,1.3862,1.39172,16,127,0.11366073343341056,-0.9078561727071223,-0.5132604189005622,0.4314498438208956
GBPUSD,2021-03-15,1.3918,1.39495,1.3894,1.3927,31,24,0.2263256214973406,-0.17243856875987626,0.06466446328496357,0.4241223757822549
GBPUSD,2021-03-16,1.38983,1.39062,1.3807,1.3893,8,91,0.05684148421030403,-0.6569148744810417,-0.038134160292979676,0.4243228307636608
GBPUSD,2021-03-17,1.38941,1.39709,1.3849,1.3958,77,45,0.5527526072217639,-0.3245982107513271,0.45990744272748113,0.4272297227269599
GBPUSD,2021-03-18,1.39567,1.40014,1.3896,1.3927,45,61,0.32027628307551026,-0.4349165633709989,-0.21280102029848869,0.3899188240510248
GBPUSD,2021-03-19,1.39254,1.39592,1.3829,1.38677,34,96,0.24272193258363572,-0.6922601864219248,-0.414350754735938,0.3954563857193239
GBPUSD,2021-03-22,1.38361,1.38768,1.3815,1.38591,41,21,0.2941580358627083,-0.1524996205578202,0.16623181387818595,0.3880732999811679
GBPUSD,2021-03-23,1.38587,1.38644,1.3739,1.37484,6,120,0.04112939886136214,-0.8637173760886689,-0.7958899463874587,0.41173130073601494
GBPUSD,2021-03-24,1.3749,1.37573,1.3672,1.3688,8,77,0.060368026765574685,-0.5600407302349291,-0.4436686304458502,0.41193404235213016
GBPUSD,2021-03-25,1.36855,1.37455,1.3668,1.37376,60,17,0.4384202257864167,-0.12787256585436546,0.3806948960578831,0.3858493372939241
GBPUSD,2021-03-26,1.37358,1.38124,1.37302,1.3786,77,6,0.5576668268320738,-0.040769376374154835,0.36546833821109975,0.3774669133485438
GBPUSD,2021-03-29,1.37876,1.38469,1.3754,1.37592,59,34,0.43009660854680953,-0.2436972351968457,-0.20598218689256678,0.3797045991817457
GBPUSD,2021-03-30,1.37617,1.37833,1.3705,1.37342,22,57,0.1569573526526637,-0.4120130507131998,-0.19982996286794572,0.37751811321272627
GBPUSD,2021-03-31,1.37343,1.38119,1.3715,1.37761,78,19,0.5650087736542808,-0.1405240893238088,0.30434750951996625,0.3854958207398567
GBPUSD,2021-04-01,1.37795,1.38365,1.3744,1.383,57,35,0.413657970173086,-0.2576290866867406,0.36648644725860874,0.3857261467129858
GBPUSD,2021-04-02,1.38289,1.38523,1.38096,1.3829,23,19,0.1692108555271937,-0.1395627996442224,0.000723123314223511,0.37257660968077566
GBPUSD,2021-04-05,1.38214,1.39135,1.3811,1.39071,92,10,0.6663579666314674,-0.0752456335827,0.6200529613497885,0.39546199130252263
GBPUSD,2021-04-06,1.39043,1.39187,1.38,1.38224,14,104,0.10356508418258278,-0.750127658350306,-0.5890264162884965,0.4063171847093925
GBPUSD,2021-04-07,1.38203,1.384,1.3722,1.3737,20,98,0.1425439389882857,-0.7112725483527857,-0.60273655419927,0.41991351162038953
GBPUSD,2021-04-08,1.37358,1.37825,1.3717,1.3733,47,19,0.339987477977253,-0.13686862068464187,-0.020384688187077418,0.40736111118547247
GBPUSD,2021-04-09,1.37315,1.37507,1.3669,1.3706,19,63,0.1398244911335194,-0.45515784874195014,-0.18570440228671684,0.3947971625206539
GBPUSD,2021-04-12,1.37015,1.37767,1.3667,1.37377,75,34,0.548845016968943,-0.25179724847644075,0.26420464912600494,0.4003036056065007
GBPUSD,2021-04-13,1.37409,1.37688,1.3693,1.37498,28,48,0.20304346876842638,-0.3485943424375457,0.06477013878276222,0.4009763487568847
GBPUSD,2021-04-14,1.37505,1.38086,1.3746,1.3778,58,5,0.4225300898149064,-0.03272608268790673,0.1999927275371665,0.3881368569579176
GBPUSD,2021-04-15,1.37776,1.38088,1.376,1.37832,31,18,0.2264545348972253,-0.12774358378819284,0.04064568575077618,0.3865684629622262
GBPUSD,2021-04-16,1.3781,1.38437,1.3715,1.3831,63,66,0.4549742398955081,-0.47892025252159937,0.36281837312240717,0.38540302053232417
GBPUSD,2021-04-19,1.38294,1.39929,1.3808,1.39815,163,21,1.1822638726191927,-0.15474279433670518,1.0998307952622635,0.45606360635746834
GBPUSD,2021-04-20,1.39828,1.4009,1.3924,1.39354,26,59,0.18737305832880874,-0.42051663472265105,-0.33898789941928414,0.4215263601261207
GBPUSD,2021-04-21,1.39364,1.39497,1.3884,1.39269,13,52,0.09543354094314553,-0.3759938004075594,-0.0681668149593874,0.405296901545972
GBPUSD,2021-04-22,1.39294,1.39495,1.3821,1.38368,20,108,0.1442991083607223,-0.7782101167315146,-0.6647809668758199,0.4327255573188873
GBPUSD,2021-04-23,1.38368,1.38954,1.3832,1.3876,59,5,0.4235083256244201,-0.03469010175763442,0.283302497687321,0.4298603542538738
GBPUSD,2021-04-26,1.38712,1.39293,1.3863,1.38973,58,8,0.41885345175616334,-0.05911528923235343,0.18815964011765393,0.42718122171418066
GBPUSD,2021-04-27,1.38974,1.39241,1.3857,1.39048,27,40,0.19212226747448805,-0.2907018579014811,0.05324737001165419,0.42292239224686423
GBPUSD,2021-04-28,1.39047,1.39517,1.3859,1.3937,47,46,0.338015203492339,-0.32866584680001615,0.2322955547404722,0.4211145845423121
GBPUSD,2021-04-29,1.39352,1.39765,1.393,1.3942,41,5,0.2963717779436224,-0.03731557494690251,0.04879729031517408,0.41510611807144643
GBPUSD,2021-04-30,1.39412,1.39582,1.3801,1.38134,17,140,0.12194072246291816,-1.0056523111353342,-0.9167073135741552,0.4680842974022708
GBPUSD,2021-05-03,1.38111,1.39318,1.38,1.3908,121,11,0.8739347336562637,-0.08037013706367822,0.7016095749071382,0.4740546768808466
GBPUSD,2021-05-04,1.39101,1.3912,1.3836,1.38828,2,74,0.013659139761749553,-0.532706450708488,-0.1962602713136585,0.4558199810600332
GBPUSD,2021-05-05,1.38845,1.39263,1.3874,1.39065,42,10,0.3010551334221666,-0.07562389715149954,0.15845007022218877,0.43157931710313835
GBPUSD,2021-05-06,1.39043,1.39408,1.3854,1.3888,36,50,0.2625087203239236,-0.36175859266558474,-0.11722992167890654,0.4331324552250027
GBPUSD,2021-05-07,1.38856,1.40057,1.38856,1.39885,120,0,0.8649248141960071,0.0,0.7410554819381164,0.45445393121680855
GBPUSD,2021-05-10,1.39998,1.41583,1.39952,1.4119,158,5,1.132159030843292,-0.0328576122515968,0.851440734867636,0.4832155976294707
GBPUSD,2021-05-11,1.41195,1.41669,1.4103,1.41415,47,16,0.335705938595557,-0.11685966216933526,0.15581288289245226,0.4829358892225603
GBPUSD,2021-05-12,1.41433,1.41533,1.4047,1.40539,10,96,0.07070485671660007,-0.6808877701809356,-0.6321014190464863,0.5125022235927708
GBPUSD,2021-05-13,1.40561,1.40781,1.4004,1.40463,22,52,0.1565156764678666,-0.37065757927162846,-0.0697206195175035,0.5137580888396698
GBPUSD,2021-05-14,1.40482,1.41111,1.4034,1.40928,63,14,0.44774419498584367,-0.10108056548169708,0.317478395808725,0.5126065611019058
GBPUSD,2021-05-17,1.40942,1.41467,1.4076,1.41365,53,18,0.3724936498701735,-0.12913113195498382,0.3001234550382553,0.45809459391159163
GBPUSD,2021-05-18,1.41361,1.42203,1.4132,1.41851,84,4,0.5956381180099088,-0.029003756340151912,0.3466302586993516,0.4529685454660333
GBPUSD,2021-05-19,1.41847,1.42007,1.4098,1.4114,16,87,0.11279759177141892,-0.6112219504113556,-0.4984243586399367,0.47053583568938423
GBPUSD,2021-05-20,1.41154,1.41929,1.41,1.41894,77,15,0.549045723110923,-0.10910069852785588,0.5242501098091498,0.44817268097206436
GBPUSD,2021-05-21,1.41892,1.4234,1.4138,1.4147,45,51,0.3157330927747892,-0.3608378203140426,-0.2974092972119563,0.45602464611576055
GBPUSD,2021-05-24,1.41513,1.41721,1.411,1.41554,21,41,0.14698296269601252,-0.2918459788146649,0.02897260322373361,0.4556943577191299
GBPUSD,2021-05-25,1.41534,1.42111,1.4114,1.41467,58,39,0.40767589413144917,-0.27837834018681407,-0.04733844871196662,0.4566360962899249
GBPUSD,2021-05-26,1.41473,1.4176,1.411,1.4117,29,37,0.20286556445398968,-0.26365454892453055,-0.21417514296014703,0.4597830527603274
GBPUSD,2021-05-27,1.41192,1.42191,1.4089,1.4201,100,30,0.7075471698113167,-0.2138931384214419,0.5793529378434935,0.4742261574062892
GBPUSD,2021-05-28,1.41996,1.42085,1.4134,1.4187,9,66,0.06267782191046475,-0.4619848446435196,-0.08873489394067711,0.41448121494606494
GBPUSD,2021-05-31,1.41917,1.4218,1.4161,1.4206,26,31,0.18531958821000374,-0.21632362578127554,0.1007631221065864,0.39181007137508395
GBPUSD,2021-06-01,1.4206,1.42493,1.41435,1.4148,43,63,0.304800788399264,-0.4399549486132682,-0.408278192313109,0.4028782390962056
GBPUSD,2021-06-02,1.4149,1.41834,1.4109,1.41683,34,40,0.2431267227365812,-0.2827054915541737,0.1364053996748878,0.4027012799316312
GBPUSD,2021-06-03,1.41685,1.42029,1.4085,1.41006,34,83,0.24279210925645692,-0.5893354977591035,-0.4792320993753645,0.4200518731084818
GBPUSD,2021-06-04,1.4102,1.42004,1.4081,1.4155,98,21,0.6977733654800788,-0.14891504751099072,0.3758332151467936,0.39650026108143555
GBPUSD,2021-06-07,1.4156,1.41908,1.411,1.41781,35,46,0.24583215597625938,-0.3249505510031038,0.15611754732975736,0.35022854469977327
GBPUSD,2021-06-08,1.41792,1.41846,1.4119,1.41481,5,60,0.038083953960730145,-0.4245655608214946,-0.21933536447755642,0.35229141820538645
GBPUSD,2021-06-09,1.4148,1.41891,1.4108,1.41138,41,40,0.29050042408819876,-0.2827254735651685,-0.2417302798982173,0.3254797957879983
GBPUSD,2021-06-10,1.41138,1.41783,1.4072,1.4175,64,42,0.4569995323725605,-0.2961640380337026,0.4336181609488517,0.3378042879682855
GBPUSD,2021-06-11,1.41752,1.41853,1.4093,1.41056,10,82,0.07125119927762412,-0.5798859980811484,-0.49099836333877867,0.3509986792296397
GBPUSD,2021-06-14,1.41105,1.4124,1.4068,1.41059,14,42,0.09567343467631795,-0.3011941462031725,-0.03259983700080826,0.3438279381400621
GBPUSD,2021-06-15,1.41062,1.41288,1.4032,1.4083,23,74,0.16021323956841169,-0.5260098396449775,-0.1644666884065076,0.3342534706290322
GBPUSD,2021-06-16,1.40826,1.41328,1.398,1.39857,50,103,0.35646826580319146,-0.7285586468407934,-0.6880831664607371,0.3501836717212764
GBPUSD,2021-06-17,1.39857,1.40088,1.3894,1.39262,23,92,0.16516870803748201,-0.6556697197852179,-0.4254345510056788,0.3318620500573316
GBPUSD,2021-06-18,1.3924,1.39444,1.379,1.38032,20,134,0.14650962367134585,-0.9623671358804997,-0.8675667911519743,0.3718520944839132
GBPUSD,2021-06-21,1.3797,1.39374,1.3784,1.3936,140,13,1.0176125244618435,-0.0942233818946044,1.0074653910270366,0.4497760963291004
GBPUSD,2021-06-22,1.39359,1.39637,1.3858,1.39449,28,78,0.19948478390342803,-0.5589879376287276,0.06458140486081995,0.45088459007908455
GBPUSD,2021-06-23,1.39456,1.40013,1.3922,1.3962,56,24,0.399409132629652,-0.16922900413032912,0.117599816429561,0.4515325417784156
GBPUSD,2021-06-24,1.39619,1.39864,1.3888,1.39178,25,74,0.17547754961717696,-0.5292975884371044,-0.3158595893109122,0.4289654890014997
GBPUSD,2021-06-25,1.39179,1.39354,1.3869,1.3877,17,49,0.12573735980283793,-0.3513461082490937,-0.2938661723392285,0.43109136877239806
GBPUSD,2021-06-28,1.38803,1.39395,1.3869,1.388,59,11,0.42650374991894446,-0.081410344156832,-0.0021613365705493784,0.4290303070061354
GBPUSD,2021-06-29,1.38775,1.3882,1.3812,1.3837,5,66,0.032426589803643414,-0.47198702936408254,-0.2918393082327587,0.4256448725585237
GBPUSD,2021-06-30,1.38357,1.3873,1.3797,1.38262,37,39,0.2695924311744264,-0.2797111819423694,-0.06866295163959947,0.4218222434584765
GBPUSD,2021-07-01,1.38257,1.38342,1.3751,1.37618,9,75,0.06147970807988148,-0.5402981404196595,-0.46218274662404923,0.4210774575772227
GBPUSD,2021-07-02,1.37615,1.38445,1.3729,1.38264,83,32,0.603131926025504,-0.2361661156123951,0.4716055662536865,0.4275141057382398
GBPUSD,2021-07-05,1.38299,1.38618,1.3816,1.38455,32,14,0.2306596576981776,-0.10050687279011435,0.11279908025365375,0.42617219136942186
GBPUSD,2021-07-06,1.38446,1.38987,1.3771,1.3799,54,74,0.3907660748595059,-0.5316152145963071,-0.32937029599989304,0.42825637144244344
GBPUSD,2021-07-07,1.37958,1.38419,1.3752,1.38,46,44,0.3341596717841664,-0.31748793110947177,0.030444048188569342,0.4286211555214522
GBPUSD,2021-07-08,1.37992,1.38052,1.374,1.3784,6,59,0.04348078149457461,-0.42901037741317793,-0.11015131311959865,0.4091437736789744
GBPUSD,2021-07-09,1.37838,1.39088,1.3754,1.39,125,30,0.9068616782019441,-0.21619582408334298,0.8430186160565275,0.45459921386707713
GBPUSD,2021-07-12,1.38848,1.39101,1.3837,1.3883,25,48,0.18221364369671464,-0.34426135054159995,-0.012963816547580588,0.45470596772127336
GBPUSD,2021-07-13,1.38859,1.39051,1.3798,1.38133,19,88,0.13826975565141056,-0.6330162250916451,-0.5228325135569206,0.46558616154961924
GBPUSD,2021-07-14,1.38134,1.38919,1.3799,1.38555,78,14,0.5682887630851139,-0.10424660112645025,0.3047765213488386,0.4508402649993494
GBPUSD,2021-07-15,1.38555,1.38989,1.3803,1.38217,43,52,0.31323301216123633,-0.3789109018079446,-0.24394644725922274,0.44440219312651613
GBPUSD,2021-07-16,1.38235,1.3862,1.37577,1.3763,39,66,0.2785112308749688,-0.47600101276811446,-0.4376605056606423,0.4108062038214602
GBPUSD,2021-07-19,1.3765,1.37693,1.3653,1.3674,4,112,0.031238648746816595,-0.8136578278241989,-0.6610969851071636,0.36027060098312674
GBPUSD,2021-07-20,1.36733,1.36894,1.357,1.36253,16,103,0.11774772732260036,-0.7554869709579949,-0.3510491249369147,0.3628392503552394
GBPUSD,2021-07-21,1.36258,1.37231,1.3589,1.37119,97,37,0.7140865123515696,-0.27007588545259037,0.631889503735561,0.39656227927769505
GBPUSD,2021-07-22,1.37119,1.37872,1.3688,1.3762,75,24,0.5491580306157452,-0.17430115447165545,0.36537606021048735,0.4048996055410416
GBPUSD,2021-07-23,1.37592,1.37801,1.3718,1.3746,21,41,0.15189836618407504,-0.299436013721737,-0.09593581022152362,0.4010619063326625
GBPUSD,2021-07-26,1.37504,1.38334,1.3735,1.3823,83,15,0.6036188038166144,-0.11199674191296957,0.5279846404468266,0.4208307515378553
GBPUSD,2021-07-27,1.38231,1.38948,1.3765,1.38783,72,58,0.5186969637780325,-0.4203109288075664,0.3993315537035809,0.42525550873377826
GBPUSD,2021-07-28,1.38786,1.39115,1.38421,1.39036,33,37,0.2370556107964791,-0.26299482656753226,0.18013344285446273,0.4261766349496025
GBPUSD,2021-07-29,1.39044,1.39819,1.3896,1.39585,78,8,0.5573775207847981,-0.060412531285057386,0.3890854693478422,0.4166249164517481
GBPUSD,2021-07-30,1.39591,1.39833,1.3886,1.38978,24,73,0.17336361226727287,-0.5236727296172338,-0.4391400591728671,0.42069750578325743
GBPUSD,2021-08-02,1.3894,1.39325,1.3874,1.3883,39,20,0.2770980279257328,-0.14394702749388238,-0.07917086512162652,0.42087570041808836
GBPUSD,2021-08-03,1.38833,1.39387,1.3881,1.39102,55,2,0.3990405739269394,-0.01656666642658262,0.1937579682063961,0.4142609014805939
GBPUSD,2021-08-04,1.39109,1.39578,1.3883,1.38863,47,28,0.337145691508104,-0.20056214910608575,-0.17683974437311079,0.4172420793340838
GBPUSD,2021-08-05,1.38866,1.3949,1.387,1.3928,62,17,0.4493540535480264,-0.11953970014258312,0.2981291316809034,0.41973519520353103
GBPUSD,2021-08-06,1.39269,1.3933,1.3859,1.3871,6,68,0.04380012781020898,-0.4875456849693811,-0.4013814991132258,0.3878997350218279
GBPUSD,2021-08-09,1.38765,1.38945,1.3839,1.38476,18,38,0.12971570641011954,-0.270241055021089,-0.20826577306958233,0.3905184176376335
GBPUSD,2021-08-10,1.38487,1.38726,1.3826,1.384,24,23,0.17257937568146411,-0.163914302425498,-0.06282178110581849,0.3722362000181156
GBPUSD,2021-08-11,1.3838,1.38886,1.3801,1.38688,51,37,0.36565977742448796,-0.26737967914437166,0.22257551669316172,0.3692128054946894
GBPUSD,2021-08-12,1.387,1.38784,1.3793,1.38098,8,77,0.0605623648161465,-0.5551550108147109,-0.4340302811824019,0.3782284333474626
GBPUSD,2021-08-13,1.38094,1.3875,1.3789,1.3863,66,20,0.4750387417266426,-0.14772546236621734,0.38814141092299675,0.37378414230045887
GBPUSD,2021-08-16,1.38646,1.38783,1.3826,1.384,14,39,0.09881280383133097,-0.2784068779481539,-0.17743029009132097,0.3405955041167403
GBPUSD,2021-08-17,1.38408,1.3848,1.37239,1.37387,7,117,0.05202011444425567,-0.8446043581295863,-0.7376741228830741,0.37436279754738133
GBPUSD,2021-08-18,1.37376,1.37862,1.373,1.3753,49,8,0.3537735849056505,-0.05532261821570681,0.1121010948054882,0.34817663850430625
GBPUSD,2021-08-19,1.3748,1.3758,1.36278,1.36322,10,120,0.07273785277857796,-0.8743089903985976,-0.84230433517602,0.3864983573445152
GBPUSD,2021-08-20,1.36341,1.3641,1.36,1.362,7,34,0.05060840099457092,-0.2501081846253081,-0.10341716724975696,0.38655163747946225
GBPUSD,2021-08-23,1.36123,1.37329,1.36098,1.37218,121,2,0.8859634301330385,-0.01836574274735801,0.8044195323347278,0.41229900141659664
GBPUSD,2021-08-24,1.37214,1.37479,1.3692,1.37285,27,29,0.1931289810077719,-0.21426385062748282,0.05174399113792969,0.4002324668902035
GBPUSD,2021-08-25,1.37294,1.37669,1.3695,1.37575,37,34,0.2731364808367387,-0.25055719842091495,0.20467026964033236,0.40101548069376847
GBPUSD,2021-08-26,1.37575,1.3768,1.3687,1.36983,10,70,0.07632200617844778,-0.5124477557695802,-0.43031073959657823,0.3956274593851856
GBPUSD,2021-08-27,1.36977,1.37807,1.3678,1.37597,83,20,0.6059411434036353,-0.14381976536207008,0.45263073362681205,0.40446360345679966
GBPUSD,2021-08-30,1.37518,1.37751,1.3732,1.3755,23,20,0.1694323652176401,-0.1439811515583482,0.02326968105992495,0.40467366379552067
GBPUSD,2021-08-31,1.37512,1.38077,1.3741,1.3756,57,10,0.4108732328815053,-0.07417534469717545,0.034906044563386175,0.4013657737649851
GBPUSD,2021-09-01,1.37556,1.37985,1.3729,1.3769,43,27,0.3118729826398069,-0.19337578876965636,0.09741487103435102,0.40145659301402575
GBPUSD,2021-09-02,1.37688,1.38398,1.3765,1.38336,71,4,0.5156585904363404,-0.02759862878392067,0.47062924873626016,0.41074453011182344
GBPUSD,2021-09-03,1.38335,1.38916,1.3816,1.3865,58,18,0.4199949398199928,-0.12650449994579394,0.2277080999024098,0.40458758689588675
GBPUSD,2021-09-06,1.3857,1.38685,1.3817,1.38346,11,40,0.08299054629429058,-0.28866276971927574,-0.16165115104279568,0.4034287935490573
GBPUSD,2021-09-07,1.38336,1.38567,1.3766,1.3786,23,68,0.16698473282442997,-0.48866527874160576,-0.34408975248669005,0.41082653768816446
GBPUSD,2021-09-08,1.37844,1.37904,1.3725,1.37718,6,59,0.043527465830934524,-0.43092191172630334,-0.0914076782449754,0.40757685796253684
GBPUSD,2021-09-09,1.37719,1.38626,1.3751,1.38359,91,21,0.6585874135014148,-0.15175829043196112,0.4647143821840257,0.4093842135784537
GBPUSD,2021-09-10,1.38369,1.38884,1.38242,1.38313,51,13,0.3721931935621409,-0.09178356423766193,-0.04047149289220244,0.4003383535636508
GBPUSD,2021-09-13,1.38335,1.38511,1.3795,1.3838,18,39,0.12722738280261567,-0.2783098998807338,0.03252972855747565,0.3981664059980765
GBPUSD,2021-09-14,1.38363,1.39131,1.3801,1.3808,77,35,0.5550616855662375,-0.25512600912092187,-0.20453444923858896,0.36154893508999725
GBPUSD,2021-09-15,1.38066,1.38537,1.379,1.38407,47,17,0.34114119334231396,-0.12023235264293851,0.2469833268147055,0.3642532346615122
GBPUSD,2021-09-16,1.38415,1.38531,1.3763,1.37918,12,78,0.08380594588737131,-0.567135064841232,-0.3590651302243195,0.3150212136792067
GBPUSD,2021-09-17,1.37927,1.38127,1.37233,1.3738,20,69,0.14500424137406032,-0.503164717567985,-0.39658660015806085,0.32992640061146544
GBPUSD,2021-09-20,1.37354,1.37396,1.3639,1.36548,4,96,0.03057792273978821,-0.7018361314559527,-0.5868048982920014,0.3094469322012369
GBPUSD,2021-09-21,1.36548,1.3693,1.3639,1.36593,38,16,0.2797551044321363,-0.1157102264405291,0.032955444239392846,0.3092608743206865
GBPUSD,2021-09-22,1.36586,1.36895,1.3608,1.36166,31,51,0.22623109249848555,-0.3704625657095211,-0.30749857232805566,0.3111972007954971
GBPUSD,2021-09-23,1.36166,1.37507,1.361,1.3718,134,7,0.9848273430959212,-0.048470249548353106,0.7446792885154748,0.34327555484842004
GBPUSD,2021-09-24,1.37171,1.37364,1.3656,1.36698,19,61,0.1407002937938768,-0.4454294275029022,-0.3448250723549366,0.336231147921588
GBPUSD,2021-09-27,1.36631,1.37292,1.3656,1.3702,66,7,0.48378479261661006,-0.05196478105261532,0.28470844830237435,0.3431381747586451
GBPUSD,2021-09-28,1.36988,1.37172,1.3518,1.3539,18,181,0.13431833445265745,-1.3198236341869432,-1.1665255350833565,0.42923006549434095
GBPUSD,2021-09-29,1.35364,1.35548,1.341,1.3425,18,126,0.1359297893088313,-0.9337785526432423,-0.8229662244023469,0.4586594407139026
GBPUSD,2021-09-30,1.34244,1.35175,1.3414,1.3472,93,10,0.6935133041327679,-0.07747087393106224,0.3545782306844161,0.4515249103671834
GBPUSD,2021-10-01,1.34712,1.35758,1.3432,1.3545,105,39,0.7764712868935145,-0.2909911514935674,0.5478353821485793,0.4698713124869285
GBPUSD,2021-10-04,1.35411,1.36403,1.3531,1.36077,99,10,0.7325845019976333,-0.07458773659451266,0.49183596605889557,0.4881540598066936
GBPUSD,2021-10-05,1.36078,1.36478,1.3582,1.36224,40,26,0.29394905862813997,-0.18959714281515208,0.10729140639925591,0.4853972847301017
GBPUSD,2021-10-06,1.36231,1.36312,1.3542,1.3583,8,81,0.059457832651907384,-0.5953123738356058,-0.29435297399269233,0.48840660435942623
GBPUSD,2021-10-07,1.35832,1.36388,1.3568,1.36128,56,15,0.4093291713292898,-0.11190293892455135,0.21791624948466295,0.47742527609645
GBPUSD,2021-10-08,1.36137,1.3658,1.3581,1.3611,44,33,0.3254074939215595,-0.24019921108882114,-0.019832962383480795,0.47752184333948117
GBPUSD,2021-10-11,1.36113,1.36737,1.3583,1.35942,62,28,0.4584426175310237,-0.20791548198922133,-0.12563090961185766,0.4770075373487951
GBPUSD,2021-10-12,1.35941,1.36374,1.3567,1.3586,43,27,0.31852053464370167,-0.19935118911880817,-0.05958467276244675,0.4761160148597128
GBPUSD,2021-10-13,1.35847,1.36649,1.3574,1.3658,80,11,0.5903700486576748,-0.07876508130471238,0.5395776130499633,0.49072849407232233
GBPUSD,2021-10-14,1.36569,1.37343,1.3656,1.36728,77,1,0.5667464798014087,-0.006590075346538784,0.11642466445532883,0.48688391659012575
GBPUSD,2021-10-15,1.3672,1.37732,1.3665,1.3749,101,7,0.7401989467524963,-0.05119953188998851,0.5631948507899386,0.4965051461607336
GBPUSD,2021-10-18,1.37506,1.37653,1.3707,1.3728,15,44,0.10690442598869013,-0.317077073000445,-0.16435646444518268,0.47826704449984614
GBPUSD,2021-10-19,1.37268,1.38338,1.37243,1.37917,107,2,0.779497042282262,-0.018212547716864924,0.4727977387300833,0.488188856564662
GBPUSD,2021-10-20,1.37911,1.38344,1.374,1.3826,43,51,0.31397060423026046,-0.3705288193110011,0.2530617572202357,0.48223022384654707
GBPUSD,2021-10-21,1.38219,1.38332,1.3774,1.3792,11,48,0.08175431742380392,-0.3465514871327438,-0.21632337088244366,0.46040116626877087
GBPUSD,2021-10-22,1.37928,1.38153,1.3735,1.3751,22,58,0.16312858882894432,-0.41905921930283324,-0.3030566672466847,0.45867073294968613
GBPUSD,2021-10-25,1.37494,1.37921,1.374,1.3766,43,9,0.3105590062111798,-0.06836661963430701,0.12073254105633663,0.4554988746571291
GBPUSD,2021-10-26,1.37652,1.38296,1.3755,1.3765,64,10,0.4678464533751781,-0.07409990410600797,-0.0014529392961895927,0.3585116578402176
GBPUSD,2021-10-27,1.37641,1.3781,1.3708,1.37387,17,56,0.12278318233667232,-0.40758204314120744,-0.18453803735805369,0.2960254461230108
GBPUSD,2021-10-28,1.37405,1.38149,1.372,1.3794,74,20,0.5414650121902488,-0.14919398857391544,0.3893599214002377,0.29756923156327386
GBPUSD,2021-10-29,1.37939,1.38039,1.3666,1.36806,10,128,0.07249581336678619,-0.9272214529610812,-0.821377565445584,0.3478340556624582
GBPUSD,2021-11-01,1.36815,1.36931,1.364,1.36634,12,41,0.08478602492417132,-0.30332931330628043,-0.13229543544201056,0.3342246304733629
GBPUSD,2021-11-02,1.36629,1.36676,1.3603,1.3616,5,60,0.03439972480219942,-0.4384135139684796,-0.34326533898367717,0.3432967861565177
GBPUSD,2021-11-03,1.36135,1.36922,1.3605,1.3685,79,9,0.5781026187240639,-0.06243802108201545,0.5252139420428243,0.3549832439823041
GBPUSD,2021-11-04,1.3685,1.36983,1.34696,1.34954,13,215,0.09718670076726732,-1.573986116185613,-1.3854585312385888,0.4740778092980892
GBPUSD,2021-11-05,1.34971,1.3509,1.3423,1.3495,12,74,0.0881670877447766,-0.5490068236880453,-0.015558897837316423,0.474087791624646
GBPUSD,2021-11-08,1.34784,1.35797,1.3448,1.35635,101,30,0.7515728869895516,-0.22554605887938714,0.6313805792972473,0.4964671127967435
GBPUSD,2021-11-09,1.35608,1.36073,1.3522,1.35522,47,39,0.34290012388649954,-0.28611881304936904,-0.06341808742846004,0.4964917512647355
GBPUSD,2021-11-10,1.35551,1.35651,1.3399,1.3404,10,156,0.0737729710588717,-1.1515960782288512,-1.1147095926994237,0.5377817482319507
GBPUSD,2021-11-11,1.34014,1.34331,1.3357,1.33699,32,44,0.23654245078871572,-0.3313086692435118,-0.2350500693957503,0.536640018681042
GBPUSD,2021-11-12,1.33705,1.3426,1.3351,1.34151,55,20,0.4150929284619082,-0.1458434613514916,0.3335701731423588,0.5239832351726272
GBPUSD,2021-11-15,1.3421,1.34495,1.3401,1.3415,29,20,0.21235377393636978,-0.14902019223604812,-0.04470605767082601,0.5240459032272408
GBPUSD,2021-11-16,1.34114,1.34728,1.3403,1.34267,61,8,0.457819467020597,-0.06263328213310705,0.11408204959959671,0.509091660693875
GBPUSD,2021-11-17,1.34265,1.34962,1.3395,1.34837,70,31,0.5191226306185636,-0.23461065802703507,0.4260231631475194,0.5172500689562507
GBPUSD,2021-11-18,1.34888,1.35135,1.3462,1.34957,25,27,0.18311488049344435,-0.19868335211434787,0.05115354961151899,0.517978157743255
GBPUSD,2021-11-19,1.3493,1.35096,1.3406,1.3452,17,87,0.12302675461350292,-0.6447787741791988,-0.30386126139479674,0.5179945713632815
GBPUSD,2021-11-22,1.34517,1.3455,1.3383,1.3396,3,69,0.02453221525903354,-0.5107161176654201,-0.4140740575540694,0.5196542643516762
GBPUSD,2021-11-23,1.3396,1.34093,1.3341,1.3378,13,55,0.09928336816960685,-0.41057031949834566,-0.13436846819944773,0.5187803705400982
GBPUSD,2021-11-24,1.33737,1.33901,1.3314,1.3326,16,60,0.12262874148516012,-0.4463985284551045,-0.35667018102693654,0.5210492262434891
GBPUSD,2021-11-25,1.3324,1.33535,1.3303,1.33194,30,21,0.2214049834884425,-0.15761032722905965,-0.03452416691685132,0.5066030926958505
GBPUSD,2021-11-26,1.33175,1.33657,1.3277,1.33307,48,40,0.3619297916275612,-0.304111131969205,0.09911770227144644,0.4852832732717061
GBPUSD,2021-11-29,1.33392,1.3363,1.3285,1.3313,24,54,0.178421494542405,-0.40632121866378645,-0.19641357802567372,0.4855813715954753
GBPUSD,2021-11-30,1.33112,1.33705,1.3193,1.32977,59,118,0.4454895125909002,-0.8879740369012683,-0.10141835446843142,0.4828129050867719
GBPUSD,2021-12-01,1.3296,1.3352,1.326,1.3278,56,36,0.4211793020457318,-0.2707581227436692,-0.13537906137182626,0.4590083817974141
GBPUSD,2021-12-02,1.32764,1.33337,1.32654,1.33006,57,11,0.43159290169021824,-0.08285378566477952,0.18227832846254172,0.3587608723165868
GBPUSD,2021-12-03,1.33015,1.33101,1.3207,1.32331,9,94,0.06465436228997354,-0.7104461902792887,-0.5142277186783414,0.37217566970709987
GBPUSD,2021-12-06,1.3218,1.32864,1.32167,1.3262,68,1,0.5174761688606413,-0.009835073384792368,0.3328794068694174,0.34682218909005524
GBPUSD,2021-12-07,1.32611,1.32894,1.3207,1.32423,28,54,0.21340612769680573,-0.40796012397160986,-0.14176802829326993,0.34676450038660506
GBPUSD,2021-12-08,1.32427,1.32612,1.31601,1.32019,18,83,0.13969960808595733,-0.6237398717784255,-0.30809427080580876,0.25965287755777594
GBPUSD,2021-12-09,1.32015,1.32225,1.3169,1.32186,21,32,0.15907283263265468,-0.2461841457410124,0.12953073514374128,0.2601842955948368
GBPUSD,2021-12-10,1.32194,1.32758,1.3185,1.32684,56,34,0.42664568739882974,-0.2602236107538835,0.3706673525273558,0.26318396635991376
GBPUSD,2021-12-13,1.3248,1.32688,1.3205,1.32131,21,43,0.15700483091788056,-0.3245772946859881,-0.26343599033816373,0.26750576842369017
GBPUSD,2021-12-14,1.3214,1.32567,1.3188,1.3231,43,26,0.32314212199182657,-0.1967610110488827,0.12865143030119836,0.2680238986027938
GBPUSD,2021-12-15,1.32269,1.32825,1.3169,1.32603,56,58,0.4203554876804096,-0.4377442938254589,0.2525157066281684,0.25392917272134496
GBPUSD,2021-12-16,1.3258,1.33745,1.324,1.3323,116,18,0.8787147382712277,-0.13576708402474155,0.49027002564488986,0.2821752708777834
GBPUSD,2021-12-17,1.33195,1.33393,1.32274,1.3238,20,92,0.1486542287623479,-0.6914673974248238,-0.6118848305116468,0.304516500515296
GBPUSD,2021-12-20,1.3239,1.32456,1.3171,1.3206,7,68,0.049852707908443455,-0.513633960268913,-0.24926353954226757,0.2965950677017946
GBPUSD,2021-12-21,1.32052,1.3271,1.3195,1.3263,66,10,0.4982885529942773,-0.07724229848847583,0.437706358101363,0.3153361137411994
GBPUSD,2021-12-22,1.3263,1.33634,1.3238,1.33481,100,25,0.7569931388072116,-0.18849430747191032,0.6416346226343977,0.3381695672998043
GBPUSD,2021-12-23,1.33448,1.34378,1.334,1.34055,93,5,0.6969006654277219,-0.03596906660272435,0.45485882141356915,0.3510617312908233
GBPUSD,2021-12-24,1.3406,1.3421,1.33835,1.33849,15,23,0.11189019841862277,-0.16783529762793414,-0.15739221244219426,0.35384400600779264
GBPUSD,2021-12-27,1.339,1.34451,1.33871,1.3439,55,3,0.4115011202389937,-0.02165795369678129,0.36594473487678314,0.3566451850137656
GBPUSD,2021-12-28,1.34386,1.34617,1.3413,1.3434,23,26,0.17189290551099326,-0.19049603381305474,-0.03422975607579115,0.35530701052912017
GBPUSD,2021-12-29,1.34299,1.34997,1.3406,1.3489,70,24,0.5197358133716548,-0.17796111661292283,0.4400628448462075,0.36117362366279054
GBPUSD,2021-12-30,1.34869,1.35219,1.3452,1.3498,35,35,0.25951108112316834,-0.258769620891383,0.08230208572764434,0.36062754071845915
GBPUSD,2021-12-31,1.34971,1.35505,1.3463,1.35177,53,34,0.39564054500597334,-0.2526468648820793,0.1526253787850687,0.33122359536355517
GBPUSD,2022-01-03,1.3529,1.35353,1.3429,1.3479,6,100,0.046566634636699564,-0.739152930741371,-0.36957646537067734,0.3450511898434661
GBPUSD,2022-01-04,1.34749,1.35573,1.3458,1.3529,82,17,0.6115073210190818,-0.1254183704517265,0.40148720955256917,0.3471760759940801
GBPUSD,2022-01-05,1.35261,1.35985,1.35197,1.35541,72,6,0.5352614574784981,-0.047315929942865716,0.20700719349996774,0.3327305119975621
GBPUSD,2022-01-06,1.35517,1.3559,1.3487,1.3529,7,65,0.05386778042608082,-0.47743087583107474,-0.1675066596810728,0.3399369387873725
GBPUSD,2022-01-07,1.35284,1.35974,1.3524,1.3586,69,4,0.5100381419827849,-0.03252417137281541,0.42577097069867736,0.34221761609952833
GBPUSD,2022-01-10,1.35819,1.36036,1.353,1.3574,22,52,0.15977146054675748,-0.3821262120910939,-0.05816564692716545,0.3326992634279518
GBPUSD,2022-01-11,1.35726,1.36363,1.3559,1.36357,64,14,0.46932791064350143,-0.10020187731162827,0.46490723958563857,0.3404150864208336
GBPUSD,2022-01-12,1.36358,1.37144,1.3619,1.37,79,17,0.5764238255181198,-0.12320509247714867,0.470819460537709,0.34702556171844523
GBPUSD,2022-01-13,1.36971,1.37488,1.36968,1.3705,52,0,0.3774521614064378,-0.0021902446503255795,0.05767644245862762,0.3393685215012024
GBPUSD,2022-01-14,1.3702,1.37429,1.3651,1.36762,41,51,0.29849656984381306,-0.3722084367245734,-0.18829367975478226,0.3004528878951606
GBPUSD,2022-01-17,1.36687,1.36898,1.3635,1.3646,21,34,0.1543672770636605,-0.24654868422015958,-0.16607285257559198,0.29488300335483575
GBPUSD,2022-01-18,1.36441,1.36615,1.3571,1.3596,17,73,0.12752764931362823,-0.5357627106221684,-0.3525333294244385,0.31010858645353684
GBPUSD,2022-01-19,1.3591,1.36489,1.3585,1.3612,58,6,0.42601721727613584,-0.044146861893895516,0.15451401662865064,0.28632153936474
GBPUSD,2022-01-20,1.36115,1.36617,1.3584,1.35992,50,28,0.3688057892223505,-0.2020350438967072,-0.09036476508834913,0.2774995790762534
GBPUSD,2022-01-21,1.3598,1.36023,1.3544,1.35504,4,54,0.0316222973966872,-0.39711722312103614,-0.3500514781585436,0.2893366889119429
GBPUSD,2022-01-24,1.35512,1.35653,1.3438,1.3487,14,113,0.10404982584567501,-0.8353503748745496,-0.47375878151013134,0.30498694121870884
GBPUSD,2022-01-25,1.3486,1.35187,1.3434,1.35015,33,52,0.2424736764051523,-0.3855850511641772,0.11493400563546939,0.3051488632789143
GBPUSD,2022-01-26,1.3503,1.35245,1.3442,1.34622,21,61,0.15922387617565534,-0.45175146263793187,-0.3021550766496396,0.29871605422894104
GBPUSD,2022-01-27,1.34589,1.34679,1.3356,1.33819,9,103,0.06687024942602299,-0.7645498517709569,-0.5721121339782627,0.32407015423367874
GBPUSD,2022-01-28,1.33816,1.34327,1.3363,1.3398,51,19,0.3818676391462865,-0.13899683147007627,0.1225563460273873,0.3232370163460201
GBPUSD,2022-01-31,1.33937,1.34605,1.3385,1.34471,67,9,0.4987419458402099,-0.06495591210792585,0.3986949088004153,0.32683206177747154
GBPUSD,2022-02-01,1.34429,1.35282,1.3431,1.35205,85,12,0.6345357028617282,-0.08852256581541366,0.5772563955694076,0.34015026009075966
GBPUSD,2022-02-02,1.35198,1.35875,1.35122,1.35757,68,8,0.5007470524711862,-0.056213849317288116,0.413467654846964,0.34933584469579343
GBPUSD,2022-02-03,1.3578,1.36279,1.3535,1.35947,50,43,0.3675062601266792,-0.3166887612314016,0.12299307703638683,0.34698646658785837
GBPUSD,2022-02-04,1.35929,1.36151,1.3502,1.35269,22,91,0.16332055705551343,-0.66873147010572,-0.485547602056968,0.3532348333733035
GBPUSD,2022-02-07,1.35321,1.35506,1.3489,1.35357,18,43,0.13671196636145957,-0.31850193244212177,0.026603409670333204,0.35309791056609763
GBPUSD,2022-02-08,1.35351,1.3564,1.3505,1.3542,29,30,0.21351892486941798,-0.22238476258025114,0.05097856683733991,0.33595429354339823
GBPUSD,2022-02-09,1.35438,1.35893,1.3525,1.3534,46,19,0.33594707541458485,-0.13880890148997194,-0.07235783162775447,0.3152027135294764
GBPUSD,2022-02-10,1.3534,1.36435,1.3521,1.3556,110,13,0.8090734446578998,-0.09605438155754817,0.1625535687897133,0.3179605612028205
GBPUSD,2022-02-11,1.35538,1.36095,1.3511,1.35584,56,43,0.41095486136729736,-0.31577860083519466,0.03393882158508351,0.31658553262337197
GBPUSD,2022-02-14,1.35506,1.3572,1.3493,1.35233,21,58,0.1579265862766247,-0.4250734284828707,-0.20146709370802027,0.3174584983861683
GBPUSD,2022-02-15,1.35229,1.35669,1.3485,1.35341,44,38,0.32537399522291516,-0.28026532770337426,0.08282247151128899,0.30944327111433734
GBPUSD,2022-02-16,1.35331,1.3601,1.35249,1.3586,68,8,0.5017327884963588,-0.06059217769764821,0.39089343904944296,0.32054634831052986
GBPUSD,2022-02-17,1.35823,1.36381,1.3553,1.3613,56,29,0.4108287992460716,-0.21572193222061795,0.22602946481817557,0.32377326080966196
GBPUSD,2022-02-18,1.36142,1.36427,1.3571,1.35856,29,43,0.20934024768256812,-0.31731574385568756,-0.21007477486742404,0.31694610816718
GBPUSD,2022-02-21,1.35926,1.36385,1.3583,1.35973,46,10,0.3376837396818927,-0.07062666450861865,0.034577637832364116,0.2948522110203787
GBPUSD,2022-02-22,1.36,1.36046,1.3536,1.35801,5,64,0.033823529411757716,-0.4705882352941311,-0.14632352941177634,0.29740110289765004
GBPUSD,2022-02-23,1.35802,1.36206,1.3533,1.3543,40,47,0.2974919367903303,-0.34756483704216856,-0.2739282190247526,0.2957911697816103
GBPUSD,2022-02-24,1.35408,1.35494,1.3271,1.33749,9,270,0.06351175706015029,-1.992496750561267,-1.2251861042183536,0.38793039780544764
GBPUSD,2022-02-25,1.33721,1.34388,1.3365,1.34053,67,7,0.49879973975665404,-0.053095624471847236,0.2482781313331481,0.39100299421308776
GBPUSD,2022-02-28,1.33118,1.34315,1.33118,1.34161,120,0,0.899202211571691,0.0,0.7835153773343905,0.41967304573736514
GBPUSD,2022-03-01,1.34137,1.34371,1.33,1.3325,23,114,0.17444851159635363,-0.8476408448079114,-0.6612642298545468,0.4255332074777512
GBPUSD,2022-03-02,1.33205,1.34077,1.327,1.34052,87,50,0.6546300814534035,-0.379114898089411,0.6358620171915452,0.4405104801467496
GBPUSD,2022-03-03,1.34062,1.3418,1.3315,1.33448,12,91,0.08801897629456377,-0.6802822574629662,-0.45799704614281544,0.44938422570641884
GBPUSD,2022-03-04,1.3347,1.33545,1.3199,1.32287,8,148,0.05619240278714531,-1.1088634149996197,-0.886341499962539,0.47773493610899964
GBPUSD,2022-03-07,1.32258,1.32406,1.3099,1.31033,15,127,0.11190249361096688,-0.9587321749913067,-0.9262199640097456,0.5134587859260042
GBPUSD,2022-03-08,1.31044,1.31446,1.308,1.31012,40,24,0.3067671926986289,-0.18619700253350002,-0.02441927902079439,0.512408556017117
GBPUSD,2022-03-09,1.30992,1.31898,1.3085,1.31757,91,14,0.6916452913155053,-0.10840356663002144,0.584005130084275,0.5363727276351993
GBPUSD,2022-03-10,1.31798,1.31947,1.3078,1.3085,15,102,0.11305179137771373,-0.7723941182718901,-0.7192825384300167,0.5504466393657954
GBPUSD,2022-03-11,1.30839,1.3125,1.3025,1.30343,41,59,0.3141265219086097,-0.4501715849249804,-0.37909186098944914,0.5514969905187396
GBPUSD,2022-03-14,1.30346,1.3079,1.2998,1.30012,44,37,0.3406318567504948,-0.2807911251591914,-0.2562410814294355,0.551869070429787
GBPUSD,2022-03-15,1.3003,1.30887,1.2997,1.30355,86,6,0.6590786741521162,-0.046143197723597165,0.24994232100284358,0.5569652577042705
GBPUSD,2022-03-16,1.3037,1.31564,1.3033,1.3142,119,4,0.9158548745876995,-0.030681905346335657,0.8054000153409491,0.585175559306111
GBPUSD,2022-03-17,1.31433,1.3211,1.3085,1.31455,68,58,0.5150913393135622,-0.4435720100735738,0.016738566417878995,0.5803261022189421
GBPUSD,2022-03-18,1.31483,1.3197,1.3107,1.318,49,41,0.37039008845251115,-0.314109048318031,0.2410958070625189,0.5862143645602349
GBPUSD,2022-03-21,1.31708,1.32102,1.3124,1.31622,39,47,0.29914659701764923,-0.3553314908737523,-0.06529595772466995,0.585272250816791
GBPUSD,2022-03-22,1.31644,1.32737,1.3117,1.32583,109,47,0.8302695147518978,-0.3600619853544382,0.7132873507337979,0.6143004370480073
GBPUSD,2022-03-23,1.32575,1.32985,1.3174,1.32025,41,84,0.309258910050914,-0.6298321704695515,-0.41485951348293876,0.6174440282965641
GBPUSD,2022-03-24,1.32021,1.32141,1.3155,1.3183,12,47,0.09089463039969913,-0.35676142431887453,-0.14467395338620964,0.5569078501344419
GBPUSD,2022-03-25,1.31817,1.32247,1.3158,1.3188,43,24,0.3262098211914981,-0.17979471540089542,0.047793531942003566,0.5533738669181184
GBPUSD,2022-03-28,1.31796,1.31849,1.30656,1.30921,5,114,0.04021366354061728,-0.8649731403077542,-0.6639048226046341,0.5339109265464328
GBPUSD,2022-03-29,1.30919,1.316,1.3049,1.3097,68,43,0.5201689594329305,-0.32768352951062313,0.03895538462713666,0.5189727585899778
GBPUSD,2022-03-30,1.3096,1.31825,1.3087,1.31332,86,9,0.660507025045802,-0.06872327428223296,0.28405620036651996,0.4990004364206072
GBPUSD,2022-03-31,1.31329,1.31758,1.3104,1.31371,43,29,0.32666052433201387,-0.22005802221901172,0.03198075063389388,0.49237213672617847
GBPUSD,2022-04-01,1.31352,1.31515,1.3085,1.3112,16,50,0.12409403739570164,-0.3821791826542439,-0.17662464218284454,0.45483988064240494
GBPUSD,2022-04-04,1.31064,1.3137,1.3091,1.3114,31,15,0.2334737227614038,-0.11749984740280296,0.05798693767929194,0.4040774207390262
GBPUSD,2022-04-05,1.31151,1.31667,1.3065,1.30712,52,50,0.3934396230299467,-0.3820024246860458,-0.3347286715312803,0.4114137615548785
GBPUSD,2022-04-06,1.30728,1.3108,1.3044,1.3065,35,29,0.26926136711339327,-0.2203047549109597,-0.0596658711217186,0.3874596509766861
GBPUSD,2022-04-07,1.30637,1.31065,1.305,1.3074,43,14,0.3276254047475112,-0.10487074871591458,0.07884443151632878,0.352987829862965
GBPUSD,2022-04-08,1.30735,1.30771,1.298,1.3031,4,93,0.02753661987990331,-0.7151872107698757,-0.3250850958044966,0.3501013519340211
GBPUSD,2022-04-11,1.30314,1.30566,1.2987,1.30294,25,44,0.19337906901791654,-0.34071550255536626,-0.015347545160149944,0.3446975437414615
GBPUSD,2022-04-12,1.30283,1.30537,1.2992,1.3001,25,36,0.19496020202175163,-0.2786242257240025,-0.2095438391808524,0.34375672210631686
GBPUSD,2022-04-13,1.30017,1.31179,1.2971,1.31147,116,31,0.893729281555486,-0.23612296853489376,0.8691171154541225,0.3518592505980531
GBPUSD,2022-04-14,1.31154,1.31472,1.3032,1.30707,32,83,0.24246305869437323,-0.635893682236151,-0.340820714579805,0.3598765646267607
GBPUSD,2022-04-15,1.3073,1.3078,1.30433,1.3058,5,30,0.03824676814810426,-0.2271858027996571,-0.11474030444426184,0.35508580183110455
GBPUSD,2022-04-18,1.30551,1.30645,1.3003,1.30078,9,52,0.07200251242808871,-0.3990777550535758,-0.36231051466475944,0.3624587739255659
GBPUSD,2022-04-19,1.30083,1.30407,1.2979,1.2998,32,29,0.24907174650032146,-0.22524080779193878,-0.07918021570842189,0.3145424577483071
GBPUSD,2022-04-20,1.29977,1.30705,1.2994,1.30615,73,4,0.5600990944551691,-0.028466574855549938,0.490856074536251,0.3303596586558581
GBPUSD,2022-04-21,1.3062,1.30902,1.3021,1.3032,28,41,0.21589343132751834,-0.3138876129229821,-0.22967386311438628,0.33223256463156636
GBPUSD,2022-04-22,1.30328,1.3035,1.282,1.2837,2,213,0.016880486158009713,-1.6328033883739461,-1.5023632680621148,0.46311141817520446
GBPUSD,2022-04-25,1.28356,1.28392,1.2695,1.2742,4,141,0.02804699429710461,-1.0953909439371716,-0.7292218517248928,0.46730006290572196
GBPUSD,2022-04-26,1.2742,1.27723,1.2568,1.25711,30,174,0.23779626432271922,-1.3655627060116216,-1.3412337152723317,0.5374655870962298
GBPUSD,2022-04-27,1.25713,1.26017,1.25,1.25396,30,71,0.24182065498396596,-0.5671648914591236,-0.252161669835269,0.5252636947083833
GBPUSD,2022-04-28,1.25394,1.25698,1.2409,1.24554,30,130,0.24243584222530037,-1.0399221653348774,-0.6698885114120263,0.5304571180007644
GBPUSD,2022-04-29,1.24558,1.26143,1.245,1.2571,159,6,1.2724995584386505,-0.04656465261161892,0.9248703415276576,0.5932805903307057
GBPUSD,2022-05-02,1.2578,1.25971,1.2471,1.24879,19,107,0.15185244076960394,-0.8506916838925053,-0.7163301001749056,0.6002869405233537
GBPUSD,2022-05-03,1.2486,1.25673,1.2468,1.24937,81,18,0.6511292647765474,-0.1441614608361384,0.061669069357693375,0.6037348469055969
GBPUSD,2022-05-04,1.2495,1.26382,1.245,1.26329,143,45,1.1460584233693387,-0.3601440576230451,1.1036414565826305,0.6727121775313835
GBPUSD,2022-05-05,1.26324,1.2634,1.2323,1.23566,2,309,0.01266584338685919,-2.449257464931444,-2.1832747538076642,0.8059999026868018
GBPUSD,2022-05-06,1.23562,1.23802,1.2274,1.2337,24,82,0.19423447338178063,-0.6652530713326018,-0.15538757870542091,0.8064050661429685
GBPUSD,2022-05-09,1.23427,1.24058,1.2259,1.23278,63,84,0.5112333606099182,-0.6781336336457978,-0.12071912952595391,0.804979058802535
GBPUSD,2022-05-10,1.23268,1.23757,1.229,1.23138,49,37,0.3966966284842831,-0.2985365220495105,-0.10546127137619486,0.8057798359292331
GBPUSD,2022-05-11,1.23137,1.24001,1.2235,1.22463,86,79,0.7016575034311361,-0.6391255268522088,-0.5473578209636395,0.7611593883406712
GBPUSD,2022-05-12,1.22489,1.2253,1.2163,1.21955,4,86,0.033472393439412634,-0.7012874625476653,-0.4359575145523371,0.7614392884822803
GBPUSD,2022-05-13,1.21955,1.22628,1.2153,1.2261,67,42,0.5518428928703313,-0.34848919683488705,0.5370833504161417,0.785526982461021
GBPUSD,2022-05-16,1.22474,1.23294,1.2215,1.23195,82,32,0.6695298593987283,-0.2645459444453443,0.5886963763737741,0.810924998276182
GBPUSD,2022-05-17,1.2321,1.24988,1.2316,1.24892,178,5,1.4430646863079402,-0.04058112166219827,1.365148932716505,0.8891689591464952
GBPUSD,2022-05-18,1.24897,1.25009,1.2327,1.23387,11,163,0.08967389128642081,-1.302673402883977,-1.208996212879404,0.9012336959959761
GBPUSD,2022-05-19,1.23387,1.25246,1.2335,1.24721,186,4,1.5066417045555758,-0.029986951623751402,1.0811511747590838,0.9514179342505741
GBPUSD,2022-05-20,1.24722,1.25,1.24367,1.24866,28,35,0.22289572008146155,-0.2846330238450267,0.11545677586954249,0.9038147728074759
GBPUSD,2022-05-23,1.24874,1.26008,1.2481,1.2584,113,6,0.908115380303356,-0.05125166167496628,0.773579768406554,0.9141713616485588
GBPUSD,2022-05-24,1.25844,1.25986,1.2469,1.2528,14,115,0.11283811703378602,-0.9170083595562845,-0.4481739296271645,0.8689503693811024
GBPUSD,2022-05-25,1.25316,1.25906,1.2479,1.2578,59,53,0.47080979284369245,-0.41973890006065007,0.37026397267707056,0.8711383897560663
GBPUSD,2022-05-26,1.25767,1.26206,1.2549,1.25999,44,28,0.3490581790135643,-0.22024855486734685,0.18446810371559133,0.8565336012735755
GBPUSD,2022-05-27,1.25998,1.26669,1.2584,1.26275,67,16,0.5325481356846928,-0.12539881585423077,0.2198447594406212,0.83322269387816
GBPUSD,2022-05-30,1.26243,1.26596,1.2614,1.26516,35,10,0.2796194640494945,-0.08158868214474184,0.2162496138399849,0.815520116532561
GBPUSD,2022-05-31,1.2652,1.2653,1.2559,1.25977,1,93,0.007903888713246047,-0.73506165033197,-0.4291811571293112,0.8231530912419441
GBPUSD,2022-06-01,1.25978,1.26166,1.2456,1.2484,19,142,0.14923240565813903,-1.1255933575703583,-0.9033323278667662,0.8096615336750952
GBPUSD,2022-06-02,1.24824,1.25864,1.2467,1.25739,104,15,0.833173107735689,-0.12337371018394674,0.7330321092097667,0.6536364171994165
GBPUSD,2022-06-03,1.25733,1.25896,1.2482,1.2485,16,91,0.12963979225819955,-0.7261419038756796,-0.7022818194109832,0.6755806274558669
GBPUSD,2022-06-06,1.24896,1.25775,1.2475,1.25299,88,15,0.7037855495772365,-0.11689725851908922,0.32266846015885037,0.6764682780098099
GBPUSD,2022-06-07,1.253,1.25995,1.2428,1.2589,70,102,0.5546687948922595,-0.8140462889066231,0.4708699122106957,0.6801330788968384
GBPUSD,2022-06-08,1.25902,1.25976,1.2511,1.25351,7,79,0.05877587329827667,-0.6290606980032031,-0.43764197550476763,0.6749306795203319
GBPUSD,2022-06-09,1.25352,1.25584,1.2485,1.2495,23,50,0.18507881804838375,-0.40047227008743574,-0.32069691748036827,0.6704047694100501
GBPUSD,2022-06-10,1.24954,1.25177,1.2299,1.2314,22,196,0.17846567536853195,-1.571778414456528,-1.451734238199661,0.749158376616442
GBPUSD,2022-06-13,1.23139,1.2317,1.2106,1.21345,3,208,0.025174802459012373,-1.6883359455574665,-1.4568901810149562,0.8059191785749157
GBPUSD,2022-06-14,1.21334,1.22086,1.1932,1.19953,75,201,0.6197768144131052,-1.6598809896648956,-1.1381805594474836,0.7637183586369022
GBPUSD,2022-06-15,1.19965,1.22046,1.1988,1.21703,208,9,1.7346726128454126,-0.07085399908306735,1.4487558871337431,0.8088887966726913
GBPUSD,2022-06-16,1.2169,1.24064,1.2039,1.23512,237,130,1.9508587394198267,-1.068288273481808,1.4972471032952503,0.844554431358588
GBPUSD,2022-06-17,1.23506,1.23605,1.2171,1.2222,10,180,0.08015804900167169,-1.4541803637070243,-1.0412449597590476,0.8720183646537524
GBPUSD,2022-06-20,1.22227,1.22803,1.2197,1.2246,58,26,0.4712543055135107,-0.21026450784196302,0.19062891177889854,0.8505989004596619
GBPUSD,2022-06-21,1.22478,1.23242,1.2239,1.22783,76,9,0.6237854961707483,-0.07184963830238834,0.24902431457077984,0.8513216892321231
GBPUSD,2022-06-22,1.22777,1.23149,1.2159,1.22618,37,119,0.3029883447225413,-0.96679345480017,-0.12950308282495746,0.8441299028921613
GBPUSD,2022-06-23,1.22639,1.22946,1.2168,1.22575,31,96,0.2503281990231416,-0.7819698464599342,-0.05218568318399497,0.8412335799328675
GBPUSD,2022-06-24,1.22568,1.23208,1.2239,1.22668,64,18,0.522159127994253,-0.14522550747341187,0.08158736374909355,0.8387221835303504
GBPUSD,2022-06-27,1.22688,1.23325,1.2236,1.2265,64,33,0.5192031820552937,-0.2673448095983266,-0.030972874282737265,0.8349678448835506
GBPUSD,2022-06-28,1.22675,1.22915,1.2178,1.2186,24,90,0.19563888322803813,-0.7295700020379061,-0.6643570409618994,0.8406688407202064
GBPUSD,2022-06-29,1.21844,1.22131,1.2104,1.2121,29,80,0.23554709300416338,-0.6598601490430426,-0.520337480713044,0.8272625171845951
GBPUSD,2022-06-30,1.21206,1.21885,1.209,1.21731,68,31,0.5602032902661646,-0.25246274936883,0.4331468739171309,0.8130563926978682
GBPUSD,2022-07-01,1.21719,1.2176,1.1975,1.2094,4,197,0.03368414134194509,-1.6176603488362529,-0.6399986854969203,0.8109972076657357
GBPUSD,2022-07-04,1.20983,1.21653,1.2083,1.20979,67,15,0.5537968144284675,-0.12646404866799726,-0.0033062496383822523,0.8040429443052561
GBPUSD,2022-07-05,1.20974,1.21257,1.1897,1.19513,28,200,0.23393456445185642,-1.6565543009241703,-1.2076975217815409,0.8204300054013293
GBPUSD,2022-07-06,1.1951,1.19894,1.1874,1.19167,38,77,0.3213120240983887,-0.6442975483223194,-0.28700527152539906,0.8194014349234853
GBPUSD,2022-07-07,1.19171,1.20296,1.1907,1.20204,112,10,0.944021615997179,-0.0847521628584098,0.8668216260667402,0.8563671698092915
GBPUSD,2022-07-08,1.20208,1.20561,1.1918,1.2027,35,103,0.2936576600559058,-0.855184347131644,0.05157726607214702,0.8044536474884147
GBPUSD,2022-07-11,1.20331,1.20369,1.1865,1.1889,4,168,0.031579559714439744,-1.396979996842043,-1.1975301460139143,0.7835472103964918
GBPUSD,2022-07-12,1.18907,1.19158,1.1805,1.1886,25,86,0.21108933872690525,-0.720731327844447,-0.03952668892495567,0.7448327347050975
GBPUSD,2022-07-13,1.18853,1.19673,1.1826,1.1891,82,59,0.6899278941213082,-0.49893566001699496,0.04795840239623395,0.657213933446484
GBPUSD,2022-07-14,1.18915,1.1893,1.1758,1.18246,2,133,0.012614052053996091,-1.1226506328049426,-0.5625867216078596,0.5417230354808824
GBPUSD,2022-07-15,1.18245,1.18746,1.18038,1.18618,50,21,0.42369656222250063,-0.17506025624762284,0.31544674193412076,0.51827512931445
GBPUSD,2022-07-18,1.18644,1.20336,1.1861,1.19509,169,3,1.4261151006372044,-0.02865715923266301,0.7290718451839155,0.5501739902923269
GBPUSD,2022-07-19,1.19501,1.20455,1.1923,1.19969,95,27,0.7983196793332361,-0.22677634496782373,0.39162852193705644,0.5562085921026627
GBPUSD,2022-07-20,1.19994,1.20378,1.1951,1.19763,38,48,0.32001600080004544,-0.40335350100838,-0.19250962548127692,0.5564383377919954
GBPUSD,2022-07-21,1.19795,1.2005,1.1889,1.19914,25,91,0.2128636420551634,-0.7554572394507285,0.09933636629241824,0.5584958412700048
GBPUSD,2022-07-22,1.19917,1.20641,1.1915,1.2002,72,77,0.6037509277250025,-0.6396090629352023,0.08589274248020416,0.5585770200785158
GBPUSD,2022-07-25,1.20041,1.20867,1.1958,1.20472,83,46,0.6880982331036841,-0.38403545455302796,0.3590439933022914,0.5684319133732646
GBPUSD,2022-07-26,1.20469,1.20903,1.1962,1.20292,43,85,0.36025865575376326,-0.7047456192049497,-0.14692576513460304,0.552798216413248
GBPUSD,2022-07-27,1.20303,1.2186,1.2018,1.21558,156,12,1.2942320640382918,-0.10224183935563239,1.0431992552139233,0.5948482348132155
GBPUSD,2022-07-28,1.21573,1.21917,1.2102,1.21753,34,55,0.282957564590831,-0.45487073610094636,0.14805919077426927,0.5874767149167001
GBPUSD,2022-07-29,1.21742,1.22457,1.2062,1.21745,71,112,0.587307584892641,-0.9216211332161462,0.00246422762891808,0.5682916337760952
GBPUSD,2022-08-01,1.21752,1.22934,1.2154,1.22481,118,21,0.970825941257652,-0.1741244497010234,0.5987581312832659,0.5824729438996888
GBPUSD,2022-08-02,1.22485,1.22794,1.2156,1.21621,31,92,0.25227578887210983,-0.7551945136139103,-0.7053924970404524,0.5339584542979389
GBPUSD,2022-08-03,1.21607,1.22077,1.2099,1.21429,47,62,0.38649090924041596,-0.5073721085134909,-0.1463731528612574,0.5297752561506726
GBPUSD,2022-08-04,1.21453,1.22149,1.20645,1.21553,70,81,0.5730611841617625,-0.6652779264406878,0.08233637703472864,0.49706315322439426
GBPUSD,2022-08-05,1.21548,1.21692,1.2002,1.207,14,153,0.11847171487808174,-1.2571165300951033,-0.697666765393081,0.5242837682157051
GBPUSD,2022-08-08,1.20653,1.21379,1.2045,1.20787,73,20,0.6017256098066208,-0.16825110026275336,0.11106230263647789,0.4405223068913775
GBPUSD,2022-08-09,1.20791,1.21304,1.2061,1.20725,51,18,0.42470051576689133,-0.14984560107955802,-0.054639832437855876,0.44074410982226986
GBPUSD,2022-08-10,1.20747,1.22767,1.2063,1.22156,202,12,1.6729194100060454,-0.09689681731224091,1.1669026973754988,0.5036110129782793
GBPUSD,2022-08-11,1.22152,1.22495,1.218,1.21975,34,35,0.28079769467548993,-0.28816556421507367,-0.14490143427860774,0.48149417193090965
GBPUSD,2022-08-12,1.21972,1.22169,1.2098,1.213,20,99,0.1615124782737044,-0.8133014134391442,-0.5509461187813464,0.504464175522841
GBPUSD,2022-08-15,1.2131,1.21482,1.2048,1.2057,17,83,0.14178550820212213,-0.6841975105102608,-0.6100074190091561,0.5066821750535798
GBPUSD,2022-08-16,1.20573,1.21181,1.2006,1.20916,61,51,0.5042588307498432,-0.42546838844518087,0.2844749653736777,0.5033457711542871
GBPUSD,2022-08-17,1.20925,1.21431,1.2026,1.2048,51,67,0.4184411825511734,-0.549927641099859,-0.36799669216455183,0.5090472401085291
GBPUSD,2022-08-18,1.20487,1.20798,1.1921,1.193,31,128,0.2581191331844884,-1.05986537966753,-0.9851685244051264,0.5565734833885556
GBPUSD,2022-08-19,1.19296,1.19365,1.179,1.1827,7,140,0.05783932403434142,-1.170198497854075,-0.8600456008583637,0.5859467725312921
GBPUSD,2022-08-22,1.18241,1.18365,1.174,1.17648,12,84,0.10487056097293916,-0.711259207888975,-0.5015180859431154,0.584091368361623
GBPUSD,2022-08-23,1.17648,1.18781,1.1716,1.18302,113,49,0.96304229566164,-0.4147966816265466,0.5558955528355765,0.6030138306588742
GBPUSD,2022-08-24,1.18303,1.1838,1.1754,1.1792,8,76,0.06508710683583149,-0.6449540586460213,-0.3237449599756557,0.5433323007339058
GBPUSD,2022-08-25,1.17924,1.18646,1.1782,1.1836,72,10,0.6122587429191686,-0.08819239510194293,0.3697296563888538,0.5519238183928629
GBPUSD,2022-08-26,1.18365,1.19008,1.1731,1.174,64,106,0.5432349089680172,-0.8913107759895289,-0.8152747856207627,0.5708692481565891
GBPUSD,2022-08-29,1.17298,1.17441,1.1646,1.17055,14,84,0.12191171204965494,-0.7144196832000403,-0.2071646575389122,0.5406712367588621
GBPUSD,2022-08-30,1.17055,1.17605,1.162,1.16535,55,86,0.4698645935671317,-0.7304258681816289,-0.4442356157361814,0.5314062472337946
GBPUSD,2022-08-31,1.1653,1.16938,1.1598,1.16163,41,55,0.3501244314768801,-0.4719814640006917,-0.31494035870591797,0.5317313456621485
GBPUSD,2022-09-01,1.16155,1.16192,1.1498,1.15408,4,118,0.03185398820541358,-1.0115793551719812,-0.6431061943093356,0.5350853094766197
GBPUSD,2022-09-02,1.15412,1.15886,1.1494,1.15158,47,47,0.4107025266003506,-0.40896960454719244,-0.220081100752087,0.524689615331095
GBPUSD,2022-09-05,1.14858,1.15221,1.1441,1.152,36,45,0.3160424175939005,-0.3900468404464678,0.2977589719479687,0.5326359950770173
GBPUSD,2022-09-06,1.15202,1.16096,1.1493,1.1517,89,27,0.7760281939549615,-0.23610701203104595,-0.027777295533072167,0.5331044736574063
GBPUSD,2022-09-07,1.15177,1.15398,1.1404,1.15369,22,114,0.19187858687064652,-0.9871762591489517,0.1666999487745074,0.4341726052177026
GBPUSD,2022-09-08,1.1537,1.15606,1.1459,1.1501,24,78,0.20455924417094043,-0.6760856375140877,-0.31203952500650495,0.43330405272544936
GBPUSD,2022-09-09,1.15013,1.16482,1.1498,1.15876,147,3,1.2772469199133896,-0.02869240868424991,0.7503499604392473,0.48444531468267094
GBPUSD,2022-09-12,1.16308,1.17106,1.1599,1.1679,80,32,0.686109296007162,-0.2734119751005916,0.41441689307700647,0.4940336362813154
GBPUSD,2022-09-13,1.16793,1.17381,1.14884,1.14928,59,191,0.5034548303408687,-1.6345157672120616,-1.5968422765062833,0.5772146961829212
GBPUSD,2022-09-14,1.1493,1.15898,1.1478,1.154,97,15,0.8422518054467859,-0.13051422605064447,0.4089445749586641,0.5949577096558285
GBPUSD,2022-09-15,1.1542,1.15492,1.146,1.1465,7,82,0.06238086986657893,-0.71044879570265,-0.6671287471841811,0.5772596399333147
GBPUSD,2022-09-16,1.14665,1.14805,1.1349,1.14187,14,117,0.12209479788951014,-1.0247241965726184,-0.4168665242227364,0.5587378027186816
GBPUSD,2022-09-19,1.14165,1.1442,1.1354,1.1433,26,63,0.22336092497701152,-0.5474532474926719,0.14452765733805714,0.5576230225406821
GBPUSD,2022-09-20,1.14324,1.14607,1.1355,1.13782,28,77,0.2475420734053994,-0.6770231972289353,-0.4740911794548809,0.5367493544563924
GBPUSD,2022-09-21,1.13782,1.13848,1.12346,1.1273,7,144,0.05800565994620264,-1.262062540647919,-0.9245750645972196,0.5605870679685228
GBPUSD,2022-09-22,1.12736,1.13645,1.121,1.12536,91,64,0.8063085438546731,-0.5641498722679466,-0.17740562021004844,0.5430834700801633
GBPUSD,2022-09-23,1.12536,1.12739,1.0838,1.08474,20,416,0.18038672069382033,-3.6930404492784374,-3.609511622947313,0.9223485322139949
GBPUSD,2022-09-26,1.08182,1.0931,1.03488,1.06715,113,469,1.0426873232145788,-4.338984304228059,-1.3560481410955576,0.9456698043696963
GBPUSD,2022-09-27,1.06797,1.08382,1.06485,1.07324,158,31,1.4841240858825546,-0.2921430377257799,0.4934595541073144,0.9689342560460524
GBPUSD,2022-09-28,1.07301,1.0916,1.0538,1.08817,186,192,1.7325094826702345,-1.790290864018038,1.4128479697300176,1.0507856795812358
GBPUSD,2022-09-29,1.08821,1.1127,1.076,1.11205,245,122,2.250484740996694,-1.1220260795250763,2.1907536229220543,1.1867426508388998
GBPUSD,2022-09-30,1.11218,1.12345,1.1023,1.116,113,99,1.0133251811757191,-0.8883454117139212,0.3434695822618782,1.1922965493760465
GBPUSD,2022-10-03,1.11867,1.13345,1.1084,1.13176,148,103,1.3212117961507874,-0.9180544754038278,1.1701395407045907,1.2249331144457092
GBPUSD,2022-10-04,1.13171,1.14901,1.1279,1.14713,173,38,1.5286601691246073,-0.33665868464536775,1.3625398732890925,1.2681355856427907
GBPUSD,2022-10-05,1.14708,1.14957,1.1225,1.1322,25,246,0.2170729155769328,-2.1428322348920776,-1.2972068207971548,1.2978521161168342
GBPUSD,2022-10-06,1.13214,1.13834,1.1112,1.11655,62,209,0.5476354514459328,-1.8495945731093293,-1.377038175490663,1.328200176828003
GBPUSD,2022-10-07,1.11653,1.12253,1.1053,1.10913,60,112,0.5373792016336333,-1.0057947390576225,-0.6627676820148203,1.314727262177639
GBPUSD,2022-10-10,1.10902,1.11108,1.1018,1.10558,21,72,0.18574958071091352,-0.6510252294818853,-0.31018376584731455,1.305962433960879
GBPUSD,2022-10-11,1.10578,1.118,1.0951,1.09736,122,107,1.1051022807430158,-0.9658340718768673,-0.7614534536707206,1.274168024315611
GBPUSD,2022-10-12,1.09722,1.11338,1.0922,1.10983,162,50,1.4728131094949009,-0.4575199139643849,1.149268150416508,1.3039709481319495
GBPUSD,2022-10-13,1.10996,1.13807,1.1055,1.133,281,45,2.5325236945475385,-0.4018162816678196,2.07575047749468,1.3922207040938546
GBPUSD,2022-10-14,1.13284,1.13661,1.115,1.1178,38,178,0.3327919211892084,-1.574803149606306,-1.327636735990975,1.4194394600944131
GBPUSD,2022-10-17,1.12163,1.14398,1.12126,1.1361,224,4,1.9926357176609126,-0.0329877053930424,1.290086748749606,1.4524183780630262
GBPUSD,2022-10-18,1.13613,1.14109,1.12526,1.13225,50,109,0.4365697587423845,-0.956756709179421,-0.3415102145001105,1.4506318093140143
GBPUSD,2022-10-19,1.13225,1.13579,1.11823,1.12166,35,140,0.31265179951425026,-1.2382424376241927,-0.9353058070214068,1.450980927540955
GBPUSD,2022-10-20,1.12173,1.13365,1.11687,1.12336,119,49,1.062644308345159,-0.43325934048299186,0.14531126028545377,1.4510894671122334
GBPUSD,2022-10-21,1.12339,1.13148,1.10583,1.12956,81,176,0.7201417139194696,-1.5631258957263299,0.5492304542500633,1.1823118914662014
GBPUSD,2022-10-24,1.13911,1.14084,1.12552,1.12785,17,136,0.15187295344611224,-1.1930366689784122,-0.9884910149151572,1.159643417994415
GBPUSD,2022-10-25,1.12794,1.14997,1.12686,1.14694,220,11,1.9531180736563998,-0.09574977392414223,1.6844867634803384,1.204722078624054
GBPUSD,2022-10-26,1.14704,1.16389,1.14279,1.16224,169,43,1.4689984656158488,-0.37051890082299543,1.3251499511786755,1.200490312851751
GBPUSD,2022-10-27,1.16225,1.16456,1.1547,1.1565,23,75,0.19875241987524495,-0.6496020649602018,-0.4947300494729982,1.1212374941474865
GBPUSD,2022-10-28,1.15657,1.16237,1.15011,1.161,58,65,0.5014828328592135,-0.5585481207363265,0.3830291292355788,1.121668789691528
GBPUSD,2022-10-31,1.15929,1.16133,1.14574,1.14669,20,135,0.17596977460342467,-1.168818846017817,-1.0868721372564194,1.1252505359619085
GBPUSD,2022-11-01,1.14669,1.15661,1.1434,1.14842,99,33,0.8650986753176473,-0.2869127663099892,0.15086902301406738,1.080854197007427
GBPUSD,2022-11-02,1.14814,1.1565,1.13845,1.13874,84,97,0.7281341996620748,-0.8439737314264791,-0.8187154876582867,1.05662041609077
GBPUSD,2022-11-03,1.13874,1.1422,1.11486,1.11576,35,239,0.30384460017212167,-2.097054639338227,-2.018019916750092,1.108474123898044
GBPUSD,2022-11-04,1.11609,1.13821,1.11422,1.13724,221,19,1.9819190208674853,-0.16754921198111605,1.8950084670591083,1.1792979248726785
GBPUSD,2022-11-07,1.1305,1.15416,1.1288,1.15089,237,17,2.0928792569659453,-0.15037593984962713,1.8036267138434239,1.236010243768816
GBPUSD,2022-11-08,1.1511,1.15992,1.14271,1.15394,88,84,0.7662236121970333,-0.7288680392667987,0.24672052819042253,1.2158174322343234
GBPUSD,2022-11-09,1.1538,1.15672,1.13311,1.13571,29,207,0.25307678973825914,-1.793205061535784,-1.5678627145085753,1.2592364775726481
GBPUSD,2022-11-10,1.13552,1.17312,1.135,1.17114,376,5,3.3112582781456825,-0.04579399746372375,3.1368888262646175,1.3648563986699302
GBPUSD,2022-11-11,1.17145,1.18548,1.16441,1.18366,140,70,1.1976610183960037,-0.600964616500931,1.0422980067437646,1.332160361617833
GBPUSD,2022-11-14,1.18085,1.18289,1.1709,1.17554,20,99,0.17275691239361832,-0.8426133717237502,-0.4496760807892557,1.318783327225955
GBPUSD,2022-11-15,1.17522,1.20289,1.17378,1.18613,277,14,2.3544527833086644,-0.12253024965537396,0.9283368220418284,1.3227604299453566
GBPUSD,2022-11-16,1.18613,1.19421,1.18286,1.1913,81,33,0.6812069503342878,-0.2756864761872547,0.43587127886488997,1.2934902242682704
GBPUSD,2022-11-17,1.19111,1.19579,1.17599,1.18641,47,151,0.39291081428247754,-1.2694041692202904,-0.3945899203264121,1.3028209064991751
GBPUSD,2022-11-18,1.18604,1.19508,1.18541,1.18883,90,6,0.7622002630602625,-0.05311793868671448,0.2352365856126328,1.30140000189702
GBPUSD,2022-11-21,1.18973,1.1899,1.17757,1.1822,2,122,0.014288956317820303,-1.0220806401452387,-0.6329167121952071,1.2856005722404662
GBPUSD,2022-11-22,1.18213,1.19029,1.18144,1.18849,82,7,0.6902794108939091,-0.05836921489175111,0.5380118937849597,1.2450803961545154
GBPUSD,2022-11-23,1.18836,1.2081,1.18692,1.20524,197,14,1.661112794102786,-0.12117540139352619,1.4204449830017845,1.2496542877398962
GBPUSD,2022-11-24,1.20515,1.21534,1.20447,1.211,102,7,0.8455378998465041,-0.056424511471602205,0.48541675310128474,1.238591270525547
GBPUSD,2022-11-25,1.21101,1.21276,1.20548,1.2093,18,55,0.14450747722976198,-0.45664362804599573,-0.14120444917877462,1.2419868077728133
GBPUSD,2022-11-28,1.20653,1.21182,1.19373,1.19555,53,128,0.43844744846790334,-1.0608936371246587,-0.9100478230960035,1.2324840237791588
GBPUSD,2022-11-29,1.19556,1.20642,1.19421,1.19512,109,13,0.9083609354612142,-0.11291779584462197,-0.03680283716417378,1.234146345330487
GBPUSD,2022-11-30,1.1951,1.20869,1.18979,1.2054,136,53,1.1371433352857494,-0.44431428332358364,0.8618525646389403,1.2138876804811338
GBPUSD,2022-12-01,1.20553,1.2311,1.20489,1.22445,256,6,2.121058787421308,-0.05308868298590445,1.5694341907708682,1.106833011738905
GBPUSD,2022-12-02,1.22507,1.23,1.2133,1.22858,49,118,0.4024259838213227,-0.9607614258777096,0.28651424000260406,1.0593353245634507
GBPUSD,2022-12-05,1.22787,1.23442,1.216,1.21868,66,119,0.5334440942445092,-0.9667147173560757,-0.7484505688713,1.040334086435437
GBPUSD,2022-12-06,1.21877,1.22693,1.2126,1.21331,82,62,0.6695274744209463,-0.5062481025952402,-0.44799264832575453,1.05424829759566
GBPUSD,2022-12-07,1.21304,1.22344,1.2105,1.2201,104,25,0.8573501286025348,-0.20939128140869112,0.5820088373013311,0.96137378547761
GBPUSD,2022-12-08,1.22019,1.22474,1.2153,1.22328,45,49,0.37289274621164176,-0.4007572591153886,0.25323924962504324,0.7110678883872509
GBPUSD,2022-12-09,1.223,1.23226,1.22002,1.22594,93,30,0.7571545380212448,-0.24366312346688326,0.24039247751430437,0.6858368746274811
GBPUSD,2022-12-12,1.2255,1.22988,1.22054,1.22658,44,50,0.357405140758878,-0.40473276213790904,0.08812729498163768,0.6692104246539194
GBPUSD,2022-12-13,1.22656,1.2444,1.2247,1.23618,178,19,1.4544743021132154,-0.1516436211844667,0.784307331072264,0.6620438796968283
GBPUSD,2022-12-14,1.2362,1.24469,1.234,1.24232,85,22,0.6867820740980511,-0.17796473062611065,0.49506552337810433,0.6631748892514175
GBPUSD,2022-12-15,1.24234,1.24296,1.2155,1.21776,6,268,0.04990582288262995,-2.160439171241365,-1.9785243975079323,0.8177905366922714
GBPUSD,2022-12-16,1.21776,1.2223,1.2119,1.21345,45,59,0.37281566154250334,-0.4812114045460498,-0.35392852450401036,0.8250319319149931
GBPUSD,2022-12-19,1.2151,1.22419,1.2119,1.21465,91,32,0.7480865772364266,-0.26335281046828174,-0.037033988972106115,0.8070603897053313
GBPUSD,2022-12-20,1.21498,1.22234,1.2084,1.2182,74,66,0.605771288416273,-0.5415727007852006,0.2650249386821183,0.8024040234073759
GBPUSD,2022-12-21,1.21815,1.21922,1.2053,1.2082,11,129,0.08783811517464223,-1.0548782990600523,-0.8168123794278311,0.7688524270308599
GBPUSD,2022-12-22,1.20826,1.21474,1.1991,1.20374,65,92,0.5363084104414647,-0.758114975253657,-0.37409166901162483,0.7656023831263054
GBPUSD,2022-12-23,1.20399,1.20904,1.2017,1.20505,50,23,0.41943869965697383,-0.1902009152899861,0.08804059834384513,0.7654232249247829
GBPUSD,2022-12-26,1.2055,1.20782,1.20492,1.2062,23,6,0.19245126503524493,-0.04811281625881584,0.05806719203649298,0.7355007942505385
GBPUSD,2022-12-27,1.206,1.21123,1.2001,1.2024,52,59,0.4336650082918796,-0.4892205638474309,-0.29850746268657113,0.739237402466193
GBPUSD,2022-12-28,1.2023,1.21258,1.2001,1.2014,103,22,0.8550278632620866,-0.18298261665141644,-0.07485652499375371,0.7126788639057184
GBPUSD,2022-12-29,1.20154,1.20786,1.20113,1.20526,63,4,0.5259916440567839,-0.034122875642926695,0.3096026765650703,0.6134790146737559
GBPUSD,2022-12-30,1.20544,1.21074,1.2008,1.20934,53,46,0.43967348022297753,-0.3849216883461622,0.32353331563578563,0.6147103253042743
GBPUSD,2023-01-02,1.2084,1.2101,1.20312,1.2044,17,53,0.14068189341278012,-0.4369414101290923,-0.33101621979477025,0.5977485588701273
GBPUSD,2023-01-03,1.20436,1.20848,1.1899,1.1967,41,145,0.34209040486232534,-1.2006376830848033,-0.6360224517586104,0.605578563050974
GBPUSD,2023-01-04,1.19642,1.20875,1.1956,1.20535,123,8,1.0305745473997385,-0.06853780444994591,0.7463934069975329,0.6159303658765651
GBPUSD,2023-01-05,1.20536,1.20779,1.1872,1.1906,24,182,0.20159952213446042,-1.5066038361983103,-1.2245304307426732,0.6629128392898495
GBPUSD,2023-01-06,1.1906,1.20993,1.184,1.20904,193,66,1.6235511506803162,-0.5543423483957803,1.5487989249117915,0.7595629167281488
GBPUSD,2023-01-09,1.2085,1.22099,1.20836,1.2182,125,1,1.0335126189491197,-0.01158460901942962,0.8026479106330197,0.7838526941758163
GBPUSD,2023-01-10,1.21793,1.2198,1.2108,1.21487,19,71,0.15353920176036703,-0.5854195232895042,-0.25124596651696424,0.7607322399584779
GBPUSD,2023-01-11,1.21472,1.21781,1.2099,1.2146,31,48,0.25437961011591453,-0.39679926238145796,-0.00987881981033654,0.7486825890297615
GBPUSD,2023-01-12,1.2146,1.22468,1.2087,1.22071,101,59,0.8299028486744681,-0.48575662769634403,0.5030462703770838,0.6171889871925335
GBPUSD,2023-01-13,1.2206,1.22484,1.2149,1.2223,42,57,0.3473701458299215,-0.46698345076190534,0.13927576601671596,0.6116325075959648
GBPUSD,2023-01-16,1.22182,1.22891,1.2171,1.2191,71,47,0.5802818745805471,-0.386308948945003,-0.22261871634118233,0.6142095225498596
GBPUSD,2023-01-17,1.21921,1.23005,1.21688,1.22841,108,23,0.8891003190590779,-0.191107356402912,0.7545869866553012,0.6336327743063532
GBPUSD,2023-01-18,1.22841,1.24355,1.22536,1.23446,151,30,1.2324875245235656,-0.24828843789939817,0.49250657353814187,0.6062197898978335
GBPUSD,2023-01-19,1.23448,1.23974,1.2312,1.23875,53,33,0.42609033763204285,-0.26569891776294063,0.34589462769749174,0.5968152450009212
GBPUSD,2023-01-20,1.23874,1.24044,1.2334,1.23942,17,53,0.13723622390493848,-0.4310831974425546,0.05489448956197539,0.5970516443023494
GBPUSD,2023-01-23,1.23988,1.24478,1.2322,1.2378,49,77,0.3951995354389057,-0.6194147820756952,-0.16775817014550454,0.6010342750193254
GBPUSD,2023-01-24,1.2377,1.24138,1.2262,1.23302,37,115,0.2973256847378125,-0.9291427648056932,-0.3781207077644031,0.604347535981022
GBPUSD,2023-01-25,1.23296,1.2404,1.2282,1.24013,74,48,0.6034259018946188,-0.38606280820140937,0.5815273812613465,0.6100749826397005
GBPUSD,2023-01-26,1.2402,1.24304,1.2343,1.2409,28,59,0.22899532333494224,-0.4757297210127412,0.05644250927269174,0.6096319932844567
GBPUSD,2023-01-27,1.24068,1.24185,1.2344,1.2396,12,63,0.09430312409323059,-0.5061740335944855,-0.08704903762452605,0.6106205565439359
GBPUSD,2023-01-30,1.23914,1.24174,1.2336,1.235,26,55,0.20982294171765561,-0.44708426812142926,-0.3341026841196161,0.6107451461862948
GBPUSD,2023-01-31,1.23484,1.23708,1.2283,1.23199,22,65,0.18140001943571799,-0.529623271031064,-0.23079913187133713,0.5901699549416611
GBPUSD,2023-02-01,1.2321,1.23947,1.22717,1.23733,74,49,0.5981657333008764,-0.40012985958930924,0.4244785325866462,0.5774737618797938
GBPUSD,2023-02-02,1.23735,1.24022,1.22203,1.22244,29,153,0.23194730674426398,-1.2381298743282014,-1.2049945447933066,0.5750558246805747
GBPUSD,2023-02-03,1.22238,1.22656,1.20466,1.20531,42,177,0.34195585660760747,-1.4496310476283936,-1.3964560938496964,0.572644606779406
GBPUSD,2023-02-06,1.20314,1.20773,1.2004,1.2019,46,27,0.38150173712118884,-0.22773742041659212,-0.10306365011554182,0.5401905043995987
GBPUSD,2023-02-07,1.20153,1.2095,1.1959,1.20458,80,56,0.6633209324777603,-0.4685692408845409,0.25384301682022065,0.5421722133479443
GBPUSD,2023-02-08,1.20438,1.21095,1.20341,1.20711,66,10,0.545508892542218,-0.08053936465234522,0.2266726448463026,0.5451241589408723
GBPUSD,2023-02-09,1.207,1.21938,1.2055,1.2121,124,15,1.0256835128417428,-0.12427506213753577,0.42253521126759586,0.5413848574549418
GBPUSD,2023-02-10,1.2121,1.21393,1.2045,1.20575,18,76,0.15097764210873676,-0.6270109726920263,-0.5238841679729277,0.5514207375197274
GBPUSD,2023-02-13,1.20691,1.2152,1.203,1.2138,83,39,0.6868780605016224,-0.3239678186442948,0.5708793530586426,0.5668127831415414
GBPUSD,2023-02-14,1.21349,1.22697,1.2116,1.2172,135,19,1.1108455776314545,-0.15574912030589022,0.3057297546745422,0.5432549346142704
GBPUSD,2023-02-15,1.21703,1.21813,1.1988,1.2028,11,182,0.09038396752749553,-1.4979088436603838,-1.1692398708330907,0.5839558470978872
GBPUSD,2023-02-16,1.20268,1.20742,1.1964,1.19925,47,63,0.39411979911530637,-0.5221671600093178,-0.28519639471846575,0.5745659999367139
GBPUSD,2023-02-17,1.1994,1.20493,1.1913,1.20395,55,81,0.4610638652659692,-0.6753376688344168,0.3793563448390907,0.5851152909575168
GBPUSD,2023-02-20,1.20242,1.20568,1.2014,1.20387,33,10,0.2711199081851633,-0.08482892832787386,0.12059014321118672,0.5877592456914024
GBPUSD,2023-02-21,1.20387,1.21476,1.1985,1.21117,109,54,0.9045827207256653,-0.44606145181789536,0.6063777650410829,0.60582368924756
GBPUSD,2023-02-22,1.21113,1.21354,1.2034,1.20462,24,77,0.198987722209839,-0.6382469264240844,-0.5375145525253289,0.5941123789679921
GBPUSD,2023-02-23,1.20452,1.20748,1.1991,1.2011,30,54,0.2457410420748575,-0.4499717729884087,-0.2839305283432387,0.5935079510044684
GBPUSD,2023-02-24,1.20115,1.2042,1.1927,1.1941,30,84,0.2539233234816632,-0.7034924863672186,-0.5869375182117139,0.6015309023081827
GBPUSD,2023-02-27,1.1954,1.20659,1.1921,1.2063,112,33,0.9360883386314233,-0.2760582231888975,0.9118286765936012,0.6462028606782088
GBPUSD,2023-02-28,1.20631,1.21432,1.2016,1.202,80,47,0.6640084223789965,-0.39044690005056676,-0.3572879276471252,0.6481151574990773
GBPUSD,2023-03-01,1.20199,1.20891,1.1964,1.20284,69,56,0.5757119443589412,-0.4650621053419733,0.0707160625296398,0.637462822170487
GBPUSD,2023-03-02,1.20288,1.20364,1.1924,1.19417,8,105,0.06318169725991736,-0.8712423516892829,-0.7240955041234367,0.6028715585778697
GBPUSD,2023-03-03,1.19439,1.20484,1.1938,1.20437,104,6,0.8749236011687848,-0.049397600448772214,0.8355729703028222,0.5559791375267223
GBPUSD,2023-03-06,1.20314,1.20488,1.19925,1.20223,17,39,0.14462157354920063,-0.3233206443140591,-0.07563542064931665,0.5557280453840303
GBPUSD,2023-03-07,1.20197,1.20651,1.18207,1.18279,45,199,0.37771325407455997,-1.6556153647761616,-1.5957137033370197,0.6572801090102852
GBPUSD,2023-03-08,1.18261,1.18592,1.18024,1.18403,33,24,0.2798893971808243,-0.2004041907306706,0.12007339697786903,0.6550527563687715
GBPUSD,2023-03-09,1.18432,1.19388,1.18314,1.1924,96,12,0.8072142664144837,-0.09963523372061257,0.6822480410699697,0.6681860996013582
GBPUSD,2023-03-10,1.19262,1.21137,1.19072,1.20265,188,19,1.5721688383558925,-0.1593131089533978,0.8410055172645087,0.6894820993694646
GBPUSD,2023-03-13,1.20864,1.21996,1.20459,1.2183,113,40,0.9365898861530313,-0.33508737092929963,0.7992454328832409,0.7013714848066408
GBPUSD,2023-03-14,1.21815,1.22038,1.2134,1.2153,22,48,0.183064483027538,-0.38993555801830904,-0.23396133481098544,0.6994850651968356
GBPUSD,2023-03-15,1.21529,1.21816,1.2009,1.20501,29,144,0.23615762492902337,-1.1840795201145327,-0.8458886356342986,0.6749303014708249
GBPUSD,2023-03-16,1.205,1.21277,1.2026,1.21118,78,24,0.6448132780082848,-0.19917012448134272,0.5128630705394068,0.6812386093906918
GBPUSD,2023-03-17,1.21108,1.22004,1.21,1.2175,90,11,0.739835518710579,-0.0891766027017183,0.5301053605046812,0.6861013991798808
GBPUSD,2023-03-20,1.2204,1.22848,1.2165,1.22755,81,39,0.6620780072107577,-0.31956735496558625,0.5858734841035718,0.6968012316148873
GBPUSD,2023-03-21,1.22747,1.22826,1.2177,1.22156,8,98,0.06436002509225043,-0.795946133103054,-0.4814781623990877,0.6945874493120391
GBPUSD,2023-03-22,1.22149,1.23347,1.2207,1.2268,120,8,0.9807693882062155,-0.06467510990675883,0.4347149792466517,0.6883669315538761
GBPUSD,2023-03-23,1.22671,1.23435,1.226,1.2287,76,7,0.6228040857252399,-0.05787839016556386,0.1622225301823525,0.6839531978824812
GBPUSD,2023-03-24,1.22858,1.2292,1.2189,1.223,6,97,0.05046476419932482,-0.7879014797571107,-0.45418287779386923,0.6777635412851389
GBPUSD,2023-03-27,1.2233,1.2293,1.2217,1.22827,60,16,0.49047657974331765,-0.13079375459822168,0.4062781002207078,0.6543627370937054
GBPUSD,2023-03-28,1.22809,1.23491,1.2279,1.2335,68,2,0.5553338924671685,-0.015471178822391882,0.440521460153583,0.6518577647843142
GBPUSD,2023-03-29,1.23373,1.23615,1.2301,1.2314,24,36,0.19615312912874688,-0.2942296936931113,-0.18885817804543484,0.6550587390674075
GBPUSD,2023-03-30,1.23141,1.23929,1.2292,1.23866,79,22,0.6399168432934692,-0.17946906391858303,0.588755978918492,0.6349143699237547
GBPUSD,2023-03-31,1.23856,1.24229,1.23229,1.2333,37,63,0.3011561813718987,-0.5062330448262496,-0.4246867329802385,0.6261026640293299
GBPUSD,2023-04-03,1.23256,1.24233,1.2273,1.2416,98,53,0.7926591808917889,-0.42675407282404443,0.7334328551956851,0.6407908019129775
GBPUSD,2023-04-04,1.24139,1.25253,1.2394,1.2501,111,20,0.8973811614399929,-0.16030417515848655,0.7016328470504833,0.5069798373154277
GBPUSD,2023-04-05,1.25012,1.25141,1.2432,1.2461,13,69,0.10319009375100098,-0.5535468595014731,-0.3215691293635741,0.5221222911977565
GBPUSD,2023-04-06,1.24578,1.24867,1.2412,1.24369,29,46,0.23198317519946032,-0.3676411565444965,-0.1677663792965168,0.5173815033433635
GBPUSD,2023-04-07,1.2441,1.2456,1.23888,1.24157,15,52,0.12056908608633203,-0.4195804195804198,-0.20335985853226599,0.49965237104893395
GBPUSD,2023-04-10,1.24176,1.24423,1.23439,1.2383,25,74,0.19891122278056728,-0.5935124339646853,-0.2786367736116495,0.48131325693881305
GBPUSD,2023-04-11,1.23785,1.24561,1.23775,1.24264,78,1,0.6268934038857868,-0.00807852324594975,0.38696126348104154,0.48037373833173264
GBPUSD,2023-04-12,1.24238,1.2495,1.2397,1.24839,71,27,0.5730935784542583,-0.21571499863165985,0.4837489334986132,0.4312181415850169
GBPUSD,2023-04-13,1.24838,1.25373,1.24774,1.25241,53,6,0.4285554078085171,-0.051266441307932994,0.32281837261090196,0.425373534817335
GBPUSD,2023-04-14,1.25233,1.25463,1.2398,1.2413,23,125,0.1836576621178099,-1.0005350027548594,-0.8807582665910642,0.4753147744532885
GBPUSD,2023-04-17,1.24153,1.24381,1.2352,1.23773,23,63,0.18364437428012692,-0.5098547759619136,-0.3060739571335389,0.4683586764000428
GBPUSD,2023-04-18,1.23782,1.24498,1.2367,1.24245,72,11,0.5784362831429494,-0.0904816532290648,0.37404469147373076,0.4564010654727187
GBPUSD,2023-04-19,1.24245,1.24741,1.2391,1.24347,50,33,0.3992112358646105,-0.2696285564811432,0.08209585898829094,0.44915590893783014
GBPUSD,2023-04-20,1.24354,1.24675,1.2404,1.24389,32,31,0.258134036701669,-0.25250494555865854,0.028145455715123793,0.44875187782319337
GBPUSD,2023-04-21,1.24401,1.24481,1.2366,1.24373,8,74,0.06430816472535686,-0.5956543757686946,-0.02250785765388204,0.4324960087369153
GBPUSD,2023-04-24,1.24363,1.2486,1.241,1.2484,50,26,0.39963654784782604,-0.21147769030981162,0.38355459421210014,0.43164408876263133
GBPUSD,2023-04-25,1.2484,1.2507,1.2386,1.2409,23,98,0.18423582185196802,-0.785004806151877,-0.6007689842999089,0.4491491741657861
GBPUSD,2023-04-26,1.2408,1.25152,1.2401,1.2467,107,7,0.863958736299167,-0.056415215989677865,0.4754996776273386,0.45627059738540854
GBPUSD,2023-04-27,1.24661,1.24997,1.2435,1.24932,34,31,0.26953096798517817,-0.24947658048627447,0.21738956048804278,0.4412605851375958
GBPUSD,2023-04-28,1.24932,1.25839,1.2446,1.25612,91,47,0.7259949412480319,-0.3778055262062608,0.5442960970768032,0.4396882980250962
GBPUSD,2023-05-01,1.25661,1.25688,1.248,1.24928,3,86,0.02148638002244073,-0.6851767851600741,-0.5833154280166526,0.43805099782409784
GBPUSD,2023-05-02,1.24927,1.25121,1.24352,1.24693,19,58,0.15529068976280794,-0.4602687969774463,-0.18730938868299155,0.41075387800269686
GBPUSD,2023-05-03,1.24676,1.259,1.24659,1.25659,122,2,0.9817446822162891,-0.013635342808560066,0.7884436459302516,0.4407187060712206
GBPUSD,2023-05-04,1.25641,1.25986,1.25477,1.25714,34,16,0.27459189277385193,-0.1305306388838107,0.058102052673880134,0.43792335205454014
GBPUSD,2023-05-05,1.25713,1.26524,1.25579,1.26299,81,13,0.6451202341842004,-0.10659199923636528,0.46614113098883775,0.44276739578351976
GBPUSD,2023-05-08,1.26291,1.26687,1.26126,1.2618,40,16,0.31356153645152574,-0.13065064018813133,-0.08789224885383316,0.43647317495900484
GBPUSD,2023-05-09,1.26187,1.26398,1.2577,1.26167,21,42,0.16721215339139978,-0.3304619334796775,-0.015849493212452787,0.43166250269601036
GBPUSD,2023-05-10,1.26175,1.26798,1.2601,1.26214,62,16,0.49375866851596434,-0.13077075490389772,0.030909451159113335,0.4209472661669159
GBPUSD,2023-05-11,1.2622,1.26406,1.2495,1.2511,19,127,0.1473617493265705,-1.0061796862620769,-0.8794168911424408,0.4642088948621781
GBPUSD,2023-05-12,1.25101,1.2541,1.24433,1.2447,31,67,0.24700042365768757,-0.5339685534088472,-0.5043924508996761,0.4334828657045717
GBPUSD,2023-05-15,1.24485,1.25346,1.24411,1.2528,86,7,0.6916495963369086,-0.059444913041728956,0.6386311603807608,0.4481024189258406
GBPUSD,2023-05-16,1.25266,1.25462,1.2465,1.24824,20,62,0.156467038142829,-0.4917535484489139,-0.35284913703639376,0.4507854568131932
GBPUSD,2023-05-17,1.24818,1.25102,1.2421,1.24876,28,61,0.22753128555175964,-0.4871092310404016,0.04646765690846071,0.45061392839990166
GBPUSD,2023-05-18,1.24876,1.2493,1.239,1.24044,5,98,0.043242896953776935,-0.7815753227201376,-0.666260930843405,0.47615722392471055
GBPUSD,2023-05-19,1.24032,1.24841,1.2391,1.2444,81,12,0.6522510319917384,-0.09836171310629505,0.32894736842104144,0.4822173610104587
GBPUSD,2023-05-22,1.24452,1.24722,1.2413,1.24334,27,32,0.21695111368237752,-0.25873429113232416,-0.09481567190564884,0.4742512895865301
GBPUSD,2023-05-23,1.24334,1.24465,1.2372,1.24148,13,61,0.10536136535462098,-0.4938311322727342,-0.14959705309890883,0.4554757928227614
GBPUSD,2023-05-24,1.24133,1.24696,1.2357,1.2364,56,56,0.45354579362458197,-0.45354579362458197,-0.397154664754747,0.449657355322305
GBPUSD,2023-05-25,1.2366,1.23868,1.23076,1.2319,21,58,0.16820313763545866,-0.47226265566875675,-0.3800743975416405,0.45150184607675625
GBPUSD,2023-05-26,1.23208,1.23953,1.23105,1.23436,74,10,0.6046685280176577,-0.08359846763197896,0.18505291864163345,0.43253062549143795
GBPUSD,2023-05-29,1.23467,1.23719,1.2334,1.23553,25,13,0.20410312067192674,-0.10286149335449006,0.06965423959439226,0.417544520141829
GBPUSD,2023-05-30,1.23545,1.24463,1.2326,1.24122,92,29,0.7430490914241747,-0.23068517544214814,0.4670363025618239,0.4320298665338614
GBPUSD,2023-05-31,1.2412,1.2444,1.2347,1.24381,32,65,0.25781501772477194,-0.5236867547534783,0.21028037383177578,0.3924452618526554
GBPUSD,2023-06-01,1.2438,1.25396,1.24,1.25234,102,38,0.8168515838559212,-0.3055153561665883,0.6866055635954327,0.4254474587012616
GBPUSD,2023-06-02,1.2522,1.25444,1.244,1.2447,22,82,0.17888516211467975,-0.6548474684555171,-0.5989458552946864,0.42805443812255023
GBPUSD,2023-06-05,1.24446,1.24496,1.2367,1.24324,5,78,0.04017806920271982,-0.6235636340260025,-0.09803448885460352,0.42807878796239457
GBPUSD,2023-06-06,1.24313,1.24586,1.239,1.24172,27,41,0.21960695985133485,-0.3322259136212598,-0.11342337486828677,0.42794088687686893
GBPUSD,2023-06-07,1.24184,1.24999,1.2394,1.2438,81,24,0.6562842234104135,-0.19648263866520627,0.1578303163048349,0.430582733002032
GBPUSD,2023-06-08,1.2438,1.2561,1.2436,1.25586,123,2,0.9889049686444747,-0.016079755587713296,0.9696092619392153,0.4463616497903131
GBPUSD,2023-06-09,1.25573,1.25901,1.2533,1.25754,33,24,0.2612026470658461,-0.19351293669817016,0.1441392656064671,0.42948150978402866
GBPUSD,2023-06-12,1.25797,1.25995,1.24865,1.25099,20,93,0.15739644029665817,-0.740876173517651,-0.5548621986215876,0.4266836993818072
GBPUSD,2023-06-13,1.25115,1.26246,1.2509,1.26102,113,3,0.9039683491188052,-0.01998161691244723,0.7888742357031567,0.45351221240008055
GBPUSD,2023-06-14,1.2611,1.26989,1.26005,1.26614,88,11,0.6970105463484143,-0.08326064546825925,0.39965109824755635,0.4601917656132757
GBPUSD,2023-06-15,1.2661,1.27856,1.26292,1.27811,125,32,0.9841244767395874,-0.2511649948661212,0.9485822604849599,0.46625828701622873
GBPUSD,2023-06-16,1.27805,1.28482,1.27678,1.28186,68,13,0.529713235006468,-0.09937013418879405,0.2981104025664169,0.46568068461436823
GBPUSD,2023-06-19,1.28255,1.2837,1.27702,1.27941,11,55,0.08966512026821444,-0.43117227398542235,-0.2448247631671391,0.4709573657416069
GBPUSD,2023-06-20,1.27949,1.28073,1.27132,1.27631,12,82,0.09691361401807813,-0.6385356665546437,-0.2485365262721835,0.47465815997182104
GBPUSD,2023-06-21,1.27631,1.28023,1.26908,1.27661,39,72,0.3071354138101185,-0.5664767963895974,0.023505261260976327,0.45891981343979144
GBPUSD,2023-06-22,1.27677,1.28394,1.27252,1.27433,72,42,0.5615733452383844,-0.33287122974379607,-0.19110724719409117,0.44915402253456427
GBPUSD,2023-06-23,1.27429,1.2749,1.2685,1.27125,6,58,0.04786979415988507,-0.45437066915693936,-0.23856422007548767,0.45805669350811523
GBPUSD,2023-06-26,1.27135,1.27484,1.26877,1.27104,35,26,0.2745113462067875,-0.2029338891729285,-0.024383529319230147,0.4593384691210903
GBPUSD,2023-06-27,1.2709,1.27592,1.2703,1.2747,50,6,0.39499567235817334,-0.047210638130453536,0.29900070815957397,0.45453569608270067
GBPUSD,2023-06-28,1.27473,1.2752,1.26064,1.26355,5,141,0.036870552979844394,-1.1053321095447615,-0.8770484730099682,0.5065625837710677
GBPUSD,2023-06-29,1.2637,1.26669,1.25906,1.26094,30,46,0.23660678958613976,-0.36717575373901856,-0.2184062673102869,0.4893040190654306
GBPUSD,2023-06-30,1.26097,1.27273,1.2599,1.26928,118,11,0.9326153675345166,-0.08485530980117723,0.6590164714465879,0.4848902656023158
GBPUSD,2023-07-03,1.26921,1.27229,1.2658,1.26888,31,34,0.24267063764073493,-0.2686710631022379,-0.02600042546150294,0.48365508130161294
GBPUSD,2023-07-04,1.26885,1.27392,1.26831,1.27107,51,5,0.3995744177798721,-0.04255822201205697,0.174961579382897,0.48132724015037825
GBPUSD,2023-07-05,1.27114,1.27353,1.26878,1.27019,24,24,0.18802020233806774,-0.18566011611623565,-0.07473606369086068,0.4829676562823386
GBPUSD,2023-07-06,1.27018,1.2781,1.2673,1.27377,79,29,0.6235336723928834,-0.2267395172337774,0.2826371065518259,0.4404493192684678
GBPUSD,2023-07-07,1.27374,1.28492,1.27255,1.2836,112,12,0.8777301490099995,-0.09342565986779282,0.7740983246188373,0.46799521923032417
GBPUSD,2023-07-10,1.28308,1.28682,1.27502,1.28578,37,81,0.291486111544103,-0.6281759516164196,0.21043115004519786,0.4424374329530334
GBPUSD,2023-07-11,1.28581,1.29347,1.28543,1.2929,77,4,0.5957334287336388,-0.029553355472412328,0.5514033955250031,0.42690130853779634
GBPUSD,2023-07-12,1.2928,1.30005,1.29037,1.29864,72,24,0.560798267326731,-0.18796410891088586,0.45173267326733196,0.4288264818264283
GBPUSD,2023-07-13,1.29865,1.31407,1.29828,1.31311,154,4,1.1873869017826195,-0.02849112539945185,1.1134639818272758,0.44667616620201606
GBPUSD,2023-07-14,1.31307,1.31421,1.30877,1.3089,11,43,0.08681943841532751,-0.32747682911040316,-0.3175763668349751,0.45594414411162604
GBPUSD,2023-07-17,1.30914,1.31089,1.30506,1.30722,18,41,0.13367554272271417,-0.3116549796049209,-0.14666116687290295,0.4525073916212418
GBPUSD,2023-07-18,1.30734,1.31258,1.30278,1.30357,52,46,0.40081386632399635,-0.3487998531368961,-0.28837180840485654,0.45424764061382866
GBPUSD,2023-07-19,1.30364,1.30414,1.28673,1.2936,5,169,0.03835414685037027,-1.297137246479088,-0.7701512687551646,0.49477263053983295
GBPUSD,2023-07-20,1.2937,1.29643,1.28395,1.28658,27,98,0.21102264821828082,-0.7536523150653279,-0.5503594341810323,0.5109018694677185
GBPUSD,2023-07-21,1.28682,1.29041,1.28156,1.28527,36,53,0.2789822974464169,-0.40875957787414263,-0.12045196686406508,0.5080750026472315
GBPUSD,2023-07-24,1.28511,1.2884,1.27975,1.28236,33,54,0.256009213219103,-0.4170849188007277,-0.2139894639369416,0.511394857013852
GBPUSD,2023-07-25,1.28237,1.29047,1.2809,1.28999,81,15,0.6316429735567735,-0.11463150260845796,0.5942122788274804,0.5232160674043413
GBPUSD,2023-07-26,1.29007,1.29601,1.2875,1.2943,59,26,0.46044013115567806,-0.19921399613974133,0.3278891843078248,0.47691268566897843
GBPUSD,2023-07-27,1.29433,1.29958,1.27816,1.27948,52,162,0.4056152604049954,-1.2492950020473927,-1.1473117365741372,0.5511283264540954
GBPUSD,2023-07-28,1.27962,1.28876,1.27626,1.28442,91,34,0.7142745502571018,-0.26257795282974866,0.3751113611853453,0.5387910522343248
GBPUSD,2023-07-31,1.28517,1.2873,1.2828,1.28352,21,24,0.16573682859078467,-0.18441140082634852,-0.12838768411960513,0.5401361057829422
GBPUSD,2023-08-01,1.28367,1.2841,1.27407,1.2787,4,96,0.033497705796655716,-0.7478557573208108,-0.3871711576963036,0.5481261170591694
GBPUSD,2023-08-02,1.27887,1.28049,1.268,1.27111,16,109,0.12667432968166858,-0.8499691133578813,-0.6067856779813421,0.5659347147401528
GBPUSD,2023-08-03,1.27111,1.27281,1.262,1.27081,17,91,0.13374137564805838,-0.7166964306786944,-0.02360141923200722,0.5620198214966607
GBPUSD,2023-08-04,1.27086,1.27922,1.26834,1.27448,84,25,0.657822262090232,-0.19829092110854676,0.2848464819098844,0.5359006936618868
GBPUSD,2023-08-07,1.27435,1.27889,1.27127,1.278,45,31,0.3562600541452496,-0.24169184290031728,0.28642052811236557,0.5380317219832126
GBPUSD,2023-08-08,1.27811,1.27853,1.26838,1.27433,4,97,0.03286102135182926,-0.7612803279842906,-0.29574919216656753,0.5224934656303182
GBPUSD,2023-08-09,1.27422,1.27819,1.27116,1.2717,40,31,0.31156315235987736,-0.2401469134058358,-0.19776804633421669,0.5078041637296181
GBPUSD,2023-08-10,1.27183,1.28187,1.26688,1.26752,100,50,0.789413679501195,-0.3892029595150303,-0.3388817687898568,0.4197551802396944
GBPUSD,2023-08-11,1.2675,1.27383,1.26655,1.2694,63,10,0.49940828402366444,-0.07495069033530621,0.14990138067061243,0.4248653706309526
GBPUSD,2023-08-14,1.26957,1.27146,1.26162,1.26831,19,80,0.1488693022046793,-0.6261962711784402,-0.09924620146979204,0.42507515011870994
GBPUSD,2023-08-15,1.2683,1.27523,1.26748,1.26997,69,8,0.5464006938421591,-0.06465347315304289,0.1316723172750974,0.42863023214034546
GBPUSD,2023-08-16,1.27,1.27662,1.26866,1.27306,66,13,0.5212598425196906,-0.1055118110236314,0.2409448818897687,0.4091434253524289
GBPUSD,2023-08-17,1.27307,1.27873,1.27023,1.27463,57,28,0.44459456274988796,-0.22308278413598262,0.12253843072258445,0.3964115621885665
GBPUSD,2023-08-18,1.27452,1.27659,1.26887,1.273,21,57,0.16241408530268603,-0.4433041458745374,-0.11926058437687818,0.3964008697653769
GBPUSD,2023-08-21,1.27313,1.2767,1.271,1.27549,36,21,0.28041126986245324,-0.16730420302719967,0.18536991509114684,0.3978794569994865
GBPUSD,2023-08-22,1.27558,1.28004,1.27182,1.27291,45,38,0.3496448674328643,-0.29476787030213597,-0.2093165461985881,0.37094808849548244
GBPUSD,2023-08-23,1.27287,1.27645,1.26143,1.27174,36,114,0.28125417363910993,-0.8987563537517496,-0.08877575871847505,0.35878235031360056
GBPUSD,2023-08-24,1.27181,1.27286,1.25906,1.26039,10,128,0.08255950181237727,-1.0025082362931599,-0.8979328673308282,0.32274650623236983
GBPUSD,2023-08-25,1.26038,1.26544,1.25474,1.25746,51,56,0.4014662244719721,-0.44748409209921525,-0.23167616115774875,0.30570327764076566
GBPUSD,2023-08-28,1.25798,1.26107,1.25652,1.25996,31,15,0.24563188603950897,-0.11605907884068242,0.1573951891126942,0.3114792506166749
GBPUSD,2023-08-29,1.25996,1.2655,1.25624,1.2643,55,37,0.43969649830154134,-0.2952474681735885,0.34445537953585914,0.3184727469768026
GBPUSD,2023-08-30,1.26446,1.27461,1.26184,1.2718,102,26,0.8027142021099999,-0.2072030748303501,0.5804849500972846,0.3218765509023077
GBPUSD,2023-08-31,1.27193,1.27341,1.26522,1.26715,15,67,0.11635860464018663,-0.5275447548214126,-0.37580684471629777,0.33263832211045546
GBPUSD,2023-09-01,1.26713,1.27128,1.2577,1.25856,41,94,0.32751177858624414,-0.7442014631490099,-0.6763315524058453,0.35517304581892273
GBPUSD,2023-09-04,1.25881,1.26423,1.25857,1.26264,54,2,0.4305653752353398,-0.019065625471677058,0.30425560648549027,0.3561270958777469
GBPUSD,2023-09-05,1.26268,1.26317,1.25276,1.25649,5,99,0.03880634840180247,-0.7856305635632091,-0.49022713593308814,0.36527700626393883
GBPUSD,2023-09-06,1.25649,1.25876,1.24815,1.24997,23,83,0.18066200288104114,-0.6637537903206562,-0.5189058408741877,0.3777829337810214
GBPUSD,2023-09-07,1.25008,1.2508,1.24455,1.2471,7,55,0.05759631383590105,-0.4423716882119572,-0.23838474337642251,0.3749768246337548
GBPUSD,2023-09-08,1.24704,1.25144,1.24508,1.2465,44,20,0.3528355144983466,-0.15717218373107214,-0.04330254041570318,0.37103561138183844
GBPUSD,2023-09-11,1.24746,1.25479,1.24678,1.25098,73,7,0.5875939909896958,-0.05451076587626168,0.2821733763006403,0.38054599199497424
GBPUSD,2023-09-12,1.25106,1.25299,1.2459,1.2488,19,52,0.1542691797355832,-0.41245024219462323,-0.18064681150385678,0.3779300589322847
GBPUSD,2023-09-13,1.24882,1.25116,1.24338,1.24895,23,54,0.1873768837782874,-0.43561121698884636,0.010409826876568558,0.37066590731907195
GBPUSD,2023-09-14,1.24893,1.25062,1.2396,1.24081,17,93,0.1353158303507778,-0.7470394657827147,-0.6501565339931082,0.38575396056408773
GBPUSD,2023-09-15,1.2407,1.2446,1.23784,1.23813,39,29,0.31433867977754615,-0.23051503183685523,-0.20714113000725085,0.3859720600822611
GBPUSD,2023-09-18,1.23832,1.24104,1.23698,1.2385,27,13,0.2196524323276563,-0.10821112474967043,0.014535822727554019,0.380069915789484
GBPUSD,2023-09-19,1.2384,1.24248,1.23696,1.23919,41,14,0.329457364341092,-0.11627906976743264,0.06379198966408822,0.38293923437690397
GBPUSD,2023-09-20,1.23911,1.24213,1.23316,1.2342,30,59,0.24372331754243148,-0.4801833574097457,-0.39625214871964315,0.38683846945251305
GBPUSD,2023-09-21,1.23449,1.23449,1.22322,1.22911,0,113,0.0,-0.9129276057319308,-0.4358074994532286,0.3525649004048616
GBPUSD,2023-09-22,1.22924,1.22942,1.22303,1.2239,2,62,0.014643194168742225,-0.5051901988220403,-0.43441476033973203,0.3583769501241007
GBPUSD,2023-09-25,1.22369,1.22501,1.21932,1.22096,13,44,0.10787045738708234,-0.3571165899860247,-0.2230957186869141,0.35154167121008567
GBPUSD,2023-09-26,1.221,1.22154,1.21512,1.21543,5,59,0.04422604422604299,-0.48157248157249033,-0.4561834561834623,0.3358895391664274
GBPUSD,2023-09-27,1.2156,1.21642,1.21101,1.21366,8,46,0.06745640013162578,-0.37759131293189324,-0.15959197104311063,0.2812986145168938
GBPUSD,2023-09-28,1.21364,1.22246,1.21198,1.22028,88,17,0.7267393955373957,-0.13677861639365832,0.5471144655746333,0.32951228577839436
GBPUSD,2023-09-29,1.22028,1.22719,1.21799,1.2197,69,23,0.5662634805126668,-0.18766184810044623,-0.04753007506474128,0.31056331502672874
GBPUSD,2023-10-02,1.21954,1.22199,1.20831,1.20872,24,112,0.20089541958442045,-0.9208390048706949,-0.8872197713892165,0.3298966359088136
GBPUSD,2023-10-03,1.20866,1.21015,1.2052,1.2076,15,35,0.12327701752353774,-0.28626743666539956,-0.08770042857379749,0.3249477149891465
GBPUSD,2023-10-04,1.20746,1.21769,1.20369,1.21374,102,38,0.8472330346346845,-0.3122256637901091,0.5201000447219836,0.3534875143991512
GBPUSD,2023-10-05,1.21373,1.2196,1.21074,1.219,59,30,0.48363309797072185,-0.24634803457111945,0.43419870976247665,0.3759618205558671
GBPUSD,2023-10-06,1.2191,1.22611,1.21053,1.2238,70,86,0.5750143548519367,-0.7029776064309708,0.3855303092445186,0.3922518201975433
GBPUSD,2023-10-09,1.22008,1.22443,1.21627,1.22384,43,38,0.356533997770626,-0.31227460494394554,0.3081765130155388,0.3936099164794736
GBPUSD,2023-10-10,1.2238,1.22914,1.22114,1.22822,53,27,0.4363458081385766,-0.21735577708776815,0.36117012583756253,0.4057963229206941
GBPUSD,2023-10-11,1.22817,1.23375,1.2268,1.2311,56,14,0.4543344976672544,-0.11154807559214876,0.23856632225181362,0.41125735850533557
GBPUSD,2023-10-12,1.23106,1.23315,1.21702,1.21768,21,140,0.16977239127255578,-1.1404805614673577,-1.0868682273812769,0.4538724884031676
GBPUSD,2023-10-13,1.21766,1.22252,1.2122,1.21378,49,55,0.3991261928617255,-0.4484010314866236,-0.3186439564410331,0.45622834757633646
GBPUSD,2023-10-16,1.21435,1.22194,1.21406,1.22118,76,3,0.6250257339317318,-0.023881088648258202,0.5624408119570051,0.47830947847792166
GBPUSD,2023-10-17,1.22119,1.22163,1.21326,1.21847,4,79,0.036030429335320135,-0.6493666014297523,-0.2227335631638038,0.47883560831572475
GBPUSD,2023-10-18,1.21826,1.22113,1.21362,1.214,29,46,0.23558189549030178,-0.38087107842332324,-0.34967905044899533,0.4772758697886514
GBPUSD,2023-10-19,1.21399,1.21917,1.20897,1.21421,52,50,0.4266921473817894,-0.41351246715374945,0.018122060313520625,0.4695759306714259
GBPUSD,2023-10-20,1.21413,1.21702,1.20929,1.216,29,48,0.238030523914248,-0.3986393549290402,0.15401975076804283,0.46226435340809113
GBPUSD,2023-10-23,1.216,1.22588,1.21425,1.22438,99,17,0.8125000000000091,-0.14391447368420382,0.6891447368421098,0.4851413147268184
GBPUSD,2023-10-24,1.22438,1.22887,1.21528,1.21595,45,91,0.3667162155539851,-0.7432333099201316,-0.6885117365523724,0.4999538023111703
GBPUSD,2023-10-25,1.21597,1.2176,1.21048,1.21088,16,55,0.13404935977039073,-0.45149140192603393,-0.41859585351612616,0.5080979438463289
GBPUSD,2023-10-26,1.21091,1.21396,1.2069,1.2128,30,40,0.25187668778026423,-0.3311559075405973,0.15608096390319426,0.493474949388508
GBPUSD,2023-10-27,1.21276,1.21624,1.2105,1.2122,35,23,0.28694877799399116,-0.18635179260530943,-0.04617566542433094,0.4934701982378272
GBPUSD,2023-10-30,1.21208,1.21746,1.20897,1.21663,54,31,0.4438650914131031,-0.2565837238466063,0.37538776318395267,0.45514402065402343
GBPUSD,2023-10-31,1.21656,1.22004,1.21191,1.21482,35,47,0.28605247583349175,-0.3822252909844186,-0.143026237916755,0.456186816941786
GBPUSD,2023-11-01,1.2148,1.21644,1.20953,1.21524,16,53,0.13500164636152978,-0.4338162660520339,0.03621995390187652,0.4423656969799927
GBPUSD,2023-11-02,1.21509,1.22253,1.21501,1.21994,74,1,0.6123003234328231,-0.006583874445520908,0.3991473882593076,0.44071405227753896
GBPUSD,2023-11-03,1.21995,1.23894,1.2184,1.2376,190,16,1.5566211729988801,-0.12705438747490982,1.4467806057625265,0.5397411379968999
GBPUSD,2023-11-06,1.23662,1.24284,1.23375,1.23442,62,29,0.5029839400947658,-0.23208422959358171,-0.17790428749332696,0.5395639789091498
GBPUSD,2023-11-07,1.23443,1.2347,1.2262,1.22996,3,82,0.02187244315189946,-0.6667044708893951,-0.3621104477370101,0.5417913159685256
GBPUSD,2023-11-08,1.22983,1.23017,1.22413,1.22845,3,57,0.027646097428100386,-0.4634786921769707,-0.11221063073757648,0.5397817472958911
GBPUSD,2023-11-09,1.2284,1.23088,1.22122,1.22227,25,72,0.20188863562357848,-0.584500162813413,-0.4990231195050447,0.4915937782981408
GBPUSD,2023-11-10,1.22214,1.22379,1.21867,1.22237,16,35,0.1350090824291758,-0.28392819153289184,0.01881944785376082,0.48492648615572015
GBPUSD,2023-11-13,1.22182,1.22802,1.22103,1.22786,62,8,0.5074397210718423,-0.06465764187849654,0.4943445024635417,0.48130411506049475
GBPUSD,2023-11-14,1.22781,1.2506,1.22649,1.24973,228,13,1.8561503815736853,-0.10750849072739167,1.7852925126851824,0.6148698730814967
GBPUSD,2023-11-15,1.2498,1.24995,1.24033,1.24167,1,95,0.012001920307238954,-0.7577212353976708,-0.6505040806529021,0.6309183911496952
GBPUSD,2023-11-16,1.24146,1.2456,1.23761,1.24141,41,38,0.33347832390894855,-0.3101187311713554,-0.004027515989246977,0.6311329941804658
GBPUSD,2023-11-17,1.24129,1.24649,1.23735,1.24564,52,39,0.4189190277856177,-0.3174117248991013,0.35044187901296847,0.6331716886457227
GBPUSD,2023-11-20,1.24528,1.25176,1.24455,1.25042,65,7,0.5203648978543012,-0.05862135423357778,0.4127585763844392,0.6233222331384636
GBPUSD,2023-11-21,1.25041,1.25593,1.24958,1.25384,55,8,0.44145520269351407,-0.06637822794124394,0.2743100263113734,0.5942014761098766
GBPUSD,2023-11-22,1.25367,1.25493,1.24486,1.2493,13,88,0.10050491756204095,-0.7027367648583746,-0.34857657916357454,0.5907672098138244
GBPUSD,2023-11-23,1.24926,1.25691,1.24878,1.25337,76,5,0.6123625186110124,-0.03842274626579222,0.3289947649008259,0.5918124917611528
GBPUSD,2023-11-24,1.25335,1.26153,1.2524,1.26014,82,10,0.6526508955997986,-0.0757968644033994,0.5417481150516674,0.5946365659597407
GBPUSD,2023-11-27,1.2599,1.26441,1.25905,1.26273,45,9,0.3579649178506242,-0.06746567187872192,0.22462100166679008,0.5933617337862396
GBPUSD,2023-11-28,1.26259,1.27149,1.26063,1.26927,89,20,0.7049002447350214,-0.15523645839109954,0.5290711949247021,0.5918942872876808
GBPUSD,2023-11-29,1.26925,1.27334,1.26644,1.26951,41,28,0.3222375418554207,-0.22139058499113487,0.02048453811305314,0.592181982934274
GBPUSD,2023-11-30,1.26948,1.27108,1.2603,1.26217,16,92,0.12603585720137742,-0.7231307306928795,-0.5758263225887709,0.617430648468754
GBPUSD,2023-12-01,1.26224,1.27161,1.26136,1.27081,94,9,0.7423310939282449,-0.06971732792495816,0.678951704905562,0.5556133767723904
GBPUSD,2023-12-04,1.2696,1.27245,1.26033,1.26326,29,93,0.22448015122873496,-0.730151228733468,-0.4993698802772536,0.5699561357595495
GBPUSD,2023-12-05,1.26316,1.26522,1.25769,1.25923,21,55,0.16308306152822688,-0.4330409449317652,-0.3111244814591967,0.5677469932307398
GBPUSD,2023-12-06,1.25939,1.26134,1.25512,1.25594,19,43,0.15483686546660655,-0.33905303361151,-0.2739421465947763,0.5725542396251211
GBPUSD,2023-12-07,1.25574,1.26126,1.2544,1.25925,55,13,0.4395814420182497,-0.1067099877363243,0.2795164604137721,0.5540716304583979
GBPUSD,2023-12-08,1.25907,1.26013,1.25018,1.25445,11,89,0.08418912371830485,-0.7060767074110131,-0.36693750148918225,0.5659707053789055
GBPUSD,2023-12-11,1.25358,1.25908,1.25287,1.25549,55,7,0.43874343879130656,-0.056637789371239845,0.1523636305620765,0.5599795493254597
GBPUSD,2023-12-12,1.25534,1.26156,1.25136,1.25628,62,40,0.4954832953622218,-0.31704558127677546,0.07488011216086184,0.40169916093876973
GBPUSD,2023-12-13,1.25624,1.26344,1.24998,1.26178,72,63,0.573138890657826,-0.49831242437750206,0.4409985353117142,0.37600305205673923
GBPUSD,2023-12-14,1.2616,1.27939,1.26117,1.27652,178,4,1.4101141407736186,-0.03408370323400067,1.1826252377932818,0.44635490960226354
GBPUSD,2023-12-15,1.27644,1.27904,1.2668,1.26725,26,96,0.2036915170317395,-0.7552254708407832,-0.7199711698160534,0.4843454989902779
GBPUSD,2023-12-18,1.26851,1.27041,1.2628,1.26479,19,57,0.14978202773332594,-0.4501344096617373,-0.2932574437726108,0.48625036707314223
GBPUSD,2023-12-19,1.2646,1.27617,1.26358,1.27321,116,10,0.9149138067373146,-0.08065791554641949,0.6808476988771158,0.5035628206487857
GBPUSD,2023-12-20,1.27317,1.27347,1.26244,1.26376,3,107,0.023563231932906763,-0.8427782621330936,-0.7391000416283701,0.5283171787892175
GBPUSD,2023-12-21,1.26387,1.26958,1.26118,1.26893,57,27,0.45178697176132687,-0.2128383457159424,0.4003576317184396,0.5304110653636825
GBPUSD,2023-12-22,1.26882,1.27442,1.26757,1.2693,56,12,0.4413549597263638,-0.09851673208177467,0.03783042511940511,0.5187297952565915
GBPUSD,2023-12-25,1.2697,1.2715,1.26791,1.2684,18,18,0.1417657714420748,-0.14097818382294702,-0.10238639048594776,0.5179614142160702
GBPUSD,2023-12-26,1.2687,1.27304,1.26831,1.27241,43,4,0.3420824465988816,-0.03074012768975254,0.29242531725389,0.5085737048677643
GBPUSD,2023-12-27,1.27241,1.28024,1.26981,1.27979,78,26,0.6153676880879594,-0.20433665249408098,0.5800017290024396,0.5238782163973555
GBPUSD,2023-12-28,1.27971,1.28275,1.27119,1.27314,30,85,0.2375538207875342,-0.6657758398387027,-0.5133975666361883,0.5201512479406472
GBPUSD,2023-12-29,1.27328,1.27726,1.26999,1.273,40,33,0.3125785373209423,-0.2583877858758494,-0.02199044986177887,0.4986463542778079
GBPUSD,2024-01-01,1.2729,1.273,1.2709,1.2723,1,20,0.007856076675307487,-0.15712153350616717,-0.047136460051844915,0.4841847247617832
GBPUSD,2024-01-02,1.27242,1.27599,1.26103,1.26149,36,114,0.28056773706793753,-0.895144684931077,-0.8589930997626652,0.5191319593804873
GBPUSD,2024-01-03,1.26165,1.26766,1.2611,1.26645,60,5,0.47636032180082205,-0.04359370665397126,0.3804541671620606,0.5209637942010148
GBPUSD,2024-01-04,1.26636,1.27298,1.26564,1.26818,66,7,0.5227581414447764,-0.05685587036860229,0.1437190056540127,0.5185841584742283
GBPUSD,2024-01-05,1.26819,1.27709,1.26106,1.27173,89,71,0.701787587033499,-0.5622185950054691,0.27913798405602464,0.5123025741336361
GBPUSD,2024-01-08,1.27202,1.27671,1.26729,1.27472,47,47,0.36870489457713584,-0.3718494992217026,0.2122608135092331,0.5129995709616825
GBPUSD,2024-01-09,1.27484,1.27648,1.26889,1.27098,16,59,0.12864359449029572,-0.4667252361080528,-0.3027830943490928,0.5197350557895781
GBPUSD,2024-01-10,1.27088,1.2744,1.26858,1.2742,35,23,0.27697343572957067,-0.1809769608460255,0.261236308699483,0.5141707711015444
GBPUSD,2024-01-11,1.27421,1.27824,1.26896,1.27628,40,52,0.31627439746980307,-0.4120199967038382,0.1624535987003725,0.4404374445281359
GBPUSD,2024-01-12,1.27577,1.27856,1.27191,1.27473,28,39,0.2186914569240418,-0.3025623740956422,-0.08151939612940827,0.4081001020519805
GBPUSD,2024-01-15,1.27479,1.27652,1.27126,1.27274,17,35,0.13570862651887833,-0.2769083535327413,-0.1608108002102391,0.40374067568913924
GBPUSD,2024-01-16,1.27263,1.27292,1.26188,1.26365,3,108,0.022787455898424798,-0.8447074169240107,-0.7056253585095423,0.4051583317029853
GBPUSD,2024-01-17,1.26365,1.26962,1.25961,1.26748,60,40,0.4724409448818922,-0.3197087801210813,0.3030902544217149,0.37640213109200266
GBPUSD,2024-01-18,1.26753,1.27082,1.26476,1.27047,33,28,0.25955993152035967,-0.21853526149281982,0.2319471728479754,0.3690912261981722
GBPUSD,2024-01-19,1.27051,1.27146,1.26608,1.27008,10,44,0.074773122604309,-0.3486788769864018,-0.033844676547207846,0.36909849260253924
GBPUSD,2024-01-22,1.26889,1.27327,1.26859,1.27079,44,3,0.3451835856535892,-0.02364271134613457,0.14973717185886978,0.3696897939372546
GBPUSD,2024-01-23,1.27062,1.27471,1.26487,1.26856,41,58,0.32189010089562,-0.45253498292173455,-0.16212557649023096,0.36559043800284063
GBPUSD,2024-01-24,1.26861,1.27748,1.26765,1.27244,89,10,0.6991904525425413,-0.07567337479604228,0.30190523486335435,0.3468069893762662
GBPUSD,2024-01-25,1.27252,1.27425,1.26812,1.27068,17,44,0.13595071197309347,-0.3457705969257993,-0.1445949768962424,0.3286980481302816
GBPUSD,2024-01-26,1.27072,1.27583,1.2675,1.27025,51,32,0.4021342231175985,-0.2533996474439688,-0.036986905061694976,0.3287567286882332
GBPUSD,2024-01-29,1.26952,1.2719,1.26615,1.27086,24,34,0.18747243052492665,-0.26545466002897733,0.10555170458126842,0.32950910214379686
GBPUSD,2024-01-30,1.27061,1.27211,1.26399,1.26983,15,66,0.1180535333422574,-0.5210095938171485,-0.061387837337971755,0.2609207539856531
GBPUSD,2024-01-31,1.26985,1.27507,1.26575,1.26863,52,41,0.4110721738788048,-0.3228727802496352,-0.09607433948891593,0.24992198430799356
GBPUSD,2024-02-01,1.26868,1.27557,1.26248,1.27425,69,62,0.5430841504555965,-0.4886969133272364,0.43903900116657274,0.26593536304521076
GBPUSD,2024-02-02,1.27419,1.27721,1.26136,1.26284,30,128,0.23701331826493874,-1.0069141964699062,-0.8907619742738502,0.3299202966317153
GBPUSD,2024-02-05,1.26332,1.26366,1.25177,1.25324,3,115,0.026913212804357326,-0.9142576702656452,-0.7978976031409373,0.36686573207679585
GBPUSD,2024-02-06,1.25337,1.26033,1.25274,1.25946,70,6,0.5553029033724961,-0.050264486943211534,0.48589004045093853,0.3832249037330379
GBPUSD,2024-02-07,1.25961,1.26417,1.25903,1.2625,46,6,0.3620168147283778,-0.046045998364557514,0.2294360952993434,0.38198837592336987
GBPUSD,2024-02-08,1.26253,1.26388,1.25714,1.26172,13,54,0.10692815220232092,-0.42692054842261223,-0.06415689132139256,0.37907531141740025
GBPUSD,2024-02-09,1.26161,1.26429,1.25986,1.26247,27,17,0.212426978226236,-0.138711646229811,0.06816686614723115,0.3798858252245819
GBPUSD,2024-02-12,1.2621,1.26546,1.26057,1.26285,34,15,0.2662229617304516,-0.12122652721654634,0.059424768243406104,0.37945157232514104
GBPUSD,2024-02-13,1.26283,1.26875,1.25726,1.25916,59,56,0.4687883563108374,-0.4410728284883835,-0.29061710602375934,0.350888054444263
GBPUSD,2024-02-14,1.25916,1.2611,1.2535,1.25655,19,57,0.1540709679468894,-0.44950601988627326,-0.20728104450586113,0.3454195825126866
GBPUSD,2024-02-15,1.25645,1.26025,1.25407,1.25988,38,24,0.30243941263082696,-0.18942257948983635,0.2729913645588797,0.3472109005076712
GBPUSD,2024-02-16,1.25976,1.26245,1.25503,1.25978,27,47,0.21353273639424028,-0.3754683431764702,0.0015876039880539927,0.34730039602180834
GBPUSD,2024-02-19,1.2599,1.26295,1.25829,1.25935,30,16,0.2420827049765852,-0.12778791967617362,-0.04365425827447023,0.34465901062967735
GBPUSD,2024-02-20,1.25912,1.26685,1.25789,1.26221,77,12,0.6139208335980696,-0.09768727365144421,0.24540949234386214,0.34917437373339855
GBPUSD,2024-02-21,1.26217,1.26418,1.2602,1.26372,20,20,0.15924954641609826,-0.15608040121378478,0.12280437658951966,0.3426881612366095
GBPUSD,2024-02-22,1.26372,1.27097,1.2611,1.26594,72,26,0.573703035482542,-0.20732440730540347,0.17567182603742212,0.3445369391378503
GBPUSD,2024-02-23,1.26597,1.27015,1.26479,1.26683,42,12,0.3301815998799221,-0.09320915977471494,0.06793209949681753,0.34496927895221025
GBPUSD,2024-02-26,1.26754,1.26995,1.26562,1.26848,24,19,0.19013206683812925,-0.1514745096801617,0.07415939536426172,0.34449221933773766
GBPUSD,2024-02-27,1.26841,1.26967,1.26599,1.26834,13,24,0.09933696517687805,-0.19079004422860815,-0.005518720287605309,0.34428402122681356
GBPUSD,2024-02-28,1.26852,1.26865,1.2621,1.26615,1,64,0.010248163213821104,-0.5061015987134686,-0.18683189859048208,0.34610385004687116
GBPUSD,2024-02-29,1.26605,1.26817,1.26119,1.26231,21,49,0.16744994273528865,-0.383871095138412,-0.2954069744480751,0.3344731492460602
GBPUSD,2024-03-01,1.26237,1.26638,1.25994,1.2653,40,24,0.3176564715574728,-0.19249506879915812,0.23210310764673583,0.27461327819274545
GBPUSD,2024-03-04,1.26508,1.27065,1.26468,1.26913,56,4,0.4402883612103642,-0.0316185537673472,0.32013785689443425,0.2077524619091704
GBPUSD,2024-03-05,1.26911,1.27348,1.26707,1.27047,44,20,0.34433579437558487,-0.160742567626135,0.10716171175075666,0.1829708453041167
GBPUSD,2024-03-06,1.27043,1.27617,1.26897,1.27309,57,15,0.45181552702628863,-0.11492171941783624,0.20937792715852954,0.18195409066079984
GBPUSD,2024-03-07,1.273,1.2811,1.27226,1.28074,81,7,0.6362922230950508,-0.05813040062843385,0.6080125687352773,0.21932574593040322
GBPUSD,2024-03-08,1.28071,1.28937,1.28007,1.28548,87,6,0.6761874272864185,-0.049972281000380564,0.372449656830972,0.22903549376112162
GBPUSD,2024-03-11,1.28538,1.2862,1.27947,1.28127,8,59,0.06379436431250236,-0.459786211081537,-0.3197498016150911,0.24687229876818714
GBPUSD,2024-03-12,1.28117,1.28233,1.27457,1.27919,12,66,0.09054223873491027,-0.5151541169399798,-0.15454623508198528,0.2380398875417991
GBPUSD,2024-03-13,1.27912,1.28112,1.2774,1.27977,20,17,0.15635749577834776,-0.13446744636937455,0.050816186127966054,0.22845818368975332
GBPUSD,2024-03-14,1.27973,1.2823,1.27302,1.2753,26,67,0.2008236112304909,-0.5243293507224175,-0.3461667695529474,0.24415882374473571
GBPUSD,2024-03-15,1.27524,1.2759,1.27247,1.2739,7,28,0.051754963771533595,-0.21721401461685166,-0.1050782597785434,0.24669482084072353
GBPUSD,2024-03-18,1.27335,1.27467,1.27176,1.27283,13,16,0.10366356461302767,-0.12486747555660112,-0.040837161817259666,0.24663545088464825
GBPUSD,2024-03-19,1.27281,1.27329,1.26673,1.27201,5,61,0.03771183444504961,-0.47768323630393267,-0.06285305740840438,0.2438309935375041
GBPUSD,2024-03-20,1.27214,1.2787,1.26839,1.2783,66,38,0.5156665146917713,-0.2947788765387569,0.4842234345276418,0.262849757630102
GBPUSD,2024-03-21,1.27827,1.28033,1.265,1.26567,21,133,0.16115531147566248,-1.038121836544714,-0.985707244948246,0.3497110121845966
GBPUSD,2024-03-22,1.26572,1.26751,1.25748,1.2601,18,82,0.14142148342445077,-0.6510128622444162,-0.44401605410358996,0.3630500307015641
GBPUSD,2024-03-25,1.25986,1.26524,1.25893,1.26364,54,9,0.42703157493689303,-0.07381772577904493,0.3000333370374579,0.36972958546931817
GBPUSD,2024-03-26,1.26363,1.2668,1.26199,1.26289,32,16,0.25086457269927864,-0.1297848262545275,-0.05856144599289055,0.3698624103509475
GBPUSD,2024-03-27,1.26289,1.26411,1.2605,1.2637,12,24,0.09660382139378718,-0.18924846977964146,0.06413860272866025,0.36800605922840995
GBPUSD,2024-03-28,1.26368,1.26546,1.25855,1.2619,18,51,0.14085844517600302,-0.40595720435552174,-0.14085844517598545,0.3631382689066241
GBPUSD,2024-03-29,1.26205,1.26451,1.26092,1.2623,25,11,0.1949209619270337,-0.08953686462500324,0.019809040846248842,0.3592168451281621
GBPUSD,2024-04-01,1.26258,1.2642,1.2539,1.25519,16,87,0.1283087012308095,-0.687481189310778,-0.5853094457380924,0.3727380487060611
GBPUSD,2024-04-02,1.25527,1.25797,1.25391,1.25788,27,14,0.21509316720704905,-0.10834322496355586,0.20792339496681997,0.37566328398704724
GBPUSD,2024-04-03,1.25789,1.26559,1.2562,1.26496,77,17,0.612136196328776,-0.13435197036306587,0.5620523257200655,0.39602427335557755
GBPUSD,2024-04-04,1.26496,1.26836,1.26325,1.26409,34,17,0.26878320263090116,-0.13518214014673194,-0.06877687832027482,0.3665741173569098
GBPUSD,2024-04-05,1.26409,1.26483,1.2574,1.2636,7,67,0.05854013559160843,-0.5292344690646918,-0.03876306275659799,0.35213938622285657
GBPUSD,2024-04-08,1.26293,1.26641,1.26129,1.26528,35,16,0.2755497137608519,-0.12985676165742246,0.18607523774079734,0.3524135982430056
GBPUSD,2024-04-09,1.26531,1.27093,1.26483,1.26755,56,5,0.4441599291873105,-0.03793536761742466,0.17703171554797006,0.35541034772332747
GBPUSD,2024-04-10,1.26755,1.27078,1.25197,1.25361,32,156,0.25482229497850706,-1.2291428346021795,-1.0997593783282762,0.4258618933422696
GBPUSD,2024-04-11,1.2537,1.25785,1.25103,1.25544,41,27,0.3310201802664015,-0.2129696099545306,0.1387891840153029,0.4248392134163022
GBPUSD,2024-04-12,1.25539,1.25587,1.24263,1.245,5,128,0.03823513011893005,-1.0164172089948227,-0.8276312540326034,0.4570738860701811
GBPUSD,2024-04-15,1.24486,1.24984,1.24355,1.24434,50,13,0.4000449849782292,-0.10523271693203608,-0.04177176549974101,0.4570664206380692
GBPUSD,2024-04-16,1.24449,1.24719,1.24053,1.24258,27,40,0.21695634356241708,-0.3182026372249022,-0.1534765245200908,0.45701635543347013
GBPUSD,2024-04-17,1.24273,1.24817,1.24166,1.24548,54,11,0.43774593033081294,-0.0861007620319703,0.22128700522237577,0.4424131616932103
GBPUSD,2024-04-18,1.24547,1.24845,1.24332,1.24391,30,22,0.23926710398483966,-0.17262559515685613,-0.12525392020683002,0.39382270629380434
GBPUSD,2024-04-19,1.2438,1.24682,1.23663,1.23695,30,72,0.24280430937449932,-0.5764592378195948,-0.5507316288792429,0.3996181768590032
GBPUSD,2024-04-22,1.23678,1.23921,1.2299,1.23495,24,69,0.1964779508077372,-0.5562832516696581,-0.14796487653422583,0.3889785333458633
GBPUSD,2024-04-23,1.23501,1.24585,1.23315,1.24468,108,19,0.8777256864316857,-0.1506060679670588,0.782989611420156,0.4376583958047374
GBPUSD,2024-04-24,1.24467,1.247,1.2422,1.24611,23,25,0.1871982131810171,-0.1984461744880147,0.11569331630071489,0.43864700179533783
GBPUSD,2024-04-25,1.24612,1.25269,1.2454,1.25117,66,7,0.5272365422270878,-0.05777934709336436,0.4052579205854973,0.45073258467327687
GBPUSD,2024-04-26,1.25115,1.2541,1.24486,1.24918,30,63,0.2357830795667992,-0.5027374815169969,-0.15745514127003377,0.4512138877970903
GBPUSD,2024-04-29,1.24917,1.25695,1.24911,1.2561,78,1,0.6228135481960119,-0.004803189317702874,0.5547683661951619,0.45203992107288776
GBPUSD,2024-04-30,1.25606,1.2564,1.24862,1.24938,3,74,0.02706877060013112,-0.5923283919557897,-0.5318217282613903,0.46481916116509986
GBPUSD,2024-05-01,1.24935,1.255,1.24659,1.25211,56,28,0.45223516228438254,-0.2209148757353723,0.22091487573539006,0.4479022538279579
GBPUSD,2024-05-02,1.25231,1.25446,1.24712,1.25313,21,52,0.17168273031436898,-0.41443412573564276,0.06547899481758054,0.4485647434055094
GBPUSD,2024-05-03,1.25326,1.26344,1.2529,1.25444,102,4,0.8122815696662987,-0.028725084978387404,0.09415444520689711,0.4495724924705405
GBPUSD,2024-05-06,1.25448,1.25943,1.25377,1.25634,50,7,0.39458580447675606,-0.05659715579363468,0.1482686053185362,0.44867848157168416
GBPUSD,2024-05-07,1.25637,1.25707,1.25005,1.25074,7,63,0.05571607090267381,-0.5030365258641866,-0.4481163988315563,0.4548221307388123
GBPUSD,2024-05-08,1.25076,1.25087,1.24673,1.24954,1,40,0.008794652851053155,-0.32220409990727233,-0.09754069525728347,0.38485514388697944
GBPUSD,2024-05-09,1.24961,1.25269,1.24452,1.25228,31,51,0.24647690079304513,-0.40732708605085094,0.21366666399916373,0.3868066935630595
GBPUSD,2024-05-10,1.25227,1.25413,1.25022,1.2521,19,20,0.14853026903143673,-0.16370271586797458,-0.013575347169540394,0.3360727184450792
GBPUSD,2024-05-13,1.25211,1.25689,1.2516,1.25578,48,5,0.381755596553019,-0.04073124565733126,0.2931052383576395,0.3407370655116079
GBPUSD,2024-05-14,1.25583,1.25929,1.25089,1.25898,35,49,0.27551499804910046,-0.3933653440354144,0.2508301282816931,0.34036757472231116
GBPUSD,2024-05-15,1.259,1.26865,1.25831,1.26836,97,7,0.7664813343923875,-0.05480540111198232,0.7434471803018297,0.3716038950613842
GBPUSD,2024-05-16,1.26834,1.27008,1.2643,1.26695,17,40,0.13718718955485712,-0.3185265780468994,-0.10959206521910547,0.3711408357515719
GBPUSD,2024-05-17,1.26706,1.27118,1.26444,1.27,41,26,0.3251621864789277,-0.20677789528515356,0.23203321073981836,0.33978923994361
GBPUSD,2024-05-20,1.26948,1.27255,1.26889,1.27069,31,6,0.24183130100514608,-0.04647572234299622,0.09531461700855118,0.3335852607183983
GBPUSD,2024-05-21,1.27043,1.27269,1.2686,1.27098,23,18,0.17789252457830426,-0.14404571680454636,0.04329242854781849,0.2979879525289287
GBPUSD,2024-05-22,1.271,1.27614,1.26998,1.27168,51,10,0.4044059795436778,-0.08025177025962225,0.05350118017309315,0.29820486479761144
GBPUSD,2024-05-23,1.27168,1.27466,1.2685,1.26982,30,32,0.2343356819325603,-0.2500629089078983,-0.14626321087065716,0.2942372721247556
GBPUSD,2024-05-24,1.26987,1.2751,1.26753,1.2736,52,23,0.4118531818217491,-0.1842708308724522,0.2937308543394214,0.29275157366751603
GBPUSD,2024-05-27,1.27367,1.27777,1.2733,1.27678,41,4,0.3219044179418525,-0.029049910887434062,0.2441762779997916,0.2749292964048677
GBPUSD,2024-05-28,1.27679,1.28007,1.27537,1.27622,33,14,0.2568942425927482,-0.11121640990297534,-0.044643206792047356,0.23656384909563485
GBPUSD,2024-05-29,1.27628,1.27718,1.26973,1.27026,9,66,0.07051744131381052,-0.5132102673394596,-0.4716833296768841,0.26760718191930405
GBPUSD,2024-05-30,1.27028,1.27472,1.26805,1.27326,44,22,0.34952923764839244,-0.1755518468369317,0.23459394779103682,0.27005162820957435
GBPUSD,2024-05-31,1.27325,1.27662,1.26999,1.2741,34,33,0.2646770076575767,-0.25603769880228083,0.06675829569998173,0.27004785727170794
GBPUSD,2024-06-03,1.27388,1.28083,1.2694,1.28048,70,45,0.545577291424625,-0.3516814770621894,0.518102176029152,0.2871563444295308
GBPUSD,2024-06-04,1.28052,1.28171,1.27425,1.27698,12,63,0.09293099678254164,-0.4896448317870863,-0.2764501921094632,0.27216143132115805
GBPUSD,2024-06-05,1.27697,1.27953,1.2755,1.27851,26,15,0.2004745608745795,-0.11511625175218372,0.12059797802611627,0.26790698917926675
GBPUSD,2024-06-06,1.27856,1.28091,1.2762,1.27906,24,24,0.18380052559129603,-0.18458265548741692,0.039106494806670555,0.2674366419544108
GBPUSD,2024-06-07,1.27909,1.28177,1.2713,1.27198,27,78,0.2095239584392041,-0.6090267299408144,-0.555863934515941,0.3052610469413979
GBPUSD,2024-06-10,1.27173,1.27373,1.26876,1.2727,20,30,0.15726608635480815,-0.23354013823688338,0.07627405188207523,0.3011620926793377
GBPUSD,2024-06-11,1.27276,1.27517,1.27056,1.27389,24,22,0.18935227379867559,-0.17285269807347653,0.0887834312832015,0.2982167644410433
GBPUSD,2024-06-12,1.27389,1.28604,1.27324,1.27993,122,7,0.9537715187339649,-0.05102481375943287,0.4741382693953203,0.2706457520436608
GBPUSD,2024-06-13,1.27988,1.28076,1.2738,1.27601,9,61,0.06875644591680408,-0.4750445354251855,-0.3023720973841156,0.2798596584325087
GBPUSD,2024-06-14,1.27599,1.27636,1.26566,1.2682,4,103,0.028997092453701162,-0.8095674730993151,-0.610506351930655,0.3109809316797644
GBPUSD,2024-06-17,1.26816,1.27094,1.26586,1.27014,28,23,0.21921524097905665,-0.18136512742871316,0.15613171839516252,0.3122871727730468
GBPUSD,2024-06-18,1.27007,1.27208,1.26687,1.27093,20,32,0.15825899359878332,-0.25195461667467867,0.067712803231307,0.3125127221310912
GBPUSD,2024-06-19,1.2709,1.274,1.26996,1.27195,31,9,0.24392163034071154,-0.07396333307104737,0.08261861672830242,0.312836404231975
GBPUSD,2024-06-20,1.272,1.27235,1.26525,1.26583,4,68,0.02751572327044595,-0.5306603773584933,-0.4850628930817617,0.33003037945351804
GBPUSD,2024-06-21,1.26583,1.26744,1.26218,1.2645,16,36,0.12718927502112362,-0.288348356414363,-0.10506940110441793,0.3224062842176246
GBPUSD,2024-06-24,1.264,1.2698,1.26323,1.26854,58,8,0.45886075949367305,-0.060917721518982386,0.3591772151898725,0.3285971785926958
GBPUSD,2024-06-25,1.26857,1.27025,1.267,1.26863,17,16,0.1324325815682324,-0.12376140063221354,0.004729735056003924,0.3286540467611457
GBPUSD,2024-06-26,1.26863,1.26932,1.2615,1.26225,7,71,0.05438938067049333,-0.5620236002616885,-0.5029047082285482,0.3309489750389021
GBPUSD,2024-06-27,1.26226,1.26706,1.26124,1.26413,48,10,0.38027030881119084,-0.0808074406223774,0.14814697447435857,0.3278965262160663
GBPUSD,2024-06-28,1.26406,1.26633,1.26192,1.2643,23,21,0.17958008322389715,-0.169295761277157,0.018986440517065484,0.3273142827171362
GBPUSD,2024-07-01,1.2646,1.27104,1.26328,1.26466,64,13,0.509251937371501,-0.1043808318835986,0.004744583267432309,0.300777459716609
GBPUSD,2024-07-02,1.26466,1.26879,1.2615,1.26804,41,32,0.32656998719024793,-0.2498695301503827,0.26726551009758837,0.3047161335827465
GBPUSD,2024-07-03,1.26801,1.27772,1.26778,1.27417,97,2,0.7657668314918561,-0.018138658212488425,0.4858005851688822,0.32467289522769704
GBPUSD,2024-07-04,1.27417,1.27675,1.27405,1.27593,26,1,0.20248475478154615,-0.009417895571244027,0.13812913504477298,0.3262829592581597
GBPUSD,2024-07-05,1.27593,1.2817,1.27536,1.28122,58,6,0.45221916562821257,-0.044673297124447224,0.4145995469970936,0.31262254858366584
GBPUSD,2024-07-08,1.28066,1.28455,1.27994,1.28063,39,7,0.30374962909750997,-0.056221011041168764,-0.0023425421267139206,0.31262433521902855
GBPUSD,2024-07-09,1.28064,1.2825,1.27773,1.2787,19,29,0.14523988005996788,-0.22723013493253125,-0.15148675662169328,0.3150612906152322
GBPUSD,2024-07-10,1.27867,1.28491,1.27825,1.28482,62,4,0.4880070698460137,-0.03284662970116331,0.4809685063386253,0.31557917832133386
GBPUSD,2024-07-11,1.28483,1.29493,1.28465,1.29114,101,2,0.7860962150634713,-0.014009635515970748,0.4911155561436173,0.3222668788183907
GBPUSD,2024-07-12,1.29103,1.29907,1.29016,1.29849,80,9,0.6227585726125688,-0.06738805449911515,0.5778332029464863,0.3003305597384434
GBPUSD,2024-07-15,1.29761,1.2995,1.29592,1.29646,19,17,0.14565239170476255,-0.13023944020159905,-0.08862447114310035,0.30385630255873486
GBPUSD,2024-07-16,1.29643,1.29799,1.29377,1.2971,16,27,0.12033044591686445,-0.20517883726848998,0.051680383823264536,0.3039957304888871
GBPUSD,2024-07-17,1.29712,1.30443,1.29656,1.30081,73,6,0.5635561860120827,-0.04317256691748766,0.28447637843838436,0.3063971720967138
GBPUSD,2024-07-18,1.30083,1.30127,1.29386,1.29402,4,70,0.03382455816670864,-0.535811750958997,-0.5235119116256531,0.31048415004961083
GBPUSD,2024-07-19,1.29424,1.29505,1.29006,1.291,8,42,0.06258499196439435,-0.32296946470516075,-0.25033996785759455,0.3175875860063743
GBPUSD,2024-07-22,1.29151,1.29421,1.29052,1.29296,27,10,0.20905761473005605,-0.07665445873435331,0.11227168198466705,0.31216155162042375
GBPUSD,2024-07-23,1.29296,1.2935,1.28873,1.29056,5,42,0.04176463308996294,-0.32715629253806594,-0.1856205915109655,0.3180045316147702
GBPUSD,2024-07-24,1.2908,1.29374,1.28771,1.29074,29,31,0.22776572668112355,-0.23938642702200474,-0.004648280136345598,0.28726071877237674
GBPUSD,2024-07-25,1.29077,1.29132,1.28463,1.28514,6,61,0.04261022490451827,-0.475685056206763,-0.4361737567498489,0.3121818372183807
GBPUSD,2024-07-26,1.28514,1.2878,1.28491,1.28632,27,2,0.2069813405543448,-0.01789688282988254,0.0918187901707175,0.3118049592451417
GBPUSD,2024-07-29,1.28632,1.2888,1.28064,1.2858,25,57,0.19279805958082266,-0.44156974936251536,-0.04042539958951536,0.31260153613073477
GBPUSD,2024-07-30,1.28618,1.28661,1.28196,1.28334,4,42,0.033432334509938766,-0.3281033758882981,-0.220808906995924,0.3167006106925007
GBPUSD,2024-07-31,1.28337,1.28641,1.28206,1.28551,30,13,0.23687634898744353,-0.1020750056491832,0.16674848251089172,0.30187781276054126
GBPUSD,2024-08-01,1.28555,1.2863,1.27266,1.27377,8,129,0.05834078798957866,-1.0026836762475257,-0.9163393100229398,0.3693504856078866
GBPUSD,2024-08-02,1.27377,1.28402,1.27068,1.28001,102,31,0.804697865391701,-0.2425869662497968,0.48988435902871186,0.3742295005368365
GBPUSD,2024-08-05,1.28055,1.28167,1.27098,1.27728,11,96,0.08746241849205497,-0.7473351294365763,-0.25535902541877364,0.37843502169800697
GBPUSD,2024-08-06,1.27728,1.2803,1.26724,1.26885,30,100,0.23643993486158263,-0.786045346361021,-0.6599962420142754,0.40419908025339757
GBPUSD,2024-08-07,1.26889,1.2736,1.26803,1.26915,47,9,0.37119056813435297,-0.06777577252559977,0.02049034983331313,0.38554103640623844
GBPUSD,2024-08-08,1.26921,1.27522,1.26645,1.27452,60,28,0.4735229000717037,-0.2174581038598714,0.4183704824260877,0.3803285539595742
GBPUSD,2024-08-09,1.27442,1.27737,1.27258,1.27568,29,18,0.23147784874686414,-0.14437940396416124,0.09886850488848392,0.35147990130984363
GBPUSD,2024-08-12,1.27563,1.27939,1.27466,1.27609,38,10,0.29475631648675443,-0.07604085824260462,0.036060613187202,0.35265350223153963
GBPUSD,2024-08-13,1.27614,1.28729,1.27601,1.28572,111,1,0.8737285877725008,-0.010186970081649621,0.7507013337094615,0.3986678847979749
GBPUSD,2024-08-14,1.28583,1.28681,1.2815,1.28493,10,43,0.07621536283956518,-0.336747470505428,-0.06999370056695853,0.3907613526500706
GBPUSD,2024-08-15,1.28279,1.28715,1.27984,1.28539,44,30,0.33988415874772326,-0.2299674927306892,0.20268321393212727,0.3798830792992274
GBPUSD,2024-08-16,1.28538,1.2946,1.28487,1.2944,92,5,0.7172976084893188,-0.039676982682164845,0.7017380074374915,0.4096476391445215
GBPUSD,2024-08-19,1.29393,1.2997,1.29368,1.29883,58,3,0.4459282959665556,-0.019320983360775583,0.37869127387106755,0.41723815993588254
GBPUSD,2024-08-20,1.29882,1.30522,1.29738,1.30299,64,14,0.4927549621964522,-0.11086986649421073,0.3210606550561284,0.41894236988325095
GBPUSD,2024-08-21,1.30314,1.31194,1.30104,1.3092,88,21,0.6752919870466827,-0.16114922418159144,0.465030618352591,0.42855506559665246
GBPUSD,2024-08-22,1.30912,1.31299,1.3076,1.30889,39,15,0.29561843070154303,-0.11610853092153246,-0.017569054021018122,0.4120702711171336
GBPUSD,2024-08-23,1.30889,1.32299,1.30855,1.3214,141,3,1.0772486610792351,-0.025976208848719675,0.9557716844043271,0.4544809992734821
GBPUSD,2024-08-26,1.32087,1.3222,1.31794,1.3187,13,29,0.10069121109572125,-0.2218234951206477,-0.16428566020880217,0.45791823827241934
GBPUSD,2024-08-27,1.31858,1.32666,1.31796,1.32542,81,6,0.6127804152952315,-0.0470202793914715,0.5187398565123054,0.4575261612878318
GBPUSD,2024-08-28,1.32559,1.3262,1.31672,1.31918,6,89,0.04601724515121564,-0.6691360073627709,-0.4835582646217931,0.4804571289357686
GBPUSD,2024-08-29,1.31914,1.3227,1.3145,1.31648,36,46,0.269872795912489,-0.35174431826796076,-0.20164652728291801,0.42064588714820195
GBPUSD,2024-08-30,1.31649,1.32,1.31091,1.3126,35,56,0.2666180525488325,-0.42385433994940475,-0.2954826850184923,0.4263507510749552
GBPUSD,2024-09-02,1.3128,1.31549,1.31196,1.31445,27,8,0.20490554539915307,-0.06398537477147714,0.12568555758683192,0.41633722595966044
GBPUSD,2024-09-03,1.31444,1.3149,1.30873,1.31067,5,57,0.03499589178660912,-0.43440552630778917,-0.2868141565990118,0.3850744224918205
GBPUSD,2024-09-04,1.31067,1.3175,1.31007,1.3148,68,6,0.5211075251588799,-0.04577811348393829,0.31510601448114073,0.38453871748295193
GBPUSD,2024-09-05,1.31458,1.31852,1.31368,1.31791,39,9,0.2997154984861958,-0.06846293112630063,0.25331284516726504,0.3811005284534186
GBPUSD,2024-09-06,1.31791,1.32383,1.31097,1.3127,59,69,0.4491960756045669,-0.526591345387769,-0.3953228976181937,0.4020945246151342
GBPUSD,2024-09-09,1.31272,1.3143,1.30672,1.3073,16,60,0.1203607776220302,-0.4570662441343169,-0.41288317386801465,0.4211908036927005
GBPUSD,2024-09-10,1.3073,1.31075,1.30491,1.30761,35,24,0.2639027002218447,-0.18281955174786907,0.023712996251819208,0.39567832686323684
GBPUSD,2024-09-11,1.30771,1.31112,1.30016,1.30433,34,75,0.26076117793701475,-0.5773451300364718,-0.2584670913275832,0.40205038632071893
GBPUSD,2024-09-12,1.30431,1.31272,1.30316,1.31239,84,11,0.6447853654422666,-0.08816922357414911,0.6194846317209762,0.4188007616324985
GBPUSD,2024-09-13,1.31239,1.31577,1.31143,1.3122,34,10,0.2575453942806758,-0.07314898772467406,-0.014477403820504001,0.3953333176814852
GBPUSD,2024-09-16,1.31204,1.3218,1.31188,1.32137,98,2,0.7438797597634211,-0.012194750160068291,0.7111063687082587,0.4153723895349323
GBPUSD,2024-09-17,1.32161,1.32295,1.31456,1.31583,13,70,0.10139148462860594,-0.533440273605678,-0.4373453590696118,0.42750593035655365
GBPUSD,2024-09-18,1.31595,1.32978,1.3156,1.32087,138,3,1.050951783882367,-0.02659675519585474,0.3738743873247491,0.42332499829873504
GBPUSD,2024-09-19,1.32088,1.3314,1.31529,1.32812,105,56,0.7964387378111458,-0.42320271334261883,0.5481194355278234,0.4374840698765574
GBPUSD,2024-09-20,1.32817,1.33402,1.32677,1.3321,58,14,0.44045566456100577,-0.1054081932282816,0.2958958567050896,0.38982884328621226
GBPUSD,2024-09-23,1.33178,1.33593,1.32479,1.33448,42,70,0.3116130291790009,-0.5248614636051039,0.20273618765863333,0.3882554519576992
GBPUSD,2024-09-24,1.33455,1.34158,1.33314,1.34104,70,14,0.526769322992776,-0.10565359109811633,0.4863062455509428,0.3863017328799373
GBPUSD,2024-09-25,1.34101,1.34296,1.3312,1.33203,19,98,0.14541278588525786,-0.7315381689920356,-0.6696445216665042,0.40196721512405986
GBPUSD,2024-09-26,1.33208,1.34341,1.33119,1.34115,113,9,0.8505495165455575,-0.06681280403578128,0.6808900366344465,0.4209766576527958
GBPUSD,2024-09-27,1.34121,1.34273,1.33595,1.3373,15,53,0.11333050007082901,-0.3921831778766966,-0.2915277995243161,0.4207853145764024
GBPUSD,2024-09-30,1.33715,1.3423,1.33499,1.33721,51,22,0.38514751523763135,-0.16153759862395106,0.0044871555173278226,0.42116975011145097
GBPUSD,2024-10-01,1.3373,1.33895,1.32366,1.3282,17,136,0.12338293576610719,-1.01996560233305,-0.6804755851342171,0.4479288632926635
GBPUSD,2024-10-02,1.32822,1.33054,1.32455,1.32645,23,37,0.1746698589089232,-0.2763096474981601,-0.13326105615034026,0.44611355960384014
GBPUSD,2024-10-03,1.32643,1.32721,1.30918,1.31243,8,172,0.058804460092127205,-1.3004832520374228,-1.055464668320229,0.5059730415439087
GBPUSD,2024-10-04,1.3123,1.3175,1.30694,1.3116,52,54,0.3962508572734795,-0.4084431913434452,-0.05334146155604076,0.49834672070944885
GBPUSD,2024-10-07,1.31125,1.31343,1.30589,1.30821,22,54,0.16625357483317985,-0.40877025738799094,-0.23183984747377934,0.49211515701302466
GBPUSD,2024-10-08,1.30821,1.31133,1.30639,1.3105,31,18,0.23849381979957435,-0.13912139488309636,0.17504834850673082,0.49356256318064257
GBPUSD,2024-10-09,1.31028,1.3105,1.3055,1.30683,2,48,0.01679030436243467,-0.36480752205633793,-0.2633025002289551,0.49370401559652644
GBPUSD,2024-10-10,1.30699,1.30937,1.302,1.30553,24,50,0.1820977972287337,-0.3817932807443094,-0.11170705208150151,0.47310047251556636
GBPUSD,2024-10-11,1.30551,1.30829,1.30412,1.3066,28,14,0.21294360058521228,-0.10647180029260614,0.08349227504960019,0.4737023042332518
GBPUSD,2024-10-14,1.30653,1.30718,1.30296,1.3056,7,36,0.04975010141367128,-0.2732428646873836,-0.07118091433031583,0.44150766172167044
GBPUSD,2024-10-15,1.30571,1.31028,1.30349,1.30706,46,22,0.3500011488002668,-0.17002243989859073,0.10339202426267582,0.4335010512997203
GBPUSD,2024-10-16,1.30707,1.30773,1.29764,1.29895,7,94,0.050494617732799695,-0.7214609776064059,-0.6212368121064599,0.44169098052636874
GBPUSD,2024-10-17,1.29892,1.30231,1.29734,1.30102,34,16,0.26098604994918884,-0.12163951590553204,0.16167277430480634,0.4207156268189799
GBPUSD,2024-10-18,1.30112,1.30712,1.30073,1.3048,60,4,0.461141170683719,-0.029974176094450355,0.2828332513526735,0.4200792319074718
GBPUSD,2024-10-21,1.30432,1.30579,1.29766,1.29829,15,67,0.1127024043179651,-0.5106108930323762,-0.46230986261040086,0.4211655715707708
GBPUSD,2024-10-22,1.29828,1.3015,1.29443,1.29796,32,39,0.24802045783652218,-0.29654619958715617,-0.024647995809848257,0.3963656075015342
GBPUSD,2024-10-23,1.29798,1.29948,1.2907,1.29181,15,73,0.11556418434799126,-0.5608715080355594,-0.47535401161805335,0.3854188664462923
GBPUSD,2024-10-24,1.29176,1.29878,1.29084,1.29707,70,9,0.5434446027125802,-0.07122066018455687,0.41106707128258546,0.3586245902108996
GBPUSD,2024-10-25,1.29699,1.29985,1.29554,1.2959,29,15,0.22051056677382727,-0.11179731532241369,-0.08404074048373814,0.35770109153684454
GBPUSD,2024-10-28,1.29601,1.30013,1.29392,1.29669,41,21,0.31789878164519575,-0.16126418777634025,0.052468730951134,0.3589667240194259
GBPUSD,2024-10-29,1.29686,1.3017,1.29576,1.30073,48,11,0.373209135912911,-0.08482025816201277,0.29841309007911726,0.34942558123769774
GBPUSD,2024-10-30,1.30086,1.30432,1.29366,1.29625,35,72,0.26597789154866924,-0.5534800055347904,-0.3543809479882542,0.35396984862561676
GBPUSD,2024-10-31,1.29628,1.29996,1.28434,1.28922,37,119,0.28388928317955264,-0.9210972937945553,-0.5446354182738348,0.2959925617914968
GBPUSD,2024-11-01,1.28929,1.29802,1.2884,1.2926,87,9,0.6771168627694238,-0.0690302414507254,0.2567304485414394,0.305778389460339
GBPUSD,2024-11-04,1.29677,1.29985,1.29338,1.29564,31,34,0.23751320588847458,-0.2614187558317978,-0.08713958527727164,0.30347506564289645
GBPUSD,2024-11-05,1.29557,1.30425,1.29475,1.30405,87,8,0.6699753776329954,-0.06329260479943521,0.6545381569502088,0.3400661050429716
GBPUSD,2024-11-06,1.30408,1.30475,1.28337,1.28792,7,207,0.0513772161217234,-1.5880927550457034,-1.2391877798908006,0.4315382408439696
GBPUSD,2024-11-07,1.28787,1.3009,1.2871,1.29858,130,8,1.0117480801633607,-0.059788643263695825,0.8316056744857786,0.4779318496214306
GBPUSD,2024-11-08,1.29857,1.29891,1.28831,1.2915,3,103,0.02618264706561887,-0.7900998790977718,-0.5444450433938801,0.4897746753569938
GBPUSD,2024-11-11,1.2911,1.29256,1.28555,1.28669,15,55,0.11308186817442623,-0.42986600573154243,-0.34156920455425804,0.4934459163869335
GBPUSD,2024-11-12,1.28664,1.28734,1.27188,1.27468,7,148,0.054405272648131796,-1.1471740346950279,-0.9295529441024661,0.5255577944450354
GBPUSD,2024-11-13,1.27461,1.27694,1.2686,1.27072,23,60,0.1828010136433845,-0.4715167776810217,-0.30519139187672695,0.5149053885916869
GBPUSD,2024-11-14,1.27049,1.27201,1.26293,1.26645,15,76,0.11963887948745665,-0.5950460058717337,-0.3179875481113446,0.5121528796702213
GBPUSD,2024-11-15,1.26648,1.2697,1.25967,1.26184,32,68,0.25424799444128615,-0.5377108205419732,-0.36636978080980176,0.5040426910533705
GBPUSD,2024-11-18,1.26222,1.26865,1.26048,1.26773,64,17,0.5094199109505599,-0.13785235537385343,0.43653245868391616,0.5173119516983212
GBPUSD,2024-11-19,1.2677,1.26893,1.26128,1.26809,12,64,0.09702611027844461,-0.5064289658436611,0.03076437642974603,0.5180743387511692
GBPUSD,2024-11-20,1.2679,1.27145,1.26305,1.26513,35,49,0.27999053553118874,-0.38252228093698404,-0.21847148828771504,0.5122362393823718
GBPUSD,2024-11-21,1.26494,1.266,1.25758,1.2588,11,74,0.08379844103278107,-0.5818457792464491,-0.48539851692570674,0.5026322367901717
GBPUSD,2024-11-22,1.25866,1.25941,1.24868,1.25314,8,100,0.05958718001684557,-0.7929067420907854,-0.4385616449239644,0.505946463130308
GBPUSD,2024-11-25,1.25912,1.26132,1.254,1.25673,22,51,0.17472520490501142,-0.4066332041425768,-0.1898151089650005,0.5029642330998372
GBPUSD,2024-11-26,1.25677,1.26161,1.25065,1.2569,48,61,0.3851142213770185,-0.48696261050151607,0.010343977020454299,0.49216864109591124
GBPUSD,2024-11-27,1.2568,1.26942,1.25654,1.26797,126,3,1.0041374920432906,-0.02068746021641685,0.8887651177593989,0.5479315798966735
GBPUSD,2024-11-28,1.26778,1.2691,1.26447,1.2684,13,33,0.10411901118490495,-0.2610863083500232,0.04890438404140032,0.5411766229828716
GBPUSD,2024-11-29,1.26815,1.27499,1.26715,1.27334,68,10,0.5393683712494545,-0.07885502503647927,0.4092575799392663,0.5477299487504879
GBPUSD,2024-12-02,1.27267,1.2736,1.26167,1.26545,9,110,0.07307471693369824,-0.8643246088931066,-0.5673112432916627,0.557225005117031
GBPUSD,2024-12-03,1.2651,1.26995,1.26361,1.26721,49,15,0.3833689036439824,-0.11777725081021195,0.16678523436882906,0.5310646571158313
GBPUSD,2024-12-04,1.26714,1.27213,1.26295,1.27011,50,42,0.3938002114999172,-0.33066590905503074,0.23438609782661263,0.4717956358869075
GBPUSD,2024-12-05,1.27018,1.27708,1.26923,1.27574,69,10,0.5432300933725854,-0.0747925490875314,0.43773323465965525,0.43869622512991513
GBPUSD,2024-12-06,1.27574,1.2811,1.27206,1.27365,54,37,0.42014830608116144,-0.2884600310408177,-0.16382648502047026,0.42658375397713344
GBPUSD,2024-12-09,1.27354,1.27989,1.27165,1.27494,64,19,0.4986101732179655,-0.1484052326585696,0.10992980196931922,0.42412125308128573
GBPUSD,2024-12-10,1.2748,1.27776,1.27235,1.27699,30,24,0.23219328522121696,-0.19218700972700356,0.17179165359273113,0.37386005052548316
GBPUSD,2024-12-11,1.27698,1.27815,1.27127,1.27504,12,57,0.09162242165107468,-0.44714874156213125,-0.15192093846419308,0.36892948473896825
GBPUSD,2024-12-12,1.27499,1.27879,1.26662,1.26731,38,84,0.2980415532670864,-0.6564757370646035,-0.6023576655503283,0.3869612015073523
GBPUSD,2024-12-13,1.26724,1.26791,1.26078,1.26154,7,65,0.05287080584578852,-0.509769262333884,-0.44979640794165404,0.3914070365742497
GBPUSD,2024-12-16,1.26112,1.26986,1.26068,1.26824,87,4,0.6930347627505685,-0.034889621923369384,0.5645775183963473,0.40015021908409043
GBPUSD,2024-12-17,1.26812,1.27286,1.26656,1.27082,47,16,0.3737816610415567,-0.12301674920354587,0.21291360439076326,0.40318131677171
GBPUSD,2024-12-18,1.27078,1.27258,1.25618,1.25725,18,146,0.14164528872031537,-1.148900675175872,-1.0647004202143597,0.46665544739517884
GBPUSD,2024-12-19,1.25725,1.26668,1.24946,1.25009,94,78,0.7500497116723046,-0.619606283555376,-0.5694969178763217,0.47120908587476523
GBPUSD,2024-12-20,1.25015,1.2614,1.24745,1.25645,112,27,0.8998920129584435,-0.21597408311003852,0.503939527256727,0.47709353262308746
GBPUSD,2024-12-23,1.25667,1.2588,1.25094,1.25331,21,57,0.1694955716297807,-0.4559669602998411,-0.2673732960920552,0.4790289121100189
GBPUSD,2024-12-24,1.25317,1.25745,1.25184,1.2533,43,13,0.34153387010541764,-0.10613085215891152,0.010373692316300705,0.47902895857184574
GBPUSD,2024-12-25,1.2529,1.2556,1.2529,1.2553,27,0,0.21550003990742653,0.0,0.19155559102882752,0.43389259913517736
GBPUSD,2024-12-26,1.25496,1.2551,1.25005,1.25249,1,49,0.011155734047302622,-0.39124752980174426,-0.1968190221202247,0.434758580734851
GBPUSD,2024-12-27,1.2522,1.25925,1.25046,1.25714,70,17,0.5630091039770005,-0.13895543842837205,0.39450567002075904,0.4339483536289096
GBPUSD,2024-12-30,1.25729,1.26071,1.25057,1.25507,34,67,0.27201361658805673,-0.5344828957519792,-0.17657024234664323,0.41801910040840495
GBPUSD,2024-12-31,1.2549,1.25691,1.25051,1.25107,20,44,0.1601721252689511,-0.349828671607291,-0.30520360188062795,0.41951344719447464
GBPUSD,2025-01-01,1.2522,1.2522,1.2509,1.2509,0,13,0.0,-0.10381728158441773,-0.10381728158441773,0.4139797604162579
GBPUSD,2025-01-02,1.25138,1.25404,1.23521,1.23768,27,162,0.2125653278780312,-1.2921734405216656,-1.0947913503492182,0.45438312921731794
GBPUSD,2025-01-03,1.23769,1.2434,1.23722,1.24214,57,5,0.46134330890611575,-0.03797396763324988,0.35954075737867036,0.468361400936113
GBPUSD,2025-01-06,1.24239,1.25509,1.24114,1.25168,127,13,1.022223295422527,-0.10061252907703662,0.747752316100403,0.5053261212919872
GBPUSD,2025-01-07,1.25154,1.25757,1.24755,1.2476,60,40,0.48180641449733763,-0.31880722949327706,-0.31481215142944324,0.5037042579418607
GBPUSD,2025-01-08,1.2476,1.2494,1.23205,1.23617,18,155,0.14427701186277844,-1.2463930747034269,-0.916159025328635,0.5346408484843022
GBPUSD,2025-01-09,1.23604,1.23662,1.22378,1.2304,6,123,0.0469240477654465,-0.9918772855247352,-0.4562959127536398,0.529161192548429
GBPUSD,2025-01-10,1.2304,1.23218,1.21912,1.22044,18,113,0.14466840052016539,-0.9167750325097495,-0.8094928478543538,0.5458598800983263
GBPUSD,2025-01-13,1.22008,1.22101,1.20992,1.21994,9,102,0.07622450986819515,-0.8327322798504972,-0.011474657399517162,0.5199466864431831
GBPUSD,2025-01-14,1.2202,1.22502,1.2137,1.22136,48,65,0.39501721029339837,-0.5326995574495944,0.09506638256024012,0.5157515131353377
GBPUSD,2025-01-15,1.22115,1.23059,1.21573,1.22374,94,54,0.7730418048560878,-0.44384391761863656,0.21209515620522396,0.48082112077229683
GBPUSD,2025-01-16,1.22375,1.22602,1.21743,1.22384,23,63,0.18549540347294927,-0.5164453524003989,0.007354443309511381,0.4706021181641204
GBPUSD,2025-01-17,1.22381,1.22443,1.21604,1.21633,6,78,0.05066145888657903,-0.6349024766916478,-0.6112059878576047,0.4604177261680916
GBPUSD,2025-01-20,1.21717,1.23446,1.216,1.23262,173,12,1.4205082281028782,-0.09612461693930308,1.2693378903522075,0.5595177727630141
GBPUSD,2025-01-21,1.23187,1.23449,1.22472,1.22901,26,71,0.21268478004984834,-0.5804183883039598,-0.23216735532159113,0.5599597568913394
GBPUSD,2025-01-22,1.23535,1.23758,1.23069,1.23154,22,47,0.18051564333994044,-0.3772210304771835,-0.3084146193386384,0.5575272913833501
GBPUSD,2025-01-23,1.23153,1.23753,1.2293,1.23544,60,22,0.4871988502107139,-0.1810755726616448,0.3174912507206548,0.5657236159713855
GBPUSD,2025-01-24,1.23508,1.25018,1.23478,1.24768,151,3,1.2225928684781644,-0.024289924539298423,1.0201768306506416,0.6099000198483787
GBPUSD,2025-01-27,1.24663,1.25231,1.24255,1.2496,57,41,0.45562837409657475,-0.3272823532242816,0.23824230124416543,0.6129723922680876
GBPUSD,2025-01-28,1.24959,1.2498,1.24141,1.24416,2,82,0.016805512208007706,-0.6546147136260755,-0.4345425299498272,0.6165357649684904
GBPUSD,2025-01-29,1.24389,1.24631,1.23928,1.24458,24,46,0.19455096511750145,-0.3706115492527477,0.05547114294672997,0.6168504837257119
GBPUSD,2025-01-30,1.24458,1.24766,1.24072,1.24172,31,39,0.2474730431149441,-0.3101447877998983,-0.22979639717817132,0.5676077925766914
GBPUSD,2025-01-31,1.24125,1.24715,1.23856,1.23919,59,27,0.4753272910372622,-0.21671701913392621,-0.16596173212487014,0.5622213129226621
GBPUSD,2025-02-03,1.229,1.24551,1.22488,1.24499,165,41,1.343368592351489,-0.33523189585029484,1.3010577705451545,0.61358530055706
GBPUSD,2025-02-04,1.2449,1.2493,1.23785,1.24764,44,70,0.35344204353764813,-0.5663105470318902,0.22009799983935954,0.6107326202964076
GBPUSD,2025-02-05,1.24794,1.25497,1.2463,1.25045,70,16,0.5633283651457498,-0.13141657451480726,0.20113146465375034,0.5695296000015478
GBPUSD,2025-02-06,1.25041,1.25093,1.23598,1.24311,5,144,0.04158635967403299,-1.1540214809542424,-0.5838085108084615,0.5765654924079384
GBPUSD,2025-02-07,1.24299,1.24939,1.23758,1.23965,64,54,0.5148874890385249,-0.43524083057789176,-0.2687069083419915,0.5445699621498477
GBPUSD,2025-02-10,1.23708,1.2422,1.2361,1.23657,51,10,0.41387784136838474,-0.07921880557441563,-0.04122611310505468,0.5449441520001328
GBPUSD,2025-02-11,1.23667,1.24545,1.23321,1.24456,88,35,0.7099711321532834,-0.2797836124430947,0.6380036711491486,0.5578932880926669
GBPUSD,2025-02-12,1.24438,1.24835,1.23763,1.24436,40,68,0.3190343785660352,-0.5424388048666833,-0.0016072260885043976,0.5582892029363551
GBPUSD,2025-02-13,1.24427,1.25681,1.24349,1.25645,125,8,1.0078198461748653,-0.06268735885298231,0.9788872190119572,0.5894125406874137
GBPUSD,2025-02-14,1.25644,1.263,1.25493,1.25832,66,15,0.5221100888223791,-0.12018082837221836,0.1496291108210582,0.5602997579902919
GBPUSD,2025-02-17,1.25901,1.26347,1.25772,1.26233,45,13,0.3542465905751448,-0.10246145781209151,0.263699255764449,0.5019534589040058
GBPUSD,2025-02-18,1.2624,1.263,1.25817,1.26115,6,42,0.047528517110260925,-0.335076045627373,-0.09901774397971906,0.4973981322955637
GBPUSD,2025-02-19,1.26114,1.26398,1.25629,1.25852,28,49,0.22519307927749305,-0.3845726882027389,-0.20774854496723955,0.4928703120530722
GBPUSD,2025-02-20,1.25845,1.26711,1.25766,1.26671,87,8,0.6881481187174612,-0.06277563669594091,0.6563629862131936,0.5039945589958812
GBPUSD,2025-02-21,1.26678,1.26785,1.26245,1.26317,11,43,0.08446612671497059,-0.34181152212696325,-0.28497450228138377,0.47368234084908434
GBPUSD,2025-02-24,1.26365,1.26905,1.26117,1.26237,54,25,0.42733351798362457,-0.19625687492581315,-0.10129387092944628,0.4752753758317009
GBPUSD,2025-02-25,1.26242,1.26777,1.26054,1.26645,53,19,0.4237892302086442,-0.14892032762472898,0.3192281491104369,0.4601099566275527
GBPUSD,2025-02-26,1.26612,1.27157,1.2635,1.26743,55,26,0.4304489305911112,-0.20693141250433172,0.1034657062521834,0.45977107997460803
GBPUSD,2025-02-27,1.26729,1.26888,1.25977,1.25985,16,75,0.12546457401226083,-0.5933921991020186,-0.5870795161328594,0.4814236814399334
GBPUSD,2025-02-28,1.26001,1.2622,1.25589,1.25744,22,41,0.1738081443797997,-0.3269815318926138,-0.20396663518544958,0.48270384736367045
GBPUSD,2025-03-03,1.258,1.27243,1.25768,1.26993,144,3,1.1470588235294072,-0.02543720190779793,0.948330683624801,0.4421186685242119
GBPUSD,2025-03-04,1.26985,1.27994,1.26783,1.27931,101,20,0.7945820372485062,-0.1590739063668867,0.7449698783320884,0.4643320010758649
GBPUSD,2025-03-05,1.27927,1.29006,1.27671,1.28942,108,26,0.8434497799526354,-0.20011412758838212,0.7934212480555398,0.487343478304597
GBPUSD,2025-03-06,1.2893,1.2924,1.28655,1.28797,31,27,0.24044054913519763,-0.21329403552313725,-0.10315675172572958,0.459760942494067
GBPUSD,2025-03-07,1.28784,1.29444,1.2873,1.29194,66,5,0.5124860231084559,-0.04193067461796379,0.3183625295067704,0.44786561892377247
GBPUSD,2025-03-10,1.29139,1.29464,1.28612,1.28772,32,53,0.2516668086325568,-0.408087409690342,-0.2841899039020019,0.4583318782138365
GBPUSD,2025-03-11,1.28774,1.29659,1.28718,1.29429,88,6,0.6872505319396619,-0.04348703930918632,0.5086430490626861,0.4527346905661438
GBPUSD,2025-03-12,1.29428,1.29892,1.29132,1.29604,46,30,0.3585004790308107,-0.2286985814506964,0.13598294032203107,0.4506207841933552
GBPUSD,2025-03-13,1.29617,1.29733,1.29205,1.29488,12,41,0.08949443360053463,-0.31785954002948097,-0.09952398219369475,0.416019205621533
GBPUSD,2025-03-14,1.2949,1.29587,1.29106,1.2932,10,38,0.07490925940228106,-0.2965479959842338,-0.13128426905552823,0.4206969214319101
GBPUSD,2025-03-17,1.29294,1.29986,1.29247,1.29864,69,5,0.535214317756434,-0.0363512614661137,0.44085572416353724,0.4253988944485086
GBPUSD,2025-03-18,1.29869,1.30096,1.29512,1.30014,23,36,0.17479152068622955,-0.27489239156379514,0.11165097136346422,0.4216730868765945
GBPUSD,2025-03-19,1.30008,1.3011,1.29548,1.3003,10,46,0.07845671035628737,-0.3538243800381467,0.016922035567050412,0.41446248292053484
GBPUSD,2025-03-20,1.30029,1.30145,1.29356,1.29684,12,67,0.08921086834475771,-0.5175768482415387,-0.2653254274046523,0.40816160715047933
GBPUSD,2025-03-21,1.29684,1.29703,1.28873,1.2911,2,81,0.01465099781005463,-0.6253662749452563,-0.4426143548934393,0.41778307052710345
GBPUSD,2025-03-24,1.29025,1.2974,1.2895,1.29208,72,7,0.5541561712846512,-0.05812826971515648,0.1418329781050183,0.41480210998860695
GBPUSD,2025-03-25,1.29203,1.29667,1.29017,1.2945,46,19,0.359124788124113,-0.14395950558423357,0.191172031609171,0.4126015407268321
GBPUSD,2025-03-26,1.2945,1.2949,1.28711,1.28744,4,74,0.030899961375044877,-0.5708767864040176,-0.5453843182696073,0.4384170535444522
GBPUSD,2025-03-27,1.28744,1.2992,1.28704,1.29512,118,4,0.9134406263592861,-0.031069409059836264,0.5965326539489321,0.4225945770107923
GBPUSD,2025-03-28,1.295,1.29681,1.2922,1.2938,18,28,0.13976833976834668,-0.21621621621620957,-0.09266409266408246,0.4184886588669216
GBPUSD,2025-03-31,1.29285,1.29726,1.2886,1.29156,44,43,0.3411068569439629,-0.3287310979618739,-0.09977955679313248,0.3766914513177966
GBPUSD,2025-04-01,1.2915,1.29407,1.2879,1.29209,26,36,0.19899341850561061,-0.2787456445993068,0.04568331397598671,0.3444370530295999
GBPUSD,2025-04-02,1.29216,1.30249,1.29001,1.29967,103,21,0.7994366022783518,-0.16638806339771192,0.5811973749380981,0.32333597862327945
GBPUSD,2025-04-03,1.29967,1.32074,1.29722,1.3099,211,25,1.6211807612701625,-0.1885093908453733,0.7871228850400456,0.3601477959058083
GBPUSD,2025-04-04,1.31012,1.31135,1.28527,1.28915,12,249,0.09388452966140998,-1.8967728147039995,-1.600616737398096,0.518522136628684
GBPUSD,2025-04-07,1.2839,1.29338,1.27079,1.27195,95,131,0.7383752628709348,-1.021107562894303,-0.93075784718437,0.555964682983668
GBPUSD,2025-04-08,1.27233,1.28146,1.272,1.27629,91,3,0.7175811306815121,-0.02593666737402572,0.31124000848836103,0.5475401374945265
GBPUSD,2025-04-09,1.27629,1.28639,1.27429,1.28176,101,20,0.7913561964757225,-0.15670419732192542,0.42858597967547235,0.5563945610240514
GBPUSD,2025-04-10,1.2817,1.29958,1.28091,1.29657,179,8,1.3950222360926812,-0.061636888507456376,1.1601778887415104,0.6159554600266224
GBPUSD,2025-04-11,1.29665,1.31449,1.29641,1.3085,178,2,1.3758531600663135,-0.018509235337216517,0.9138934947749906,0.6447492236888471
GBPUSD,2025-04-14,1.30913,1.3201,1.30615,1.31824,110,30,0.8379610886619471,-0.2276320915417096,0.6958819979681296,0.6545530073107378
GBPUSD,2025-04-15,1.31823,1.32519,1.31637,1.32222,70,19,0.5279807013950583,-0.14109829089005504,0.3026785917480211,0.6561202021805504
GBPUSD,2025-04-16,1.32222,1.32921,1.32117,1.32415,70,10,0.5286563506829463,-0.07941189817125709,0.14596663187669126,0.6557933167364671
GBPUSD,2025-04-17,1.32415,1.32731,1.32021,1.32629,32,39,0.23864365819582764,-0.29754937129478026,0.1616131102971741,0.6496389412629641
GBPUSD,2025-04-18,1.32631,1.32985,1.32536,1.3294,35,10,0.2669059269703068,-0.07162729678581978,0.23297720744017725,0.6352880539774679
GBPUSD,2025-04-21,1.32841,1.34218,1.32765,1.33762,138,8,1.036577562650073,-0.057211252550048095,0.6933100473498347,0.6458194512045874
GBPUSD,2025-04-22,1.33758,1.34236,1.3288,1.32899,48,88,0.35736180265853307,-0.6564093362639999,-0.6422045784177468,0.6726738904467933
GBPUSD,2025-04-23,1.32911,1.3339,1.32324,1.32606,48,59,0.3603915402036003,-0.44164892296349,-0.2294768679793243,0.6588735027655533
GBPUSD,2025-04-24,1.32539,1.3349,1.32505,1.33341,95,3,0.7175246531209611,-0.025652826715156063,0.6051049125163096,0.6591661984118269
GBPUSD,2025-04-25,1.33316,1.33396,1.32735,1.3314,8,58,0.06000780101414189,-0.4358066548651228,-0.13201716223108884,0.6600606504739459
GBPUSD,2025-04-28,1.33045,1.34442,1.32797,1.34344,140,25,1.0500206696982253,-0.18640309669659258,0.976361381487471,0.6803313423524231
GBPUSD,2025-04-29,1.34343,1.34436,1.338,1.34043,9,54,0.06922578772247884,-0.4041892767021597,-0.2233089926531261,0.6866989463355634
GBPUSD,2025-04-30,1.34049,1.34145,1.33087,1.33235,10,96,0.07161560324956337,-0.7176480242299429,-0.6072406358868799,0.7042544707608127
GBPUSD,2025-05-01,1.33238,1.33453,1.32601,1.3271,22,64,0.1613653762440217,-0.47809183566249774,-0.3962833425899482,0.6978094824409766
GBPUSD,2025-05-02,1.32713,1.33306,1.32604,1.32641,59,11,0.4468288713238335,-0.08213211968682897,-0.05425240933441577,0.5751291314951086
GBPUSD,2025-05-05,1.32648,1.33364,1.32593,1.32885,72,6,0.539774440624799,-0.04146312043906055,0.17866835534647962,0.513512354946848
GBPUSD,2025-05-06,1.32893,1.34025,1.32599,1.33712,113,29,0.8518131128050385,-0.2212306141030711,0.6162852821442921,0.5206552972475352
GBPUSD,2025-05-07,1.33733,1.33772,1.32797,1.3293,4,94,0.02916258515101826,-0.6999020436242224,-0.6004501506733553,0.5511305378374778
GBPUSD,2025-05-08,1.32939,1.33562,1.32361,1.32471,62,58,0.46863599094321134,-0.43478587923785483,-0.35204116173583505,0.5134519693968659
GBPUSD,2025-05-09,1.32483,1.33225,1.32117,1.32976,74,37,0.5600718582761549,-0.27626186001222774,0.3721232158088284,0.48239773546601544
GBPUSD,2025-05-12,1.32695,1.32991,1.31394,1.31697,30,130,0.22306793775197645,-0.980443875051808,-0.752100682015155,0.4947353889083148
GBPUSD,2025-05-13,1.31692,1.33159,1.31665,1.33047,147,3,1.1139628830908452,-0.020502384351364734,1.028915955411107,0.5414262796067506
GBPUSD,2025-05-14,1.33046,1.33602,1.3253,1.32578,56,52,0.417900575740722,-0.38783578611909064,-0.35175803857312643,0.5482321758883525
GBPUSD,2025-05-15,1.32578,1.33194,1.3257,1.32998,62,1,0.46463214107920947,-0.006034183650368686,0.31679464164491705,0.5513386974272141
GBPUSD,2025-05-16,1.32998,1.33325,1.325,1.32773,33,50,0.24586835892269857,-0.3744417209281331,-0.16917547632294194,0.5510320930477339
GBPUSD,2025-05-19,1.32752,1.34036,1.3273,1.33614,128,2,0.9672170664095427,-0.016572255031947467,0.6493310835241708,0.54825875788084
GBPUSD,2025-05-20,1.33599,1.33946,1.33345,1.33849,35,25,0.25973248302757385,-0.19012118354179197,0.18712714915530407,0.5271582043951419
GBPUSD,2025-05-21,1.33847,1.34687,1.33835,1.34158,84,1,0.6275822394226216,-0.008965460563189314,0.23235485292908664,0.5242342701503302
GBPUSD,2025-05-22,1.34157,1.34408,1.33905,1.34176,25,25,0.1870942254224537,-0.18783962074285024,0.014162511087765417,0.5092969021735002
GBPUSD,2025-05-23,1.34188,1.35422,1.3417,1.35344,123,2,0.9196053298357542,-0.013414016156442379,0.8614779264911926,0.5385607043098438
GBPUSD,2025-05-26,1.3526,1.35932,1.35223,1.35615,67,4,0.4968209374537971,-0.02735472423480567,0.2624574892799011,0.4993992776110373
GBPUSD,2025-05-27,1.35617,1.35867,1.34998,1.35095,25,62,0.18434267090408626,-0.4564324531585376,-0.3849074968477405,0.505505355061335
GBPUSD,2025-05-28,1.35094,1.3522,1.34496,1.3466,13,60,0.09326839089819228,-0.44265474410411243,-0.32125779087154205,0.4896552439871507
GBPUSD,2025-05-29,1.3467,1.35072,1.34148,1.34902,40,52,0.29850746268656064,-0.3876141679661396,0.17227296354051383,0.47770915865085506
GBPUSD,2025-05-30,1.34876,1.35106,1.34476,1.34513,23,40,0.1705270025801454,-0.2965687001393876,-0.26913609537649563,0.48362960848533937
GBPUSD,2025-06-02,1.34537,1.35595,1.345,1.35391,106,4,0.7864007670752309,-0.027501728149132317,0.6347696172800041,0.4988159516098388
GBPUSD,2025-06-03,1.35421,1.35591,1.34914,1.35144,17,51,0.12553444443624215,-0.37438801958336654,-0.2045473006402212,0.4883983701879278
GBPUSD,2025-06-04,1.35128,1.35799,1.35008,1.35456,67,12,0.4965662186963467,-0.08880468888757992,0.24273281629269652,0.4635740132850386
GBPUSD,2025-06-05,1.35475,1.36162,1.35402,1.35748,69,7,0.5071046318509064,-0.0538844805314558,0.2015131943163035,0.45098552754863036
GBPUSD,2025-06-06,1.3576,1.3584,1.3504,1.3521,8,72,0.05892751915145359,-0.5303476723629842,-0.4051266941661637,0.4629126270558173
GBPUSD,2025-06-09,1.3522,1.3581,1.3516,1.3547,59,6,0.43632598727998934,-0.044372134299671344,0.18488389291524526,0.4176233276184846
GBPUSD,2025-06-10,1.3555,1.3564,1.3453,1.3494,9,102,0.06639616377721305,-0.7524898561416442,-0.4500184433788266,0.3821422750411858
GBPUSD,2025-06-11,1.3494,1.3567,1.3461,1.3544,73,33,0.5409811768193333,-0.24455313472653467,0.37053505261598607,0.37421443294419243
GBPUSD,2025-06-12,1.3552,1.3623,1.3519,1.3609,71,33,0.5239079102715545,-0.24350649350648307,0.42060212514758255,0.37798836621500637
GBPUSD,2025-06-13,1.3609,1.3632,1.3513,1.3564,23,96,0.1690058049819949,-0.7054155338379052,-0.3306635314865125,0.3859407965594641
GBPUSD,2025-06-16,1.3554,1.3622,1.3527,1.3574,68,27,0.5016969160395558,-0.19920318725099045,0.14755791648221941,0.364287646219802
GBPUSD,2025-06-17,1.3576,1.3584,1.3412,1.3424,8,164,0.05892751915145359,-1.2080141426045943,-1.119622863877422,0.45068974084951097
GBPUSD,2025-06-18,1.343,1.3476,1.3397,1.3418,46,33,0.3425167535368531,-0.24571854058079529,-0.08935219657482263,0.4481828543877563
GBPUSD,2025-06-19,1.3426,1.347,1.338,1.3466,44,46,0.3277223298078325,-0.3426187993445507,0.2979293907343962,0.45322090663554493
GBPUSD,2025-06-20,1.3455,1.3511,1.3438,1.3449,56,17,0.4162021553325938,-0.12634708286880808,-0.04459308807134403,0.40663539469816024
GBPUSD,2025-06-23,1.3414,1.3531,1.3367,1.3522,117,47,0.8722230505442109,-0.3503801997912574,0.8051289697331253,0.4438726586875636
GBPUSD,2025-06-24,1.3507,1.3648,1.3505,1.3614,141,2,1.0439031613237582,-0.014807137040051675,0.7921818316428468,0.46849082084208654
GBPUSD,2025-06-25,1.3614,1.3671,1.3588,1.3663,57,26,0.4186866460996062,-0.19097987365946348,0.3599236080505455,0.4646884238180905
GBPUSD,2025-06-26,1.3662,1.377,1.365,1.3727,108,12,0.790513833992089,-0.08783487044357267,0.47577221490264604,0.4725483536262948
GBPUSD,2025-06-27,1.3731,1.3752,1.3679,1.3714,21,52,0.15293860607384682,-0.3787051198019149,-0.1238074430121648,0.4676487539166726
GBPUSD,2025-06-30,1.3686,1.374,1.3671,1.3733,54,15,0.3945637878123682,-0.10960105217010499,0.34341663013297724,0.4547452249834216
GBPUSD,2025-07-01,1.3733,1.3788,1.3701,1.3745,55,32,0.4004951576494619,-0.23301536445058396,0.0873807616689791,0.4493202779659517
GBPUSD,2025-07-02,1.3742,1.3752,1.356,1.3636,10,182,0.07276961141026705,-1.3244069276670056,-0.7713578809489277,0.4888348274237683
GBPUSD,2025-07-03,1.3636,1.3675,1.3583,1.3652,39,53,0.28600762687005093,-0.38867703138749343,0.11733646230566486,0.4878921267111967
GBPUSD,2025-07-04,1.3656,1.3681,1.3631,1.3652,25,25,0.18306971294670246,-0.1830697129466862,-0.029291154071467193,0.4764043112705109
GBPUSD,2025-07-07,1.3625,1.3657,1.3572,1.3599,32,53,0.23486238532109133,-0.3889908256880794,-0.19082568807338976,0.4791266774042754
GBPUSD,2025-07-08,1.3599,1.3646,1.3523,1.3585,47,76,0.34561364806235206,-0.5588646223987095,-0.10294874623134552,0.46603980766172837
GBPUSD,2025-07-09,1.3585,1.3619,1.3561,1.3586,34,24,0.25027603974972906,-0.17666543982333144,0.007361059992638129,0.4607906384974281
GBPUSD,2025-07-10,1.3586,1.3619,1.353,1.3573,33,56,0.24289709995584283,-0.41218901810687836,-0.09568673634624458,0.453493721228781
GBPUSD,2025-07-11,1.3567,1.3585,1.3479,1.3499,18,88,0.1326748728532486,-0.6486327117269786,-0.501216186334482,0.46209125994811284
GBPUSD,2025-07-14,1.3485,1.3504,1.3421,1.3427,19,64,0.1408972932888404,-0.47460140897293,-0.43010752688172244,0.4715413670162994
GBPUSD,2025-07-15,1.3427,1.3467,1.3376,1.3379,40,51,0.29790720190660636,-0.3798316824309306,-0.357488642287921,0.40301889711978744
GBPUSD,2025-07-16,1.3379,1.3485,1.3361,1.3421,106,18,0.7922864190148697,-0.13453920322894264,0.313924807534194,0.40693484343095837
GBPUSD,2025-07-17,1.3419,1.3429,1.3371,1.3415,10,48,0.07452120128175645,-0.3577017661524806,-0.029808480512719126,0.40290483898099755
GBPUSD,2025-07-18,1.3408,1.3475,1.3402,1.3404,67,6,0.49970167064438603,-0.044749403341283855,-0.029832935560855905,0.40277207208788945
GBPUSD,2025-07-21,1.3393,1.351,1.3391,1.3488,117,2,0.8735906816993985,-0.014933174046141863,0.7093257671918214,0.3935576533443162
GBPUSD,2025-07-22,1.3487,1.3534,1.3459,1.3528,47,28,0.3484837250685791,-0.20760732557276737,0.30399644101727535,0.35706257822492327
GBPUSD,2025-07-23,1.3528,1.3583,1.3512,1.358,55,16,0.4065641632170358,-0.11827321111768523,0.3843879361324729,0.3583898204567379
GBPUSD,2025-07-24,1.3575,1.3588,1.3499,1.3509,13,76,0.09576427255985849,-0.5598526703498954,-0.48618784530386294,0.3562908181766734
GBPUSD,2025-07-25,1.3509,1.3517,1.3413,1.3434,8,96,0.05921977940631519,-0.7106373528758645,-0.5551854319342706,0.3739895230355226
GBPUSD,2025-07-28,1.343,1.3452,1.3348,1.3355,22,82,0.16381236038719135,-0.610573343261354,-0.5584512285927076,0.37643492033896975
GBPUSD,2025-07-29,1.336,1.3363,1.3304,1.3348,3,56,0.022455089820356808,-0.4191616766467103,-0.08982035928144384,0.3736012319442288
GBPUSD,2025-07-30,1.3341,1.3385,1.3224,1.3235,44,117,0.3298103590435469,-0.8769957274567156,-0.7945431376958372,0.37575979465297965
GBPUSD,2025-07-31,1.3233,1.3282,1.3182,1.3205,49,51,0.370286405199133,-0.38540013602356854,-0.2115922315423497,0.3719697538970896
GBPUSD,2025-08-01,1.3205,1.331,1.3138,1.3278,105,67,0.7951533510034043,-0.5073835668307405,0.5528209011738042,0.40238824520471034
GBPUSD,2025-08-04,1.3271,1.333,1.325,1.3283,59,21,0.44457840403888305,-0.15823977092909283,0.09042272624520308,0.40425493348691244
GBPUSD,2025-08-05,1.329,1.3316,1.3256,1.3299,26,34,0.19563581640330593,-0.2558314522197193,0.06772009029346297,0.4058549545318115
GBPUSD,2025-08-06,1.3299,1.3368,1.3278,1.3355,69,21,0.5188360027069634,-0.15790660951951205,0.42108429205202097,0.4210945104630701
GBPUSD,2025-08-07,1.3353,1.3448,1.3342,1.3441,95,11,0.711450610349739,-0.082378491724697,0.6590279337976591,0.45094067000058496
GBPUSD,2025-08-08,1.3439,1.3458,1.3415,1.3449,19,24,0.14137956693206433,-0.178584716124725,0.07441029838528833,0.437247714228693
GBPUSD,2025-08-11,1.3422,1.3476,1.3396,1.3428,54,26,0.40232454179703836,-0.19371181642081342,0.04470272686633392,0.4252949475268045
GBPUSD,2025-08-12,1.3427,1.3523,1.3417,1.3495,96,10,0.7149772845758585,-0.07447680047665986,0.5064422432412242,0.4282178628334225
GBPUSD,2025-08-13,1.3498,1.3584,1.3489,1.3575,86,9,0.6371314268780516,-0.06667654467329404,0.5704548822047576,0.43964113572872954
GBPUSD,2025-08-14,1.3571,1.3594,1.3517,1.3531,23,54,0.1694790361800876,-0.3979073023358685,-0.29474614987841746,0.4470986972040056
GBPUSD,2025-08-15,1.3531,1.3575,1.352,1.3551,44,11,0.32517921809178624,-0.08129480452293836,0.14780873549626797,0.44681263943614047
GBPUSD,2025-08-18,1.3543,1.3565,1.3499,1.3502,22,44,0.1624455438233759,-0.3248910876467518,-0.30273942257993003,0.4283721871083688
GBPUSD,2025-08-19,1.35,1.3531,1.3474,1.349,31,26,0.22962962962962077,-0.19259259259260428,-0.07407407407408236,0.42379962951536343
GBPUSD,2025-08-20,1.3484,1.3509,1.3444,1.3457,25,40,0.1854049243547869,-0.29664787896766565,-0.200237318303185,0.41654284686043413
GBPUSD,2025-08-21,1.3461,1.3482,1.3403,1.3411,21,58,0.1560062402496093,-0.4308743778322582,-0.37144342916574663,0.4105547592698977
GBPUSD,2025-08-22,1.3408,1.3544,1.3387,1.3522,136,21,1.0143198090692167,-0.15662291169451006,0.8502386634844926,0.4330520109468586
GBPUSD,2025-08-25,1.3517,1.3527,1.3442,1.3454,10,75,0.07398091292447377,-0.5548568469334794,-0.46607975142413055,0.42661689364134003
GBPUSD,2025-08-26,1.3454,1.3493,1.3431,1.348,39,23,0.2898766166195938,-0.1709528764679626,0.19325107774640685,0.4261153115414314
GBPUSD,2025-08-27,1.3481,1.3501,1.3414,1.3497,20,67,0.1483569468140347,-0.4969957718270269,0.11868555745121458,0.3739828428345099
GBPUSD,2025-08-28,1.3495,1.353,1.348,1.3512,35,15,0.2593553167839984,-0.1111522786216995,0.12597258243794257,0.36581486271753266
GBPUSD,2025-08-29,1.3508,1.3517,1.3443,1.3503,9,65,0.0666271838910202,-0.48119632810186186,-0.03701510216167789,0.3540010951963768
GBPUSD,2025-09-01,1.3503,1.3549,1.3492,1.3543,46,11,0.3406650373990919,-0.08146337850848706,0.2962304673035624,0.35650096936949727
GBPUSD,2025-09-02,1.3538,1.3549,1.3337,1.3391,11,201,0.08125276998080226,-1.4847097060126893,-1.0858324715615257,0.4467084493246628
GBPUSD,2025-09-03,1.3387,1.3458,1.333,1.3444,71,57,0.5303652797490181,-0.4257862105027294,0.4257862105027294,0.4469103368006951
GBPUSD,2025-09-04,1.3435,1.3459,1.3413,1.3433,24,22,0.17863788611836098,-0.1637513956084838,-0.014886490509860661,0.42411658331875773
GBPUSD,2025-09-05,1.3433,1.3554,1.3425,1.3506,121,8,0.900766768406164,-0.059554827663210894,0.5434378024268656,0.4396550493460161
GBPUSD,2025-09-08,1.3499,1.3556,1.3478,1.3543,57,21,0.42225350025926484,-0.15556707904289138,0.3259500703755803,0.443993614998779
GBPUSD,2025-09-09,1.3544,1.359,1.3514,1.3524,46,30,0.3396337861783769,-0.2215002953337355,-0.1476668635558182,0.4335678152314907
GBPUSD,2025-09-10,1.3527,1.3562,1.351,1.3529,35,17,0.2587417757078479,-0.12567457677238372,0.014785244326160862,0.414507539636024
GBPUSD,2025-09-11,1.3529,1.3582,1.3491,1.3572,53,38,0.3917510532929324,-0.28087811368172266,0.31783576021878707,0.4140296051726722
GBPUSD,2025-09-12,1.3572,1.358,1.3521,1.3556,8,51,0.058944886531103295,-0.37577365163571197,-0.11788977306219024,0.4144144156971851
GBPUSD,2025-09-15,1.3555,1.3619,1.3539,1.3596,64,16,0.47215049797124187,-0.11803762449279409,0.30247141276281764,0.41171698560161535
GBPUSD,2025-09-16,1.36,1.3671,1.3592,1.3647,71,8,0.5220588235294032,-0.05882352941177455,0.3455882352941122,0.41573644335487125
GBPUSD,2025-09-17,1.3646,1.3726,1.3616,1.3625,80,30,0.5862523816503009,-0.219844643118871,-0.15389125018320318,0.4142718279764618
GBPUSD,2025-09-18,1.3625,1.366,1.353,1.3554,35,95,0.2568807339449584,-0.697247706422023,-0.5211009174312005,0.4239656516480801
GBPUSD,2025-09-19,1.3554,1.3559,1.346,1.3466,5,94,0.036889479120567135,-0.6935222074664198,-0.6492548325217589,0.41030839091902066
GBPUSD,2025-09-22,1.3467,1.352,1.3449,1.3512,53,18,0.3935546149847837,-0.1336600579193602,0.3341501447983923,0.4023489053900398
GBPUSD,2025-09-23,1.3512,1.3536,1.3484,1.3522,24,28,0.1776198934280608,-0.20722320899940155,0.07400828892836826,0.40069551962891325
GBPUSD,2025-09-24,1.3522,1.3528,1.3423,1.3444,6,99,0.044372134299654926,-0.7321402159443884,-0.5768377458955797,0.42175334587197166
GBPUSD,2025-09-25,1.3446,1.3467,1.3321,1.334,21,125,0.1561802766622037,-0.9296445039416894,-0.7883385393425512,0.454528918163259
GBPUSD,2025-09-26,1.3342,1.3412,1.3326,1.34,70,16,0.5246589716684077,-0.11992205066706983,0.43471743366811777,0.4675971954947207
GBPUSD,2025-09-29,1.3389,1.3456,1.3387,1.3426,67,2,0.5004107849727335,-0.014937635372318916,0.27634625438793314,0.4668830882737489
GBPUSD,2025-09-30,1.3425,1.3467,1.341,1.3441,42,15,0.3128491620111718,-0.11173184357542322,0.11918063314711701,0.39628481264991283
GBPUSD,2025-10-01,1.345,1.3527,1.3432,1.3477,77,18,0.5724907063197056,-0.13382899628252964,0.20074349442378622,0.3874691409774667
GBPUSD,2025-10-02,1.3477,1.351,1.3397,1.3435,33,80,0.24486161608667217,-0.593603917785858,-0.3116420568375738,0.39433402752910274
GBPUSD,2025-10-03,1.343,1.3486,1.3425,1.3478,56,5,0.4169769173492219,-0.03723008190617609,0.3574087862993401,0.3828970953769712
GBPUSD,2025-10-06,1.3427,1.349,1.3413,1.3482,63,14,0.4692038430029025,-0.10426752066731719,0.4096224026215879,0.3871731591174354
GBPUSD,2025-10-07,1.3484,1.3487,1.3389,1.3422,3,95,0.02224859092257245,-0.70453871254821,-0.45980421239988006,0.39936866253913744
GBPUSD,2025-10-08,1.3422,1.3438,1.3368,1.3404,16,54,0.11920727164357367,-0.4023245417970549,-0.1341081805990183,0.40008117795111403
GBPUSD,2025-10-09,1.3403,1.3419,1.3277,1.3301,16,126,0.11937625904648555,-0.9400880399910426,-0.7610236514213226,0.4231977536412137
GBPUSD,2025-10-10,1.3301,1.337,1.3258,1.3358,69,43,0.5187579881211868,-0.32328396361175626,0.42853920757838043,0.43806702501937983
GBPUSD,2025-10-13,1.3358,1.3366,1.331,1.3332,8,48,0.05988920497079741,-0.35933522982483435,-0.19463991615512483,0.4308400712149379
GBPUSD,2025-10-14,1.3332,1.3352,1.3245,1.3316,20,87,0.15001500150015015,-0.6525652565256473,-0.12001200120012345,0.4191380719903165
GBPUSD,2025-10-15,1.3323,1.3407,1.3313,1.3401,84,10,0.6304886286872298,-0.0750581700818218,0.5854537266381468,0.4460425810443401
GBPUSD,2025-10-16,1.3399,1.3454,1.3389,1.343,55,10,0.4104783939099812,-0.07463243525637077,0.23136054929471456,0.43717760154094193
GBPUSD,2025-10-17,1.3436,1.3471,1.3388,1.3424,35,48,0.2604941947008082,-0.3572491813039532,-0.08931229532598005,0.41247628844642775
GBPUSD,2025-10-20,1.3422,1.3443,1.3397,1.3404,21,25,0.15645954403218526,-0.1862613619430911,-0.1341081805990183,0.4057937575147209
GBPUSD,2025-10-21,1.3404,1.3416,1.3358,1.3366,12,46,0.08952551477170008,-0.34318113995821675,-0.28349746344375004,0.40917315605324633
GBPUSD,2025-10-22,1.337,1.3387,1.3302,1.3355,17,68,0.12715033657442296,-0.5086013462976752,-0.1121914734480222,0.3898525498013905
GBPUSD,2025-10-23,1.3353,1.3362,1.3305,1.3324,9,48,0.06740058413840508,-0.3594697820714383,-0.2171796600014905,0.3491957571359365
GBPUSD,2025-10-24,1.3324,1.3359,1.3284,1.3309,35,40,0.26268387871510496,-0.30021014710297234,-0.11257880516361879,0.3354411715831416
GBPUSD,2025-10-27,1.3296,1.3352,1.3296,1.3335,56,0,0.4211793020457318,0.0,0.2933212996389903,0.3362405301227357
GBPUSD,2025-10-28,1.3335,1.3369,1.3244,1.327,34,91,0.25496812898388227,-0.6824146981627212,-0.4874390701162318,0.3505349312064373
GBPUSD,2025-10-29,1.3268,1.328,1.3137,1.3193,12,131,0.09044317154055546,-0.9873379559843148,-0.565269822128434,0.3638046545917636
GBPUSD,2025-10-30,1.3192,1.3218,1.3114,1.315,26,78,0.197089144936337,-0.5912674348089774,-0.31837477258944674,0.3640295694178038
GBPUSD,2025-10-31,1.315,1.3164,1.3094,1.3151,14,56,0.10646387832700137,-0.42585551330798854,0.0076045627376417485,0.3498217931103645
GBPUSD,2025-11-03,1.3138,1.3162,1.3106,1.3138,24,32,0.18267620642411003,-0.243568275232158,0.0,0.32972461037302964
GBPUSD,2025-11-04,1.3142,1.3145,1.3007,1.3018,3,135,0.022827575711456927,-1.02724090701568,-0.9435397960736545,0.37095937459667516
GBPUSD,2025-11-05,1.3019,1.3054,1.3007,1.3049,35,12,0.26883785236960106,-0.092172977955303,0.23043244488823192,0.3804275153634467
GBPUSD,2025-11-06,1.3044,1.3142,1.3042,1.3136,98,2,0.7513032812020877,-0.015332720024530663,0.7053051211284956,0.3931190574649122
GBPUSD,2025-11-07,1.3135,1.3174,1.3092,1.3157,39,43,0.2969166349448051,-0.3273696231442688,0.16749143509708428,0.38035270133668875
GBPUSD,2025-11-10,1.3148,1.3191,1.3133,1.3173,43,15,0.3270459385457842,-0.11408579251597634,0.19014298752661596,0.3833223101153929
GBPUSD,2025-11-11,1.3171,1.3184,1.3113,1.315,13,58,0.09870169311366479,-0.44036140004555674,-0.15944119656821737,0.38380989651256936
GBPUSD,2025-11-12,1.3148,1.3157,1.3081,1.313,9,67,0.06845147550959256,-0.5095832065713362,-0.13690295101916822,0.3536053083049015
GBPUSD,2025-11-13,1.3125,1.3215,1.3097,1.3189,90,28,0.6857142857142778,-0.21333333333332677,0.4876190476190447,0.3699998961374237
GBPUSD,2025-11-14,1.3187,1.32,1.3105,1.3168,13,82,0.09858193675590195,-0.6218245241525734,-0.14408129218169508,0.3703225392427567
GBPUSD,2025-11-17,1.3135,1.3193,1.3132,1.3155,58,3,0.44156832889227465,-0.022839741149597793,0.1522649409973355,0.3735060107367903
GBPUSD,2025-11-18,1.3155,1.3176,1.3131,1.3142,21,24,0.159635119726356,-0.18244013683009944,-0.09882174078296138,0.3700166519746886
GBPUSD,2025-11-19,1.3144,1.3155,1.304,1.3056,11,104,0.08368837492391044,-0.7912355447352377,-0.669506999391351,0.39485440504466235
GBPUSD,2025-11-20,1.3055,1.3123,1.3034,1.307,68,21,0.5208732286480212,-0.16085790884720128,0.11489850631940518,0.39580516375868874
GBPUSD,2025-11-21,1.307,1.3109,1.3036,1.3094,39,34,0.29839326702371954,-0.2601377199693839,0.18362662586074657,0.39943042750875474
GBPUSD,2025-11-24,1.3096,1.3117,1.3077,1.3103,21,19,0.16035430665852096,-0.14508246792913965,0.05345143555283467,0.3921283524869862
GBPUSD,2025-11-25,1.3103,1.3214,1.3092,1.3166,111,11,0.8471342440662358,-0.08395024040296885,0.4808059223078663,0.3965228666771226
GBPUSD,2025-11-26,1.3164,1.3244,1.3121,1.324,80,43,0.6077180188392591,-0.32664843512609926,0.5773321178972995,0.395091773109976
GBPUSD,2025-11-27,1.3237,1.3268,1.3207,1.3239,31,30,0.23419203747071696,-0.22663745561684018,0.015109163707787109,0.3859234369325749
GBPUSD,2025-11-28,1.3235,1.3254,1.3197,1.3236,19,38,0.14355874574990654,-0.28711749149979626,0.00755572346053729,0.3859237906654863
GBPUSD,2025-12-01,1.3225,1.3275,1.3202,1.3209,50,23,0.37807183364838515,-0.1739130434782585,-0.12098298676748928,0.38786836602551317
GBPUSD,2025-12-02,1.3211,1.3221,1.3176,1.3212,10,35,0.07569449701007584,-0.26493073953522345,0.007569449701005903,0.30941555736419896
GBPUSD,2025-12-03,1.3212,1.3354,1.32,1.3352,142,12,1.0747805025734174,-0.09082652134422252,1.059642749016047,0.37591336437515593
GBPUSD,2025-12-04,1.335,1.3385,1.3319,1.3325,35,31,0.26217228464419917,-0.23220973782770643,-0.18726591760299227,0.3582947901730909
GBPUSD,2025-12-05,1.3325,1.3362,1.3313,1.3329,37,12,0.2776735459662316,-0.09005628517824314,0.030018761726075493,0.35823083887819673
GBPUSD,2025-12-08,1.332,1.3346,1.3302,1.3317,26,18,0.19519519519519035,-0.13513513513513692,-0.02252252252252004,0.3583253377539746
GBPUSD,2025-12-09,1.3319,1.3356,1.3284,1.3296,37,35,0.27779863353103196,-0.26278249117802077,-0.17268563705985365,0.35880600985707173
GBPUSD,2025-12-10,1.3301,1.3388,1.3292,1.3382,87,9,0.6540861589354131,-0.06766408540712149,0.6089767686640098,0.3734454607727631
GBPUSD,2025-12-11,1.338,1.3438,1.3351,1.3386,58,29,0.4334828101644265,-0.21674140508222156,0.04484304932734932,0.363378367123158
GBPUSD,2025-12-12,1.3386,1.3399,1.3339,1.3368,13,47,0.0971163902584849,-0.35111310324218786,-0.13446884805020348,0.36305030389474247
GBPUSD,2025-12-15,1.337,1.3401,1.3353,1.3373,31,17,0.2318623784592448,-0.12715033657442296,0.02243829468960112,0.363161232115572
GBPUSD,2025-12-16,1.3371,1.3455,1.3352,1.342,84,19,0.6282252636302418,-0.14209857153541341,0.36646473711765215,0.36532533503703646
GBPUSD,2025-12-17,1.3422,1.3426,1.3308,1.3375,4,114,0.029801817910889282,-0.8493518104604437,-0.3501713604529987,0.3350358888900181
GBPUSD,2025-12-18,1.3373,1.3446,1.3338,1.3378,73,35,0.5458760188439457,-0.2617213788977669,0.03738876841398093,0.3356581281967821
GBPUSD,2025-12-19,1.3378,1.3393,1.3354,1.3375,15,24,0.1121243833158794,-0.17939901330544025,-0.02242487666319248,0.3369352734780195
GBPUSD,2025-12-22,1.3367,1.3477,1.3365,1.3462,110,2,0.8229221216428442,-0.014962220393504748,0.7107054686915586,0.3617493452532553
GBPUSD,2025-12-23,1.3458,1.3523,1.345,1.3516,65,8,0.48298409867736286,-0.05944419676030122,0.43097042651209727,0.35950032282957
GBPUSD,2025-12-24,1.3496,1.3534,1.3489,1.3502,38,7,0.2815649081209266,-0.05186721991700674,0.04445761707173652,0.3452704277262145
GBPUSD,2025-12-25,1.3502,1.3529,1.3499,1.3523,27,3,0.19997037475928933,-0.0222189305288081,0.15553251370167315,0.34447814090641526
GBPUSD,2025-12-26,1.3516,1.3527,1.3473,1.3495,11,43,0.08138502515537888,-0.3181414619709952,-0.15537141166025384,0.34931419126227653
GBPUSD,2025-12-29,1.3477,1.3515,1.3466,1.3508,38,11,0.2819618609482842,-0.0816205386955464,0.23002151814202737,0.34549012398320705
GBPUSD,2025-12-30,1.3505,1.353,1.3447,1.3466,25,58,0.1851166234727839,-0.4294705664568698,-0.28878193261755014,0.357402069560703
GBPUSD,2025-12-31,1.3464,1.3483,1.3399,1.3473,19,65,0.1411170528817597,-0.4827688651218026,0.06684491978608889,0.2808234470047928
GBPUSD,2026-01-01,1.3471,1.3472,1.3471,1.3472,1,0,0.007423353871278226,0.0,0.007423353871278226,0.27471686779971854
GBPUSD,2026-01-02,1.3464,1.3501,1.3431,1.3456,37,33,0.274806892453954,-0.24509803921569226,-0.059417706476539954,0.2763048861746901
GBPUSD,2026-01-05,1.3453,1.3548,1.3411,1.354,95,42,0.7061621943061075,-0.31219802274585456,0.6466959042592844,0.30297845519551664
GBPUSD,2026-01-06,1.354,1.3567,1.3489,1.35,27,51,0.199409158050216,-0.37666174298375954,-0.29542097488921737,0.3101523523742486
GBPUSD,2026-01-07,1.3498,1.3516,1.3453,1.3457,18,45,0.13335308934655515,-0.33338272336643726,-0.30374870351164723,0.29877696968141787
GBPUSD,2026-01-08,1.3456,1.3465,1.3412,1.3436,9,44,0.06688466111772615,-0.3269916765755024,-0.14863258026159348,0.30232621749072225
GBPUSD,2026-01-09,1.3433,1.345,1.3389,1.3399,17,44,0.12655400878433967,-0.327551552147693,-0.2531080175686628,0.3072197123749878
GBPUSD,2026-01-12,1.3394,1.3485,1.3387,1.3459,91,7,0.6794086904584223,-0.0522622069583338,0.48529192175602304,0.3227042077905408
GBPUSD,2026-01-13,1.3462,1.3494,1.3418,1.3418,32,44,0.23770613578962038,-0.3268459367107383,-0.3268459367107383,0.3258654540352829
GBPUSD,2026-01-14,1.3421,1.3464,1.3416,1.3438,43,5,0.32039341330750093,-0.03725504805902444,0.12666716340064338,0.31376148299152157
GBPUSD,2026-01-15,1.3437,1.3446,1.3359,1.3378,9,78,0.06697923643671377,-0.5804867157847591,-0.4390861055294928,0.33264321211165027
GBPUSD,2026-01-16,1.3377,1.3413,1.3363,1.3381,36,14,0.2691186364655788,-0.10465724751437885,0.029902070718410556,0.33241000039753243
GBPUSD,2026-01-19,1.3365,1.3434,1.3326,1.3424,69,39,0.5162738496071759,-0.2918069584736262,0.4414515525626649,0.30808963363615116
GBPUSD,2026-01-20,1.3414,1.3491,1.3407,1.3435,77,7,0.5740271358282422,-0.052184285075288724,0.15655285522588272,0.29462809021769154
GBPUSD,2026-01-21,1.3437,1.3458,1.3398,1.3425,21,39,0.1562848850189933,-0.29024335789237127,-0.089305648582263,0.2952272801982953
GBPUSD,2026-01-22,1.3429,1.3506,1.34,1.3497,77,29,0.5733859557673722,-0.21595055476952138,0.5063668180802678,0.3147726326287815
GBPUSD,2026-01-23,1.3492,1.3645,1.3479,1.3641,153,13,1.134005336495708,-0.0963533946041993,1.1043581381559544,0.3944456026610381
GBPUSD,2026-01-26,1.3628,1.3713,1.3628,1.3677,85,0,0.6237158790724943,0.0,0.3595538597006094,0.39808754706077343
GBPUSD,2026-01-27,1.3681,1.3867,1.366,1.3846,186,21,1.3595497405160404,-0.15349755134858495,1.2060521891674554,0.4595374398670541
GBPUSD,2026-01-28,1.3844,1.3849,1.3747,1.3805,5,97,0.03611672926899342,-0.7006645478185526,-0.28171048829818074,0.4697942979299878
GBPUSD,2026-01-29,1.3805,1.3847,1.3739,1.3803,42,66,0.30423759507424714,-0.4780876494024021,-0.014487504527343568,0.47015410792797857
GBPUSD,2026-01-30,1.3799,1.3814,1.3676,1.3688,15,123,0.1087035292412535,-0.8913689397782433,-0.8044061163852372,0.5144259427102038
GBPUSD,2026-02-02,1.3685,1.3715,1.362,1.3662,30,65,0.21921812203141333,-0.47497259773474243,-0.168067226890754,0.5013920919084398
GBPUSD,2026-02-03,1.3664,1.3707,1.3647,1.3697,43,17,0.3146955503512859,-0.12441451990632572,0.24151053864167582,0.4954417203562147
GBPUSD,2026-02-04,1.3692,1.3733,1.3639,1.365,41,53,0.2994449313467713,-0.3870873502775404,-0.3067484662576674,0.49556808513669576
GBPUSD,2026-02-05,1.3647,1.3659,1.3515,1.3525,12,132,0.08793141349746228,-0.967245548472199,-0.8939693705576308,0.5405419821323851
GBPUSD,2026-02-06,1.3535,1.3623,1.3506,1.3609,88,29,0.6501662356852709,-0.2142593276689991,0.5467306981898835,0.5461834270593143
GBPUSD,2026-02-09,1.3609,1.37,1.3583,1.369,91,26,0.6686751414505187,-0.1910500404144269,0.5951943566757291,0.55086032949225
GBPUSD,2026-02-10,1.369,1.3696,1.3635,1.364,6,55,0.04382761139517414,-0.4017531044558116,-0.3652300949598169,0.5524883130752593
GBPUSD,2026-02-11,1.364,1.3712,1.3606,1.3625,72,34,0.5278592375366475,-0.24926686217009306,-0.10997067448680768,0.5543629973594282
GBPUSD,2026-02-12,1.3624,1.3671,1.3601,1.362,47,23,0.3449794480328777,-0.1688197298884299,-0.029359953024071926,0.5413659408600723
GBPUSD,2026-02-13,1.3618,1.3659,1.3587,1.3648,41,31,0.30107211044206145,-0.22763988838301372,0.22029666617712687,0.5416272158023596
GBPUSD,2026-02-16,1.3648,1.3662,1.3621,1.3625,14,27,0.10257913247362747,-0.19783118405626646,-0.16852286049237755,0.5394907655434237
GBPUSD,2026-02-17,1.3626,1.3635,1.3493,1.3567,9,133,0.06605019815058717,-0.9760751504476801,-0.4329957434316759,0.5513649113781575
GBPUSD,2026-02-18,1.3556,1.3582,1.3489,1.3491,26,67,0.19179699026262598,-0.4942460902921163,-0.4794924756565322,0.563536969506107
GBPUSD,2026-02-19,1.3502,1.3516,1.3431,1.3462,14,71,0.10368834246777113,-0.5258480225151908,-0.2962524070508075,0.5568355498049591
GBPUSD,2026-02-20,1.3462,1.3514,1.3432,1.3482,52,30,0.3862724706581393,-0.22284950230278663,0.14856633486851892,0.49421015750547104
GBPUSD,2026-02-23,1.3495,1.3535,1.3473,1.3489,40,22,0.29640607632456495,-0.16302334197850907,-0.04446091144867981,0.48468215924680985
GBPUSD,2026-02-24,1.3492,1.3536,1.3467,1.3487,44,25,0.32611918173732285,-0.18529498962347662,-0.037058997924692035,0.38073951836593845
GBPUSD,2026-02-25,1.3487,1.3565,1.3484,1.3556,78,3,0.5783346926670149,-0.022243642025651884,0.5116037665900427,0.40508881293368704
GBPUSD,2026-02-26,1.3556,1.3575,1.3442,1.3481,19,114,0.14015933903806527,-0.8409560342283753,-0.5532605488344526,0.41723037595765805
GBPUSD,2026-02-27,1.3479,1.3507,1.3436,1.3484,28,43,0.20773054380888148,-0.31901476370652065,0.037094739965868755,0.3859767054272539
GBPUSD,2026-03-02,1.3484,1.3484,1.3312,1.3405,0,172,0.0,-1.275585879560969,-0.5858795609611405,0.4020123300747671
GBPUSD,2026-03-03,1.3404,1.3425,1.325,1.3354,21,154,0.1566696508504917,-1.1489107729036168,-0.37302297821546665,0.3979922229567623
GBPUSD,2026-03-04,1.3358,1.3403,1.33,1.3372,45,58,0.3368767779607687,-0.4341967360383311,0.10480610869889548,0.3990562742886262
GBPUSD,2026-03-05,1.3372,1.3387,1.3295,1.3355,15,77,0.11217469338917566,-0.5758300927310829,-0.12713131917439688,0.35410028989963777
GBPUSD,2026-03-06,1.3349,1.3413,1.3308,1.3411,64,41,0.4794366619222385,-0.3071391115439353,0.46445426623717007,0.34694030526051506
GBPUSD,2026-03-09,1.3353,1.3446,1.328,1.3435,93,73,0.6964727027634304,-0.5466936269003118,0.6140942110387168,0.34888509678646407
GBPUSD,2026-03-10,1.3429,1.3483,1.3409,1.3416,54,20,0.4021148261225759,-0.14893141708243368,-0.09680542110358767,0.34223576183168336
GBPUSD,2026-03-11,1.3417,1.3457,1.339,1.3411,40,27,0.2981292390251177,-0.20123723634194865,-0.044719385853762686,0.3420620004852649
GBPUSD,2026-03-12,1.341,1.3412,1.3335,1.3341,2,75,0.014914243102160923,-0.5592841163311009,-0.5145413870246015,0.3567817529968485
GBPUSD,2026-03-13,1.3341,1.3369,1.3215,1.3222,28,126,0.2098793193913435,-0.9444569372610874,-0.8919871074132389,0.39202154398706157
USDJPY,2021-01-14,103.869,104.198,103.53,103.802,3290,3390,0.31674513088601364,-0.32637264246310127,-0.06450432756644722,0.3620588250267108
USDJPY,2021-01-15,103.8,103.914,103.58,103.79,1140,2200,0.10982658959537989,-0.21194605009633802,-0.009633911368006653,0.3444841161719544
USDJPY,2021-01-18,103.777,103.931,103.61,103.687,1540,1670,0.1483951164516187,-0.16092197693130617,-0.0867244187054968,0.3315400637859499
USDJPY,2021-01-19,103.683,104.086,103.62,103.903,4030,630,0.3886847409893537,-0.0607621307253864,0.2121852184061021,0.3203445371383428
USDJPY,2021-01-20,103.899,103.94,103.41,103.536,410,4890,0.03946140001347156,-0.4706493806485186,-0.34937776109490903,0.3274211113413238
USDJPY,2021-01-21,103.538,103.668,103.3,103.485,1300,2380,0.1255577662307652,-0.22986729509938336,-0.051188935463305524,0.31636388737362825
USDJPY,2021-01-22,103.496,103.887,103.445,103.719,3910,510,0.3777923784494139,-0.04927726675427257,0.2154672644353395,0.3090318634949412
USDJPY,2021-01-25,103.769,103.937,103.64,103.745,1680,1290,0.16189806204164264,-0.12431458335341468,-0.023128294577379475,0.29966345515100756
USDJPY,2021-01-26,103.75,103.828,103.52,103.605,780,2300,0.07518072289156912,-0.22168674698795565,-0.13975903614457447,0.2937942159491728
USDJPY,2021-01-27,103.613,104.2,103.56,104.088,5870,530,0.566531226776566,-0.05115188248578583,0.45843668265564586,0.30194661350059687
USDJPY,2021-01-28,104.086,104.463,104.03,104.23,3770,560,0.3622004880579476,-0.053801664008605754,0.1383471360221408,0.29451603603374743
USDJPY,2021-01-29,104.193,104.939,104.169,104.657,7460,240,0.7159790005086667,-0.023034176960065367,0.4453274212279123,0.3055381285453987
USDJPY,2021-02-01,104.716,105.035,104.58,104.934,3190,1360,0.30463348485427505,-0.1298750907215666,0.20818213071546232,0.3062018070665482
USDJPY,2021-02-02,104.922,105.173,104.8,104.974,2510,1220,0.2392253292922407,-0.11627685328148518,0.04956062598883619,0.2842556031658821
USDJPY,2021-02-03,104.954,105.105,104.89,105.028,1510,640,0.14387255369019805,-0.06097909560378161,0.07050707929189196,0.28099180161611864
USDJPY,2021-02-04,105.027,105.567,104.94,105.529,5400,870,0.5141535033848363,-0.08283584221200577,0.47797233092442454,0.2541130531025108
USDJPY,2021-02-05,105.494,105.769,105.3,105.38,2750,1940,0.2606783324170149,-0.18389671450509282,-0.1080630178019644,0.25570738814133964
USDJPY,2021-02-08,105.337,105.672,105.12,105.214,3350,2170,0.3180269041267491,-0.20600548715076256,-0.11676808718684285,0.24866566581604094
USDJPY,2021-02-09,105.205,105.263,104.47,104.58,580,7350,0.05513045957892394,-0.6986359963880039,-0.5940782282210921,0.2626963883908409
USDJPY,2021-02-10,104.555,104.842,104.38,104.58,2870,1750,0.2744966763904088,-0.16737602218928924,0.023910860312745898,0.2620774410363828
USDJPY,2021-02-11,104.584,104.805,104.52,104.733,2210,640,0.21131339401820892,-0.061194829036953224,0.14246921135164164,0.2619100689976234
USDJPY,2021-02-12,104.739,105.181,104.669,104.922,4420,700,0.42200135575095526,-0.06683279389721822,0.17472001833127365,0.2630099651681497
USDJPY,2021-02-15,104.891,105.418,104.861,105.355,5270,300,0.5024263282836477,-0.02860111925713468,0.44236397784366494,0.274124383848906
USDJPY,2021-02-16,105.351,106.079,105.15,106.036,7280,2010,0.6910233410219119,-0.19079078508983627,0.6502074019230973,0.3010886556110698
USDJPY,2021-02-17,106.035,106.225,105.75,105.868,1900,2850,0.17918611779129318,-0.2687791766869398,-0.1574951666902453,0.2886216697988065
USDJPY,2021-02-18,105.868,105.924,105.57,105.678,560,2980,0.05289605924359731,-0.28148260097480055,-0.1794687724335944,0.293894618810962
USDJPY,2021-02-19,105.671,105.743,105.21,105.386,720,4610,0.06813600704070985,-0.4362597117468489,-0.26970502786952977,0.30447167285258064
USDJPY,2021-02-22,105.382,105.845,104.95,105.064,4630,4320,0.439353969368577,-0.4099371809227403,-0.30175931373480486,0.31582692225475983
USDJPY,2021-02-23,105.064,105.429,104.89,105.209,3650,1740,0.3474072946013945,-0.16561334044010545,0.138011117033437,0.3121690661583505
USDJPY,2021-02-24,105.245,106.104,105.16,105.842,8590,850,0.8161907929117722,-0.0807639317782393,0.5672478502541634,0.3198796400683664
USDJPY,2021-02-25,105.859,106.405,105.81,106.187,5460,490,0.5157804249048323,-0.04628798685042593,0.3098461160600449,0.3235197404754345
USDJPY,2021-02-26,106.157,106.693,105.81,106.504,5360,3470,0.5049125352072886,-0.3268743464868018,0.32687434648681524,0.317874093956567
USDJPY,2021-03-01,106.53,106.888,106.34,106.759,3580,1900,0.3360555712006046,-0.17835351544165748,0.21496292124284164,0.3180073062654977
USDJPY,2021-03-02,106.76,106.957,106.64,106.676,1970,1200,0.1845260397152384,-0.11240164855751643,-0.0786811539902615,0.3202159067169614
USDJPY,2021-03-03,106.684,107.153,106.65,106.993,4690,340,0.43961606238986944,-0.031869821154054796,0.28964043342956536,0.3233678230315741
USDJPY,2021-03-04,107.008,107.987,106.94,107.97,9790,680,0.9148848684210519,-0.06354665071770134,0.8989982057416299,0.3609528556106781
USDJPY,2021-03-05,107.964,108.644,107.79,108.277,6800,1740,0.629839576155021,-0.1611648327220114,0.2899114519654722,0.35875923048513264
USDJPY,2021-03-08,108.335,108.943,108.245,108.855,6080,900,0.56122213504408,-0.08307564499006712,0.4799926154982326,0.36121379211342725
USDJPY,2021-03-09,108.827,109.233,108.38,108.477,4060,4470,0.37306918319902777,-0.41074365736444335,-0.32161136482673813,0.33514016679202324
USDJPY,2021-03-10,108.489,108.92,108.3,108.379,4310,1890,0.3972752997999773,-0.17421121035312995,-0.10139276793038873,0.3393957006864913
USDJPY,2021-03-11,108.359,108.812,108.33,108.488,4530,290,0.4180547993244705,-0.026762890022975817,0.1190487176884291,0.3395569636092819
USDJPY,2021-03-12,108.496,109.166,108.46,108.979,6700,360,0.6175342869783234,-0.03318094676301556,0.4451777024037791,0.3449059680933854
USDJPY,2021-03-15,108.987,109.365,108.88,109.146,3780,1070,0.34683035591400824,-0.09817684677989055,0.14588895923367562,0.3397355131051367
USDJPY,2021-03-16,109.142,109.287,108.74,108.991,1450,4020,0.13285444650089814,-0.36832749995418906,-0.1383518718733359,0.32699227278367793
USDJPY,2021-03-17,108.984,109.325,108.71,108.86,3410,2740,0.3128899654995304,-0.25141305145709547,-0.1137781692725494,0.32508270509173615
USDJPY,2021-03-18,108.846,109.303,108.6,108.92,4570,2460,0.4198592506844474,-0.22600738658288713,0.0679859618176121,0.3170521396235149
USDJPY,2021-03-19,108.912,109.131,108.58,108.901,2190,3320,0.20107977082414616,-0.30483325987954296,-0.010099897164692496,0.3040820374575742
USDJPY,2021-03-22,108.597,108.956,108.576,108.828,3590,210,0.33058003443926526,-0.019337550761071482,0.2127130583717863,0.2839327893150265
USDJPY,2021-03-23,108.835,108.873,108.38,108.61,380,4550,0.03491523866404274,-0.41806404189828483,-0.20673496577387268,0.2972245087227569
USDJPY,2021-03-24,108.612,108.957,108.42,108.728,3450,1920,0.31764445917578066,-0.17677604684564605,0.10680219496924802,0.28228248362731967
USDJPY,2021-03-25,108.735,109.238,108.7,109.162,5030,350,0.46259254149997714,-0.032188347818086716,0.39269784338070235,0.2853910727456139
USDJPY,2021-03-26,109.163,109.848,109.1,109.667,6850,630,0.6275019924333357,-0.05771186207781243,0.4616948966224865,0.29129505131194844
USDJPY,2021-03-29,109.711,109.848,109.34,109.829,1370,3710,0.12487353136877839,-0.33816116888916803,0.10755530439062172,0.2911746851618852
USDJPY,2021-03-30,109.816,110.426,109.73,110.354,6100,860,0.5554746120783851,-0.07831281416186942,0.48991039557076993,0.2951584823095873
USDJPY,2021-03-31,110.351,110.967,110.24,110.714,6160,1110,0.5582187746372934,-0.10058812335185383,0.3289503493398334,0.2960509286767226
USDJPY,2021-04-01,110.72,110.847,110.51,110.569,1270,2100,0.11470375722542932,-0.18966763005779783,-0.13638005780346482,0.25136952458610046
USDJPY,2021-04-02,110.577,110.75,110.34,110.67,1730,2370,0.15645206507682594,-0.2143302856832748,0.08410428931875845,0.24872032955571918
USDJPY,2021-04-05,110.644,110.75,109.93,110.14,1060,7140,0.0958027547810948,-0.6453128954123121,-0.4555149849969315,0.265028722240154
USDJPY,2021-04-06,110.138,110.552,109.64,109.77,4140,4980,0.37589206268499653,-0.4521600174326796,-0.33412627794222627,0.2660246777481296
USDJPY,2021-04-07,109.766,109.941,109.55,109.82,1750,2160,0.15943006031011164,-0.1967822458684913,0.049195561467109884,0.26293293158452075
USDJPY,2021-04-08,109.819,109.904,108.97,109.26,850,8490,0.07740008559538308,-0.7730902667115924,-0.5090193864449662,0.2938212565862124
USDJPY,2021-04-09,109.26,109.96,109.18,109.655,7000,800,0.6406736225517011,-0.0732198425773369,0.36152297272560496,0.28843718213778
USDJPY,2021-04-12,109.675,109.771,109.21,109.38,960,4650,0.08753134260314897,-0.4239799407339899,-0.2689765215409179,0.2956464159665072
USDJPY,2021-04-13,109.375,109.754,108.99,109.048,3790,3850,0.34651428571429016,-0.3520000000000047,-0.2989714285714269,0.3024074267651507
USDJPY,2021-04-14,109.048,109.096,108.72,108.919,480,3280,0.04401731347663581,-0.30078497542366933,-0.11829652996845874,0.3025115268762052
USDJPY,2021-04-15,108.932,108.964,108.58,108.725,320,3520,0.029376124554764876,-0.3231373701024528,-0.19002680571366343,0.30567410966488534
USDJPY,2021-04-16,108.724,108.965,108.58,108.75,2410,1440,0.2216621905007171,-0.13244545822450007,0.02391376329053038,0.30568996051264435
USDJPY,2021-04-19,108.743,108.835,107.98,108.144,920,7630,0.08460314686922261,-0.7016543593610541,-0.5508400540724364,0.32543257606035486
USDJPY,2021-04-20,108.144,108.548,107.94,108.071,4040,2040,0.37357597277703464,-0.18863737239237288,-0.06750258914041232,0.323003465396527
USDJPY,2021-04-21,108.079,108.281,107.85,108.058,2020,2290,0.18690032291195552,-0.21188204924175763,-0.019430231589843156,0.3214982848617774
USDJPY,2021-04-22,108.054,108.233,107.78,107.953,1790,2740,0.1656579117848502,-0.2535769152460815,-0.09347178262720407,0.3056477583692313
USDJPY,2021-04-23,107.953,108.146,107.45,107.858,1930,5030,0.17878150676683172,-0.46594351245449417,-0.08800125980750777,0.28022873636275725
USDJPY,2021-04-26,107.907,108.197,107.61,108.076,2900,2970,0.26874994207975966,-0.27523700964719344,0.15661634555681925,0.2822040797239882
USDJPY,2021-04-27,108.08,108.774,108.06,108.699,6940,200,0.6421169504071083,-0.01850481125092156,0.572723908216136,0.2914891373337029
USDJPY,2021-04-28,108.699,109.08,108.54,108.59,3810,1590,0.3505092043165073,-0.14627549471475526,-0.10027691147112178,0.27532812744579976
USDJPY,2021-04-29,108.59,109.223,108.4,108.909,6330,1900,0.5829266046597251,-0.1749700709089214,0.29376554010498446,0.28873962499835015
USDJPY,2021-04-30,108.922,109.373,108.68,109.318,4510,2420,0.414057766107864,-0.22217733791152405,0.36356291658250933,0.30336963288532043
USDJPY,2021-05-03,109.286,109.7,108.86,109.053,4140,4260,0.3788225390260431,-0.38980290247607374,-0.21320205698809006,0.29150292480400564
USDJPY,2021-05-04,109.053,109.488,109.0,109.27,4350,530,0.39888861379329527,-0.04860022191044471,0.19898581423711292,0.28866344259996507
USDJPY,2021-05-05,109.298,109.481,109.11,109.19,1830,1880,0.1674321579534783,-0.1720068070778993,-0.09881242108730634,0.28856146561538065
USDJPY,2021-05-06,109.191,109.428,108.97,109.08,2370,2210,0.21705085583976222,-0.2023976335045962,-0.10165672995027447,0.26668804070955904
USDJPY,2021-05-07,109.063,109.289,108.31,108.582,2260,7530,0.2072196803682267,-0.690426634147236,-0.4410294967129171,0.2679159898519833
USDJPY,2021-05-10,108.612,109.056,108.43,108.846,4440,1820,0.40879460833057363,-0.16756896107243027,0.21544580709314706,0.26916641860610235
USDJPY,2021-05-11,108.844,108.982,108.32,108.605,1380,5240,0.1267869611554199,-0.48142295395244655,-0.2195803167836446,0.2655178910535279
USDJPY,2021-05-12,108.603,109.71,108.58,109.65,11070,230,1.0193088588713013,-0.021178052171667575,0.9640617662495615,0.34396924864099643
USDJPY,2021-05-13,109.662,109.786,109.37,109.451,1240,2920,0.11307472050481955,-0.2662727289307158,-0.19240940343967164,0.34404996191580417
USDJPY,2021-05-14,109.458,109.656,109.16,109.347,1980,2980,0.18089130077290605,-0.2722505435874964,-0.1014087595242049,0.3453083258083401
USDJPY,2021-05-17,109.272,109.502,109.04,109.2,2300,2320,0.21048393000950816,-0.21231422505307793,-0.06589062156819929,0.318839894609722
USDJPY,2021-05-18,109.197,109.284,108.8,108.888,870,3970,0.07967251847578533,-0.363563101550414,-0.28297480700019,0.32650093838985933
USDJPY,2021-05-19,108.884,109.336,108.54,109.184,4520,3440,0.41512067888762183,-0.31593255207376114,0.2755225744829334,0.3304387995738492
USDJPY,2021-05-20,109.177,109.308,108.709,108.76,1310,4680,0.11998864229645458,-0.4286617144636723,-0.3819485789131425,0.34317798240062153
USDJPY,2021-05-21,108.762,109.004,108.58,108.94,2420,1820,0.2225041834464284,-0.1673378569721062,0.16366010187381372,0.34294104483616566
USDJPY,2021-05-24,108.911,108.995,108.67,108.76,840,2410,0.07712719560008005,-0.22128159690022098,-0.1386453159001352,0.34447334934261703
USDJPY,2021-05-25,108.75,109.074,108.53,108.76,3240,2200,0.2979310344827568,-0.2022988505747116,0.00919540229885528,0.3204252138685683
USDJPY,2021-05-26,108.752,109.178,108.69,109.123,4260,620,0.3917169339414465,-0.05701044578490291,0.34114315139032786,0.3277429850151254
USDJPY,2021-05-27,109.121,109.923,109.0,109.832,8020,1210,0.7349639391134674,-0.11088608058943294,0.6515702751990896,0.3518153694724716
USDJPY,2021-05-28,109.832,110.199,109.71,109.8,3670,1220,0.33414669677325776,-0.11107873843688533,-0.029135406803114283,0.34410833988827966
USDJPY,2021-05-31,109.836,109.935,109.32,109.562,990,5160,0.09013438216978381,-0.46979132524855727,-0.24946283550020112,0.3455366622906003
USDJPY,2021-06-01,109.575,109.706,109.3,109.464,1310,2750,0.11955281770476862,-0.2509696554871145,-0.10130047912389159,0.34413795056975094
USDJPY,2021-06-02,109.464,109.884,109.298,109.545,4200,1660,0.3836877877658424,-0.15164803040268657,0.07399693049770067,0.3434091869514473
USDJPY,2021-06-03,109.545,110.32,109.525,110.29,7750,200,0.7074718152357401,-0.018257337167370505,0.6800858094846908,0.37218220679118963
USDJPY,2021-06-04,110.293,110.33,109.33,109.475,370,9630,0.03354700660965966,-0.873128847705664,-0.7416608488299457,0.3985571306787593
USDJPY,2021-06-07,109.477,109.637,109.16,109.25,1600,3170,0.14614941951277124,-0.28955853740969084,-0.20734948893375216,0.40016716473474784
USDJPY,2021-06-08,109.247,109.558,109.16,109.48,3110,870,0.2846760094098758,-0.07963605407929124,0.21327816782154577,0.398092563362745
USDJPY,2021-06-09,109.482,109.657,109.19,109.612,1750,2920,0.15984362726292647,-0.26671050949014596,0.11874098025245744,0.3351706545301745
USDJPY,2021-06-10,109.617,109.796,109.27,109.331,1790,3470,0.16329583914903897,-0.3165567384621075,-0.26090843573533423,0.3376002780040375
USDJPY,2021-06-11,109.329,109.843,109.28,109.635,5140,490,0.470140584840262,-0.04481884952756578,0.27988914194770975,0.34240379726251763
USDJPY,2021-06-14,109.615,110.099,109.58,110.054,4840,350,0.44154540893126754,-0.03192993659626565,0.40049263330749185,0.35217541078606923
USDJPY,2021-06-15,110.059,110.168,109.95,110.028,1090,1090,0.09903778882236698,-0.09903778882235406,-0.028166710582498207,0.3443719645176636
USDJPY,2021-06-16,110.028,110.721,109.77,110.635,6930,2580,0.6298396771730812,-0.23448576725925196,0.5516777547533349,0.3589715289268207
USDJPY,2021-06-17,110.636,110.824,110.13,110.247,1880,5060,0.16992660616797642,-0.45735565277125007,-0.3516034563794749,0.3570318402667913
USDJPY,2021-06-18,110.243,110.484,109.91,110.15,2410,3330,0.21860798418040117,-0.30205999473889356,-0.0843590976297718,0.3578689919253319
USDJPY,2021-06-21,110.212,110.354,109.68,110.301,1420,5320,0.12884259427285225,-0.48270605741661204,0.08075345697383102,0.35492691357658107
USDJPY,2021-06-22,110.275,110.793,110.18,110.66,5180,950,0.4697347540240314,-0.08614826569938686,0.3491271820448795,0.36009736190975017
USDJPY,2021-06-23,110.647,111.106,110.59,110.962,4590,570,0.4148327564235713,-0.05151517890227675,0.2846891465652008,0.35819464787183874
USDJPY,2021-06-24,110.959,111.116,110.66,110.857,1570,2990,0.14149370488198026,-0.26946890292811454,-0.09192584648383985,0.33365978293184423
USDJPY,2021-06-25,110.855,110.983,110.45,110.76,1280,4050,0.11546614947453891,-0.365342113571784,-0.08569753281313325,0.33455387863206704
USDJPY,2021-06-28,110.768,110.977,110.47,110.598,2090,2980,0.18868265202946988,-0.26903076700852396,-0.15347392748808475,0.33082763662026976
USDJPY,2021-06-29,110.604,110.76,110.4,110.55,1560,2040,0.1410437235543072,-0.184441792340235,-0.048822827384183254,0.3298017615041274
USDJPY,2021-06-30,110.538,111.122,110.39,111.073,5840,1480,0.5283251008702918,-0.13389060775479575,0.483996453708224,0.3438832145197387
USDJPY,2021-07-01,111.076,111.64,110.99,111.524,5640,860,0.5077604523029342,-0.07742446613129617,0.40332745147467275,0.32294853502181575
USDJPY,2021-07-02,111.523,111.658,110.92,111.04,1350,6030,0.12105126296818156,-0.5406956412578522,-0.4330945186194685,0.28837622101893545
USDJPY,2021-07-05,111.003,111.19,110.76,110.97,1870,2430,0.168463915389672,-0.2189130023512833,-0.029728926245237743,0.2820168288915904
USDJPY,2021-07-06,110.961,110.965,110.49,110.624,40,4710,0.0036048701796170626,-0.4244734636493936,-0.3037103126323693,0.2926421835935925
USDJPY,2021-07-07,110.622,110.815,110.36,110.625,1930,2620,0.17446800817197108,-0.2368425810417462,0.002711937950859787,0.2924424722879051
USDJPY,2021-07-08,110.633,110.673,109.5,109.747,400,11330,0.036155577449772,-1.0241067312646277,-0.8008460405123207,0.34303193657171993
USDJPY,2021-07-09,109.752,110.26,109.715,110.029,5080,370,0.4628617246155057,-0.033712369706239455,0.2523872002332541,0.34199417595381554
USDJPY,2021-07-12,110.115,110.403,109.95,110.331,2880,1650,0.261544748671853,-0.1498433455932362,0.19615856150388974,0.33295831759024835
USDJPY,2021-07-13,110.332,110.648,110.17,110.607,3160,1620,0.2864082949642919,-0.14682956893738167,0.249247725048042,0.337052355486826
USDJPY,2021-07-14,110.606,110.7,109.908,109.955,940,6980,0.08498634793773241,-0.6310688389418235,-0.5885756649729638,0.33944462092651534
USDJPY,2021-07-15,109.952,110.089,109.68,109.81,1370,2720,0.12459982537834734,-0.2473806752037174,-0.12914726426076462,0.33203536084462815
USDJPY,2021-07-16,109.809,110.343,109.7,110.066,5340,1090,0.4862989372455865,-0.09926326621678976,0.2340427469515295,0.33650875609763753
USDJPY,2021-07-19,110.012,110.098,109.03,109.453,860,9820,0.07817329018652376,-0.8926298949205534,-0.5081263862124109,0.35379782882120714
USDJPY,2021-07-20,109.453,109.957,109.3,109.847,5040,1530,0.46047161795473,-0.13978602687912237,0.35997186006778364,0.35442669077362426
USDJPY,2021-07-21,109.849,110.387,109.77,110.278,5380,790,0.4897632204207564,-0.07191690411383601,0.3905360995548453,0.36020001580432476
USDJPY,2021-07-22,110.277,110.359,109.98,110.128,820,2970,0.07435820706039667,-0.26932179874316226,-0.1351143030731711,0.36071964608250123
USDJPY,2021-07-23,110.127,110.593,110.06,110.51,4660,670,0.4231478202439077,-0.06083884969171326,0.34778029002879385,0.3702332584058103
USDJPY,2021-07-26,110.499,110.584,110.09,110.362,850,4090,0.0769237730658268,-0.3701390962814069,-0.123983022470792,0.36969229230790973
USDJPY,2021-07-27,110.363,110.387,109.55,109.755,240,8130,0.021746418636681596,-0.7366599313175634,-0.5509092721292499,0.38907454550609283
USDJPY,2021-07-28,109.767,110.289,109.71,109.93,5220,570,0.4755527617590037,-0.051928175134605264,0.14849636047264744,0.37243540153229115
USDJPY,2021-07-29,109.917,109.947,109.39,109.48,300,5270,0.027293321324272986,-0.4794526779297115,-0.3975727139568926,0.36398349348964376
USDJPY,2021-07-30,109.457,109.828,109.33,109.615,3710,1270,0.3389458874261211,-0.11602729839114478,0.14434892240788735,0.35827465337144543
USDJPY,2021-08-02,109.621,109.771,109.15,109.297,1500,4710,0.13683509546529013,-0.4296621997609851,-0.2955638062050137,0.3619230083066996
USDJPY,2021-08-03,109.301,109.341,108.84,109.037,400,4610,0.03659618850695972,-0.42177107254279333,-0.24153484414597834,0.36012118476483135
USDJPY,2021-08-04,109.037,109.676,108.69,109.47,6390,3470,0.5860396012362737,-0.3182405972284714,0.3971129066280187,0.37493788985268384
USDJPY,2021-08-05,109.465,109.788,109.37,109.753,3230,950,0.2950714840359871,-0.0867857305988205,0.26309779381537174,0.33671076671861516
USDJPY,2021-08-06,109.747,110.357,109.67,110.233,6100,770,0.5558238493990719,-0.07016137115365174,0.4428367062425435,0.34674874777088405
USDJPY,2021-08-09,110.212,110.353,109.99,110.305,1410,2220,0.12793525205965878,-0.2014299713279937,0.08438282582659196,0.3444864195734524
USDJPY,2021-08-10,110.31,110.599,110.25,110.545,2890,600,0.26198894025927066,-0.054392167527878045,0.21303598948418043,0.34322556821054656
USDJPY,2021-08-11,110.544,110.801,110.28,110.4,2570,2640,0.2324866116659475,-0.23881893182804656,-0.13026487190620137,0.3158773260296605
USDJPY,2021-08-12,110.41,110.546,110.28,110.412,1360,1300,0.12317724843765047,-0.11774295806538851,0.0018114301240916128,0.3138499652648417
USDJPY,2021-08-13,110.415,110.458,109.51,109.57,430,9050,0.03894398406012965,-0.8196350133586932,-0.7652945704840945,0.3566581734177552
USDJPY,2021-08-16,109.614,109.751,109.08,109.277,1370,5340,0.12498403488605511,-0.4871640483879851,-0.30744247997518864,0.34476033481808716
USDJPY,2021-08-17,109.258,109.656,109.09,109.562,3980,1680,0.364275384868852,-0.1537644840652329,0.2782404949751982,0.34063232639138985
USDJPY,2021-08-18,109.561,110.067,109.45,109.769,5060,1110,0.46184317412216574,-0.10131342357226038,0.18984857750476758,0.3309755349761777
USDJPY,2021-08-19,109.767,110.228,109.45,109.738,4610,3170,0.4199805041588078,-0.28879353539769975,-0.02641959787549661,0.32990822060752906
USDJPY,2021-08-20,109.736,109.885,109.54,109.74,1490,1960,0.1357804184588475,-0.1786104833418367,0.003645111904926986,0.31869822083104954
USDJPY,2021-08-23,109.735,110.147,109.62,109.677,4120,1150,0.37544994760104444,-0.1047979222672756,-0.05285460427392603,0.31803278220355286
USDJPY,2021-08-24,109.669,109.881,109.38,109.645,2120,2890,0.1933089569522867,-0.26352022905287864,-0.021884032862523512,0.29348460535898485
USDJPY,2021-08-25,109.643,110.125,109.602,109.978,4820,410,0.43960854774130526,-0.03739408808587581,0.30553706118949114,0.2998008099012393
USDJPY,2021-08-26,109.981,110.23,109.89,110.059,2490,910,0.226402742291859,-0.08274156445203625,0.07092134095889559,0.2846730461580246
USDJPY,2021-08-27,110.054,110.268,109.75,109.81,2140,3040,0.19444999727406423,-0.2762280335108238,-0.22170934268631742,0.2885187345725349
USDJPY,2021-08-30,109.846,109.962,109.67,109.89,1160,1760,0.10560238879886355,-0.16022431403965728,0.04005607850991108,0.279467509777163
USDJPY,2021-08-31,109.898,110.08,109.55,109.989,1820,3480,0.16560810933775152,-0.3166572640084433,0.08280405466888223,0.2724383518294411
USDJPY,2021-09-01,109.991,110.42,109.85,109.999,4290,1410,0.3900319117018684,-0.12819230664327566,0.0072733223627347385,0.25935378502520384
USDJPY,2021-09-02,109.983,110.121,109.88,109.923,1380,1030,0.1254739368811462,-0.0936508369475361,-0.05455388560050396,0.25352984826187613
USDJPY,2021-09-03,109.931,110.073,109.56,109.692,1420,3710,0.12917193512293704,-0.33748442204655205,-0.21740910207312253,0.23618434736182034
USDJPY,2021-09-06,109.75,109.947,109.599,109.838,1970,1510,0.17949886104783846,-0.13758542141229727,0.08018223234623587,0.23608285485738517
USDJPY,2021-09-07,109.824,110.321,109.65,110.271,4970,1740,0.4525422494172493,-0.15843531468530775,0.40701486013986266,0.2500038197448861
USDJPY,2021-09-08,110.265,110.447,110.11,110.268,1820,1550,0.16505690835714157,-0.14057044393053203,0.0027207182696232838,0.2485839518345526
USDJPY,2021-09-09,110.266,110.28,109.59,109.729,140,6760,0.01269657011227014,-0.6130629568498013,-0.487004153592228,0.27044346242968276
USDJPY,2021-09-10,109.724,109.991,109.66,109.91,2670,640,0.24333782946301255,-0.058328168860055374,0.16951624074951044,0.21190598092970683
USDJPY,2021-09-13,109.82,110.16,109.804,109.992,3400,160,0.30959752321981737,-0.014569295210336126,0.1566199235112104,0.20011691577695082
USDJPY,2021-09-14,110.001,110.163,109.49,109.7,1620,5110,0.14727138844191592,-0.46454123144335946,-0.27363387605567396,0.20293138942382127
USDJPY,2021-09-15,109.694,109.743,109.08,109.344,490,6140,0.044669717577982736,-0.559738910058895,-0.3190694112713626,0.21069204151868381
USDJPY,2021-09-16,109.355,109.83,109.18,109.723,4750,1750,0.434365141054359,-0.16002926249371052,0.33651867770106075,0.22501829461609957
USDJPY,2021-09-17,109.723,110.082,109.63,109.895,3590,930,0.3271875541135356,-0.0847588928483577,0.15675838247222282,0.22771105921636084
USDJPY,2021-09-20,109.924,110.037,109.29,109.399,1130,6340,0.10279829700520318,-0.5767621265601691,-0.4776027073250661,0.25221251025404207
USDJPY,2021-09-21,109.394,109.707,109.15,109.212,3130,2440,0.28612172514030765,-0.22304696784101483,-0.16637109896338204,0.254543550130362
USDJPY,2021-09-22,109.212,109.9,109.09,109.779,6880,1220,0.6299674028495059,-0.11170933597040608,0.5191737171739306,0.2727576919712226
USDJPY,2021-09-23,109.784,110.35,109.74,110.305,5660,440,0.5155578226335242,-0.04007869999272311,0.47456824309553375,0.293181935567916
USDJPY,2021-09-24,110.304,110.794,110.22,110.685,4900,840,0.44422686393965305,-0.07615317667537277,0.34540905134899935,0.2969128086180284
USDJPY,2021-09-27,110.664,111.065,110.5,110.98,4010,1640,0.36235812911154147,-0.1481963420805334,0.285549049374686,0.30198345532305765
USDJPY,2021-09-28,110.974,111.64,110.9,111.5,6660,740,0.6001405734676563,-0.06668228594084927,0.473984897363343,0.31644477664227083
USDJPY,2021-09-29,111.491,112.049,111.17,111.95,5580,3210,0.500488828694699,-0.2879156165071602,0.4116924236037018,0.3249660296259637
USDJPY,2021-09-30,111.949,112.078,111.21,111.283,1290,7390,0.11523104270695128,-0.6601220198483276,-0.5949137553707463,0.3584592325537187
USDJPY,2021-10-01,111.283,111.489,110.87,111.008,2060,4130,0.18511362921560623,-0.37112586828176514,-0.2471177089043301,0.3597467989434897
USDJPY,2021-10-04,110.894,111.303,110.79,110.892,4090,1040,0.3688206756001152,-0.09378325247533609,-0.0018035240860727808,0.3600041217163958
USDJPY,2021-10-05,110.886,111.562,110.84,111.48,6760,460,0.6096351207546507,-0.04148404667856381,0.5356852984145954,0.367627236870992
USDJPY,2021-10-06,111.475,111.788,111.17,111.41,3130,3050,0.2807804440457523,-0.2736039470733282,-0.0583090379008726,0.36842411567628974
USDJPY,2021-10-07,111.418,111.65,111.2,111.607,2320,2180,0.20822488287350277,-0.19565958821734686,0.16963147785814944,0.3454694478651129
USDJPY,2021-10-08,111.616,112.255,111.48,112.215,6390,1360,0.5724985665137577,-0.12184633027522548,0.5366614105504621,0.35913216666033215
USDJPY,2021-10-11,112.23,113.411,112.14,113.292,11810,900,1.052303305711483,-0.08019246190858363,0.9462710505212488,0.40467868259578693
USDJPY,2021-10-12,113.333,113.79,112.98,113.607,4570,3530,0.40323648010730134,-0.311471504327949,0.2417654169571095,0.39232568537392565
USDJPY,2021-10-13,113.612,113.805,113.17,113.27,1930,4420,0.16987642150478124,-0.38904341090729244,-0.30102453966130227,0.3911403267095515
USDJPY,2021-10-14,113.245,113.72,113.18,113.66,4750,650,0.41944456708904965,-0.057397677601658106,0.366462095456746,0.39183037939653637
USDJPY,2021-10-15,113.633,114.465,113.624,114.2,8320,90,0.7321816725775152,-0.007920234438939694,0.49897476965318815,0.39814539601569765
USDJPY,2021-10-18,114.28,114.457,113.99,114.316,1770,2900,0.1548827441372003,-0.25376268813441216,0.03150157507875513,0.36780040276462506
USDJPY,2021-10-19,114.32,114.398,113.85,114.362,780,4700,0.0682295311406604,-0.41112666200139864,0.03673897830650944,0.3591750768144488
USDJPY,2021-10-20,114.36,114.7,114.05,114.333,3400,3100,0.2973067506121051,-0.27107380202868336,-0.023609653725079595,0.3569565867017021
USDJPY,2021-10-21,114.331,114.415,113.62,114.0,840,7110,0.07347088716096525,-0.6218785806124311,-0.2895102815509381,0.36747882656151737
USDJPY,2021-10-22,113.985,114.207,113.38,113.46,2220,6050,0.19476246874588254,-0.530771592753436,-0.460586919331496,0.39049662584279843
USDJPY,2021-10-25,113.501,113.925,113.418,113.701,4240,830,0.37356499061681603,-0.073127109012254,0.17620990123434033,0.3889356612214696
USDJPY,2021-10-26,113.704,114.312,113.68,114.15,6080,240,0.5347217336241505,-0.02110743685357305,0.3922465348624606,0.3854610998537342
USDJPY,2021-10-27,114.141,114.221,113.36,113.81,800,7810,0.07008874987953347,-0.6842414206989652,-0.2899922026265786,0.38927043919309384
USDJPY,2021-10-28,113.806,113.867,113.22,113.556,610,5860,0.05359998594099349,-0.5149113403511225,-0.21967207352863646,0.3630211585323518
USDJPY,2021-10-29,113.561,114.096,113.36,114.0,5350,2010,0.47111244177137973,-0.17699738466551687,0.38657637745352097,0.3585711325365659
USDJPY,2021-11-01,114.102,114.45,113.92,113.995,3480,1820,0.30499027186201727,-0.15950640654852866,-0.0937757445092981,0.36098220849369667
USDJPY,2021-11-02,113.99,114.14,113.43,113.94,1500,5600,0.1315904903938992,-0.49127116413719457,-0.04386349679796224,0.34971266658889627
USDJPY,2021-11-03,113.941,114.22,113.69,113.973,2790,2510,0.2448635697422318,-0.22028944804767797,0.028084710508066872,0.34818277180430934
USDJPY,2021-11-04,113.965,114.28,113.49,113.741,3150,4750,0.2764006493221583,-0.4167946299302492,-0.19655157285131727,0.35415174436561436
USDJPY,2021-11-05,113.742,114.031,113.27,113.4,2890,4720,0.2540838036960854,-0.4149742399465531,-0.3006804874188943,0.3475219101069743
USDJPY,2021-11-08,113.36,113.666,113.05,113.23,3060,3100,0.2699364855328135,-0.2734650670430507,-0.1146788990825648,0.27625823595586824
USDJPY,2021-11-09,113.207,113.291,112.69,112.87,840,5170,0.07420035863506955,-0.4566855406467762,-0.2976847721430557,0.276843852283914
USDJPY,2021-11-10,112.836,114.015,112.74,113.9,11790,960,1.0448792938423925,-0.08507923003297142,0.9429614661987372,0.3453692080362276
USDJPY,2021-11-11,113.902,114.157,113.78,114.055,2550,1220,0.22387666590577465,-0.10710962055099989,0.13432599954347227,0.33714404576703233
USDJPY,2021-11-12,114.054,114.301,113.73,113.846,2470,3240,0.2165640836796604,-0.2840759640170429,-0.18236975467760747,0.31961855007342316
USDJPY,2021-11-15,113.895,114.217,113.73,114.118,3220,1650,0.28271653716142303,-0.144870275253516,0.19579437200930594,0.32308318013463105
USDJPY,2021-11-16,114.098,114.85,114.052,114.81,7520,460,0.6590825430769999,-0.04031621939034187,0.6240249609984428,0.3529579323067772
USDJPY,2021-11-17,114.813,114.97,113.91,114.013,1570,9030,0.13674409692281925,-0.786496302683499,-0.6967852072500476,0.3875715858786263
USDJPY,2021-11-18,114.078,114.487,113.85,114.243,4090,2280,0.3585266221357245,-0.19986325145953526,0.14463787934570385,0.3835419691212329
USDJPY,2021-11-19,114.24,114.541,113.56,113.988,3010,6800,0.2634803921568645,-0.5952380952380888,-0.2205882352941136,0.3717346253141308
USDJPY,2021-11-22,113.943,114.961,113.893,114.87,10180,500,0.8934291707257144,-0.043881589917763406,0.8135646770753857,0.41119875066788725
USDJPY,2021-11-23,114.871,115.193,114.478,115.121,3220,3930,0.28031443967581265,-0.3421229030825889,0.21763543453090858,0.4053682972859863
USDJPY,2021-11-24,115.119,115.523,114.81,115.413,4040,3090,0.3509411999756742,-0.2684178980011966,0.2553879029525942,0.40020271905616445
USDJPY,2021-11-25,115.422,115.458,115.21,115.34,360,2120,0.031189894474191546,-0.18367382301467944,-0.0710436485245392,0.39592081830060066
USDJPY,2021-11-26,115.326,115.37,113.02,113.346,440,23060,0.03815271491251855,-1.9995491042783045,-1.7168721710628911,0.5561174887831284
USDJPY,2021-11-29,113.693,113.96,112.96,113.524,2670,7330,0.23484295427158744,-0.6447186722137722,-0.1486459148760231,0.5565894090641254
USDJPY,2021-11-30,113.519,113.891,112.5,113.148,3720,10190,0.3276984469560161,-0.8976470899144684,-0.32681753715237916,0.5604981515429116
USDJPY,2021-12-01,113.148,113.628,112.64,112.765,4800,5080,0.4242231413723654,-0.44896949128574576,-0.33849471488669314,0.5639375933694677
USDJPY,2021-12-02,112.768,113.33,112.605,113.18,5620,1630,0.4983683314415416,-0.14454455164585406,0.3653518728717421,0.5709472624252723
USDJPY,2021-12-03,113.108,113.613,112.53,112.76,5050,5780,0.4464759345050708,-0.5110160200869991,-0.30767054496587243,0.5711198948562299
USDJPY,2021-12-06,112.833,113.553,112.802,113.478,7200,310,0.638111190875009,-0.027474231829333354,0.5716412751588595,0.5865785410983887
USDJPY,2021-12-07,113.463,113.78,113.37,113.589,3170,930,0.27938623163498877,-0.08196504587397593,0.11104941699056502,0.5828459271734768
USDJPY,2021-12-08,113.606,113.956,113.28,113.63,3500,3260,0.3080823195958035,-0.28695667482350706,0.021125644772283955,0.5408131532123102
USDJPY,2021-12-09,113.67,113.811,113.24,113.471,1410,4300,0.124043283188181,-0.37828802674408973,-0.17506817981877193,0.5403582648436858
USDJPY,2021-12-10,113.452,113.792,113.19,113.374,3400,2620,0.2996862109085811,-0.23093466840602234,-0.06875154250255876,0.5394146368177948
USDJPY,2021-12-13,113.269,113.73,113.247,113.56,4610,220,0.4069957358147406,-0.01942278999550236,0.2569105403949861,0.5409768262819976
USDJPY,2021-12-14,113.521,113.76,113.39,113.658,2390,1310,0.21053373384660487,-0.11539715118788614,0.1206825168911483,0.5200329547592688
USDJPY,2021-12-15,113.707,114.275,113.6,114.001,5680,1070,0.49952949246749284,-0.0941015065035568,0.2585592795518404,0.5019912503463649
USDJPY,2021-12-16,113.986,114.247,113.53,113.67,2610,4560,0.22897548821784752,-0.40004912884038657,-0.2772270278806191,0.5039282516727803
USDJPY,2021-12-17,113.594,113.859,113.11,113.612,2650,4840,0.23328696938218618,-0.42607884219236464,0.01584590735426227,0.5020649076409122
USDJPY,2021-12-20,113.612,113.731,113.3,113.571,1190,3120,0.10474245678273403,-0.27461887828750275,-0.03608773721085521,0.4620724029635704
USDJPY,2021-12-21,113.582,114.22,113.52,114.09,6380,620,0.5617087214523474,-0.054586113996934034,0.4472539662974854,0.4721708327857169
USDJPY,2021-12-22,114.058,114.372,113.92,114.09,3140,1380,0.27529853232565266,-0.12099107471637695,0.028055901383503546,0.4670868838233731
USDJPY,2021-12-23,114.068,114.47,114.04,114.38,4020,280,0.35242136269593666,-0.024546761580804072,0.27352105761475404,0.4731100913826692
USDJPY,2021-12-24,114.371,114.513,114.27,114.35,1420,1010,0.12415734757937774,-0.08830909933462075,-0.01836129788145666,0.263427884690254
USDJPY,2021-12-27,114.349,114.914,114.28,114.818,5650,690,0.4941013913545354,-0.0603415858468396,0.4101478806111064,0.2720116340158847
USDJPY,2021-12-28,114.841,114.95,114.68,114.809,1090,1610,0.09491383739257658,-0.14019383321286574,-0.02786461281249421,0.2570586435771607
USDJPY,2021-12-29,114.813,115.038,114.64,114.903,2250,1730,0.19597083953907163,-0.15067980106782491,0.0783883358156336,0.23735410991591496
USDJPY,2021-12-30,114.936,115.216,114.897,115.11,2800,390,0.24361383726594532,-0.033931927333473826,0.15138859887240932,0.22957157308666193
USDJPY,2021-12-31,115.033,115.198,114.97,115.068,1650,630,0.14343710065806511,-0.05476689297853867,0.030426051654739588,0.21025258103414912
USDJPY,2022-01-03,115.107,115.367,114.91,115.319,2600,1970,0.22587679289704807,-0.1711451084643008,0.1841764619006692,0.18118046167143528
USDJPY,2022-01-04,115.298,116.352,115.256,116.14,10540,420,0.9141528907700065,-0.03642734479349303,0.7302815313361886,0.23113290178494605
USDJPY,2022-01-05,116.124,116.243,115.59,116.112,1190,5340,0.1024766628776134,-0.45985326030793966,-0.010333781130516048,0.23194803474090944
USDJPY,2022-01-06,116.091,116.19,115.6,115.83,990,4910,0.08527792852159406,-0.4229440697383946,-0.22482362973873574,0.2355031182711867
USDJPY,2022-01-07,115.818,116.049,115.475,115.53,2310,3430,0.19945086256023137,-0.29615431107427476,-0.24866601046469178,0.2461323706792113
USDJPY,2022-01-10,115.592,115.851,115.01,115.2,2590,5820,0.22406394906221913,-0.5034950515606561,-0.3391238147968682,0.2625750728336992
USDJPY,2022-01-11,115.146,115.681,115.09,115.29,5350,560,0.4646275163705179,-0.04863390825560365,0.1250586212287057,0.2626149361780945
USDJPY,2022-01-12,115.291,115.485,114.35,114.631,1940,9410,0.16826985627672814,-0.8161955399814405,-0.5724644594981365,0.2960759119532098
USDJPY,2022-01-13,114.627,114.704,113.97,114.178,770,6570,0.06717440044666456,-0.5731633908241484,-0.39170527013705153,0.3034640930360269
USDJPY,2022-01-14,114.153,114.265,113.45,114.189,1120,7030,0.0981139348067898,-0.6158401443676494,0.03153662190217266,0.3034451609748639
USDJPY,2022-01-17,114.118,114.651,114.088,114.62,5330,300,0.46706041115336866,-0.026288578488933505,0.43989554671481235,0.31629673435970557
USDJPY,2022-01-18,114.606,115.058,114.42,114.61,4520,1860,0.39439470882851896,-0.16229516779225595,0.0034902186622034525,0.30258796713114017
USDJPY,2022-01-19,114.596,114.788,114.17,114.318,1920,4260,0.16754511501273436,-0.37174072393451946,-0.24259136444553545,0.308792634666982
USDJPY,2022-01-20,114.319,114.547,113.93,114.077,2280,3890,0.19944191254296698,-0.34027589464568075,-0.21168834576929857,0.30680741328839933
USDJPY,2022-01-21,114.087,114.15,113.57,113.674,630,5170,0.055221015540773605,-0.4531629370568164,-0.3620044352117215,0.3170386624193582
USDJPY,2022-01-24,113.661,114.0,113.44,113.879,3390,2210,0.2982553382426678,-0.1944378458750175,0.1917984181029584,0.3048890656261796
USDJPY,2022-01-25,113.884,114.16,113.64,113.858,2760,2440,0.24235186681184034,-0.21425309964525285,-0.02283024832285154,0.3048958163802045
USDJPY,2022-01-26,113.844,114.695,113.74,114.624,8510,1040,0.7475141421594454,-0.0913530796528576,0.6851480973964382,0.3442135576392312
USDJPY,2022-01-27,114.598,115.49,114.44,115.364,8920,1580,0.7783730955164976,-0.13787326131346206,0.6684235326969103,0.37447673281081567
USDJPY,2022-01-28,115.368,115.685,115.09,115.178,3170,2780,0.2747729006310305,-0.24096803273003917,-0.16469038208168446,0.37681286550916393
USDJPY,2022-01-31,115.27,115.593,114.89,115.04,3230,3800,0.28021167693242605,-0.32966079639107787,-0.19953153465775117,0.3774302633783574
USDJPY,2022-02-01,115.038,115.193,114.53,114.683,1550,5080,0.13473808654531647,-0.4415932126775462,-0.3085936820876491,0.3404830851371873
USDJPY,2022-02-02,114.743,114.803,114.13,114.437,600,6130,0.05229077155033621,-0.5342373826725809,-0.2666829349067023,0.3434192047416311
USDJPY,2022-02-03,114.433,114.99,114.29,114.952,5570,1430,0.48674770389659267,-0.1249639527059508,0.4535404996810284,0.36045257209921433
USDJPY,2022-02-04,114.957,115.431,114.74,115.25,4740,2170,0.4123280878937375,-0.18876623433109663,0.2548779108710269,0.36243972760954085
USDJPY,2022-02-07,115.215,115.38,114.88,115.11,1650,3350,0.1432105194636046,-0.29076075163824844,-0.0911339669313926,0.354799544805212
USDJPY,2022-02-08,115.087,115.63,115.03,115.529,5430,570,0.4718169732463199,-0.0495277485728207,0.3840572784067645,0.36416911600931745
USDJPY,2022-02-09,115.528,115.683,115.29,115.51,1550,2380,0.1341666089605993,-0.2060106640814344,-0.015580638459941037,0.3372689217930224
USDJPY,2022-02-10,115.503,116.34,115.448,115.959,8370,550,0.7246565024285112,-0.04761781079279916,0.3947949403911613,0.3298346063331486
USDJPY,2022-02-11,115.959,116.174,114.99,115.383,2150,9690,0.18541036055847618,-0.8356401831681959,-0.496727291542707,0.354260804742379
USDJPY,2022-02-14,115.329,115.75,114.98,115.54,4210,3490,0.36504261720816666,-0.3026125259041434,0.18295485090481384,0.34406897105660667
USDJPY,2022-02-15,115.508,115.874,115.22,115.61,3660,2880,0.3168611697891052,-0.24933337950617854,0.0883055719084426,0.34409395770807255
USDJPY,2022-02-16,115.648,115.791,115.32,115.515,1430,3280,0.12365107913669124,-0.2836192584394049,-0.11500415052572943,0.33961373281147356
USDJPY,2022-02-17,115.523,115.538,114.82,114.94,150,7030,0.01298442734347322,-0.6085368281640912,-0.5046614094163053,0.357457200886672
USDJPY,2022-02-18,114.941,115.3,114.76,114.992,3590,1810,0.31233415404424414,-0.15747209437885296,0.0443705901288504,0.3448616199560968
USDJPY,2022-02-21,115.01,115.124,114.68,114.727,1140,3300,0.09912181549429624,-0.28693157116772305,-0.24606555951656486,0.3497933946833702
USDJPY,2022-02-22,114.74,115.242,114.47,115.07,5020,2700,0.4375108941955809,-0.2353146243681332,0.28760676311661,0.3538974751617822
USDJPY,2022-02-23,115.043,115.201,114.89,114.973,1580,1530,0.13733995114868966,-0.13299375016298756,-0.06084681380006379,0.321453522932525
USDJPY,2022-02-24,114.957,115.7,114.38,115.494,7430,5770,0.6463286272258403,-0.5019268074149449,0.4671311881834131,0.30249282304749275
USDJPY,2022-02-25,115.494,115.761,115.12,115.548,2670,3740,0.2311808405631426,-0.3238263459573616,0.04675567561951447,0.29995619528742884
USDJPY,2022-02-28,115.229,115.78,114.83,114.997,5510,3990,0.47817823638146817,-0.34626699875899375,-0.20133820479219583,0.3000244604804613
USDJPY,2022-03-01,114.957,115.29,114.67,114.893,3330,2870,0.2896735301025711,-0.24965856798628352,-0.05567299077045587,0.2908624974651476
USDJPY,2022-03-02,114.888,115.687,114.76,115.489,7990,1280,0.6954599261889773,-0.11141285425806012,0.5231181672585467,0.3022084959841108
USDJPY,2022-03-03,115.516,115.81,115.35,115.457,2940,1660,0.2545101977215251,-0.1437030368087633,-0.05107517573324189,0.28901741062949127
USDJPY,2022-03-04,115.46,115.557,114.62,114.763,970,8400,0.08401177897107952,-0.7275246838731936,-0.6036722674519215,0.31800824214433254
USDJPY,2022-03-07,114.925,115.472,114.79,115.258,5470,1350,0.47596258429410226,-0.11746791385685526,0.28975418751359444,0.32368908772893
USDJPY,2022-03-08,115.292,115.791,115.23,115.638,4990,620,0.4328140720951976,-0.0537764979356743,0.3001075529958745,0.3192043707609977
USDJPY,2022-03-09,115.635,115.95,115.53,115.802,3150,1050,0.2724088727461389,-0.0908029575820504,0.14441994205906653,0.32043419837937
USDJPY,2022-03-10,115.814,116.2,115.758,116.13,3860,560,0.3332930388381456,-0.04835339423558239,0.2728512960436584,0.31405833996585475
USDJPY,2022-03-11,116.133,117.36,116.052,117.268,12270,810,1.0565472346361533,-0.06974761695641106,0.9773277190807136,0.35745984252675944
USDJPY,2022-03-14,117.335,118.22,117.29,118.182,8850,450,0.7542506498487281,-0.03835172795839903,0.7218647462394072,0.38420109868032876
USDJPY,2022-03-15,118.178,118.451,117.68,118.302,2730,4980,0.2310074633180424,-0.42139822978895436,0.104926466855091,0.3841554139200213
USDJPY,2022-03-16,118.294,119.122,118.15,118.761,8280,1440,0.6999509696180728,-0.12173060341183091,0.39477910967589125,0.3848565607971093
USDJPY,2022-03-17,118.75,119.026,118.34,118.599,2760,4100,0.23242105263157578,-0.345263157894734,-0.12715789473683894,0.3598892711910041
USDJPY,2022-03-18,118.601,119.4,118.44,119.17,7990,1610,0.6736874056711213,-0.13574927698754763,0.47975986711748014,0.3655574562204139
USDJPY,2022-03-21,119.135,119.5,119.07,119.461,3650,650,0.3063751206614302,-0.05455995299451205,0.27363914886472773,0.35164191360548186
USDJPY,2022-03-22,119.459,121.033,119.41,120.815,15740,490,1.3176068776735097,-0.041018257310044944,1.1351174880084334,0.40811678692139536
USDJPY,2022-03-23,120.823,121.414,120.56,121.119,5910,2630,0.4891452786307311,-0.21767378727559408,0.24498646780828692,0.40146949794571835
USDJPY,2022-03-24,121.123,122.41,120.92,122.34,12870,2030,1.0625562444787462,-0.1675982265961072,1.0047637525490607,0.43239210055966976
USDJPY,2022-03-25,122.356,122.434,121.16,122.06,780,11960,0.06374840628984517,-0.9774755631109207,-0.24191702899734568,0.44568512485241285
USDJPY,2022-03-28,122.04,125.103,122.006,123.89,30630,340,2.5098328416912388,-0.027859718125209786,1.5158964274008475,0.5091107974718477
USDJPY,2022-03-29,123.879,124.303,121.96,122.88,4240,19190,0.34226947263054464,-1.549092259382148,-0.8064320829196308,0.5662468422280295
USDJPY,2022-03-30,122.872,123.205,121.28,121.863,3330,15920,0.2710137378735582,-1.2956572693534725,-0.8211797643075723,0.6191389266311393
USDJPY,2022-03-31,121.86,122.454,121.25,121.68,5940,6100,0.4874446085672034,-0.5005744296733953,-0.1477104874446025,0.62206807075899
USDJPY,2022-04-01,121.672,123.034,121.651,122.49,13620,210,1.1194029850746343,-0.01725951739101913,0.6722992964691941,0.5941058476686342
USDJPY,2022-04-04,122.542,122.958,122.259,122.779,4160,2830,0.3394754451534958,-0.23094122831355882,0.19340307812831092,0.5947492398062932
USDJPY,2022-04-05,122.781,123.672,122.35,123.6,8910,4310,0.7256823124098933,-0.3510315113902082,0.6670413174676769,0.599916164832739
USDJPY,2022-04-06,123.59,124.051,123.44,123.769,4610,1500,0.3730075248806526,-0.12136904280282036,0.1448337244113618,0.5999093285368934
USDJPY,2022-04-07,123.778,124.003,123.44,123.945,2250,3380,0.18177705246489223,-0.27306952770282933,0.134918967829491,0.6014275689813094
USDJPY,2022-04-08,123.95,124.68,123.64,124.32,7300,3100,0.5889471561113384,-0.2501008471157743,0.29850746268655937,0.5815656841059645
USDJPY,2022-04-11,124.207,125.771,124.15,125.35,15640,570,1.2591882905150331,-0.045891133349962525,0.9202379898073384,0.5908976003399091
USDJPY,2022-04-12,125.372,125.76,124.74,125.373,3880,6320,0.30947899052420413,-0.5040997989981854,0.0007976262642414374,0.5931800865694022
USDJPY,2022-04-13,125.366,126.318,125.32,125.67,9520,460,0.7593765454748482,-0.03669256417210925,0.24248998931129814,0.5928339014850089
USDJPY,2022-04-14,125.67,126.014,125.06,125.907,3440,6100,0.27373279223362307,-0.48539826529800223,0.18858916209118706,0.5853187691467976
USDJPY,2022-04-15,125.908,126.681,125.876,126.439,7730,320,0.6139403373892017,-0.02541538266035238,0.4217365060202622,0.5845502760777992
USDJPY,2022-04-18,126.412,127.111,126.23,127.079,6990,1820,0.5529538334968184,-0.1439736733854398,0.5276397810334362,0.5866548053901681
USDJPY,2022-04-19,127.09,128.973,126.97,128.922,18830,1200,1.4816271933275709,-0.09442127626092103,1.4414981509166682,0.6126279559971171
USDJPY,2022-04-20,128.929,129.405,127.43,127.951,4760,14990,0.3691954486577877,-1.1626554149958468,-0.7585570352674795,0.6592883827667938
USDJPY,2022-04-21,127.959,128.705,127.78,128.36,7460,1790,0.5829992419446927,-0.1398885580537532,0.31338163005338465,0.6370331974796991
USDJPY,2022-04-22,128.377,129.11,127.71,128.425,7330,6670,0.5709745515162404,-0.5195634732078299,0.03738987513339758,0.628796635971823
USDJPY,2022-04-25,128.496,128.865,127.49,128.132,3690,10060,0.28716847217033975,-0.7829037479766019,-0.2832773004607181,0.5650320831775903
USDJPY,2022-04-26,128.13,128.224,127.0,127.204,940,11300,0.07336299071255295,-0.8819168032466991,-0.7227035042534941,0.5576839801680985
USDJPY,2022-04-27,127.191,128.591,126.93,128.47,14000,2610,1.1007068110165072,-0.20520319833950176,1.005574293778645,0.5353346789353393
USDJPY,2022-04-28,128.48,131.251,128.32,130.847,27710,1600,2.156755915317571,-0.12453300124532737,1.8423100871731155,0.6309987576467827
USDJPY,2022-04-29,130.839,130.952,129.29,129.83,1130,15490,0.08636568607219525,-1.183897767485235,-0.7711767897950811,0.6749501640813141
USDJPY,2022-05-02,129.861,130.477,129.58,130.202,6160,2810,0.4743533470403076,-0.21638521188037788,0.26258845996874214,0.6745941876883853
USDJPY,2022-05-03,130.198,130.292,129.67,130.099,940,5280,0.07219772961181745,-0.40553618335152614,-0.07603803437842206,0.6735273269588221
USDJPY,2022-05-04,130.107,130.385,128.6,129.145,2780,15070,0.21367028676396474,-1.1582774178176463,-0.7393914239817913,0.7094468651172501
USDJPY,2022-05-05,129.158,130.559,128.73,130.173,14010,4280,1.0847179423651734,-0.33137707304231817,0.7858591802288785,0.7204582256302771
USDJPY,2022-05-06,130.199,130.81,130.07,130.56,6110,1290,0.4692816381078118,-0.0990791019900453,0.27726787456124086,0.7203937596195021
USDJPY,2022-05-09,130.57,131.347,130.09,130.333,7770,4800,0.5950830971892589,-0.36761890173852324,-0.18151183273339572,0.7081271158073194
USDJPY,2022-05-10,130.356,130.579,129.77,130.418,2230,5860,0.171069992942414,-0.4495381877320448,0.04756206081807652,0.7075439454709804
USDJPY,2022-05-11,130.421,130.812,129.42,129.956,3910,10010,0.2997983453585079,-0.767514434025199,-0.35653767414757087,0.7179438732633784
USDJPY,2022-05-12,129.962,130.054,127.49,128.417,920,24720,0.07078992320833241,-1.9020944583801376,-1.1888090364875792,0.7788520492949197
USDJPY,2022-05-13,128.407,129.454,128.32,129.185,10470,870,0.815376108779114,-0.06775331562922388,0.6058859719485632,0.7839989181645125
USDJPY,2022-05-16,129.35,129.64,128.67,129.062,2900,6800,0.22419791264011754,-0.5257054503285712,-0.2226517201391438,0.7805762671671
USDJPY,2022-05-17,129.057,129.78,128.8,129.36,7230,2570,0.5602175782793752,-0.19913681551560675,0.23477998093867494,0.7123056942817599
USDJPY,2022-05-18,129.352,129.536,127.98,128.305,1840,13720,0.14224751066856137,-1.0606716556373306,-0.8094192590760073,0.7152621687340888
USDJPY,2022-05-19,128.301,128.944,126.99,127.713,6430,13110,0.5011652286420221,-1.0218158860803837,-0.45829728529005537,0.7184474123727822
USDJPY,2022-05-20,127.718,128.298,127.5,127.85,5800,2180,0.45412549523168094,-0.170688548207773,0.10335269891478945,0.7189510091587595
USDJPY,2022-05-23,127.845,128.059,127.12,127.9,2140,7250,0.1673901990691843,-0.5670929641362543,0.043020845555169794,0.7166528933554902
USDJPY,2022-05-24,127.893,128.087,126.33,126.83,1940,15630,0.1516893027765307,-1.2221153620604743,-0.8311635507807327,0.7226678523468852
USDJPY,2022-05-25,126.826,127.495,126.63,127.242,6690,1960,0.527494362354731,-0.15454244397836245,0.3280084525255161,0.686994392108127
USDJPY,2022-05-26,127.249,127.582,126.52,127.093,3330,7290,0.26169164394219085,-0.5728925178193929,-0.12259428364858797,0.522048025028638
USDJPY,2022-05-27,127.093,127.255,126.65,127.085,1620,4430,0.1274657140833814,-0.34856365024037345,-0.006294603164619434,0.5020476519426683
USDJPY,2022-05-30,127.122,127.826,126.83,127.63,7040,2920,0.5537987130473038,-0.22970060257076005,0.39961611680117964,0.508370098653842
USDJPY,2022-05-31,127.622,128.892,127.5,128.687,12700,1220,0.9951262321543276,-0.09559480340380176,0.8344956198774599,0.5504474534583322
USDJPY,2022-06-01,128.688,130.189,128.6,130.132,15010,880,1.1663869203033732,-0.06838244436155187,1.122093746114647,0.5862435928673909
USDJPY,2022-06-02,130.138,130.241,129.49,129.854,1030,6480,0.07914675190951807,-0.49793296346954474,-0.21822987905146216,0.5605590687259133
USDJPY,2022-06-03,129.851,130.979,129.66,130.86,11280,1910,0.8686879577361856,-0.14709166660249248,0.7770444586487701,0.5851089448648161
USDJPY,2022-06-06,130.85,132.012,130.4,131.895,11620,4500,0.8880397401604938,-0.3439052350019019,0.7986243790600046,0.6092135709505077
USDJPY,2022-06-07,131.901,133.001,131.87,132.63,11000,310,0.8339588024351553,-0.02350247534135898,0.5526872427047445,0.6193182869513376
USDJPY,2022-06-08,132.628,134.477,132.57,134.222,18490,580,1.3941249208312108,-0.04373133878215213,1.201857827909659,0.6584015681340174
USDJPY,2022-06-09,134.221,134.557,133.16,134.39,3360,10610,0.250333405353845,-0.7904873305965586,0.12591174257380194,0.5776163792737388
USDJPY,2022-06-10,134.383,134.483,133.34,134.42,1000,10430,0.07441417441193775,-0.7761398391165596,0.02753324453240195,0.5718842542169437
USDJPY,2022-06-13,134.4,135.197,133.56,134.399,7970,8400,0.5930059523809501,-0.6250000000000026,-0.0007440476190511717,0.5654917051325381
USDJPY,2022-06-14,134.409,135.6,133.85,135.565,11910,5590,0.8861013771399255,-0.4158947689514821,0.8600614542181,0.5841937106029743
USDJPY,2022-06-15,135.565,135.579,133.48,133.81,140,20850,0.010327149337963342,-1.5380075978313046,-1.2945819348651906,0.6375421988660863
USDJPY,2022-06-16,133.815,134.678,131.46,132.288,8630,23550,0.6449202256847136,-1.7598923887456488,-1.1411276762694667,0.6913468272122484
USDJPY,2022-06-17,132.293,135.425,132.15,134.96,31320,1430,2.367472201854977,-0.10809339874369821,2.015979681464629,0.8036436809924611
USDJPY,2022-06-20,134.993,135.441,134.5,135.091,4480,4930,0.3318690598771844,-0.36520412169519534,0.07259635684814264,0.803224146092883
USDJPY,2022-06-21,135.095,136.708,134.89,136.654,16130,2050,1.193974610459306,-0.15174506828529,1.1540027388134257,0.7816939455205115
USDJPY,2022-06-22,136.651,136.713,135.65,136.121,620,10010,0.045371054730652095,-0.7325229965386311,-0.3878493388266468,0.8000998782884239
USDJPY,2022-06-23,136.123,136.2,134.24,134.927,770,18830,0.05656648766189269,-1.3833077437317585,-0.8786171330340927,0.839903064733287
USDJPY,2022-06-24,134.923,135.4,134.33,135.17,4770,5930,0.3535349792103673,-0.4395099427080552,0.18306737917181332,0.8373229516426507
USDJPY,2022-06-27,135.16,135.551,134.49,135.435,3910,6700,0.28928677123408636,-0.49570878958270753,0.20346256288843273,0.8373695306567827
USDJPY,2022-06-28,135.417,136.384,135.08,136.122,9670,3370,0.7140905499309426,-0.24886092588078976,0.5206141031037554,0.8297395073677096
USDJPY,2022-06-29,136.124,137.003,135.76,136.534,8790,3640,0.6457347712379821,-0.26740324997796444,0.30119596838176704,0.8061039271425906
USDJPY,2022-06-30,136.515,136.811,135.52,135.733,2960,9950,0.2168259898179839,-0.7288576346921409,-0.5728308244515126,0.8205680142072046
USDJPY,2022-07-01,135.731,135.987,134.72,135.175,2560,10110,0.18860835034001094,-0.7448556335693362,-0.4096337608946985,0.8215243706212905
USDJPY,2022-07-04,135.228,135.775,134.76,135.74,5470,4680,0.4045020262075879,-0.3460821723311871,0.3786198124648745,0.8098027619176155
USDJPY,2022-07-05,135.707,136.362,135.5,135.836,6550,2070,0.48265749003367636,-0.15253450448392025,0.09505773467840208,0.8041406792912288
USDJPY,2022-07-06,135.836,136.01,134.93,135.92,1740,9060,0.12809564474806248,-0.6669807709296548,0.061839276774915894,0.7629723164470467
USDJPY,2022-07-07,135.913,136.222,135.52,136.01,3090,3930,0.22735132032991506,-0.28915556274970067,0.07136918469902069,0.7628433424981741
USDJPY,2022-07-08,136.008,136.566,135.31,136.08,5580,6980,0.4102699841185759,-0.51320510558203,0.052938062466915715,0.762802326009106
USDJPY,2022-07-11,136.116,137.754,136.06,137.422,16380,560,1.2033853477915724,-0.04114137941168679,0.9594757412794844,0.7882874139011196
USDJPY,2022-07-12,137.415,137.534,136.45,136.835,1190,9650,0.08659898846559676,-0.7022523014227002,-0.4220791034457549,0.7763178021673869
USDJPY,2022-07-13,136.819,137.867,136.66,137.402,10480,1590,0.7659754858608833,-0.11621192962965073,0.42611040864207345,0.7123909833611451
USDJPY,2022-07-14,137.41,139.391,137.3,138.973,19810,1100,1.4416709118695834,-0.08005239793318188,1.1374717997234676,0.6791235308489786
USDJPY,2022-07-15,138.975,139.129,138.36,138.456,1540,6150,0.11081129699585995,-0.44252563410683987,-0.3734484619535927,0.5495745307920781
USDJPY,2022-07-18,138.505,138.569,137.86,138.122,640,6450,0.0462077181329143,-0.4656871593083151,-0.27652431320167603,0.5569443768856605
USDJPY,2022-07-19,138.122,138.393,137.35,138.161,2710,7720,0.1962033564529811,-0.5589261667221874,0.02823590738621455,0.4999820473532195
USDJPY,2022-07-20,138.169,138.376,137.87,138.24,2070,2990,0.14981652903328072,-0.21640165304808356,0.0513863457070674,0.48903648616918594
USDJPY,2022-07-21,138.24,138.879,137.27,137.368,6390,9700,0.46223958333332,-0.7016782407407399,-0.6307870370370472,0.46615567448839
USDJPY,2022-07-22,137.366,137.956,135.54,136.05,5900,18260,0.4295094856077741,-1.3292954588471833,-0.9580245475590775,0.5207110821833397
USDJPY,2022-07-25,136.117,136.789,135.86,136.646,6720,2570,0.49369292593871233,-0.18880815768785428,0.3886362467583009,0.5255400103582146
USDJPY,2022-07-26,136.66,136.966,136.25,136.908,3060,4100,0.22391336162740494,-0.3000146348602346,0.18147226693984375,0.514624645972198
USDJPY,2022-07-27,136.904,137.463,136.3,136.567,5590,6040,0.4083153158417559,-0.4411850639864321,-0.24615789166130214,0.5136901345986528
USDJPY,2022-07-28,136.556,136.579,134.17,134.308,230,23860,0.016842906939274826,-1.7472685198746476,-1.6462110782389778,0.6211973744989497
USDJPY,2022-07-29,134.329,134.674,132.48,133.19,3450,18490,0.25683210624660263,-1.3764712013042737,-0.8479181710576346,0.6417025415326495
USDJPY,2022-08-01,133.215,133.562,131.57,131.644,3470,16450,0.2604811770446334,-1.234845925759119,-1.1792966257553563,0.6768941527778674
USDJPY,2022-08-02,131.648,133.2,130.389,133.163,15520,12590,1.1789013125911465,-0.9563381137578894,1.1507960622265547,0.7361051976790206
USDJPY,2022-08-03,133.19,134.551,132.26,133.833,13610,9300,1.0218484871236504,-0.6982506194158772,0.48276897664989915,0.7470190464838716
USDJPY,2022-08-04,133.827,134.423,132.73,132.984,5960,10970,0.4453510875981705,-0.8197150051932782,-0.6299177296061254,0.7558239467053809
USDJPY,2022-08-05,133.003,135.506,132.5,134.97,25030,5030,1.8819124380653178,-0.37818695818890247,1.4789140094584432,0.8357819579566409
USDJPY,2022-08-08,135.052,135.583,134.33,134.993,5310,7220,0.3931818854959615,-0.5346088913899684,-0.04368687616621561,0.8016526986084167
USDJPY,2022-08-09,134.966,135.202,134.63,135.079,2360,3360,0.17485885334083398,-0.24895158780730903,0.08372478994709745,0.7988113952532502
USDJPY,2022-08-10,135.083,135.303,132.0,132.87,2200,30830,0.16286283248077024,-2.28230051153735,-1.6382520376361156,0.8620497861890377
USDJPY,2022-08-11,132.863,133.313,131.71,133.006,4500,11530,0.3386947457155029,-0.8678112040221819,0.10762966363848527,0.8086731466533275
USDJPY,2022-08-12,133.0,133.894,132.86,133.48,8940,1400,0.6721804511278237,-0.10526315789472658,0.36090225563909006,0.8182329268107729
USDJPY,2022-08-15,133.436,133.594,132.52,133.269,1580,9160,0.11840882520458275,-0.6864714170089007,-0.12515363170358942,0.8180819187639877
USDJPY,2022-08-16,133.263,134.685,132.92,134.225,14220,3430,1.067062875666912,-0.2573857709942127,0.721880792117834,0.8418031453253109
USDJPY,2022-08-17,134.236,135.501,133.88,135.1,12650,3560,0.9423701540570449,-0.26520456509430745,0.643642540004175,0.8593779279031485
USDJPY,2022-08-18,135.091,135.901,134.62,135.87,8100,4710,0.5995958279974256,-0.3486538703540603,0.576648333345668,0.863803164327449
USDJPY,2022-08-19,135.864,137.231,135.69,136.93,13670,1740,1.0061532120355579,-0.1280692457163094,0.7846081375493158,0.8559748227323398
USDJPY,2022-08-22,136.821,137.651,136.67,137.501,8300,1510,0.6066320228619967,-0.11036317524357406,0.49699972957368155,0.8587013510746353
USDJPY,2022-08-23,137.488,137.707,135.78,136.712,2190,17080,0.15928662865122345,-1.242290236238798,-0.5644128942162301,0.8681806644971756
USDJPY,2022-08-24,136.711,137.244,136.15,137.1,5330,5610,0.38987352883088194,-0.4103546898201366,0.28454184374335756,0.868423503023603
USDJPY,2022-08-25,137.107,137.201,136.29,136.476,940,8170,0.06855959214335818,-0.5958849657566772,-0.46022449619640154,0.7847697914102743
USDJPY,2022-08-26,136.472,137.755,136.187,137.752,12830,2850,0.9401195849698011,-0.2088340465443436,0.937921331848292,0.7746615155770646
USDJPY,2022-08-29,137.605,139.002,137.587,138.7,13970,180,1.0152247374732168,-0.013080920024708901,0.7957559681697605,0.716864672056114
USDJPY,2022-08-30,138.708,139.08,138.02,138.752,3720,6880,0.26818928973095574,-0.49600599821206287,0.03172131383915213,0.6877655798468699
USDJPY,2022-08-31,138.761,139.095,138.24,139.065,3340,5210,0.2407016380683356,-0.3754657288431091,0.21908173045740667,0.6849100653558463
USDJPY,2022-09-01,139.069,140.231,138.99,140.2,11620,790,0.835556450395132,-0.05680633354664182,0.8132653574844144,0.6683495633816114
USDJPY,2022-09-02,140.218,140.801,139.84,140.152,5830,3780,0.41578114079504663,-0.26958022507808266,-0.04706956310887511,0.6080971484550444
USDJPY,2022-09-05,140.156,140.663,140.09,140.58,5070,660,0.3617397756785332,-0.04709038499957369,0.3025200490881636,0.6057489355568384
USDJPY,2022-09-06,140.584,143.075,140.22,142.768,24910,3640,1.7718943834291139,-0.25891993398964624,1.5535196039378574,0.6741196377810094
USDJPY,2022-09-07,142.758,144.992,142.73,143.74,22340,280,1.5648860309054347,-0.01961361184663557,0.6878773869065126,0.5028840887722533
USDJPY,2022-09-08,143.738,144.559,143.29,144.095,8210,4480,0.5711781157383559,-0.3116781922664901,0.24836855946235464,0.499461018498993
USDJPY,2022-09-09,144.103,144.122,141.48,142.564,190,26230,0.013185013497293918,-1.8202258107048561,-1.0679860932805116,0.5995009562534666
USDJPY,2022-09-12,142.378,143.494,142.13,142.808,11160,2480,0.7838289623396971,-0.17418421385325716,0.30201295143913165,0.589520180467914
USDJPY,2022-09-13,142.809,144.71,141.598,144.683,19010,12110,1.3311485970772223,-0.847985771204885,1.312242225630034,0.6223024380053823
USDJPY,2022-09-14,144.689,144.964,142.52,143.121,2750,21690,0.19006282440268832,-1.4990773313797061,-1.083703667866931,0.7005653063377877
USDJPY,2022-09-15,143.121,143.802,142.77,143.474,6810,3510,0.4758211583205701,-0.2452470287379204,0.24664444770507488,0.6977404264951904
USDJPY,2022-09-16,143.472,143.692,142.81,142.906,2200,6620,0.15334002453440312,-0.46141407382625604,-0.3945020631203318,0.7035114347923287
USDJPY,2022-09-19,142.898,143.644,142.61,143.236,7460,2880,0.5220506935016651,-0.20154235888534655,0.23653235174739595,0.7007281810250687
USDJPY,2022-09-20,143.245,143.924,142.91,143.722,6790,3350,0.4740130545568795,-0.2338650563719557,0.33299591608782425,0.6763172560941391
USDJPY,2022-09-21,143.725,144.704,143.32,144.068,9790,4050,0.6811619412071758,-0.28178813706731687,0.238650200034801,0.676316657699269
USDJPY,2022-09-22,144.06,145.901,140.33,142.303,18410,37300,1.277939747327508,-2.589198944884069,-1.2196307094266312,0.7374513751154824
USDJPY,2022-09-23,142.34,143.461,141.74,143.32,11210,6000,0.787550934382471,-0.4215259238443124,0.688492342279043,0.7267437168962012
USDJPY,2022-09-26,143.461,144.789,143.196,144.676,13280,2650,0.9256871205414534,-0.18471919197552977,0.8469200688688737,0.7290012935831226
USDJPY,2022-09-27,144.675,144.904,144.03,144.78,2290,6450,0.158285813029193,-0.4458268532918681,0.07257646448936565,0.7285254540072081
USDJPY,2022-09-28,144.775,144.869,143.88,144.097,940,8950,0.06492833707476711,-0.6182006561906477,-0.4683128993265393,0.7443380079749075
USDJPY,2022-09-29,144.096,144.812,144.06,144.454,7160,360,0.4968909615811738,-0.024983344437042917,0.2484454807905869,0.729618892351216
USDJPY,2022-09-30,144.456,144.81,144.18,144.729,3540,2760,0.24505731849145307,-0.191061638145859,0.18898488120952026,0.7281398203425751
USDJPY,2022-10-03,144.657,145.325,144.13,144.59,6680,5270,0.4617820084752054,-0.36431005758450347,-0.04631645893389692,0.7288155041491458
USDJPY,2022-10-04,144.6,144.936,143.87,144.222,3360,7300,0.23236514522822457,-0.5048409405255808,-0.261410788381733,0.6534577628664083
USDJPY,2022-10-05,144.223,144.847,143.5,144.597,6240,7230,0.43266330613008686,-0.5013070037372771,0.2593206354048905,0.638482765041246
USDJPY,2022-10-06,144.594,145.14,144.36,145.087,5460,2340,0.37760902942030256,-0.16183244118011844,0.34095467308463356,0.6404513321461206
USDJPY,2022-10-07,145.076,145.444,144.637,145.33,3680,4390,0.25366015054178154,-0.30260001654304847,0.17508064738483217,0.5853519226379014
USDJPY,2022-10-10,145.337,145.806,145.21,145.71,4690,1270,0.32269828054798333,-0.08738311648099323,0.25664490116076355,0.5846185691300594
USDJPY,2022-10-11,145.705,145.898,145.4,145.792,1930,3050,0.13245942143370756,-0.20932706496002662,0.05970968738203156,0.5100963480411981
USDJPY,2022-10-12,145.792,146.973,145.61,146.861,11810,1820,0.8100581650570755,-0.12483538191395134,0.7332363915715461,0.45948802650390946
USDJPY,2022-10-13,146.865,147.674,146.421,147.15,8090,4440,0.5508460150478313,-0.30231845572465654,0.19405576549892525,0.4589159352871284
USDJPY,2022-10-14,147.156,148.859,147.06,148.72,17030,960,1.157275272499934,-0.0652368914621243,1.0628176900703967,0.48706772130095555
USDJPY,2022-10-17,148.429,149.089,148.396,148.973,6600,330,0.4446570414137376,-0.02223285207069741,0.3665051977713325,0.4884881176659234
USDJPY,2022-10-18,148.971,149.389,148.115,149.169,4180,8560,0.2805915245249118,-0.5746084808452615,0.13291177477496124,0.487744454357698
USDJPY,2022-10-19,149.166,149.907,149.07,149.833,7410,960,0.49676199670167054,-0.06435782953220147,0.4471528364372589,0.49097826870149347
USDJPY,2022-10-20,149.848,150.286,149.513,150.092,4380,3350,0.2922961934760478,-0.22355987400566435,0.16283166942501717,0.3598099793530172
USDJPY,2022-10-21,150.093,151.944,146.16,147.63,18510,39330,1.233235394055685,-2.6203753672722865,-1.640982590793704,0.546727777645094
USDJPY,2022-10-24,148.089,149.71,145.46,149.02,16210,26290,1.0946120238505286,-1.7752837820499772,0.6286759988925656,0.5342593174689987
USDJPY,2022-10-25,149.024,149.099,147.49,148.078,750,15340,0.05032746403263141,-1.029364397680905,-0.634797079665019,0.5620431728022398
USDJPY,2022-10-26,148.069,148.413,146.187,146.38,3440,18820,0.2323241191606768,-1.2710290472684875,-1.1406844106463832,0.6159925630477089
USDJPY,2022-10-27,146.385,146.937,145.08,146.296,5520,13050,0.37708781637464284,-0.8914847832769603,-0.06079857908938664,0.615334354158405
USDJPY,2022-10-28,146.277,147.867,145.963,147.42,15900,3140,1.0869788141676433,-0.2146612249362463,0.7813942041469273,0.6357300239788964
USDJPY,2022-10-31,147.759,148.849,147.52,148.714,10900,2390,0.7376877212217215,-0.16174987648804873,0.6463227282263772,0.6466389540619211
USDJPY,2022-11-01,148.757,148.826,146.952,148.225,690,18050,0.04638437182787257,-1.2133882775264402,-0.3576302291656935,0.6500177554732175
USDJPY,2022-11-02,148.224,148.383,145.64,147.771,1590,25840,0.10727007772022092,-1.7433074265975843,-0.3056185233160642,0.6559220248941944
USDJPY,2022-11-03,147.77,148.45,147.074,148.154,6800,6960,0.4601745956553958,-0.4710022332002422,0.2598633010759871,0.6545538589702691
USDJPY,2022-11-04,148.167,148.403,146.516,146.654,2360,16510,0.15927973165414025,-1.1142832074618576,-1.0211450592912088,0.6993322641564542
USDJPY,2022-11-07,147.202,147.568,146.056,146.634,3660,11460,0.24863792611514374,-0.7785220309506573,-0.38586432249562647,0.7030491264123834
USDJPY,2022-11-08,146.666,146.935,145.271,145.677,2690,13950,0.18340992459057004,-0.9511406870031297,-0.6743212469147617,0.7185584624829404
USDJPY,2022-11-09,145.666,146.795,145.15,146.451,11290,5160,0.7750607554267919,-0.3542350308239336,0.5389040682108361,0.7087954244092954
USDJPY,2022-11-10,146.471,146.59,140.17,140.955,1190,63010,0.0812447515207787,-4.301875456575033,-3.7659331881396256,1.0884510394651528
USDJPY,2022-11-11,140.955,142.481,138.431,138.762,15260,25240,1.082615018977675,-1.7906424036039876,-1.555815685857197,1.079935690567718
USDJPY,2022-11-14,139.163,140.8,138.78,139.883,16370,3830,1.1763184179702941,-0.2752168320602529,0.5173789010009836,1.0859273301807995
USDJPY,2022-11-15,139.883,140.625,137.657,139.25,7420,22260,0.5304432990427644,-1.5913298971283136,-0.4525210354367648,1.079488907822388
USDJPY,2022-11-16,139.254,140.291,138.7,139.482,10370,5540,0.7446823789621887,-0.3978341735246399,0.1637295876599657,1.0695879998867552
USDJPY,2022-11-17,139.486,140.742,138.85,140.189,12560,6360,0.9004487905596262,-0.45595973789483946,0.5039932322957165,1.081935130518436
USDJPY,2022-11-18,140.189,140.499,139.597,140.341,3100,5920,0.22113004586665308,-0.42228705533243305,0.1084250547475303,1.0462665995502396
USDJPY,2022-11-21,140.23,142.252,140.121,142.125,20220,1090,1.4419168508878413,-0.07772944448404796,1.3513513513513586,1.091887077634771
USDJPY,2022-11-22,142.11,142.241,141.05,141.24,1310,10600,0.09218211244810373,-0.7459010625571756,-0.6122018154950422,1.0915059450931999
USDJPY,2022-11-23,141.181,141.614,139.135,139.593,4330,20460,0.30669849342333083,-1.4492035047209046,-1.1247972460883704,1.0908468677474525
USDJPY,2022-11-24,139.555,139.635,138.03,138.48,800,15250,0.057325068969212196,-1.092759127225829,-0.7703056142739544,1.0951363381311845
USDJPY,2022-11-25,138.577,139.595,138.349,139.11,10180,2280,0.7346096394062511,-0.16452946737193663,0.38462371100544496,1.077825090073135
USDJPY,2022-11-28,139.224,139.428,137.463,138.92,2040,17610,0.14652646095501332,-1.2648681261851376,-0.21835315750158169,1.0537775560194458
USDJPY,2022-11-29,138.928,139.353,137.834,138.588,4250,10940,0.3059138546585363,-0.7874582517563011,-0.24473108372682498,1.0541542111751767
USDJPY,2022-11-30,138.581,139.894,137.616,138.05,13130,9650,0.9474603300596883,-0.6963436546135293,-0.38316940994795645,1.0540662689155658
USDJPY,2022-12-01,138.112,138.112,135.176,135.25,0,29360,0.0,-2.1258109360519053,-2.072231232622795,1.1084233739882898
USDJPY,2022-12-02,135.245,135.984,133.61,134.271,7390,16350,0.5464157639838843,-1.2089171503567533,-0.7201744981330311,1.1027993634871225
USDJPY,2022-12-05,134.514,136.859,134.09,136.762,23450,4240,1.7433129637063791,-0.3152088258471286,1.6712015106234224,1.202535100126241
USDJPY,2022-12-06,136.76,137.428,135.94,137.043,6680,8200,0.4884469143024323,-0.5995905235448912,0.20693185141855475,1.2068480265167838
USDJPY,2022-12-07,137.025,137.856,136.19,136.576,8310,8350,0.6064586754241845,-0.6093778507571669,-0.32767743112571596,1.1896830481617273
USDJPY,2022-12-08,136.59,137.247,136.22,136.654,6570,3700,0.4810015374478444,-0.2708836664470346,0.046855553115157,0.8820829522179072
USDJPY,2022-12-09,136.652,136.911,135.58,136.578,2590,10720,0.18953253519891006,-0.7844744314023757,-0.054152152913959445,0.820226753756509
USDJPY,2022-12-12,136.477,137.85,136.457,137.657,13730,200,1.0060303201271938,-0.014654483905720547,0.8646145504370749,0.8375044137004334
USDJPY,2022-12-13,137.659,137.971,134.63,135.559,3120,30290,0.22664700455474168,-2.2003646692188643,-1.525508684503007,0.8947679823331661
USDJPY,2022-12-14,135.59,135.992,134.502,135.453,4020,10880,0.2964820414484747,-0.80241905745261,-0.10103989969761815,0.8920298645777326
USDJPY,2022-12-15,135.461,138.175,135.21,137.769,27140,2510,2.003528690914727,-0.18529318401606718,1.703811429119815,0.9748824744392591
USDJPY,2022-12-16,137.77,137.889,136.26,136.679,1190,15100,0.08637584379763356,-1.0960296145750303,-0.791899542716127,0.9859218022085477
USDJPY,2022-12-19,135.973,137.161,135.73,136.9,11880,2430,0.8737028674810352,-0.17871195016659439,0.6817529950799,0.9432054200595625
USDJPY,2022-12-20,136.902,137.473,130.55,131.73,5710,63520,0.4170866751399004,-4.639815342361672,-3.7778849103738423,1.2402800167620904
USDJPY,2022-12-21,131.728,132.53,131.48,132.46,8020,2480,0.6088303170168775,-0.18826673144663159,0.5556905137859827,1.240354257572404
USDJPY,2022-12-22,132.426,132.722,131.61,132.302,2960,8160,0.22352106081888806,-0.616193194689845,-0.09363720115384837,1.2344452630837994
USDJPY,2022-12-23,132.302,133.142,132.128,132.872,8400,1740,0.6349110368701936,-0.13151728620883024,0.4308324893047888,1.2356589120638906
USDJPY,2022-12-26,132.753,133.233,132.276,132.83,4800,4770,0.3615737497457822,-0.35931391380983896,0.05800245568840374,1.2370747987340511
USDJPY,2022-12-27,132.85,133.596,132.59,133.477,7460,2600,0.5615355664283096,-0.1957094467444418,0.4719608581106583,1.245865397276839
USDJPY,2022-12-28,133.479,134.5,133.327,134.47,10210,1520,0.7649143310932704,-0.11387559091693467,0.7424388855175611,1.2604863038346659
USDJPY,2022-12-29,134.451,134.457,132.85,133.011,60,16010,0.004462592319878787,-1.1907683840209438,-1.0710221567708667,1.1963490649999378
USDJPY,2022-12-30,133.01,133.09,130.75,131.072,800,22600,0.06014585369522029,-1.6991203668897008,-1.4570333057664748,1.2289298226350114
USDJPY,2023-01-02,130.925,131.041,130.598,130.79,1160,3270,0.08860034370821877,-0.24976131372923288,-0.10311246897079955,1.1571768777861418
USDJPY,2023-01-03,130.735,131.403,129.487,131.014,6680,12480,0.5109572799938639,-0.954602822503552,0.2134088040692977,1.1572908819336072
USDJPY,2023-01-04,130.991,132.717,129.9,132.603,17260,10910,1.3176477773282125,-0.8328816483575269,1.2306188974815022,1.1983189319648295
USDJPY,2023-01-05,132.611,134.054,131.674,133.401,14430,9370,1.088145025676612,-0.7065778856957443,0.5957273529345383,1.2080747715673332
USDJPY,2023-01-06,133.4,134.773,131.97,132.03,13730,14300,1.0292353823088383,-1.0719640179910095,-1.02698650674663,1.2267871775007233
USDJPY,2023-01-09,131.943,132.654,131.28,131.874,7110,6630,0.5388690570928236,-0.5024897114663233,-0.05229530933813603,1.204995699455917
USDJPY,2023-01-10,131.873,132.478,131.37,132.25,6050,5030,0.4587747302328894,-0.38142758563161977,0.2858811128889231,1.1648234857043362
USDJPY,2023-01-11,132.248,132.872,132.04,132.468,6240,2080,0.4718407839816282,-0.15728026132720224,0.16635412255761817,1.1660456798778314
USDJPY,2023-01-12,132.456,132.51,128.85,129.27,540,36060,0.04076825511868247,-2.722413480703022,-2.4053270520021584,1.2000767654189675
USDJPY,2023-01-13,129.238,129.43,127.43,127.853,1920,18080,0.14856311611136608,-1.3989693433819719,-1.0716662281991405,1.2081166871864688
USDJPY,2023-01-16,127.807,128.863,127.217,128.57,10560,5900,0.826245823781168,-0.4616335568474367,0.5969939048721831,1.2047043764856484
USDJPY,2023-01-17,128.588,129.155,127.986,128.1,5670,6020,0.440943167325106,-0.4681618813575059,-0.3795066413662236,0.8828761307974395
USDJPY,2023-01-18,128.119,131.577,127.56,128.887,34580,5590,2.6990532239558522,-0.4363131151507563,0.5994427056096291,0.8846794647789741
USDJPY,2023-01-19,128.884,128.911,127.75,128.412,270,11340,0.02094907048199562,-0.879860960243309,-0.36622078768503463,0.8864561265857497
USDJPY,2023-01-20,128.406,130.611,128.331,129.464,22050,750,1.7172094761926888,-0.05840848558479904,0.823949036649372,0.9036692481837818
USDJPY,2023-01-23,129.459,130.887,129.02,130.66,14280,4390,1.103051931499546,-0.3391034999497856,0.9277068415482843,0.9325135000451842
USDJPY,2023-01-24,130.659,131.116,129.7,130.162,4570,9590,0.34976541990985854,-0.7339716360908956,-0.380379461039795,0.9261884735200383
USDJPY,2023-01-25,130.162,130.583,129.24,129.565,4210,9220,0.32344309399055965,-0.7083480585731604,-0.45865920929304127,0.9069828589879639
USDJPY,2023-01-26,129.547,130.618,129.0,130.209,10710,5470,0.8267269793974372,-0.4222405767790818,0.5110114475827353,0.8928309951526872
USDJPY,2023-01-27,130.176,130.268,129.47,129.804,920,7060,0.07067354965586051,-0.5423426745329315,-0.2857669616519064,0.8347991395682917
USDJPY,2023-01-30,129.708,130.569,129.18,130.405,8610,5280,0.6637986862799442,-0.40706818392080024,0.5373608412742489,0.8440375690231915
USDJPY,2023-01-31,130.405,130.53,129.73,130.09,1250,6750,0.0958552202752962,-0.5176181894866082,-0.24155515509374467,0.8442015728938088
USDJPY,2023-02-01,130.07,130.411,128.52,128.923,3410,15500,0.26216652571692795,-1.1916660259859946,-0.8818328592296389,0.8110372497219444
USDJPY,2023-02-02,128.96,129.133,128.06,128.668,1730,9000,0.13415012406948032,-0.6978908188585652,-0.2264267990074454,0.7932085180603746
USDJPY,2023-02-03,128.65,131.202,128.3,131.156,25520,3500,1.9836766420520733,-0.27205596579867414,1.9479207151185387,0.8956512388617888
USDJPY,2023-02-06,132.464,132.902,131.49,132.634,4380,9740,0.33065587631355553,-0.7352941176470509,0.1283367556468078,0.8961940700974164
USDJPY,2023-02-07,132.656,132.706,130.46,131.056,500,21960,0.03769147268120775,-1.6554094801592072,-1.206127125799055,0.931781057190331
USDJPY,2023-02-08,131.05,131.538,130.57,131.399,4880,4800,0.37237695536054904,-0.36627241510875097,0.26631056848530293,0.9334567213621503
USDJPY,2023-02-09,131.38,131.824,130.32,131.58,4440,10600,0.33795098188462236,-0.806819911706502,0.15223017202010736,0.756241458762706
USDJPY,2023-02-10,131.58,131.888,129.798,131.347,3080,17820,0.23407812737497544,-1.3543091655266837,-0.1770785833713361,0.7115643350993249
USDJPY,2023-02-13,131.281,132.91,131.207,132.4,16290,740,1.2408497802423737,-0.05636763888149258,0.8523701068699963,0.723253499901874
USDJPY,2023-02-14,132.41,133.315,131.499,133.158,9050,9110,0.6834831206102266,-0.6880145004153775,0.5649120157087761,0.7206329030725315
USDJPY,2023-02-15,133.108,134.359,132.52,134.137,12510,5880,0.9398383267722487,-0.44174655167232163,0.7730564654265681,0.7272912314303905
USDJPY,2023-02-16,134.125,134.464,133.58,133.932,3390,5450,0.2527493010251621,-0.4063373718546039,-0.1438956197576977,0.7204425602509539
USDJPY,2023-02-17,133.936,135.116,133.906,134.114,11800,300,0.8810177995460569,-0.022398757615578437,0.13289929518575833,0.7040233302778257
USDJPY,2023-02-20,134.214,134.538,133.918,134.23,3240,2960,0.24140551656310988,-0.22054331142801217,0.011921260077183552,0.6794200498624379
USDJPY,2023-02-21,134.209,135.228,134.142,134.993,10190,670,0.7592635367225785,-0.04992213636939943,0.5841635061732013,0.6782196080252816
USDJPY,2023-02-22,135.0,135.061,134.36,134.861,610,6400,0.04518518518519041,-0.474074074074064,-0.10296296296297038,0.6661951404965929
USDJPY,2023-02-23,134.888,135.364,134.481,134.7,4760,4070,0.35288535674040616,-0.3017318071288852,-0.1393748887966436,0.6640214187315596
USDJPY,2023-02-24,134.692,136.519,134.041,136.406,18270,6510,1.3564279986933137,-0.48332491907463726,1.2725328898524029,0.7032635121867282
USDJPY,2023-02-27,136.413,136.554,135.89,136.166,1410,5230,0.10336258274503979,-0.38339454450823934,-0.18106778679452404,0.7037542716098679
USDJPY,2023-02-28,136.18,136.917,135.71,136.172,7370,4700,0.5411954765751174,-0.34513144367748483,-0.00587457776473034,0.6984656305824085
USDJPY,2023-03-01,136.164,136.47,135.23,136.182,3060,9340,0.22472900326078232,-0.6859375459005299,0.013219353132987196,0.6540373040698083
USDJPY,2023-03-02,136.143,137.1,136.0,136.755,9570,1430,0.7029373526365613,-0.10503661591121151,0.4495273352283957,0.6468611775553157
USDJPY,2023-03-03,136.752,136.78,135.71,135.831,280,10420,0.020475020475014323,-0.761963261963263,-0.6734819234819386,0.5442064633236721
USDJPY,2023-03-06,135.973,136.19,135.362,135.905,2170,6110,0.15959050693886617,-0.4493539158509545,-0.05000992844168478,0.5456698942358825
USDJPY,2023-03-07,135.891,137.2,135.537,137.149,13090,3540,0.9632720342038822,-0.2605029030620019,0.9257419549491944,0.4769505949641231
USDJPY,2023-03-08,137.15,137.91,136.473,137.358,7600,6770,0.5541378053226328,-0.493620123951872,0.1516587677725107,0.47713282225407594
USDJPY,2023-03-09,137.358,137.358,135.936,136.132,0,14220,0.0,-1.0352509500720724,-0.8925581327625614,0.5382803145887917
USDJPY,2023-03-10,136.136,136.994,134.11,134.962,8580,20260,0.6302521008403391,-1.4882176646882397,-0.8623729211964555,0.581498358331862
USDJPY,2023-03-13,133.891,135.052,132.26,133.196,11610,16310,0.8671232569776919,-1.2181550664346374,-0.5190789522820751,0.5731324266287016
USDJPY,2023-03-14,133.196,134.901,133.0,134.252,17050,1960,1.28006847052465,-0.14715156611309496,0.7928166010991409,0.5857131799887489
USDJPY,2023-03-15,134.246,135.113,132.19,133.329,8670,20560,0.645829298452088,-1.5315167677249315,-0.6830743560329555,0.5851173506453843
USDJPY,2023-03-16,133.333,133.827,131.7,133.55,4940,16330,0.37050092625231545,-1.224753061882662,0.1627504068760269,0.5850545904678661
USDJPY,2023-03-17,133.574,133.662,131.53,131.803,880,20440,0.06588108464221619,-1.5302379205534093,-1.3258568284247045,0.6566995946515618
USDJPY,2023-03-20,131.821,132.65,130.534,131.28,8290,12870,0.6288831066370364,-0.9763239544533923,-0.4104050189271791,0.6612570859492098
USDJPY,2023-03-21,131.3,132.631,131.01,132.43,13310,2900,1.0137090632140051,-0.22086824067023644,0.8606245239908571,0.6784215024142587
USDJPY,2023-03-22,132.433,133.002,130.97,131.38,5690,14630,0.4296512198621317,-1.1047095512447758,-0.7951190413265555,0.698052381820663
USDJPY,2023-03-23,131.357,131.663,130.29,130.804,3060,10670,0.23295294502768152,-0.8122901710605505,-0.42099012614477893,0.7018147796081924
USDJPY,2023-03-24,130.811,130.939,129.61,130.701,1280,12010,0.09785109814922743,-0.9181185068533941,-0.08409078747201201,0.6222542622206532
USDJPY,2023-03-27,130.568,131.76,130.47,131.534,11920,980,0.9129342564793661,-0.07505667544881837,0.7398443722810947,0.6551694748752556
USDJPY,2023-03-28,131.533,131.564,130.38,130.834,310,11530,0.02356823002592955,-0.8765861038674642,-0.5314255738103624,0.6603911996063722
USDJPY,2023-03-29,130.843,132.89,130.73,132.717,20470,1130,1.5644703958178865,-0.08636304578769942,1.432250865541163,0.7498778134621263
USDJPY,2023-03-30,132.718,132.966,132.18,132.649,2480,5380,0.18686236983681107,-0.40537078617819927,-0.05198993354329361,0.7393149282064831
USDJPY,2023-03-31,132.665,133.594,132.57,132.797,9290,950,0.7002600535182618,-0.07160893981080078,0.09949873742132817,0.7285289768857532
USDJPY,2023-04-03,133.255,133.755,132.197,132.4,5000,10580,0.3752204420096807,-0.7939664552924789,-0.6416269558365463,0.7394712493498486
USDJPY,2023-04-04,132.401,133.169,131.518,131.718,7680,8830,0.580056041872796,-0.6669133918928178,-0.5158571309884525,0.7033273759673797
USDJPY,2023-04-05,131.717,131.844,130.611,131.231,1270,11060,0.09641883735583191,-0.8396790087840011,-0.36897287366096887,0.7002385103565094
USDJPY,2023-04-06,131.225,131.905,130.77,131.7,6800,4550,0.5181939417031868,-0.3467327109925579,0.3619737092779534,0.6911391000676634
USDJPY,2023-04-07,131.695,132.379,131.5,132.137,6840,1950,0.5193819051596473,-0.14806940278673691,0.3356239796499543,0.6768256988946526
USDJPY,2023-04-10,132.124,133.879,131.82,133.59,17550,3040,1.3282976597741483,-0.23008688807484035,1.1095637431503802,0.7177232368798304
USDJPY,2023-04-11,133.572,133.806,132.96,133.644,2340,6120,0.17518641631480314,-0.4581798580540793,0.05390351271224712,0.6935528955738415
USDJPY,2023-04-12,133.636,134.047,132.73,133.114,4110,9060,0.30755185728396645,-0.677961028465388,-0.39061330779130726,0.6821290916796598
USDJPY,2023-04-13,133.114,133.394,132.01,132.551,2800,11040,0.21034601920158746,-0.8293643042805515,-0.4229457457517741,0.6864721137399585
USDJPY,2023-04-14,132.549,133.837,132.16,133.745,12880,3890,0.9717161200763359,-0.2934763747746192,0.9023078257851798,0.6479538275222545
USDJPY,2023-04-17,133.812,134.572,133.707,134.426,7600,1050,0.5679610199384142,-0.07846829880729544,0.45885271873970634,0.6436618330710845
USDJPY,2023-04-18,134.428,134.706,133.86,134.074,2780,5680,0.20680215431308327,-0.4225310203231348,-0.26333799506054173,0.6230955672548015
USDJPY,2023-04-19,134.07,135.138,133.95,134.601,10680,1200,0.7965987916759992,-0.0895054822107888,0.39606175878272987,0.5942923539203633
USDJPY,2023-04-20,134.613,134.975,134.01,134.22,3620,6030,0.2689190494231573,-0.4479507922711838,-0.29194802879365345,0.5889012587386714
USDJPY,2023-04-21,134.205,134.491,133.546,134.096,2860,6590,0.2131068142021544,-0.49103982713015176,-0.0812190305875406,0.5888501613367021
USDJPY,2023-04-24,134.008,134.73,133.888,134.186,7220,1200,0.5387738045489672,-0.0895468927228259,0.1328278908721847,0.5703843266080721
USDJPY,2023-04-25,134.182,134.479,133.363,133.73,2970,8190,0.2213411634943774,-0.6103650266056464,-0.33685591211935895,0.5608766757726852
USDJPY,2023-04-26,133.702,133.94,133.0,133.624,2380,7020,0.1780078084097467,-0.5250482416119416,-0.05833869351244032,0.464749988640891
USDJPY,2023-04-27,133.628,134.197,133.198,133.89,5690,4300,0.4258089621935649,-0.3217888466488898,0.19606669260933374,0.46599815533192035
USDJPY,2023-04-28,133.864,136.561,133.331,136.24,26970,5330,2.0147313691507818,-0.3981653020976629,1.774935755692348,0.6075398057378958
USDJPY,2023-05-01,136.172,137.543,136.149,137.465,13710,230,1.0068149105543058,-0.01689040331345367,0.9495344123608425,0.6070784891587745
USDJPY,2023-05-02,137.464,137.774,136.3,136.523,3100,11640,0.22551358901239762,-0.8467671535820195,-0.684542862131178,0.6185678579586511
USDJPY,2023-05-03,136.53,136.572,134.53,134.595,420,20000,0.030762469786861195,-1.4648795136600015,-1.417270929466053,0.7064729736880945
USDJPY,2023-05-04,134.594,134.877,133.498,134.233,2830,10960,0.21026197304487235,-0.8143007860677324,-0.2682140362868999,0.7099197071990517
USDJPY,2023-05-05,134.226,135.125,133.88,134.819,8990,3460,0.6697659171844508,-0.2577742017194907,0.4417922012128718,0.7121306557667157
USDJPY,2023-05-08,134.826,135.297,134.638,135.054,4710,1880,0.34933914823550627,-0.13943898061203935,0.16910684882738392,0.6726094899728565
USDJPY,2023-05-09,135.044,135.357,134.71,135.205,3130,3340,0.23177630994341708,-0.24732679719202863,0.11922040223927116,0.6727215343784133
USDJPY,2023-05-10,135.215,135.47,134.1,134.283,2550,11150,0.18858854417039192,-0.824612653921539,-0.689272639869849,0.6865694292984079
USDJPY,2023-05-11,134.292,134.844,133.74,134.51,5520,5520,0.41104458940219263,-0.41104458940219263,0.16233282697404858,0.6777059304960906
USDJPY,2023-05-12,134.494,135.753,134.38,135.745,12590,1140,0.9361012387169585,-0.08476214552322357,0.9301530179785007,0.6795090696445415
USDJPY,2023-05-15,135.705,136.325,135.695,136.078,6200,100,0.4568733650196942,-0.007368925242267658,0.2748609115360454,0.6753713022518613
USDJPY,2023-05-16,136.079,136.684,135.653,136.36,6050,4260,0.4445946839703332,-0.3130534468948303,0.2064976961911874,0.6712225927778507
USDJPY,2023-05-17,136.369,137.712,136.29,137.551,13430,790,0.9848279301014081,-0.05793105471185367,0.866765907207641,0.6902688600630279
USDJPY,2023-05-18,137.556,138.746,137.28,138.671,11900,2760,0.8651022129169194,-0.20064555526477248,0.8105789642036556,0.6996150842939185
USDJPY,2023-05-19,138.665,138.684,137.42,137.878,190,12450,0.013702087765481886,-0.8978473298957953,-0.5675548984963806,0.717217830345281
USDJPY,2023-05-22,137.996,138.687,137.49,138.564,6910,5060,0.5007391518594759,-0.36667729499405793,0.41160613351110437,0.7195587833853299
USDJPY,2023-05-23,138.565,138.909,138.24,138.524,3440,3250,0.24825893984772063,-0.23454696351891793,-0.029589001551616076,0.7115247187239196
USDJPY,2023-05-24,138.521,139.477,138.229,139.353,9560,2920,0.6901480641924455,-0.2107983627031087,0.6006309512637232,0.7151584963992058
USDJPY,2023-05-25,139.354,140.228,138.811,140.055,8740,5430,0.6271797006185651,-0.38965512292435545,0.5030354349354833,0.718066726330547
USDJPY,2023-05-26,140.057,140.724,139.492,140.595,6670,5650,0.4762346758819635,-0.40340718421785254,0.3841293187773628,0.6212070766031984
USDJPY,2023-05-29,140.636,140.917,140.108,140.367,2810,5280,0.19980659290651465,-0.3754372991268179,-0.1912739270172683,0.5966588625060852
USDJPY,2023-05-30,140.368,140.932,139.568,139.773,5640,8000,0.4018009802804008,-0.569930468482833,-0.42388578593411524,0.5812294549342648
USDJPY,2023-05-31,139.776,140.396,139.21,139.299,6200,5660,0.4435668498168327,-0.40493360805860984,-0.34126030219780495,0.47138310247440873
USDJPY,2023-06-01,139.314,139.949,138.43,138.815,6350,8840,0.4558048724464299,-0.6345378066812999,-0.35818367141851876,0.4761748524163025
USDJPY,2023-06-02,138.817,140.07,138.6,139.947,12530,2170,0.9026271998386263,-0.15632091170390727,0.8140213374442579,0.4945253088958442
USDJPY,2023-06-05,139.951,140.453,139.24,139.536,5020,7110,0.35869697251181454,-0.5080349550914137,-0.29653235775377956,0.5060211849093909
USDJPY,2023-06-06,139.539,139.993,139.09,139.624,4540,4490,0.32535706863314756,-0.32177384100501216,0.060914869678016875,0.5064321157464758
USDJPY,2023-06-07,139.63,140.247,139.02,140.13,6170,6100,0.44188211702357566,-0.4368688677218257,0.35808923583757074,0.4669986419059614
USDJPY,2023-06-08,140.098,140.225,138.8,138.887,1270,12980,0.090650830133179,-0.9264943111250709,-0.8643949235535215,0.5251805927260953
USDJPY,2023-06-09,138.888,139.724,138.755,139.355,8360,1330,0.6019238523126434,-0.09576061286792939,0.3362421519497613,0.4951190920582409
USDJPY,2023-06-12,139.392,139.765,139.05,139.592,3730,3420,0.2675906795224909,-0.24535123966941041,0.14348025711663298,0.4939344832358324
USDJPY,2023-06-13,139.592,140.306,139.0,140.2,7140,5920,0.5114906298355196,-0.42409307123618323,0.4355550461344315,0.49865027672684203
USDJPY,2023-06-14,140.2,140.281,139.279,140.033,810,9210,0.05777460770329336,-0.6569186875891528,-0.1191155492154077,0.4701729716512172
USDJPY,2023-06-15,140.04,141.503,139.936,140.257,14630,1040,1.0447015138531806,-0.07426449585831547,0.15495572693517065,0.4385940421841408
USDJPY,2023-06-16,140.265,141.911,139.84,141.825,16460,4250,1.1734930310483835,-0.3029978968381157,1.1121805154528945,0.47344659591350763
USDJPY,2023-06-19,141.769,142.01,141.438,141.914,2410,3310,0.16999485077836865,-0.23347840501098072,0.10227905959693713,0.46894993845865
USDJPY,2023-06-20,141.912,142.252,141.19,141.375,3400,7220,0.23958509498844593,-0.5087659958284066,-0.3784035176729284,0.4810984926231821
USDJPY,2023-06-21,141.375,142.368,141.26,141.838,9930,1150,0.7023872679045058,-0.08134394341291536,0.32749778956675074,0.4699350423829858
USDJPY,2023-06-22,141.838,143.227,141.607,143.072,13890,2310,0.9792862279502038,-0.16286185648415413,0.8700066272790148,0.4935644285917132
USDJPY,2023-06-23,143.064,143.871,142.674,143.655,8070,3900,0.564083207515529,-0.27260526757254544,0.4131018285522621,0.4944644335504949
USDJPY,2023-06-26,143.602,143.716,142.934,143.456,1140,6680,0.0793860809738056,-0.46517457974123366,-0.1016698931769857,0.4920121909398902
USDJPY,2023-06-27,143.466,144.175,143.279,144.038,7090,1870,0.4941937462534699,-0.13034447186093695,0.39870073745696033,0.4790469671636347
USDJPY,2023-06-28,144.028,144.616,143.727,144.373,5880,3010,0.4082539506207281,-0.20898714138916583,0.23953675674174388,0.46487856240173075
USDJPY,2023-06-29,144.381,144.898,144.127,144.733,5170,2540,0.3580803568336526,-0.17592342482736004,0.2437993918867468,0.4471861559473883
USDJPY,2023-06-30,144.733,145.067,144.2,144.261,3340,5330,0.23076976225187287,-0.3682643211983552,-0.32611774785294884,0.43906880825443717
USDJPY,2023-07-03,144.26,144.913,143.982,144.655,6530,2780,0.45265492860115075,-0.192707611257446,0.2738111742686887,0.42650603732430653
USDJPY,2023-07-04,144.654,144.7,144.19,144.44,460,4640,0.03180001935652818,-0.32076541263981545,-0.14793922048474195,0.4321977301879107
USDJPY,2023-07-05,144.447,144.734,144.07,144.546,2870,3770,0.19868879242906126,-0.2609953823893951,0.06853724895635738,0.43053827102678344
USDJPY,2023-07-06,144.555,144.653,143.552,144.041,980,10030,0.06779426515857961,-0.6938535505517031,-0.35557400297465325,0.37880012619909387
USDJPY,2023-07-07,144.025,144.202,142.056,142.083,1770,19690,0.12289533067175316,-1.3671237632355453,-1.3483770178788455,0.5084152869277386
USDJPY,2023-07-10,142.133,143.005,141.236,141.319,8720,8970,0.6135098815897685,-0.6310990410390407,-0.5727030316675377,0.5299789548009647
USDJPY,2023-07-11,141.319,141.459,140.14,140.343,1400,11790,0.09906665062731465,-0.8342827220685132,-0.69063607865892,0.5480019429109227
USDJPY,2023-07-12,140.344,140.352,138.15,138.414,80,21940,0.005700279313693338,-1.5633016017784789,-1.3751923844268419,0.6293053404890839
USDJPY,2023-07-13,138.417,138.956,137.919,138.057,5390,4980,0.38940303575426954,-0.35978239667092227,-0.26008366024405505,0.6288739943946308
USDJPY,2023-07-14,138.055,139.157,137.237,138.743,11020,8180,0.7982325884611233,-0.5925174749194249,0.4983521060446837,0.5810253444208885
USDJPY,2023-07-17,138.696,139.407,137.99,138.698,7110,7060,0.5126319432427847,-0.5090269366095553,0.0014420026532917674,0.5795580416762588
USDJPY,2023-07-18,138.69,139.134,137.679,138.81,4440,10110,0.3201384382435564,-0.7289638762708167,0.08652390222799376,0.5775927798677218
USDJPY,2023-07-19,138.818,139.993,138.75,139.592,11750,680,0.8464320189024355,-0.048985001945001404,0.5575645809621237,0.5884884404394349
USDJPY,2023-07-20,139.598,140.498,139.108,140.036,9000,4900,0.6447083769108276,-0.35100789409591043,0.3137580767632689,0.5535142133768497
USDJPY,2023-07-21,140.056,141.956,139.744,141.77,19000,3120,1.3566002170560183,-0.22276803564289413,1.2237961958073902,0.6191771056869039
USDJPY,2023-07-24,141.706,141.811,140.74,141.442,1050,9660,0.07409707422411062,-0.6816930828616854,-0.1863012151920043,0.6197397433115877
USDJPY,2023-07-25,141.436,141.737,140.848,140.91,3010,5880,0.21281710455611563,-0.4157357391328897,-0.3718996577957595,0.6131260332469215
USDJPY,2023-07-26,140.918,141.186,139.92,140.194,2680,9980,0.19018152400686972,-0.7082132871599219,-0.5137739678394655,0.6138951128816413
USDJPY,2023-07-27,140.197,141.32,138.76,139.416,11230,14370,0.8010157136029946,-1.0249862693210352,-0.5570732611967488,0.6133843617848697
USDJPY,2023-07-28,139.403,141.183,138.058,141.14,17800,13450,1.276873524960009,-0.9648285904894435,1.2460277038514198,0.6901587667813049
USDJPY,2023-07-31,141.056,142.689,140.688,142.25,16330,3680,1.157696234119769,-0.26088929219602386,0.8464723230489936,0.7180392080311794
USDJPY,2023-08-01,142.264,143.546,142.203,142.76,12820,610,0.9011415396727086,-0.042878029578816174,0.3486475847719598,0.7240127331159478
USDJPY,2023-08-02,142.76,143.476,142.228,143.288,7160,5320,0.5015410479125864,-0.3726534043149218,0.36985149901934716,0.7297656113567234
USDJPY,2023-08-03,143.279,143.892,142.059,142.511,6130,12200,0.4278365985245567,-0.8514855631320702,-0.5360171413815009,0.7350085805275403
USDJPY,2023-08-04,142.514,142.903,141.548,141.71,3890,9660,0.2729556394459362,-0.677828143199972,-0.5641551005515262,0.6807903139140503
USDJPY,2023-08-07,141.715,142.583,141.511,142.485,8680,2040,0.6124969128179762,-0.14395088734432326,0.5433440355643441,0.677693484847784
USDJPY,2023-08-08,142.473,143.492,142.38,143.34,10190,930,0.7152232352796508,-0.06527552588912827,0.608536354256589,0.6652124138000026
USDJPY,2023-08-09,143.341,143.75,142.99,143.673,4090,3510,0.28533357518085667,-0.2448706231992236,0.2316155182397176,0.5654397613611343
USDJPY,2023-08-10,143.668,144.817,143.274,144.68,11490,3940,0.7997605590667378,-0.27424339449286234,0.704401815296378,0.5657732264907579
USDJPY,2023-08-11,144.681,145.0,144.415,144.93,3190,2660,0.22048506714771696,-0.1838527519162983,0.17210276401185726,0.5627048115827352
USDJPY,2023-08-14,144.946,145.58,144.649,145.534,6340,2970,0.4374042746954139,-0.20490389524374392,0.40566831785630086,0.5614635594388433
USDJPY,2023-08-15,145.538,145.865,145.1,145.543,3270,4380,0.22468358779150335,-0.3009523286014763,0.0034355288653104016,0.5630144658344516
USDJPY,2023-08-16,145.545,146.407,145.302,146.248,8620,2430,0.5922566903706917,-0.1669586725754887,0.48301212683362743,0.5610607045298517
USDJPY,2023-08-17,146.259,146.561,145.615,145.803,3020,6440,0.20648301984836553,-0.44031478404746177,-0.31177568559882735,0.5739364886909369
USDJPY,2023-08-18,145.816,145.84,144.923,145.38,240,8930,0.016459099138641103,-0.6124156471169149,-0.2990069676853069,0.5314222076159693
USDJPY,2023-08-21,145.395,146.404,145.14,146.202,10090,2550,0.6939715946215386,-0.17538429794698845,0.555039719385115,0.5339624098592615
USDJPY,2023-08-22,146.203,146.401,145.491,145.858,1980,7120,0.13542813758952107,-0.48699411092794886,-0.23597327004233762,0.5275524257335328
USDJPY,2023-08-23,145.856,145.877,144.53,144.787,210,13260,0.014397762176403444,-0.9091158402808205,-0.7329146555506721,0.5446112235768563
USDJPY,2023-08-24,144.802,145.958,144.58,145.826,11560,2220,0.7983315147580876,-0.15331279954695376,0.7071725528652926,0.5296693877389832
USDJPY,2023-08-25,145.826,146.635,145.719,146.404,8090,1070,0.5547707541864946,-0.0733751182916622,0.39636278852879664,0.4749005080578286
USDJPY,2023-08-28,146.404,146.746,146.268,146.528,3420,1360,0.23360017485861928,-0.09289363678587721,0.0846971394224169,0.4488734965888995
USDJPY,2023-08-29,146.526,147.374,145.664,145.907,8480,8620,0.5787368794616551,-0.5882914977546805,-0.42245062309760706,0.46349270983973107
USDJPY,2023-08-30,145.91,146.537,145.554,146.162,6270,3560,0.42971694880406386,-0.24398601877869547,0.17270920430402958,0.4597150296377412
USDJPY,2023-08-31,146.181,146.228,145.345,145.506,470,8360,0.03215192124831342,-0.5718937481615345,-0.46175631580028276,0.45459356172706433
USDJPY,2023-09-01,145.536,146.294,144.439,146.193,7580,10970,0.52083333333334,-0.7537653913808325,0.4514346965699282,0.4324480529713962
USDJPY,2023-09-04,146.188,146.495,146.018,146.451,3070,1700,0.21000355706351848,-0.1162886146605655,0.1799053273866564,0.42269861013280546
USDJPY,2023-09-05,146.45,147.802,146.44,147.676,13520,100,0.9231819733697535,-0.006828269033793722,0.837145783543871,0.4389667914571294
USDJPY,2023-09-06,147.674,147.818,147.012,147.608,1440,6620,0.0975120874358421,-0.44828473529531676,-0.04469304007476096,0.4404772740564418
USDJPY,2023-09-07,147.625,147.874,147.038,147.273,2490,5870,0.16867061812023385,-0.3976291278577403,-0.23844199830652252,0.4262409724572843
USDJPY,2023-09-08,147.273,147.87,146.583,147.81,5970,6900,0.4053696196858952,-0.46851765089323755,0.3646289543908294,0.43046277986637466
USDJPY,2023-09-11,146.793,147.276,145.899,146.547,4830,8940,0.3290347632380318,-0.6090208661175979,-0.16758292289142487,0.42774423746467344
USDJPY,2023-09-12,146.548,147.257,146.433,147.107,7090,1150,0.48380052951934055,-0.07847258236209917,0.38144498730791104,0.4331493204410291
USDJPY,2023-09-13,147.108,147.745,147.009,147.367,6370,990,0.43301519971721486,-0.0672974957174443,0.17606112515973715,0.4236361324310512
USDJPY,2023-09-14,147.367,147.566,147.012,147.42,1990,3550,0.13503701642838103,-0.24089518006065794,0.03596463251609741,0.41419048521450186
USDJPY,2023-09-15,147.421,147.95,147.334,147.835,5290,870,0.3588362580636384,-0.05901465869854979,0.28082837587590354,0.4059617349552272
USDJPY,2023-09-18,147.75,147.879,147.55,147.59,1290,2000,0.08730964467004446,-0.13536379018611752,-0.10829103214889786,0.39515594428051354
USDJPY,2023-09-19,147.591,147.921,147.49,147.773,3300,1010,0.22359086936194217,-0.0684323569865365,0.12331375219355377,0.38800283167021904
USDJPY,2023-09-20,147.771,148.358,147.46,148.192,5870,3110,0.397236264219649,-0.210460780532025,0.28490028490029895,0.3361891795273792
USDJPY,2023-09-21,148.179,148.458,147.318,147.561,2790,8610,0.18828578948433744,-0.5810539955054292,-0.4170631465997172,0.3323848376990136
USDJPY,2023-09-22,147.569,148.419,147.504,148.36,8500,650,0.5760017347817108,-0.044047191483304576,0.5360204378968654,0.34040926376033315
USDJPY,2023-09-25,148.285,148.965,148.239,148.828,6800,460,0.458576390059687,-0.03102134403344389,0.36618673500354476,0.34541944509352135
USDJPY,2023-09-26,148.831,149.186,148.701,149.0,3550,1300,0.23852557598888552,-0.08734739402409139,0.11355161223133027,0.32135724105685587
USDJPY,2023-09-27,148.984,149.708,148.856,149.474,7240,1280,0.485958223701867,-0.08591526606884922,0.3288943779197636,0.32399606522806285
USDJPY,2023-09-28,149.477,149.559,149.143,149.279,820,3340,0.05485793801052579,-0.22344574750630744,-0.13246185031811417,0.298582032060017
USDJPY,2023-09-29,149.274,149.506,148.524,149.33,2320,7500,0.15541889411417883,-0.5024317697656658,0.03751490547584415,0.292147801124933
USDJPY,2023-10-02,149.497,149.878,149.395,149.824,3810,1020,0.25485461246712093,-0.06822879388884316,0.21873348629069356,0.29250752610360214
USDJPY,2023-10-03,149.83,150.16,147.277,149.044,3300,25530,0.22024961623171865,-1.7039311219382136,-0.5245945404792106,0.28215944674113697
USDJPY,2023-10-04,149.044,149.318,148.73,149.008,2740,3140,0.18383832962078372,-0.21067604197419645,-0.02415394111806001,0.28171589612417897
USDJPY,2023-10-05,149.005,149.116,148.255,148.485,1110,7500,0.07449414449180794,-0.5033388141337539,-0.3489815777993905,0.28931078935910226
USDJPY,2023-10-06,148.487,149.536,148.354,149.274,10490,1330,0.7064591513061794,-0.08957013071850152,0.530012728387001,0.3001478528737059
USDJPY,2023-10-09,149.1,149.24,148.427,148.521,1400,6730,0.09389671361503339,-0.4513749161636498,-0.38832997987928086,0.313660766514602
USDJPY,2023-10-10,148.525,149.097,148.158,148.672,5720,3670,0.38512035010941104,-0.24709644840937123,0.09897323682881087,0.3053121815802859
USDJPY,2023-10-11,148.676,149.324,148.42,149.07,6480,2560,0.4358470768651461,-0.17218649950227358,0.2650057843902213,0.30773977261244423
USDJPY,2023-10-12,149.077,149.829,148.951,149.76,7520,1260,0.5044373042119238,-0.08452008022699999,0.45815249837331895,0.31996689925446103
USDJPY,2023-10-13,149.762,149.828,149.448,149.515,660,3140,0.04406992427985904,-0.209666003392044,-0.16492835298674838,0.32112452878680114
USDJPY,2023-10-16,149.433,149.764,149.371,149.526,3310,620,0.22150395160374034,-0.041490166161412406,0.06223524924214714,0.3186016286872271
USDJPY,2023-10-17,149.52,149.85,148.739,149.77,3300,7810,0.22070626003209207,-0.5223381487426471,0.16720171214553237,0.31913052974307643
USDJPY,2023-10-18,149.774,149.936,149.481,149.782,1620,2930,0.10816296553474311,-0.19562807963999518,0.005341381014067713,0.3154780792845489
USDJPY,2023-10-19,149.774,149.963,149.662,149.756,1890,1120,0.1261901264571908,-0.0747793341968531,-0.012018107281638123,0.29566252196007337
USDJPY,2023-10-20,149.751,149.993,149.639,149.831,2420,1120,0.161601591976007,-0.07479081942691185,0.05342201387635748,0.27545636682413277
USDJPY,2023-10-23,149.79,149.99,149.547,149.696,2000,2430,0.13352026169972434,-0.16222711796514788,-0.06275452299886114,0.26654672127943085
USDJPY,2023-10-24,149.696,149.929,149.318,149.843,2330,3780,0.15564878153057135,-0.2525117571611706,0.09819901667378644,0.2663277028143494
USDJPY,2023-10-25,149.841,150.315,149.788,150.137,4740,530,0.31633531543435345,-0.035370826409325394,0.19754272862567138,0.2602031987867485
USDJPY,2023-10-26,150.158,150.778,149.83,150.368,6200,3280,0.4128984136709363,-0.21843658013557357,0.13985268850145047,0.2585555644337243
USDJPY,2023-10-27,150.364,150.411,149.456,149.599,470,9080,0.03125748184405645,-0.6038679471150112,-0.5087653959724501,0.28624022445256
USDJPY,2023-10-30,149.559,149.854,148.8,149.047,2950,7590,0.19724657158714348,-0.5074920265580715,-0.34233981238173594,0.2924437873078826
USDJPY,2023-10-31,149.048,151.727,148.997,151.627,26790,510,1.7974075465621826,-0.03421716494014527,1.7303150662873756,0.46776964066096405
USDJPY,2023-11-01,151.616,151.643,150.658,150.903,270,9580,0.017808146897416374,-0.6318594343605073,-0.4702669902912768,0.4842328055628668
USDJPY,2023-11-02,150.901,150.934,149.84,150.43,330,10610,0.02186864235491285,-0.7031099860173272,-0.3121251681566084,0.48260016052245847
USDJPY,2023-11-03,150.428,150.517,149.181,149.333,890,12470,0.059164517244129175,-0.8289680112744873,-0.7279229930598019,0.5020646967401836
USDJPY,2023-11-06,149.35,150.081,149.3,150.071,7310,500,0.48945430197522233,-0.03347840642784262,0.48275862068965764,0.5030770698009327
USDJPY,2023-11-07,150.057,150.691,149.896,150.348,6340,1610,0.422506114343226,-0.10729256215971356,0.19392630800297572,0.503932468254037
USDJPY,2023-11-08,150.307,151.056,150.296,150.974,7490,110,0.4983134518019944,-0.0073183550998926735,0.44375844105730383,0.509267372717287
USDJPY,2023-11-09,150.966,151.387,150.766,151.341,4210,2000,0.2788707391068136,-0.13248016109588717,0.2484003020547673,0.5030087828727681
USDJPY,2023-11-10,151.336,151.602,151.218,151.472,2660,1180,0.17576782787967907,-0.07797219432258247,0.0898662578632947,0.5002018445052202
USDJPY,2023-11-13,151.46,151.908,151.202,151.719,4480,2580,0.29578766671066886,-0.17034200448964068,0.17100224481710427,0.5006601968865203
USDJPY,2023-11-14,151.704,151.782,150.151,150.378,780,15530,0.05141591520329256,-1.0237040552655152,-0.8740705584559548,0.5433553268459395
USDJPY,2023-11-15,150.357,151.422,150.04,151.335,10650,3170,0.7083142121750219,-0.21083155423426064,0.6504519244198864,0.5608552752150571
USDJPY,2023-11-16,151.311,151.43,150.28,150.723,1190,10310,0.0786459675767127,-0.6813780888369028,-0.3886036044966948,0.5696340655703964
USDJPY,2023-11-17,150.71,150.774,149.196,149.562,640,15140,0.042465662530683394,-1.0045783292415964,-0.7617278216442148,0.5971674884528635
USDJPY,2023-11-20,149.654,149.986,148.098,148.344,3320,15560,0.22184505592900533,-1.0397316476672747,-0.8753524797198887,0.6284758431309737
USDJPY,2023-11-21,148.35,148.594,147.148,148.379,2440,12020,0.16447590158409153,-0.8102460397708111,0.019548365352205166,0.6278063225408802
USDJPY,2023-11-22,148.373,149.748,148.013,149.533,13750,3600,0.9267184730375473,-0.24263174566800244,0.7818134027080377,0.6527687811384304
USDJPY,2023-11-23,149.524,149.691,148.883,149.561,1670,6410,0.1116877558117771,-0.42869372140926615,0.024745191407403586,0.6518339816690313
USDJPY,2023-11-24,149.55,149.709,149.192,149.403,1590,3580,0.10631895687060636,-0.23938482113005954,-0.09829488465397511,0.6420643811687969
USDJPY,2023-11-27,149.403,149.676,148.544,148.669,2730,8590,0.18272725447279917,-0.5749549875169712,-0.4912886622089118,0.6470798839254518
USDJPY,2023-11-28,148.621,148.83,147.317,147.478,2090,13040,0.14062615646510465,-0.8773995599545165,-0.7690703198067572,0.5231438854622457
USDJPY,2023-11-29,147.475,147.905,146.665,147.235,4300,8100,0.2915748431937663,-0.5492456348533665,-0.16273944736394688,0.517198584701987
USDJPY,2023-11-30,147.228,148.52,146.832,148.176,12920,3960,0.8775504659439791,-0.2689705762490932,0.6438992582932452,0.541878541171456
USDJPY,2023-12-01,148.168,148.347,146.657,146.772,1790,15110,0.1208088116192444,-1.0197883483613166,-0.9421737487176819,0.5574645367970519
USDJPY,2023-12-04,146.679,147.451,146.22,147.204,7720,4590,0.5263193776886884,-0.3129282310351197,0.3579244472623932,0.5514910263954509
USDJPY,2023-12-05,147.198,147.39,146.557,147.145,1920,6410,0.1304365548444808,-0.43546787320481223,-0.03600592399353066,0.5477123898501912
USDJPY,2023-12-06,147.136,147.499,146.891,147.308,3630,2450,0.24671052631578916,-0.1665126141800814,0.1168986515876448,0.5354224568549534
USDJPY,2023-12-07,147.292,147.327,141.615,144.098,350,56770,0.02376232246150272,-3.854248703256112,-2.1684816554870516,0.6973932813410216
USDJPY,2023-12-08,144.099,145.216,142.492,144.893,11170,16070,0.7751615208988395,-1.1152055184283023,0.5510100694661387,0.7160920668420919
USDJPY,2023-12-11,144.902,146.589,144.806,146.143,16870,960,1.1642351382313647,-0.06625167354486151,0.8564409048874508,0.7509668796428562
USDJPY,2023-12-12,146.144,146.183,144.727,145.449,390,14170,0.02668600832055183,-0.9695916356470341,-0.47555835340485625,0.7366839751228184
USDJPY,2023-12-13,145.447,145.993,142.634,142.879,5460,28130,0.37539447358831207,-1.9340378282123498,-1.7655915900637429,0.7930178580743944
USDJPY,2023-12-14,142.87,142.909,140.954,141.859,390,19160,0.027297543221101186,-1.3410793028627401,-0.7076363127318511,0.7985253835786973
USDJPY,2023-12-15,141.843,142.464,141.426,142.141,6210,4170,0.43780799898479966,-0.29398701381104575,0.2100914391263593,0.7982030249403032
USDJPY,2023-12-18,142.056,143.158,142.046,142.737,11020,100,0.7757504082896712,-0.007039477389212231,0.47938841020441453,0.7995097691468697
USDJPY,2023-12-19,142.737,144.955,142.242,143.82,22180,4950,1.553906835648793,-0.34679165177914945,0.7587380987410401,0.8258121724225976
USDJPY,2023-12-20,143.82,144.099,143.258,143.543,2790,5620,0.19399249061326407,-0.39076623557223156,-0.19260186344040248,0.7966840690981891
USDJPY,2023-12-21,143.562,143.588,142.04,142.102,260,15220,0.01811064209190596,-1.060169125534626,-1.0169822097769659,0.8156965140526428
USDJPY,2023-12-22,142.102,142.662,141.859,142.401,5600,2430,0.39408312339024243,-0.17100392675683312,0.21041223909586534,0.8214713185196073
USDJPY,2023-12-25,142.424,142.541,142.087,142.229,1170,3370,0.08214907599842036,-0.2366174240296702,-0.1369151266640406,0.8192934394288398
USDJPY,2023-12-26,142.299,142.634,142.084,142.387,3350,2150,0.2354197851003728,-0.1510903098405494,0.06184161519054516,0.8104414866152571
USDJPY,2023-12-27,142.388,142.848,141.546,141.82,4600,8420,0.3230609321010253,-0.5913419670197018,-0.3989100205073546,0.8120812074377436
USDJPY,2023-12-28,141.812,141.824,140.244,141.399,120,15680,0.008461907313908876,-1.1056892223507262,-0.2912306433870271,0.788750578197063
USDJPY,2023-12-29,141.386,141.913,140.794,140.998,5270,5920,0.37273846066796945,-0.41871189509568457,-0.2744260393532636,0.7707887857204685
USDJPY,2024-01-01,140.84,140.914,140.779,140.866,740,610,0.052541891508082826,-0.04331155921613678,0.018460664583932446,0.761700786289918
USDJPY,2024-01-02,140.849,142.216,140.799,141.983,13670,500,0.9705429218524936,-0.03549900957762068,0.8051175372207219,0.7943377868247975
USDJPY,2024-01-03,141.985,143.736,141.854,143.29,17510,1310,1.233228862203737,-0.09226326724654028,0.919111173715518,0.8289796774856358
USDJPY,2024-01-04,143.277,144.85,142.85,144.624,15730,4270,1.097873350223698,-0.2980241071490836,0.9401369375405743,0.7089802243885981
USDJPY,2024-01-05,144.621,145.976,143.801,144.603,13550,8200,0.936931704247647,-0.5669992601351267,-0.012446325222478535,0.6981975105738146
USDJPY,2024-01-08,144.566,144.919,143.656,144.222,3530,9100,0.2441791292558476,-0.6294702765518839,-0.2379535990481815,0.6697991425564209
USDJPY,2024-01-09,144.224,144.623,143.416,144.47,3990,8080,0.27665298424672796,-0.5602396272465004,0.1705680053250564,0.6640217927252254
USDJPY,2024-01-10,144.464,145.831,144.31,145.755,13670,1540,0.9462565068113787,-0.10660095248643009,0.8936482445453516,0.5538304269186534
USDJPY,2024-01-11,145.746,146.415,144.968,145.28,6690,7780,0.45901774319705696,-0.5338053874549009,-0.31973433233159615,0.5299709695676216
USDJPY,2024-01-12,145.266,145.566,144.349,144.904,3000,9170,0.20651769856677502,-0.6312557652857528,-0.2491980229372288,0.5362008623281597
USDJPY,2024-01-15,144.878,145.941,144.791,145.715,10630,870,0.7337207857645859,-0.0600505252695296,0.5777274672483176,0.5402373367218081
USDJPY,2024-01-16,145.715,147.311,145.58,147.172,15960,1350,1.0952887485845682,-0.09264660467350026,0.9998970593281361,0.5578533726531263
USDJPY,2024-01-17,147.173,148.524,147.044,148.155,13510,1290,0.9179672901958913,-0.08765194702832087,0.6672419533474205,0.5653073064951684
USDJPY,2024-01-18,148.139,148.3,147.65,148.153,1610,4890,0.10868171109566108,-0.3300953833899272,0.009450583573523233,0.49436848474625594
USDJPY,2024-01-19,148.15,148.804,147.834,148.128,6540,3160,0.44144448194397323,-0.21329733378332938,-0.014849814377333636,0.49710032265855775
USDJPY,2024-01-22,148.237,148.304,147.614,148.095,670,6230,0.04519789256393969,-0.42027294130344683,-0.0957925484190829,0.4956886912711358
USDJPY,2024-01-23,148.082,148.696,146.967,148.327,6140,11150,0.4146351345875963,-0.7529611971745254,0.16544887292176264,0.494616287928142
USDJPY,2024-01-24,148.303,148.391,146.644,147.494,880,16590,0.05933797697955798,-1.1186557251033302,-0.5455048110962,0.5051451681449506
USDJPY,2024-01-25,147.505,147.958,147.077,147.658,4530,4280,0.30710823361920137,-0.29015965560489293,0.10372529744753844,0.4922269179346334
USDJPY,2024-01-26,147.648,148.209,147.393,148.149,5610,2550,0.37995773732120114,-0.17270806241872255,0.3393205461638524,0.47831953401924077
USDJPY,2024-01-29,148.09,148.333,147.248,147.497,2430,8420,0.16408940509149503,-0.5685731649672584,-0.4004321696265712,0.49806514088906484
USDJPY,2024-01-30,147.48,147.927,147.094,147.599,4470,3860,0.3030919446704657,-0.26173040412258997,0.08068890697043653,0.48051334591192024
USDJPY,2024-01-31,147.592,147.898,146.005,146.889,3060,15870,0.20732831047752123,-1.0752615317903527,-0.476313079299693,0.4717625444403614
USDJPY,2024-02-01,146.886,147.114,145.891,146.408,2280,9950,0.15522241738491663,-0.6773960758683636,-0.3254224364473188,0.4412357423233807
USDJPY,2024-02-02,146.398,148.584,146.237,148.308,21860,1610,1.4931897976748365,-0.10997417997513721,1.3046626320031671,0.5200787801339408
USDJPY,2024-02-05,148.401,148.895,148.262,148.667,4940,1390,0.33288185389586306,-0.09366513702738526,0.1792440751746896,0.5127593546369833
USDJPY,2024-02-06,148.667,148.789,147.797,147.934,1220,8700,0.08206259627219603,-0.585200481613273,-0.49304822186497615,0.5326627120749389
USDJPY,2024-02-07,147.939,148.258,147.618,148.179,3190,3210,0.21562941482639253,-0.216981323383285,0.16222902682863147,0.5009160196102318
USDJPY,2024-02-08,148.171,149.479,147.925,149.315,13080,2460,0.8827638336786694,-0.16602439073771583,0.772080906520173,0.5139852025265856
USDJPY,2024-02-09,149.298,149.575,149.002,149.256,2770,2960,0.18553497032779193,-0.1982611957293415,-0.028131656150786742,0.5075557175004416
USDJPY,2024-02-12,149.239,149.481,148.922,149.34,2420,3170,0.16215600479766698,-0.21241096496224665,0.06767667968828463,0.4976024271882826
USDJPY,2024-02-13,149.332,150.885,149.224,150.779,15530,1080,1.0399646425414495,-0.07232207430423761,0.968981865909519,0.4947770386762407
USDJPY,2024-02-14,150.781,150.808,150.339,150.556,270,4420,0.017906765441260377,-0.29314038240892903,-0.1492230453439056,0.48091617814897086
USDJPY,2024-02-15,150.535,150.589,149.522,149.906,540,10130,0.03587205633241575,-0.6729332049025178,-0.4178430265386725,0.49359731269176527
USDJPY,2024-02-16,149.904,150.646,149.818,150.181,7420,860,0.49498345607855043,-0.05737005016542875,0.18478492902125043,0.4940250295010943
USDJPY,2024-02-19,150.075,150.257,149.869,150.112,1820,2060,0.12127269698485182,-0.1372647009828345,0.0246543394969223,0.49263160614463347
USDJPY,2024-02-20,150.077,150.438,149.679,150.003,3610,3980,0.24054318783024048,-0.26519719877129483,-0.049308021882108706,0.4929169398532505
USDJPY,2024-02-21,149.994,150.393,149.848,150.274,3990,1460,0.2660106404256176,-0.09733722682239729,0.1866741336320127,0.47191951686155303
USDJPY,2024-02-22,150.294,150.689,150.012,150.528,3950,2820,0.26281820964242203,-0.18763224080802338,0.15569483811727708,0.4720740168807096
USDJPY,2024-02-23,150.527,150.77,150.29,150.473,2430,2370,0.16143283264797906,-0.15744683678010907,-0.035873962810641036,0.46969394555596344
USDJPY,2024-02-26,150.476,150.838,150.288,150.697,3620,1880,0.2405699247720532,-0.12493686700868456,0.14686727451553977,0.45561973079744034
USDJPY,2024-02-27,150.689,150.705,150.068,150.487,160,6210,0.01061789513502615,-0.4121070549276861,-0.1340509260795401,0.45893825394331406
USDJPY,2024-02-28,150.503,150.844,150.368,150.685,3410,1350,0.22657355667329437,-0.08969920865364206,0.12092782203678092,0.4382789621576676
USDJPY,2024-02-29,150.688,150.688,149.204,149.971,0,14840,0.0,-0.9848163091951453,-0.4758175833510197,0.4477299608901782
USDJPY,2024-03-01,149.968,150.72,149.915,150.064,7520,530,0.5014403072655564,-0.03534087271951168,0.06401365624666838,0.35115157620455084
USDJPY,2024-03-04,149.975,150.57,149.836,150.524,5950,1390,0.3967327887981323,-0.09268211368560199,0.3660610101683658,0.35685809358047577
USDJPY,2024-03-05,150.514,150.546,149.7,150.036,320,8140,0.021260480752609234,-0.5408134791448114,-0.3175784312422822,0.3441698752554917
USDJPY,2024-03-06,150.03,150.084,149.089,149.367,540,9410,0.03599280143971342,-0.627207891754984,-0.44191161767647197,0.36264818992719006
USDJPY,2024-03-07,149.349,149.37,147.582,148.045,210,17670,0.014061024847849673,-1.1831348050539314,-0.8731226857896619,0.37666181260746556
USDJPY,2024-03-08,148.037,148.117,146.478,147.03,800,15590,0.05404054391806378,-1.0531150996034757,-0.6802353465687666,0.4035870143180556
USDJPY,2024-03-11,147.057,147.147,146.483,146.964,900,5740,0.06120075888941255,-0.3903248400280054,-0.06324078418571664,0.40239146865223363
USDJPY,2024-03-12,146.968,148.186,146.613,147.621,12180,3550,0.8287518371346264,-0.2415491807740391,0.4443144085787519,0.3438715864153998
USDJPY,2024-03-13,147.618,148.047,147.228,147.619,4290,3900,0.2906149656545964,-0.26419542332234985,0.0006774241623682579,0.3443115915534679
USDJPY,2024-03-14,147.616,148.358,147.428,148.285,7420,1880,0.5026555386949857,-0.12735746802515754,0.45320290483415254,0.3555289507436299
USDJPY,2024-03-15,148.279,149.164,148.028,149.033,8850,2510,0.5968478341504805,-0.16927548742573445,0.5085008666095608,0.37351048279317506
USDJPY,2024-03-18,149.048,149.33,148.904,149.106,2820,1440,0.1892007943749736,-0.09661317159573121,0.03891363855938538,0.37363384271710476
USDJPY,2024-03-19,149.107,150.962,148.988,150.806,18550,1190,1.2440730482136921,-0.0798084596967277,1.1394501934852235,0.4557976161930109
USDJPY,2024-03-20,150.799,151.817,150.712,151.195,10180,870,0.6750707895940958,-0.05769269026984098,0.26260121088335237,0.45748280623819587
USDJPY,2024-03-21,151.195,151.753,150.259,151.58,5580,9360,0.3690598234068539,-0.6190680908760258,0.25463805020008556,0.45939937140638326
USDJPY,2024-03-22,151.596,151.862,150.998,151.429,2660,5980,0.1754663711443515,-0.3944695110689023,-0.11016121797409008,0.46033526353881365
USDJPY,2024-03-25,151.375,151.545,151.048,151.405,1700,3270,0.11230388109,-0.21601981833195585,0.019818331957061033,0.4595892399268142
USDJPY,2024-03-26,151.402,151.603,151.202,151.501,2010,2000,0.13275914452914878,-0.13209865127276302,0.06538883238003328,0.45802968559964957
USDJPY,2024-03-27,151.51,151.971,151.022,151.249,4610,4880,0.30427034519174495,-0.3220909510923369,-0.1722658570391365,0.45995144341313077
USDJPY,2024-03-28,151.25,151.544,151.144,151.368,2940,1060,0.19438016528926355,-0.07008264462809556,0.07801652892561653,0.44468409857962615
USDJPY,2024-03-29,151.373,151.496,151.16,151.303,1230,2130,0.08125623459931354,-0.14071201601341976,-0.046243385544313176,0.4452085510374025
USDJPY,2024-04-01,151.305,151.772,151.214,151.618,4670,910,0.3086480949076267,-0.06014341892205028,0.2068669244241685,0.4405906943465192
USDJPY,2024-04-02,151.626,151.801,151.46,151.562,1750,1660,0.11541556197484794,-0.10947990450186433,-0.042209119807943854,0.43312080493727295
USDJPY,2024-04-03,151.561,151.953,151.437,151.642,3920,1240,0.258641735010983,-0.08181524270755354,0.05344382789767081,0.4172538655134017
USDJPY,2024-04-04,151.648,151.77,151.116,151.302,1220,5320,0.08044946191180503,-0.35081240768093364,-0.2281599493564067,0.3611102558159893
USDJPY,2024-04-05,151.308,151.75,150.807,151.609,4420,5010,0.29211938562403,-0.33111269727972403,0.19893197980279706,0.30982750951295623
USDJPY,2024-04-08,151.6,151.944,151.57,151.812,3440,300,0.22691292875989058,-0.0197889182058055,0.1398416886543651,0.3056631363145311
USDJPY,2024-04-09,151.813,151.936,151.564,151.736,1230,2490,0.08102072945005953,-0.16401757425253125,-0.050720294045963246,0.30172576470632956
USDJPY,2024-04-10,151.744,153.238,151.678,152.984,14940,660,0.9845529312526359,-0.043494306199917294,0.8171657528469061,0.3354452110211293
USDJPY,2024-04-11,152.985,153.318,152.753,153.202,3330,2320,0.21766839886263253,-0.15164885446287396,0.14184397163119555,0.32923444076543995
USDJPY,2024-04-12,153.213,153.386,152.588,153.24,1730,6250,0.11291470044970194,-0.4079288311044102,0.017622525503720465,0.32036126968066225
USDJPY,2024-04-15,153.1,154.445,153.082,154.223,13450,180,0.8785107772697576,-0.011757021554539962,0.73350751143045,0.3455706280054985
USDJPY,2024-04-16,154.22,154.784,153.89,154.65,5640,3300,0.3657113214887777,-0.21398002853067857,0.2788224614187569,0.2626552888023728
USDJPY,2024-04-17,154.65,154.763,154.154,154.317,1130,4960,0.07306821855803397,-0.32072421597155465,-0.21532492725509111,0.2716334477968799
USDJPY,2024-04-18,154.319,154.68,153.951,154.594,3610,3680,0.2339310130314598,-0.23846707145587712,0.17820229524556647,0.26998019581875127
USDJPY,2024-04-19,154.59,154.673,153.584,154.562,830,10060,0.05369040688272101,-0.6507536063134745,-0.018112426418262235,0.2669184078584827
USDJPY,2024-04-22,154.457,154.849,154.457,154.811,3920,0,0.25379231760295484,0.0,0.22919000110063864,0.26739061547086296
USDJPY,2024-04-23,154.804,154.875,154.55,154.767,710,2540,0.045864447947080146,-0.1640784475853277,-0.02390119118369431,0.26906058053698007
USDJPY,2024-04-24,154.768,155.372,154.726,155.225,6040,420,0.3902615527757763,-0.027137392742686856,0.2952806781763631,0.2631415132633458
USDJPY,2024-04-25,155.224,155.747,155.192,155.579,5230,320,0.3369324331289134,-0.020615368757397223,0.22870174715251393,0.2635146327242688
USDJPY,2024-04-26,155.588,158.439,154.962,158.296,28510,6260,1.8324035272643129,-0.40234465382934725,1.7404941255109638,0.4394795499271002
USDJPY,2024-04-29,157.897,160.216,154.487,156.268,23190,34100,1.468678948935076,-2.1596357118881278,-1.0316852125119482,0.5228670833285161
USDJPY,2024-04-30,156.266,157.847,156.049,157.7,15810,2170,1.0117363981928362,-0.13886578014410336,0.9176660309984243,0.5457101723111243
USDJPY,2024-05-01,157.704,157.987,152.986,154.252,2830,47180,0.17945010906507572,-2.9916806168518346,-2.188910870998832,0.7671727103541238
USDJPY,2024-05-02,154.255,156.283,153.053,153.697,20280,12020,1.3147061683575842,-0.779229198405237,-0.3617386794593321,0.770826290217721
USDJPY,2024-05-03,153.692,153.717,151.853,152.949,250,18390,0.01626629883143279,-1.1965489420399231,-0.4834344012700693,0.7813096697799369
USDJPY,2024-05-06,152.798,154.005,152.798,153.854,12070,0,0.7899318053901188,0.0,0.6911085223628657,0.7936329960850269
USDJPY,2024-05-07,153.861,154.746,153.852,154.588,8850,90,0.5751944937313676,-0.0058494355294623915,0.47250440332508165,0.7971997441240156
USDJPY,2024-05-08,154.584,155.686,154.563,155.499,11020,210,0.7128810226155384,-0.013584847073445509,0.5919111939139834,0.7883885080087955
USDJPY,2024-05-09,155.496,155.951,155.144,155.471,4550,3520,0.29261202860522717,-0.226372382569329,-0.016077583989302414,0.7888401937103799
USDJPY,2024-05-10,155.466,155.903,155.257,155.703,4370,2090,0.2810903991869498,-0.13443453874159184,0.1524449075682109,0.7886591126026954
USDJPY,2024-05-13,155.675,156.251,155.493,156.193,5760,1820,0.3700016059097436,-0.11691022964510445,0.33274449975911397,0.776948395345811
USDJPY,2024-05-14,156.193,156.785,156.165,156.417,5920,280,0.37901826586337706,-0.01792653960165949,0.14341231681316674,0.7757916754407702
USDJPY,2024-05-15,156.411,156.56,154.688,154.777,1490,17230,0.09526184219779997,-1.1015849268913396,-1.0446835580617824,0.813742669321603
USDJPY,2024-05-16,154.768,155.537,153.594,155.341,7690,11740,0.4968727385506083,-0.7585547399979367,0.37023157241807575,0.8165839146282236
USDJPY,2024-05-17,155.342,155.977,155.245,155.619,6350,970,0.40877547604639497,-0.062442867994494985,0.17831623128322463,0.8169045909607737
USDJPY,2024-05-20,155.601,156.307,155.492,156.208,7060,1090,0.45372459045892305,-0.07005096368275839,0.390100320692026,0.8194503566031035
USDJPY,2024-05-21,156.208,156.545,155.838,156.123,3370,3700,0.21573799037180497,-0.23686366895421782,-0.054414626651649055,0.8196583043591277
USDJPY,2024-05-22,156.144,156.842,156.114,156.667,6980,300,0.44702326057998226,-0.01921303412234933,0.33494722819960815,0.8202895361289356
USDJPY,2024-05-23,156.666,157.194,156.52,156.955,5280,1460,0.33702271073493395,-0.09319188592291026,0.18446887008030824,0.8198935023917077
USDJPY,2024-05-24,156.948,157.146,156.818,156.943,1980,1300,0.12615643397811954,-0.08282998190483182,-0.003185768534798438,0.7189544003979756
USDJPY,2024-05-27,156.903,156.959,156.657,156.857,560,2460,0.03569084083797735,-0.15678476510964157,-0.029317476402613254,0.6786127167516551
USDJPY,2024-05-28,156.863,157.2,156.576,157.136,3370,2870,0.21483715088962285,-0.18296220268642455,0.17403721718951962,0.6469892481125631
USDJPY,2024-05-29,157.136,157.708,156.892,157.58,5720,2440,0.3640158843294998,-0.1552795031055899,0.282557784339691,0.39585473915857494
USDJPY,2024-05-30,157.581,157.667,156.369,156.772,860,12120,0.05457510740508865,-0.7691282578483378,-0.513386766171047,0.40677478512633847
USDJPY,2024-05-31,156.779,157.364,156.556,157.29,5850,2230,0.37313670836018087,-0.14223843754583507,0.3259365093539286,0.3845201358538925
USDJPY,2024-06-03,157.19,157.475,155.947,156.103,2850,12430,0.18130924359055703,-0.7907627711686462,-0.6915198167822312,0.4054891797558402
USDJPY,2024-06-04,156.106,156.484,154.541,154.807,3780,15650,0.2421431591354684,-1.0025239260502465,-0.8321268881401142,0.44214461905549235
USDJPY,2024-06-05,154.8,156.485,154.771,156.023,16850,290,1.0885012919896655,-0.018733850129214975,0.7900516795865534,0.45772484864612367
USDJPY,2024-06-06,156.037,156.445,155.349,155.592,4080,6880,0.2614764446893923,-0.4409210635939018,-0.28518876933034676,0.4628829635152878
USDJPY,2024-06-07,155.582,157.076,155.116,156.752,14940,4660,0.9602653263230964,-0.29952051008470115,0.752015014590387,0.4911291147672629
USDJPY,2024-06-10,156.726,157.193,156.699,157.002,4670,270,0.2979722573153229,-0.01722751808888558,0.17610351824203416,0.48745442955260326
USDJPY,2024-06-11,157.002,157.402,156.802,157.113,4000,2000,0.25477382453725256,-0.12738691226864438,0.07069973630908523,0.4868538067938005
USDJPY,2024-06-12,157.107,157.38,155.71,156.58,2730,13970,0.1737669231797413,-0.8892028999344341,-0.33544017771326984,0.4266567703270906
USDJPY,2024-06-13,156.584,157.311,156.563,156.984,7270,210,0.4642875389567286,-0.013411331936861368,0.25545394165432334,0.4230813165359707
USDJPY,2024-06-14,156.985,158.257,156.795,157.323,12720,1900,0.8102684969901527,-0.12103067172024469,0.21530719495492806,0.4237130334476129
USDJPY,2024-06-17,157.308,157.96,157.15,157.728,6520,1580,0.414473516922226,-0.10043990134003805,0.2669921428026648,0.4195443076129291
USDJPY,2024-06-18,157.726,158.229,157.512,157.821,5030,2140,0.3189074724522364,-0.13567832824011172,0.06023103356453525,0.4187646781841372
USDJPY,2024-06-19,157.821,158.131,157.595,157.988,3100,2260,0.1964250638381472,-0.14320020783038956,0.10581608277732468,0.4139514394688199
USDJPY,2024-06-20,157.983,158.938,157.916,158.894,9550,670,0.6044954203933234,-0.042409626352207054,0.5766443224903954,0.4297207363197752
USDJPY,2024-06-21,158.899,159.835,158.664,159.767,9360,2350,0.5890534238730307,-0.14789268654932608,0.5462589443608802,0.44230352211537743
USDJPY,2024-06-24,159.69,159.934,158.74,159.576,2440,9500,0.15279604233201816,-0.5949026238336707,-0.07138831486004403,0.4430281119281472
USDJPY,2024-06-25,159.572,159.757,159.186,159.641,1850,3860,0.11593512646329072,-0.24189707467475227,0.04324066878900334,0.44274123683672834
USDJPY,2024-06-26,159.644,160.865,159.586,160.752,12210,580,0.7648267394953795,-0.03633083611034096,0.69404424845281,0.46147599342630574
USDJPY,2024-06-27,160.752,160.826,160.276,160.719,740,4760,0.04603364188313915,-0.2961082910321483,-0.020528515974927504,0.43919782268457713
USDJPY,2024-06-28,160.727,161.282,160.258,160.835,5550,4690,0.34530601579075504,-0.29179913766821636,0.06719468415387837,0.4369938066072698
USDJPY,2024-07-01,160.811,161.728,160.731,161.442,9170,800,0.5702346232533854,-0.04974784063280031,0.39238609299115124,0.3964941539247008
USDJPY,2024-07-02,161.443,161.743,161.264,161.422,3000,1790,0.18582409890796314,-0.1108750456817589,-0.013007686923567454,0.3225783848033434
USDJPY,2024-07-03,161.421,161.952,160.768,161.546,5310,6530,0.3289534818889772,-0.40453224797268733,0.07743726033167928,0.2937052806938621
USDJPY,2024-07-04,161.533,161.673,160.942,161.222,1400,5910,0.08666959692447661,-0.3658695127311322,-0.1925303188821966,0.28664854798857936
USDJPY,2024-07-05,161.218,161.399,160.326,160.719,1810,8920,0.11227034202136958,-0.5532880943815182,-0.30951878822463696,0.27380073524215864
USDJPY,2024-07-08,160.743,161.12,160.258,160.789,3770,4850,0.23453587403495615,-0.3017238697797013,0.02861710929868938,0.2744865962160884
USDJPY,2024-07-09,160.769,161.517,160.724,161.275,7480,450,0.46526382573754294,-0.027990470799728752,0.3147372938812832,0.27745232937999076
USDJPY,2024-07-10,161.279,161.805,161.236,161.57,5260,430,0.32614289523125173,-0.026661871663394718,0.18043266637317742,0.2544301767115529
USDJPY,2024-07-11,161.564,161.759,157.409,158.931,1950,41550,0.12069520437720853,-2.5717362778836876,-1.6296947339753791,0.4729262453690482
USDJPY,2024-07-12,158.932,159.445,157.359,157.848,5130,15730,0.32277955351974763,-0.989731457478657,-0.6820527017843951,0.49987840542443085
USDJPY,2024-07-15,158.137,158.419,157.151,158.061,2820,9860,0.17832638787887128,-0.6235099944984349,-0.0480595938964274,0.496697863710278
USDJPY,2024-07-16,158.062,158.86,158.038,158.312,7980,240,0.5048651794865318,-0.01518391517252781,0.1581657830471587,0.49774216028401946
USDJPY,2024-07-17,158.309,158.624,156.055,156.15,3150,22540,0.19897794818993092,-1.42379776260351,-1.3637885401335312,0.5839970764502745
USDJPY,2024-07-18,156.147,157.4,155.364,157.334,12530,7830,0.8024489743639099,-0.5014505562066431,0.760181111388635,0.5958911707450157
USDJPY,2024-07-19,157.342,157.862,156.952,157.44,5200,3900,0.3304902696037814,-0.24786770220285412,0.06228470465608976,0.5798695923538061
USDJPY,2024-07-22,157.38,157.613,156.28,156.921,2330,11000,0.14804930740882202,-0.6989452281103027,-0.291650781547848,0.5818338915769754
USDJPY,2024-07-23,156.94,157.101,155.509,155.569,1610,14310,0.10258697591436304,-0.9118134318848041,-0.8735822607365932,0.606493795488266
USDJPY,2024-07-24,155.575,155.991,153.1,153.751,4160,24750,0.2673951470352083,-1.5908725695002375,-1.1724248754619855,0.6158296090214317
USDJPY,2024-07-25,153.744,154.318,151.935,153.915,5740,18090,0.373347903007605,-1.1766312831720247,0.1112238526381467,0.6188604099153383
USDJPY,2024-07-26,153.924,154.738,153.088,153.718,8140,8360,0.5288324108001305,-0.5431251786596065,-0.13383228086589308,0.6155538373235998
USDJPY,2024-07-29,153.64,154.351,153.009,154.0,7110,6310,0.4627701119500213,-0.41070033845352794,0.2343139807341927,0.6080948515408083
USDJPY,2024-07-30,153.998,155.219,152.616,152.658,12210,13820,0.7928674398368835,-0.8974142521331294,-0.8701411706645563,0.6213781276692812
USDJPY,2024-07-31,152.658,153.894,149.602,149.859,12360,30560,0.8096529497307828,-2.001860367619112,-1.83351019926894,0.7045539840721042
USDJPY,2024-08-01,149.864,150.89,148.506,149.295,10260,13580,0.6846207227886497,-0.9061549137885043,-0.3796775743340741,0.7032089694162248
USDJPY,2024-08-02,149.295,149.774,146.412,146.519,4790,28830,0.3208412873840473,-1.9310760574700971,-1.8594058742757509,0.7758776355796566
USDJPY,2024-08-05,146.446,146.563,141.681,144.052,1170,47650,0.07989292981712728,-3.25375906477472,-1.6347322562582833,0.8087037638054265
USDJPY,2024-08-06,144.055,146.369,143.619,144.518,23140,4360,1.6063309152754106,-0.3026621776404894,0.32140501891638185,0.8090792408454557
USDJPY,2024-08-07,144.509,147.901,144.294,146.702,33920,2150,2.347258648250299,-0.14877966078235613,1.5175525399802174,0.9200116528944576
USDJPY,2024-08-08,146.696,147.547,145.415,147.181,8510,12810,0.5801112504771767,-0.8732344440202909,0.3306156950428189,0.895210121176046
USDJPY,2024-08-09,147.185,147.813,146.265,146.634,6280,9200,0.4266739137819655,-0.625063695349401,-0.3743588001494827,0.8924282068874174
USDJPY,2024-08-12,146.72,148.222,146.691,147.178,15020,290,1.0237186477644558,-0.019765539803705264,0.3121592148309695,0.9027781543528783
USDJPY,2024-08-13,147.175,147.946,146.589,146.833,7710,5860,0.5238661457448524,-0.39816544929506553,-0.23237642262613414,0.8954254627531564
USDJPY,2024-08-14,146.83,147.496,146.067,147.123,6660,7630,0.45358577947285755,-0.5196485731798713,0.19955050057888574,0.871894162907151
USDJPY,2024-08-15,147.249,149.4,147.049,149.293,21510,2000,1.4607909052014008,-0.13582435194805306,1.3881248769091887,0.921603251637571
USDJPY,2024-08-16,149.302,149.311,147.561,147.579,90,17410,0.006028050528468843,-1.1660928855608,-1.1540367845038813,0.9392544820145359
USDJPY,2024-08-19,147.651,148.052,145.18,146.561,4010,24710,0.27158637598118673,-1.6735409851609562,-0.7382273062830617,0.9438485739874888
USDJPY,2024-08-20,146.566,147.345,145.053,145.11,7790,15130,0.5315011667098757,-1.0322994418896643,-0.9934091126181985,0.9477722464627932
USDJPY,2024-08-21,145.113,146.895,144.45,145.152,17820,6630,1.2280085175001625,-0.45688532385107533,0.026875607285348154,0.9306549479204927
USDJPY,2024-08-22,145.158,146.525,144.84,146.219,13670,3180,0.9417324570468171,-0.21907163229032064,0.730927678805169,0.9546562678459469
USDJPY,2024-08-23,146.213,146.483,144.042,144.367,2700,21710,0.18466210254902796,-1.4848200912367522,-1.2625416344647902,0.980010775894266
USDJPY,2024-08-26,144.021,144.654,143.44,144.481,6330,5810,0.4395192367779767,-0.4034133911026787,0.3193978655890516,0.9826951787809672
USDJPY,2024-08-27,144.473,145.175,143.882,143.93,7020,5910,0.4859039405286788,-0.40907297557329614,-0.3758487745115048,0.9740249284068823
USDJPY,2024-08-28,143.92,145.039,143.677,144.433,11190,2430,0.77751528627015,-0.16884380211228114,0.3564480266814934,0.9118426840000828
USDJPY,2024-08-29,144.433,145.553,144.215,144.955,11200,2180,0.7754460545720193,-0.15093503562204574,0.3614132504344712,0.9181269674334197
USDJPY,2024-08-30,144.961,146.247,144.647,146.176,12860,3140,0.8871351604914434,-0.2166099847545349,0.8381564696711356,0.8473522995116486
USDJPY,2024-09-02,146.084,147.175,145.768,146.882,10910,3160,0.7468305906191014,-0.21631390159086725,0.546261055283263,0.7624077809919445
USDJPY,2024-09-03,146.882,147.21,145.098,145.401,3280,17840,0.2233085061477941,-1.214580411486766,-1.0082923707465818,0.7996919197549283
USDJPY,2024-09-04,145.4,145.556,143.574,143.626,1560,18260,0.10729023383769319,-1.255845942228331,-1.2200825309491066,0.7669959304132371
USDJPY,2024-09-05,143.642,144.23,142.841,143.404,5880,8010,0.40935102546608504,-0.5576363459155315,-0.16568970078389297,0.7604175019618505
USDJPY,2024-09-06,143.406,144.041,141.765,142.251,6350,16410,0.4427987671366546,-1.144303585624046,-0.8054056315635336,0.7739267546599636
USDJPY,2024-09-09,142.122,143.8,141.937,143.121,16780,1850,1.1806757574478244,-0.13016985406904086,0.7029172119728087,0.79079273115116
USDJPY,2024-09-10,143.118,143.711,142.192,142.405,5930,9260,0.4143434089352966,-0.6470185441383948,-0.49819030450397145,0.7949278232163302
USDJPY,2024-09-11,142.407,142.546,140.704,142.266,1390,17030,0.09760756142604056,-1.1958681806371898,-0.09901198677032698,0.7910574746839647
USDJPY,2024-09-12,142.272,143.044,141.721,141.816,7720,5510,0.5426225820962802,-0.3872863247863162,-0.3205128205128127,0.7033140053825057
USDJPY,2024-09-13,141.82,141.875,140.278,140.764,550,15420,0.038781554082644776,-1.0872937526441981,-0.7446058383866755,0.6808453956179484
USDJPY,2024-09-16,140.726,140.912,139.572,140.601,1860,11540,0.13217173798729948,-0.8200332561147168,-0.08882509273339681,0.6701034929529573
USDJPY,2024-09-17,140.607,142.465,140.315,142.341,18580,2920,1.3214135853833764,-0.20767102633581655,1.2332245194051568,0.7123600475827226
USDJPY,2024-09-18,142.333,142.711,140.433,142.098,3780,19000,0.26557439244589404,-1.3348977398073572,-0.1651057730814254,0.7122273601116319
USDJPY,2024-09-19,142.098,143.944,141.876,142.624,18460,2220,1.299103435657064,-0.15623020732171347,0.37016706779826736,0.6948786169477936
USDJPY,2024-09-20,142.614,144.495,141.733,143.808,18810,8810,1.3189448441247003,-0.6177514129047641,0.8372249568765958,0.6683125723589015
USDJPY,2024-09-23,143.881,144.459,143.16,143.574,5780,7210,0.4017208665494422,-0.5011085549864149,-0.21337077167936555,0.6656787374590988
USDJPY,2024-09-24,143.562,144.679,143.108,143.159,11170,4540,0.778061046795106,-0.3162396734511972,-0.28071495242475025,0.663360241086323
USDJPY,2024-09-25,143.159,144.842,142.884,144.648,16830,2750,1.1756159235535462,-0.19209410515580977,1.0401022639163477,0.7002692126933956
USDJPY,2024-09-26,144.661,145.22,144.104,144.77,5590,5570,0.38642066624729365,-0.3850381236131286,0.07534857356164333,0.6957492353049233
USDJPY,2024-09-27,144.767,146.491,142.062,142.15,17240,27050,1.190879136819868,-1.8685197593374072,-1.8077324252073956,0.77532728273384
USDJPY,2024-09-30,142.243,143.915,141.638,143.575,16720,6050,1.1754532736233045,-0.4253284871663209,0.9364256940587542,0.7978364997176424
USDJPY,2024-10-01,143.56,144.53,142.964,143.603,9700,5960,0.6756756756756749,-0.41515742546670636,0.029952633045420986,0.7696675999602696
USDJPY,2024-10-02,143.606,146.516,143.415,146.345,29100,1910,2.0263777279500834,-0.1330027993259352,1.9073019233179702,0.8362131108360878
USDJPY,2024-10-03,146.348,147.239,146.273,146.85,8910,750,0.608822805914663,-0.05124771093558986,0.3430180118621239,0.8355331342368973
USDJPY,2024-10-04,146.829,149.005,145.912,148.679,21760,9170,1.481996063447948,-0.6245360248997143,1.2599690796777163,0.8424050556937307
USDJPY,2024-10-07,148.759,149.129,147.83,148.107,3700,9290,0.2487244469242228,-0.6245000302502529,-0.43829280917456215,0.8470294913448625
USDJPY,2024-10-08,148.128,148.382,147.341,148.21,2540,7870,0.17147332037158344,-0.5312972564268591,0.05535752862390774,0.8330151955277816
USDJPY,2024-10-09,148.227,149.365,148.006,149.142,11380,2210,0.7677413696560041,-0.14909564384356672,0.6172964439676928,0.8350375085879842
USDJPY,2024-10-10,149.148,149.572,148.226,148.515,4240,9220,0.284281384933091,-0.6181779172365685,-0.424410652506242,0.8389716347356007
USDJPY,2024-10-11,148.523,149.283,148.396,149.09,7600,1270,0.5117052577715175,-0.08550864175919524,0.3817590541532337,0.8075248001438652
USDJPY,2024-10-14,149.115,149.981,149.111,149.755,8660,40,0.5807598162491938,-0.0026824933776072825,0.4291989404151067,0.8032526673235035
USDJPY,2024-10-15,149.754,149.837,148.845,149.178,830,9090,0.055424229069005446,-0.6069954725750176,-0.3846307945029805,0.786605937465049
USDJPY,2024-10-16,149.174,149.807,148.86,149.58,6330,3140,0.4243366806547933,-0.21049244506414855,0.2721653907517435,0.781149613298923
USDJPY,2024-10-17,149.56,150.322,149.238,150.156,7620,3220,0.509494517250602,-0.21529820807702776,0.3985022733351188,0.7814040979477357
USDJPY,2024-10-18,150.151,150.286,149.358,149.485,1350,7930,0.08990949111227424,-0.5281350107558433,-0.4435534894872474,0.7833743956871521
USDJPY,2024-10-21,149.514,150.887,149.085,150.708,13730,4290,0.9183086533702465,-0.2869296520727169,0.7985874232513265,0.7887694386616468
USDJPY,2024-10-22,150.715,151.196,150.49,151.017,4810,2250,0.31914540689380255,-0.14928839199813843,0.20037819725972364,0.7793888686944739
USDJPY,2024-10-23,151.023,153.187,150.99,152.655,21640,330,1.4328943273541221,-0.0218509763413434,1.0806301026995921,0.7815671106963931
USDJPY,2024-10-24,152.655,152.827,151.546,151.798,1720,11090,0.11267236579214375,-0.7264747306016893,-0.5613966132783068,0.8023641643531811
USDJPY,2024-10-25,151.799,152.38,151.452,152.244,5810,3470,0.38274296932126617,-0.2285917562039331,0.29315081127016196,0.6428682011879587
USDJPY,2024-10-28,152.907,153.882,152.403,153.206,9750,5040,0.6376424885714809,-0.3296121171692722,0.195543696495241,0.6277113675279695
USDJPY,2024-10-29,153.222,153.866,152.75,153.338,6440,4720,0.420305178107586,-0.30804975786767463,0.07570714388272275,0.6267559972727834
USDJPY,2024-10-30,153.336,153.495,152.775,153.315,1590,5610,0.10369384880262417,-0.36586320237909364,-0.01369541399280991,0.5028824292897154
USDJPY,2024-10-31,153.31,153.616,151.828,152.04,3060,14820,0.19959559063336482,-0.9666688409105729,-0.8283869284456397,0.5519957730044363
USDJPY,2024-11-01,152.041,153.094,151.778,152.946,10530,2630,0.6925763445386424,-0.1729796568031026,0.5952341802540112,0.49899872189493055
USDJPY,2024-11-04,152.25,152.557,151.528,152.119,3070,7220,0.20164203612478682,-0.474220032840728,-0.08604269293924481,0.4844479291235659
USDJPY,2024-11-05,152.119,152.544,151.332,151.609,4250,7870,0.27938653291174104,-0.5173581209447907,-0.3352638394940743,0.49547337262885216
USDJPY,2024-11-06,151.604,154.698,151.282,154.616,30940,3220,2.040843249518478,-0.21239545130735515,1.9867549668874174,0.6418373890583886
USDJPY,2024-11-07,154.609,154.713,152.687,152.923,1040,19220,0.0672664592617409,-1.2431359105873507,-1.0904927914933846,0.6903782165071022
USDJPY,2024-11-08,152.921,153.366,152.136,152.608,4450,7850,0.2909999280674477,-0.513336951759403,-0.2046808482811309,0.6923874714656936
USDJPY,2024-11-11,152.652,153.952,152.607,153.697,13000,450,0.8516101983596752,-0.029478814558595693,0.6845635825275895,0.7007155934894689
USDJPY,2024-11-12,153.704,154.925,153.403,154.602,12210,3010,0.7943840108260055,-0.19583094779577379,0.584239837609949,0.6966231896676175
USDJPY,2024-11-13,154.571,155.628,154.335,155.446,10570,2360,0.6838281437009451,-0.15268064514041443,0.5660829004146962,0.7017490368718227
USDJPY,2024-11-14,155.441,156.419,155.315,156.243,9780,1260,0.6291776300975989,-0.08105969467515313,0.5159513899164265,0.7040311746812222
USDJPY,2024-11-15,156.237,156.748,153.857,154.309,5110,23800,0.327067211992035,-1.5233267407848305,-1.2340226706861994,0.7619092395034011
USDJPY,2024-11-18,154.35,155.359,153.834,154.649,10090,5160,0.653709102688704,-0.3343051506316755,0.1937155814706878,0.7471362560198
USDJPY,2024-11-19,154.648,154.8,153.272,154.632,1520,13760,0.09828772438053854,-0.8897625575500523,-0.010346076250576233,0.747590568166528
USDJPY,2024-11-20,154.647,155.886,154.518,155.398,12390,1290,0.8011794603193106,-0.0834157791615684,0.48562209418870383,0.7186442005029572
USDJPY,2024-11-21,155.393,155.411,153.902,154.522,180,14910,0.011583533363794175,-0.9595026803009233,-0.5605143088813584,0.7186020951149592
USDJPY,2024-11-22,154.516,155.025,153.96,154.73,5090,5560,0.3294157239379835,-0.35983328587329677,0.13849698413109235,0.7171390227597061
USDJPY,2024-11-25,154.199,154.723,153.545,154.182,5240,6540,0.3398206214048086,-0.42412726411975743,-0.011024714816583977,0.7169191596483577
USDJPY,2024-11-26,154.182,154.485,152.983,153.061,3030,11990,0.19652099466865505,-0.7776523848438753,-0.7270628218598676,0.7388721626949515
USDJPY,2024-11-27,153.042,153.233,150.449,151.053,1910,25930,0.12480234184080351,-1.6943061381842823,-1.2996432351903426,0.7967825363448768
USDJPY,2024-11-28,151.056,151.95,150.891,151.514,8940,1650,0.5918334922147925,-0.10923101366382033,0.3031988136849899,0.7771786922358457
USDJPY,2024-11-29,151.525,151.544,149.46,149.743,190,20650,0.012539184952981657,-1.3628114172578767,-1.176043557168791,0.809017207879928
USDJPY,2024-12-02,149.625,150.75,149.076,149.571,11250,5490,0.7518796992481203,-0.36691729323308714,-0.036090225563911144,0.8090221159110751
USDJPY,2024-12-03,149.57,150.236,148.641,149.59,6660,9290,0.44527645918298914,-0.6211138597312309,0.01337166544093751,0.8065612751130807
USDJPY,2024-12-04,149.562,151.231,149.515,150.539,16690,470,1.1159251681576754,-0.03142509460961037,0.6532407964589771,0.6741007117997746
USDJPY,2024-12-05,150.58,150.774,149.65,150.073,1940,9300,0.12883517067338848,-0.6176119006508213,-0.3366981006773841,0.6364499143794569
USDJPY,2024-12-06,150.057,150.699,149.356,149.989,6420,7010,0.42783742177973993,-0.46715581412396184,-0.04531611321030251,0.6357101503108749
USDJPY,2024-12-09,149.998,151.347,149.684,151.204,13490,3140,0.8993453246043401,-0.20933612448165506,0.8040107201429468,0.6436336253044871
USDJPY,2024-12-10,151.18,152.181,150.893,151.923,10010,2870,0.6621246196586882,-0.18983992591613053,0.4914671252811185,0.6390724241182691
USDJPY,2024-12-11,151.92,152.864,151.0,152.411,9440,9200,0.6213796735123861,-0.6055818852027302,0.3231964191679923,0.6287007718121732
USDJPY,2024-12-12,152.412,152.774,151.796,152.602,3620,6160,0.23751410650079702,-0.4041676508411502,0.12466210009710371,0.6152640684791274
USDJPY,2024-12-13,152.566,153.802,152.445,153.683,12360,1210,0.8101411847987035,-0.07930993799405459,0.7321421548706725,0.5797951203004234
USDJPY,2024-12-16,153.611,154.478,153.32,154.115,8670,2910,0.5644127048193285,-0.1894395583649588,0.3281015031475735,0.5828918671312833
USDJPY,2024-12-17,154.076,154.34,153.155,153.412,2640,9210,0.17134401204600977,-0.5977569511150291,-0.43095615150963634,0.5911834002514279
USDJPY,2024-12-18,153.416,154.87,153.33,154.815,14540,860,0.9477499087448557,-0.05605673463001533,0.9118996714814628,0.6171552738869421
USDJPY,2024-12-19,154.785,157.807,154.428,157.417,30220,3570,1.9523855670769077,-0.2306425041186157,1.7004231676196047,0.7075935799005032
USDJPY,2024-12-20,157.375,157.925,155.947,156.407,5500,14280,0.3494837172359087,-0.9073868149324844,-0.6150913423351798,0.7265394699234415
USDJPY,2024-12-23,156.345,157.267,156.329,157.096,9220,160,0.589721449358788,-0.010233777863053588,0.4803479484473471,0.7313994031149368
USDJPY,2024-12-24,157.089,157.393,156.884,157.145,3040,2050,0.19352087033465237,-0.13049927111383516,0.0356485813774431,0.7048623683812244
USDJPY,2024-12-25,157.111,157.354,156.96,157.192,2430,1510,0.1546677190012306,-0.09611039328880985,0.05155590633374957,0.6182266167312555
USDJPY,2024-12-26,157.201,158.084,157.061,157.932,8830,1400,0.5617012614423634,-0.08905795764657118,0.46500976456892423,0.6204872470413985
USDJPY,2024-12-27,157.931,157.987,157.344,157.772,560,5870,0.03545852302586773,-0.37168130386055775,-0.10067687787706038,0.5332673299379684
USDJPY,2024-12-30,157.724,158.075,156.666,156.85,3510,10580,0.22254064061271533,-0.6707920164337658,-0.5541325353148508,0.5611536610691032
USDJPY,2024-12-31,156.821,157.549,156.014,157.21,7280,8070,0.4642235414899845,-0.5145994477780322,0.2480535132412177,0.5583564420443154
USDJPY,2025-01-01,157.17,157.268,157.08,157.247,980,900,0.06235286632309804,-0.057262836419148054,0.048991537825301655,0.5524656939805912
USDJPY,2025-01-02,157.194,157.852,156.43,157.446,6580,7640,0.4185910403705075,-0.4860236395791071,0.16031146226955836,0.5364304109154204
USDJPY,2025-01-03,157.48,157.564,156.87,157.273,840,6100,0.05334010668021538,-0.38735077470154006,-0.13144526289052175,0.5393313179111588
USDJPY,2025-01-06,157.177,157.961,156.236,157.55,7840,9410,0.4988007151173647,-0.5986881032212108,0.23731207492191536,0.5235520992310382
USDJPY,2025-01-07,157.552,158.427,157.362,158.012,8750,1900,0.5553721945770286,-0.12059510510815333,0.2919670965776429,0.5201039944526857
USDJPY,2025-01-08,158.034,158.554,157.898,158.335,5200,1360,0.3290431173038778,-0.0860574306794713,0.19046534290090497,0.5195021357576787
USDJPY,2025-01-09,158.301,158.398,157.572,158.109,970,7290,0.061275671031773914,-0.4605150946614267,-0.1212879261659616,0.5244840325043312
USDJPY,2025-01-10,158.052,158.879,157.221,157.657,8270,8310,0.5232455141345875,-0.5257763267785216,-0.24991774858906046,0.5176163543558706
USDJPY,2025-01-13,157.725,157.964,156.908,157.459,2390,8170,0.15152956094468495,-0.5179901727690647,-0.16864796322713022,0.5203961974357401
USDJPY,2025-01-14,157.452,158.198,157.032,157.948,7460,4200,0.4737951883748757,-0.2667479612834308,0.31501663999187646,0.5051508206633729
USDJPY,2025-01-15,157.953,158.082,155.935,156.435,1290,20180,0.08166986382024442,-1.2775952340253118,-0.9610453742568996,0.5313130246562227
USDJPY,2025-01-16,156.421,156.528,155.083,155.106,1070,13380,0.06840513741760973,-0.8553838678949719,-0.8406799598519367,0.409889107300696
USDJPY,2025-01-17,155.169,156.374,154.973,156.266,12050,1960,0.7765726401536286,-0.12631389001669016,0.7069711089199389,0.42223156977642323
USDJPY,2025-01-20,156.269,156.581,155.405,155.55,3120,8640,0.19965572186421068,-0.5528927682393848,-0.4601040513473524,0.4188840488714811
USDJPY,2025-01-21,155.637,156.235,154.898,155.156,5980,7390,0.3842274009393738,-0.47482282490667665,-0.3090524746686164,0.42260320234266036
USDJPY,2025-01-22,155.456,156.708,155.35,156.494,12520,1060,0.805372581309187,-0.06818649650061404,0.6677130506381298,0.4524939625037699
USDJPY,2025-01-23,156.486,156.751,155.738,156.025,2650,7480,0.16934422248636607,-0.47799803177280425,-0.294595043646067,0.4406356583298611
USDJPY,2025-01-24,156.024,156.577,154.834,155.92,5530,11900,0.35443265138696434,-0.7627031738706851,-0.06665641183408541,0.44056137831379666
USDJPY,2025-01-27,155.568,156.248,153.708,154.502,6800,18600,0.4371078885117623,-1.1956186362233965,-0.6852308958140507,0.4491213479047076
USDJPY,2025-01-28,154.474,155.978,154.438,155.501,15040,360,0.9736266297241084,-0.0233048927327585,0.6648368010150675,0.47370557872272623
USDJPY,2025-01-29,155.573,155.792,154.934,155.191,2190,6390,0.14076992794379106,-0.4107396527675175,-0.24554389257776413,0.47503426465405324
USDJPY,2025-01-30,155.218,155.236,153.785,154.285,180,14330,0.011596593178626631,-0.9232176680539582,-0.6010900797587863,0.48640267248270475
USDJPY,2025-01-31,154.26,155.221,153.91,155.182,9610,3500,0.6229741994036126,-0.22688966679631423,0.5976922079605841,0.5108721132665472
USDJPY,2025-02-03,154.766,155.887,154.004,154.689,11210,7620,0.7243192949355862,-0.49235620226664806,-0.04975252962536874,0.5058926714935187
USDJPY,2025-02-04,154.721,155.521,154.164,154.318,8000,5570,0.5170597397896749,-0.3600028438285794,-0.26046884391904884,0.4995010292254915
USDJPY,2025-02-05,154.307,154.459,152.109,152.597,1520,21980,0.09850492848672791,-1.4244331106171328,-1.1081804454755648,0.5412462227553245
USDJPY,2025-02-06,152.606,152.897,151.233,151.334,2910,13730,0.19068712894643516,-0.8997025018675481,-0.8335189966318437,0.560710809328547
USDJPY,2025-02-07,151.414,152.425,150.924,151.377,10110,4900,0.6677057603656361,-0.3236160460723452,-0.024436313683000067,0.5621122693822949
USDJPY,2025-02-10,151.22,152.538,151.156,151.988,13180,640,0.8715778336198995,-0.04232244412114333,0.5078693294537764,0.5838944465607288
USDJPY,2025-02-11,151.988,152.606,151.645,152.47,6180,3430,0.4066110482406473,-0.22567571124035404,0.31713029976050694,0.5839858967516652
USDJPY,2025-02-12,152.46,154.803,152.353,154.401,23430,1070,1.5367965367965297,-0.07018234290961518,1.2731208185753655,0.6349387049259656
USDJPY,2025-02-13,154.409,154.669,152.697,152.784,2600,17120,0.1683839672558072,-1.1087436613150718,-1.0523997953487167,0.6503543261637409
USDJPY,2025-02-14,152.778,153.151,152.021,152.254,3730,7570,0.24414509942532228,-0.4954901883779111,-0.34298131929989983,0.6269021643674128
USDJPY,2025-02-17,152.204,152.391,151.329,151.483,1870,8750,0.12286142282724724,-0.5748863367585608,-0.47370634148905655,0.6273031940803495
USDJPY,2025-02-18,151.485,152.221,151.226,152.049,7360,2590,0.48585668548040395,-0.17097402383075191,0.3723140905040056,0.6347230634896281
USDJPY,2025-02-19,152.022,152.313,151.242,151.452,2910,7800,0.19141966294351925,-0.5130836326321198,-0.37494573153885175,0.6123382815450725
USDJPY,2025-02-20,151.438,151.46,149.393,149.608,220,20450,0.014527397350744056,-1.350387617374759,-1.2084153250835221,0.6573863627348087
USDJPY,2025-02-21,149.578,150.736,148.922,149.262,11580,6560,0.7741780208319319,-0.43856716896870257,-0.2112610143202894,0.6568724234849092
USDJPY,2025-02-24,149.312,149.875,148.839,149.684,5630,4730,0.377062794684947,-0.3167863266180971,0.24914273467637274,0.6527828509697343
USDJPY,2025-02-25,149.687,150.301,148.562,149.023,6140,11250,0.4101892615925069,-0.7515682724618704,-0.4435922959241722,0.6273943426185067
USDJPY,2025-02-26,149.023,149.887,148.615,149.076,8640,4080,0.5797762761452959,-0.27378324151304634,0.035564979902429336,0.6293635079387453
USDJPY,2025-02-27,149.052,150.163,148.741,149.801,11110,3110,0.7453774521643577,-0.20865201406219214,0.5025091914231243,0.6389546372446023
USDJPY,2025-02-28,149.77,150.99,149.094,150.545,12200,6760,0.8145823596180802,-0.45135875008347204,0.5174601054950773,0.6344047961115739
USDJPY,2025-03-03,150.689,151.303,149.096,149.485,6140,15930,0.4074617258061334,-1.057144184379742,-0.7989966089097276,0.6512872890181961
USDJPY,2025-03-04,149.472,149.877,148.093,149.801,4050,13790,0.27095375722543424,-0.9225808178120444,0.22010811389422721,0.6565360092725228
USDJPY,2025-03-05,149.754,150.184,148.382,148.863,4300,13720,0.28713757228521897,-0.9161691841286281,-0.5949757602467989,0.6261904199401509
USDJPY,2025-03-06,148.871,149.331,147.308,147.976,4600,15630,0.308992349080734,-1.0499022643765519,-0.6011916357114617,0.6142635933481608
USDJPY,2025-03-07,147.948,148.2,146.943,148.018,2520,10050,0.17033011598668527,-0.6792927244707568,0.047313921107411505,0.6149777240668325
USDJPY,2025-03-10,147.603,147.853,146.628,147.151,2500,9750,0.16937325122118113,-0.6605556797626219,-0.30622683820789426,0.5991556391476204
USDJPY,2025-03-11,147.14,148.125,146.538,147.708,9850,6020,0.6694304743781526,-0.4091341579447978,0.38602691314395277,0.6021352800628401
USDJPY,2025-03-12,147.722,149.199,147.714,148.197,14770,80,0.9998510716074814,-0.005415577909864324,0.3215499383977974,0.5160133733620733
USDJPY,2025-03-13,148.197,148.376,147.41,147.73,1790,7870,0.12078517108983451,-0.5310498862999967,-0.31512108882097,0.47576403340680173
USDJPY,2025-03-14,147.722,149.024,147.714,148.61,13020,80,0.8813853048293365,-0.005415577909864324,0.6011291479942088,0.5018333079433664
USDJPY,2025-03-17,148.74,149.284,148.261,149.134,5440,4790,0.36573887320154813,-0.3220384563668236,0.2648917574290554,0.5003510640549304
USDJPY,2025-03-18,149.136,149.936,149.094,149.23,8000,420,0.5364231305653976,-0.02816221435468404,0.06302971784142936,0.4907514196757612
USDJPY,2025-03-19,149.23,150.147,148.593,148.798,9170,6370,0.6144877035448647,-0.42685787040139417,-0.28948602827848824,0.48843582342766334
USDJPY,2025-03-20,148.801,148.961,148.175,148.759,1600,6260,0.10752615909840997,-0.42069609747244735,-0.028225616763329277,0.4096135246664927
USDJPY,2025-03-21,148.758,149.662,148.577,149.275,9040,1810,0.6076984094973018,-0.12167412845024239,0.34754433375011484,0.41483531361140163
USDJPY,2025-03-24,149.362,150.757,149.346,150.663,13950,160,0.9339724963511538,-0.010712229348824423,0.8710381489267793,0.45513896297754675
USDJPY,2025-03-25,150.665,150.943,149.544,149.87,2780,11210,0.18451531543491853,-0.7440347791457744,-0.5276607042113215,0.4602004582717624
USDJPY,2025-03-26,149.871,150.745,149.838,150.503,8740,330,0.583168191311191,-0.02201893628521559,0.42169599188633994,0.46821917320837675
USDJPY,2025-03-27,150.521,151.156,150.056,151.02,6350,4650,0.42186804499041286,-0.30892699357563064,0.33151520385861355,0.4611273476496715
USDJPY,2025-03-28,151.031,151.208,149.68,149.83,1770,13510,0.11719448325177777,-0.894518343916149,-0.7952009852281938,0.4834535640428356
USDJPY,2025-03-31,149.633,150.267,148.697,149.919,6340,9360,0.4237033274745451,-0.6255304645365708,0.19113430860839611,0.44883981207569323
USDJPY,2025-04-01,149.887,150.14,148.97,149.63,2530,9170,0.16879382468125048,-0.6117942183111288,-0.17146250175132266,0.4486713771793808
USDJPY,2025-04-02,149.641,150.491,148.658,148.686,8500,9830,0.5680261425678943,-0.656905527228503,-0.6381940778262536,0.4518357547793923
USDJPY,2025-04-03,148.68,148.702,145.182,145.934,220,34980,0.014796879203653053,-2.3527037933817723,-1.8469195587839717,0.60143390584705
USDJPY,2025-04-04,145.938,147.432,144.544,146.935,14940,13940,1.023722402664145,-0.9552001534898225,0.6831668242678495,0.623451123076442
USDJPY,2025-04-07,145.587,148.149,144.813,147.705,25620,7740,1.7597725071606751,-0.5316408745286331,1.454800222547359,0.7007320956221227
USDJPY,2025-04-08,147.717,148.121,145.958,146.283,4040,17590,0.273495941563934,-1.1907904980469508,-0.9707751985215146,0.7330770226195709
USDJPY,2025-04-09,146.285,148.281,143.991,147.368,19960,22940,1.364459787401312,-1.5681717195884628,0.7403356461701462,0.7486089278128861
USDJPY,2025-04-10,147.362,147.71,144.004,144.476,3480,33580,0.23615314667282827,-2.278742145193472,-1.9584424749935505,0.8679284721466628
USDJPY,2025-04-11,144.495,144.552,142.06,143.49,570,24350,0.03944773175541572,-1.6851794179729418,-0.6955257967403685,0.8641442377662619
USDJPY,2025-04-14,143.751,144.08,142.226,142.963,3290,15250,0.22886797309236648,-1.060862185306541,-0.5481700996862706,0.8638309937324238
USDJPY,2025-04-15,142.962,143.594,142.593,143.169,6320,3690,0.44207551657084054,-0.2581105468586056,0.1447937214085016,0.8651757986153045
USDJPY,2025-04-16,143.18,143.282,141.638,141.717,1020,15420,0.07123899986031838,-1.0769660567118324,-1.0217907528984451,0.8860023481627423
USDJPY,2025-04-17,141.744,143.087,141.609,142.43,13430,1350,0.9474827858674718,-0.09524212665085711,0.4839711028332819,0.8985670732276315
USDJPY,2025-04-18,142.437,142.47,142.098,142.15,330,3390,0.023168137492355946,-0.23799995787611267,-0.2014925897063306,0.8901029641770993
USDJPY,2025-04-21,141.904,142.129,140.467,140.808,2250,14370,0.15855789829743652,-1.012656443792975,-0.7723531401510907,0.8611519507244508
USDJPY,2025-04-22,140.8,142.558,139.882,142.551,17580,9180,1.248579545454532,-0.6519886363636408,1.2436079545454377,0.9236755156565808
USDJPY,2025-04-23,142.543,143.574,141.524,143.124,10310,10190,0.7232905158443458,-0.714872003535779,0.4075963042730887,0.9231842903419502
USDJPY,2025-04-24,143.15,143.338,142.274,142.676,1880,8760,0.1313307719175607,-0.6119455117010162,-0.331121201536862,0.9150743610420091
USDJPY,2025-04-25,142.682,144.03,142.632,143.623,13480,500,0.9447582736434962,-0.03504296267222421,0.6595085574914864,0.925547407307311
USDJPY,2025-04-28,143.605,143.894,141.954,142.065,2890,16510,0.20124647470493068,-1.14968141777792,-1.0723860589812277,0.9434568438103516
USDJPY,2025-04-29,142.069,142.757,141.968,142.264,6880,1010,0.48427172711852456,-0.07109221575431593,0.1372572482385472,0.9468216088908099
USDJPY,2025-04-30,142.268,143.19,142.154,142.95,9220,1140,0.6480726516152593,-0.08013045800883145,0.4793769505440352,0.952875340950006
USDJPY,2025-05-01,142.951,145.741,142.875,145.281,27900,760,1.9517177214570172,-0.05316507054864493,1.6299291365572908,0.9439635739842732
USDJPY,2025-05-02,145.283,145.924,143.725,144.918,6410,15580,0.4412078495075264,-1.0723897496610015,-0.25123379886151903,0.9327103376326051
USDJPY,2025-05-05,144.862,144.989,143.535,143.7,1270,13270,0.08766964421311976,-0.9160442352031577,-0.8021427289420319,0.8796392781132741
USDJPY,2025-05-06,143.695,144.275,142.347,142.416,5800,13480,0.40363269424824283,-0.9380980549079543,-0.8900796826611896,0.875780310140409
USDJPY,2025-05-07,142.42,143.999,142.389,143.763,15790,310,1.1086925993540289,-0.021766605813774393,0.9429855357393749,0.8874850467145873
USDJPY,2025-05-08,143.762,146.177,143.44,145.91,24150,3220,1.679859768228038,-0.2239813024304077,1.494136141678605,0.8460415218327675
USDJPY,2025-05-09,145.917,146.187,144.82,145.323,2700,10970,0.18503669894529784,-0.7517972546036503,-0.40708073767963576,0.8350174763838789
USDJPY,2025-05-12,146.141,148.651,145.694,148.35,25100,4470,1.717519381966744,-0.30586898953750336,1.5115539102647466,0.8809992377297026
USDJPY,2025-05-13,148.32,148.456,147.369,147.453,1360,9510,0.09169363538295286,-0.6411812297734584,-0.5845469255663365,0.897014079086024
USDJPY,2025-05-14,147.472,147.67,145.601,146.63,1980,18710,0.13426277530648467,-1.2687154171639425,-0.5709558424650191,0.8717826418233954
USDJPY,2025-05-15,146.624,146.752,145.409,145.592,1280,12150,0.08729812309036333,-0.8286501527717177,-0.7038411174159634,0.8885147678046352
USDJPY,2025-05-16,145.567,146.103,144.916,145.581,5360,6510,0.36821532352799835,-0.447216745553601,0.009617564420494744,0.8860459217939983
USDJPY,2025-05-19,145.423,145.451,144.656,144.854,280,7670,0.019254175749359857,-0.5274268857058346,-0.3912723571924581,0.8701061652236372
USDJPY,2025-05-20,144.854,145.514,144.088,144.474,6600,7660,0.4556311872644156,-0.5288083173402319,-0.26233310781892377,0.832611715330393
USDJPY,2025-05-21,144.472,144.49,143.278,143.648,180,11940,0.01245916163685744,-0.8264577219115239,-0.5703527327094609,0.8392111617578311
USDJPY,2025-05-22,143.636,144.398,142.798,144.029,7620,8380,0.5305076721713223,-0.5834191985296123,0.2736082876159185,0.8374941809656691
USDJPY,2025-05-23,144.068,144.07,142.418,142.55,20,16500,0.0013882333342457227,-1.1452925007635322,-1.0536691007024463,0.857268655588734
USDJPY,2025-05-26,142.476,143.08,142.222,142.74,6040,2540,0.4239310480361699,-0.1782756394059285,0.18529436536680563,0.8241271238732151
USDJPY,2025-05-27,142.74,144.46,142.11,144.263,17200,6300,1.204988090233991,-0.44136191677174963,1.066974919433933,0.8573065416621941
USDJPY,2025-05-28,144.263,145.077,143.847,144.791,8140,4160,0.5642472428827856,-0.2883622273209325,0.365998211599642,0.8547257069357219
USDJPY,2025-05-29,144.813,146.287,143.956,144.12,14740,8570,1.0178644182497552,-0.591797697720508,-0.47854819663979314,0.775951217268254
USDJPY,2025-05-30,144.125,144.443,143.43,144.021,3180,6950,0.22064180398960073,-0.4822202948829094,-0.07215958369471877,0.7746093552313497
USDJPY,2025-06-02,143.805,143.986,142.535,142.671,1810,12700,0.12586488647820532,-0.8831403636869443,-0.7885678522999997,0.7739183354708424
USDJPY,2025-06-03,142.662,144.109,142.372,143.941,14470,2900,1.0142855140121425,-0.20327767730719606,0.8965246526755523,0.7744915215960958
USDJPY,2025-06-04,143.943,144.395,142.6,142.734,4520,13430,0.3140131857749235,-0.9330082046365697,-0.8399158000041704,0.7680506713316811
USDJPY,2025-06-05,142.734,143.977,142.52,143.5,12430,2140,0.8708506732803641,-0.1499292390040205,0.5366626031639211,0.6931931427511844
USDJPY,2025-06-06,143.47,145.08,143.3,144.85,16100,1700,1.1221858228201114,-0.11849167073254861,0.9618735624172269,0.7273801616444175
USDJPY,2025-06-09,144.8,144.94,143.96,144.58,1400,8400,0.09668508287291874,-0.5801104972375714,-0.15193370165745776,0.6311214297441075
USDJPY,2025-06-10,144.54,145.29,144.38,144.83,7500,1600,0.518887505188875,-0.11069600110695765,0.2006365020063792,0.6243401173502467
USDJPY,2025-06-11,144.83,145.46,144.31,144.54,6300,5200,0.43499275012082816,-0.3590416350203757,-0.20023475799214283,0.6140820269065876
USDJPY,2025-06-12,144.53,144.56,143.16,143.47,300,13700,0.02075693627620642,-0.947900089946727,-0.7334117484259339,0.6157704386030193
USDJPY,2025-06-13,143.46,144.48,142.78,144.09,10200,6800,0.7109995817649392,-0.47399972117663935,0.4391468005018789,0.6254564154825643
USDJPY,2025-06-16,143.88,144.87,143.63,144.72,9900,2500,0.6880733944954192,-0.17375590770086183,0.5838198498748981,0.6338256661996033
USDJPY,2025-06-17,144.72,145.37,144.38,145.25,6500,3400,0.449143173023774,-0.23493642896628208,0.36622443338861327,0.6347780709800034
USDJPY,2025-06-18,145.18,145.44,144.32,145.1,2600,8600,0.1790880286540783,-0.5923680947789045,-0.05510400881665002,0.618549911754166
USDJPY,2025-06-19,145.12,145.76,144.73,145.45,6400,3900,0.441014332965812,-0.2687431091510576,0.22739801543549068,0.6178555394152719
USDJPY,2025-06-20,145.45,146.21,145.1,146.07,7600,3500,0.5225163286352832,-0.2406325197662388,0.42626332072877593,0.5619284567735456
USDJPY,2025-06-23,145.92,148.02,145.88,146.14,21000,400,1.439144736842121,-0.027412280701748934,0.15076754385964836,0.5618571550658926
USDJPY,2025-06-24,146.14,146.18,144.49,144.91,400,16500,0.027371014096086266,-1.1290543314629653,-0.841658683454215,0.5591233822789919
USDJPY,2025-06-25,144.94,145.94,144.58,145.25,10000,3600,0.6899406651028012,-0.24837863943699823,0.21388160618186994,0.5556177649956662
USDJPY,2025-06-26,145.19,145.26,143.73,144.37,700,14600,0.04821268682415675,-1.00557889661823,-0.5647771885116007,0.5601861357774094
USDJPY,2025-06-27,144.37,144.94,144.17,144.65,5700,2000,0.39481886818590645,-0.13853293620559468,0.1939461106878168,0.5605977323762037
USDJPY,2025-06-30,144.43,144.76,143.76,144.01,3300,6700,0.22848438690021744,-0.4638925431004749,-0.2907983106003018,0.5316613977269471
USDJPY,2025-07-01,144.01,144.06,142.66,143.43,500,13500,0.03471981112423538,-0.9374349003541382,-0.4027498090410278,0.5048219288279169
USDJPY,2025-07-02,143.41,144.24,143.31,143.67,8300,1000,0.5787601980336187,-0.06973014434139482,0.18129837528763051,0.4642398781005345
USDJPY,2025-07-03,143.67,145.23,143.42,144.92,15600,2500,1.085821674671123,-0.17400988376139767,0.8700494188069883,0.48757697753301515
USDJPY,2025-07-04,144.91,144.96,144.15,144.55,500,7600,0.03450417500518347,-0.5244634600786633,-0.24843006003725432,0.4454890157336927
USDJPY,2025-07-07,144.37,146.24,144.2,146.02,18700,1700,1.295282953522203,-0.11775299577475647,1.1428967236960625,0.5090172958711695
USDJPY,2025-07-08,146.01,146.97,145.82,146.55,9600,1900,0.6574892130676036,-0.13012807341962723,0.369837682350538,0.5124704737488442
USDJPY,2025-07-09,146.55,147.18,146.23,146.31,6300,3200,0.4298874104401197,-0.21835551006483903,-0.16376663254862442,0.5114419806925649
USDJPY,2025-07-10,146.31,146.78,145.73,146.25,4700,5800,0.32123573234912095,-0.39641856332445663,-0.04100881689563411,0.4746511914864803
USDJPY,2025-07-11,146.25,147.51,146.11,147.4,12600,1400,0.8615384615384554,-0.0957264957264864,0.7863247863247902,0.49264216918169235
USDJPY,2025-07-14,147.18,147.78,146.84,147.7,6000,3400,0.40766408479412575,-0.2310096480500091,0.3533088734882333,0.4844695714007068
USDJPY,2025-07-15,147.71,149.01,147.53,148.86,13000,1800,0.8801029043395727,-0.12186040213933168,0.7785525692234823,0.5032931044045741
USDJPY,2025-07-16,148.89,149.18,146.9,147.86,2900,19900,0.1947746658607163,-1.3365571898717046,-0.6917858821948907,0.5362900266422966
USDJPY,2025-07-17,147.83,149.09,147.71,148.6,12600,1200,0.8523303794899485,-0.08117432185618922,0.5208685652438488,0.5432811499269811
USDJPY,2025-07-18,148.6,148.88,148.16,148.81,2800,4400,0.18842530282638031,-0.29609690444145204,0.14131897711979002,0.5390198477465686
USDJPY,2025-07-21,148.07,148.66,147.06,147.38,5900,10100,0.39846018774903996,-0.6821098129263126,-0.46599581279124586,0.5547551396092394
USDJPY,2025-07-22,147.31,147.94,146.3,146.63,6300,10100,0.4276695404249511,-0.6856289457606346,-0.4616115674428123,0.526897952395825
USDJPY,2025-07-23,146.6,147.21,146.09,146.49,6100,5100,0.41609822646658506,-0.34788540245565547,-0.07503410641199539,0.5278904054506199
USDJPY,2025-07-24,146.46,147.02,145.82,147.0,5600,6400,0.382356957531068,-0.4369793800355146,0.3687013519049515,0.5071959103172132
USDJPY,2025-07-25,147.0,147.94,146.8,147.66,9400,2000,0.6394557823129237,-0.13605442176869975,0.44897959183673236,0.5117221180565471
USDJPY,2025-07-28,147.74,148.57,147.49,148.53,8300,2500,0.5617977528089779,-0.16921619060511708,0.5347231623121647,0.5070544609613045
USDJPY,2025-07-29,148.51,148.8,148.13,148.44,2900,3800,0.19527304558616962,-0.25587502525082184,-0.04713487307251578,0.4908815303123642
USDJPY,2025-07-30,148.49,149.53,147.78,149.5,10400,7100,0.7003838642332763,-0.4781466765438803,0.6801804835342385,0.5016308871376828
USDJPY,2025-07-31,149.5,150.83,148.57,150.74,13300,9300,0.8896321070234198,-0.6220735785953223,0.8294314381270964,0.49902146397946795
USDJPY,2025-08-01,150.74,150.91,147.28,147.36,1700,34600,0.11277696696297432,-2.2953429746583573,-2.242271460793416,0.7415438809214835
USDJPY,2025-08-04,147.26,148.08,146.85,147.08,8200,4100,0.556838245280471,-0.2784191226402259,-0.12223278554935381,0.704368306077123
USDJPY,2025-08-05,147.09,147.83,146.6,147.6,7400,4900,0.5030933442110335,-0.3331293765721729,0.3467264939832694,0.7038780555987726
USDJPY,2025-08-06,147.57,147.88,146.95,147.35,3100,6200,0.21006979738429374,-0.4201395947685875,-0.14908179169207758,0.7036246865901178
USDJPY,2025-08-07,147.35,147.71,146.66,147.1,3600,6900,0.24431625381745073,-0.4682728198167613,-0.16966406515100102,0.7053237613771093
USDJPY,2025-08-08,147.11,147.9,146.71,147.72,7900,4000,0.5370131194344313,-0.2719053769288326,0.4146556998164538,0.6901404625686688
USDJPY,2025-08-11,147.44,148.25,147.33,148.14,8100,1100,0.5493760173629967,-0.0746066196418782,0.47476939772109916,0.6934797039617313
USDJPY,2025-08-12,148.13,148.52,147.56,147.83,3900,5700,0.2632822520758893,-0.38479713764935747,-0.20252480928912642,0.6740847919714124
USDJPY,2025-08-13,147.73,148.16,147.07,147.38,4300,6600,0.29107154944832253,-0.44676098287416005,-0.23691870303932466,0.6567296501171153
USDJPY,2025-08-14,147.36,147.95,146.19,147.76,5900,11700,0.40038002171550957,-0.7939739413680889,0.2714440825189856,0.6492308537765608
USDJPY,2025-08-15,147.74,147.86,146.73,147.18,1200,10100,0.08122377149045928,-0.6836334100446861,-0.37904426695546384,0.6543896387641533
USDJPY,2025-08-18,147.05,147.98,147.02,147.86,9300,300,0.6324379462767619,-0.02040122407344518,0.5508330499830005,0.6565201110101263
USDJPY,2025-08-19,147.66,148.11,147.43,147.66,4500,2300,0.30475416497359953,-0.1557632398753825,0.0,0.6459213656337768
USDJPY,2025-08-20,147.57,147.81,146.85,147.32,2400,7200,0.16263468184590982,-0.48790404553771016,-0.1694111269228163,0.6473400961287564
USDJPY,2025-08-21,147.23,148.4,147.23,148.37,11700,0,0.7946749983019874,0.0,0.7742987162942436,0.6636639854905675
USDJPY,2025-08-22,148.25,148.77,146.54,146.93,5200,17100,0.35075885328837114,-1.1534569983136647,-0.8903878583473815,0.6915047793637951
USDJPY,2025-08-25,146.8,147.93,146.69,147.77,11300,1100,0.7697547683923674,-0.07493188010900112,0.6607629427792907,0.697057728152213
USDJPY,2025-08-26,147.77,147.9,146.97,147.4,1300,8000,0.08797455505176656,-0.541381877241667,-0.2503891182242705,0.6995609307072795
USDJPY,2025-08-27,147.4,148.18,147.27,147.39,7800,1300,0.529172320217097,-0.0881953867028463,-0.006784260515616911,0.6815331812901895
USDJPY,2025-08-28,147.4,147.49,146.64,146.92,900,7600,0.0610583446404365,-0.5156037991859018,-0.3256445047489947,0.6537089546234612
USDJPY,2025-08-29,146.92,147.4,146.73,147.02,4800,1900,0.32670841274164053,-0.12932208004355958,0.06806425265452133,0.41107986953988945
USDJPY,2025-09-01,147.06,147.38,146.76,147.17,3200,3000,0.21759825921392165,-0.20399836801306362,0.0747994016047771,0.40952256078222304
USDJPY,2025-09-02,147.17,148.94,147.02,148.33,17700,1500,1.2026907657810766,-0.10192294625261757,0.7882041176870457,0.43769458580874177
USDJPY,2025-09-03,148.33,149.13,147.86,148.08,8000,4700,0.5393379626508346,-0.3168610530573713,-0.1685431133283894,0.4382166590217534
USDJPY,2025-09-04,148.08,148.77,147.77,148.48,6900,3100,0.46596434359805355,-0.20934629929767845,0.2701242571582774,0.4369105464395679
USDJPY,2025-09-05,148.48,148.54,146.8,147.38,600,16800,0.040409482758622224,-1.1314655172413648,-0.7408405172413756,0.46654510082228895
USDJPY,2025-09-08,148.04,148.57,147.32,147.51,5300,7200,0.3580113482842483,-0.4863550391785996,-0.3580113482842483,0.4617234386156467
USDJPY,2025-09-09,147.51,147.53,146.29,147.41,200,12200,0.013558402820154724,-0.8270625720290142,-0.06779201410073508,0.459799230743552
USDJPY,2025-09-10,147.41,147.64,147.12,147.46,2300,2900,0.15602740655314415,-0.19673020826266335,0.03391900142460577,0.45664142295641347
USDJPY,2025-09-11,147.46,147.99,146.97,147.2,5300,4900,0.3594195035941958,-0.33229350332294116,-0.17631900176320311,0.4539510783256891
USDJPY,2025-09-12,147.18,148.07,147.1,147.66,8900,800,0.6047017257779497,-0.054355211305892444,0.3261312678352967,0.4516167638913307
USDJPY,2025-09-15,147.72,147.76,147.21,147.4,400,5100,0.027078256160297888,-0.3452477660438606,-0.2166260492824216,0.4364581536605493
USDJPY,2025-09-16,147.4,147.53,146.26,146.48,1300,11400,0.0881953867028463,-0.7734056987788431,-0.6241519674355603,0.4568850492890743
USDJPY,2025-09-17,146.48,147.05,145.47,146.97,5700,10100,0.38913162206446045,-0.6895139268159414,0.3345166575641788,0.4637922172110625
USDJPY,2025-09-18,146.94,148.26,146.75,147.99,13200,1900,0.8983258472846013,-0.1293044780182372,0.7145773785218534,0.4585394983748475
USDJPY,2025-09-19,147.99,148.28,147.18,147.94,2900,8100,0.19595918643151025,-0.5473342793432003,-0.03378606662613107,0.41129210876168315
USDJPY,2025-09-22,147.89,148.37,147.64,147.71,4800,2500,0.324565555480437,-0.1690445601460545,-0.12171208330514464,0.382877118044882
USDJPY,2025-09-23,147.71,147.92,147.44,147.62,2100,2700,0.14217046916253437,-0.1827906032089975,-0.06093020106966584,0.37930857678216623
USDJPY,2025-09-24,147.62,148.91,147.5,148.9,12900,1200,0.873865329901092,-0.08128979813033772,0.8670911800569036,0.4275176710864188
USDJPY,2025-09-25,148.89,149.92,148.54,149.79,10300,3500,0.6917858821949098,-0.23507287259049925,0.6044731009470117,0.4373671734344105
USDJPY,2025-09-26,149.83,149.95,149.38,149.49,1200,4500,0.08009076953879471,-0.3003403857705513,-0.22692384702663243,0.44257969173544165
USDJPY,2025-09-29,149.39,149.51,148.45,148.58,1200,9400,0.08032666175781816,-0.6292255171028835,-0.5422049668652346,0.4626115185553367
USDJPY,2025-09-30,148.58,148.84,147.63,147.9,2600,9500,0.17498990442858453,-0.6393861892583235,-0.45766590389016476,0.438397971588141
USDJPY,2025-10-01,147.9,148.22,146.57,147.05,3200,13300,0.21636240703177362,-0.8992562542258367,-0.5747126436781571,0.45416883613150516
USDJPY,2025-10-02,147.05,147.51,146.58,147.23,4600,4700,0.31281876912613366,-0.31961917715062826,0.12240734444065174,0.44982569678058043
USDJPY,2025-10-03,147.25,147.81,147.07,147.44,5600,1800,0.3803056027164701,-0.12224108658744097,0.12903225806451457,0.421697711765787
USDJPY,2025-10-06,149.19,150.47,149.04,150.35,12800,1500,0.8579663516321477,-0.10054293183189603,0.7775320061666309,0.44885732924042077
USDJPY,2025-10-07,150.33,152.04,150.22,151.9,17100,1100,1.1374975054879128,-0.07317235415420317,1.0443690547462203,0.5006582861047436
USDJPY,2025-10-08,151.9,152.99,151.73,152.68,10900,1700,0.7175773535220562,-0.11191573403556018,0.5134957208689935,0.5089468884500686
USDJPY,2025-10-09,152.72,153.23,152.21,153.06,5100,5100,0.33394447354635337,-0.33394447354635337,0.22262964903090846,0.5045236307293554
USDJPY,2025-10-10,153.06,153.27,151.14,151.15,2100,19200,0.13720109760878607,-1.2544100352802927,-1.247876649679862,0.5895418638925153
USDJPY,2025-10-13,151.77,152.44,151.7,152.27,6700,700,0.44145746853791096,-0.04612242208606549,0.3294458720432233,0.5886432585953757
USDJPY,2025-10-14,152.27,152.61,151.58,151.83,3400,6900,0.22328758127011453,-0.4531424443422852,-0.28896039929073203,0.5718168596683998
USDJPY,2025-10-15,151.82,151.87,150.88,151.04,500,9400,0.03293373732051862,-0.6191542616256078,-0.5137663021999744,0.5852186951141182
USDJPY,2025-10-16,151.02,151.39,150.2,150.42,3700,8200,0.24500066216393596,-0.542974440471475,-0.39729837107669363,0.5727247011594099
USDJPY,2025-10-17,150.39,150.63,149.36,150.62,2400,10300,0.15958507879513872,-0.6848859631624262,0.15293570051201424,0.5735421767628203
USDJPY,2025-10-20,150.36,151.2,150.25,150.74,8400,1100,0.5586592178770783,-0.0731577547220096,0.25272678903963514,0.574900508157295
USDJPY,2025-10-21,150.74,152.17,150.45,151.93,14300,2900,0.9486533103356629,-0.19238423776039568,0.7894387687408768,0.5983761804005845
USDJPY,2025-10-22,151.92,152.04,151.47,151.97,1200,4500,0.07898894154818625,-0.29620853080567977,0.032912058978417175,0.5688068156235092
USDJPY,2025-10-23,151.96,152.79,151.81,152.58,8300,1500,0.5461963674651119,-0.09871018689129092,0.4080021058173233,0.5601041076595513
USDJPY,2025-10-24,152.55,153.06,152.31,152.85,5100,2400,0.33431661750245223,-0.1573254670599863,0.1966568338249642,0.5580305654529634
USDJPY,2025-10-27,153.02,153.25,152.54,152.87,2300,4800,0.1503071493922296,-0.3136844856881572,-0.09802640177754912,0.5419344205419014
USDJPY,2025-10-28,152.85,152.87,151.73,152.1,200,11200,0.013084723585220956,-0.7327445207720017,-0.49067713444553485,0.5436725151692076
USDJPY,2025-10-29,152.1,153.05,151.53,152.71,9500,5700,0.6245890861275589,-0.37475345167652413,0.40105193951348694,0.526469298176023
USDJPY,2025-10-30,152.72,154.44,152.15,154.12,17200,5700,1.1262441068622309,-0.37323205866945597,0.9167103195390294,0.5560436031181696
USDJPY,2025-10-31,154.11,154.41,153.63,154.0,3000,4800,0.19466614755692876,-0.31146583609111556,-0.07137758743755346,0.5583659187662752
USDJPY,2025-11-03,153.99,154.29,153.92,154.21,3000,700,0.19481784531461974,-0.04545749724009455,0.14286641989739518,0.5382889289784643
USDJPY,2025-11-04,154.21,154.48,153.3,153.67,2700,9100,0.17508592179494312,-0.5901044030866978,-0.3501718435899231,0.5005315070304026
USDJPY,2025-11-05,153.66,154.35,152.94,154.11,6900,7200,0.44904334244435623,-0.46856696602889425,0.29285435376807045,0.492022102701962
USDJPY,2025-11-06,154.11,154.14,152.81,153.06,300,13000,0.01946661475567628,-0.84355330608008,-0.6813315164492968,0.5147762348293622
USDJPY,2025-11-07,153.06,153.59,152.8,153.4,5300,2600,0.346269436822162,-0.16986802561086561,0.22213511041421888,0.4262387135395745
USDJPY,2025-11-10,153.22,154.25,153.22,154.14,10300,0,0.6722360005221258,0.0,0.6004438062915987,0.4392856515074939
USDJPY,2025-11-11,154.01,154.49,153.64,154.15,4800,3700,0.3116680735017325,-0.24024413999091265,0.09090318810467812,0.43081234207352503
USDJPY,2025-11-12,154.13,155.04,154.03,154.77,9100,1000,0.5904106922727546,-0.06488029585414541,0.4152338934665638,0.4113819628639518
USDJPY,2025-11-13,154.8,155.01,154.11,154.55,2100,6900,0.13565891472866895,-0.44573643410852565,-0.16149870801033592,0.3983047179817345
USDJPY,2025-11-14,154.53,154.76,153.59,154.54,2300,9400,0.1488384132530834,-0.6082961237300186,0.006471235358824115,0.39965186106319406
USDJPY,2025-11-17,154.4,155.3,154.4,155.24,9000,0,0.5829015544041487,0.0,0.5440414507772042,0.4089556659724991
USDJPY,2025-11-18,155.23,155.73,154.79,155.5,5000,4400,0.32210268633640404,-0.2834503639760341,0.1739354506216648,0.38134922546358385
USDJPY,2025-11-19,155.5,157.18,155.19,157.15,16800,3100,1.0803858520900365,-0.1993569131832812,1.061093247588428,0.4333880981220431
USDJPY,2025-11-20,157.15,157.89,156.86,157.46,7400,2900,0.47088768692330935,-0.18453706649697235,0.19726376073814972,0.430127229560871
USDJPY,2025-11-21,157.46,157.54,156.19,156.39,800,12700,0.050806554045461756,-0.8065540454718724,-0.6795376603581998,0.47008110343279774
USDJPY,2025-11-24,156.56,157.18,156.25,156.89,6200,3100,0.3960143076136973,-0.19800715380684866,0.21078180889114978,0.46737780423567077
USDJPY,2025-11-25,156.88,156.98,155.78,156.04,1000,11000,0.06374298827128654,-0.7011728709841881,-0.5354411014788395,0.47066299590763827
USDJPY,2025-11-26,156.04,156.73,155.63,156.47,6900,4100,0.44219430915149815,-0.2627531402204541,0.2755703665726781,0.467825234973755
USDJPY,2025-11-27,156.46,156.5,155.69,156.3,400,7700,0.02556563978013041,-0.49213856576761483,-0.1022625591205398,0.43217292145012665
USDJPY,2025-11-28,156.28,156.58,155.96,156.15,3000,3200,0.19196314307653659,-0.20476068594829355,-0.08318402866649312,0.43240231583468075
USDJPY,2025-12-01,156.1,156.2,154.65,155.42,1000,14500,0.06406149903907388,-0.9288917360666167,-0.4356181934657315,0.4472115232878367
USDJPY,2025-12-02,155.43,156.17,155.41,155.85,7400,200,0.47609856527052735,-0.012867528791102253,0.270218104613001,0.4392129573621734
USDJPY,2025-12-03,155.85,155.9,154.99,155.24,500,8600,0.032082130253456125,-0.5518126403593104,-0.39140198909206625,0.44864537443076535
USDJPY,2025-12-04,155.24,155.54,154.49,155.08,3000,7500,0.19324916258695113,-0.4831229064674053,-0.1030662200463776,0.41652453162664344
USDJPY,2025-12-05,155.08,155.49,154.32,155.34,4100,7600,0.26437967500644605,-0.49006964147537996,0.16765540366261986,0.41571519802652596
USDJPY,2025-12-08,155.16,155.98,154.88,155.92,8200,2800,0.5284867233823106,-0.18045888115493758,0.4898169631348227,0.40905361660070394
USDJPY,2025-12-09,155.89,156.95,155.72,156.86,10600,1700,0.6799666431458095,-0.10905125408941402,0.622233626274955,0.42729249767610916
USDJPY,2025-12-10,156.84,156.93,155.78,156.01,900,10600,0.057383320581486486,-0.6758479979597056,-0.5292017342514744,0.442211799665384
USDJPY,2025-12-11,156.01,156.16,154.93,155.57,1500,10800,0.09614768284084718,-0.6922633164540632,-0.2820332029998063,0.4460491165118363
USDJPY,2025-12-12,155.61,156.12,155.42,155.81,5100,1900,0.32774243300558503,-0.12210012210013889,0.12852644431591068,0.4463454197800653
USDJPY,2025-12-15,155.85,155.98,154.81,155.21,1300,10400,0.08341353865896405,-0.6673083092717306,-0.41065126724413625,0.4417520693572695
USDJPY,2025-12-16,155.19,155.26,154.39,154.71,700,8000,0.045105999097875625,-0.5154971325472075,-0.3092982795283135,0.4450694202567225
USDJPY,2025-12-17,154.68,155.75,154.5,155.67,10700,1800,0.6917507111455865,-0.11636927851047764,0.6400310318075902,0.39868468247389804
USDJPY,2025-12-18,155.65,155.97,155.26,155.54,3200,3900,0.2055894635399892,-0.25056215868937665,-0.07067137809188155,0.39466843944542446
USDJPY,2025-12-19,155.5,157.77,155.49,157.75,22700,100,1.4598070739549904,-0.006430868167196724,1.4469453376205788,0.49231202158502496
USDJPY,2025-12-22,157.63,157.74,156.7,157.05,1100,9300,0.06978367062108333,-0.5899892152509083,-0.3679502632747473,0.49931930930386054
USDJPY,2025-12-23,157.07,157.07,155.63,156.21,0,14400,0.0,-0.9167886929394523,-0.5475265805054977,0.5000349678795859
USDJPY,2025-12-24,156.26,156.28,155.54,155.93,200,7200,0.012799180852431993,-0.46077051068731534,-0.21118648406500967,0.4988061847956356
USDJPY,2025-12-25,155.83,155.96,155.65,155.79,1300,1800,0.08342424436886058,-0.11551049220304614,-0.025668998267355747,0.49830527245354955
USDJPY,2025-12-26,155.893,156.73,155.73,156.54,8370,1630,0.5369067244840943,-0.10455889616596699,0.41502825656058406,0.5063218274346293
USDJPY,2025-12-29,156.41,156.54,155.91,156.04,1300,5000,0.08311489035227636,-0.31967265520107413,-0.23655776484879776,0.49869367176348167
USDJPY,2025-12-30,155.99,156.56,155.74,156.39,5700,2500,0.3654080389768531,-0.1602666837617796,0.2564266940188328,0.4983603820473721
USDJPY,2025-12-31,156.3,156.99,156.3,156.65,6900,0,0.44145873320537277,0.0,0.22392834293025865,0.4896284032307022
USDJPY,2026-01-01,156.66,156.69,156.63,156.66,300,300,0.019149751053237032,-0.019149751053237032,0.0,0.48830880507821856
USDJPY,2026-01-02,156.66,157.0,156.51,156.81,3400,1500,0.21703051193668033,-0.09574875526618518,0.09574875526618518,0.487816352369734
USDJPY,2026-01-05,156.7,157.29,156.09,156.38,5900,6100,0.37651563497128493,-0.38927887683470663,-0.20421186981492864,0.4807445945482032
USDJPY,2026-01-06,156.35,156.79,156.14,156.62,4400,2100,0.281419891269586,-0.13431403901503547,0.17268947873361704,0.46181743344949255
USDJPY,2026-01-07,156.63,156.8,156.28,156.76,1700,3500,0.10853604034987928,-0.2234565536614916,0.0829981485028382,0.44420475133866655
USDJPY,2026-01-08,156.76,157.07,156.44,156.87,3100,3200,0.19775452921663836,-0.20413370757845956,0.07017096198010567,0.43770711237977034
USDJPY,2026-01-09,156.87,158.18,156.8,157.88,13100,700,0.8350863772550534,-0.0446229361891969,0.6438452221584694,0.45686024898687505
USDJPY,2026-01-12,158.0,158.2,157.52,158.15,2000,4800,0.12658227848100545,-0.3037974683544239,0.0949367088607631,0.44183633871412115
USDJPY,2026-01-13,158.15,159.19,157.89,159.12,10400,2600,0.6576035409421385,-0.1644008852355481,0.61334176414796,0.44408059946745354
USDJPY,2026-01-14,159.13,159.45,158.08,158.43,3200,10500,0.20109344561050285,-0.6598378684094658,-0.43989191227297725,0.4475926213668513
USDJPY,2026-01-15,158.39,158.87,158.18,158.64,4800,2100,0.3030494349390859,-0.13258412778583215,0.1578382473641013,0.44590336609676356
USDJPY,2026-01-16,158.63,158.7,157.82,158.09,700,8100,0.044127844669982465,-0.5106222026098483,-0.34041480173989286,0.32773507404757735
USDJPY,2026-01-19,157.85,158.16,157.4,158.1,3100,4500,0.1963889768767832,-0.28508077288564376,0.15837820715869497,0.31562545814535925
USDJPY,2026-01-20,158.08,158.6,157.46,158.15,5200,6200,0.3289473684210411,-0.3922064777327964,0.0442813765182143,0.28279090200674434
USDJPY,2026-01-21,158.16,158.53,157.73,158.25,3700,4300,0.23394031360647732,-0.27187658067779896,0.05690440060698243,0.2745668950641096
USDJPY,2026-01-22,158.27,158.89,158.16,158.4,6200,1100,0.391735641625056,-0.06950148480445671,0.08213811840525397,0.2731902391632209
USDJPY,2026-01-23,158.38,159.22,155.62,155.71,8400,27600,0.530369996211645,-1.742644273266821,-1.685818916529857,0.47441047604854014
USDJPY,2026-01-26,155.07,155.34,153.3,154.15,2700,17700,0.17411491584446395,-1.1414200038692086,-0.5932804539885133,0.489921197520023
USDJPY,2026-01-27,154.14,154.87,152.08,152.19,7300,20600,0.47359543272350996,-1.3364473854936902,-1.2650836901518028,0.5573324377176093
USDJPY,2026-01-28,152.15,154.05,152.15,153.4,19000,0,1.2487676634899807,0.0,0.821557673348669,0.5907235998193769
USDJPY,2026-01-29,153.38,153.53,152.67,153.09,1500,7100,0.09779632285826424,-0.4629025948624384,-0.18907289085929851,0.5910286992333974
USDJPY,2026-01-30,153.05,154.79,152.86,154.76,17400,1900,1.1368833714472268,-0.12414243711205339,1.1172819340084805,0.6484697534609748
USDJPY,2026-02-02,154.72,155.78,154.53,155.6,10600,1900,0.6851085832471576,-0.12280248190279067,0.5687693898655607,0.6604685966012256
USDJPY,2026-02-03,155.62,156.08,155.28,155.73,4600,3400,0.29559182624341857,-0.2184809150494817,0.07068500192776328,0.6595277865285517
USDJPY,2026-02-04,155.72,156.94,155.67,156.85,12200,500,0.7834574877986121,-0.03210891343437668,0.7256614436167451,0.6789750596544334
USDJPY,2026-02-05,156.82,157.33,156.51,157.03,5100,3100,0.32521362071165627,-0.19767886749139285,0.13391149088127022,0.6792953355146768
USDJPY,2026-02-06,157.03,157.27,156.5,157.2,2400,5300,0.15283703750876207,-0.3375151244985042,0.10825956823536108,0.6645854076919098
USDJPY,2026-02-09,157.2,157.72,155.5,155.86,5200,17000,0.33078880407125333,-1.0814249363867614,-0.8524173027989663,0.6915772424852564
USDJPY,2026-02-10,155.83,156.29,154.03,154.38,4600,18000,0.2951934800744269,-1.155104922030425,-0.9305011871911807,0.7014507176688537
USDJPY,2026-02-11,154.38,154.65,152.54,153.24,2700,18400,0.17489312087058573,-1.1918642311180228,-0.7384376214535473,0.7118826311846811
USDJPY,2026-02-12,153.24,153.75,152.25,152.73,5100,9900,0.33281127642912484,-0.6460454189506715,-0.3328112764291434,0.7099848066969262
USDJPY,2026-02-13,152.72,153.66,152.57,152.68,9400,1500,0.6155055002619158,-0.09821896280775648,-0.026191723415395524,0.7090720832826406
USDJPY,2026-02-16,152.64,153.63,152.52,153.51,9900,1200,0.6485849056603834,-0.07861635220124223,0.5699685534591226,0.7238923324466141
USDJPY,2026-02-17,153.51,153.92,152.69,153.28,4100,8200,0.2670835776170911,-0.5341671552341822,-0.1498273728095823,0.7229349898061559
USDJPY,2026-02-18,153.29,154.87,153.05,154.82,15800,2400,1.0307260747602665,-0.15656598603952032,0.9981081610020232,0.7648472895848475
USDJPY,2026-02-19,154.78,155.34,154.53,154.98,5600,2500,0.3618038506266974,-0.16151957617263213,0.12921566093809836,0.7654394293469056
USDJPY,2026-02-20,155.03,155.64,154.7,155.05,6100,3300,0.3934722311810522,-0.21286202670451687,0.012900728891188951,0.6650746240589006
USDJPY,2026-02-23,154.92,155.04,153.98,154.62,1200,9400,0.07745933384973183,-0.6067647818228749,-0.19364833462431125,0.651902167145508
USDJPY,2026-02-24,154.63,156.28,154.5,155.88,16500,1300,1.0670633124232074,-0.08407165491818887,0.808381297290306,0.5979226614456111
USDJPY,2026-02-25,155.88,156.82,155.33,156.33,9400,5500,0.6030279702335115,-0.3528355144983211,0.28868360277137356,0.5771166683474852
USDJPY,2026-02-26,156.33,156.43,155.7,156.11,1000,6300,0.06396724876862682,-0.40299366724238717,-0.14072794729098628,0.5759159460634827
USDJPY,2026-02-27,156.11,156.23,155.51,156.05,1200,6000,0.07686887451154706,-0.38434437255782633,-0.03843443725578263,0.525094121253899
USDJPY,2026-03-02,155.64,157.75,155.64,157.34,21100,0,1.355692624004121,0.0,1.0922641994346036,0.5638980410005331
USDJPY,2026-03-03,157.39,157.96,157.13,157.71,5700,2600,0.3621576974394953,-0.16519473918291563,0.20331660207130162,0.564602385101231
USDJPY,2026-03-04,157.47,157.86,156.84,157.03,3900,6300,0.2476662221375594,-0.40007620499142404,-0.2794183018987729,0.5489385235667772
USDJPY,2026-03-05,157.05,157.85,156.43,157.57,8000,6200,0.5093919134033639,-0.3947787328876183,0.33110474371218196,0.5526026668943674
USDJPY,2026-03-06,157.52,158.08,157.37,157.79,5600,1500,0.3555104113763346,-0.0952260030472357,0.17140680548500623,0.553175326763304
USDJPY,2026-03-09,157.78,158.89,157.62,157.64,11100,1600,0.7035112181518477,-0.10140702243630155,-0.08873114463177512,0.5127669920296182
USDJPY,2026-03-10,157.66,158.12,157.25,158.04,4600,4100,0.2917670937460408,-0.26005327920842103,0.24102499048585277,0.4543193066403219
USDJPY,2026-03-11,158.04,158.97,157.84,158.94,9300,2000,0.5884586180713787,-0.12655024044544966,0.5694760820045595,0.4130359104228265
USDJPY,2026-03-12,158.94,159.43,158.55,159.33,4900,3900,0.3082924373977659,-0.24537561343902503,0.2453756134390429,0.39291282452155707
USDJPY,2026-03-13,159.33,159.74,158.98,159.71,4100,3500,0.25732755915395505,-0.21966986757046553,0.23849871336220135,0.38800068791640924
