date,time,currency,event,impact,actual,previous,open,high,low,close
2021-01-04,1:45pm,EUR,Spanish Manufacturing PMI,Low,51.0,49.8,1.22386,1.23098,1.2229,1.22461
2021-01-04,2:15pm,EUR,Italian Manufacturing PMI,Low,52.8,51.5,1.22386,1.23098,1.2229,1.22461
2021-01-04,2:20pm,EUR,French Final Manufacturing PMI,Low,51.1,51.1,1.22386,1.23098,1.2229,1.22461
2021-01-04,2:25pm,EUR,German Final Manufacturing PMI,Low,58.3,58.6,1.22386,1.23098,1.2229,1.22461
2021-01-04,2:30pm,EUR,Final Manufacturing PMI,Low,55.2,55.5,1.22386,1.23098,1.2229,1.22461
2021-01-04,8:15pm,USD,Final Manufacturing PMI,Low,57.1,56.5,1.22386,1.23098,1.2229,1.22461
2021-01-04,8:30pm,USD,Construction Spending m/m,Low,0.9%,1.6%,1.22386,1.23098,1.2229,1.22461
2021-01-05,12:30pm,EUR,German Retail Sales m/m,Low,1.9%,2.6%,1.22469,1.23057,1.22428,1.22957
2021-01-05,1:30pm,EUR,Spanish Unemployment Change,Low,36.8K,25.3K,1.22469,1.23057,1.22428,1.22957
2021-01-05,2:25pm,EUR,German Unemployment Change,Low,-37K,-40K,1.22469,1.23057,1.22428,1.22957
2021-01-05,2:30pm,EUR,M3 Money Supply y/y,Low,11.0%,10.5%,1.22469,1.23057,1.22428,1.22957
2021-01-05,2:30pm,EUR,Private Loans y/y,Low,3.1%,3.2%,1.22469,1.23057,1.22428,1.22957
2021-01-05,8:30pm,USD,ISM Manufacturing PMI,Medium,60.7,57.5,1.22469,1.23057,1.22428,1.22957
2021-01-05,8:30pm,USD,ISM Manufacturing Prices,Low,77.6,65.4,1.22469,1.23057,1.22428,1.22957
2021-01-05,All Day,USD,Wards Total Vehicle Sales,Low,16.3M,15.6M,1.22469,1.23057,1.22428,1.22957
2021-01-06,All Day,EUR,German Prelim CPI m/m,Low,0.5%,-0.8%,1.2296,1.23495,1.2264,1.23242
2021-01-06,1:15pm,EUR,French Prelim CPI m/m,Low,0.2%,0.2%,1.2296,1.23495,1.2264,1.23242
2021-01-06,1:45pm,EUR,Spanish Services PMI,Low,48.0,39.5,1.2296,1.23495,1.2264,1.23242
2021-01-06,2:15pm,EUR,Italian Services PMI,Low,39.7,39.4,1.2296,1.23495,1.2264,1.23242
2021-01-06,2:20pm,EUR,French Final Services PMI,Low,49.1,49.2,1.2296,1.23495,1.2264,1.23242
2021-01-06,2:25pm,EUR,German Final Services PMI,Low,47.0,47.7,1.2296,1.23495,1.2264,1.23242
2021-01-06,2:30pm,EUR,Final Services PMI,Low,46.4,47.3,1.2296,1.23495,1.2264,1.23242
2021-01-06,3:30pm,EUR,PPI m/m,Low,0.4%,0.4%,1.2296,1.23495,1.2264,1.23242
2021-01-06,4:06pm,EUR,German 10-y Bond Auction,Low,-0.52|1.6,-0.57|2.0,1.2296,1.23495,1.2264,1.23242
2021-01-06,6:45pm,USD,ADP Non-Farm Employment Change,Medium,-123K,304K,1.2296,1.23495,1.2264,1.23242
2021-01-06,8:15pm,USD,Final Services PMI,Low,54.8,55.3,1.2296,1.23495,1.2264,1.23242
2021-01-06,8:30pm,USD,Factory Orders m/m,Low,1.0%,1.3%,1.2296,1.23495,1.2264,1.23242
2021-01-06,9:00pm,USD,Crude Oil Inventories,Low,-8.0M,-6.1M,1.2296,1.23495,1.2264,1.23242
2021-01-07,12:30pm,EUR,German Factory Orders m/m,Low,2.3%,3.3%,1.2325,1.23445,1.2243,1.22688
2021-01-07,3:30pm,EUR,Core CPI Flash Estimate y/y,Low,0.2%,0.2%,1.2325,1.23445,1.2243,1.22688
2021-01-07,3:30pm,EUR,CPI Flash Estimate y/y,Low,-0.3%,-0.3%,1.2325,1.23445,1.2243,1.22688
2021-01-07,3:30pm,EUR,Italian Prelim CPI m/m,Low,0.3%,-0.1%,1.2325,1.23445,1.2243,1.22688
2021-01-07,3:30pm,EUR,Retail Sales m/m,Low,-6.1%,1.4%,1.2325,1.23445,1.2243,1.22688
2021-01-07,3:34pm,EUR,French 10-y Bond Auction,Low,-0.33|1.9,-0.26|2.1,1.2325,1.23445,1.2243,1.22688
2021-01-07,6:00pm,USD,Challenger Job Cuts y/y,Low,134.5%,45.4%,1.2325,1.23445,1.2243,1.22688
2021-01-07,6:00pm,USD,Unemployment Claims,Medium,787K,790K,1.2325,1.23445,1.2243,1.22688
2021-01-07,6:00pm,USD,Trade Balance,Low,-68.1B,-63.1B,1.2325,1.23445,1.2243,1.22688
2021-01-07,6:00pm,USD,ISM Services PMI,Medium,57.2,55.9,1.2325,1.23445,1.2243,1.22688
2021-01-07,9:00pm,USD,Natural Gas Storage,Low,-130B,-114B,1.2325,1.23445,1.2243,1.22688
2021-01-08,12:30pm,EUR,German Industrial Production m/m,Low,0.9%,3.4%,1.22705,1.22848,1.2193,1.2197
2021-01-08,12:30pm,EUR,German Trade Balance,Low,16.4B,18.2B,1.22705,1.22848,1.2193,1.2197
2021-01-08,1:15pm,EUR,French Consumer Spending m/m,Low,-18.9%,3.9%,1.22705,1.22848,1.2193,1.2197
2021-01-08,1:15pm,EUR,French Industrial Production m/m,Low,-0.9%,1.9%,1.22705,1.22848,1.2193,1.2197
2021-01-08,1:15pm,EUR,French Trade Balance,Low,-3.6B,-4.6B,1.22705,1.22848,1.2193,1.2197
2021-01-08,3:30pm,EUR,Italian Monthly Unemployment Rate,Low,8.9%,9.5%,1.22705,1.22848,1.2193,1.2197
2021-01-08,3:30pm,EUR,Unemployment Rate,Low,8.3%,8.4%,1.22705,1.22848,1.2193,1.2197
2021-01-08,3:30pm,USD,Average Hourly Earnings m/m,High,0.8%,0.3%,1.22705,1.22848,1.2193,1.2197
2021-01-08,3:30pm,USD,Non-Farm Employment Change,High,-140K,336K,1.22705,1.22848,1.2193,1.2197
2021-01-08,3:30pm,USD,Unemployment Rate,High,6.7%,6.7%,1.22705,1.22848,1.2193,1.2197
2021-01-08,8:30pm,USD,Final Wholesale Inventories m/m,Low,0.0%,-0.1%,1.22705,1.22848,1.2193,1.2197
2021-01-09,1:30am,USD,Consumer Credit m/m,Low,15.3B,4.5B,,,,
2021-01-11,3:00pm,EUR,Sentix Investor Confidence,Low,1.3,-2.7,1.2216,1.22284,1.2131,1.21495
2021-01-12,2:30pm,EUR,Italian Retail Sales m/m,Low,-6.9%,0.5%,1.21505,1.22097,1.2135,1.22052
2021-01-12,4:30pm,USD,NFIB Small Business Index,Low,95.9,101.4,1.21505,1.22097,1.2135,1.22052
2021-01-12,8:30pm,USD,JOLTS Job Openings,Low,6.53M,6.63M,1.21505,1.22097,1.2135,1.22052
2021-01-12,8:32pm,USD,RCM/TIPP Economic Optimism,Low,50.1,49.0,1.21505,1.22097,1.2135,1.22052
2021-01-12,11:31pm,USD,10-y Bond Auction,Low,1.16|2.5,0.95|2.3,1.21505,1.22097,1.2135,1.22052
2021-01-13,12:30pm,EUR,German WPI m/m,Low,0.6%,0.1%,1.22057,1.22229,1.2138,1.21565
2021-01-13,12:30pm,EUR,Italian Industrial Production m/m,Low,-1.4%,1.4%,1.22057,1.22229,1.2138,1.21565
2021-01-13,3:30pm,EUR,Industrial Production m/m,Low,2.5%,2.3%,1.22057,1.22229,1.2138,1.21565
2021-01-13,7:00pm,USD,CPI y/y,High,1.4%,1.2%,1.22057,1.22229,1.2138,1.21565
2021-01-13,7:00pm,USD,Core CPI m/m,Medium,0.1%,0.2%,1.22057,1.22229,1.2138,1.21565
2021-01-13,7:00pm,USD,CPI m/m,Medium,0.4%,0.2%,1.22057,1.22229,1.2138,1.21565
2021-01-13,9:00pm,USD,Crude Oil Inventories,Low,-3.2M,-8.0M,1.22057,1.22229,1.2138,1.21565
2021-01-13,11:31pm,USD,30-y Bond Auction,Low,1.83|2.5,1.67|2.5,1.22057,1.22229,1.2138,1.21565
2021-01-14,11:31pm,USD,Federal Budget Balance,Low,-143.6B,-145.3B,1.21566,1.21788,1.211,1.21515
2021-01-14,7:00pm,USD,Import Prices m/m,Low,0.9%,0.2%,1.21566,1.21788,1.211,1.21515
2021-01-14,7:00pm,USD,Unemployment Claims,Low,965K,784K,1.21566,1.21788,1.211,1.21515
2021-01-14,9:00pm,USD,Natural Gas Storage,Low,-134B,-130B,1.21566,1.21788,1.211,1.21515
2021-01-15,1:15pm,EUR,French Final CPI m/m,Low,0.2%,0.2%,1.2154,1.21625,1.2072,1.20749
2021-01-15,1:15pm,EUR,French Gov Budget Balance,Low,-176.8B,-159.9B,1.2154,1.21625,1.2072,1.20749
2021-01-15,3:30pm,EUR,Trade Balance,Low,25.1B,25.2B,1.2154,1.21625,1.2072,1.20749
2021-01-15,7:00pm,USD,Core Retail Sales m/m,High,-1.4%,-1.3%,1.2154,1.21625,1.2072,1.20749
2021-01-15,7:00pm,USD,Retail Sales m/m,High,-0.7%,-1.4%,1.2154,1.21625,1.2072,1.20749
2021-01-15,7:00pm,USD,Core PPI m/m,Low,0.1%,0.1%,1.2154,1.21625,1.2072,1.20749
2021-01-15,7:00pm,USD,Empire State Manufacturing Index,Low,3.5,4.9,1.2154,1.21625,1.2072,1.20749
2021-01-15,7:00pm,USD,PPI m/m,Low,0.3%,0.1%,1.2154,1.21625,1.2072,1.20749
2021-01-15,7:45pm,USD,Capacity Utilization Rate,Low,74.5%,73.4%,1.2154,1.21625,1.2072,1.20749
2021-01-15,7:45pm,USD,Industrial Production m/m,Low,1.6%,0.5%,1.2154,1.21625,1.2072,1.20749
2021-01-15,8:30pm,USD,Business Inventories m/m,Low,0.5%,0.8%,1.2154,1.21625,1.2072,1.20749
2021-01-15,8:30pm,USD,Prelim UoM Consumer Sentiment,Low,79.2,80.7,1.2154,1.21625,1.2072,1.20749
2021-01-15,8:30pm,USD,Prelim UoM Inflation Expectations,Low,3.0%,2.5%,1.2154,1.21625,1.2072,1.20749
2021-01-19,12:30pm,EUR,German Final CPI m/m,Low,0.5%,0.5%,1.20744,1.2145,1.2072,1.2128
2021-01-19,2:30pm,EUR,Current Account,Low,24.6B,25.6B,1.20744,1.2145,1.2072,1.2128
2021-01-19,2:30pm,EUR,Italian Trade Balance,Low,6.77B,7.58B,1.20744,1.2145,1.2072,1.2128
2021-01-19,3:30pm,EUR,ZEW Economic Sentiment,Low,58.3,54.4,1.20744,1.2145,1.2072,1.2128
2021-01-19,3:30pm,EUR,German ZEW Economic Sentiment,Low,61.8,55.0,1.20744,1.2145,1.2072,1.2128
2021-01-20,2:30am,USD,TIC Long-Term Purchases,Low,149.2B,51.9B,1.21284,1.21582,1.2075,1.21044
2021-01-20,12:30pm,EUR,German PPI m/m,Low,0.8%,0.2%,1.21284,1.21582,1.2075,1.21044
2021-01-20,3:30pm,EUR,Final Core CPI y/y,Low,0.2%,0.2%,1.21284,1.21582,1.2075,1.21044
2021-01-20,3:30pm,EUR,Final CPI y/y,Low,-0.3%,-0.3%,1.21284,1.21582,1.2075,1.21044
2021-01-20,4:04pm,EUR,German 30-y Bond Auction,Low,-0.13|1.4,-0.06|1.6,1.21284,1.21582,1.2075,1.21044
2021-01-20,4:04pm,USD,NAHB Housing Market Index,Low,83,86,1.21284,1.21582,1.2075,1.21044
2021-01-21,4:30pm,EUR,Main Refinancing Rate,Medium,0.00%,0.00%,1.21057,1.21732,1.2101,1.21595
2021-01-21,4:30pm,USD,Philly Fed Manufacturing Index,Medium,26.5,11.1,1.21057,1.21732,1.2101,1.21595
2021-01-21,4:30pm,USD,Unemployment Claims,Medium,900K,926K,1.21057,1.21732,1.2101,1.21595
2021-01-21,4:30pm,USD,Building Permits,Low,1.71M,1.64M,1.21057,1.21732,1.2101,1.21595
2021-01-21,4:30pm,USD,Housing Starts,Low,1.67M,1.58M,1.21057,1.21732,1.2101,1.21595
2021-01-21,8:00pm,EUR,Consumer Confidence,Low,-16,-14,1.21057,1.21732,1.2101,1.21595
2021-01-22,1:45pm,EUR,French Flash Services PMI,High,46.5,49.1,1.21593,1.21896,1.215,1.21702
2021-01-22,1:45pm,EUR,French Flash Manufacturing PMI,Medium,51.5,51.1,1.21593,1.21896,1.215,1.21702
2021-01-22,2:00pm,EUR,German Flash Manufacturing PMI,High,57.0,58.3,1.21593,1.21896,1.215,1.21702
2021-01-22,2:00pm,EUR,German Flash Services PMI,High,46.8,47.0,1.21593,1.21896,1.215,1.21702
2021-01-22,2:30pm,EUR,Flash Manufacturing PMI,Medium,54.7,55.2,1.21593,1.21896,1.215,1.21702
2021-01-22,2:30pm,EUR,Flash Services PMI,Medium,45.0,46.4,1.21593,1.21896,1.215,1.21702
2021-01-22,8:15pm,USD,Flash Manufacturing PMI,Medium,59.1,57.1,1.21593,1.21896,1.215,1.21702
2021-01-22,8:15pm,USD,Flash Services PMI,Low,57.5,54.8,1.21593,1.21896,1.215,1.21702
2021-01-22,8:30pm,USD,Existing Home Sales,Low,6.76M,6.71M,1.21593,1.21896,1.215,1.21702
2021-01-22,9:00pm,USD,Natural Gas Storage,Low,-187B,-134B,1.21593,1.21896,1.215,1.21702
2021-01-22,9:30pm,USD,Crude Oil Inventories,Low,4.4M,-3.2M,1.21593,1.21896,1.215,1.21702
2021-01-25,2:30pm,EUR,German ifo Business Climate,Low,90.1,92.2,1.21672,1.21833,1.2114,1.21385
2021-01-25,2:30pm,EUR,Belgian NBB Business Climate,Low,-7.5,-8.4,1.21672,1.21833,1.2114,1.21385
2021-01-26,7:30pm,USD,HPI m/m,Low,1.0%,1.5%,1.21368,1.2176,1.2106,1.21593
2021-01-26,7:30pm,USD,S&P/CS Composite-20 HPI y/y,Low,9.1%,8.0%,1.21368,1.2176,1.2106,1.21593
2021-01-26,8:29pm,USD,Richmond Manufacturing Index,Low,14,19,1.21368,1.2176,1.2106,1.21593
2021-01-26,8:30pm,USD,CB Consumer Confidence,Medium,89.3,87.1,1.21368,1.2176,1.2106,1.21593
2021-01-27,12:30pm,EUR,German GfK Consumer Climate,Low,-15.6,-7.5,1.21599,1.21698,1.2057,1.21075
2021-01-27,4:04pm,EUR,German 10-y Bond Auction,Low,-0.54|2.0,-0.52|1.6,1.21599,1.21698,1.2057,1.21075
2021-01-27,7:00pm,USD,Core Durable Goods Orders m/m,Low,0.7%,0.4%,1.21599,1.21698,1.2057,1.21075
2021-01-27,7:00pm,USD,Durable Goods Orders m/m,Low,0.2%,1.0%,1.21599,1.21698,1.2057,1.21075
2021-01-27,9:00pm,USD,Crude Oil Inventories,Low,-9.9M,4.4M,1.21599,1.21698,1.2057,1.21075
2021-01-28,9:00pm,USD,Federal Funds Rate,Medium,<0.25%,<0.25%,1.21073,1.21424,1.2079,1.21201
2021-01-28,All Day,EUR,German Prelim CPI m/m,Low,0.8%,0.5%,1.21073,1.21424,1.2079,1.21201
2021-01-28,1:30pm,EUR,Spanish Unemployment Rate,Low,16.1%,16.3%,1.21073,1.21424,1.2079,1.21201
2021-01-28,3:42pm,EUR,Italian 10-y Bond Auction,Low,0.65|1.4,0.59|1.6,1.21073,1.21424,1.2079,1.21201
2021-01-28,3:42pm,USD,Advance GDP q/q,High,4.0%,33.4%,1.21073,1.21424,1.2079,1.21201
2021-01-28,3:42pm,USD,Unemployment Claims,Medium,847K,914K,1.21073,1.21424,1.2079,1.21201
2021-01-28,3:42pm,USD,Goods Trade Balance,Low,-82.5B,-85.5B,1.21073,1.21424,1.2079,1.21201
2021-01-28,3:42pm,USD,Prelim Wholesale Inventories m/m,Low,0.1%,0.0%,1.21073,1.21424,1.2079,1.21201
2021-01-28,7:02pm,USD,Advance GDP Price Index q/q,Medium,2.0%,3.5%,1.21073,1.21424,1.2079,1.21201
2021-01-28,8:30pm,USD,CB Leading Index m/m,Medium,0.3%,0.7%,1.21073,1.21424,1.2079,1.21201
2021-01-28,8:30pm,USD,New Home Sales,Low,842K,829K,1.21073,1.21424,1.2079,1.21201
2021-01-28,9:00pm,USD,Natural Gas Storage,Low,-128B,-187B,1.21073,1.21424,1.2079,1.21201
2021-01-29,12:00pm,EUR,French Consumer Spending m/m,Low,23.0%,-18.0%,1.212,1.2156,1.2092,1.21362
2021-01-29,12:00pm,EUR,French Flash GDP q/q,Low,-1.3%,18.7%,1.212,1.2156,1.2092,1.21362
2021-01-29,12:30pm,EUR,German Import Prices m/m,Low,0.6%,0.5%,1.212,1.2156,1.2092,1.21362
2021-01-29,12:30pm,EUR,Spanish Flash CPI y/y,Low,0.6%,-0.5%,1.212,1.2156,1.2092,1.21362
2021-01-29,12:30pm,EUR,Spanish Flash GDP q/q,Low,0.4%,16.4%,1.212,1.2156,1.2092,1.21362
2021-01-29,2:25pm,EUR,German Unemployment Change,Low,-41K,-40K,1.212,1.2156,1.2092,1.21362
2021-01-29,2:30pm,EUR,German Prelim GDP q/q,Medium,0.1%,8.5%,1.212,1.2156,1.2092,1.21362
2021-01-29,2:30pm,EUR,M3 Money Supply y/y,Low,12.3%,11.0%,1.212,1.2156,1.2092,1.21362
2021-01-29,2:30pm,EUR,Private Loans y/y,Low,3.1%,3.1%,1.212,1.2156,1.2092,1.21362
2021-01-29,2:30pm,USD,Core PCE Price Index m/m,Low,0.3%,0.0%,1.212,1.2156,1.2092,1.21362
2021-01-29,2:30pm,USD,Employment Cost Index q/q,Low,0.7%,0.5%,1.212,1.2156,1.2092,1.21362
2021-01-29,2:30pm,USD,Personal Income m/m,Low,0.6%,-1.3%,1.212,1.2156,1.2092,1.21362
2021-01-29,2:30pm,USD,Personal Spending m/m,Low,-0.2%,-0.7%,1.212,1.2156,1.2092,1.21362
2021-01-29,8:15pm,USD,Chicago PMI,Low,63.8,59.5,1.212,1.2156,1.2092,1.21362
2021-01-29,8:30pm,USD,Pending Home Sales m/m,Low,-0.3%,-2.5%,1.212,1.2156,1.2092,1.21362
2021-01-29,8:30pm,USD,Revised UoM Consumer Sentiment,Low,79.0,79.2,1.212,1.2156,1.2092,1.21362
2021-01-29,8:30pm,USD,Revised UoM Inflation Expectations,Low,3.0%,3.0%,1.212,1.2156,1.2092,1.21362
2021-02-01,12:30pm,EUR,German Retail Sales m/m,Low,-9.6%,1.1%,1.21285,1.21365,1.2053,1.2059
2021-02-01,1:45pm,EUR,Spanish Manufacturing PMI,Low,49.3,51.0,1.21285,1.21365,1.2053,1.2059
2021-02-01,2:15pm,EUR,Italian Manufacturing PMI,Low,55.1,52.8,1.21285,1.21365,1.2053,1.2059
2021-02-01,2:20pm,EUR,French Final Manufacturing PMI,Low,51.6,51.5,1.21285,1.21365,1.2053,1.2059
2021-02-01,2:25pm,EUR,German Final Manufacturing PMI,Low,57.1,57.0,1.21285,1.21365,1.2053,1.2059
2021-02-01,2:30pm,EUR,Final Manufacturing PMI,Low,54.8,54.7,1.21285,1.21365,1.2053,1.2059
2021-02-01,2:30pm,EUR,Italian Monthly Unemployment Rate,Low,9.0%,8.8%,1.21285,1.21365,1.2053,1.2059
2021-02-01,3:30pm,EUR,Unemployment Rate,Low,8.3%,8.3%,1.21285,1.21365,1.2053,1.2059
2021-02-01,8:15pm,USD,Final Manufacturing PMI,Low,59.2,59.1,1.21285,1.21365,1.2053,1.2059
2021-02-01,8:30pm,USD,ISM Manufacturing PMI,High,58.7,60.7,1.21285,1.21365,1.2053,1.2059
2021-02-01,8:30pm,USD,Construction Spending m/m,Low,1.0%,1.1%,1.21285,1.21365,1.2053,1.2059
2021-02-01,8:30pm,USD,ISM Manufacturing Prices,Low,82.1,77.6,1.21285,1.21365,1.2053,1.2059
2021-02-02,1:15pm,EUR,French Prelim CPI m/m,Low,0.2%,0.2%,1.2059,1.20878,1.201,1.2042
2021-02-02,1:30pm,EUR,Spanish Unemployment Change,Low,76.2K,36.8K,1.2059,1.20878,1.201,1.2042
2021-02-02,2:30pm,EUR,Italian Prelim GDP q/q,Low,-2.0%,15.9%,1.2059,1.20878,1.201,1.2042
2021-02-02,3:30pm,EUR,Prelim Flash GDP q/q,Low,-0.7%,12.5%,1.2059,1.20878,1.201,1.2042
2021-02-02,8:30pm,USD,RCM/TIPP Economic Optimism,Low,51.9,50.1,1.2059,1.20878,1.201,1.2042
2021-02-02,All Day,USD,Wards Total Vehicle Sales,Low,16.6M,16.3M,1.2059,1.20878,1.201,1.2042
2021-02-03,1:15pm,EUR,French Gov Budget Balance,Low,-178.1B,-176.8B,1.20432,1.20502,1.2002,1.20348
2021-02-03,1:45pm,EUR,Spanish Services PMI,Low,41.7,48.0,1.20432,1.20502,1.2002,1.20348
2021-02-03,2:15pm,EUR,Italian Services PMI,Low,44.7,39.7,1.20432,1.20502,1.2002,1.20348
2021-02-03,2:20pm,EUR,French Final Services PMI,Low,47.3,46.5,1.20432,1.20502,1.2002,1.20348
2021-02-03,2:25pm,EUR,German Final Services PMI,Low,46.7,46.8,1.20432,1.20502,1.2002,1.20348
2021-02-03,2:30pm,EUR,Final Services PMI,Low,45.4,45.0,1.20432,1.20502,1.2002,1.20348
2021-02-03,3:30pm,EUR,Core CPI Flash Estimate y/y,Low,1.4%,0.2%,1.20432,1.20502,1.2002,1.20348
2021-02-03,3:30pm,EUR,CPI Flash Estimate y/y,Low,0.9%,-0.3%,1.20432,1.20502,1.2002,1.20348
2021-02-03,3:30pm,EUR,PPI m/m,Low,0.8%,0.4%,1.20432,1.20502,1.2002,1.20348
2021-02-03,3:30pm,EUR,Italian Prelim CPI m/m,Low,0.5%,0.2%,1.20432,1.20502,1.2002,1.20348
2021-02-03,6:45pm,USD,ADP Non-Farm Employment Change,Medium,174K,-78K,1.20432,1.20502,1.2002,1.20348
2021-02-03,8:15pm,USD,Final Services PMI,Low,58.3,57.5,1.20432,1.20502,1.2002,1.20348
2021-02-03,8:30pm,USD,ISM Services PMI,Medium,58.7,57.2,1.20432,1.20502,1.2002,1.20348
2021-02-03,9:00pm,USD,Crude Oil Inventories,Medium,-1.0M,-9.9M,1.20432,1.20502,1.2002,1.20348
2021-02-04,3:20pm,EUR,Spanish 10-y Bond Auction,Low,0.16|1.6,-0.03|3.0,1.20351,1.2043,1.1956,1.1962
2021-02-04,3:30pm,EUR,Retail Sales m/m,Low,2.0%,-5.7%,1.20351,1.2043,1.1956,1.1962
2021-02-04,3:38pm,EUR,French 10-y Bond Auction,Low,-0.25|2.2,-0.33|1.9,1.20351,1.2043,1.1956,1.1962
2021-02-04,6:00pm,USD,Challenger Job Cuts y/y,Low,17.4%,134.5%,1.20351,1.2043,1.1956,1.1962
2021-02-04,7:00pm,USD,Unemployment Claims,Medium,779K,812K,1.20351,1.2043,1.1956,1.1962
2021-02-04,7:00pm,USD,Prelim Nonfarm Productivity q/q,Low,-4.8%,4.6%,1.20351,1.2043,1.1956,1.1962
2021-02-04,7:00pm,USD,Prelim Unit Labor Costs q/q,Low,6.8%,-6.6%,1.20351,1.2043,1.1956,1.1962
2021-02-04,8:30pm,USD,Factory Orders m/m,Low,1.1%,1.3%,1.20351,1.2043,1.1956,1.1962
2021-02-04,9:00pm,USD,Natural Gas Storage,Low,-192B,-128B,1.20351,1.2043,1.1956,1.1962
2021-02-05,12:30pm,EUR,German Factory Orders m/m,Low,-1.9%,2.7%,1.19618,1.205,1.1951,1.2043
2021-02-05,1:15pm,EUR,French Prelim Private Payrolls q/q,Low,-0.2%,1.6%,1.19618,1.205,1.1951,1.2043
2021-02-05,1:15pm,EUR,French Trade Balance,Low,-3.4B,-3.8B,1.19618,1.205,1.1951,1.2043
2021-02-05,2:30pm,EUR,Italian Retail Sales m/m,Low,2.5%,-6.9%,1.19618,1.205,1.1951,1.2043
2021-02-05,2:30pm,USD,Average Hourly Earnings m/m,High,0.2%,1.0%,1.19618,1.205,1.1951,1.2043
2021-02-05,2:30pm,USD,Non-Farm Employment Change,High,49K,-227K,1.19618,1.205,1.1951,1.2043
2021-02-05,2:30pm,USD,Unemployment Rate,High,6.3%,6.7%,1.19618,1.205,1.1951,1.2043
2021-02-05,2:30pm,USD,Trade Balance,Low,-66.6B,-69.0B,1.19618,1.205,1.1951,1.2043
2021-02-06,1:30am,USD,Consumer Credit m/m,Low,9.7B,13.9B,,,,
2021-02-08,12:30pm,EUR,German Industrial Production m/m,Low,0.0%,1.5%,1.20375,1.2066,1.2018,1.20458
2021-02-08,3:00pm,EUR,Sentix Investor Confidence,Low,-0.2,1.3,1.20375,1.2066,1.2018,1.20458
2021-02-09,12:30pm,EUR,German Trade Balance,Low,16.1B,16.0B,1.20478,1.2122,1.2043,1.2117
2021-02-09,2:30pm,EUR,Italian Industrial Production m/m,Low,-0.2%,-1.4%,1.20478,1.2122,1.2043,1.2117
2021-02-09,4:30pm,USD,NFIB Small Business Index,Low,95.0,95.9,1.20478,1.2122,1.2043,1.2117
2021-02-09,8:30pm,USD,JOLTS Job Openings,Low,6.65M,6.57M,1.20478,1.2122,1.2043,1.2117
2021-02-10,12:30pm,EUR,German Final CPI m/m,Low,0.8%,0.8%,1.21168,1.21441,1.2107,1.21176
2021-02-10,1:15pm,EUR,French Industrial Production m/m,Low,-0.8%,-0.7%,1.21168,1.21441,1.2107,1.21176
2021-02-10,7:00pm,USD,CPI m/m,High,0.3%,0.4%,1.21168,1.21441,1.2107,1.21176
2021-02-10,7:00pm,USD,CPI y/y,High,1.4%,1.4%,1.21168,1.21441,1.2107,1.21176
2021-02-10,7:00pm,USD,Core CPI m/m,Medium,0.0%,0.1%,1.21168,1.21441,1.2107,1.21176
2021-02-10,8:30pm,USD,Final Wholesale Inventories m/m,Low,0.3%,0.1%,1.21168,1.21441,1.2107,1.21176
2021-02-10,9:00pm,USD,Crude Oil Inventories,Medium,-6.6M,-1.0M,1.21168,1.21441,1.2107,1.21176
2021-02-10,11:31pm,USD,10-y Bond Auction,Low,1.16|2.4,1.16|2.5,1.21168,1.21441,1.2107,1.21176
2021-02-11,11:31pm,USD,Federal Budget Balance,Low,-162.8B,-143.6B,1.21171,1.21495,1.2111,1.21295
2021-02-11,12:30pm,EUR,German WPI m/m,Low,2.1%,0.6%,1.21171,1.21495,1.2111,1.21295
2021-02-11,7:00pm,USD,Unemployment Claims,Medium,793K,812K,1.21171,1.21495,1.2111,1.21295
2021-02-11,8:30pm,USD,Mortgage Delinquencies,Low,6.73%,7.65%,1.21171,1.21495,1.2111,1.21295
2021-02-11,9:00pm,USD,Natural Gas Storage,Low,-171B,-192B,1.21171,1.21495,1.2111,1.21295
2021-02-11,11:31pm,USD,30-y Bond Auction,Low,1.93|2.2,1.83|2.5,1.21171,1.21495,1.2111,1.21295
2021-02-12,8:30pm,USD,Prelim UoM Consumer Sentiment,Low,76.2,79.0,1.21279,1.2135,1.208,1.21177
2021-02-12,8:30pm,USD,Prelim UoM Inflation Expectations,Low,3.3%,3.0%,1.21279,1.2135,1.208,1.21177
2021-02-15,3:30pm,EUR,Industrial Production m/m,Low,-1.6%,2.6%,1.21239,1.21452,1.2115,1.21268
2021-02-15,3:30pm,EUR,Trade Balance,Low,27.5B,24.9B,1.21239,1.21452,1.2115,1.21268
2021-02-16,2:30pm,EUR,Italian Trade Balance,Low,6.84B,6.75B,1.21274,1.21695,1.2093,1.21061
2021-02-16,3:30pm,EUR,Flash Employment Change q/q,Low,0.3%,1.0%,1.21274,1.21695,1.2093,1.21061
2021-02-16,3:30pm,EUR,Flash GDP q/q,Low,-0.6%,-0.7%,1.21274,1.21695,1.2093,1.21061
2021-02-16,3:30pm,EUR,ZEW Economic Sentiment,Low,69.6,58.3,1.21274,1.21695,1.2093,1.21061
2021-02-16,3:30pm,EUR,German ZEW Economic Sentiment,Low,71.2,61.8,1.21274,1.21695,1.2093,1.21061
2021-02-16,3:30pm,USD,Empire State Manufacturing Index,Low,12.1,3.5,1.21274,1.21695,1.2093,1.21061
2021-02-17,2:30am,USD,TIC Long-Term Purchases,Low,121.0B,149.2B,1.21058,1.2109,1.2021,1.20372
2021-02-17,4:04pm,EUR,German 30-y Bond Auction,Low,0.10|1.3,-0.13|1.4,1.21058,1.2109,1.2021,1.20372
2021-02-17,4:04pm,USD,Core Retail Sales m/m,High,5.9%,-1.8%,1.21058,1.2109,1.2021,1.20372
2021-02-17,4:04pm,USD,Retail Sales m/m,High,5.3%,-1.0%,1.21058,1.2109,1.2021,1.20372
2021-02-17,4:04pm,USD,Core PPI m/m,Low,1.2%,0.1%,1.21058,1.2109,1.2021,1.20372
2021-02-17,4:04pm,USD,PPI m/m,Low,1.3%,0.3%,1.21058,1.2109,1.2021,1.20372
2021-02-17,7:45pm,USD,Capacity Utilization Rate,Low,75.6%,74.9%,1.21058,1.2109,1.2021,1.20372
2021-02-17,7:45pm,USD,Industrial Production m/m,Low,0.9%,1.3%,1.21058,1.2109,1.2021,1.20372
2021-02-17,8:30pm,USD,Business Inventories m/m,Low,0.6%,0.5%,1.21058,1.2109,1.2021,1.20372
2021-02-17,8:30pm,USD,NAHB Housing Market Index,Low,84,83,1.21058,1.2109,1.2021,1.20372
2021-02-18,3:21pm,EUR,Spanish 10-y Bond Auction,Low,0.27|2.1,0.16|1.6,1.2036,1.20946,1.2034,1.20891
2021-02-18,6:59pm,USD,Philly Fed Manufacturing Index,Medium,23.1,26.5,1.2036,1.20946,1.2034,1.20891
2021-02-18,6:59pm,USD,Building Permits,Low,1.88M,1.70M,1.2036,1.20946,1.2034,1.20891
2021-02-18,6:59pm,USD,Housing Starts,Low,1.58M,1.68M,1.2036,1.20946,1.2034,1.20891
2021-02-18,6:59pm,USD,Import Prices m/m,Low,1.4%,1.0%,1.2036,1.20946,1.2034,1.20891
2021-02-18,6:59pm,USD,Unemployment Claims,Low,861K,848K,1.2036,1.20946,1.2034,1.20891
2021-02-18,7:40pm,EUR,Consumer Confidence,Low,-15,-16,1.2036,1.20946,1.2034,1.20891
2021-02-18,9:00pm,USD,Natural Gas Storage,Low,-237B,-171B,1.2036,1.20946,1.2034,1.20891
2021-02-18,9:30pm,USD,Crude Oil Inventories,Medium,-7.3M,-6.6M,1.2036,1.20946,1.2034,1.20891
2021-02-19,12:30pm,EUR,German PPI m/m,Low,1.4%,0.8%,1.20888,1.21445,1.208,1.21167
2021-02-19,1:15pm,EUR,French Final CPI m/m,Low,0.2%,0.2%,1.20888,1.21445,1.208,1.21167
2021-02-19,1:45pm,EUR,French Flash Services PMI,High,43.6,47.3,1.20888,1.21445,1.208,1.21167
2021-02-19,1:45pm,EUR,French Flash Manufacturing PMI,Medium,55.0,51.6,1.20888,1.21445,1.208,1.21167
2021-02-19,2:00pm,EUR,German Flash Manufacturing PMI,High,60.6,57.1,1.20888,1.21445,1.208,1.21167
2021-02-19,2:00pm,EUR,German Flash Services PMI,High,45.9,46.7,1.20888,1.21445,1.208,1.21167
2021-02-19,2:30pm,EUR,Flash Manufacturing PMI,Medium,57.7,54.8,1.20888,1.21445,1.208,1.21167
2021-02-19,2:30pm,EUR,Flash Services PMI,Medium,44.7,45.4,1.20888,1.21445,1.208,1.21167
2021-02-19,2:30pm,EUR,Current Account,Low,36.7B,25.1B,1.20888,1.21445,1.208,1.21167
2021-02-19,8:15pm,USD,Flash Manufacturing PMI,Medium,58.5,59.2,1.20888,1.21445,1.208,1.21167
2021-02-19,8:15pm,USD,Flash Services PMI,Low,58.9,58.3,1.20888,1.21445,1.208,1.21167
2021-02-19,8:30pm,USD,Existing Home Sales,Low,6.69M,6.65M,1.20888,1.21445,1.208,1.21167
2021-02-22,2:30pm,EUR,German ifo Business Climate,Medium,92.4,90.3,1.21148,1.21695,1.2089,1.21551
2021-02-22,7:30pm,EUR,Belgian NBB Business Climate,Low,-4.4,-7.5,1.21148,1.21695,1.2089,1.21551
2021-02-22,8:30pm,USD,CB Leading Index m/m,Low,0.5%,0.4%,1.21148,1.21695,1.2089,1.21551
2021-02-23,3:30pm,EUR,Final Core CPI y/y,Low,1.4%,1.4%,1.21526,1.21801,1.2133,1.21486
2021-02-23,3:30pm,EUR,Final CPI y/y,Low,0.9%,0.9%,1.21526,1.21801,1.2133,1.21486
2021-02-23,7:30pm,USD,HPI m/m,Low,1.1%,1.0%,1.21526,1.21801,1.2133,1.21486
2021-02-23,7:30pm,USD,S&P/CS Composite-20 HPI y/y,Low,10.1%,9.2%,1.21526,1.21801,1.2133,1.21486
2021-02-23,8:29pm,USD,Richmond Manufacturing Index,Low,14,14,1.21526,1.21801,1.2133,1.21486
2021-02-23,8:29pm,USD,CB Consumer Confidence,Medium,91.3,88.9,1.21526,1.21801,1.2133,1.21486
2021-02-24,12:30pm,EUR,German Final GDP q/q,Low,0.3%,0.1%,1.21496,1.21747,1.2107,1.21664
2021-02-24,4:05pm,EUR,German 10-y Bond Auction,Low,-0.32|1.5,-0.54|2.0,1.21496,1.21747,1.2107,1.21664
2021-02-24,4:05pm,USD,New Home Sales,Low,923K,885K,1.21496,1.21747,1.2107,1.21664
2021-02-24,9:00pm,USD,Crude Oil Inventories,Medium,1.3M,-7.3M,1.21496,1.21747,1.2107,1.21664
2021-02-25,12:30pm,EUR,German GfK Consumer Climate,Low,-12.9,-15.5,1.21641,1.22432,1.2154,1.2174
2021-02-25,2:30pm,EUR,M3 Money Supply y/y,Low,12.5%,12.4%,1.21641,1.22432,1.2154,1.2174
2021-02-25,2:32pm,EUR,Private Loans y/y,Low,3.0%,3.1%,1.21641,1.22432,1.2154,1.2174
2021-02-25,7:00pm,USD,Prelim GDP q/q,Medium,4.1%,4.0%,1.21641,1.22432,1.2154,1.2174
2021-02-25,7:00pm,USD,Core Durable Goods Orders m/m,Low,1.4%,1.1%,1.21641,1.22432,1.2154,1.2174
2021-02-25,7:00pm,USD,Durable Goods Orders m/m,Low,3.4%,0.5%,1.21641,1.22432,1.2154,1.2174
2021-02-25,7:00pm,USD,Prelim GDP Price Index q/q,Low,2.1%,2.0%,1.21641,1.22432,1.2154,1.2174
2021-02-25,7:00pm,USD,Unemployment Claims,Low,730K,841K,1.21641,1.22432,1.2154,1.2174
2021-02-25,8:30pm,USD,Pending Home Sales m/m,Low,-2.8%,0.5%,1.21641,1.22432,1.2154,1.2174
2021-02-25,9:00pm,USD,Natural Gas Storage,Low,-338B,-237B,1.21641,1.22432,1.2154,1.2174
2021-02-26,12:30pm,EUR,German Import Prices m/m,Low,1.9%,0.6%,1.21718,1.21841,1.206,1.20704
2021-02-26,1:15pm,EUR,French Consumer Spending m/m,Low,-4.6%,22.4%,1.21718,1.21841,1.206,1.20704
2021-02-26,1:15pm,EUR,French Prelim CPI m/m,Low,-0.1%,0.2%,1.21718,1.21841,1.206,1.20704
2021-02-26,1:15pm,EUR,French Prelim GDP q/q,Low,-1.4%,-1.3%,1.21718,1.21841,1.206,1.20704
2021-02-26,1:15pm,EUR,Spanish Flash CPI y/y,Low,0.0%,0.5%,1.21718,1.21841,1.206,1.20704
2021-02-26,1:15pm,USD,Core PCE Price Index m/m,Low,0.3%,0.3%,1.21718,1.21841,1.206,1.20704
2021-02-26,1:15pm,USD,Goods Trade Balance,Low,-83.7B,-83.2B,1.21718,1.21841,1.206,1.20704
2021-02-26,1:15pm,USD,Personal Income m/m,Low,10.0%,0.6%,1.21718,1.21841,1.206,1.20704
2021-02-26,1:15pm,USD,Personal Spending m/m,Low,2.4%,-0.4%,1.21718,1.21841,1.206,1.20704
2021-02-26,1:15pm,USD,Prelim Wholesale Inventories m/m,Low,1.3%,0.3%,1.21718,1.21841,1.206,1.20704
2021-02-26,8:15pm,USD,Chicago PMI,Medium,59.5,63.8,1.21718,1.21841,1.206,1.20704
2021-02-26,8:30pm,USD,Revised UoM Consumer Sentiment,Low,76.8,76.2,1.21718,1.21841,1.206,1.20704
2021-02-26,8:30pm,USD,Revised UoM Inflation Expectations,Low,3.3%,3.3%,1.21718,1.21841,1.206,1.20704
2021-03-01,All Day,EUR,German Prelim CPI m/m,Low,0.7%,0.8%,1.20718,1.21012,1.2026,1.20492
2021-03-01,1:45pm,EUR,Spanish Manufacturing PMI,Low,52.9,49.3,1.20718,1.21012,1.2026,1.20492
2021-03-01,2:15pm,EUR,Italian Manufacturing PMI,Low,56.9,55.1,1.20718,1.21012,1.2026,1.20492
2021-03-01,2:20pm,EUR,French Final Manufacturing PMI,Low,56.1,55.0,1.20718,1.21012,1.2026,1.20492
2021-03-01,2:25pm,EUR,German Final Manufacturing PMI,Low,60.7,60.6,1.20718,1.21012,1.2026,1.20492
2021-03-01,2:30pm,EUR,Final Manufacturing PMI,Low,57.9,57.7,1.20718,1.21012,1.2026,1.20492
2021-03-01,3:30pm,EUR,Italian Prelim CPI m/m,Low,0.1%,0.7%,1.20718,1.21012,1.2026,1.20492
2021-03-01,8:15pm,USD,Final Manufacturing PMI,Medium,58.6,58.5,1.20718,1.21012,1.2026,1.20492
2021-03-01,8:30pm,USD,ISM Manufacturing PMI,High,60.8,58.7,1.20718,1.21012,1.2026,1.20492
2021-03-01,8:30pm,USD,Construction Spending m/m,Low,1.7%,1.1%,1.20718,1.21012,1.2026,1.20492
2021-03-01,8:30pm,USD,ISM Manufacturing Prices,Low,86.0,82.1,1.20718,1.21012,1.2026,1.20492
2021-03-02,12:30pm,EUR,German Retail Sales m/m,Low,-4.5%,-9.1%,1.20484,1.20945,1.199,1.209
2021-03-02,1:30pm,EUR,Spanish Unemployment Change,Low,44.4K,76.2K,1.20484,1.20945,1.199,1.209
2021-03-02,2:25pm,EUR,German Unemployment Change,Low,9K,-37K,1.20484,1.20945,1.199,1.209
2021-03-02,3:30pm,EUR,Core CPI Flash Estimate y/y,Low,1.1%,1.4%,1.20484,1.20945,1.199,1.209
2021-03-02,3:30pm,EUR,CPI Flash Estimate y/y,Low,0.9%,0.9%,1.20484,1.20945,1.199,1.209
2021-03-02,8:30pm,USD,RCM/TIPP Economic Optimism,Low,55.4,51.9,1.20484,1.20945,1.199,1.209
2021-03-02,All Day,USD,Wards Total Vehicle Sales,Low,15.7M,16.6M,1.20484,1.20945,1.199,1.209
2021-03-03,1:15pm,EUR,French Gov Budget Balance,Low,-21.9B,-178.1B,1.20893,1.21133,1.2041,1.20634
2021-03-03,1:45pm,EUR,Spanish Services PMI,Low,43.1,41.7,1.20893,1.21133,1.2041,1.20634
2021-03-03,2:15pm,EUR,Italian Services PMI,Low,48.8,44.7,1.20893,1.21133,1.2041,1.20634
2021-03-03,2:20pm,EUR,French Final Services PMI,Low,45.6,43.6,1.20893,1.21133,1.2041,1.20634
2021-03-03,2:25pm,EUR,German Final Services PMI,Low,45.7,45.9,1.20893,1.21133,1.2041,1.20634
2021-03-03,2:30pm,EUR,Final Services PMI,Low,45.7,44.7,1.20893,1.21133,1.2041,1.20634
2021-03-03,3:30pm,EUR,PPI m/m,Low,1.4%,0.9%,1.20893,1.21133,1.2041,1.20634
2021-03-03,6:45pm,USD,ADP Non-Farm Employment Change,Medium,117K,195K,1.20893,1.21133,1.2041,1.20634
2021-03-03,8:15pm,USD,Final Services PMI,Low,59.8,58.9,1.20893,1.21133,1.2041,1.20634
2021-03-03,8:30pm,USD,ISM Services PMI,Medium,55.3,58.7,1.20893,1.21133,1.2041,1.20634
2021-03-03,9:00pm,USD,Crude Oil Inventories,Medium,21.6M,1.3M,1.20893,1.21133,1.2041,1.20634
2021-03-04,3:27pm,EUR,Spanish 10-y Bond Auction,Low,0.35|1.6,0.27|2.1,1.20624,1.20666,1.196,1.19688
2021-03-04,3:29pm,EUR,French 10-y Bond Auction,Low,-0.07|2.0,-0.25|2.2,1.20624,1.20666,1.196,1.19688
2021-03-04,3:30pm,EUR,Retail Sales m/m,Low,-5.9%,1.8%,1.20624,1.20666,1.196,1.19688
2021-03-04,3:30pm,EUR,Unemployment Rate,Low,8.1%,8.1%,1.20624,1.20666,1.196,1.19688
2021-03-04,6:00pm,USD,Challenger Job Cuts y/y,Low,-39.1%,17.4%,1.20624,1.20666,1.196,1.19688
2021-03-04,6:00pm,USD,Revised Nonfarm Productivity q/q,Low,-4.2%,-4.8%,1.20624,1.20666,1.196,1.19688
2021-03-04,6:00pm,USD,Revised Unit Labor Costs q/q,Low,6.0%,6.8%,1.20624,1.20666,1.196,1.19688
2021-03-04,6:00pm,USD,Unemployment Claims,Low,745K,736K,1.20624,1.20666,1.196,1.19688
2021-03-04,8:30pm,USD,Factory Orders m/m,Low,2.6%,1.6%,1.20624,1.20666,1.196,1.19688
2021-03-04,9:00pm,USD,Natural Gas Storage,Low,-98B,-338B,1.20624,1.20666,1.196,1.19688
2021-03-05,12:30pm,EUR,German Factory Orders m/m,Low,1.4%,-2.2%,1.19679,1.19777,1.1892,1.19079
2021-03-05,1:15pm,EUR,French Trade Balance,Low,-3.9B,-3.6B,1.19679,1.19777,1.1892,1.19079
2021-03-05,2:30pm,EUR,Italian Retail Sales m/m,Low,-3.0%,2.4%,1.19679,1.19777,1.1892,1.19079
2021-03-05,2:30pm,USD,Average Hourly Earnings m/m,High,0.2%,0.1%,1.19679,1.19777,1.1892,1.19079
2021-03-05,2:30pm,USD,Non-Farm Employment Change,High,379K,166K,1.19679,1.19777,1.1892,1.19079
2021-03-05,2:30pm,USD,Unemployment Rate,High,6.2%,6.3%,1.19679,1.19777,1.1892,1.19079
2021-03-05,2:30pm,USD,Trade Balance,Low,-68.2B,-67.0B,1.19679,1.19777,1.1892,1.19079
2021-03-06,1:30am,USD,Consumer Credit m/m,Low,-1.3B,8.8B,,,,
2021-03-08,12:30pm,EUR,German Industrial Production m/m,Low,-2.5%,1.9%,1.1917,1.19324,1.1842,1.1846
2021-03-08,3:00pm,EUR,Sentix Investor Confidence,Low,5.0,-0.2,1.1917,1.19324,1.1842,1.1846
2021-03-08,8:30pm,USD,Final Wholesale Inventories m/m,Low,1.3%,1.3%,1.1917,1.19324,1.1842,1.1846
2021-03-09,12:00pm,EUR,French Final Private Payrolls q/q,Low,-0.1%,-0.2%,1.18462,1.19158,1.1834,1.18995
2021-03-09,12:30pm,EUR,German Trade Balance,Low,22.2B,16.4B,1.18462,1.19158,1.1834,1.18995
2021-03-09,2:30pm,EUR,Italian Industrial Production m/m,Low,1.0%,0.2%,1.18462,1.19158,1.1834,1.18995
2021-03-09,3:30pm,EUR,Final Employment Change q/q,Low,0.3%,0.3%,1.18462,1.19158,1.1834,1.18995
2021-03-09,3:30pm,EUR,Revised GDP q/q,Low,-0.7%,-0.6%,1.18462,1.19158,1.1834,1.18995
2021-03-09,4:25pm,USD,NFIB Small Business Index,Low,95.8,95.0,1.18462,1.19158,1.1834,1.18995
2021-03-10,1:15pm,EUR,French Industrial Production m/m,Low,3.3%,-0.7%,1.18992,1.193,1.1867,1.19287
2021-03-10,6:00pm,USD,CPI y/y,High,1.7%,1.4%,1.18992,1.193,1.1867,1.19287
2021-03-10,7:00pm,USD,Core CPI m/m,High,0.1%,0.0%,1.18992,1.193,1.1867,1.19287
2021-03-10,7:00pm,USD,CPI m/m,High,0.4%,0.3%,1.18992,1.193,1.1867,1.19287
2021-03-10,9:00pm,USD,Crude Oil Inventories,Medium,13.8M,21.6M,1.18992,1.193,1.1867,1.19287
2021-03-10,11:31pm,USD,10-y Bond Auction,Medium,1.52|2.4,1.16|2.4,1.18992,1.193,1.1867,1.19287
2021-03-11,12:30am,USD,Federal Budget Balance,Low,-310.9B,-162.8B,1.19287,1.199,1.1914,1.19839
2021-03-11,5:31am,EUR,Main Refinancing Rate,Medium,0.00%,0.00%,1.19287,1.199,1.1914,1.19839
2021-03-11,5:31am,USD,Unemployment Claims,Low,712K,754K,1.19287,1.199,1.1914,1.19839
2021-03-11,8:30pm,USD,JOLTS Job Openings,Low,6.92M,6.75M,1.19287,1.199,1.1914,1.19839
2021-03-11,9:00pm,USD,Natural Gas Storage,Low,-52B,-98B,1.19287,1.199,1.1914,1.19839
2021-03-11,11:31pm,USD,30-y Bond Auction,Medium,2.30|2.3,1.93|2.2,1.19287,1.199,1.1914,1.19839
2021-03-12,12:30pm,EUR,German Final CPI m/m,Low,0.7%,0.7%,1.19846,1.19885,1.1908,1.19516
2021-03-12,2:30pm,EUR,Italian Quarterly Unemployment Rate,Low,9.2%,9.6%,1.19846,1.19885,1.1908,1.19516
2021-03-12,3:30pm,EUR,Industrial Production m/m,Low,0.8%,-0.1%,1.19846,1.19885,1.1908,1.19516
2021-03-12,6:36pm,USD,Core PPI m/m,Low,0.2%,1.2%,1.19846,1.19885,1.1908,1.19516
2021-03-12,6:36pm,USD,PPI m/m,Low,0.5%,1.3%,1.19846,1.19885,1.1908,1.19516
2021-03-12,8:30pm,USD,Prelim UoM Consumer Sentiment,Low,83.0,76.8,1.19846,1.19885,1.1908,1.19516
2021-03-12,8:30pm,USD,Prelim UoM Inflation Expectations,Low,3.1%,3.3%,1.19846,1.19885,1.1908,1.19516
2021-03-15,12:30pm,EUR,German WPI m/m,Low,1.4%,2.1%,1.19489,1.19675,1.1916,1.1927
2021-03-15,12:30pm,USD,Empire State Manufacturing Index,Low,17.4,12.1,1.19489,1.19675,1.1916,1.1927
2021-03-16,1:30am,USD,TIC Long-Term Purchases,Low,90.8B,121.0B,1.19276,1.19519,1.1881,1.19008
2021-03-16,1:15pm,EUR,French Final CPI m/m,Low,0.0%,-0.1%,1.19276,1.19519,1.1881,1.19008
2021-03-16,3:30pm,EUR,ZEW Economic Sentiment,Low,74.0,69.6,1.19276,1.19519,1.1881,1.19008
2021-03-16,3:30pm,EUR,German ZEW Economic Sentiment,Low,76.6,71.2,1.19276,1.19519,1.1881,1.19008
2021-03-16,3:30pm,USD,Core Retail Sales m/m,High,-2.7%,8.3%,1.19276,1.19519,1.1881,1.19008
2021-03-16,3:30pm,USD,Retail Sales m/m,High,-3.0%,7.6%,1.19276,1.19519,1.1881,1.19008
2021-03-16,3:30pm,USD,Import Prices m/m,Low,1.3%,1.4%,1.19276,1.19519,1.1881,1.19008
2021-03-16,6:45pm,USD,Capacity Utilization Rate,Low,73.8%,75.5%,1.19276,1.19519,1.1881,1.19008
2021-03-16,6:45pm,USD,Industrial Production m/m,Low,-2.2%,1.1%,1.19276,1.19519,1.1881,1.19008
2021-03-16,7:30pm,USD,Business Inventories m/m,Low,0.3%,0.8%,1.19276,1.19519,1.1881,1.19008
2021-03-16,7:30pm,USD,NAHB Housing Market Index,Low,82,84,1.19276,1.19519,1.1881,1.19008
2021-03-17,3:30pm,EUR,Final Core CPI y/y,Low,1.1%,1.1%,1.19011,1.19857,1.1884,1.198
2021-03-17,3:30pm,EUR,Final CPI y/y,Low,0.9%,0.9%,1.19011,1.19857,1.1884,1.198
2021-03-17,4:03pm,EUR,German 30-y Bond Auction,Low,0.21|1.2,0.10|1.3,1.19011,1.19857,1.1884,1.198
2021-03-17,4:03pm,USD,Building Permits,Low,1.68M,1.89M,1.19011,1.19857,1.1884,1.198
2021-03-17,4:03pm,USD,Housing Starts,Low,1.42M,1.58M,1.19011,1.19857,1.1884,1.198
2021-03-17,8:00pm,USD,Crude Oil Inventories,Medium,2.4M,13.8M,1.19011,1.19857,1.1884,1.198
2021-03-17,8:00pm,USD,Federal Funds Rate,Medium,<0.25%,<0.25%,1.19011,1.19857,1.1884,1.198
2021-03-18,2:30pm,EUR,Italian Trade Balance,Low,1.59B,6.86B,1.19796,1.19889,1.1904,1.19124
2021-03-18,3:30pm,EUR,Trade Balance,Low,24.2B,27.5B,1.19796,1.19889,1.1904,1.19124
2021-03-18,3:30pm,USD,Philly Fed Manufacturing Index,Medium,51.8,23.1,1.19796,1.19889,1.1904,1.19124
2021-03-18,3:30pm,USD,Unemployment Claims,Low,770K,725K,1.19796,1.19889,1.1904,1.19124
2021-03-18,7:30pm,USD,CB Leading Index m/m,Low,0.2%,0.5%,1.19796,1.19889,1.1904,1.19124
2021-03-18,8:00pm,USD,Natural Gas Storage,Low,-11B,-52B,1.19796,1.19889,1.1904,1.19124
2021-03-19,12:30pm,EUR,German PPI m/m,Low,0.7%,1.4%,1.19118,1.19372,1.1872,1.1904
2021-03-22,2:30pm,EUR,Current Account,Low,30.5B,36.7B,1.18798,1.1947,1.1873,1.19325
2021-03-22,7:30pm,USD,Existing Home Sales,Low,6.22M,6.66M,1.18798,1.1947,1.1873,1.19325
2021-03-23,6:00pm,USD,Current Account,Low,-188B,-181B,1.19344,1.19409,1.184,1.1849
2021-03-23,7:29pm,USD,Richmond Manufacturing Index,Low,17,14,1.19344,1.19409,1.184,1.1849
2021-03-23,7:30pm,USD,New Home Sales,Low,775K,948K,1.19344,1.19409,1.184,1.1849
2021-03-24,1:45pm,EUR,French Flash Services PMI,High,47.8,45.6,1.18486,1.1852,1.1808,1.18117
2021-03-24,1:45pm,EUR,French Flash Manufacturing PMI,Medium,58.8,56.1,1.18486,1.1852,1.1808,1.18117
2021-03-24,2:00pm,EUR,German Flash Manufacturing PMI,High,66.6,60.7,1.18486,1.1852,1.1808,1.18117
2021-03-24,2:00pm,EUR,German Flash Services PMI,High,50.8,45.7,1.18486,1.1852,1.1808,1.18117
2021-03-24,2:30pm,EUR,Flash Manufacturing PMI,Medium,62.4,57.9,1.18486,1.1852,1.1808,1.18117
2021-03-24,2:30pm,EUR,Flash Services PMI,Medium,48.8,45.7,1.18486,1.1852,1.1808,1.18117
2021-03-24,4:04pm,EUR,German 10-y Bond Auction,Low,-0.36|1.5,-0.32|1.5,1.18486,1.1852,1.1808,1.18117
2021-03-24,6:00pm,USD,Core Durable Goods Orders m/m,Low,-0.9%,1.3%,1.18486,1.1852,1.1808,1.18117
2021-03-24,6:00pm,USD,Durable Goods Orders m/m,Low,-1.1%,3.5%,1.18486,1.1852,1.1808,1.18117
2021-03-24,7:15pm,USD,Flash Manufacturing PMI,Medium,59.0,58.6,1.18486,1.1852,1.1808,1.18117
2021-03-24,7:15pm,USD,Flash Services PMI,Low,60.0,59.8,1.18486,1.1852,1.1808,1.18117
2021-03-24,7:58pm,EUR,Consumer Confidence,Low,-11,-15,1.18486,1.1852,1.1808,1.18117
2021-03-24,7:58pm,USD,Crude Oil Inventories,Medium,1.9M,2.4M,1.18486,1.1852,1.1808,1.18117
2021-03-25,12:30pm,EUR,German GfK Consumer Climate,Low,-6.2,-12.7,1.18123,1.18278,1.176,1.1768
2021-03-25,12:30pm,EUR,M3 Money Supply y/y,Low,12.3%,12.5%,1.18123,1.18278,1.176,1.1768
2021-03-25,2:32pm,EUR,Private Loans y/y,Low,3.0%,3.0%,1.18123,1.18278,1.176,1.1768
2021-03-25,6:00pm,USD,Final GDP q/q,Medium,4.3%,4.1%,1.18123,1.18278,1.176,1.1768
2021-03-25,6:00pm,USD,Final GDP Price Index q/q,Low,2.0%,2.1%,1.18123,1.18278,1.176,1.1768
2021-03-25,6:00pm,USD,Unemployment Claims,Low,684K,781k,1.18123,1.18278,1.176,1.1768
2021-03-25,7:25pm,EUR,Belgian NBB Business Climate,Low,-1.0,-4.4,1.18123,1.18278,1.176,1.1768
2021-03-25,7:25pm,USD,Natural Gas Storage,Low,-36B,-11B,1.18123,1.18278,1.176,1.1768
2021-03-26,2:30pm,EUR,German ifo Business Climate,Medium,96.6,92.7,1.17676,1.18053,1.1766,1.17928
2021-03-26,6:00pm,USD,Core PCE Price Index m/m,Low,0.1%,0.2%,1.17676,1.18053,1.1766,1.17928
2021-03-26,6:00pm,USD,Goods Trade Balance,Low,-86.7B,-84.6B,1.17676,1.18053,1.1766,1.17928
2021-03-26,6:00pm,USD,Personal Income m/m,Low,-7.1%,10.1%,1.17676,1.18053,1.1766,1.17928
2021-03-26,6:00pm,USD,Personal Spending m/m,Low,-1.0%,3.4%,1.17676,1.18053,1.1766,1.17928
2021-03-26,6:00pm,USD,Prelim Wholesale Inventories m/m,Low,0.5%,1.3%,1.17676,1.18053,1.1766,1.17928
2021-03-26,7:30pm,USD,Revised UoM Consumer Sentiment,Low,84.9,83.0,1.17676,1.18053,1.1766,1.17928
2021-03-26,7:30pm,USD,Revised UoM Inflation Expectations,Low,3.1%,3.1%,1.17676,1.18053,1.1766,1.17928
2021-03-30,11:30am,EUR,German Import Prices m/m,Low,1.7%,1.9%,1.17661,1.1774,1.171,1.17179
2021-03-30,All Day,EUR,German Prelim CPI m/m,Low,0.5%,0.7%,1.17661,1.1774,1.171,1.17179
2021-03-30,All Day,EUR,Spanish Flash CPI y/y,Low,1.3%,0.0%,1.17661,1.1774,1.171,1.17179
2021-03-30,2:48pm,EUR,Italian 10-y Bond Auction,Low,0.72|1.4,0.65|1.4,1.17661,1.1774,1.171,1.17179
2021-03-30,2:48pm,USD,HPI m/m,Low,1.0%,1.2%,1.17661,1.1774,1.171,1.17179
2021-03-30,2:48pm,USD,S&P/CS Composite-20 HPI y/y,Low,11.1%,10.2%,1.17661,1.1774,1.171,1.17179
2021-03-30,7:30pm,USD,CB Consumer Confidence,Medium,109.7,90.4,1.17661,1.1774,1.171,1.17179
2021-03-31,12:15pm,EUR,French Consumer Spending m/m,Low,0.0%,-4.9%,1.17162,1.17598,1.1702,1.17266
2021-03-31,12:15pm,EUR,French Prelim CPI m/m,Low,0.6%,0.0%,1.17162,1.17598,1.1702,1.17266
2021-03-31,1:25pm,EUR,German Unemployment Change,Low,-8K,9K,1.17162,1.17598,1.1702,1.17266
2021-03-31,2:30pm,EUR,Core CPI Flash Estimate y/y,Low,0.9%,1.1%,1.17162,1.17598,1.1702,1.17266
2021-03-31,2:30pm,EUR,CPI Flash Estimate y/y,Low,1.3%,0.9%,1.17162,1.17598,1.1702,1.17266
2021-03-31,2:30pm,EUR,Italian Prelim CPI m/m,Low,0.3%,0.1%,1.17162,1.17598,1.1702,1.17266
2021-03-31,5:45pm,USD,ADP Non-Farm Employment Change,High,517K,176K,1.17162,1.17598,1.1702,1.17266
2021-03-31,7:15pm,USD,Chicago PMI,Low,66.3,59.5,1.17162,1.17598,1.1702,1.17266
2021-03-31,7:30pm,USD,Pending Home Sales m/m,Medium,-10.6%,-2.4%,1.17162,1.17598,1.1702,1.17266
2021-03-31,8:00pm,USD,Crude Oil Inventories,Medium,-0.9M,1.9M,1.17162,1.17598,1.1702,1.17266
2021-04-01,11:30am,EUR,German Retail Sales m/m,Low,1.2%,-4.5%,1.1726,1.178,1.1711,1.1774
2021-04-01,12:45pm,EUR,Spanish Manufacturing PMI,Low,56.9,52.9,1.1726,1.178,1.1711,1.1774
2021-04-01,1:15pm,EUR,Italian Manufacturing PMI,Low,59.8,56.9,1.1726,1.178,1.1711,1.1774
2021-04-01,1:20pm,EUR,French Final Manufacturing PMI,Low,59.3,58.8,1.1726,1.178,1.1711,1.1774
2021-04-01,1:25pm,EUR,German Final Manufacturing PMI,Low,66.6,66.6,1.1726,1.178,1.1711,1.1774
2021-04-01,1:30pm,EUR,Final Manufacturing PMI,Low,62.5,62.4,1.1726,1.178,1.1711,1.1774
2021-04-01,5:00pm,USD,Challenger Job Cuts y/y,Low,-86.2%,-39.1%,1.1726,1.178,1.1711,1.1774
2021-04-01,5:00pm,USD,Unemployment Claims,Low,719K,658K,1.1726,1.178,1.1711,1.1774
2021-04-01,7:15pm,USD,Final Manufacturing PMI,Low,59.1,59.0,1.1726,1.178,1.1711,1.1774
2021-04-01,7:30pm,USD,ISM Manufacturing PMI,Medium,64.7,60.8,1.1726,1.178,1.1711,1.1774
2021-04-01,7:30pm,USD,Construction Spending m/m,Low,-0.8%,1.2%,1.1726,1.178,1.1711,1.1774
2021-04-01,7:30pm,USD,ISM Manufacturing Prices,Low,85.6,86.0,1.1726,1.178,1.1711,1.1774
2021-04-01,All Day,USD,Wards Total Vehicle Sales,Low,17.7M,15.7M,1.1726,1.178,1.1711,1.1774
2021-04-01,8:00pm,USD,Natural Gas Storage,Low,14B,-36B,1.1726,1.178,1.1711,1.1774
2021-04-02,12:15pm,EUR,French Gov Budget Balance,Low,-47.5B,-21.9B,1.17737,1.17867,1.1747,1.1761
2021-04-02,6:00pm,USD,Average Hourly Earnings m/m,High,-0.1%,0.3%,1.17737,1.17867,1.1747,1.1761
2021-04-02,6:00pm,USD,Non-Farm Employment Change,High,916K,468K,1.17737,1.17867,1.1747,1.1761
2021-04-02,6:00pm,USD,Unemployment Rate,High,6.0%,6.2%,1.17737,1.17867,1.1747,1.1761
2021-04-05,7:15pm,USD,Final Services PMI,Low,60.4,60.0,1.1754,1.18195,1.1736,1.18123
2021-04-05,7:30pm,USD,ISM Services PMI,Medium,63.7,55.3,1.1754,1.18195,1.1736,1.18123
2021-04-05,7:30pm,USD,Factory Orders m/m,Low,-0.8%,2.7%,1.1754,1.18195,1.1736,1.18123
2021-04-06,12:30pm,EUR,Spanish Unemployment Change,Low,-59.1K,44.4K,1.18134,1.18776,1.1794,1.187
2021-04-06,Jan Data,EUR,Italian Monthly Unemployment Rate,Low,10.3%,9.8%,1.18134,1.18776,1.1794,1.187
2021-04-06,1:30pm,EUR,Italian Monthly Unemployment Rate,Low,10.2%,10.3%,1.18134,1.18776,1.1794,1.187
2021-04-06,2:00pm,EUR,Sentix Investor Confidence,Low,13.1,5.0,1.18134,1.18776,1.1794,1.187
2021-04-06,2:30pm,EUR,Unemployment Rate,Low,8.3%,8.3%,1.18134,1.18776,1.1794,1.187
2021-04-06,7:07pm,USD,RCM/TIPP Economic Optimism,Low,56.4,55.4,1.18134,1.18776,1.1794,1.187
2021-04-06,7:30pm,USD,JOLTS Job Openings,Low,7.37M,7.10M,1.18134,1.18776,1.1794,1.187
2021-04-07,12:45pm,EUR,Spanish Services PMI,Low,48.1,43.1,1.18706,1.19148,1.1859,1.1868
2021-04-07,1:15pm,EUR,Italian Services PMI,Low,48.6,48.8,1.18706,1.19148,1.1859,1.1868
2021-04-07,1:20pm,EUR,French Final Services PMI,Low,48.2,47.8,1.18706,1.19148,1.1859,1.1868
2021-04-07,1:25pm,EUR,German Final Services PMI,Low,51.5,50.8,1.18706,1.19148,1.1859,1.1868
2021-04-07,1:30pm,EUR,Final Services PMI,Low,49.6,48.8,1.18706,1.19148,1.1859,1.1868
2021-04-07,2:00pm,USD,Trade Balance,Low,-71.1B,-67.8B,1.18706,1.19148,1.1859,1.1868
2021-04-07,8:00pm,USD,Crude Oil Inventories,Medium,-3.5M,-0.9M,1.18706,1.19148,1.1859,1.1868
2021-04-08,12:30am,USD,Consumer Credit m/m,Low,27.6B,0.1B,1.1868,1.19275,1.1859,1.19142
2021-04-08,11:30am,EUR,German Factory Orders m/m,Low,1.2%,0.8%,1.1868,1.19275,1.1859,1.19142
2021-04-08,12:15pm,EUR,French Trade Balance,Low,-5.2B,-4.2B,1.1868,1.19275,1.1859,1.19142
2021-04-08,2:22pm,EUR,Spanish 10-y Bond Auction,Low,-0.04|1.8,0.35|1.6,1.1868,1.19275,1.1859,1.19142
2021-04-08,2:30pm,EUR,PPI m/m,Low,0.5%,1.7%,1.1868,1.19275,1.1859,1.19142
2021-04-08,2:33pm,EUR,French 10-y Bond Auction,Low,0.00|1.7,-0.07|2.0,1.1868,1.19275,1.1859,1.19142
2021-04-08,6:00pm,USD,Unemployment Claims,Medium,744K,728K,1.1868,1.19275,1.1859,1.19142
2021-04-08,8:00pm,USD,Natural Gas Storage,Low,20B,14B,1.1868,1.19275,1.1859,1.19142
2021-04-09,11:30am,EUR,German Industrial Production m/m,Low,-1.6%,-2.0%,1.1915,1.19201,1.1866,1.19008
2021-04-09,11:30am,EUR,German Trade Balance,Low,19.1B,21.3B,1.1915,1.19201,1.1866,1.19008
2021-04-09,12:15pm,EUR,French Industrial Production m/m,Low,-4.7%,3.2%,1.1915,1.19201,1.1866,1.19008
2021-04-09,1:30pm,EUR,Italian Retail Sales m/m,Low,6.6%,-2.7%,1.1915,1.19201,1.1866,1.19008
2021-04-09,6:26pm,USD,Core PPI m/m,Low,0.7%,0.2%,1.1915,1.19201,1.1866,1.19008
2021-04-09,6:26pm,USD,PPI m/m,Low,1.0%,0.5%,1.1915,1.19201,1.1866,1.19008
2021-04-09,7:30pm,USD,Final Wholesale Inventories m/m,Low,0.6%,0.5%,1.1915,1.19201,1.1866,1.19008
2021-04-12,2:30pm,EUR,Retail Sales m/m,Low,3.0%,-5.2%,1.18963,1.19192,1.1869,1.19107
2021-04-12,10:31pm,USD,10-y Bond Auction,Medium,1.68|2.4,1.52|2.4,1.18963,1.19192,1.1869,1.19107
2021-04-12,11:30pm,USD,Federal Budget Balance,Low,-659.6B,-310.9B,1.18963,1.19192,1.1869,1.19107
2021-04-13,11:30am,EUR,German WPI m/m,Low,1.7%,1.4%,1.19118,1.19559,1.18766,1.19493
2021-04-13,1:30pm,EUR,Italian Industrial Production m/m,Low,0.2%,1.1%,1.19118,1.19559,1.18766,1.19493
2021-04-13,2:30pm,EUR,ZEW Economic Sentiment,Low,66.3,74.0,1.19118,1.19559,1.18766,1.19493
2021-04-13,2:30pm,EUR,German ZEW Economic Sentiment,Low,70.7,76.6,1.19118,1.19559,1.18766,1.19493
2021-04-13,3:30pm,USD,NFIB Small Business Index,Low,98.2,95.8,1.19118,1.19559,1.18766,1.19493
2021-04-13,6:00pm,USD,Core CPI m/m,High,0.3%,0.1%,1.19118,1.19559,1.18766,1.19493
2021-04-13,6:00pm,USD,CPI m/m,High,0.6%,0.4%,1.19118,1.19559,1.18766,1.19493
2021-04-13,6:00pm,USD,CPI y/y,High,2.6%,1.7%,1.19118,1.19559,1.18766,1.19493
2021-04-13,10:31pm,USD,30-y Bond Auction,Medium,2.32|2.5,2.30|2.3,1.19118,1.19559,1.18766,1.19493
2021-04-14,2:30pm,EUR,Industrial Production m/m,Low,-1.0%,0.8%,1.19488,1.19874,1.1947,1.19781
2021-04-14,3:04pm,EUR,German 30-y Bond Auction,Low,0.22|1.3,0.21|1.2,1.19488,1.19874,1.1947,1.19781
2021-04-14,6:00pm,USD,Import Prices m/m,Low,1.2%,1.3%,1.19488,1.19874,1.1947,1.19781
2021-04-14,6:00pm,USD,Crude Oil Inventories,Medium,-5.9M,-3.5M,1.19488,1.19874,1.1947,1.19781
2021-04-15,11:30am,EUR,German Final CPI m/m,Low,0.5%,0.5%,1.19789,1.19933,1.1954,1.19654
2021-04-15,12:15pm,EUR,French Final CPI m/m,Low,0.6%,0.6%,1.19789,1.19933,1.1954,1.19654
2021-04-15,12:15pm,USD,Core Retail Sales m/m,High,8.4%,-2.5%,1.19789,1.19933,1.1954,1.19654
2021-04-15,12:15pm,USD,Retail Sales m/m,High,9.8%,-2.7%,1.19789,1.19933,1.1954,1.19654
2021-04-15,12:15pm,USD,Philly Fed Manufacturing Index,Medium,50.2,51.8,1.19789,1.19933,1.1954,1.19654
2021-04-15,12:15pm,USD,Unemployment Claims,Medium,576K,769K,1.19789,1.19933,1.1954,1.19654
2021-04-15,12:15pm,USD,Empire State Manufacturing Index,Low,26.3,17.4,1.19789,1.19933,1.1954,1.19654
2021-04-15,6:45pm,USD,Capacity Utilization Rate,Low,74.4%,73.8%,1.19789,1.19933,1.1954,1.19654
2021-04-15,6:45pm,USD,Industrial Production m/m,Low,1.4%,-2.2%,1.19789,1.19933,1.1954,1.19654
2021-04-15,7:00pm,USD,Business Inventories m/m,Low,0.5%,0.4%,1.19789,1.19933,1.1954,1.19654
2021-04-15,7:00pm,USD,NAHB Housing Market Index,Low,83,82,1.19789,1.19933,1.1954,1.19654
2021-04-15,8:00pm,USD,Natural Gas Storage,Low,61B,20B,1.19789,1.19933,1.1954,1.19654
2021-04-16,1:30am,USD,TIC Long-Term Purchases,Low,4.2B,91.0B,1.19655,1.19948,1.1949,1.19823
2021-04-16,1:35pm,EUR,Italian Trade Balance,Low,4.75B,1.58B,1.19655,1.19948,1.1949,1.19823
2021-04-16,2:30pm,EUR,Final Core CPI y/y,Low,0.9%,0.9%,1.19655,1.19948,1.1949,1.19823
2021-04-16,2:30pm,EUR,Final CPI y/y,Low,1.3%,1.3%,1.19655,1.19948,1.1949,1.19823
2021-04-16,2:30pm,EUR,Trade Balance,Low,18.4B,28.7B,1.19655,1.19948,1.1949,1.19823
2021-04-16,2:30pm,USD,Building Permits,Low,1.77M,1.72M,1.19655,1.19948,1.1949,1.19823
2021-04-16,2:30pm,USD,Housing Starts,Low,1.74M,1.46M,1.19655,1.19948,1.1949,1.19823
2021-04-16,7:30pm,USD,Prelim UoM Consumer Sentiment,Medium,86.5,84.9,1.19655,1.19948,1.1949,1.19823
2021-04-16,7:30pm,USD,Prelim UoM Inflation Expectations,Low,3.7%,3.1%,1.19655,1.19948,1.1949,1.19823
2021-04-19,1:30pm,EUR,Current Account,Low,25.9B,34.7B,1.19752,1.2048,1.1941,1.2037
2021-04-20,11:30am,EUR,German PPI m/m,Low,0.9%,0.7%,1.20367,1.20798,1.2021,1.2033
2021-04-21,3:03pm,EUR,German 10-y Bond Auction,Low,-0.25|1.7,-0.36|1.5,1.20339,1.20437,1.1997,1.20348
2021-04-21,8:00pm,USD,Crude Oil Inventories,Medium,0.6M,-5.9M,1.20339,1.20437,1.1997,1.20348
2021-04-22,2:12pm,EUR,Spanish 10-y Bond Auction,Low,0.37|1.9,-0.04|1.8,1.20354,1.20697,1.1992,1.20156
2021-04-22,3:30pm,EUR,Main Refinancing Rate,Medium,0.00%,0.00%,1.20354,1.20697,1.1992,1.20156
2021-04-22,3:30pm,USD,Unemployment Claims,Medium,547K,586K,1.20354,1.20697,1.1992,1.20156
2021-04-22,7:00pm,EUR,Consumer Confidence,Low,-8,-11,1.20354,1.20697,1.1992,1.20156
2021-04-22,7:30pm,USD,CB Leading Index m/m,Low,1.3%,-0.1%,1.20354,1.20697,1.1992,1.20156
2021-04-22,7:30pm,USD,Existing Home Sales,Low,6.01M,6.24M,1.20354,1.20697,1.1992,1.20156
2021-04-22,8:00pm,USD,Natural Gas Storage,Low,38B,61B,1.20354,1.20697,1.1992,1.20156
2021-04-23,12:45pm,EUR,French Flash Services PMI,High,50.4,48.2,1.20162,1.21,1.2011,1.20965
2021-04-23,12:45pm,EUR,French Flash Manufacturing PMI,Medium,59.2,59.3,1.20162,1.21,1.2011,1.20965
2021-04-23,1:00pm,EUR,German Flash Manufacturing PMI,High,66.4,66.6,1.20162,1.21,1.2011,1.20965
2021-04-23,1:00pm,EUR,German Flash Services PMI,High,50.1,51.5,1.20162,1.21,1.2011,1.20965
2021-04-23,1:30pm,EUR,Flash Manufacturing PMI,Medium,63.3,62.5,1.20162,1.21,1.2011,1.20965
2021-04-23,1:30pm,EUR,Flash Services PMI,Medium,50.3,49.6,1.20162,1.21,1.2011,1.20965
2021-04-23,7:15pm,USD,Flash Manufacturing PMI,Medium,60.6,59.1,1.20162,1.21,1.2011,1.20965
2021-04-23,7:15pm,USD,Flash Services PMI,Low,63.1,60.4,1.20162,1.21,1.2011,1.20965
2021-04-23,7:30pm,USD,New Home Sales,Low,1021K,846K,1.20162,1.21,1.2011,1.20965
2021-04-26,1:30pm,EUR,German ifo Business Climate,Medium,96.8,96.6,1.20941,1.2117,1.2059,1.20848
2021-04-26,6:00pm,USD,Core Durable Goods Orders m/m,Low,1.6%,-0.3%,1.20941,1.2117,1.2059,1.20848
2021-04-26,6:00pm,USD,Durable Goods Orders m/m,Low,0.5%,-1.2%,1.20941,1.2117,1.2059,1.20848
2021-04-26,6:28pm,EUR,Belgian NBB Business Climate,Low,4.4,-1.0,1.20941,1.2117,1.2059,1.20848
2021-04-27,6:30pm,USD,HPI m/m,Low,0.9%,1.0%,1.20846,1.2093,1.2055,1.20894
2021-04-27,6:30pm,USD,S&P/CS Composite-20 HPI y/y,Low,11.9%,11.1%,1.20846,1.2093,1.2055,1.20894
2021-04-27,7:29pm,USD,Richmond Manufacturing Index,Low,17,17,1.20846,1.2093,1.2055,1.20894
2021-04-27,7:30pm,USD,CB Consumer Confidence,Medium,121.7,109.0,1.20846,1.2093,1.2055,1.20894
2021-04-28,11:30am,EUR,German GfK Consumer Climate,Low,-8.8,-6.1,1.20887,1.21347,1.2054,1.21241
2021-04-28,11:30am,USD,Goods Trade Balance,Low,-90.6B,-87.1B,1.20887,1.21347,1.2054,1.21241
2021-04-28,11:30am,USD,Prelim Wholesale Inventories m/m,Low,1.4%,0.6%,1.20887,1.21347,1.2054,1.21241
2021-04-28,8:00pm,USD,Crude Oil Inventories,Medium,0.1M,0.6M,1.20887,1.21347,1.2054,1.21241
2021-04-28,8:00pm,USD,Federal Funds Rate,Medium,<0.25%,<0.25%,1.20887,1.21347,1.2054,1.21241
2021-04-29,11:30am,EUR,German Import Prices m/m,Low,1.8%,1.7%,1.21248,1.215,1.21,1.2121
2021-04-29,All Day,EUR,German Prelim CPI m/m,Low,0.7%,0.5%,1.21248,1.215,1.21,1.2121
2021-04-29,12:30pm,EUR,Spanish Flash CPI y/y,Low,2.2%,1.3%,1.21248,1.215,1.21,1.2121
2021-04-29,12:30pm,EUR,Spanish Unemployment Rate,Low,16.0%,16.1%,1.21248,1.215,1.21,1.2121
2021-04-29,1:25pm,EUR,German Unemployment Change,Low,9K,-6K,1.21248,1.215,1.21,1.2121
2021-04-29,1:30pm,EUR,M3 Money Supply y/y,Low,10.1%,12.2%,1.21248,1.215,1.21,1.2121
2021-04-29,1:30pm,EUR,Private Loans y/y,Low,3.3%,3.0%,1.21248,1.215,1.21,1.2121
2021-04-29,2:46pm,EUR,Italian 10-y Bond Auction,Low,0.88|1.4,0.72|1.4,1.21248,1.215,1.21,1.2121
2021-04-29,6:00pm,USD,Advance GDP q/q,High,6.4%,4.3%,1.21248,1.215,1.21,1.2121
2021-04-29,6:00pm,USD,Advance GDP Price Index q/q,Medium,4.1%,2.0%,1.21248,1.215,1.21,1.2121
2021-04-29,6:00pm,USD,Unemployment Claims,Medium,553K,566K,1.21248,1.215,1.21,1.2121
2021-04-29,7:30pm,USD,Pending Home Sales m/m,Medium,1.9%,-11.5%,1.21248,1.215,1.21,1.2121
2021-04-29,8:00pm,USD,Natural Gas Storage,Low,15B,38B,1.21248,1.215,1.21,1.2121
2021-04-30,11:00am,EUR,French Consumer Spending m/m,Low,-1.1%,0.3%,1.21217,1.21266,1.2015,1.2019
2021-04-30,11:00am,EUR,French Flash GDP q/q,Low,0.4%,-1.4%,1.21217,1.21266,1.2015,1.2019
2021-04-30,12:15pm,EUR,French Prelim CPI m/m,Low,0.2%,0.6%,1.21217,1.21266,1.2015,1.2019
2021-04-30,12:15pm,EUR,Spanish Flash GDP q/q,Low,-0.5%,0.0%,1.21217,1.21266,1.2015,1.2019
2021-04-30,12:15pm,EUR,Italian Monthly Unemployment Rate,Low,10.1%,10.2%,1.21217,1.21266,1.2015,1.2019
2021-04-30,12:15pm,EUR,German Prelim GDP q/q,Medium,-1.7%,0.3%,1.21217,1.21266,1.2015,1.2019
2021-04-30,12:15pm,EUR,Italian Prelim GDP q/q,Low,-0.4%,-1.9%,1.21217,1.21266,1.2015,1.2019
2021-04-30,2:30pm,EUR,Core CPI Flash Estimate y/y,Low,0.8%,0.9%,1.21217,1.21266,1.2015,1.2019
2021-04-30,2:30pm,EUR,CPI Flash Estimate y/y,Low,1.6%,1.3%,1.21217,1.21266,1.2015,1.2019
2021-04-30,2:30pm,EUR,Italian Prelim CPI m/m,Low,0.4%,0.3%,1.21217,1.21266,1.2015,1.2019
2021-04-30,2:30pm,EUR,Prelim Flash GDP q/q,Low,-0.6%,-0.7%,1.21217,1.21266,1.2015,1.2019
2021-04-30,2:30pm,EUR,Unemployment Rate,Low,8.1%,8.2%,1.21217,1.21266,1.2015,1.2019
2021-04-30,2:30pm,USD,Core PCE Price Index m/m,Low,0.4%,0.1%,1.21217,1.21266,1.2015,1.2019
2021-04-30,2:30pm,USD,Employment Cost Index q/q,Low,0.9%,0.7%,1.21217,1.21266,1.2015,1.2019
2021-04-30,2:30pm,USD,Personal Income m/m,Low,21.1%,-7.0%,1.21217,1.21266,1.2015,1.2019
2021-04-30,2:30pm,USD,Personal Spending m/m,Low,4.2%,-1.0%,1.21217,1.21266,1.2015,1.2019
2021-04-30,7:15pm,USD,Chicago PMI,Low,72.1,66.3,1.21217,1.21266,1.2015,1.2019
2021-04-30,7:30pm,USD,Revised UoM Consumer Sentiment,Low,88.3,86.5,1.21217,1.21266,1.2015,1.2019
2021-04-30,7:30pm,USD,Revised UoM Inflation Expectations,Low,3.4%,3.7%,1.21217,1.21266,1.2015,1.2019
2021-05-03,11:30am,EUR,German Retail Sales m/m,Low,7.7%,2.7%,1.20257,1.20762,1.2011,1.2063
2021-05-03,12:45pm,EUR,Spanish Manufacturing PMI,Low,57.7,56.9,1.20257,1.20762,1.2011,1.2063
2021-05-03,1:15pm,EUR,Italian Manufacturing PMI,Low,60.7,59.8,1.20257,1.20762,1.2011,1.2063
2021-05-03,1:20pm,EUR,French Final Manufacturing PMI,Low,58.9,59.2,1.20257,1.20762,1.2011,1.2063
2021-05-03,1:25pm,EUR,German Final Manufacturing PMI,Low,66.2,66.4,1.20257,1.20762,1.2011,1.2063
2021-05-03,1:30pm,EUR,Final Manufacturing PMI,Low,62.9,63.3,1.20257,1.20762,1.2011,1.2063
2021-05-03,7:15pm,USD,Final Manufacturing PMI,Low,60.5,60.6,1.20257,1.20762,1.2011,1.2063
2021-05-03,7:30pm,USD,ISM Manufacturing PMI,Medium,60.7,64.7,1.20257,1.20762,1.2011,1.2063
2021-05-03,7:30pm,USD,Construction Spending m/m,Low,0.2%,-0.6%,1.20257,1.20762,1.2011,1.2063
2021-05-03,7:30pm,USD,ISM Manufacturing Prices,Low,89.6,85.6,1.20257,1.20762,1.2011,1.2063
2021-05-03,All Day,USD,Wards Total Vehicle Sales,Low,18.5M,17.7M,1.20257,1.20762,1.2011,1.2063
2021-05-04,12:15pm,EUR,French Gov Budget Balance,Low,-60.1B,-47.5B,1.20626,1.20637,1.1997,1.201
2021-05-04,2:00pm,USD,Trade Balance,Low,-74.4B,-70.5B,1.20626,1.20637,1.1997,1.201
2021-05-04,7:22pm,USD,RCM/TIPP Economic Optimism,Low,54.4,56.4,1.20626,1.20637,1.1997,1.201
2021-05-04,7:30pm,USD,Factory Orders m/m,Low,1.1%,-0.5%,1.20626,1.20637,1.1997,1.201
2021-05-05,12:30pm,EUR,Spanish Unemployment Change,Low,-39.0K,-59.1K,1.2011,1.20267,1.1984,1.2006
2021-05-05,12:45pm,EUR,Spanish Services PMI,Low,54.6,48.1,1.2011,1.20267,1.1984,1.2006
2021-05-05,1:15pm,EUR,Italian Services PMI,Low,47.3,48.6,1.2011,1.20267,1.1984,1.2006
2021-05-05,1:20pm,EUR,French Final Services PMI,Low,50.3,50.4,1.2011,1.20267,1.1984,1.2006
2021-05-05,1:25pm,EUR,German Final Services PMI,Low,49.9,50.1,1.2011,1.20267,1.1984,1.2006
2021-05-05,1:30pm,EUR,Final Services PMI,Low,50.5,50.3,1.2011,1.20267,1.1984,1.2006
2021-05-05,2:30pm,EUR,PPI m/m,Low,1.1%,0.5%,1.2011,1.20267,1.1984,1.2006
2021-05-05,5:45pm,USD,ADP Non-Farm Employment Change,Medium,742K,565K,1.2011,1.20267,1.1984,1.2006
2021-05-05,7:15pm,USD,Final Services PMI,Low,64.7,63.1,1.2011,1.20267,1.1984,1.2006
2021-05-05,7:30pm,USD,ISM Services PMI,Medium,62.7,63.7,1.2011,1.20267,1.1984,1.2006
2021-05-05,8:00pm,USD,Crude Oil Inventories,Medium,-8.0M,0.1M,1.2011,1.20267,1.1984,1.2006
2021-05-06,11:30am,EUR,German Factory Orders m/m,Low,3.0%,1.4%,1.20057,1.20719,1.1991,1.2062
2021-05-06,2:16pm,EUR,Spanish 10-y Bond Auction,Low,0.43|1.6,0.37|1.9,1.20057,1.20719,1.1991,1.2062
2021-05-06,2:29pm,EUR,French 10-y Bond Auction,Low,0.13|1.7,0.00|1.7,1.20057,1.20719,1.1991,1.2062
2021-05-06,2:29pm,EUR,Retail Sales m/m,Low,2.7%,4.2%,1.20057,1.20719,1.1991,1.2062
2021-05-06,5:00pm,USD,Challenger Job Cuts y/y,Low,-96.6%,-86.2%,1.20057,1.20719,1.1991,1.2062
2021-05-06,6:00pm,USD,Unemployment Claims,Medium,498K,590K,1.20057,1.20719,1.1991,1.2062
2021-05-06,6:00pm,USD,Prelim Nonfarm Productivity q/q,Low,5.4%,-4.2%,1.20057,1.20719,1.1991,1.2062
2021-05-06,6:00pm,USD,Prelim Unit Labor Costs q/q,Low,-0.3%,6.0%,1.20057,1.20719,1.1991,1.2062
2021-05-06,8:00pm,USD,Natural Gas Storage,Low,60B,15B,1.20057,1.20719,1.1991,1.2062
2021-05-07,11:30am,EUR,German Industrial Production m/m,Low,2.5%,-1.9%,1.20621,1.21715,1.2051,1.21625
2021-05-07,11:30am,EUR,German Trade Balance,Low,14.3B,18.9B,1.20621,1.21715,1.2051,1.21625
2021-05-07,12:15pm,EUR,French Industrial Production m/m,Low,0.8%,-4.8%,1.20621,1.21715,1.2051,1.21625
2021-05-07,12:15pm,EUR,French Prelim Private Payrolls q/q,Low,0.3%,-0.1%,1.20621,1.21715,1.2051,1.21625
2021-05-07,12:15pm,EUR,French Trade Balance,Low,-6.1B,-5.1B,1.20621,1.21715,1.2051,1.21625
2021-05-07,1:30pm,EUR,Italian Retail Sales m/m,Low,-0.1%,5.9%,1.20621,1.21715,1.2051,1.21625
2021-05-07,2:00pm,USD,Average Hourly Earnings m/m,High,0.7%,-0.1%,1.20621,1.21715,1.2051,1.21625
2021-05-07,2:00pm,USD,Non-Farm Employment Change,High,266K,770K,1.20621,1.21715,1.2051,1.21625
2021-05-07,2:00pm,USD,Unemployment Rate,High,6.1%,6.0%,1.20621,1.21715,1.2051,1.21625
2021-05-07,2:00pm,USD,Final Wholesale Inventories m/m,Low,1.3%,1.4%,1.20621,1.21715,1.2051,1.21625
2021-05-07,2:00pm,USD,Mortgage Delinquencies,Low,6.38%,6.73%,1.20621,1.21715,1.2051,1.21625
2021-05-08,12:30am,USD,Consumer Credit m/m,Low,25.8B,26.1B,,,,
2021-05-10,2:00pm,EUR,Sentix Investor Confidence,Low,21.0,13.1,1.21678,1.21782,1.21257,1.21317
2021-05-11,11:30am,EUR,German WPI m/m,Low,1.1%,1.7%,1.21308,1.21817,1.2121,1.2148
2021-05-11,1:30pm,EUR,Italian Industrial Production m/m,Low,-0.1%,0.1%,1.21308,1.21817,1.2121,1.2148
2021-05-11,2:30pm,EUR,ZEW Economic Sentiment,Low,84.0,66.3,1.21308,1.21817,1.2121,1.2148
2021-05-11,2:30pm,EUR,German ZEW Economic Sentiment,Low,84.4,70.7,1.21308,1.21817,1.2121,1.2148
2021-05-11,3:30pm,USD,NFIB Small Business Index,Low,99.8,98.2,1.21308,1.21817,1.2121,1.2148
2021-05-11,7:30pm,USD,JOLTS Job Openings,Low,8.12M,7.53M,1.21308,1.21817,1.2121,1.2148
2021-05-12,11:30am,EUR,German Final CPI m/m,Low,0.7%,0.7%,1.21486,1.21522,1.2064,1.20693
2021-05-12,12:15pm,EUR,French Final CPI m/m,Low,0.1%,0.2%,1.21486,1.21522,1.2064,1.20693
2021-05-12,12:15pm,EUR,Industrial Production m/m,Low,0.1%,-1.2%,1.21486,1.21522,1.2064,1.20693
2021-05-12,6:00pm,USD,Core CPI m/m,High,0.9%,0.3%,1.21486,1.21522,1.2064,1.20693
2021-05-12,6:00pm,USD,CPI m/m,High,0.8%,0.6%,1.21486,1.21522,1.2064,1.20693
2021-05-12,6:00pm,USD,CPI y/y,High,4.2%,2.6%,1.21486,1.21522,1.2064,1.20693
2021-05-12,8:00pm,USD,Crude Oil Inventories,Medium,-0.4M,-8.0M,1.21486,1.21522,1.2064,1.20693
2021-05-12,10:33pm,USD,10-y Bond Auction,Medium,1.68|2.5,1.68|2.4,1.21486,1.21522,1.2064,1.20693
2021-05-12,11:30pm,USD,Federal Budget Balance,Low,-225.6B,-659.6B,1.21486,1.21522,1.2064,1.20693
2021-05-13,6:00pm,USD,Unemployment Claims,Medium,473K,507K,1.20702,1.21061,1.205,1.2082
2021-05-13,6:00pm,USD,Core PPI m/m,Low,0.7%,0.7%,1.20702,1.21061,1.205,1.2082
2021-05-13,6:00pm,USD,PPI m/m,Low,0.6%,1.0%,1.20702,1.21061,1.205,1.2082
2021-05-13,8:00pm,USD,Natural Gas Storage,Low,71B,60B,1.20702,1.21061,1.205,1.2082
2021-05-13,10:31pm,USD,30-y Bond Auction,Medium,2.40|2.2,2.32|2.5,1.20702,1.21061,1.205,1.2082
2021-05-14,5:20am,USD,Retail Sales m/m,High,0.0%,10.7%,1.20823,1.21477,1.2069,1.21451
2021-05-14,5:20am,USD,Import Prices m/m,Low,0.7%,1.4%,1.20823,1.21477,1.2069,1.21451
2021-05-14,6:02pm,USD,Core Retail Sales m/m,High,-0.8%,9.0%,1.20823,1.21477,1.2069,1.21451
2021-05-14,6:45pm,USD,Industrial Production m/m,Medium,0.7%,2.4%,1.20823,1.21477,1.2069,1.21451
2021-05-14,6:45pm,USD,Capacity Utilization Rate,Low,74.9%,74.4%,1.20823,1.21477,1.2069,1.21451
2021-05-14,7:30pm,USD,Prelim UoM Consumer Sentiment,Medium,82.8,88.3,1.20823,1.21477,1.2069,1.21451
2021-05-14,7:30pm,USD,Business Inventories m/m,Low,0.3%,0.6%,1.20823,1.21477,1.2069,1.21451
2021-05-14,7:30pm,USD,Prelim UoM Inflation Expectations,Low,4.6%,3.4%,1.20823,1.21477,1.2069,1.21451
2021-05-17,11:30am,USD,Empire State Manufacturing Index,Low,24.3,26.3,1.21404,1.2169,1.2124,1.21537
2021-05-17,7:30pm,USD,NAHB Housing Market Index,Low,83,83,1.21404,1.2169,1.2124,1.21537
2021-05-18,1:30am,USD,TIC Long-Term Purchases,Low,262.2B,4.3B,1.21521,1.22341,1.21486,1.2224
2021-05-18,1:30pm,EUR,Italian Trade Balance,Low,5.19B,4.75B,1.21521,1.22341,1.21486,1.2224
2021-05-18,2:30pm,EUR,Flash Employment Change q/q,Low,-0.3%,0.4%,1.21521,1.22341,1.21486,1.2224
2021-05-18,2:30pm,EUR,Flash GDP q/q,Low,-0.6%,-0.6%,1.21521,1.22341,1.21486,1.2224
2021-05-18,2:30pm,EUR,Trade Balance,Low,13.0B,23.1B,1.21521,1.22341,1.21486,1.2224
2021-05-18,6:00pm,USD,Building Permits,Low,1.76M,1.76M,1.21521,1.22341,1.21486,1.2224
2021-05-18,6:00pm,USD,Housing Starts,Low,1.57M,1.73M,1.21521,1.22341,1.21486,1.2224
2021-05-19,2:30pm,EUR,Final Core CPI y/y,Low,0.7%,0.8%,1.22245,1.22454,1.2158,1.21767
2021-05-19,2:30pm,EUR,Final CPI y/y,Low,1.6%,1.6%,1.22245,1.22454,1.2158,1.21767
2021-05-19,3:05pm,EUR,German 10-y Bond Auction,Low,-0.09|1.3,-0.25|1.7,1.22245,1.22454,1.2158,1.21767
2021-05-19,8:00pm,USD,Crude Oil Inventories,Medium,1.3M,-0.4M,1.22245,1.22454,1.2158,1.21767
2021-05-20,11:30am,EUR,German PPI m/m,Low,0.8%,0.9%,1.21767,1.22301,1.2167,1.22288
2021-05-20,1:30pm,EUR,Current Account,Low,17.8B,25.9B,1.21767,1.22301,1.2167,1.22288
2021-05-20,2:15pm,EUR,Spanish 10-y Bond Auction,Low,0.60|1.8,0.43|1.6,1.21767,1.22301,1.2167,1.22288
2021-05-20,3:30pm,USD,Philly Fed Manufacturing Index,Medium,31.5,50.2,1.21767,1.22301,1.2167,1.22288
2021-05-20,3:30pm,USD,Unemployment Claims,Medium,444K,478K,1.21767,1.22301,1.2167,1.22288
2021-05-20,3:30pm,USD,CB Leading Index m/m,Low,1.6%,1.3%,1.21767,1.22301,1.2167,1.22288
2021-05-20,8:00pm,USD,Natural Gas Storage,Low,71B,71B,1.21767,1.22301,1.2167,1.22288
2021-05-21,12:45pm,EUR,French Flash Manufacturing PMI,Medium,59.2,58.9,1.22293,1.22399,1.2159,1.2178
2021-05-21,12:45pm,EUR,French Flash Services PMI,Medium,56.6,50.3,1.22293,1.22399,1.2159,1.2178
2021-05-21,1:00pm,EUR,German Flash Manufacturing PMI,High,64.0,66.2,1.22293,1.22399,1.2159,1.2178
2021-05-21,1:00pm,EUR,German Flash Services PMI,High,52.8,49.9,1.22293,1.22399,1.2159,1.2178
2021-05-21,1:30pm,EUR,Flash Manufacturing PMI,Medium,62.8,62.9,1.22293,1.22399,1.2159,1.2178
2021-05-21,1:30pm,EUR,Flash Services PMI,Medium,55.1,50.5,1.22293,1.22399,1.2159,1.2178
2021-05-21,7:02pm,EUR,Consumer Confidence,Low,-5,-8,1.22293,1.22399,1.2159,1.2178
2021-05-21,7:02pm,USD,Flash Manufacturing PMI,Medium,61.5,60.5,1.22293,1.22399,1.2159,1.2178
2021-05-21,7:02pm,USD,Flash Services PMI,Low,70.1,64.7,1.22293,1.22399,1.2159,1.2178
2021-05-21,7:30pm,USD,Existing Home Sales,Low,5.85M,6.01M,1.22293,1.22399,1.2159,1.2178
2021-05-25,11:30am,EUR,German Final GDP q/q,Low,-1.8%,-1.7%,1.22158,1.22664,1.221,1.22489
2021-05-25,1:30pm,EUR,German ifo Business Climate,Medium,99.2,96.6,1.22158,1.22664,1.221,1.22489
2021-05-25,6:30pm,EUR,Belgian NBB Business Climate,Low,6.5,4.4,1.22158,1.22664,1.221,1.22489
2021-05-25,6:30pm,USD,HPI m/m,Low,1.4%,1.1%,1.22158,1.22664,1.221,1.22489
2021-05-25,6:30pm,USD,S&P/CS Composite-20 HPI y/y,Low,13.3%,12.0%,1.22158,1.22664,1.221,1.22489
2021-05-25,7:29pm,USD,Richmond Manufacturing Index,Low,18,17,1.22158,1.22664,1.221,1.22489
2021-05-25,7:30pm,USD,CB Consumer Confidence,Medium,117.2,117.5,1.22158,1.22664,1.221,1.22489
2021-05-25,7:30pm,USD,New Home Sales,Low,863K,917K,1.22158,1.22664,1.221,1.22489
2021-05-26,8:00pm,USD,Crude Oil Inventories,Medium,-1.7M,1.3M,1.22488,1.2263,1.218,1.21927
2021-05-27,8:00pm,EUR,German GfK Consumer Climate,Low,-7.0,-8.6,1.21929,1.22151,1.2173,1.21936
2021-05-27,6:00pm,USD,Prelim GDP q/q,High,6.4%,6.4%,1.21929,1.22151,1.2173,1.21936
2021-05-27,6:00pm,USD,Unemployment Claims,Medium,406K,444K,1.21929,1.22151,1.2173,1.21936
2021-05-27,6:00pm,USD,Core Durable Goods Orders m/m,Low,1.0%,1.9%,1.21929,1.22151,1.2173,1.21936
2021-05-27,6:00pm,USD,Durable Goods Orders m/m,Low,-1.3%,0.8%,1.21929,1.22151,1.2173,1.21936
2021-05-27,6:00pm,USD,Prelim GDP Price Index q/q,Low,4.3%,4.1%,1.21929,1.22151,1.2173,1.21936
2021-05-27,7:30pm,USD,Pending Home Sales m/m,Medium,-4.4%,1.7%,1.21929,1.22151,1.2173,1.21936
2021-05-27,8:00pm,USD,Natural Gas Storage,Low,115B,71B,1.21929,1.22151,1.2173,1.21936
2021-05-28,11:30am,EUR,German Import Prices m/m,Low,1.4%,1.8%,1.21938,1.2205,1.2131,1.2189
2021-05-28,12:15pm,EUR,French Consumer Spending m/m,Low,-8.3%,-0.3%,1.21938,1.2205,1.2131,1.2189
2021-05-28,12:15pm,EUR,French Prelim CPI m/m,Low,0.3%,0.1%,1.21938,1.2205,1.2131,1.2189
2021-05-28,12:15pm,EUR,French Prelim GDP q/q,Low,-0.1%,0.4%,1.21938,1.2205,1.2131,1.2189
2021-05-28,2:45pm,EUR,Italian 10-y Bond Auction,Low,0.94|1.3,0.88|1.4,1.21938,1.2205,1.2131,1.2189
2021-05-28,6:00pm,USD,Core PCE Price Index m/m,Medium,0.7%,0.4%,1.21938,1.2205,1.2131,1.2189
2021-05-28,6:00pm,USD,Goods Trade Balance,Low,-85.2B,-92.0B,1.21938,1.2205,1.2131,1.2189
2021-05-28,6:00pm,USD,Personal Income m/m,Low,-13.1%,20.9%,1.21938,1.2205,1.2131,1.2189
2021-05-28,6:00pm,USD,Personal Spending m/m,Low,0.5%,4.7%,1.21938,1.2205,1.2131,1.2189
2021-05-28,6:00pm,USD,Prelim Wholesale Inventories m/m,Low,0.8%,1.3%,1.21938,1.2205,1.2131,1.2189
2021-05-28,7:15pm,USD,Chicago PMI,Medium,75.2,72.1,1.21938,1.2205,1.2131,1.2189
2021-05-28,7:30pm,USD,Revised UoM Consumer Sentiment,Low,82.9,82.8,1.21938,1.2205,1.2131,1.2189
2021-05-28,7:30pm,USD,Revised UoM Inflation Expectations,Low,4.6%,4.6%,1.21938,1.2205,1.2131,1.2189
2021-05-31,All Day,EUR,German Prelim CPI m/m,Low,0.5%,0.7%,1.21959,1.22313,1.2182,1.2226
2021-05-31,12:30pm,EUR,Spanish Flash CPI y/y,Low,2.7%,2.2%,1.21959,1.22313,1.2182,1.2226
2021-05-31,1:30pm,EUR,M3 Money Supply y/y,Low,9.2%,10.0%,1.21959,1.22313,1.2182,1.2226
2021-05-31,1:30pm,EUR,Private Loans y/y,Low,3.8%,3.3%,1.21959,1.22313,1.2182,1.2226
2021-05-31,2:30pm,EUR,Italian Prelim CPI m/m,Low,0.0%,0.4%,1.21959,1.22313,1.2182,1.2226
2021-06-01,12:45pm,EUR,Spanish Manufacturing PMI,Low,59.4,57.7,1.22259,1.22544,1.22095,1.22136
2021-06-01,1:15pm,EUR,Italian Manufacturing PMI,Low,62.3,60.7,1.22259,1.22544,1.22095,1.22136
2021-06-01,1:20pm,EUR,French Final Manufacturing PMI,Low,59.4,59.2,1.22259,1.22544,1.22095,1.22136
2021-06-01,1:25pm,EUR,German Final Manufacturing PMI,Medium,64.4,64.0,1.22259,1.22544,1.22095,1.22136
2021-06-01,1:25pm,EUR,German Unemployment Change,Low,-15K,8K,1.22259,1.22544,1.22095,1.22136
2021-06-01,1:30pm,EUR,Final Manufacturing PMI,Low,63.1,62.8,1.22259,1.22544,1.22095,1.22136
2021-06-01,1:32pm,EUR,Italian Monthly Unemployment Rate,Low,10.7%,10.4%,1.22259,1.22544,1.22095,1.22136
2021-06-01,2:30pm,EUR,Core CPI Flash Estimate y/y,Low,0.9%,0.7%,1.22259,1.22544,1.22095,1.22136
2021-06-01,2:30pm,EUR,CPI Flash Estimate y/y,Low,2.0%,1.6%,1.22259,1.22544,1.22095,1.22136
2021-06-01,2:30pm,EUR,Unemployment Rate,Low,8.0%,8.1%,1.22259,1.22544,1.22095,1.22136
2021-06-01,7:15pm,USD,Final Manufacturing PMI,Low,62.1,61.5,1.22259,1.22544,1.22095,1.22136
2021-06-01,7:30pm,USD,ISM Manufacturing PMI,High,61.2,60.7,1.22259,1.22544,1.22095,1.22136
2021-06-01,7:30pm,USD,Construction Spending m/m,Low,0.2%,1.0%,1.22259,1.22544,1.22095,1.22136
2021-06-01,7:30pm,USD,ISM Manufacturing Prices,Low,88.0,89.6,1.22259,1.22544,1.22095,1.22136
2021-06-02,11:30am,EUR,German Retail Sales m/m,Low,-5.5%,7.7%,1.22137,1.22265,1.2162,1.22101
2021-06-02,12:15pm,EUR,French Gov Budget Balance,Low,-91.4B,-60.1B,1.22137,1.22265,1.2162,1.22101
2021-06-02,12:30pm,EUR,Spanish Unemployment Change,Low,-129.4K,-39.0K,1.22137,1.22265,1.2162,1.22101
2021-06-02,2:00pm,EUR,PPI m/m,Low,1.0%,1.1%,1.22137,1.22265,1.2162,1.22101
2021-06-02,7:15pm,USD,RCM/TIPP Economic Optimism,Low,56.4,54.4,1.22137,1.22265,1.2162,1.22101
2021-06-02,All Day,USD,Wards Total Vehicle Sales,Low,17.0M,18.5M,1.22137,1.22265,1.2162,1.22101
2021-06-03,12:45pm,EUR,Spanish Services PMI,Low,59.4,54.6,1.22108,1.22142,1.2116,1.2126
2021-06-03,1:15pm,EUR,Italian Services PMI,Low,53.1,47.3,1.22108,1.22142,1.2116,1.2126
2021-06-03,1:20pm,EUR,French Final Services PMI,Low,56.6,56.6,1.22108,1.22142,1.2116,1.2126
2021-06-03,1:25pm,EUR,German Final Services PMI,Low,52.8,52.8,1.22108,1.22142,1.2116,1.2126
2021-06-03,1:30pm,EUR,Final Services PMI,Low,55.2,55.1,1.22108,1.22142,1.2116,1.2126
2021-06-03,2:30pm,EUR,French 10-y Bond Auction,Low,0.16|2.0,0.13|1.7,1.22108,1.22142,1.2116,1.2126
2021-06-03,5:00pm,USD,Challenger Job Cuts y/y,Low,-93.8%,-96.6%,1.22108,1.22142,1.2116,1.2126
2021-06-03,5:45pm,USD,ADP Non-Farm Employment Change,Medium,978K,654K,1.22108,1.22142,1.2116,1.2126
2021-06-03,6:00pm,USD,Unemployment Claims,Medium,385K,405K,1.22108,1.22142,1.2116,1.2126
2021-06-03,6:00pm,USD,Revised Nonfarm Productivity q/q,Low,5.4%,5.4%,1.22108,1.22142,1.2116,1.2126
2021-06-03,6:00pm,USD,Revised Unit Labor Costs q/q,Low,1.7%,-0.3%,1.22108,1.22142,1.2116,1.2126
2021-06-03,7:15pm,USD,Final Services PMI,Low,70.4,70.1,1.22108,1.22142,1.2116,1.2126
2021-06-03,7:30pm,USD,ISM Services PMI,High,64.0,62.7,1.22108,1.22142,1.2116,1.2126
2021-06-03,8:00pm,USD,Natural Gas Storage,Low,98B,115B,1.22108,1.22142,1.2116,1.2126
2021-06-03,8:30pm,USD,Crude Oil Inventories,Medium,-5.1M,-1.7M,1.22108,1.22142,1.2116,1.2126
2021-06-04,2:30pm,EUR,Retail Sales m/m,Low,-3.1%,3.3%,1.2126,1.21858,1.2102,1.2164
2021-06-04,2:30pm,USD,Average Hourly Earnings m/m,High,0.5%,0.7%,1.2126,1.21858,1.2102,1.2164
2021-06-04,2:30pm,USD,Non-Farm Employment Change,High,559K,278K,1.2126,1.21858,1.2102,1.2164
2021-06-04,2:30pm,USD,Unemployment Rate,High,5.8%,6.1%,1.2126,1.21858,1.2102,1.2164
2021-06-04,2:30pm,USD,Factory Orders m/m,Low,-0.6%,1.4%,1.2126,1.21858,1.2102,1.2164
2021-06-07,11:28am,EUR,German Factory Orders m/m,Low,-0.2%,3.9%,1.21624,1.22018,1.2143,1.21904
2021-06-07,2:00pm,EUR,Sentix Investor Confidence,Low,28.1,21.0,1.21624,1.22018,1.2143,1.21904
2021-06-08,12:30am,USD,Consumer Credit m/m,Low,18.6B,18.6B,1.21905,1.21942,1.2162,1.2172
2021-06-08,11:25am,EUR,German Industrial Production m/m,Low,-1.0%,2.2%,1.21905,1.21942,1.2162,1.2172
2021-06-08,12:15pm,EUR,French Trade Balance,Low,-6.2B,-6.1B,1.21905,1.21942,1.2162,1.2172
2021-06-08,1:30pm,EUR,Italian Retail Sales m/m,Low,-0.4%,0.0%,1.21905,1.21942,1.2162,1.2172
2021-06-08,2:30pm,EUR,ZEW Economic Sentiment,Medium,81.3,84.0,1.21905,1.21942,1.2162,1.2172
2021-06-08,2:30pm,EUR,German ZEW Economic Sentiment,Medium,79.8,84.4,1.21905,1.21942,1.2162,1.2172
2021-06-08,2:30pm,EUR,Final Employment Change q/q,Low,-0.3%,-0.3%,1.21905,1.21942,1.2162,1.2172
2021-06-08,2:30pm,EUR,Revised GDP q/q,Low,-0.3%,-0.6%,1.21905,1.21942,1.2162,1.2172
2021-06-08,3:30pm,USD,NFIB Small Business Index,Low,99.6,99.8,1.21905,1.21942,1.2162,1.2172
2021-06-08,3:30pm,USD,Trade Balance,Low,-68.9B,-75.0B,1.21905,1.21942,1.2162,1.2172
2021-06-08,7:30pm,USD,JOLTS Job Openings,Low,9.29M,8.29M,1.21905,1.21942,1.2162,1.2172
2021-06-09,11:30am,EUR,German Trade Balance,Low,15.9B,14.0B,1.21727,1.2218,1.2169,1.2178
2021-06-09,3:05pm,EUR,German 30-y Bond Auction,Low,0.31|1.3,0.22|1.3,1.21727,1.2218,1.2169,1.2178
2021-06-09,3:05pm,USD,Final Wholesale Inventories m/m,Low,0.8%,0.8%,1.21727,1.2218,1.2169,1.2178
2021-06-09,8:00pm,USD,Crude Oil Inventories,Medium,-5.2M,-5.1M,1.21727,1.2218,1.2169,1.2178
2021-06-09,10:31pm,USD,10-y Bond Auction,Medium,1.50|2.6,1.68|2.5,1.21727,1.2218,1.2169,1.2178
2021-06-10,11:00am,EUR,French Final Private Payrolls q/q,Low,0.5%,0.3%,1.21784,1.21947,1.2142,1.2173
2021-06-10,12:15pm,EUR,French Industrial Production m/m,Low,-0.1%,1.0%,1.21784,1.21947,1.2142,1.2173
2021-06-10,1:30pm,EUR,Italian Industrial Production m/m,Low,1.8%,0.3%,1.21784,1.21947,1.2142,1.2173
2021-06-10,1:30pm,EUR,Main Refinancing Rate,Medium,0.00%,0.00%,1.21784,1.21947,1.2142,1.2173
2021-06-10,1:30pm,USD,Core CPI m/m,High,0.7%,0.9%,1.21784,1.21947,1.2142,1.2173
2021-06-10,1:30pm,USD,CPI m/m,High,0.6%,0.8%,1.21784,1.21947,1.2142,1.2173
2021-06-10,1:30pm,USD,CPI y/y,High,5.0%,4.2%,1.21784,1.21947,1.2142,1.2173
2021-06-10,1:30pm,USD,Unemployment Claims,Medium,376K,385K,1.21784,1.21947,1.2142,1.2173
2021-06-10,8:00pm,USD,Natural Gas Storage,Low,98B,98B,1.21784,1.21947,1.2142,1.2173
2021-06-10,10:31pm,USD,30-y Bond Auction,Medium,2.17|2.3,2.40|2.2,1.21784,1.21947,1.2142,1.2173
2021-06-10,11:30pm,USD,Federal Budget Balance,Low,-132.0B,-225.6B,1.21784,1.21947,1.2142,1.2173
2021-06-11,11:30am,EUR,German WPI m/m,Low,1.7%,1.1%,1.21728,1.2193,1.2091,1.2108
2021-06-11,1:30pm,EUR,Italian Quarterly Unemployment Rate,Low,10.4%,10.0%,1.21728,1.2193,1.2091,1.2108
2021-06-11,7:30pm,USD,Prelim UoM Consumer Sentiment,Medium,86.4,82.9,1.21728,1.2193,1.2091,1.2108
2021-06-11,7:30pm,USD,Prelim UoM Inflation Expectations,Low,4.0%,4.6%,1.21728,1.2193,1.2091,1.2108
2021-06-14,2:30pm,EUR,Industrial Production m/m,Low,0.8%,0.4%,1.21091,1.21305,1.2092,1.21182
2021-06-15,11:30am,EUR,German Final CPI m/m,Low,0.5%,0.5%,1.21189,1.21473,1.2099,1.2128
2021-06-15,12:15pm,EUR,French Final CPI m/m,Low,0.3%,0.3%,1.21189,1.21473,1.2099,1.2128
2021-06-15,2:30pm,EUR,Trade Balance,Low,9.4B,18.3B,1.21189,1.21473,1.2099,1.2128
2021-06-15,6:00pm,USD,Core Retail Sales m/m,High,-0.7%,0.0%,1.21189,1.21473,1.2099,1.2128
2021-06-15,6:00pm,USD,PPI m/m,High,0.8%,0.6%,1.21189,1.21473,1.2099,1.2128
2021-06-15,6:00pm,USD,Retail Sales m/m,High,-1.3%,0.9%,1.21189,1.21473,1.2099,1.2128
2021-06-15,6:00pm,USD,Core PPI m/m,Medium,0.7%,0.7%,1.21189,1.21473,1.2099,1.2128
2021-06-15,6:00pm,USD,Empire State Manufacturing Index,Low,17.4,24.3,1.21189,1.21473,1.2099,1.2128
2021-06-15,6:45pm,USD,Industrial Production m/m,Medium,0.8%,0.1%,1.21189,1.21473,1.2099,1.2128
2021-06-15,6:45pm,USD,Capacity Utilization Rate,Low,75.2%,74.6%,1.21189,1.21473,1.2099,1.2128
2021-06-15,7:30pm,USD,Business Inventories m/m,Low,-0.2%,0.2%,1.21189,1.21473,1.2099,1.2128
2021-06-15,7:30pm,USD,NAHB Housing Market Index,Low,81,83,1.21189,1.21473,1.2099,1.2128
2021-06-16,1:30am,USD,TIC Long-Term Purchases,Low,100.7B,262.4B,1.21281,1.2135,1.1989,1.1994
2021-06-16,3:03pm,EUR,German 10-y Bond Auction,Low,-0.19|1.3,-0.09|1.3,1.21281,1.2135,1.1989,1.1994
2021-06-16,3:03pm,USD,Building Permits,Low,1.68M,1.73M,1.21281,1.2135,1.1989,1.1994
2021-06-16,3:03pm,USD,Housing Starts,Low,1.57M,1.52M,1.21281,1.2135,1.1989,1.1994
2021-06-16,3:03pm,USD,Import Prices m/m,Low,1.1%,0.8%,1.21281,1.2135,1.1989,1.1994
2021-06-16,8:00pm,USD,Crude Oil Inventories,Medium,-7.4M,-5.2M,1.21281,1.2135,1.1989,1.1994
2021-06-16,8:00pm,USD,Federal Funds Rate,Medium,<0.25%,<0.25%,1.21281,1.2135,1.1989,1.1994
2021-06-17,8:00pm,EUR,Italian Trade Balance,Low,5.87B,5.19B,1.19934,1.20063,1.189,1.1905
2021-06-17,2:30pm,EUR,Final Core CPI y/y,Low,1.0%,0.9%,1.19934,1.20063,1.189,1.1905
2021-06-17,2:30pm,EUR,Final CPI y/y,Low,2.0%,2.0%,1.19934,1.20063,1.189,1.1905
2021-06-17,2:30pm,USD,Philly Fed Manufacturing Index,Medium,30.7,31.5,1.19934,1.20063,1.189,1.1905
2021-06-17,2:30pm,USD,Unemployment Claims,Medium,412K,375k,1.19934,1.20063,1.189,1.1905
2021-06-17,7:30pm,USD,CB Leading Index m/m,Low,1.3%,1.3%,1.19934,1.20063,1.189,1.1905
2021-06-17,8:00pm,USD,Natural Gas Storage,Low,16B,98B,1.19934,1.20063,1.189,1.1905
2021-06-18,11:30am,EUR,German PPI m/m,Low,1.5%,0.8%,1.19058,1.1925,1.1846,1.18592
2021-06-18,1:30pm,EUR,Current Account,Low,22.8B,17.8B,1.19058,1.1925,1.1846,1.18592
2021-06-22,7:29pm,USD,Richmond Manufacturing Index,Low,22,18,1.19184,1.19527,1.1879,1.19389
2021-06-22,7:30pm,EUR,Consumer Confidence,Low,-3,-5,1.19184,1.19527,1.1879,1.19389
2021-06-22,7:30pm,USD,Existing Home Sales,Low,5.80M,5.85M,1.19184,1.19527,1.1879,1.19389
2021-06-23,12:45pm,EUR,French Flash Manufacturing PMI,Medium,58.6,59.4,1.19399,1.19701,1.191,1.19273
2021-06-23,12:45pm,EUR,French Flash Services PMI,Medium,57.4,56.6,1.19399,1.19701,1.191,1.19273
2021-06-23,1:00pm,EUR,German Flash Manufacturing PMI,High,64.9,64.4,1.19399,1.19701,1.191,1.19273
2021-06-23,1:00pm,EUR,German Flash Services PMI,High,58.1,52.8,1.19399,1.19701,1.191,1.19273
2021-06-23,1:30pm,EUR,Flash Manufacturing PMI,Medium,63.1,63.1,1.19399,1.19701,1.191,1.19273
2021-06-23,1:30pm,EUR,Flash Services PMI,Medium,58.0,55.2,1.19399,1.19701,1.191,1.19273
2021-06-23,2:00pm,USD,Current Account,Low,-196B,-175B,1.19399,1.19701,1.191,1.19273
2021-06-23,7:15pm,USD,Flash Manufacturing PMI,High,62.6,62.1,1.19399,1.19701,1.191,1.19273
2021-06-23,7:15pm,USD,Flash Services PMI,High,64.8,70.4,1.19399,1.19701,1.191,1.19273
2021-06-23,7:30pm,USD,New Home Sales,Low,769K,817K,1.19399,1.19701,1.191,1.19273
2021-06-23,8:00pm,USD,Crude Oil Inventories,Medium,-7.6M,-7.4M,1.19399,1.19701,1.191,1.19273
2021-06-24,1:30pm,EUR,German ifo Business Climate,Medium,101.8,99.2,1.19272,1.19563,1.1916,1.19303
2021-06-24,6:00pm,USD,Final GDP q/q,Medium,6.4%,6.4%,1.19272,1.19563,1.1916,1.19303
2021-06-24,6:00pm,USD,Unemployment Claims,Medium,411K,418K,1.19272,1.19563,1.1916,1.19303
2021-06-24,6:00pm,USD,Core Durable Goods Orders m/m,Low,0.3%,1.7%,1.19272,1.19563,1.1916,1.19303
2021-06-24,6:00pm,USD,Durable Goods Orders m/m,Low,2.3%,-0.8%,1.19272,1.19563,1.1916,1.19303
2021-06-24,6:00pm,USD,Goods Trade Balance,Low,-88.1B,-85.7B,1.19272,1.19563,1.1916,1.19303
2021-06-24,6:00pm,USD,Prelim Wholesale Inventories m/m,Low,1.1%,1.0%,1.19272,1.19563,1.1916,1.19303
2021-06-24,6:06pm,USD,Final GDP Price Index q/q,Low,4.3%,4.3%,1.19272,1.19563,1.1916,1.19303
2021-06-24,6:26pm,EUR,Belgian NBB Business Climate,Low,9.8,6.5,1.19272,1.19563,1.1916,1.19303
2021-06-24,8:00pm,USD,Natural Gas Storage,Low,55B,16B,1.19272,1.19563,1.1916,1.19303
2021-06-25,11:30am,EUR,German GfK Consumer Climate,Low,-0.3,-6.9,1.193,1.19753,1.1924,1.1933
2021-06-25,1:30pm,EUR,M3 Money Supply y/y,Low,8.4%,9.2%,1.193,1.19753,1.1924,1.1933
2021-06-25,1:30pm,EUR,Private Loans y/y,Low,3.9%,3.8%,1.193,1.19753,1.1924,1.1933
2021-06-25,6:00pm,USD,Core PCE Price Index m/m,Medium,0.5%,0.7%,1.193,1.19753,1.1924,1.1933
2021-06-25,6:00pm,USD,Personal Income m/m,Low,-2.0%,-13.1%,1.193,1.19753,1.1924,1.1933
2021-06-25,6:00pm,USD,Personal Spending m/m,Low,0.0%,0.9%,1.193,1.19753,1.1924,1.1933
2021-06-25,7:30pm,USD,Revised UoM Consumer Sentiment,Medium,85.5,86.4,1.193,1.19753,1.1924,1.1933
2021-06-25,7:30pm,USD,Revised UoM Inflation Expectations,Low,4.2%,4.0%,1.193,1.19753,1.1924,1.1933
2021-06-28,11:30am,EUR,German Import Prices m/m,Low,1.7%,1.4%,1.19352,1.19445,1.19,1.19246
2021-06-29,All Day,EUR,German Prelim CPI m/m,Low,0.4%,0.5%,1.19258,1.193,1.1876,1.18982
2021-06-29,12:30pm,EUR,Spanish Flash CPI y/y,Low,2.6%,2.7%,1.19258,1.193,1.1876,1.18982
2021-06-29,2:00pm,USD,HPI m/m,Low,1.8%,1.6%,1.19258,1.193,1.1876,1.18982
2021-06-29,2:00pm,USD,S&P/CS Composite-20 HPI y/y,Low,14.9%,13.4%,1.19258,1.193,1.1876,1.18982
2021-06-29,7:30pm,USD,CB Consumer Confidence,Medium,127.3,120.0,1.19258,1.193,1.1876,1.18982
2021-06-30,12:15pm,EUR,French Consumer Spending m/m,Low,10.4%,-8.7%,1.18972,1.1909,1.1843,1.1857
2021-06-30,12:15pm,EUR,French Prelim CPI m/m,Low,0.2%,0.3%,1.18972,1.1909,1.1843,1.1857
2021-06-30,1:25pm,EUR,German Unemployment Change,Low,-38K,-19K,1.18972,1.1909,1.1843,1.1857
2021-06-30,2:30pm,EUR,CPI Flash Estimate y/y,Medium,1.9%,2.0%,1.18972,1.1909,1.1843,1.1857
2021-06-30,2:30pm,EUR,Core CPI Flash Estimate y/y,Low,0.9%,1.0%,1.18972,1.1909,1.1843,1.1857
2021-06-30,2:30pm,EUR,Italian Prelim CPI m/m,Low,0.1%,0.0%,1.18972,1.1909,1.1843,1.1857
2021-06-30,2:45pm,EUR,Italian 10-y Bond Auction,Low,0.74|1.6,0.94|1.3,1.18972,1.1909,1.1843,1.1857
2021-06-30,5:45pm,USD,ADP Non-Farm Employment Change,Medium,692K,886K,1.18972,1.1909,1.1843,1.1857
2021-06-30,7:15pm,USD,Chicago PMI,Medium,66.1,75.2,1.18972,1.1909,1.1843,1.1857
2021-06-30,7:30pm,USD,Pending Home Sales m/m,Medium,8.0%,-4.4%,1.18972,1.1909,1.1843,1.1857
2021-06-30,8:00pm,USD,Crude Oil Inventories,Medium,-6.7M,-7.6M,1.18972,1.1909,1.1843,1.1857
2021-07-01,11:30am,EUR,German Retail Sales m/m,Low,4.2%,-6.8%,1.18564,1.18842,1.1836,1.1848
2021-07-01,12:45pm,EUR,Spanish Manufacturing PMI,Low,60.4,59.4,1.18564,1.18842,1.1836,1.1848
2021-07-01,1:15pm,EUR,Italian Manufacturing PMI,Low,62.2,62.3,1.18564,1.18842,1.1836,1.1848
2021-07-01,1:20pm,EUR,French Final Manufacturing PMI,Low,59.0,58.6,1.18564,1.18842,1.1836,1.1848
2021-07-01,1:25pm,EUR,German Final Manufacturing PMI,Medium,65.1,64.9,1.18564,1.18842,1.1836,1.1848
2021-07-01,1:30pm,EUR,Final Manufacturing PMI,Low,63.4,63.1,1.18564,1.18842,1.1836,1.1848
2021-07-01,1:30pm,EUR,Italian Monthly Unemployment Rate,Low,10.5%,10.7%,1.18564,1.18842,1.1836,1.1848
2021-07-01,2:30pm,EUR,Unemployment Rate,Low,7.9%,8.1%,1.18564,1.18842,1.1836,1.1848
2021-07-01,2:32pm,EUR,French 10-y Bond Auction,Low,0.13|2.1,0.16|2.0,1.18564,1.18842,1.1836,1.1848
2021-07-01,5:00pm,USD,Challenger Job Cuts y/y,Low,-88.0%,-93.8%,1.18564,1.18842,1.1836,1.1848
2021-07-01,6:00pm,USD,Unemployment Claims,Medium,364K,415K,1.18564,1.18842,1.1836,1.1848
2021-07-01,7:15pm,USD,Final Manufacturing PMI,Low,62.1,62.6,1.18564,1.18842,1.1836,1.1848
2021-07-01,7:30pm,USD,ISM Manufacturing PMI,High,60.6,61.2,1.18564,1.18842,1.1836,1.1848
2021-07-01,7:30pm,USD,Construction Spending m/m,Low,-0.3%,0.1%,1.18564,1.18842,1.1836,1.1848
2021-07-01,7:30pm,USD,ISM Manufacturing Prices,Low,92.1,88.0,1.18564,1.18842,1.1836,1.1848
2021-07-01,All Day,USD,Wards Total Vehicle Sales,Low,15.4M,17.0M,1.18564,1.18842,1.1836,1.1848
2021-07-01,8:00pm,USD,Natural Gas Storage,Low,76B,55B,1.18564,1.18842,1.1836,1.1848
2021-07-02,12:15pm,EUR,French Gov Budget Balance,Low,-118.8B,-91.4B,1.1849,1.18743,1.1806,1.1862
2021-07-02,12:30pm,EUR,Spanish Unemployment Change,Medium,-166.9K,-129.4K,1.1849,1.18743,1.1806,1.1862
2021-07-02,2:30pm,EUR,PPI m/m,Low,1.3%,0.9%,1.1849,1.18743,1.1806,1.1862
2021-07-02,2:30pm,USD,Average Hourly Earnings m/m,High,0.3%,0.4%,1.1849,1.18743,1.1806,1.1862
2021-07-02,2:30pm,USD,Non-Farm Employment Change,High,850K,583K,1.1849,1.18743,1.1806,1.1862
2021-07-02,2:30pm,USD,Unemployment Rate,High,5.9%,5.8%,1.1849,1.18743,1.1806,1.1862
2021-07-02,2:30pm,USD,Trade Balance,Low,-71.2B,-69.1B,1.1849,1.18743,1.1806,1.1862
2021-07-02,7:30pm,USD,Factory Orders m/m,Low,1.7%,-0.1%,1.1849,1.18743,1.1806,1.1862
2021-07-05,12:15pm,EUR,French Industrial Production m/m,Low,-0.3%,0.1%,1.18666,1.18806,1.185,1.18615
2021-07-05,12:45pm,EUR,Spanish Services PMI,Low,62.5,59.4,1.18666,1.18806,1.185,1.18615
2021-07-05,1:15pm,EUR,Italian Services PMI,Low,56.7,53.1,1.18666,1.18806,1.185,1.18615
2021-07-05,1:20pm,EUR,French Final Services PMI,Low,57.8,57.4,1.18666,1.18806,1.185,1.18615
2021-07-05,1:25pm,EUR,German Final Services PMI,Low,57.5,58.1,1.18666,1.18806,1.185,1.18615
2021-07-05,1:30pm,EUR,Final Services PMI,Low,58.3,58.0,1.18666,1.18806,1.185,1.18615
2021-07-05,2:00pm,EUR,Sentix Investor Confidence,Low,29.8,28.1,1.18666,1.18806,1.185,1.18615
2021-07-06,9:05am,EUR,German Factory Orders m/m,Low,-3.7%,1.2%,1.18619,1.18952,1.1805,1.18207
2021-07-06,2:30pm,EUR,ZEW Economic Sentiment,Medium,61.2,81.3,1.18619,1.18952,1.1805,1.18207
2021-07-06,2:30pm,EUR,German ZEW Economic Sentiment,Medium,63.3,79.8,1.18619,1.18952,1.1805,1.18207
2021-07-06,2:30pm,EUR,Retail Sales m/m,Low,4.6%,-3.9%,1.18619,1.18952,1.1805,1.18207
2021-07-06,7:15pm,USD,Final Services PMI,Low,64.6,64.8,1.18619,1.18952,1.1805,1.18207
2021-07-06,7:30pm,USD,ISM Services PMI,High,60.1,64.0,1.18619,1.18952,1.1805,1.18207
2021-07-07,11:30am,EUR,German Industrial Production m/m,Low,-0.3%,-0.3%,1.1821,1.18364,1.178,1.1793
2021-07-07,12:15pm,EUR,French Trade Balance,Low,-6.8B,-6.3B,1.1821,1.18364,1.178,1.1793
2021-07-07,1:30pm,EUR,Italian Retail Sales m/m,Low,0.2%,-0.1%,1.1821,1.18364,1.178,1.1793
2021-07-07,1:30pm,USD,JOLTS Job Openings,Medium,9.21M,9.19M,1.1821,1.18364,1.178,1.1793
2021-07-07,7:31pm,USD,RCM/TIPP Economic Optimism,Low,54.3,56.4,1.1821,1.18364,1.178,1.1793
2021-07-08,11:30am,EUR,German Trade Balance,Low,12.6B,15.6B,1.17928,1.18678,1.1782,1.18444
2021-07-08,11:30am,USD,Unemployment Claims,Medium,373K,371K,1.17928,1.18678,1.1782,1.18444
2021-07-08,8:00pm,USD,Natural Gas Storage,Low,16B,76B,1.17928,1.18678,1.1782,1.18444
2021-07-08,8:30pm,USD,Crude Oil Inventories,Medium,-6.9M,-6.7M,1.17928,1.18678,1.1782,1.18444
2021-07-09,12:30am,USD,Consumer Credit m/m,Low,35.3B,20.0B,1.18435,1.18812,1.1823,1.18746
2021-07-09,1:30pm,EUR,Italian Industrial Production m/m,Low,-1.5%,1.5%,1.18435,1.18812,1.1823,1.18746
2021-07-09,7:30pm,USD,Final Wholesale Inventories m/m,Low,1.3%,1.1%,1.18435,1.18812,1.1823,1.18746
2021-07-12,11:30am,EUR,German WPI m/m,Low,1.5%,1.7%,1.18754,1.18802,1.1834,1.18598
2021-07-12,10:31pm,USD,10-y Bond Auction,Medium,1.37|2.4,1.50|2.6,1.18754,1.18802,1.1834,1.18598
2021-07-13,11:30am,EUR,German Final CPI m/m,Low,0.4%,0.4%,1.18615,1.18751,1.177,1.1776
2021-07-13,12:15pm,EUR,French Final CPI m/m,Low,0.1%,0.2%,1.18615,1.18751,1.177,1.1776
2021-07-13,3:27pm,USD,NFIB Small Business Index,Low,102.5,99.6,1.18615,1.18751,1.177,1.1776
2021-07-13,6:00pm,USD,Core CPI m/m,High,0.9%,0.7%,1.18615,1.18751,1.177,1.1776
2021-07-13,6:00pm,USD,CPI m/m,High,0.9%,0.6%,1.18615,1.18751,1.177,1.1776
2021-07-13,6:00pm,USD,CPI y/y,High,5.4%,5.0%,1.18615,1.18751,1.177,1.1776
2021-07-13,10:31pm,USD,30-y Bond Auction,Medium,2.00|2.2,2.17|2.3,1.18615,1.18751,1.177,1.1776
2021-07-13,11:30pm,USD,Federal Budget Balance,Low,-174.2B,-132.0B,1.18615,1.18751,1.177,1.1776
2021-07-14,2:30pm,EUR,Industrial Production m/m,Low,-1.0%,0.6%,1.17778,1.18388,1.177,1.18346
2021-07-14,3:03pm,EUR,German 10-y Bond Auction,Low,-0.30|1.4,-0.19|1.3,1.17778,1.18388,1.177,1.18346
2021-07-14,3:03pm,USD,PPI m/m,High,1.0%,0.8%,1.17778,1.18388,1.177,1.18346
2021-07-14,3:03pm,USD,Core PPI m/m,Medium,1.0%,0.7%,1.17778,1.18388,1.177,1.18346
2021-07-14,9:00pm,USD,Crude Oil Inventories,Medium,-7.9M,-6.9M,1.17778,1.18388,1.177,1.18346
2021-07-15,2:30pm,EUR,Spanish 10-y Bond Auction,Low,0.35|1.8,0.60|1.8,1.18349,1.18506,1.1794,1.18117
2021-07-15,6:00pm,USD,Philly Fed Manufacturing Index,Medium,21.9,30.7,1.18349,1.18506,1.1794,1.18117
2021-07-15,6:00pm,USD,Unemployment Claims,Medium,360K,386K,1.18349,1.18506,1.1794,1.18117
2021-07-15,6:00pm,USD,Empire State Manufacturing Index,Low,43.0,17.4,1.18349,1.18506,1.1794,1.18117
2021-07-15,6:00pm,USD,Import Prices m/m,Low,1.0%,1.4%,1.18349,1.18506,1.1794,1.18117
2021-07-15,6:45pm,USD,Industrial Production m/m,Medium,0.4%,0.7%,1.18349,1.18506,1.1794,1.18117
2021-07-15,6:45pm,USD,Capacity Utilization Rate,Low,75.4%,75.1%,1.18349,1.18506,1.1794,1.18117
2021-07-15,8:00pm,USD,Natural Gas Storage,Low,55B,16B,1.18349,1.18506,1.1794,1.18117
2021-07-16,1:33pm,EUR,Italian Trade Balance,Low,5.64B,5.87B,1.1812,1.18224,1.179,1.1805
2021-07-16,2:30pm,EUR,Final Core CPI y/y,Low,0.9%,0.9%,1.1812,1.18224,1.179,1.1805
2021-07-16,2:30pm,EUR,Final CPI y/y,Low,1.9%,1.9%,1.1812,1.18224,1.179,1.1805
2021-07-16,2:30pm,EUR,Trade Balance,Low,9.4B,13.4B,1.1812,1.18224,1.179,1.1805
2021-07-16,2:30pm,USD,Core Retail Sales m/m,High,1.3%,-0.9%,1.1812,1.18224,1.179,1.1805
2021-07-16,2:30pm,USD,Retail Sales m/m,High,0.6%,-1.7%,1.1812,1.18224,1.179,1.1805
2021-07-16,7:30pm,USD,Prelim UoM Consumer Sentiment,Medium,80.8,85.5,1.1812,1.18224,1.179,1.1805
2021-07-16,7:30pm,USD,Business Inventories m/m,Low,0.5%,0.1%,1.1812,1.18224,1.179,1.1805
2021-07-16,7:30pm,USD,Prelim UoM Inflation Expectations,Low,4.8%,4.2%,1.1812,1.18224,1.179,1.1805
2021-07-17,1:30am,USD,TIC Long-Term Purchases,Low,-30.2B,100.7B,,,,
2021-07-19,7:30pm,USD,NAHB Housing Market Index,Low,80,81,1.18073,1.18245,1.1762,1.17975
2021-07-20,5:00am,EUR,German PPI m/m,Low,1.3%,1.5%,1.17957,1.18025,1.1754,1.17805
2021-07-20,1:30pm,EUR,Current Account,Low,11.7B,22.1B,1.17957,1.18025,1.1754,1.17805
2021-07-20,6:00pm,USD,Building Permits,Low,1.60M,1.68M,1.17957,1.18025,1.1754,1.17805
2021-07-20,6:00pm,USD,Housing Starts,Low,1.64M,1.55M,1.17957,1.18025,1.1754,1.17805
2021-07-21,3:05pm,EUR,German 30-y Bond Auction,Low,0.03|1.3,0.31|1.3,1.17802,1.1805,1.175,1.17948
2021-07-21,8:00pm,USD,Crude Oil Inventories,Medium,2.1M,-7.9M,1.17802,1.1805,1.175,1.17948
2021-07-22,3:30pm,EUR,Main Refinancing Rate,Medium,0.00%,0.00%,1.17956,1.18305,1.1756,1.17678
2021-07-22,3:30pm,USD,Unemployment Claims,Medium,419K,368K,1.17956,1.18305,1.1756,1.17678
2021-07-22,6:56pm,EUR,Consumer Confidence,Low,-4,-3,1.17956,1.18305,1.1756,1.17678
2021-07-22,7:30pm,USD,CB Leading Index m/m,Low,0.7%,1.2%,1.17956,1.18305,1.1756,1.17678
2021-07-22,7:30pm,USD,Existing Home Sales,Low,5.86M,5.78M,1.17956,1.18305,1.1756,1.17678
2021-07-22,8:00pm,USD,Natural Gas Storage,Low,49B,55B,1.17956,1.18305,1.1756,1.17678
2021-07-23,12:45pm,EUR,French Flash Manufacturing PMI,Medium,58.1,59.0,1.17683,1.17865,1.1753,1.1768
2021-07-23,12:45pm,EUR,French Flash Services PMI,Medium,57.0,57.8,1.17683,1.17865,1.1753,1.1768
2021-07-23,1:00pm,EUR,German Flash Manufacturing PMI,High,65.6,65.1,1.17683,1.17865,1.1753,1.1768
2021-07-23,1:00pm,EUR,German Flash Services PMI,High,62.2,57.5,1.17683,1.17865,1.1753,1.1768
2021-07-23,1:30pm,EUR,Flash Manufacturing PMI,Medium,62.6,63.4,1.17683,1.17865,1.1753,1.1768
2021-07-23,1:30pm,EUR,Flash Services PMI,Medium,60.4,58.3,1.17683,1.17865,1.1753,1.1768
2021-07-23,7:15pm,USD,Flash Manufacturing PMI,Medium,63.1,62.1,1.17683,1.17865,1.1753,1.1768
2021-07-23,7:15pm,USD,Flash Services PMI,Medium,59.8,64.6,1.17683,1.17865,1.1753,1.1768
2021-07-26,1:30pm,EUR,German ifo Business Climate,Medium,100.8,101.7,1.17715,1.18173,1.1761,1.1801
2021-07-26,6:29pm,EUR,Belgian NBB Business Climate,Low,10.1,9.8,1.17715,1.18173,1.1761,1.1801
2021-07-26,7:30pm,USD,New Home Sales,Low,676K,724K,1.17715,1.18173,1.1761,1.1801
2021-07-27,1:30pm,EUR,M3 Money Supply y/y,Low,8.3%,8.5%,1.18005,1.18412,1.1768,1.18163
2021-07-27,1:30pm,EUR,Private Loans y/y,Low,4.0%,3.9%,1.18005,1.18412,1.1768,1.18163
2021-07-27,6:00pm,USD,Core Durable Goods Orders m/m,Low,0.3%,0.5%,1.18005,1.18412,1.1768,1.18163
2021-07-27,6:00pm,USD,Durable Goods Orders m/m,Low,0.8%,3.2%,1.18005,1.18412,1.1768,1.18163
2021-07-27,6:30pm,USD,HPI m/m,Low,1.7%,1.8%,1.18005,1.18412,1.1768,1.18163
2021-07-27,6:30pm,USD,S&P/CS Composite-20 HPI y/y,Low,17.0%,15.0%,1.18005,1.18412,1.1768,1.18163
2021-07-27,7:29pm,USD,Richmond Manufacturing Index,Low,27,22,1.18005,1.18412,1.1768,1.18163
2021-07-27,7:30pm,USD,CB Consumer Confidence,High,129.1,128.9,1.18005,1.18412,1.1768,1.18163
2021-07-28,11:30am,EUR,German GfK Consumer Climate,Low,-0.3,-0.3,1.18169,1.18496,1.17718,1.18434
2021-07-28,11:30am,EUR,German Import Prices m/m,Low,1.6%,1.7%,1.18169,1.18496,1.17718,1.18434
2021-07-28,11:30am,USD,Goods Trade Balance,Low,-91.2B,-88.2B,1.18169,1.18496,1.17718,1.18434
2021-07-28,11:30am,USD,Prelim Wholesale Inventories m/m,Low,0.8%,1.3%,1.18169,1.18496,1.17718,1.18434
2021-07-28,8:00pm,USD,Crude Oil Inventories,Medium,-4.1M,2.1M,1.18169,1.18496,1.17718,1.18434
2021-07-28,8:00pm,USD,Federal Funds Rate,Medium,<0.25%,<0.25%,1.18169,1.18496,1.17718,1.18434
2021-07-29,All Day,EUR,German Prelim CPI m/m,Low,0.9%,0.4%,1.18435,1.1893,1.1839,1.18857
2021-07-29,12:30pm,EUR,Spanish Flash CPI y/y,Low,2.9%,2.7%,1.18435,1.1893,1.1839,1.18857
2021-07-29,12:30pm,EUR,Spanish Unemployment Rate,Low,15.3%,16.0%,1.18435,1.1893,1.1839,1.18857
2021-07-29,1:25pm,EUR,German Unemployment Change,Low,-91K,-39K,1.18435,1.1893,1.1839,1.18857
2021-07-29,2:48pm,EUR,Italian 10-y Bond Auction,Low,0.66|1.3,0.74|1.6,1.18435,1.1893,1.1839,1.18857
2021-07-29,6:00pm,USD,Advance GDP q/q,High,6.5%,6.4%,1.18435,1.1893,1.1839,1.18857
2021-07-29,6:00pm,USD,Unemployment Claims,Medium,400K,424K,1.18435,1.1893,1.1839,1.18857
2021-07-29,6:02pm,USD,Advance GDP Price Index q/q,Medium,6.0%,4.3%,1.18435,1.1893,1.1839,1.18857
2021-07-29,7:30pm,USD,Pending Home Sales m/m,Medium,-1.9%,8.3%,1.18435,1.1893,1.1839,1.18857
2021-07-29,8:00pm,USD,Natural Gas Storage,Low,36B,49B,1.18435,1.1893,1.1839,1.18857
2021-07-30,11:00am,EUR,French Consumer Spending m/m,Low,0.3%,10.6%,1.18859,1.19087,1.185,1.18684
2021-07-30,11:00am,EUR,French Flash GDP q/q,Low,0.9%,-0.1%,1.18859,1.19087,1.185,1.18684
2021-07-30,12:15pm,EUR,French Prelim CPI m/m,Low,0.1%,0.1%,1.18859,1.19087,1.185,1.18684
2021-07-30,12:15pm,EUR,Spanish Flash GDP q/q,Low,2.8%,-0.4%,1.18859,1.19087,1.185,1.18684
2021-07-30,12:15pm,EUR,Italian Monthly Unemployment Rate,Low,9.7%,10.2%,1.18859,1.19087,1.185,1.18684
2021-07-30,1:30pm,EUR,German Prelim GDP q/q,Medium,1.5%,-1.8%,1.18859,1.19087,1.185,1.18684
2021-07-30,1:30pm,EUR,Italian Prelim GDP q/q,Low,2.7%,0.1%,1.18859,1.19087,1.185,1.18684
2021-07-30,2:30pm,EUR,Core CPI Flash Estimate y/y,Low,0.7%,0.9%,1.18859,1.19087,1.185,1.18684
2021-07-30,2:30pm,EUR,CPI Flash Estimate y/y,Low,2.2%,1.9%,1.18859,1.19087,1.185,1.18684
2021-07-30,2:30pm,EUR,Italian Prelim CPI m/m,Low,0.3%,0.1%,1.18859,1.19087,1.185,1.18684
2021-07-30,2:30pm,EUR,Prelim Flash GDP q/q,Low,2.0%,-0.3%,1.18859,1.19087,1.185,1.18684
2021-07-30,2:30pm,EUR,Unemployment Rate,Low,7.7%,8.0%,1.18859,1.19087,1.185,1.18684
2021-07-30,2:30pm,USD,Core PCE Price Index m/m,High,0.4%,0.5%,1.18859,1.19087,1.185,1.18684
2021-07-30,2:30pm,USD,Employment Cost Index q/q,Low,0.7%,0.9%,1.18859,1.19087,1.185,1.18684
2021-07-30,2:30pm,USD,Personal Income m/m,Low,0.1%,-2.2%,1.18859,1.19087,1.185,1.18684
2021-07-30,2:30pm,USD,Personal Spending m/m,Low,1.0%,-0.1%,1.18859,1.19087,1.185,1.18684
2021-07-30,7:15pm,USD,Chicago PMI,Medium,73.4,66.1,1.18859,1.19087,1.185,1.18684
2021-07-30,7:30pm,USD,Revised UoM Consumer Sentiment,Medium,81.2,80.8,1.18859,1.19087,1.185,1.18684
2021-07-30,7:30pm,USD,Revised UoM Inflation Expectations,Low,4.7%,4.8%,1.18859,1.19087,1.185,1.18684
2021-08-02,11:30am,EUR,German Retail Sales m/m,Low,4.2%,4.6%,1.18635,1.1897,1.1857,1.18689
2021-08-02,12:45pm,EUR,Spanish Manufacturing PMI,Low,59.0,60.4,1.18635,1.1897,1.1857,1.18689
2021-08-02,1:15pm,EUR,Italian Manufacturing PMI,Low,60.3,62.2,1.18635,1.1897,1.1857,1.18689
2021-08-02,1:20pm,EUR,French Final Manufacturing PMI,Low,58.0,58.1,1.18635,1.1897,1.1857,1.18689
2021-08-02,1:25pm,EUR,German Final Manufacturing PMI,Medium,65.9,65.6,1.18635,1.1897,1.1857,1.18689
2021-08-02,1:30pm,EUR,Final Manufacturing PMI,Low,62.8,62.6,1.18635,1.1897,1.1857,1.18689
2021-08-02,7:15pm,USD,Final Manufacturing PMI,Low,63.4,63.1,1.18635,1.1897,1.1857,1.18689
2021-08-02,7:30pm,USD,ISM Manufacturing PMI,High,59.5,60.6,1.18635,1.1897,1.1857,1.18689
2021-08-02,7:30pm,USD,Construction Spending m/m,Low,0.1%,-0.2%,1.18635,1.1897,1.1857,1.18689
2021-08-02,7:30pm,USD,ISM Manufacturing Prices,Low,85.7,92.1,1.18635,1.1897,1.1857,1.18689
2021-08-03,9:05am,EUR,Spanish Unemployment Change,Medium,-197.8K,-166.9K,1.18708,1.18934,1.1852,1.1862
2021-08-03,2:30pm,EUR,PPI m/m,Low,1.4%,1.3%,1.18708,1.18934,1.1852,1.1862
2021-08-03,7:30pm,USD,Factory Orders m/m,Low,1.5%,2.3%,1.18708,1.18934,1.1852,1.1862
2021-08-03,7:31pm,USD,RCM/TIPP Economic Optimism,Low,53.6,54.3,1.18708,1.18934,1.1852,1.1862
2021-08-03,All Day,USD,Wards Total Vehicle Sales,Low,14.8M,15.4M,1.18708,1.18934,1.1852,1.1862
2021-08-04,12:45pm,EUR,Spanish Services PMI,Low,61.9,62.5,1.18624,1.18997,1.1831,1.1835
2021-08-04,1:15pm,EUR,Italian Services PMI,Low,58.0,56.7,1.18624,1.18997,1.1831,1.1835
2021-08-04,1:20pm,EUR,French Final Services PMI,Low,56.8,57.0,1.18624,1.18997,1.1831,1.1835
2021-08-04,1:25pm,EUR,German Final Services PMI,Low,61.8,62.2,1.18624,1.18997,1.1831,1.1835
2021-08-04,1:30pm,EUR,Final Services PMI,Low,59.8,60.4,1.18624,1.18997,1.1831,1.1835
2021-08-04,1:30pm,EUR,Italian Retail Sales m/m,Low,0.7%,-0.1%,1.18624,1.18997,1.1831,1.1835
2021-08-04,1:59pm,EUR,French Gov Budget Balance,Low,-131.3B,-118.8B,1.18624,1.18997,1.1831,1.1835
2021-08-04,2:30pm,EUR,Retail Sales m/m,Low,1.5%,4.1%,1.18624,1.18997,1.1831,1.1835
2021-08-04,5:45pm,USD,ADP Non-Farm Employment Change,High,330K,680K,1.18624,1.18997,1.1831,1.1835
2021-08-04,7:15pm,USD,Final Services PMI,Low,59.9,59.8,1.18624,1.18997,1.1831,1.1835
2021-08-04,7:30pm,USD,ISM Services PMI,High,64.1,60.1,1.18624,1.18997,1.1831,1.1835
2021-08-04,8:00pm,USD,Crude Oil Inventories,Medium,3.6M,-4.1M,1.18624,1.18997,1.1831,1.1835
2021-08-05,11:30am,EUR,German Factory Orders m/m,Low,4.1%,-3.2%,1.18357,1.18573,1.1826,1.18332
2021-08-05,12:15pm,EUR,French Industrial Production m/m,Low,0.5%,-0.4%,1.18357,1.18573,1.1826,1.18332
2021-08-05,2:21pm,EUR,Spanish 10-y Bond Auction,Low,0.20|1.3,0.35|1.8,1.18357,1.18573,1.1826,1.18332
2021-08-05,2:27pm,EUR,French 10-y Bond Auction,Low,-0.23|1.8,0.13|2.1,1.18357,1.18573,1.1826,1.18332
2021-08-05,5:00pm,USD,Challenger Job Cuts y/y,Low,-92.8%,-88.0%,1.18357,1.18573,1.1826,1.18332
2021-08-05,5:00pm,USD,Unemployment Claims,Medium,385K,399K,1.18357,1.18573,1.1826,1.18332
2021-08-05,5:00pm,USD,Trade Balance,Low,-75.7B,-71.0B,1.18357,1.18573,1.1826,1.18332
2021-08-05,8:00pm,USD,Natural Gas Storage,Low,13B,36B,1.18357,1.18573,1.1826,1.18332
2021-08-06,11:30am,EUR,German Industrial Production m/m,Low,-1.3%,-0.8%,1.18335,1.18354,1.1753,1.1761
2021-08-06,12:15pm,EUR,French Prelim Private Payrolls q/q,Low,1.2%,0.5%,1.18335,1.18354,1.1753,1.1761
2021-08-06,12:15pm,EUR,French Trade Balance,Low,-5.8B,-6.6B,1.18335,1.18354,1.1753,1.1761
2021-08-06,1:30pm,EUR,Italian Industrial Production m/m,Low,1.0%,-1.6%,1.18335,1.18354,1.1753,1.1761
2021-08-06,1:30pm,USD,Average Hourly Earnings m/m,High,0.4%,0.4%,1.18335,1.18354,1.1753,1.1761
2021-08-06,1:30pm,USD,Non-Farm Employment Change,High,943K,938K,1.18335,1.18354,1.1753,1.1761
2021-08-06,1:30pm,USD,Unemployment Rate,High,5.4%,5.9%,1.18335,1.18354,1.1753,1.1761
2021-08-06,1:30pm,USD,Final Wholesale Inventories m/m,Low,1.1%,0.8%,1.18335,1.18354,1.1753,1.1761
2021-08-07,12:30am,USD,Consumer Credit m/m,Low,37.7B,36.7B,,,,
2021-08-09,11:30am,EUR,German Trade Balance,Low,13.6B,12.8B,1.17589,1.1769,1.17321,1.1738
2021-08-09,2:00pm,EUR,Sentix Investor Confidence,Low,22.2,29.8,1.17589,1.1769,1.17321,1.1738
2021-08-09,2:00pm,USD,JOLTS Job Openings,Medium,10.07M,9.48M,1.17589,1.1769,1.17321,1.1738
2021-08-10,2:30pm,EUR,ZEW Economic Sentiment,Medium,42.7,61.2,1.17382,1.1743,1.1708,1.172
2021-08-10,2:30pm,EUR,German ZEW Economic Sentiment,Medium,40.4,63.3,1.17382,1.1743,1.1708,1.172
2021-08-10,3:30pm,USD,NFIB Small Business Index,Low,99.7,102.5,1.17382,1.1743,1.1708,1.172
2021-08-10,6:00pm,USD,Prelim Nonfarm Productivity q/q,Low,2.3%,4.3%,1.17382,1.1743,1.1708,1.172
2021-08-10,6:00pm,USD,Prelim Unit Labor Costs q/q,Low,1.0%,1.7%,1.17382,1.1743,1.1708,1.172
2021-08-11,11:30am,EUR,German Final CPI m/m,Low,0.9%,0.9%,1.17194,1.17541,1.1704,1.17404
2021-08-11,3:02pm,EUR,German 10-y Bond Auction,Low,-0.44|1.4,-0.30|1.4,1.17194,1.17541,1.1704,1.17404
2021-08-11,6:00pm,USD,Core CPI m/m,High,0.3%,0.9%,1.17194,1.17541,1.1704,1.17404
2021-08-11,6:00pm,USD,CPI m/m,High,0.5%,0.9%,1.17194,1.17541,1.1704,1.17404
2021-08-11,6:00pm,USD,CPI y/y,High,5.4%,5.4%,1.17194,1.17541,1.1704,1.17404
2021-08-11,8:00pm,USD,Crude Oil Inventories,Medium,-0.4M,3.6M,1.17194,1.17541,1.1704,1.17404
2021-08-11,10:31pm,USD,10-y Bond Auction,Medium,1.34|2.6,1.37|2.4,1.17194,1.17541,1.1704,1.17404
2021-08-11,11:30pm,USD,Federal Budget Balance,Low,-302.1B,-174.2B,1.17194,1.17541,1.1704,1.17404
2021-08-12,1:30pm,EUR,Italian Trade Balance,Low,5.68B,5.63B,1.17399,1.17483,1.1722,1.1731
2021-08-12,2:30pm,EUR,Industrial Production m/m,Low,-0.3%,-1.1%,1.17399,1.17483,1.1722,1.1731
2021-08-12,6:00pm,USD,PPI m/m,High,1.0%,1.0%,1.17399,1.17483,1.1722,1.1731
2021-08-12,6:00pm,USD,Core PPI m/m,Medium,1.0%,1.0%,1.17399,1.17483,1.1722,1.1731
2021-08-12,6:00pm,USD,Unemployment Claims,Medium,375K,387K,1.17399,1.17483,1.1722,1.1731
2021-08-12,8:00pm,USD,Natural Gas Storage,Low,49B,13B,1.17399,1.17483,1.1722,1.1731
2021-08-12,10:31pm,USD,30-y Bond Auction,Medium,2.04|2.2,2.00|2.2,1.17399,1.17483,1.1722,1.1731
2021-08-13,11:30am,EUR,German WPI m/m,Low,1.1%,1.5%,1.17309,1.18048,1.17287,1.17936
2021-08-13,12:15pm,EUR,French Final CPI m/m,Low,0.1%,0.1%,1.17309,1.18048,1.17287,1.17936
2021-08-13,2:30pm,EUR,Trade Balance,Low,12.4B,13.8B,1.17309,1.18048,1.17287,1.17936
2021-08-13,6:00pm,USD,Import Prices m/m,Low,0.3%,1.1%,1.17309,1.18048,1.17287,1.17936
2021-08-13,7:30pm,USD,Prelim UoM Consumer Sentiment,Medium,70.2,81.2,1.17309,1.18048,1.17287,1.17936
2021-08-13,7:30pm,USD,Prelim UoM Inflation Expectations,Low,4.6%,4.7%,1.17309,1.18048,1.17287,1.17936
2021-08-16,10:00am,USD,Empire State Manufacturing Index,Low,18.3,43.0,1.17938,1.1801,1.1766,1.1774
2021-08-17,1:30am,USD,TIC Long-Term Purchases,Low,110.9B,-30.0B,1.1776,1.17848,1.17054,1.17097
2021-08-17,2:30pm,EUR,Flash Employment Change q/q,Low,0.5%,-0.2%,1.1776,1.17848,1.17054,1.17097
2021-08-17,2:30pm,EUR,Flash GDP q/q,Low,2.0%,2.0%,1.1776,1.17848,1.17054,1.17097
2021-08-17,2:30pm,USD,Core Retail Sales m/m,High,-0.4%,1.6%,1.1776,1.17848,1.17054,1.17097
2021-08-17,2:30pm,USD,Retail Sales m/m,High,-1.1%,0.7%,1.1776,1.17848,1.17054,1.17097
2021-08-17,6:45pm,USD,Industrial Production m/m,Medium,0.9%,0.2%,1.1776,1.17848,1.17054,1.17097
2021-08-17,6:45pm,USD,Capacity Utilization Rate,Low,76.1%,75.4%,1.1776,1.17848,1.17054,1.17097
2021-08-17,7:30pm,USD,Business Inventories m/m,Low,0.8%,0.6%,1.1776,1.17848,1.17054,1.17097
2021-08-17,7:30pm,USD,NAHB Housing Market Index,Low,75,80,1.1776,1.17848,1.17054,1.17097
2021-08-18,2:30pm,EUR,Final Core CPI y/y,Low,0.7%,0.7%,1.17095,1.17427,1.1692,1.17093
2021-08-18,2:30pm,EUR,Final CPI y/y,Low,2.2%,1.9%,1.17095,1.17427,1.1692,1.17093
2021-08-18,3:04pm,EUR,German 30-y Bond Auction,Low,-0.04|2.0,0.03|1.3,1.17095,1.17427,1.1692,1.17093
2021-08-18,3:04pm,USD,Building Permits,Low,1.64M,1.59M,1.17095,1.17427,1.1692,1.17093
2021-08-18,3:04pm,USD,Housing Starts,Low,1.53M,1.65M,1.17095,1.17427,1.1692,1.17093
2021-08-18,7:30pm,USD,Prelim Benchmark Payrolls Revision,Medium,-166K,-173K,1.17095,1.17427,1.1692,1.17093
2021-08-18,8:00pm,USD,Crude Oil Inventories,Medium,-3.2M,-0.4M,1.17095,1.17427,1.1692,1.17093
2021-08-19,1:30pm,EUR,Current Account,Low,21.8B,13.9B,1.17094,1.17156,1.1664,1.16766
2021-08-19,6:00pm,USD,Philly Fed Manufacturing Index,Medium,19.4,21.9,1.17094,1.17156,1.1664,1.16766
2021-08-19,6:00pm,USD,Unemployment Claims,Medium,348K,377K,1.17094,1.17156,1.1664,1.16766
2021-08-19,7:30pm,USD,CB Leading Index m/m,Low,0.9%,0.5%,1.17094,1.17156,1.1664,1.16766
2021-08-19,7:30pm,USD,Mortgage Delinquencies,Low,5.47%,6.38%,1.17094,1.17156,1.1664,1.16766
2021-08-19,8:00pm,USD,Natural Gas Storage,Low,46B,49B,1.17094,1.17156,1.1664,1.16766
2021-08-20,11:30am,EUR,German PPI m/m,Low,1.9%,1.3%,1.16771,1.17045,1.1662,1.16949
2021-08-23,12:45pm,EUR,French Flash Manufacturing PMI,Medium,57.3,58.0,1.1695,1.17503,1.16912,1.1746
2021-08-23,12:45pm,EUR,French Flash Services PMI,Medium,56.4,56.8,1.1695,1.17503,1.16912,1.1746
2021-08-23,1:00pm,EUR,German Flash Manufacturing PMI,High,62.7,65.9,1.1695,1.17503,1.16912,1.1746
2021-08-23,1:00pm,EUR,German Flash Services PMI,High,61.5,61.8,1.1695,1.17503,1.16912,1.1746
2021-08-23,1:30pm,EUR,Flash Manufacturing PMI,Medium,61.5,62.8,1.1695,1.17503,1.16912,1.1746
2021-08-23,1:30pm,EUR,Flash Services PMI,Medium,59.7,59.8,1.1695,1.17503,1.16912,1.1746
2021-08-23,7:03pm,EUR,Consumer Confidence,Low,-5,-4,1.1695,1.17503,1.16912,1.1746
2021-08-23,7:15pm,USD,Flash Manufacturing PMI,Medium,61.2,63.4,1.1695,1.17503,1.16912,1.1746
2021-08-23,7:15pm,USD,Flash Services PMI,Medium,55.2,59.9,1.1695,1.17503,1.16912,1.1746
2021-08-23,7:30pm,USD,Existing Home Sales,Low,5.99M,5.87M,1.1695,1.17503,1.16912,1.1746
2021-08-24,11:30am,EUR,German Final GDP q/q,Low,1.6%,1.5%,1.17457,1.17652,1.1725,1.1755
2021-08-24,7:29pm,USD,Richmond Manufacturing Index,Low,9,27,1.17457,1.17652,1.1725,1.1755
2021-08-24,7:30pm,USD,New Home Sales,Low,708K,701K,1.17457,1.17652,1.1725,1.1755
2021-08-25,7:30pm,EUR,German ifo Business Climate,Medium,99.4,100.7,1.17558,1.17745,1.1724,1.17686
2021-08-25,6:00pm,USD,Core Durable Goods Orders m/m,Medium,0.7%,0.5%,1.17558,1.17745,1.1724,1.17686
2021-08-25,6:00pm,USD,Durable Goods Orders m/m,Low,-0.1%,0.9%,1.17558,1.17745,1.1724,1.17686
2021-08-25,6:26pm,EUR,Belgian NBB Business Climate,Low,7.6,10.1,1.17558,1.17745,1.1724,1.17686
2021-08-25,8:00pm,USD,Crude Oil Inventories,Medium,-3.0M,-3.2M,1.17558,1.17745,1.1724,1.17686
2021-08-26,11:30am,EUR,German GfK Consumer Climate,Low,-1.2,-0.4,1.17696,1.1779,1.1744,1.1754
2021-08-26,1:30pm,EUR,M3 Money Supply y/y,Low,7.6%,8.3%,1.17696,1.1779,1.1744,1.1754
2021-08-26,1:30pm,EUR,Private Loans y/y,Low,4.2%,4.0%,1.17696,1.1779,1.1744,1.1754
2021-08-26,6:00pm,USD,Prelim GDP q/q,High,6.6%,6.5%,1.17696,1.1779,1.1744,1.1754
2021-08-26,6:00pm,USD,Unemployment Claims,Medium,353K,349K,1.17696,1.1779,1.1744,1.1754
2021-08-26,6:00pm,USD,Prelim GDP Price Index q/q,Low,6.1%,6.0%,1.17696,1.1779,1.1744,1.1754
2021-08-26,8:00pm,USD,Natural Gas Storage,Low,29B,46B,1.17696,1.1779,1.1744,1.1754
2021-08-27,11:30am,EUR,German Import Prices m/m,Low,2.2%,1.6%,1.17552,1.18023,1.1733,1.17924
2021-08-27,11:30am,USD,Core PCE Price Index m/m,High,0.3%,0.5%,1.17552,1.18023,1.1733,1.17924
2021-08-27,11:30am,USD,Goods Trade Balance,Low,-86.4B,-92.1B,1.17552,1.18023,1.1733,1.17924
2021-08-27,11:30am,USD,Personal Income m/m,Low,1.1%,0.2%,1.17552,1.18023,1.1733,1.17924
2021-08-27,11:30am,USD,Personal Spending m/m,Low,0.3%,1.1%,1.17552,1.18023,1.1733,1.17924
2021-08-27,11:30am,USD,Prelim Wholesale Inventories m/m,Low,0.6%,1.1%,1.17552,1.18023,1.1733,1.17924
2021-08-27,11:30am,USD,Revised UoM Consumer Sentiment,Medium,70.3,70.2,1.17552,1.18023,1.1733,1.17924
2021-08-27,11:30am,USD,Revised UoM Inflation Expectations,Low,4.6%,4.6%,1.17552,1.18023,1.1733,1.17924
2021-08-30,All Day,EUR,German Prelim CPI m/m,Low,0.0%,0.9%,1.17949,1.18099,1.1781,1.17977
2021-08-30,All Day,EUR,Spanish Flash CPI y/y,Low,3.3%,2.9%,1.17949,1.18099,1.1781,1.17977
2021-08-30,7:30pm,USD,Pending Home Sales m/m,Medium,-1.8%,-2.0%,1.17949,1.18099,1.1781,1.17977
2021-08-31,12:15pm,EUR,French Consumer Spending m/m,Low,-2.2%,0.3%,1.17983,1.18451,1.1793,1.1808
2021-08-31,12:15pm,EUR,French Prelim CPI m/m,Low,0.6%,0.1%,1.17983,1.18451,1.1793,1.1808
2021-08-31,12:15pm,EUR,French Prelim GDP q/q,Low,1.1%,0.9%,1.17983,1.18451,1.1793,1.1808
2021-08-31,1:25pm,EUR,German Unemployment Change,Low,-53K,-90K,1.17983,1.18451,1.1793,1.1808
2021-08-31,2:30pm,EUR,Core CPI Flash Estimate y/y,Low,1.6%,0.7%,1.17983,1.18451,1.1793,1.1808
2021-08-31,2:30pm,EUR,CPI Flash Estimate y/y,Low,3.0%,2.2%,1.17983,1.18451,1.1793,1.1808
2021-08-31,2:30pm,EUR,Italian Prelim CPI m/m,Low,0.5%,0.5%,1.17983,1.18451,1.1793,1.1808
2021-08-31,2:43pm,EUR,Italian 10-y Bond Auction,Low,0.67|1.4,0.66|1.3,1.17983,1.18451,1.1793,1.1808
2021-08-31,6:30pm,USD,HPI m/m,Low,1.6%,1.8%,1.17983,1.18451,1.1793,1.1808
2021-08-31,6:30pm,USD,S&P/CS Composite-20 HPI y/y,Low,19.1%,17.1%,1.17983,1.18451,1.1793,1.1808
2021-08-31,7:15pm,USD,Chicago PMI,Medium,66.8,73.4,1.17983,1.18451,1.1793,1.1808
2021-08-31,7:30pm,USD,CB Consumer Confidence,Medium,113.8,125.1,1.17983,1.18451,1.1793,1.1808
2021-09-01,11:30am,EUR,German Retail Sales m/m,Low,-5.1%,4.5%,1.18088,1.18573,1.1792,1.18372
2021-09-01,12:45pm,EUR,Spanish Manufacturing PMI,Low,59.5,59.0,1.18088,1.18573,1.1792,1.18372
2021-09-01,1:15pm,EUR,Italian Manufacturing PMI,Low,60.9,60.3,1.18088,1.18573,1.1792,1.18372
2021-09-01,1:20pm,EUR,French Final Manufacturing PMI,Low,57.5,57.3,1.18088,1.18573,1.1792,1.18372
2021-09-01,1:25pm,EUR,German Final Manufacturing PMI,Medium,62.6,62.7,1.18088,1.18573,1.1792,1.18372
2021-09-01,1:30pm,EUR,Final Manufacturing PMI,Low,61.4,61.5,1.18088,1.18573,1.1792,1.18372
2021-09-01,1:30pm,EUR,Italian Monthly Unemployment Rate,Low,9.3%,9.4%,1.18088,1.18573,1.1792,1.18372
2021-09-01,2:30pm,EUR,Unemployment Rate,Low,7.6%,7.8%,1.18088,1.18573,1.1792,1.18372
2021-09-01,5:45pm,USD,ADP Non-Farm Employment Change,High,374K,326K,1.18088,1.18573,1.1792,1.18372
2021-09-01,7:15pm,USD,Final Manufacturing PMI,Low,61.1,61.2,1.18088,1.18573,1.1792,1.18372
2021-09-01,7:30pm,USD,ISM Manufacturing PMI,High,59.9,59.5,1.18088,1.18573,1.1792,1.18372
2021-09-01,7:30pm,USD,Construction Spending m/m,Low,0.3%,0.0%,1.18088,1.18573,1.1792,1.18372
2021-09-01,7:30pm,USD,ISM Manufacturing Prices,Low,79.4,85.7,1.18088,1.18573,1.1792,1.18372
2021-09-01,All Day,USD,Wards Total Vehicle Sales,Low,13.1M,14.8M,1.18088,1.18573,1.1792,1.18372
2021-09-01,8:00pm,USD,Crude Oil Inventories,Medium,-7.2M,-3.0M,1.18088,1.18573,1.1792,1.18372
2021-09-02,9:05am,EUR,Spanish Unemployment Change,Medium,-82.6K,-197.8K,1.18383,1.18761,1.1832,1.18725
2021-09-02,2:17pm,EUR,Spanish 10-y Bond Auction,Low,0.31|1.7,0.20|1.3,1.18383,1.18761,1.1832,1.18725
2021-09-02,2:26pm,EUR,French 10-y Bond Auction,Low,-0.05|1.8,-0.23|1.8,1.18383,1.18761,1.1832,1.18725
2021-09-02,2:30pm,EUR,PPI m/m,Low,2.3%,1.4%,1.18383,1.18761,1.1832,1.18725
2021-09-02,5:00pm,USD,Challenger Job Cuts y/y,Low,-86.4%,-92.8%,1.18383,1.18761,1.1832,1.18725
2021-09-02,5:00pm,USD,Unemployment Claims,Medium,340K,354K,1.18383,1.18761,1.1832,1.18725
2021-09-02,5:00pm,USD,Revised Nonfarm Productivity q/q,Low,2.1%,2.3%,1.18383,1.18761,1.1832,1.18725
2021-09-02,5:00pm,USD,Revised Unit Labor Costs q/q,Low,1.3%,1.0%,1.18383,1.18761,1.1832,1.18725
2021-09-02,5:00pm,USD,Trade Balance,Low,-70.1B,-73.2B,1.18383,1.18761,1.1832,1.18725
2021-09-02,7:30pm,USD,Factory Orders m/m,Low,0.4%,1.5%,1.18383,1.18761,1.1832,1.18725
2021-09-02,8:00pm,USD,Natural Gas Storage,Low,20B,29B,1.18383,1.18761,1.1832,1.18725
2021-09-03,12:15pm,EUR,French Gov Budget Balance,Low,-166.6B,-131.3B,1.18732,1.1909,1.1864,1.18832
2021-09-03,12:45pm,EUR,Spanish Services PMI,Low,60.1,61.9,1.18732,1.1909,1.1864,1.18832
2021-09-03,1:15pm,EUR,Italian Services PMI,Low,58.0,58.0,1.18732,1.1909,1.1864,1.18832
2021-09-03,1:20pm,EUR,French Final Services PMI,Low,56.3,56.4,1.18732,1.1909,1.1864,1.18832
2021-09-03,1:25pm,EUR,German Final Services PMI,Low,60.8,61.5,1.18732,1.1909,1.1864,1.18832
2021-09-03,1:30pm,EUR,Final Services PMI,Low,59.0,59.7,1.18732,1.1909,1.1864,1.18832
2021-09-03,2:30pm,EUR,Retail Sales m/m,Low,-2.3%,1.8%,1.18732,1.1909,1.1864,1.18832
2021-09-03,2:30pm,USD,Average Hourly Earnings m/m,High,0.6%,0.4%,1.18732,1.1909,1.1864,1.18832
2021-09-03,2:30pm,USD,Non-Farm Employment Change,High,235K,1053K,1.18732,1.1909,1.1864,1.18832
2021-09-03,2:30pm,USD,Unemployment Rate,High,5.2%,5.4%,1.18732,1.1909,1.1864,1.18832
2021-09-03,7:15pm,USD,Final Services PMI,Low,55.1,55.2,1.18732,1.1909,1.1864,1.18832
2021-09-03,7:30pm,USD,ISM Services PMI,High,61.7,64.1,1.18732,1.1909,1.1864,1.18832
2021-09-06,11:30am,EUR,German Factory Orders m/m,Low,3.4%,4.6%,1.18774,1.18864,1.1854,1.18703
2021-09-06,2:00pm,EUR,Sentix Investor Confidence,Low,19.6,22.2,1.18774,1.18864,1.1854,1.18703
2021-09-07,11:30am,EUR,German Industrial Production m/m,Low,1.0%,-1.0%,1.18696,1.18854,1.1836,1.1845
2021-09-07,2:30pm,EUR,ZEW Economic Sentiment,Medium,31.1,42.7,1.18696,1.18854,1.1836,1.1845
2021-09-07,2:30pm,EUR,German ZEW Economic Sentiment,Medium,26.5,40.4,1.18696,1.18854,1.1836,1.1845
2021-09-07,2:30pm,EUR,Final Employment Change q/q,Low,0.7%,0.5%,1.18696,1.18854,1.1836,1.1845
2021-09-07,2:30pm,EUR,Revised GDP q/q,Low,2.2%,2.0%,1.18696,1.18854,1.1836,1.1845
2021-09-08,11:00am,EUR,French Final Private Payrolls q/q,Low,1.4%,1.2%,1.18443,1.18512,1.18,1.18154
2021-09-08,12:15pm,EUR,French Trade Balance,Low,-7.0B,-6.1B,1.18443,1.18512,1.18,1.18154
2021-09-08,1:30pm,EUR,Italian Retail Sales m/m,Low,-0.4%,0.7%,1.18443,1.18512,1.18,1.18154
2021-09-08,3:04pm,EUR,German 10-y Bond Auction,Low,-0.38|1.1,-0.44|1.4,1.18443,1.18512,1.18,1.18154
2021-09-08,3:04pm,USD,JOLTS Job Openings,Medium,10.93M,10.19M,1.18443,1.18512,1.18,1.18154
2021-09-08,7:32pm,USD,RCM/TIPP Economic Optimism,Low,48.5,53.6,1.18443,1.18512,1.18,1.18154
2021-09-08,10:31pm,USD,10-y Bond Auction,Medium,1.34|2.6,1.34|2.6,1.18443,1.18512,1.18,1.18154
2021-09-09,12:30am,USD,Consumer Credit m/m,Low,17.0B,37.9B,1.1816,1.18414,1.1803,1.18243
2021-09-09,11:30am,EUR,German Trade Balance,Low,17.9B,13.5B,1.1816,1.18414,1.1803,1.18243
2021-09-09,11:30am,EUR,Main Refinancing Rate,Medium,0.00%,0.00%,1.1816,1.18414,1.1803,1.18243
2021-09-09,11:30am,USD,Unemployment Claims,Medium,310K,345K,1.1816,1.18414,1.1803,1.18243
2021-09-09,8:00pm,USD,Natural Gas Storage,Low,52B,20B,1.1816,1.18414,1.1803,1.18243
2021-09-09,8:30pm,USD,Crude Oil Inventories,Medium,-1.5M,-7.2M,1.1816,1.18414,1.1803,1.18243
2021-09-09,10:31pm,USD,30-y Bond Auction,Medium,1.91|2.5,2.04|2.2,1.1816,1.18414,1.1803,1.18243
2021-09-10,11:30am,EUR,German Final CPI m/m,Low,0.0%,0.0%,1.18243,1.18512,1.1808,1.18115
2021-09-10,12:15pm,EUR,French Industrial Production m/m,Low,0.3%,0.6%,1.18243,1.18512,1.1808,1.18115
2021-09-10,1:30pm,EUR,Italian Industrial Production m/m,Low,0.8%,1.1%,1.18243,1.18512,1.1808,1.18115
2021-09-10,1:30pm,USD,PPI m/m,High,0.7%,1.0%,1.18243,1.18512,1.1808,1.18115
2021-09-10,1:30pm,USD,Core PPI m/m,Medium,0.6%,1.0%,1.18243,1.18512,1.1808,1.18115
2021-09-10,7:30pm,USD,Final Wholesale Inventories m/m,Low,0.6%,0.6%,1.18243,1.18512,1.1808,1.18115
2021-09-13,11:30am,EUR,German WPI m/m,Low,0.5%,1.1%,1.18134,1.18171,1.1768,1.1811
2021-09-13,1:30pm,EUR,Italian Quarterly Unemployment Rate,Low,9.8%,10.1%,1.18134,1.18171,1.1768,1.1811
2021-09-13,11:17pm,USD,Federal Budget Balance,Low,-170.6B,-302.1B,1.18134,1.18171,1.1768,1.1811
2021-09-14,3:30pm,USD,NFIB Small Business Index,Low,100.1,99.7,1.18085,1.1846,1.1798,1.18031
2021-09-14,3:30pm,USD,Core CPI m/m,High,0.1%,0.3%,1.18085,1.1846,1.1798,1.18031
2021-09-14,3:30pm,USD,CPI m/m,High,0.3%,0.5%,1.18085,1.1846,1.1798,1.18031
2021-09-14,3:30pm,USD,CPI y/y,High,5.3%,5.4%,1.18085,1.1846,1.1798,1.18031
2021-09-15,12:15pm,EUR,French Final CPI m/m,Low,0.6%,0.6%,1.1804,1.1832,1.1797,1.18149
2021-09-15,2:30pm,EUR,Industrial Production m/m,Low,1.5%,-0.1%,1.1804,1.1832,1.1797,1.18149
2021-09-15,2:32pm,USD,Empire State Manufacturing Index,Medium,34.3,18.3,1.1804,1.1832,1.1797,1.18149
2021-09-15,2:32pm,USD,Import Prices m/m,Low,-0.3%,0.4%,1.1804,1.1832,1.1797,1.18149
2021-09-15,6:45pm,USD,Industrial Production m/m,Medium,0.4%,0.8%,1.1804,1.1832,1.1797,1.18149
2021-09-15,6:45pm,USD,Capacity Utilization Rate,Low,76.4%,76.2%,1.1804,1.1832,1.1797,1.18149
2021-09-15,8:00pm,USD,Crude Oil Inventories,Medium,-6.4M,-1.5M,1.1804,1.1832,1.1797,1.18149
2021-09-16,1:33pm,EUR,Italian Trade Balance,Low,8.76B,5.67B,1.18154,1.18207,1.1749,1.17666
2021-09-16,2:19pm,EUR,Spanish 10-y Bond Auction,Low,0.33|1.4,0.31|1.7,1.18154,1.18207,1.1749,1.17666
2021-09-16,2:30pm,EUR,Trade Balance,Low,13.4B,11.9B,1.18154,1.18207,1.1749,1.17666
2021-09-16,2:30pm,USD,Core Retail Sales m/m,High,1.8%,-1.0%,1.18154,1.18207,1.1749,1.17666
2021-09-16,2:30pm,USD,Retail Sales m/m,High,0.7%,-1.8%,1.18154,1.18207,1.1749,1.17666
2021-09-16,2:30pm,USD,Philly Fed Manufacturing Index,Medium,30.7,19.4,1.18154,1.18207,1.1749,1.17666
2021-09-16,2:30pm,USD,Unemployment Claims,Medium,332K,312K,1.18154,1.18207,1.1749,1.17666
2021-09-16,7:30pm,USD,Business Inventories m/m,Low,0.5%,0.9%,1.18154,1.18207,1.1749,1.17666
2021-09-16,8:00pm,USD,Natural Gas Storage,Low,83B,52B,1.18154,1.18207,1.1749,1.17666
2021-09-17,1:30am,USD,TIC Long-Term Purchases,Low,2.0B,110.9B,1.17671,1.17889,1.17211,1.1724
2021-09-17,1:30pm,EUR,Current Account,Low,21.6B,21.8B,1.17671,1.17889,1.17211,1.1724
2021-09-17,2:30pm,EUR,Final Core CPI y/y,Low,1.6%,1.6%,1.17671,1.17889,1.17211,1.1724
2021-09-17,2:30pm,EUR,Final CPI y/y,Low,3.0%,2.2%,1.17671,1.17889,1.17211,1.1724
2021-09-17,7:30pm,USD,Prelim UoM Consumer Sentiment,Medium,71.0,70.3,1.17671,1.17889,1.17211,1.1724
2021-09-17,7:30pm,USD,Prelim UoM Inflation Expectations,Low,4.7%,4.6%,1.17671,1.17889,1.17211,1.1724
2021-09-20,11:30am,EUR,German PPI m/m,Low,1.5%,1.9%,1.17255,1.17365,1.1698,1.17273
2021-09-20,7:30pm,USD,NAHB Housing Market Index,Low,76,75,1.17255,1.17365,1.1698,1.17273
2021-09-21,3:30pm,USD,Building Permits,Low,1.73M,1.63M,1.17248,1.17487,1.1713,1.17255
2021-09-21,3:30pm,USD,Current Account,Low,-190B,-189B,1.17248,1.17487,1.1713,1.17255
2021-09-21,3:30pm,USD,Housing Starts,Low,1.62M,1.55M,1.17248,1.17487,1.1713,1.17255
2021-09-22,7:30pm,USD,Existing Home Sales,Low,5.88M,6.00M,1.17249,1.17557,1.1683,1.1693
2021-09-22,8:00pm,USD,Crude Oil Inventories,Medium,-3.5M,-6.4M,1.17249,1.17557,1.1683,1.1693
2021-09-22,8:00pm,USD,Federal Funds Rate,Medium,<0.25%,<0.25%,1.17249,1.17557,1.1683,1.1693
2021-09-23,1:30am,EUR,Consumer Confidence,Low,-4,-5,1.1693,1.17502,1.1682,1.1738
2021-09-23,12:45pm,EUR,French Flash Manufacturing PMI,Medium,55.2,57.5,1.1693,1.17502,1.1682,1.1738
2021-09-23,12:45pm,EUR,French Flash Services PMI,Medium,56.0,56.3,1.1693,1.17502,1.1682,1.1738
2021-09-23,12:45pm,EUR,German Flash Manufacturing PMI,High,58.5,62.6,1.1693,1.17502,1.1682,1.1738
2021-09-23,12:45pm,EUR,German Flash Services PMI,High,56.0,60.8,1.1693,1.17502,1.1682,1.1738
2021-09-23,1:30pm,EUR,Flash Manufacturing PMI,Medium,58.7,61.4,1.1693,1.17502,1.1682,1.1738
2021-09-23,1:30pm,EUR,Flash Services PMI,Medium,56.3,59.0,1.1693,1.17502,1.1682,1.1738
2021-09-23,4:30pm,USD,Unemployment Claims,Medium,351K,335K,1.1693,1.17502,1.1682,1.1738
2021-09-23,7:15pm,USD,Flash Manufacturing PMI,Medium,60.5,61.1,1.1693,1.17502,1.1682,1.1738
2021-09-23,7:15pm,USD,Flash Services PMI,Medium,54.4,55.1,1.1693,1.17502,1.1682,1.1738
2021-09-23,7:30pm,USD,CB Leading Index m/m,Low,0.9%,0.8%,1.1693,1.17502,1.1682,1.1738
2021-09-23,8:00pm,USD,Natural Gas Storage,Low,76B,83B,1.1693,1.17502,1.1682,1.1738
2021-09-24,1:30pm,EUR,German ifo Business Climate,Medium,98.8,99.6,1.17384,1.17476,1.1699,1.1718
2021-09-24,6:26pm,EUR,Belgian NBB Business Climate,Low,4.0,7.6,1.17384,1.17476,1.1699,1.1718
2021-09-24,6:26pm,USD,New Home Sales,Low,740K,729K,1.17384,1.17476,1.1699,1.1718
2021-09-27,1:30pm,EUR,M3 Money Supply y/y,Low,7.9%,7.6%,1.17165,1.17252,1.1683,1.16961
2021-09-27,1:30pm,EUR,Private Loans y/y,Low,4.2%,4.2%,1.17165,1.17252,1.1683,1.16961
2021-09-27,6:00pm,USD,Core Durable Goods Orders m/m,Medium,0.2%,0.8%,1.17165,1.17252,1.1683,1.16961
2021-09-27,6:00pm,USD,Durable Goods Orders m/m,Medium,1.8%,0.5%,1.17165,1.17252,1.1683,1.16961
2021-09-28,11:30am,EUR,German GfK Consumer Climate,Low,0.3,-1.1,1.16954,1.17033,1.1666,1.16812
2021-09-28,6:00pm,USD,Goods Trade Balance,Low,-87.6B,-86.8B,1.16954,1.17033,1.1666,1.16812
2021-09-28,6:00pm,USD,Prelim Wholesale Inventories m/m,Low,1.2%,0.6%,1.16954,1.17033,1.1666,1.16812
2021-09-28,6:00pm,USD,HPI m/m,Low,1.4%,1.7%,1.16954,1.17033,1.1666,1.16812
2021-09-28,6:00pm,USD,S&P/CS Composite-20 HPI y/y,Low,19.9%,19.1%,1.16954,1.17033,1.1666,1.16812
2021-09-28,7:29pm,USD,Richmond Manufacturing Index,Low,-3,9,1.16954,1.17033,1.1666,1.16812
2021-09-28,7:29pm,USD,CB Consumer Confidence,Medium,109.3,115.2,1.16954,1.17033,1.1666,1.16812
2021-09-29,11:30am,EUR,German Import Prices m/m,Low,1.4%,2.2%,1.16827,1.16902,1.1587,1.1596
2021-09-29,12:30pm,EUR,Spanish Flash CPI y/y,Low,4.0%,3.3%,1.16827,1.16902,1.1587,1.1596
2021-09-29,2:42pm,EUR,Italian 10-y Bond Auction,Low,0.86|1.7,0.67|1.4,1.16827,1.16902,1.1587,1.1596
2021-09-29,3:07pm,EUR,German 10-y Bond Auction,Low,-0.22|1.1,-0.38|1.1,1.16827,1.16902,1.1587,1.1596
2021-09-29,7:30pm,USD,Pending Home Sales m/m,Medium,8.1%,-2.0%,1.16827,1.16902,1.1587,1.1596
2021-09-29,8:00pm,USD,Crude Oil Inventories,Medium,4.6M,-3.5M,1.16827,1.16902,1.1587,1.1596
2021-09-30,All Day,EUR,German Prelim CPI m/m,Low,0.0%,0.0%,1.15966,1.16098,1.1561,1.158
2021-09-30,12:15pm,EUR,French Consumer Spending m/m,Low,1.0%,-2.4%,1.15966,1.16098,1.1561,1.158
2021-09-30,12:15pm,EUR,French Prelim CPI m/m,Low,-0.2%,0.6%,1.15966,1.16098,1.1561,1.158
2021-09-30,1:25pm,EUR,German Unemployment Change,Low,-30K,-53K,1.15966,1.16098,1.1561,1.158
2021-09-30,1:30pm,EUR,Italian Monthly Unemployment Rate,Low,9.3%,9.3%,1.15966,1.16098,1.1561,1.158
2021-09-30,2:30pm,EUR,Italian Prelim CPI m/m,Low,-0.1%,0.4%,1.15966,1.16098,1.1561,1.158
2021-09-30,2:30pm,EUR,Unemployment Rate,Low,7.5%,7.6%,1.15966,1.16098,1.1561,1.158
2021-09-30,6:00pm,USD,Final GDP q/q,Medium,6.7%,6.6%,1.15966,1.16098,1.1561,1.158
2021-09-30,6:00pm,USD,Unemployment Claims,Medium,362K,351K,1.15966,1.16098,1.1561,1.158
2021-09-30,6:00pm,USD,Final GDP Price Index q/q,Low,6.1%,6.1%,1.15966,1.16098,1.1561,1.158
2021-09-30,7:15pm,USD,Chicago PMI,Medium,64.7,66.8,1.15966,1.16098,1.1561,1.158
2021-09-30,8:00pm,USD,Natural Gas Storage,Low,88B,76B,1.15966,1.16098,1.1561,1.158
2021-10-01,11:30am,EUR,German Retail Sales m/m,Low,1.1%,-4.5%,1.15802,1.16074,1.1561,1.1594
2021-10-01,12:15pm,EUR,French Gov Budget Balance,Low,-178.0B,-166.6B,1.15802,1.16074,1.1561,1.1594
2021-10-01,12:45pm,EUR,Spanish Manufacturing PMI,Low,58.1,59.5,1.15802,1.16074,1.1561,1.1594
2021-10-01,1:15pm,EUR,Italian Manufacturing PMI,Low,59.7,60.9,1.15802,1.16074,1.1561,1.1594
2021-10-01,1:20pm,EUR,French Final Manufacturing PMI,Low,55.0,55.2,1.15802,1.16074,1.1561,1.1594
2021-10-01,1:25pm,EUR,German Final Manufacturing PMI,Medium,58.4,58.5,1.15802,1.16074,1.1561,1.1594
2021-10-01,1:30pm,EUR,Final Manufacturing PMI,Low,58.6,58.7,1.15802,1.16074,1.1561,1.1594
2021-10-01,2:30pm,EUR,Core CPI Flash Estimate y/y,Low,1.9%,1.6%,1.15802,1.16074,1.1561,1.1594
2021-10-01,2:30pm,EUR,CPI Flash Estimate y/y,Low,3.4%,3.0%,1.15802,1.16074,1.1561,1.1594
2021-10-01,2:30pm,USD,Core PCE Price Index m/m,High,0.3%,0.3%,1.15802,1.16074,1.1561,1.1594
2021-10-01,2:30pm,USD,Personal Income m/m,Low,0.2%,1.1%,1.15802,1.16074,1.1561,1.1594
2021-10-01,2:30pm,USD,Personal Spending m/m,Low,0.8%,-0.1%,1.15802,1.16074,1.1561,1.1594
2021-10-01,7:15pm,USD,Final Manufacturing PMI,Low,60.7,60.5,1.15802,1.16074,1.1561,1.1594
2021-10-01,7:30pm,USD,ISM Manufacturing PMI,High,61.1,59.9,1.15802,1.16074,1.1561,1.1594
2021-10-01,7:30pm,USD,Revised UoM Consumer Sentiment,Medium,72.8,71.0,1.15802,1.16074,1.1561,1.1594
2021-10-01,7:30pm,USD,Construction Spending m/m,Low,0.0%,0.3%,1.15802,1.16074,1.1561,1.1594
2021-10-01,7:30pm,USD,ISM Manufacturing Prices,Low,81.2,79.4,1.15802,1.16074,1.1561,1.1594
2021-10-01,7:30pm,USD,Revised UoM Inflation Expectations,Low,4.6%,4.7%,1.15802,1.16074,1.1561,1.1594
2021-10-01,All Day,USD,Wards Total Vehicle Sales,Low,12.2M,13.1M,1.15802,1.16074,1.1561,1.1594
2021-10-04,12:30pm,EUR,Spanish Unemployment Change,Medium,-76.1K,-82.6K,1.15937,1.16402,1.1586,1.1618
2021-10-04,2:00pm,EUR,Sentix Investor Confidence,Low,16.9,19.6,1.15937,1.16402,1.1586,1.1618
2021-10-04,7:30pm,USD,Factory Orders m/m,Low,1.2%,0.7%,1.15937,1.16402,1.1586,1.1618
2021-10-05,12:15pm,EUR,French Industrial Production m/m,Low,1.0%,0.5%,1.1617,1.1622,1.1579,1.1596
2021-10-05,12:45pm,EUR,Spanish Services PMI,Low,56.9,60.1,1.1617,1.1622,1.1579,1.1596
2021-10-05,1:15pm,EUR,Italian Services PMI,Low,55.5,58.0,1.1617,1.1622,1.1579,1.1596
2021-10-05,1:20pm,EUR,French Final Services PMI,Low,56.2,56.0,1.1617,1.1622,1.1579,1.1596
2021-10-05,1:25pm,EUR,German Final Services PMI,Low,56.2,56.0,1.1617,1.1622,1.1579,1.1596
2021-10-05,1:30pm,EUR,Final Services PMI,Low,56.4,56.3,1.1617,1.1622,1.1579,1.1596
2021-10-05,2:30pm,EUR,PPI m/m,Low,1.1%,2.5%,1.1617,1.1622,1.1579,1.1596
2021-10-05,2:30pm,USD,Trade Balance,Low,-73.3B,-70.3B,1.1617,1.1622,1.1579,1.1596
2021-10-05,7:15pm,USD,Final Services PMI,Low,54.9,54.4,1.1617,1.1622,1.1579,1.1596
2021-10-05,7:24pm,USD,RCM/TIPP Economic Optimism,Low,46.8,48.5,1.1617,1.1622,1.1579,1.1596
2021-10-05,7:30pm,USD,ISM Services PMI,High,61.9,61.7,1.1617,1.1622,1.1579,1.1596
2021-10-06,11:30am,EUR,German Factory Orders m/m,Low,-7.7%,4.9%,1.15948,1.16006,1.1527,1.1554
2021-10-06,2:30pm,EUR,Retail Sales m/m,Low,0.3%,-2.6%,1.15948,1.16006,1.1527,1.1554
2021-10-06,5:45pm,USD,ADP Non-Farm Employment Change,High,568K,340K,1.15948,1.16006,1.1527,1.1554
2021-10-06,8:00pm,USD,Crude Oil Inventories,Medium,2.3M,4.6M,1.15948,1.16006,1.1527,1.1554
2021-10-07,11:30am,EUR,German Industrial Production m/m,Low,-4.0%,1.3%,1.15533,1.15721,1.1546,1.15544
2021-10-07,12:15pm,EUR,French Trade Balance,Low,-6.7B,-7.1B,1.15533,1.15721,1.1546,1.15544
2021-10-07,1:30pm,EUR,Italian Retail Sales m/m,Low,0.4%,-0.3%,1.15533,1.15721,1.1546,1.15544
2021-10-07,2:26pm,EUR,Spanish 10-y Bond Auction,Low,0.45|1.4,0.33|1.4,1.15533,1.15721,1.1546,1.15544
2021-10-07,2:37pm,EUR,French 10-y Bond Auction,Low,0.15|2.1,-0.05|1.8,1.15533,1.15721,1.1546,1.15544
2021-10-07,2:37pm,USD,Challenger Job Cuts y/y,Low,-84.9%,-86.4%,1.15533,1.15721,1.1546,1.15544
2021-10-07,6:00pm,USD,Unemployment Claims,Medium,326K,364K,1.15533,1.15721,1.1546,1.15544
2021-10-07,8:00pm,USD,Natural Gas Storage,Low,118B,88B,1.15533,1.15721,1.1546,1.15544
2021-10-08,12:30am,USD,Consumer Credit m/m,Low,14.4B,17.3B,1.15547,1.15861,1.1539,1.1567
2021-10-08,11:32am,EUR,German Trade Balance,Low,13.0B,17.7B,1.15547,1.15861,1.1539,1.1567
2021-10-08,11:32am,USD,Average Hourly Earnings m/m,High,0.6%,0.4%,1.15547,1.15861,1.1539,1.1567
2021-10-08,11:32am,USD,Non-Farm Employment Change,High,194K,366K,1.15547,1.15861,1.1539,1.1567
2021-10-08,11:32am,USD,Unemployment Rate,High,4.8%,5.2%,1.15547,1.15861,1.1539,1.1567
2021-10-08,7:30pm,USD,Final Wholesale Inventories m/m,Low,1.2%,1.2%,1.15547,1.15861,1.1539,1.1567
2021-10-11,1:30pm,EUR,Italian Industrial Production m/m,Low,-0.2%,1.0%,1.15693,1.15868,1.1547,1.1554
2021-10-12,11:30am,EUR,German WPI m/m,Low,0.8%,0.5%,1.15539,1.15703,1.1523,1.153
2021-10-12,2:30pm,EUR,ZEW Economic Sentiment,Medium,21.0,31.1,1.15539,1.15703,1.1523,1.153
2021-10-12,2:30pm,EUR,German ZEW Economic Sentiment,Medium,22.3,26.5,1.15539,1.15703,1.1523,1.153
2021-10-12,3:30pm,USD,NFIB Small Business Index,Low,99.1,100.1,1.15539,1.15703,1.1523,1.153
2021-10-12,7:30pm,USD,JOLTS Job Openings,Medium,10.44M,11.10M,1.15539,1.15703,1.1523,1.153
2021-10-12,10:31pm,USD,10-y Bond Auction,Medium,1.58|2.6,1.34|2.6,1.15539,1.15703,1.1523,1.153
2021-10-13,11:30am,EUR,German Final CPI m/m,Low,0.0%,0.0%,1.15302,1.15985,1.1527,1.15974
2021-10-13,2:30pm,EUR,Industrial Production m/m,Low,-1.6%,1.4%,1.15302,1.15985,1.1527,1.15974
2021-10-13,3:04pm,EUR,German 30-y Bond Auction,Low,0.35|2.0,-0.04|2.0,1.15302,1.15985,1.1527,1.15974
2021-10-13,6:00pm,USD,Core CPI m/m,High,0.2%,0.1%,1.15302,1.15985,1.1527,1.15974
2021-10-13,6:00pm,USD,CPI m/m,High,0.4%,0.3%,1.15302,1.15985,1.1527,1.15974
2021-10-13,6:00pm,USD,CPI y/y,High,5.4%,5.3%,1.15302,1.15985,1.1527,1.15974
2021-10-13,10:31pm,USD,30-y Bond Auction,Medium,2.05|2.4,1.91|2.5,1.15302,1.15985,1.1527,1.15974
2021-10-14,10:00am,USD,PPI m/m,High,0.5%,0.7%,1.15974,1.16245,1.1582,1.1598
2021-10-14,10:00am,USD,Core PPI m/m,Medium,0.2%,0.6%,1.15974,1.16245,1.1582,1.1598
2021-10-14,10:00am,USD,Unemployment Claims,Medium,293K,329K,1.15974,1.16245,1.1582,1.1598
2021-10-14,8:00pm,USD,Natural Gas Storage,Low,81B,118B,1.15974,1.16245,1.1582,1.1598
2021-10-14,8:30pm,USD,Crude Oil Inventories,Medium,6.1M,2.3M,1.15974,1.16245,1.1582,1.1598
2021-10-15,12:15pm,EUR,French Final CPI m/m,Low,-0.2%,-0.2%,1.15973,1.1619,1.1586,1.16
2021-10-15,2:30pm,EUR,Italian Trade Balance,Low,1.32B,8.76B,1.15973,1.1619,1.1586,1.16
2021-10-15,2:30pm,EUR,Trade Balance,Low,11.1B,13.5B,1.15973,1.1619,1.1586,1.16
2021-10-15,2:30pm,USD,Core Retail Sales m/m,High,0.8%,2.0%,1.15973,1.1619,1.1586,1.16
2021-10-15,2:30pm,USD,Retail Sales m/m,High,0.7%,0.9%,1.15973,1.1619,1.1586,1.16
2021-10-15,2:30pm,USD,Empire State Manufacturing Index,Medium,19.8,34.3,1.15973,1.1619,1.1586,1.16
2021-10-15,2:30pm,USD,Import Prices m/m,Low,0.4%,-0.3%,1.15973,1.1619,1.1586,1.16
2021-10-15,7:30pm,USD,Prelim UoM Consumer Sentiment,Medium,71.4,72.8,1.15973,1.1619,1.1586,1.16
2021-10-15,7:30pm,USD,Business Inventories m/m,Low,0.6%,0.6%,1.15973,1.1619,1.1586,1.16
2021-10-15,7:30pm,USD,Prelim UoM Inflation Expectations,Low,4.8%,4.6%,1.15973,1.1619,1.1586,1.16
2021-10-18,6:45pm,USD,Industrial Production m/m,Medium,-1.3%,-0.1%,1.15987,1.16224,1.157,1.16089
2021-10-18,6:45pm,USD,Capacity Utilization Rate,Low,75.2%,76.2%,1.15987,1.16224,1.157,1.16089
2021-10-18,7:30pm,USD,NAHB Housing Market Index,Low,80,76,1.15987,1.16224,1.157,1.16089
2021-10-19,1:30am,USD,TIC Long-Term Purchases,Low,79.3B,2.0B,1.16092,1.16694,1.1607,1.16286
2021-10-19,6:00pm,USD,Building Permits,Low,1.59M,1.72M,1.16092,1.16694,1.1607,1.16286
2021-10-19,6:00pm,USD,Housing Starts,Low,1.56M,1.58M,1.16092,1.16694,1.1607,1.16286
2021-10-20,11:30am,EUR,German PPI m/m,Low,2.3%,1.5%,1.16296,1.16586,1.1615,1.1648
2021-10-20,1:30pm,EUR,Current Account,Low,13.4B,22.6B,1.16296,1.16586,1.1615,1.1648
2021-10-20,2:30pm,EUR,Final Core CPI y/y,Low,1.9%,1.9%,1.16296,1.16586,1.1615,1.1648
2021-10-20,2:30pm,EUR,Final CPI y/y,Low,3.4%,3.4%,1.16296,1.16586,1.1615,1.1648
2021-10-20,3:05pm,EUR,German 10-y Bond Auction,Low,-0.16|1.1,-0.22|1.1,1.16296,1.16586,1.1615,1.1648
2021-10-20,8:00pm,USD,Crude Oil Inventories,Medium,-0.4M,6.1M,1.16296,1.16586,1.1615,1.1648
2021-10-21,3:30pm,USD,Philly Fed Manufacturing Index,Medium,23.8,30.7,1.16484,1.16674,1.1618,1.1625
2021-10-21,3:30pm,USD,Unemployment Claims,Medium,290K,296K,1.16484,1.16674,1.1618,1.1625
2021-10-21,7:30pm,EUR,Consumer Confidence,Low,-5,-4,1.16484,1.16674,1.1618,1.1625
2021-10-21,7:30pm,USD,CB Leading Index m/m,Low,0.2%,0.8%,1.16484,1.16674,1.1618,1.1625
2021-10-21,7:30pm,USD,Existing Home Sales,Low,6.29M,5.88M,1.16484,1.16674,1.1618,1.1625
2021-10-21,8:00pm,USD,Natural Gas Storage,Low,92B,81B,1.16484,1.16674,1.1618,1.1625
2021-10-22,12:45pm,EUR,French Flash Manufacturing PMI,Medium,53.5,55.0,1.16256,1.16558,1.1619,1.1647
2021-10-22,12:45pm,EUR,French Flash Services PMI,Medium,56.6,56.2,1.16256,1.16558,1.1619,1.1647
2021-10-22,1:00pm,EUR,German Flash Manufacturing PMI,High,58.2,58.4,1.16256,1.16558,1.1619,1.1647
2021-10-22,1:00pm,EUR,German Flash Services PMI,High,52.4,56.2,1.16256,1.16558,1.1619,1.1647
2021-10-22,1:30pm,EUR,Flash Manufacturing PMI,Medium,58.5,58.6,1.16256,1.16558,1.1619,1.1647
2021-10-22,1:30pm,EUR,Flash Services PMI,Medium,54.7,56.4,1.16256,1.16558,1.1619,1.1647
2021-10-22,7:15pm,USD,Flash Manufacturing PMI,Medium,59.2,60.7,1.16256,1.16558,1.1619,1.1647
2021-10-22,7:15pm,USD,Flash Services PMI,Medium,58.2,54.9,1.16256,1.16558,1.1619,1.1647
2021-10-22,11:28pm,USD,Federal Budget Balance,Low,-61.5B,-170.6B,1.16256,1.16558,1.1619,1.1647
2021-10-25,1:30pm,EUR,German ifo Business Climate,Medium,97.7,98.9,1.16368,1.16652,1.1589,1.16099
2021-10-25,6:30pm,EUR,Belgian NBB Business Climate,Low,4.0,4.0,1.16368,1.16652,1.1589,1.16099
2021-10-26,6:30pm,USD,HPI m/m,Low,1.0%,1.4%,1.16105,1.16258,1.1583,1.1592
2021-10-26,6:30pm,USD,S&P/CS Composite-20 HPI y/y,Low,19.7%,20.0%,1.16105,1.16258,1.1583,1.1592
2021-10-26,7:29pm,USD,Richmond Manufacturing Index,Medium,12,-3,1.16105,1.16258,1.1583,1.1592
2021-10-26,7:30pm,USD,CB Consumer Confidence,Medium,113.8,109.8,1.16105,1.16258,1.1583,1.1592
2021-10-26,7:30pm,USD,New Home Sales,Low,800K,702K,1.16105,1.16258,1.1583,1.1592
2021-10-27,11:30am,EUR,German GfK Consumer Climate,Low,0.9,0.4,1.15923,1.16262,1.1583,1.16017
2021-10-27,11:30am,EUR,German Import Prices m/m,Low,1.3%,1.4%,1.15923,1.16262,1.1583,1.16017
2021-10-27,11:30am,EUR,M3 Money Supply y/y,Low,7.4%,7.9%,1.15923,1.16262,1.1583,1.16017
2021-10-27,11:30am,EUR,Private Loans y/y,Low,4.1%,4.2%,1.15923,1.16262,1.1583,1.16017
2021-10-27,6:00pm,USD,Core Durable Goods Orders m/m,Medium,0.4%,0.3%,1.15923,1.16262,1.1583,1.16017
2021-10-27,6:00pm,USD,Durable Goods Orders m/m,Medium,-0.4%,1.3%,1.15923,1.16262,1.1583,1.16017
2021-10-27,6:00pm,USD,Goods Trade Balance,Low,-96.3B,-88.2B,1.15923,1.16262,1.1583,1.16017
2021-10-27,6:00pm,USD,Prelim Wholesale Inventories m/m,Low,1.1%,1.2%,1.15923,1.16262,1.1583,1.16017
2021-10-27,8:00pm,USD,Crude Oil Inventories,Medium,4.3M,-0.4M,1.15923,1.16262,1.1583,1.16017
2021-10-28,All Day,EUR,German Prelim CPI m/m,Low,0.5%,0.0%,1.16008,1.16922,1.158,1.1681
2021-10-28,12:30pm,EUR,Spanish Flash CPI y/y,Low,5.5%,4.0%,1.16008,1.16922,1.158,1.1681
2021-10-28,12:30pm,EUR,Spanish Unemployment Rate,Low,14.6%,15.3%,1.16008,1.16922,1.158,1.1681
2021-10-28,1:25pm,EUR,German Unemployment Change,Low,-39K,-31K,1.16008,1.16922,1.158,1.1681
2021-10-28,2:49pm,EUR,Italian 10-y Bond Auction,Low,1.05|1.3,0.86|1.7,1.16008,1.16922,1.158,1.1681
2021-10-28,2:49pm,EUR,Main Refinancing Rate,Medium,0.00%,0.00%,1.16008,1.16922,1.158,1.1681
2021-10-28,2:49pm,USD,Advance GDP q/q,High,2.0%,6.7%,1.16008,1.16922,1.158,1.1681
2021-10-28,2:49pm,USD,Advance GDP Price Index q/q,Medium,5.7%,6.1%,1.16008,1.16922,1.158,1.1681
2021-10-28,2:49pm,USD,Unemployment Claims,Medium,281K,291K,1.16008,1.16922,1.158,1.1681
2021-10-28,7:30pm,USD,Pending Home Sales m/m,Medium,-2.3%,8.1%,1.16008,1.16922,1.158,1.1681
2021-10-28,8:00pm,USD,Natural Gas Storage,Low,87B,92B,1.16008,1.16922,1.158,1.1681
2021-10-29,11:00am,EUR,French Consumer Spending m/m,Low,-0.2%,0.7%,1.16808,1.16902,1.1533,1.1561
2021-10-29,11:00am,EUR,French Flash GDP q/q,Low,3.0%,1.1%,1.16808,1.16902,1.1533,1.1561
2021-10-29,12:15pm,EUR,French Prelim CPI m/m,Low,0.4%,-0.2%,1.16808,1.16902,1.1533,1.1561
2021-10-29,12:15pm,EUR,Spanish Flash GDP q/q,Low,2.0%,1.1%,1.16808,1.16902,1.1533,1.1561
2021-10-29,1:30pm,EUR,German Prelim GDP q/q,Medium,1.8%,1.6%,1.16808,1.16902,1.1533,1.1561
2021-10-29,1:30pm,EUR,Italian Prelim GDP q/q,Low,2.6%,2.7%,1.16808,1.16902,1.1533,1.1561
2021-10-29,2:30pm,EUR,Core CPI Flash Estimate y/y,Low,2.1%,1.9%,1.16808,1.16902,1.1533,1.1561
2021-10-29,2:30pm,EUR,CPI Flash Estimate y/y,Low,4.1%,3.4%,1.16808,1.16902,1.1533,1.1561
2021-10-29,2:30pm,EUR,Italian Prelim CPI m/m,Low,0.6%,-0.2%,1.16808,1.16902,1.1533,1.1561
2021-10-29,2:30pm,EUR,Prelim Flash GDP q/q,Low,2.2%,2.2%,1.16808,1.16902,1.1533,1.1561
2021-10-29,2:30pm,USD,Core PCE Price Index m/m,High,0.2%,0.3%,1.16808,1.16902,1.1533,1.1561
2021-10-29,2:30pm,USD,Employment Cost Index q/q,Low,1.3%,0.7%,1.16808,1.16902,1.1533,1.1561
2021-10-29,2:30pm,USD,Personal Income m/m,Low,-1.0%,0.2%,1.16808,1.16902,1.1533,1.1561
2021-10-29,2:30pm,USD,Personal Spending m/m,Low,0.6%,1.0%,1.16808,1.16902,1.1533,1.1561
2021-10-29,7:15pm,USD,Chicago PMI,Medium,68.4,64.7,1.16808,1.16902,1.1533,1.1561
2021-10-29,7:30pm,USD,Revised UoM Consumer Sentiment,Medium,71.7,71.4,1.16808,1.16902,1.1533,1.1561
2021-10-29,7:30pm,USD,Revised UoM Inflation Expectations,Low,4.8%,4.8%,1.16808,1.16902,1.1533,1.1561
2021-11-01,12:30pm,EUR,German Retail Sales m/m,Low,-2.5%,1.2%,1.15631,1.16092,1.1544,1.1604
2021-11-01,7:15pm,USD,Final Manufacturing PMI,Low,58.4,59.2,1.15631,1.16092,1.1544,1.1604
2021-11-01,7:30pm,USD,ISM Manufacturing PMI,High,60.8,61.1,1.15631,1.16092,1.1544,1.1604
2021-11-01,7:30pm,USD,Construction Spending m/m,Low,-0.5%,0.1%,1.15631,1.16092,1.1544,1.1604
2021-11-01,7:30pm,USD,ISM Manufacturing Prices,Low,85.7,81.2,1.15631,1.16092,1.1544,1.1604
2021-11-02,1:45pm,EUR,Spanish Manufacturing PMI,Low,57.4,58.1,1.16032,1.16134,1.1573,1.15783
2021-11-02,2:15pm,EUR,Italian Manufacturing PMI,Low,61.1,59.7,1.16032,1.16134,1.1573,1.15783
2021-11-02,2:20pm,EUR,French Final Manufacturing PMI,Low,53.6,53.5,1.16032,1.16134,1.1573,1.15783
2021-11-02,2:25pm,EUR,German Final Manufacturing PMI,Low,57.8,58.2,1.16032,1.16134,1.1573,1.15783
2021-11-02,2:30pm,EUR,Final Manufacturing PMI,Low,58.3,58.5,1.16032,1.16134,1.1573,1.15783
2021-11-02,6:40pm,USD,RCM/TIPP Economic Optimism,Low,43.9,46.8,1.16032,1.16134,1.1573,1.15783
2021-11-02,All Day,USD,Wards Total Vehicle Sales,Low,13.0M,12.2M,1.16032,1.16134,1.1573,1.15783
2021-11-03,1:15pm,EUR,French Gov Budget Balance,Low,-175.1B,-178.0B,1.15781,1.16164,1.156,1.1613
2021-11-03,1:30pm,EUR,Spanish Unemployment Change,Medium,-0.7K,-76.1K,1.15781,1.16164,1.156,1.1613
2021-11-03,2:30pm,EUR,Italian Monthly Unemployment Rate,Low,9.2%,9.3%,1.15781,1.16164,1.156,1.1613
2021-11-03,3:00pm,EUR,Unemployment Rate,Low,7.4%,7.5%,1.15781,1.16164,1.156,1.1613
2021-11-03,5:45pm,USD,ADP Non-Farm Employment Change,High,571K,523K,1.15781,1.16164,1.156,1.1613
2021-11-03,7:15pm,USD,Final Services PMI,Low,58.7,58.2,1.15781,1.16164,1.156,1.1613
2021-11-03,7:30pm,USD,ISM Services PMI,High,66.7,61.9,1.15781,1.16164,1.156,1.1613
2021-11-03,7:30pm,USD,Factory Orders m/m,Low,0.2%,1.0%,1.15781,1.16164,1.156,1.1613
2021-11-03,8:00pm,USD,Crude Oil Inventories,Medium,3.3M,4.3M,1.15781,1.16164,1.156,1.1613
2021-11-03,11:30pm,USD,Federal Funds Rate,High,<0.25%,<0.25%,1.15781,1.16164,1.156,1.1613
2021-11-04,12:30pm,EUR,German Factory Orders m/m,Low,1.3%,-8.8%,1.16122,1.16164,1.1526,1.15526
2021-11-04,1:45pm,EUR,Spanish Services PMI,Low,56.6,56.9,1.16122,1.16164,1.1526,1.15526
2021-11-04,2:15pm,EUR,Italian Services PMI,Low,52.4,55.5,1.16122,1.16164,1.1526,1.15526
2021-11-04,2:20pm,EUR,French Final Services PMI,Low,56.6,56.6,1.16122,1.16164,1.1526,1.15526
2021-11-04,2:25pm,EUR,German Final Services PMI,Low,52.4,52.4,1.16122,1.16164,1.1526,1.15526
2021-11-04,2:30pm,EUR,Final Services PMI,Low,54.6,54.7,1.16122,1.16164,1.1526,1.15526
2021-11-04,3:20pm,EUR,Spanish 10-y Bond Auction,Low,0.48|1.3,0.45|1.4,1.16122,1.16164,1.1526,1.15526
2021-11-04,3:30pm,EUR,French 10-y Bond Auction,Low,0.16|1.8,0.15|2.1,1.16122,1.16164,1.1526,1.15526
2021-11-04,3:30pm,EUR,PPI m/m,Low,2.7%,1.1%,1.16122,1.16164,1.1526,1.15526
2021-11-04,5:00pm,USD,Challenger Job Cuts y/y,Low,-71.7%,-84.9%,1.16122,1.16164,1.1526,1.15526
2021-11-04,5:30pm,USD,Unemployment Claims,Medium,269K,283K,1.16122,1.16164,1.1526,1.15526
2021-11-04,5:30pm,USD,Prelim Nonfarm Productivity q/q,Low,-5.0%,2.1%,1.16122,1.16164,1.1526,1.15526
2021-11-04,5:30pm,USD,Prelim Unit Labor Costs q/q,Low,8.3%,1.3%,1.16122,1.16164,1.1526,1.15526
2021-11-04,5:30pm,USD,Trade Balance,Low,-80.9B,-72.8B,1.16122,1.16164,1.1526,1.15526
2021-11-04,8:00pm,USD,Natural Gas Storage,Low,63B,87B,1.16122,1.16164,1.1526,1.15526
2021-11-05,12:30pm,EUR,German Industrial Production m/m,Low,-1.1%,-3.5%,1.15539,1.15732,1.1512,1.1566
2021-11-05,1:15pm,EUR,French Industrial Production m/m,Low,-1.3%,1.0%,1.15539,1.15732,1.1512,1.1566
2021-11-05,1:15pm,EUR,French Prelim Private Payrolls q/q,Low,0.5%,1.4%,1.15539,1.15732,1.1512,1.1566
2021-11-05,2:30pm,EUR,Italian Retail Sales m/m,Low,0.8%,0.8%,1.15539,1.15732,1.1512,1.1566
2021-11-05,3:30pm,EUR,Retail Sales m/m,Low,-0.3%,1.0%,1.15539,1.15732,1.1512,1.1566
2021-11-05,3:30pm,USD,Average Hourly Earnings m/m,High,0.4%,0.6%,1.15539,1.15732,1.1512,1.1566
2021-11-05,3:30pm,USD,Non-Farm Employment Change,High,531K,312K,1.15539,1.15732,1.1512,1.1566
2021-11-05,3:30pm,USD,Unemployment Rate,High,4.6%,4.8%,1.15539,1.15732,1.1512,1.1566
2021-11-06,12:30am,USD,Consumer Credit m/m,Low,29.9B,13.8B,,,,
2021-11-08,3:00pm,EUR,Sentix Investor Confidence,Low,18.3,16.9,1.15573,1.1595,1.1549,1.15863
2021-11-09,12:35pm,EUR,German Trade Balance,Low,13.2B,14.0B,1.1584,1.16089,1.1568,1.15924
2021-11-09,1:15pm,EUR,French Trade Balance,Low,-6.8B,-6.7B,1.1584,1.16089,1.1568,1.15924
2021-11-09,3:30pm,EUR,ZEW Economic Sentiment,Medium,25.9,21.0,1.1584,1.16089,1.1568,1.15924
2021-11-09,3:30pm,EUR,German ZEW Economic Sentiment,Medium,31.7,22.3,1.1584,1.16089,1.1568,1.15924
2021-11-09,4:30pm,USD,NFIB Small Business Index,Low,98.2,99.1,1.1584,1.16089,1.1568,1.15924
2021-11-09,7:00pm,USD,PPI m/m,High,0.6%,0.5%,1.1584,1.16089,1.1568,1.15924
2021-11-09,7:00pm,USD,Core PPI m/m,Medium,0.4%,0.2%,1.1584,1.16089,1.1568,1.15924
2021-11-09,11:31pm,USD,10-y Bond Auction,Medium,1.44|2.4,1.58|2.6,1.1584,1.16089,1.1568,1.15924
2021-11-10,12:30pm,EUR,German Final CPI m/m,Low,0.5%,0.5%,1.15921,1.15953,1.1474,1.14781
2021-11-10,12:30pm,EUR,Italian Industrial Production m/m,Low,0.1%,-0.3%,1.15921,1.15953,1.1474,1.14781
2021-11-10,4:06pm,EUR,German 10-y Bond Auction,Low,-0.29|1.1,-0.16|1.1,1.15921,1.15953,1.1474,1.14781
2021-11-10,4:06pm,USD,Core CPI m/m,High,0.6%,0.2%,1.15921,1.15953,1.1474,1.14781
2021-11-10,4:06pm,USD,CPI m/m,High,0.9%,0.4%,1.15921,1.15953,1.1474,1.14781
2021-11-10,4:06pm,USD,CPI y/y,High,6.2%,5.4%,1.15921,1.15953,1.1474,1.14781
2021-11-10,4:06pm,USD,Unemployment Claims,Medium,267K,271K,1.15921,1.15953,1.1474,1.14781
2021-11-10,8:30pm,USD,Final Wholesale Inventories m/m,Low,1.4%,1.1%,1.15921,1.15953,1.1474,1.14781
2021-11-10,8:30pm,USD,Mortgage Delinquencies,Low,4.88%,5.47%,1.15921,1.15953,1.1474,1.14781
2021-11-10,9:00pm,USD,Crude Oil Inventories,Medium,1.0M,3.3M,1.15921,1.15953,1.1474,1.14781
2021-11-10,10:30pm,USD,Natural Gas Storage,Low,7B,63B,1.15921,1.15953,1.1474,1.14781
2021-11-10,11:31pm,USD,30-y Bond Auction,Medium,1.94|2.2,2.05|2.4,1.15921,1.15953,1.1474,1.14781
2021-11-11,12:30am,USD,Federal Budget Balance,Low,-165.1B,-61.5B,1.1478,1.14877,1.1441,1.14499
2021-11-12,12:30pm,EUR,German WPI m/m,Low,1.6%,0.8%,1.14495,1.14622,1.1431,1.14447
2021-11-12,3:30pm,EUR,Industrial Production m/m,Low,-0.2%,-1.7%,1.14495,1.14622,1.1431,1.14447
2021-11-12,8:30pm,USD,JOLTS Job Openings,Medium,10.44M,10.63M,1.14495,1.14622,1.1431,1.14447
2021-11-12,8:30pm,USD,Prelim UoM Consumer Sentiment,Medium,66.8,71.7,1.14495,1.14622,1.1431,1.14447
2021-11-12,8:30pm,USD,Prelim UoM Inflation Expectations,Low,4.9%,4.8%,1.14495,1.14622,1.1431,1.14447
2021-11-15,10:00am,EUR,Trade Balance,Low,6.1B,9.7B,1.14452,1.1464,1.1355,1.13672
2021-11-15,10:00am,USD,Empire State Manufacturing Index,Medium,30.9,19.8,1.14452,1.1464,1.1355,1.13672
2021-11-16,1:15pm,EUR,French Final CPI m/m,Low,0.4%,0.4%,1.13674,1.1386,1.1307,1.13199
2021-11-16,3:30pm,EUR,Flash Employment Change q/q,Low,0.9%,0.7%,1.13674,1.1386,1.1307,1.13199
2021-11-16,3:30pm,EUR,Flash GDP q/q,Low,2.2%,2.2%,1.13674,1.1386,1.1307,1.13199
2021-11-16,7:00pm,USD,Core Retail Sales m/m,High,1.7%,0.7%,1.13674,1.1386,1.1307,1.13199
2021-11-16,7:00pm,USD,Retail Sales m/m,High,1.7%,0.8%,1.13674,1.1386,1.1307,1.13199
2021-11-16,7:00pm,USD,Import Prices m/m,Low,1.2%,0.4%,1.13674,1.1386,1.1307,1.13199
2021-11-16,7:45pm,USD,Industrial Production m/m,Medium,1.6%,-1.3%,1.13674,1.1386,1.1307,1.13199
2021-11-16,7:45pm,USD,Capacity Utilization Rate,Low,76.4%,75.2%,1.13674,1.1386,1.1307,1.13199
2021-11-16,8:30pm,USD,Business Inventories m/m,Low,0.7%,0.8%,1.13674,1.1386,1.1307,1.13199
2021-11-16,8:30pm,USD,NAHB Housing Market Index,Low,83,80,1.13674,1.1386,1.1307,1.13199
2021-11-17,2:30am,USD,TIC Long-Term Purchases,Low,26.3B,79.3B,1.13196,1.13323,1.1262,1.1318
2021-11-17,2:32pm,EUR,Italian Trade Balance,Low,2.45B,1.32B,1.13196,1.13323,1.1262,1.1318
2021-11-17,3:30pm,EUR,Final Core CPI y/y,Low,2.0%,2.1%,1.13196,1.13323,1.1262,1.1318
2021-11-17,3:30pm,EUR,Final CPI y/y,Low,4.1%,4.1%,1.13196,1.13323,1.1262,1.1318
2021-11-17,4:05pm,EUR,German 30-y Bond Auction,Low,0.08|1.1,0.35|2.0,1.13196,1.13323,1.1262,1.1318
2021-11-17,4:05pm,USD,Building Permits,Low,1.65M,1.59M,1.13196,1.13323,1.1262,1.1318
2021-11-17,4:05pm,USD,Housing Starts,Low,1.52M,1.53M,1.13196,1.13323,1.1262,1.1318
2021-11-17,9:00pm,USD,Crude Oil Inventories,Medium,-2.1M,1.0M,1.13196,1.13323,1.1262,1.1318
2021-11-18,3:19pm,EUR,Spanish 10-y Bond Auction,Low,0.47|1.4,0.48|1.3,1.13192,1.13741,1.1312,1.1371
2021-11-18,3:19pm,USD,Philly Fed Manufacturing Index,Medium,39.0,23.8,1.13192,1.13741,1.1312,1.1371
2021-11-18,3:19pm,USD,Unemployment Claims,Medium,268K,269K,1.13192,1.13741,1.1312,1.1371
2021-11-18,8:30pm,USD,CB Leading Index m/m,Low,0.9%,0.1%,1.13192,1.13741,1.1312,1.1371
2021-11-18,9:00pm,USD,Natural Gas Storage,Low,26B,7B,1.13192,1.13741,1.1312,1.1371
2021-11-19,12:30pm,EUR,German PPI m/m,Low,3.8%,2.3%,1.1372,1.1373,1.1248,1.12794
2021-11-19,2:30pm,EUR,Current Account,Low,18.7B,17.1B,1.1372,1.1373,1.1248,1.12794
2021-11-22,8:29pm,EUR,Consumer Confidence,Low,-7,-5,1.12901,1.1293,1.1229,1.1234
2021-11-22,8:30pm,USD,Existing Home Sales,Low,6.34M,6.29M,1.12901,1.1293,1.1229,1.1234
2021-11-23,1:45pm,EUR,French Flash Services PMI,Medium,58.2,56.6,1.12346,1.12751,1.1225,1.12477
2021-11-23,1:45pm,EUR,French Flash Manufacturing PMI,Low,54.6,53.6,1.12346,1.12751,1.1225,1.12477
2021-11-23,2:00pm,EUR,German Flash Manufacturing PMI,High,57.6,57.8,1.12346,1.12751,1.1225,1.12477
2021-11-23,2:00pm,EUR,German Flash Services PMI,High,53.4,52.4,1.12346,1.12751,1.1225,1.12477
2021-11-23,2:30pm,EUR,Flash Manufacturing PMI,Medium,58.6,58.3,1.12346,1.12751,1.1225,1.12477
2021-11-23,2:30pm,EUR,Flash Services PMI,Medium,56.6,54.6,1.12346,1.12751,1.1225,1.12477
2021-11-23,8:15pm,USD,Flash Manufacturing PMI,Medium,59.1,58.4,1.12346,1.12751,1.1225,1.12477
2021-11-23,8:15pm,USD,Flash Services PMI,Medium,57.0,58.7,1.12346,1.12751,1.1225,1.12477
2021-11-23,8:30pm,USD,Richmond Manufacturing Index,Low,11,12,1.12346,1.12751,1.1225,1.12477
2021-11-24,10:30am,EUR,German ifo Business Climate,Medium,96.5,97.7,1.12477,1.12553,1.1185,1.11977
2021-11-24,7:00pm,USD,Prelim GDP q/q,High,2.1%,2.0%,1.12477,1.12553,1.1185,1.11977
2021-11-24,7:00pm,USD,Core Durable Goods Orders m/m,Medium,0.5%,0.5%,1.12477,1.12553,1.1185,1.11977
2021-11-24,7:00pm,USD,Durable Goods Orders m/m,Medium,-0.5%,-0.3%,1.12477,1.12553,1.1185,1.11977
2021-11-24,7:00pm,USD,Unemployment Claims,Medium,199K,270K,1.12477,1.12553,1.1185,1.11977
2021-11-24,7:00pm,USD,Goods Trade Balance,Low,-82.9B,-96.3B,1.12477,1.12553,1.1185,1.11977
2021-11-24,7:00pm,USD,Prelim GDP Price Index q/q,Low,5.9%,5.7%,1.12477,1.12553,1.1185,1.11977
2021-11-24,7:00pm,USD,Prelim Wholesale Inventories m/m,Low,2.2%,1.4%,1.12477,1.12553,1.1185,1.11977
2021-11-24,7:30pm,EUR,Belgian NBB Business Climate,Low,4.2,4.0,1.12477,1.12553,1.1185,1.11977
2021-11-24,8:30pm,USD,Core PCE Price Index m/m,High,0.4%,0.2%,1.12477,1.12553,1.1185,1.11977
2021-11-24,8:30pm,USD,Revised UoM Consumer Sentiment,Medium,67.4,66.8,1.12477,1.12553,1.1185,1.11977
2021-11-24,8:30pm,USD,New Home Sales,Low,745K,742K,1.12477,1.12553,1.1185,1.11977
2021-11-24,8:30pm,USD,Personal Income m/m,Low,0.5%,-1.0%,1.12477,1.12553,1.1185,1.11977
2021-11-24,8:30pm,USD,Personal Spending m/m,Low,1.3%,0.6%,1.12477,1.12553,1.1185,1.11977
2021-11-24,8:30pm,USD,Revised UoM Inflation Expectations,Low,4.9%,4.9%,1.12477,1.12553,1.1185,1.11977
2021-11-24,9:00pm,USD,Crude Oil Inventories,Medium,1.0M,-2.1M,1.12477,1.12553,1.1185,1.11977
2021-11-24,10:30pm,USD,Natural Gas Storage,Low,-21B,26B,1.12477,1.12553,1.1185,1.11977
2021-11-25,12:30pm,EUR,German Final GDP q/q,Low,1.7%,1.8%,1.11972,1.123,1.11951,1.12065
2021-11-25,12:30pm,EUR,German GfK Consumer Climate,Low,-1.6,1.0,1.11972,1.123,1.11951,1.12065
2021-11-26,12:30pm,EUR,German Import Prices m/m,Low,3.8%,1.3%,1.12056,1.13308,1.12039,1.13155
2021-11-26,2:30pm,EUR,M3 Money Supply y/y,Low,7.7%,7.5%,1.12056,1.13308,1.12039,1.13155
2021-11-26,2:30pm,EUR,Private Loans y/y,Low,4.1%,4.1%,1.12056,1.13308,1.12039,1.13155
2021-11-29,All Day,EUR,German Prelim CPI m/m,Low,-0.2%,0.5%,1.13018,1.13156,1.1257,1.12906
2021-11-29,1:30pm,EUR,Spanish Flash CPI y/y,Low,5.6%,5.4%,1.13018,1.13156,1.1257,1.12906
2021-11-29,8:30pm,USD,Pending Home Sales m/m,Medium,7.5%,-2.4%,1.13018,1.13156,1.1257,1.12906
2021-11-30,1:15pm,EUR,French Consumer Spending m/m,Low,-0.4%,0.2%,1.12902,1.1383,1.1234,1.13368
2021-11-30,1:15pm,EUR,French Prelim CPI m/m,Low,0.4%,0.4%,1.12902,1.1383,1.1234,1.13368
2021-11-30,1:15pm,EUR,French Prelim GDP q/q,Low,3.0%,3.0%,1.12902,1.1383,1.1234,1.13368
2021-11-30,2:25pm,EUR,German Unemployment Change,Low,-34K,-40K,1.12902,1.1383,1.1234,1.13368
2021-11-30,3:30pm,EUR,Core CPI Flash Estimate y/y,Low,2.6%,2.0%,1.12902,1.1383,1.1234,1.13368
2021-11-30,3:30pm,EUR,CPI Flash Estimate y/y,Low,4.9%,4.1%,1.12902,1.1383,1.1234,1.13368
2021-11-30,3:30pm,EUR,Italian Prelim CPI m/m,Low,0.7%,0.7%,1.12902,1.1383,1.1234,1.13368
2021-11-30,3:48pm,EUR,Italian 10-y Bond Auction,Low,1.02|1.5,1.05|1.3,1.12902,1.1383,1.1234,1.13368
2021-11-30,7:30pm,USD,HPI m/m,Low,0.9%,1.0%,1.12902,1.1383,1.1234,1.13368
2021-11-30,7:30pm,USD,S&P/CS Composite-20 HPI y/y,Low,19.1%,19.6%,1.12902,1.1383,1.1234,1.13368
2021-11-30,8:15pm,USD,Chicago PMI,Medium,61.8,68.4,1.12902,1.1383,1.1234,1.13368
2021-11-30,8:15pm,USD,CB Consumer Confidence,Medium,109.5,111.6,1.12902,1.1383,1.1234,1.13368
2021-12-01,12:30pm,EUR,German Retail Sales m/m,Low,-0.3%,-1.9%,1.1335,1.13598,1.1301,1.1319
2021-12-01,1:45pm,EUR,Spanish Manufacturing PMI,Low,57.1,57.4,1.1335,1.13598,1.1301,1.1319
2021-12-01,2:15pm,EUR,Italian Manufacturing PMI,Low,62.8,61.1,1.1335,1.13598,1.1301,1.1319
2021-12-01,2:20pm,EUR,French Final Manufacturing PMI,Low,55.9,54.6,1.1335,1.13598,1.1301,1.1319
2021-12-01,2:25pm,EUR,German Final Manufacturing PMI,Low,57.4,57.6,1.1335,1.13598,1.1301,1.1319
2021-12-01,2:30pm,EUR,Final Manufacturing PMI,Low,58.4,58.6,1.1335,1.13598,1.1301,1.1319
2021-12-01,6:45pm,USD,ADP Non-Farm Employment Change,High,534K,570K,1.1335,1.13598,1.1301,1.1319
2021-12-01,8:15pm,USD,Final Manufacturing PMI,Low,58.3,59.1,1.1335,1.13598,1.1301,1.1319
2021-12-01,8:15pm,USD,ISM Manufacturing PMI,High,61.1,60.8,1.1335,1.13598,1.1301,1.1319
2021-12-01,8:15pm,USD,Construction Spending m/m,Low,0.2%,-0.1%,1.1335,1.13598,1.1301,1.1319
2021-12-01,8:15pm,USD,ISM Manufacturing Prices,Low,82.4,85.7,1.1335,1.13598,1.1301,1.1319
2021-12-01,All Day,USD,Wards Total Vehicle Sales,Low,12.9M,13.0M,1.1335,1.13598,1.1301,1.1319
2021-12-01,9:00pm,USD,Crude Oil Inventories,Medium,-0.9M,1.0M,1.1335,1.13598,1.1301,1.1319
2021-12-02,1:30pm,EUR,Spanish Unemployment Change,Medium,-74.4K,-0.7K,1.13187,1.13477,1.1294,1.13005
2021-12-02,2:30pm,EUR,Italian Monthly Unemployment Rate,Low,9.4%,9.2%,1.13187,1.13477,1.1294,1.13005
2021-12-02,3:17pm,EUR,Spanish 10-y Bond Auction,Low,0.39|2.1,0.47|1.4,1.13187,1.13477,1.1294,1.13005
2021-12-02,3:30pm,EUR,PPI m/m,Low,5.4%,2.8%,1.13187,1.13477,1.1294,1.13005
2021-12-02,3:30pm,EUR,Unemployment Rate,Low,7.3%,7.4%,1.13187,1.13477,1.1294,1.13005
2021-12-02,3:32pm,EUR,French 10-y Bond Auction,Low,-0.19|2.7,0.16|1.8,1.13187,1.13477,1.1294,1.13005
2021-12-02,6:00pm,USD,Challenger Job Cuts y/y,Low,-77.0%,-71.7%,1.13187,1.13477,1.1294,1.13005
2021-12-02,7:00pm,USD,Unemployment Claims,Medium,222K,194K,1.13187,1.13477,1.1294,1.13005
2021-12-02,9:00pm,USD,Natural Gas Storage,Low,-59B,-21B,1.13187,1.13477,1.1294,1.13005
2021-12-03,1:15pm,EUR,French Gov Budget Balance,Low,-171.6B,-175.1B,1.12998,1.13335,1.1265,1.13131
2021-12-03,1:15pm,EUR,French Industrial Production m/m,Low,0.9%,-1.5%,1.12998,1.13335,1.1265,1.13131
2021-12-03,1:45pm,EUR,Spanish Services PMI,Low,59.8,56.6,1.12998,1.13335,1.1265,1.13131
2021-12-03,2:15pm,EUR,Italian Services PMI,Low,55.9,52.4,1.12998,1.13335,1.1265,1.13131
2021-12-03,2:20pm,EUR,French Final Services PMI,Low,57.4,58.2,1.12998,1.13335,1.1265,1.13131
2021-12-03,2:25pm,EUR,German Final Services PMI,Low,52.7,53.4,1.12998,1.13335,1.1265,1.13131
2021-12-03,2:30pm,EUR,Final Services PMI,Low,55.9,56.6,1.12998,1.13335,1.1265,1.13131
2021-12-03,3:30pm,EUR,Retail Sales m/m,Low,0.2%,-0.4%,1.12998,1.13335,1.1265,1.13131
2021-12-03,3:30pm,USD,Average Hourly Earnings m/m,High,0.3%,0.4%,1.12998,1.13335,1.1265,1.13131
2021-12-03,3:30pm,USD,Non-Farm Employment Change,High,210K,546K,1.12998,1.13335,1.1265,1.13131
2021-12-03,3:30pm,USD,Unemployment Rate,High,4.2%,4.6%,1.12998,1.13335,1.1265,1.13131
2021-12-03,8:15pm,USD,Final Services PMI,Low,58.0,57.0,1.12998,1.13335,1.1265,1.13131
2021-12-03,8:30pm,USD,ISM Services PMI,High,69.1,66.7,1.12998,1.13335,1.1265,1.13131
2021-12-03,8:30pm,USD,Factory Orders m/m,Low,1.0%,0.5%,1.12998,1.13335,1.1265,1.13131
2021-12-06,12:30pm,EUR,German Factory Orders m/m,Low,-6.9%,1.8%,1.1302,1.13151,1.1264,1.1285
2021-12-06,2:30pm,EUR,Italian Retail Sales m/m,Low,0.1%,1.0%,1.1302,1.13151,1.1264,1.1285
2021-12-06,3:00pm,EUR,Sentix Investor Confidence,Low,13.5,18.3,1.1302,1.13151,1.1264,1.1285
2021-12-07,12:30pm,EUR,German Industrial Production m/m,Low,2.8%,-0.5%,1.12832,1.12985,1.1225,1.12672
2021-12-07,1:15pm,EUR,French Trade Balance,Low,-7.5B,-6.9B,1.12832,1.12985,1.1225,1.12672
2021-12-07,3:30pm,EUR,ZEW Economic Sentiment,Medium,26.8,25.9,1.12832,1.12985,1.1225,1.12672
2021-12-07,3:30pm,EUR,German ZEW Economic Sentiment,Medium,29.9,31.7,1.12832,1.12985,1.1225,1.12672
2021-12-07,3:30pm,EUR,Final Employment Change q/q,Low,0.9%,0.9%,1.12832,1.12985,1.1225,1.12672
2021-12-07,3:30pm,EUR,Revised GDP q/q,Low,2.2%,2.2%,1.12832,1.12985,1.1225,1.12672
2021-12-07,3:37pm,USD,Revised Nonfarm Productivity q/q,Low,-5.2%,-5.0%,1.12832,1.12985,1.1225,1.12672
2021-12-07,3:37pm,USD,Revised Unit Labor Costs q/q,Low,9.6%,8.3%,1.12832,1.12985,1.1225,1.12672
2021-12-07,3:37pm,USD,Trade Balance,Low,-67.1B,-81.4B,1.12832,1.12985,1.1225,1.12672
2021-12-07,3:37pm,USD,RCM/TIPP Economic Optimism,Low,48.4,43.9,1.12832,1.12985,1.1225,1.12672
2021-12-08,1:30am,USD,Consumer Credit m/m,Low,16.9B,27.8B,1.12672,1.13548,1.1263,1.1341
2021-12-08,12:00pm,EUR,French Final Private Payrolls q/q,Low,0.5%,0.5%,1.12672,1.13548,1.1263,1.1341
2021-12-08,4:06pm,EUR,German 10-y Bond Auction,Low,-0.38|1.3,-0.29|1.1,1.12672,1.13548,1.1263,1.1341
2021-12-08,4:06pm,USD,JOLTS Job Openings,High,11.03M,10.60M,1.12672,1.13548,1.1263,1.1341
2021-12-08,9:00pm,USD,Crude Oil Inventories,Medium,-0.2M,-0.9M,1.12672,1.13548,1.1263,1.1341
2021-12-08,11:31pm,USD,10-y Bond Auction,Medium,1.52|2.4,1.44|2.4,1.12672,1.13548,1.1263,1.1341
2021-12-09,12:30pm,EUR,German Trade Balance,Low,12.5B,12.9B,1.13412,1.1346,1.1277,1.12923
2021-12-09,7:00pm,USD,Unemployment Claims,Medium,184K,227K,1.13412,1.1346,1.1277,1.12923
2021-12-09,8:30pm,USD,Final Wholesale Inventories m/m,Low,2.3%,2.2%,1.13412,1.1346,1.1277,1.12923
2021-12-09,9:00pm,USD,Natural Gas Storage,Low,-59B,-59B,1.13412,1.1346,1.1277,1.12923
2021-12-09,11:31pm,USD,30-y Bond Auction,Medium,1.90|2.2,1.94|2.2,1.13412,1.1346,1.1277,1.12923
2021-12-10,12:30pm,EUR,German Final CPI m/m,Low,-0.2%,-0.2%,1.12922,1.13241,1.1263,1.1314
2021-12-10,2:30pm,EUR,Italian Industrial Production m/m,Low,-0.6%,0.1%,1.12922,1.13241,1.1263,1.1314
2021-12-10,6:45pm,USD,Core CPI m/m,High,0.5%,0.6%,1.12922,1.13241,1.1263,1.1314
2021-12-10,6:45pm,USD,CPI m/m,High,0.8%,0.9%,1.12922,1.13241,1.1263,1.1314
2021-12-10,6:45pm,USD,CPI y/y,High,6.8%,6.2%,1.12922,1.13241,1.1263,1.1314
2021-12-10,8:30pm,USD,Prelim UoM Consumer Sentiment,Medium,70.4,67.4,1.12922,1.13241,1.1263,1.1314
2021-12-10,8:30pm,USD,Prelim UoM Inflation Expectations,Low,4.9%,4.9%,1.12922,1.13241,1.1263,1.1314
2021-12-11,12:22am,USD,Federal Budget Balance,Low,-191.3B,-165.1B,,,,
2021-12-13,12:30pm,EUR,German WPI m/m,Low,1.3%,1.6%,1.1311,1.13193,1.1258,1.12837
2021-12-13,2:30pm,EUR,Italian Quarterly Unemployment Rate,Low,9.2%,9.8%,1.1311,1.13193,1.1258,1.12837
2021-12-14,3:30pm,EUR,Industrial Production m/m,Low,1.1%,-0.2%,1.12827,1.1324,1.1252,1.12579
2021-12-14,4:30pm,USD,NFIB Small Business Index,Low,98.4,98.2,1.12827,1.1324,1.1252,1.12579
2021-12-14,7:00pm,USD,PPI m/m,High,0.8%,0.6%,1.12827,1.1324,1.1252,1.12579
2021-12-14,7:00pm,USD,Core PPI m/m,Medium,0.7%,0.4%,1.12827,1.1324,1.1252,1.12579
2021-12-15,1:15pm,EUR,French Final CPI m/m,Low,0.4%,0.4%,1.12583,1.12993,1.122,1.12892
2021-12-15,7:00pm,USD,Core Retail Sales m/m,High,0.3%,1.8%,1.12583,1.12993,1.122,1.12892
2021-12-15,7:00pm,USD,Retail Sales m/m,High,0.3%,1.8%,1.12583,1.12993,1.122,1.12892
2021-12-15,7:00pm,USD,Empire State Manufacturing Index,Medium,31.9,30.9,1.12583,1.12993,1.122,1.12892
2021-12-15,7:00pm,USD,Import Prices m/m,Low,0.7%,1.5%,1.12583,1.12993,1.122,1.12892
2021-12-15,8:30pm,USD,Business Inventories m/m,Low,1.2%,0.8%,1.12583,1.12993,1.122,1.12892
2021-12-15,8:30pm,USD,NAHB Housing Market Index,Low,84,83,1.12583,1.12993,1.122,1.12892
2021-12-15,9:00pm,USD,Crude Oil Inventories,Low,-4.6M,-0.2M,1.12583,1.12993,1.122,1.12892
2021-12-16,12:30am,USD,Federal Funds Rate,High,<0.25%,<0.25%,1.12885,1.13605,1.1279,1.13302
2021-12-16,2:30am,USD,TIC Long-Term Purchases,Low,7.1B,26.7B,1.12885,1.13605,1.1279,1.13302
2021-12-16,1:45pm,EUR,French Flash Services PMI,Medium,57.1,57.4,1.12885,1.13605,1.1279,1.13302
2021-12-16,1:45pm,EUR,French Flash Manufacturing PMI,Low,54.9,55.9,1.12885,1.13605,1.1279,1.13302
2021-12-16,1:45pm,EUR,German Flash Manufacturing PMI,High,57.9,57.4,1.12885,1.13605,1.1279,1.13302
2021-12-16,1:45pm,EUR,German Flash Services PMI,High,48.4,52.7,1.12885,1.13605,1.1279,1.13302
2021-12-16,1:45pm,EUR,Flash Manufacturing PMI,Medium,58.0,58.4,1.12885,1.13605,1.1279,1.13302
2021-12-16,1:45pm,EUR,Flash Services PMI,Medium,53.3,55.9,1.12885,1.13605,1.1279,1.13302
2021-12-16,1:45pm,EUR,Italian Trade Balance,Low,3.89B,2.44B,1.12885,1.13605,1.1279,1.13302
2021-12-16,3:30pm,EUR,Trade Balance,Low,2.4B,6.1B,1.12885,1.13605,1.1279,1.13302
2021-12-16,6:15pm,EUR,Main Refinancing Rate,High,0.00%,0.00%,1.12885,1.13605,1.1279,1.13302
2021-12-16,6:15pm,USD,Philly Fed Manufacturing Index,Medium,15.4,39.0,1.12885,1.13605,1.1279,1.13302
2021-12-16,6:15pm,USD,Unemployment Claims,Medium,206K,188K,1.12885,1.13605,1.1279,1.13302
2021-12-16,6:15pm,USD,Building Permits,Low,1.71M,1.65M,1.12885,1.13605,1.1279,1.13302
2021-12-16,6:15pm,USD,Housing Starts,Low,1.68M,1.50M,1.12885,1.13605,1.1279,1.13302
2021-12-16,7:45pm,USD,Industrial Production m/m,Medium,0.5%,1.7%,1.12885,1.13605,1.1279,1.13302
2021-12-16,7:45pm,USD,Capacity Utilization Rate,Low,76.8%,76.5%,1.12885,1.13605,1.1279,1.13302
2021-12-16,8:15pm,USD,Flash Manufacturing PMI,Medium,57.8,58.3,1.12885,1.13605,1.1279,1.13302
2021-12-16,8:15pm,USD,Flash Services PMI,Medium,57.5,58.0,1.12885,1.13605,1.1279,1.13302
2021-12-16,9:00pm,USD,Natural Gas Storage,Low,-88B,-59B,1.12885,1.13605,1.1279,1.13302
2021-12-17,12:30pm,EUR,German PPI m/m,Low,0.8%,3.8%,1.13291,1.1349,1.12335,1.1237
2021-12-17,2:30pm,EUR,German ifo Business Climate,Medium,94.7,96.6,1.13291,1.1349,1.12335,1.1237
2021-12-17,3:30pm,EUR,Final Core CPI y/y,Low,2.6%,2.6%,1.13291,1.1349,1.12335,1.1237
2021-12-17,3:30pm,EUR,Final CPI y/y,Low,4.9%,4.9%,1.13291,1.1349,1.12335,1.1237
2021-12-20,2:30pm,EUR,Current Account,Low,18.1B,17.6B,1.12395,1.1304,1.1233,1.12801
2021-12-20,8:30pm,USD,CB Leading Index m/m,Low,1.1%,0.9%,1.12395,1.1304,1.1233,1.12801
2021-12-21,8:30pm,EUR,German GfK Consumer Climate,Low,-6.8,-1.8,1.12781,1.13028,1.1259,1.12801
2021-12-21,4:30pm,USD,Current Account,Low,-215B,-198B,1.12781,1.13028,1.1259,1.12801
2021-12-21,8:27pm,EUR,Consumer Confidence,Low,-8,-7,1.12781,1.13028,1.1259,1.12801
2021-12-22,7:00pm,USD,Final GDP q/q,Medium,2.3%,2.1%,1.1284,1.13424,1.1262,1.13258
2021-12-22,7:00pm,USD,Final GDP Price Index q/q,Low,6.0%,5.9%,1.1284,1.13424,1.1262,1.13258
2021-12-22,8:30pm,USD,CB Consumer Confidence,Medium,115.8,111.9,1.1284,1.13424,1.1262,1.13258
2021-12-22,8:30pm,USD,Existing Home Sales,Medium,6.46M,6.34M,1.1284,1.13424,1.1262,1.13258
2021-12-22,9:00pm,USD,Crude Oil Inventories,Low,-4.7M,-4.6M,1.1284,1.13424,1.1262,1.13258
2021-12-23,12:30pm,EUR,German Import Prices m/m,Low,3.0%,3.8%,1.13253,1.13422,1.1288,1.13284
2021-12-23,12:30pm,USD,Core PCE Price Index m/m,High,0.5%,0.5%,1.13253,1.13422,1.1288,1.13284
2021-12-23,12:30pm,USD,Core Durable Goods Orders m/m,Medium,0.8%,0.3%,1.13253,1.13422,1.1288,1.13284
2021-12-23,12:30pm,USD,Durable Goods Orders m/m,Medium,2.5%,-0.4%,1.13253,1.13422,1.1288,1.13284
2021-12-23,12:30pm,USD,Personal Income m/m,Low,0.4%,0.5%,1.13253,1.13422,1.1288,1.13284
2021-12-23,12:30pm,USD,Personal Spending m/m,Low,0.6%,1.4%,1.13253,1.13422,1.1288,1.13284
2021-12-23,12:30pm,USD,Unemployment Claims,Low,205K,205K,1.13253,1.13422,1.1288,1.13284
2021-12-23,7:26pm,EUR,Belgian NBB Business Climate,Low,3.6,4.2,1.13253,1.13422,1.1288,1.13284
2021-12-23,8:30pm,USD,New Home Sales,Low,744K,662K,1.13253,1.13422,1.1288,1.13284
2021-12-23,8:30pm,USD,Revised UoM Consumer Sentiment,Low,70.6,70.4,1.13253,1.13422,1.1288,1.13284
2021-12-23,8:30pm,USD,Revised UoM Inflation Expectations,Low,4.8%,4.9%,1.13253,1.13422,1.1288,1.13284
2021-12-23,9:00pm,USD,Natural Gas Storage,Low,-55B,-88B,1.13253,1.13422,1.1288,1.13284
2021-12-28,7:30pm,USD,HPI m/m,Low,1.1%,0.9%,1.13254,1.13333,1.1288,1.13085
2021-12-28,7:30pm,USD,S&P/CS Composite-20 HPI y/y,Low,18.4%,19.1%,1.13254,1.13333,1.1288,1.13085
2021-12-28,8:30pm,USD,Richmond Manufacturing Index,Low,16,11,1.13254,1.13333,1.1288,1.13085
2021-12-29,8:30pm,EUR,M3 Money Supply y/y,Low,7.3%,7.7%,1.13086,1.13691,1.1272,1.13459
2021-12-29,8:30pm,EUR,Private Loans y/y,Low,4.2%,4.1%,1.13086,1.13691,1.1272,1.13459
2021-12-29,7:00pm,USD,Goods Trade Balance,Low,-97.8B,-83.2B,1.13086,1.13691,1.1272,1.13459
2021-12-29,7:00pm,USD,Prelim Wholesale Inventories m/m,Low,1.2%,2.3%,1.13086,1.13691,1.1272,1.13459
2021-12-29,8:30pm,USD,Pending Home Sales m/m,Low,-2.2%,7.5%,1.13086,1.13691,1.1272,1.13459
2021-12-29,9:00pm,USD,Crude Oil Inventories,Low,-3.6M,-4.7M,1.13086,1.13691,1.1272,1.13459
2021-12-30,12:30pm,EUR,Spanish Flash CPI y/y,Low,6.7%,5.5%,1.13457,1.136,1.1297,1.1325
2021-12-30,7:00pm,USD,Unemployment Claims,Low,198K,206K,1.13457,1.136,1.1297,1.1325
2021-12-30,8:15pm,USD,Chicago PMI,Low,63.1,61.8,1.13457,1.136,1.1297,1.1325
2021-12-30,9:00pm,USD,Natural Gas Storage,Low,-136B,-55B,1.13457,1.136,1.1297,1.1325
2022-01-03,1:45pm,EUR,Spanish Manufacturing PMI,Low,56.2,57.1,1.13707,1.1379,1.1278,1.12965
2022-01-03,2:15pm,EUR,Italian Manufacturing PMI,Low,62.0,62.8,1.13707,1.1379,1.1278,1.12965
2022-01-03,2:20pm,EUR,French Final Manufacturing PMI,Low,55.6,54.9,1.13707,1.1379,1.1278,1.12965
2022-01-03,2:25pm,EUR,German Final Manufacturing PMI,Low,57.4,57.9,1.13707,1.1379,1.1278,1.12965
2022-01-03,2:30pm,EUR,Final Manufacturing PMI,Low,58.0,58.0,1.13707,1.1379,1.1278,1.12965
2022-01-03,8:15pm,USD,Final Manufacturing PMI,Low,57.7,57.8,1.13707,1.1379,1.1278,1.12965
2022-01-03,8:30pm,USD,Construction Spending m/m,Low,0.4%,0.4%,1.13707,1.1379,1.1278,1.12965
2022-01-04,12:30pm,EUR,German Retail Sales m/m,Low,0.6%,0.5%,1.12955,1.13226,1.1271,1.1286
2022-01-04,1:15pm,EUR,French Prelim CPI m/m,Low,0.2%,0.4%,1.12955,1.13226,1.1271,1.1286
2022-01-04,1:32pm,EUR,Spanish Unemployment Change,Medium,-76.8K,-74.4K,1.12955,1.13226,1.1271,1.1286
2022-01-04,2:25pm,EUR,German Unemployment Change,Low,-23K,-34K,1.12955,1.13226,1.1271,1.1286
2022-01-04,8:30pm,USD,ISM Manufacturing PMI,High,58.7,61.1,1.12955,1.13226,1.1271,1.1286
2022-01-04,8:30pm,USD,JOLTS Job Openings,High,10.56M,11.09M,1.12955,1.13226,1.1271,1.1286
2022-01-04,8:30pm,USD,ISM Manufacturing Prices,Low,68.2,82.4,1.12955,1.13226,1.1271,1.1286
2022-01-04,All Day,USD,Wards Total Vehicle Sales,Low,12.4M,12.9M,1.12955,1.13226,1.1271,1.1286
2022-01-05,1:45pm,EUR,Spanish Services PMI,Low,55.8,59.8,1.12858,1.13465,1.1275,1.13116
2022-01-05,2:15pm,EUR,Italian Services PMI,Low,53.0,55.9,1.12858,1.13465,1.1275,1.13116
2022-01-05,2:20pm,EUR,French Final Services PMI,Low,57.0,57.1,1.12858,1.13465,1.1275,1.13116
2022-01-05,2:25pm,EUR,German Final Services PMI,Low,48.7,48.4,1.12858,1.13465,1.1275,1.13116
2022-01-05,2:30pm,EUR,Final Services PMI,Low,53.1,53.3,1.12858,1.13465,1.1275,1.13116
2022-01-05,3:30pm,EUR,Italian Prelim CPI m/m,Low,0.4%,0.6%,1.12858,1.13465,1.1275,1.13116
2022-01-05,4:03pm,EUR,German 10-y Bond Auction,Low,-0.09|1.5,-0.38|1.3,1.12858,1.13465,1.1275,1.13116
2022-01-05,6:45pm,USD,ADP Non-Farm Employment Change,High,807K,505K,1.12858,1.13465,1.1275,1.13116
2022-01-05,8:15pm,USD,Final Services PMI,Low,57.6,57.5,1.12858,1.13465,1.1275,1.13116
2022-01-05,9:00pm,USD,Crude Oil Inventories,Low,-2.1M,-3.6M,1.12858,1.13465,1.1275,1.13116
2022-01-06,12:30pm,EUR,German Factory Orders m/m,Low,3.7%,-5.8%,1.1313,1.1332,1.1283,1.12925
2022-01-06,All Day,EUR,German Prelim CPI m/m,Low,0.5%,-0.2%,1.1313,1.1332,1.1283,1.12925
2022-01-06,3:30pm,EUR,PPI m/m,Low,1.8%,5.4%,1.1313,1.1332,1.1283,1.12925
2022-01-06,3:37pm,EUR,French 10-y Bond Auction,Low,0.30|2.1,-0.19|2.7,1.1313,1.1332,1.1283,1.12925
2022-01-06,6:00pm,USD,Challenger Job Cuts y/y,Low,-75.3%,-77.0%,1.1313,1.1332,1.1283,1.12925
2022-01-06,6:00pm,USD,Unemployment Claims,Medium,207K,200K,1.1313,1.1332,1.1283,1.12925
2022-01-06,6:00pm,USD,Trade Balance,Low,-80.2B,-67.2B,1.1313,1.1332,1.1283,1.12925
2022-01-06,8:30pm,USD,ISM Services PMI,High,62.0,69.1,1.1313,1.1332,1.1283,1.12925
2022-01-06,8:30pm,USD,Factory Orders m/m,Low,1.6%,1.2%,1.1313,1.1332,1.1283,1.12925
2022-01-06,9:00pm,USD,Natural Gas Storage,Low,-31B,-136B,1.1313,1.1332,1.1283,1.12925
2022-01-07,12:30pm,EUR,German Industrial Production m/m,Low,-0.2%,2.4%,1.12946,1.13649,1.1288,1.13593
2022-01-07,12:30pm,EUR,German Trade Balance,Low,10.9B,12.4B,1.12946,1.13649,1.1288,1.13593
2022-01-07,1:15pm,EUR,French Consumer Spending m/m,Low,0.8%,-0.6%,1.12946,1.13649,1.1288,1.13593
2022-01-07,1:15pm,EUR,French Industrial Production m/m,Low,-0.4%,0.9%,1.12946,1.13649,1.1288,1.13593
2022-01-07,1:15pm,EUR,French Trade Balance,Low,-9.7B,-7.7B,1.12946,1.13649,1.1288,1.13593
2022-01-07,3:30pm,EUR,Core CPI Flash Estimate y/y,Low,2.6%,2.6%,1.12946,1.13649,1.1288,1.13593
2022-01-07,3:30pm,EUR,CPI Flash Estimate y/y,Low,5.0%,4.9%,1.12946,1.13649,1.1288,1.13593
2022-01-07,3:30pm,EUR,Retail Sales m/m,Low,1.0%,0.3%,1.12946,1.13649,1.1288,1.13593
2022-01-07,3:30pm,USD,Average Hourly Earnings m/m,High,0.6%,0.4%,1.12946,1.13649,1.1288,1.13593
2022-01-07,3:30pm,USD,Non-Farm Employment Change,High,199K,249K,1.12946,1.13649,1.1288,1.13593
2022-01-07,3:30pm,USD,Unemployment Rate,High,3.9%,4.2%,1.12946,1.13649,1.1288,1.13593
2022-01-08,1:30am,USD,Consumer Credit m/m,Low,40.0B,16.0B,,,,
2022-01-10,2:30pm,EUR,Italian Monthly Unemployment Rate,Low,9.2%,9.4%,1.13524,1.13603,1.1283,1.1325
2022-01-10,3:00pm,EUR,Sentix Investor Confidence,Low,14.9,13.5,1.13524,1.13603,1.1283,1.1325
2022-01-10,3:30pm,EUR,Unemployment Rate,Low,7.2%,7.3%,1.13524,1.13603,1.1283,1.1325
2022-01-10,8:30pm,USD,Final Wholesale Inventories m/m,Low,1.4%,1.2%,1.13524,1.13603,1.1283,1.1325
2022-01-11,2:30pm,EUR,Italian Retail Sales m/m,Low,-0.4%,0.2%,1.13231,1.13754,1.1311,1.1366
2022-01-11,4:20pm,USD,NFIB Small Business Index,Low,98.9,98.4,1.13231,1.13754,1.1311,1.1366
2022-01-11,4:20pm,USD,RCM/TIPP Economic Optimism,Low,44.7,48.4,1.13231,1.13754,1.1311,1.1366
2022-01-12,12:30pm,EUR,German WPI m/m,Low,0.2%,1.3%,1.13661,1.14528,1.1353,1.14408
2022-01-12,3:30pm,EUR,Industrial Production m/m,Low,2.3%,-1.3%,1.13661,1.14528,1.1353,1.14408
2022-01-12,4:05pm,EUR,German 30-y Bond Auction,Low,0.28|1.1,0.08|1.1,1.13661,1.14528,1.1353,1.14408
2022-01-12,7:00pm,USD,Core CPI m/m,High,0.6%,0.5%,1.13661,1.14528,1.1353,1.14408
2022-01-12,7:00pm,USD,CPI m/m,High,0.5%,0.8%,1.13661,1.14528,1.1353,1.14408
2022-01-12,7:00pm,USD,CPI y/y,High,7.0%,6.8%,1.13661,1.14528,1.1353,1.14408
2022-01-12,9:00pm,USD,Crude Oil Inventories,Medium,-4.6M,-2.1M,1.13661,1.14528,1.1353,1.14408
2022-01-12,11:31pm,USD,10-y Bond Auction,Medium,1.72|2.5,1.52|2.4,1.13661,1.14528,1.1353,1.14408
2022-01-13,11:31pm,USD,Federal Budget Balance,Low,-21.3B,-191.3B,1.14403,1.14817,1.1433,1.14547
2022-01-13,11:28am,EUR,Italian Industrial Production m/m,Low,1.9%,-0.5%,1.14403,1.14817,1.1433,1.14547
2022-01-13,7:00pm,USD,PPI m/m,High,0.2%,0.8%,1.14403,1.14817,1.1433,1.14547
2022-01-13,7:00pm,USD,Core PPI m/m,Medium,0.5%,0.7%,1.14403,1.14817,1.1433,1.14547
2022-01-13,7:00pm,USD,Unemployment Claims,Medium,230K,207K,1.14403,1.14817,1.1433,1.14547
2022-01-13,9:00pm,USD,Natural Gas Storage,Low,-179B,-31B,1.14403,1.14817,1.1433,1.14547
2022-01-13,11:31pm,USD,30-y Bond Auction,Medium,2.08|2.4,1.90|2.2,1.14403,1.14817,1.1433,1.14547
2022-01-14,1:15pm,EUR,French Final CPI m/m,Low,0.2%,0.2%,1.14538,1.1483,1.1397,1.14091
2022-01-14,1:15pm,EUR,French Gov Budget Balance,Low,-181.0B,-171.6B,1.14538,1.1483,1.1397,1.14091
2022-01-14,3:30pm,EUR,Trade Balance,Low,-1.3B,1.8B,1.14538,1.1483,1.1397,1.14091
2022-01-14,7:00pm,USD,Core Retail Sales m/m,High,-2.3%,0.1%,1.14538,1.1483,1.1397,1.14091
2022-01-14,7:00pm,USD,Retail Sales m/m,High,-1.9%,0.2%,1.14538,1.1483,1.1397,1.14091
2022-01-14,7:00pm,USD,Import Prices m/m,Low,-0.2%,0.7%,1.14538,1.1483,1.1397,1.14091
2022-01-14,7:45pm,USD,Industrial Production m/m,Medium,-0.1%,0.7%,1.14538,1.1483,1.1397,1.14091
2022-01-14,7:45pm,USD,Capacity Utilization Rate,Low,76.5%,76.6%,1.14538,1.1483,1.1397,1.14091
2022-01-14,8:30pm,USD,Prelim UoM Consumer Sentiment,Medium,68.8,70.6,1.14538,1.1483,1.1397,1.14091
2022-01-14,8:30pm,USD,Business Inventories m/m,Low,1.3%,1.3%,1.14538,1.1483,1.1397,1.14091
2022-01-14,8:30pm,USD,Prelim UoM Inflation Expectations,Low,4.9%,4.8%,1.14538,1.1483,1.1397,1.14091
2022-01-18,2:30pm,EUR,Italian Trade Balance,Low,4.16B,3.89B,1.14047,1.14215,1.1313,1.1323
2022-01-18,3:30pm,EUR,ZEW Economic Sentiment,Medium,49.4,26.8,1.14047,1.14215,1.1313,1.1323
2022-01-18,3:30pm,EUR,German ZEW Economic Sentiment,Medium,51.7,29.9,1.14047,1.14215,1.1313,1.1323
2022-01-18,7:00pm,USD,Empire State Manufacturing Index,Medium,-0.7,31.9,1.14047,1.14215,1.1313,1.1323
2022-01-18,8:30pm,USD,NAHB Housing Market Index,Low,83,84,1.14047,1.14215,1.1313,1.1323
2022-01-19,2:30am,USD,TIC Long-Term Purchases,Low,137.4B,7.1B,1.13241,1.13571,1.1317,1.13424
2022-01-19,12:30pm,EUR,German Final CPI m/m,Low,0.5%,0.5%,1.13241,1.13571,1.1317,1.13424
2022-01-19,2:30pm,EUR,Current Account,Low,23.6B,19.4B,1.13241,1.13571,1.1317,1.13424
2022-01-19,3:00pm,USD,Building Permits,Low,1.87M,1.71M,1.13241,1.13571,1.1317,1.13424
2022-01-19,3:00pm,USD,Housing Starts,Low,1.70M,1.68M,1.13241,1.13571,1.1317,1.13424
2022-01-20,12:30pm,EUR,German PPI m/m,Low,5.0%,0.8%,1.13415,1.13691,1.13,1.13114
2022-01-20,3:18pm,EUR,Spanish 10-y Bond Auction,Low,0.43|1.9,0.39|2.1,1.13415,1.13691,1.13,1.13114
2022-01-20,3:30pm,EUR,Final Core CPI y/y,Low,2.6%,2.6%,1.13415,1.13691,1.13,1.13114
2022-01-20,3:30pm,EUR,Final CPI y/y,Low,5.0%,5.0%,1.13415,1.13691,1.13,1.13114
2022-01-20,7:00pm,USD,Philly Fed Manufacturing Index,Medium,23.2,15.4,1.13415,1.13691,1.13,1.13114
2022-01-20,7:00pm,USD,Unemployment Claims,Medium,286K,231K,1.13415,1.13691,1.13,1.13114
2022-01-20,8:30pm,USD,Existing Home Sales,Medium,6.18M,6.48M,1.13415,1.13691,1.13,1.13114
2022-01-20,9:00pm,USD,Natural Gas Storage,Low,-206B,-179B,1.13415,1.13691,1.13,1.13114
2022-01-20,9:30pm,USD,Crude Oil Inventories,Medium,0.5M,-4.6M,1.13415,1.13691,1.13,1.13114
2022-01-21,8:27pm,EUR,Consumer Confidence,Low,-9,-8,1.13096,1.13599,1.1298,1.13403
2022-01-21,8:30pm,USD,CB Leading Index m/m,Low,0.8%,0.7%,1.13096,1.13599,1.1298,1.13403
2022-01-24,1:45pm,EUR,French Flash Services PMI,Medium,53.1,57.0,1.13409,1.1345,1.1289,1.1327
2022-01-24,1:45pm,EUR,French Flash Manufacturing PMI,Low,55.5,55.6,1.13409,1.1345,1.1289,1.1327
2022-01-24,2:00pm,EUR,German Flash Manufacturing PMI,High,60.5,57.4,1.13409,1.1345,1.1289,1.1327
2022-01-24,2:00pm,EUR,German Flash Services PMI,High,52.2,48.7,1.13409,1.1345,1.1289,1.1327
2022-01-24,2:30pm,EUR,Flash Manufacturing PMI,Low,59.0,58.0,1.13409,1.1345,1.1289,1.1327
2022-01-24,2:30pm,EUR,Flash Services PMI,Low,51.2,53.1,1.13409,1.1345,1.1289,1.1327
2022-01-24,8:15pm,USD,Flash Manufacturing PMI,Medium,55.0,57.7,1.13409,1.1345,1.1289,1.1327
2022-01-24,8:15pm,USD,Flash Services PMI,Medium,50.9,57.6,1.13409,1.1345,1.1289,1.1327
2022-01-25,2:30pm,EUR,German ifo Business Climate,Medium,95.7,94.8,1.13246,1.1329,1.1261,1.13012
2022-01-25,7:26pm,EUR,Belgian NBB Business Climate,Low,2.7,3.6,1.13246,1.1329,1.1261,1.13012
2022-01-25,7:30pm,USD,HPI m/m,Low,1.1%,1.1%,1.13246,1.1329,1.1261,1.13012
2022-01-25,7:30pm,USD,S&P/CS Composite-20 HPI y/y,Low,18.3%,18.5%,1.13246,1.1329,1.1261,1.13012
2022-01-25,8:29pm,USD,Richmond Manufacturing Index,Low,8,16,1.13246,1.1329,1.1261,1.13012
2022-01-25,8:30pm,USD,CB Consumer Confidence,Medium,113.8,115.2,1.13246,1.1329,1.1261,1.13012
2022-01-26,4:02pm,EUR,German 10-y Bond Auction,Low,-0.08|1.4,-0.09|1.5,1.12988,1.13107,1.1234,1.12408
2022-01-26,7:00pm,USD,Goods Trade Balance,Low,-101.0B,-98.0B,1.12988,1.13107,1.1234,1.12408
2022-01-26,7:00pm,USD,Prelim Wholesale Inventories m/m,Low,2.1%,1.4%,1.12988,1.13107,1.1234,1.12408
2022-01-26,7:00pm,USD,New Home Sales,Low,811K,725K,1.12988,1.13107,1.1234,1.12408
2022-01-26,9:00pm,USD,Crude Oil Inventories,Medium,2.4M,0.5M,1.12988,1.13107,1.1234,1.12408
2022-01-27,12:30am,USD,Federal Funds Rate,High,<0.25%,<0.25%,1.1241,1.12434,1.113,1.11424
2022-01-27,12:30am,EUR,German GfK Consumer Climate,Low,-6.7,-6.9,1.1241,1.12434,1.113,1.11424
2022-01-27,1:30pm,EUR,Spanish Unemployment Rate,Low,13.3%,14.6%,1.1241,1.12434,1.113,1.11424
2022-01-27,7:00pm,USD,Advance GDP q/q,High,6.9%,2.3%,1.1241,1.12434,1.113,1.11424
2022-01-27,7:00pm,USD,Advance GDP Price Index q/q,Medium,6.9%,6.0%,1.1241,1.12434,1.113,1.11424
2022-01-27,7:00pm,USD,Core Durable Goods Orders m/m,Medium,0.4%,0.9%,1.1241,1.12434,1.113,1.11424
2022-01-27,7:00pm,USD,Durable Goods Orders m/m,Medium,-0.9%,2.6%,1.1241,1.12434,1.113,1.11424
2022-01-27,7:00pm,USD,Unemployment Claims,Medium,260K,290K,1.1241,1.12434,1.113,1.11424
2022-01-27,8:30pm,USD,Pending Home Sales m/m,Medium,-3.8%,-2.3%,1.1241,1.12434,1.113,1.11424
2022-01-27,9:00pm,USD,Natural Gas Storage,Low,-219B,-206B,1.1241,1.12434,1.113,1.11424
2022-01-28,12:00pm,EUR,French Consumer Spending m/m,Low,0.2%,0.9%,1.11432,1.11736,1.112,1.11456
2022-01-28,12:00pm,EUR,French Flash GDP q/q,Low,0.7%,3.1%,1.11432,1.11736,1.112,1.11456
2022-01-28,12:30pm,EUR,German Import Prices m/m,Low,0.1%,3.0%,1.11432,1.11736,1.112,1.11456
2022-01-28,12:30pm,EUR,Spanish Flash GDP q/q,Low,2.0%,2.6%,1.11432,1.11736,1.112,1.11456
2022-01-28,2:30pm,EUR,M3 Money Supply y/y,Low,6.9%,7.4%,1.11432,1.11736,1.112,1.11456
2022-01-28,2:30pm,EUR,German Prelim GDP q/q,Low,-0.7%,1.7%,1.11432,1.11736,1.112,1.11456
2022-01-28,2:30pm,EUR,Private Loans y/y,Low,4.1%,4.2%,1.11432,1.11736,1.112,1.11456
2022-01-28,3:50pm,EUR,Italian 10-y Bond Auction,Low,1.39|1.4,1.02|1.5,1.11432,1.11736,1.112,1.11456
2022-01-28,7:00pm,USD,Core PCE Price Index m/m,High,0.5%,0.5%,1.11432,1.11736,1.112,1.11456
2022-01-28,7:00pm,USD,Employment Cost Index q/q,Low,1.0%,1.3%,1.11432,1.11736,1.112,1.11456
2022-01-28,7:00pm,USD,Personal Income m/m,Low,0.3%,0.5%,1.11432,1.11736,1.112,1.11456
2022-01-28,7:00pm,USD,Personal Spending m/m,Low,-0.6%,0.4%,1.11432,1.11736,1.112,1.11456
2022-01-28,8:30pm,USD,Revised UoM Consumer Sentiment,Medium,67.2,68.8,1.11432,1.11736,1.112,1.11456
2022-01-28,8:30pm,USD,Revised UoM Inflation Expectations,Low,4.9%,4.9%,1.11432,1.11736,1.112,1.11456
2022-01-31,All Day,EUR,German Prelim CPI m/m,Low,0.4%,0.5%,1.11415,1.12479,1.1137,1.12334
2022-01-31,1:30pm,EUR,Spanish Flash CPI y/y,Low,6.0%,6.5%,1.11415,1.12479,1.1137,1.12334
2022-01-31,3:30pm,EUR,Prelim Flash GDP q/q,Low,0.3%,2.3%,1.11415,1.12479,1.1137,1.12334
2022-01-31,3:30pm,EUR,Italian Prelim GDP q/q,Low,0.6%,2.6%,1.11415,1.12479,1.1137,1.12334
2022-01-31,8:15pm,USD,Chicago PMI,Medium,65.2,63.1,1.11415,1.12479,1.1137,1.12334
2022-02-01,12:30pm,EUR,German Retail Sales m/m,Low,-5.5%,0.8%,1.12346,1.12788,1.1219,1.12704
2022-02-01,1:15pm,EUR,French Prelim CPI m/m,Low,0.3%,0.2%,1.12346,1.12788,1.1219,1.12704
2022-02-01,1:45pm,EUR,Spanish Manufacturing PMI,Low,56.2,56.2,1.12346,1.12788,1.1219,1.12704
2022-02-01,2:15pm,EUR,Italian Manufacturing PMI,Low,58.3,62.0,1.12346,1.12788,1.1219,1.12704
2022-02-01,2:20pm,EUR,French Final Manufacturing PMI,Low,55.5,55.5,1.12346,1.12788,1.1219,1.12704
2022-02-01,2:25pm,EUR,German Final Manufacturing PMI,Low,59.8,60.5,1.12346,1.12788,1.1219,1.12704
2022-02-01,2:25pm,EUR,German Unemployment Change,Low,-48K,-29K,1.12346,1.12788,1.1219,1.12704
2022-02-01,2:30pm,EUR,Final Manufacturing PMI,Low,58.7,59.0,1.12346,1.12788,1.1219,1.12704
2022-02-01,2:30pm,EUR,Italian Monthly Unemployment Rate,Low,9.0%,9.1%,1.12346,1.12788,1.1219,1.12704
2022-02-01,3:30pm,EUR,Unemployment Rate,Low,7.0%,7.1%,1.12346,1.12788,1.1219,1.12704
2022-02-01,8:15pm,USD,Final Manufacturing PMI,Low,55.5,55.0,1.12346,1.12788,1.1219,1.12704
2022-02-01,8:30pm,USD,ISM Manufacturing PMI,High,57.6,58.7,1.12346,1.12788,1.1219,1.12704
2022-02-01,8:30pm,USD,JOLTS Job Openings,High,10.93M,10.78M,1.12346,1.12788,1.1219,1.12704
2022-02-01,8:30pm,USD,Construction Spending m/m,Low,0.2%,0.6%,1.12346,1.12788,1.1219,1.12704
2022-02-01,8:30pm,USD,ISM Manufacturing Prices,Low,76.1,68.2,1.12346,1.12788,1.1219,1.12704
2022-02-01,All Day,USD,Wards Total Vehicle Sales,Low,15.0M,12.4M,1.12346,1.12788,1.1219,1.12704
2022-02-02,1:15pm,EUR,French Gov Budget Balance,Low,-170.7B,-181.0B,1.1271,1.13302,1.1264,1.13022
2022-02-02,1:30pm,EUR,Spanish Unemployment Change,Medium,17.2K,-76.8K,1.1271,1.13302,1.1264,1.13022
2022-02-02,3:30pm,EUR,Core CPI Flash Estimate y/y,Low,2.3%,2.6%,1.1271,1.13302,1.1264,1.13022
2022-02-02,3:30pm,EUR,CPI Flash Estimate y/y,Low,5.1%,5.0%,1.1271,1.13302,1.1264,1.13022
2022-02-02,3:30pm,EUR,Italian Prelim CPI m/m,Low,1.6%,0.4%,1.1271,1.13302,1.1264,1.13022
2022-02-02,6:45pm,USD,ADP Non-Farm Employment Change,High,-301K,776K,1.1271,1.13302,1.1264,1.13022
2022-02-02,9:00pm,USD,Crude Oil Inventories,Medium,-1.0M,2.4M,1.1271,1.13302,1.1264,1.13022
2022-02-03,1:45pm,EUR,Spanish Services PMI,Low,46.6,55.8,1.13011,1.14515,1.1266,1.144
2022-02-03,2:15pm,EUR,Italian Services PMI,Low,48.5,53.0,1.13011,1.14515,1.1266,1.144
2022-02-03,2:20pm,EUR,French Final Services PMI,Low,53.1,53.1,1.13011,1.14515,1.1266,1.144
2022-02-03,2:25pm,EUR,German Final Services PMI,Low,52.2,52.2,1.13011,1.14515,1.1266,1.144
2022-02-03,2:30pm,EUR,Final Services PMI,Low,51.1,51.2,1.13011,1.14515,1.1266,1.144
2022-02-03,3:18pm,EUR,Spanish 10-y Bond Auction,Low,0.85|1.6,0.43|1.9,1.13011,1.14515,1.1266,1.144
2022-02-03,3:30pm,EUR,PPI m/m,Low,2.9%,1.8%,1.13011,1.14515,1.1266,1.144
2022-02-03,3:36pm,EUR,French 10-y Bond Auction,Low,0.45|2.6,0.30|2.1,1.13011,1.14515,1.1266,1.144
2022-02-03,3:36pm,USD,Challenger Job Cuts y/y,Low,-76.0%,-75.3%,1.13011,1.14515,1.1266,1.144
2022-02-03,6:15pm,EUR,Main Refinancing Rate,High,0.00%,0.00%,1.13011,1.14515,1.1266,1.144
2022-02-03,6:15pm,USD,Unemployment Claims,Medium,238K,261K,1.13011,1.14515,1.1266,1.144
2022-02-03,6:15pm,USD,Prelim Nonfarm Productivity q/q,Low,6.6%,-5.2%,1.13011,1.14515,1.1266,1.144
2022-02-03,6:15pm,USD,Prelim Unit Labor Costs q/q,Low,0.3%,9.6%,1.13011,1.14515,1.1266,1.144
2022-02-03,8:15pm,USD,Final Services PMI,Low,51.2,50.9,1.13011,1.14515,1.1266,1.144
2022-02-03,8:30pm,USD,ISM Services PMI,High,59.9,62.0,1.13011,1.14515,1.1266,1.144
2022-02-03,8:30pm,USD,Factory Orders m/m,Low,-0.4%,1.8%,1.13011,1.14515,1.1266,1.144
2022-02-03,9:00pm,USD,Natural Gas Storage,Low,-268B,-219B,1.13011,1.14515,1.1266,1.144
2022-02-04,12:30pm,EUR,German Factory Orders m/m,Low,2.8%,3.6%,1.1437,1.14839,1.1409,1.1448
2022-02-04,1:15pm,EUR,French Industrial Production m/m,Low,-0.2%,-0.5%,1.1437,1.14839,1.1409,1.1448
2022-02-04,1:15pm,EUR,French Prelim Private Payrolls q/q,Low,0.5%,0.5%,1.1437,1.14839,1.1409,1.1448
2022-02-04,3:30pm,EUR,Retail Sales m/m,Low,-3.0%,1.0%,1.1437,1.14839,1.1409,1.1448
2022-02-04,3:30pm,USD,Average Hourly Earnings m/m,High,0.7%,0.5%,1.1437,1.14839,1.1409,1.1448
2022-02-04,3:30pm,USD,Non-Farm Employment Change,High,467K,510K,1.1437,1.14839,1.1409,1.1448
2022-02-04,3:30pm,USD,Unemployment Rate,High,4.0%,3.9%,1.1437,1.14839,1.1409,1.1448
2022-02-07,12:30pm,EUR,German Industrial Production m/m,Low,-0.3%,0.3%,1.14628,1.14652,1.1412,1.14412
2022-02-07,3:00pm,EUR,Sentix Investor Confidence,Low,16.6,14.9,1.14628,1.14652,1.1412,1.14412
2022-02-08,1:30am,USD,Consumer Credit m/m,Low,18.9B,38.8B,1.14421,1.14488,1.1394,1.14153
2022-02-08,1:15pm,EUR,French Trade Balance,Low,-11.3B,-9.8B,1.14421,1.14488,1.1394,1.14153
2022-02-08,2:30pm,EUR,Italian Retail Sales m/m,Low,0.9%,-0.4%,1.14421,1.14488,1.1394,1.14153
2022-02-08,4:26pm,USD,NFIB Small Business Index,Low,97.1,98.9,1.14421,1.14488,1.1394,1.14153
2022-02-08,4:26pm,USD,Trade Balance,Low,-80.7B,-79.3B,1.14421,1.14488,1.1394,1.14153
2022-02-08,8:26pm,USD,RCM/TIPP Economic Optimism,Low,44.0,44.7,1.14421,1.14488,1.1394,1.14153
2022-02-09,12:30pm,EUR,German Trade Balance,Low,6.8B,10.8B,1.14145,1.14479,1.1401,1.1423
2022-02-09,2:30pm,EUR,Italian Industrial Production m/m,Low,-1.0%,2.1%,1.14145,1.14479,1.1401,1.1423
2022-02-09,4:02pm,EUR,German 30-y Bond Auction,Low,0.39|1.2,0.28|1.1,1.14145,1.14479,1.1401,1.1423
2022-02-09,8:30pm,USD,Final Wholesale Inventories m/m,Low,2.2%,2.1%,1.14145,1.14479,1.1401,1.1423
2022-02-09,9:00pm,USD,Crude Oil Inventories,Medium,-4.8M,-1.0M,1.14145,1.14479,1.1401,1.1423
2022-02-09,11:31pm,USD,10-y Bond Auction,Medium,1.90|2.7,1.72|2.5,1.14145,1.14479,1.1401,1.1423
2022-02-10,7:00pm,USD,Core CPI m/m,High,0.6%,0.6%,1.14211,1.14949,1.1373,1.1427
2022-02-10,7:00pm,USD,CPI m/m,High,0.6%,0.5%,1.14211,1.14949,1.1373,1.1427
2022-02-10,7:00pm,USD,CPI y/y,High,7.5%,7.0%,1.14211,1.14949,1.1373,1.1427
2022-02-10,7:00pm,USD,Unemployment Claims,Medium,223K,239K,1.14211,1.14949,1.1373,1.1427
2022-02-10,8:30pm,USD,Mortgage Delinquencies,Low,4.65%,4.88%,1.14211,1.14949,1.1373,1.1427
2022-02-10,9:00pm,USD,Natural Gas Storage,Low,-222B,-268B,1.14211,1.14949,1.1373,1.1427
2022-02-10,11:31pm,USD,30-y Bond Auction,Medium,2.34|2.3,2.08|2.4,1.14211,1.14949,1.1373,1.1427
2022-02-11,12:30am,USD,Federal Budget Balance,Low,118.7B,-21.3B,1.14276,1.14304,1.1328,1.13457
2022-02-11,12:30pm,EUR,German Final CPI m/m,Low,0.4%,0.4%,1.14276,1.14304,1.1328,1.13457
2022-02-11,12:30pm,EUR,German WPI m/m,Low,2.3%,0.2%,1.14276,1.14304,1.1328,1.13457
2022-02-11,8:30pm,USD,Prelim UoM Consumer Sentiment,Medium,61.7,67.2,1.14276,1.14304,1.1328,1.13457
2022-02-11,8:30pm,USD,Prelim UoM Inflation Expectations,Low,5.0%,4.9%,1.14276,1.14304,1.1328,1.13457
2022-02-15,3:30pm,EUR,ZEW Economic Sentiment,Medium,48.6,49.4,1.13047,1.13684,1.12955,1.1358
2022-02-15,3:30pm,EUR,German ZEW Economic Sentiment,Medium,54.3,51.7,1.13047,1.13684,1.12955,1.1358
2022-02-15,3:30pm,EUR,Flash Employment Change q/q,Low,0.5%,1.0%,1.13047,1.13684,1.12955,1.1358
2022-02-15,3:30pm,EUR,Flash GDP q/q,Low,0.3%,0.3%,1.13047,1.13684,1.12955,1.1358
2022-02-15,3:30pm,EUR,Trade Balance,Low,-9.7B,-1.8B,1.13047,1.13684,1.12955,1.1358
2022-02-15,7:00pm,USD,PPI m/m,High,1.0%,0.2%,1.13047,1.13684,1.12955,1.1358
2022-02-15,7:00pm,USD,Core PPI m/m,Medium,0.8%,0.5%,1.13047,1.13684,1.12955,1.1358
2022-02-15,7:00pm,USD,Empire State Manufacturing Index,Medium,3.1,-0.7,1.13047,1.13684,1.12955,1.1358
2022-02-16,2:30am,USD,TIC Long-Term Purchases,Low,114.5B,137.9B,1.13569,1.13959,1.1342,1.13721
2022-02-16,3:30pm,EUR,Industrial Production m/m,Low,1.2%,2.4%,1.13569,1.13959,1.1342,1.13721
2022-02-16,4:02pm,EUR,German 10-y Bond Auction,Low,0.31|2.0,-0.08|1.4,1.13569,1.13959,1.1342,1.13721
2022-02-16,4:02pm,USD,Core Retail Sales m/m,High,3.3%,-2.8%,1.13569,1.13959,1.1342,1.13721
2022-02-16,4:02pm,USD,Retail Sales m/m,High,3.8%,-2.5%,1.13569,1.13959,1.1342,1.13721
2022-02-16,4:02pm,USD,Import Prices m/m,Low,2.0%,-0.4%,1.13569,1.13959,1.1342,1.13721
2022-02-16,7:45pm,USD,Industrial Production m/m,Medium,1.4%,-0.1%,1.13569,1.13959,1.1342,1.13721
2022-02-16,7:45pm,USD,Capacity Utilization Rate,Low,77.6%,76.6%,1.13569,1.13959,1.1342,1.13721
2022-02-16,8:30pm,USD,Business Inventories m/m,Low,2.1%,1.5%,1.13569,1.13959,1.1342,1.13721
2022-02-16,8:30pm,USD,NAHB Housing Market Index,Low,82,83,1.13569,1.13959,1.1342,1.13721
2022-02-16,9:00pm,USD,Crude Oil Inventories,Medium,1.1M,-4.8M,1.13569,1.13959,1.1342,1.13721
2022-02-17,5:20am,EUR,Italian Trade Balance,Low,1.10B,4.18B,1.13719,1.13863,1.1321,1.13592
2022-02-17,3:05pm,EUR,Spanish 10-y Bond Auction,Low,1.23|1.5,0.85|1.6,1.13719,1.13863,1.1321,1.13592
2022-02-17,3:05pm,USD,Philly Fed Manufacturing Index,Medium,16.0,23.2,1.13719,1.13863,1.1321,1.13592
2022-02-17,3:05pm,USD,Unemployment Claims,Medium,248K,225K,1.13719,1.13863,1.1321,1.13592
2022-02-17,3:05pm,USD,Building Permits,Low,1.90M,1.89M,1.13719,1.13863,1.1321,1.13592
2022-02-17,3:05pm,USD,Housing Starts,Low,1.64M,1.71M,1.13719,1.13863,1.1321,1.13592
2022-02-17,9:00pm,USD,Natural Gas Storage,Low,-190B,-222B,1.13719,1.13863,1.1321,1.13592
2022-02-18,1:15pm,EUR,French Final CPI m/m,Low,0.3%,0.3%,1.13592,1.13771,1.1312,1.13203
2022-02-18,2:30pm,EUR,Current Account,Low,22.6B,23.6B,1.13592,1.13771,1.1312,1.13203
2022-02-18,8:27pm,EUR,Consumer Confidence,Low,-9,-9,1.13592,1.13771,1.1312,1.13203
2022-02-18,8:30pm,USD,Existing Home Sales,Medium,6.50M,6.09M,1.13592,1.13771,1.1312,1.13203
2022-02-18,8:30pm,USD,CB Leading Index m/m,Low,-0.3%,0.7%,1.13592,1.13771,1.1312,1.13203
2022-02-21,12:30pm,EUR,German PPI m/m,Low,2.2%,5.0%,1.13178,1.13907,1.1305,1.13102
2022-02-21,1:45pm,EUR,French Flash Services PMI,Medium,57.9,53.1,1.13178,1.13907,1.1305,1.13102
2022-02-21,1:45pm,EUR,French Flash Manufacturing PMI,Low,57.6,55.5,1.13178,1.13907,1.1305,1.13102
2022-02-21,2:00pm,EUR,German Flash Manufacturing PMI,High,58.5,59.8,1.13178,1.13907,1.1305,1.13102
2022-02-21,2:00pm,EUR,German Flash Services PMI,High,56.6,52.2,1.13178,1.13907,1.1305,1.13102
2022-02-21,2:30pm,EUR,Flash Manufacturing PMI,Low,58.4,58.7,1.13178,1.13907,1.1305,1.13102
2022-02-21,2:30pm,EUR,Flash Services PMI,Low,55.8,51.1,1.13178,1.13907,1.1305,1.13102
2022-02-22,2:30pm,EUR,German ifo Business Climate,Medium,98.9,96.0,1.1309,1.13669,1.1286,1.1323
2022-02-22,7:26pm,EUR,Belgian NBB Business Climate,Low,2.3,2.7,1.1309,1.13669,1.1286,1.1323
2022-02-22,7:30pm,USD,HPI m/m,Low,1.2%,1.2%,1.1309,1.13669,1.1286,1.1323
2022-02-22,7:30pm,USD,S&P/CS Composite-20 HPI y/y,Low,18.6%,18.3%,1.1309,1.13669,1.1286,1.1323
2022-02-22,8:15pm,USD,Flash Manufacturing PMI,Medium,57.5,55.5,1.1309,1.13669,1.1286,1.1323
2022-02-22,8:15pm,USD,Flash Services PMI,Medium,56.7,51.2,1.1309,1.13669,1.1286,1.1323
2022-02-22,8:29pm,USD,Richmond Manufacturing Index,Low,1,8,1.1309,1.13669,1.1286,1.1323
2022-02-22,8:30pm,USD,CB Consumer Confidence,Medium,110.5,111.1,1.1309,1.13669,1.1286,1.1323
2022-02-23,12:30pm,EUR,German GfK Consumer Climate,Low,-8.1,-6.7,1.13238,1.13593,1.1299,1.13044
2022-02-23,3:30pm,EUR,Final Core CPI y/y,Low,2.3%,2.3%,1.13238,1.13593,1.1299,1.13044
2022-02-23,3:30pm,EUR,Final CPI y/y,Low,5.1%,5.1%,1.13238,1.13593,1.1299,1.13044
2022-02-24,7:00pm,USD,Prelim GDP q/q,High,7.0%,6.9%,1.13027,1.1311,1.1104,1.11914
2022-02-24,7:00pm,USD,Unemployment Claims,Medium,232K,249K,1.13027,1.1311,1.1104,1.11914
2022-02-24,7:00pm,USD,Prelim GDP Price Index q/q,Low,7.1%,6.9%,1.13027,1.1311,1.1104,1.11914
2022-02-24,8:30pm,USD,New Home Sales,Low,801K,839K,1.13027,1.1311,1.1104,1.11914
2022-02-24,9:00pm,USD,Natural Gas Storage,Low,-129B,-190B,1.13027,1.1311,1.1104,1.11914
2022-02-24,9:30pm,USD,Crude Oil Inventories,Medium,4.5M,1.1M,1.13027,1.1311,1.1104,1.11914
2022-02-25,12:30pm,EUR,German Final GDP q/q,Low,-0.3%,-0.7%,1.11916,1.12743,1.1164,1.12657
2022-02-25,12:30pm,EUR,German Import Prices m/m,Low,4.3%,0.1%,1.11916,1.12743,1.1164,1.12657
2022-02-25,1:15pm,EUR,French Consumer Spending m/m,Low,-1.5%,0.0%,1.11916,1.12743,1.1164,1.12657
2022-02-25,1:15pm,EUR,French Prelim CPI m/m,Low,0.7%,0.3%,1.11916,1.12743,1.1164,1.12657
2022-02-25,1:15pm,EUR,French Prelim GDP q/q,Low,0.7%,0.7%,1.11916,1.12743,1.1164,1.12657
2022-02-25,2:30pm,EUR,M3 Money Supply y/y,Low,6.4%,6.9%,1.11916,1.12743,1.1164,1.12657
2022-02-25,2:30pm,EUR,Private Loans y/y,Low,4.3%,4.2%,1.11916,1.12743,1.1164,1.12657
2022-02-25,3:45pm,EUR,Italian 10-y Bond Auction,Low,1.81|1.4,1.39|1.4,1.11916,1.12743,1.1164,1.12657
2022-02-25,7:00pm,USD,Core PCE Price Index m/m,High,0.5%,0.5%,1.11916,1.12743,1.1164,1.12657
2022-02-25,7:00pm,USD,Core Durable Goods Orders m/m,Medium,0.7%,0.6%,1.11916,1.12743,1.1164,1.12657
2022-02-25,7:00pm,USD,Durable Goods Orders m/m,Medium,1.6%,-0.7%,1.11916,1.12743,1.1164,1.12657
2022-02-25,7:00pm,USD,Personal Income m/m,Low,0.0%,0.4%,1.11916,1.12743,1.1164,1.12657
2022-02-25,7:00pm,USD,Personal Spending m/m,Low,2.1%,-0.8%,1.11916,1.12743,1.1164,1.12657
2022-02-25,8:30pm,USD,Revised UoM Consumer Sentiment,Medium,62.8,61.7,1.11916,1.12743,1.1164,1.12657
2022-02-25,8:30pm,USD,Pending Home Sales m/m,Low,-5.7%,-2.3%,1.11916,1.12743,1.1164,1.12657
2022-02-25,8:30pm,USD,Revised UoM Inflation Expectations,Low,4.9%,5.0%,1.11916,1.12743,1.1164,1.12657
2022-02-28,10:30am,EUR,Spanish Flash CPI y/y,Low,7.4%,6.1%,1.1125,1.12465,1.11227,1.12175
2022-02-28,10:30am,USD,Goods Trade Balance,Low,-107.6B,-100.5B,1.1125,1.12465,1.11227,1.12175
2022-02-28,10:30am,USD,Prelim Wholesale Inventories m/m,Low,0.8%,2.2%,1.1125,1.12465,1.11227,1.12175
2022-02-28,8:15pm,USD,Chicago PMI,Medium,56.3,65.2,1.1125,1.12465,1.11227,1.12175
2022-03-01,All Day,EUR,German Prelim CPI m/m,Low,0.9%,0.4%,1.12176,1.12331,1.1088,1.11239
2022-03-01,1:45pm,EUR,Spanish Manufacturing PMI,Low,56.9,56.2,1.12176,1.12331,1.1088,1.11239
2022-03-01,2:15pm,EUR,Italian Manufacturing PMI,Low,58.3,58.3,1.12176,1.12331,1.1088,1.11239
2022-03-01,2:20pm,EUR,French Final Manufacturing PMI,Low,57.2,57.6,1.12176,1.12331,1.1088,1.11239
2022-03-01,2:25pm,EUR,German Final Manufacturing PMI,Low,58.4,58.5,1.12176,1.12331,1.1088,1.11239
2022-03-01,2:30pm,EUR,Final Manufacturing PMI,Low,58.2,58.4,1.12176,1.12331,1.1088,1.11239
2022-03-01,3:30pm,EUR,Italian Prelim CPI m/m,Low,0.9%,1.6%,1.12176,1.12331,1.1088,1.11239
2022-03-01,8:15pm,USD,Final Manufacturing PMI,Low,57.3,57.5,1.12176,1.12331,1.1088,1.11239
2022-03-01,8:30pm,USD,ISM Manufacturing PMI,High,58.6,57.6,1.12176,1.12331,1.1088,1.11239
2022-03-01,8:30pm,USD,Construction Spending m/m,Low,1.3%,0.8%,1.12176,1.12331,1.1088,1.11239
2022-03-01,8:30pm,USD,ISM Manufacturing Prices,Low,75.6,76.1,1.12176,1.12331,1.1088,1.11239
2022-03-01,All Day,USD,Wards Total Vehicle Sales,Low,14.1M,15.0M,1.12176,1.12331,1.1088,1.11239
2022-03-02,1:15pm,EUR,French Gov Budget Balance,Low,-15.9B,-170.7B,1.11234,1.1144,1.1055,1.11186
2022-03-02,1:30pm,EUR,Spanish Unemployment Change,Medium,-11.4K,17.2K,1.11234,1.1144,1.1055,1.11186
2022-03-02,2:25pm,EUR,German Unemployment Change,Low,-33K,-48K,1.11234,1.1144,1.1055,1.11186
2022-03-02,3:30pm,EUR,Core CPI Flash Estimate y/y,Medium,2.7%,2.3%,1.11234,1.1144,1.1055,1.11186
2022-03-02,3:30pm,EUR,CPI Flash Estimate y/y,Medium,5.8%,5.1%,1.11234,1.1144,1.1055,1.11186
2022-03-02,4:05pm,EUR,German 10-y Bond Auction,Low,-0.20|1.2,0.31|2.0,1.11234,1.1144,1.1055,1.11186
2022-03-02,6:47pm,USD,ADP Non-Farm Employment Change,High,475K,509K,1.11234,1.1144,1.1055,1.11186
2022-03-02,9:00pm,USD,Crude Oil Inventories,Medium,-2.6M,4.5M,1.11234,1.1144,1.1055,1.11186
2022-03-03,1:45pm,EUR,Spanish Services PMI,Low,56.6,46.6,1.11186,1.11224,1.1032,1.10659
2022-03-03,2:15pm,EUR,Italian Services PMI,Low,52.8,48.5,1.11186,1.11224,1.1032,1.10659
2022-03-03,2:20pm,EUR,French Final Services PMI,Low,55.5,57.9,1.11186,1.11224,1.1032,1.10659
2022-03-03,2:25pm,EUR,German Final Services PMI,Low,55.8,56.6,1.11186,1.11224,1.1032,1.10659
2022-03-03,2:30pm,EUR,Final Services PMI,Low,55.5,55.8,1.11186,1.11224,1.1032,1.10659
2022-03-03,2:30pm,EUR,Italian Monthly Unemployment Rate,Low,8.8%,9.0%,1.11186,1.11224,1.1032,1.10659
2022-03-03,3:30pm,EUR,PPI m/m,Low,5.2%,3.0%,1.11186,1.11224,1.1032,1.10659
2022-03-03,3:30pm,EUR,Unemployment Rate,Low,6.8%,7.0%,1.11186,1.11224,1.1032,1.10659
2022-03-03,3:34pm,EUR,French 10-y Bond Auction,Low,0.52|1.7,0.45|2.6,1.11186,1.11224,1.1032,1.10659
2022-03-03,3:34pm,USD,Challenger Job Cuts y/y,Low,-55.9%,-76.0%,1.11186,1.11224,1.1032,1.10659
2022-03-03,7:00pm,USD,Unemployment Claims,Medium,215K,233K,1.11186,1.11224,1.1032,1.10659
2022-03-03,7:00pm,USD,Revised Nonfarm Productivity q/q,Low,6.6%,6.6%,1.11186,1.11224,1.1032,1.10659
2022-03-03,7:00pm,USD,Revised Unit Labor Costs q/q,Low,0.9%,0.3%,1.11186,1.11224,1.1032,1.10659
2022-03-03,8:15pm,USD,Final Services PMI,Low,56.5,56.7,1.11186,1.11224,1.1032,1.10659
2022-03-03,8:15pm,USD,ISM Services PMI,High,56.5,59.9,1.11186,1.11224,1.1032,1.10659
2022-03-03,8:15pm,USD,Factory Orders m/m,Low,1.4%,0.7%,1.11186,1.11224,1.1032,1.10659
2022-03-03,9:00pm,USD,Natural Gas Storage,Low,-139B,-129B,1.11186,1.11224,1.1032,1.10659
2022-03-04,12:30pm,EUR,German Trade Balance,Low,9.4B,8.1B,1.1066,1.1068,1.0884,1.09241
2022-03-04,1:15pm,EUR,French Industrial Production m/m,Low,1.6%,-0.1%,1.1066,1.1068,1.0884,1.09241
2022-03-04,3:30pm,EUR,Retail Sales m/m,Low,0.2%,-2.7%,1.1066,1.1068,1.0884,1.09241
2022-03-04,3:30pm,USD,Average Hourly Earnings m/m,High,0.0%,0.6%,1.1066,1.1068,1.0884,1.09241
2022-03-04,3:30pm,USD,Non-Farm Employment Change,High,678K,481K,1.1066,1.1068,1.0884,1.09241
2022-03-04,3:30pm,USD,Unemployment Rate,High,3.8%,4.0%,1.1066,1.1068,1.0884,1.09241
2022-03-07,12:30pm,EUR,German Factory Orders m/m,Low,1.8%,3.0%,1.09236,1.09325,1.0804,1.08549
2022-03-07,12:30pm,EUR,German Retail Sales m/m,Low,2.0%,-4.6%,1.09236,1.09325,1.0804,1.08549
2022-03-07,3:00pm,EUR,Sentix Investor Confidence,Low,-7.0,16.6,1.09236,1.09325,1.0804,1.08549
2022-03-08,1:30am,USD,Consumer Credit m/m,Low,6.8B,22.4B,1.08537,1.09583,1.0847,1.08993
2022-03-08,12:30pm,EUR,German Industrial Production m/m,Low,2.7%,1.1%,1.08537,1.09583,1.0847,1.08993
2022-03-08,2:30pm,EUR,Italian Retail Sales m/m,Low,-0.5%,0.8%,1.08537,1.09583,1.0847,1.08993
2022-03-08,3:30pm,EUR,Final Employment Change q/q,Low,0.5%,0.5%,1.08537,1.09583,1.0847,1.08993
2022-03-08,3:30pm,EUR,Revised GDP q/q,Low,0.3%,0.3%,1.08537,1.09583,1.0847,1.08993
2022-03-08,4:30pm,USD,NFIB Small Business Index,Low,95.7,97.1,1.08537,1.09583,1.0847,1.08993
2022-03-08,4:30pm,USD,Trade Balance,Low,-89.7B,-82.0B,1.08537,1.09583,1.0847,1.08993
2022-03-08,8:30pm,USD,Final Wholesale Inventories m/m,Low,0.8%,0.8%,1.08537,1.09583,1.0847,1.08993
2022-03-08,8:31pm,USD,RCM/TIPP Economic Optimism,Low,41.0,44.0,1.08537,1.09583,1.0847,1.08993
2022-03-09,12:00pm,EUR,French Final Private Payrolls q/q,Low,0.6%,0.5%,1.08995,1.10953,1.0888,1.1075
2022-03-09,2:30pm,EUR,Italian Industrial Production m/m,Low,-3.4%,-1.1%,1.08995,1.10953,1.0888,1.1075
2022-03-09,8:30pm,USD,JOLTS Job Openings,High,11.26M,11.45M,1.08995,1.10953,1.0888,1.1075
2022-03-09,9:00pm,USD,Crude Oil Inventories,Medium,-1.9M,-2.6M,1.08995,1.10953,1.0888,1.1075
2022-03-09,11:31pm,USD,10-y Bond Auction,Medium,1.92|2.5,1.90|2.7,1.08995,1.10953,1.0888,1.1075
2022-03-10,6:00pm,USD,CPI y/y,High,7.9%,7.5%,1.10738,1.11212,1.0974,1.09849
2022-03-10,6:15pm,EUR,Main Refinancing Rate,High,0.00%,0.00%,1.10738,1.11212,1.0974,1.09849
2022-03-10,6:15pm,USD,Core CPI m/m,High,0.5%,0.6%,1.10738,1.11212,1.0974,1.09849
2022-03-10,6:15pm,USD,CPI m/m,High,0.8%,0.6%,1.10738,1.11212,1.0974,1.09849
2022-03-10,6:15pm,USD,Unemployment Claims,Medium,227K,216K,1.10738,1.11212,1.0974,1.09849
2022-03-10,9:00pm,USD,Natural Gas Storage,Low,-124B,-139B,1.10738,1.11212,1.0974,1.09849
2022-03-10,11:31pm,USD,30-y Bond Auction,Medium,2.38|2.5,2.34|2.3,1.10738,1.11212,1.0974,1.09849
2022-03-11,12:30am,USD,Federal Budget Balance,Low,-216.6B,118.7B,1.0984,1.10435,1.09,1.09099
2022-03-11,12:30pm,EUR,German Final CPI m/m,Low,0.9%,0.9%,1.0984,1.10435,1.09,1.09099
2022-03-11,2:30pm,EUR,Italian Quarterly Unemployment Rate,Low,9.1%,9.1%,1.0984,1.10435,1.09,1.09099
2022-03-11,8:30pm,USD,Prelim UoM Consumer Sentiment,High,59.7,62.8,1.0984,1.10435,1.09,1.09099
2022-03-11,8:30pm,USD,Prelim UoM Inflation Expectations,Low,5.4%,4.9%,1.0984,1.10435,1.09,1.09099
2022-03-14,12:30pm,EUR,German WPI m/m,Low,1.7%,2.3%,1.09172,1.0994,1.0899,1.0942
2022-03-14,1:15pm,EUR,French Trade Balance,Low,-8.0B,-11.4B,1.09172,1.0994,1.0899,1.0942
2022-03-15,1:15pm,EUR,French Final CPI m/m,Low,0.8%,0.7%,1.09427,1.10199,1.0924,1.0949
2022-03-15,3:30pm,EUR,ZEW Economic Sentiment,Medium,-38.7,48.6,1.09427,1.10199,1.0924,1.0949
2022-03-15,3:30pm,EUR,German ZEW Economic Sentiment,Medium,-39.3,54.3,1.09427,1.10199,1.0924,1.0949
2022-03-15,3:30pm,EUR,Industrial Production m/m,Low,0.0%,1.3%,1.09427,1.10199,1.0924,1.0949
2022-03-15,3:30pm,USD,PPI m/m,High,0.8%,1.0%,1.09427,1.10199,1.0924,1.0949
2022-03-15,3:30pm,USD,Core PPI m/m,Medium,0.2%,0.8%,1.09427,1.10199,1.0924,1.0949
2022-03-15,3:30pm,USD,Empire State Manufacturing Index,Medium,-11.8,3.1,1.09427,1.10199,1.0924,1.0949
2022-03-16,1:30am,USD,TIC Long-Term Purchases,Low,58.8B,114.5B,1.09486,1.10468,1.09476,1.10309
2022-03-16,4:05pm,EUR,German 10-y Bond Auction,Low,0.38|1.3,-0.20|1.2,1.09486,1.10468,1.09476,1.10309
2022-03-16,4:05pm,USD,Core Retail Sales m/m,High,0.2%,4.4%,1.09486,1.10468,1.09476,1.10309
2022-03-16,4:05pm,USD,Retail Sales m/m,High,0.3%,4.9%,1.09486,1.10468,1.09476,1.10309
2022-03-16,4:05pm,USD,Import Prices m/m,Low,1.4%,1.9%,1.09486,1.10468,1.09476,1.10309
2022-03-16,7:30pm,USD,Business Inventories m/m,Low,1.1%,2.4%,1.09486,1.10468,1.09476,1.10309
2022-03-16,7:30pm,USD,NAHB Housing Market Index,Low,79,81,1.09486,1.10468,1.09476,1.10309
2022-03-16,8:00pm,USD,Crude Oil Inventories,Medium,4.3M,-1.9M,1.09486,1.10468,1.09476,1.10309
2022-03-16,11:30pm,USD,Federal Funds Rate,High,0.50%,<0.25%,1.09486,1.10468,1.09476,1.10309
2022-03-17,3:30pm,EUR,Final Core CPI y/y,Low,2.7%,2.7%,1.10311,1.11375,1.1006,1.10888
2022-03-17,3:30pm,EUR,Final CPI y/y,Low,5.9%,5.8%,1.10311,1.11375,1.1006,1.10888
2022-03-17,6:00pm,USD,Philly Fed Manufacturing Index,Medium,27.4,16.0,1.10311,1.11375,1.1006,1.10888
2022-03-17,6:00pm,USD,Unemployment Claims,Medium,214K,229K,1.10311,1.11375,1.1006,1.10888
2022-03-17,6:00pm,USD,Building Permits,Low,1.86M,1.90M,1.10311,1.11375,1.1006,1.10888
2022-03-17,6:00pm,USD,Housing Starts,Low,1.77M,1.66M,1.10311,1.11375,1.1006,1.10888
2022-03-17,6:45pm,USD,Industrial Production m/m,Medium,0.5%,1.4%,1.10311,1.11375,1.1006,1.10888
2022-03-17,6:45pm,USD,Capacity Utilization Rate,Low,77.6%,77.3%,1.10311,1.11375,1.1006,1.10888
2022-03-17,8:00pm,USD,Natural Gas Storage,Low,-79B,-124B,1.10311,1.11375,1.1006,1.10888
2022-03-18,2:30pm,EUR,Italian Trade Balance,Low,-5.05B,1.10B,1.10906,1.11186,1.1001,1.105
2022-03-18,3:30pm,EUR,Trade Balance,Low,-7.7B,-9.7B,1.10906,1.11186,1.1001,1.105
2022-03-18,7:30pm,USD,Existing Home Sales,Medium,6.02M,6.49M,1.10906,1.11186,1.1001,1.105
2022-03-18,7:30pm,USD,CB Leading Index m/m,Low,0.3%,-0.5%,1.10906,1.11186,1.1001,1.105
2022-03-21,12:30pm,EUR,German PPI m/m,Low,1.4%,2.2%,1.10504,1.10703,1.1009,1.1018
2022-03-22,2:35pm,EUR,Current Account,Low,22.6B,22.6B,1.10183,1.10458,1.0959,1.1028
2022-03-22,7:29pm,USD,Richmond Manufacturing Index,Low,13,1,1.10183,1.10458,1.0959,1.1028
2022-03-23,7:30pm,USD,New Home Sales,Low,772K,788K,1.10285,1.10437,1.0962,1.1005
2022-03-23,7:30pm,USD,Crude Oil Inventories,Medium,-2.5M,4.3M,1.10285,1.10437,1.0962,1.1005
2022-03-23,8:20pm,EUR,Consumer Confidence,Low,-19,-9,1.10285,1.10437,1.0962,1.1005
2022-03-24,1:45pm,EUR,French Flash Services PMI,Medium,57.4,55.5,1.10063,1.10139,1.0964,1.09964
2022-03-24,1:45pm,EUR,French Flash Manufacturing PMI,Low,54.8,57.2,1.10063,1.10139,1.0964,1.09964
2022-03-24,1:45pm,EUR,German Flash Manufacturing PMI,High,57.6,58.4,1.10063,1.10139,1.0964,1.09964
2022-03-24,1:45pm,EUR,German Flash Services PMI,High,55.0,55.8,1.10063,1.10139,1.0964,1.09964
2022-03-24,1:45pm,EUR,Flash Manufacturing PMI,Low,57.0,58.2,1.10063,1.10139,1.0964,1.09964
2022-03-24,1:45pm,EUR,Flash Services PMI,Low,54.8,55.5,1.10063,1.10139,1.0964,1.09964
2022-03-24,6:00pm,USD,Core Durable Goods Orders m/m,Medium,-0.6%,0.8%,1.10063,1.10139,1.0964,1.09964
2022-03-24,6:00pm,USD,Durable Goods Orders m/m,Medium,-2.2%,1.6%,1.10063,1.10139,1.0964,1.09964
2022-03-24,6:00pm,USD,Unemployment Claims,Medium,187K,215K,1.10063,1.10139,1.0964,1.09964
2022-03-24,6:00pm,USD,Current Account,Low,-218B,-220B,1.10063,1.10139,1.0964,1.09964
2022-03-24,7:15pm,USD,Flash Manufacturing PMI,Medium,58.5,57.3,1.10063,1.10139,1.0964,1.09964
2022-03-24,7:15pm,USD,Flash Services PMI,Medium,58.9,56.5,1.10063,1.10139,1.0964,1.09964
2022-03-24,8:00pm,USD,Natural Gas Storage,Low,-51B,-79B,1.10063,1.10139,1.0964,1.09964
2022-03-25,2:30pm,EUR,German ifo Business Climate,Medium,90.8,98.5,1.09961,1.10379,1.09788,1.0982
2022-03-25,2:30pm,EUR,M3 Money Supply y/y,Low,6.3%,6.4%,1.09961,1.10379,1.09788,1.0982
2022-03-25,2:30pm,EUR,Private Loans y/y,Low,4.4%,4.3%,1.09961,1.10379,1.09788,1.0982
2022-03-25,7:26pm,EUR,Belgian NBB Business Climate,Low,0.4,2.3,1.09961,1.10379,1.09788,1.0982
2022-03-25,7:30pm,USD,Revised UoM Consumer Sentiment,Medium,59.4,59.7,1.09961,1.10379,1.09788,1.0982
2022-03-25,7:30pm,USD,Pending Home Sales m/m,Low,-4.1%,-5.8%,1.09961,1.10379,1.09788,1.0982
2022-03-25,7:30pm,USD,Revised UoM Inflation Expectations,Low,5.4%,5.4%,1.09961,1.10379,1.09788,1.0982
2022-03-28,6:00pm,USD,Goods Trade Balance,Low,-106.6B,-107.6B,1.09836,1.09995,1.0943,1.09841
2022-03-28,6:00pm,USD,Prelim Wholesale Inventories m/m,Low,2.1%,1.1%,1.09836,1.09995,1.0943,1.09841
2022-03-29,11:30am,EUR,German GfK Consumer Climate,Low,-15.5,-8.5,1.09843,1.11372,1.0968,1.10861
2022-03-29,11:30am,EUR,German Import Prices m/m,Low,1.3%,4.3%,1.09843,1.11372,1.0968,1.10861
2022-03-29,11:30am,USD,HPI m/m,Low,1.6%,1.3%,1.09843,1.11372,1.0968,1.10861
2022-03-29,11:30am,USD,S&P/CS Composite-20 HPI y/y,Low,19.1%,18.6%,1.09843,1.11372,1.0968,1.10861
2022-03-29,7:30pm,USD,JOLTS Job Openings,High,11.27M,11.28M,1.09843,1.11372,1.0968,1.10861
2022-03-29,7:30pm,USD,CB Consumer Confidence,Medium,107.2,105.7,1.09843,1.11372,1.0968,1.10861
2022-03-30,All Day,EUR,German Prelim CPI m/m,Low,2.5%,0.9%,1.1086,1.11711,1.10842,1.1157
2022-03-30,All Day,EUR,Spanish Flash CPI y/y,Low,9.8%,7.6%,1.1086,1.11711,1.10842,1.1157
2022-03-30,2:43pm,EUR,Italian 10-y Bond Auction,Low,2.14|1.3,1.81|1.4,1.1086,1.11711,1.10842,1.1157
2022-03-30,5:45pm,USD,ADP Non-Farm Employment Change,High,455K,486K,1.1086,1.11711,1.10842,1.1157
2022-03-30,6:00pm,USD,Final GDP q/q,Medium,6.9%,7.0%,1.1086,1.11711,1.10842,1.1157
2022-03-30,6:00pm,USD,Final GDP Price Index q/q,Low,7.1%,7.1%,1.1086,1.11711,1.10842,1.1157
2022-03-30,8:00pm,USD,Crude Oil Inventories,Medium,-3.4M,-2.5M,1.1086,1.11711,1.10842,1.1157
2022-03-31,11:30am,EUR,German Retail Sales m/m,Low,0.3%,1.4%,1.11563,1.11849,1.1059,1.1066
2022-03-31,12:15pm,EUR,French Consumer Spending m/m,Low,0.8%,-2.0%,1.11563,1.11849,1.1059,1.1066
2022-03-31,12:15pm,EUR,French Prelim CPI m/m,Low,1.4%,0.7%,1.11563,1.11849,1.1059,1.1066
2022-03-31,1:25pm,EUR,German Unemployment Change,Low,-18K,-33K,1.11563,1.11849,1.1059,1.1066
2022-03-31,1:30pm,EUR,Italian Monthly Unemployment Rate,Low,8.5%,8.6%,1.11563,1.11849,1.1059,1.1066
2022-03-31,2:30pm,EUR,Italian Prelim CPI m/m,Low,1.2%,0.9%,1.11563,1.11849,1.1059,1.1066
2022-03-31,2:30pm,EUR,Unemployment Rate,Low,6.8%,6.9%,1.11563,1.11849,1.1059,1.1066
2022-03-31,5:00pm,USD,Challenger Job Cuts y/y,Low,-30.1%,-55.9%,1.11563,1.11849,1.1059,1.1066
2022-03-31,5:00pm,USD,Core PCE Price Index m/m,High,0.4%,0.5%,1.11563,1.11849,1.1059,1.1066
2022-03-31,5:00pm,USD,Unemployment Claims,Medium,202K,188K,1.11563,1.11849,1.1059,1.1066
2022-03-31,5:00pm,USD,Personal Income m/m,Low,0.5%,0.1%,1.11563,1.11849,1.1059,1.1066
2022-03-31,5:00pm,USD,Personal Spending m/m,Low,0.2%,2.7%,1.11563,1.11849,1.1059,1.1066
2022-03-31,7:15pm,USD,Chicago PMI,Medium,62.9,56.3,1.11563,1.11849,1.1059,1.1066
2022-03-31,8:00pm,USD,Natural Gas Storage,Low,26B,-51B,1.11563,1.11849,1.1059,1.1066
2022-04-01,12:15pm,EUR,French Gov Budget Balance,Low,-37.6B,-15.9B,1.10658,1.10761,1.1026,1.1047
2022-04-01,12:45pm,EUR,Spanish Manufacturing PMI,Low,54.2,56.9,1.10658,1.10761,1.1026,1.1047
2022-04-01,1:15pm,EUR,Italian Manufacturing PMI,Low,55.8,58.3,1.10658,1.10761,1.1026,1.1047
2022-04-01,1:20pm,EUR,French Final Manufacturing PMI,Low,54.7,54.8,1.10658,1.10761,1.1026,1.1047
2022-04-01,1:25pm,EUR,German Final Manufacturing PMI,Low,56.9,57.6,1.10658,1.10761,1.1026,1.1047
2022-04-01,1:30pm,EUR,Final Manufacturing PMI,Low,56.5,57.0,1.10658,1.10761,1.1026,1.1047
2022-04-01,2:30pm,EUR,CPI Flash Estimate y/y,Medium,7.5%,5.9%,1.10658,1.10761,1.1026,1.1047
2022-04-01,2:30pm,EUR,Core CPI Flash Estimate y/y,Low,3.0%,2.7%,1.10658,1.10761,1.1026,1.1047
2022-04-01,6:00pm,USD,Average Hourly Earnings m/m,High,0.4%,0.1%,1.10658,1.10761,1.1026,1.1047
2022-04-01,6:00pm,USD,Non-Farm Employment Change,High,431K,750K,1.10658,1.10761,1.1026,1.1047
2022-04-01,6:00pm,USD,Unemployment Rate,High,3.6%,3.8%,1.10658,1.10761,1.1026,1.1047
2022-04-01,7:15pm,USD,Final Manufacturing PMI,Low,58.8,58.5,1.10658,1.10761,1.1026,1.1047
2022-04-01,7:30pm,USD,ISM Manufacturing PMI,High,57.1,58.6,1.10658,1.10761,1.1026,1.1047
2022-04-01,7:30pm,USD,Construction Spending m/m,Low,0.5%,1.6%,1.10658,1.10761,1.1026,1.1047
2022-04-01,7:30pm,USD,ISM Manufacturing Prices,Low,87.1,75.6,1.10658,1.10761,1.1026,1.1047
2022-04-01,All Day,USD,Wards Total Vehicle Sales,Low,13.3M,14.1M,1.10658,1.10761,1.1026,1.1047
2022-04-04,11:30am,EUR,German Trade Balance,Low,11.5B,8.8B,1.1038,1.10544,1.0959,1.09723
2022-04-04,12:30pm,EUR,Spanish Unemployment Change,Medium,-2.9K,-11.4K,1.1038,1.10544,1.0959,1.09723
2022-04-04,2:00pm,EUR,Sentix Investor Confidence,Low,-18.0,-7.0,1.1038,1.10544,1.0959,1.09723
2022-04-04,2:00pm,USD,Factory Orders m/m,Low,-0.5%,1.5%,1.1038,1.10544,1.0959,1.09723
2022-04-05,12:15pm,EUR,French Industrial Production m/m,Low,-0.9%,1.8%,1.09725,1.09887,1.0898,1.0906
2022-04-05,12:45pm,EUR,Spanish Services PMI,Low,53.4,56.6,1.09725,1.09887,1.0898,1.0906
2022-04-05,1:15pm,EUR,Italian Services PMI,Low,52.1,52.8,1.09725,1.09887,1.0898,1.0906
2022-04-05,1:20pm,EUR,French Final Services PMI,Low,57.4,57.4,1.09725,1.09887,1.0898,1.0906
2022-04-05,1:25pm,EUR,German Final Services PMI,Low,56.1,55.0,1.09725,1.09887,1.0898,1.0906
2022-04-05,1:30pm,EUR,Final Services PMI,Low,55.6,54.8,1.09725,1.09887,1.0898,1.0906
2022-04-05,2:00pm,USD,Trade Balance,Low,-89.2B,-89.2B,1.09725,1.09887,1.0898,1.0906
2022-04-05,7:15pm,USD,Final Services PMI,Low,58.0,58.9,1.09725,1.09887,1.0898,1.0906
2022-04-05,7:30pm,USD,ISM Services PMI,High,58.3,56.5,1.09725,1.09887,1.0898,1.0906
2022-04-06,11:30am,EUR,German Factory Orders m/m,Low,-2.2%,2.3%,1.0906,1.09381,1.0873,1.08961
2022-04-06,2:30pm,EUR,PPI m/m,Low,1.1%,5.1%,1.0906,1.09381,1.0873,1.08961
2022-04-06,8:00pm,USD,Crude Oil Inventories,Low,2.4M,-3.4M,1.0906,1.09381,1.0873,1.08961
2022-04-07,11:30am,EUR,German Industrial Production m/m,Low,0.2%,1.4%,1.08971,1.09385,1.0863,1.0878
2022-04-07,2:19pm,EUR,Spanish 10-y Bond Auction,Low,1.60|2.3,1.23|1.5,1.08971,1.09385,1.0863,1.0878
2022-04-07,2:30pm,EUR,Retail Sales m/m,Low,0.3%,0.2%,1.08971,1.09385,1.0863,1.0878
2022-04-07,2:33pm,EUR,French 10-y Bond Auction,Low,1.17|1.8,0.52|1.7,1.08971,1.09385,1.0863,1.0878
2022-04-07,6:00pm,USD,Unemployment Claims,Medium,166K,171K,1.08971,1.09385,1.0863,1.0878
2022-04-07,6:00pm,USD,Natural Gas Storage,Low,-33B,26B,1.08971,1.09385,1.0863,1.0878
2022-04-08,12:30am,USD,Consumer Credit m/m,Low,41.8B,8.9B,1.08787,1.08918,1.0835,1.0875
2022-04-08,1:30pm,EUR,Italian Retail Sales m/m,Low,0.7%,-0.6%,1.08787,1.08918,1.0835,1.0875
2022-04-08,7:30pm,USD,Final Wholesale Inventories m/m,Low,2.5%,2.1%,1.08787,1.08918,1.0835,1.0875
2022-04-12,11:30am,EUR,German Final CPI m/m,Low,2.5%,2.5%,1.08828,1.09038,1.0819,1.0827
2022-04-12,11:30am,EUR,German WPI m/m,Low,6.9%,1.7%,1.08828,1.09038,1.0819,1.0827
2022-04-12,12:15pm,EUR,French Trade Balance,Low,-10.3B,-8.0B,1.08828,1.09038,1.0819,1.0827
2022-04-12,2:30pm,EUR,German ZEW Economic Sentiment,Medium,-41.0,-39.3,1.08828,1.09038,1.0819,1.0827
2022-04-12,2:30pm,EUR,ZEW Economic Sentiment,Medium,-43.0,-38.7,1.08828,1.09038,1.0819,1.0827
2022-04-12,3:30pm,USD,NFIB Small Business Index,Low,93.2,95.7,1.08828,1.09038,1.0819,1.0827
2022-04-12,6:00pm,USD,Core CPI m/m,High,0.3%,0.5%,1.08828,1.09038,1.0819,1.0827
2022-04-12,6:00pm,USD,CPI m/m,High,1.2%,0.8%,1.08828,1.09038,1.0819,1.0827
2022-04-12,6:00pm,USD,CPI y/y,High,8.5%,7.9%,1.08828,1.09038,1.0819,1.0827
2022-04-12,7:30pm,USD,RCM/TIPP Economic Optimism,Low,45.5,41.0,1.08828,1.09038,1.0819,1.0827
2022-04-12,10:31pm,USD,10-y Bond Auction,Medium,2.72|2.4,1.92|2.5,1.08828,1.09038,1.0819,1.0827
2022-04-12,11:30pm,USD,Federal Budget Balance,Low,-192.7B,-216.6B,1.08828,1.09038,1.0819,1.0827
2022-04-13,1:30pm,EUR,Italian Industrial Production m/m,Low,4.0%,-3.4%,1.08273,1.08942,1.0807,1.08889
2022-04-13,3:08pm,EUR,German 10-y Bond Auction,Low,0.83|1.3,0.38|1.3,1.08273,1.08942,1.0807,1.08889
2022-04-13,6:00pm,USD,PPI m/m,High,1.4%,0.8%,1.08273,1.08942,1.0807,1.08889
2022-04-13,6:00pm,USD,Core PPI m/m,Medium,1.0%,0.2%,1.08273,1.08942,1.0807,1.08889
2022-04-13,8:00pm,USD,Crude Oil Inventories,Low,9.4M,2.4M,1.08273,1.08942,1.0807,1.08889
2022-04-13,10:31pm,USD,30-y Bond Auction,Medium,2.82|2.3,2.38|2.5,1.08273,1.08942,1.0807,1.08889
2022-04-14,5:15pm,EUR,Main Refinancing Rate,High,0.00%,0.00%,1.08888,1.09233,1.0756,1.0827
2022-04-14,5:15pm,USD,Core Retail Sales m/m,High,1.1%,0.6%,1.08888,1.09233,1.0756,1.0827
2022-04-14,5:15pm,USD,Retail Sales m/m,High,0.5%,0.8%,1.08888,1.09233,1.0756,1.0827
2022-04-14,5:15pm,USD,Unemployment Claims,Medium,185K,167K,1.08888,1.09233,1.0756,1.0827
2022-04-14,5:15pm,USD,Import Prices m/m,Low,2.6%,1.6%,1.08888,1.09233,1.0756,1.0827
2022-04-14,7:30pm,USD,Prelim UoM Consumer Sentiment,Medium,65.7,59.4,1.08888,1.09233,1.0756,1.0827
2022-04-14,7:30pm,USD,Business Inventories m/m,Low,1.5%,1.3%,1.08888,1.09233,1.0756,1.0827
2022-04-14,7:30pm,USD,Prelim UoM Inflation Expectations,Low,5.4%,5.4%,1.08888,1.09233,1.0756,1.0827
2022-04-14,8:00pm,USD,Natural Gas Storage,Low,15B,-33B,1.08888,1.09233,1.0756,1.0827
2022-04-15,12:15pm,EUR,French Final CPI m/m,Low,1.4%,1.4%,1.08256,1.0829,1.0795,1.0805
2022-04-15,6:00pm,USD,Empire State Manufacturing Index,Medium,24.6,-11.8,1.08256,1.0829,1.0795,1.0805
2022-04-15,6:45pm,USD,Capacity Utilization Rate,Low,78.3%,77.6%,1.08256,1.0829,1.0795,1.0805
2022-04-15,6:45pm,USD,Industrial Production m/m,Low,0.9%,0.5%,1.08256,1.0829,1.0795,1.0805
2022-04-16,1:30am,USD,TIC Long-Term Purchases,Low,141.7B,58.8B,,,,
2022-04-18,7:30pm,USD,NAHB Housing Market Index,Low,77,79,1.08069,1.08216,1.0768,1.0778
2022-04-19,10:00am,USD,Building Permits,Low,1.87M,1.87M,1.07755,1.08145,1.076,1.0788
2022-04-19,10:00am,USD,Housing Starts,Low,1.79M,1.79M,1.07755,1.08145,1.076,1.0788
2022-04-20,11:30am,EUR,German PPI m/m,Low,4.9%,1.4%,1.0789,1.08671,1.0782,1.08506
2022-04-20,1:30pm,EUR,Italian Trade Balance,Low,-1.66B,-5.13B,1.0789,1.08671,1.0782,1.08506
2022-04-20,2:30pm,EUR,Industrial Production m/m,Low,0.7%,-0.7%,1.0789,1.08671,1.0782,1.08506
2022-04-20,2:30pm,EUR,Trade Balance,Low,-9.4B,-7.7B,1.0789,1.08671,1.0782,1.08506
2022-04-20,7:30pm,USD,Existing Home Sales,Medium,5.77M,5.93M,1.0789,1.08671,1.0782,1.08506
2022-04-20,8:00pm,USD,Crude Oil Inventories,Low,-8.0M,9.4M,1.0789,1.08671,1.0782,1.08506
2022-04-21,2:10pm,EUR,Spanish 10-y Bond Auction,Low,1.74|1.3,1.60|2.3,1.085,1.09364,1.0822,1.08346
2022-04-21,2:30pm,EUR,Final Core CPI y/y,Low,2.9%,3.0%,1.085,1.09364,1.0822,1.08346
2022-04-21,2:30pm,EUR,Final CPI y/y,Low,7.4%,7.5%,1.085,1.09364,1.0822,1.08346
2022-04-21,6:00pm,USD,Philly Fed Manufacturing Index,Medium,17.6,27.4,1.085,1.09364,1.0822,1.08346
2022-04-21,6:00pm,USD,Unemployment Claims,Medium,184K,186K,1.085,1.09364,1.0822,1.08346
2022-04-21,7:16pm,EUR,Consumer Confidence,Low,-17,-19,1.085,1.09364,1.0822,1.08346
2022-04-21,7:30pm,USD,CB Leading Index m/m,Low,0.3%,0.6%,1.085,1.09364,1.0822,1.08346
2022-04-21,8:00pm,USD,Natural Gas Storage,Low,53B,15B,1.085,1.09364,1.0822,1.08346
2022-04-22,12:45pm,EUR,French Flash Services PMI,Medium,58.8,57.4,1.08346,1.08516,1.0769,1.0794
2022-04-22,12:45pm,EUR,French Flash Manufacturing PMI,Low,55.4,54.7,1.08346,1.08516,1.0769,1.0794
2022-04-22,1:00pm,EUR,German Flash Manufacturing PMI,High,54.1,56.9,1.08346,1.08516,1.0769,1.0794
2022-04-22,1:00pm,EUR,German Flash Services PMI,High,57.9,56.1,1.08346,1.08516,1.0769,1.0794
2022-04-22,1:30pm,EUR,Current Account,Low,20.8B,21.6B,1.08346,1.08516,1.0769,1.0794
2022-04-22,1:30pm,EUR,Flash Manufacturing PMI,Low,55.3,56.5,1.08346,1.08516,1.0769,1.0794
2022-04-22,1:30pm,EUR,Flash Services PMI,Low,57.7,55.6,1.08346,1.08516,1.0769,1.0794
2022-04-22,7:15pm,USD,Flash Manufacturing PMI,Medium,59.7,58.8,1.08346,1.08516,1.0769,1.0794
2022-04-22,7:15pm,USD,Flash Services PMI,Medium,54.7,58.0,1.08346,1.08516,1.0769,1.0794
2022-04-25,1:30pm,EUR,German ifo Business Climate,Medium,91.8,90.8,1.08058,1.08153,1.0695,1.07121
2022-04-25,6:28pm,EUR,Belgian NBB Business Climate,Low,2.4,0.4,1.08058,1.08153,1.0695,1.07121
2022-04-26,6:00pm,USD,Core Durable Goods Orders m/m,Medium,1.1%,-0.5%,1.07118,1.07387,1.0634,1.06374
2022-04-26,6:00pm,USD,Durable Goods Orders m/m,Medium,0.8%,-2.1%,1.07118,1.07387,1.0634,1.06374
2022-04-26,6:30pm,USD,HPI m/m,Low,2.1%,1.6%,1.07118,1.07387,1.0634,1.06374
2022-04-26,6:30pm,USD,S&P/CS Composite-20 HPI y/y,Low,20.2%,18.9%,1.07118,1.07387,1.0634,1.06374
2022-04-26,7:29pm,USD,Richmond Manufacturing Index,Low,14,13,1.07118,1.07387,1.0634,1.06374
2022-04-26,7:30pm,USD,CB Consumer Confidence,Medium,107.3,107.6,1.07118,1.07387,1.0634,1.06374
2022-04-26,7:30pm,USD,New Home Sales,Low,763K,835K,1.07118,1.07387,1.0634,1.06374
2022-04-27,11:30am,EUR,German GfK Consumer Climate,Low,-26.5,-15.7,1.06379,1.06549,1.0513,1.05541
2022-04-27,6:00pm,USD,Goods Trade Balance,Low,-125.3B,-106.3B,1.06379,1.06549,1.0513,1.05541
2022-04-27,6:00pm,USD,Prelim Wholesale Inventories m/m,Low,2.3%,2.5%,1.06379,1.06549,1.0513,1.05541
2022-04-27,7:30pm,USD,Pending Home Sales m/m,Low,-1.2%,-4.0%,1.06379,1.06549,1.0513,1.05541
2022-04-27,8:00pm,USD,Crude Oil Inventories,Low,0.7M,-8.0M,1.06379,1.06549,1.0513,1.05541
2022-04-28,All Day,EUR,German Prelim CPI m/m,Low,0.8%,2.5%,1.0554,1.05649,1.0469,1.04983
2022-04-28,12:30pm,EUR,Spanish Flash CPI y/y,Low,8.4%,9.8%,1.0554,1.05649,1.0469,1.04983
2022-04-28,12:30pm,EUR,Spanish Unemployment Rate,Low,13.6%,13.3%,1.0554,1.05649,1.0469,1.04983
2022-04-28,6:00pm,USD,Advance GDP q/q,High,-1.4%,6.9%,1.0554,1.05649,1.0469,1.04983
2022-04-28,6:00pm,USD,Advance GDP Price Index q/q,Medium,8.0%,7.1%,1.0554,1.05649,1.0469,1.04983
2022-04-28,6:00pm,USD,Unemployment Claims,Medium,180K,185K,1.0554,1.05649,1.0469,1.04983
2022-04-28,8:00pm,USD,Natural Gas Storage,Low,40B,53B,1.0554,1.05649,1.0469,1.04983
2022-04-29,11:00am,EUR,French Consumer Spending m/m,Low,-1.3%,0.9%,1.04978,1.0593,1.0489,1.0541
2022-04-29,11:00am,EUR,French Flash GDP q/q,Low,0.0%,0.8%,1.04978,1.0593,1.0489,1.0541
2022-04-29,11:30am,EUR,German Import Prices m/m,Low,5.7%,1.3%,1.04978,1.0593,1.0489,1.0541
2022-04-29,12:15pm,EUR,French Prelim CPI m/m,Low,0.4%,1.4%,1.04978,1.0593,1.0489,1.0541
2022-04-29,12:15pm,EUR,Spanish Flash GDP q/q,Low,0.3%,2.2%,1.04978,1.0593,1.0489,1.0541
2022-04-29,12:15pm,EUR,German Prelim GDP q/q,Medium,0.2%,-0.3%,1.04978,1.0593,1.0489,1.0541
2022-04-29,12:15pm,EUR,M3 Money Supply y/y,Low,6.3%,6.4%,1.04978,1.0593,1.0489,1.0541
2022-04-29,12:15pm,EUR,Italian Prelim GDP q/q,Low,-0.2%,0.7%,1.04978,1.0593,1.0489,1.0541
2022-04-29,12:15pm,EUR,Private Loans y/y,Low,4.5%,4.4%,1.04978,1.0593,1.0489,1.0541
2022-04-29,2:30pm,EUR,CPI Flash Estimate y/y,Medium,7.5%,7.4%,1.04978,1.0593,1.0489,1.0541
2022-04-29,2:30pm,EUR,Core CPI Flash Estimate y/y,Low,3.5%,2.9%,1.04978,1.0593,1.0489,1.0541
2022-04-29,2:30pm,EUR,Italian Prelim CPI m/m,Low,0.2%,1.0%,1.04978,1.0593,1.0489,1.0541
2022-04-29,2:30pm,EUR,Prelim Flash GDP q/q,Low,0.2%,0.3%,1.04978,1.0593,1.0489,1.0541
2022-04-29,2:40pm,EUR,Italian 10-y Bond Auction,Low,2.78|1.3,2.14|1.3,1.04978,1.0593,1.0489,1.0541
2022-04-29,2:40pm,USD,Core PCE Price Index m/m,High,0.3%,0.3%,1.04978,1.0593,1.0489,1.0541
2022-04-29,2:40pm,USD,Employment Cost Index q/q,Low,1.4%,1.0%,1.04978,1.0593,1.0489,1.0541
2022-04-29,2:40pm,USD,Personal Income m/m,Low,0.5%,0.7%,1.04978,1.0593,1.0489,1.0541
2022-04-29,2:40pm,USD,Personal Spending m/m,Low,1.1%,0.6%,1.04978,1.0593,1.0489,1.0541
2022-04-29,7:15pm,USD,Chicago PMI,Low,56.4,62.9,1.04978,1.0593,1.0489,1.0541
2022-04-29,7:30pm,USD,Revised UoM Consumer Sentiment,Medium,65.2,65.7,1.04978,1.0593,1.0489,1.0541
2022-04-29,7:30pm,USD,Revised UoM Inflation Expectations,Low,5.4%,5.4%,1.04978,1.0593,1.0489,1.0541
2022-05-02,11:30am,EUR,German Retail Sales m/m,Low,-0.1%,0.2%,1.05464,1.05684,1.0489,1.05037
2022-05-02,12:45pm,EUR,Spanish Manufacturing PMI,Low,53.3,54.2,1.05464,1.05684,1.0489,1.05037
2022-05-02,1:15pm,EUR,Italian Manufacturing PMI,Low,54.5,55.8,1.05464,1.05684,1.0489,1.05037
2022-05-02,1:20pm,EUR,French Final Manufacturing PMI,Low,55.7,55.4,1.05464,1.05684,1.0489,1.05037
2022-05-02,1:25pm,EUR,German Final Manufacturing PMI,Low,54.6,54.1,1.05464,1.05684,1.0489,1.05037
2022-05-02,1:30pm,EUR,Final Manufacturing PMI,Low,55.5,55.3,1.05464,1.05684,1.0489,1.05037
2022-05-02,1:30pm,EUR,Italian Monthly Unemployment Rate,Low,8.3%,8.5%,1.05464,1.05684,1.0489,1.05037
2022-05-02,7:15pm,USD,Final Manufacturing PMI,Low,59.2,59.7,1.05464,1.05684,1.0489,1.05037
2022-05-02,7:30pm,USD,ISM Manufacturing PMI,High,55.4,57.1,1.05464,1.05684,1.0489,1.05037
2022-05-02,7:30pm,USD,Construction Spending m/m,Low,0.1%,0.5%,1.05464,1.05684,1.0489,1.05037
2022-05-02,7:30pm,USD,ISM Manufacturing Prices,Low,84.6,87.1,1.05464,1.05684,1.0489,1.05037
2022-05-03,12:15pm,EUR,French Gov Budget Balance,Low,-38.3B,-37.6B,1.05048,1.05778,1.0491,1.05214
2022-05-03,1:25pm,EUR,German Unemployment Change,Low,-13K,-18K,1.05048,1.05778,1.0491,1.05214
2022-05-03,2:30pm,EUR,PPI m/m,Low,5.3%,1.1%,1.05048,1.05778,1.0491,1.05214
2022-05-03,2:30pm,EUR,Unemployment Rate,Low,6.8%,6.9%,1.05048,1.05778,1.0491,1.05214
2022-05-03,7:30pm,USD,JOLTS Job Openings,High,11.55M,11.34M,1.05048,1.05778,1.0491,1.05214
2022-05-03,7:30pm,USD,Factory Orders m/m,Low,2.2%,0.1%,1.05048,1.05778,1.0491,1.05214
2022-05-03,All Day,USD,Wards Total Vehicle Sales,Low,14.3M,13.3M,1.05048,1.05778,1.0491,1.05214
2022-05-04,11:30am,EUR,German Trade Balance,Low,3.2B,11.1B,1.05208,1.0631,1.0504,1.06237
2022-05-04,12:30pm,EUR,Spanish Unemployment Change,Medium,-86.3K,-2.9K,1.05208,1.0631,1.0504,1.06237
2022-05-04,12:45pm,EUR,Spanish Services PMI,Low,57.1,53.4,1.05208,1.0631,1.0504,1.06237
2022-05-04,1:15pm,EUR,Italian Services PMI,Low,55.7,52.1,1.05208,1.0631,1.0504,1.06237
2022-05-04,1:20pm,EUR,French Final Services PMI,Low,58.9,58.8,1.05208,1.0631,1.0504,1.06237
2022-05-04,1:25pm,EUR,German Final Services PMI,Low,57.6,57.9,1.05208,1.0631,1.0504,1.06237
2022-05-04,1:30pm,EUR,Final Services PMI,Low,57.7,57.7,1.05208,1.0631,1.0504,1.06237
2022-05-04,2:30pm,EUR,Retail Sales m/m,Low,-0.4%,0.4%,1.05208,1.0631,1.0504,1.06237
2022-05-04,3:06pm,EUR,German 10-y Bond Auction,Low,0.93|1.6,0.83|1.3,1.05208,1.0631,1.0504,1.06237
2022-05-04,5:45pm,USD,ADP Non-Farm Employment Change,High,247K,479K,1.05208,1.0631,1.0504,1.06237
2022-05-04,5:45pm,USD,Trade Balance,Low,-109.8B,-89.8B,1.05208,1.0631,1.0504,1.06237
2022-05-04,7:15pm,USD,Final Services PMI,Low,55.6,54.7,1.05208,1.0631,1.0504,1.06237
2022-05-04,7:30pm,USD,ISM Services PMI,Medium,57.1,58.3,1.05208,1.0631,1.0504,1.06237
2022-05-04,8:00pm,USD,Crude Oil Inventories,Low,1.3M,0.7M,1.05208,1.0631,1.0504,1.06237
2022-05-04,11:30pm,USD,Federal Funds Rate,High,1.00%,0.50%,1.05208,1.0631,1.0504,1.06237
2022-05-05,11:30am,EUR,German Factory Orders m/m,Low,-4.7%,-0.8%,1.06247,1.06418,1.0491,1.05399
2022-05-05,12:15pm,EUR,French Industrial Production m/m,Low,-0.5%,-1.2%,1.06247,1.06418,1.0491,1.05399
2022-05-05,2:31pm,EUR,French 10-y Bond Auction,Low,1.51|1.8,1.17|1.8,1.06247,1.06418,1.0491,1.05399
2022-05-05,2:31pm,USD,Challenger Job Cuts y/y,Low,6.0%,-30.1%,1.06247,1.06418,1.0491,1.05399
2022-05-05,6:00pm,USD,Unemployment Claims,Medium,200K,181K,1.06247,1.06418,1.0491,1.05399
2022-05-05,6:00pm,USD,Prelim Nonfarm Productivity q/q,Low,-7.5%,6.3%,1.06247,1.06418,1.0491,1.05399
2022-05-05,6:00pm,USD,Prelim Unit Labor Costs q/q,Low,11.6%,0.9%,1.06247,1.06418,1.0491,1.05399
2022-05-05,7:30pm,USD,Mortgage Delinquencies,Low,4.11%,4.65%,1.06247,1.06418,1.0491,1.05399
2022-05-05,8:00pm,USD,Natural Gas Storage,Low,77B,40B,1.06247,1.06418,1.0491,1.05399
2022-05-06,11:30am,EUR,German Industrial Production m/m,Low,-3.9%,0.1%,1.05397,1.05988,1.0481,1.0551
2022-05-06,12:15pm,EUR,French Prelim Private Payrolls q/q,Low,0.3%,0.6%,1.05397,1.05988,1.0481,1.0551
2022-05-06,1:30pm,EUR,Italian Retail Sales m/m,Low,-0.5%,0.7%,1.05397,1.05988,1.0481,1.0551
2022-05-06,2:00pm,USD,Average Hourly Earnings m/m,High,0.3%,0.5%,1.05397,1.05988,1.0481,1.0551
2022-05-06,2:00pm,USD,Non-Farm Employment Change,High,428K,428K,1.05397,1.05988,1.0481,1.0551
2022-05-06,2:00pm,USD,Unemployment Rate,High,3.6%,3.6%,1.05397,1.05988,1.0481,1.0551
2022-05-07,12:30am,USD,Consumer Credit m/m,Low,52.4B,37.7B,,,,
2022-05-09,12:15pm,EUR,French Trade Balance,Low,-12.4B,-10.4B,1.05404,1.05924,1.0494,1.05564
2022-05-09,2:00pm,EUR,Sentix Investor Confidence,Low,-22.6,-18.0,1.05404,1.05924,1.0494,1.05564
2022-05-09,7:30pm,USD,Final Wholesale Inventories m/m,Low,2.3%,2.3%,1.05404,1.05924,1.0494,1.05564
2022-05-10,1:30pm,EUR,Italian Industrial Production m/m,Low,0.0%,4.0%,1.05568,1.05854,1.0524,1.05292
2022-05-10,2:34pm,EUR,ZEW Economic Sentiment,Low,-29.5,-43.0,1.05568,1.05854,1.0524,1.05292
2022-05-10,2:34pm,EUR,German ZEW Economic Sentiment,Low,-34.3,-41.0,1.05568,1.05854,1.0524,1.05292
2022-05-10,3:24pm,USD,NFIB Small Business Index,Low,93.2,93.2,1.05568,1.05854,1.0524,1.05292
2022-05-10,7:28pm,USD,RCM/TIPP Economic Optimism,Low,41.2,45.5,1.05568,1.05854,1.0524,1.05292
2022-05-11,11:30am,EUR,German Final CPI m/m,Low,0.8%,0.8%,1.0529,1.05771,1.05,1.05132
2022-05-11,3:02pm,EUR,German 10-y Bond Auction,Low,0.96|1.4,0.93|1.6,1.0529,1.05771,1.05,1.05132
2022-05-11,6:00pm,USD,Core CPI m/m,High,0.6%,0.3%,1.0529,1.05771,1.05,1.05132
2022-05-11,6:00pm,USD,CPI m/m,High,0.3%,1.2%,1.0529,1.05771,1.05,1.05132
2022-05-11,6:00pm,USD,CPI y/y,High,8.3%,8.5%,1.0529,1.05771,1.05,1.05132
2022-05-11,8:00pm,USD,Crude Oil Inventories,Low,8.5M,1.3M,1.0529,1.05771,1.05,1.05132
2022-05-11,10:31pm,USD,10-y Bond Auction,Low,2.94|2.5,2.72|2.4,1.0529,1.05771,1.05,1.05132
2022-05-11,11:30pm,USD,Federal Budget Balance,Low,308.2B,-192.7B,1.0529,1.05771,1.05,1.05132
2022-05-12,6:00pm,USD,PPI m/m,High,0.5%,1.4%,1.0514,1.05292,1.0352,1.03775
2022-05-12,6:00pm,USD,Core PPI m/m,Medium,0.4%,1.0%,1.0514,1.05292,1.0352,1.03775
2022-05-12,6:00pm,USD,Unemployment Claims,Medium,203K,202K,1.0514,1.05292,1.0352,1.03775
2022-05-12,8:00pm,USD,Natural Gas Storage,Low,76B,77B,1.0514,1.05292,1.0352,1.03775
2022-05-12,10:31pm,USD,30-y Bond Auction,Low,3.00|2.4,2.82|2.3,1.0514,1.05292,1.0352,1.03775
2022-05-13,12:15pm,EUR,French Final CPI m/m,Low,0.4%,0.4%,1.03788,1.04196,1.0348,1.0412
2022-05-13,2:30pm,EUR,Industrial Production m/m,Low,-1.8%,0.5%,1.03788,1.04196,1.0348,1.0412
2022-05-13,6:00pm,USD,Import Prices m/m,Low,0.0%,2.9%,1.03788,1.04196,1.0348,1.0412
2022-05-13,7:30pm,USD,Prelim UoM Consumer Sentiment,Medium,59.1,65.2,1.03788,1.04196,1.0348,1.0412
2022-05-13,7:30pm,USD,Prelim UoM Inflation Expectations,Low,5.4%,5.4%,1.03788,1.04196,1.0348,1.0412
2022-05-16,11:30am,EUR,German WPI m/m,Low,2.1%,6.9%,1.03968,1.0443,1.0387,1.04347
2022-05-16,11:30am,EUR,Trade Balance,Low,-17.6B,-11.3B,1.03968,1.0443,1.0387,1.04347
2022-05-16,11:30am,USD,Empire State Manufacturing Index,Medium,-11.6,24.6,1.03968,1.0443,1.0387,1.04347
2022-05-17,1:30am,USD,TIC Long-Term Purchases,Low,23.1B,141.7B,1.0435,1.05558,1.0427,1.05492
2022-05-17,1:30pm,EUR,Italian Trade Balance,Low,-0.08B,-1.77B,1.0435,1.05558,1.0427,1.05492
2022-05-17,2:30pm,EUR,Flash Employment Change q/q,Low,0.5%,0.4%,1.0435,1.05558,1.0427,1.05492
2022-05-17,2:30pm,EUR,Flash GDP q/q,Low,0.3%,0.2%,1.0435,1.05558,1.0427,1.05492
2022-05-17,2:33pm,USD,Core Retail Sales m/m,High,0.6%,2.1%,1.0435,1.05558,1.0427,1.05492
2022-05-17,2:33pm,USD,Retail Sales m/m,High,0.9%,1.4%,1.0435,1.05558,1.0427,1.05492
2022-05-17,6:45pm,USD,Capacity Utilization Rate,Low,79.0%,78.2%,1.0435,1.05558,1.0427,1.05492
2022-05-17,6:45pm,USD,Industrial Production m/m,Low,1.1%,0.9%,1.0435,1.05558,1.0427,1.05492
2022-05-17,7:30pm,USD,Business Inventories m/m,Low,2.0%,1.8%,1.0435,1.05558,1.0427,1.05492
2022-05-17,7:30pm,USD,NAHB Housing Market Index,Low,69,77,1.0435,1.05558,1.0427,1.05492
2022-05-18,2:30pm,EUR,Final Core CPI y/y,Low,3.5%,3.5%,1.055,1.05637,1.0458,1.04615
2022-05-18,2:30pm,EUR,Final CPI y/y,Low,7.4%,7.5%,1.055,1.05637,1.0458,1.04615
2022-05-18,3:06pm,EUR,German 30-y Bond Auction,Low,1.16|3.1,0.39|1.2,1.055,1.05637,1.0458,1.04615
2022-05-18,3:06pm,USD,Building Permits,Low,1.82M,1.88M,1.055,1.05637,1.0458,1.04615
2022-05-18,3:06pm,USD,Housing Starts,Low,1.72M,1.73M,1.055,1.05637,1.0458,1.04615
2022-05-18,3:06pm,USD,Crude Oil Inventories,Low,-3.4M,8.5M,1.055,1.05637,1.0458,1.04615
2022-05-19,1:30pm,EUR,Current Account,Low,-1.6B,15.7B,1.04617,1.06073,1.0458,1.05812
2022-05-19,2:19pm,EUR,Spanish 10-y Bond Auction,Low,2.05|1.3,1.74|1.3,1.04617,1.06073,1.0458,1.05812
2022-05-19,3:30pm,USD,Philly Fed Manufacturing Index,Medium,2.6,17.6,1.04617,1.06073,1.0458,1.05812
2022-05-19,3:30pm,USD,Unemployment Claims,Medium,218K,197K,1.04617,1.06073,1.0458,1.05812
2022-05-19,7:30pm,USD,Existing Home Sales,Medium,5.61M,5.75M,1.04617,1.06073,1.0458,1.05812
2022-05-19,7:30pm,USD,CB Leading Index m/m,Low,-0.3%,0.1%,1.04617,1.06073,1.0458,1.05812
2022-05-19,8:00pm,USD,Natural Gas Storage,Low,89B,76B,1.04617,1.06073,1.0458,1.05812
2022-05-20,11:30am,EUR,German PPI m/m,Low,2.8%,4.9%,1.05835,1.05993,1.0531,1.056
2022-05-20,7:16pm,EUR,Consumer Confidence,Low,-21,-22,1.05835,1.05993,1.0531,1.056
2022-05-23,1:30pm,EUR,German ifo Business Climate,Medium,93.0,91.9,1.05583,1.06973,1.05571,1.0689
2022-05-23,6:30pm,EUR,Belgian NBB Business Climate,Low,1.8,2.4,1.05583,1.06973,1.05571,1.0689
2022-05-24,12:45pm,EUR,French Flash Services PMI,Medium,58.4,58.9,1.06871,1.07487,1.0659,1.0732
2022-05-24,12:45pm,EUR,French Flash Manufacturing PMI,Low,54.5,55.7,1.06871,1.07487,1.0659,1.0732
2022-05-24,1:00pm,EUR,German Flash Manufacturing PMI,High,54.7,54.6,1.06871,1.07487,1.0659,1.0732
2022-05-24,1:00pm,EUR,German Flash Services PMI,High,56.3,57.6,1.06871,1.07487,1.0659,1.0732
2022-05-24,1:30pm,EUR,Flash Manufacturing PMI,Low,54.4,55.5,1.06871,1.07487,1.0659,1.0732
2022-05-24,1:30pm,EUR,Flash Services PMI,Low,56.3,57.7,1.06871,1.07487,1.0659,1.0732
2022-05-24,7:15pm,USD,Flash Manufacturing PMI,Medium,57.5,59.2,1.06871,1.07487,1.0659,1.0732
2022-05-24,7:15pm,USD,Flash Services PMI,Medium,53.5,55.6,1.06871,1.07487,1.0659,1.0732
2022-05-24,7:29pm,USD,Richmond Manufacturing Index,Low,-9,14,1.06871,1.07487,1.0659,1.0732
2022-05-24,7:30pm,USD,New Home Sales,Low,591K,709K,1.06871,1.07487,1.0659,1.0732
2022-05-25,11:30am,EUR,German Final GDP q/q,Low,0.2%,0.2%,1.07328,1.0739,1.064,1.06785
2022-05-25,11:30am,EUR,German GfK Consumer Climate,Low,-26.0,-26.6,1.07328,1.0739,1.064,1.06785
2022-05-25,11:30am,USD,Core Durable Goods Orders m/m,Medium,0.3%,1.4%,1.07328,1.0739,1.064,1.06785
2022-05-25,11:30am,USD,Durable Goods Orders m/m,Medium,0.4%,1.1%,1.07328,1.0739,1.064,1.06785
2022-05-25,8:00pm,USD,Crude Oil Inventories,Low,-1.0M,-3.4M,1.07328,1.0739,1.064,1.06785
2022-05-26,5:20am,USD,Prelim GDP q/q,High,-1.5%,-1.4%,1.068,1.07315,1.0661,1.073
2022-05-26,5:20am,USD,Unemployment Claims,Medium,210K,218K,1.068,1.07315,1.0661,1.073
2022-05-26,5:20am,USD,Prelim GDP Price Index q/q,Low,8.1%,8.0%,1.068,1.07315,1.0661,1.073
2022-05-26,7:30pm,USD,Pending Home Sales m/m,Medium,-3.9%,-1.6%,1.068,1.07315,1.0661,1.073
2022-05-26,8:00pm,USD,Natural Gas Storage,Low,80B,89B,1.068,1.07315,1.0661,1.073
2022-05-27,1:30pm,EUR,M3 Money Supply y/y,Low,6.0%,6.3%,1.07292,1.07652,1.0695,1.07317
2022-05-27,1:30pm,EUR,Private Loans y/y,Low,4.5%,4.5%,1.07292,1.07652,1.0695,1.07317
2022-05-27,6:00pm,USD,Core PCE Price Index m/m,High,0.3%,0.3%,1.07292,1.07652,1.0695,1.07317
2022-05-27,6:00pm,USD,Goods Trade Balance,Low,-105.9B,-127.1B,1.07292,1.07652,1.0695,1.07317
2022-05-27,6:00pm,USD,Personal Income m/m,Low,0.4%,0.5%,1.07292,1.07652,1.0695,1.07317
2022-05-27,6:00pm,USD,Personal Spending m/m,Low,0.9%,1.4%,1.07292,1.07652,1.0695,1.07317
2022-05-27,6:00pm,USD,Prelim Wholesale Inventories m/m,Low,2.1%,2.7%,1.07292,1.07652,1.0695,1.07317
2022-05-27,7:30pm,USD,Revised UoM Consumer Sentiment,Medium,58.4,59.1,1.07292,1.07652,1.0695,1.07317
2022-05-27,7:30pm,USD,Revised UoM Inflation Expectations,Low,5.3%,5.4%,1.07292,1.07652,1.0695,1.07317
2022-05-30,11:30am,EUR,German Import Prices m/m,Low,1.8%,5.7%,1.07326,1.0787,1.0724,1.0777
2022-05-30,All Day,EUR,German Prelim CPI m/m,Low,0.9%,0.8%,1.07326,1.0787,1.0724,1.0777
2022-05-30,All Day,EUR,Spanish Flash CPI y/y,Low,8.7%,8.3%,1.07326,1.0787,1.0724,1.0777
2022-05-31,12:15pm,EUR,French Consumer Spending m/m,Low,-0.4%,-1.4%,1.07762,1.07794,1.0677,1.07313
2022-05-31,12:15pm,EUR,French Prelim CPI m/m,Low,0.6%,0.4%,1.07762,1.07794,1.0677,1.07313
2022-05-31,12:15pm,EUR,French Prelim GDP q/q,Low,-0.2%,0.0%,1.07762,1.07794,1.0677,1.07313
2022-05-31,1:25pm,EUR,German Unemployment Change,Low,-4K,-13K,1.07762,1.07794,1.0677,1.07313
2022-05-31,2:30pm,EUR,Core CPI Flash Estimate y/y,Low,3.8%,3.5%,1.07762,1.07794,1.0677,1.07313
2022-05-31,2:30pm,EUR,CPI Flash Estimate y/y,Low,8.1%,7.5%,1.07762,1.07794,1.0677,1.07313
2022-05-31,2:30pm,EUR,Italian Prelim CPI m/m,Low,0.9%,0.2%,1.07762,1.07794,1.0677,1.07313
2022-05-31,2:46pm,EUR,Italian 10-y Bond Auction,Low,3.10|1.6,2.78|1.3,1.07762,1.07794,1.0677,1.07313
2022-05-31,6:30pm,USD,HPI m/m,Low,1.5%,1.9%,1.07762,1.07794,1.0677,1.07313
2022-05-31,6:30pm,USD,S&P/CS Composite-20 HPI y/y,Low,21.2%,20.3%,1.07762,1.07794,1.0677,1.07313
2022-05-31,7:15pm,USD,Chicago PMI,Low,60.3,56.4,1.07762,1.07794,1.0677,1.07313
2022-05-31,7:30pm,USD,CB Consumer Confidence,Medium,106.4,108.6,1.07762,1.07794,1.0677,1.07313
2022-06-01,11:30am,EUR,German Retail Sales m/m,Low,-5.4%,0.9%,1.07308,1.07393,1.0625,1.06519
2022-06-01,12:45pm,EUR,Spanish Manufacturing PMI,Low,53.8,53.3,1.07308,1.07393,1.0625,1.06519
2022-06-01,1:15pm,EUR,Italian Manufacturing PMI,Low,51.9,54.5,1.07308,1.07393,1.0625,1.06519
2022-06-01,1:20pm,EUR,French Final Manufacturing PMI,Low,54.6,54.5,1.07308,1.07393,1.0625,1.06519
2022-06-01,1:25pm,EUR,German Final Manufacturing PMI,Low,54.8,54.7,1.07308,1.07393,1.0625,1.06519
2022-06-01,1:30pm,EUR,Final Manufacturing PMI,Low,54.6,54.4,1.07308,1.07393,1.0625,1.06519
2022-06-01,1:30pm,EUR,Italian Monthly Unemployment Rate,Low,8.4%,8.4%,1.07308,1.07393,1.0625,1.06519
2022-06-01,2:30pm,EUR,Unemployment Rate,Low,6.8%,6.8%,1.07308,1.07393,1.0625,1.06519
2022-06-01,7:15pm,USD,Final Manufacturing PMI,Low,57.0,57.5,1.07308,1.07393,1.0625,1.06519
2022-06-01,7:19pm,EUR,French Gov Budget Balance,Low,-67.3B,-38.3B,1.07308,1.07393,1.0625,1.06519
2022-06-01,7:19pm,USD,ISM Manufacturing PMI,High,56.1,55.4,1.07308,1.07393,1.0625,1.06519
2022-06-01,7:19pm,USD,JOLTS Job Openings,High,11.40M,11.86M,1.07308,1.07393,1.0625,1.06519
2022-06-01,7:19pm,USD,Construction Spending m/m,Low,0.2%,0.3%,1.07308,1.07393,1.0625,1.06519
2022-06-01,7:19pm,USD,ISM Manufacturing Prices,Low,82.2,84.6,1.07308,1.07393,1.0625,1.06519
2022-06-01,All Day,USD,Wards Total Vehicle Sales,Low,12.7M,14.3M,1.07308,1.07393,1.0625,1.06519
2022-06-02,12:30pm,EUR,Spanish Unemployment Change,Medium,-99.5K,-86.3K,1.06516,1.0756,1.0643,1.07471
2022-06-02,2:18pm,EUR,Spanish 10-y Bond Auction,Low,2.15|2.0,2.05|1.3,1.06516,1.0756,1.0643,1.07471
2022-06-02,2:26pm,EUR,French 10-y Bond Auction,Low,1.72|2.0,1.51|1.8,1.06516,1.0756,1.0643,1.07471
2022-06-02,2:30pm,EUR,PPI m/m,Low,1.2%,5.3%,1.06516,1.0756,1.0643,1.07471
2022-06-02,5:00pm,USD,Challenger Job Cuts y/y,Low,-15.8%,6.0%,1.06516,1.0756,1.0643,1.07471
2022-06-02,5:45pm,USD,ADP Non-Farm Employment Change,High,128K,202K,1.06516,1.0756,1.0643,1.07471
2022-06-02,5:45pm,USD,Unemployment Claims,Medium,200K,211K,1.06516,1.0756,1.0643,1.07471
2022-06-02,5:45pm,USD,Revised Nonfarm Productivity q/q,Low,-7.3%,-7.5%,1.06516,1.0756,1.0643,1.07471
2022-06-02,5:45pm,USD,Revised Unit Labor Costs q/q,Low,12.6%,11.6%,1.06516,1.0756,1.0643,1.07471
2022-06-02,7:30pm,USD,Factory Orders m/m,Low,0.3%,1.8%,1.06516,1.0756,1.0643,1.07471
2022-06-02,8:00pm,USD,Natural Gas Storage,Low,90B,80B,1.06516,1.0756,1.0643,1.07471
2022-06-02,8:30pm,USD,Crude Oil Inventories,Low,-5.1M,-1.0M,1.06516,1.0756,1.0643,1.07471
2022-06-03,11:30am,EUR,German Trade Balance,Low,3.5B,1.9B,1.0746,1.07646,1.0702,1.0719
2022-06-03,12:15pm,EUR,French Industrial Production m/m,Low,-0.1%,-0.4%,1.0746,1.07646,1.0702,1.0719
2022-06-03,12:45pm,EUR,Spanish Services PMI,Low,56.5,57.1,1.0746,1.07646,1.0702,1.0719
2022-06-03,1:15pm,EUR,Italian Services PMI,Low,53.7,55.7,1.0746,1.07646,1.0702,1.0719
2022-06-03,1:20pm,EUR,French Final Services PMI,Low,58.3,58.4,1.0746,1.07646,1.0702,1.0719
2022-06-03,1:25pm,EUR,German Final Services PMI,Low,55.0,56.3,1.0746,1.07646,1.0702,1.0719
2022-06-03,1:30pm,EUR,Final Services PMI,Low,56.1,56.3,1.0746,1.07646,1.0702,1.0719
2022-06-03,2:30pm,EUR,Retail Sales m/m,Low,-1.3%,0.3%,1.0746,1.07646,1.0702,1.0719
2022-06-03,2:30pm,USD,Average Hourly Earnings m/m,High,0.3%,0.3%,1.0746,1.07646,1.0702,1.0719
2022-06-03,2:30pm,USD,Non-Farm Employment Change,High,390K,436K,1.0746,1.07646,1.0702,1.0719
2022-06-03,2:30pm,USD,Unemployment Rate,High,3.6%,3.6%,1.0746,1.07646,1.0702,1.0719
2022-06-03,7:15pm,USD,Final Services PMI,Low,53.4,53.5,1.0746,1.07646,1.0702,1.0719
2022-06-03,7:30pm,USD,ISM Services PMI,Medium,55.9,57.1,1.0746,1.07646,1.0702,1.0719
2022-06-07,11:30am,EUR,German Factory Orders m/m,Low,-2.7%,-4.2%,1.06948,1.07142,1.065,1.07048
2022-06-07,2:00pm,EUR,Sentix Investor Confidence,Low,-15.8,-22.6,1.06948,1.07142,1.065,1.07048
2022-06-07,2:00pm,USD,Trade Balance,Low,-87.1B,-107.7B,1.06948,1.07142,1.065,1.07048
2022-06-08,12:30am,USD,Consumer Credit m/m,Low,38.1B,47.3B,1.0705,1.07485,1.067,1.07159
2022-06-08,11:32am,EUR,German Industrial Production m/m,Low,0.7%,-3.7%,1.0705,1.07485,1.067,1.07159
2022-06-08,12:15pm,EUR,French Trade Balance,Low,-12.2B,-12.6B,1.0705,1.07485,1.067,1.07159
2022-06-08,1:30pm,EUR,Italian Retail Sales m/m,Low,0.0%,-0.6%,1.0705,1.07485,1.067,1.07159
2022-06-08,2:30pm,EUR,Final Employment Change q/q,Low,0.6%,0.5%,1.0705,1.07485,1.067,1.07159
2022-06-08,2:30pm,EUR,Revised GDP q/q,Low,0.6%,0.3%,1.0705,1.07485,1.067,1.07159
2022-06-08,3:02pm,EUR,German 10-y Bond Auction,Low,1.33|1.7,0.96|1.4,1.0705,1.07485,1.067,1.07159
2022-06-08,7:30pm,USD,Final Wholesale Inventories m/m,Low,2.2%,2.1%,1.0705,1.07485,1.067,1.07159
2022-06-08,8:00pm,USD,Crude Oil Inventories,Low,2.0M,-5.1M,1.0705,1.07485,1.067,1.07159
2022-06-08,10:31pm,USD,10-y Bond Auction,Low,3.03|2.4,2.94|2.5,1.0705,1.07485,1.067,1.07159
2022-06-09,11:00am,EUR,French Final Private Payrolls q/q,Low,0.3%,0.3%,1.07158,1.07738,1.0609,1.06171
2022-06-09,5:15pm,EUR,Main Refinancing Rate,High,0.00%,0.00%,1.07158,1.07738,1.0609,1.06171
2022-06-09,5:15pm,USD,Unemployment Claims,Medium,229K,202K,1.07158,1.07738,1.0609,1.06171
2022-06-09,8:00pm,USD,Natural Gas Storage,Low,97B,90B,1.07158,1.07738,1.0609,1.06171
2022-06-09,10:31pm,USD,30-y Bond Auction,Low,3.19|2.4,3.00|2.4,1.07158,1.07738,1.0609,1.06171
2022-06-10,1:30pm,EUR,Italian Industrial Production m/m,Low,1.6%,0.2%,1.06182,1.06423,1.0504,1.0515
2022-06-10,2:00pm,USD,Core CPI m/m,High,0.6%,0.6%,1.06182,1.06423,1.0504,1.0515
2022-06-10,2:00pm,USD,CPI m/m,High,1.0%,0.3%,1.06182,1.06423,1.0504,1.0515
2022-06-10,2:00pm,USD,CPI y/y,High,8.6%,8.3%,1.06182,1.06423,1.0504,1.0515
2022-06-10,7:30pm,USD,Prelim UoM Consumer Sentiment,Medium,50.2,58.4,1.06182,1.06423,1.0504,1.0515
2022-06-10,7:30pm,USD,Prelim UoM Inflation Expectations,Low,5.4%,5.3%,1.06182,1.06423,1.0504,1.0515
2022-06-10,11:30pm,USD,Federal Budget Balance,Low,-66.2B,308.2B,1.06182,1.06423,1.0504,1.0515
2022-06-13,1:30pm,EUR,Italian Quarterly Unemployment Rate,Low,8.6%,9.0%,1.05142,1.05201,1.0398,1.04075
2022-06-14,11:30am,EUR,German WPI m/m,Low,1.0%,2.1%,1.04084,1.04848,1.0395,1.04117
2022-06-14,11:32am,EUR,German Final CPI m/m,Low,0.9%,0.9%,1.04084,1.04848,1.0395,1.04117
2022-06-14,2:30pm,EUR,ZEW Economic Sentiment,Low,-28.0,-29.5,1.04084,1.04848,1.0395,1.04117
2022-06-14,2:30pm,EUR,German ZEW Economic Sentiment,Low,-28.0,-34.3,1.04084,1.04848,1.0395,1.04117
2022-06-14,3:30pm,USD,NFIB Small Business Index,Low,93.1,93.2,1.04084,1.04848,1.0395,1.04117
2022-06-14,3:30pm,USD,PPI m/m,High,0.8%,0.5%,1.04084,1.04848,1.0395,1.04117
2022-06-14,3:30pm,USD,Core PPI m/m,Medium,0.5%,0.4%,1.04084,1.04848,1.0395,1.04117
2022-06-14,7:31pm,USD,RCM/TIPP Economic Optimism,Low,38.1,41.2,1.04084,1.04848,1.0395,1.04117
2022-06-15,12:15pm,EUR,French Final CPI m/m,Low,0.7%,0.6%,1.04153,1.05078,1.0357,1.04451
2022-06-15,2:30pm,EUR,Industrial Production m/m,Low,0.4%,-1.4%,1.04153,1.05078,1.0357,1.04451
2022-06-15,2:30pm,EUR,Trade Balance,Low,-31.7B,-17.8B,1.04153,1.05078,1.0357,1.04451
2022-06-15,6:00pm,USD,Core Retail Sales m/m,High,0.5%,0.4%,1.04153,1.05078,1.0357,1.04451
2022-06-15,6:00pm,USD,Retail Sales m/m,High,-0.3%,0.7%,1.04153,1.05078,1.0357,1.04451
2022-06-15,6:00pm,USD,Empire State Manufacturing Index,Medium,-1.2,-11.6,1.04153,1.05078,1.0357,1.04451
2022-06-15,6:00pm,USD,Import Prices m/m,Low,0.6%,0.4%,1.04153,1.05078,1.0357,1.04451
2022-06-15,7:30pm,USD,Business Inventories m/m,Low,1.2%,2.4%,1.04153,1.05078,1.0357,1.04451
2022-06-15,7:30pm,USD,NAHB Housing Market Index,Low,67,69,1.04153,1.05078,1.0357,1.04451
2022-06-15,8:00pm,USD,Crude Oil Inventories,Low,2.0M,2.0M,1.04153,1.05078,1.0357,1.04451
2022-06-15,11:30pm,USD,Federal Funds Rate,High,1.75%,1.00%,1.04153,1.05078,1.0357,1.04451
2022-06-16,1:30am,USD,TIC Long-Term Purchases,Low,87.7B,23.1B,1.04462,1.06014,1.0379,1.0554
2022-06-16,5:20am,USD,Philly Fed Manufacturing Index,Medium,-3.3,2.6,1.04462,1.06014,1.0379,1.0554
2022-06-16,5:20am,USD,Unemployment Claims,Medium,229K,232K,1.04462,1.06014,1.0379,1.0554
2022-06-16,5:20am,USD,Building Permits,Low,1.70M,1.82M,1.04462,1.06014,1.0379,1.0554
2022-06-16,5:20am,USD,Housing Starts,Low,1.55M,1.81M,1.04462,1.06014,1.0379,1.0554
2022-06-16,8:00pm,USD,Natural Gas Storage,Low,92B,97B,1.04462,1.06014,1.0379,1.0554
2022-06-17,2:30pm,EUR,Final Core CPI y/y,Low,3.8%,3.8%,1.05515,1.05608,1.0443,1.0498
2022-06-17,2:30pm,EUR,Final CPI y/y,Low,8.1%,8.1%,1.05515,1.05608,1.0443,1.0498
2022-06-17,2:30pm,EUR,Italian Trade Balance,Low,-3.67B,-0.23B,1.05515,1.05608,1.0443,1.0498
2022-06-17,6:45pm,USD,Capacity Utilization Rate,Low,79.0%,78.9%,1.05515,1.05608,1.0443,1.0498
2022-06-17,6:45pm,USD,Industrial Production m/m,Low,0.2%,1.4%,1.05515,1.05608,1.0443,1.0498
2022-06-17,7:30pm,USD,CB Leading Index m/m,Low,-0.4%,-0.4%,1.05515,1.05608,1.0443,1.0498
2022-06-20,11:30am,EUR,German PPI m/m,Low,1.6%,2.8%,1.0487,1.05458,1.0472,1.05117
2022-06-21,1:30pm,EUR,Current Account,Low,-5.8B,-1.6B,1.05102,1.05825,1.0507,1.05337
2022-06-21,7:30pm,USD,Existing Home Sales,Medium,5.41M,5.60M,1.05102,1.05825,1.0507,1.05337
2022-06-22,7:30pm,EUR,Consumer Confidence,Low,-24,-21,1.05341,1.06059,1.0467,1.05638
2022-06-23,12:45pm,EUR,French Flash Services PMI,Medium,54.4,58.3,1.05636,1.05812,1.0481,1.05208
2022-06-23,12:45pm,EUR,French Flash Manufacturing PMI,Low,51.0,54.6,1.05636,1.05812,1.0481,1.05208
2022-06-23,1:00pm,EUR,German Flash Manufacturing PMI,High,52.0,54.8,1.05636,1.05812,1.0481,1.05208
2022-06-23,1:00pm,EUR,German Flash Services PMI,High,52.4,55.0,1.05636,1.05812,1.0481,1.05208
2022-06-23,1:00pm,EUR,Flash Manufacturing PMI,Low,52.0,54.6,1.05636,1.05812,1.0481,1.05208
2022-06-23,1:00pm,EUR,Flash Services PMI,Low,52.8,56.1,1.05636,1.05812,1.0481,1.05208
2022-06-23,6:00pm,USD,Unemployment Claims,Medium,229K,231K,1.05636,1.05812,1.0481,1.05208
2022-06-23,6:00pm,USD,Current Account,Low,-291B,-225B,1.05636,1.05812,1.0481,1.05208
2022-06-23,7:15pm,USD,Flash Manufacturing PMI,Medium,52.4,57.0,1.05636,1.05812,1.0481,1.05208
2022-06-23,7:15pm,USD,Flash Services PMI,Medium,51.6,53.4,1.05636,1.05812,1.0481,1.05208
2022-06-23,7:15pm,USD,Natural Gas Storage,Low,74B,92B,1.05636,1.05812,1.0481,1.05208
2022-06-24,1:30pm,EUR,German ifo Business Climate,Medium,92.3,93.0,1.05205,1.05712,1.051,1.0554
2022-06-24,6:45pm,EUR,Belgian NBB Business Climate,Low,-1.8,1.8,1.05205,1.05712,1.051,1.0554
2022-06-24,7:30pm,USD,Revised UoM Consumer Sentiment,Medium,50.0,50.2,1.05205,1.05712,1.051,1.0554
2022-06-24,7:30pm,USD,New Home Sales,Low,696K,629K,1.05205,1.05712,1.051,1.0554
2022-06-24,7:30pm,USD,Revised UoM Inflation Expectations,Low,5.3%,5.4%,1.05205,1.05712,1.051,1.0554
2022-06-27,6:00pm,USD,Core Durable Goods Orders m/m,Medium,0.7%,0.4%,1.05525,1.0615,1.0548,1.0583
2022-06-27,6:00pm,USD,Durable Goods Orders m/m,Medium,0.7%,0.5%,1.05525,1.0615,1.0548,1.0583
2022-06-27,7:30pm,USD,Pending Home Sales m/m,Medium,0.7%,-4.0%,1.05525,1.0615,1.0548,1.0583
2022-06-28,11:30am,EUR,German GfK Consumer Climate,Low,-27.4,-26.2,1.05845,1.06063,1.0502,1.05208
2022-06-28,6:00pm,USD,Goods Trade Balance,Low,-104.3B,-106.7B,1.05845,1.06063,1.0502,1.05208
2022-06-28,6:00pm,USD,Prelim Wholesale Inventories m/m,Low,2.0%,2.2%,1.05845,1.06063,1.0502,1.05208
2022-06-28,6:00pm,USD,HPI m/m,Low,1.6%,1.6%,1.05845,1.06063,1.0502,1.05208
2022-06-28,6:00pm,USD,S&P/CS Composite-20 HPI y/y,Low,21.2%,21.1%,1.05845,1.06063,1.0502,1.05208
2022-06-28,7:29pm,USD,Richmond Manufacturing Index,Medium,-11,-9,1.05845,1.06063,1.0502,1.05208
2022-06-28,7:30pm,USD,CB Consumer Confidence,High,98.7,103.2,1.05845,1.06063,1.0502,1.05208
2022-06-29,All Day,EUR,German Prelim CPI m/m,Medium,0.1%,0.9%,1.05217,1.05355,1.0433,1.0439
2022-06-29,12:30pm,EUR,Spanish Flash CPI y/y,Low,10.2%,8.7%,1.05217,1.05355,1.0433,1.0439
2022-06-29,12:30pm,EUR,M3 Money Supply y/y,Low,5.6%,6.1%,1.05217,1.05355,1.0433,1.0439
2022-06-29,12:30pm,EUR,Private Loans y/y,Low,4.6%,4.6%,1.05217,1.05355,1.0433,1.0439
2022-06-29,6:00pm,USD,Final GDP q/q,Medium,-1.6%,-1.5%,1.05217,1.05355,1.0433,1.0439
2022-06-29,6:00pm,USD,Final GDP Price Index q/q,Low,8.2%,8.1%,1.05217,1.05355,1.0433,1.0439
2022-06-29,17th June,USD,Crude Oil Inventories,Low,-0.4M,2.0M,1.05217,1.05355,1.0433,1.0439
2022-06-29,24th June,USD,Crude Oil Inventories,Low,-2.8M,-0.4M,1.05217,1.05355,1.0433,1.0439
2022-06-30,11:30am,EUR,German Import Prices m/m,Low,0.9%,1.8%,1.04407,1.04888,1.0381,1.04771
2022-06-30,11:30am,EUR,German Retail Sales m/m,Low,0.6%,-5.4%,1.04407,1.04888,1.0381,1.04771
2022-06-30,12:15pm,EUR,French Consumer Spending m/m,Low,0.7%,-0.7%,1.04407,1.04888,1.0381,1.04771
2022-06-30,12:15pm,EUR,French Prelim CPI m/m,Low,0.7%,0.7%,1.04407,1.04888,1.0381,1.04771
2022-06-30,1:25pm,EUR,German Unemployment Change,Low,133K,-5K,1.04407,1.04888,1.0381,1.04771
2022-06-30,1:30pm,EUR,Italian Monthly Unemployment Rate,Low,8.1%,8.3%,1.04407,1.04888,1.0381,1.04771
2022-06-30,2:30pm,EUR,Unemployment Rate,Low,6.6%,6.7%,1.04407,1.04888,1.0381,1.04771
2022-06-30,2:46pm,EUR,Italian 10-y Bond Auction,Low,3.47|1.6,3.10|1.6,1.04407,1.04888,1.0381,1.04771
2022-06-30,2:46pm,USD,Core PCE Price Index m/m,High,0.3%,0.3%,1.04407,1.04888,1.0381,1.04771
2022-06-30,2:46pm,USD,Unemployment Claims,Medium,231K,233K,1.04407,1.04888,1.0381,1.04771
2022-06-30,2:46pm,USD,Personal Income m/m,Low,0.5%,0.5%,1.04407,1.04888,1.0381,1.04771
2022-06-30,2:46pm,USD,Personal Spending m/m,Low,0.2%,0.6%,1.04407,1.04888,1.0381,1.04771
2022-06-30,7:15pm,USD,Chicago PMI,Low,56.0,60.3,1.04407,1.04888,1.0381,1.04771
2022-06-30,8:00pm,USD,Natural Gas Storage,Low,82B,74B,1.04407,1.04888,1.0381,1.04771
2022-07-01,12:45pm,EUR,Spanish Manufacturing PMI,Low,52.6,53.8,1.0477,1.0482,1.0365,1.0428
2022-07-01,1:15pm,EUR,Italian Manufacturing PMI,Low,50.9,51.9,1.0477,1.0482,1.0365,1.0428
2022-07-01,1:20pm,EUR,French Final Manufacturing PMI,Low,51.4,51.0,1.0477,1.0482,1.0365,1.0428
2022-07-01,1:25pm,EUR,German Final Manufacturing PMI,Low,52.0,52.0,1.0477,1.0482,1.0365,1.0428
2022-07-01,1:30pm,EUR,Final Manufacturing PMI,Low,52.1,52.0,1.0477,1.0482,1.0365,1.0428
2022-07-01,2:30pm,EUR,CPI Flash Estimate y/y,High,8.6%,8.1%,1.0477,1.0482,1.0365,1.0428
2022-07-01,2:30pm,EUR,Core CPI Flash Estimate y/y,Medium,3.7%,3.8%,1.0477,1.0482,1.0365,1.0428
2022-07-01,2:30pm,EUR,Italian Prelim CPI m/m,Low,1.2%,0.8%,1.0477,1.0482,1.0365,1.0428
2022-07-01,3:15pm,EUR,French Gov Budget Balance,Low,-82.3B,-67.3B,1.0477,1.0482,1.0365,1.0428
2022-07-01,7:15pm,USD,Final Manufacturing PMI,Low,52.7,52.4,1.0477,1.0482,1.0365,1.0428
2022-07-01,7:30pm,USD,ISM Manufacturing PMI,High,53.0,56.1,1.0477,1.0482,1.0365,1.0428
2022-07-01,7:30pm,USD,Construction Spending m/m,Low,-0.1%,0.8%,1.0477,1.0482,1.0365,1.0428
2022-07-01,7:30pm,USD,ISM Manufacturing Prices,Low,78.5,82.2,1.0477,1.0482,1.0365,1.0428
2022-07-01,All Day,USD,Wards Total Vehicle Sales,Low,13.0M,12.7M,1.0477,1.0482,1.0365,1.0428
2022-07-04,11:30am,EUR,German Trade Balance,Low,-1.0B,3.1B,1.04206,1.04628,1.0415,1.0422
2022-07-04,12:30pm,EUR,Spanish Unemployment Change,Low,-42.4K,-99.5K,1.04206,1.04628,1.0415,1.0422
2022-07-04,2:00pm,EUR,Sentix Investor Confidence,Low,-26.4,-15.8,1.04206,1.04628,1.0415,1.0422
2022-07-04,2:30pm,EUR,PPI m/m,Low,0.7%,1.2%,1.04206,1.04628,1.0415,1.0422
2022-07-05,12:15pm,EUR,French Industrial Production m/m,Low,0.0%,-0.3%,1.04207,1.04488,1.0233,1.02646
2022-07-05,12:45pm,EUR,Spanish Services PMI,Low,54.0,56.5,1.04207,1.04488,1.0233,1.02646
2022-07-05,1:15pm,EUR,Italian Services PMI,Low,51.6,53.7,1.04207,1.04488,1.0233,1.02646
2022-07-05,1:20pm,EUR,French Final Services PMI,Low,53.9,54.4,1.04207,1.04488,1.0233,1.02646
2022-07-05,1:25pm,EUR,German Final Services PMI,Low,52.4,52.4,1.04207,1.04488,1.0233,1.02646
2022-07-05,1:30pm,EUR,Final Services PMI,Low,53.0,52.8,1.04207,1.04488,1.0233,1.02646
2022-07-05,7:30pm,USD,Factory Orders m/m,Low,1.6%,0.7%,1.04207,1.04488,1.0233,1.02646
2022-07-06,11:30am,EUR,German Factory Orders m/m,Low,0.1%,-1.8%,1.02654,1.02766,1.016,1.01821
2022-07-06,2:30pm,EUR,Retail Sales m/m,Low,0.2%,-1.4%,1.02654,1.02766,1.016,1.01821
2022-07-06,3:04pm,EUR,German 10-y Bond Auction,Low,1.22|1.1,1.33|1.7,1.02654,1.02766,1.016,1.01821
2022-07-06,7:15pm,USD,Final Services PMI,Low,52.7,51.6,1.02654,1.02766,1.016,1.01821
2022-07-06,7:30pm,USD,JOLTS Job Openings,High,11.25M,11.68M,1.02654,1.02766,1.016,1.01821
2022-07-06,7:30pm,USD,ISM Services PMI,Medium,55.3,55.9,1.02654,1.02766,1.016,1.01821
2022-07-07,11:30am,EUR,German Industrial Production m/m,Low,0.2%,1.3%,1.01823,1.0221,1.0142,1.01603
2022-07-07,2:23pm,EUR,Spanish 10-y Bond Auction,Low,2.45|1.5,2.15|2.0,1.01823,1.0221,1.0142,1.01603
2022-07-07,2:32pm,EUR,French 10-y Bond Auction,Low,1.92|1.9,1.72|2.0,1.01823,1.0221,1.0142,1.01603
2022-07-07,2:32pm,USD,Challenger Job Cuts y/y,Low,58.8%,-15.8%,1.01823,1.0221,1.0142,1.01603
2022-07-07,2:32pm,USD,Unemployment Claims,Medium,235K,231K,1.01823,1.0221,1.0142,1.01603
2022-07-07,2:32pm,USD,Trade Balance,Low,-85.5B,-86.7B,1.01823,1.0221,1.0142,1.01603
2022-07-07,8:00pm,USD,Natural Gas Storage,Low,60B,82B,1.01823,1.0221,1.0142,1.01603
2022-07-07,8:30pm,USD,Crude Oil Inventories,Low,8.2M,-2.8M,1.01823,1.0221,1.0142,1.01603
2022-07-08,12:15pm,EUR,French Trade Balance,Low,-13.0B,-12.7B,1.01607,1.01912,1.0071,1.0183
2022-07-08,1:30pm,EUR,Italian Industrial Production m/m,Low,-1.1%,1.4%,1.01607,1.01912,1.0071,1.0183
2022-07-08,1:30pm,USD,Average Hourly Earnings m/m,High,0.3%,0.4%,1.01607,1.01912,1.0071,1.0183
2022-07-08,1:30pm,USD,Non-Farm Employment Change,High,372K,384K,1.01607,1.01912,1.0071,1.0183
2022-07-08,1:30pm,USD,Unemployment Rate,High,3.6%,3.6%,1.01607,1.01912,1.0071,1.0183
2022-07-08,7:30pm,USD,Final Wholesale Inventories m/m,Low,1.8%,2.0%,1.01607,1.01912,1.0071,1.0183
2022-07-09,12:30am,USD,Consumer Credit m/m,Low,22.3B,36.8B,,,,
2022-07-11,1:30pm,EUR,Italian Retail Sales m/m,Low,1.9%,0.3%,1.01791,1.01834,1.0032,1.0037
2022-07-12,2:30pm,EUR,German ZEW Economic Sentiment,Low,-53.8,-28.0,1.00377,1.00738,0.9998,1.0034
2022-07-12,2:32pm,EUR,ZEW Economic Sentiment,Low,-51.1,-28.0,1.00377,1.00738,0.9998,1.0034
2022-07-12,3:29pm,USD,NFIB Small Business Index,Low,89.5,93.1,1.00377,1.00738,0.9998,1.0034
2022-07-12,7:30pm,USD,RCM/TIPP Economic Optimism,Low,38.5,38.1,1.00377,1.00738,0.9998,1.0034
2022-07-12,10:31pm,USD,10-y Bond Auction,Low,2.96|2.3,3.03|2.4,1.00377,1.00738,0.9998,1.0034
2022-07-13,11:30am,EUR,German Final CPI m/m,Low,0.1%,0.1%,1.00355,1.01222,0.9996,1.00553
2022-07-13,12:15pm,EUR,French Final CPI m/m,Low,0.7%,0.7%,1.00355,1.01222,0.9996,1.00553
2022-07-13,2:30pm,EUR,Industrial Production m/m,Low,0.8%,0.5%,1.00355,1.01222,0.9996,1.00553
2022-07-13,3:03pm,EUR,German 30-y Bond Auction,Low,1.41|2.1,1.16|3.1,1.00355,1.01222,0.9996,1.00553
2022-07-13,6:00pm,USD,Core CPI m/m,High,0.7%,0.6%,1.00355,1.01222,0.9996,1.00553
2022-07-13,6:00pm,USD,CPI m/m,High,1.3%,1.0%,1.00355,1.01222,0.9996,1.00553
2022-07-13,6:00pm,USD,CPI y/y,High,9.1%,8.6%,1.00355,1.01222,0.9996,1.00553
2022-07-13,8:00pm,USD,Crude Oil Inventories,Low,3.3M,8.2M,1.00355,1.01222,0.9996,1.00553
2022-07-13,10:31pm,USD,30-y Bond Auction,Low,3.12|2.4,3.19|2.4,1.00355,1.01222,0.9996,1.00553
2022-07-13,10:31pm,USD,Federal Budget Balance,Low,-88.8B,-66.2B,1.00355,1.01222,0.9996,1.00553
2022-07-14,11:30am,EUR,German WPI m/m,Low,0.1%,1.0%,1.00569,1.00589,0.995,1.00183
2022-07-14,11:30am,USD,PPI m/m,High,1.1%,0.8%,1.00569,1.00589,0.995,1.00183
2022-07-14,11:30am,USD,Core PPI m/m,Medium,0.4%,0.5%,1.00569,1.00589,0.995,1.00183
2022-07-14,11:30am,USD,Unemployment Claims,Medium,244K,235K,1.00569,1.00589,0.995,1.00183
2022-07-14,8:00pm,USD,Natural Gas Storage,Low,58B,60B,1.00569,1.00589,0.995,1.00183
2022-07-15,2:30pm,EUR,Trade Balance,Low,-26.0B,-31.8B,1.00186,1.00979,1.0005,1.00843
2022-07-15,2:30pm,USD,Core Retail Sales m/m,High,1.0%,0.6%,1.00186,1.00979,1.0005,1.00843
2022-07-15,2:30pm,USD,Retail Sales m/m,High,1.0%,-0.1%,1.00186,1.00979,1.0005,1.00843
2022-07-15,2:30pm,USD,Empire State Manufacturing Index,Medium,11.1,-1.2,1.00186,1.00979,1.0005,1.00843
2022-07-15,2:30pm,USD,Import Prices m/m,Low,0.2%,0.5%,1.00186,1.00979,1.0005,1.00843
2022-07-15,6:45pm,USD,Capacity Utilization Rate,Low,80.0%,80.3%,1.00186,1.00979,1.0005,1.00843
2022-07-15,6:45pm,USD,Industrial Production m/m,Low,-0.2%,0.0%,1.00186,1.00979,1.0005,1.00843
2022-07-15,7:30pm,USD,Prelim UoM Consumer Sentiment,High,51.1,50.0,1.00186,1.00979,1.0005,1.00843
2022-07-15,7:30pm,USD,Business Inventories m/m,Low,1.4%,1.3%,1.00186,1.00979,1.0005,1.00843
2022-07-15,7:30pm,USD,Prelim UoM Inflation Expectations,Low,5.2%,5.3%,1.00186,1.00979,1.0005,1.00843
2022-07-18,1:30pm,EUR,Italian Trade Balance,Low,-0.01B,-3.64B,1.00829,1.02013,1.0077,1.0144
2022-07-18,7:30pm,USD,NAHB Housing Market Index,Low,55,67,1.00829,1.02013,1.0077,1.0144
2022-07-19,1:30am,USD,TIC Long-Term Purchases,Low,155.3B,87.2B,1.01466,1.02692,1.0118,1.0226
2022-07-19,2:30pm,EUR,Final Core CPI y/y,Low,3.7%,3.7%,1.01466,1.02692,1.0118,1.0226
2022-07-19,2:30pm,EUR,Final CPI y/y,Low,8.6%,8.6%,1.01466,1.02692,1.0118,1.0226
2022-07-19,6:00pm,USD,Building Permits,Low,1.69M,1.70M,1.01466,1.02692,1.0118,1.0226
2022-07-19,6:00pm,USD,Housing Starts,Low,1.56M,1.59M,1.01466,1.02692,1.0118,1.0226
2022-07-20,11:30am,EUR,German PPI m/m,Low,0.6%,1.6%,1.02279,1.02731,1.0154,1.01791
2022-07-20,1:30pm,EUR,Current Account,Low,-4.5B,-3.9B,1.02279,1.02731,1.0154,1.01791
2022-07-20,7:30pm,EUR,Consumer Confidence,Low,-27,-24,1.02279,1.02731,1.0154,1.01791
2022-07-20,7:30pm,USD,Existing Home Sales,Medium,5.12M,5.41M,1.02279,1.02731,1.0154,1.01791
2022-07-20,8:00pm,USD,Crude Oil Inventories,Low,-0.4M,3.3M,1.02279,1.02731,1.0154,1.01791
2022-07-21,2:19pm,EUR,Spanish 10-y Bond Auction,Low,2.54|1.6,2.45|1.5,1.0179,1.02781,1.0152,1.02267
2022-07-21,5:45pm,EUR,Main Refinancing Rate,High,0.50%,0.00%,1.0179,1.02781,1.0152,1.02267
2022-07-21,5:45pm,USD,Philly Fed Manufacturing Index,Medium,-12.3,-3.3,1.0179,1.02781,1.0152,1.02267
2022-07-21,5:45pm,USD,Unemployment Claims,Medium,251K,244K,1.0179,1.02781,1.0152,1.02267
2022-07-21,7:30pm,USD,CB Leading Index m/m,Low,-0.8%,-0.6%,1.0179,1.02781,1.0152,1.02267
2022-07-21,8:00pm,USD,Natural Gas Storage,Low,32B,58B,1.0179,1.02781,1.0152,1.02267
2022-07-22,12:45pm,EUR,French Flash Services PMI,High,52.1,53.9,1.02268,1.02553,1.0129,1.021
2022-07-22,12:45pm,EUR,French Flash Manufacturing PMI,Medium,49.6,51.4,1.02268,1.02553,1.0129,1.021
2022-07-22,1:00pm,EUR,German Flash Manufacturing PMI,High,49.2,52.0,1.02268,1.02553,1.0129,1.021
2022-07-22,1:00pm,EUR,German Flash Services PMI,High,49.2,52.4,1.02268,1.02553,1.0129,1.021
2022-07-22,1:30pm,EUR,Flash Manufacturing PMI,Low,49.6,52.1,1.02268,1.02553,1.0129,1.021
2022-07-22,1:30pm,EUR,Flash Services PMI,Low,50.6,53.0,1.02268,1.02553,1.0129,1.021
2022-07-22,7:15pm,USD,Flash Services PMI,High,47.0,52.7,1.02268,1.02553,1.0129,1.021
2022-07-22,7:15pm,USD,Flash Manufacturing PMI,Medium,52.3,52.7,1.02268,1.02553,1.0129,1.021
2022-07-25,1:30pm,EUR,German ifo Business Climate,Medium,88.6,92.2,1.02174,1.02579,1.0177,1.022
2022-07-25,6:25pm,EUR,Belgian NBB Business Climate,Low,-2.8,-1.8,1.02174,1.02579,1.0177,1.022
2022-07-26,6:30pm,USD,HPI m/m,Low,1.4%,1.5%,1.0221,1.02502,1.0106,1.01179
2022-07-26,6:30pm,USD,S&P/CS Composite-20 HPI y/y,Low,20.5%,21.2%,1.0221,1.02502,1.0106,1.01179
2022-07-26,7:29pm,USD,Richmond Manufacturing Index,Medium,0,-11,1.0221,1.02502,1.0106,1.01179
2022-07-26,7:30pm,USD,CB Consumer Confidence,High,95.7,98.4,1.0221,1.02502,1.0106,1.01179
2022-07-26,7:30pm,USD,New Home Sales,Low,590K,642K,1.0221,1.02502,1.0106,1.01179
2022-07-27,11:30am,EUR,German GfK Consumer Climate,Low,-30.6,-27.7,1.01174,1.02209,1.0095,1.01998
2022-07-27,11:30am,EUR,M3 Money Supply y/y,Low,5.7%,5.8%,1.01174,1.02209,1.0095,1.01998
2022-07-27,11:30am,EUR,Private Loans y/y,Low,4.6%,4.6%,1.01174,1.02209,1.0095,1.01998
2022-07-27,3:03pm,EUR,German 10-y Bond Auction,Low,0.94|1.1,1.22|1.1,1.01174,1.02209,1.0095,1.01998
2022-07-27,6:00pm,USD,Core Durable Goods Orders m/m,Medium,0.3%,0.5%,1.01174,1.02209,1.0095,1.01998
2022-07-27,6:00pm,USD,Durable Goods Orders m/m,Medium,1.9%,0.8%,1.01174,1.02209,1.0095,1.01998
2022-07-27,6:00pm,USD,Goods Trade Balance,Low,-98.2B,-104.0B,1.01174,1.02209,1.0095,1.01998
2022-07-27,6:00pm,USD,Prelim Wholesale Inventories m/m,Low,1.9%,1.8%,1.01174,1.02209,1.0095,1.01998
2022-07-27,7:30pm,USD,Pending Home Sales m/m,Medium,-8.6%,0.4%,1.01174,1.02209,1.0095,1.01998
2022-07-27,8:00pm,USD,Crude Oil Inventories,Low,-4.5M,-0.4M,1.01174,1.02209,1.0095,1.01998
2022-07-27,11:30pm,USD,Federal Funds Rate,High,2.50%,1.75%,1.01174,1.02209,1.0095,1.01998
2022-07-28,All Day,EUR,German Prelim CPI m/m,Low,0.9%,0.1%,1.02005,1.02344,1.0112,1.01947
2022-07-28,12:30pm,EUR,Spanish Unemployment Rate,Low,12.5%,13.6%,1.02005,1.02344,1.0112,1.01947
2022-07-28,2:45pm,EUR,Italian 10-y Bond Auction,Low,3.36|1.7,3.47|1.6,1.02005,1.02344,1.0112,1.01947
2022-07-28,6:00pm,USD,Advance GDP q/q,High,-0.9%,-1.6%,1.02005,1.02344,1.0112,1.01947
2022-07-28,6:00pm,USD,Advance GDP Price Index q/q,Medium,8.7%,8.2%,1.02005,1.02344,1.0112,1.01947
2022-07-28,6:00pm,USD,Unemployment Claims,Medium,256K,261K,1.02005,1.02344,1.0112,1.01947
2022-07-28,8:00pm,USD,Natural Gas Storage,Low,15B,32B,1.02005,1.02344,1.0112,1.01947
2022-07-29,11:00am,EUR,French Flash GDP q/q,Medium,0.5%,-0.2%,1.01952,1.02544,1.0144,1.02248
2022-07-29,11:00am,EUR,French Consumer Spending m/m,Low,0.2%,0.4%,1.01952,1.02544,1.0144,1.02248
2022-07-29,11:30am,EUR,German Import Prices m/m,Low,1.0%,0.9%,1.01952,1.02544,1.0144,1.02248
2022-07-29,12:15pm,EUR,French Prelim CPI m/m,Low,0.3%,0.7%,1.01952,1.02544,1.0144,1.02248
2022-07-29,12:15pm,EUR,Spanish Flash CPI y/y,Low,10.8%,10.2%,1.01952,1.02544,1.0144,1.02248
2022-07-29,12:15pm,EUR,Spanish Flash GDP q/q,Low,1.1%,0.2%,1.01952,1.02544,1.0144,1.02248
2022-07-29,1:25pm,EUR,German Unemployment Change,Low,48K,132K,1.01952,1.02544,1.0144,1.02248
2022-07-29,1:30pm,EUR,Italian Prelim GDP q/q,Low,1.0%,0.1%,1.01952,1.02544,1.0144,1.02248
2022-07-29,1:30pm,EUR,German Prelim GDP q/q,Low,0.0%,0.2%,1.01952,1.02544,1.0144,1.02248
2022-07-29,2:30pm,EUR,Core CPI Flash Estimate y/y,Medium,4.0%,3.7%,1.01952,1.02544,1.0144,1.02248
2022-07-29,2:30pm,EUR,CPI Flash Estimate y/y,Medium,8.9%,8.6%,1.01952,1.02544,1.0144,1.02248
2022-07-29,2:30pm,EUR,Italian Prelim CPI m/m,Low,0.4%,1.2%,1.01952,1.02544,1.0144,1.02248
2022-07-29,2:30pm,EUR,Prelim Flash GDP q/q,Low,0.7%,0.6%,1.01952,1.02544,1.0144,1.02248
2022-07-29,2:30pm,USD,Core PCE Price Index m/m,High,0.6%,0.3%,1.01952,1.02544,1.0144,1.02248
2022-07-29,2:30pm,USD,Employment Cost Index q/q,Low,1.3%,1.4%,1.01952,1.02544,1.0144,1.02248
2022-07-29,2:30pm,USD,Personal Income m/m,Low,0.6%,0.6%,1.01952,1.02544,1.0144,1.02248
2022-07-29,2:30pm,USD,Personal Spending m/m,Low,1.1%,0.3%,1.01952,1.02544,1.0144,1.02248
2022-07-29,7:15pm,USD,Chicago PMI,Low,52.1,56.0,1.01952,1.02544,1.0144,1.02248
2022-07-29,7:30pm,USD,Revised UoM Consumer Sentiment,Medium,51.5,51.1,1.01952,1.02544,1.0144,1.02248
2022-07-29,7:30pm,USD,Revised UoM Inflation Expectations,Low,5.2%,5.2%,1.01952,1.02544,1.0144,1.02248
2022-08-01,11:30am,EUR,German Retail Sales m/m,Low,-1.6%,1.2%,1.02182,1.02753,1.0204,1.02587
2022-08-01,12:45pm,EUR,Spanish Manufacturing PMI,Low,48.7,52.6,1.02182,1.02753,1.0204,1.02587
2022-08-01,1:15pm,EUR,Italian Manufacturing PMI,Low,48.5,50.9,1.02182,1.02753,1.0204,1.02587
2022-08-01,1:20pm,EUR,French Final Manufacturing PMI,Low,49.5,49.6,1.02182,1.02753,1.0204,1.02587
2022-08-01,1:25pm,EUR,German Final Manufacturing PMI,Low,49.3,49.2,1.02182,1.02753,1.0204,1.02587
2022-08-01,1:30pm,EUR,Final Manufacturing PMI,Low,49.8,49.6,1.02182,1.02753,1.0204,1.02587
2022-08-01,1:30pm,EUR,Italian Monthly Unemployment Rate,Low,8.1%,8.2%,1.02182,1.02753,1.0204,1.02587
2022-08-01,2:30pm,EUR,Unemployment Rate,Low,6.6%,6.6%,1.02182,1.02753,1.0204,1.02587
2022-08-01,7:15pm,USD,Final Manufacturing PMI,Low,52.2,52.3,1.02182,1.02753,1.0204,1.02587
2022-08-01,7:30pm,USD,ISM Manufacturing PMI,High,52.8,53.0,1.02182,1.02753,1.0204,1.02587
2022-08-01,7:30pm,USD,Construction Spending m/m,Low,-1.1%,0.1%,1.02182,1.02753,1.0204,1.02587
2022-08-01,7:30pm,USD,ISM Manufacturing Prices,Low,60.0,78.5,1.02182,1.02753,1.0204,1.02587
2022-08-02,11:30am,EUR,Spanish Unemployment Change,Low,3.2K,-42.4K,1.02578,1.02939,1.01619,1.01625
2022-08-02,7:30pm,USD,JOLTS Job Openings,High,10.70M,11.30M,1.02578,1.02939,1.01619,1.01625
2022-08-02,All Day,USD,Wards Total Vehicle Sales,Low,13.4M,13.0M,1.02578,1.02939,1.01619,1.01625
2022-08-03,11:30am,EUR,German Trade Balance,Low,6.4B,0.8B,1.01636,1.02105,1.0121,1.01691
2022-08-03,12:45pm,EUR,Spanish Services PMI,Medium,53.8,54.0,1.01636,1.02105,1.0121,1.01691
2022-08-03,1:15pm,EUR,Italian Services PMI,Low,48.4,51.6,1.01636,1.02105,1.0121,1.01691
2022-08-03,1:20pm,EUR,French Final Services PMI,Low,53.2,52.1,1.01636,1.02105,1.0121,1.01691
2022-08-03,1:25pm,EUR,German Final Services PMI,Low,49.7,49.2,1.01636,1.02105,1.0121,1.01691
2022-08-03,1:30pm,EUR,Final Services PMI,Low,51.2,50.6,1.01636,1.02105,1.0121,1.01691
2022-08-03,1:30pm,EUR,Italian Retail Sales m/m,Low,-1.1%,2.0%,1.01636,1.02105,1.0121,1.01691
2022-08-03,2:30pm,EUR,PPI m/m,Low,1.1%,0.5%,1.01636,1.02105,1.0121,1.01691
2022-08-03,2:30pm,EUR,Retail Sales m/m,Low,-1.2%,0.4%,1.01636,1.02105,1.0121,1.01691
2022-08-03,5:01pm,EUR,French Gov Budget Balance,Low,-76.1B,-82.3B,1.01636,1.02105,1.0121,1.01691
2022-08-03,7:15pm,USD,Final Services PMI,Low,47.3,47.0,1.01636,1.02105,1.0121,1.01691
2022-08-03,7:30pm,USD,ISM Services PMI,High,56.7,55.3,1.01636,1.02105,1.0121,1.01691
2022-08-03,7:30pm,USD,Factory Orders m/m,Low,2.0%,1.8%,1.01636,1.02105,1.0121,1.01691
2022-08-03,8:00pm,USD,Crude Oil Inventories,Low,4.5M,-4.5M,1.01636,1.02105,1.0121,1.01691
2022-08-04,11:30am,EUR,German Factory Orders m/m,Low,-0.4%,-0.2%,1.01702,1.02539,1.0153,1.02447
2022-08-04,2:13pm,EUR,Spanish 10-y Bond Auction,Low,1.98|1.7,2.54|1.6,1.01702,1.02539,1.0153,1.02447
2022-08-04,2:24pm,EUR,French 10-y Bond Auction,Low,1.43|2.5,1.92|1.9,1.01702,1.02539,1.0153,1.02447
2022-08-04,2:24pm,USD,Challenger Job Cuts y/y,Low,36.3%,58.8%,1.01702,1.02539,1.0153,1.02447
2022-08-04,2:24pm,USD,Unemployment Claims,Medium,260K,254K,1.01702,1.02539,1.0153,1.02447
2022-08-04,2:24pm,USD,Trade Balance,Low,-79.6B,-84.9B,1.01702,1.02539,1.0153,1.02447
2022-08-04,8:00pm,USD,Natural Gas Storage,Low,41B,15B,1.01702,1.02539,1.0153,1.02447
2022-08-05,11:30am,EUR,German Industrial Production m/m,Low,0.4%,-0.1%,1.02457,1.0252,1.014,1.0181
2022-08-05,12:15pm,EUR,French Industrial Production m/m,Low,1.4%,0.2%,1.02457,1.0252,1.014,1.0181
2022-08-05,12:15pm,EUR,French Prelim Private Payrolls q/q,Low,0.5%,0.3%,1.02457,1.0252,1.014,1.0181
2022-08-05,12:15pm,EUR,French Trade Balance,Low,-13.1B,-12.9B,1.02457,1.0252,1.014,1.0181
2022-08-05,1:30pm,EUR,Italian Industrial Production m/m,Low,-2.1%,-1.1%,1.02457,1.0252,1.014,1.0181
2022-08-05,1:30pm,USD,Average Hourly Earnings m/m,High,0.5%,0.4%,1.02457,1.0252,1.014,1.0181
2022-08-05,1:30pm,USD,Non-Farm Employment Change,High,528K,398K,1.02457,1.0252,1.014,1.0181
2022-08-05,1:30pm,USD,Unemployment Rate,High,3.5%,3.6%,1.02457,1.0252,1.014,1.0181
2022-08-06,12:30am,USD,Consumer Credit m/m,Low,40.2B,23.8B,,,,
2022-08-08,2:00pm,EUR,Sentix Investor Confidence,Low,-25.2,-26.4,1.01783,1.0222,1.0157,1.0193
2022-08-09,3:28pm,USD,NFIB Small Business Index,Low,89.9,89.5,1.01927,1.02475,1.0187,1.02137
2022-08-09,6:00pm,USD,Prelim Nonfarm Productivity q/q,Low,-4.6%,-7.3%,1.01927,1.02475,1.0187,1.02137
2022-08-09,6:00pm,USD,Prelim Unit Labor Costs q/q,Low,10.8%,12.6%,1.01927,1.02475,1.0187,1.02137
2022-08-09,7:30pm,USD,RCM/TIPP Economic Optimism,Low,38.1,38.5,1.01927,1.02475,1.0187,1.02137
2022-08-10,11:30am,EUR,German Final CPI m/m,Low,0.9%,0.9%,1.02125,1.03687,1.02,1.02976
2022-08-10,3:05pm,EUR,German 30-y Bond Auction,Low,1.10|1.6,1.41|2.1,1.02125,1.03687,1.02,1.02976
2022-08-10,6:00pm,USD,Core CPI m/m,High,0.3%,0.7%,1.02125,1.03687,1.02,1.02976
2022-08-10,6:00pm,USD,CPI m/m,High,0.0%,1.3%,1.02125,1.03687,1.02,1.02976
2022-08-10,6:00pm,USD,CPI y/y,High,8.5%,9.1%,1.02125,1.03687,1.02,1.02976
2022-08-10,7:30pm,USD,Final Wholesale Inventories m/m,Low,1.8%,1.9%,1.02125,1.03687,1.02,1.02976
2022-08-10,8:00pm,USD,Crude Oil Inventories,Low,5.5M,4.5M,1.02125,1.03687,1.02,1.02976
2022-08-10,10:31pm,USD,10-y Bond Auction,Low,2.76|2.5,2.96|2.3,1.02125,1.03687,1.02,1.02976
2022-08-10,11:30pm,USD,Federal Budget Balance,Low,-211.1B,-88.8B,1.02125,1.03687,1.02,1.02976
2022-08-11,6:00pm,USD,PPI m/m,High,-0.5%,1.1%,1.02988,1.03644,1.0274,1.03205
2022-08-11,6:00pm,USD,Core PPI m/m,Medium,0.2%,0.4%,1.02988,1.03644,1.0274,1.03205
2022-08-11,6:00pm,USD,Unemployment Claims,Medium,262K,248K,1.02988,1.03644,1.0274,1.03205
2022-08-11,7:30pm,USD,Mortgage Delinquencies,Low,3.64%,4.11%,1.02988,1.03644,1.0274,1.03205
2022-08-11,8:00pm,USD,Natural Gas Storage,Low,44B,41B,1.02988,1.03644,1.0274,1.03205
2022-08-11,10:31pm,USD,30-y Bond Auction,Low,3.11|2.3,3.12|2.4,1.02988,1.03644,1.0274,1.03205
2022-08-12,12:15pm,EUR,French Final CPI m/m,Low,0.3%,0.3%,1.03227,1.03274,1.0237,1.0258
2022-08-12,1:30pm,EUR,Italian Trade Balance,Low,-2.17B,-0.06B,1.03227,1.03274,1.0237,1.0258
2022-08-12,2:30pm,EUR,Industrial Production m/m,Low,0.7%,2.1%,1.03227,1.03274,1.0237,1.0258
2022-08-12,6:00pm,USD,Import Prices m/m,Low,-1.4%,0.3%,1.03227,1.03274,1.0237,1.0258
2022-08-12,7:30pm,USD,Prelim UoM Consumer Sentiment,High,55.1,51.5,1.03227,1.03274,1.0237,1.0258
2022-08-12,7:30pm,USD,Prelim UoM Inflation Expectations,Low,5.0%,5.2%,1.03227,1.03274,1.0237,1.0258
2022-08-15,11:30am,EUR,German WPI m/m,Low,-0.4%,0.1%,1.02587,1.02683,1.0153,1.01599
2022-08-15,11:30am,USD,Empire State Manufacturing Index,Medium,-31.3,11.1,1.02587,1.02683,1.0153,1.01599
2022-08-15,7:30pm,USD,NAHB Housing Market Index,Low,49,55,1.02587,1.02683,1.0153,1.01599
2022-08-16,1:30am,USD,TIC Long-Term Purchases,Low,121.8B,155.3B,1.01595,1.01949,1.0121,1.01673
2022-08-16,2:30pm,EUR,Trade Balance,Low,-30.8B,-27.2B,1.01595,1.01949,1.0121,1.01673
2022-08-16,2:30pm,EUR,ZEW Economic Sentiment,Low,-54.9,-51.1,1.01595,1.01949,1.0121,1.01673
2022-08-16,2:30pm,EUR,German ZEW Economic Sentiment,Low,-55.3,-53.8,1.01595,1.01949,1.0121,1.01673
2022-08-16,2:30pm,USD,Building Permits,Low,1.67M,1.70M,1.01595,1.01949,1.0121,1.01673
2022-08-16,2:30pm,USD,Housing Starts,Low,1.45M,1.60M,1.01595,1.01949,1.0121,1.01673
2022-08-16,6:45pm,USD,Capacity Utilization Rate,Low,80.3%,79.9%,1.01595,1.01949,1.0121,1.01673
2022-08-16,6:45pm,USD,Industrial Production m/m,Low,0.6%,0.0%,1.01595,1.01949,1.0121,1.01673
2022-08-17,2:30pm,EUR,Flash Employment Change q/q,Low,0.3%,0.6%,1.01678,1.0203,1.0144,1.0176
2022-08-17,2:30pm,EUR,Flash GDP q/q,Low,0.6%,0.7%,1.01678,1.0203,1.0144,1.0176
2022-08-17,6:00pm,USD,Core Retail Sales m/m,High,0.4%,0.9%,1.01678,1.0203,1.0144,1.0176
2022-08-17,6:00pm,USD,Retail Sales m/m,High,0.0%,0.8%,1.01678,1.0203,1.0144,1.0176
2022-08-17,7:30pm,USD,Business Inventories m/m,Low,1.4%,1.6%,1.01678,1.0203,1.0144,1.0176
2022-08-17,8:00pm,USD,Crude Oil Inventories,Low,-7.1M,5.5M,1.01678,1.0203,1.0144,1.0176
2022-08-18,2:30pm,EUR,Final Core CPI y/y,Low,4.0%,4.0%,1.01756,1.0193,1.0079,1.00866
2022-08-18,2:30pm,EUR,Final CPI y/y,Low,8.9%,8.9%,1.01756,1.0193,1.0079,1.00866
2022-08-18,2:30pm,USD,Philly Fed Manufacturing Index,High,6.2,-12.3,1.01756,1.0193,1.0079,1.00866
2022-08-18,2:30pm,USD,Unemployment Claims,Medium,250K,252K,1.01756,1.0193,1.0079,1.00866
2022-08-18,7:30pm,USD,Existing Home Sales,Medium,4.81M,5.11M,1.01756,1.0193,1.0079,1.00866
2022-08-18,7:30pm,USD,CB Leading Index m/m,Low,-0.4%,-0.7%,1.01756,1.0193,1.0079,1.00866
2022-08-18,8:00pm,USD,Natural Gas Storage,Low,18B,44B,1.01756,1.0193,1.0079,1.00866
2022-08-19,11:30am,EUR,German PPI m/m,Low,5.3%,0.6%,1.00881,1.00955,1.003,1.0034
2022-08-19,1:30pm,EUR,Current Account,Low,4.2B,-6.9B,1.00881,1.00955,1.003,1.0034
2022-08-23,12:45pm,EUR,French Flash Services PMI,High,51.0,53.2,0.9942,1.00183,0.9899,0.9968
2022-08-23,12:45pm,EUR,French Flash Manufacturing PMI,Medium,49.0,49.5,0.9942,1.00183,0.9899,0.9968
2022-08-23,1:00pm,EUR,German Flash Manufacturing PMI,High,49.8,49.3,0.9942,1.00183,0.9899,0.9968
2022-08-23,1:00pm,EUR,German Flash Services PMI,High,48.2,49.7,0.9942,1.00183,0.9899,0.9968
2022-08-23,1:30pm,EUR,Flash Manufacturing PMI,Low,49.7,49.8,0.9942,1.00183,0.9899,0.9968
2022-08-23,1:30pm,EUR,Flash Services PMI,Low,50.2,51.2,0.9942,1.00183,0.9899,0.9968
2022-08-23,7:15pm,USD,Flash Services PMI,High,44.1,47.3,0.9942,1.00183,0.9899,0.9968
2022-08-23,7:15pm,USD,Flash Manufacturing PMI,Medium,51.3,52.2,0.9942,1.00183,0.9899,0.9968
2022-08-23,7:29pm,USD,Richmond Manufacturing Index,Medium,-8,0,0.9942,1.00183,0.9899,0.9968
2022-08-23,7:30pm,EUR,Consumer Confidence,Low,-25,-27,0.9942,1.00183,0.9899,0.9968
2022-08-23,7:30pm,USD,New Home Sales,Medium,511K,585K,0.9942,1.00183,0.9899,0.9968
2022-08-24,3:04pm,EUR,German 10-y Bond Auction,Low,1.33|1.6,0.94|1.1,0.99684,0.99993,0.9908,0.99677
2022-08-24,3:04pm,USD,Core Durable Goods Orders m/m,Medium,0.3%,0.4%,0.99684,0.99993,0.9908,0.99677
2022-08-24,3:04pm,USD,Durable Goods Orders m/m,Medium,0.0%,2.0%,0.99684,0.99993,0.9908,0.99677
2022-08-24,7:30pm,USD,Prelim Benchmark Payrolls Revision,High,462K,-166K,0.99684,0.99993,0.9908,0.99677
2022-08-24,7:30pm,USD,Pending Home Sales m/m,Medium,-1.0%,-8.9%,0.99684,0.99993,0.9908,0.99677
2022-08-24,8:00pm,USD,Crude Oil Inventories,Low,-3.3M,-7.1M,0.99684,0.99993,0.9908,0.99677
2022-08-25,11:30am,EUR,German Final GDP q/q,Low,0.1%,0.0%,0.99669,1.00334,0.9947,0.99763
2022-08-25,1:30pm,EUR,German ifo Business Climate,Medium,88.5,88.7,0.99669,1.00334,0.9947,0.99763
2022-08-25,6:00pm,USD,Prelim GDP q/q,High,-0.6%,-0.9%,0.99669,1.00334,0.9947,0.99763
2022-08-25,6:00pm,USD,Unemployment Claims,Medium,243K,245K,0.99669,1.00334,0.9947,0.99763
2022-08-25,6:00pm,USD,Prelim GDP Price Index q/q,Low,8.9%,8.7%,0.99669,1.00334,0.9947,0.99763
2022-08-25,6:25pm,EUR,Belgian NBB Business Climate,Low,-5.8,-2.8,0.99669,1.00334,0.9947,0.99763
2022-08-25,8:00pm,USD,Natural Gas Storage,Low,60B,18B,0.99669,1.00334,0.9947,0.99763
2022-08-26,11:30am,EUR,German GfK Consumer Climate,Low,-36.5,-30.9,0.99758,1.009,0.9945,0.9961
2022-08-26,1:30pm,EUR,M3 Money Supply y/y,Low,5.5%,5.7%,0.99758,1.009,0.9945,0.9961
2022-08-26,1:30pm,EUR,Private Loans y/y,Low,4.5%,4.6%,0.99758,1.009,0.9945,0.9961
2022-08-26,6:00pm,USD,Core PCE Price Index m/m,High,0.1%,0.6%,0.99758,1.009,0.9945,0.9961
2022-08-26,6:00pm,USD,Goods Trade Balance,Low,-89.1B,-98.6B,0.99758,1.009,0.9945,0.9961
2022-08-26,6:00pm,USD,Personal Income m/m,Low,0.2%,0.7%,0.99758,1.009,0.9945,0.9961
2022-08-26,6:00pm,USD,Personal Spending m/m,Low,0.1%,1.0%,0.99758,1.009,0.9945,0.9961
2022-08-26,6:00pm,USD,Prelim Wholesale Inventories m/m,Low,0.8%,1.8%,0.99758,1.009,0.9945,0.9961
2022-08-26,6:00pm,USD,Revised UoM Consumer Sentiment,Medium,58.2,55.1,0.99758,1.009,0.9945,0.9961
2022-08-26,6:00pm,USD,Revised UoM Inflation Expectations,Low,4.8%,5.0%,0.99758,1.009,0.9945,0.9961
2022-08-30,5:00am,EUR,Spanish Flash CPI y/y,Low,10.4%,10.8%,0.99993,1.00549,0.998,1.00155
2022-08-30,All Day,EUR,German Prelim CPI m/m,High,0.3%,0.9%,0.99993,1.00549,0.998,1.00155
2022-08-30,3:04pm,EUR,Italian 10-y Bond Auction,Low,3.76|1.5,3.36|1.7,0.99993,1.00549,0.998,1.00155
2022-08-30,6:30pm,USD,HPI m/m,Low,0.1%,1.3%,0.99993,1.00549,0.998,1.00155
2022-08-30,6:30pm,USD,S&P/CS Composite-20 HPI y/y,Low,18.6%,20.5%,0.99993,1.00549,0.998,1.00155
2022-08-30,7:30pm,USD,CB Consumer Confidence,High,103.2,95.3,0.99993,1.00549,0.998,1.00155
2022-08-30,7:30pm,USD,JOLTS Job Openings,High,11.24M,11.04M,0.99993,1.00549,0.998,1.00155
2022-08-31,11:30am,EUR,German Import Prices m/m,Low,1.4%,1.0%,1.00155,1.0079,0.997,1.00501
2022-08-31,12:15pm,EUR,French Consumer Spending m/m,Low,-0.8%,0.1%,1.00155,1.0079,0.997,1.00501
2022-08-31,12:15pm,EUR,French Prelim CPI m/m,Low,0.4%,0.3%,1.00155,1.0079,0.997,1.00501
2022-08-31,12:15pm,EUR,French Prelim GDP q/q,Low,0.5%,0.5%,1.00155,1.0079,0.997,1.00501
2022-08-31,1:25pm,EUR,German Unemployment Change,Low,28K,45K,1.00155,1.0079,0.997,1.00501
2022-08-31,2:26pm,EUR,Italian Prelim CPI m/m,Low,0.8%,0.4%,1.00155,1.0079,0.997,1.00501
2022-08-31,2:30pm,EUR,Core CPI Flash Estimate y/y,Medium,4.3%,4.0%,1.00155,1.0079,0.997,1.00501
2022-08-31,2:30pm,EUR,CPI Flash Estimate y/y,Medium,9.1%,8.9%,1.00155,1.0079,0.997,1.00501
2022-08-31,5:45pm,USD,ADP Non-Farm Employment Change,High,132K,128K,1.00155,1.0079,0.997,1.00501
2022-08-31,7:15pm,USD,Chicago PMI,Medium,52.2,52.1,1.00155,1.0079,0.997,1.00501
2022-08-31,8:00pm,USD,Crude Oil Inventories,Low,-3.3M,-3.3M,1.00155,1.0079,0.997,1.00501
2022-09-01,11:30am,EUR,German Retail Sales m/m,Low,1.9%,-1.5%,1.00507,1.00543,0.991,0.9943
2022-09-01,12:45pm,EUR,Spanish Manufacturing PMI,Low,49.9,48.7,1.00507,1.00543,0.991,0.9943
2022-09-01,1:15pm,EUR,Italian Manufacturing PMI,Low,48.0,48.5,1.00507,1.00543,0.991,0.9943
2022-09-01,1:20pm,EUR,French Final Manufacturing PMI,Low,50.6,49.0,1.00507,1.00543,0.991,0.9943
2022-09-01,1:25pm,EUR,German Final Manufacturing PMI,Low,49.1,49.8,1.00507,1.00543,0.991,0.9943
2022-09-01,1:30pm,EUR,Final Manufacturing PMI,Low,49.6,49.7,1.00507,1.00543,0.991,0.9943
2022-09-01,1:30pm,EUR,Italian Monthly Unemployment Rate,Low,7.9%,8.0%,1.00507,1.00543,0.991,0.9943
2022-09-01,2:18pm,EUR,Spanish 10-y Bond Auction,Low,2.81|1.8,1.98|1.7,1.00507,1.00543,0.991,0.9943
2022-09-01,2:27pm,EUR,French 10-y Bond Auction,Low,2.21|2.0,1.43|2.5,1.00507,1.00543,0.991,0.9943
2022-09-01,2:30pm,EUR,Unemployment Rate,Low,6.6%,6.7%,1.00507,1.00543,0.991,0.9943
2022-09-01,5:00pm,USD,Challenger Job Cuts y/y,Low,30.3%,36.3%,1.00507,1.00543,0.991,0.9943
2022-09-01,5:00pm,USD,Unemployment Claims,Medium,232K,237K,1.00507,1.00543,0.991,0.9943
2022-09-01,5:00pm,USD,Revised Nonfarm Productivity q/q,Low,-4.1%,-4.6%,1.00507,1.00543,0.991,0.9943
2022-09-01,5:00pm,USD,Revised Unit Labor Costs q/q,Low,10.2%,10.8%,1.00507,1.00543,0.991,0.9943
2022-09-01,7:15pm,USD,Final Manufacturing PMI,Low,51.5,51.3,1.00507,1.00543,0.991,0.9943
2022-09-01,7:30pm,USD,ISM Manufacturing PMI,High,52.8,52.8,1.00507,1.00543,0.991,0.9943
2022-09-01,7:30pm,USD,Construction Spending m/m,Low,-0.4%,-0.5%,1.00507,1.00543,0.991,0.9943
2022-09-01,7:30pm,USD,ISM Manufacturing Prices,Low,52.5,60.0,1.00507,1.00543,0.991,0.9943
2022-09-01,All Day,USD,Wards Total Vehicle Sales,Low,13.2M,13.4M,1.00507,1.00543,0.991,0.9943
2022-09-01,8:00pm,USD,Natural Gas Storage,Low,61B,60B,1.00507,1.00543,0.991,0.9943
2022-09-02,11:30am,EUR,German Trade Balance,Low,5.4B,6.2B,0.99444,1.0034,0.9941,0.995
2022-09-02,12:15pm,EUR,French Gov Budget Balance,Low,-131.2B,-76.1B,0.99444,1.0034,0.9941,0.995
2022-09-02,12:30pm,EUR,Spanish Unemployment Change,Low,40.4K,3.2K,0.99444,1.0034,0.9941,0.995
2022-09-02,2:30pm,EUR,PPI m/m,Low,4.0%,1.3%,0.99444,1.0034,0.9941,0.995
2022-09-02,2:30pm,USD,Average Hourly Earnings m/m,High,0.3%,0.5%,0.99444,1.0034,0.9941,0.995
2022-09-02,2:30pm,USD,Non-Farm Employment Change,High,315K,526K,0.99444,1.0034,0.9941,0.995
2022-09-02,2:30pm,USD,Unemployment Rate,High,3.7%,3.5%,0.99444,1.0034,0.9941,0.995
2022-09-02,7:30pm,USD,Factory Orders m/m,Low,-1.0%,1.8%,0.99444,1.0034,0.9941,0.995
2022-09-05,12:45pm,EUR,Spanish Services PMI,Low,50.6,53.8,0.99207,0.99441,0.9876,0.99293
2022-09-05,1:15pm,EUR,Italian Services PMI,Low,50.5,48.4,0.99207,0.99441,0.9876,0.99293
2022-09-05,1:20pm,EUR,French Final Services PMI,Low,51.2,51.0,0.99207,0.99441,0.9876,0.99293
2022-09-05,1:25pm,EUR,German Final Services PMI,Low,47.7,48.2,0.99207,0.99441,0.9876,0.99293
2022-09-05,1:30pm,EUR,Final Services PMI,Low,49.8,50.2,0.99207,0.99441,0.9876,0.99293
2022-09-05,2:00pm,EUR,Sentix Investor Confidence,Low,-31.8,-25.2,0.99207,0.99441,0.9876,0.99293
2022-09-05,2:30pm,EUR,Retail Sales m/m,Low,0.3%,-1.0%,0.99207,0.99441,0.9876,0.99293
2022-09-06,11:30am,EUR,German Factory Orders m/m,Low,-1.1%,-0.3%,0.99284,0.99864,0.9862,0.9904
2022-09-06,7:15pm,USD,Final Services PMI,Medium,43.7,44.1,0.99284,0.99864,0.9862,0.9904
2022-09-06,7:30pm,USD,ISM Services PMI,High,56.9,56.7,0.99284,0.99864,0.9862,0.9904
2022-09-07,11:30am,EUR,German Industrial Production m/m,Low,-0.3%,0.8%,0.99044,1.00109,0.9873,1.00079
2022-09-07,1:30pm,EUR,Italian Retail Sales m/m,Low,1.3%,-1.1%,0.99044,1.00109,0.9873,1.00079
2022-09-07,2:30pm,EUR,Final Employment Change q/q,Low,0.4%,0.3%,0.99044,1.00109,0.9873,1.00079
2022-09-07,2:30pm,EUR,Revised GDP q/q,Low,0.8%,0.6%,0.99044,1.00109,0.9873,1.00079
2022-09-07,2:32pm,USD,Trade Balance,Low,-70.6B,-80.9B,0.99044,1.00109,0.9873,1.00079
2022-09-08,11:00am,EUR,French Final Private Payrolls q/q,Low,0.5%,0.5%,1.00079,1.003,0.9929,0.99969
2022-09-08,12:15pm,EUR,French Trade Balance,Low,-14.5B,-13.1B,1.00079,1.003,0.9929,0.99969
2022-09-08,5:45pm,EUR,Main Refinancing Rate,High,1.25%,0.50%,1.00079,1.003,0.9929,0.99969
2022-09-08,6:00pm,USD,Unemployment Claims,Medium,222K,228K,1.00079,1.003,0.9929,0.99969
2022-09-08,8:00pm,USD,Natural Gas Storage,Low,54B,61B,1.00079,1.003,0.9929,0.99969
2022-09-08,8:30pm,USD,Crude Oil Inventories,Low,8.8M,-3.3M,1.00079,1.003,0.9929,0.99969
2022-09-09,12:30am,USD,Consumer Credit m/m,Low,23.8B,39.1B,0.9996,1.01134,0.99955,1.0039
2022-09-09,12:15pm,EUR,French Industrial Production m/m,Low,-1.6%,1.2%,0.9996,1.01134,0.99955,1.0039
2022-09-09,7:30pm,USD,Final Wholesale Inventories m/m,Low,0.6%,0.8%,0.9996,1.01134,0.99955,1.0039
2022-09-12,1:30pm,EUR,Italian Industrial Production m/m,Low,0.4%,-2.0%,1.00913,1.01979,1.0058,1.01188
2022-09-12,10:31pm,USD,10-y Bond Auction,Low,3.33|2.4,2.76|2.5,1.00913,1.01979,1.0058,1.01188
2022-09-13,11:30am,EUR,German Final CPI m/m,Low,0.3%,0.3%,1.01188,1.01872,0.99616,0.99642
2022-09-13,1:30pm,EUR,Italian Quarterly Unemployment Rate,Low,8.1%,8.5%,1.01188,1.01872,0.99616,0.99642
2022-09-13,2:30pm,EUR,German ZEW Economic Sentiment,Low,-61.9,-55.3,1.01188,1.01872,0.99616,0.99642
2022-09-13,2:30pm,EUR,ZEW Economic Sentiment,Low,-60.7,-54.9,1.01188,1.01872,0.99616,0.99642
2022-09-13,3:25pm,USD,NFIB Small Business Index,Low,91.8,89.9,1.01188,1.01872,0.99616,0.99642
2022-09-13,6:00pm,USD,Core CPI m/m,High,0.6%,0.3%,1.01188,1.01872,0.99616,0.99642
2022-09-13,6:00pm,USD,CPI m/m,High,0.1%,0.0%,1.01188,1.01872,0.99616,0.99642
2022-09-13,6:00pm,USD,CPI y/y,High,8.3%,8.5%,1.01188,1.01872,0.99616,0.99642
2022-09-13,7:30pm,USD,RCM/TIPP Economic Optimism,Low,44.7,38.1,1.01188,1.01872,0.99616,0.99642
2022-09-13,10:31pm,USD,30-y Bond Auction,Low,3.51|2.4,3.11|2.3,1.01188,1.01872,0.99616,0.99642
2022-09-13,11:23pm,USD,Federal Budget Balance,Low,-219.6B,-211.1B,1.01188,1.01872,0.99616,0.99642
2022-09-14,2:30pm,EUR,Industrial Production m/m,Low,-2.3%,1.1%,0.99638,1.00236,0.9954,0.99783
2022-09-14,2:30pm,USD,PPI m/m,High,-0.1%,-0.5%,0.99638,1.00236,0.9954,0.99783
2022-09-14,2:30pm,USD,Core PPI m/m,Medium,0.4%,0.2%,0.99638,1.00236,0.9954,0.99783
2022-09-14,8:00pm,USD,Crude Oil Inventories,Low,2.4M,8.8M,0.99638,1.00236,0.9954,0.99783
2022-09-15,11:30am,EUR,German WPI m/m,Low,0.1%,-0.4%,0.99806,1.00179,0.9954,0.9996
2022-09-15,12:15pm,EUR,French Final CPI m/m,Low,0.5%,0.4%,0.99806,1.00179,0.9954,0.9996
2022-09-15,2:30pm,EUR,Trade Balance,Low,-40.3B,-32.2B,0.99806,1.00179,0.9954,0.9996
2022-09-15,6:00pm,USD,Core Retail Sales m/m,High,-0.3%,0.0%,0.99806,1.00179,0.9954,0.9996
2022-09-15,6:00pm,USD,Empire State Manufacturing Index,High,-1.5,-31.3,0.99806,1.00179,0.9954,0.9996
2022-09-15,6:00pm,USD,Retail Sales m/m,High,0.3%,-0.4%,0.99806,1.00179,0.9954,0.9996
2022-09-15,6:00pm,USD,Philly Fed Manufacturing Index,Medium,-9.9,6.2,0.99806,1.00179,0.9954,0.9996
2022-09-15,6:00pm,USD,Unemployment Claims,Medium,213K,218K,0.99806,1.00179,0.9954,0.9996
2022-09-15,6:00pm,USD,Import Prices m/m,Low,-1.0%,-1.5%,0.99806,1.00179,0.9954,0.9996
2022-09-15,6:45pm,USD,Capacity Utilization Rate,Low,80.0%,80.2%,0.99806,1.00179,0.9954,0.9996
2022-09-15,6:45pm,USD,Industrial Production m/m,Low,-0.2%,0.5%,0.99806,1.00179,0.9954,0.9996
2022-09-15,7:30pm,USD,Business Inventories m/m,Low,0.6%,1.4%,0.99806,1.00179,0.9954,0.9996
2022-09-15,8:00pm,USD,Natural Gas Storage,Low,77B,54B,0.99806,1.00179,0.9954,0.9996
2022-09-16,1:30pm,EUR,Italian Trade Balance,Low,-0.36B,-2.51B,0.9995,1.0037,0.9943,1.0015
2022-09-16,2:30pm,EUR,Final Core CPI y/y,Low,4.3%,4.3%,0.9995,1.0037,0.9943,1.0015
2022-09-16,2:30pm,EUR,Final CPI y/y,Low,9.1%,9.1%,0.9995,1.0037,0.9943,1.0015
2022-09-16,7:30pm,USD,Prelim UoM Consumer Sentiment,High,59.5,58.2,0.9995,1.0037,0.9943,1.0015
2022-09-16,7:30pm,USD,Prelim UoM Inflation Expectations,Medium,4.6%,4.8%,0.9995,1.0037,0.9943,1.0015
2022-09-17,1:30am,USD,TIC Long-Term Purchases,Low,21.4B,121.8B,,,,
2022-09-19,7:30pm,USD,NAHB Housing Market Index,Low,46,49,1.00141,1.00294,0.9962,1.00256
2022-09-20,5:00am,EUR,German PPI m/m,Low,7.9%,5.3%,1.00261,1.0051,0.9951,0.99691
2022-09-20,1:30pm,EUR,Current Account,Low,-19.9B,4.2B,1.00261,1.0051,0.9951,0.99691
2022-09-20,1:30pm,USD,Building Permits,Low,1.52M,1.69M,1.00261,1.0051,0.9951,0.99691
2022-09-20,1:30pm,USD,Housing Starts,Low,1.58M,1.40M,1.00261,1.0051,0.9951,0.99691
2022-09-21,3:04pm,EUR,German 10-y Bond Auction,Low,1.87|1.8,1.33|1.6,0.99682,0.99752,0.9811,0.9836
2022-09-21,7:30pm,USD,Existing Home Sales,Medium,4.80M,4.82M,0.99682,0.99752,0.9811,0.9836
2022-09-21,7:30pm,USD,Crude Oil Inventories,Low,1.1M,2.4M,0.99682,0.99752,0.9811,0.9836
2022-09-21,11:30pm,USD,Federal Funds Rate,High,3.25%,2.50%,0.99682,0.99752,0.9811,0.9836
2022-09-22,10:30am,USD,Unemployment Claims,Medium,213K,208K,0.98397,0.99075,0.9805,0.98332
2022-09-22,10:30am,USD,Current Account,Low,-251B,-283B,0.98397,0.99075,0.9805,0.98332
2022-09-22,7:30pm,EUR,Consumer Confidence,Low,-29,-25,0.98397,0.99075,0.9805,0.98332
2022-09-22,7:30pm,USD,CB Leading Index m/m,Low,-0.3%,-0.5%,0.98397,0.99075,0.9805,0.98332
2022-09-22,8:00pm,USD,Natural Gas Storage,Low,103B,77B,0.98397,0.99075,0.9805,0.98332
2022-09-23,12:45pm,EUR,French Flash Services PMI,High,53.0,51.2,0.98351,0.9852,0.9664,0.969
2022-09-23,12:45pm,EUR,French Flash Manufacturing PMI,Medium,47.8,50.6,0.98351,0.9852,0.9664,0.969
2022-09-23,1:00pm,EUR,German Flash Manufacturing PMI,High,48.3,49.1,0.98351,0.9852,0.9664,0.969
2022-09-23,1:00pm,EUR,German Flash Services PMI,High,45.4,47.7,0.98351,0.9852,0.9664,0.969
2022-09-23,1:30pm,EUR,Flash Manufacturing PMI,Low,48.5,49.6,0.98351,0.9852,0.9664,0.969
2022-09-23,1:30pm,EUR,Flash Services PMI,Low,48.9,49.8,0.98351,0.9852,0.9664,0.969
2022-09-23,7:15pm,USD,Flash Services PMI,High,49.2,43.7,0.98351,0.9852,0.9664,0.969
2022-09-23,7:15pm,USD,Flash Manufacturing PMI,Medium,51.8,51.5,0.98351,0.9852,0.9664,0.969
2022-09-26,1:30pm,EUR,German ifo Business Climate,Medium,84.3,88.6,0.96739,0.97098,0.95501,0.96091
2022-09-26,6:29pm,EUR,Belgian NBB Business Climate,Low,-11.8,-5.8,0.96739,0.97098,0.95501,0.96091
2022-09-27,1:30pm,EUR,M3 Money Supply y/y,Low,6.1%,5.7%,0.96091,0.9671,0.9565,0.9594
2022-09-27,1:30pm,EUR,Private Loans y/y,Low,4.5%,4.5%,0.96091,0.9671,0.9565,0.9594
2022-09-27,6:00pm,USD,Core Durable Goods Orders m/m,Medium,0.2%,0.2%,0.96091,0.9671,0.9565,0.9594
2022-09-27,6:00pm,USD,Durable Goods Orders m/m,Medium,-0.2%,-0.1%,0.96091,0.9671,0.9565,0.9594
2022-09-27,6:30pm,USD,HPI m/m,Low,-0.6%,0.1%,0.96091,0.9671,0.9565,0.9594
2022-09-27,6:30pm,USD,S&P/CS Composite-20 HPI y/y,Low,16.1%,18.6%,0.96091,0.9671,0.9565,0.9594
2022-09-27,7:30pm,USD,CB Consumer Confidence,High,108.0,103.6,0.96091,0.9671,0.9565,0.9594
2022-09-27,7:30pm,USD,New Home Sales,Medium,685K,532K,0.96091,0.9671,0.9565,0.9594
2022-09-27,7:30pm,USD,Richmond Manufacturing Index,Medium,0,-8,0.96091,0.9671,0.9565,0.9594
2022-09-28,11:30am,EUR,German GfK Consumer Climate,Low,-42.5,-36.8,0.95947,0.97508,0.9532,0.97332
2022-09-28,6:00pm,USD,Goods Trade Balance,Low,-87.3B,-90.2B,0.95947,0.97508,0.9532,0.97332
2022-09-28,6:00pm,USD,Prelim Wholesale Inventories m/m,Low,1.3%,0.6%,0.95947,0.97508,0.9532,0.97332
2022-09-28,7:30pm,USD,Pending Home Sales m/m,Medium,-2.0%,-0.6%,0.95947,0.97508,0.9532,0.97332
2022-09-28,8:00pm,USD,Crude Oil Inventories,Low,-0.2M,1.1M,0.95947,0.97508,0.9532,0.97332
2022-09-29,All Day,EUR,German Prelim CPI m/m,Low,1.9%,0.3%,0.97335,0.9824,0.9632,0.98167
2022-09-29,12:30pm,EUR,Spanish Flash CPI y/y,Low,9.0%,10.5%,0.97335,0.9824,0.9632,0.98167
2022-09-29,2:45pm,EUR,Italian 10-y Bond Auction,Low,4.70|1.4,3.76|1.5,0.97335,0.9824,0.9632,0.98167
2022-09-29,2:45pm,USD,Final GDP q/q,Medium,-0.6%,-0.6%,0.97335,0.9824,0.9632,0.98167
2022-09-29,2:45pm,USD,Unemployment Claims,Medium,193K,209K,0.97335,0.9824,0.9632,0.98167
2022-09-29,2:45pm,USD,Final GDP Price Index q/q,Low,9.0%,8.9%,0.97335,0.9824,0.9632,0.98167
2022-09-29,8:00pm,USD,Natural Gas Storage,Low,103B,103B,0.97335,0.9824,0.9632,0.98167
2022-09-30,12:15pm,EUR,French Consumer Spending m/m,Low,0.0%,-0.9%,0.98172,0.98539,0.9731,0.98003
2022-09-30,12:15pm,EUR,French Prelim CPI m/m,Low,-0.5%,0.5%,0.98172,0.98539,0.9731,0.98003
2022-09-30,1:25pm,EUR,German Unemployment Change,Low,14K,26K,0.98172,0.98539,0.9731,0.98003
2022-09-30,1:30pm,EUR,Italian Monthly Unemployment Rate,Low,7.8%,7.9%,0.98172,0.98539,0.9731,0.98003
2022-09-30,2:30pm,EUR,Core CPI Flash Estimate y/y,Medium,4.8%,4.3%,0.98172,0.98539,0.9731,0.98003
2022-09-30,2:30pm,EUR,CPI Flash Estimate y/y,Medium,10.0%,9.1%,0.98172,0.98539,0.9731,0.98003
2022-09-30,2:30pm,EUR,Italian Prelim CPI m/m,Low,0.3%,0.8%,0.98172,0.98539,0.9731,0.98003
2022-09-30,2:30pm,EUR,Unemployment Rate,Low,6.6%,6.6%,0.98172,0.98539,0.9731,0.98003
2022-09-30,6:00pm,USD,Core PCE Price Index m/m,High,0.6%,0.0%,0.98172,0.98539,0.9731,0.98003
2022-09-30,6:00pm,USD,Personal Income m/m,Low,0.3%,0.3%,0.98172,0.98539,0.9731,0.98003
2022-09-30,6:00pm,USD,Personal Spending m/m,Low,0.4%,-0.2%,0.98172,0.98539,0.9731,0.98003
2022-09-30,7:15pm,USD,Chicago PMI,Low,45.7,52.2,0.98172,0.98539,0.9731,0.98003
2022-09-30,7:30pm,USD,Revised UoM Consumer Sentiment,Medium,58.6,59.5,0.98172,0.98539,0.9731,0.98003
2022-09-30,7:30pm,USD,Revised UoM Inflation Expectations,Low,4.7%,4.6%,0.98172,0.98539,0.9731,0.98003
2022-10-03,12:45pm,EUR,Spanish Manufacturing PMI,Low,49.0,49.9,0.97954,0.98446,0.9749,0.9821
2022-10-03,1:15pm,EUR,Italian Manufacturing PMI,Low,48.3,48.0,0.97954,0.98446,0.9749,0.9821
2022-10-03,1:20pm,EUR,French Final Manufacturing PMI,Low,47.7,47.8,0.97954,0.98446,0.9749,0.9821
2022-10-03,1:25pm,EUR,German Final Manufacturing PMI,Low,47.8,48.3,0.97954,0.98446,0.9749,0.9821
2022-10-03,1:30pm,EUR,Final Manufacturing PMI,Low,48.4,48.5,0.97954,0.98446,0.9749,0.9821
2022-10-03,7:15pm,USD,Final Manufacturing PMI,Low,52.0,51.8,0.97954,0.98446,0.9749,0.9821
2022-10-03,7:30pm,USD,ISM Manufacturing PMI,High,50.9,52.8,0.97954,0.98446,0.9749,0.9821
2022-10-03,7:30pm,USD,Construction Spending m/m,Low,-0.7%,-0.6%,0.97954,0.98446,0.9749,0.9821
2022-10-03,7:30pm,USD,ISM Manufacturing Prices,Low,51.7,52.5,0.97954,0.98446,0.9749,0.9821
2022-10-03,All Day,USD,Wards Total Vehicle Sales,Low,13.5M,13.2M,0.97954,0.98446,0.9749,0.9821
2022-10-03,10:49pm,EUR,French Gov Budget Balance,Low,-149.9B,-131.2B,0.97954,0.98446,0.9749,0.9821
2022-10-04,12:30pm,EUR,Spanish Unemployment Change,Low,17.7K,40.4K,0.98219,0.99997,0.9802,0.99828
2022-10-04,2:30pm,EUR,PPI m/m,Low,5.0%,4.0%,0.98219,0.99997,0.9802,0.99828
2022-10-04,7:30pm,USD,JOLTS Job Openings,High,10.05M,11.17M,0.98219,0.99997,0.9802,0.99828
2022-10-04,7:30pm,USD,Factory Orders m/m,Low,0.0%,-1.0%,0.98219,0.99997,0.9802,0.99828
2022-10-05,11:30am,EUR,German Trade Balance,Low,1.2B,3.4B,0.9983,0.99949,0.9833,0.98839
2022-10-05,12:15pm,EUR,French Industrial Production m/m,Low,2.4%,-1.6%,0.9983,0.99949,0.9833,0.98839
2022-10-05,12:45pm,EUR,Spanish Services PMI,Low,48.5,50.6,0.9983,0.99949,0.9833,0.98839
2022-10-05,1:15pm,EUR,Italian Services PMI,Low,48.8,50.5,0.9983,0.99949,0.9833,0.98839
2022-10-05,1:20pm,EUR,French Final Services PMI,Low,52.9,53.0,0.9983,0.99949,0.9833,0.98839
2022-10-05,1:25pm,EUR,German Final Services PMI,Low,45.0,45.4,0.9983,0.99949,0.9833,0.98839
2022-10-05,1:30pm,EUR,Final Services PMI,Low,48.8,48.9,0.9983,0.99949,0.9833,0.98839
2022-10-05,5:45pm,USD,ADP Non-Farm Employment Change,High,208K,185K,0.9983,0.99949,0.9833,0.98839
2022-10-05,5:45pm,USD,Trade Balance,Low,-67.4B,-70.5B,0.9983,0.99949,0.9833,0.98839
2022-10-05,7:15pm,USD,Final Services PMI,Low,49.3,49.2,0.9983,0.99949,0.9833,0.98839
2022-10-05,7:30pm,USD,ISM Services PMI,High,56.7,56.9,0.9983,0.99949,0.9833,0.98839
2022-10-05,8:00pm,USD,Crude Oil Inventories,Low,-1.4M,-0.2M,0.9983,0.99949,0.9833,0.98839
2022-10-06,11:30am,EUR,German Factory Orders m/m,Low,-2.4%,1.9%,0.98852,0.99265,0.97846,0.97915
2022-10-06,2:15pm,EUR,Spanish 10-y Bond Auction,Low,3.23|1.4,2.81|1.8,0.98852,0.99265,0.97846,0.97915
2022-10-06,2:30pm,EUR,Retail Sales m/m,Low,-0.3%,-0.4%,0.98852,0.99265,0.97846,0.97915
2022-10-06,2:33pm,EUR,French 10-y Bond Auction,Low,2.59|2.4,2.21|2.0,0.98852,0.99265,0.97846,0.97915
2022-10-06,2:33pm,USD,Challenger Job Cuts y/y,Low,67.6%,30.3%,0.98852,0.99265,0.97846,0.97915
2022-10-06,6:00pm,USD,Unemployment Claims,Medium,219K,190K,0.98852,0.99265,0.97846,0.97915
2022-10-06,8:00pm,USD,Natural Gas Storage,Low,129B,103B,0.98852,0.99265,0.97846,0.97915
2022-10-07,11:30am,EUR,German Import Prices m/m,Low,4.3%,1.4%,0.97914,0.9817,0.9725,0.9741
2022-10-07,11:30am,EUR,German Industrial Production m/m,Low,-0.8%,0.0%,0.97914,0.9817,0.9725,0.9741
2022-10-07,11:30am,EUR,German Retail Sales m/m,Low,-1.3%,0.7%,0.97914,0.9817,0.9725,0.9741
2022-10-07,12:15pm,EUR,French Trade Balance,Low,-15.3B,-14.8B,0.97914,0.9817,0.9725,0.9741
2022-10-07,1:30pm,EUR,Italian Retail Sales m/m,Low,-0.4%,1.3%,0.97914,0.9817,0.9725,0.9741
2022-10-07,1:30pm,USD,Average Hourly Earnings m/m,High,0.3%,0.3%,0.97914,0.9817,0.9725,0.9741
2022-10-07,1:30pm,USD,Non-Farm Employment Change,High,263K,315K,0.97914,0.9817,0.9725,0.9741
2022-10-07,1:30pm,USD,Unemployment Rate,High,3.5%,3.7%,0.97914,0.9817,0.9725,0.9741
2022-10-07,7:30pm,USD,Final Wholesale Inventories m/m,Low,1.3%,1.3%,0.97914,0.9817,0.9725,0.9741
2022-10-08,12:30am,USD,Consumer Credit m/m,Low,32.2B,26.1B,,,,
2022-10-10,2:00pm,EUR,Sentix Investor Confidence,Low,-38.3,-31.8,0.97382,0.97531,0.968,0.97016
2022-10-11,1:30pm,EUR,Italian Industrial Production m/m,Low,2.3%,0.5%,0.97026,0.97747,0.9669,0.97027
2022-10-11,3:30pm,USD,NFIB Small Business Index,Low,92.1,91.8,0.97026,0.97747,0.9669,0.97027
2022-10-11,7:30pm,USD,RCM/TIPP Economic Optimism,Low,41.6,44.7,0.97026,0.97747,0.9669,0.97027
2022-10-12,2:30pm,EUR,Industrial Production m/m,Low,1.5%,-2.3%,0.97031,0.97351,0.9666,0.9705
2022-10-12,3:04pm,EUR,German 10-y Bond Auction,Low,2.33|1.2,1.87|1.8,0.97031,0.97351,0.9666,0.9705
2022-10-12,6:00pm,USD,PPI m/m,High,0.4%,-0.2%,0.97031,0.97351,0.9666,0.9705
2022-10-12,6:00pm,USD,Core PPI m/m,Medium,0.3%,0.3%,0.97031,0.97351,0.9666,0.9705
2022-10-12,10:33pm,USD,10-y Bond Auction,Low,3.93|2.3,3.33|2.4,0.97031,0.97351,0.9666,0.9705
2022-10-13,11:30am,EUR,German Final CPI m/m,Low,1.9%,1.9%,0.97048,0.9806,0.9629,0.97771
2022-10-13,6:00pm,USD,Core CPI m/m,High,0.6%,0.6%,0.97048,0.9806,0.9629,0.97771
2022-10-13,6:00pm,USD,CPI m/m,High,0.4%,0.1%,0.97048,0.9806,0.9629,0.97771
2022-10-13,6:00pm,USD,CPI y/y,High,8.2%,8.3%,0.97048,0.9806,0.9629,0.97771
2022-10-13,6:00pm,USD,Unemployment Claims,Medium,228K,219K,0.97048,0.9806,0.9629,0.97771
2022-10-13,8:00pm,USD,Natural Gas Storage,Low,125B,129B,0.97048,0.9806,0.9629,0.97771
2022-10-13,8:30pm,USD,Crude Oil Inventories,Low,9.9M,-1.4M,0.97048,0.9806,0.9629,0.97771
2022-10-13,10:31pm,USD,30-y Bond Auction,Low,3.93|2.4,3.51|2.4,0.97048,0.9806,0.9629,0.97771
2022-10-14,11:30am,EUR,German WPI m/m,Low,1.6%,0.1%,0.97755,0.98086,0.9706,0.9719
2022-10-14,12:15pm,EUR,French Final CPI m/m,Low,-0.6%,-0.5%,0.97755,0.98086,0.9706,0.9719
2022-10-14,2:30pm,EUR,Trade Balance,Low,-47.3B,-40.5B,0.97755,0.98086,0.9706,0.9719
2022-10-14,2:30pm,USD,Core Retail Sales m/m,High,0.1%,-0.1%,0.97755,0.98086,0.9706,0.9719
2022-10-14,2:30pm,USD,Retail Sales m/m,High,0.0%,0.4%,0.97755,0.98086,0.9706,0.9719
2022-10-14,2:30pm,USD,Import Prices m/m,Low,-1.2%,-1.1%,0.97755,0.98086,0.9706,0.9719
2022-10-14,7:30pm,USD,Prelim UoM Consumer Sentiment,High,59.8,58.6,0.97755,0.98086,0.9706,0.9719
2022-10-14,7:30pm,USD,Prelim UoM Inflation Expectations,Medium,5.1%,4.7%,0.97755,0.98086,0.9706,0.9719
2022-10-14,7:30pm,USD,Business Inventories m/m,Low,0.8%,0.5%,0.97755,0.98086,0.9706,0.9719
2022-10-17,6:00pm,USD,Empire State Manufacturing Index,High,-9.1,-1.5,0.97223,0.98522,0.9718,0.984
2022-10-18,1:30pm,EUR,Italian Trade Balance,Low,-9.57B,-0.46B,0.98393,0.98755,0.9811,0.9862
2022-10-18,2:30pm,EUR,ZEW Economic Sentiment,Low,-59.7,-60.7,0.98393,0.98755,0.9811,0.9862
2022-10-18,2:30pm,EUR,German ZEW Economic Sentiment,Low,-59.2,-61.9,0.98393,0.98755,0.9811,0.9862
2022-10-18,6:45pm,USD,Capacity Utilization Rate,Low,80.3%,80.1%,0.98393,0.98755,0.9811,0.9862
2022-10-18,6:45pm,USD,Industrial Production m/m,Low,0.4%,-0.1%,0.98393,0.98755,0.9811,0.9862
2022-10-18,7:30pm,USD,NAHB Housing Market Index,Low,38,46,0.98393,0.98755,0.9811,0.9862
2022-10-19,1:30am,USD,TIC Long-Term Purchases,Low,197.9B,21.4B,0.98611,0.98725,0.97549,0.97715
2022-10-19,2:30pm,EUR,Final Core CPI y/y,Low,4.8%,4.8%,0.98611,0.98725,0.97549,0.97715
2022-10-19,2:30pm,EUR,Final CPI y/y,Low,9.9%,10.0%,0.98611,0.98725,0.97549,0.97715
2022-10-19,4:02pm,USD,Building Permits,Low,1.56M,1.54M,0.98611,0.98725,0.97549,0.97715
2022-10-19,4:02pm,USD,Housing Starts,Low,1.44M,1.57M,0.98611,0.98725,0.97549,0.97715
2022-10-19,4:02pm,USD,Crude Oil Inventories,Low,-1.7M,9.9M,0.98611,0.98725,0.97549,0.97715
2022-10-20,5:20am,EUR,German PPI m/m,Low,2.3%,7.9%,0.97724,0.98455,0.97524,0.97842
2022-10-20,1:30pm,EUR,Current Account,Low,-26.3B,-20.0B,0.97724,0.98455,0.97524,0.97842
2022-10-20,6:00pm,USD,Philly Fed Manufacturing Index,High,-8.7,-9.9,0.97724,0.98455,0.97524,0.97842
2022-10-20,6:00pm,USD,Unemployment Claims,Medium,214K,226K,0.97724,0.98455,0.97524,0.97842
2022-10-20,7:30pm,USD,Existing Home Sales,Medium,4.71M,4.78M,0.97724,0.98455,0.97524,0.97842
2022-10-20,7:30pm,USD,CB Leading Index m/m,Low,-0.4%,0.0%,0.97724,0.98455,0.97524,0.97842
2022-10-20,8:00pm,USD,Natural Gas Storage,Low,111B,125B,0.97724,0.98455,0.97524,0.97842
2022-10-21,7:30pm,EUR,Consumer Confidence,Low,-28,-29,0.97852,0.98692,0.9703,0.9861
2022-10-21,8:00pm,USD,Federal Budget Balance,Low,-429.7B,-219.6B,0.97852,0.98692,0.9703,0.9861
2022-10-24,12:45pm,EUR,French Flash Services PMI,High,51.3,52.9,0.98832,0.98992,0.98047,0.9869
2022-10-24,12:45pm,EUR,French Flash Manufacturing PMI,Medium,47.4,47.7,0.98832,0.98992,0.98047,0.9869
2022-10-24,1:00pm,EUR,German Flash Manufacturing PMI,High,45.7,47.8,0.98832,0.98992,0.98047,0.9869
2022-10-24,1:00pm,EUR,German Flash Services PMI,High,44.9,45.0,0.98832,0.98992,0.98047,0.9869
2022-10-24,1:30pm,EUR,Flash Manufacturing PMI,Low,46.6,48.4,0.98832,0.98992,0.98047,0.9869
2022-10-24,1:30pm,EUR,Flash Services PMI,Low,48.2,48.8,0.98832,0.98992,0.98047,0.9869
2022-10-24,7:15pm,USD,Flash Services PMI,High,46.6,49.3,0.98832,0.98992,0.98047,0.9869
2022-10-24,7:15pm,USD,Flash Manufacturing PMI,Medium,49.9,52.0,0.98832,0.98992,0.98047,0.9869
2022-10-25,1:30pm,EUR,German ifo Business Climate,Medium,84.3,84.4,0.98706,0.99769,0.9847,0.9966
2022-10-25,6:30pm,EUR,Belgian NBB Business Climate,Low,-15.5,-11.8,0.98706,0.99769,0.9847,0.9966
2022-10-25,6:30pm,USD,HPI m/m,Low,-0.7%,-0.6%,0.98706,0.99769,0.9847,0.9966
2022-10-25,6:30pm,USD,S&P/CS Composite-20 HPI y/y,Low,13.1%,16.0%,0.98706,0.99769,0.9847,0.9966
2022-10-25,7:29pm,USD,Richmond Manufacturing Index,Medium,-10,0,0.98706,0.99769,0.9847,0.9966
2022-10-25,7:30pm,USD,CB Consumer Confidence,High,102.5,107.8,0.98706,0.99769,0.9847,0.9966
2022-10-26,5:20am,EUR,M3 Money Supply y/y,Low,6.3%,6.1%,0.99659,1.00887,0.99415,1.00797
2022-10-26,5:20am,EUR,Private Loans y/y,Low,4.4%,4.5%,0.99659,1.00887,0.99415,1.00797
2022-10-26,6:00pm,USD,Goods Trade Balance,Low,-92.2B,-87.3B,0.99659,1.00887,0.99415,1.00797
2022-10-26,6:00pm,USD,Prelim Wholesale Inventories m/m,Low,0.8%,1.3%,0.99659,1.00887,0.99415,1.00797
2022-10-26,6:00pm,USD,New Home Sales,Medium,603K,677K,0.99659,1.00887,0.99415,1.00797
2022-10-26,8:00pm,USD,Crude Oil Inventories,Low,2.6M,-1.7M,0.99659,1.00887,0.99415,1.00797
2022-10-27,11:30am,EUR,German GfK Consumer Climate,Low,-41.9,-42.8,1.0081,1.00937,0.99554,0.99643
2022-10-27,12:30pm,EUR,Spanish Unemployment Rate,Low,12.7%,12.5%,1.0081,1.00937,0.99554,0.99643
2022-10-27,5:45pm,EUR,Main Refinancing Rate,High,2.00%,1.25%,1.0081,1.00937,0.99554,0.99643
2022-10-27,6:00pm,USD,Advance GDP q/q,High,2.6%,-0.6%,1.0081,1.00937,0.99554,0.99643
2022-10-27,6:00pm,USD,Advance GDP Price Index q/q,Medium,4.1%,9.0%,1.0081,1.00937,0.99554,0.99643
2022-10-27,6:00pm,USD,Core Durable Goods Orders m/m,Medium,-0.5%,0.3%,1.0081,1.00937,0.99554,0.99643
2022-10-27,6:00pm,USD,Durable Goods Orders m/m,Medium,0.4%,-0.2%,1.0081,1.00937,0.99554,0.99643
2022-10-27,6:00pm,USD,Unemployment Claims,Medium,217K,214K,1.0081,1.00937,0.99554,0.99643
2022-10-27,8:00pm,USD,Natural Gas Storage,Low,52B,111B,1.0081,1.00937,0.99554,0.99643
2022-10-28,11:00am,EUR,French Consumer Spending m/m,Low,1.2%,0.1%,0.99649,0.9998,0.9925,0.9963
2022-10-28,11:00am,EUR,French Flash GDP q/q,Low,0.2%,0.5%,0.99649,0.9998,0.9925,0.9963
2022-10-28,All Day,EUR,German Prelim CPI m/m,Low,0.9%,1.9%,0.99649,0.9998,0.9925,0.9963
2022-10-28,12:15pm,EUR,French Prelim CPI m/m,Low,1.0%,-0.6%,0.99649,0.9998,0.9925,0.9963
2022-10-28,12:15pm,EUR,Spanish Flash CPI y/y,Low,7.3%,8.9%,0.99649,0.9998,0.9925,0.9963
2022-10-28,12:15pm,EUR,Spanish Flash GDP q/q,Low,0.2%,1.5%,0.99649,0.9998,0.9925,0.9963
2022-10-28,1:30pm,EUR,German Prelim GDP q/q,Low,0.3%,0.1%,0.99649,0.9998,0.9925,0.9963
2022-10-28,2:30pm,EUR,Italian Prelim CPI m/m,Low,3.5%,0.3%,0.99649,0.9998,0.9925,0.9963
2022-10-28,2:42pm,EUR,Italian 10-y Bond Auction,Low,4.24|1.3,4.70|1.4,0.99649,0.9998,0.9925,0.9963
2022-10-28,2:42pm,USD,Core PCE Price Index m/m,High,0.5%,0.5%,0.99649,0.9998,0.9925,0.9963
2022-10-28,2:42pm,USD,Employment Cost Index q/q,Low,1.2%,1.3%,0.99649,0.9998,0.9925,0.9963
2022-10-28,2:42pm,USD,Personal Income m/m,Low,0.4%,0.4%,0.99649,0.9998,0.9925,0.9963
2022-10-28,2:42pm,USD,Personal Spending m/m,Low,0.6%,0.6%,0.99649,0.9998,0.9925,0.9963
2022-10-28,7:30pm,USD,Pending Home Sales m/m,Medium,-10.2%,-1.9%,0.99649,0.9998,0.9925,0.9963
2022-10-28,7:30pm,USD,Revised UoM Consumer Sentiment,Medium,59.9,59.8,0.99649,0.9998,0.9925,0.9963
2022-10-28,7:30pm,USD,Revised UoM Inflation Expectations,Low,5.0%,5.1%,0.99649,0.9998,0.9925,0.9963
2022-10-31,12:30pm,EUR,German Retail Sales m/m,Low,0.9%,-1.4%,0.99567,0.99658,0.98706,0.98814
2022-10-31,2:30pm,EUR,Italian Prelim GDP q/q,Low,0.5%,1.1%,0.99567,0.99658,0.98706,0.98814
2022-10-31,3:30pm,EUR,Core CPI Flash Estimate y/y,Medium,5.0%,4.8%,0.99567,0.99658,0.98706,0.98814
2022-10-31,3:30pm,EUR,CPI Flash Estimate y/y,Medium,10.7%,9.9%,0.99567,0.99658,0.98706,0.98814
2022-10-31,3:30pm,EUR,Prelim Flash GDP q/q,Low,0.2%,0.8%,0.99567,0.99658,0.98706,0.98814
2022-10-31,7:15pm,USD,Chicago PMI,Low,45.2,45.7,0.99567,0.99658,0.98706,0.98814
2022-11-01,12:30pm,EUR,German Import Prices m/m,Low,-0.9%,4.3%,0.98818,0.99543,0.98508,0.98746
2022-11-01,7:15pm,USD,Final Manufacturing PMI,Low,50.4,49.9,0.98818,0.99543,0.98508,0.98746
2022-11-01,7:30pm,USD,ISM Manufacturing PMI,High,50.2,50.9,0.98818,0.99543,0.98508,0.98746
2022-11-01,7:30pm,USD,JOLTS Job Openings,High,10.72M,10.28M,0.98818,0.99543,0.98508,0.98746
2022-11-01,7:30pm,USD,Construction Spending m/m,Low,0.2%,-0.6%,0.98818,0.99543,0.98508,0.98746
2022-11-01,7:30pm,USD,ISM Manufacturing Prices,Low,46.6,51.7,0.98818,0.99543,0.98508,0.98746
2022-11-01,All Day,USD,Wards Total Vehicle Sales,Low,14.9M,13.5M,0.98818,0.99543,0.98508,0.98746
2022-11-02,12:30pm,EUR,German Trade Balance,Low,3.7B,1.2B,0.98745,0.9976,0.98107,0.98146
2022-11-02,1:15pm,EUR,French Gov Budget Balance,Low,-146.6B,-149.9B,0.98745,0.9976,0.98107,0.98146
2022-11-02,1:45pm,EUR,Spanish Manufacturing PMI,Low,44.7,49.0,0.98745,0.9976,0.98107,0.98146
2022-11-02,2:15pm,EUR,Italian Manufacturing PMI,Low,46.5,48.3,0.98745,0.9976,0.98107,0.98146
2022-11-02,2:20pm,EUR,French Final Manufacturing PMI,Low,47.2,47.4,0.98745,0.9976,0.98107,0.98146
2022-11-02,2:25pm,EUR,German Final Manufacturing PMI,Low,45.1,45.7,0.98745,0.9976,0.98107,0.98146
2022-11-02,2:25pm,EUR,German Unemployment Change,Low,8K,13K,0.98745,0.9976,0.98107,0.98146
2022-11-02,2:30pm,EUR,Final Manufacturing PMI,Low,46.4,46.6,0.98745,0.9976,0.98107,0.98146
2022-11-02,5:45pm,USD,ADP Non-Farm Employment Change,High,239K,192K,0.98745,0.9976,0.98107,0.98146
2022-11-02,8:00pm,USD,Crude Oil Inventories,Low,-3.1M,2.6M,0.98745,0.9976,0.98107,0.98146
2022-11-02,8:00pm,USD,Federal Funds Rate,High,4.00%,3.25%,0.98745,0.9976,0.98107,0.98146
2022-11-03,8:00pm,EUR,Spanish Unemployment Change,Low,-27.0K,17.7K,0.98199,0.98396,0.9728,0.9748
2022-11-03,2:30pm,EUR,Italian Monthly Unemployment Rate,Low,7.9%,7.9%,0.98199,0.98396,0.9728,0.9748
2022-11-03,3:17pm,EUR,Spanish 10-y Bond Auction,Low,3.31|2.1,3.23|1.4,0.98199,0.98396,0.9728,0.9748
2022-11-03,3:28pm,EUR,French 10-y Bond Auction,Low,2.76|2.1,2.59|2.4,0.98199,0.98396,0.9728,0.9748
2022-11-03,3:30pm,EUR,Unemployment Rate,Low,6.6%,6.7%,0.98199,0.98396,0.9728,0.9748
2022-11-03,5:00pm,USD,Challenger Job Cuts y/y,Low,48.3%,67.6%,0.98199,0.98396,0.9728,0.9748
2022-11-03,5:00pm,USD,Unemployment Claims,Medium,217K,218K,0.98199,0.98396,0.9728,0.9748
2022-11-03,5:00pm,USD,Prelim Nonfarm Productivity q/q,Low,0.3%,-4.1%,0.98199,0.98396,0.9728,0.9748
2022-11-03,5:00pm,USD,Prelim Unit Labor Costs q/q,Low,3.5%,10.2%,0.98199,0.98396,0.9728,0.9748
2022-11-03,5:00pm,USD,Trade Balance,Low,-73.3B,-65.7B,0.98199,0.98396,0.9728,0.9748
2022-11-03,7:15pm,USD,Final Services PMI,Low,47.8,46.6,0.98199,0.98396,0.9728,0.9748
2022-11-03,7:30pm,USD,ISM Services PMI,High,54.4,56.7,0.98199,0.98396,0.9728,0.9748
2022-11-03,7:30pm,USD,Factory Orders m/m,Low,0.3%,0.2%,0.98199,0.98396,0.9728,0.9748
2022-11-03,8:00pm,USD,Natural Gas Storage,Low,107B,52B,0.98199,0.98396,0.9728,0.9748
2022-11-04,12:30pm,EUR,German Factory Orders m/m,Low,-4.0%,-2.0%,0.97491,0.99665,0.9741,0.99581
2022-11-04,1:15pm,EUR,French Industrial Production m/m,Low,-0.8%,2.7%,0.97491,0.99665,0.9741,0.99581
2022-11-04,1:45pm,EUR,Spanish Services PMI,Low,49.7,48.5,0.97491,0.99665,0.9741,0.99581
2022-11-04,2:15pm,EUR,Italian Services PMI,Low,46.4,48.8,0.97491,0.99665,0.9741,0.99581
2022-11-04,2:20pm,EUR,French Final Services PMI,Low,51.7,51.3,0.97491,0.99665,0.9741,0.99581
2022-11-04,2:25pm,EUR,German Final Services PMI,Low,46.5,44.9,0.97491,0.99665,0.9741,0.99581
2022-11-04,2:30pm,EUR,Final Services PMI,Low,48.6,48.2,0.97491,0.99665,0.9741,0.99581
2022-11-04,3:30pm,EUR,PPI m/m,Low,1.6%,5.0%,0.97491,0.99665,0.9741,0.99581
2022-11-04,3:30pm,USD,Average Hourly Earnings m/m,High,0.4%,0.3%,0.97491,0.99665,0.9741,0.99581
2022-11-04,3:30pm,USD,Non-Farm Employment Change,High,261K,315K,0.97491,0.99665,0.9741,0.99581
2022-11-04,3:30pm,USD,Unemployment Rate,High,3.7%,3.5%,0.97491,0.99665,0.9741,0.99581
2022-11-07,12:30pm,EUR,German Industrial Production m/m,Low,0.6%,-1.2%,0.99055,1.00345,0.99013,1.0019
2022-11-07,3:00pm,EUR,Sentix Investor Confidence,Low,-30.9,-38.3,0.99055,1.00345,0.99013,1.0019
2022-11-08,1:30am,USD,Consumer Credit m/m,Low,25.0B,30.2B,1.00185,1.00963,0.99703,1.00728
2022-11-08,1:15pm,EUR,French Prelim Private Payrolls q/q,Low,0.4%,0.5%,1.00185,1.00963,0.99703,1.00728
2022-11-08,1:15pm,EUR,French Trade Balance,Low,-17.5B,-15.3B,1.00185,1.00963,0.99703,1.00728
2022-11-08,2:30pm,EUR,Italian Retail Sales m/m,Low,0.5%,-0.3%,1.00185,1.00963,0.99703,1.00728
2022-11-08,3:30pm,EUR,Retail Sales m/m,Low,0.4%,0.0%,1.00185,1.00963,0.99703,1.00728
2022-11-08,4:26pm,USD,NFIB Small Business Index,Low,91.3,92.1,1.00185,1.00963,0.99703,1.00728
2022-11-08,8:30pm,USD,RCM/TIPP Economic Optimism,Low,40.4,41.6,1.00185,1.00963,0.99703,1.00728
2022-11-09,4:07pm,EUR,German 10-y Bond Auction,Low,2.25|1.7,2.33|1.2,1.00708,1.00882,0.99908,1.00103
2022-11-09,8:30pm,USD,Final Wholesale Inventories m/m,Low,0.6%,0.8%,1.00708,1.00882,0.99908,1.00103
2022-11-09,9:00pm,USD,Crude Oil Inventories,Low,3.9M,-3.1M,1.00708,1.00882,0.99908,1.00103
2022-11-09,11:31pm,USD,10-y Bond Auction,Low,4.14|2.2,3.93|2.3,1.00708,1.00882,0.99908,1.00103
2022-11-10,11:29am,EUR,Italian Industrial Production m/m,Low,-1.8%,2.3%,1.0007,1.02219,0.99334,1.0208
2022-11-10,7:00pm,USD,Core CPI m/m,High,0.3%,0.6%,1.0007,1.02219,0.99334,1.0208
2022-11-10,7:00pm,USD,CPI m/m,High,0.4%,0.4%,1.0007,1.02219,0.99334,1.0208
2022-11-10,7:00pm,USD,CPI y/y,High,7.7%,8.2%,1.0007,1.02219,0.99334,1.0208
2022-11-10,7:00pm,USD,Unemployment Claims,Medium,225K,218K,1.0007,1.02219,0.99334,1.0208
2022-11-10,8:30pm,USD,Mortgage Delinquencies,Low,3.45%,3.64%,1.0007,1.02219,0.99334,1.0208
2022-11-10,9:00pm,USD,Natural Gas Storage,Low,79B,107B,1.0007,1.02219,0.99334,1.0208
2022-11-10,11:31pm,USD,30-y Bond Auction,Low,4.08|2.4,3.93|2.4,1.0007,1.02219,0.99334,1.0208
2022-11-11,12:30am,USD,Federal Budget Balance,Low,-87.8B,-429.7B,1.02076,1.03642,1.0161,1.03538
2022-11-11,12:30pm,EUR,German Final CPI m/m,Low,0.9%,0.9%,1.02076,1.03642,1.0161,1.03538
2022-11-11,8:30pm,USD,Prelim UoM Consumer Sentiment,High,54.7,59.9,1.02076,1.03642,1.0161,1.03538
2022-11-11,8:30pm,USD,Prelim UoM Inflation Expectations,Medium,5.1%,5.0%,1.02076,1.03642,1.0161,1.03538
2022-11-14,3:30pm,EUR,Industrial Production m/m,Low,0.9%,2.0%,1.03382,1.03586,1.0269,1.03265
2022-11-15,12:30pm,EUR,German WPI m/m,Low,-0.6%,1.6%,1.03259,1.04818,1.0278,1.03478
2022-11-15,1:15pm,EUR,French Final CPI m/m,Low,1.0%,1.0%,1.03259,1.04818,1.0278,1.03478
2022-11-15,3:30pm,EUR,German ZEW Economic Sentiment,Medium,-36.7,-59.2,1.03259,1.04818,1.0278,1.03478
2022-11-15,3:30pm,EUR,Flash Employment Change q/q,Low,0.2%,0.4%,1.03259,1.04818,1.0278,1.03478
2022-11-15,3:30pm,EUR,Flash GDP q/q,Low,0.2%,0.2%,1.03259,1.04818,1.0278,1.03478
2022-11-15,3:30pm,EUR,Trade Balance,Low,-37.7B,-47.6B,1.03259,1.04818,1.0278,1.03478
2022-11-15,3:30pm,EUR,ZEW Economic Sentiment,Low,-38.7,-59.7,1.03259,1.04818,1.0278,1.03478
2022-11-15,3:30pm,USD,Empire State Manufacturing Index,High,4.5,-9.1,1.03259,1.04818,1.0278,1.03478
2022-11-15,3:30pm,USD,PPI m/m,High,0.2%,0.2%,1.03259,1.04818,1.0278,1.03478
2022-11-15,3:30pm,USD,Core PPI m/m,Medium,0.0%,0.2%,1.03259,1.04818,1.0278,1.03478
2022-11-16,3:00pm,USD,Core Retail Sales m/m,High,1.3%,0.1%,1.0348,1.04385,1.0329,1.03942
2022-11-16,3:00pm,USD,Retail Sales m/m,High,1.3%,0.0%,1.0348,1.04385,1.0329,1.03942
2022-11-16,3:00pm,USD,Import Prices m/m,Low,-0.2%,-1.1%,1.0348,1.04385,1.0329,1.03942
2022-11-16,3:00pm,USD,Capacity Utilization Rate,Low,79.9%,80.1%,1.0348,1.04385,1.0329,1.03942
2022-11-16,3:00pm,USD,Industrial Production m/m,Low,-0.1%,0.1%,1.0348,1.04385,1.0329,1.03942
2022-11-16,3:00pm,USD,Business Inventories m/m,Low,0.4%,0.9%,1.0348,1.04385,1.0329,1.03942
2022-11-16,3:00pm,USD,NAHB Housing Market Index,Low,33,38,1.0348,1.04385,1.0329,1.03942
2022-11-16,9:00pm,USD,Crude Oil Inventories,Low,-5.4M,3.9M,1.0348,1.04385,1.0329,1.03942
2022-11-17,2:30am,USD,TIC Long-Term Purchases,Low,118.0B,198.3B,1.03936,1.04065,1.03027,1.03608
2022-11-17,2:30pm,EUR,Italian Trade Balance,Low,-6.45B,-9.51B,1.03936,1.04065,1.03027,1.03608
2022-11-17,3:14pm,EUR,Spanish 10-y Bond Auction,Low,2.90|1.8,3.31|2.1,1.03936,1.04065,1.03027,1.03608
2022-11-17,3:30pm,EUR,Final Core CPI y/y,Low,5.0%,5.0%,1.03936,1.04065,1.03027,1.03608
2022-11-17,3:30pm,EUR,Final CPI y/y,Low,10.6%,10.7%,1.03936,1.04065,1.03027,1.03608
2022-11-17,7:00pm,USD,Philly Fed Manufacturing Index,High,-19.4,-8.7,1.03936,1.04065,1.03027,1.03608
2022-11-17,7:00pm,USD,Unemployment Claims,Medium,222K,226K,1.03936,1.04065,1.03027,1.03608
2022-11-17,7:00pm,USD,Building Permits,Low,1.53M,1.56M,1.03936,1.04065,1.03027,1.03608
2022-11-17,7:00pm,USD,Housing Starts,Low,1.43M,1.49M,1.03936,1.04065,1.03027,1.03608
2022-11-17,9:00pm,USD,Natural Gas Storage,Low,64B,79B,1.03936,1.04065,1.03027,1.03608
2022-11-18,8:30pm,USD,Existing Home Sales,Medium,4.43M,4.71M,1.03589,1.0396,1.0311,1.03235
2022-11-18,8:30pm,USD,CB Leading Index m/m,Low,-0.8%,-0.5%,1.03589,1.0396,1.0311,1.03235
2022-11-21,12:30pm,EUR,German PPI m/m,Low,-4.2%,2.3%,1.0323,1.03332,1.02206,1.02411
2022-11-22,2:30pm,EUR,Current Account,Low,-8.1B,-26.9B,1.02404,1.03082,1.02374,1.0303
2022-11-22,8:30pm,EUR,Consumer Confidence,Low,-24,-28,1.02404,1.03082,1.02374,1.0303
2022-11-22,8:30pm,USD,Richmond Manufacturing Index,Medium,-9,-10,1.02404,1.03082,1.02374,1.0303
2022-11-23,1:45pm,EUR,French Flash Services PMI,High,49.4,51.7,1.03028,1.04052,1.02946,1.03954
2022-11-23,1:45pm,EUR,French Flash Manufacturing PMI,Medium,49.1,47.2,1.03028,1.04052,1.02946,1.03954
2022-11-23,2:00pm,EUR,German Flash Manufacturing PMI,High,46.7,45.1,1.03028,1.04052,1.02946,1.03954
2022-11-23,2:00pm,EUR,German Flash Services PMI,High,46.4,46.5,1.03028,1.04052,1.02946,1.03954
2022-11-23,2:30pm,EUR,Flash Manufacturing PMI,Low,47.3,46.4,1.03028,1.04052,1.02946,1.03954
2022-11-23,2:30pm,EUR,Flash Services PMI,Low,48.6,48.6,1.03028,1.04052,1.02946,1.03954
2022-11-23,4:04pm,EUR,German 30-y Bond Auction,Low,1.94|1.8,1.10|1.6,1.03028,1.04052,1.02946,1.03954
2022-11-23,4:04pm,USD,Core Durable Goods Orders m/m,Medium,0.5%,-0.9%,1.03028,1.04052,1.02946,1.03954
2022-11-23,4:04pm,USD,Durable Goods Orders m/m,Medium,1.0%,0.3%,1.03028,1.04052,1.02946,1.03954
2022-11-23,4:04pm,USD,Unemployment Claims,Medium,240K,223K,1.03028,1.04052,1.02946,1.03954
2022-11-23,8:15pm,USD,Flash Services PMI,High,46.1,47.8,1.03028,1.04052,1.02946,1.03954
2022-11-23,8:15pm,USD,Flash Manufacturing PMI,Medium,47.6,50.4,1.03028,1.04052,1.02946,1.03954
2022-11-23,8:30pm,USD,New Home Sales,Medium,632K,588K,1.03028,1.04052,1.02946,1.03954
2022-11-23,8:30pm,USD,Revised UoM Consumer Sentiment,Medium,56.8,54.7,1.03028,1.04052,1.02946,1.03954
2022-11-23,8:30pm,USD,Revised UoM Inflation Expectations,Low,4.9%,5.1%,1.03028,1.04052,1.02946,1.03954
2022-11-23,8:30pm,USD,Crude Oil Inventories,Low,-3.7M,-5.4M,1.03028,1.04052,1.02946,1.03954
2022-11-23,10:30pm,USD,Natural Gas Storage,Low,-80B,64B,1.03028,1.04052,1.02946,1.03954
2022-11-24,2:30pm,EUR,German ifo Business Climate,Medium,86.3,84.5,1.03953,1.04485,1.038,1.04087
2022-11-24,7:27pm,EUR,Belgian NBB Business Climate,Low,-16.6,-15.5,1.03953,1.04485,1.038,1.04087
2022-11-25,12:30pm,EUR,German Final GDP q/q,Low,0.4%,0.3%,1.0407,1.04293,1.03522,1.0395
2022-11-25,12:30pm,EUR,German GfK Consumer Climate,Low,-40.2,-41.9,1.0407,1.04293,1.03522,1.0395
2022-11-28,2:30pm,EUR,M3 Money Supply y/y,Low,5.1%,6.3%,1.03706,1.04969,1.03277,1.03388
2022-11-28,2:30pm,EUR,Private Loans y/y,Low,4.2%,4.4%,1.03706,1.04969,1.03277,1.03388
2022-11-29,All Day,EUR,German Prelim CPI m/m,Medium,-0.5%,0.9%,1.03385,1.03945,1.03174,1.0328
2022-11-29,All Day,EUR,Spanish Flash CPI y/y,Low,6.8%,7.3%,1.03385,1.03945,1.03174,1.0328
2022-11-29,3:40pm,EUR,Italian 10-y Bond Auction,Low,3.96|1.5,4.24|1.3,1.03385,1.03945,1.03174,1.0328
2022-11-29,3:40pm,USD,HPI m/m,Low,0.1%,-0.7%,1.03385,1.03945,1.03174,1.0328
2022-11-29,3:40pm,USD,S&P/CS Composite-20 HPI y/y,Low,10.4%,13.1%,1.03385,1.03945,1.03174,1.0328
2022-11-29,3:40pm,USD,CB Consumer Confidence,High,100.2,102.2,1.03385,1.03945,1.03174,1.0328
2022-11-30,1:15pm,EUR,French Consumer Spending m/m,Low,-2.8%,1.3%,1.03283,1.04288,1.0288,1.04041
2022-11-30,1:15pm,EUR,French Prelim CPI m/m,Low,0.4%,1.0%,1.03283,1.04288,1.0288,1.04041
2022-11-30,1:15pm,EUR,French Prelim GDP q/q,Low,0.2%,0.2%,1.03283,1.04288,1.0288,1.04041
2022-11-30,2:25pm,EUR,German Unemployment Change,Low,17K,9K,1.03283,1.04288,1.0288,1.04041
2022-11-30,3:30pm,EUR,Core CPI Flash Estimate y/y,Medium,5.0%,5.0%,1.03283,1.04288,1.0288,1.04041
2022-11-30,3:30pm,EUR,CPI Flash Estimate y/y,Medium,10.0%,10.6%,1.03283,1.04288,1.0288,1.04041
2022-11-30,3:30pm,EUR,Italian Prelim CPI m/m,Low,0.5%,3.4%,1.03283,1.04288,1.0288,1.04041
2022-11-30,4:05pm,EUR,German 10-y Bond Auction,Low,1.95|2.0,2.25|1.7,1.03283,1.04288,1.0288,1.04041
2022-11-30,6:45pm,USD,ADP Non-Farm Employment Change,High,127K,239K,1.03283,1.04288,1.0288,1.04041
2022-11-30,7:00pm,USD,Prelim GDP q/q,High,2.9%,2.6%,1.03283,1.04288,1.0288,1.04041
2022-11-30,7:00pm,USD,Goods Trade Balance,Low,-99.0B,-91.9B,1.03283,1.04288,1.0288,1.04041
2022-11-30,7:00pm,USD,Prelim GDP Price Index q/q,Low,4.3%,4.1%,1.03283,1.04288,1.0288,1.04041
2022-11-30,7:00pm,USD,Prelim Wholesale Inventories m/m,Low,0.8%,0.6%,1.03283,1.04288,1.0288,1.04041
2022-11-30,8:15pm,USD,Chicago PMI,Low,37.2,45.2,1.03283,1.04288,1.0288,1.04041
2022-11-30,8:30pm,USD,JOLTS Job Openings,High,10.33M,10.69M,1.03283,1.04288,1.0288,1.04041
2022-11-30,8:30pm,USD,Pending Home Sales m/m,Medium,-4.6%,-8.7%,1.03283,1.04288,1.0288,1.04041
2022-11-30,9:00pm,USD,Crude Oil Inventories,Low,-12.6M,-3.7M,1.03283,1.04288,1.0288,1.04041
2022-12-01,12:30pm,EUR,German Retail Sales m/m,Low,-2.8%,1.2%,1.04041,1.0534,1.03906,1.05257
2022-12-01,1:45pm,EUR,Spanish Manufacturing PMI,Low,45.7,44.7,1.04041,1.0534,1.03906,1.05257
2022-12-01,2:15pm,EUR,Italian Manufacturing PMI,Low,48.4,46.5,1.04041,1.0534,1.03906,1.05257
2022-12-01,2:20pm,EUR,French Final Manufacturing PMI,Low,48.3,49.1,1.04041,1.0534,1.03906,1.05257
2022-12-01,2:25pm,EUR,German Final Manufacturing PMI,Low,46.2,46.7,1.04041,1.0534,1.03906,1.05257
2022-12-01,2:30pm,EUR,Final Manufacturing PMI,Low,47.1,47.3,1.04041,1.0534,1.03906,1.05257
2022-12-01,2:30pm,EUR,Italian Monthly Unemployment Rate,Low,7.8%,7.9%,1.04041,1.0534,1.03906,1.05257
2022-12-01,3:30pm,EUR,Unemployment Rate,Low,6.5%,6.6%,1.04041,1.0534,1.03906,1.05257
2022-12-01,3:32pm,EUR,French 10-y Bond Auction,Low,2.19|2.2,2.76|2.1,1.04041,1.0534,1.03906,1.05257
2022-12-01,3:36pm,EUR,Spanish 10-y Bond Auction,Low,2.66|2.2,2.90|1.8,1.04041,1.0534,1.03906,1.05257
2022-12-01,6:00pm,USD,Challenger Job Cuts y/y,Low,416.5%,48.3%,1.04041,1.0534,1.03906,1.05257
2022-12-01,6:00pm,USD,Core PCE Price Index m/m,High,0.2%,0.5%,1.04041,1.0534,1.03906,1.05257
2022-12-01,6:00pm,USD,Unemployment Claims,Medium,225K,241K,1.04041,1.0534,1.03906,1.05257
2022-12-01,6:00pm,USD,Personal Income m/m,Low,0.7%,0.4%,1.04041,1.0534,1.03906,1.05257
2022-12-01,6:00pm,USD,Personal Spending m/m,Low,0.8%,0.6%,1.04041,1.0534,1.03906,1.05257
2022-12-01,8:15pm,USD,Final Manufacturing PMI,Low,47.7,47.6,1.04041,1.0534,1.03906,1.05257
2022-12-01,8:30pm,USD,ISM Manufacturing PMI,High,49.0,50.2,1.04041,1.0534,1.03906,1.05257
2022-12-01,8:30pm,USD,Construction Spending m/m,Low,-0.3%,0.1%,1.04041,1.0534,1.03906,1.05257
2022-12-01,8:30pm,USD,ISM Manufacturing Prices,Low,43.0,46.6,1.04041,1.0534,1.03906,1.05257
2022-12-01,All Day,USD,Wards Total Vehicle Sales,Low,14.1M,14.9M,1.04041,1.0534,1.03906,1.05257
2022-12-01,9:00pm,USD,Natural Gas Storage,Low,-81B,-80B,1.04041,1.0534,1.03906,1.05257
2022-12-02,12:30pm,EUR,German Import Prices m/m,Low,-1.2%,-0.9%,1.05258,1.0545,1.0427,1.05325
2022-12-02,12:30pm,EUR,German Trade Balance,Low,6.9B,2.8B,1.05258,1.0545,1.0427,1.05325
2022-12-02,1:15pm,EUR,French Gov Budget Balance,Low,-143.2B,-146.6B,1.05258,1.0545,1.0427,1.05325
2022-12-02,1:15pm,EUR,French Industrial Production m/m,Low,-2.6%,-0.9%,1.05258,1.0545,1.0427,1.05325
2022-12-02,1:30pm,EUR,Spanish Unemployment Change,Low,-33.5K,-27.0K,1.05258,1.0545,1.0427,1.05325
2022-12-02,3:30pm,EUR,PPI m/m,Low,-2.9%,1.6%,1.05258,1.0545,1.0427,1.05325
2022-12-02,3:30pm,USD,Average Hourly Earnings m/m,High,0.6%,0.5%,1.05258,1.0545,1.0427,1.05325
2022-12-02,3:30pm,USD,Non-Farm Employment Change,High,263K,284K,1.05258,1.0545,1.0427,1.05325
2022-12-02,3:30pm,USD,Unemployment Rate,High,3.7%,3.7%,1.05258,1.0545,1.0427,1.05325
2022-12-05,1:45pm,EUR,Spanish Services PMI,Low,51.2,49.7,1.053,1.05948,1.0478,1.04877
2022-12-05,2:15pm,EUR,Italian Services PMI,Low,49.5,46.4,1.053,1.05948,1.0478,1.04877
2022-12-05,2:20pm,EUR,French Final Services PMI,Low,49.3,49.4,1.053,1.05948,1.0478,1.04877
2022-12-05,2:25pm,EUR,German Final Services PMI,Low,46.1,46.4,1.053,1.05948,1.0478,1.04877
2022-12-05,2:30pm,EUR,Final Services PMI,Low,48.5,48.6,1.053,1.05948,1.0478,1.04877
2022-12-05,3:00pm,EUR,Sentix Investor Confidence,Low,-21.0,-30.9,1.053,1.05948,1.0478,1.04877
2022-12-05,3:30pm,EUR,Retail Sales m/m,Low,-1.8%,0.8%,1.053,1.05948,1.0478,1.04877
2022-12-05,8:15pm,USD,Final Services PMI,Low,46.2,46.1,1.053,1.05948,1.0478,1.04877
2022-12-05,8:30pm,USD,ISM Services PMI,High,56.5,54.4,1.053,1.05948,1.0478,1.04877
2022-12-05,8:30pm,USD,Factory Orders m/m,Low,1.0%,0.3%,1.053,1.05948,1.0478,1.04877
2022-12-06,12:30pm,EUR,German Factory Orders m/m,Low,0.8%,-2.9%,1.04902,1.05329,1.0457,1.0465
2022-12-06,3:00pm,USD,Trade Balance,Low,-78.2B,-74.1B,1.04902,1.05329,1.0457,1.0465
2022-12-07,12:30pm,EUR,German Industrial Production m/m,Low,-0.1%,1.1%,1.0466,1.05498,1.0441,1.05029
2022-12-07,1:15pm,EUR,French Trade Balance,Low,-12.2B,-17.2B,1.0466,1.05498,1.0441,1.05029
2022-12-07,2:30pm,EUR,Italian Retail Sales m/m,Low,-0.4%,0.5%,1.0466,1.05498,1.0441,1.05029
2022-12-07,3:30pm,EUR,Final Employment Change q/q,Low,0.3%,0.2%,1.0466,1.05498,1.0441,1.05029
2022-12-07,3:30pm,EUR,Revised GDP q/q,Low,0.3%,0.2%,1.0466,1.05498,1.0441,1.05029
2022-12-07,7:00pm,USD,Revised Nonfarm Productivity q/q,Low,0.8%,0.3%,1.0466,1.05498,1.0441,1.05029
2022-12-07,7:00pm,USD,Revised Unit Labor Costs q/q,Low,2.4%,3.5%,1.0466,1.05498,1.0441,1.05029
2022-12-07,9:00pm,USD,Crude Oil Inventories,Low,-5.2M,-12.6M,1.0466,1.05498,1.0441,1.05029
2022-12-08,1:30am,USD,Consumer Credit m/m,Low,27.1B,25.8B,1.05048,1.05649,1.0488,1.0554
2022-12-08,7:00pm,USD,Unemployment Claims,Medium,230K,226K,1.05048,1.05649,1.0488,1.0554
2022-12-08,9:00pm,USD,Natural Gas Storage,Low,-21B,-81B,1.05048,1.05649,1.0488,1.0554
2022-12-09,3:00pm,USD,Core PPI m/m,High,0.4%,0.1%,1.05542,1.05882,1.05018,1.05329
2022-12-09,3:00pm,USD,PPI m/m,High,0.3%,0.3%,1.05542,1.05882,1.05018,1.05329
2022-12-09,8:30pm,USD,Prelim UoM Consumer Sentiment,High,59.1,56.8,1.05542,1.05882,1.05018,1.05329
2022-12-09,8:30pm,USD,Prelim UoM Inflation Expectations,Medium,4.6%,4.9%,1.05542,1.05882,1.05018,1.05329
2022-12-09,8:30pm,USD,Final Wholesale Inventories m/m,Low,0.5%,0.8%,1.05542,1.05882,1.05018,1.05329
2022-12-12,11:31pm,USD,10-y Bond Auction,Low,3.63|2.3,4.14|2.2,1.05281,1.05802,1.0504,1.05367
2022-12-13,12:30am,USD,Federal Budget Balance,Low,-248.5B,-87.8B,1.05355,1.06733,1.0526,1.06324
2022-12-13,12:00pm,EUR,French Final Private Payrolls q/q,Low,0.6%,0.5%,1.05355,1.06733,1.0526,1.06324
2022-12-13,12:30pm,EUR,German Final CPI m/m,Low,-0.5%,-0.5%,1.05355,1.06733,1.0526,1.06324
2022-12-13,2:30pm,EUR,Italian Industrial Production m/m,Low,-1.0%,-1.7%,1.05355,1.06733,1.0526,1.06324
2022-12-13,3:30pm,EUR,German ZEW Economic Sentiment,Medium,-23.3,-36.7,1.05355,1.06733,1.0526,1.06324
2022-12-13,3:30pm,EUR,ZEW Economic Sentiment,Low,-23.6,-38.7,1.05355,1.06733,1.0526,1.06324
2022-12-13,3:32pm,USD,NFIB Small Business Index,Low,91.9,91.3,1.05355,1.06733,1.0526,1.06324
2022-12-13,7:00pm,USD,Core CPI m/m,High,0.2%,0.3%,1.05355,1.06733,1.0526,1.06324
2022-12-13,7:00pm,USD,CPI m/m,High,0.1%,0.4%,1.05355,1.06733,1.0526,1.06324
2022-12-13,7:00pm,USD,CPI y/y,High,7.1%,7.7%,1.05355,1.06733,1.0526,1.06324
2022-12-13,8:30pm,USD,RCM/TIPP Economic Optimism,Low,42.9,40.4,1.05355,1.06733,1.0526,1.06324
2022-12-13,11:31pm,USD,30-y Bond Auction,Low,3.51|2.2,4.08|2.4,1.05355,1.06733,1.0526,1.06324
2022-12-14,2:30pm,EUR,Italian Quarterly Unemployment Rate,Low,7.9%,8.1%,1.06317,1.06952,1.0617,1.06815
2022-12-14,3:30pm,EUR,Industrial Production m/m,Low,-2.0%,0.8%,1.06317,1.06952,1.0617,1.06815
2022-12-14,3:30pm,USD,Import Prices m/m,Low,-0.6%,-0.4%,1.06317,1.06952,1.0617,1.06815
2022-12-14,9:00pm,USD,Crude Oil Inventories,Low,10.2M,-5.2M,1.06317,1.06952,1.0617,1.06815
2022-12-15,12:30am,USD,Federal Funds Rate,High,4.50%,4.00%,1.06812,1.07363,1.0591,1.06269
2022-12-15,12:30pm,EUR,German WPI m/m,Low,-0.9%,-0.6%,1.06812,1.07363,1.0591,1.06269
2022-12-15,1:15pm,EUR,French Final CPI m/m,Low,0.3%,0.4%,1.06812,1.07363,1.0591,1.06269
2022-12-15,1:15pm,EUR,Main Refinancing Rate,High,2.50%,2.00%,1.06812,1.07363,1.0591,1.06269
2022-12-15,7:00pm,USD,Core Retail Sales m/m,High,-0.2%,1.2%,1.06812,1.07363,1.0591,1.06269
2022-12-15,7:00pm,USD,Empire State Manufacturing Index,High,-11.2,4.5,1.06812,1.07363,1.0591,1.06269
2022-12-15,7:00pm,USD,Retail Sales m/m,High,-0.6%,1.3%,1.06812,1.07363,1.0591,1.06269
2022-12-15,7:00pm,USD,Philly Fed Manufacturing Index,Medium,-13.8,-19.4,1.06812,1.07363,1.0591,1.06269
2022-12-15,7:00pm,USD,Unemployment Claims,Medium,211K,231K,1.06812,1.07363,1.0591,1.06269
2022-12-15,7:45pm,USD,Capacity Utilization Rate,Low,79.7%,79.9%,1.06812,1.07363,1.0591,1.06269
2022-12-15,7:45pm,USD,Industrial Production m/m,Low,-0.2%,-0.1%,1.06812,1.07363,1.0591,1.06269
2022-12-15,8:30pm,USD,Business Inventories m/m,Low,0.3%,0.2%,1.06812,1.07363,1.0591,1.06269
2022-12-15,9:00pm,USD,Natural Gas Storage,Low,-50B,-21B,1.06812,1.07363,1.0591,1.06269
2022-12-16,2:30am,USD,TIC Long-Term Purchases,Low,67.8B,117.7B,1.0625,1.06631,1.05827,1.05839
2022-12-16,1:45pm,EUR,French Flash Services PMI,High,48.1,49.3,1.0625,1.06631,1.05827,1.05839
2022-12-16,1:45pm,EUR,French Flash Manufacturing PMI,Medium,48.9,48.3,1.0625,1.06631,1.05827,1.05839
2022-12-16,2:00pm,EUR,German Flash Manufacturing PMI,High,47.4,46.2,1.0625,1.06631,1.05827,1.05839
2022-12-16,2:00pm,EUR,German Flash Services PMI,High,49.0,46.1,1.0625,1.06631,1.05827,1.05839
2022-12-16,2:30pm,EUR,Flash Manufacturing PMI,Low,47.8,47.1,1.0625,1.06631,1.05827,1.05839
2022-12-16,2:30pm,EUR,Flash Services PMI,Low,49.1,48.5,1.0625,1.06631,1.05827,1.05839
2022-12-16,2:30pm,EUR,Italian Trade Balance,Low,-2.12B,-6.51B,1.0625,1.06631,1.05827,1.05839
2022-12-16,3:30pm,EUR,Final Core CPI y/y,Low,5.0%,5.0%,1.0625,1.06631,1.05827,1.05839
2022-12-16,3:30pm,EUR,Final CPI y/y,Low,10.1%,10.0%,1.0625,1.06631,1.05827,1.05839
2022-12-16,3:30pm,EUR,Trade Balance,Low,-28.3B,-36.4B,1.0625,1.06631,1.05827,1.05839
2022-12-16,8:15pm,USD,Flash Services PMI,High,44.4,46.2,1.0625,1.06631,1.05827,1.05839
2022-12-16,8:15pm,USD,Flash Manufacturing PMI,Medium,46.2,47.7,1.0625,1.06631,1.05827,1.05839
2022-12-19,2:30pm,EUR,German ifo Business Climate,Medium,88.6,86.4,1.0588,1.06579,1.0574,1.0606
2022-12-19,8:30pm,USD,NAHB Housing Market Index,Low,31,33,1.0588,1.06579,1.0574,1.0606
2022-12-20,8:30pm,EUR,German PPI m/m,Low,-3.9%,-4.2%,1.06062,1.06586,1.0577,1.06232
2022-12-20,2:30pm,EUR,Current Account,Low,-0.4B,-8.1B,1.06062,1.06586,1.0577,1.06232
2022-12-20,2:30pm,USD,Building Permits,Low,1.34M,1.51M,1.06062,1.06586,1.0577,1.06232
2022-12-20,2:30pm,USD,Housing Starts,Low,1.43M,1.43M,1.06062,1.06586,1.0577,1.06232
2022-12-20,8:30pm,EUR,Consumer Confidence,Low,-22,-24,1.06062,1.06586,1.0577,1.06232
2022-12-21,12:30pm,EUR,German GfK Consumer Climate,Low,-37.8,-40.1,1.06231,1.06455,1.0589,1.06039
2022-12-21,4:30pm,USD,Current Account,Low,-217B,-239B,1.06231,1.06455,1.0589,1.06039
2022-12-21,8:30pm,USD,CB Consumer Confidence,High,108.3,101.4,1.06231,1.06455,1.0589,1.06039
2022-12-21,8:30pm,USD,Existing Home Sales,Low,4.09M,4.43M,1.06231,1.06455,1.0589,1.06039
2022-12-21,9:00pm,USD,Crude Oil Inventories,Low,-5.9M,10.2M,1.06231,1.06455,1.0589,1.06039
2022-12-22,7:00pm,USD,Final GDP q/q,Medium,3.2%,2.9%,1.06052,1.06594,1.0572,1.05965
2022-12-22,7:00pm,USD,Unemployment Claims,Medium,216K,214K,1.06052,1.06594,1.0572,1.05965
2022-12-22,7:00pm,USD,Final GDP Price Index q/q,Low,4.4%,4.3%,1.06052,1.06594,1.0572,1.05965
2022-12-22,8:30pm,USD,CB Leading Index m/m,Low,-1.0%,-0.9%,1.06052,1.06594,1.0572,1.05965
2022-12-22,9:00pm,USD,Natural Gas Storage,Low,-87B,-50B,1.06052,1.06594,1.0572,1.05965
2022-12-23,5:00am,USD,Core PCE Price Index m/m,High,0.2%,0.3%,1.05928,1.0633,1.0585,1.06172
2022-12-23,5:00am,USD,Core Durable Goods Orders m/m,Low,0.2%,0.1%,1.05928,1.0633,1.0585,1.06172
2022-12-23,5:00am,USD,Durable Goods Orders m/m,Low,-2.1%,1.1%,1.05928,1.0633,1.0585,1.06172
2022-12-23,5:00am,USD,Personal Income m/m,Low,0.4%,0.7%,1.05928,1.0633,1.0585,1.06172
2022-12-23,5:00am,USD,Personal Spending m/m,Low,0.1%,0.9%,1.05928,1.0633,1.0585,1.06172
2022-12-23,7:29pm,EUR,Belgian NBB Business Climate,Low,-13.6,-16.6,1.05928,1.0633,1.0585,1.06172
2022-12-23,8:30pm,USD,New Home Sales,Low,640K,605K,1.05928,1.0633,1.0585,1.06172
2022-12-23,8:30pm,USD,Revised UoM Consumer Sentiment,Low,59.7,59.1,1.05928,1.0633,1.0585,1.06172
2022-12-23,8:30pm,USD,Revised UoM Inflation Expectations,Low,4.4%,4.6%,1.05928,1.0633,1.0585,1.06172
2022-12-27,7:00pm,USD,Goods Trade Balance,Low,-83.3B,-98.8B,1.0636,1.06694,1.061,1.0639
2022-12-27,7:00pm,USD,Prelim Wholesale Inventories m/m,Low,1.0%,0.5%,1.0636,1.06694,1.061,1.0639
2022-12-27,7:30pm,USD,HPI m/m,Low,0.0%,0.1%,1.0636,1.06694,1.061,1.0639
2022-12-27,7:30pm,USD,S&P/CS Composite-20 HPI y/y,Low,8.6%,10.4%,1.0636,1.06694,1.061,1.0639
2022-12-28,8:29pm,USD,Richmond Manufacturing Index,Low,1,-9,1.0636,1.06745,1.0605,1.0611
2022-12-28,8:30pm,USD,Pending Home Sales m/m,Low,-4.0%,-4.7%,1.0636,1.06745,1.0605,1.0611
2022-12-29,2:30pm,EUR,M3 Money Supply y/y,Low,4.8%,5.1%,1.061,1.06916,1.06078,1.06609
2022-12-29,2:30pm,EUR,Private Loans y/y,Low,4.1%,4.2%,1.061,1.06916,1.06078,1.06609
2022-12-29,7:00pm,USD,Unemployment Claims,Medium,225K,216K,1.061,1.06916,1.06078,1.06609
2022-12-29,9:00pm,USD,Natural Gas Storage,Low,-213B,-87B,1.061,1.06916,1.06078,1.06609
2022-12-29,9:30pm,USD,Crude Oil Inventories,Low,0.7M,-5.9M,1.061,1.06916,1.06078,1.06609
2022-12-30,12:30pm,EUR,Spanish Flash CPI y/y,Low,5.8%,6.8%,1.0661,1.07131,1.0637,1.07025
2022-12-30,8:15pm,USD,Chicago PMI,Medium,44.9,37.2,1.0661,1.07131,1.0637,1.07025
2023-01-02,1:45pm,EUR,Spanish Manufacturing PMI,Low,46.4,45.7,1.07031,1.07087,1.06489,1.06656
2023-01-02,2:15pm,EUR,Italian Manufacturing PMI,Low,48.5,48.4,1.07031,1.07087,1.06489,1.06656
2023-01-02,2:20pm,EUR,French Final Manufacturing PMI,Low,49.2,48.9,1.07031,1.07087,1.06489,1.06656
2023-01-02,2:25pm,EUR,German Final Manufacturing PMI,Low,47.1,47.4,1.07031,1.07087,1.06489,1.06656
2023-01-02,2:30pm,EUR,Final Manufacturing PMI,Low,47.8,47.8,1.07031,1.07087,1.06489,1.06656
2023-01-03,All Day,EUR,German Prelim CPI m/m,Low,-0.8%,-0.5%,1.06646,1.06836,1.0517,1.0546
2023-01-03,1:30pm,EUR,Spanish Unemployment Change,Low,-43.7K,-33.5K,1.06646,1.06836,1.0517,1.0546
2023-01-03,2:25pm,EUR,German Unemployment Change,Low,-13K,15K,1.06646,1.06836,1.0517,1.0546
2023-01-03,8:15pm,USD,Final Manufacturing PMI,Low,46.2,46.2,1.06646,1.06836,1.0517,1.0546
2023-01-03,8:30pm,USD,Construction Spending m/m,Low,0.2%,-0.2%,1.06646,1.06836,1.0517,1.0546
2023-01-04,12:30pm,EUR,German Import Prices m/m,Low,-4.5%,-1.2%,1.05461,1.06354,1.0539,1.06033
2023-01-04,1:15pm,EUR,French Prelim CPI m/m,Low,-0.1%,0.3%,1.05461,1.06354,1.0539,1.06033
2023-01-04,1:45pm,EUR,Spanish Services PMI,Low,51.6,51.2,1.05461,1.06354,1.0539,1.06033
2023-01-04,2:15pm,EUR,Italian Services PMI,Low,49.9,49.5,1.05461,1.06354,1.0539,1.06033
2023-01-04,2:20pm,EUR,French Final Services PMI,Low,49.5,48.1,1.05461,1.06354,1.0539,1.06033
2023-01-04,2:25pm,EUR,German Final Services PMI,Low,49.2,49.0,1.05461,1.06354,1.0539,1.06033
2023-01-04,2:30pm,EUR,Final Services PMI,Low,49.8,49.1,1.05461,1.06354,1.0539,1.06033
2023-01-04,8:30pm,USD,ISM Manufacturing PMI,High,48.4,49.0,1.05461,1.06354,1.0539,1.06033
2023-01-04,8:30pm,USD,JOLTS Job Openings,High,10.46M,10.51M,1.05461,1.06354,1.0539,1.06033
2023-01-04,8:30pm,USD,ISM Manufacturing Prices,Low,39.4,43.0,1.05461,1.06354,1.0539,1.06033
2023-01-04,All Day,USD,Wards Total Vehicle Sales,Low,13.3M,14.1M,1.05461,1.06354,1.0539,1.06033
2023-01-05,12:30pm,EUR,German Trade Balance,Low,10.8B,6.8B,1.0602,1.06314,1.0513,1.052
2023-01-05,3:28pm,EUR,French 10-y Bond Auction,Low,2.77|1.9,2.19|2.2,1.0602,1.06314,1.0513,1.052
2023-01-05,3:30pm,EUR,PPI m/m,Low,-0.9%,-3.0%,1.0602,1.06314,1.0513,1.052
2023-01-05,3:30pm,EUR,Italian Prelim CPI m/m,Low,0.3%,0.5%,1.0602,1.06314,1.0513,1.052
2023-01-05,6:00pm,USD,Challenger Job Cuts y/y,Low,129.1%,416.5%,1.0602,1.06314,1.0513,1.052
2023-01-05,6:45pm,USD,ADP Non-Farm Employment Change,High,235K,182K,1.0602,1.06314,1.0513,1.052
2023-01-05,6:45pm,USD,Unemployment Claims,Medium,204K,223K,1.0602,1.06314,1.0513,1.052
2023-01-05,6:45pm,USD,Trade Balance,Low,-61.5B,-77.8B,1.0602,1.06314,1.0513,1.052
2023-01-05,8:15pm,USD,Final Services PMI,Low,44.7,44.4,1.0602,1.06314,1.0513,1.052
2023-01-05,9:00pm,USD,Natural Gas Storage,Low,-221B,-213B,1.0602,1.06314,1.0513,1.052
2023-01-05,9:30pm,USD,Crude Oil Inventories,Low,1.7M,0.7M,1.0602,1.06314,1.0513,1.052
2023-01-06,12:30pm,EUR,German Factory Orders m/m,Low,-5.3%,0.6%,1.052,1.0648,1.04816,1.06413
2023-01-06,12:30pm,EUR,German Retail Sales m/m,Low,1.1%,-2.8%,1.052,1.0648,1.04816,1.06413
2023-01-06,1:15pm,EUR,French Consumer Spending m/m,Low,0.5%,-2.7%,1.052,1.0648,1.04816,1.06413
2023-01-06,3:30pm,EUR,Core CPI Flash Estimate y/y,Medium,5.2%,5.0%,1.052,1.0648,1.04816,1.06413
2023-01-06,3:30pm,EUR,CPI Flash Estimate y/y,Medium,9.2%,10.1%,1.052,1.0648,1.04816,1.06413
2023-01-06,3:30pm,EUR,Retail Sales m/m,Low,0.8%,-1.5%,1.052,1.0648,1.04816,1.06413
2023-01-06,3:30pm,USD,Average Hourly Earnings m/m,High,0.3%,0.4%,1.052,1.0648,1.04816,1.06413
2023-01-06,3:30pm,USD,Non-Farm Employment Change,High,223K,256K,1.052,1.0648,1.04816,1.06413
2023-01-06,3:30pm,USD,Unemployment Rate,High,3.5%,3.7%,1.052,1.0648,1.04816,1.06413
2023-01-06,3:30pm,USD,ISM Services PMI,High,49.6,56.5,1.052,1.0648,1.04816,1.06413
2023-01-06,3:30pm,USD,Factory Orders m/m,Low,-1.8%,0.4%,1.052,1.0648,1.04816,1.06413
2023-01-09,12:30pm,EUR,German Industrial Production m/m,Low,0.2%,-0.4%,1.06409,1.07606,1.0636,1.07292
2023-01-09,1:15pm,EUR,French Trade Balance,Low,-13.8B,-11.6B,1.06409,1.07606,1.0636,1.07292
2023-01-09,2:30pm,EUR,Italian Monthly Unemployment Rate,Low,7.8%,7.9%,1.06409,1.07606,1.0636,1.07292
2023-01-09,3:00pm,EUR,Sentix Investor Confidence,Low,-17.5,-21.0,1.06409,1.07606,1.0636,1.07292
2023-01-09,3:30pm,EUR,Unemployment Rate,Low,6.5%,6.5%,1.06409,1.07606,1.0636,1.07292
2023-01-10,1:30am,USD,Consumer Credit m/m,Low,28.0B,29.1B,1.0728,1.07595,1.071,1.07326
2023-01-10,1:15pm,EUR,French Industrial Production m/m,Low,2.0%,-2.5%,1.0728,1.07595,1.071,1.07326
2023-01-10,4:29pm,USD,NFIB Small Business Index,Low,89.8,91.9,1.0728,1.07595,1.071,1.07326
2023-01-10,8:30pm,USD,Final Wholesale Inventories m/m,Low,1.0%,1.0%,1.0728,1.07595,1.071,1.07326
2023-01-10,8:30pm,USD,RCM/TIPP Economic Optimism,Low,42.3,42.9,1.0728,1.07595,1.071,1.07326
2023-01-11,2:27pm,EUR,Italian Retail Sales m/m,Low,0.8%,-0.3%,1.07322,1.07775,1.0724,1.07562
2023-01-11,4:03pm,EUR,German 10-y Bond Auction,Low,2.25|1.4,1.95|2.0,1.07322,1.07775,1.0724,1.07562
2023-01-11,9:00pm,USD,Crude Oil Inventories,Low,19.0M,1.7M,1.07322,1.07775,1.0724,1.07562
2023-01-11,11:31pm,USD,10-y Bond Auction,Medium,3.58|2.5,3.63|2.3,1.07322,1.07775,1.0724,1.07562
2023-01-12,7:00pm,USD,Core CPI m/m,High,0.3%,0.2%,1.07566,1.0867,1.07292,1.08522
2023-01-12,7:00pm,USD,CPI m/m,High,-0.1%,0.1%,1.07566,1.0867,1.07292,1.08522
2023-01-12,7:00pm,USD,CPI y/y,High,6.5%,7.1%,1.07566,1.0867,1.07292,1.08522
2023-01-12,7:00pm,USD,Unemployment Claims,Medium,205K,206K,1.07566,1.0867,1.07292,1.08522
2023-01-12,9:00pm,USD,Natural Gas Storage,Low,11B,-221B,1.07566,1.0867,1.07292,1.08522
2023-01-12,11:31pm,USD,30-y Bond Auction,Low,3.59|2.5,3.51|2.2,1.07566,1.0867,1.07292,1.08522
2023-01-13,12:30am,USD,Federal Budget Balance,Low,-85.0B,-248.5B,1.08506,1.0868,1.0779,1.08302
2023-01-13,1:15pm,EUR,French Final CPI m/m,Low,-0.1%,-0.1%,1.08506,1.0868,1.0779,1.08302
2023-01-13,2:30pm,EUR,Italian Industrial Production m/m,Low,-0.3%,-1.1%,1.08506,1.0868,1.0779,1.08302
2023-01-13,3:30pm,EUR,Industrial Production m/m,Low,1.0%,-1.9%,1.08506,1.0868,1.0779,1.08302
2023-01-13,3:30pm,EUR,Trade Balance,Low,-15.2B,-28.1B,1.08506,1.0868,1.0779,1.08302
2023-01-13,7:00pm,USD,Import Prices m/m,Low,0.4%,-0.7%,1.08506,1.0868,1.0779,1.08302
2023-01-13,8:30pm,USD,Prelim UoM Consumer Sentiment,High,64.6,59.7,1.08506,1.0868,1.0779,1.08302
2023-01-13,8:30pm,USD,Prelim UoM Inflation Expectations,Medium,4.0%,4.4%,1.08506,1.0868,1.0779,1.08302
2023-01-16,12:30pm,EUR,German WPI m/m,Low,-1.6%,-0.9%,1.08333,1.08741,1.08,1.08198
2023-01-16,3:35pm,EUR,French Gov Budget Balance,Low,-159.3B,-143.2B,1.08333,1.08741,1.08,1.08198
2023-01-17,12:30pm,EUR,German Final CPI m/m,Low,-0.8%,-0.8%,1.08205,1.08699,1.0773,1.07877
2023-01-17,3:30pm,EUR,German ZEW Economic Sentiment,Medium,16.9,-23.3,1.08205,1.08699,1.0773,1.07877
2023-01-17,3:30pm,EUR,ZEW Economic Sentiment,Low,16.7,-23.6,1.08205,1.08699,1.0773,1.07877
2023-01-17,3:30pm,USD,Empire State Manufacturing Index,High,-32.9,-11.2,1.08205,1.08699,1.0773,1.07877
2023-01-18,2:30pm,EUR,Italian Trade Balance,Low,1.45B,-2.06B,1.07872,1.08873,1.0765,1.0794
2023-01-18,3:30pm,EUR,Final Core CPI y/y,Low,5.2%,5.2%,1.07872,1.08873,1.0765,1.0794
2023-01-18,3:30pm,EUR,Final CPI y/y,Low,9.2%,9.2%,1.07872,1.08873,1.0765,1.0794
2023-01-18,4:09pm,EUR,German 30-y Bond Auction,Low,2.05|1.5,1.94|1.8,1.07872,1.08873,1.0765,1.0794
2023-01-18,4:09pm,USD,Core PPI m/m,High,0.1%,0.2%,1.07872,1.08873,1.0765,1.0794
2023-01-18,4:09pm,USD,Core Retail Sales m/m,High,-1.1%,-0.6%,1.07872,1.08873,1.0765,1.0794
2023-01-18,4:09pm,USD,PPI m/m,High,-0.5%,0.2%,1.07872,1.08873,1.0765,1.0794
2023-01-18,4:09pm,USD,Retail Sales m/m,High,-1.1%,-1.0%,1.07872,1.08873,1.0765,1.0794
2023-01-18,7:45pm,USD,Capacity Utilization Rate,Low,78.8%,79.4%,1.07872,1.08873,1.0765,1.0794
2023-01-18,7:45pm,USD,Industrial Production m/m,Low,-0.7%,-0.6%,1.07872,1.08873,1.0765,1.0794
2023-01-18,8:30pm,USD,Business Inventories m/m,Low,0.4%,0.2%,1.07872,1.08873,1.0765,1.0794
2023-01-18,8:30pm,USD,NAHB Housing Market Index,Low,35,31,1.07872,1.08873,1.0765,1.0794
2023-01-19,2:30am,USD,TIC Long-Term Purchases,Low,171.5B,67.8B,1.07928,1.084,1.0781,1.08308
2023-01-19,2:30pm,EUR,Current Account,Low,13.6B,-0.5B,1.07928,1.084,1.0781,1.08308
2023-01-19,2:30pm,USD,Philly Fed Manufacturing Index,Medium,-8.9,-13.8,1.07928,1.084,1.0781,1.08308
2023-01-19,2:30pm,USD,Unemployment Claims,Medium,190K,205K,1.07928,1.084,1.0781,1.08308
2023-01-19,2:30pm,USD,Building Permits,Low,1.33M,1.35M,1.07928,1.084,1.0781,1.08308
2023-01-19,2:30pm,USD,Housing Starts,Low,1.38M,1.40M,1.07928,1.084,1.0781,1.08308
2023-01-19,2:30pm,USD,Natural Gas Storage,Low,-82B,11B,1.07928,1.084,1.0781,1.08308
2023-01-19,9:30pm,USD,Crude Oil Inventories,Low,8.4M,19.0M,1.07928,1.084,1.0781,1.08308
2023-01-20,12:30pm,EUR,German PPI m/m,Low,-0.4%,-3.9%,1.0831,1.0859,1.0801,1.08549
2023-01-20,8:30pm,USD,Existing Home Sales,Medium,4.02M,4.08M,1.0831,1.0859,1.0801,1.08549
2023-01-23,8:30pm,EUR,Consumer Confidence,Low,-21,-22,1.08672,1.09267,1.0844,1.08715
2023-01-23,8:30pm,USD,CB Leading Index m/m,Low,-1.0%,-1.1%,1.08672,1.09267,1.0844,1.08715
2023-01-24,10:30am,EUR,German GfK Consumer Climate,Low,-33.9,-37.6,1.0871,1.08979,1.0833,1.08851
2023-01-24,1:45pm,EUR,French Flash Manufacturing PMI,Medium,50.8,49.2,1.0871,1.08979,1.0833,1.08851
2023-01-24,1:45pm,EUR,French Flash Services PMI,Medium,49.2,49.5,1.0871,1.08979,1.0833,1.08851
2023-01-24,2:00pm,EUR,German Flash Manufacturing PMI,Medium,47.0,47.1,1.0871,1.08979,1.0833,1.08851
2023-01-24,2:00pm,EUR,German Flash Services PMI,Medium,50.4,49.2,1.0871,1.08979,1.0833,1.08851
2023-01-24,2:30pm,EUR,Flash Manufacturing PMI,Low,48.8,47.8,1.0871,1.08979,1.0833,1.08851
2023-01-24,2:30pm,EUR,Flash Services PMI,Low,50.7,49.8,1.0871,1.08979,1.0833,1.08851
2023-01-24,8:15pm,USD,Flash Services PMI,High,46.6,44.7,1.0871,1.08979,1.0833,1.08851
2023-01-24,8:15pm,USD,Flash Manufacturing PMI,Medium,46.8,46.2,1.0871,1.08979,1.0833,1.08851
2023-01-24,8:29pm,USD,Richmond Manufacturing Index,Medium,-11,1,1.0871,1.08979,1.0833,1.08851
2023-01-25,12:30pm,EUR,German ifo Business Climate,Medium,90.2,88.6,1.08848,1.09237,1.0856,1.09154
2023-01-25,7:28pm,EUR,Belgian NBB Business Climate,Low,-13.5,-13.6,1.08848,1.09237,1.0856,1.09154
2023-01-25,9:00pm,USD,Crude Oil Inventories,Low,0.5M,8.4M,1.08848,1.09237,1.0856,1.09154
2023-01-26,1:30pm,EUR,Spanish Unemployment Rate,Low,12.9%,12.7%,1.0915,1.09294,1.0849,1.08916
2023-01-26,7:00pm,USD,Advance GDP q/q,High,2.9%,3.2%,1.0915,1.09294,1.0849,1.08916
2023-01-26,7:00pm,USD,Advance GDP Price Index q/q,Medium,3.5%,4.4%,1.0915,1.09294,1.0849,1.08916
2023-01-26,7:00pm,USD,Core Durable Goods Orders m/m,Medium,-0.1%,0.1%,1.0915,1.09294,1.0849,1.08916
2023-01-26,7:00pm,USD,Durable Goods Orders m/m,Medium,5.6%,-1.7%,1.0915,1.09294,1.0849,1.08916
2023-01-26,7:00pm,USD,Unemployment Claims,Medium,186K,192K,1.0915,1.09294,1.0849,1.08916
2023-01-26,7:00pm,USD,Goods Trade Balance,Low,-90.3B,-82.9B,1.0915,1.09294,1.0849,1.08916
2023-01-26,7:00pm,USD,Prelim Wholesale Inventories m/m,Low,0.1%,0.9%,1.0915,1.09294,1.0849,1.08916
2023-01-26,8:30pm,USD,New Home Sales,Medium,616K,602K,1.0915,1.09294,1.0849,1.08916
2023-01-26,9:00pm,USD,Natural Gas Storage,Low,-91B,-82B,1.0915,1.09294,1.0849,1.08916
2023-01-27,1:30pm,EUR,Spanish Flash GDP q/q,Low,0.2%,0.1%,1.08918,1.09002,1.0836,1.08649
2023-01-27,2:30pm,EUR,M3 Money Supply y/y,Low,4.1%,4.8%,1.08918,1.09002,1.0836,1.08649
2023-01-27,2:30pm,EUR,Private Loans y/y,Low,3.8%,4.1%,1.08918,1.09002,1.0836,1.08649
2023-01-27,7:00pm,USD,Core PCE Price Index m/m,High,0.3%,0.2%,1.08918,1.09002,1.0836,1.08649
2023-01-27,7:00pm,USD,Personal Income m/m,Low,0.2%,0.3%,1.08918,1.09002,1.0836,1.08649
2023-01-27,7:00pm,USD,Personal Spending m/m,Low,-0.2%,-0.1%,1.08918,1.09002,1.0836,1.08649
2023-01-27,8:30pm,USD,Pending Home Sales m/m,Medium,2.5%,-2.6%,1.08918,1.09002,1.0836,1.08649
2023-01-27,8:30pm,USD,Revised UoM Consumer Sentiment,Medium,64.9,64.6,1.08918,1.09002,1.0836,1.08649
2023-01-27,8:30pm,USD,Revised UoM Inflation Expectations,Low,3.9%,4.0%,1.08918,1.09002,1.0836,1.08649
2023-01-30,8:30pm,EUR,Spanish Flash CPI y/y,Low,5.8%,5.7%,1.08644,1.09137,1.0837,1.0848
2023-01-30,2:30pm,EUR,German Prelim GDP q/q,Low,-0.2%,0.4%,1.08644,1.09137,1.0837,1.0848
2023-01-31,12:00pm,EUR,French Consumer Spending m/m,Low,-1.3%,0.6%,1.08488,1.0875,1.08,1.08626
2023-01-31,12:00pm,EUR,French Flash GDP q/q,Low,0.1%,0.2%,1.08488,1.0875,1.08,1.08626
2023-01-31,12:30pm,EUR,German Import Prices m/m,Low,-1.6%,-4.5%,1.08488,1.0875,1.08,1.08626
2023-01-31,12:30pm,EUR,German Retail Sales m/m,Low,-5.3%,1.9%,1.08488,1.0875,1.08,1.08626
2023-01-31,1:15pm,EUR,French Prelim CPI m/m,Low,0.4%,-0.1%,1.08488,1.0875,1.08,1.08626
2023-01-31,2:25pm,EUR,German Unemployment Change,Low,-22K,-13K,1.08488,1.0875,1.08,1.08626
2023-01-31,2:30pm,EUR,Italian Monthly Unemployment Rate,Low,7.8%,7.8%,1.08488,1.0875,1.08,1.08626
2023-01-31,3:30pm,EUR,Prelim Flash GDP q/q,Low,0.1%,0.3%,1.08488,1.0875,1.08,1.08626
2023-01-31,3:30pm,EUR,Italian Prelim GDP q/q,Low,-0.1%,0.5%,1.08488,1.0875,1.08,1.08626
2023-01-31,3:49pm,EUR,Italian 10-y Bond Auction,Low,4.28|1.3,3.96|1.5,1.08488,1.0875,1.08,1.08626
2023-01-31,3:49pm,USD,Employment Cost Index q/q,Low,1.0%,1.2%,1.08488,1.0875,1.08,1.08626
2023-01-31,7:30pm,USD,HPI m/m,Low,-0.1%,0.0%,1.08488,1.0875,1.08,1.08626
2023-01-31,7:30pm,USD,S&P/CS Composite-20 HPI y/y,Low,6.8%,8.6%,1.08488,1.0875,1.08,1.08626
2023-01-31,8:15pm,USD,Chicago PMI,Medium,44.3,44.9,1.08488,1.0875,1.08,1.08626
2023-01-31,8:30pm,USD,CB Consumer Confidence,High,107.1,109.0,1.08488,1.0875,1.08,1.08626
2023-02-01,1:45pm,EUR,Spanish Manufacturing PMI,Low,48.4,46.4,1.0861,1.1001,1.085,1.099
2023-02-01,2:15pm,EUR,Italian Manufacturing PMI,Low,50.4,48.5,1.0861,1.1001,1.085,1.099
2023-02-01,2:20pm,EUR,French Final Manufacturing PMI,Low,50.5,50.8,1.0861,1.1001,1.085,1.099
2023-02-01,2:25pm,EUR,German Final Manufacturing PMI,Low,47.3,47.0,1.0861,1.1001,1.085,1.099
2023-02-01,2:30pm,EUR,Final Manufacturing PMI,Low,48.8,48.8,1.0861,1.1001,1.085,1.099
2023-02-01,3:30pm,EUR,Core CPI Flash Estimate y/y,Medium,5.2%,5.2%,1.0861,1.1001,1.085,1.099
2023-02-01,3:30pm,EUR,CPI Flash Estimate y/y,Medium,8.5%,9.2%,1.0861,1.1001,1.085,1.099
2023-02-01,3:30pm,EUR,Italian Prelim CPI m/m,Low,0.2%,0.3%,1.0861,1.1001,1.085,1.099
2023-02-01,3:30pm,EUR,Unemployment Rate,Low,6.6%,6.6%,1.0861,1.1001,1.085,1.099
2023-02-01,4:04pm,EUR,German 10-y Bond Auction,Low,2.27|1.5,2.25|1.4,1.0861,1.1001,1.085,1.099
2023-02-01,6:45pm,USD,ADP Non-Farm Employment Change,High,106K,253K,1.0861,1.1001,1.085,1.099
2023-02-01,8:15pm,USD,Final Manufacturing PMI,Low,46.9,46.8,1.0861,1.1001,1.085,1.099
2023-02-01,8:30pm,USD,ISM Manufacturing PMI,High,47.4,48.4,1.0861,1.1001,1.085,1.099
2023-02-01,8:30pm,USD,JOLTS Job Openings,High,11.01M,10.44M,1.0861,1.1001,1.085,1.099
2023-02-01,8:30pm,USD,Construction Spending m/m,Low,-0.4%,0.5%,1.0861,1.1001,1.085,1.099
2023-02-01,8:30pm,USD,ISM Manufacturing Prices,Low,44.5,39.4,1.0861,1.1001,1.085,1.099
2023-02-01,All Day,USD,Wards Total Vehicle Sales,Low,15.7M,13.3M,1.0861,1.1001,1.085,1.099
2023-02-01,9:00pm,USD,Crude Oil Inventories,Low,4.1M,0.5M,1.0861,1.1001,1.085,1.099
2023-02-02,12:30am,USD,Federal Funds Rate,High,4.75%,4.50%,1.0989,1.10327,1.0885,1.09092
2023-02-02,12:30pm,EUR,German Trade Balance,Low,10.0B,10.9B,1.0989,1.10327,1.0885,1.09092
2023-02-02,12:30pm,EUR,Spanish Unemployment Change,Low,70.7K,-43.7K,1.0989,1.10327,1.0885,1.09092
2023-02-02,3:29pm,EUR,French 10-y Bond Auction,Low,2.68|2.1,2.77|1.9,1.0989,1.10327,1.0885,1.09092
2023-02-02,3:29pm,USD,Challenger Job Cuts y/y,Low,440.0%,129.1%,1.0989,1.10327,1.0885,1.09092
2023-02-02,6:45pm,EUR,Main Refinancing Rate,High,3.00%,2.50%,1.0989,1.10327,1.0885,1.09092
2023-02-02,6:45pm,USD,Unemployment Claims,Medium,183K,186K,1.0989,1.10327,1.0885,1.09092
2023-02-02,6:45pm,USD,Prelim Nonfarm Productivity q/q,Low,3.0%,0.8%,1.0989,1.10327,1.0885,1.09092
2023-02-02,6:45pm,USD,Prelim Unit Labor Costs q/q,Low,1.1%,2.4%,1.0989,1.10327,1.0885,1.09092
2023-02-02,8:30pm,USD,Factory Orders m/m,Low,1.8%,-1.9%,1.0989,1.10327,1.0885,1.09092
2023-02-02,9:00pm,USD,Natural Gas Storage,Low,-151B,-91B,1.0989,1.10327,1.0885,1.09092
2023-02-03,1:15pm,EUR,French Industrial Production m/m,Low,1.1%,2.0%,1.09086,1.09401,1.0791,1.07929
2023-02-03,1:45pm,EUR,Spanish Services PMI,Low,52.7,51.6,1.09086,1.09401,1.0791,1.07929
2023-02-03,2:15pm,EUR,Italian Services PMI,Low,51.2,49.9,1.09086,1.09401,1.0791,1.07929
2023-02-03,2:20pm,EUR,French Final Services PMI,Low,49.4,49.2,1.09086,1.09401,1.0791,1.07929
2023-02-03,2:25pm,EUR,German Final Services PMI,Low,50.7,50.4,1.09086,1.09401,1.0791,1.07929
2023-02-03,2:30pm,EUR,Final Services PMI,Low,50.8,50.7,1.09086,1.09401,1.0791,1.07929
2023-02-03,3:30pm,EUR,PPI m/m,Low,1.1%,-1.0%,1.09086,1.09401,1.0791,1.07929
2023-02-03,7:00pm,USD,Average Hourly Earnings m/m,High,0.3%,0.4%,1.09086,1.09401,1.0791,1.07929
2023-02-03,7:00pm,USD,Non-Farm Employment Change,High,517K,260K,1.09086,1.09401,1.0791,1.07929
2023-02-03,7:00pm,USD,Unemployment Rate,High,3.4%,3.5%,1.09086,1.09401,1.0791,1.07929
2023-02-03,8:15pm,USD,Final Services PMI,Low,46.8,46.6,1.09086,1.09401,1.0791,1.07929
2023-02-03,8:30pm,USD,ISM Services PMI,High,55.2,49.6,1.09086,1.09401,1.0791,1.07929
2023-02-06,12:30pm,EUR,German Factory Orders m/m,Low,3.2%,-4.4%,1.07814,1.0799,1.0708,1.07252
2023-02-06,3:00pm,EUR,Sentix Investor Confidence,Low,-8.0,-17.5,1.07814,1.0799,1.0708,1.07252
2023-02-06,3:30pm,EUR,Retail Sales m/m,Low,-2.7%,1.2%,1.07814,1.0799,1.0708,1.07252
2023-02-07,12:30pm,EUR,German Industrial Production m/m,Low,-3.1%,0.4%,1.07251,1.07664,1.0667,1.07253
2023-02-07,1:15pm,EUR,French Gov Budget Balance,Low,-151.5B,-159.3B,1.07251,1.07664,1.0667,1.07253
2023-02-07,1:15pm,EUR,French Trade Balance,Low,-14.9B,-13.6B,1.07251,1.07664,1.0667,1.07253
2023-02-07,1:15pm,USD,Trade Balance,Low,-67.4B,-61.0B,1.07251,1.07664,1.0667,1.07253
2023-02-07,8:30pm,USD,RCM/TIPP Economic Optimism,Low,45.1,42.3,1.07251,1.07664,1.0667,1.07253
2023-02-08,1:30am,USD,Consumer Credit m/m,Low,11.6B,33.1B,1.07247,1.07607,1.0708,1.07099
2023-02-08,1:15pm,EUR,French Prelim Private Payrolls q/q,Low,0.0%,0.6%,1.07247,1.07607,1.0708,1.07099
2023-02-08,2:30pm,EUR,Italian Retail Sales m/m,Low,-0.2%,0.8%,1.07247,1.07607,1.0708,1.07099
2023-02-08,8:30pm,USD,Final Wholesale Inventories m/m,Low,0.1%,0.1%,1.07247,1.07607,1.0708,1.07099
2023-02-08,9:00pm,USD,Crude Oil Inventories,Low,2.4M,4.1M,1.07247,1.07607,1.0708,1.07099
2023-02-08,11:31pm,USD,10-y Bond Auction,Medium,3.61|2.7,3.58|2.5,1.07247,1.07607,1.0708,1.07099
2023-02-09,All Day,EUR,German Prelim CPI m/m,Low,1.0%,-0.8%,1.07099,1.07907,1.07065,1.07398
2023-02-09,7:00pm,USD,Unemployment Claims,Medium,196K,183K,1.07099,1.07907,1.07065,1.07398
2023-02-09,9:00pm,USD,Natural Gas Storage,Low,-217B,-151B,1.07099,1.07907,1.07065,1.07398
2023-02-09,11:31pm,USD,30-y Bond Auction,Low,3.69|2.2,3.59|2.5,1.07099,1.07907,1.07065,1.07398
2023-02-10,2:30pm,EUR,Italian Industrial Production m/m,Low,1.6%,-0.1%,1.07366,1.07527,1.0665,1.06754
2023-02-10,8:30pm,USD,Prelim UoM Consumer Sentiment,High,66.4,64.9,1.07366,1.07527,1.0665,1.06754
2023-02-10,8:30pm,USD,Prelim UoM Inflation Expectations,Medium,4.2%,3.9%,1.07366,1.07527,1.0665,1.06754
2023-02-11,12:30am,USD,Federal Budget Balance,Low,-38.8B,-85.0B,,,,
2023-02-14,12:30pm,EUR,German WPI m/m,Low,0.2%,-1.6%,1.07216,1.08044,1.0706,1.07366
2023-02-14,3:30pm,EUR,Flash Employment Change q/q,Low,0.4%,0.3%,1.07216,1.08044,1.0706,1.07366
2023-02-14,3:30pm,EUR,Flash GDP q/q,Low,0.1%,0.1%,1.07216,1.08044,1.0706,1.07366
2023-02-14,4:30pm,USD,NFIB Small Business Index,Low,90.3,89.8,1.07216,1.08044,1.0706,1.07366
2023-02-14,7:00pm,USD,Core CPI m/m,High,0.4%,0.3%,1.07216,1.08044,1.0706,1.07366
2023-02-14,7:00pm,USD,CPI m/m,High,0.5%,-0.1%,1.07216,1.08044,1.0706,1.07366
2023-02-14,7:00pm,USD,CPI y/y,High,6.4%,6.5%,1.07216,1.08044,1.0706,1.07366
2023-02-15,3:30pm,EUR,Industrial Production m/m,Low,-1.1%,1.4%,1.07361,1.07444,1.0659,1.0688
2023-02-15,3:30pm,EUR,Trade Balance,Low,-18.1B,-14.4B,1.07361,1.07444,1.0659,1.0688
2023-02-15,4:10pm,EUR,German 30-y Bond Auction,Low,2.26|1.1,2.05|1.5,1.07361,1.07444,1.0659,1.0688
2023-02-15,4:10pm,USD,Core Retail Sales m/m,High,2.3%,-0.9%,1.07361,1.07444,1.0659,1.0688
2023-02-15,4:10pm,USD,Empire State Manufacturing Index,High,-5.8,-32.9,1.07361,1.07444,1.0659,1.0688
2023-02-15,4:10pm,USD,Retail Sales m/m,High,3.0%,-1.1%,1.07361,1.07444,1.0659,1.0688
2023-02-15,7:45pm,USD,Capacity Utilization Rate,Low,78.3%,78.4%,1.07361,1.07444,1.0659,1.0688
2023-02-15,7:45pm,USD,Industrial Production m/m,Low,0.0%,-1.0%,1.07361,1.07444,1.0659,1.0688
2023-02-15,8:30pm,USD,Business Inventories m/m,Low,0.3%,0.3%,1.07361,1.07444,1.0659,1.0688
2023-02-15,8:30pm,USD,NAHB Housing Market Index,Low,42,35,1.07361,1.07444,1.0659,1.0688
2023-02-15,9:00pm,USD,Crude Oil Inventories,Low,16.3M,2.4M,1.07361,1.07444,1.0659,1.0688
2023-02-16,2:30am,USD,TIC Long-Term Purchases,Low,152.8B,171.5B,1.06871,1.07223,1.0653,1.06725
2023-02-16,5:20am,EUR,Italian Trade Balance,Low,1.07B,1.42B,1.06871,1.07223,1.0653,1.06725
2023-02-16,3:16pm,EUR,Spanish 10-y Bond Auction,Low,3.40|1.8,2.66|2.2,1.06871,1.07223,1.0653,1.06725
2023-02-16,7:00pm,USD,Core PPI m/m,High,0.5%,0.3%,1.06871,1.07223,1.0653,1.06725
2023-02-16,7:00pm,USD,PPI m/m,High,0.7%,-0.2%,1.06871,1.07223,1.0653,1.06725
2023-02-16,7:00pm,USD,Philly Fed Manufacturing Index,Medium,-24.3,-8.9,1.06871,1.07223,1.0653,1.06725
2023-02-16,7:00pm,USD,Unemployment Claims,Medium,194K,195K,1.06871,1.07223,1.0653,1.06725
2023-02-16,7:00pm,USD,Building Permits,Low,1.34M,1.34M,1.06871,1.07223,1.0653,1.06725
2023-02-16,7:00pm,USD,Housing Starts,Low,1.31M,1.37M,1.06871,1.07223,1.0653,1.06725
2023-02-16,8:30pm,USD,Mortgage Delinquencies,Low,3.96%,3.45%,1.06871,1.07223,1.0653,1.06725
2023-02-16,8:30pm,USD,Natural Gas Storage,Low,-100B,-217B,1.06871,1.07223,1.0653,1.06725
2023-02-17,12:30pm,EUR,German PPI m/m,Low,-1.0%,-0.4%,1.06719,1.06983,1.0611,1.06929
2023-02-17,1:15pm,EUR,French Final CPI m/m,Low,0.4%,0.4%,1.06719,1.06983,1.0611,1.06929
2023-02-17,2:30pm,EUR,Current Account,Low,15.9B,12.8B,1.06719,1.06983,1.0611,1.06929
2023-02-17,2:30pm,USD,Import Prices m/m,Low,-0.2%,-0.1%,1.06719,1.06983,1.0611,1.06929
2023-02-17,8:30pm,USD,CB Leading Index m/m,Low,-0.3%,-0.8%,1.06719,1.06983,1.0611,1.06929
2023-02-20,8:30pm,EUR,Consumer Confidence,Low,-19,-21,1.06868,1.07046,1.0669,1.06841
2023-02-21,1:45pm,EUR,French Flash Manufacturing PMI,Medium,47.9,50.5,1.0685,1.06981,1.0636,1.06457
2023-02-21,1:45pm,EUR,French Flash Services PMI,Medium,52.8,49.4,1.0685,1.06981,1.0636,1.06457
2023-02-21,2:00pm,EUR,German Flash Manufacturing PMI,Medium,46.5,47.3,1.0685,1.06981,1.0636,1.06457
2023-02-21,2:00pm,EUR,German Flash Services PMI,Medium,51.3,50.7,1.0685,1.06981,1.0636,1.06457
2023-02-21,2:30pm,EUR,Flash Manufacturing PMI,Low,48.5,48.8,1.0685,1.06981,1.0636,1.06457
2023-02-21,2:30pm,EUR,Flash Services PMI,Low,53.0,50.8,1.0685,1.06981,1.0636,1.06457
2023-02-21,3:30pm,EUR,German ZEW Economic Sentiment,Medium,28.1,16.9,1.0685,1.06981,1.0636,1.06457
2023-02-21,3:30pm,EUR,ZEW Economic Sentiment,Low,29.7,16.7,1.0685,1.06981,1.0636,1.06457
2023-02-21,4:30pm,USD,Flash Services PMI,High,50.5,46.8,1.0685,1.06981,1.0636,1.06457
2023-02-21,4:30pm,USD,Flash Manufacturing PMI,Medium,47.8,46.9,1.0685,1.06981,1.0636,1.06457
2023-02-21,8:30pm,USD,Existing Home Sales,Medium,4.00M,4.03M,1.0685,1.06981,1.0636,1.06457
2023-02-22,12:30pm,EUR,German Final CPI m/m,Low,1.0%,1.0%,1.06464,1.06638,1.0598,1.06034
2023-02-22,12:30pm,EUR,German ifo Business Climate,Medium,91.1,90.2,1.06464,1.06638,1.0598,1.06034
2023-02-22,4:05pm,EUR,German 10-y Bond Auction,Low,2.56|2.0,2.27|1.5,1.06464,1.06638,1.0598,1.06034
2023-02-22,7:30pm,EUR,Belgian NBB Business Climate,Low,-12.8,-13.5,1.06464,1.06638,1.0598,1.06034
2023-02-23,3:30pm,EUR,Final Core CPI y/y,Low,5.3%,5.2%,1.06031,1.06276,1.0576,1.0596
2023-02-23,3:30pm,EUR,Final CPI y/y,Low,8.6%,8.5%,1.06031,1.06276,1.0576,1.0596
2023-02-23,4:30pm,USD,Prelim GDP q/q,High,2.7%,2.9%,1.06031,1.06276,1.0576,1.0596
2023-02-23,4:30pm,USD,Unemployment Claims,Medium,192K,195K,1.06031,1.06276,1.0576,1.0596
2023-02-23,4:30pm,USD,Prelim GDP Price Index q/q,Low,3.9%,3.5%,1.06031,1.06276,1.0576,1.0596
2023-02-23,9:00pm,USD,Natural Gas Storage,Low,-71B,-100B,1.06031,1.06276,1.0576,1.0596
2023-02-23,9:30pm,USD,Crude Oil Inventories,Low,7.6M,16.3M,1.06031,1.06276,1.0576,1.0596
2023-02-24,12:30pm,EUR,German Final GDP q/q,Low,-0.4%,-0.2%,1.05934,1.06142,1.0535,1.05437
2023-02-24,12:30pm,EUR,German GfK Consumer Climate,Low,-30.5,-33.8,1.05934,1.06142,1.0535,1.05437
2023-02-24,3:43pm,EUR,Italian 10-y Bond Auction,Low,4.34|1.3,4.28|1.3,1.05934,1.06142,1.0535,1.05437
2023-02-24,7:00pm,USD,Core PCE Price Index m/m,High,0.6%,0.4%,1.05934,1.06142,1.0535,1.05437
2023-02-24,7:00pm,USD,Personal Income m/m,Low,0.6%,0.3%,1.05934,1.06142,1.0535,1.05437
2023-02-24,7:00pm,USD,Personal Spending m/m,Low,1.8%,-0.1%,1.05934,1.06142,1.0535,1.05437
2023-02-24,8:30pm,USD,New Home Sales,Medium,670K,625K,1.05934,1.06142,1.0535,1.05437
2023-02-24,8:30pm,USD,Revised UoM Consumer Sentiment,Medium,67.0,66.4,1.05934,1.06142,1.0535,1.05437
2023-02-24,8:30pm,USD,Revised UoM Inflation Expectations,Low,4.1%,4.2%,1.05934,1.06142,1.0535,1.05437
2023-02-27,2:30pm,EUR,M3 Money Supply y/y,Low,3.5%,4.1%,1.05451,1.06198,1.0531,1.0608
2023-02-27,2:30pm,EUR,Private Loans y/y,Low,3.6%,3.8%,1.05451,1.06198,1.0531,1.0608
2023-02-27,2:30pm,USD,Core Durable Goods Orders m/m,Medium,0.7%,-0.2%,1.05451,1.06198,1.0531,1.0608
2023-02-27,2:30pm,USD,Durable Goods Orders m/m,Medium,-4.5%,5.1%,1.05451,1.06198,1.0531,1.0608
2023-02-27,8:30pm,USD,Pending Home Sales m/m,Medium,8.1%,1.1%,1.05451,1.06198,1.0531,1.0608
2023-02-28,12:30pm,EUR,German Import Prices m/m,Low,-1.2%,-1.6%,1.0609,1.06451,1.0572,1.05748
2023-02-28,1:15pm,EUR,French Consumer Spending m/m,Low,1.5%,-1.6%,1.0609,1.06451,1.0572,1.05748
2023-02-28,1:15pm,EUR,French Prelim CPI m/m,Low,0.9%,0.4%,1.0609,1.06451,1.0572,1.05748
2023-02-28,1:15pm,EUR,French Prelim GDP q/q,Low,0.1%,0.1%,1.0609,1.06451,1.0572,1.05748
2023-02-28,1:15pm,EUR,Spanish Flash CPI y/y,Low,6.1%,5.9%,1.0609,1.06451,1.0572,1.05748
2023-02-28,1:15pm,USD,Goods Trade Balance,Low,-91.5B,-89.7B,1.0609,1.06451,1.0572,1.05748
2023-02-28,1:15pm,USD,Prelim Wholesale Inventories m/m,Low,-0.4%,0.1%,1.0609,1.06451,1.0572,1.05748
2023-02-28,7:30pm,USD,HPI m/m,Low,-0.1%,-0.1%,1.0609,1.06451,1.0572,1.05748
2023-02-28,7:30pm,USD,S&P/CS Composite-20 HPI y/y,Low,4.6%,6.8%,1.0609,1.06451,1.0572,1.05748
2023-02-28,8:15pm,USD,Chicago PMI,Low,43.6,44.3,1.0609,1.06451,1.0572,1.05748
2023-02-28,8:29pm,USD,Richmond Manufacturing Index,Medium,-16,-11,1.0609,1.06451,1.0572,1.05748
2023-02-28,8:30pm,USD,CB Consumer Confidence,High,102.9,106.0,1.0609,1.06451,1.0572,1.05748
2023-03-01,All Day,EUR,German Prelim CPI m/m,Low,0.8%,1.0%,1.05743,1.06914,1.0564,1.0666
2023-03-01,1:45pm,EUR,Spanish Manufacturing PMI,Low,50.7,48.4,1.05743,1.06914,1.0564,1.0666
2023-03-01,2:15pm,EUR,Italian Manufacturing PMI,Low,52.0,50.4,1.05743,1.06914,1.0564,1.0666
2023-03-01,2:20pm,EUR,French Final Manufacturing PMI,Low,47.4,47.9,1.05743,1.06914,1.0564,1.0666
2023-03-01,2:25pm,EUR,German Final Manufacturing PMI,Low,46.3,46.5,1.05743,1.06914,1.0564,1.0666
2023-03-01,2:25pm,EUR,German Unemployment Change,Low,2K,-11K,1.05743,1.06914,1.0564,1.0666
2023-03-01,2:30pm,EUR,Final Manufacturing PMI,Low,48.5,48.5,1.05743,1.06914,1.0564,1.0666
2023-03-01,8:15pm,USD,Final Manufacturing PMI,Low,47.3,47.8,1.05743,1.06914,1.0564,1.0666
2023-03-01,8:30pm,USD,ISM Manufacturing PMI,High,47.7,47.4,1.05743,1.06914,1.0564,1.0666
2023-03-01,8:30pm,USD,Construction Spending m/m,Low,-0.1%,-0.7%,1.05743,1.06914,1.0564,1.0666
2023-03-01,8:30pm,USD,ISM Manufacturing Prices,Low,51.3,44.5,1.05743,1.06914,1.0564,1.0666
2023-03-01,All Day,USD,Wards Total Vehicle Sales,Low,14.9M,15.7M,1.05743,1.06914,1.0564,1.0666
2023-03-01,9:00pm,USD,Crude Oil Inventories,Low,1.2M,7.6M,1.05743,1.06914,1.0564,1.0666
2023-03-02,1:15pm,EUR,French Gov Budget Balance,Low,-21.1B,-151.5B,1.0666,1.0673,1.0575,1.05966
2023-03-02,1:30pm,EUR,Spanish Unemployment Change,Low,2.6K,70.7K,1.0666,1.0673,1.0575,1.05966
2023-03-02,2:30pm,EUR,Italian Monthly Unemployment Rate,Low,7.9%,7.8%,1.0666,1.0673,1.0575,1.05966
2023-03-02,3:19pm,EUR,Spanish 10-y Bond Auction,Low,3.77|1.9,3.40|1.8,1.0666,1.0673,1.0575,1.05966
2023-03-02,3:30pm,EUR,Core CPI Flash Estimate y/y,Medium,5.6%,5.3%,1.0666,1.0673,1.0575,1.05966
2023-03-02,3:30pm,EUR,CPI Flash Estimate y/y,Medium,8.5%,8.6%,1.0666,1.0673,1.0575,1.05966
2023-03-02,3:30pm,EUR,Italian Prelim CPI m/m,Low,0.3%,0.1%,1.0666,1.0673,1.0575,1.05966
2023-03-02,3:30pm,EUR,Unemployment Rate,Low,6.7%,6.6%,1.0666,1.0673,1.0575,1.05966
2023-03-02,3:33pm,EUR,French 10-y Bond Auction,Low,3.20|2.3,2.68|2.1,1.0666,1.0673,1.0575,1.05966
2023-03-02,7:00pm,USD,Unemployment Claims,Medium,190K,192K,1.0666,1.0673,1.0575,1.05966
2023-03-02,7:00pm,USD,Revised Nonfarm Productivity q/q,Low,1.7%,3.0%,1.0666,1.0673,1.0575,1.05966
2023-03-02,7:00pm,USD,Revised Unit Labor Costs q/q,Low,3.2%,1.1%,1.0666,1.0673,1.0575,1.05966
2023-03-02,9:00pm,USD,Natural Gas Storage,Low,-81B,-71B,1.0666,1.0673,1.0575,1.05966
2023-03-03,12:30pm,EUR,German Trade Balance,Low,16.7B,10.0B,1.05963,1.06393,1.0587,1.06337
2023-03-03,1:15pm,EUR,French Industrial Production m/m,Low,-1.9%,1.5%,1.05963,1.06393,1.0587,1.06337
2023-03-03,1:45pm,EUR,Spanish Services PMI,Low,56.7,52.7,1.05963,1.06393,1.0587,1.06337
2023-03-03,2:15pm,EUR,Italian Services PMI,Low,51.6,51.2,1.05963,1.06393,1.0587,1.06337
2023-03-03,2:20pm,EUR,French Final Services PMI,Low,53.1,52.8,1.05963,1.06393,1.0587,1.06337
2023-03-03,2:25pm,EUR,German Final Services PMI,Low,50.9,51.3,1.05963,1.06393,1.0587,1.06337
2023-03-03,2:30pm,EUR,Final Services PMI,Low,52.7,53.0,1.05963,1.06393,1.0587,1.06337
2023-03-03,3:30pm,EUR,PPI m/m,Low,-2.8%,1.1%,1.05963,1.06393,1.0587,1.06337
2023-03-03,8:15pm,USD,Final Services PMI,Low,50.6,50.5,1.05963,1.06393,1.0587,1.06337
2023-03-03,8:30pm,USD,ISM Services PMI,High,55.1,55.2,1.05963,1.06393,1.0587,1.06337
2023-03-06,3:00pm,EUR,Sentix Investor Confidence,Low,-11.1,-8.0,1.06237,1.06943,1.062,1.06791
2023-03-06,3:30pm,EUR,Retail Sales m/m,Low,0.3%,-1.7%,1.06237,1.06943,1.062,1.06791
2023-03-06,3:30pm,USD,Factory Orders m/m,Low,-1.6%,1.7%,1.06237,1.06943,1.062,1.06791
2023-03-07,12:30pm,EUR,German Factory Orders m/m,Low,1.0%,3.4%,1.06791,1.06944,1.0544,1.0549
2023-03-07,12:30pm,USD,Final Wholesale Inventories m/m,Low,-0.4%,-0.4%,1.06791,1.06944,1.0544,1.0549
2023-03-07,12:30pm,USD,RCM/TIPP Economic Optimism,Low,46.9,45.1,1.06791,1.06944,1.0544,1.0549
2023-03-08,1:30am,USD,Consumer Credit m/m,Low,14.8B,10.7B,1.0549,1.05738,1.0524,1.0543
2023-03-08,12:30pm,EUR,German Industrial Production m/m,Low,3.5%,-2.4%,1.0549,1.05738,1.0524,1.0543
2023-03-08,12:30pm,EUR,German Retail Sales m/m,Low,-0.3%,-1.7%,1.0549,1.05738,1.0524,1.0543
2023-03-08,2:30pm,EUR,Italian Retail Sales m/m,Low,1.7%,-0.2%,1.0549,1.05738,1.0524,1.0543
2023-03-08,2:30pm,EUR,Final Employment Change q/q,Low,0.3%,0.4%,1.0549,1.05738,1.0524,1.0543
2023-03-08,2:30pm,EUR,Revised GDP q/q,Low,0.0%,0.1%,1.0549,1.05738,1.0524,1.0543
2023-03-08,6:45pm,USD,ADP Non-Farm Employment Change,High,242K,119K,1.0549,1.05738,1.0524,1.0543
2023-03-08,6:45pm,USD,Trade Balance,Low,-68.3B,-67.2B,1.0549,1.05738,1.0524,1.0543
2023-03-08,6:45pm,USD,JOLTS Job Openings,High,10.82M,11.23M,1.0549,1.05738,1.0524,1.0543
2023-03-08,9:00pm,USD,Crude Oil Inventories,Low,-1.7M,1.2M,1.0549,1.05738,1.0524,1.0543
2023-03-08,11:31pm,USD,10-y Bond Auction,Medium,3.99|2.4,3.61|2.7,1.0549,1.05738,1.0524,1.0543
2023-03-09,12:00pm,EUR,French Final Private Payrolls q/q,Low,0.2%,0.0%,1.0543,1.05912,1.05377,1.05791
2023-03-09,6:00pm,USD,Challenger Job Cuts y/y,Low,410.1%,440.0%,1.0543,1.05912,1.05377,1.05791
2023-03-09,7:00pm,USD,Unemployment Claims,Medium,211K,190K,1.0543,1.05912,1.05377,1.05791
2023-03-09,9:00pm,USD,Natural Gas Storage,Low,-84B,-81B,1.0543,1.05912,1.05377,1.05791
2023-03-09,11:31pm,USD,30-y Bond Auction,Low,3.88|2.4,3.69|2.2,1.0543,1.05912,1.05377,1.05791
2023-03-10,12:30pm,EUR,German Final CPI m/m,Low,0.8%,0.8%,1.05788,1.07007,1.0572,1.06387
2023-03-10,1:15pm,EUR,French Trade Balance,Low,-12.9B,-14.7B,1.05788,1.07007,1.0572,1.06387
2023-03-10,5:10pm,USD,Average Hourly Earnings m/m,High,0.2%,0.3%,1.05788,1.07007,1.0572,1.06387
2023-03-10,5:10pm,USD,Non-Farm Employment Change,High,311K,504K,1.05788,1.07007,1.0572,1.06387
2023-03-10,5:10pm,USD,Unemployment Rate,High,3.6%,3.4%,1.05788,1.07007,1.0572,1.06387
2023-03-11,12:30am,USD,Federal Budget Balance,Low,-262.4B,-38.8B,,,,
2023-03-14,2:30pm,EUR,Italian Industrial Production m/m,Low,-0.7%,1.2%,1.07273,1.07496,1.0677,1.07313
2023-03-14,3:29pm,USD,NFIB Small Business Index,Low,90.9,90.3,1.07273,1.07496,1.0677,1.07313
2023-03-14,3:32pm,USD,Core CPI m/m,High,0.5%,0.4%,1.07273,1.07496,1.0677,1.07313
2023-03-14,3:32pm,USD,CPI m/m,High,0.4%,0.5%,1.07273,1.07496,1.0677,1.07313
2023-03-14,3:32pm,USD,CPI y/y,High,6.0%,6.4%,1.07273,1.07496,1.0677,1.07313
2023-03-15,12:29pm,EUR,German WPI m/m,Low,0.1%,0.2%,1.07317,1.076,1.0515,1.05766
2023-03-15,1:15pm,EUR,French Final CPI m/m,Low,1.0%,0.9%,1.07317,1.076,1.0515,1.05766
2023-03-15,2:30pm,EUR,Italian Quarterly Unemployment Rate,Low,7.8%,8.0%,1.07317,1.076,1.0515,1.05766
2023-03-15,3:30pm,EUR,Industrial Production m/m,Low,0.7%,-1.3%,1.07317,1.076,1.0515,1.05766
2023-03-15,4:09pm,EUR,German 30-y Bond Auction,Low,2.32|1.1,2.26|1.1,1.07317,1.076,1.0515,1.05766
2023-03-15,4:09pm,USD,Core PPI m/m,High,0.0%,0.1%,1.07317,1.076,1.0515,1.05766
2023-03-15,4:09pm,USD,Core Retail Sales m/m,High,-0.1%,2.4%,1.07317,1.076,1.0515,1.05766
2023-03-15,4:09pm,USD,Empire State Manufacturing Index,High,-24.6,-5.8,1.07317,1.076,1.0515,1.05766
2023-03-15,4:09pm,USD,PPI m/m,High,-0.1%,0.3%,1.07317,1.076,1.0515,1.05766
2023-03-15,4:09pm,USD,Retail Sales m/m,High,-0.4%,3.2%,1.07317,1.076,1.0515,1.05766
2023-03-15,7:30pm,USD,Business Inventories m/m,Low,-0.1%,0.3%,1.07317,1.076,1.0515,1.05766
2023-03-15,7:30pm,USD,NAHB Housing Market Index,Low,44,42,1.07317,1.076,1.0515,1.05766
2023-03-15,8:00pm,USD,Crude Oil Inventories,Low,1.6M,-1.7M,1.07317,1.076,1.0515,1.05766
2023-03-16,1:30am,USD,TIC Long-Term Purchases,Low,31.9B,152.8B,1.0578,1.06356,1.0549,1.06125
2023-03-16,3:10pm,EUR,Spanish 10-y Bond Auction,Low,3.36|1.6,3.77|1.9,1.0578,1.06356,1.0549,1.06125
2023-03-16,3:10pm,USD,Unemployment Claims,High,192K,212K,1.0578,1.06356,1.0549,1.06125
2023-03-16,3:10pm,USD,Philly Fed Manufacturing Index,Medium,-23.2,-24.3,1.0578,1.06356,1.0549,1.06125
2023-03-16,3:10pm,USD,Building Permits,Low,1.52M,1.34M,1.0578,1.06356,1.0549,1.06125
2023-03-16,3:10pm,USD,Housing Starts,Low,1.45M,1.32M,1.0578,1.06356,1.0549,1.06125
2023-03-16,3:10pm,USD,Import Prices m/m,Low,-0.1%,-0.4%,1.0578,1.06356,1.0549,1.06125
2023-03-16,6:45pm,EUR,Main Refinancing Rate,High,3.50%,3.00%,1.0578,1.06356,1.0549,1.06125
2023-03-16,8:00pm,USD,Natural Gas Storage,Low,-58B,-84B,1.0578,1.06356,1.0549,1.06125
2023-03-17,2:30pm,EUR,Italian Trade Balance,Low,-4.19B,1.36B,1.06121,1.06853,1.06075,1.06639
2023-03-17,3:30pm,EUR,Final Core CPI y/y,Low,5.6%,5.6%,1.06121,1.06853,1.06075,1.06639
2023-03-17,3:30pm,EUR,Final CPI y/y,Low,8.5%,8.6%,1.06121,1.06853,1.06075,1.06639
2023-03-17,6:45pm,USD,Capacity Utilization Rate,Low,78.0%,78.0%,1.06121,1.06853,1.06075,1.06639
2023-03-17,6:45pm,USD,Industrial Production m/m,Low,0.0%,0.3%,1.06121,1.06853,1.06075,1.06639
2023-03-17,7:30pm,USD,Prelim UoM Consumer Sentiment,High,63.4,67.0,1.06121,1.06853,1.06075,1.06639
2023-03-17,7:30pm,USD,Prelim UoM Inflation Expectations,Medium,3.8%,4.1%,1.06121,1.06853,1.06075,1.06639
2023-03-17,7:30pm,USD,CB Leading Index m/m,Low,-0.3%,-0.3%,1.06121,1.06853,1.06075,1.06639
2023-03-20,12:30pm,EUR,German PPI m/m,Low,-0.3%,-1.0%,1.06832,1.07309,1.0629,1.0719
2023-03-20,3:30pm,EUR,Trade Balance,Low,-11.3B,-13.4B,1.06832,1.07309,1.0629,1.0719
2023-03-21,3:30pm,EUR,German ZEW Economic Sentiment,Medium,13.0,28.1,1.07192,1.07886,1.0702,1.07676
2023-03-21,3:30pm,EUR,ZEW Economic Sentiment,Low,10.0,29.7,1.07192,1.07886,1.0702,1.07676
2023-03-21,7:30pm,USD,Existing Home Sales,Medium,4.58M,4.00M,1.07192,1.07886,1.0702,1.07676
2023-03-22,2:32pm,EUR,Current Account,Low,17.1B,13.3B,1.0768,1.09125,1.0757,1.0858
2023-03-22,4:02pm,EUR,German 10-y Bond Auction,Low,2.32|1.4,2.56|2.0,1.0768,1.09125,1.0757,1.0858
2023-03-22,4:30pm,USD,Crude Oil Inventories,Low,1.1M,1.6M,1.0768,1.09125,1.0757,1.0858
2023-03-22,11:30pm,USD,Federal Funds Rate,High,5.00%,4.75%,1.0768,1.09125,1.0757,1.0858
2023-03-23,6:00pm,USD,Unemployment Claims,High,191K,192K,1.0859,1.093,1.0823,1.08321
2023-03-23,6:00pm,USD,Current Account,Low,-207B,-219B,1.0859,1.093,1.0823,1.08321
2023-03-23,6:00pm,USD,New Home Sales,Medium,640K,633K,1.0859,1.093,1.0823,1.08321
2023-03-23,8:00pm,USD,Natural Gas Storage,Low,-72B,-58B,1.0859,1.093,1.0823,1.08321
2023-03-23,8:27pm,EUR,Consumer Confidence,Low,-19,-19,1.0859,1.093,1.0823,1.08321
2023-03-24,1:45pm,EUR,French Flash Manufacturing PMI,High,47.7,47.4,1.08325,1.08385,1.0712,1.07588
2023-03-24,1:45pm,EUR,French Flash Services PMI,High,55.5,53.1,1.08325,1.08385,1.0712,1.07588
2023-03-24,2:00pm,EUR,German Flash Manufacturing PMI,High,44.4,46.3,1.08325,1.08385,1.0712,1.07588
2023-03-24,2:00pm,EUR,German Flash Services PMI,High,53.9,50.9,1.08325,1.08385,1.0712,1.07588
2023-03-24,2:30pm,EUR,Flash Manufacturing PMI,Medium,47.1,48.5,1.08325,1.08385,1.0712,1.07588
2023-03-24,2:30pm,EUR,Flash Services PMI,Medium,55.6,52.7,1.08325,1.08385,1.0712,1.07588
2023-03-24,3:00pm,USD,Core Durable Goods Orders m/m,Medium,0.0%,0.8%,1.08325,1.08385,1.0712,1.07588
2023-03-24,3:00pm,USD,Durable Goods Orders m/m,Medium,-1.0%,-5.0%,1.08325,1.08385,1.0712,1.07588
2023-03-24,7:15pm,USD,Flash Manufacturing PMI,High,49.3,47.3,1.08325,1.08385,1.0712,1.07588
2023-03-24,7:15pm,USD,Flash Services PMI,High,53.8,50.6,1.08325,1.08385,1.0712,1.07588
2023-03-24,7:30pm,EUR,Belgian NBB Business Climate,Low,-7.6,-12.8,1.08325,1.08385,1.0712,1.07588
2023-03-27,1:30pm,EUR,German ifo Business Climate,Medium,93.3,91.1,1.07645,1.08001,1.0743,1.07967
2023-03-27,1:30pm,EUR,M3 Money Supply y/y,Low,2.9%,3.5%,1.07645,1.08001,1.0743,1.07967
2023-03-27,1:30pm,EUR,Private Loans y/y,Low,3.2%,3.6%,1.07645,1.08001,1.0743,1.07967
2023-03-28,6:00pm,USD,Goods Trade Balance,Low,-91.6B,-91.1B,1.07963,1.08485,1.07937,1.08399
2023-03-28,6:00pm,USD,Prelim Wholesale Inventories m/m,Low,0.2%,-0.4%,1.07963,1.08485,1.07937,1.08399
2023-03-28,6:00pm,USD,HPI m/m,Low,0.2%,-0.1%,1.07963,1.08485,1.07937,1.08399
2023-03-28,6:00pm,USD,S&P/CS Composite-20 HPI y/y,Low,2.5%,4.6%,1.07963,1.08485,1.07937,1.08399
2023-03-28,7:29pm,USD,Richmond Manufacturing Index,Medium,-5,-16,1.07963,1.08485,1.07937,1.08399
2023-03-28,7:30pm,USD,CB Consumer Confidence,High,104.2,103.4,1.07963,1.08485,1.07937,1.08399
2023-03-29,11:30am,EUR,German GfK Consumer Climate,Low,-29.5,-30.6,1.08399,1.08713,1.0817,1.08395
2023-03-29,7:30pm,USD,Pending Home Sales m/m,Medium,0.8%,8.1%,1.08399,1.08713,1.0817,1.08395
2023-03-29,8:00pm,USD,Crude Oil Inventories,Low,-7.5M,1.1M,1.08399,1.08713,1.0817,1.08395
2023-03-30,All Day,EUR,German Prelim CPI m/m,High,0.8%,0.8%,1.08403,1.09263,1.0823,1.09046
2023-03-30,All Day,EUR,Spanish Flash CPI y/y,Medium,3.3%,6.0%,1.08403,1.09263,1.0823,1.09046
2023-03-30,All Day,EUR,Italian Monthly Unemployment Rate,Low,8.0%,8.0%,1.08403,1.09263,1.0823,1.09046
2023-03-30,2:40pm,EUR,Italian 10-y Bond Auction,Low,4.12|1.4,4.34|1.3,1.08403,1.09263,1.0823,1.09046
2023-03-30,6:00pm,USD,Final GDP q/q,High,2.6%,2.7%,1.08403,1.09263,1.0823,1.09046
2023-03-30,6:00pm,USD,Unemployment Claims,High,198K,191K,1.08403,1.09263,1.0823,1.09046
2023-03-30,6:00pm,USD,Final GDP Price Index q/q,Medium,3.9%,3.9%,1.08403,1.09263,1.0823,1.09046
2023-03-30,8:00pm,USD,Natural Gas Storage,Low,-47B,-72B,1.08403,1.09263,1.0823,1.09046
2023-03-31,11:30am,EUR,German Import Prices m/m,Low,-2.4%,-1.2%,1.09042,1.09257,1.0835,1.08381
2023-03-31,11:30am,EUR,German Retail Sales m/m,Low,-1.3%,0.1%,1.09042,1.09257,1.0835,1.08381
2023-03-31,12:15pm,EUR,French Consumer Spending m/m,Low,-0.8%,1.7%,1.09042,1.09257,1.0835,1.08381
2023-03-31,12:15pm,EUR,French Prelim CPI m/m,Low,0.8%,1.0%,1.09042,1.09257,1.0835,1.08381
2023-03-31,1:25pm,EUR,German Unemployment Change,Low,16K,6K,1.09042,1.09257,1.0835,1.08381
2023-03-31,2:30pm,EUR,Core CPI Flash Estimate y/y,Medium,5.7%,5.6%,1.09042,1.09257,1.0835,1.08381
2023-03-31,2:30pm,EUR,CPI Flash Estimate y/y,Medium,6.9%,8.5%,1.09042,1.09257,1.0835,1.08381
2023-03-31,2:30pm,EUR,Italian Prelim CPI m/m,Low,-0.3%,0.2%,1.09042,1.09257,1.0835,1.08381
2023-03-31,2:30pm,EUR,Unemployment Rate,Low,6.6%,6.6%,1.09042,1.09257,1.0835,1.08381
2023-03-31,2:30pm,USD,Core PCE Price Index m/m,High,0.3%,0.5%,1.09042,1.09257,1.0835,1.08381
2023-03-31,2:30pm,USD,Personal Income m/m,Low,0.3%,0.6%,1.09042,1.09257,1.0835,1.08381
2023-03-31,2:30pm,USD,Personal Spending m/m,Low,0.2%,2.0%,1.09042,1.09257,1.0835,1.08381
2023-03-31,7:15pm,USD,Chicago PMI,Medium,43.8,43.6,1.09042,1.09257,1.0835,1.08381
2023-03-31,7:30pm,USD,Revised UoM Consumer Sentiment,Medium,62.0,63.4,1.09042,1.09257,1.0835,1.08381
2023-03-31,7:30pm,USD,Revised UoM Inflation Expectations,Low,3.6%,3.8%,1.09042,1.09257,1.0835,1.08381
2023-04-03,12:15pm,EUR,French Gov Budget Balance,Low,-50.3B,-21.1B,1.08418,1.09166,1.0787,1.09006
2023-04-03,12:45pm,EUR,Spanish Manufacturing PMI,Low,51.3,50.7,1.08418,1.09166,1.0787,1.09006
2023-04-03,1:15pm,EUR,Italian Manufacturing PMI,Low,51.1,52.0,1.08418,1.09166,1.0787,1.09006
2023-04-03,1:20pm,EUR,French Final Manufacturing PMI,Low,47.3,47.7,1.08418,1.09166,1.0787,1.09006
2023-04-03,1:25pm,EUR,German Final Manufacturing PMI,Low,44.7,44.4,1.08418,1.09166,1.0787,1.09006
2023-04-03,1:30pm,EUR,Final Manufacturing PMI,Low,47.3,47.1,1.08418,1.09166,1.0787,1.09006
2023-04-03,7:15pm,USD,Final Manufacturing PMI,Low,49.2,49.3,1.08418,1.09166,1.0787,1.09006
2023-04-03,7:30pm,USD,ISM Manufacturing PMI,High,46.3,47.7,1.08418,1.09166,1.0787,1.09006
2023-04-03,7:30pm,USD,ISM Manufacturing Prices,Medium,49.2,51.3,1.08418,1.09166,1.0787,1.09006
2023-04-03,7:30pm,USD,Construction Spending m/m,Low,-0.1%,0.4%,1.08418,1.09166,1.0787,1.09006
2023-04-03,All Day,USD,Wards Total Vehicle Sales,Low,14.8M,14.9M,1.08418,1.09166,1.0787,1.09006
2023-04-04,11:30am,EUR,German Trade Balance,Low,16.0B,16.0B,1.09011,1.09733,1.0881,1.0954
2023-04-04,12:30pm,EUR,Spanish Unemployment Change,Low,-48.8K,2.6K,1.09011,1.09733,1.0881,1.0954
2023-04-04,2:30pm,EUR,PPI m/m,Low,-0.5%,-2.8%,1.09011,1.09733,1.0881,1.0954
2023-04-04,7:30pm,USD,JOLTS Job Openings,High,9.93M,10.56M,1.09011,1.09733,1.0881,1.0954
2023-04-04,7:30pm,USD,Factory Orders m/m,Low,-0.7%,-2.1%,1.09011,1.09733,1.0881,1.0954
2023-04-04,7:30pm,USD,RCM/TIPP Economic Optimism,Low,47.4,46.9,1.09011,1.09733,1.0881,1.0954
2023-04-05,11:30am,EUR,German Factory Orders m/m,Low,4.8%,0.5%,1.09549,1.09696,1.089,1.09057
2023-04-05,12:15pm,EUR,French Industrial Production m/m,Low,1.2%,-1.4%,1.09549,1.09696,1.089,1.09057
2023-04-05,12:45pm,EUR,Spanish Services PMI,Low,59.4,56.7,1.09549,1.09696,1.089,1.09057
2023-04-05,1:15pm,EUR,Italian Services PMI,Low,55.7,51.6,1.09549,1.09696,1.089,1.09057
2023-04-05,1:20pm,EUR,French Final Services PMI,Low,53.9,55.5,1.09549,1.09696,1.089,1.09057
2023-04-05,1:25pm,EUR,German Final Services PMI,Low,53.7,53.9,1.09549,1.09696,1.089,1.09057
2023-04-05,1:30pm,EUR,Final Services PMI,Low,55.0,55.6,1.09549,1.09696,1.089,1.09057
2023-04-05,2:30pm,EUR,Italian Retail Sales m/m,Low,-0.1%,1.7%,1.09549,1.09696,1.089,1.09057
2023-04-05,5:45pm,USD,ADP Non-Farm Employment Change,High,145K,261K,1.09549,1.09696,1.089,1.09057
2023-04-05,5:45pm,USD,Trade Balance,Low,-70.5B,-68.7B,1.09549,1.09696,1.089,1.09057
2023-04-05,7:15pm,USD,Final Services PMI,Low,52.6,53.8,1.09549,1.09696,1.089,1.09057
2023-04-05,7:30pm,USD,ISM Services PMI,High,51.2,55.1,1.09549,1.09696,1.089,1.09057
2023-04-05,8:00pm,USD,Crude Oil Inventories,Low,-3.7M,-7.5M,1.09549,1.09696,1.089,1.09057
2023-04-06,11:30am,EUR,German Industrial Production m/m,Low,2.0%,3.7%,1.09058,1.09376,1.0883,1.09176
2023-04-06,2:35pm,EUR,French 10-y Bond Auction,Low,2.70|2.0,3.20|2.3,1.09058,1.09376,1.0883,1.09176
2023-04-06,5:00pm,USD,Challenger Job Cuts y/y,Low,319.4%,410.1%,1.09058,1.09376,1.0883,1.09176
2023-04-06,5:00pm,USD,Unemployment Claims,High,228K,246K,1.09058,1.09376,1.0883,1.09176
2023-04-06,8:00pm,USD,Natural Gas Storage,Low,-23B,-47B,1.09058,1.09376,1.0883,1.09176
2023-04-07,12:15pm,EUR,French Trade Balance,Low,-9.9B,-12.5B,1.09177,1.0924,1.08759,1.09014
2023-04-07,6:00pm,USD,Average Hourly Earnings m/m,High,0.3%,0.2%,1.09177,1.0924,1.08759,1.09014
2023-04-07,6:00pm,USD,Non-Farm Employment Change,High,236K,326K,1.09177,1.0924,1.08759,1.09014
2023-04-07,6:00pm,USD,Unemployment Rate,High,3.5%,3.6%,1.09177,1.0924,1.08759,1.09014
2023-04-08,12:30am,USD,Consumer Credit m/m,Low,15.3B,19.5B,,,,
2023-04-10,7:30pm,USD,Final Wholesale Inventories m/m,Low,0.1%,0.2%,1.08995,1.09173,1.083,1.0859
2023-04-11,2:00pm,EUR,Sentix Investor Confidence,Low,-8.7,-11.1,1.08586,1.0928,1.08569,1.09095
2023-04-11,2:30pm,EUR,Retail Sales m/m,Low,-0.8%,0.8%,1.08586,1.0928,1.08569,1.09095
2023-04-11,3:30pm,USD,NFIB Small Business Index,Low,90.1,90.9,1.08586,1.0928,1.08569,1.09095
2023-04-12,3:07pm,EUR,German 30-y Bond Auction,Low,2.31|1.1,2.32|1.1,1.09106,1.10004,1.09093,1.09914
2023-04-12,6:00pm,USD,Core CPI m/m,High,0.4%,0.5%,1.09106,1.10004,1.09093,1.09914
2023-04-12,6:00pm,USD,CPI m/m,High,0.1%,0.4%,1.09106,1.10004,1.09093,1.09914
2023-04-12,6:00pm,USD,CPI y/y,High,5.0%,6.0%,1.09106,1.10004,1.09093,1.09914
2023-04-12,8:00pm,USD,Crude Oil Inventories,Low,0.6M,-3.7M,1.09106,1.10004,1.09093,1.09914
2023-04-12,10:31pm,USD,10-y Bond Auction,Medium,3.46|2.4,3.99|2.4,1.09106,1.10004,1.09093,1.09914
2023-04-12,10:31pm,USD,Federal Budget Balance,Low,-378.1B,-262.4B,1.09106,1.10004,1.09093,1.09914
2023-04-13,11:30am,EUR,German Final CPI m/m,Low,0.8%,0.8%,1.09914,1.10677,1.0975,1.10447
2023-04-13,1:30pm,EUR,Italian Industrial Production m/m,Low,-0.2%,-0.5%,1.09914,1.10677,1.0975,1.10447
2023-04-13,2:18pm,EUR,Spanish 10-y Bond Auction,Low,3.40|1.4,3.36|1.6,1.09914,1.10677,1.0975,1.10447
2023-04-13,2:30pm,EUR,Industrial Production m/m,Low,1.5%,1.0%,1.09914,1.10677,1.0975,1.10447
2023-04-13,6:00pm,USD,Core PPI m/m,High,-0.1%,0.2%,1.09914,1.10677,1.0975,1.10447
2023-04-13,6:00pm,USD,PPI m/m,High,-0.5%,0.0%,1.09914,1.10677,1.0975,1.10447
2023-04-13,6:00pm,USD,Unemployment Claims,High,239K,228K,1.09914,1.10677,1.0975,1.10447
2023-04-13,8:00pm,USD,Natural Gas Storage,Low,25B,-23B,1.09914,1.10677,1.0975,1.10447
2023-04-13,10:31pm,USD,30-y Bond Auction,Medium,3.66|2.4,3.88|2.4,1.09914,1.10677,1.0975,1.10447
2023-04-14,11:30am,EUR,German WPI m/m,Low,0.2%,0.1%,1.10459,1.10759,1.0971,1.0991
2023-04-14,12:15pm,EUR,French Final CPI m/m,Low,0.9%,0.8%,1.10459,1.10759,1.0971,1.0991
2023-04-14,12:15pm,USD,Core Retail Sales m/m,High,-0.8%,0.0%,1.10459,1.10759,1.0971,1.0991
2023-04-14,12:15pm,USD,Retail Sales m/m,High,-1.0%,-0.2%,1.10459,1.10759,1.0971,1.0991
2023-04-14,12:15pm,USD,Import Prices m/m,Low,-0.6%,-0.2%,1.10459,1.10759,1.0971,1.0991
2023-04-14,6:45pm,USD,Capacity Utilization Rate,Low,79.8%,79.6%,1.10459,1.10759,1.0971,1.0991
2023-04-14,6:45pm,USD,Industrial Production m/m,Low,0.4%,0.2%,1.10459,1.10759,1.0971,1.0991
2023-04-14,7:30pm,USD,Prelim UoM Consumer Sentiment,High,63.5,62.0,1.10459,1.10759,1.0971,1.0991
2023-04-14,7:30pm,USD,Prelim UoM Inflation Expectations,Medium,4.6%,3.6%,1.10459,1.10759,1.0971,1.0991
2023-04-14,7:30pm,USD,Business Inventories m/m,Low,0.2%,-0.2%,1.10459,1.10759,1.0971,1.0991
2023-04-17,7:30pm,USD,Empire State Manufacturing Index,High,10.8,-24.6,1.09926,1.09998,1.0908,1.09253
2023-04-17,7:30pm,USD,NAHB Housing Market Index,Low,45,44,1.09926,1.09998,1.0908,1.09253
2023-04-18,1:30am,USD,TIC Long-Term Purchases,Low,71.0B,31.9B,1.0925,1.0983,1.0921,1.09705
2023-04-18,1:30pm,EUR,Italian Trade Balance,Low,2.11B,-4.24B,1.0925,1.0983,1.0921,1.09705
2023-04-18,2:30pm,EUR,German ZEW Economic Sentiment,Medium,4.1,13.0,1.0925,1.0983,1.0921,1.09705
2023-04-18,2:30pm,EUR,ZEW Economic Sentiment,Low,6.4,10.0,1.0925,1.0983,1.0921,1.09705
2023-04-18,2:45pm,USD,Building Permits,Low,1.41M,1.55M,1.0925,1.0983,1.0921,1.09705
2023-04-18,2:45pm,USD,Housing Starts,Low,1.42M,1.43M,1.0925,1.0983,1.0921,1.09705
2023-04-19,1:30pm,EUR,Current Account,Low,24.3B,18.6B,1.09706,1.0984,1.0916,1.09549
2023-04-19,2:30pm,EUR,Final Core CPI y/y,Low,5.7%,5.7%,1.09706,1.0984,1.0916,1.09549
2023-04-19,2:30pm,EUR,Final CPI y/y,Low,6.9%,6.9%,1.09706,1.0984,1.0916,1.09549
2023-04-19,3:04pm,EUR,German 10-y Bond Auction,Low,2.51|1.9,2.32|1.4,1.09706,1.0984,1.0916,1.09549
2023-04-19,8:00pm,USD,Crude Oil Inventories,Low,-4.6M,0.6M,1.09706,1.0984,1.0916,1.09549
2023-04-20,11:30am,EUR,German PPI m/m,Low,-2.6%,-0.3%,1.0956,1.09895,1.0932,1.09668
2023-04-20,2:11pm,EUR,Spanish 10-y Bond Auction,Low,3.51|1.4,3.40|1.4,1.0956,1.09895,1.0932,1.09668
2023-04-20,2:30pm,EUR,Trade Balance,Low,-0.1B,-11.6B,1.0956,1.09895,1.0932,1.09668
2023-04-20,6:00pm,USD,Unemployment Claims,High,245K,240K,1.0956,1.09895,1.0932,1.09668
2023-04-20,6:00pm,USD,Philly Fed Manufacturing Index,Medium,-31.3,-23.2,1.0956,1.09895,1.0932,1.09668
2023-04-20,7:30pm,EUR,Consumer Confidence,Low,-18,-19,1.0956,1.09895,1.0932,1.09668
2023-04-20,7:30pm,USD,Existing Home Sales,Medium,4.44M,4.55M,1.0956,1.09895,1.0932,1.09668
2023-04-20,7:30pm,USD,CB Leading Index m/m,Low,-1.2%,-0.5%,1.0956,1.09895,1.0932,1.09668
2023-04-20,8:00pm,USD,Natural Gas Storage,Low,75B,25B,1.0956,1.09895,1.0932,1.09668
2023-04-21,12:45pm,EUR,French Flash Manufacturing PMI,High,45.5,47.3,1.09666,1.09938,1.0937,1.0988
2023-04-21,12:45pm,EUR,French Flash Services PMI,High,56.3,53.9,1.09666,1.09938,1.0937,1.0988
2023-04-21,1:00pm,EUR,German Flash Manufacturing PMI,High,44.0,44.7,1.09666,1.09938,1.0937,1.0988
2023-04-21,1:00pm,EUR,German Flash Services PMI,High,55.7,53.7,1.09666,1.09938,1.0937,1.0988
2023-04-21,1:30pm,EUR,Flash Manufacturing PMI,Medium,45.5,47.3,1.09666,1.09938,1.0937,1.0988
2023-04-21,1:30pm,EUR,Flash Services PMI,Medium,56.6,55.0,1.09666,1.09938,1.0937,1.0988
2023-04-21,7:15pm,USD,Flash Manufacturing PMI,High,50.4,49.2,1.09666,1.09938,1.0937,1.0988
2023-04-21,7:15pm,USD,Flash Services PMI,High,53.7,52.6,1.09666,1.09938,1.0937,1.0988
2023-04-24,1:30pm,EUR,German ifo Business Climate,Medium,93.6,93.3,1.09861,1.10502,1.0965,1.10441
2023-04-24,6:30pm,EUR,Belgian NBB Business Climate,Low,-7.8,-7.6,1.09861,1.10502,1.0965,1.10441
2023-04-25,6:30pm,USD,HPI m/m,Low,0.5%,0.1%,1.10445,1.10671,1.0963,1.09738
2023-04-25,6:30pm,USD,S&P/CS Composite-20 HPI y/y,Low,0.4%,2.6%,1.10445,1.10671,1.0963,1.09738
2023-04-25,7:29pm,USD,Richmond Manufacturing Index,Medium,-10,-5,1.10445,1.10671,1.0963,1.09738
2023-04-25,7:30pm,USD,CB Consumer Confidence,High,101.3,104.0,1.10445,1.10671,1.0963,1.09738
2023-04-25,7:30pm,USD,New Home Sales,Medium,683K,623K,1.10445,1.10671,1.0963,1.09738
2023-04-26,11:30am,EUR,German GfK Consumer Climate,Low,-25.7,-29.3,1.09729,1.10954,1.0967,1.104
2023-04-26,6:00pm,USD,Core Durable Goods Orders m/m,Medium,0.3%,-0.1%,1.09729,1.10954,1.0967,1.104
2023-04-26,6:00pm,USD,Durable Goods Orders m/m,Medium,3.2%,-1.2%,1.09729,1.10954,1.0967,1.104
2023-04-26,6:00pm,USD,Goods Trade Balance,Low,-84.6B,-92.0B,1.09729,1.10954,1.0967,1.104
2023-04-26,6:00pm,USD,Prelim Wholesale Inventories m/m,Low,0.1%,0.1%,1.09729,1.10954,1.0967,1.104
2023-04-26,8:00pm,USD,Crude Oil Inventories,Low,-5.1M,-4.6M,1.09729,1.10954,1.0967,1.104
2023-04-27,12:30pm,EUR,Spanish Unemployment Rate,Low,13.3%,12.9%,1.10409,1.10635,1.0991,1.1025
2023-04-27,2:43pm,EUR,Italian 10-y Bond Auction,Low,4.42|1.3,4.12|1.4,1.10409,1.10635,1.0991,1.1025
2023-04-27,6:00pm,USD,Advance GDP q/q,High,1.1%,2.6%,1.10409,1.10635,1.0991,1.1025
2023-04-27,6:00pm,USD,Unemployment Claims,High,230K,246K,1.10409,1.10635,1.0991,1.1025
2023-04-27,6:00pm,USD,Advance GDP Price Index q/q,Medium,4.0%,3.9%,1.10409,1.10635,1.0991,1.1025
2023-04-27,7:30pm,USD,Pending Home Sales m/m,Medium,-5.2%,0.8%,1.10409,1.10635,1.0991,1.1025
2023-04-27,8:00pm,USD,Natural Gas Storage,Low,79B,75B,1.10409,1.10635,1.0991,1.1025
2023-04-28,11:00am,EUR,French Flash GDP q/q,Medium,0.2%,0.0%,1.10235,1.10449,1.0961,1.1014
2023-04-28,11:00am,EUR,French Consumer Spending m/m,Low,-1.3%,-0.8%,1.10235,1.10449,1.0961,1.1014
2023-04-28,11:30am,EUR,German Import Prices m/m,Low,-1.1%,-2.4%,1.10235,1.10449,1.0961,1.1014
2023-04-28,All Day,EUR,German Prelim CPI m/m,High,0.4%,0.8%,1.10235,1.10449,1.0961,1.1014
2023-04-28,12:15pm,EUR,French Prelim CPI m/m,Low,0.6%,0.9%,1.10235,1.10449,1.0961,1.1014
2023-04-28,12:15pm,EUR,Spanish Flash CPI y/y,Medium,4.1%,3.3%,1.10235,1.10449,1.0961,1.1014
2023-04-28,12:15pm,EUR,Spanish Flash GDP q/q,Low,0.5%,0.4%,1.10235,1.10449,1.0961,1.1014
2023-04-28,1:25pm,EUR,German Unemployment Change,Low,24K,19K,1.10235,1.10449,1.0961,1.1014
2023-04-28,1:25pm,EUR,Italian Prelim GDP q/q,Low,0.5%,-0.1%,1.10235,1.10449,1.0961,1.1014
2023-04-28,1:25pm,EUR,German Prelim GDP q/q,Low,0.0%,-0.4%,1.10235,1.10449,1.0961,1.1014
2023-04-28,2:30pm,EUR,Prelim Flash GDP q/q,Low,0.1%,0.0%,1.10235,1.10449,1.0961,1.1014
2023-04-28,2:30pm,USD,Core PCE Price Index m/m,High,0.3%,0.3%,1.10235,1.10449,1.0961,1.1014
2023-04-28,2:30pm,USD,Employment Cost Index q/q,High,1.2%,1.0%,1.10235,1.10449,1.0961,1.1014
2023-04-28,2:30pm,USD,Personal Income m/m,Low,0.3%,0.3%,1.10235,1.10449,1.0961,1.1014
2023-04-28,2:30pm,USD,Personal Spending m/m,Low,0.0%,0.1%,1.10235,1.10449,1.0961,1.1014
2023-04-28,7:15pm,USD,Chicago PMI,Medium,48.6,43.8,1.10235,1.10449,1.0961,1.1014
2023-04-28,7:30pm,USD,Revised UoM Consumer Sentiment,Medium,63.5,63.5,1.10235,1.10449,1.0961,1.1014
2023-04-28,7:30pm,USD,Revised UoM Inflation Expectations,Low,4.6%,4.6%,1.10235,1.10449,1.0961,1.1014
2023-05-01,7:15pm,USD,Final Manufacturing PMI,Low,50.2,50.4,1.10178,1.10355,1.0964,1.0975
2023-05-01,7:30pm,USD,ISM Manufacturing PMI,High,47.1,46.3,1.10178,1.10355,1.0964,1.0975
2023-05-01,7:30pm,USD,ISM Manufacturing Prices,Medium,53.2,49.2,1.10178,1.10355,1.0964,1.0975
2023-05-01,7:30pm,USD,Construction Spending m/m,Low,0.3%,-0.3%,1.10178,1.10355,1.0964,1.0975
2023-05-02,11:30am,EUR,German Retail Sales m/m,Low,-2.4%,-0.3%,1.09744,1.1008,1.0941,1.10008
2023-05-02,12:45pm,EUR,Spanish Manufacturing PMI,Low,49.0,51.3,1.09744,1.1008,1.0941,1.10008
2023-05-02,1:15pm,EUR,Italian Manufacturing PMI,Low,46.8,51.1,1.09744,1.1008,1.0941,1.10008
2023-05-02,1:20pm,EUR,French Final Manufacturing PMI,Low,45.6,45.5,1.09744,1.1008,1.0941,1.10008
2023-05-02,1:25pm,EUR,German Final Manufacturing PMI,Low,44.5,44.0,1.09744,1.1008,1.0941,1.10008
2023-05-02,1:30pm,EUR,Final Manufacturing PMI,Low,45.8,45.5,1.09744,1.1008,1.0941,1.10008
2023-05-02,1:30pm,EUR,M3 Money Supply y/y,Low,2.5%,2.9%,1.09744,1.1008,1.0941,1.10008
2023-05-02,1:30pm,EUR,Private Loans y/y,Low,2.9%,3.2%,1.09744,1.1008,1.0941,1.10008
2023-05-02,2:30pm,EUR,Core CPI Flash Estimate y/y,Medium,5.6%,5.7%,1.09744,1.1008,1.0941,1.10008
2023-05-02,2:30pm,EUR,CPI Flash Estimate y/y,Medium,7.0%,6.9%,1.09744,1.1008,1.0941,1.10008
2023-05-02,2:30pm,EUR,Italian Prelim CPI m/m,Low,0.5%,-0.4%,1.09744,1.1008,1.0941,1.10008
2023-05-02,7:30pm,USD,JOLTS Job Openings,High,9.59M,9.97M,1.09744,1.1008,1.0941,1.10008
2023-05-02,7:30pm,USD,Factory Orders m/m,Low,0.9%,-1.1%,1.09744,1.1008,1.0941,1.10008
2023-05-02,All Day,USD,Wards Total Vehicle Sales,Low,15.9M,14.8M,1.09744,1.1008,1.0941,1.10008
2023-05-03,12:15pm,EUR,French Gov Budget Balance,Low,-54.7B,-50.3B,1.10008,1.10916,1.0999,1.10606
2023-05-03,1:30pm,EUR,Italian Monthly Unemployment Rate,Low,7.8%,7.9%,1.10008,1.10916,1.0999,1.10606
2023-05-03,2:30pm,EUR,Unemployment Rate,Low,6.5%,6.6%,1.10008,1.10916,1.0999,1.10606
2023-05-03,5:45pm,USD,ADP Non-Farm Employment Change,High,296K,142K,1.10008,1.10916,1.0999,1.10606
2023-05-03,7:15pm,USD,Final Services PMI,Low,53.6,53.7,1.10008,1.10916,1.0999,1.10606
2023-05-03,7:30pm,USD,ISM Services PMI,High,51.9,51.2,1.10008,1.10916,1.0999,1.10606
2023-05-03,8:00pm,USD,Crude Oil Inventories,Low,-1.3M,-5.1M,1.10008,1.10916,1.0999,1.10606
2023-05-03,11:30pm,USD,Federal Funds Rate,High,5.25%,5.00%,1.10008,1.10916,1.0999,1.10606
2023-05-04,11:30am,EUR,German Trade Balance,Low,16.7B,16.1B,1.10609,1.10917,1.0986,1.10118
2023-05-04,12:30pm,EUR,Spanish Unemployment Change,Low,-73.9K,-48.8K,1.10609,1.10917,1.0986,1.10118
2023-05-04,12:45pm,EUR,Spanish Services PMI,Low,57.9,59.4,1.10609,1.10917,1.0986,1.10118
2023-05-04,1:15pm,EUR,Italian Services PMI,Low,57.6,55.7,1.10609,1.10917,1.0986,1.10118
2023-05-04,1:20pm,EUR,French Final Services PMI,Low,54.6,56.3,1.10609,1.10917,1.0986,1.10118
2023-05-04,1:25pm,EUR,German Final Services PMI,Low,56.0,55.7,1.10609,1.10917,1.0986,1.10118
2023-05-04,1:30pm,EUR,Final Services PMI,Low,56.2,56.6,1.10609,1.10917,1.0986,1.10118
2023-05-04,2:30pm,EUR,PPI m/m,Low,-1.6%,-0.4%,1.10609,1.10917,1.0986,1.10118
2023-05-04,2:35pm,EUR,French 10-y Bond Auction,Low,2.83|1.9,2.70|2.0,1.10609,1.10917,1.0986,1.10118
2023-05-04,5:00pm,USD,Challenger Job Cuts y/y,Low,175.9%,319.4%,1.10609,1.10917,1.0986,1.10118
2023-05-04,5:45pm,EUR,Main Refinancing Rate,High,3.75%,3.50%,1.10609,1.10917,1.0986,1.10118
2023-05-04,5:45pm,USD,Unemployment Claims,High,242K,229K,1.10609,1.10917,1.0986,1.10118
2023-05-04,5:45pm,USD,Prelim Nonfarm Productivity q/q,Low,-2.7%,1.7%,1.10609,1.10917,1.0986,1.10118
2023-05-04,5:45pm,USD,Prelim Unit Labor Costs q/q,Low,6.3%,3.2%,1.10609,1.10917,1.0986,1.10118
2023-05-04,5:45pm,USD,Trade Balance,Low,-64.2B,-70.6B,1.10609,1.10917,1.0986,1.10118
2023-05-04,8:00pm,USD,Natural Gas Storage,Low,54B,79B,1.10609,1.10917,1.0986,1.10118
2023-05-05,11:30am,EUR,German Factory Orders m/m,Low,-10.7%,4.5%,1.10127,1.10478,1.09665,1.10174
2023-05-05,12:15pm,EUR,French Industrial Production m/m,Low,-1.1%,1.4%,1.10127,1.10478,1.09665,1.10174
2023-05-05,12:15pm,EUR,French Prelim Private Payrolls q/q,Low,0.2%,0.2%,1.10127,1.10478,1.09665,1.10174
2023-05-05,1:30pm,EUR,Italian Retail Sales m/m,Low,0.0%,-0.1%,1.10127,1.10478,1.09665,1.10174
2023-05-05,2:00pm,EUR,Retail Sales m/m,Low,-1.2%,-0.2%,1.10127,1.10478,1.09665,1.10174
2023-05-05,2:00pm,USD,Average Hourly Earnings m/m,High,0.5%,0.3%,1.10127,1.10478,1.09665,1.10174
2023-05-05,2:00pm,USD,Non-Farm Employment Change,High,253K,165K,1.10127,1.10478,1.09665,1.10174
2023-05-05,2:00pm,USD,Unemployment Rate,High,3.4%,3.5%,1.10127,1.10478,1.09665,1.10174
2023-05-06,12:30am,USD,Consumer Credit m/m,Low,26.5B,15.0B,,,,
2023-05-08,11:30am,EUR,German Industrial Production m/m,Low,-3.4%,2.1%,1.10209,1.10537,1.0998,1.10038
2023-05-08,2:00pm,EUR,Sentix Investor Confidence,Low,-13.1,-8.7,1.10209,1.10537,1.0998,1.10038
2023-05-08,7:30pm,USD,Final Wholesale Inventories m/m,Low,0.0%,0.1%,1.10209,1.10537,1.0998,1.10038
2023-05-09,12:15pm,EUR,French Trade Balance,Low,-8.0B,-9.3B,1.10038,1.10042,1.094,1.09537
2023-05-09,3:30pm,USD,NFIB Small Business Index,Low,89.0,90.1,1.10038,1.10042,1.094,1.09537
2023-05-09,7:30pm,USD,RCM/TIPP Economic Optimism,Low,41.6,47.4,1.10038,1.10042,1.094,1.09537
2023-05-10,11:30am,EUR,German Final CPI m/m,Low,0.4%,0.4%,1.09534,1.10068,1.094,1.0982
2023-05-10,1:30pm,EUR,Italian Industrial Production m/m,Low,-0.6%,-0.2%,1.09534,1.10068,1.094,1.0982
2023-05-10,3:05pm,EUR,German 30-y Bond Auction,Low,2.53|2.0,2.31|1.1,1.09534,1.10068,1.094,1.0982
2023-05-10,3:05pm,USD,Core CPI m/m,High,0.4%,0.4%,1.09534,1.10068,1.094,1.0982
2023-05-10,3:05pm,USD,CPI m/m,High,0.4%,0.1%,1.09534,1.10068,1.094,1.0982
2023-05-10,3:05pm,USD,CPI y/y,High,4.9%,5.0%,1.09534,1.10068,1.094,1.0982
2023-05-10,8:00pm,USD,Crude Oil Inventories,Low,3.0M,-1.3M,1.09534,1.10068,1.094,1.0982
2023-05-10,10:31pm,USD,10-y Bond Auction,Medium,3.45|2.4,3.46|2.4,1.09534,1.10068,1.094,1.0982
2023-05-10,11:23pm,USD,Federal Budget Balance,Low,176.2B,-378.1B,1.09534,1.10068,1.094,1.0982
2023-05-11,6:00pm,USD,Core PPI m/m,High,0.2%,0.0%,1.09811,1.09981,1.0899,1.09152
2023-05-11,6:00pm,USD,PPI m/m,High,0.2%,-0.4%,1.09811,1.09981,1.0899,1.09152
2023-05-11,6:00pm,USD,Unemployment Claims,High,264K,242K,1.09811,1.09981,1.0899,1.09152
2023-05-11,7:30pm,USD,Mortgage Delinquencies,Low,3.56%,3.96%,1.09811,1.09981,1.0899,1.09152
2023-05-11,8:00pm,USD,Natural Gas Storage,Low,78B,54B,1.09811,1.09981,1.0899,1.09152
2023-05-11,10:34pm,USD,30-y Bond Auction,Medium,3.74|2.4,3.66|2.4,1.09811,1.09981,1.0899,1.09152
2023-05-12,12:15pm,EUR,French Final CPI m/m,Low,0.6%,0.6%,1.0916,1.09355,1.08468,1.0847
2023-05-12,6:00pm,USD,Import Prices m/m,Low,0.4%,-0.8%,1.0916,1.09355,1.08468,1.0847
2023-05-12,7:30pm,USD,Prelim UoM Consumer Sentiment,High,57.7,63.5,1.0916,1.09355,1.08468,1.0847
2023-05-12,7:30pm,USD,Prelim UoM Inflation Expectations,Medium,4.5%,4.6%,1.0916,1.09355,1.08468,1.0847
2023-05-15,11:30am,EUR,German WPI m/m,Low,-0.4%,0.2%,1.08528,1.08908,1.08392,1.0874
2023-05-15,11:30am,EUR,Industrial Production m/m,Low,-4.1%,1.5%,1.08528,1.08908,1.08392,1.0874
2023-05-15,6:00pm,USD,Empire State Manufacturing Index,High,-31.8,10.8,1.08528,1.08908,1.08392,1.0874
2023-05-16,1:30am,USD,TIC Long-Term Purchases,Low,133.3B,56.6B,1.08745,1.09046,1.0854,1.08611
2023-05-16,2:30pm,EUR,German ZEW Economic Sentiment,Medium,-10.7,4.1,1.08745,1.09046,1.0854,1.08611
2023-05-16,2:30pm,EUR,Flash Employment Change q/q,Low,0.6%,0.3%,1.08745,1.09046,1.0854,1.08611
2023-05-16,2:30pm,EUR,Flash GDP q/q,Low,0.1%,0.1%,1.08745,1.09046,1.0854,1.08611
2023-05-16,2:30pm,EUR,Trade Balance,Low,17.0B,-0.2B,1.08745,1.09046,1.0854,1.08611
2023-05-16,2:30pm,EUR,ZEW Economic Sentiment,Low,-9.4,6.4,1.08745,1.09046,1.0854,1.08611
2023-05-16,2:30pm,USD,Core Retail Sales m/m,High,0.4%,-0.5%,1.08745,1.09046,1.0854,1.08611
2023-05-16,2:30pm,USD,Retail Sales m/m,High,0.4%,-0.7%,1.08745,1.09046,1.0854,1.08611
2023-05-16,6:45pm,USD,Capacity Utilization Rate,Low,79.7%,79.4%,1.08745,1.09046,1.0854,1.08611
2023-05-16,6:45pm,USD,Industrial Production m/m,Low,0.5%,0.4%,1.08745,1.09046,1.0854,1.08611
2023-05-16,6:45pm,USD,Business Inventories m/m,Low,-0.1%,0.0%,1.08745,1.09046,1.0854,1.08611
2023-05-16,6:45pm,USD,NAHB Housing Market Index,Low,50,45,1.08745,1.09046,1.0854,1.08611
2023-05-17,1:30pm,EUR,Italian Trade Balance,Low,7.54B,2.11B,1.08614,1.0874,1.0809,1.0839
2023-05-17,2:30pm,EUR,Final Core CPI y/y,Low,5.6%,5.6%,1.08614,1.0874,1.0809,1.0839
2023-05-17,2:30pm,EUR,Final CPI y/y,Low,7.0%,7.0%,1.08614,1.0874,1.0809,1.0839
2023-05-17,3:04pm,EUR,German 10-y Bond Auction,Low,2.31|2.3,2.51|1.9,1.08614,1.0874,1.0809,1.0839
2023-05-17,3:04pm,USD,Building Permits,Low,1.42M,1.43M,1.08614,1.0874,1.0809,1.0839
2023-05-17,3:04pm,USD,Housing Starts,Low,1.40M,1.37M,1.08614,1.0874,1.0809,1.0839
2023-05-17,3:04pm,USD,Crude Oil Inventories,Low,5.0M,3.0M,1.08614,1.0874,1.0809,1.0839
2023-05-18,5:20am,USD,Unemployment Claims,High,242K,264K,1.08389,1.0848,1.0761,1.07699
2023-05-18,5:20am,USD,Philly Fed Manufacturing Index,Medium,-10.4,-31.3,1.08389,1.0848,1.0761,1.07699
2023-05-18,5:20am,USD,Existing Home Sales,Medium,4.28M,4.43M,1.08389,1.0848,1.0761,1.07699
2023-05-18,5:20am,USD,CB Leading Index m/m,Low,-0.6%,-1.2%,1.08389,1.0848,1.0761,1.07699
2023-05-18,8:00pm,USD,Natural Gas Storage,Low,99B,78B,1.08389,1.0848,1.0761,1.07699
2023-05-19,11:30am,EUR,German PPI m/m,Low,0.3%,-1.4%,1.07697,1.08287,1.0759,1.08019
2023-05-22,7:15pm,USD,Cleveland Fed Inflation Expectations,Low,5.0%,6.0%,1.08061,1.08313,1.0794,1.0812
2023-05-22,7:30pm,EUR,Consumer Confidence,Low,-17,-18,1.08061,1.08313,1.0794,1.0812
2023-05-23,12:45pm,EUR,French Flash Manufacturing PMI,High,46.1,45.6,1.08111,1.08204,1.0759,1.07723
2023-05-23,12:45pm,EUR,French Flash Services PMI,High,52.8,54.6,1.08111,1.08204,1.0759,1.07723
2023-05-23,1:00pm,EUR,German Flash Manufacturing PMI,High,42.9,44.5,1.08111,1.08204,1.0759,1.07723
2023-05-23,1:00pm,EUR,German Flash Services PMI,High,57.8,56.0,1.08111,1.08204,1.0759,1.07723
2023-05-23,1:30pm,EUR,Flash Manufacturing PMI,Medium,44.6,45.8,1.08111,1.08204,1.0759,1.07723
2023-05-23,1:30pm,EUR,Flash Services PMI,Medium,55.9,56.2,1.08111,1.08204,1.0759,1.07723
2023-05-23,1:30pm,EUR,Current Account,Low,31.2B,24.5B,1.08111,1.08204,1.0759,1.07723
2023-05-23,7:15pm,USD,Flash Manufacturing PMI,High,48.5,50.2,1.08111,1.08204,1.0759,1.07723
2023-05-23,7:15pm,USD,Flash Services PMI,High,55.1,53.6,1.08111,1.08204,1.0759,1.07723
2023-05-23,7:29pm,USD,Richmond Manufacturing Index,Medium,-15,-10,1.08111,1.08204,1.0759,1.07723
2023-05-23,7:30pm,USD,New Home Sales,Medium,683K,656K,1.08111,1.08204,1.0759,1.07723
2023-05-24,1:30pm,EUR,German ifo Business Climate,Medium,91.7,93.4,1.07728,1.08013,1.0747,1.07495
2023-05-24,6:27pm,EUR,Belgian NBB Business Climate,Low,-9.2,-7.8,1.07728,1.08013,1.0747,1.07495
2023-05-24,8:00pm,USD,Crude Oil Inventories,Low,-12.5M,5.0M,1.07728,1.08013,1.0747,1.07495
2023-05-25,11:30am,EUR,German Final GDP q/q,Low,-0.3%,0.0%,1.07495,1.07567,1.07071,1.07277
2023-05-25,11:30am,EUR,German GfK Consumer Climate,Low,-24.2,-25.8,1.07495,1.07567,1.07071,1.07277
2023-05-25,6:00pm,USD,Prelim GDP q/q,High,1.3%,1.1%,1.07495,1.07567,1.07071,1.07277
2023-05-25,6:00pm,USD,Unemployment Claims,High,229K,225K,1.07495,1.07567,1.07071,1.07277
2023-05-25,6:00pm,USD,Prelim GDP Price Index q/q,Medium,4.2%,4.0%,1.07495,1.07567,1.07071,1.07277
2023-05-25,7:30pm,USD,Pending Home Sales m/m,Medium,0.0%,-5.2%,1.07495,1.07567,1.07071,1.07277
2023-05-25,8:00pm,USD,Natural Gas Storage,Low,96B,99B,1.07495,1.07567,1.07071,1.07277
2023-05-26,6:00pm,USD,Core PCE Price Index m/m,High,0.4%,0.3%,1.07278,1.07586,1.07,1.0725
2023-05-26,6:00pm,USD,Core Durable Goods Orders m/m,Medium,-0.2%,0.2%,1.07278,1.07586,1.07,1.0725
2023-05-26,6:00pm,USD,Durable Goods Orders m/m,Medium,1.1%,3.3%,1.07278,1.07586,1.07,1.0725
2023-05-26,6:00pm,USD,Goods Trade Balance,Low,-96.8B,-82.7B,1.07278,1.07586,1.07,1.0725
2023-05-26,6:00pm,USD,Personal Income m/m,Low,0.4%,0.3%,1.07278,1.07586,1.07,1.0725
2023-05-26,6:00pm,USD,Personal Spending m/m,Low,0.8%,0.1%,1.07278,1.07586,1.07,1.0725
2023-05-26,6:00pm,USD,Prelim Wholesale Inventories m/m,Low,-0.2%,0.0%,1.07278,1.07586,1.07,1.0725
2023-05-26,7:30pm,USD,Revised UoM Consumer Sentiment,Medium,59.2,57.7,1.07278,1.07586,1.07,1.0725
2023-05-26,7:30pm,USD,Revised UoM Inflation Expectations,Low,4.2%,4.5%,1.07278,1.07586,1.07,1.0725
2023-05-30,5:00am,EUR,Spanish Flash CPI y/y,Medium,3.2%,4.1%,1.07088,1.07466,1.0671,1.07325
2023-05-30,1:30pm,EUR,M3 Money Supply y/y,Low,1.9%,2.5%,1.07088,1.07466,1.0671,1.07325
2023-05-30,1:30pm,EUR,Private Loans y/y,Low,2.5%,2.9%,1.07088,1.07466,1.0671,1.07325
2023-05-30,2:44pm,EUR,Italian 10-y Bond Auction,Low,4.24|1.5,4.42|1.3,1.07088,1.07466,1.0671,1.07325
2023-05-30,6:30pm,USD,HPI m/m,Low,0.6%,0.7%,1.07088,1.07466,1.0671,1.07325
2023-05-30,6:30pm,USD,S&P/CS Composite-20 HPI y/y,Low,-1.1%,0.4%,1.07088,1.07466,1.0671,1.07325
2023-05-30,7:30pm,USD,CB Consumer Confidence,High,102.3,103.7,1.07088,1.07466,1.0671,1.07325
2023-05-31,11:30am,EUR,German Import Prices m/m,Low,-1.7%,-1.1%,1.07319,1.0736,1.0634,1.06856
2023-05-31,All Day,EUR,German Prelim CPI m/m,High,-0.1%,0.4%,1.07319,1.0736,1.0634,1.06856
2023-05-31,12:15pm,EUR,French Consumer Spending m/m,Low,-1.0%,-0.8%,1.07319,1.0736,1.0634,1.06856
2023-05-31,12:15pm,EUR,French Prelim CPI m/m,Low,-0.1%,0.6%,1.07319,1.0736,1.0634,1.06856
2023-05-31,12:15pm,EUR,French Prelim GDP q/q,Low,0.2%,0.2%,1.07319,1.0736,1.0634,1.06856
2023-05-31,1:25pm,EUR,German Unemployment Change,Low,9K,23k,1.07319,1.0736,1.0634,1.06856
2023-05-31,2:30pm,EUR,Italian Prelim CPI m/m,Low,0.3%,0.4%,1.07319,1.0736,1.0634,1.06856
2023-05-31,7:15pm,USD,Chicago PMI,Low,40.4,48.6,1.07319,1.0736,1.0634,1.06856
2023-05-31,7:30pm,USD,JOLTS Job Openings,High,10.10M,9.75M,1.07319,1.0736,1.0634,1.06856
2023-06-01,9:05am,EUR,German Retail Sales m/m,Low,0.8%,-1.3%,1.06856,1.07684,1.0661,1.07597
2023-06-01,12:15pm,EUR,French Gov Budget Balance,Low,-83.7B,-54.7B,1.06856,1.07684,1.0661,1.07597
2023-06-01,12:45pm,EUR,Spanish Manufacturing PMI,Low,48.4,49.0,1.06856,1.07684,1.0661,1.07597
2023-06-01,1:15pm,EUR,Italian Manufacturing PMI,Low,45.9,46.8,1.06856,1.07684,1.0661,1.07597
2023-06-01,1:20pm,EUR,French Final Manufacturing PMI,Low,45.7,46.1,1.06856,1.07684,1.0661,1.07597
2023-06-01,1:25pm,EUR,German Final Manufacturing PMI,Low,43.2,42.9,1.06856,1.07684,1.0661,1.07597
2023-06-01,1:30pm,EUR,Final Manufacturing PMI,Low,44.8,44.6,1.06856,1.07684,1.0661,1.07597
2023-06-01,1:30pm,EUR,Italian Monthly Unemployment Rate,Low,7.8%,7.9%,1.06856,1.07684,1.0661,1.07597
2023-06-01,2:29pm,EUR,French 10-y Bond Auction,Low,2.85|1.9,2.83|1.9,1.06856,1.07684,1.0661,1.07597
2023-06-01,2:30pm,EUR,CPI Flash Estimate y/y,High,6.1%,7.0%,1.06856,1.07684,1.0661,1.07597
2023-06-01,2:30pm,EUR,Core CPI Flash Estimate y/y,Medium,5.3%,5.6%,1.06856,1.07684,1.0661,1.07597
2023-06-01,2:30pm,EUR,Unemployment Rate,Low,6.5%,6.5%,1.06856,1.07684,1.0661,1.07597
2023-06-01,2:30pm,USD,Challenger Job Cuts y/y,Low,286.7%,175.9%,1.06856,1.07684,1.0661,1.07597
2023-06-01,5:45pm,USD,ADP Non-Farm Employment Change,High,278K,291K,1.06856,1.07684,1.0661,1.07597
2023-06-01,6:00pm,USD,Unemployment Claims,High,232K,230K,1.06856,1.07684,1.0661,1.07597
2023-06-01,6:00pm,USD,Revised Nonfarm Productivity q/q,Low,-2.1%,-2.7%,1.06856,1.07684,1.0661,1.07597
2023-06-01,6:00pm,USD,Revised Unit Labor Costs q/q,Low,4.2%,6.3%,1.06856,1.07684,1.0661,1.07597
2023-06-01,7:15pm,USD,Final Manufacturing PMI,Low,48.4,48.5,1.06856,1.07684,1.0661,1.07597
2023-06-01,7:30pm,USD,ISM Manufacturing PMI,High,46.9,47.1,1.06856,1.07684,1.0661,1.07597
2023-06-01,7:30pm,USD,ISM Manufacturing Prices,Medium,44.2,53.2,1.06856,1.07684,1.0661,1.07597
2023-06-01,7:30pm,USD,Construction Spending m/m,Low,1.2%,0.3%,1.06856,1.07684,1.0661,1.07597
2023-06-01,All Day,USD,Wards Total Vehicle Sales,Low,15.1M,15.9M,1.06856,1.07684,1.0661,1.07597
2023-06-01,8:00pm,USD,Natural Gas Storage,Low,110B,96B,1.06856,1.07684,1.0661,1.07597
2023-06-01,8:30pm,USD,Crude Oil Inventories,Low,4.5M,-12.5M,1.06856,1.07684,1.0661,1.07597
2023-06-02,12:15pm,EUR,French Industrial Production m/m,Low,0.8%,-1.1%,1.07592,1.0779,1.0704,1.0706
2023-06-02,12:30pm,EUR,Spanish Unemployment Change,Low,-49.3K,-73.9K,1.07592,1.0779,1.0704,1.0706
2023-06-02,6:00pm,USD,Average Hourly Earnings m/m,High,0.3%,0.4%,1.07592,1.0779,1.0704,1.0706
2023-06-02,6:00pm,USD,Non-Farm Employment Change,High,339K,294K,1.07592,1.0779,1.0704,1.0706
2023-06-02,6:00pm,USD,Unemployment Rate,High,3.7%,3.4%,1.07592,1.0779,1.0704,1.0706
2023-06-05,11:30am,EUR,German Trade Balance,Low,18.4B,14.9B,1.07059,1.07225,1.0673,1.07102
2023-06-05,12:45pm,EUR,Spanish Services PMI,Low,56.7,57.9,1.07059,1.07225,1.0673,1.07102
2023-06-05,1:15pm,EUR,Italian Services PMI,Low,54.0,57.6,1.07059,1.07225,1.0673,1.07102
2023-06-05,1:20pm,EUR,French Final Services PMI,Low,52.5,52.8,1.07059,1.07225,1.0673,1.07102
2023-06-05,1:25pm,EUR,German Final Services PMI,Low,57.2,57.8,1.07059,1.07225,1.0673,1.07102
2023-06-05,1:30pm,EUR,Final Services PMI,Low,55.1,55.9,1.07059,1.07225,1.0673,1.07102
2023-06-05,2:00pm,EUR,Sentix Investor Confidence,Low,-17.0,-13.1,1.07059,1.07225,1.0673,1.07102
2023-06-05,2:30pm,EUR,PPI m/m,Low,-3.2%,-1.3%,1.07059,1.07225,1.0673,1.07102
2023-06-05,7:15pm,USD,Final Services PMI,Low,54.9,55.1,1.07059,1.07225,1.0673,1.07102
2023-06-05,7:15pm,USD,ISM Services PMI,High,50.3,51.9,1.07059,1.07225,1.0673,1.07102
2023-06-05,7:15pm,USD,Factory Orders m/m,Low,0.4%,0.6%,1.07059,1.07225,1.0673,1.07102
2023-06-06,11:30am,EUR,German Factory Orders m/m,Low,-0.4%,-10.9%,1.07116,1.07329,1.0666,1.06934
2023-06-06,2:30pm,EUR,Retail Sales m/m,Low,0.0%,-0.4%,1.07116,1.07329,1.0666,1.06934
2023-06-06,2:34pm,USD,RCM/TIPP Economic Optimism,Low,41.7,41.6,1.07116,1.07329,1.0666,1.06934
2023-06-07,11:30am,EUR,German Industrial Production m/m,Low,0.3%,-2.1%,1.06943,1.07398,1.0667,1.06982
2023-06-07,12:15pm,EUR,French Trade Balance,Low,-9.7B,-8.4B,1.06943,1.07398,1.0667,1.06982
2023-06-07,1:30pm,EUR,Italian Retail Sales m/m,Low,0.2%,0.0%,1.06943,1.07398,1.0667,1.06982
2023-06-07,1:30pm,USD,Trade Balance,Low,-74.6B,-60.6B,1.06943,1.07398,1.0667,1.06982
2023-06-07,8:00pm,USD,Crude Oil Inventories,Low,-0.5M,4.5M,1.06943,1.07398,1.0667,1.06982
2023-06-08,12:30am,USD,Consumer Credit m/m,Low,23.0B,22.8B,1.06983,1.07871,1.0695,1.07817
2023-06-08,11:00am,EUR,French Final Private Payrolls q/q,Low,0.4%,0.2%,1.06983,1.07871,1.0695,1.07817
2023-06-08,2:30pm,EUR,Final Employment Change q/q,Low,0.6%,0.6%,1.06983,1.07871,1.0695,1.07817
2023-06-08,2:30pm,EUR,Revised GDP q/q,Low,-0.1%,0.1%,1.06983,1.07871,1.0695,1.07817
2023-06-08,6:00pm,USD,Unemployment Claims,High,261K,233K,1.06983,1.07871,1.0695,1.07817
2023-06-08,7:30pm,USD,Final Wholesale Inventories m/m,Low,-0.1%,-0.2%,1.06983,1.07871,1.0695,1.07817
2023-06-08,8:00pm,USD,Natural Gas Storage,Low,104B,110B,1.06983,1.07871,1.0695,1.07817
2023-06-09,1:30pm,EUR,Italian Industrial Production m/m,Low,-1.9%,-0.6%,1.07812,1.07851,1.0742,1.0746
2023-06-12,10:31pm,USD,10-y Bond Auction,Medium,3.79|2.4,3.45|2.4,1.07447,1.07901,1.07329,1.07565
2023-06-12,11:30pm,USD,Federal Budget Balance,Low,-240.3B,176.2B,1.07447,1.07901,1.07329,1.07565
2023-06-13,11:30am,EUR,German Final CPI m/m,Low,-0.1%,-0.1%,1.07568,1.08235,1.07557,1.07887
2023-06-13,1:30pm,EUR,Italian Quarterly Unemployment Rate,Low,8.0%,7.9%,1.07568,1.08235,1.07557,1.07887
2023-06-13,2:30pm,EUR,German ZEW Economic Sentiment,Medium,-8.5,-10.7,1.07568,1.08235,1.07557,1.07887
2023-06-13,2:30pm,EUR,ZEW Economic Sentiment,Low,-10.0,-9.4,1.07568,1.08235,1.07557,1.07887
2023-06-13,3:24pm,USD,NFIB Small Business Index,Low,89.4,89.0,1.07568,1.08235,1.07557,1.07887
2023-06-13,6:00pm,USD,Core CPI m/m,High,0.4%,0.4%,1.07568,1.08235,1.07557,1.07887
2023-06-13,6:00pm,USD,CPI m/m,High,0.1%,0.4%,1.07568,1.08235,1.07557,1.07887
2023-06-13,6:00pm,USD,CPI y/y,High,4.0%,4.9%,1.07568,1.08235,1.07557,1.07887
2023-06-13,10:31pm,USD,30-y Bond Auction,Low,3.91|2.5,3.74|2.4,1.07568,1.08235,1.07557,1.07887
2023-06-14,11:30am,EUR,German WPI m/m,Low,-1.1%,-0.4%,1.0789,1.0864,1.0773,1.08311
2023-06-14,2:30pm,EUR,Industrial Production m/m,Low,1.0%,-3.8%,1.0789,1.0864,1.0773,1.08311
2023-06-14,3:03pm,EUR,German 10-y Bond Auction,Low,2.43|1.9,2.31|2.3,1.0789,1.0864,1.0773,1.08311
2023-06-14,6:00pm,USD,Core PPI m/m,High,0.2%,0.2%,1.0789,1.0864,1.0773,1.08311
2023-06-14,6:00pm,USD,PPI m/m,High,-0.3%,0.2%,1.0789,1.0864,1.0773,1.08311
2023-06-14,8:00pm,USD,Crude Oil Inventories,Low,7.9M,-0.5M,1.0789,1.0864,1.0773,1.08311
2023-06-14,11:30pm,USD,Federal Funds Rate,High,5.25%,5.25%,1.0789,1.0864,1.0773,1.08311
2023-06-15,12:15pm,EUR,French Final CPI m/m,Low,-0.1%,-0.1%,1.0831,1.09527,1.0802,1.09413
2023-06-15,2:30pm,EUR,Trade Balance,Low,-7.1B,14.0B,1.0831,1.09527,1.0802,1.09413
2023-06-15,5:45pm,EUR,Main Refinancing Rate,High,4.00%,3.75%,1.0831,1.09527,1.0802,1.09413
2023-06-15,5:45pm,USD,Core Retail Sales m/m,High,0.1%,0.4%,1.0831,1.09527,1.0802,1.09413
2023-06-15,5:45pm,USD,Empire State Manufacturing Index,High,6.6,-31.8,1.0831,1.09527,1.0802,1.09413
2023-06-15,5:45pm,USD,Retail Sales m/m,High,0.3%,0.4%,1.0831,1.09527,1.0802,1.09413
2023-06-15,5:45pm,USD,Unemployment Claims,High,262K,262K,1.0831,1.09527,1.0802,1.09413
2023-06-15,5:45pm,USD,Philly Fed Manufacturing Index,Medium,-13.7,-10.4,1.0831,1.09527,1.0802,1.09413
2023-06-15,5:45pm,USD,Import Prices m/m,Low,-0.6%,0.3%,1.0831,1.09527,1.0802,1.09413
2023-06-15,6:45pm,USD,Industrial Production m/m,Medium,-0.2%,0.5%,1.0831,1.09527,1.0802,1.09413
2023-06-15,6:45pm,USD,Capacity Utilization Rate,Low,79.6%,79.8%,1.0831,1.09527,1.0802,1.09413
2023-06-15,7:30pm,USD,Business Inventories m/m,Low,0.2%,-0.2%,1.0831,1.09527,1.0802,1.09413
2023-06-15,8:00pm,USD,Natural Gas Storage,Low,84B,104B,1.0831,1.09527,1.0802,1.09413
2023-06-16,1:30am,USD,TIC Long-Term Purchases,Low,127.8B,205.6B,1.09413,1.09707,1.09178,1.09401
2023-06-16,2:30pm,EUR,Final Core CPI y/y,Low,5.3%,5.3%,1.09413,1.09707,1.09178,1.09401
2023-06-16,2:30pm,EUR,Final CPI y/y,Low,6.1%,6.1%,1.09413,1.09707,1.09178,1.09401
2023-06-16,2:30pm,EUR,Italian Trade Balance,Low,0.32B,7.62B,1.09413,1.09707,1.09178,1.09401
2023-06-16,7:30pm,USD,Prelim UoM Consumer Sentiment,High,63.9,59.2,1.09413,1.09707,1.09178,1.09401
2023-06-16,7:30pm,USD,Prelim UoM Inflation Expectations,Medium,3.3%,4.2%,1.09413,1.09707,1.09178,1.09401
2023-06-19,7:30pm,USD,NAHB Housing Market Index,Low,55,50,1.09385,1.09462,1.0905,1.09213
2023-06-20,10:00am,EUR,German PPI m/m,Low,-1.4%,0.3%,1.09213,1.09462,1.0891,1.09164
2023-06-20,1:32pm,EUR,Current Account,Low,3.6B,31.2B,1.09213,1.09462,1.0891,1.09164
2023-06-20,6:00pm,USD,Building Permits,Low,1.49M,1.42M,1.09213,1.09462,1.0891,1.09164
2023-06-20,6:00pm,USD,Housing Starts,Low,1.63M,1.34M,1.09213,1.09462,1.0891,1.09164
2023-06-21,3:08pm,EUR,German 30-y Bond Auction,Low,2.37|2.3,2.53|2.0,1.0917,1.0991,1.0904,1.09836
2023-06-22,6:00pm,USD,Unemployment Claims,High,264K,264K,1.09838,1.10122,1.09483,1.09554
2023-06-22,6:00pm,USD,Current Account,Low,-219B,-216B,1.09838,1.10122,1.09483,1.09554
2023-06-22,7:30pm,EUR,Consumer Confidence,Low,-16,-17,1.09838,1.10122,1.09483,1.09554
2023-06-22,7:30pm,USD,Existing Home Sales,Medium,4.30M,4.29M,1.09838,1.10122,1.09483,1.09554
2023-06-22,7:30pm,USD,CB Leading Index m/m,Low,-0.7%,-0.6%,1.09838,1.10122,1.09483,1.09554
2023-06-22,8:00pm,USD,Natural Gas Storage,Low,95B,84B,1.09838,1.10122,1.09483,1.09554
2023-06-22,8:30pm,USD,Crude Oil Inventories,Low,-3.8M,7.9M,1.09838,1.10122,1.09483,1.09554
2023-06-23,12:45pm,EUR,French Flash Manufacturing PMI,High,45.5,45.7,1.09548,1.09585,1.08443,1.0891
2023-06-23,12:45pm,EUR,French Flash Services PMI,High,48.0,52.5,1.09548,1.09585,1.08443,1.0891
2023-06-23,1:00pm,EUR,German Flash Manufacturing PMI,High,41.0,43.2,1.09548,1.09585,1.08443,1.0891
2023-06-23,1:00pm,EUR,German Flash Services PMI,High,54.1,57.2,1.09548,1.09585,1.08443,1.0891
2023-06-23,1:30pm,EUR,Flash Manufacturing PMI,Medium,43.6,44.8,1.09548,1.09585,1.08443,1.0891
2023-06-23,1:30pm,EUR,Flash Services PMI,Medium,52.4,55.1,1.09548,1.09585,1.08443,1.0891
2023-06-23,6:29pm,EUR,Belgian NBB Business Climate,Low,-12.1,-9.2,1.09548,1.09585,1.08443,1.0891
2023-06-23,7:15pm,USD,Flash Manufacturing PMI,High,46.3,48.4,1.09548,1.09585,1.08443,1.0891
2023-06-23,7:15pm,USD,Flash Services PMI,High,54.1,54.9,1.09548,1.09585,1.08443,1.0891
2023-06-26,1:30pm,EUR,German ifo Business Climate,Medium,88.5,91.5,1.08998,1.09201,1.08873,1.09057
2023-06-27,10:29am,USD,Core Durable Goods Orders m/m,Medium,0.6%,-0.3%,1.09056,1.09768,1.0902,1.09598
2023-06-27,10:29am,USD,Durable Goods Orders m/m,Medium,1.7%,1.2%,1.09056,1.09768,1.0902,1.09598
2023-06-27,10:29am,USD,HPI m/m,Low,0.7%,0.5%,1.09056,1.09768,1.0902,1.09598
2023-06-27,10:29am,USD,S&P/CS Composite-20 HPI y/y,Low,-1.7%,-1.1%,1.09056,1.09768,1.0902,1.09598
2023-06-27,7:29pm,USD,Richmond Manufacturing Index,Medium,-7,-15,1.09056,1.09768,1.0902,1.09598
2023-06-27,7:30pm,USD,CB Consumer Confidence,High,109.7,102.5,1.09056,1.09768,1.0902,1.09598
2023-06-27,7:30pm,USD,New Home Sales,Medium,763K,680K,1.09056,1.09768,1.0902,1.09598
2023-06-28,11:30am,EUR,German GfK Consumer Climate,Low,-25.4,-24.4,1.09603,1.09627,1.08967,1.09125
2023-06-28,11:30am,EUR,M3 Money Supply y/y,Low,1.4%,1.9%,1.09603,1.09627,1.08967,1.09125
2023-06-28,11:30am,EUR,Private Loans y/y,Low,2.1%,2.5%,1.09603,1.09627,1.08967,1.09125
2023-06-28,2:30pm,EUR,Italian Prelim CPI m/m,Low,0.0%,0.3%,1.09603,1.09627,1.08967,1.09125
2023-06-28,6:00pm,USD,Goods Trade Balance,Low,-91.1B,-97.1B,1.09603,1.09627,1.08967,1.09125
2023-06-28,6:00pm,USD,Prelim Wholesale Inventories m/m,Low,-0.1%,-0.1%,1.09603,1.09627,1.08967,1.09125
2023-06-28,8:00pm,USD,Crude Oil Inventories,Low,-9.6M,-3.8M,1.09603,1.09627,1.08967,1.09125
2023-06-29,All Day,EUR,German Prelim CPI m/m,High,0.3%,-0.1%,1.09129,1.09414,1.08599,1.08625
2023-06-29,12:30pm,EUR,Spanish Flash CPI y/y,Medium,1.9%,3.2%,1.09129,1.09414,1.08599,1.08625
2023-06-29,6:00pm,USD,Final GDP q/q,High,2.0%,1.3%,1.09129,1.09414,1.08599,1.08625
2023-06-29,6:00pm,USD,Final GDP Price Index q/q,Medium,4.1%,4.2%,1.09129,1.09414,1.08599,1.08625
2023-06-29,6:02pm,USD,Unemployment Claims,High,239K,265K,1.09129,1.09414,1.08599,1.08625
2023-06-29,7:30pm,USD,Pending Home Sales m/m,Medium,-2.7%,-0.4%,1.09129,1.09414,1.08599,1.08625
2023-06-29,8:00pm,USD,Natural Gas Storage,Low,76B,95B,1.09129,1.09414,1.08599,1.08625
2023-06-30,11:30am,EUR,German Import Prices m/m,Low,-1.4%,-1.7%,1.08639,1.09318,1.0835,1.09074
2023-06-30,11:30am,EUR,German Retail Sales m/m,Low,0.4%,0.7%,1.08639,1.09318,1.0835,1.09074
2023-06-30,12:15pm,EUR,French Consumer Spending m/m,Low,0.5%,-0.8%,1.08639,1.09318,1.0835,1.09074
2023-06-30,12:15pm,EUR,French Prelim CPI m/m,Low,0.2%,-0.1%,1.08639,1.09318,1.0835,1.09074
2023-06-30,1:25pm,EUR,German Unemployment Change,Low,28K,13K,1.08639,1.09318,1.0835,1.09074
2023-06-30,1:30pm,EUR,Italian Monthly Unemployment Rate,Low,7.6%,7.8%,1.08639,1.09318,1.0835,1.09074
2023-06-30,2:30pm,EUR,Core CPI Flash Estimate y/y,Medium,5.4%,5.3%,1.08639,1.09318,1.0835,1.09074
2023-06-30,2:30pm,EUR,CPI Flash Estimate y/y,Medium,5.5%,6.1%,1.08639,1.09318,1.0835,1.09074
2023-06-30,2:30pm,EUR,Unemployment Rate,Low,6.5%,6.5%,1.08639,1.09318,1.0835,1.09074
2023-06-30,2:43pm,EUR,Italian 10-y Bond Auction,Low,4.13|1.4,4.24|1.5,1.08639,1.09318,1.0835,1.09074
2023-06-30,2:43pm,USD,Core PCE Price Index m/m,High,0.3%,0.4%,1.08639,1.09318,1.0835,1.09074
2023-06-30,2:43pm,USD,Personal Income m/m,Low,0.4%,0.3%,1.08639,1.09318,1.0835,1.09074
2023-06-30,2:43pm,USD,Personal Spending m/m,Low,0.1%,0.6%,1.08639,1.09318,1.0835,1.09074
2023-06-30,7:15pm,USD,Chicago PMI,Low,41.5,40.4,1.08639,1.09318,1.0835,1.09074
2023-06-30,7:30pm,USD,Revised UoM Consumer Sentiment,Medium,64.4,63.9,1.08639,1.09318,1.0835,1.09074
2023-06-30,7:30pm,USD,Revised UoM Inflation Expectations,Low,3.3%,3.3%,1.08639,1.09318,1.0835,1.09074
2023-07-03,12:15pm,EUR,French Gov Budget Balance,Low,-107.2B,-83.7B,1.09076,1.09339,1.087,1.091
2023-07-03,12:45pm,EUR,Spanish Manufacturing PMI,Medium,48.0,48.4,1.09076,1.09339,1.087,1.091
2023-07-03,1:15pm,EUR,Italian Manufacturing PMI,Low,43.8,45.9,1.09076,1.09339,1.087,1.091
2023-07-03,1:20pm,EUR,French Final Manufacturing PMI,Low,46.0,45.5,1.09076,1.09339,1.087,1.091
2023-07-03,1:25pm,EUR,German Final Manufacturing PMI,Low,40.6,41.0,1.09076,1.09339,1.087,1.091
2023-07-03,1:30pm,EUR,Final Manufacturing PMI,Low,43.4,43.6,1.09076,1.09339,1.087,1.091
2023-07-03,7:15pm,USD,Final Manufacturing PMI,Low,46.3,46.3,1.09076,1.09339,1.087,1.091
2023-07-03,7:30pm,USD,ISM Manufacturing PMI,High,46.0,46.9,1.09076,1.09339,1.087,1.091
2023-07-03,7:30pm,USD,ISM Manufacturing Prices,Medium,41.8,44.2,1.09076,1.09339,1.087,1.091
2023-07-03,7:30pm,USD,Construction Spending m/m,Low,0.9%,0.4%,1.09076,1.09339,1.087,1.091
2023-07-04,11:30am,EUR,German Trade Balance,Low,14.4B,16.5B,1.09102,1.09163,1.0875,1.08791
2023-07-04,12:30pm,EUR,Spanish Unemployment Change,Low,-50.3K,-49.3K,1.09102,1.09163,1.0875,1.08791
2023-07-05,12:15pm,EUR,French Industrial Production m/m,Low,1.2%,0.8%,1.08793,1.09079,1.085,1.08545
2023-07-05,12:45pm,EUR,Spanish Services PMI,Low,53.4,56.7,1.08793,1.09079,1.085,1.08545
2023-07-05,1:15pm,EUR,Italian Services PMI,Low,52.2,54.0,1.08793,1.09079,1.085,1.08545
2023-07-05,1:20pm,EUR,French Final Services PMI,Low,48.0,48.0,1.08793,1.09079,1.085,1.08545
2023-07-05,1:25pm,EUR,German Final Services PMI,Low,54.1,54.1,1.08793,1.09079,1.085,1.08545
2023-07-05,1:30pm,EUR,Final Services PMI,Low,52.0,52.4,1.08793,1.09079,1.085,1.08545
2023-07-05,2:30pm,EUR,PPI m/m,Low,-1.9%,-3.2%,1.08793,1.09079,1.085,1.08545
2023-07-05,3:03pm,EUR,German 10-y Bond Auction,Low,2.39|2.2,2.43|1.9,1.08793,1.09079,1.085,1.08545
2023-07-05,7:30pm,USD,Factory Orders m/m,Low,0.3%,0.3%,1.08793,1.09079,1.085,1.08545
2023-07-05,All Day,USD,Wards Total Vehicle Sales,Low,15.7M,15.1M,1.08793,1.09079,1.085,1.08545
2023-07-06,11:30am,EUR,German Factory Orders m/m,Low,6.4%,0.2%,1.08543,1.09006,1.0833,1.0888
2023-07-06,2:17pm,EUR,Spanish 10-y Bond Auction,Low,3.55|1.5,3.51|1.4,1.08543,1.09006,1.0833,1.0888
2023-07-06,2:28pm,EUR,French 10-y Bond Auction,Low,3.04|1.9,2.85|1.9,1.08543,1.09006,1.0833,1.0888
2023-07-06,2:30pm,EUR,Retail Sales m/m,Low,0.0%,0.0%,1.08543,1.09006,1.0833,1.0888
2023-07-06,5:00pm,USD,Challenger Job Cuts y/y,Low,25.2%,286.7%,1.08543,1.09006,1.0833,1.0888
2023-07-06,5:45pm,USD,ADP Non-Farm Employment Change,High,497K,267K,1.08543,1.09006,1.0833,1.0888
2023-07-06,5:45pm,USD,Unemployment Claims,High,248K,236K,1.08543,1.09006,1.0833,1.0888
2023-07-06,5:45pm,USD,Trade Balance,Low,-69.0B,-74.4B,1.08543,1.09006,1.0833,1.0888
2023-07-06,7:15pm,USD,Final Services PMI,Low,54.4,54.1,1.08543,1.09006,1.0833,1.0888
2023-07-06,7:30pm,USD,ISM Services PMI,High,53.9,50.3,1.08543,1.09006,1.0833,1.0888
2023-07-06,7:30pm,USD,JOLTS Job Openings,High,9.82M,10.32M,1.08543,1.09006,1.0833,1.0888
2023-07-06,8:30pm,USD,Crude Oil Inventories,Low,-1.5M,-9.6M,1.08543,1.09006,1.0833,1.0888
2023-07-07,11:30am,EUR,German Industrial Production m/m,Low,-0.2%,0.3%,1.08885,1.09733,1.08668,1.0964
2023-07-07,12:15pm,EUR,French Trade Balance,Low,-8.4B,-10.6B,1.08885,1.09733,1.08668,1.0964
2023-07-07,1:30pm,EUR,Italian Retail Sales m/m,Low,0.7%,0.2%,1.08885,1.09733,1.08668,1.0964
2023-07-07,1:30pm,USD,Average Hourly Earnings m/m,High,0.4%,0.4%,1.08885,1.09733,1.08668,1.0964
2023-07-07,1:30pm,USD,Non-Farm Employment Change,High,209K,306K,1.08885,1.09733,1.08668,1.0964
2023-07-07,1:30pm,USD,Unemployment Rate,High,3.6%,3.7%,1.08885,1.09733,1.08668,1.0964
2023-07-07,1:30pm,USD,Natural Gas Storage,Low,72B,76B,1.08885,1.09733,1.08668,1.0964
2023-07-10,2:00pm,EUR,Sentix Investor Confidence,Low,-22.5,-17.0,1.09648,1.10014,1.0942,1.09995
2023-07-10,7:30pm,USD,Final Wholesale Inventories m/m,Low,0.0%,-0.1%,1.09648,1.10014,1.0942,1.09995
2023-07-11,12:30am,USD,Consumer Credit m/m,Low,7.2B,20.3B,1.09996,1.10273,1.0976,1.10051
2023-07-11,11:30am,EUR,German Final CPI m/m,Low,0.3%,0.3%,1.09996,1.10273,1.0976,1.10051
2023-07-11,1:30pm,EUR,Italian Industrial Production m/m,Low,1.6%,-2.0%,1.09996,1.10273,1.0976,1.10051
2023-07-11,2:30pm,EUR,German ZEW Economic Sentiment,Medium,-14.7,-8.5,1.09996,1.10273,1.0976,1.10051
2023-07-11,2:30pm,EUR,ZEW Economic Sentiment,Low,-12.2,-10.0,1.09996,1.10273,1.0976,1.10051
2023-07-11,3:20pm,USD,NFIB Small Business Index,Low,91.0,89.4,1.09996,1.10273,1.0976,1.10051
2023-07-11,7:30pm,USD,RCM/TIPP Economic Optimism,Low,41.3,41.7,1.09996,1.10273,1.0976,1.10051
2023-07-12,3:05pm,EUR,German 10-y Bond Auction,Low,2.64|1.9,2.39|2.2,1.1006,1.11403,1.1004,1.11282
2023-07-12,6:00pm,USD,Core CPI m/m,High,0.2%,0.4%,1.1006,1.11403,1.1004,1.11282
2023-07-12,6:00pm,USD,CPI m/m,High,0.2%,0.1%,1.1006,1.11403,1.1004,1.11282
2023-07-12,6:00pm,USD,CPI y/y,High,3.0%,4.0%,1.1006,1.11403,1.1004,1.11282
2023-07-12,8:00pm,USD,Crude Oil Inventories,Low,5.9M,-1.5M,1.1006,1.11403,1.1004,1.11282
2023-07-12,10:31pm,USD,10-y Bond Auction,Medium,3.86|2.5,3.79|2.4,1.1006,1.11403,1.1004,1.11282
2023-07-13,12:15pm,EUR,French Final CPI m/m,Low,0.2%,0.2%,1.11283,1.12284,1.11272,1.12235
2023-07-13,2:30pm,EUR,Industrial Production m/m,Low,0.2%,1.0%,1.11283,1.12284,1.11272,1.12235
2023-07-13,6:00pm,USD,Core PPI m/m,High,0.1%,0.1%,1.11283,1.12284,1.11272,1.12235
2023-07-13,6:00pm,USD,PPI m/m,High,0.1%,-0.4%,1.11283,1.12284,1.11272,1.12235
2023-07-13,6:00pm,USD,Unemployment Claims,High,237K,249K,1.11283,1.12284,1.11272,1.12235
2023-07-13,8:00pm,USD,Natural Gas Storage,Low,49B,72B,1.11283,1.12284,1.11272,1.12235
2023-07-13,10:31pm,USD,30-y Bond Auction,Low,3.91|2.4,3.91|2.5,1.11283,1.12284,1.11272,1.12235
2023-07-13,11:30pm,USD,Federal Budget Balance,Low,-227.8B,-240.3B,1.11283,1.12284,1.11272,1.12235
2023-07-14,11:30am,EUR,German WPI m/m,Low,-0.2%,-1.1%,1.12231,1.12449,1.1204,1.12264
2023-07-14,1:30pm,EUR,Italian Trade Balance,Low,4.71B,0.36B,1.12231,1.12449,1.1204,1.12264
2023-07-14,2:30pm,EUR,Trade Balance,Low,-0.9B,-8.0B,1.12231,1.12449,1.1204,1.12264
2023-07-14,2:30pm,USD,Import Prices m/m,Low,-0.2%,-0.4%,1.12231,1.12449,1.1204,1.12264
2023-07-14,7:30pm,USD,Prelim UoM Consumer Sentiment,High,72.6,64.4,1.12231,1.12449,1.1204,1.12264
2023-07-14,7:30pm,USD,Prelim UoM Inflation Expectations,Medium,3.4%,3.3%,1.12231,1.12449,1.1204,1.12264
2023-07-17,4:31am,USD,Empire State Manufacturing Index,High,1.1,6.6,1.12281,1.12488,1.12028,1.12354
2023-07-18,2:33pm,USD,Core Retail Sales m/m,High,0.2%,0.3%,1.12361,1.12758,1.1208,1.12274
2023-07-18,2:33pm,USD,Retail Sales m/m,High,0.2%,0.5%,1.12361,1.12758,1.1208,1.12274
2023-07-18,6:45pm,USD,Industrial Production m/m,Medium,-0.5%,-0.5%,1.12361,1.12758,1.1208,1.12274
2023-07-18,6:45pm,USD,Capacity Utilization Rate,Low,78.9%,79.4%,1.12361,1.12758,1.1208,1.12274
2023-07-18,7:30pm,USD,Business Inventories m/m,Low,0.2%,0.1%,1.12361,1.12758,1.1208,1.12274
2023-07-18,7:30pm,USD,NAHB Housing Market Index,Low,56,55,1.12361,1.12758,1.1208,1.12274
2023-07-19,1:30am,USD,TIC Long-Term Purchases,Low,25.8B,127.8B,1.12274,1.12403,1.11742,1.11998
2023-07-19,2:30pm,EUR,Final Core CPI y/y,Low,5.5%,5.4%,1.12274,1.12403,1.11742,1.11998
2023-07-19,2:30pm,EUR,Final CPI y/y,Low,5.5%,5.5%,1.12274,1.12403,1.11742,1.11998
2023-07-19,3:17pm,EUR,German 30-y Bond Auction,Low,2.40|2.0,2.37|2.3,1.12274,1.12403,1.11742,1.11998
2023-07-19,6:00pm,USD,Housing Starts,High,1.43M,1.56M,1.12274,1.12403,1.11742,1.11998
2023-07-19,6:00pm,USD,Building Permits,Medium,1.44M,1.50M,1.12274,1.12403,1.11742,1.11998
2023-07-19,8:00pm,USD,Crude Oil Inventories,Low,-0.7M,5.9M,1.12274,1.12403,1.11742,1.11998
2023-07-20,5:35am,EUR,German PPI m/m,Low,-0.3%,-1.4%,1.11999,1.12291,1.1117,1.11339
2023-07-20,1:30pm,EUR,Current Account,Low,9.1B,3.8B,1.11999,1.12291,1.1117,1.11339
2023-07-20,6:00pm,USD,Unemployment Claims,High,228K,237K,1.11999,1.12291,1.1117,1.11339
2023-07-20,6:00pm,USD,Philly Fed Manufacturing Index,Medium,-13.5,-13.7,1.11999,1.12291,1.1117,1.11339
2023-07-20,7:30pm,USD,Existing Home Sales,Medium,4.16M,4.30M,1.11999,1.12291,1.1117,1.11339
2023-07-20,7:30pm,USD,CB Leading Index m/m,Low,-0.7%,-0.6%,1.11999,1.12291,1.1117,1.11339
2023-07-20,7:32pm,EUR,Consumer Confidence,Low,-15,-16,1.11999,1.12291,1.1117,1.11339
2023-07-20,8:00pm,USD,Natural Gas Storage,Low,41B,49B,1.11999,1.12291,1.1117,1.11339
2023-07-24,12:45pm,EUR,French Flash Manufacturing PMI,High,44.5,46.0,1.11312,1.1147,1.10599,1.10627
2023-07-24,12:45pm,EUR,French Flash Services PMI,High,47.4,48.0,1.11312,1.1147,1.10599,1.10627
2023-07-24,1:00pm,EUR,German Flash Manufacturing PMI,High,38.8,40.6,1.11312,1.1147,1.10599,1.10627
2023-07-24,1:00pm,EUR,German Flash Services PMI,High,52.0,54.1,1.11312,1.1147,1.10599,1.10627
2023-07-24,1:30pm,EUR,Flash Manufacturing PMI,Medium,42.7,43.4,1.11312,1.1147,1.10599,1.10627
2023-07-24,1:30pm,EUR,Flash Services PMI,Medium,51.1,52.0,1.11312,1.1147,1.10599,1.10627
2023-07-24,7:15pm,USD,Flash Manufacturing PMI,High,49.0,46.3,1.11312,1.1147,1.10599,1.10627
2023-07-24,7:15pm,USD,Flash Services PMI,High,52.4,54.4,1.11312,1.1147,1.10599,1.10627
2023-07-25,1:30pm,EUR,German ifo Business Climate,Medium,87.3,88.6,1.10625,1.10869,1.10205,1.1057
2023-07-25,6:28pm,EUR,Belgian NBB Business Climate,Low,-14.8,-12.1,1.10625,1.10869,1.10205,1.1057
2023-07-25,6:30pm,USD,HPI m/m,Low,0.7%,0.7%,1.10625,1.10869,1.10205,1.1057
2023-07-25,6:30pm,USD,S&P/CS Composite-20 HPI y/y,Low,-1.7%,-1.7%,1.10625,1.10869,1.10205,1.1057
2023-07-25,7:30pm,USD,CB Consumer Confidence,High,117.0,110.1,1.10625,1.10869,1.10205,1.1057
2023-07-25,7:30pm,USD,Richmond Manufacturing Index,Medium,-9,-7,1.10625,1.10869,1.10205,1.1057
2023-07-26,5:20am,EUR,M3 Money Supply y/y,Low,0.6%,1.4%,1.10568,1.11068,1.10375,1.10866
2023-07-26,5:20am,EUR,Private Loans y/y,Low,1.7%,2.1%,1.10568,1.11068,1.10375,1.10866
2023-07-26,7:30pm,USD,New Home Sales,Medium,697K,715K,1.10568,1.11068,1.10375,1.10866
2023-07-26,8:00pm,USD,Crude Oil Inventories,Low,-0.6M,-0.7M,1.10568,1.11068,1.10375,1.10866
2023-07-26,11:30pm,USD,Federal Funds Rate,High,5.50%,5.25%,1.10568,1.11068,1.10375,1.10866
2023-07-27,11:30am,EUR,German GfK Consumer Climate,Low,-24.4,-25.2,1.10867,1.11497,1.0964,1.09764
2023-07-27,12:30pm,EUR,Spanish Unemployment Rate,Low,11.6%,13.3%,1.10867,1.11497,1.0964,1.09764
2023-07-27,2:43pm,EUR,Italian 10-y Bond Auction,Low,4.10|1.4,4.13|1.4,1.10867,1.11497,1.0964,1.09764
2023-07-27,5:45pm,EUR,Main Refinancing Rate,High,4.25%,4.00%,1.10867,1.11497,1.0964,1.09764
2023-07-27,6:00pm,USD,Advance GDP q/q,High,2.4%,2.0%,1.10867,1.11497,1.0964,1.09764
2023-07-27,6:00pm,USD,Unemployment Claims,High,221K,228K,1.10867,1.11497,1.0964,1.09764
2023-07-27,6:00pm,USD,Advance GDP Price Index q/q,Medium,2.2%,4.1%,1.10867,1.11497,1.0964,1.09764
2023-07-27,6:00pm,USD,Core Durable Goods Orders m/m,Medium,0.6%,0.7%,1.10867,1.11497,1.0964,1.09764
2023-07-27,6:00pm,USD,Durable Goods Orders m/m,Medium,4.7%,1.8%,1.10867,1.11497,1.0964,1.09764
2023-07-27,6:00pm,USD,Goods Trade Balance,Low,-87.8B,-91.9B,1.10867,1.11497,1.0964,1.09764
2023-07-27,6:00pm,USD,Prelim Wholesale Inventories m/m,Low,-0.3%,0.0%,1.10867,1.11497,1.0964,1.09764
2023-07-27,7:30pm,USD,Pending Home Sales m/m,Medium,0.3%,-2.5%,1.10867,1.11497,1.0964,1.09764
2023-07-27,8:00pm,USD,Natural Gas Storage,Low,16B,41B,1.10867,1.11497,1.0964,1.09764
2023-07-28,11:00am,EUR,French Consumer Spending m/m,Low,0.9%,0.6%,1.09768,1.10475,1.09434,1.10147
2023-07-28,11:00am,EUR,French Flash GDP q/q,Low,0.5%,0.1%,1.09768,1.10475,1.09434,1.10147
2023-07-28,All Day,EUR,German Prelim CPI m/m,High,0.3%,0.3%,1.09768,1.10475,1.09434,1.10147
2023-07-28,12:15pm,EUR,French Prelim CPI m/m,Low,0.0%,0.2%,1.09768,1.10475,1.09434,1.10147
2023-07-28,12:15pm,EUR,Spanish Flash CPI y/y,Medium,2.3%,1.9%,1.09768,1.10475,1.09434,1.10147
2023-07-28,12:15pm,EUR,Spanish Flash GDP q/q,Low,0.4%,0.6%,1.09768,1.10475,1.09434,1.10147
2023-07-28,1:30pm,EUR,German Prelim GDP q/q,Low,0.0%,-0.3%,1.09768,1.10475,1.09434,1.10147
2023-07-28,1:30pm,USD,Core PCE Price Index m/m,High,0.2%,0.3%,1.09768,1.10475,1.09434,1.10147
2023-07-28,1:30pm,USD,Employment Cost Index q/q,High,1.0%,1.2%,1.09768,1.10475,1.09434,1.10147
2023-07-28,1:30pm,USD,Personal Income m/m,Low,0.3%,0.5%,1.09768,1.10475,1.09434,1.10147
2023-07-28,1:30pm,USD,Personal Spending m/m,Low,0.5%,0.2%,1.09768,1.10475,1.09434,1.10147
2023-07-28,7:30pm,USD,Revised UoM Consumer Sentiment,High,71.6,72.6,1.09768,1.10475,1.09434,1.10147
2023-07-28,7:30pm,USD,Revised UoM Inflation Expectations,Low,3.4%,3.4%,1.09768,1.10475,1.09434,1.10147
2023-07-31,11:30am,EUR,German Import Prices m/m,Low,-1.6%,-1.4%,1.1018,1.10459,1.0992,1.09968
2023-07-31,11:30am,EUR,German Retail Sales m/m,Low,-0.8%,1.9%,1.1018,1.10459,1.0992,1.09968
2023-07-31,1:30pm,EUR,Italian Prelim GDP q/q,Low,-0.3%,0.6%,1.1018,1.10459,1.0992,1.09968
2023-07-31,2:30pm,EUR,Core CPI Flash Estimate y/y,Medium,5.5%,5.5%,1.1018,1.10459,1.0992,1.09968
2023-07-31,2:30pm,EUR,CPI Flash Estimate y/y,Medium,5.3%,5.5%,1.1018,1.10459,1.0992,1.09968
2023-07-31,2:30pm,EUR,Italian Prelim CPI m/m,Low,0.1%,0.0%,1.1018,1.10459,1.0992,1.09968
2023-07-31,2:30pm,EUR,Prelim Flash GDP q/q,Low,0.3%,-0.1%,1.1018,1.10459,1.0992,1.09968
2023-07-31,7:15pm,USD,Chicago PMI,Low,42.8,41.5,1.1018,1.10459,1.0992,1.09968
2023-08-01,12:45pm,EUR,Spanish Manufacturing PMI,Low,47.8,48.0,1.09966,1.10195,1.0951,1.10181
2023-08-01,1:15pm,EUR,Italian Manufacturing PMI,Low,44.5,43.8,1.09966,1.10195,1.0951,1.10181
2023-08-01,1:20pm,EUR,French Final Manufacturing PMI,Low,45.1,44.5,1.09966,1.10195,1.0951,1.10181
2023-08-01,1:25pm,EUR,German Final Manufacturing PMI,Low,38.8,38.8,1.09966,1.10195,1.0951,1.10181
2023-08-01,1:25pm,EUR,German Unemployment Change,Low,-4K,30K,1.09966,1.10195,1.0951,1.10181
2023-08-01,1:30pm,EUR,Final Manufacturing PMI,Low,42.7,42.7,1.09966,1.10195,1.0951,1.10181
2023-08-01,1:30pm,EUR,Italian Monthly Unemployment Rate,Low,7.4%,7.6%,1.09966,1.10195,1.0951,1.10181
2023-08-01,2:30pm,EUR,Unemployment Rate,Low,6.4%,6.5%,1.09966,1.10195,1.0951,1.10181
2023-08-01,7:15pm,USD,Final Manufacturing PMI,Low,49.0,49.0,1.09966,1.10195,1.0951,1.10181
2023-08-01,7:30pm,USD,ISM Manufacturing PMI,High,46.4,46.0,1.09966,1.10195,1.0951,1.10181
2023-08-01,7:30pm,USD,JOLTS Job Openings,High,9.58M,9.62M,1.09966,1.10195,1.0951,1.10181
2023-08-01,7:30pm,USD,ISM Manufacturing Prices,Medium,42.6,41.8,1.09966,1.10195,1.0951,1.10181
2023-08-01,7:30pm,USD,Construction Spending m/m,Low,0.5%,1.1%,1.09966,1.10195,1.0951,1.10181
2023-08-01,All Day,USD,Wards Total Vehicle Sales,Low,15.7M,15.7M,1.09966,1.10195,1.0951,1.10181
2023-08-02,5:20am,EUR,Spanish Unemployment Change,Low,-11.0K,-50.3K,1.10178,1.10181,1.0917,1.09381
2023-08-02,5:45pm,USD,ADP Non-Farm Employment Change,High,324K,455K,1.10178,1.10181,1.0917,1.09381
2023-08-02,8:00pm,USD,Crude Oil Inventories,Low,-17.0M,-0.6M,1.10178,1.10181,1.0917,1.09381
2023-08-03,11:30am,EUR,German Trade Balance,Low,18.7B,14.6B,1.09383,1.09629,1.0911,1.09483
2023-08-03,12:15pm,EUR,French Gov Budget Balance,Low,-116.2B,-107.2B,1.09383,1.09629,1.0911,1.09483
2023-08-03,12:45pm,EUR,Spanish Services PMI,Low,52.8,53.4,1.09383,1.09629,1.0911,1.09483
2023-08-03,1:15pm,EUR,Italian Services PMI,Low,51.5,52.2,1.09383,1.09629,1.0911,1.09483
2023-08-03,1:20pm,EUR,French Final Services PMI,Low,47.1,47.4,1.09383,1.09629,1.0911,1.09483
2023-08-03,1:25pm,EUR,German Final Services PMI,Low,52.3,52.0,1.09383,1.09629,1.0911,1.09483
2023-08-03,1:30pm,EUR,Final Services PMI,Low,50.9,51.1,1.09383,1.09629,1.0911,1.09483
2023-08-03,1:30pm,EUR,Italian Retail Sales m/m,Low,-0.2%,0.6%,1.09383,1.09629,1.0911,1.09483
2023-08-03,2:14pm,EUR,Spanish 10-y Bond Auction,Low,3.61|1.5,3.55|1.5,1.09383,1.09629,1.0911,1.09483
2023-08-03,2:28pm,EUR,French 10-y Bond Auction,Low,3.09|1.8,3.04|1.9,1.09383,1.09629,1.0911,1.09483
2023-08-03,2:30pm,EUR,PPI m/m,Low,-0.4%,-1.9%,1.09383,1.09629,1.0911,1.09483
2023-08-03,2:30pm,USD,Challenger Job Cuts y/y,Low,-8.2%,25.2%,1.09383,1.09629,1.0911,1.09483
2023-08-03,6:00pm,USD,Unemployment Claims,High,227K,221K,1.09383,1.09629,1.0911,1.09483
2023-08-03,6:00pm,USD,Prelim Nonfarm Productivity q/q,Low,3.7%,-2.1%,1.09383,1.09629,1.0911,1.09483
2023-08-03,6:00pm,USD,Prelim Unit Labor Costs q/q,Low,1.6%,4.2%,1.09383,1.09629,1.0911,1.09483
2023-08-03,7:15pm,USD,Final Services PMI,Low,52.3,52.4,1.09383,1.09629,1.0911,1.09483
2023-08-03,7:30pm,USD,ISM Services PMI,High,52.7,53.9,1.09383,1.09629,1.0911,1.09483
2023-08-03,7:30pm,USD,Factory Orders m/m,Low,2.3%,0.4%,1.09383,1.09629,1.0911,1.09483
2023-08-03,8:00pm,USD,Natural Gas Storage,Low,14B,16B,1.09383,1.09629,1.0911,1.09483
2023-08-04,11:30am,EUR,German Factory Orders m/m,Low,7.0%,6.2%,1.09472,1.1042,1.0934,1.10072
2023-08-04,12:15pm,EUR,French Industrial Production m/m,Low,-0.9%,1.1%,1.09472,1.1042,1.0934,1.10072
2023-08-04,12:15pm,EUR,French Prelim Private Payrolls q/q,Low,0.1%,0.4%,1.09472,1.1042,1.0934,1.10072
2023-08-04,1:30pm,EUR,Italian Industrial Production m/m,Low,0.5%,1.7%,1.09472,1.1042,1.0934,1.10072
2023-08-04,2:30pm,EUR,Retail Sales m/m,Low,-0.3%,0.6%,1.09472,1.1042,1.0934,1.10072
2023-08-04,2:30pm,USD,Average Hourly Earnings m/m,High,0.4%,0.4%,1.09472,1.1042,1.0934,1.10072
2023-08-04,2:30pm,USD,Non-Farm Employment Change,High,187K,185K,1.09472,1.1042,1.0934,1.10072
2023-08-04,2:30pm,USD,Unemployment Rate,High,3.5%,3.6%,1.09472,1.1042,1.0934,1.10072
2023-08-07,11:30am,EUR,German Industrial Production m/m,Low,-1.5%,-0.1%,1.10105,1.10139,1.0964,1.10029
2023-08-07,2:00pm,EUR,Sentix Investor Confidence,Low,-18.9,-22.5,1.10105,1.10139,1.0964,1.10029
2023-08-08,12:30am,USD,Consumer Credit m/m,Low,17.8B,9.5B,1.10031,1.10111,1.0928,1.09535
2023-08-08,11:30am,EUR,German Final CPI m/m,Low,0.3%,0.3%,1.10031,1.10111,1.0928,1.09535
2023-08-08,12:15pm,EUR,French Trade Balance,Low,-6.7B,-7.9B,1.10031,1.10111,1.0928,1.09535
2023-08-08,3:30pm,USD,NFIB Small Business Index,Low,91.9,91.0,1.10031,1.10111,1.0928,1.09535
2023-08-08,3:30pm,USD,Trade Balance,Low,-65.5B,-68.3B,1.10031,1.10111,1.0928,1.09535
2023-08-08,7:30pm,USD,Final Wholesale Inventories m/m,Low,-0.5%,-0.3%,1.10031,1.10111,1.0928,1.09535
2023-08-08,7:30pm,USD,RCM/TIPP Economic Optimism,Low,40.3,41.3,1.10031,1.10111,1.0928,1.09535
2023-08-09,3:04pm,EUR,German 10-y Bond Auction,Low,2.46|1.6,2.64|1.9,1.09536,1.09954,1.095,1.09759
2023-08-09,8:00pm,USD,Crude Oil Inventories,Low,5.9M,-17.0M,1.09536,1.09954,1.095,1.09759
2023-08-09,10:31pm,USD,10-y Bond Auction,Medium,4.00|2.6,3.86|2.5,1.09536,1.09954,1.095,1.09759
2023-08-10,6:00pm,USD,Core CPI m/m,High,0.2%,0.2%,1.09761,1.10652,1.0966,1.09801
2023-08-10,6:00pm,USD,CPI m/m,High,0.2%,0.2%,1.09761,1.10652,1.0966,1.09801
2023-08-10,6:00pm,USD,CPI y/y,High,3.2%,3.0%,1.09761,1.10652,1.0966,1.09801
2023-08-10,6:00pm,USD,Unemployment Claims,High,248K,227K,1.09761,1.10652,1.0966,1.09801
2023-08-10,7:30pm,USD,Mortgage Delinquencies,Low,3.37%,3.56%,1.09761,1.10652,1.0966,1.09801
2023-08-10,8:00pm,USD,Natural Gas Storage,Low,29B,14B,1.09761,1.10652,1.0966,1.09801
2023-08-10,10:31pm,USD,30-y Bond Auction,Low,4.19|2.4,3.91|2.4,1.09761,1.10652,1.0966,1.09801
2023-08-10,11:30pm,USD,Federal Budget Balance,Low,-220.8B,-227.8B,1.09761,1.10652,1.0966,1.09801
2023-08-11,12:15pm,EUR,French Final CPI m/m,Low,0.1%,0.0%,1.09828,1.1005,1.09418,1.09436
2023-08-11,1:30pm,EUR,Italian Trade Balance,Low,7.72B,4.77B,1.09828,1.1005,1.09418,1.09436
2023-08-11,6:00pm,USD,Core PPI m/m,High,0.3%,-0.1%,1.09828,1.1005,1.09418,1.09436
2023-08-11,6:00pm,USD,PPI m/m,High,0.3%,0.0%,1.09828,1.1005,1.09418,1.09436
2023-08-11,7:30pm,USD,Prelim UoM Consumer Sentiment,High,71.2,71.6,1.09828,1.1005,1.09418,1.09436
2023-08-11,7:30pm,USD,Prelim UoM Inflation Expectations,Medium,3.3%,3.4%,1.09828,1.1005,1.09418,1.09436
2023-08-14,11:30am,EUR,German WPI m/m,Low,-0.2%,-0.2%,1.09475,1.09602,1.08745,1.09046
2023-08-14,7:15pm,USD,Cleveland Fed Inflation Expectations,Low,4.3%,5.0%,1.09475,1.09602,1.08745,1.09046
2023-08-15,2:30pm,EUR,German ZEW Economic Sentiment,Medium,-12.3,-14.7,1.09048,1.09525,1.08965,1.09027
2023-08-15,2:30pm,EUR,ZEW Economic Sentiment,Low,-5.5,-12.2,1.09048,1.09525,1.08965,1.09027
2023-08-15,2:30pm,USD,Core Retail Sales m/m,High,1.0%,0.2%,1.09048,1.09525,1.08965,1.09027
2023-08-15,2:30pm,USD,Empire State Manufacturing Index,High,-19.0,1.1,1.09048,1.09525,1.08965,1.09027
2023-08-15,2:30pm,USD,Retail Sales m/m,High,0.7%,0.3%,1.09048,1.09525,1.08965,1.09027
2023-08-15,2:30pm,USD,Import Prices m/m,Low,0.4%,-0.1%,1.09048,1.09525,1.08965,1.09027
2023-08-15,7:30pm,USD,Business Inventories m/m,Low,0.0%,0.0%,1.09048,1.09525,1.08965,1.09027
2023-08-15,7:30pm,USD,NAHB Housing Market Index,Low,50,56,1.09048,1.09525,1.08965,1.09027
2023-08-16,1:30am,USD,TIC Long-Term Purchases,Low,195.9B,23.6B,1.09024,1.09346,1.08713,1.08805
2023-08-16,2:30pm,EUR,Flash Employment Change q/q,Low,0.2%,0.5%,1.09024,1.09346,1.08713,1.08805
2023-08-16,2:30pm,EUR,Flash GDP q/q,Low,0.3%,0.3%,1.09024,1.09346,1.08713,1.08805
2023-08-16,2:30pm,EUR,Industrial Production m/m,Low,0.5%,0.0%,1.09024,1.09346,1.08713,1.08805
2023-08-16,3:06pm,EUR,German 30-y Bond Auction,Low,2.68|2.2,2.40|2.0,1.09024,1.09346,1.08713,1.08805
2023-08-16,3:06pm,USD,Building Permits,Medium,1.44M,1.44M,1.09024,1.09346,1.08713,1.08805
2023-08-16,3:06pm,USD,Housing Starts,Low,1.45M,1.40M,1.09024,1.09346,1.08713,1.08805
2023-08-16,6:45pm,USD,Industrial Production m/m,Medium,1.0%,-0.8%,1.09024,1.09346,1.08713,1.08805
2023-08-16,6:45pm,USD,Capacity Utilization Rate,Low,79.3%,78.6%,1.09024,1.09346,1.08713,1.08805
2023-08-16,8:00pm,USD,Crude Oil Inventories,Low,-6.0M,5.9M,1.09024,1.09346,1.08713,1.08805
2023-08-17,2:30pm,EUR,Trade Balance,Low,12.5B,0.2B,1.08813,1.09182,1.0856,1.08672
2023-08-17,2:30pm,USD,Unemployment Claims,High,239K,250K,1.08813,1.09182,1.0856,1.08672
2023-08-17,2:30pm,USD,Philly Fed Manufacturing Index,Medium,12.0,-13.5,1.08813,1.09182,1.0856,1.08672
2023-08-17,7:30pm,USD,CB Leading Index m/m,Low,-0.4%,-0.7%,1.08813,1.09182,1.0856,1.08672
2023-08-17,8:00pm,USD,Natural Gas Storage,Low,35B,29B,1.08813,1.09182,1.0856,1.08672
2023-08-18,2:30pm,EUR,Final Core CPI y/y,Low,5.5%,5.5%,1.08673,1.0894,1.08447,1.08711
2023-08-18,2:30pm,EUR,Final CPI y/y,Low,5.3%,5.3%,1.08673,1.0894,1.08447,1.08711
2023-08-21,11:30am,EUR,German PPI m/m,Low,-1.1%,-0.3%,1.08742,1.09137,1.08692,1.08943
2023-08-22,1:30pm,EUR,Current Account,Low,35.8B,7.9B,1.08953,1.09305,1.08328,1.08445
2023-08-22,7:29pm,USD,Richmond Manufacturing Index,Medium,-7,-9,1.08953,1.09305,1.08328,1.08445
2023-08-22,7:30pm,USD,Existing Home Sales,Medium,4.07M,4.16M,1.08953,1.09305,1.08328,1.08445
2023-08-23,12:45pm,EUR,French Flash Manufacturing PMI,High,46.4,45.1,1.08448,1.08715,1.0801,1.08619
2023-08-23,12:45pm,EUR,French Flash Services PMI,High,46.7,47.1,1.08448,1.08715,1.0801,1.08619
2023-08-23,1:00pm,EUR,German Flash Manufacturing PMI,High,39.1,38.8,1.08448,1.08715,1.0801,1.08619
2023-08-23,1:00pm,EUR,German Flash Services PMI,High,47.3,52.3,1.08448,1.08715,1.0801,1.08619
2023-08-23,1:30pm,EUR,Flash Manufacturing PMI,Medium,43.7,42.7,1.08448,1.08715,1.0801,1.08619
2023-08-23,1:30pm,EUR,Flash Services PMI,Medium,48.3,50.9,1.08448,1.08715,1.0801,1.08619
2023-08-23,7:15pm,USD,Flash Manufacturing PMI,High,47.0,49.0,1.08448,1.08715,1.0801,1.08619
2023-08-23,7:15pm,USD,Flash Services PMI,High,51.0,52.3,1.08448,1.08715,1.0801,1.08619
2023-08-23,7:30pm,EUR,Consumer Confidence,Low,-16,-15,1.08448,1.08715,1.0801,1.08619
2023-08-23,7:30pm,USD,Prelim Benchmark Payrolls Revision,High,-306K,462K,1.08448,1.08715,1.0801,1.08619
2023-08-23,7:30pm,USD,New Home Sales,Medium,714K,684K,1.08448,1.08715,1.0801,1.08619
2023-08-23,8:00pm,USD,Crude Oil Inventories,Low,-6.1M,-6.0M,1.08448,1.08715,1.0801,1.08619
2023-08-24,3:30pm,USD,Unemployment Claims,High,230K,240K,1.08618,1.08767,1.0803,1.08126
2023-08-24,3:30pm,USD,Core Durable Goods Orders m/m,Medium,0.5%,0.5%,1.08618,1.08767,1.0803,1.08126
2023-08-24,3:30pm,USD,Durable Goods Orders m/m,Medium,-5.2%,4.6%,1.08618,1.08767,1.0803,1.08126
2023-08-24,8:00pm,USD,Natural Gas Storage,Low,18B,35B,1.08618,1.08767,1.0803,1.08126
2023-08-25,11:30am,EUR,German Final GDP q/q,Low,0.0%,0.0%,1.0812,1.08418,1.0765,1.0793
2023-08-25,1:30pm,EUR,German ifo Business Climate,High,85.7,87.4,1.0812,1.08418,1.0765,1.0793
2023-08-25,6:30pm,EUR,Belgian NBB Business Climate,Low,-14.9,-14.8,1.0812,1.08418,1.0765,1.0793
2023-08-25,7:30pm,USD,Revised UoM Consumer Sentiment,High,69.5,71.2,1.0812,1.08418,1.0765,1.0793
2023-08-25,7:30pm,USD,Revised UoM Inflation Expectations,Low,3.5%,3.3%,1.0812,1.08418,1.0765,1.0793
2023-08-28,1:30pm,EUR,M3 Money Supply y/y,Low,-0.4%,0.6%,1.07957,1.08232,1.0793,1.08187
2023-08-28,1:30pm,EUR,Private Loans y/y,Low,1.3%,1.7%,1.07957,1.08232,1.0793,1.08187
2023-08-29,11:30am,EUR,German GfK Consumer Climate,Low,-25.5,-24.6,1.08191,1.0892,1.0782,1.08785
2023-08-29,6:30pm,USD,S&P/CS Composite-20 HPI y/y,High,-1.2%,-1.7%,1.08191,1.0892,1.0782,1.08785
2023-08-29,6:30pm,USD,HPI m/m,Low,0.3%,0.7%,1.08191,1.0892,1.0782,1.08785
2023-08-29,7:30pm,USD,CB Consumer Confidence,High,106.1,114.0,1.08191,1.0892,1.0782,1.08785
2023-08-29,7:30pm,USD,JOLTS Job Openings,High,8.83M,9.17M,1.08191,1.0892,1.0782,1.08785
2023-08-30,11:30am,EUR,German Import Prices m/m,Low,-0.6%,-1.6%,1.08781,1.09456,1.08549,1.09228
2023-08-30,All Day,EUR,German Prelim CPI m/m,High,0.3%,0.3%,1.08781,1.09456,1.08549,1.09228
2023-08-30,All Day,EUR,Spanish Flash CPI y/y,High,2.6%,2.3%,1.08781,1.09456,1.08549,1.09228
2023-08-30,2:44pm,EUR,Italian 10-y Bond Auction,Low,4.20|1.6,4.10|1.4,1.08781,1.09456,1.08549,1.09228
2023-08-30,5:45pm,USD,ADP Non-Farm Employment Change,High,177K,371K,1.08781,1.09456,1.08549,1.09228
2023-08-30,6:00pm,USD,Prelim GDP q/q,High,2.1%,2.4%,1.08781,1.09456,1.08549,1.09228
2023-08-30,6:00pm,USD,Prelim GDP Price Index q/q,Medium,2.0%,2.2%,1.08781,1.09456,1.08549,1.09228
2023-08-30,6:00pm,USD,Goods Trade Balance,Low,-91.2B,-88.8B,1.08781,1.09456,1.08549,1.09228
2023-08-30,6:00pm,USD,Prelim Wholesale Inventories m/m,Low,-0.1%,-0.5%,1.08781,1.09456,1.08549,1.09228
2023-08-30,7:30pm,USD,Pending Home Sales m/m,Medium,0.9%,0.4%,1.08781,1.09456,1.08549,1.09228
2023-08-30,8:00pm,USD,Crude Oil Inventories,Low,-10.6M,-6.1M,1.08781,1.09456,1.08549,1.09228
2023-08-31,11:30am,EUR,German Retail Sales m/m,Low,-0.8%,-0.2%,1.09227,1.09394,1.08348,1.08415
2023-08-31,12:15pm,EUR,French Consumer Spending m/m,Low,0.3%,0.9%,1.09227,1.09394,1.08348,1.08415
2023-08-31,12:15pm,EUR,French Prelim CPI m/m,Low,1.0%,0.1%,1.09227,1.09394,1.08348,1.08415
2023-08-31,12:15pm,EUR,French Prelim GDP q/q,Low,0.5%,0.5%,1.09227,1.09394,1.08348,1.08415
2023-08-31,1:25pm,EUR,German Unemployment Change,Low,18K,1K,1.09227,1.09394,1.08348,1.08415
2023-08-31,1:30pm,EUR,Italian Monthly Unemployment Rate,Low,7.6%,7.5%,1.09227,1.09394,1.08348,1.08415
2023-08-31,2:30pm,EUR,Core CPI Flash Estimate y/y,Medium,5.3%,5.5%,1.09227,1.09394,1.08348,1.08415
2023-08-31,2:30pm,EUR,CPI Flash Estimate y/y,Medium,5.3%,5.3%,1.09227,1.09394,1.08348,1.08415
2023-08-31,2:30pm,EUR,Italian Prelim CPI m/m,Low,0.4%,0.0%,1.09227,1.09394,1.08348,1.08415
2023-08-31,2:30pm,EUR,Unemployment Rate,Low,6.4%,6.4%,1.09227,1.09394,1.08348,1.08415
2023-08-31,2:30pm,USD,Challenger Job Cuts y/y,Low,266.9%,-8.2%,1.09227,1.09394,1.08348,1.08415
2023-08-31,2:30pm,USD,Core PCE Price Index m/m,High,0.2%,0.2%,1.09227,1.09394,1.08348,1.08415
2023-08-31,2:30pm,USD,Unemployment Claims,High,228K,232K,1.09227,1.09394,1.08348,1.08415
2023-08-31,2:30pm,USD,Personal Income m/m,Low,0.2%,0.3%,1.09227,1.09394,1.08348,1.08415
2023-08-31,2:30pm,USD,Personal Spending m/m,Low,0.8%,0.6%,1.09227,1.09394,1.08348,1.08415
2023-08-31,7:15pm,USD,Chicago PMI,Low,48.7,42.8,1.09227,1.09394,1.08348,1.08415
2023-08-31,8:00pm,USD,Natural Gas Storage,Low,32B,18B,1.09227,1.09394,1.08348,1.08415
2023-09-01,12:15pm,EUR,French Gov Budget Balance,Low,-169.0B,-116.2B,1.08414,1.08819,1.07706,1.07733
2023-09-01,12:45pm,EUR,Spanish Manufacturing PMI,Low,46.5,47.8,1.08414,1.08819,1.07706,1.07733
2023-09-01,1:15pm,EUR,Italian Manufacturing PMI,Low,45.4,44.5,1.08414,1.08819,1.07706,1.07733
2023-09-01,1:20pm,EUR,French Final Manufacturing PMI,Low,46.0,46.4,1.08414,1.08819,1.07706,1.07733
2023-09-01,1:25pm,EUR,German Final Manufacturing PMI,Low,39.1,39.1,1.08414,1.08819,1.07706,1.07733
2023-09-01,1:30pm,EUR,Final Manufacturing PMI,Low,43.5,43.7,1.08414,1.08819,1.07706,1.07733
2023-09-01,2:00pm,USD,Average Hourly Earnings m/m,High,0.2%,0.4%,1.08414,1.08819,1.07706,1.07733
2023-09-01,2:00pm,USD,Non-Farm Employment Change,High,187K,157K,1.08414,1.08819,1.07706,1.07733
2023-09-01,2:00pm,USD,Unemployment Rate,High,3.8%,3.5%,1.08414,1.08819,1.07706,1.07733
2023-09-01,7:15pm,USD,Final Manufacturing PMI,Low,47.9,47.0,1.08414,1.08819,1.07706,1.07733
2023-09-01,7:30pm,USD,ISM Manufacturing PMI,High,47.6,46.4,1.08414,1.08819,1.07706,1.07733
2023-09-01,7:30pm,USD,ISM Manufacturing Prices,Medium,48.4,42.6,1.08414,1.08819,1.07706,1.07733
2023-09-01,7:30pm,USD,Construction Spending m/m,Low,0.7%,0.6%,1.08414,1.08819,1.07706,1.07733
2023-09-01,All Day,USD,Wards Total Vehicle Sales,Low,15.0M,15.7M,1.08414,1.08819,1.07706,1.07733
2023-09-04,11:30am,EUR,German Trade Balance,Low,15.9B,18.8B,1.07739,1.0809,1.07712,1.07938
2023-09-04,11:30am,EUR,Spanish Unemployment Change,Low,24.8K,-11.0K,1.07739,1.0809,1.07712,1.07938
2023-09-04,2:00pm,EUR,Sentix Investor Confidence,Low,-21.5,-18.9,1.07739,1.0809,1.07712,1.07938
2023-09-05,12:45pm,EUR,Spanish Services PMI,Low,49.3,52.8,1.07943,1.07985,1.07062,1.07226
2023-09-05,1:15pm,EUR,Italian Services PMI,Low,49.8,51.5,1.07943,1.07985,1.07062,1.07226
2023-09-05,1:20pm,EUR,French Final Services PMI,Low,46.0,46.7,1.07943,1.07985,1.07062,1.07226
2023-09-05,1:25pm,EUR,German Final Services PMI,Low,47.3,47.3,1.07943,1.07985,1.07062,1.07226
2023-09-05,1:30pm,EUR,Final Services PMI,Low,47.9,48.3,1.07943,1.07985,1.07062,1.07226
2023-09-05,2:30pm,EUR,PPI m/m,Low,-0.5%,-0.4%,1.07943,1.07985,1.07062,1.07226
2023-09-05,7:30pm,USD,Factory Orders m/m,Low,-2.1%,2.3%,1.07943,1.07985,1.07062,1.07226
2023-09-06,11:30am,EUR,German Factory Orders m/m,Low,-11.7%,7.6%,1.07221,1.07489,1.07021,1.07225
2023-09-06,2:30pm,EUR,Retail Sales m/m,Low,-0.2%,0.2%,1.07221,1.07489,1.07021,1.07225
2023-09-06,3:04pm,EUR,German 10-y Bond Auction,Low,2.63|1.7,2.46|1.6,1.07221,1.07489,1.07021,1.07225
2023-09-06,3:04pm,USD,Trade Balance,Low,-65.0B,-63.7B,1.07221,1.07489,1.07021,1.07225
2023-09-06,7:15pm,USD,Final Services PMI,Low,50.5,51.0,1.07221,1.07489,1.07021,1.07225
2023-09-06,7:15pm,USD,ISM Services PMI,High,54.5,52.7,1.07221,1.07489,1.07021,1.07225
2023-09-06,7:15pm,USD,RCM/TIPP Economic Optimism,Low,43.2,40.3,1.07221,1.07489,1.07021,1.07225
2023-09-07,11:00am,EUR,French Final Private Payrolls q/q,Low,0.1%,0.1%,1.07239,1.0732,1.0686,1.06962
2023-09-07,11:30am,EUR,German Industrial Production m/m,Low,-0.8%,-1.4%,1.07239,1.0732,1.0686,1.06962
2023-09-07,12:15pm,EUR,French Trade Balance,Low,-8.1B,-6.8B,1.07239,1.0732,1.0686,1.06962
2023-09-07,1:30pm,EUR,Italian Retail Sales m/m,Low,0.4%,-0.2%,1.07239,1.0732,1.0686,1.06962
2023-09-07,2:14pm,EUR,Spanish 10-y Bond Auction,Low,3.66|1.7,3.61|1.5,1.07239,1.0732,1.0686,1.06962
2023-09-07,2:28pm,EUR,French 10-y Bond Auction,Low,3.15|1.7,3.09|1.8,1.07239,1.0732,1.0686,1.06962
2023-09-07,2:30pm,EUR,Final Employment Change q/q,Low,0.2%,0.2%,1.07239,1.0732,1.0686,1.06962
2023-09-07,2:30pm,EUR,Revised GDP q/q,Low,0.1%,0.3%,1.07239,1.0732,1.0686,1.06962
2023-09-07,2:30pm,USD,Unemployment Claims,High,216K,229K,1.07239,1.0732,1.0686,1.06962
2023-09-07,2:30pm,USD,Revised Nonfarm Productivity q/q,Low,3.5%,3.7%,1.07239,1.0732,1.0686,1.06962
2023-09-07,2:30pm,USD,Revised Unit Labor Costs q/q,Low,2.2%,1.6%,1.07239,1.0732,1.0686,1.06962
2023-09-07,8:00pm,USD,Natural Gas Storage,Low,33B,32B,1.07239,1.0732,1.0686,1.06962
2023-09-07,8:30pm,USD,Crude Oil Inventories,Low,-6.3M,-10.6M,1.07239,1.0732,1.0686,1.06962
2023-09-08,11:30am,EUR,German Final CPI m/m,Low,0.3%,0.3%,1.06969,1.07439,1.0692,1.0699
2023-09-08,12:15pm,EUR,French Industrial Production m/m,Low,0.8%,-0.9%,1.06969,1.07439,1.0692,1.0699
2023-09-08,7:30pm,USD,Final Wholesale Inventories m/m,Low,-0.2%,-0.1%,1.06969,1.07439,1.0692,1.0699
2023-09-09,12:30am,USD,Consumer Credit m/m,Low,10.4B,14.0B,,,,
2023-09-11,1:30pm,EUR,Italian Industrial Production m/m,Low,-0.7%,0.5%,1.07147,1.07594,1.07064,1.07484
2023-09-12,11:30am,EUR,German WPI m/m,Low,0.2%,-0.2%,1.07493,1.07692,1.07052,1.0759
2023-09-12,2:30pm,EUR,German ZEW Economic Sentiment,Medium,-11.4,-12.3,1.07493,1.07692,1.07052,1.0759
2023-09-12,2:30pm,EUR,ZEW Economic Sentiment,Low,-8.9,-5.5,1.07493,1.07692,1.07052,1.0759
2023-09-12,3:30pm,USD,NFIB Small Business Index,Low,91.3,91.9,1.07493,1.07692,1.07052,1.0759
2023-09-12,10:31pm,USD,10-y Bond Auction,Low,4.29|2.5,4.00|2.6,1.07493,1.07692,1.07052,1.0759
2023-09-13,1:30pm,EUR,Italian Quarterly Unemployment Rate,Low,7.6%,7.9%,1.07589,1.07648,1.07109,1.07292
2023-09-13,2:30pm,EUR,Industrial Production m/m,Low,-1.1%,0.4%,1.07589,1.07648,1.07109,1.07292
2023-09-13,3:12pm,EUR,German 30-y Bond Auction,Low,2.79|2.3,2.68|2.2,1.07589,1.07648,1.07109,1.07292
2023-09-13,6:00pm,USD,Core CPI m/m,High,0.3%,0.2%,1.07589,1.07648,1.07109,1.07292
2023-09-13,6:00pm,USD,CPI m/m,High,0.6%,0.2%,1.07589,1.07648,1.07109,1.07292
2023-09-13,6:00pm,USD,CPI y/y,High,3.7%,3.2%,1.07589,1.07648,1.07109,1.07292
2023-09-13,8:00pm,USD,Crude Oil Inventories,Low,4.0M,-6.3M,1.07589,1.07648,1.07109,1.07292
2023-09-13,10:31pm,USD,30-y Bond Auction,Low,4.35|2.5,4.19|2.4,1.07589,1.07648,1.07109,1.07292
2023-09-13,11:30pm,USD,Federal Budget Balance,Low,89.3B,-220.8B,1.07589,1.07648,1.07109,1.07292
2023-09-14,5:45pm,EUR,Main Refinancing Rate,High,4.50%,4.25%,1.07294,1.07521,1.06315,1.0642
2023-09-14,5:45pm,USD,Core PPI m/m,High,0.2%,0.4%,1.07294,1.07521,1.06315,1.0642
2023-09-14,5:45pm,USD,Core Retail Sales m/m,High,0.6%,0.7%,1.07294,1.07521,1.06315,1.0642
2023-09-14,5:45pm,USD,PPI m/m,High,0.7%,0.4%,1.07294,1.07521,1.06315,1.0642
2023-09-14,5:45pm,USD,Retail Sales m/m,High,0.6%,0.5%,1.07294,1.07521,1.06315,1.0642
2023-09-14,5:45pm,USD,Unemployment Claims,High,220K,217K,1.07294,1.07521,1.06315,1.0642
2023-09-14,7:30pm,USD,Business Inventories m/m,Low,0.0%,0.0%,1.07294,1.07521,1.06315,1.0642
2023-09-14,8:00pm,USD,Natural Gas Storage,Low,57B,33B,1.07294,1.07521,1.06315,1.0642
2023-09-15,12:15pm,EUR,French Final CPI m/m,Low,1.0%,1.0%,1.06421,1.0688,1.06328,1.06596
2023-09-15,2:30pm,EUR,Italian Trade Balance,Low,6.38B,3.46B,1.06421,1.0688,1.06328,1.06596
2023-09-15,2:30pm,EUR,Trade Balance,Low,2.9B,8.6B,1.06421,1.0688,1.06328,1.06596
2023-09-15,2:30pm,USD,Empire State Manufacturing Index,High,1.9,-19.0,1.06421,1.0688,1.06328,1.06596
2023-09-15,2:30pm,USD,Import Prices m/m,Low,0.5%,0.1%,1.06421,1.0688,1.06328,1.06596
2023-09-15,6:45pm,USD,Industrial Production m/m,Medium,0.4%,0.7%,1.06421,1.0688,1.06328,1.06596
2023-09-15,6:45pm,USD,Capacity Utilization Rate,Low,79.7%,79.5%,1.06421,1.0688,1.06328,1.06596
2023-09-15,7:30pm,USD,Prelim UoM Consumer Sentiment,High,67.7,69.5,1.06421,1.0688,1.06328,1.06596
2023-09-15,7:30pm,USD,Prelim UoM Inflation Expectations,Medium,3.1%,3.5%,1.06421,1.0688,1.06328,1.06596
2023-09-18,7:30pm,USD,NAHB Housing Market Index,Low,45,50,1.06626,1.06988,1.0654,1.06918
2023-09-19,1:30am,USD,TIC Long-Term Purchases,Low,8.8B,186.0B,1.06914,1.0718,1.0672,1.06795
2023-09-19,1:30pm,EUR,Current Account,Low,20.9B,35.8B,1.06914,1.0718,1.0672,1.06795
2023-09-19,2:30pm,EUR,Final Core CPI y/y,Low,5.3%,5.3%,1.06914,1.0718,1.0672,1.06795
2023-09-19,2:30pm,EUR,Final CPI y/y,Low,5.2%,5.3%,1.06914,1.0718,1.0672,1.06795
2023-09-19,2:41pm,USD,Building Permits,Medium,1.54M,1.44M,1.06914,1.0718,1.0672,1.06795
2023-09-19,2:41pm,USD,Housing Starts,Low,1.28M,1.45M,1.06914,1.0718,1.0672,1.06795
2023-09-20,11:30am,EUR,German PPI m/m,Low,0.3%,-1.1%,1.06793,1.0737,1.0649,1.06633
2023-09-20,2:00pm,USD,Crude Oil Inventories,Low,-2.1M,4.0M,1.06793,1.0737,1.0649,1.06633
2023-09-20,11:30pm,USD,Federal Funds Rate,High,5.50%,5.50%,1.06793,1.0737,1.0649,1.06633
2023-09-21,11:30am,USD,Unemployment Claims,High,201K,221K,1.06635,1.06735,1.06165,1.06584
2023-09-21,11:30am,USD,Philly Fed Manufacturing Index,Medium,-13.5,12.0,1.06635,1.06735,1.06165,1.06584
2023-09-21,11:30am,USD,Current Account,Low,-212B,-214B,1.06635,1.06735,1.06165,1.06584
2023-09-21,11:30am,EUR,Consumer Confidence,Low,-18,-16,1.06635,1.06735,1.06165,1.06584
2023-09-21,11:30am,USD,Existing Home Sales,Medium,4.04M,4.07M,1.06635,1.06735,1.06165,1.06584
2023-09-21,11:30am,USD,CB Leading Index m/m,Low,-0.4%,-0.3%,1.06635,1.06735,1.06165,1.06584
2023-09-21,8:00pm,USD,Natural Gas Storage,Low,64B,57B,1.06635,1.06735,1.06165,1.06584
2023-09-22,12:45pm,EUR,French Flash Manufacturing PMI,High,43.6,46.0,1.06582,1.06717,1.06147,1.06432
2023-09-22,12:45pm,EUR,French Flash Services PMI,High,43.9,46.0,1.06582,1.06717,1.06147,1.06432
2023-09-22,1:00pm,EUR,German Flash Manufacturing PMI,High,39.8,39.1,1.06582,1.06717,1.06147,1.06432
2023-09-22,1:00pm,EUR,German Flash Services PMI,High,49.8,47.3,1.06582,1.06717,1.06147,1.06432
2023-09-22,1:30pm,EUR,Flash Manufacturing PMI,Medium,43.4,43.5,1.06582,1.06717,1.06147,1.06432
2023-09-22,1:30pm,EUR,Flash Services PMI,Medium,48.4,47.9,1.06582,1.06717,1.06147,1.06432
2023-09-22,7:15pm,USD,Flash Manufacturing PMI,High,48.9,47.9,1.06582,1.06717,1.06147,1.06432
2023-09-22,7:15pm,USD,Flash Services PMI,High,50.2,50.5,1.06582,1.06717,1.06147,1.06432
2023-09-25,1:30pm,EUR,German ifo Business Climate,High,85.7,85.8,1.06445,1.06555,1.05753,1.05922
2023-09-25,3:30pm,EUR,Belgian NBB Business Climate,Low,-14.4,-14.9,1.06445,1.06555,1.05753,1.05922
2023-09-26,2:32pm,USD,HPI m/m,Low,0.8%,0.4%,1.05915,1.0609,1.05618,1.05698
2023-09-26,6:33pm,USD,S&P/CS Composite-20 HPI y/y,Medium,0.1%,-1.2%,1.05915,1.0609,1.05618,1.05698
2023-09-26,7:29pm,USD,Richmond Manufacturing Index,Medium,5,-7,1.05915,1.0609,1.05618,1.05698
2023-09-26,7:30pm,USD,CB Consumer Confidence,High,103.0,108.7,1.05915,1.0609,1.05618,1.05698
2023-09-26,7:30pm,USD,New Home Sales,Medium,675K,739K,1.05915,1.0609,1.05618,1.05698
2023-09-27,11:30am,EUR,German GfK Consumer Climate,Low,-26.5,-25.6,1.05698,1.0574,1.04878,1.05052
2023-09-27,11:30am,EUR,M3 Money Supply y/y,Low,-1.3%,-0.4%,1.05698,1.0574,1.04878,1.05052
2023-09-27,11:30am,EUR,Private Loans y/y,Low,1.0%,1.3%,1.05698,1.0574,1.04878,1.05052
2023-09-27,3:01pm,EUR,German 10-y Bond Auction,Low,2.78|2.0,2.63|1.7,1.05698,1.0574,1.04878,1.05052
2023-09-27,6:00pm,USD,Core Durable Goods Orders m/m,Medium,0.4%,0.4%,1.05698,1.0574,1.04878,1.05052
2023-09-27,6:00pm,USD,Durable Goods Orders m/m,Medium,0.2%,-5.6%,1.05698,1.0574,1.04878,1.05052
2023-09-27,8:00pm,USD,Crude Oil Inventories,Low,-2.2M,-2.1M,1.05698,1.0574,1.04878,1.05052
2023-09-28,All Day,EUR,German Prelim CPI m/m,High,0.3%,0.3%,1.05051,1.0579,1.04908,1.05635
2023-09-28,12:30pm,EUR,Spanish Flash CPI y/y,High,3.5%,2.6%,1.05051,1.0579,1.04908,1.05635
2023-09-28,2:46pm,EUR,Italian 10-y Bond Auction,Low,4.93|1.4,4.20|1.6,1.05051,1.0579,1.04908,1.05635
2023-09-28,6:00pm,USD,Final GDP q/q,High,2.1%,2.1%,1.05051,1.0579,1.04908,1.05635
2023-09-28,6:00pm,USD,Unemployment Claims,High,204K,202K,1.05051,1.0579,1.04908,1.05635
2023-09-28,6:00pm,USD,Final GDP Price Index q/q,Medium,1.7%,2.0%,1.05051,1.0579,1.04908,1.05635
2023-09-28,7:30pm,USD,Pending Home Sales m/m,Medium,-7.1%,0.5%,1.05051,1.0579,1.04908,1.05635
2023-09-28,8:00pm,USD,Natural Gas Storage,Low,90B,64B,1.05051,1.0579,1.04908,1.05635
2023-09-29,11:30am,EUR,German Import Prices m/m,Low,0.4%,-0.6%,1.05639,1.0617,1.05577,1.05709
2023-09-29,11:30am,EUR,German Retail Sales m/m,Low,-1.2%,-1.0%,1.05639,1.0617,1.05577,1.05709
2023-09-29,12:15pm,EUR,French Consumer Spending m/m,Low,-0.5%,0.4%,1.05639,1.0617,1.05577,1.05709
2023-09-29,12:15pm,EUR,French Prelim CPI m/m,Low,-0.5%,1.0%,1.05639,1.0617,1.05577,1.05709
2023-09-29,1:25pm,EUR,German Unemployment Change,Low,10K,20K,1.05639,1.0617,1.05577,1.05709
2023-09-29,2:30pm,EUR,Core CPI Flash Estimate y/y,Medium,4.5%,5.3%,1.05639,1.0617,1.05577,1.05709
2023-09-29,2:30pm,EUR,CPI Flash Estimate y/y,Medium,4.3%,5.2%,1.05639,1.0617,1.05577,1.05709
2023-09-29,2:30pm,EUR,Italian Prelim CPI m/m,Low,0.2%,0.3%,1.05639,1.0617,1.05577,1.05709
2023-09-29,2:30pm,USD,Core PCE Price Index m/m,High,0.1%,0.2%,1.05639,1.0617,1.05577,1.05709
2023-09-29,2:30pm,USD,Goods Trade Balance,Low,-84.3B,-90.9B,1.05639,1.0617,1.05577,1.05709
2023-09-29,2:30pm,USD,Personal Income m/m,Low,0.4%,0.2%,1.05639,1.0617,1.05577,1.05709
2023-09-29,2:30pm,USD,Personal Spending m/m,Low,0.4%,0.9%,1.05639,1.0617,1.05577,1.05709
2023-09-29,2:30pm,USD,Prelim Wholesale Inventories m/m,Low,-0.1%,-0.2%,1.05639,1.0617,1.05577,1.05709
2023-09-29,7:15pm,USD,Chicago PMI,Medium,44.1,48.7,1.05639,1.0617,1.05577,1.05709
2023-09-29,7:30pm,USD,Revised UoM Consumer Sentiment,High,68.1,67.7,1.05639,1.0617,1.05577,1.05709
2023-09-29,7:30pm,USD,Revised UoM Inflation Expectations,Low,3.2%,3.1%,1.05639,1.0617,1.05577,1.05709
2023-10-02,12:45pm,EUR,Spanish Manufacturing PMI,Low,47.7,46.5,1.05676,1.05919,1.04749,1.0479
2023-10-02,1:15pm,EUR,Italian Manufacturing PMI,Low,46.8,45.4,1.05676,1.05919,1.04749,1.0479
2023-10-02,1:20pm,EUR,French Final Manufacturing PMI,Low,44.2,43.6,1.05676,1.05919,1.04749,1.0479
2023-10-02,1:25pm,EUR,German Final Manufacturing PMI,Low,39.6,39.8,1.05676,1.05919,1.04749,1.0479
2023-10-02,1:30pm,EUR,Final Manufacturing PMI,Low,43.4,43.4,1.05676,1.05919,1.04749,1.0479
2023-10-02,1:30pm,EUR,Italian Monthly Unemployment Rate,Low,7.3%,7.5%,1.05676,1.05919,1.04749,1.0479
2023-10-02,2:30pm,EUR,Unemployment Rate,Low,6.4%,6.5%,1.05676,1.05919,1.04749,1.0479
2023-10-02,7:15pm,USD,Final Manufacturing PMI,Low,49.8,48.9,1.05676,1.05919,1.04749,1.0479
2023-10-02,7:30pm,USD,ISM Manufacturing PMI,High,49.0,47.6,1.05676,1.05919,1.04749,1.0479
2023-10-02,7:30pm,USD,ISM Manufacturing Prices,Medium,43.8,48.4,1.05676,1.05919,1.04749,1.0479
2023-10-02,7:30pm,USD,Construction Spending m/m,Low,0.5%,0.9%,1.05676,1.05919,1.04749,1.0479
2023-10-03,12:15pm,EUR,French Gov Budget Balance,Low,-187.9B,-169.0B,1.04786,1.04934,1.0448,1.04642
2023-10-03,12:30pm,EUR,Spanish Unemployment Change,Low,19.8K,24.8K,1.04786,1.04934,1.0448,1.04642
2023-10-03,7:30pm,USD,JOLTS Job Openings,High,9.61M,8.92M,1.04786,1.04934,1.0448,1.04642
2023-10-03,7:30pm,USD,RCM/TIPP Economic Optimism,Low,36.3,43.2,1.04786,1.04934,1.0448,1.04642
2023-10-03,All Day,USD,Wards Total Vehicle Sales,Low,15.7M,15.0M,1.04786,1.04934,1.0448,1.04642
2023-10-04,12:45pm,EUR,Spanish Services PMI,Low,50.5,49.3,1.04646,1.05321,1.0451,1.0506
2023-10-04,1:15pm,EUR,Italian Services PMI,Low,49.9,49.8,1.04646,1.05321,1.0451,1.0506
2023-10-04,1:20pm,EUR,French Final Services PMI,Low,44.4,43.9,1.04646,1.05321,1.0451,1.0506
2023-10-04,1:25pm,EUR,German Final Services PMI,Low,50.3,49.8,1.04646,1.05321,1.0451,1.0506
2023-10-04,1:30pm,EUR,Final Services PMI,Low,48.7,48.4,1.04646,1.05321,1.0451,1.0506
2023-10-04,2:30pm,EUR,PPI m/m,Low,0.6%,-0.5%,1.04646,1.05321,1.0451,1.0506
2023-10-04,2:30pm,EUR,Retail Sales m/m,Low,-1.2%,-0.1%,1.04646,1.05321,1.0451,1.0506
2023-10-04,5:45pm,USD,ADP Non-Farm Employment Change,High,89K,180K,1.04646,1.05321,1.0451,1.0506
2023-10-04,7:15pm,USD,Final Services PMI,Low,50.1,50.2,1.04646,1.05321,1.0451,1.0506
2023-10-04,7:30pm,USD,ISM Services PMI,High,53.6,54.5,1.04646,1.05321,1.0451,1.0506
2023-10-04,7:30pm,USD,Factory Orders m/m,Low,1.2%,-2.1%,1.04646,1.05321,1.0451,1.0506
2023-10-04,8:00pm,USD,Crude Oil Inventories,Low,-2.2M,-2.2M,1.04646,1.05321,1.0451,1.0506
2023-10-05,11:30am,EUR,German Trade Balance,Low,16.6B,16.0B,1.05062,1.0552,1.04998,1.05483
2023-10-05,12:15pm,EUR,French Industrial Production m/m,Low,-0.3%,0.5%,1.05062,1.0552,1.04998,1.05483
2023-10-05,2:10pm,EUR,Spanish 10-y Bond Auction,Low,3.98|2.3,3.66|1.7,1.05062,1.0552,1.04998,1.05483
2023-10-05,2:25pm,EUR,French 10-y Bond Auction,Low,3.56|1.9,3.15|1.7,1.05062,1.0552,1.04998,1.05483
2023-10-05,5:00pm,USD,Challenger Job Cuts y/y,Low,58.2%,266.9%,1.05062,1.0552,1.04998,1.05483
2023-10-05,5:00pm,USD,Unemployment Claims,High,207K,205K,1.05062,1.0552,1.04998,1.05483
2023-10-05,5:00pm,USD,Trade Balance,Low,-58.3B,-64.7B,1.05062,1.0552,1.04998,1.05483
2023-10-05,8:00pm,USD,Natural Gas Storage,Low,86B,90B,1.05062,1.0552,1.04998,1.05483
2023-10-06,11:30am,EUR,German Factory Orders m/m,Low,3.9%,-11.3%,1.05483,1.06,1.04823,1.05857
2023-10-06,12:15pm,EUR,French Trade Balance,Low,-8.2B,-8.1B,1.05483,1.06,1.04823,1.05857
2023-10-06,1:30pm,EUR,Italian Retail Sales m/m,Low,-0.4%,0.4%,1.05483,1.06,1.04823,1.05857
2023-10-06,1:30pm,USD,Average Hourly Earnings m/m,High,0.2%,0.2%,1.05483,1.06,1.04823,1.05857
2023-10-06,1:30pm,USD,Non-Farm Employment Change,High,336K,227K,1.05483,1.06,1.04823,1.05857
2023-10-06,1:30pm,USD,Unemployment Rate,High,3.8%,3.8%,1.05483,1.06,1.04823,1.05857
2023-10-07,12:30am,USD,Consumer Credit m/m,Low,-15.6B,11.0B,,,,
2023-10-09,11:30am,EUR,German Industrial Production m/m,Low,-0.2%,-0.6%,1.05545,1.05744,1.05192,1.0565
2023-10-09,2:00pm,EUR,Sentix Investor Confidence,Low,-21.9,-21.5,1.05545,1.05744,1.05192,1.0565
2023-10-10,1:30pm,EUR,Italian Industrial Production m/m,Low,0.2%,-0.9%,1.05654,1.06198,1.05542,1.0605
2023-10-10,3:26pm,USD,NFIB Small Business Index,Low,90.8,91.3,1.05654,1.06198,1.05542,1.0605
2023-10-10,7:30pm,USD,Final Wholesale Inventories m/m,Low,-0.1%,-0.1%,1.05654,1.06198,1.05542,1.0605
2023-10-11,11:30am,EUR,German Final CPI m/m,Low,0.3%,0.3%,1.06046,1.06348,1.05799,1.062
2023-10-11,3:00pm,EUR,German 30-y Bond Auction,Low,2.87|2.9,2.79|2.3,1.06046,1.06348,1.05799,1.062
2023-10-11,3:00pm,USD,Core PPI m/m,High,0.3%,0.2%,1.06046,1.06348,1.05799,1.062
2023-10-11,3:00pm,USD,PPI m/m,High,0.5%,0.7%,1.06046,1.06348,1.05799,1.062
2023-10-11,10:31pm,USD,10-y Bond Auction,Low,4.61|2.5,4.29|2.5,1.06046,1.06348,1.05799,1.062
2023-10-12,6:00pm,USD,Core CPI m/m,High,0.3%,0.3%,1.06191,1.06397,1.0524,1.05297
2023-10-12,6:00pm,USD,CPI m/m,High,0.4%,0.6%,1.06191,1.06397,1.0524,1.05297
2023-10-12,6:00pm,USD,CPI y/y,High,3.7%,3.7%,1.06191,1.06397,1.0524,1.05297
2023-10-12,6:00pm,USD,Unemployment Claims,High,209K,209K,1.06191,1.06397,1.0524,1.05297
2023-10-12,8:00pm,USD,Natural Gas Storage,Low,84B,86B,1.06191,1.06397,1.0524,1.05297
2023-10-12,8:30pm,USD,Crude Oil Inventories,Low,10.2M,-2.2M,1.06191,1.06397,1.0524,1.05297
2023-10-12,10:31pm,USD,30-y Bond Auction,Low,4.84|2.3,4.35|2.5,1.06191,1.06397,1.0524,1.05297
2023-10-13,5:20am,EUR,French Final CPI m/m,Low,-0.5%,-0.5%,1.053,1.05584,1.04952,1.05043
2023-10-13,2:30pm,EUR,Industrial Production m/m,Low,0.6%,-1.3%,1.053,1.05584,1.04952,1.05043
2023-10-13,6:00pm,USD,Import Prices m/m,Low,0.1%,0.6%,1.053,1.05584,1.04952,1.05043
2023-10-13,7:30pm,USD,Prelim UoM Consumer Sentiment,High,63.0,68.1,1.053,1.05584,1.04952,1.05043
2023-10-13,7:30pm,USD,Prelim UoM Inflation Expectations,Medium,3.8%,3.2%,1.053,1.05584,1.04952,1.05043
2023-10-16,11:30am,EUR,German WPI m/m,Low,0.2%,0.2%,1.05209,1.05628,1.05132,1.05585
2023-10-16,2:30pm,EUR,Trade Balance,Low,11.9B,3.5B,1.05209,1.05628,1.05132,1.05585
2023-10-16,2:30pm,USD,Empire State Manufacturing Index,High,-4.6,1.9,1.05209,1.05628,1.05132,1.05585
2023-10-17,2:30pm,EUR,German ZEW Economic Sentiment,Medium,-1.1,-11.4,1.05589,1.05948,1.05326,1.05742
2023-10-17,2:30pm,EUR,ZEW Economic Sentiment,Low,2.3,-8.9,1.05589,1.05948,1.05326,1.05742
2023-10-17,2:33pm,USD,Core Retail Sales m/m,High,0.6%,0.9%,1.05589,1.05948,1.05326,1.05742
2023-10-17,2:33pm,USD,Retail Sales m/m,High,0.7%,0.8%,1.05589,1.05948,1.05326,1.05742
2023-10-17,6:45pm,USD,Industrial Production m/m,Medium,0.3%,0.0%,1.05589,1.05948,1.05326,1.05742
2023-10-17,6:45pm,USD,Capacity Utilization Rate,Low,79.7%,79.5%,1.05589,1.05948,1.05326,1.05742
2023-10-17,7:30pm,USD,Business Inventories m/m,Low,0.4%,0.1%,1.05589,1.05948,1.05326,1.05742
2023-10-17,7:30pm,USD,NAHB Housing Market Index,Low,40,44,1.05589,1.05948,1.05326,1.05742
2023-10-18,1:30pm,EUR,Italian Trade Balance,Low,2.07B,6.11B,1.05742,1.05941,1.05228,1.05358
2023-10-18,2:30pm,EUR,Final Core CPI y/y,Low,4.5%,4.5%,1.05742,1.05941,1.05228,1.05358
2023-10-18,2:30pm,EUR,Final CPI y/y,Low,4.3%,4.3%,1.05742,1.05941,1.05228,1.05358
2023-10-18,3:04pm,EUR,German 10-y Bond Auction,Low,2.90|2.0,2.78|2.0,1.05742,1.05941,1.05228,1.05358
2023-10-18,6:00pm,USD,Building Permits,Medium,1.47M,1.54M,1.05742,1.05941,1.05228,1.05358
2023-10-18,6:00pm,USD,Housing Starts,Low,1.36M,1.27M,1.05742,1.05941,1.05228,1.05358
2023-10-18,6:00pm,USD,Crude Oil Inventories,Low,-4.5M,10.2M,1.05742,1.05941,1.05228,1.05358
2023-10-19,1:30am,USD,TIC Long-Term Purchases,Low,63.5B,9.5B,1.05354,1.06166,1.05278,1.05807
2023-10-19,1:30pm,EUR,Current Account,Low,27.7B,21.0B,1.05354,1.06166,1.05278,1.05807
2023-10-19,2:10pm,EUR,Spanish 10-y Bond Auction,Low,4.07|2.1,3.98|2.3,1.05354,1.06166,1.05278,1.05807
2023-10-19,2:10pm,USD,Unemployment Claims,High,198K,211K,1.05354,1.06166,1.05278,1.05807
2023-10-19,2:10pm,USD,Philly Fed Manufacturing Index,Medium,-9.0,-13.5,1.05354,1.06166,1.05278,1.05807
2023-10-19,7:30pm,USD,Existing Home Sales,Medium,3.96M,4.04M,1.05354,1.06166,1.05278,1.05807
2023-10-19,7:30pm,USD,CB Leading Index m/m,Low,-0.7%,-0.5%,1.05354,1.06166,1.05278,1.05807
2023-10-19,8:00pm,USD,Natural Gas Storage,Low,97B,84B,1.05354,1.06166,1.05278,1.05807
2023-10-20,11:30am,EUR,German PPI m/m,Low,-0.2%,0.3%,1.05816,1.06036,1.05648,1.0593
2023-10-21,1:30am,USD,Federal Budget Balance,Low,-171.0B,89.3B,,,,
2023-10-23,7:30pm,EUR,Consumer Confidence,Low,-18,-18,1.05928,1.06779,1.05711,1.06674
2023-10-24,11:30am,EUR,German GfK Consumer Climate,Low,-28.1,-26.7,1.06675,1.06943,1.05828,1.059
2023-10-24,12:45pm,EUR,French Flash Manufacturing PMI,High,42.6,44.2,1.06675,1.06943,1.05828,1.059
2023-10-24,12:45pm,EUR,French Flash Services PMI,High,46.1,44.4,1.06675,1.06943,1.05828,1.059
2023-10-24,1:00pm,EUR,German Flash Manufacturing PMI,High,40.7,39.6,1.06675,1.06943,1.05828,1.059
2023-10-24,1:00pm,EUR,German Flash Services PMI,High,48.0,50.3,1.06675,1.06943,1.05828,1.059
2023-10-24,1:00pm,EUR,Flash Manufacturing PMI,Medium,43.0,43.4,1.06675,1.06943,1.05828,1.059
2023-10-24,1:00pm,EUR,Flash Services PMI,Medium,47.8,48.7,1.06675,1.06943,1.05828,1.059
2023-10-24,7:15pm,USD,Flash Manufacturing PMI,High,50.0,49.8,1.06675,1.06943,1.05828,1.059
2023-10-24,7:15pm,USD,Flash Services PMI,High,50.9,50.1,1.06675,1.06943,1.05828,1.059
2023-10-24,7:29pm,USD,Richmond Manufacturing Index,Medium,3,5,1.06675,1.06943,1.05828,1.059
2023-10-25,7:29pm,EUR,German ifo Business Climate,High,86.9,85.8,1.05911,1.06067,1.05634,1.05674
2023-10-25,7:29pm,EUR,M3 Money Supply y/y,Low,-1.2%,-1.3%,1.05911,1.06067,1.05634,1.05674
2023-10-25,7:29pm,EUR,Private Loans y/y,Low,0.8%,1.0%,1.05911,1.06067,1.05634,1.05674
2023-10-25,7:29pm,EUR,Belgian NBB Business Climate,Low,-16.8,-14.4,1.05911,1.06067,1.05634,1.05674
2023-10-25,7:29pm,USD,New Home Sales,Medium,759K,676K,1.05911,1.06067,1.05634,1.05674
2023-10-25,8:00pm,USD,Crude Oil Inventories,Low,1.4M,-4.5M,1.05911,1.06067,1.05634,1.05674
2023-10-26,12:30pm,EUR,Spanish Unemployment Rate,Low,11.8%,11.6%,1.05668,1.05691,1.05218,1.05603
2023-10-26,5:45pm,EUR,Main Refinancing Rate,High,4.50%,4.50%,1.05668,1.05691,1.05218,1.05603
2023-10-26,6:00pm,USD,Advance GDP q/q,High,4.9%,2.1%,1.05668,1.05691,1.05218,1.05603
2023-10-26,6:00pm,USD,Unemployment Claims,High,210K,200K,1.05668,1.05691,1.05218,1.05603
2023-10-26,6:00pm,USD,Advance GDP Price Index q/q,Medium,3.5%,1.7%,1.05668,1.05691,1.05218,1.05603
2023-10-26,6:00pm,USD,Core Durable Goods Orders m/m,Medium,0.5%,0.5%,1.05668,1.05691,1.05218,1.05603
2023-10-26,6:00pm,USD,Durable Goods Orders m/m,Medium,4.7%,0.1%,1.05668,1.05691,1.05218,1.05603
2023-10-26,6:00pm,USD,Goods Trade Balance,Low,-85.8B,-84.6B,1.05668,1.05691,1.05218,1.05603
2023-10-26,6:00pm,USD,Prelim Wholesale Inventories m/m,Low,0.0%,-0.1%,1.05668,1.05691,1.05218,1.05603
2023-10-26,7:30pm,USD,Pending Home Sales m/m,Medium,1.1%,-7.1%,1.05668,1.05691,1.05218,1.05603
2023-10-26,8:00pm,USD,Natural Gas Storage,Low,74B,97B,1.05668,1.05691,1.05218,1.05603
2023-10-27,12:30pm,EUR,Spanish Flash GDP q/q,Low,0.3%,0.5%,1.05596,1.0597,1.0535,1.05605
2023-10-27,6:00pm,USD,Core PCE Price Index m/m,High,0.3%,0.1%,1.05596,1.0597,1.0535,1.05605
2023-10-27,6:00pm,USD,Personal Income m/m,Low,0.3%,0.4%,1.05596,1.0597,1.0535,1.05605
2023-10-27,6:00pm,USD,Personal Spending m/m,Low,0.7%,0.4%,1.05596,1.0597,1.0535,1.05605
2023-10-27,7:30pm,USD,Revised UoM Consumer Sentiment,High,63.8,63.0,1.05596,1.0597,1.0535,1.05605
2023-10-27,7:30pm,USD,Revised UoM Inflation Expectations,Low,4.2%,3.8%,1.05596,1.0597,1.0535,1.05605
2023-10-30,All Day,EUR,German Prelim CPI m/m,High,0.0%,0.3%,1.05653,1.06251,1.05468,1.06147
2023-10-30,All Day,EUR,Spanish Flash CPI y/y,High,3.5%,3.5%,1.05653,1.06251,1.05468,1.06147
2023-10-30,2:30pm,EUR,German Prelim GDP q/q,Medium,-0.1%,0.1%,1.05653,1.06251,1.05468,1.06147
2023-10-31,12:00pm,EUR,French Consumer Spending m/m,Low,0.2%,-0.6%,1.06145,1.06749,1.05571,1.05744
2023-10-31,12:00pm,EUR,French Flash GDP q/q,Low,0.1%,0.6%,1.06145,1.06749,1.05571,1.05744
2023-10-31,12:30pm,EUR,German Import Prices m/m,Low,1.6%,0.4%,1.06145,1.06749,1.05571,1.05744
2023-10-31,12:30pm,EUR,German Retail Sales m/m,Low,-0.8%,-1.1%,1.06145,1.06749,1.05571,1.05744
2023-10-31,1:15pm,EUR,French Prelim CPI m/m,Low,0.1%,-0.5%,1.06145,1.06749,1.05571,1.05744
2023-10-31,2:30pm,EUR,Italian Prelim GDP q/q,Low,0.0%,-0.4%,1.06145,1.06749,1.05571,1.05744
2023-10-31,3:30pm,EUR,Core CPI Flash Estimate y/y,Medium,4.2%,4.5%,1.06145,1.06749,1.05571,1.05744
2023-10-31,3:30pm,EUR,CPI Flash Estimate y/y,Medium,2.9%,4.3%,1.06145,1.06749,1.05571,1.05744
2023-10-31,3:30pm,EUR,Italian Prelim CPI m/m,Low,-0.1%,0.2%,1.06145,1.06749,1.05571,1.05744
2023-10-31,3:30pm,EUR,Prelim Flash GDP q/q,Low,-0.1%,0.1%,1.06145,1.06749,1.05571,1.05744
2023-10-31,3:43pm,EUR,Italian 10-y Bond Auction,Low,4.76|1.3,4.93|1.4,1.06145,1.06749,1.05571,1.05744
2023-10-31,4:08pm,EUR,German 30-y Bond Auction,Low,3.04|2.1,2.87|2.9,1.06145,1.06749,1.05571,1.05744
2023-10-31,4:08pm,USD,Employment Cost Index q/q,High,1.1%,1.0%,1.06145,1.06749,1.05571,1.05744
2023-10-31,6:30pm,USD,S&P/CS Composite-20 HPI y/y,Medium,2.2%,0.2%,1.06145,1.06749,1.05571,1.05744
2023-10-31,6:30pm,USD,HPI m/m,Low,0.6%,0.8%,1.06145,1.06749,1.05571,1.05744
2023-10-31,7:15pm,USD,Chicago PMI,Medium,44.0,44.1,1.06145,1.06749,1.05571,1.05744
2023-10-31,7:30pm,USD,CB Consumer Confidence,High,102.6,104.3,1.06145,1.06749,1.05571,1.05744
2023-11-01,5:45pm,USD,ADP Non-Farm Employment Change,High,113K,89K,1.0574,1.05806,1.05165,1.0567
2023-11-01,7:15pm,USD,Final Manufacturing PMI,Low,50.0,50.0,1.0574,1.05806,1.05165,1.0567
2023-11-01,7:30pm,USD,ISM Manufacturing PMI,High,46.7,49.0,1.0574,1.05806,1.05165,1.0567
2023-11-01,7:30pm,USD,JOLTS Job Openings,High,9.55M,9.50M,1.0574,1.05806,1.05165,1.0567
2023-11-01,7:30pm,USD,ISM Manufacturing Prices,Medium,45.1,43.8,1.0574,1.05806,1.05165,1.0567
2023-11-01,7:30pm,USD,Construction Spending m/m,Low,0.4%,1.0%,1.0574,1.05806,1.05165,1.0567
2023-11-01,All Day,USD,Wards Total Vehicle Sales,Low,15.5M,15.7M,1.0574,1.05806,1.05165,1.0567
2023-11-01,8:00pm,USD,Crude Oil Inventories,Low,0.8M,1.4M,1.0574,1.05806,1.05165,1.0567
2023-11-01,11:30pm,USD,Federal Funds Rate,High,5.50%,5.50%,1.0574,1.05806,1.05165,1.0567
2023-11-02,1:15pm,EUR,French Gov Budget Balance,Low,-186.1B,-187.9B,1.0567,1.06676,1.0567,1.06211
2023-11-02,1:45pm,EUR,Spanish Manufacturing PMI,Low,45.1,47.7,1.0567,1.06676,1.0567,1.06211
2023-11-02,2:15pm,EUR,Italian Manufacturing PMI,Low,44.9,46.8,1.0567,1.06676,1.0567,1.06211
2023-11-02,2:20pm,EUR,French Final Manufacturing PMI,Low,42.8,42.6,1.0567,1.06676,1.0567,1.06211
2023-11-02,2:25pm,EUR,German Final Manufacturing PMI,Low,40.8,40.7,1.0567,1.06676,1.0567,1.06211
2023-11-02,2:25pm,EUR,German Unemployment Change,Low,30K,12K,1.0567,1.06676,1.0567,1.06211
2023-11-02,2:30pm,EUR,Final Manufacturing PMI,Low,43.1,43.0,1.0567,1.06676,1.0567,1.06211
2023-11-02,3:23pm,EUR,Spanish 10-y Bond Auction,Low,3.58|2.0,4.07|2.1,1.0567,1.06676,1.0567,1.06211
2023-11-02,3:31pm,EUR,French 10-y Bond Auction,Low,3.32|2.0,3.56|1.9,1.0567,1.06676,1.0567,1.06211
2023-11-02,5:00pm,USD,Challenger Job Cuts y/y,Low,8.8%,58.2%,1.0567,1.06676,1.0567,1.06211
2023-11-02,5:00pm,USD,Unemployment Claims,High,217K,212K,1.0567,1.06676,1.0567,1.06211
2023-11-02,5:00pm,USD,Prelim Nonfarm Productivity q/q,Low,4.7%,3.5%,1.0567,1.06676,1.0567,1.06211
2023-11-02,5:00pm,USD,Prelim Unit Labor Costs q/q,Low,-0.8%,2.2%,1.0567,1.06676,1.0567,1.06211
2023-11-02,7:30pm,USD,Factory Orders m/m,Low,2.8%,1.0%,1.0567,1.06676,1.0567,1.06211
2023-11-02,8:00pm,USD,Natural Gas Storage,Low,79B,74B,1.0567,1.06676,1.0567,1.06211
2023-11-03,12:30pm,EUR,German Trade Balance,Low,16.5B,17.7B,1.06203,1.07467,1.06144,1.073
2023-11-03,1:15pm,EUR,French Industrial Production m/m,Low,-0.5%,-0.1%,1.06203,1.07467,1.06144,1.073
2023-11-03,1:15pm,EUR,French Prelim Private Payrolls q/q,Low,-0.1%,0.1%,1.06203,1.07467,1.06144,1.073
2023-11-03,1:30pm,EUR,Spanish Unemployment Change,Low,36.9K,19.8K,1.06203,1.07467,1.06144,1.073
2023-11-03,2:30pm,EUR,Italian Monthly Unemployment Rate,Low,7.4%,7.3%,1.06203,1.07467,1.06144,1.073
2023-11-03,3:30pm,EUR,Unemployment Rate,Low,6.5%,6.4%,1.06203,1.07467,1.06144,1.073
2023-11-03,3:30pm,USD,Average Hourly Earnings m/m,High,0.2%,0.3%,1.06203,1.07467,1.06144,1.073
2023-11-03,3:30pm,USD,Non-Farm Employment Change,High,150K,297K,1.06203,1.07467,1.06144,1.073
2023-11-03,3:30pm,USD,Unemployment Rate,High,3.9%,3.8%,1.06203,1.07467,1.06144,1.073
2023-11-03,7:15pm,USD,Final Services PMI,Low,50.6,50.9,1.06203,1.07467,1.06144,1.073
2023-11-03,7:30pm,USD,ISM Services PMI,High,51.8,53.6,1.06203,1.07467,1.06144,1.073
2023-11-06,12:30pm,EUR,German Factory Orders m/m,Low,0.2%,1.9%,1.07243,1.07563,1.07158,1.07173
2023-11-06,1:45pm,EUR,Spanish Services PMI,Low,51.1,50.5,1.07243,1.07563,1.07158,1.07173
2023-11-06,2:15pm,EUR,Italian Services PMI,Low,47.7,49.9,1.07243,1.07563,1.07158,1.07173
2023-11-06,2:20pm,EUR,French Final Services PMI,Low,45.2,46.1,1.07243,1.07563,1.07158,1.07173
2023-11-06,2:25pm,EUR,German Final Services PMI,Low,48.2,48.0,1.07243,1.07563,1.07158,1.07173
2023-11-06,2:30pm,EUR,Final Services PMI,Low,47.8,47.8,1.07243,1.07563,1.07158,1.07173
2023-11-06,3:00pm,EUR,Sentix Investor Confidence,Low,-18.6,-21.9,1.07243,1.07563,1.07158,1.07173
2023-11-07,12:30pm,EUR,German Industrial Production m/m,Low,-1.4%,-0.1%,1.07168,1.07221,1.0664,1.06998
2023-11-07,3:30pm,EUR,PPI m/m,Low,0.5%,0.7%,1.07168,1.07221,1.0664,1.06998
2023-11-07,3:33pm,USD,Trade Balance,Low,-61.5B,-58.7B,1.07168,1.07221,1.0664,1.06998
2023-11-07,8:46pm,USD,RCM/TIPP Economic Optimism,Low,44.5,36.3,1.07168,1.07221,1.0664,1.06998
2023-11-08,1:30am,USD,Consumer Credit m/m,Low,9.1B,-15.8B,1.06993,1.0716,1.0659,1.0709
2023-11-08,12:30pm,EUR,German Final CPI m/m,Low,0.0%,0.0%,1.06993,1.0716,1.0659,1.0709
2023-11-08,1:15pm,EUR,French Trade Balance,Low,-8.9B,-8.3B,1.06993,1.0716,1.0659,1.0709
2023-11-08,2:30pm,EUR,Italian Retail Sales m/m,Low,-0.3%,-0.4%,1.06993,1.0716,1.0659,1.0709
2023-11-08,3:30pm,EUR,Retail Sales m/m,Low,-0.3%,-0.7%,1.06993,1.0716,1.0659,1.0709
2023-11-08,4:04pm,EUR,German 10-y Bond Auction,Low,2.64|2.5,2.90|2.0,1.06993,1.0716,1.0659,1.0709
2023-11-08,8:30pm,USD,Final Wholesale Inventories m/m,Low,0.2%,0.0%,1.06993,1.0716,1.0659,1.0709
2023-11-08,11:31pm,USD,10-y Bond Auction,Low,4.52|2.5,4.61|2.5,1.06993,1.0716,1.0659,1.0709
2023-11-09,7:00pm,USD,Unemployment Claims,High,217K,220K,1.07076,1.07254,1.06598,1.06671
2023-11-09,8:42pm,USD,Mortgage Delinquencies,Low,3.62%,3.37%,1.07076,1.07254,1.06598,1.06671
2023-11-09,11:31pm,USD,30-y Bond Auction,Low,4.77|2.2,4.84|2.3,1.07076,1.07254,1.06598,1.06671
2023-11-10,2:30pm,EUR,Italian Industrial Production m/m,Low,0.0%,0.3%,1.06671,1.0693,1.06559,1.06848
2023-11-10,8:30pm,USD,Prelim UoM Consumer Sentiment,High,60.4,63.8,1.06671,1.0693,1.06559,1.06848
2023-11-10,8:30pm,USD,Prelim UoM Inflation Expectations,Medium,4.4%,4.2%,1.06671,1.0693,1.06559,1.06848
2023-11-13,8:15pm,USD,Cleveland Fed Inflation Expectations,Low,4.2%,4.3%,1.06826,1.07061,1.06647,1.06987
2023-11-14,12:30am,USD,Federal Budget Balance,Low,-66.6B,-171.0B,1.06975,1.08875,1.06927,1.08787
2023-11-14,3:30pm,EUR,Flash Employment Change q/q,Low,0.3%,0.1%,1.06975,1.08875,1.06927,1.08787
2023-11-14,3:30pm,EUR,Flash GDP q/q,Low,-0.1%,-0.1%,1.06975,1.08875,1.06927,1.08787
2023-11-14,3:30pm,EUR,German ZEW Economic Sentiment,Low,9.8,-1.1,1.06975,1.08875,1.06927,1.08787
2023-11-14,3:30pm,EUR,ZEW Economic Sentiment,Low,13.8,2.3,1.06975,1.08875,1.06927,1.08787
2023-11-14,4:28pm,USD,NFIB Small Business Index,Low,90.7,90.8,1.06975,1.08875,1.06927,1.08787
2023-11-14,7:00pm,USD,Core CPI m/m,High,0.2%,0.3%,1.06975,1.08875,1.06927,1.08787
2023-11-14,7:00pm,USD,CPI m/m,High,0.0%,0.4%,1.06975,1.08875,1.06927,1.08787
2023-11-14,7:00pm,USD,CPI y/y,High,3.2%,3.7%,1.06975,1.08875,1.06927,1.08787
2023-11-15,12:30pm,EUR,German WPI m/m,Low,-0.7%,0.2%,1.08788,1.08861,1.08313,1.08468
2023-11-15,1:15pm,EUR,French Final CPI m/m,Low,0.1%,0.1%,1.08788,1.08861,1.08313,1.08468
2023-11-15,3:00pm,EUR,Industrial Production m/m,Low,-1.1%,0.6%,1.08788,1.08861,1.08313,1.08468
2023-11-15,3:00pm,EUR,Trade Balance,Low,9.2B,11.1B,1.08788,1.08861,1.08313,1.08468
2023-11-15,4:03pm,EUR,German 30-y Bond Auction,Low,2.81|3.0,3.04|2.1,1.08788,1.08861,1.08313,1.08468
2023-11-15,4:03pm,USD,Core PPI m/m,High,0.0%,0.2%,1.08788,1.08861,1.08313,1.08468
2023-11-15,4:03pm,USD,Core Retail Sales m/m,High,0.1%,0.8%,1.08788,1.08861,1.08313,1.08468
2023-11-15,4:03pm,USD,Empire State Manufacturing Index,High,9.1,-4.6,1.08788,1.08861,1.08313,1.08468
2023-11-15,4:03pm,USD,PPI m/m,High,-0.5%,0.4%,1.08788,1.08861,1.08313,1.08468
2023-11-15,4:03pm,USD,Retail Sales m/m,High,-0.1%,0.9%,1.08788,1.08861,1.08313,1.08468
2023-11-15,8:30pm,USD,Business Inventories m/m,Low,0.4%,0.4%,1.08788,1.08861,1.08313,1.08468
2023-11-15,Nov 3rd,USD,Crude Oil Inventories,Low,13.9M,0.8M,1.08788,1.08861,1.08313,1.08468
2023-11-15,9:00pm,USD,Crude Oil Inventories,Medium,3.6M,13.9M,1.08788,1.08861,1.08313,1.08468
2023-11-16,2:30pm,EUR,Italian Trade Balance,Low,2.35B,1.95B,1.08453,1.08955,1.08299,1.08517
2023-11-16,3:12pm,EUR,Spanish 10-y Bond Auction,Low,3.61|2.2,3.58|2.0,1.08453,1.08955,1.08299,1.08517
2023-11-16,7:00pm,USD,Unemployment Claims,High,231K,218K,1.08453,1.08955,1.08299,1.08517
2023-11-16,7:00pm,USD,Philly Fed Manufacturing Index,Medium,-5.9,-9.0,1.08453,1.08955,1.08299,1.08517
2023-11-16,7:00pm,USD,Import Prices m/m,Low,-0.8%,0.4%,1.08453,1.08955,1.08299,1.08517
2023-11-16,7:45pm,USD,Industrial Production m/m,Medium,-0.6%,0.1%,1.08453,1.08955,1.08299,1.08517
2023-11-16,7:45pm,USD,Capacity Utilization Rate,Low,78.9%,79.5%,1.08453,1.08955,1.08299,1.08517
2023-11-16,8:30pm,USD,NAHB Housing Market Index,Low,34,40,1.08453,1.08955,1.08299,1.08517
2023-11-16,Nov 3rd,USD,Natural Gas Storage,Low,-6B,79B,1.08453,1.08955,1.08299,1.08517
2023-11-16,Nov 3rd,USD,Natural Gas Storage,Low,60B,-6B,1.08453,1.08955,1.08299,1.08517
2023-11-17,2:30am,USD,TIC Long-Term Purchases,Low,-1.7B,62.2B,1.08501,1.09148,1.08246,1.09138
2023-11-17,2:30pm,EUR,Current Account,Low,31.2B,30.8B,1.08501,1.09148,1.08246,1.09138
2023-11-17,3:30pm,EUR,Final Core CPI y/y,Low,4.2%,4.2%,1.08501,1.09148,1.08246,1.09138
2023-11-17,3:30pm,EUR,Final CPI y/y,Low,2.9%,2.9%,1.08501,1.09148,1.08246,1.09138
2023-11-17,3:30pm,USD,Building Permits,Medium,1.49M,1.47M,1.08501,1.09148,1.08246,1.09138
2023-11-17,3:30pm,USD,Housing Starts,Low,1.37M,1.35M,1.08501,1.09148,1.08246,1.09138
2023-11-20,12:30pm,EUR,German PPI m/m,Low,-0.1%,-0.2%,1.09095,1.09518,1.0897,1.09394
2023-11-20,8:30pm,USD,CB Leading Index m/m,Low,-0.8%,-0.7%,1.09095,1.09518,1.0897,1.09394
2023-11-21,8:30pm,USD,Existing Home Sales,Medium,3.79M,3.95M,1.09386,1.09651,1.08998,1.0911
2023-11-22,7:00pm,USD,Unemployment Claims,High,209K,233K,1.091,1.0923,1.08522,1.08883
2023-11-22,7:00pm,USD,Core Durable Goods Orders m/m,Medium,0.0%,0.4%,1.091,1.0923,1.08522,1.08883
2023-11-22,7:00pm,USD,Durable Goods Orders m/m,Medium,-5.4%,4.6%,1.091,1.0923,1.08522,1.08883
2023-11-22,8:30pm,EUR,Consumer Confidence,Low,-17,-18,1.091,1.0923,1.08522,1.08883
2023-11-22,8:30pm,USD,Revised UoM Consumer Sentiment,High,61.3,60.4,1.091,1.0923,1.08522,1.08883
2023-11-22,8:30pm,USD,Revised UoM Inflation Expectations,Low,4.5%,4.4%,1.091,1.0923,1.08522,1.08883
2023-11-22,9:00pm,USD,Crude Oil Inventories,Low,8.7M,3.6M,1.091,1.0923,1.08522,1.08883
2023-11-22,10:30pm,USD,Natural Gas Storage,Low,-7B,60B,1.091,1.0923,1.08522,1.08883
2023-11-23,1:45pm,EUR,French Flash Manufacturing PMI,High,42.6,42.8,1.08864,1.09304,1.08815,1.09035
2023-11-23,1:45pm,EUR,French Flash Services PMI,High,45.3,45.2,1.08864,1.09304,1.08815,1.09035
2023-11-23,2:00pm,EUR,German Flash Manufacturing PMI,High,42.3,40.8,1.08864,1.09304,1.08815,1.09035
2023-11-23,2:00pm,EUR,German Flash Services PMI,High,48.7,48.2,1.08864,1.09304,1.08815,1.09035
2023-11-23,2:30pm,EUR,Flash Manufacturing PMI,Medium,43.8,43.1,1.08864,1.09304,1.08815,1.09035
2023-11-23,2:30pm,EUR,Flash Services PMI,Medium,48.2,47.8,1.08864,1.09304,1.08815,1.09035
2023-11-24,12:30pm,EUR,German Final GDP q/q,Low,-0.1%,-0.1%,1.09031,1.09486,1.08947,1.09367
2023-11-24,2:30pm,EUR,German ifo Business Climate,Medium,87.3,86.9,1.09031,1.09486,1.08947,1.09367
2023-11-24,7:30pm,EUR,Belgian NBB Business Climate,Low,-15.0,-16.8,1.09031,1.09486,1.08947,1.09367
2023-11-24,8:15pm,USD,Flash Manufacturing PMI,High,49.4,50.0,1.09031,1.09486,1.08947,1.09367
2023-11-24,8:15pm,USD,Flash Services PMI,High,50.8,50.6,1.09031,1.09486,1.08947,1.09367
2023-11-27,8:30pm,USD,New Home Sales,Medium,679K,719K,1.09426,1.09594,1.09247,1.09531
2023-11-28,12:30pm,EUR,German GfK Consumer Climate,Low,-27.8,-28.3,1.09518,1.1009,1.09342,1.09927
2023-11-28,2:30pm,EUR,M3 Money Supply y/y,Low,-1.0%,-1.2%,1.09518,1.1009,1.09342,1.09927
2023-11-28,2:30pm,EUR,Private Loans y/y,Low,0.6%,0.8%,1.09518,1.1009,1.09342,1.09927
2023-11-28,3:33pm,USD,S&P/CS Composite-20 HPI y/y,Medium,3.9%,2.1%,1.09518,1.1009,1.09342,1.09927
2023-11-28,3:33pm,USD,HPI m/m,Low,0.6%,0.7%,1.09518,1.1009,1.09342,1.09927
2023-11-28,8:29pm,USD,Richmond Manufacturing Index,Medium,-5,3,1.09518,1.1009,1.09342,1.09927
2023-11-28,8:30pm,USD,CB Consumer Confidence,High,102.0,99.1,1.09518,1.1009,1.09342,1.09927
2023-11-29,12:00pm,EUR,French Final Private Payrolls q/q,Low,0.1%,-0.1%,1.09908,1.10171,1.096,1.09692
2023-11-29,12:30pm,EUR,German Import Prices m/m,Low,0.3%,1.6%,1.09908,1.10171,1.096,1.09692
2023-11-29,All Day,EUR,German Prelim CPI m/m,High,-0.4%,0.0%,1.09908,1.10171,1.096,1.09692
2023-11-29,1:30pm,EUR,Spanish Flash CPI y/y,High,3.2%,3.5%,1.09908,1.10171,1.096,1.09692
2023-11-29,3:45pm,EUR,Italian 10-y Bond Auction,Low,4.17|1.4,4.76|1.3,1.09908,1.10171,1.096,1.09692
2023-11-29,4:05pm,EUR,German 10-y Bond Auction,Low,2.45|1.7,2.64|2.5,1.09908,1.10171,1.096,1.09692
2023-11-29,4:05pm,USD,Prelim GDP q/q,High,5.2%,4.9%,1.09908,1.10171,1.096,1.09692
2023-11-29,4:05pm,USD,Prelim GDP Price Index q/q,Medium,3.6%,3.5%,1.09908,1.10171,1.096,1.09692
2023-11-29,4:05pm,USD,Goods Trade Balance,Low,-89.8B,-86.8B,1.09908,1.10171,1.096,1.09692
2023-11-29,4:05pm,USD,Prelim Wholesale Inventories m/m,Low,-0.2%,0.2%,1.09908,1.10171,1.096,1.09692
2023-11-29,9:00pm,USD,Crude Oil Inventories,Low,1.6M,8.7M,1.09908,1.10171,1.096,1.09692
2023-11-30,12:30pm,EUR,German Retail Sales m/m,Low,1.1%,-0.1%,1.09675,1.0984,1.0879,1.08861
2023-11-30,1:15pm,EUR,French Consumer Spending m/m,Low,-0.9%,0.0%,1.09675,1.0984,1.0879,1.08861
2023-11-30,1:15pm,EUR,French Prelim CPI m/m,Low,-0.2%,0.1%,1.09675,1.0984,1.0879,1.08861
2023-11-30,1:15pm,EUR,French Prelim GDP q/q,Low,-0.1%,0.1%,1.09675,1.0984,1.0879,1.08861
2023-11-30,2:25pm,EUR,German Unemployment Change,Low,22K,31K,1.09675,1.0984,1.0879,1.08861
2023-11-30,2:30pm,EUR,Italian Monthly Unemployment Rate,Low,7.8%,7.6%,1.09675,1.0984,1.0879,1.08861
2023-11-30,3:30pm,EUR,Core CPI Flash Estimate y/y,Medium,3.6%,4.2%,1.09675,1.0984,1.0879,1.08861
2023-11-30,3:30pm,EUR,CPI Flash Estimate y/y,Medium,2.4%,2.9%,1.09675,1.0984,1.0879,1.08861
2023-11-30,3:30pm,EUR,Italian Prelim CPI m/m,Low,-0.4%,-0.2%,1.09675,1.0984,1.0879,1.08861
2023-11-30,3:30pm,EUR,Unemployment Rate,Low,6.5%,6.5%,1.09675,1.0984,1.0879,1.08861
2023-11-30,3:30pm,USD,Core PCE Price Index m/m,High,0.2%,0.3%,1.09675,1.0984,1.0879,1.08861
2023-11-30,3:30pm,USD,Unemployment Claims,High,218K,211K,1.09675,1.0984,1.0879,1.08861
2023-11-30,3:30pm,USD,Personal Income m/m,Low,0.2%,0.4%,1.09675,1.0984,1.0879,1.08861
2023-11-30,3:30pm,USD,Personal Spending m/m,Low,0.2%,0.7%,1.09675,1.0984,1.0879,1.08861
2023-11-30,8:15pm,USD,Chicago PMI,Medium,55.8,44.0,1.09675,1.0984,1.0879,1.08861
2023-11-30,8:30pm,USD,Pending Home Sales m/m,Medium,-1.5%,1.0%,1.09675,1.0984,1.0879,1.08861
2023-11-30,9:00pm,USD,Natural Gas Storage,Low,10B,-7B,1.09675,1.0984,1.0879,1.08861
2023-12-01,1:15pm,EUR,French Gov Budget Balance,Low,-177.7B,-186.1B,1.0886,1.09127,1.08287,1.08818
2023-12-01,1:45pm,EUR,Spanish Manufacturing PMI,Low,46.3,45.1,1.0886,1.09127,1.08287,1.08818
2023-12-01,2:15pm,EUR,Italian Manufacturing PMI,Low,44.4,44.9,1.0886,1.09127,1.08287,1.08818
2023-12-01,2:20pm,EUR,French Final Manufacturing PMI,Low,42.9,42.6,1.0886,1.09127,1.08287,1.08818
2023-12-01,2:25pm,EUR,German Final Manufacturing PMI,Low,42.6,42.3,1.0886,1.09127,1.08287,1.08818
2023-12-01,2:30pm,EUR,Final Manufacturing PMI,Low,44.2,43.8,1.0886,1.09127,1.08287,1.08818
2023-12-01,8:15pm,USD,Final Manufacturing PMI,Low,49.4,49.4,1.0886,1.09127,1.08287,1.08818
2023-12-01,8:30pm,USD,ISM Manufacturing PMI,High,46.7,46.7,1.0886,1.09127,1.08287,1.08818
2023-12-01,8:30pm,USD,ISM Manufacturing Prices,Medium,49.9,45.1,1.0886,1.09127,1.08287,1.08818
2023-12-01,8:30pm,USD,Construction Spending m/m,Low,0.6%,0.2%,1.0886,1.09127,1.08287,1.08818
2023-12-01,All Day,USD,Wards Total Vehicle Sales,Low,15.3M,15.5M,1.0886,1.09127,1.08287,1.08818
2023-12-04,12:30pm,EUR,German Trade Balance,Low,17.8B,16.7B,1.08765,1.0895,1.08039,1.08359
2023-12-04,1:30pm,EUR,Spanish Unemployment Change,Low,-24.6K,36.9K,1.08765,1.0895,1.08039,1.08359
2023-12-04,3:00pm,EUR,Sentix Investor Confidence,Low,-16.8,-18.6,1.08765,1.0895,1.08039,1.08359
2023-12-04,8:30pm,USD,Factory Orders m/m,Low,-3.6%,2.3%,1.08765,1.0895,1.08039,1.08359
2023-12-05,1:15pm,EUR,French Industrial Production m/m,Low,-0.3%,-0.6%,1.0836,1.08474,1.07778,1.07965
2023-12-05,1:45pm,EUR,Spanish Services PMI,Low,51.0,51.1,1.0836,1.08474,1.07778,1.07965
2023-12-05,2:15pm,EUR,Italian Services PMI,Low,49.5,47.7,1.0836,1.08474,1.07778,1.07965
2023-12-05,2:20pm,EUR,French Final Services PMI,Low,45.4,45.3,1.0836,1.08474,1.07778,1.07965
2023-12-05,2:25pm,EUR,German Final Services PMI,Low,49.6,48.7,1.0836,1.08474,1.07778,1.07965
2023-12-05,2:30pm,EUR,Final Services PMI,Low,48.7,48.2,1.0836,1.08474,1.07778,1.07965
2023-12-05,3:30pm,EUR,PPI m/m,Low,0.2%,0.5%,1.0836,1.08474,1.07778,1.07965
2023-12-05,8:15pm,USD,Final Services PMI,Low,50.8,50.8,1.0836,1.08474,1.07778,1.07965
2023-12-05,8:30pm,USD,ISM Services PMI,High,52.7,51.8,1.0836,1.08474,1.07778,1.07965
2023-12-05,8:30pm,USD,JOLTS Job Openings,High,8.73M,9.35M,1.0836,1.08474,1.07778,1.07965
2023-12-05,8:39pm,USD,RCM/TIPP Economic Optimism,Low,40.0,44.5,1.0836,1.08474,1.07778,1.07965
2023-12-06,12:30pm,EUR,German Factory Orders m/m,Low,-3.7%,0.7%,1.07965,1.08047,1.07583,1.07643
2023-12-06,3:30pm,EUR,Retail Sales m/m,Low,0.1%,-0.1%,1.07965,1.08047,1.07583,1.07643
2023-12-06,6:45pm,USD,ADP Non-Farm Employment Change,High,103K,106K,1.07965,1.08047,1.07583,1.07643
2023-12-06,6:45pm,USD,Revised Nonfarm Productivity q/q,Low,5.2%,4.7%,1.07965,1.08047,1.07583,1.07643
2023-12-06,6:45pm,USD,Revised Unit Labor Costs q/q,Low,-1.2%,-0.8%,1.07965,1.08047,1.07583,1.07643
2023-12-06,6:45pm,USD,Trade Balance,Low,-64.3B,-61.2B,1.07965,1.08047,1.07583,1.07643
2023-12-06,9:00pm,USD,Crude Oil Inventories,Low,-4.6M,1.6M,1.07965,1.08047,1.07583,1.07643
2023-12-07,12:30pm,EUR,German Industrial Production m/m,Low,-0.4%,-1.3%,1.07621,1.08175,1.07548,1.07936
2023-12-07,1:15pm,EUR,French Trade Balance,Low,-8.6B,-8.9B,1.07621,1.08175,1.07548,1.07936
2023-12-07,2:30pm,EUR,Italian Industrial Production m/m,Low,-0.2%,0.1%,1.07621,1.08175,1.07548,1.07936
2023-12-07,3:30pm,EUR,Final Employment Change q/q,Low,0.2%,0.3%,1.07621,1.08175,1.07548,1.07936
2023-12-07,3:30pm,EUR,Italian Retail Sales m/m,Low,0.4%,-0.4%,1.07621,1.08175,1.07548,1.07936
2023-12-07,3:30pm,EUR,Revised GDP q/q,Low,-0.1%,-0.1%,1.07621,1.08175,1.07548,1.07936
2023-12-07,3:31pm,EUR,French 10-y Bond Auction,Low,2.75|3.0,3.32|2.0,1.07621,1.08175,1.07548,1.07936
2023-12-07,6:00pm,USD,Challenger Job Cuts y/y,Low,-40.8%,8.8%,1.07621,1.08175,1.07548,1.07936
2023-12-07,6:00pm,USD,Unemployment Claims,High,220K,219K,1.07621,1.08175,1.07548,1.07936
2023-12-07,8:30pm,USD,Final Wholesale Inventories m/m,Low,-0.4%,-0.2%,1.07621,1.08175,1.07548,1.07936
2023-12-07,9:00pm,USD,Natural Gas Storage,Low,-117B,10B,1.07621,1.08175,1.07548,1.07936
2023-12-08,1:30am,USD,Consumer Credit m/m,Low,5.1B,12.2B,1.07918,1.08007,1.0723,1.07608
2023-12-08,12:30pm,EUR,German Final CPI m/m,Low,-0.4%,-0.4%,1.07918,1.08007,1.0723,1.07608
2023-12-08,3:00pm,USD,Average Hourly Earnings m/m,High,0.4%,0.2%,1.07918,1.08007,1.0723,1.07608
2023-12-08,3:00pm,USD,Non-Farm Employment Change,High,199K,150K,1.07918,1.08007,1.0723,1.07608
2023-12-08,3:00pm,USD,Unemployment Rate,High,3.7%,3.9%,1.07918,1.08007,1.0723,1.07608
2023-12-08,8:30pm,USD,Prelim UoM Consumer Sentiment,High,69.4,61.3,1.07918,1.08007,1.0723,1.07608
2023-12-08,8:30pm,USD,Prelim UoM Inflation Expectations,Medium,3.1%,4.5%,1.07918,1.08007,1.0723,1.07608
2023-12-11,11:31pm,USD,10-y Bond Auction,Medium,4.30|2.5,4.52|2.5,1.0759,1.0779,1.07414,1.0764
2023-12-12,12:30pm,EUR,German WPI m/m,Low,-0.2%,-0.7%,1.07631,1.08281,1.0757,1.07943
2023-12-12,3:30pm,EUR,ZEW Economic Sentiment,Low,23.0,13.8,1.07631,1.08281,1.0757,1.07943
2023-12-12,3:30pm,EUR,German ZEW Economic Sentiment,Low,12.8,9.8,1.07631,1.08281,1.0757,1.07943
2023-12-12,4:30pm,USD,NFIB Small Business Index,Low,90.6,90.7,1.07631,1.08281,1.0757,1.07943
2023-12-12,7:00pm,USD,Core CPI m/m,High,0.3%,0.2%,1.07631,1.08281,1.0757,1.07943
2023-12-12,7:00pm,USD,CPI m/m,High,0.1%,0.0%,1.07631,1.08281,1.0757,1.07943
2023-12-12,7:00pm,USD,CPI y/y,High,3.1%,3.2%,1.07631,1.08281,1.0757,1.07943
2023-12-12,11:31pm,USD,30-y Bond Auction,Medium,4.34|2.4,4.77|2.2,1.07631,1.08281,1.0757,1.07943
2023-12-13,12:28am,USD,Federal Budget Balance,Low,-314.0B,-66.6B,1.07937,1.08966,1.07729,1.08742
2023-12-13,2:30pm,EUR,Italian Quarterly Unemployment Rate,Low,7.6%,7.7%,1.07937,1.08966,1.07729,1.08742
2023-12-13,3:30pm,EUR,Industrial Production m/m,Low,-0.7%,-1.0%,1.07937,1.08966,1.07729,1.08742
2023-12-13,7:00pm,USD,Core PPI m/m,High,0.0%,0.0%,1.07937,1.08966,1.07729,1.08742
2023-12-13,7:00pm,USD,PPI m/m,High,0.0%,-0.4%,1.07937,1.08966,1.07729,1.08742
2023-12-13,9:00pm,USD,Crude Oil Inventories,Low,-4.3M,-4.6M,1.07937,1.08966,1.07729,1.08742
2023-12-14,12:30am,USD,Federal Funds Rate,High,5.50%,5.50%,1.08728,1.10092,1.087,1.09921
2023-12-14,6:45pm,EUR,Main Refinancing Rate,High,4.50%,4.50%,1.08728,1.10092,1.087,1.09921
2023-12-14,6:45pm,USD,Core Retail Sales m/m,High,0.2%,0.0%,1.08728,1.10092,1.087,1.09921
2023-12-14,6:45pm,USD,Retail Sales m/m,High,0.3%,-0.2%,1.08728,1.10092,1.087,1.09921
2023-12-14,6:45pm,USD,Unemployment Claims,High,202K,221K,1.08728,1.10092,1.087,1.09921
2023-12-14,6:45pm,USD,Import Prices m/m,Low,-0.4%,-0.6%,1.08728,1.10092,1.087,1.09921
2023-12-14,8:30pm,USD,Business Inventories m/m,Low,-0.1%,0.2%,1.08728,1.10092,1.087,1.09921
2023-12-14,9:00pm,USD,Natural Gas Storage,Low,-55B,-117B,1.08728,1.10092,1.087,1.09921
2023-12-15,1:15pm,EUR,French Final CPI m/m,Low,-0.2%,-0.2%,1.09912,1.10038,1.08885,1.08922
2023-12-15,1:45pm,EUR,French Flash Manufacturing PMI,High,42.0,42.9,1.09912,1.10038,1.08885,1.08922
2023-12-15,1:45pm,EUR,French Flash Services PMI,High,44.3,45.4,1.09912,1.10038,1.08885,1.08922
2023-12-15,2:00pm,EUR,German Flash Manufacturing PMI,High,43.1,42.6,1.09912,1.10038,1.08885,1.08922
2023-12-15,2:00pm,EUR,German Flash Services PMI,High,48.4,49.6,1.09912,1.10038,1.08885,1.08922
2023-12-15,2:30pm,EUR,Flash Manufacturing PMI,Medium,44.2,44.2,1.09912,1.10038,1.08885,1.08922
2023-12-15,2:30pm,EUR,Flash Services PMI,Medium,48.1,48.7,1.09912,1.10038,1.08885,1.08922
2023-12-15,3:30pm,EUR,Italian Trade Balance,Low,4.70B,2.39B,1.09912,1.10038,1.08885,1.08922
2023-12-15,3:30pm,EUR,Trade Balance,Low,10.9B,8.7B,1.09912,1.10038,1.08885,1.08922
2023-12-15,3:30pm,USD,Empire State Manufacturing Index,High,-14.5,9.1,1.09912,1.10038,1.08885,1.08922
2023-12-15,7:45pm,USD,Industrial Production m/m,Medium,0.2%,-0.9%,1.09912,1.10038,1.08885,1.08922
2023-12-15,7:45pm,USD,Capacity Utilization Rate,Low,78.8%,78.7%,1.09912,1.10038,1.08885,1.08922
2023-12-15,8:15pm,USD,Flash Manufacturing PMI,High,48.2,49.4,1.09912,1.10038,1.08885,1.08922
2023-12-15,8:15pm,USD,Flash Services PMI,High,51.3,50.8,1.09912,1.10038,1.08885,1.08922
2023-12-18,2:30pm,EUR,German ifo Business Climate,Medium,86.4,87.2,1.0897,1.09312,1.08914,1.09235
2023-12-18,8:30pm,USD,NAHB Housing Market Index,Low,37,34,1.0897,1.09312,1.08914,1.09235
2023-12-19,3:30pm,EUR,Final Core CPI y/y,Low,3.6%,3.6%,1.09228,1.09873,1.09145,1.09805
2023-12-19,3:30pm,EUR,Final CPI y/y,Low,2.4%,2.4%,1.09228,1.09873,1.09145,1.09805
2023-12-19,4:30pm,USD,Building Permits,Medium,1.46M,1.50M,1.09228,1.09873,1.09145,1.09805
2023-12-19,4:30pm,USD,Housing Starts,Low,1.56M,1.36M,1.09228,1.09873,1.09145,1.09805
2023-12-20,2:30am,USD,TIC Long-Term Purchases,Low,3.3B,0.9B,1.09787,1.09843,1.09296,1.09413
2023-12-20,12:30pm,EUR,German GfK Consumer Climate,Low,-25.1,-27.6,1.09787,1.09843,1.09296,1.09413
2023-12-20,12:30pm,EUR,German PPI m/m,Low,-0.5%,-0.1%,1.09787,1.09843,1.09296,1.09413
2023-12-20,2:30pm,EUR,Current Account,Low,33.8B,31.2B,1.09787,1.09843,1.09296,1.09413
2023-12-20,7:00pm,USD,Current Account,Low,-200B,-217B,1.09787,1.09843,1.09296,1.09413
2023-12-20,8:30pm,EUR,Consumer Confidence,Low,-15,-17,1.09787,1.09843,1.09296,1.09413
2023-12-20,8:30pm,USD,CB Consumer Confidence,High,110.7,101.0,1.09787,1.09843,1.09296,1.09413
2023-12-20,8:30pm,USD,Existing Home Sales,Medium,3.82M,3.79M,1.09787,1.09843,1.09296,1.09413
2023-12-20,9:00pm,USD,Crude Oil Inventories,Low,2.9M,-4.3M,1.09787,1.09843,1.09296,1.09413
2023-12-21,4:30pm,USD,Final GDP q/q,High,4.9%,5.2%,1.09413,1.10126,1.09347,1.10109
2023-12-21,4:30pm,USD,Unemployment Claims,High,205K,203K,1.09413,1.10126,1.09347,1.10109
2023-12-21,4:30pm,USD,Final GDP Price Index q/q,Medium,3.3%,3.6%,1.09413,1.10126,1.09347,1.10109
2023-12-21,4:30pm,USD,Philly Fed Manufacturing Index,Medium,-10.5,-5.9,1.09413,1.10126,1.09347,1.10109
2023-12-21,8:30pm,USD,CB Leading Index m/m,Low,-0.5%,-1.0%,1.09413,1.10126,1.09347,1.10109
2023-12-21,9:00pm,USD,Natural Gas Storage,Low,-87B,-55B,1.09413,1.10126,1.09347,1.10109
2023-12-22,12:30pm,EUR,German Import Prices m/m,Low,-0.1%,0.3%,1.10109,1.10401,1.09935,1.1011
2023-12-22,12:30pm,USD,Core PCE Price Index m/m,High,0.1%,0.1%,1.10109,1.10401,1.09935,1.1011
2023-12-22,12:30pm,USD,Core Durable Goods Orders m/m,Medium,0.5%,-0.3%,1.10109,1.10401,1.09935,1.1011
2023-12-22,12:30pm,USD,Durable Goods Orders m/m,Medium,5.4%,-5.1%,1.10109,1.10401,1.09935,1.1011
2023-12-22,12:30pm,USD,Personal Income m/m,Low,0.4%,0.3%,1.10109,1.10401,1.09935,1.1011
2023-12-22,12:30pm,USD,Personal Spending m/m,Low,0.2%,0.1%,1.10109,1.10401,1.09935,1.1011
2023-12-22,7:29pm,EUR,Belgian NBB Business Climate,Low,-12.7,-15.0,1.10109,1.10401,1.09935,1.1011
2023-12-22,8:30pm,USD,Revised UoM Consumer Sentiment,High,69.7,69.4,1.10109,1.10401,1.09935,1.1011
2023-12-22,8:30pm,USD,New Home Sales,Medium,590K,672K,1.10109,1.10401,1.09935,1.1011
2023-12-22,8:30pm,USD,Revised UoM Inflation Expectations,Low,3.1%,3.1%,1.10109,1.10401,1.09935,1.1011
2023-12-26,7:30pm,USD,HPI m/m,Low,0.3%,0.7%,1.1011,1.1045,1.10073,1.10417
2023-12-26,7:30pm,USD,S&P/CS Composite-20 HPI y/y,Low,4.9%,3.9%,1.1011,1.1045,1.10073,1.10417
2023-12-27,8:29pm,USD,Richmond Manufacturing Index,Medium,-11,-5,1.10417,1.11226,1.10284,1.11044
2023-12-28,7:00pm,USD,Unemployment Claims,Medium,218K,206K,1.11044,1.11395,1.10549,1.10593
2023-12-28,7:00pm,USD,Goods Trade Balance,Low,-90.3B,-89.6B,1.11044,1.11395,1.10549,1.10593
2023-12-28,7:00pm,USD,Prelim Wholesale Inventories m/m,Low,-0.2%,-0.4%,1.11044,1.11395,1.10549,1.10593
2023-12-28,8:30pm,USD,Pending Home Sales m/m,Medium,0.0%,-1.2%,1.11044,1.11395,1.10549,1.10593
2023-12-28,9:00pm,USD,Natural Gas Storage,Low,-87B,-87B,1.11044,1.11395,1.10549,1.10593
2023-12-28,9:30pm,USD,Crude Oil Inventories,Low,-7.1M,2.9M,1.11044,1.11395,1.10549,1.10593
2023-12-29,12:30pm,EUR,Spanish Flash CPI y/y,Medium,3.1%,3.2%,1.10594,1.10842,1.10338,1.10374
2023-12-29,8:15pm,USD,Chicago PMI,Medium,46.9,55.8,1.10594,1.10842,1.10338,1.10374
2024-01-02,1:45pm,EUR,Spanish Manufacturing PMI,Low,46.2,46.3,1.10438,1.10454,1.0938,1.09416
2024-01-02,2:15pm,EUR,Italian Manufacturing PMI,Low,45.3,44.4,1.10438,1.10454,1.0938,1.09416
2024-01-02,2:20pm,EUR,French Final Manufacturing PMI,Low,42.1,42.0,1.10438,1.10454,1.0938,1.09416
2024-01-02,2:25pm,EUR,German Final Manufacturing PMI,Low,43.3,43.1,1.10438,1.10454,1.0938,1.09416
2024-01-02,2:30pm,EUR,Final Manufacturing PMI,Low,44.4,44.2,1.10438,1.10454,1.0938,1.09416
2024-01-02,2:30pm,EUR,M3 Money Supply y/y,Low,-0.9%,-1.0%,1.10438,1.10454,1.0938,1.09416
2024-01-02,2:30pm,EUR,Private Loans y/y,Low,0.5%,0.6%,1.10438,1.10454,1.0938,1.09416
2024-01-02,8:15pm,USD,Final Manufacturing PMI,Low,47.9,48.2,1.10438,1.10454,1.0938,1.09416
2024-01-02,8:30pm,USD,Construction Spending m/m,Low,0.4%,1.2%,1.10438,1.10454,1.0938,1.09416
2024-01-03,1:30pm,EUR,Spanish Unemployment Change,Low,-27.4K,-24.6K,1.09414,1.09654,1.08928,1.09215
2024-01-03,2:25pm,EUR,German Unemployment Change,Low,5K,21K,1.09414,1.09654,1.08928,1.09215
2024-01-03,8:30pm,USD,ISM Manufacturing PMI,High,47.4,46.7,1.09414,1.09654,1.08928,1.09215
2024-01-03,8:30pm,USD,JOLTS Job Openings,High,8.79M,8.85M,1.09414,1.09654,1.08928,1.09215
2024-01-03,8:30pm,USD,ISM Manufacturing Prices,Medium,45.2,49.9,1.09414,1.09654,1.08928,1.09215
2024-01-03,All Day,USD,Wards Total Vehicle Sales,Low,15.8M,15.3M,1.09414,1.09654,1.08928,1.09215
2024-01-04,All Day,EUR,German Prelim CPI m/m,High,0.1%,-0.4%,1.09209,1.09722,1.09142,1.09447
2024-01-04,1:15pm,EUR,French Prelim CPI m/m,Low,0.1%,-0.2%,1.09209,1.09722,1.09142,1.09447
2024-01-04,1:45pm,EUR,Spanish Services PMI,Low,51.5,51.0,1.09209,1.09722,1.09142,1.09447
2024-01-04,2:15pm,EUR,Italian Services PMI,Low,49.8,49.5,1.09209,1.09722,1.09142,1.09447
2024-01-04,2:20pm,EUR,French Final Services PMI,Low,45.7,44.3,1.09209,1.09722,1.09142,1.09447
2024-01-04,2:25pm,EUR,German Final Services PMI,Low,49.3,48.4,1.09209,1.09722,1.09142,1.09447
2024-01-04,2:30pm,EUR,Final Services PMI,Low,48.8,48.1,1.09209,1.09722,1.09142,1.09447
2024-01-04,3:31pm,EUR,French 10-y Bond Auction,Low,2.59|1.8,2.75|3.0,1.09209,1.09722,1.09142,1.09447
2024-01-04,6:00pm,USD,Challenger Job Cuts y/y,Low,-20.2%,-40.8%,1.09209,1.09722,1.09142,1.09447
2024-01-04,6:45pm,USD,ADP Non-Farm Employment Change,High,164K,101K,1.09209,1.09722,1.09142,1.09447
2024-01-04,7:00pm,USD,Unemployment Claims,High,202K,220K,1.09209,1.09722,1.09142,1.09447
2024-01-04,8:15pm,USD,Final Services PMI,Low,51.4,51.3,1.09209,1.09722,1.09142,1.09447
2024-01-04,9:00pm,USD,Natural Gas Storage,Low,-14B,-87B,1.09209,1.09722,1.09142,1.09447
2024-01-04,9:30pm,USD,Crude Oil Inventories,Low,-5.5M,-7.1M,1.09209,1.09722,1.09142,1.09447
2024-01-05,12:30pm,EUR,German Retail Sales m/m,Low,-2.5%,1.3%,1.0944,1.09984,1.08767,1.09392
2024-01-05,3:30pm,EUR,Core CPI Flash Estimate y/y,Medium,3.4%,3.6%,1.0944,1.09984,1.08767,1.09392
2024-01-05,3:30pm,EUR,CPI Flash Estimate y/y,Medium,2.9%,2.4%,1.0944,1.09984,1.08767,1.09392
2024-01-05,3:30pm,EUR,PPI m/m,Low,-0.3%,0.3%,1.0944,1.09984,1.08767,1.09392
2024-01-05,3:30pm,EUR,Italian Prelim CPI m/m,Low,0.2%,-0.5%,1.0944,1.09984,1.08767,1.09392
2024-01-05,3:30pm,USD,Average Hourly Earnings m/m,High,0.4%,0.4%,1.0944,1.09984,1.08767,1.09392
2024-01-05,3:30pm,USD,Non-Farm Employment Change,High,216K,173K,1.0944,1.09984,1.08767,1.09392
2024-01-05,3:30pm,USD,Unemployment Rate,High,3.7%,3.7%,1.0944,1.09984,1.08767,1.09392
2024-01-05,3:30pm,USD,ISM Services PMI,High,50.6,52.7,1.0944,1.09984,1.08767,1.09392
2024-01-05,3:30pm,USD,Factory Orders m/m,Low,2.6%,-3.4%,1.0944,1.09984,1.08767,1.09392
2024-01-08,12:30pm,EUR,German Factory Orders m/m,Low,0.3%,-3.8%,1.09446,1.09788,1.09224,1.09495
2024-01-08,12:30pm,EUR,German Trade Balance,Low,20.4B,17.7B,1.09446,1.09788,1.09224,1.09495
2024-01-08,3:00pm,EUR,Sentix Investor Confidence,Low,-15.8,-16.8,1.09446,1.09788,1.09224,1.09495
2024-01-08,3:30pm,EUR,Retail Sales m/m,Low,-0.3%,0.4%,1.09446,1.09788,1.09224,1.09495
2024-01-09,1:30am,USD,Consumer Credit m/m,Low,23.8B,5.8B,1.09501,1.09663,1.09101,1.0931
2024-01-09,12:30pm,EUR,German Industrial Production m/m,Low,-0.7%,-0.3%,1.09501,1.09663,1.09101,1.0931
2024-01-09,1:15pm,EUR,French Trade Balance,Low,-5.9B,-8.5B,1.09501,1.09663,1.09101,1.0931
2024-01-09,2:30pm,EUR,Italian Monthly Unemployment Rate,Low,7.5%,7.7%,1.09501,1.09663,1.09101,1.0931
2024-01-09,3:30pm,EUR,Unemployment Rate,Low,6.4%,6.5%,1.09501,1.09663,1.09101,1.0931
2024-01-09,4:30pm,USD,NFIB Small Business Index,Low,91.9,90.6,1.09501,1.09663,1.09101,1.0931
2024-01-09,4:30pm,USD,Trade Balance,Low,-63.2B,-64.5B,1.09501,1.09663,1.09101,1.0931
2024-01-09,8:32pm,USD,RCM/TIPP Economic Optimism,Low,44.7,40.0,1.09501,1.09663,1.09101,1.0931
2024-01-10,1:15pm,EUR,French Industrial Production m/m,Low,0.5%,-0.3%,1.09294,1.09731,1.09226,1.09724
2024-01-10,2:30pm,EUR,Italian Retail Sales m/m,Low,0.4%,0.4%,1.09294,1.09731,1.09226,1.09724
2024-01-10,4:04pm,EUR,German 10-y Bond Auction,Low,2.19|1.7,2.45|1.7,1.09294,1.09731,1.09226,1.09724
2024-01-10,8:30pm,USD,Final Wholesale Inventories m/m,Low,-0.2%,-0.2%,1.09294,1.09731,1.09226,1.09724
2024-01-10,9:00pm,USD,Crude Oil Inventories,Low,1.3M,-5.5M,1.09294,1.09731,1.09226,1.09724
2024-01-10,11:31pm,USD,10-y Bond Auction,Medium,4.02|2.6,4.30|2.5,1.09294,1.09731,1.09226,1.09724
2024-01-11,10:30am,EUR,Italian Industrial Production m/m,Low,-1.5%,-0.2%,1.09722,1.09999,1.093,1.09723
2024-01-11,7:00pm,USD,Core CPI m/m,High,0.3%,0.3%,1.09722,1.09999,1.093,1.09723
2024-01-11,7:00pm,USD,CPI m/m,High,0.3%,0.1%,1.09722,1.09999,1.093,1.09723
2024-01-11,7:00pm,USD,CPI y/y,High,3.4%,3.1%,1.09722,1.09999,1.093,1.09723
2024-01-11,7:00pm,USD,Unemployment Claims,High,202K,203K,1.09722,1.09999,1.093,1.09723
2024-01-11,9:00pm,USD,Natural Gas Storage,Low,-140B,-14B,1.09722,1.09999,1.093,1.09723
2024-01-11,11:31pm,USD,30-y Bond Auction,Medium,4.23|2.4,4.34|2.4,1.09722,1.09999,1.093,1.09723
2024-01-12,12:30am,USD,Federal Budget Balance,Low,-129.4B,-314.0B,1.09715,1.0987,1.09356,1.09483
2024-01-12,1:15pm,EUR,French Consumer Spending m/m,Low,0.7%,-0.9%,1.09715,1.0987,1.09356,1.09483
2024-01-12,1:15pm,EUR,French Final CPI m/m,Low,0.1%,0.1%,1.09715,1.0987,1.09356,1.09483
2024-01-12,7:00pm,USD,Core PPI m/m,High,0.0%,0.0%,1.09715,1.0987,1.09356,1.09483
2024-01-12,7:00pm,USD,PPI m/m,High,-0.1%,-0.1%,1.09715,1.0987,1.09356,1.09483
2024-01-15,12:30pm,EUR,German WPI m/m,Low,-0.6%,-0.2%,1.0953,1.09676,1.0933,1.09483
2024-01-15,2:30pm,EUR,Italian Trade Balance,Low,3.89B,4.73B,1.0953,1.09676,1.0933,1.09483
2024-01-15,3:30pm,EUR,Industrial Production m/m,Low,-0.3%,-0.7%,1.0953,1.09676,1.0933,1.09483
2024-01-15,3:30pm,EUR,Trade Balance,Low,14.8B,11.1B,1.0953,1.09676,1.0933,1.09483
2024-01-16,12:30pm,EUR,German Final CPI m/m,Low,0.1%,0.1%,1.09482,1.0951,1.0862,1.08751
2024-01-16,3:30pm,EUR,German ZEW Economic Sentiment,Low,15.2,12.8,1.09482,1.0951,1.0862,1.08751
2024-01-16,3:30pm,EUR,ZEW Economic Sentiment,Low,22.7,23.0,1.09482,1.0951,1.0862,1.08751
2024-01-16,3:30pm,USD,Empire State Manufacturing Index,High,-43.7,-14.5,1.09482,1.0951,1.0862,1.08751
2024-01-17,1:15pm,EUR,French Gov Budget Balance,Low,-198.0B,-177.7B,1.0874,1.08845,1.08443,1.08827
2024-01-17,3:30pm,EUR,Final Core CPI y/y,Low,3.4%,3.4%,1.0874,1.08845,1.08443,1.08827
2024-01-17,3:30pm,EUR,Final CPI y/y,Low,2.9%,2.9%,1.0874,1.08845,1.08443,1.08827
2024-01-17,4:06pm,EUR,German 30-y Bond Auction,Low,2.45|2.5,2.81|3.0,1.0874,1.08845,1.08443,1.08827
2024-01-17,5:03pm,USD,Core Retail Sales m/m,High,0.4%,0.2%,1.0874,1.08845,1.08443,1.08827
2024-01-17,5:03pm,USD,Retail Sales m/m,High,0.6%,0.3%,1.0874,1.08845,1.08443,1.08827
2024-01-17,5:03pm,USD,Import Prices m/m,Low,0.0%,-0.5%,1.0874,1.08845,1.08443,1.08827
2024-01-17,7:45pm,USD,Industrial Production m/m,Medium,0.1%,0.0%,1.0874,1.08845,1.08443,1.08827
2024-01-17,7:45pm,USD,Capacity Utilization Rate,Low,78.6%,78.6%,1.0874,1.08845,1.08443,1.08827
2024-01-17,8:30pm,USD,Business Inventories m/m,Low,-0.1%,-0.1%,1.0874,1.08845,1.08443,1.08827
2024-01-17,8:30pm,USD,NAHB Housing Market Index,Low,44,37,1.0874,1.08845,1.08443,1.08827
2024-01-18,2:30pm,EUR,Current Account,Low,24.6B,32.3B,1.08811,1.09068,1.08464,1.08762
2024-01-18,7:00pm,USD,Unemployment Claims,High,187K,203K,1.08811,1.09068,1.08464,1.08762
2024-01-18,7:00pm,USD,Building Permits,Medium,1.50M,1.47M,1.08811,1.09068,1.08464,1.08762
2024-01-18,7:00pm,USD,Philly Fed Manufacturing Index,Medium,-10.6,-10.5,1.08811,1.09068,1.08464,1.08762
2024-01-18,7:00pm,USD,Housing Starts,Low,1.46M,1.53M,1.08811,1.09068,1.08464,1.08762
2024-01-18,7:00pm,USD,Natural Gas Storage,Low,-154B,-140B,1.08811,1.09068,1.08464,1.08762
2024-01-18,9:30pm,USD,Crude Oil Inventories,Low,-2.5M,1.3M,1.08811,1.09068,1.08464,1.08762
2024-01-19,12:30pm,EUR,German PPI m/m,Low,-1.2%,-0.5%,1.08757,1.08983,1.08654,1.0896
2024-01-19,8:30pm,USD,Prelim UoM Consumer Sentiment,High,78.8,69.7,1.08757,1.08983,1.08654,1.0896
2024-01-19,8:30pm,USD,Existing Home Sales,Medium,3.78M,3.82M,1.08757,1.08983,1.08654,1.0896
2024-01-19,8:30pm,USD,Prelim UoM Inflation Expectations,Medium,2.9%,3.1%,1.08757,1.08983,1.08654,1.0896
2024-01-20,2:30am,USD,TIC Long-Term Purchases,Low,126.1B,3.4B,,,,
2024-01-22,8:30pm,USD,CB Leading Index m/m,Low,-0.1%,-0.5%,1.08901,1.09095,1.08797,1.08824
2024-01-23,8:29pm,USD,Richmond Manufacturing Index,Medium,-15,-11,1.0882,1.09162,1.08214,1.08541
2024-01-23,8:30pm,EUR,Consumer Confidence,Low,-16,-15,1.0882,1.09162,1.08214,1.08541
2024-01-24,1:45pm,EUR,French Flash Manufacturing PMI,High,43.2,42.1,1.0854,1.09323,1.08462,1.08843
2024-01-24,1:45pm,EUR,French Flash Services PMI,High,45.0,45.7,1.0854,1.09323,1.08462,1.08843
2024-01-24,2:00pm,EUR,German Flash Manufacturing PMI,High,45.4,43.3,1.0854,1.09323,1.08462,1.08843
2024-01-24,2:00pm,EUR,German Flash Services PMI,High,47.6,49.3,1.0854,1.09323,1.08462,1.08843
2024-01-24,2:30pm,EUR,Flash Manufacturing PMI,Medium,46.6,44.4,1.0854,1.09323,1.08462,1.08843
2024-01-24,2:30pm,EUR,Flash Services PMI,Medium,48.4,48.8,1.0854,1.09323,1.08462,1.08843
2024-01-24,4:30pm,USD,Flash Manufacturing PMI,High,50.3,47.9,1.0854,1.09323,1.08462,1.08843
2024-01-24,4:30pm,USD,Flash Services PMI,High,52.9,51.4,1.0854,1.09323,1.08462,1.08843
2024-01-24,4:30pm,USD,Crude Oil Inventories,Low,-9.2M,-2.5M,1.0854,1.09323,1.08462,1.08843
2024-01-25,2:30pm,EUR,German ifo Business Climate,Medium,85.2,86.3,1.08843,1.09018,1.08214,1.08454
2024-01-25,6:45pm,EUR,Main Refinancing Rate,High,4.50%,4.50%,1.08843,1.09018,1.08214,1.08454
2024-01-25,7:00pm,USD,Advance GDP q/q,High,3.3%,4.9%,1.08843,1.09018,1.08214,1.08454
2024-01-25,7:00pm,USD,Unemployment Claims,High,214K,189K,1.08843,1.09018,1.08214,1.08454
2024-01-25,7:00pm,USD,Advance GDP Price Index q/q,Medium,1.5%,3.3%,1.08843,1.09018,1.08214,1.08454
2024-01-25,7:00pm,USD,Core Durable Goods Orders m/m,Medium,0.6%,0.4%,1.08843,1.09018,1.08214,1.08454
2024-01-25,7:00pm,USD,Durable Goods Orders m/m,Medium,0.0%,5.5%,1.08843,1.09018,1.08214,1.08454
2024-01-25,7:00pm,USD,Goods Trade Balance,Low,-88.5B,-89.3B,1.08843,1.09018,1.08214,1.08454
2024-01-25,7:00pm,USD,Prelim Wholesale Inventories m/m,Low,0.4%,-0.4%,1.08843,1.09018,1.08214,1.08454
2024-01-25,7:30pm,EUR,Belgian NBB Business Climate,Low,-16.4,-12.7,1.08843,1.09018,1.08214,1.08454
2024-01-25,8:30pm,USD,New Home Sales,Medium,664K,615K,1.08843,1.09018,1.08214,1.08454
2024-01-25,9:00pm,USD,Natural Gas Storage,Low,-326B,-154B,1.08843,1.09018,1.08214,1.08454
2024-01-26,12:30pm,EUR,German GfK Consumer Climate,Low,-29.7,-25.4,1.08449,1.08854,1.08125,1.08512
2024-01-26,1:30pm,EUR,Spanish Unemployment Rate,Low,11.8%,11.8%,1.08449,1.08854,1.08125,1.08512
2024-01-26,2:30pm,EUR,M3 Money Supply y/y,Low,0.1%,-0.9%,1.08449,1.08854,1.08125,1.08512
2024-01-26,2:30pm,EUR,Private Loans y/y,Low,0.3%,0.5%,1.08449,1.08854,1.08125,1.08512
2024-01-26,7:00pm,USD,Core PCE Price Index m/m,High,0.2%,0.1%,1.08449,1.08854,1.08125,1.08512
2024-01-26,7:00pm,USD,Personal Income m/m,Low,0.3%,0.4%,1.08449,1.08854,1.08125,1.08512
2024-01-26,7:00pm,USD,Personal Spending m/m,Low,0.7%,0.4%,1.08449,1.08854,1.08125,1.08512
2024-01-26,8:30pm,USD,Pending Home Sales m/m,Medium,8.3%,-0.3%,1.08449,1.08854,1.08125,1.08512
2024-01-30,12:00pm,EUR,French Consumer Spending m/m,Low,0.3%,0.6%,1.0832,1.08573,1.08117,1.08447
2024-01-30,12:00pm,EUR,French Flash GDP q/q,Low,0.0%,-0.1%,1.0832,1.08573,1.08117,1.08447
2024-01-30,12:00pm,EUR,Spanish Flash CPI y/y,Medium,3.4%,3.1%,1.0832,1.08573,1.08117,1.08447
2024-01-30,12:00pm,EUR,Spanish Flash GDP q/q,Low,0.6%,0.4%,1.0832,1.08573,1.08117,1.08447
2024-01-30,2:30pm,EUR,Italian Prelim GDP q/q,Low,0.2%,0.1%,1.0832,1.08573,1.08117,1.08447
2024-01-30,2:30pm,EUR,German Prelim GDP q/q,Low,-0.3%,0.0%,1.0832,1.08573,1.08117,1.08447
2024-01-30,3:30pm,EUR,Prelim Flash GDP q/q,Low,0.0%,-0.1%,1.0832,1.08573,1.08117,1.08447
2024-01-30,3:49pm,EUR,Italian 10-y Bond Auction,Low,3.69|1.7,4.17|1.4,1.0832,1.08573,1.08117,1.08447
2024-01-30,7:30pm,USD,S&P/CS Composite-20 HPI y/y,Medium,5.4%,4.9%,1.0832,1.08573,1.08117,1.08447
2024-01-30,7:30pm,USD,HPI m/m,Low,0.3%,0.3%,1.0832,1.08573,1.08117,1.08447
2024-01-30,8:30pm,USD,CB Consumer Confidence,High,114.8,108.0,1.0832,1.08573,1.08117,1.08447
2024-01-30,8:30pm,USD,JOLTS Job Openings,High,9.03M,8.93M,1.0832,1.08573,1.08117,1.08447
2024-01-31,12:30pm,EUR,German Import Prices m/m,Low,-1.1%,-0.1%,1.08446,1.08874,1.07947,1.0818
2024-01-31,12:30pm,EUR,German Retail Sales m/m,Low,-1.6%,-0.8%,1.08446,1.08874,1.07947,1.0818
2024-01-31,All Day,EUR,German Prelim CPI m/m,High,0.2%,0.1%,1.08446,1.08874,1.07947,1.0818
2024-01-31,1:15pm,EUR,French Prelim CPI m/m,Low,-0.2%,0.1%,1.08446,1.08874,1.07947,1.0818
2024-01-31,2:25pm,EUR,German Unemployment Change,Low,-2K,2K,1.08446,1.08874,1.07947,1.0818
2024-01-31,2:25pm,EUR,Italian Monthly Unemployment Rate,Low,7.2%,7.4%,1.08446,1.08874,1.07947,1.0818
2024-01-31,4:02pm,EUR,German 10-y Bond Auction,Low,2.23|1.8,2.19|1.7,1.08446,1.08874,1.07947,1.0818
2024-01-31,6:45pm,USD,ADP Non-Farm Employment Change,High,107K,158K,1.08446,1.08874,1.07947,1.0818
2024-01-31,6:45pm,USD,Employment Cost Index q/q,High,0.9%,1.1%,1.08446,1.08874,1.07947,1.0818
2024-01-31,8:15pm,USD,Chicago PMI,Medium,46.0,46.9,1.08446,1.08874,1.07947,1.0818
2024-01-31,9:00pm,USD,Crude Oil Inventories,Low,1.2M,-9.2M,1.08446,1.08874,1.07947,1.0818
2024-02-01,12:30am,USD,Federal Funds Rate,High,5.50%,5.50%,1.0818,1.0875,1.07797,1.08713
2024-02-01,1:45pm,EUR,Spanish Manufacturing PMI,Low,49.2,46.2,1.0818,1.0875,1.07797,1.08713
2024-02-01,2:15pm,EUR,Italian Manufacturing PMI,Low,48.5,45.3,1.0818,1.0875,1.07797,1.08713
2024-02-01,2:20pm,EUR,French Final Manufacturing PMI,Low,43.1,43.2,1.0818,1.0875,1.07797,1.08713
2024-02-01,2:25pm,EUR,German Final Manufacturing PMI,Low,45.5,45.4,1.0818,1.0875,1.07797,1.08713
2024-02-01,2:30pm,EUR,Final Manufacturing PMI,Low,46.6,46.6,1.0818,1.0875,1.07797,1.08713
2024-02-01,3:15pm,EUR,Spanish 10-y Bond Auction,Low,3.17|1.8,3.61|2.2,1.0818,1.0875,1.07797,1.08713
2024-02-01,3:30pm,EUR,Core CPI Flash Estimate y/y,Medium,3.3%,3.4%,1.0818,1.0875,1.07797,1.08713
2024-02-01,3:30pm,EUR,CPI Flash Estimate y/y,Medium,2.8%,2.9%,1.0818,1.0875,1.07797,1.08713
2024-02-01,3:30pm,EUR,Italian Prelim CPI m/m,Low,0.3%,0.2%,1.0818,1.0875,1.07797,1.08713
2024-02-01,3:30pm,EUR,Unemployment Rate,Low,6.4%,6.4%,1.0818,1.0875,1.07797,1.08713
2024-02-01,3:31pm,EUR,French 10-y Bond Auction,Low,2.70|1.9,2.59|1.8,1.0818,1.0875,1.07797,1.08713
2024-02-01,3:31pm,USD,Challenger Job Cuts y/y,Low,-20.0%,-20.2%,1.0818,1.0875,1.07797,1.08713
2024-02-01,7:00pm,USD,Unemployment Claims,High,224K,215K,1.0818,1.0875,1.07797,1.08713
2024-02-01,7:00pm,USD,Prelim Nonfarm Productivity q/q,Low,3.2%,5.2%,1.0818,1.0875,1.07797,1.08713
2024-02-01,7:00pm,USD,Prelim Unit Labor Costs q/q,Low,0.5%,-1.2%,1.0818,1.0875,1.07797,1.08713
2024-02-01,8:15pm,USD,Final Manufacturing PMI,Low,50.7,50.3,1.0818,1.0875,1.07797,1.08713
2024-02-01,8:30pm,USD,ISM Manufacturing PMI,High,49.1,47.4,1.0818,1.0875,1.07797,1.08713
2024-02-01,8:30pm,USD,ISM Manufacturing Prices,Medium,52.9,45.2,1.0818,1.0875,1.07797,1.08713
2024-02-01,8:30pm,USD,Construction Spending m/m,Low,0.9%,0.9%,1.0818,1.0875,1.07797,1.08713
2024-02-01,All Day,USD,Wards Total Vehicle Sales,Low,15.0M,15.8M,1.0818,1.0875,1.07797,1.08713
2024-02-01,9:00pm,USD,Natural Gas Storage,Low,-197B,-326B,1.0818,1.0875,1.07797,1.08713
2024-02-02,1:15pm,EUR,French Gov Budget Balance,Low,-173.3B,-198.0B,1.08714,1.08974,1.07802,1.07849
2024-02-02,1:15pm,EUR,French Industrial Production m/m,Low,1.1%,0.5%,1.08714,1.08974,1.07802,1.07849
2024-02-02,1:30pm,EUR,Spanish Unemployment Change,Low,60.4K,-27.4K,1.08714,1.08974,1.07802,1.07849
2024-02-02,7:00pm,USD,Average Hourly Earnings m/m,High,0.6%,0.4%,1.08714,1.08974,1.07802,1.07849
2024-02-02,7:00pm,USD,Non-Farm Employment Change,High,353K,333K,1.08714,1.08974,1.07802,1.07849
2024-02-02,7:00pm,USD,Unemployment Rate,High,3.7%,3.7%,1.08714,1.08974,1.07802,1.07849
2024-02-02,8:30pm,USD,Revised UoM Consumer Sentiment,High,79.0,78.8,1.08714,1.08974,1.07802,1.07849
2024-02-02,8:30pm,USD,Factory Orders m/m,Low,0.2%,2.6%,1.08714,1.08974,1.07802,1.07849
2024-02-02,8:30pm,USD,Revised UoM Inflation Expectations,Low,2.9%,2.9%,1.08714,1.08974,1.07802,1.07849
2024-02-05,12:30pm,EUR,German Trade Balance,Low,22.2B,20.7B,1.0785,1.07861,1.07229,1.07419
2024-02-05,1:45pm,EUR,Spanish Services PMI,Low,52.1,51.5,1.0785,1.07861,1.07229,1.07419
2024-02-05,2:15pm,EUR,Italian Services PMI,Low,51.2,49.8,1.0785,1.07861,1.07229,1.07419
2024-02-05,2:20pm,EUR,French Final Services PMI,Low,45.4,45.0,1.0785,1.07861,1.07229,1.07419
2024-02-05,2:25pm,EUR,German Final Services PMI,Low,47.7,47.6,1.0785,1.07861,1.07229,1.07419
2024-02-05,2:30pm,EUR,Final Services PMI,Low,48.4,48.4,1.0785,1.07861,1.07229,1.07419
2024-02-05,3:00pm,EUR,Sentix Investor Confidence,Low,-12.9,-15.8,1.0785,1.07861,1.07229,1.07419
2024-02-05,3:30pm,EUR,PPI m/m,Low,-0.8%,-0.3%,1.0785,1.07861,1.07229,1.07419
2024-02-05,8:15pm,USD,Final Services PMI,Low,52.5,52.9,1.0785,1.07861,1.07229,1.07419
2024-02-05,8:30pm,USD,ISM Services PMI,High,53.4,50.6,1.0785,1.07861,1.07229,1.07419
2024-02-06,12:30pm,EUR,German Factory Orders m/m,Low,8.9%,0.0%,1.07418,1.07623,1.07224,1.07545
2024-02-06,3:30pm,EUR,Retail Sales m/m,Low,-1.1%,0.3%,1.07418,1.07623,1.07224,1.07545
2024-02-06,8:36pm,USD,RCM/TIPP Economic Optimism,Low,44.0,44.7,1.07418,1.07623,1.07224,1.07545
2024-02-07,12:30pm,EUR,German Industrial Production m/m,Low,-1.6%,-0.2%,1.0754,1.0784,1.07487,1.07717
2024-02-07,1:15pm,EUR,French Prelim Private Payrolls q/q,Low,0.0%,0.1%,1.0754,1.0784,1.07487,1.07717
2024-02-07,1:15pm,EUR,French Trade Balance,Low,-6.8B,-5.9B,1.0754,1.0784,1.07487,1.07717
2024-02-07,2:30pm,EUR,Italian Retail Sales m/m,Low,-0.1%,0.3%,1.0754,1.0784,1.07487,1.07717
2024-02-07,2:30pm,USD,Trade Balance,Low,-62.2B,-61.9B,1.0754,1.0784,1.07487,1.07717
2024-02-07,9:00pm,USD,Crude Oil Inventories,Low,5.5M,1.2M,1.0754,1.0784,1.07487,1.07717
2024-02-07,11:31pm,USD,10-y Bond Auction,Medium,4.09|2.6,4.02|2.6,1.0754,1.0784,1.07487,1.07717
2024-02-08,1:30am,USD,Consumer Credit m/m,Low,1.6B,23.5B,1.07704,1.07889,1.07414,1.07775
2024-02-08,7:00pm,USD,Unemployment Claims,High,218K,227K,1.07704,1.07889,1.07414,1.07775
2024-02-08,7:00pm,USD,Final Wholesale Inventories m/m,Low,0.4%,0.4%,1.07704,1.07889,1.07414,1.07775
2024-02-08,7:00pm,USD,Mortgage Delinquencies,Low,3.88%,3.62%,1.07704,1.07889,1.07414,1.07775
2024-02-08,9:00pm,USD,Natural Gas Storage,Low,-75B,-197B,1.07704,1.07889,1.07414,1.07775
2024-02-08,11:31pm,USD,30-y Bond Auction,Medium,4.36|2.4,4.23|2.4,1.07704,1.07889,1.07414,1.07775
2024-02-09,5:20am,EUR,German Final CPI m/m,Low,0.2%,0.2%,1.07767,1.07951,1.07619,1.07821
2024-02-09,2:30pm,EUR,Italian Industrial Production m/m,Low,1.1%,-1.3%,1.07767,1.07951,1.07619,1.07821
2024-02-12,8:15pm,USD,Cleveland Fed Inflation Expectations,Low,3.4%,4.2%,1.07778,1.08055,1.07556,1.07713
2024-02-13,12:30am,USD,Federal Budget Balance,Low,-21.9B,-129.4B,1.07708,1.07985,1.07003,1.07079
2024-02-13,3:30pm,EUR,ZEW Economic Sentiment,Low,25.0,22.7,1.07708,1.07985,1.07003,1.07079
2024-02-13,3:30pm,EUR,German ZEW Economic Sentiment,Low,19.9,15.2,1.07708,1.07985,1.07003,1.07079
2024-02-13,4:30pm,USD,NFIB Small Business Index,Low,89.9,91.9,1.07708,1.07985,1.07003,1.07079
2024-02-13,7:00pm,USD,Core CPI m/m,High,0.4%,0.3%,1.07708,1.07985,1.07003,1.07079
2024-02-13,7:00pm,USD,CPI m/m,High,0.3%,0.3%,1.07708,1.07985,1.07003,1.07079
2024-02-13,7:00pm,USD,CPI y/y,High,3.1%,3.4%,1.07708,1.07985,1.07003,1.07079
2024-02-14,3:30pm,EUR,Flash Employment Change q/q,Low,0.3%,0.2%,1.07087,1.07344,1.06945,1.07264
2024-02-14,3:30pm,EUR,Flash GDP q/q,Low,0.0%,0.0%,1.07087,1.07344,1.06945,1.07264
2024-02-14,3:30pm,EUR,Industrial Production m/m,Low,2.6%,0.4%,1.07087,1.07344,1.06945,1.07264
2024-02-14,4:03pm,EUR,German 30-y Bond Auction,Low,2.53|2.8,2.45|2.5,1.07087,1.07344,1.06945,1.07264
2024-02-14,9:00pm,USD,Crude Oil Inventories,Low,12.0M,5.5M,1.07087,1.07344,1.06945,1.07264
2024-02-15,2:30pm,EUR,Italian Trade Balance,Low,5.61B,3.88B,1.07243,1.07848,1.07224,1.0772
2024-02-15,3:16pm,EUR,Spanish 10-y Bond Auction,Low,3.14|1.9,3.17|1.8,1.07243,1.07848,1.07224,1.0772
2024-02-15,3:16pm,EUR,Trade Balance,Low,13.0B,15.1B,1.07243,1.07848,1.07224,1.0772
2024-02-15,5:52pm,USD,Core Retail Sales m/m,High,-0.6%,0.4%,1.07243,1.07848,1.07224,1.0772
2024-02-15,5:52pm,USD,Empire State Manufacturing Index,High,-2.4,-43.7,1.07243,1.07848,1.07224,1.0772
2024-02-15,5:52pm,USD,Retail Sales m/m,High,-0.8%,0.4%,1.07243,1.07848,1.07224,1.0772
2024-02-15,5:52pm,USD,Unemployment Claims,High,212K,220K,1.07243,1.07848,1.07224,1.0772
2024-02-15,5:52pm,USD,Philly Fed Manufacturing Index,Medium,5.2,-10.6,1.07243,1.07848,1.07224,1.0772
2024-02-15,5:52pm,USD,Import Prices m/m,Low,0.8%,-0.7%,1.07243,1.07848,1.07224,1.0772
2024-02-15,7:45pm,USD,Industrial Production m/m,Medium,-0.1%,0.0%,1.07243,1.07848,1.07224,1.0772
2024-02-15,7:45pm,USD,Capacity Utilization Rate,Low,78.5%,78.7%,1.07243,1.07848,1.07224,1.0772
2024-02-15,8:30pm,USD,Business Inventories m/m,Low,0.4%,-0.1%,1.07243,1.07848,1.07224,1.0772
2024-02-15,8:30pm,USD,NAHB Housing Market Index,Low,48,44,1.07243,1.07848,1.07224,1.0772
2024-02-15,8:30pm,USD,Natural Gas Storage,Low,-49B,-75B,1.07243,1.07848,1.07224,1.0772
2024-02-16,2:30am,USD,TIC Long-Term Purchases,Low,160.2B,99.7B,1.07718,1.07874,1.07318,1.07749
2024-02-16,12:30pm,EUR,German WPI m/m,Low,0.1%,-0.6%,1.07718,1.07874,1.07318,1.07749
2024-02-16,1:15pm,EUR,French Final CPI m/m,Low,-0.2%,-0.2%,1.07718,1.07874,1.07318,1.07749
2024-02-16,1:15pm,USD,Core PPI m/m,High,0.5%,-0.1%,1.07718,1.07874,1.07318,1.07749
2024-02-16,1:15pm,USD,PPI m/m,High,0.3%,-0.1%,1.07718,1.07874,1.07318,1.07749
2024-02-16,1:15pm,USD,Building Permits,Medium,1.47M,1.49M,1.07718,1.07874,1.07318,1.07749
2024-02-16,1:15pm,USD,Housing Starts,Low,1.33M,1.56M,1.07718,1.07874,1.07318,1.07749
2024-02-16,8:30pm,USD,Prelim UoM Consumer Sentiment,High,79.6,79.0,1.07718,1.07874,1.07318,1.07749
2024-02-16,8:30pm,USD,Prelim UoM Inflation Expectations,Medium,3.0%,2.9%,1.07718,1.07874,1.07318,1.07749
2024-02-20,2:30pm,EUR,Current Account,Low,31.9B,22.5B,1.0777,1.0839,1.07614,1.08076
2024-02-20,8:30pm,USD,CB Leading Index m/m,Low,-0.4%,-0.2%,1.0777,1.0839,1.07614,1.08076
2024-02-21,4:05pm,EUR,German 10-y Bond Auction,Low,2.38|2.1,2.23|1.8,1.08075,1.08245,1.07897,1.08185
2024-02-21,8:30pm,EUR,Consumer Confidence,Low,-16,-16,1.08075,1.08245,1.07897,1.08185
2024-02-22,1:45pm,EUR,French Flash Manufacturing PMI,High,46.8,43.1,1.08182,1.08882,1.08025,1.08222
2024-02-22,1:45pm,EUR,French Flash Services PMI,High,48.0,45.4,1.08182,1.08882,1.08025,1.08222
2024-02-22,2:00pm,EUR,German Flash Manufacturing PMI,High,42.3,45.5,1.08182,1.08882,1.08025,1.08222
2024-02-22,2:00pm,EUR,German Flash Services PMI,High,48.2,47.7,1.08182,1.08882,1.08025,1.08222
2024-02-22,2:30pm,EUR,Flash Manufacturing PMI,Medium,46.1,46.6,1.08182,1.08882,1.08025,1.08222
2024-02-22,2:30pm,EUR,Flash Services PMI,Medium,50.0,48.4,1.08182,1.08882,1.08025,1.08222
2024-02-22,3:30pm,EUR,Final Core CPI y/y,Low,3.3%,3.3%,1.08182,1.08882,1.08025,1.08222
2024-02-22,3:30pm,EUR,Final CPI y/y,Low,2.8%,2.8%,1.08182,1.08882,1.08025,1.08222
2024-02-22,3:30pm,USD,Unemployment Claims,High,201K,213K,1.08182,1.08882,1.08025,1.08222
2024-02-22,8:15pm,USD,Flash Manufacturing PMI,High,51.5,50.7,1.08182,1.08882,1.08025,1.08222
2024-02-22,8:15pm,USD,Flash Services PMI,High,51.3,52.5,1.08182,1.08882,1.08025,1.08222
2024-02-22,8:30pm,USD,Existing Home Sales,Medium,4.00M,3.88M,1.08182,1.08882,1.08025,1.08222
2024-02-22,9:00pm,USD,Natural Gas Storage,Low,-60B,-49B,1.08182,1.08882,1.08025,1.08222
2024-02-22,9:30pm,USD,Crude Oil Inventories,Low,3.5M,12.0M,1.08182,1.08882,1.08025,1.08222
2024-02-23,12:30pm,EUR,German Final GDP q/q,Low,-0.3%,-0.3%,1.08221,1.08396,1.08115,1.08188
2024-02-23,2:30pm,EUR,German ifo Business Climate,Medium,85.5,85.2,1.08221,1.08396,1.08115,1.08188
2024-02-23,7:26pm,EUR,Belgian NBB Business Climate,Low,-12.8,-16.4,1.08221,1.08396,1.08115,1.08188
2024-02-26,8:30pm,USD,New Home Sales,Medium,661K,651K,1.08319,1.08597,1.08124,1.08509
2024-02-27,12:30pm,EUR,German GfK Consumer Climate,Low,-29.0,-29.6,1.08504,1.0866,1.08328,1.08437
2024-02-27,2:30pm,EUR,M3 Money Supply y/y,Low,0.1%,0.2%,1.08504,1.0866,1.08328,1.08437
2024-02-27,2:30pm,EUR,Private Loans y/y,Low,0.3%,0.4%,1.08504,1.0866,1.08328,1.08437
2024-02-27,7:00pm,USD,Durable Goods Orders m/m,High,-6.1%,-0.3%,1.08504,1.0866,1.08328,1.08437
2024-02-27,7:00pm,USD,Core Durable Goods Orders m/m,Medium,-0.3%,0.5%,1.08504,1.0866,1.08328,1.08437
2024-02-27,7:30pm,USD,S&P/CS Composite-20 HPI y/y,Medium,6.1%,5.4%,1.08504,1.0866,1.08328,1.08437
2024-02-27,7:30pm,USD,HPI m/m,Low,0.1%,0.4%,1.08504,1.0866,1.08328,1.08437
2024-02-27,8:29pm,USD,Richmond Manufacturing Index,Medium,-5,-15,1.08504,1.0866,1.08328,1.08437
2024-02-27,8:30pm,USD,CB Consumer Confidence,High,106.7,110.9,1.08504,1.0866,1.08328,1.08437
2024-02-28,3:49pm,EUR,Italian 10-y Bond Auction,Low,3.91|1.4,3.69|1.7,1.08437,1.08474,1.07965,1.08377
2024-02-28,3:49pm,USD,Prelim GDP q/q,High,3.2%,3.3%,1.08437,1.08474,1.07965,1.08377
2024-02-28,3:49pm,USD,Prelim GDP Price Index q/q,Medium,1.6%,1.5%,1.08437,1.08474,1.07965,1.08377
2024-02-28,3:49pm,USD,Goods Trade Balance,Low,-90.2B,-87.9B,1.08437,1.08474,1.07965,1.08377
2024-02-28,3:49pm,USD,Prelim Wholesale Inventories m/m,Low,-0.1%,0.4%,1.08437,1.08474,1.07965,1.08377
2024-02-28,3:49pm,USD,Crude Oil Inventories,Low,4.2M,3.5M,1.08437,1.08474,1.07965,1.08377
2024-02-29,12:00pm,EUR,French Final Private Payrolls q/q,Low,-0.1%,0.0%,1.08363,1.0856,1.07956,1.08053
2024-02-29,12:30pm,EUR,German Retail Sales m/m,Low,-0.4%,-0.5%,1.08363,1.0856,1.07956,1.08053
2024-02-29,All Day,EUR,German Prelim CPI m/m,High,0.4%,0.2%,1.08363,1.0856,1.07956,1.08053
2024-02-29,1:15pm,EUR,French Consumer Spending m/m,Low,-0.3%,0.3%,1.08363,1.0856,1.07956,1.08053
2024-02-29,1:15pm,EUR,French Prelim CPI m/m,Low,0.8%,-0.2%,1.08363,1.0856,1.07956,1.08053
2024-02-29,1:15pm,EUR,French Prelim GDP q/q,Low,0.1%,0.0%,1.08363,1.0856,1.07956,1.08053
2024-02-29,1:15pm,EUR,Spanish Flash CPI y/y,Medium,2.8%,3.4%,1.08363,1.0856,1.07956,1.08053
2024-02-29,2:25pm,EUR,German Unemployment Change,Low,11K,1K,1.08363,1.0856,1.07956,1.08053
2024-02-29,3:00pm,USD,Core PCE Price Index m/m,High,0.4%,0.1%,1.08363,1.0856,1.07956,1.08053
2024-02-29,3:00pm,USD,Unemployment Claims,High,215K,202K,1.08363,1.0856,1.07956,1.08053
2024-02-29,3:00pm,USD,Personal Income m/m,Low,1.0%,0.3%,1.08363,1.0856,1.07956,1.08053
2024-02-29,3:00pm,USD,Personal Spending m/m,Low,0.2%,0.7%,1.08363,1.0856,1.07956,1.08053
2024-02-29,8:15pm,USD,Chicago PMI,Medium,44.0,46.0,1.08363,1.0856,1.07956,1.08053
2024-02-29,8:30pm,USD,Pending Home Sales m/m,Medium,-4.9%,5.7%,1.08363,1.0856,1.07956,1.08053
2024-02-29,9:00pm,USD,Natural Gas Storage,Low,-96B,-60B,1.08363,1.0856,1.07956,1.08053
2024-03-01,1:45pm,EUR,Spanish Manufacturing PMI,Low,51.5,49.2,1.08046,1.08432,1.0798,1.08368
2024-03-01,2:15pm,EUR,Italian Manufacturing PMI,Low,48.7,48.5,1.08046,1.08432,1.0798,1.08368
2024-03-01,2:20pm,EUR,French Final Manufacturing PMI,Low,47.1,46.8,1.08046,1.08432,1.0798,1.08368
2024-03-01,2:25pm,EUR,German Final Manufacturing PMI,Low,42.5,42.3,1.08046,1.08432,1.0798,1.08368
2024-03-01,2:30pm,EUR,Final Manufacturing PMI,Low,46.5,46.1,1.08046,1.08432,1.0798,1.08368
2024-03-01,2:30pm,EUR,Italian Monthly Unemployment Rate,Low,7.2%,7.2%,1.08046,1.08432,1.0798,1.08368
2024-03-01,3:30pm,EUR,Core CPI Flash Estimate y/y,Medium,3.1%,3.3%,1.08046,1.08432,1.0798,1.08368
2024-03-01,3:30pm,EUR,CPI Flash Estimate y/y,Medium,2.6%,2.8%,1.08046,1.08432,1.0798,1.08368
2024-03-01,3:30pm,EUR,Italian Prelim CPI m/m,Low,0.1%,0.3%,1.08046,1.08432,1.0798,1.08368
2024-03-01,3:30pm,EUR,Unemployment Rate,Low,6.4%,6.5%,1.08046,1.08432,1.0798,1.08368
2024-03-01,8:15pm,USD,Final Manufacturing PMI,Low,52.2,51.5,1.08046,1.08432,1.0798,1.08368
2024-03-01,8:30pm,USD,ISM Manufacturing PMI,High,47.8,49.1,1.08046,1.08432,1.0798,1.08368
2024-03-01,8:30pm,USD,Revised UoM Consumer Sentiment,High,76.9,79.6,1.08046,1.08432,1.0798,1.08368
2024-03-01,8:30pm,USD,ISM Manufacturing Prices,Medium,52.5,52.9,1.08046,1.08432,1.0798,1.08368
2024-03-01,8:30pm,USD,Construction Spending m/m,Low,-0.2%,1.1%,1.08046,1.08432,1.0798,1.08368
2024-03-01,8:30pm,USD,Revised UoM Inflation Expectations,Low,3.0%,3.0%,1.08046,1.08432,1.0798,1.08368
2024-03-01,All Day,USD,Wards Total Vehicle Sales,Low,15.8M,15.0M,1.08046,1.08432,1.0798,1.08368
2024-03-04,1:15pm,EUR,French Gov Budget Balance,Low,-25.7B,-173.3B,1.0838,1.0867,1.08349,1.08555
2024-03-04,1:30pm,EUR,Spanish Unemployment Change,Low,-7.5K,60.4K,1.0838,1.0867,1.08349,1.08555
2024-03-04,3:00pm,EUR,Sentix Investor Confidence,Low,-10.5,-12.9,1.0838,1.0867,1.08349,1.08555
2024-03-05,1:15pm,EUR,French Industrial Production m/m,Low,-1.1%,0.4%,1.0856,1.08762,1.08401,1.08547
2024-03-05,1:45pm,EUR,Spanish Services PMI,Low,54.7,52.1,1.0856,1.08762,1.08401,1.08547
2024-03-05,2:15pm,EUR,Italian Services PMI,Low,52.2,51.2,1.0856,1.08762,1.08401,1.08547
2024-03-05,2:20pm,EUR,French Final Services PMI,Low,48.4,48.0,1.0856,1.08762,1.08401,1.08547
2024-03-05,2:25pm,EUR,German Final Services PMI,Low,48.3,48.2,1.0856,1.08762,1.08401,1.08547
2024-03-05,2:30pm,EUR,Final Services PMI,Low,50.2,50.0,1.0856,1.08762,1.08401,1.08547
2024-03-05,3:30pm,EUR,PPI m/m,Low,-0.9%,-0.9%,1.0856,1.08762,1.08401,1.08547
2024-03-05,8:15pm,USD,Final Services PMI,Low,52.3,51.3,1.0856,1.08762,1.08401,1.08547
2024-03-05,8:30pm,USD,ISM Services PMI,High,52.6,53.4,1.0856,1.08762,1.08401,1.08547
2024-03-05,8:30pm,USD,Factory Orders m/m,Low,-3.6%,-0.3%,1.0856,1.08762,1.08401,1.08547
2024-03-05,9:06pm,USD,RCM/TIPP Economic Optimism,Low,43.5,44.0,1.0856,1.08762,1.08401,1.08547
2024-03-06,12:30pm,EUR,German Trade Balance,Low,27.5B,23.3B,1.0856,1.09153,1.08418,1.08986
2024-03-06,3:30pm,EUR,Retail Sales m/m,Low,0.1%,-0.6%,1.0856,1.09153,1.08418,1.08986
2024-03-06,6:45pm,USD,ADP Non-Farm Employment Change,High,140K,111K,1.0856,1.09153,1.08418,1.08986
2024-03-06,6:45pm,USD,JOLTS Job Openings,High,8.86M,8.89M,1.0856,1.09153,1.08418,1.08986
2024-03-06,6:45pm,USD,Final Wholesale Inventories m/m,Low,-0.3%,-0.1%,1.0856,1.09153,1.08418,1.08986
2024-03-06,6:45pm,USD,Crude Oil Inventories,Low,1.4M,4.2M,1.0856,1.09153,1.08418,1.08986
2024-03-07,12:30pm,EUR,German Factory Orders m/m,Low,-11.3%,12.0%,1.0898,1.09493,1.08677,1.0948
2024-03-07,3:25pm,EUR,Spanish 10-y Bond Auction,Low,3.16|2.2,3.14|1.9,1.0898,1.09493,1.08677,1.0948
2024-03-07,3:39pm,EUR,French 10-y Bond Auction,Low,2.81|2.4,2.70|1.9,1.0898,1.09493,1.08677,1.0948
2024-03-07,6:00pm,USD,Challenger Job Cuts y/y,Low,8.8%,-20.0%,1.0898,1.09493,1.08677,1.0948
2024-03-07,6:45pm,EUR,Main Refinancing Rate,High,4.50%,4.50%,1.0898,1.09493,1.08677,1.0948
2024-03-07,6:45pm,USD,Unemployment Claims,High,217K,217K,1.0898,1.09493,1.08677,1.0948
2024-03-07,6:45pm,USD,Revised Nonfarm Productivity q/q,Low,3.2%,3.2%,1.0898,1.09493,1.08677,1.0948
2024-03-07,6:45pm,USD,Revised Unit Labor Costs q/q,Low,0.4%,0.5%,1.0898,1.09493,1.08677,1.0948
2024-03-07,6:45pm,USD,Trade Balance,Low,-67.4B,-64.2B,1.0898,1.09493,1.08677,1.0948
2024-03-07,9:00pm,USD,Natural Gas Storage,Low,-40B,-96B,1.0898,1.09493,1.08677,1.0948
2024-03-08,1:30am,USD,Consumer Credit m/m,Low,19.5B,0.9B,1.0948,1.09813,1.09183,1.09381
2024-03-08,12:30pm,EUR,German Industrial Production m/m,Low,1.0%,-2.0%,1.0948,1.09813,1.09183,1.09381
2024-03-08,12:30pm,EUR,German PPI m/m,Low,0.2%,-0.8%,1.0948,1.09813,1.09183,1.09381
2024-03-08,1:15pm,EUR,French Trade Balance,Low,-7.4B,-6.4B,1.0948,1.09813,1.09183,1.09381
2024-03-08,3:30pm,EUR,Final Employment Change q/q,Low,0.3%,0.3%,1.0948,1.09813,1.09183,1.09381
2024-03-08,3:30pm,EUR,Revised GDP q/q,Low,0.0%,0.0%,1.0948,1.09813,1.09183,1.09381
2024-03-08,3:30pm,USD,Average Hourly Earnings m/m,High,0.1%,0.5%,1.0948,1.09813,1.09183,1.09381
2024-03-08,3:30pm,USD,Non-Farm Employment Change,High,275K,229K,1.0948,1.09813,1.09183,1.09381
2024-03-08,3:30pm,USD,Unemployment Rate,High,3.9%,3.7%,1.0948,1.09813,1.09183,1.09381
2024-03-12,12:30pm,EUR,German Final CPI m/m,Low,0.4%,0.4%,1.09258,1.09438,1.09021,1.09255
2024-03-12,3:30pm,USD,NFIB Small Business Index,Low,89.4,89.9,1.09258,1.09438,1.09021,1.09255
2024-03-12,6:00pm,USD,Core CPI m/m,High,0.4%,0.4%,1.09258,1.09438,1.09021,1.09255
2024-03-12,6:00pm,USD,CPI m/m,High,0.4%,0.3%,1.09258,1.09438,1.09021,1.09255
2024-03-12,6:00pm,USD,CPI y/y,High,3.2%,3.1%,1.09258,1.09438,1.09021,1.09255
2024-03-12,10:31pm,USD,10-y Bond Auction,High,4.17|2.5,4.09|2.6,1.09258,1.09438,1.09021,1.09255
2024-03-12,11:30pm,USD,Federal Budget Balance,Low,-296.3B,-21.9B,1.09258,1.09438,1.09021,1.09255
2024-03-13,12:30pm,EUR,German WPI m/m,Low,-0.1%,0.1%,1.09258,1.09638,1.09199,1.09479
2024-03-13,2:30pm,EUR,Italian Quarterly Unemployment Rate,Low,7.4%,7.6%,1.09258,1.09638,1.09199,1.09479
2024-03-13,3:30pm,EUR,Industrial Production m/m,Low,-3.2%,1.6%,1.09258,1.09638,1.09199,1.09479
2024-03-13,4:03pm,EUR,German 10-y Bond Auction,Low,2.31|2.3,2.38|2.1,1.09258,1.09638,1.09199,1.09479
2024-03-13,8:00pm,USD,Crude Oil Inventories,Low,-1.5M,1.4M,1.09258,1.09638,1.09199,1.09479
2024-03-13,10:31pm,USD,30-y Bond Auction,High,4.33|2.5,4.36|2.4,1.09258,1.09638,1.09199,1.09479
2024-03-14,5:31am,USD,Core PPI m/m,High,0.3%,0.5%,1.09485,1.0955,1.08804,1.08847
2024-03-14,5:31am,USD,Core Retail Sales m/m,High,0.3%,-0.8%,1.09485,1.0955,1.08804,1.08847
2024-03-14,5:31am,USD,PPI m/m,High,0.6%,0.3%,1.09485,1.0955,1.08804,1.08847
2024-03-14,5:31am,USD,Retail Sales m/m,High,0.6%,-1.1%,1.09485,1.0955,1.08804,1.08847
2024-03-14,5:31am,USD,Unemployment Claims,High,209K,210K,1.09485,1.0955,1.08804,1.08847
2024-03-14,7:30pm,USD,Business Inventories m/m,Low,0.0%,0.3%,1.09485,1.0955,1.08804,1.08847
2024-03-14,8:00pm,USD,Natural Gas Storage,Low,-9B,-40B,1.09485,1.0955,1.08804,1.08847
2024-03-15,1:15pm,EUR,French Final CPI m/m,Low,0.9%,0.8%,1.08853,1.08997,1.08726,1.08869
2024-03-15,3:30pm,EUR,Italian Retail Sales m/m,Low,-0.1%,-0.2%,1.08853,1.08997,1.08726,1.08869
2024-03-15,4:30pm,EUR,Italian Trade Balance,Low,2.66B,5.53B,1.08853,1.08997,1.08726,1.08869
2024-03-15,4:30pm,USD,Empire State Manufacturing Index,High,-20.9,-2.4,1.08853,1.08997,1.08726,1.08869
2024-03-15,4:30pm,USD,Import Prices m/m,Low,0.3%,0.8%,1.08853,1.08997,1.08726,1.08869
2024-03-15,6:45pm,USD,Industrial Production m/m,Medium,0.1%,-0.5%,1.08853,1.08997,1.08726,1.08869
2024-03-15,6:45pm,USD,Capacity Utilization Rate,Low,78.3%,78.3%,1.08853,1.08997,1.08726,1.08869
2024-03-15,7:30pm,USD,Prelim UoM Consumer Sentiment,High,76.5,76.9,1.08853,1.08997,1.08726,1.08869
2024-03-15,7:30pm,USD,Prelim UoM Inflation Expectations,Medium,3.0%,3.0%,1.08853,1.08997,1.08726,1.08869
2024-03-18,3:30pm,EUR,Final Core CPI y/y,Low,3.1%,3.1%,1.08878,1.09061,1.08658,1.08721
2024-03-18,3:30pm,EUR,Final CPI y/y,Low,2.6%,2.6%,1.08878,1.09061,1.08658,1.08721
2024-03-18,3:30pm,EUR,Trade Balance,Low,28.1B,14.3B,1.08878,1.09061,1.08658,1.08721
2024-03-18,7:30pm,USD,NAHB Housing Market Index,Low,51,48,1.08878,1.09061,1.08658,1.08721
2024-03-19,3:30pm,EUR,German ZEW Economic Sentiment,Low,31.7,19.9,1.08728,1.08766,1.08345,1.08649
2024-03-19,3:30pm,EUR,ZEW Economic Sentiment,Low,33.5,25.0,1.08728,1.08766,1.08345,1.08649
2024-03-19,3:30pm,USD,Building Permits,Medium,1.52M,1.49M,1.08728,1.08766,1.08345,1.08649
2024-03-19,3:30pm,USD,Housing Starts,Low,1.52M,1.37M,1.08728,1.08766,1.08345,1.08649
2024-03-20,1:30am,USD,TIC Long-Term Purchases,Low,36.1B,158.6B,1.08653,1.0923,1.0836,1.09211
2024-03-20,12:30pm,EUR,German PPI m/m,Low,-0.4%,0.2%,1.08653,1.0923,1.0836,1.09211
2024-03-20,2:30pm,EUR,Italian Industrial Production m/m,Low,-1.2%,1.2%,1.08653,1.0923,1.0836,1.09211
2024-03-20,4:08pm,EUR,German 30-y Bond Auction,Low,2.52|3.4,2.53|2.8,1.08653,1.0923,1.0836,1.09211
2024-03-20,4:08pm,USD,Crude Oil Inventories,Low,-2.0M,-1.5M,1.08653,1.0923,1.0836,1.09211
2024-03-20,8:30pm,EUR,Consumer Confidence,Low,-15,-16,1.08653,1.0923,1.0836,1.09211
2024-03-20,11:30pm,USD,Federal Funds Rate,High,5.50%,5.50%,1.08653,1.0923,1.0836,1.09211
2024-03-21,1:45pm,EUR,French Flash Manufacturing PMI,High,45.8,47.1,1.09206,1.09426,1.08551,1.08605
2024-03-21,1:45pm,EUR,French Flash Services PMI,High,47.8,48.4,1.09206,1.09426,1.08551,1.08605
2024-03-21,1:45pm,EUR,German Flash Manufacturing PMI,High,41.6,42.5,1.09206,1.09426,1.08551,1.08605
2024-03-21,1:45pm,EUR,German Flash Services PMI,High,49.8,48.3,1.09206,1.09426,1.08551,1.08605
2024-03-21,1:45pm,EUR,Flash Manufacturing PMI,Medium,45.7,46.5,1.09206,1.09426,1.08551,1.08605
2024-03-21,1:45pm,EUR,Flash Services PMI,Medium,51.1,50.2,1.09206,1.09426,1.08551,1.08605
2024-03-21,1:45pm,EUR,Current Account,Low,39.4B,31.9B,1.09206,1.09426,1.08551,1.08605
2024-03-21,3:00pm,USD,Unemployment Claims,High,210K,212K,1.09206,1.09426,1.08551,1.08605
2024-03-21,3:00pm,USD,Philly Fed Manufacturing Index,Medium,3.2,5.2,1.09206,1.09426,1.08551,1.08605
2024-03-21,3:00pm,USD,Current Account,Low,-195B,-196B,1.09206,1.09426,1.08551,1.08605
2024-03-21,7:15pm,USD,Flash Manufacturing PMI,High,52.5,52.2,1.09206,1.09426,1.08551,1.08605
2024-03-21,7:15pm,USD,Flash Services PMI,High,51.7,52.3,1.09206,1.09426,1.08551,1.08605
2024-03-21,7:30pm,USD,Existing Home Sales,Medium,4.38M,4.00M,1.09206,1.09426,1.08551,1.08605
2024-03-21,7:30pm,USD,CB Leading Index m/m,Low,0.1%,-0.4%,1.09206,1.09426,1.08551,1.08605
2024-03-21,8:00pm,USD,Natural Gas Storage,Low,7B,-9B,1.09206,1.09426,1.08551,1.08605
2024-03-22,12:30pm,EUR,German Import Prices m/m,Low,0.0%,-1.0%,1.08605,1.08681,1.08015,1.0805
2024-03-22,2:30pm,EUR,German ifo Business Climate,Medium,87.8,85.7,1.08605,1.08681,1.08015,1.0805
2024-03-22,7:25pm,EUR,Belgian NBB Business Climate,Low,-10.4,-12.8,1.08605,1.08681,1.08015,1.0805
2024-03-25,7:30pm,USD,New Home Sales,Medium,662K,664K,1.08074,1.08426,1.08019,1.08359
2024-03-26,12:30pm,EUR,German GfK Consumer Climate,Low,-27.4,-28.8,1.08364,1.08643,1.0824,1.08316
2024-03-26,4:02pm,EUR,German 10-y Bond Auction,Low,2.30|2.3,2.31|2.3,1.08364,1.08643,1.0824,1.08316
2024-03-26,6:00pm,USD,Core Durable Goods Orders m/m,Medium,0.5%,-0.4%,1.08364,1.08643,1.0824,1.08316
2024-03-26,6:00pm,USD,Durable Goods Orders m/m,Medium,1.4%,-6.2%,1.08364,1.08643,1.0824,1.08316
2024-03-26,6:30pm,USD,S&P/CS Composite-20 HPI y/y,Medium,6.6%,6.2%,1.08364,1.08643,1.0824,1.08316
2024-03-26,6:30pm,USD,HPI m/m,Low,-0.1%,0.1%,1.08364,1.08643,1.0824,1.08316
2024-03-26,7:29pm,USD,Richmond Manufacturing Index,Medium,-11,-5,1.08364,1.08643,1.0824,1.08316
2024-03-26,7:30pm,USD,CB Consumer Confidence,High,104.7,104.8,1.08364,1.08643,1.0824,1.08316
2024-03-27,1:30pm,EUR,Spanish Flash CPI y/y,Medium,3.2%,2.8%,1.08319,1.08391,1.08104,1.08258
2024-03-27,3:47pm,EUR,Italian 10-y Bond Auction,Low,3.67|1.4,3.91|1.4,1.08319,1.08391,1.08104,1.08258
2024-03-27,8:00pm,USD,Crude Oil Inventories,Low,3.2M,-2.0M,1.08319,1.08391,1.08104,1.08258
2024-03-28,12:30pm,EUR,German Retail Sales m/m,Low,-1.9%,-0.3%,1.0826,1.0827,1.07748,1.0789
2024-03-28,2:25pm,EUR,German Unemployment Change,Low,4K,12K,1.0826,1.0827,1.07748,1.0789
2024-03-28,2:30pm,EUR,M3 Money Supply y/y,Low,0.4%,0.1%,1.0826,1.0827,1.07748,1.0789
2024-03-28,2:30pm,EUR,Private Loans y/y,Low,0.3%,0.3%,1.0826,1.0827,1.07748,1.0789
2024-03-28,2:30pm,USD,Final GDP q/q,High,3.4%,3.2%,1.0826,1.0827,1.07748,1.0789
2024-03-28,2:30pm,USD,Unemployment Claims,High,210K,212K,1.0826,1.0827,1.07748,1.0789
2024-03-28,2:30pm,USD,Final GDP Price Index q/q,Medium,1.6%,1.6%,1.0826,1.0827,1.07748,1.0789
2024-03-28,7:15pm,USD,Chicago PMI,Medium,41.4,44.0,1.0826,1.0827,1.07748,1.0789
2024-03-28,7:30pm,USD,Pending Home Sales m/m,High,1.6%,-4.7%,1.0826,1.0827,1.07748,1.0789
2024-03-28,7:30pm,USD,Revised UoM Consumer Sentiment,High,79.4,76.5,1.0826,1.0827,1.07748,1.0789
2024-03-28,7:30pm,USD,Revised UoM Inflation Expectations,Low,2.9%,3.0%,1.0826,1.0827,1.07748,1.0789
2024-03-28,8:00pm,USD,Natural Gas Storage,Low,-36B,7B,1.0826,1.0827,1.07748,1.0789
2024-03-29,1:15pm,EUR,French Consumer Spending m/m,Low,0.0%,-0.6%,1.07889,1.08051,1.07677,1.079
2024-03-29,1:15pm,EUR,French Prelim CPI m/m,Low,0.2%,0.9%,1.07889,1.08051,1.07677,1.079
2024-03-29,3:30pm,EUR,Italian Prelim CPI m/m,Low,0.1%,0.1%,1.07889,1.08051,1.07677,1.079
2024-03-29,6:00pm,USD,Core PCE Price Index m/m,High,0.3%,0.5%,1.07889,1.08051,1.07677,1.079
2024-03-29,6:00pm,USD,Goods Trade Balance,Low,-91.8B,-90.5B,1.07889,1.08051,1.07677,1.079
2024-03-29,6:00pm,USD,Personal Income m/m,Low,0.3%,1.0%,1.07889,1.08051,1.07677,1.079
2024-03-29,6:00pm,USD,Personal Spending m/m,Low,0.8%,0.2%,1.07889,1.08051,1.07677,1.079
2024-03-29,6:00pm,USD,Prelim Wholesale Inventories m/m,Low,0.5%,-0.3%,1.07889,1.08051,1.07677,1.079
2024-04-01,7:15pm,USD,Final Manufacturing PMI,Low,51.9,52.5,1.0791,1.0799,1.07307,1.07428
2024-04-01,7:30pm,USD,ISM Manufacturing PMI,High,50.3,47.8,1.0791,1.0799,1.07307,1.07428
2024-04-01,7:30pm,USD,ISM Manufacturing Prices,Medium,55.8,52.5,1.0791,1.0799,1.07307,1.07428
2024-04-01,7:30pm,USD,Construction Spending m/m,Low,-0.3%,-0.2%,1.0791,1.0799,1.07307,1.07428
2024-04-02,All Day,EUR,German Prelim CPI m/m,High,0.4%,0.4%,1.07435,1.0779,1.07244,1.07734
2024-04-02,12:30pm,EUR,Spanish Unemployment Change,Low,-33.4K,-7.5K,1.07435,1.0779,1.07244,1.07734
2024-04-02,12:45pm,EUR,Spanish Manufacturing PMI,Low,51.4,51.5,1.07435,1.0779,1.07244,1.07734
2024-04-02,1:15pm,EUR,Italian Manufacturing PMI,Low,50.4,48.7,1.07435,1.0779,1.07244,1.07734
2024-04-02,1:20pm,EUR,French Final Manufacturing PMI,Low,46.2,45.8,1.07435,1.0779,1.07244,1.07734
2024-04-02,1:25pm,EUR,German Final Manufacturing PMI,Low,41.9,41.6,1.07435,1.0779,1.07244,1.07734
2024-04-02,1:30pm,EUR,Final Manufacturing PMI,Low,46.1,45.7,1.07435,1.0779,1.07244,1.07734
2024-04-02,7:30pm,USD,JOLTS Job Openings,High,8.76M,8.75M,1.07435,1.0779,1.07244,1.07734
2024-04-02,7:30pm,USD,Factory Orders m/m,Low,1.4%,-3.8%,1.07435,1.0779,1.07244,1.07734
2024-04-02,All Day,USD,Wards Total Vehicle Sales,Low,15.5M,15.8M,1.07435,1.0779,1.07244,1.07734
2024-04-03,12:15pm,EUR,French Gov Budget Balance,Low,-44.0B,-25.7B,1.07722,1.0837,1.07637,1.08334
2024-04-03,1:30pm,EUR,Italian Monthly Unemployment Rate,Low,7.5%,7.3%,1.07722,1.0837,1.07637,1.08334
2024-04-03,2:30pm,EUR,Core CPI Flash Estimate y/y,Medium,2.9%,3.1%,1.07722,1.0837,1.07637,1.08334
2024-04-03,2:30pm,EUR,CPI Flash Estimate y/y,Medium,2.4%,2.6%,1.07722,1.0837,1.07637,1.08334
2024-04-03,2:30pm,EUR,Unemployment Rate,Low,6.5%,6.5%,1.07722,1.0837,1.07637,1.08334
2024-04-03,3:03pm,EUR,German 10-y Bond Auction,Low,2.38|2.0,2.30|2.3,1.07722,1.0837,1.07637,1.08334
2024-04-03,5:45pm,USD,ADP Non-Farm Employment Change,High,184K,155K,1.07722,1.0837,1.07637,1.08334
2024-04-03,7:15pm,USD,Final Services PMI,Medium,51.7,51.7,1.07722,1.0837,1.07637,1.08334
2024-04-03,7:30pm,USD,ISM Services PMI,High,51.4,52.6,1.07722,1.0837,1.07637,1.08334
2024-04-03,8:00pm,USD,Crude Oil Inventories,Low,3.2M,3.2M,1.07722,1.0837,1.07637,1.08334
2024-04-04,12:45pm,EUR,Spanish Services PMI,Low,56.1,54.7,1.08331,1.08766,1.08314,1.08382
2024-04-04,1:15pm,EUR,Italian Services PMI,Low,54.6,52.2,1.08331,1.08766,1.08314,1.08382
2024-04-04,1:20pm,EUR,French Final Services PMI,Low,48.3,47.8,1.08331,1.08766,1.08314,1.08382
2024-04-04,1:25pm,EUR,German Final Services PMI,Low,50.1,49.8,1.08331,1.08766,1.08314,1.08382
2024-04-04,1:30pm,EUR,Final Services PMI,Low,51.5,51.1,1.08331,1.08766,1.08314,1.08382
2024-04-04,2:12pm,EUR,Spanish 10-y Bond Auction,Low,3.19|1.8,3.16|2.2,1.08331,1.08766,1.08314,1.08382
2024-04-04,2:30pm,EUR,PPI m/m,Low,-1.0%,-0.9%,1.08331,1.08766,1.08314,1.08382
2024-04-04,2:32pm,EUR,French 10-y Bond Auction,Low,2.87|1.9,2.81|2.4,1.08331,1.08766,1.08314,1.08382
2024-04-04,2:33pm,USD,Challenger Job Cuts y/y,Low,0.7%,8.8%,1.08331,1.08766,1.08314,1.08382
2024-04-04,2:33pm,USD,Unemployment Claims,High,221K,212K,1.08331,1.08766,1.08314,1.08382
2024-04-04,2:33pm,USD,Trade Balance,Low,-68.9B,-67.6B,1.08331,1.08766,1.08314,1.08382
2024-04-04,8:00pm,USD,Natural Gas Storage,Low,-37B,-36B,1.08331,1.08766,1.08314,1.08382
2024-04-05,11:30am,EUR,German Factory Orders m/m,Low,0.2%,-11.4%,1.08381,1.0848,1.07912,1.0836
2024-04-05,11:30am,EUR,German Import Prices m/m,Low,-0.2%,0.0%,1.08381,1.0848,1.07912,1.0836
2024-04-05,12:15pm,EUR,French Industrial Production m/m,Low,0.2%,-0.9%,1.08381,1.0848,1.07912,1.0836
2024-04-05,2:30pm,EUR,Retail Sales m/m,Low,-0.5%,0.0%,1.08381,1.0848,1.07912,1.0836
2024-04-05,2:30pm,USD,Average Hourly Earnings m/m,High,0.3%,0.2%,1.08381,1.0848,1.07912,1.0836
2024-04-05,2:30pm,USD,Non-Farm Employment Change,High,303K,270K,1.08381,1.0848,1.07912,1.0836
2024-04-05,2:30pm,USD,Unemployment Rate,High,3.8%,3.9%,1.08381,1.0848,1.07912,1.0836
2024-04-06,12:30am,USD,Consumer Credit m/m,Low,14.1B,17.7B,,,,
2024-04-08,11:30am,EUR,German Industrial Production m/m,Low,2.1%,1.3%,1.08371,1.0863,1.08206,1.0859
2024-04-08,11:30am,EUR,German Trade Balance,Low,21.4B,27.6B,1.08371,1.0863,1.08206,1.0859
2024-04-08,2:00pm,EUR,Sentix Investor Confidence,Low,-5.9,-10.5,1.08371,1.0863,1.08206,1.0859
2024-04-09,12:15pm,EUR,French Trade Balance,Low,-5.2B,-7.2B,1.08589,1.08851,1.08475,1.08575
2024-04-09,3:30pm,USD,NFIB Small Business Index,Low,88.5,89.4,1.08589,1.08851,1.08475,1.08575
2024-04-09,7:36pm,USD,RCM/TIPP Economic Optimism,Low,43.2,43.5,1.08589,1.08851,1.08475,1.08575
2024-04-10,1:30pm,EUR,Italian Retail Sales m/m,Low,0.1%,0.0%,1.08569,1.08665,1.07285,1.07429
2024-04-10,1:30pm,USD,Core CPI m/m,High,0.4%,0.4%,1.08569,1.08665,1.07285,1.07429
2024-04-10,1:30pm,USD,CPI m/m,High,0.4%,0.4%,1.08569,1.08665,1.07285,1.07429
2024-04-10,1:30pm,USD,CPI y/y,High,3.5%,3.2%,1.08569,1.08665,1.07285,1.07429
2024-04-10,7:30pm,USD,Final Wholesale Inventories m/m,Low,0.5%,0.5%,1.08569,1.08665,1.07285,1.07429
2024-04-10,7:30pm,USD,Crude Oil Inventories,Low,5.8M,3.2M,1.08569,1.08665,1.07285,1.07429
2024-04-10,10:31pm,USD,10-y Bond Auction,Medium,4.56|2.3,4.17|2.5,1.08569,1.08665,1.07285,1.07429
2024-04-10,10:31pm,USD,Federal Budget Balance,Low,-236.5B,-296.3B,1.08569,1.08665,1.07285,1.07429
2024-04-11,1:30pm,EUR,Italian Industrial Production m/m,Low,0.1%,-1.4%,1.07429,1.07566,1.06989,1.07267
2024-04-11,5:45pm,EUR,Main Refinancing Rate,High,4.50%,4.50%,1.07429,1.07566,1.06989,1.07267
2024-04-11,6:00pm,USD,Core PPI m/m,High,0.2%,0.3%,1.07429,1.07566,1.06989,1.07267
2024-04-11,6:00pm,USD,PPI m/m,High,0.2%,0.6%,1.07429,1.07566,1.06989,1.07267
2024-04-11,6:00pm,USD,Unemployment Claims,High,211K,222k,1.07429,1.07566,1.06989,1.07267
2024-04-11,8:00pm,USD,Natural Gas Storage,Low,24B,-37B,1.07429,1.07566,1.06989,1.07267
2024-04-11,10:31pm,USD,30-y Bond Auction,High,4.67|2.4,4.33|2.5,1.07429,1.07566,1.06989,1.07267
2024-04-12,11:30am,EUR,German Final CPI m/m,Low,0.4%,0.4%,1.07265,1.07293,1.0622,1.06385
2024-04-12,12:15pm,EUR,French Final CPI m/m,Low,0.2%,0.2%,1.07265,1.07293,1.0622,1.06385
2024-04-12,6:00pm,USD,Import Prices m/m,Low,0.4%,0.3%,1.07265,1.07293,1.0622,1.06385
2024-04-12,7:30pm,USD,Prelim UoM Consumer Sentiment,High,77.9,79.4,1.07265,1.07293,1.0622,1.06385
2024-04-12,7:30pm,USD,Prelim UoM Inflation Expectations,Medium,3.1%,2.9%,1.07265,1.07293,1.0622,1.06385
2024-04-15,2:30pm,EUR,Industrial Production m/m,Low,0.8%,-3.0%,1.06337,1.06652,1.062,1.06234
2024-04-15,2:30pm,USD,Core Retail Sales m/m,High,1.1%,0.6%,1.06337,1.06652,1.062,1.06234
2024-04-15,2:30pm,USD,Empire State Manufacturing Index,High,-14.3,-20.9,1.06337,1.06652,1.062,1.06234
2024-04-15,2:30pm,USD,Retail Sales m/m,High,0.7%,0.9%,1.06337,1.06652,1.062,1.06234
2024-04-15,7:30pm,USD,Business Inventories m/m,Low,0.4%,0.0%,1.06337,1.06652,1.062,1.06234
2024-04-15,7:30pm,USD,NAHB Housing Market Index,Low,51,51,1.06337,1.06652,1.062,1.06234
2024-04-16,11:30am,EUR,German WPI m/m,Low,0.2%,-0.1%,1.06238,1.06535,1.0601,1.06146
2024-04-16,2:30pm,EUR,Italian Trade Balance,Low,6.03B,2.50B,1.06238,1.06535,1.0601,1.06146
2024-04-16,2:30pm,EUR,Trade Balance,Low,17.9B,27.1B,1.06238,1.06535,1.0601,1.06146
2024-04-16,2:30pm,EUR,German ZEW Economic Sentiment,Low,42.9,31.7,1.06238,1.06535,1.0601,1.06146
2024-04-16,2:30pm,EUR,ZEW Economic Sentiment,Low,43.9,33.5,1.06238,1.06535,1.0601,1.06146
2024-04-16,2:30pm,USD,Building Permits,Medium,1.46M,1.52M,1.06238,1.06535,1.0601,1.06146
2024-04-16,2:30pm,USD,Housing Starts,Low,1.32M,1.55M,1.06238,1.06535,1.0601,1.06146
2024-04-16,6:45pm,USD,Industrial Production m/m,Medium,0.4%,0.4%,1.06238,1.06535,1.0601,1.06146
2024-04-16,6:45pm,USD,Capacity Utilization Rate,Low,78.4%,78.2%,1.06238,1.06535,1.0601,1.06146
2024-04-17,2:30pm,EUR,Final Core CPI y/y,Low,2.9%,2.9%,1.06164,1.06796,1.06059,1.06709
2024-04-17,2:30pm,EUR,Final CPI y/y,Low,2.4%,2.4%,1.06164,1.06796,1.06059,1.06709
2024-04-17,3:07pm,EUR,German 30-y Bond Auction,Low,2.62|3.2,2.52|3.4,1.06164,1.06796,1.06059,1.06709
2024-04-17,8:00pm,USD,Crude Oil Inventories,Low,2.7M,5.8M,1.06164,1.06796,1.06059,1.06709
2024-04-18,1:30am,USD,TIC Long-Term Purchases,Low,71.5B,14.0B,1.06715,1.069,1.0641,1.06435
2024-04-18,1:30pm,EUR,Current Account,Low,29.5B,39.3B,1.06715,1.069,1.0641,1.06435
2024-04-18,2:15pm,EUR,Spanish 10-y Bond Auction,Low,3.25|1.8,3.19|1.8,1.06715,1.069,1.0641,1.06435
2024-04-18,6:00pm,USD,Unemployment Claims,High,212K,212K,1.06715,1.069,1.0641,1.06435
2024-04-18,6:00pm,USD,Philly Fed Manufacturing Index,Medium,15.5,3.2,1.06715,1.069,1.0641,1.06435
2024-04-18,7:30pm,USD,Existing Home Sales,Medium,4.19M,4.38M,1.06715,1.069,1.0641,1.06435
2024-04-18,7:30pm,USD,CB Leading Index m/m,Low,-0.3%,0.2%,1.06715,1.069,1.0641,1.06435
2024-04-18,8:00pm,USD,Natural Gas Storage,Low,50B,24B,1.06715,1.069,1.0641,1.06435
2024-04-19,11:30am,EUR,German PPI m/m,Low,0.2%,-0.4%,1.06431,1.06776,1.06102,1.06526
2024-04-22,7:30pm,EUR,Consumer Confidence,Low,-15,-15,1.06556,1.06706,1.06237,1.06513
2024-04-23,12:45pm,EUR,French Flash Manufacturing PMI,High,44.9,46.2,1.06519,1.07113,1.0638,1.07019
2024-04-23,12:45pm,EUR,French Flash Services PMI,High,50.5,48.3,1.06519,1.07113,1.0638,1.07019
2024-04-23,1:00pm,EUR,German Flash Manufacturing PMI,High,42.2,41.9,1.06519,1.07113,1.0638,1.07019
2024-04-23,1:00pm,EUR,German Flash Services PMI,High,53.3,50.1,1.06519,1.07113,1.0638,1.07019
2024-04-23,1:30pm,EUR,Flash Manufacturing PMI,Medium,45.6,46.1,1.06519,1.07113,1.0638,1.07019
2024-04-23,1:30pm,EUR,Flash Services PMI,Medium,52.9,51.5,1.06519,1.07113,1.0638,1.07019
2024-04-23,7:15pm,USD,Flash Manufacturing PMI,High,49.9,51.9,1.06519,1.07113,1.0638,1.07019
2024-04-23,7:15pm,USD,Flash Services PMI,High,50.9,51.7,1.06519,1.07113,1.0638,1.07019
2024-04-23,7:29pm,USD,Richmond Manufacturing Index,Medium,-7,-11,1.06519,1.07113,1.0638,1.07019
2024-04-23,7:30pm,USD,New Home Sales,Medium,693K,637K,1.06519,1.07113,1.0638,1.07019
2024-04-24,5:20am,EUR,German ifo Business Climate,Medium,89.4,87.9,1.07019,1.07142,1.06776,1.06967
2024-04-24,3:03pm,EUR,German 10-y Bond Auction,Low,2.54|2.5,2.38|2.0,1.07019,1.07142,1.06776,1.06967
2024-04-24,3:30pm,USD,Core Durable Goods Orders m/m,Medium,0.2%,0.3%,1.07019,1.07142,1.06776,1.06967
2024-04-24,3:30pm,USD,Durable Goods Orders m/m,Medium,2.6%,1.3%,1.07019,1.07142,1.06776,1.06967
2024-04-24,6:25pm,EUR,Belgian NBB Business Climate,Low,-11.9,-10.4,1.07019,1.07142,1.06776,1.06967
2024-04-24,8:00pm,USD,Crude Oil Inventories,Low,-6.4M,2.7M,1.07019,1.07142,1.06776,1.06967
2024-04-25,11:30am,EUR,German GfK Consumer Climate,Low,-24.2,-27.3,1.0697,1.074,1.06782,1.07281
2024-04-25,6:00pm,USD,Advance GDP q/q,High,1.6%,3.4%,1.0697,1.074,1.06782,1.07281
2024-04-25,6:00pm,USD,Unemployment Claims,High,207K,212K,1.0697,1.074,1.06782,1.07281
2024-04-25,6:00pm,USD,Advance GDP Price Index q/q,Medium,3.1%,1.6%,1.0697,1.074,1.06782,1.07281
2024-04-25,6:00pm,USD,Goods Trade Balance,Low,-91.8B,-90.3B,1.0697,1.074,1.06782,1.07281
2024-04-25,6:00pm,USD,Prelim Wholesale Inventories m/m,Low,-0.4%,0.4%,1.0697,1.074,1.06782,1.07281
2024-04-25,7:30pm,USD,Pending Home Sales m/m,High,3.4%,1.6%,1.0697,1.074,1.06782,1.07281
2024-04-25,8:00pm,USD,Natural Gas Storage,Low,92B,50B,1.0697,1.074,1.06782,1.07281
2024-04-26,12:30pm,EUR,Spanish Unemployment Rate,Low,12.3%,11.8%,1.07284,1.0753,1.06737,1.06922
2024-04-26,12:30pm,EUR,M3 Money Supply y/y,Low,0.9%,0.4%,1.07284,1.0753,1.06737,1.06922
2024-04-26,12:30pm,EUR,Private Loans y/y,Low,0.2%,0.3%,1.07284,1.0753,1.06737,1.06922
2024-04-26,6:00pm,USD,Core PCE Price Index m/m,High,0.3%,0.3%,1.07284,1.0753,1.06737,1.06922
2024-04-26,6:00pm,USD,Personal Income m/m,Low,0.5%,0.3%,1.07284,1.0753,1.06737,1.06922
2024-04-26,6:00pm,USD,Personal Spending m/m,Low,0.8%,0.8%,1.07284,1.0753,1.06737,1.06922
2024-04-26,7:30pm,USD,Revised UoM Consumer Sentiment,High,77.2,77.9,1.07284,1.0753,1.06737,1.06922
2024-04-26,7:30pm,USD,Revised UoM Inflation Expectations,Low,3.2%,3.1%,1.07284,1.0753,1.06737,1.06922
2024-04-29,All Day,EUR,German Prelim CPI m/m,High,0.5%,0.4%,1.06946,1.07337,1.06898,1.07203
2024-04-29,12:30pm,EUR,Spanish Flash CPI y/y,Medium,3.3%,3.2%,1.06946,1.07337,1.06898,1.07203
2024-04-29,2:43pm,EUR,Italian 10-y Bond Auction,Low,3.86|1.3,3.67|1.4,1.06946,1.07337,1.06898,1.07203
2024-04-30,11:00am,EUR,French Consumer Spending m/m,Low,0.4%,0.1%,1.07205,1.07353,1.06628,1.0669
2024-04-30,11:00am,EUR,French Flash GDP q/q,Low,0.2%,0.1%,1.07205,1.07353,1.06628,1.0669
2024-04-30,11:30am,EUR,German Import Prices m/m,Low,0.4%,-0.2%,1.07205,1.07353,1.06628,1.0669
2024-04-30,11:30am,EUR,German Retail Sales m/m,Low,1.8%,-1.9%,1.07205,1.07353,1.06628,1.0669
2024-04-30,12:15pm,EUR,French Prelim CPI m/m,Low,0.5%,0.2%,1.07205,1.07353,1.06628,1.0669
2024-04-30,12:15pm,EUR,Spanish Flash GDP q/q,Low,0.7%,0.7%,1.07205,1.07353,1.06628,1.0669
2024-04-30,1:25pm,EUR,German Unemployment Change,Low,10K,6K,1.07205,1.07353,1.06628,1.0669
2024-04-30,1:30pm,EUR,Italian Prelim GDP q/q,Low,0.3%,0.1%,1.07205,1.07353,1.06628,1.0669
2024-04-30,1:30pm,EUR,German Prelim GDP q/q,Low,0.2%,-0.5%,1.07205,1.07353,1.06628,1.0669
2024-04-30,2:30pm,EUR,Core CPI Flash Estimate y/y,Medium,2.7%,2.9%,1.07205,1.07353,1.06628,1.0669
2024-04-30,2:30pm,EUR,CPI Flash Estimate y/y,Medium,2.4%,2.4%,1.07205,1.07353,1.06628,1.0669
2024-04-30,2:30pm,EUR,Italian Prelim CPI m/m,Low,0.2%,0.0%,1.07205,1.07353,1.06628,1.0669
2024-04-30,2:30pm,EUR,Prelim Flash GDP q/q,Low,0.3%,0.0%,1.07205,1.07353,1.06628,1.0669
2024-04-30,2:30pm,USD,Employment Cost Index q/q,High,1.2%,0.9%,1.07205,1.07353,1.06628,1.0669
2024-04-30,6:30pm,USD,S&P/CS Composite-20 HPI y/y,Medium,7.3%,6.6%,1.07205,1.07353,1.06628,1.0669
2024-04-30,6:30pm,USD,HPI m/m,Low,1.2%,-0.1%,1.07205,1.07353,1.06628,1.0669
2024-04-30,7:15pm,USD,Chicago PMI,Medium,37.9,41.4,1.07205,1.07353,1.06628,1.0669
2024-04-30,7:30pm,USD,CB Consumer Confidence,High,97.0,103.1,1.07205,1.07353,1.06628,1.0669
2024-05-01,5:45pm,USD,ADP Non-Farm Employment Change,High,192K,208K,1.06688,1.07328,1.0649,1.07096
2024-05-01,7:15pm,USD,Final Manufacturing PMI,High,50.0,49.9,1.06688,1.07328,1.0649,1.07096
2024-05-01,7:30pm,USD,ISM Manufacturing PMI,High,49.2,50.3,1.06688,1.07328,1.0649,1.07096
2024-05-01,7:30pm,USD,JOLTS Job Openings,High,8.49M,8.81M,1.06688,1.07328,1.0649,1.07096
2024-05-01,7:30pm,USD,ISM Manufacturing Prices,Medium,60.9,55.8,1.06688,1.07328,1.0649,1.07096
2024-05-01,7:30pm,USD,Construction Spending m/m,Low,-0.2%,0.0%,1.06688,1.07328,1.0649,1.07096
2024-05-01,All Day,USD,Wards Total Vehicle Sales,Low,15.7M,15.5M,1.06688,1.07328,1.0649,1.07096
2024-05-01,8:00pm,USD,Crude Oil Inventories,Low,7.3M,-6.4M,1.06688,1.07328,1.0649,1.07096
2024-05-01,11:30pm,USD,Federal Funds Rate,High,5.50%,5.50%,1.06688,1.07328,1.0649,1.07096
2024-05-02,12:45pm,EUR,Spanish Manufacturing PMI,Low,52.2,51.4,1.07114,1.07302,1.0674,1.07233
2024-05-02,1:15pm,EUR,Italian Manufacturing PMI,Low,47.3,50.4,1.07114,1.07302,1.0674,1.07233
2024-05-02,1:20pm,EUR,French Final Manufacturing PMI,Low,45.3,44.9,1.07114,1.07302,1.0674,1.07233
2024-05-02,1:25pm,EUR,German Final Manufacturing PMI,Low,42.5,42.2,1.07114,1.07302,1.0674,1.07233
2024-05-02,1:30pm,EUR,Final Manufacturing PMI,Low,45.7,45.6,1.07114,1.07302,1.0674,1.07233
2024-05-02,2:28pm,EUR,French 10-y Bond Auction,Low,3.03|2.2,2.87|1.9,1.07114,1.07302,1.0674,1.07233
2024-05-02,5:00pm,USD,Challenger Job Cuts y/y,Low,-3.3%,0.7%,1.07114,1.07302,1.0674,1.07233
2024-05-02,5:00pm,USD,Unemployment Claims,High,208K,208K,1.07114,1.07302,1.0674,1.07233
2024-05-02,5:00pm,USD,Prelim Nonfarm Productivity q/q,Low,0.3%,3.5%,1.07114,1.07302,1.0674,1.07233
2024-05-02,5:00pm,USD,Prelim Unit Labor Costs q/q,Low,4.7%,0.4%,1.07114,1.07302,1.0674,1.07233
2024-05-02,5:00pm,USD,Trade Balance,Low,-69.4B,-69.5B,1.07114,1.07302,1.0674,1.07233
2024-05-02,7:30pm,USD,Factory Orders m/m,Low,1.6%,1.2%,1.07114,1.07302,1.0674,1.07233
2024-05-02,8:00pm,USD,Natural Gas Storage,Low,59B,92B,1.07114,1.07302,1.0674,1.07233
2024-05-03,12:15pm,EUR,French Gov Budget Balance,Low,-52.8B,-44.0B,1.07221,1.08124,1.07221,1.07609
2024-05-03,12:15pm,EUR,French Industrial Production m/m,Low,-0.3%,0.2%,1.07221,1.08124,1.07221,1.07609
2024-05-03,1:30pm,EUR,Italian Monthly Unemployment Rate,Low,7.2%,7.4%,1.07221,1.08124,1.07221,1.07609
2024-05-03,2:30pm,EUR,Unemployment Rate,Low,6.5%,6.5%,1.07221,1.08124,1.07221,1.07609
2024-05-03,6:00pm,USD,Average Hourly Earnings m/m,High,0.2%,0.3%,1.07221,1.08124,1.07221,1.07609
2024-05-03,6:00pm,USD,Non-Farm Employment Change,High,175K,315K,1.07221,1.08124,1.07221,1.07609
2024-05-03,6:00pm,USD,Unemployment Rate,High,3.9%,3.8%,1.07221,1.08124,1.07221,1.07609
2024-05-03,7:15pm,USD,Final Services PMI,Medium,51.3,50.9,1.07221,1.08124,1.07221,1.07609
2024-05-03,7:30pm,USD,ISM Services PMI,High,49.4,51.4,1.07221,1.08124,1.07221,1.07609
2024-05-06,12:30pm,EUR,Spanish Unemployment Change,Low,-60.5K,-33.4K,1.0763,1.07907,1.0755,1.07689
2024-05-06,12:45pm,EUR,Spanish Services PMI,Low,56.2,56.1,1.0763,1.07907,1.0755,1.07689
2024-05-06,1:15pm,EUR,Italian Services PMI,Low,54.3,54.6,1.0763,1.07907,1.0755,1.07689
2024-05-06,1:20pm,EUR,French Final Services PMI,Low,51.3,50.5,1.0763,1.07907,1.0755,1.07689
2024-05-06,1:25pm,EUR,German Final Services PMI,Low,53.2,53.3,1.0763,1.07907,1.0755,1.07689
2024-05-06,1:30pm,EUR,Final Services PMI,Low,53.3,52.9,1.0763,1.07907,1.0755,1.07689
2024-05-06,2:00pm,EUR,Sentix Investor Confidence,Low,-3.6,-5.9,1.0763,1.07907,1.0755,1.07689
2024-05-06,2:30pm,EUR,PPI m/m,Low,-0.4%,-1.1%,1.0763,1.07907,1.0755,1.07689
2024-05-07,11:30am,EUR,German Factory Orders m/m,Low,-0.4%,-0.8%,1.07685,1.07874,1.07477,1.07559
2024-05-07,11:30am,EUR,German Trade Balance,Low,22.3B,21.4B,1.07685,1.07874,1.07477,1.07559
2024-05-07,12:15pm,EUR,French Prelim Private Payrolls q/q,Low,0.2%,-0.1%,1.07685,1.07874,1.07477,1.07559
2024-05-07,12:15pm,EUR,French Trade Balance,Low,-5.5B,-5.6B,1.07685,1.07874,1.07477,1.07559
2024-05-07,2:30pm,EUR,Retail Sales m/m,Low,0.8%,-0.3%,1.07685,1.07874,1.07477,1.07559
2024-05-07,7:36pm,USD,RCM/TIPP Economic Optimism,Low,41.8,43.2,1.07685,1.07874,1.07477,1.07559
2024-05-08,12:30am,USD,Consumer Credit m/m,Low,6.3B,15.0B,1.07553,1.07575,1.0733,1.07474
2024-05-08,11:30am,EUR,German Industrial Production m/m,Low,-0.4%,1.7%,1.07553,1.07575,1.0733,1.07474
2024-05-08,1:30pm,EUR,Italian Retail Sales m/m,Low,0.0%,0.1%,1.07553,1.07575,1.0733,1.07474
2024-05-08,7:30pm,USD,Final Wholesale Inventories m/m,Low,-0.4%,-0.4%,1.07553,1.07575,1.0733,1.07474
2024-05-08,8:00pm,USD,Crude Oil Inventories,Low,-1.4M,7.3M,1.07553,1.07575,1.0733,1.07474
2024-05-08,10:31pm,USD,10-y Bond Auction,Medium,4.48|2.5,4.56|2.3,1.07553,1.07575,1.0733,1.07474
2024-05-09,6:00pm,USD,Unemployment Claims,High,231K,209K,1.07475,1.07847,1.07236,1.07807
2024-05-09,8:00pm,USD,Natural Gas Storage,Low,79B,59B,1.07475,1.07847,1.07236,1.07807
2024-05-09,10:31pm,USD,30-y Bond Auction,High,4.64|2.4,4.67|2.4,1.07475,1.07847,1.07236,1.07807
2024-05-10,1:30pm,EUR,Italian Industrial Production m/m,Low,-0.5%,0.0%,1.07805,1.07901,1.07602,1.07694
2024-05-10,7:30pm,USD,Prelim UoM Consumer Sentiment,High,67.4,77.2,1.07805,1.07901,1.07602,1.07694
2024-05-10,7:30pm,USD,Prelim UoM Inflation Expectations,Medium,3.5%,3.2%,1.07805,1.07901,1.07602,1.07694
2024-05-10,11:30pm,USD,Federal Budget Balance,Low,209.5B,-236.5B,1.07805,1.07901,1.07602,1.07694
2024-05-13,7:15pm,USD,Cleveland Fed Inflation Expectations,Low,3.8%,3.4%,1.07706,1.08068,1.07655,1.07883
2024-05-14,11:30am,EUR,German Final CPI m/m,Low,0.5%,0.5%,1.07896,1.08257,1.07668,1.08163
2024-05-14,2:30pm,EUR,ZEW Economic Sentiment,Low,47.0,43.9,1.07896,1.08257,1.07668,1.08163
2024-05-14,2:30pm,EUR,German ZEW Economic Sentiment,Low,47.1,42.9,1.07896,1.08257,1.07668,1.08163
2024-05-14,3:30pm,USD,NFIB Small Business Index,Low,89.7,88.5,1.07896,1.08257,1.07668,1.08163
2024-05-14,3:30pm,USD,Core PPI m/m,High,0.5%,-0.1%,1.07896,1.08257,1.07668,1.08163
2024-05-14,3:30pm,USD,PPI m/m,High,0.5%,-0.1%,1.07896,1.08257,1.07668,1.08163
2024-05-15,12:15pm,EUR,French Final CPI m/m,Low,0.5%,0.5%,1.08171,1.0886,1.08128,1.08832
2024-05-15,12:15pm,EUR,Flash Employment Change q/q,Low,0.3%,0.3%,1.08171,1.0886,1.08128,1.08832
2024-05-15,12:15pm,EUR,Flash GDP q/q,Low,0.3%,0.3%,1.08171,1.0886,1.08128,1.08832
2024-05-15,12:15pm,EUR,Industrial Production m/m,Low,0.6%,1.0%,1.08171,1.0886,1.08128,1.08832
2024-05-15,3:03pm,EUR,German 30-y Bond Auction,Low,2.62|3.1,2.62|3.2,1.08171,1.0886,1.08128,1.08832
2024-05-15,3:03pm,USD,Core CPI m/m,High,0.3%,0.4%,1.08171,1.0886,1.08128,1.08832
2024-05-15,3:03pm,USD,Core Retail Sales m/m,High,0.2%,0.9%,1.08171,1.0886,1.08128,1.08832
2024-05-15,3:03pm,USD,CPI m/m,High,0.3%,0.4%,1.08171,1.0886,1.08128,1.08832
2024-05-15,3:03pm,USD,CPI y/y,High,3.4%,3.5%,1.08171,1.0886,1.08128,1.08832
2024-05-15,3:03pm,USD,Empire State Manufacturing Index,High,-15.6,-14.3,1.08171,1.0886,1.08128,1.08832
2024-05-15,3:03pm,USD,Retail Sales m/m,High,0.0%,0.6%,1.08171,1.0886,1.08128,1.08832
2024-05-15,7:30pm,USD,Business Inventories m/m,Low,-0.1%,0.3%,1.08171,1.0886,1.08128,1.08832
2024-05-15,7:30pm,USD,NAHB Housing Market Index,Low,45,51,1.08171,1.0886,1.08128,1.08832
2024-05-15,7:30pm,USD,Crude Oil Inventories,Low,-2.5M,-1.4M,1.08171,1.0886,1.08128,1.08832
2024-05-16,1:30am,USD,TIC Long-Term Purchases,Low,100.5B,62.9B,1.08828,1.0895,1.0854,1.08656
2024-05-16,2:30pm,EUR,Italian Trade Balance,Low,4.34B,6.00B,1.08828,1.0895,1.0854,1.08656
2024-05-16,6:00pm,USD,Unemployment Claims,High,222K,232K,1.08828,1.0895,1.0854,1.08656
2024-05-16,6:00pm,USD,Building Permits,Medium,1.44M,1.49M,1.08828,1.0895,1.0854,1.08656
2024-05-16,6:00pm,USD,Philly Fed Manufacturing Index,Medium,4.5,15.5,1.08828,1.0895,1.0854,1.08656
2024-05-16,6:00pm,USD,Housing Starts,Low,1.36M,1.29M,1.08828,1.0895,1.0854,1.08656
2024-05-16,6:00pm,USD,Import Prices m/m,Low,0.9%,0.6%,1.08828,1.0895,1.0854,1.08656
2024-05-16,6:45pm,USD,Industrial Production m/m,Medium,0.0%,0.1%,1.08828,1.0895,1.0854,1.08656
2024-05-16,6:45pm,USD,Capacity Utilization Rate,Low,78.4%,78.5%,1.08828,1.0895,1.0854,1.08656
2024-05-16,7:53pm,USD,Mortgage Delinquencies,Low,3.94%,3.88%,1.08828,1.0895,1.0854,1.08656
2024-05-16,8:00pm,USD,Natural Gas Storage,Low,70B,79B,1.08828,1.0895,1.0854,1.08656
2024-05-17,2:30pm,EUR,Final Core CPI y/y,Low,2.7%,2.7%,1.0866,1.08786,1.08353,1.08674
2024-05-17,2:30pm,EUR,Final CPI y/y,Low,2.4%,2.4%,1.0866,1.08786,1.08353,1.08674
2024-05-17,7:30pm,USD,CB Leading Index m/m,Low,-0.6%,-0.3%,1.0866,1.08786,1.08353,1.08674
2024-05-21,11:30am,EUR,German PPI m/m,Low,0.2%,0.2%,1.08593,1.08748,1.08424,1.0855
2024-05-21,11:30am,EUR,Current Account,Low,35.8B,28.9B,1.08593,1.08748,1.08424,1.0855
2024-05-21,2:30pm,EUR,Trade Balance,Low,17.3B,16.7B,1.08593,1.08748,1.08424,1.0855
2024-05-22,3:02pm,EUR,German 10-y Bond Auction,Low,2.53|2.8,2.54|2.5,1.08551,1.08635,1.0817,1.08233
2024-05-22,7:30pm,USD,Existing Home Sales,Medium,4.14M,4.22M,1.08551,1.08635,1.0817,1.08233
2024-05-22,8:00pm,USD,Crude Oil Inventories,Low,1.8M,-2.5M,1.08551,1.08635,1.0817,1.08233
2024-05-23,12:45pm,EUR,French Flash Manufacturing PMI,High,46.7,45.3,1.08233,1.0861,1.08045,1.08142
2024-05-23,12:45pm,EUR,French Flash Services PMI,High,49.4,51.3,1.08233,1.0861,1.08045,1.08142
2024-05-23,1:00pm,EUR,German Flash Manufacturing PMI,High,45.4,42.5,1.08233,1.0861,1.08045,1.08142
2024-05-23,1:00pm,EUR,German Flash Services PMI,High,53.9,53.2,1.08233,1.0861,1.08045,1.08142
2024-05-23,1:30pm,EUR,Flash Manufacturing PMI,Medium,47.4,45.7,1.08233,1.0861,1.08045,1.08142
2024-05-23,1:30pm,EUR,Flash Services PMI,Medium,53.3,53.3,1.08233,1.0861,1.08045,1.08142
2024-05-23,2:00pm,USD,Unemployment Claims,High,215K,223K,1.08233,1.0861,1.08045,1.08142
2024-05-23,7:15pm,USD,Flash Manufacturing PMI,High,50.9,50.0,1.08233,1.0861,1.08045,1.08142
2024-05-23,7:15pm,USD,Flash Services PMI,High,54.8,51.3,1.08233,1.0861,1.08045,1.08142
2024-05-23,7:30pm,EUR,Consumer Confidence,Low,-14,-15,1.08233,1.0861,1.08045,1.08142
2024-05-23,7:30pm,USD,New Home Sales,Medium,634K,665K,1.08233,1.0861,1.08045,1.08142
2024-05-23,8:00pm,USD,Natural Gas Storage,Low,78B,70B,1.08233,1.0861,1.08045,1.08142
2024-05-24,11:30am,EUR,German Final GDP q/q,Low,0.2%,0.2%,1.08144,1.0858,1.08052,1.0845
2024-05-24,11:30am,USD,Core Durable Goods Orders m/m,Medium,0.4%,0.0%,1.08144,1.0858,1.08052,1.0845
2024-05-24,11:30am,USD,Durable Goods Orders m/m,Medium,0.7%,0.9%,1.08144,1.0858,1.08052,1.0845
2024-05-24,7:30pm,USD,Revised UoM Consumer Sentiment,High,69.1,67.4,1.08144,1.0858,1.08052,1.0845
2024-05-24,7:30pm,USD,Revised UoM Inflation Expectations,Low,3.3%,3.5%,1.08144,1.0858,1.08052,1.0845
2024-05-27,1:30pm,EUR,German ifo Business Climate,Medium,89.3,89.3,1.08444,1.08675,1.08404,1.0856
2024-05-27,6:29pm,EUR,Belgian NBB Business Climate,Low,-11.0,-11.9,1.08444,1.08675,1.08404,1.0856
2024-05-28,11:30am,EUR,German WPI m/m,Low,0.4%,0.2%,1.08563,1.0889,1.08542,1.08569
2024-05-28,6:30pm,USD,S&P/CS Composite-20 HPI y/y,Medium,7.4%,7.3%,1.08563,1.0889,1.08542,1.08569
2024-05-28,6:30pm,USD,HPI m/m,Low,0.1%,1.2%,1.08563,1.0889,1.08542,1.08569
2024-05-28,7:30pm,USD,CB Consumer Confidence,High,102.0,97.5,1.08563,1.0889,1.08542,1.08569
2024-05-29,11:30am,EUR,German GfK Consumer Climate,Low,-20.9,-24.0,1.08572,1.08604,1.07991,1.08029
2024-05-29,All Day,EUR,German Prelim CPI m/m,High,0.1%,0.5%,1.08572,1.08604,1.07991,1.08029
2024-05-29,All Day,EUR,M3 Money Supply y/y,Low,1.3%,0.9%,1.08572,1.08604,1.07991,1.08029
2024-05-29,All Day,EUR,Private Loans y/y,Low,0.2%,0.2%,1.08572,1.08604,1.07991,1.08029
2024-05-29,7:29pm,USD,Richmond Manufacturing Index,Medium,0,-7,1.08572,1.08604,1.07991,1.08029
2024-05-30,7:29pm,EUR,Spanish Flash CPI y/y,Medium,3.6%,3.3%,1.08032,1.08451,1.07879,1.08334
2024-05-30,1:30pm,EUR,Italian Monthly Unemployment Rate,Low,6.9%,7.1%,1.08032,1.08451,1.07879,1.08334
2024-05-30,2:30pm,EUR,Unemployment Rate,Low,6.4%,6.5%,1.08032,1.08451,1.07879,1.08334
2024-05-30,2:51pm,EUR,Italian 10-y Bond Auction,Low,3.97|1.5,3.86|1.3,1.08032,1.08451,1.07879,1.08334
2024-05-30,2:51pm,USD,Prelim GDP q/q,High,1.3%,1.6%,1.08032,1.08451,1.07879,1.08334
2024-05-30,2:51pm,USD,Unemployment Claims,High,219K,216K,1.08032,1.08451,1.07879,1.08334
2024-05-30,2:51pm,USD,Prelim GDP Price Index q/q,Medium,3.0%,3.1%,1.08032,1.08451,1.07879,1.08334
2024-05-30,2:51pm,USD,Goods Trade Balance,Low,-99.4B,-92.3B,1.08032,1.08451,1.07879,1.08334
2024-05-30,2:51pm,USD,Prelim Wholesale Inventories m/m,Low,0.2%,-0.4%,1.08032,1.08451,1.07879,1.08334
2024-05-30,7:30pm,USD,Pending Home Sales m/m,High,-7.7%,3.6%,1.08032,1.08451,1.07879,1.08334
2024-05-30,8:00pm,USD,Natural Gas Storage,Low,84B,78B,1.08032,1.08451,1.07879,1.08334
2024-05-30,8:30pm,USD,Crude Oil Inventories,Low,-4.2M,1.8M,1.08032,1.08451,1.07879,1.08334
2024-05-31,11:00am,EUR,French Final Private Payrolls q/q,Low,0.3%,0.2%,1.08334,1.08823,1.08109,1.0845
2024-05-31,11:30am,EUR,German Import Prices m/m,Low,0.7%,0.4%,1.08334,1.08823,1.08109,1.0845
2024-05-31,11:30am,EUR,German Retail Sales m/m,Low,-1.2%,2.6%,1.08334,1.08823,1.08109,1.0845
2024-05-31,12:15pm,EUR,French Consumer Spending m/m,Low,-0.8%,0.5%,1.08334,1.08823,1.08109,1.0845
2024-05-31,12:15pm,EUR,French Prelim CPI m/m,Low,0.0%,0.5%,1.08334,1.08823,1.08109,1.0845
2024-05-31,12:15pm,EUR,French Prelim GDP q/q,Low,0.2%,0.2%,1.08334,1.08823,1.08109,1.0845
2024-05-31,2:30pm,EUR,Core CPI Flash Estimate y/y,High,2.9%,2.7%,1.08334,1.08823,1.08109,1.0845
2024-05-31,2:30pm,EUR,CPI Flash Estimate y/y,High,2.6%,2.4%,1.08334,1.08823,1.08109,1.0845
2024-05-31,2:30pm,EUR,Italian Prelim CPI m/m,Low,0.2%,0.1%,1.08334,1.08823,1.08109,1.0845
2024-05-31,2:30pm,USD,Core PCE Price Index m/m,High,0.2%,0.3%,1.08334,1.08823,1.08109,1.0845
2024-05-31,2:30pm,USD,Personal Income m/m,Low,0.3%,0.5%,1.08334,1.08823,1.08109,1.0845
2024-05-31,2:30pm,USD,Personal Spending m/m,Low,0.2%,0.7%,1.08334,1.08823,1.08109,1.0845
2024-05-31,7:15pm,USD,Chicago PMI,Medium,35.4,37.9,1.08334,1.08823,1.08109,1.0845
2024-06-03,12:45pm,EUR,Spanish Manufacturing PMI,Low,54.0,52.2,1.08462,1.09045,1.0826,1.09028
2024-06-03,1:15pm,EUR,Italian Manufacturing PMI,Low,45.6,47.3,1.08462,1.09045,1.0826,1.09028
2024-06-03,1:20pm,EUR,French Final Manufacturing PMI,Low,46.4,46.7,1.08462,1.09045,1.0826,1.09028
2024-06-03,1:25pm,EUR,German Final Manufacturing PMI,Low,45.4,45.4,1.08462,1.09045,1.0826,1.09028
2024-06-03,1:30pm,EUR,Final Manufacturing PMI,Low,47.3,47.4,1.08462,1.09045,1.0826,1.09028
2024-06-03,7:15pm,USD,Final Manufacturing PMI,High,51.3,50.9,1.08462,1.09045,1.0826,1.09028
2024-06-03,7:30pm,USD,ISM Manufacturing PMI,High,48.7,49.2,1.08462,1.09045,1.0826,1.09028
2024-06-03,7:30pm,USD,ISM Manufacturing Prices,Medium,57.0,60.9,1.08462,1.09045,1.0826,1.09028
2024-06-03,7:30pm,USD,Construction Spending m/m,Low,-0.1%,-0.2%,1.08462,1.09045,1.0826,1.09028
2024-06-03,All Day,USD,Wards Total Vehicle Sales,Low,15.9M,15.7M,1.08462,1.09045,1.0826,1.09028
2024-06-04,12:15pm,EUR,French Gov Budget Balance,Low,-91.6B,-52.8B,1.09017,1.0916,1.08585,1.08786
2024-06-04,12:30pm,EUR,Spanish Unemployment Change,Low,-58.7K,-60.5K,1.09017,1.0916,1.08585,1.08786
2024-06-04,1:25pm,EUR,German Unemployment Change,Low,25K,10K,1.09017,1.0916,1.08585,1.08786
2024-06-04,7:30pm,USD,JOLTS Job Openings,High,8.06M,8.36M,1.09017,1.0916,1.08585,1.08786
2024-06-04,7:30pm,USD,Factory Orders m/m,Low,0.7%,0.8%,1.09017,1.0916,1.08585,1.08786
2024-06-04,7:32pm,USD,RCM/TIPP Economic Optimism,Low,40.5,41.8,1.09017,1.0916,1.08585,1.08786
2024-06-05,12:15pm,EUR,French Industrial Production m/m,Low,0.5%,-0.2%,1.08788,1.08915,1.08541,1.08702
2024-06-05,12:45pm,EUR,Spanish Services PMI,Low,56.9,56.2,1.08788,1.08915,1.08541,1.08702
2024-06-05,1:15pm,EUR,Italian Services PMI,Low,54.2,54.3,1.08788,1.08915,1.08541,1.08702
2024-06-05,1:20pm,EUR,French Final Services PMI,Low,49.3,49.4,1.08788,1.08915,1.08541,1.08702
2024-06-05,1:25pm,EUR,German Final Services PMI,Low,54.2,53.9,1.08788,1.08915,1.08541,1.08702
2024-06-05,1:30pm,EUR,Final Services PMI,Low,53.2,53.3,1.08788,1.08915,1.08541,1.08702
2024-06-05,2:30pm,EUR,PPI m/m,Low,-1.0%,-0.5%,1.08788,1.08915,1.08541,1.08702
2024-06-05,5:45pm,USD,ADP Non-Farm Employment Change,High,152K,188K,1.08788,1.08915,1.08541,1.08702
2024-06-05,5:45pm,USD,Final Services PMI,Medium,54.8,54.8,1.08788,1.08915,1.08541,1.08702
2024-06-05,7:30pm,USD,ISM Services PMI,High,53.8,49.4,1.08788,1.08915,1.08541,1.08702
2024-06-05,7:30pm,USD,Crude Oil Inventories,Low,1.2M,-4.2M,1.08788,1.08915,1.08541,1.08702
2024-06-06,11:30am,EUR,German Factory Orders m/m,Low,-0.2%,-0.4%,1.087,1.0902,1.08617,1.08891
2024-06-06,1:30pm,EUR,Italian Retail Sales m/m,Low,-0.1%,0.0%,1.087,1.0902,1.08617,1.08891
2024-06-06,2:28pm,EUR,French 10-y Bond Auction,Low,3.05|2.0,3.03|2.2,1.087,1.0902,1.08617,1.08891
2024-06-06,2:30pm,EUR,Retail Sales m/m,Low,-0.5%,0.7%,1.087,1.0902,1.08617,1.08891
2024-06-06,5:00pm,USD,Challenger Job Cuts y/y,Low,-20.3%,-3.3%,1.087,1.0902,1.08617,1.08891
2024-06-06,5:45pm,EUR,Main Refinancing Rate,High,4.25%,4.50%,1.087,1.0902,1.08617,1.08891
2024-06-06,5:45pm,USD,Unemployment Claims,High,229K,221K,1.087,1.0902,1.08617,1.08891
2024-06-06,5:45pm,USD,Revised Nonfarm Productivity q/q,Low,0.2%,0.3%,1.087,1.0902,1.08617,1.08891
2024-06-06,5:45pm,USD,Revised Unit Labor Costs q/q,Low,4.0%,4.7%,1.087,1.0902,1.08617,1.08891
2024-06-06,5:45pm,USD,Trade Balance,Low,-74.6B,-68.6B,1.087,1.0902,1.08617,1.08891
2024-06-06,8:00pm,USD,Natural Gas Storage,Low,98B,84B,1.087,1.0902,1.08617,1.08891
2024-06-07,11:30am,EUR,German Industrial Production m/m,Low,-0.1%,-0.4%,1.08893,1.0902,1.07993,1.08
2024-06-07,11:30am,EUR,German Trade Balance,Low,22.1B,22.2B,1.08893,1.0902,1.07993,1.08
2024-06-07,12:15pm,EUR,French Trade Balance,Low,-7.6B,-5.4B,1.08893,1.0902,1.07993,1.08
2024-06-07,2:30pm,EUR,Final Employment Change q/q,Low,0.3%,0.3%,1.08893,1.0902,1.07993,1.08
2024-06-07,2:30pm,EUR,Revised GDP q/q,Low,0.3%,0.3%,1.08893,1.0902,1.07993,1.08
2024-06-07,2:30pm,USD,Average Hourly Earnings m/m,High,0.4%,0.2%,1.08893,1.0902,1.07993,1.08
2024-06-07,2:30pm,USD,Non-Farm Employment Change,High,272K,165K,1.08893,1.0902,1.07993,1.08
2024-06-07,2:30pm,USD,Unemployment Rate,High,4.0%,3.9%,1.08893,1.0902,1.07993,1.08
2024-06-07,7:30pm,USD,Final Wholesale Inventories m/m,Low,0.1%,0.2%,1.08893,1.0902,1.07993,1.08
2024-06-08,12:30am,USD,Consumer Credit m/m,Low,6.4B,-1.1B,,,,
2024-06-10,1:30pm,EUR,Italian Industrial Production m/m,Low,-1.0%,-0.5%,1.07713,1.07817,1.07325,1.07648
2024-06-10,2:00pm,EUR,Sentix Investor Confidence,Low,0.3,-3.6,1.07713,1.07817,1.07325,1.07648
2024-06-11,3:30pm,USD,NFIB Small Business Index,Low,90.5,89.7,1.07649,1.07734,1.0719,1.07416
2024-06-11,10:31pm,USD,10-y Bond Auction,Medium,4.44|2.7,4.48|2.5,1.07649,1.07734,1.0719,1.07416
2024-06-12,11:30am,EUR,German Final CPI m/m,Low,0.1%,0.1%,1.07425,1.08523,1.07343,1.08109
2024-06-12,3:03pm,EUR,German 10-y Bond Auction,Low,2.60|2.0,2.53|2.8,1.07425,1.08523,1.07343,1.08109
2024-06-12,6:00pm,USD,Core CPI m/m,High,0.2%,0.3%,1.07425,1.08523,1.07343,1.08109
2024-06-12,6:00pm,USD,CPI m/m,High,0.0%,0.3%,1.07425,1.08523,1.07343,1.08109
2024-06-12,6:00pm,USD,CPI y/y,High,3.3%,3.4%,1.07425,1.08523,1.07343,1.08109
2024-06-12,8:00pm,USD,Crude Oil Inventories,Low,3.7M,1.2M,1.07425,1.08523,1.07343,1.08109
2024-06-12,11:30pm,USD,Federal Funds Rate,High,5.50%,5.50%,1.07425,1.08523,1.07343,1.08109
2024-06-12,11:30pm,USD,Federal Budget Balance,Low,-347.1B,209.5B,1.07425,1.08523,1.07343,1.08109
2024-06-13,11:30am,EUR,German WPI m/m,Low,0.1%,0.4%,1.0812,1.08164,1.07309,1.07388
2024-06-13,1:30pm,EUR,Italian Quarterly Unemployment Rate,Low,7.2%,7.4%,1.0812,1.08164,1.07309,1.07388
2024-06-13,2:30pm,EUR,Industrial Production m/m,Low,-0.1%,0.5%,1.0812,1.08164,1.07309,1.07388
2024-06-13,6:00pm,USD,Core PPI m/m,High,0.0%,0.5%,1.0812,1.08164,1.07309,1.07388
2024-06-13,6:00pm,USD,PPI m/m,High,-0.2%,0.5%,1.0812,1.08164,1.07309,1.07388
2024-06-13,6:00pm,USD,Unemployment Claims,High,242K,229K,1.0812,1.08164,1.07309,1.07388
2024-06-13,8:00pm,USD,Natural Gas Storage,Low,74B,98B,1.0812,1.08164,1.07309,1.07388
2024-06-13,10:31pm,USD,30-y Bond Auction,Medium,4.40|2.5,4.64|2.4,1.0812,1.08164,1.07309,1.07388
2024-06-14,12:15pm,EUR,French Final CPI m/m,Low,0.0%,0.0%,1.07386,1.0745,1.06673,1.07025
2024-06-14,1:30pm,EUR,Italian Trade Balance,Low,4.81B,4.30B,1.07386,1.0745,1.06673,1.07025
2024-06-14,2:30pm,EUR,Trade Balance,Low,19.4B,17.2B,1.07386,1.0745,1.06673,1.07025
2024-06-14,2:30pm,USD,Import Prices m/m,Low,-0.4%,0.9%,1.07386,1.0745,1.06673,1.07025
2024-06-14,7:30pm,USD,Prelim UoM Consumer Sentiment,High,65.6,69.1,1.07386,1.0745,1.06673,1.07025
2024-06-14,7:30pm,USD,Prelim UoM Inflation Expectations,Medium,3.3%,3.3%,1.07386,1.0745,1.06673,1.07025
2024-06-17,5:20am,USD,Empire State Manufacturing Index,High,-6.0,-15.6,1.07045,1.0738,1.06862,1.07313
2024-06-18,2:30pm,EUR,Final Core CPI y/y,Low,2.9%,2.9%,1.07314,1.07615,1.07098,1.074
2024-06-18,2:30pm,EUR,Final CPI y/y,Low,2.6%,2.6%,1.07314,1.07615,1.07098,1.074
2024-06-18,2:30pm,EUR,ZEW Economic Sentiment,Low,51.3,47.0,1.07314,1.07615,1.07098,1.074
2024-06-18,2:30pm,EUR,German ZEW Economic Sentiment,Low,47.5,47.1,1.07314,1.07615,1.07098,1.074
2024-06-18,6:00pm,USD,Core Retail Sales m/m,High,-0.1%,-0.1%,1.07314,1.07615,1.07098,1.074
2024-06-18,6:00pm,USD,Retail Sales m/m,High,0.1%,-0.2%,1.07314,1.07615,1.07098,1.074
2024-06-18,6:45pm,USD,Industrial Production m/m,Medium,0.9%,0.0%,1.07314,1.07615,1.07098,1.074
2024-06-18,6:45pm,USD,Capacity Utilization Rate,Low,78.7%,78.2%,1.07314,1.07615,1.07098,1.074
2024-06-18,7:30pm,USD,Business Inventories m/m,Low,0.3%,-0.1%,1.07314,1.07615,1.07098,1.074
2024-06-19,1:30am,USD,TIC Long-Term Purchases,Low,123.1B,102.6B,1.07401,1.07534,1.07244,1.0744
2024-06-19,1:30pm,EUR,Current Account,Low,38.6B,35.8B,1.07401,1.07534,1.07244,1.0744
2024-06-19,3:06pm,EUR,German 30-y Bond Auction,Low,2.54|1.6,2.62|3.1,1.07401,1.07534,1.07244,1.0744
2024-06-19,7:30pm,USD,NAHB Housing Market Index,Low,43,45,1.07401,1.07534,1.07244,1.0744
2024-06-20,7:30pm,EUR,German PPI m/m,Low,0.0%,0.2%,1.07441,1.0749,1.06994,1.0704
2024-06-20,2:15pm,EUR,Spanish 10-y Bond Auction,Low,3.35|1.7,3.25|1.8,1.07441,1.0749,1.06994,1.0704
2024-06-20,2:15pm,USD,Unemployment Claims,High,238K,243K,1.07441,1.0749,1.06994,1.0704
2024-06-20,2:15pm,USD,Building Permits,Medium,1.39M,1.44M,1.07441,1.0749,1.06994,1.0704
2024-06-20,2:15pm,USD,Philly Fed Manufacturing Index,Medium,1.3,4.5,1.07441,1.0749,1.06994,1.0704
2024-06-20,2:15pm,USD,Current Account,Low,-238B,-222B,1.07441,1.0749,1.06994,1.0704
2024-06-20,2:15pm,USD,Housing Starts,Low,1.28M,1.35M,1.07441,1.0749,1.06994,1.0704
2024-06-20,7:30pm,EUR,Consumer Confidence,Low,-14,-14,1.07441,1.0749,1.06994,1.0704
2024-06-20,8:30pm,USD,Crude Oil Inventories,Low,-2.5M,3.7M,1.07441,1.0749,1.06994,1.0704
2024-06-21,12:45pm,EUR,French Flash Manufacturing PMI,High,45.3,46.4,1.07039,1.07206,1.06707,1.0691
2024-06-21,12:45pm,EUR,French Flash Services PMI,High,48.8,49.3,1.07039,1.07206,1.06707,1.0691
2024-06-21,1:00pm,EUR,German Flash Manufacturing PMI,High,43.4,45.4,1.07039,1.07206,1.06707,1.0691
2024-06-21,1:00pm,EUR,German Flash Services PMI,High,53.5,54.2,1.07039,1.07206,1.06707,1.0691
2024-06-21,1:30pm,EUR,Flash Manufacturing PMI,Medium,45.6,47.3,1.07039,1.07206,1.06707,1.0691
2024-06-21,1:30pm,EUR,Flash Services PMI,Medium,52.6,53.2,1.07039,1.07206,1.06707,1.0691
2024-06-21,7:15pm,USD,Flash Manufacturing PMI,High,51.7,51.3,1.07039,1.07206,1.06707,1.0691
2024-06-21,7:15pm,USD,Flash Services PMI,High,55.1,54.8,1.07039,1.07206,1.06707,1.0691
2024-06-21,7:30pm,USD,Existing Home Sales,Medium,4.11M,4.14M,1.07039,1.07206,1.06707,1.0691
2024-06-21,7:30pm,USD,CB Leading Index m/m,Low,-0.5%,-0.6%,1.07039,1.07206,1.06707,1.0691
2024-06-21,8:00pm,USD,Natural Gas Storage,Low,71B,74B,1.07039,1.07206,1.06707,1.0691
2024-06-24,1:30pm,EUR,German ifo Business Climate,Medium,88.6,89.3,1.06906,1.07465,1.06834,1.07332
2024-06-24,6:28pm,EUR,Belgian NBB Business Climate,Low,-11.1,-11.0,1.06906,1.07465,1.06834,1.07332
2024-06-25,6:30pm,USD,S&P/CS Composite-20 HPI y/y,Medium,7.2%,7.5%,1.07329,1.07442,1.06903,1.07123
2024-06-25,6:30pm,USD,HPI m/m,Low,0.2%,0.0%,1.07329,1.07442,1.06903,1.07123
2024-06-25,7:29pm,USD,Richmond Manufacturing Index,Medium,-10,0,1.07329,1.07442,1.06903,1.07123
2024-06-25,7:30pm,USD,CB Consumer Confidence,High,100.4,101.3,1.07329,1.07442,1.06903,1.07123
2024-06-26,11:30am,EUR,German GfK Consumer Climate,Low,-21.8,-21.0,1.07123,1.0718,1.06658,1.06799
2024-06-26,7:30pm,USD,New Home Sales,High,619K,698K,1.07123,1.0718,1.06658,1.06799
2024-06-26,8:00pm,USD,Crude Oil Inventories,Low,3.6M,-2.5M,1.07123,1.0718,1.06658,1.06799
2024-06-27,1:30pm,EUR,M3 Money Supply y/y,Low,1.6%,1.3%,1.06795,1.07264,1.06767,1.07048
2024-06-27,1:30pm,EUR,Private Loans y/y,Low,0.3%,0.2%,1.06795,1.07264,1.06767,1.07048
2024-06-27,2:39pm,EUR,Italian 10-y Bond Auction,Low,4.01|1.4,3.97|1.5,1.06795,1.07264,1.06767,1.07048
2024-06-27,6:00pm,USD,Final GDP q/q,High,1.4%,1.3%,1.06795,1.07264,1.06767,1.07048
2024-06-27,6:00pm,USD,Unemployment Claims,High,233K,239K,1.06795,1.07264,1.06767,1.07048
2024-06-27,6:00pm,USD,Core Durable Goods Orders m/m,Medium,-0.1%,0.4%,1.06795,1.07264,1.06767,1.07048
2024-06-27,6:00pm,USD,Durable Goods Orders m/m,Medium,0.1%,0.6%,1.06795,1.07264,1.06767,1.07048
2024-06-27,6:00pm,USD,Final GDP Price Index q/q,Medium,3.1%,3.0%,1.06795,1.07264,1.06767,1.07048
2024-06-27,6:00pm,USD,Goods Trade Balance,Low,-100.6B,-98.0B,1.06795,1.07264,1.06767,1.07048
2024-06-27,6:00pm,USD,Prelim Wholesale Inventories m/m,Low,0.6%,0.1%,1.06795,1.07264,1.06767,1.07048
2024-06-27,7:30pm,USD,Pending Home Sales m/m,High,-2.1%,-7.7%,1.06795,1.07264,1.06767,1.07048
2024-06-27,8:00pm,USD,Natural Gas Storage,Low,52B,71B,1.06795,1.07264,1.06767,1.07048
2024-06-28,11:30am,EUR,German Import Prices m/m,Low,0.0%,0.7%,1.0705,1.07248,1.06851,1.07112
2024-06-28,12:15pm,EUR,French Prelim CPI m/m,Medium,0.1%,0.0%,1.0705,1.07248,1.06851,1.07112
2024-06-28,12:15pm,EUR,French Consumer Spending m/m,Low,1.5%,-0.9%,1.0705,1.07248,1.06851,1.07112
2024-06-28,12:15pm,EUR,Spanish Flash CPI y/y,Medium,3.4%,3.6%,1.0705,1.07248,1.06851,1.07112
2024-06-28,1:25pm,EUR,German Unemployment Change,Low,19K,25K,1.0705,1.07248,1.06851,1.07112
2024-06-28,2:30pm,EUR,Italian Prelim CPI m/m,Low,0.1%,0.2%,1.0705,1.07248,1.06851,1.07112
2024-06-28,2:30pm,USD,Core PCE Price Index m/m,High,0.1%,0.3%,1.0705,1.07248,1.06851,1.07112
2024-06-28,2:30pm,USD,Personal Income m/m,Low,0.5%,0.3%,1.0705,1.07248,1.06851,1.07112
2024-06-28,2:30pm,USD,Personal Spending m/m,Low,0.2%,0.1%,1.0705,1.07248,1.06851,1.07112
2024-06-28,7:15pm,USD,Chicago PMI,Medium,47.4,35.4,1.0705,1.07248,1.06851,1.07112
2024-06-28,7:30pm,USD,Revised UoM Consumer Sentiment,Medium,68.2,65.6,1.0705,1.07248,1.06851,1.07112
2024-06-28,7:30pm,USD,Revised UoM Inflation Expectations,Low,3.0%,3.3%,1.0705,1.07248,1.06851,1.07112
2024-07-01,All Day,EUR,German Prelim CPI m/m,High,0.1%,0.1%,1.0738,1.07765,1.07195,1.07384
2024-07-01,12:45pm,EUR,Spanish Manufacturing PMI,Low,52.3,54.0,1.0738,1.07765,1.07195,1.07384
2024-07-01,1:15pm,EUR,Italian Manufacturing PMI,Low,45.7,45.6,1.0738,1.07765,1.07195,1.07384
2024-07-01,1:20pm,EUR,French Final Manufacturing PMI,Low,45.4,45.3,1.0738,1.07765,1.07195,1.07384
2024-07-01,1:25pm,EUR,German Final Manufacturing PMI,Low,43.5,43.4,1.0738,1.07765,1.07195,1.07384
2024-07-01,1:30pm,EUR,Final Manufacturing PMI,Low,45.8,45.6,1.0738,1.07765,1.07195,1.07384
2024-07-01,7:15pm,USD,Final Manufacturing PMI,Medium,51.6,51.7,1.0738,1.07765,1.07195,1.07384
2024-07-01,7:30pm,USD,ISM Manufacturing PMI,High,48.5,48.7,1.0738,1.07765,1.07195,1.07384
2024-07-01,7:30pm,USD,ISM Manufacturing Prices,Medium,52.1,57.0,1.0738,1.07765,1.07195,1.07384
2024-07-01,7:30pm,USD,Construction Spending m/m,Low,-0.1%,0.3%,1.0738,1.07765,1.07195,1.07384
2024-07-02,12:30pm,EUR,Spanish Unemployment Change,Low,-46.8K,-58.7K,1.07384,1.07472,1.07097,1.07446
2024-07-02,1:30pm,EUR,Italian Monthly Unemployment Rate,Low,6.8%,6.8%,1.07384,1.07472,1.07097,1.07446
2024-07-02,2:30pm,EUR,Core CPI Flash Estimate y/y,High,2.9%,2.9%,1.07384,1.07472,1.07097,1.07446
2024-07-02,2:30pm,EUR,CPI Flash Estimate y/y,High,2.5%,2.6%,1.07384,1.07472,1.07097,1.07446
2024-07-02,2:30pm,EUR,Unemployment Rate,Low,6.4%,6.4%,1.07384,1.07472,1.07097,1.07446
2024-07-02,7:30pm,USD,JOLTS Job Openings,High,8.14M,7.92M,1.07384,1.07472,1.07097,1.07446
2024-07-02,All Day,USD,Wards Total Vehicle Sales,Low,15.3M,15.9M,1.07384,1.07472,1.07097,1.07446
2024-07-02,8:10pm,USD,RCM/TIPP Economic Optimism,Low,44.2,40.5,1.07384,1.07472,1.07097,1.07446
2024-07-03,12:15pm,EUR,French Gov Budget Balance,Low,-113.5B,-91.6B,1.07446,1.08169,1.0736,1.07855
2024-07-03,12:45pm,EUR,Spanish Services PMI,Low,56.8,56.9,1.07446,1.08169,1.0736,1.07855
2024-07-03,1:15pm,EUR,Italian Services PMI,Low,53.7,54.2,1.07446,1.08169,1.0736,1.07855
2024-07-03,1:20pm,EUR,French Final Services PMI,Low,49.6,48.8,1.07446,1.08169,1.0736,1.07855
2024-07-03,1:25pm,EUR,German Final Services PMI,Low,53.1,53.5,1.07446,1.08169,1.0736,1.07855
2024-07-03,1:30pm,EUR,Final Services PMI,Low,52.8,52.6,1.07446,1.08169,1.0736,1.07855
2024-07-03,2:30pm,EUR,PPI m/m,Low,-0.2%,-1.0%,1.07446,1.08169,1.0736,1.07855
2024-07-03,3:09pm,EUR,German 10-y Bond Auction,Low,2.63|1.9,2.60|2.0,1.07446,1.08169,1.0736,1.07855
2024-07-03,3:09pm,USD,Challenger Job Cuts y/y,Low,19.8%,-20.3%,1.07446,1.08169,1.0736,1.07855
2024-07-03,5:45pm,USD,ADP Non-Farm Employment Change,High,150K,157K,1.07446,1.08169,1.0736,1.07855
2024-07-03,5:45pm,USD,Unemployment Claims,High,238K,234K,1.07446,1.08169,1.0736,1.07855
2024-07-03,5:45pm,USD,Trade Balance,Low,-75.1B,-74.5B,1.07446,1.08169,1.0736,1.07855
2024-07-03,7:15pm,USD,Final Services PMI,Medium,55.3,55.1,1.07446,1.08169,1.0736,1.07855
2024-07-03,7:30pm,USD,ISM Services PMI,High,48.8,53.8,1.07446,1.08169,1.0736,1.07855
2024-07-03,7:30pm,USD,Factory Orders m/m,Low,-0.5%,0.4%,1.07446,1.08169,1.0736,1.07855
2024-07-03,8:00pm,USD,Crude Oil Inventories,Low,-12.2M,3.6M,1.07446,1.08169,1.0736,1.07855
2024-07-03,9:30pm,USD,Natural Gas Storage,Low,32B,52B,1.07446,1.08169,1.0736,1.07855
2024-07-04,11:30am,EUR,German Factory Orders m/m,Low,-1.6%,-0.6%,1.07855,1.0814,1.07834,1.0811
2024-07-04,2:11pm,EUR,Spanish 10-y Bond Auction,Low,3.42|2.2,3.35|1.7,1.07855,1.0814,1.07834,1.0811
2024-07-04,2:31pm,EUR,French 10-y Bond Auction,Low,3.23|2.4,3.05|2.0,1.07855,1.0814,1.07834,1.0811
2024-07-05,11:30am,EUR,German Industrial Production m/m,Low,-2.5%,0.1%,1.08111,1.08426,1.07968,1.0837
2024-07-05,12:15pm,EUR,French Industrial Production m/m,Low,-2.1%,0.6%,1.08111,1.08426,1.07968,1.0837
2024-07-05,12:15pm,EUR,French Trade Balance,Low,-8.0B,-7.6B,1.08111,1.08426,1.07968,1.0837
2024-07-05,1:30pm,EUR,Italian Retail Sales m/m,Low,0.4%,-0.1%,1.08111,1.08426,1.07968,1.0837
2024-07-05,2:30pm,EUR,Retail Sales m/m,Low,0.1%,-0.2%,1.08111,1.08426,1.07968,1.0837
2024-07-05,2:30pm,USD,Average Hourly Earnings m/m,High,0.3%,0.4%,1.08111,1.08426,1.07968,1.0837
2024-07-05,2:30pm,USD,Non-Farm Employment Change,High,206K,218K,1.08111,1.08426,1.07968,1.0837
2024-07-05,2:30pm,USD,Unemployment Rate,High,4.1%,4.0%,1.08111,1.08426,1.07968,1.0837
2024-07-08,11:30am,EUR,German Trade Balance,Low,24.9B,22.2B,1.08178,1.08451,1.08143,1.08241
2024-07-08,2:00pm,EUR,Sentix Investor Confidence,Low,-7.3,0.3,1.08178,1.08451,1.08143,1.08241
2024-07-09,12:30am,USD,Consumer Credit m/m,Low,11.4B,6.5B,1.08244,1.08333,1.0805,1.0814
2024-07-09,3:30pm,USD,NFIB Small Business Index,Low,91.5,90.5,1.08244,1.08333,1.0805,1.0814
2024-07-10,5:20am,EUR,Italian Industrial Production m/m,Low,0.5%,-1.0%,1.08139,1.08305,1.08105,1.08289
2024-07-10,5:20am,USD,Final Wholesale Inventories m/m,Low,0.6%,0.6%,1.08139,1.08305,1.08105,1.08289
2024-07-10,8:00pm,USD,Crude Oil Inventories,Low,-3.4M,-12.2M,1.08139,1.08305,1.08105,1.08289
2024-07-10,10:31pm,USD,10-y Bond Auction,Medium,4.28|2.6,4.44|2.7,1.08139,1.08305,1.08105,1.08289
2024-07-11,11:30am,EUR,German Final CPI m/m,Low,0.1%,0.1%,1.08289,1.08999,1.0828,1.08659
2024-07-11,6:00pm,USD,Core CPI m/m,High,0.1%,0.2%,1.08289,1.08999,1.0828,1.08659
2024-07-11,6:00pm,USD,CPI m/m,High,-0.1%,0.0%,1.08289,1.08999,1.0828,1.08659
2024-07-11,6:00pm,USD,CPI y/y,High,3.0%,3.3%,1.08289,1.08999,1.0828,1.08659
2024-07-11,6:00pm,USD,Unemployment Claims,High,222K,239K,1.08289,1.08999,1.0828,1.08659
2024-07-11,8:00pm,USD,Natural Gas Storage,Low,65B,32B,1.08289,1.08999,1.0828,1.08659
2024-07-11,10:31pm,USD,30-y Bond Auction,Medium,4.41|2.3,4.40|2.5,1.08289,1.08999,1.0828,1.08659
2024-07-11,11:30pm,USD,Federal Budget Balance,Low,-66.0B,-347.1B,1.08289,1.08999,1.0828,1.08659
2024-07-12,11:30am,EUR,German WPI m/m,Low,-0.3%,0.1%,1.08659,1.09114,1.086,1.09054
2024-07-12,12:15pm,EUR,French Final CPI m/m,Low,0.1%,0.1%,1.08659,1.09114,1.086,1.09054
2024-07-12,12:15pm,USD,Core PPI m/m,High,0.4%,0.3%,1.08659,1.09114,1.086,1.09054
2024-07-12,12:15pm,USD,PPI m/m,High,0.2%,0.0%,1.08659,1.09114,1.086,1.09054
2024-07-12,7:30pm,USD,Prelim UoM Consumer Sentiment,High,66.0,68.2,1.08659,1.09114,1.086,1.09054
2024-07-12,7:30pm,USD,Prelim UoM Inflation Expectations,Medium,2.9%,3.0%,1.08659,1.09114,1.086,1.09054
2024-07-15,2:30pm,EUR,Industrial Production m/m,Low,-0.6%,0.0%,1.08882,1.09223,1.08829,1.08946
2024-07-15,2:30pm,USD,Empire State Manufacturing Index,High,-6.6,-6.0,1.08882,1.09223,1.08829,1.08946
2024-07-16,2:30pm,EUR,Italian Trade Balance,Low,6.43B,4.83B,1.08946,1.09056,1.08712,1.08977
2024-07-16,2:30pm,EUR,Trade Balance,Low,12.3B,18.5B,1.08946,1.09056,1.08712,1.08977
2024-07-16,2:30pm,EUR,ZEW Economic Sentiment,Low,43.7,51.3,1.08946,1.09056,1.08712,1.08977
2024-07-16,2:30pm,EUR,German ZEW Economic Sentiment,Low,41.8,47.5,1.08946,1.09056,1.08712,1.08977
2024-07-16,2:30pm,USD,Core Retail Sales m/m,High,0.4%,0.1%,1.08946,1.09056,1.08712,1.08977
2024-07-16,2:30pm,USD,Retail Sales m/m,High,0.0%,0.3%,1.08946,1.09056,1.08712,1.08977
2024-07-16,2:30pm,USD,Import Prices m/m,Low,0.0%,-0.2%,1.08946,1.09056,1.08712,1.08977
2024-07-16,7:30pm,USD,Business Inventories m/m,Low,0.5%,0.3%,1.08946,1.09056,1.08712,1.08977
2024-07-16,7:30pm,USD,NAHB Housing Market Index,Low,42,43,1.08946,1.09056,1.08712,1.08977
2024-07-17,2:30pm,EUR,Final Core CPI y/y,Low,2.9%,2.9%,1.08988,1.09481,1.08949,1.09378
2024-07-17,2:30pm,EUR,Final CPI y/y,Low,2.5%,2.5%,1.08988,1.09481,1.08949,1.09378
2024-07-17,3:06pm,EUR,German 30-y Bond Auction,Low,2.59|2.6,2.54|1.6,1.08988,1.09481,1.08949,1.09378
2024-07-17,3:06pm,USD,Building Permits,Medium,1.45M,1.40M,1.08988,1.09481,1.08949,1.09378
2024-07-17,3:06pm,USD,Housing Starts,Low,1.35M,1.31M,1.08988,1.09481,1.08949,1.09378
2024-07-17,6:45pm,USD,Industrial Production m/m,Medium,0.6%,0.9%,1.08988,1.09481,1.08949,1.09378
2024-07-17,6:45pm,USD,Capacity Utilization Rate,Low,78.8%,78.3%,1.08988,1.09481,1.08949,1.09378
2024-07-17,8:00pm,USD,Crude Oil Inventories,Low,-4.9M,-3.4M,1.08988,1.09481,1.08949,1.09378
2024-07-18,2:12pm,EUR,Spanish 10-y Bond Auction,Low,3.19|1.4,3.42|2.2,1.09378,1.0941,1.0893,1.08975
2024-07-18,5:45pm,EUR,Main Refinancing Rate,High,4.25%,4.25%,1.09378,1.0941,1.0893,1.08975
2024-07-18,6:00pm,USD,Unemployment Claims,High,243K,223K,1.09378,1.0941,1.0893,1.08975
2024-07-18,6:00pm,USD,Philly Fed Manufacturing Index,Medium,13.9,1.3,1.09378,1.0941,1.0893,1.08975
2024-07-18,7:30pm,USD,CB Leading Index m/m,Low,-0.2%,-0.4%,1.09378,1.0941,1.0893,1.08975
2024-07-18,8:00pm,USD,Natural Gas Storage,Low,10B,65B,1.09378,1.0941,1.0893,1.08975
2024-07-19,1:30am,USD,TIC Long-Term Purchases,Low,-54.6B,123.3B,1.08974,1.0902,1.08753,1.08822
2024-07-19,11:30am,EUR,German PPI m/m,Low,0.2%,0.0%,1.08974,1.0902,1.08753,1.08822
2024-07-19,1:35pm,EUR,Current Account,Low,36.7B,36.7B,1.08974,1.0902,1.08753,1.08822
2024-07-23,7:29pm,USD,Richmond Manufacturing Index,Medium,-17,-10,1.08894,1.08968,1.08436,1.08531
2024-07-23,7:30pm,EUR,Consumer Confidence,Low,-13,-14,1.08894,1.08968,1.08436,1.08531
2024-07-23,7:30pm,USD,Existing Home Sales,Medium,3.89M,4.11M,1.08894,1.08968,1.08436,1.08531
2024-07-24,11:30am,EUR,German GfK Consumer Climate,Low,-18.4,-21.6,1.08534,1.08666,1.08253,1.084
2024-07-24,12:45pm,EUR,French Flash Manufacturing PMI,High,44.1,45.4,1.08534,1.08666,1.08253,1.084
2024-07-24,12:45pm,EUR,French Flash Services PMI,High,50.7,49.6,1.08534,1.08666,1.08253,1.084
2024-07-24,1:00pm,EUR,German Flash Manufacturing PMI,High,42.6,43.5,1.08534,1.08666,1.08253,1.084
2024-07-24,1:00pm,EUR,German Flash Services PMI,High,52.0,53.1,1.08534,1.08666,1.08253,1.084
2024-07-24,1:30pm,EUR,Flash Manufacturing PMI,Medium,45.6,45.8,1.08534,1.08666,1.08253,1.084
2024-07-24,1:30pm,EUR,Flash Services PMI,Medium,51.9,52.8,1.08534,1.08666,1.08253,1.084
2024-07-24,3:02pm,EUR,German 10-y Bond Auction,Low,2.43|1.8,2.63|1.9,1.08534,1.08666,1.08253,1.084
2024-07-24,3:02pm,USD,Goods Trade Balance,Low,-96.8B,-99.4B,1.08534,1.08666,1.08253,1.084
2024-07-24,3:02pm,USD,Prelim Wholesale Inventories m/m,Low,0.2%,0.6%,1.08534,1.08666,1.08253,1.084
2024-07-24,3:02pm,USD,Flash Manufacturing PMI,High,49.5,51.6,1.08534,1.08666,1.08253,1.084
2024-07-24,3:02pm,USD,Flash Services PMI,High,56.0,55.3,1.08534,1.08666,1.08253,1.084
2024-07-24,7:30pm,USD,New Home Sales,Medium,617K,621K,1.08534,1.08666,1.08253,1.084
2024-07-24,7:30pm,USD,Crude Oil Inventories,Low,-3.7M,-4.9M,1.08534,1.08666,1.08253,1.084
2024-07-25,1:30pm,EUR,German ifo Business Climate,Medium,87.0,88.6,1.08393,1.08701,1.08278,1.08449
2024-07-25,1:30pm,EUR,M3 Money Supply y/y,Low,2.2%,1.5%,1.08393,1.08701,1.08278,1.08449
2024-07-25,1:30pm,EUR,Private Loans y/y,Low,0.3%,0.3%,1.08393,1.08701,1.08278,1.08449
2024-07-25,6:00pm,USD,Advance GDP q/q,High,2.8%,1.4%,1.08393,1.08701,1.08278,1.08449
2024-07-25,6:00pm,USD,Unemployment Claims,High,235K,245K,1.08393,1.08701,1.08278,1.08449
2024-07-25,6:00pm,USD,Advance GDP Price Index q/q,Medium,2.3%,3.1%,1.08393,1.08701,1.08278,1.08449
2024-07-25,6:00pm,USD,Core Durable Goods Orders m/m,Medium,0.5%,-0.1%,1.08393,1.08701,1.08278,1.08449
2024-07-25,6:00pm,USD,Durable Goods Orders m/m,Medium,-6.6%,0.1%,1.08393,1.08701,1.08278,1.08449
2024-07-25,6:00pm,EUR,Belgian NBB Business Climate,Low,-12.3,-11.1,1.08393,1.08701,1.08278,1.08449
2024-07-25,8:00pm,USD,Natural Gas Storage,Low,22B,10B,1.08393,1.08701,1.08278,1.08449
2024-07-26,12:30pm,EUR,Spanish Unemployment Rate,Low,11.3%,12.3%,1.08448,1.08683,1.08418,1.0855
2024-07-26,6:00pm,USD,Core PCE Price Index m/m,High,0.2%,0.1%,1.08448,1.08683,1.08418,1.0855
2024-07-26,6:00pm,USD,Personal Income m/m,Low,0.2%,0.4%,1.08448,1.08683,1.08418,1.0855
2024-07-26,6:00pm,USD,Personal Spending m/m,Low,0.3%,0.4%,1.08448,1.08683,1.08418,1.0855
2024-07-26,7:30pm,USD,Revised UoM Consumer Sentiment,Medium,66.4,66.0,1.08448,1.08683,1.08418,1.0855
2024-07-26,7:30pm,USD,Revised UoM Inflation Expectations,Low,2.9%,2.9%,1.08448,1.08683,1.08418,1.0855
2024-07-30,11:00am,EUR,French Consumer Spending m/m,Low,-0.5%,0.8%,1.08225,1.08358,1.0798,1.08131
2024-07-30,11:00am,EUR,French Flash GDP q/q,Low,0.3%,0.3%,1.08225,1.08358,1.0798,1.08131
2024-07-30,All Day,EUR,German Prelim CPI m/m,High,0.3%,0.1%,1.08225,1.08358,1.0798,1.08131
2024-07-30,All Day,EUR,Spanish Flash CPI y/y,Medium,2.8%,3.4%,1.08225,1.08358,1.0798,1.08131
2024-07-30,All Day,EUR,Spanish Flash GDP q/q,Low,0.8%,0.8%,1.08225,1.08358,1.0798,1.08131
2024-07-30,1:30pm,EUR,Italian Prelim GDP q/q,Low,0.2%,0.3%,1.08225,1.08358,1.0798,1.08131
2024-07-30,1:30pm,EUR,German Prelim GDP q/q,Low,-0.1%,0.2%,1.08225,1.08358,1.0798,1.08131
2024-07-30,2:30pm,EUR,Prelim Flash GDP q/q,Low,0.3%,0.3%,1.08225,1.08358,1.0798,1.08131
2024-07-30,2:48pm,EUR,Italian 10-y Bond Auction,Low,3.76|1.4,4.01|1.4,1.08225,1.08358,1.0798,1.08131
2024-07-30,6:30pm,USD,S&P/CS Composite-20 HPI y/y,Medium,6.8%,7.3%,1.08225,1.08358,1.0798,1.08131
2024-07-30,6:30pm,USD,HPI m/m,Low,0.0%,0.3%,1.08225,1.08358,1.0798,1.08131
2024-07-30,7:30pm,USD,CB Consumer Confidence,High,100.3,97.8,1.08225,1.08358,1.0798,1.08131
2024-07-30,7:30pm,USD,JOLTS Job Openings,High,8.18M,8.23M,1.08225,1.08358,1.0798,1.08131
2024-07-31,11:30am,EUR,German Import Prices m/m,Low,0.4%,0.0%,1.08128,1.08494,1.08017,1.08268
2024-07-31,12:15pm,EUR,French Prelim CPI m/m,Low,0.1%,0.1%,1.08128,1.08494,1.08017,1.08268
2024-07-31,1:25pm,EUR,German Unemployment Change,Low,18K,20K,1.08128,1.08494,1.08017,1.08268
2024-07-31,2:11pm,EUR,Italian Prelim CPI m/m,Low,0.5%,0.1%,1.08128,1.08494,1.08017,1.08268
2024-07-31,2:30pm,EUR,Core CPI Flash Estimate y/y,High,2.9%,2.9%,1.08128,1.08494,1.08017,1.08268
2024-07-31,2:30pm,EUR,CPI Flash Estimate y/y,High,2.6%,2.5%,1.08128,1.08494,1.08017,1.08268
2024-07-31,5:45pm,USD,ADP Non-Farm Employment Change,High,122K,155K,1.08128,1.08494,1.08017,1.08268
2024-07-31,5:45pm,USD,Employment Cost Index q/q,High,0.9%,1.2%,1.08128,1.08494,1.08017,1.08268
2024-07-31,7:15pm,USD,Chicago PMI,Medium,45.3,47.4,1.08128,1.08494,1.08017,1.08268
2024-07-31,7:30pm,USD,Pending Home Sales m/m,High,4.8%,-1.9%,1.08128,1.08494,1.08017,1.08268
2024-07-31,8:00pm,USD,Crude Oil Inventories,Low,-3.4M,-3.7M,1.08128,1.08494,1.08017,1.08268
2024-07-31,11:30pm,USD,Federal Funds Rate,High,5.50%,5.50%,1.08128,1.08494,1.08017,1.08268
2024-08-01,12:45pm,EUR,Spanish Manufacturing PMI,Low,51.0,52.3,1.08269,1.08354,1.07772,1.0791
2024-08-01,1:15pm,EUR,Italian Manufacturing PMI,Low,47.4,45.7,1.08269,1.08354,1.07772,1.0791
2024-08-01,1:20pm,EUR,French Final Manufacturing PMI,Low,44.0,44.1,1.08269,1.08354,1.07772,1.0791
2024-08-01,1:25pm,EUR,German Final Manufacturing PMI,Low,43.2,42.6,1.08269,1.08354,1.07772,1.0791
2024-08-01,1:25pm,EUR,Final Manufacturing PMI,Low,45.8,45.6,1.08269,1.08354,1.07772,1.0791
2024-08-01,1:25pm,EUR,Italian Monthly Unemployment Rate,Low,7.0%,6.9%,1.08269,1.08354,1.07772,1.0791
2024-08-01,2:20pm,EUR,Spanish 10-y Bond Auction,Low,3.11|1.5,3.19|1.4,1.08269,1.08354,1.07772,1.0791
2024-08-01,2:30pm,EUR,Unemployment Rate,Low,6.5%,6.4%,1.08269,1.08354,1.07772,1.0791
2024-08-01,2:32pm,EUR,French 10-y Bond Auction,Low,3.01|2.2,3.23|2.4,1.08269,1.08354,1.07772,1.0791
2024-08-01,2:32pm,USD,Challenger Job Cuts y/y,Low,9.2%,19.8%,1.08269,1.08354,1.07772,1.0791
2024-08-01,6:00pm,USD,Unemployment Claims,High,249K,235K,1.08269,1.08354,1.07772,1.0791
2024-08-01,6:00pm,USD,Prelim Nonfarm Productivity q/q,Low,2.3%,0.2%,1.08269,1.08354,1.07772,1.0791
2024-08-01,6:00pm,USD,Prelim Unit Labor Costs q/q,Low,0.9%,4.0%,1.08269,1.08354,1.07772,1.0791
2024-08-01,7:15pm,USD,Final Manufacturing PMI,Medium,49.6,49.5,1.08269,1.08354,1.07772,1.0791
2024-08-01,7:30pm,USD,ISM Manufacturing PMI,High,46.8,48.5,1.08269,1.08354,1.07772,1.0791
2024-08-01,7:30pm,USD,ISM Manufacturing Prices,Medium,52.9,52.1,1.08269,1.08354,1.07772,1.0791
2024-08-01,7:30pm,USD,Construction Spending m/m,Low,-0.3%,-0.4%,1.08269,1.08354,1.07772,1.0791
2024-08-01,All Day,USD,Wards Total Vehicle Sales,Low,15.8M,15.3M,1.08269,1.08354,1.07772,1.0791
2024-08-01,8:00pm,USD,Natural Gas Storage,Low,18B,22B,1.08269,1.08354,1.07772,1.0791
2024-08-02,12:15pm,EUR,French Gov Budget Balance,Low,-103.5B,-113.5B,1.07909,1.0927,1.07816,1.09098
2024-08-02,12:15pm,EUR,French Industrial Production m/m,Low,0.8%,-2.2%,1.07909,1.0927,1.07816,1.09098
2024-08-02,12:30pm,EUR,Spanish Unemployment Change,Low,-10.8K,-46.8K,1.07909,1.0927,1.07816,1.09098
2024-08-02,1:30pm,EUR,Italian Industrial Production m/m,Low,0.5%,0.5%,1.07909,1.0927,1.07816,1.09098
2024-08-02,2:30pm,EUR,Italian Retail Sales m/m,Low,-0.2%,0.4%,1.07909,1.0927,1.07816,1.09098
2024-08-02,6:00pm,USD,Average Hourly Earnings m/m,High,0.2%,0.3%,1.07909,1.0927,1.07816,1.09098
2024-08-02,6:00pm,USD,Non-Farm Employment Change,High,114K,179K,1.07909,1.0927,1.07816,1.09098
2024-08-02,6:00pm,USD,Unemployment Rate,High,4.3%,4.1%,1.07909,1.0927,1.07816,1.09098
2024-08-02,7:30pm,USD,Factory Orders m/m,Low,-3.3%,-0.5%,1.07909,1.0927,1.07816,1.09098
2024-08-05,12:45pm,EUR,Spanish Services PMI,Low,53.9,56.8,1.09195,1.1009,1.08923,1.09524
2024-08-05,1:15pm,EUR,Italian Services PMI,Low,51.7,53.7,1.09195,1.1009,1.08923,1.09524
2024-08-05,1:20pm,EUR,French Final Services PMI,Low,50.1,50.7,1.09195,1.1009,1.08923,1.09524
2024-08-05,1:25pm,EUR,German Final Services PMI,Low,52.5,52.0,1.09195,1.1009,1.08923,1.09524
2024-08-05,1:30pm,EUR,Final Services PMI,Low,51.9,51.9,1.09195,1.1009,1.08923,1.09524
2024-08-05,2:00pm,EUR,Sentix Investor Confidence,Low,-13.9,-7.3,1.09195,1.1009,1.08923,1.09524
2024-08-05,2:30pm,EUR,PPI m/m,Low,0.5%,-0.2%,1.09195,1.1009,1.08923,1.09524
2024-08-05,7:15pm,USD,Final Services PMI,Medium,55.0,56.0,1.09195,1.1009,1.08923,1.09524
2024-08-05,7:30pm,USD,ISM Services PMI,High,51.4,48.8,1.09195,1.1009,1.08923,1.09524
2024-08-06,11:30am,EUR,German Factory Orders m/m,Low,3.9%,-1.7%,1.09526,1.09631,1.09035,1.0929
2024-08-06,12:15pm,EUR,French Prelim Private Payrolls q/q,Low,0.0%,0.3%,1.09526,1.09631,1.09035,1.0929
2024-08-06,2:30pm,EUR,Retail Sales m/m,Low,-0.3%,0.1%,1.09526,1.09631,1.09035,1.0929
2024-08-06,2:30pm,USD,Trade Balance,Low,-73.1B,-75.0B,1.09526,1.09631,1.09035,1.0929
2024-08-06,7:35pm,USD,RCM/TIPP Economic Optimism,Low,44.5,44.2,1.09526,1.09631,1.09035,1.0929
2024-08-07,11:30am,EUR,German Industrial Production m/m,Low,1.4%,-3.1%,1.09285,1.09366,1.0905,1.09226
2024-08-07,11:30am,EUR,German Trade Balance,Low,20.4B,25.3B,1.09285,1.09366,1.0905,1.09226
2024-08-07,12:15pm,EUR,French Trade Balance,Low,-6.1B,-7.7B,1.09285,1.09366,1.0905,1.09226
2024-08-07,8:00pm,USD,Crude Oil Inventories,Low,-3.7M,-3.4M,1.09285,1.09366,1.0905,1.09226
2024-08-07,10:31pm,USD,10-y Bond Auction,Medium,3.96|2.3,4.28|2.6,1.09285,1.09366,1.0905,1.09226
2024-08-08,12:30am,USD,Consumer Credit m/m,Low,8.9B,13.9B,1.09228,1.09451,1.08812,1.09164
2024-08-08,6:00pm,USD,Unemployment Claims,High,233K,250K,1.09228,1.09451,1.08812,1.09164
2024-08-08,7:30pm,USD,Final Wholesale Inventories m/m,Low,0.2%,0.2%,1.09228,1.09451,1.08812,1.09164
2024-08-08,8:00pm,USD,Natural Gas Storage,Low,21B,18B,1.09228,1.09451,1.08812,1.09164
2024-08-08,10:31pm,USD,30-y Bond Auction,Medium,4.31|2.3,4.41|2.3,1.09228,1.09451,1.08812,1.09164
2024-08-09,11:30am,EUR,German Final CPI m/m,Low,0.3%,0.3%,1.09162,1.09314,1.09087,1.09148
2024-08-09,2:30pm,EUR,Italian Trade Balance,Low,5.07B,6.38B,1.09162,1.09314,1.09087,1.09148
2024-08-12,11:30am,EUR,German WPI m/m,Low,0.3%,-0.3%,1.09183,1.09395,1.09097,1.09317
2024-08-12,7:26pm,USD,Cleveland Fed Inflation Expectations,Low,3.4%,3.8%,1.09183,1.09395,1.09097,1.09317
2024-08-12,11:30pm,USD,Federal Budget Balance,Low,-243.7B,-66.0B,1.09183,1.09395,1.09097,1.09317
2024-08-13,2:30pm,EUR,German ZEW Economic Sentiment,Low,19.2,41.8,1.09314,1.09997,1.09134,1.09914
2024-08-13,2:30pm,EUR,ZEW Economic Sentiment,Low,17.9,43.7,1.09314,1.09997,1.09134,1.09914
2024-08-13,3:25pm,USD,NFIB Small Business Index,Low,93.7,91.5,1.09314,1.09997,1.09134,1.09914
2024-08-13,6:00pm,USD,Core PPI m/m,High,0.0%,0.3%,1.09314,1.09997,1.09134,1.09914
2024-08-13,6:00pm,USD,PPI m/m,High,0.1%,0.2%,1.09314,1.09997,1.09134,1.09914
2024-08-14,12:15pm,EUR,French Final CPI m/m,Low,0.2%,0.1%,1.09914,1.10264,1.0986,1.10253
2024-08-14,2:30pm,EUR,Flash Employment Change q/q,Low,0.2%,0.3%,1.09914,1.10264,1.0986,1.10253
2024-08-14,2:30pm,EUR,Flash GDP q/q,Low,0.3%,0.3%,1.09914,1.10264,1.0986,1.10253
2024-08-14,2:30pm,EUR,Industrial Production m/m,Low,-0.1%,-0.9%,1.09914,1.10264,1.0986,1.10253
2024-08-14,3:04pm,EUR,German 30-y Bond Auction,Low,2.45|2.8,2.59|2.6,1.09914,1.10264,1.0986,1.10253
2024-08-14,6:00pm,USD,Core CPI m/m,High,0.2%,0.1%,1.09914,1.10264,1.0986,1.10253
2024-08-14,6:00pm,USD,CPI m/m,High,0.2%,-0.1%,1.09914,1.10264,1.0986,1.10253
2024-08-14,6:00pm,USD,CPI y/y,High,2.9%,3.0%,1.09914,1.10264,1.0986,1.10253
2024-08-14,8:00pm,USD,Crude Oil Inventories,Low,1.4M,-3.7M,1.09914,1.10264,1.0986,1.10253
2024-08-15,4:32pm,USD,Core Retail Sales m/m,High,0.4%,0.5%,1.10111,1.1016,1.0949,1.09717
2024-08-15,4:32pm,USD,Retail Sales m/m,High,1.0%,-0.2%,1.10111,1.1016,1.0949,1.09717
2024-08-15,4:32pm,USD,Unemployment Claims,High,227K,234K,1.10111,1.1016,1.0949,1.09717
2024-08-15,4:32pm,USD,Empire State Manufacturing Index,Medium,-4.7,-6.6,1.10111,1.1016,1.0949,1.09717
2024-08-15,4:32pm,USD,Philly Fed Manufacturing Index,Medium,-7.0,13.9,1.10111,1.1016,1.0949,1.09717
2024-08-15,4:32pm,USD,Import Prices m/m,Low,0.1%,0.0%,1.10111,1.1016,1.0949,1.09717
2024-08-15,6:45pm,USD,Capacity Utilization Rate,Low,77.8%,78.4%,1.10111,1.1016,1.0949,1.09717
2024-08-15,6:45pm,USD,Industrial Production m/m,Low,-0.6%,0.3%,1.10111,1.1016,1.0949,1.09717
2024-08-15,7:30pm,USD,Business Inventories m/m,Low,0.3%,0.5%,1.10111,1.1016,1.0949,1.09717
2024-08-15,7:30pm,USD,NAHB Housing Market Index,Low,39,41,1.10111,1.1016,1.0949,1.09717
2024-08-15,7:53pm,USD,Mortgage Delinquencies,Low,3.97%,3.94%,1.10111,1.1016,1.0949,1.09717
2024-08-15,7:53pm,USD,Natural Gas Storage,Low,-6B,21B,1.10111,1.1016,1.0949,1.09717
2024-08-16,1:30am,USD,TIC Long-Term Purchases,Low,96.1B,-54.1B,1.09719,1.10297,1.09702,1.10253
2024-08-16,2:30pm,EUR,Trade Balance,Low,17.5B,12.4B,1.09719,1.10297,1.09702,1.10253
2024-08-16,2:30pm,USD,Building Permits,Medium,1.40M,1.45M,1.09719,1.10297,1.09702,1.10253
2024-08-16,2:30pm,USD,Housing Starts,Low,1.24M,1.33M,1.09719,1.10297,1.09702,1.10253
2024-08-16,7:30pm,USD,Prelim UoM Consumer Sentiment,Medium,67.8,66.4,1.09719,1.10297,1.09702,1.10253
2024-08-16,7:30pm,USD,Prelim UoM Inflation Expectations,Medium,2.9%,2.9%,1.09719,1.10297,1.09702,1.10253
2024-08-19,7:30pm,USD,CB Leading Index m/m,Low,-0.6%,-0.2%,1.10247,1.10864,1.10215,1.1083
2024-08-20,7:30pm,EUR,German PPI m/m,Low,0.2%,0.2%,1.10835,1.11304,1.10716,1.11286
2024-08-20,1:30pm,EUR,Current Account,Low,50.5B,37.6B,1.10835,1.11304,1.10716,1.11286
2024-08-20,2:30pm,EUR,Final Core CPI y/y,Low,2.9%,2.9%,1.10835,1.11304,1.10716,1.11286
2024-08-20,2:30pm,EUR,Final CPI y/y,Low,2.6%,2.6%,1.10835,1.11304,1.10716,1.11286
2024-08-21,3:08pm,EUR,German 10-y Bond Auction,Low,2.22|2.0,2.43|1.8,1.11285,1.11741,1.10992,1.11481
2024-08-21,7:30pm,USD,Prelim Benchmark Payrolls Revision,High,-818K,-306K,1.11285,1.11741,1.10992,1.11481
2024-08-21,8:00pm,USD,Crude Oil Inventories,Medium,-4.6M,1.4M,1.11285,1.11741,1.10992,1.11481
2024-08-22,12:45pm,EUR,French Flash Manufacturing PMI,High,42.1,44.0,1.11482,1.11649,1.10976,1.11108
2024-08-22,12:45pm,EUR,French Flash Services PMI,High,55.0,50.1,1.11482,1.11649,1.10976,1.11108
2024-08-22,1:00pm,EUR,German Flash Manufacturing PMI,High,42.1,43.2,1.11482,1.11649,1.10976,1.11108
2024-08-22,1:00pm,EUR,German Flash Services PMI,High,51.4,52.5,1.11482,1.11649,1.10976,1.11108
2024-08-22,1:30pm,EUR,Flash Manufacturing PMI,Medium,45.6,45.8,1.11482,1.11649,1.10976,1.11108
2024-08-22,1:30pm,EUR,Flash Services PMI,Medium,53.3,51.9,1.11482,1.11649,1.10976,1.11108
2024-08-22,6:00pm,USD,Unemployment Claims,High,232K,228K,1.11482,1.11649,1.10976,1.11108
2024-08-22,7:15pm,USD,Flash Manufacturing PMI,High,48.0,49.6,1.11482,1.11649,1.10976,1.11108
2024-08-22,7:15pm,USD,Flash Services PMI,High,55.2,55.0,1.11482,1.11649,1.10976,1.11108
2024-08-22,7:30pm,EUR,Consumer Confidence,Low,-13,-13,1.11482,1.11649,1.10976,1.11108
2024-08-22,7:30pm,USD,Existing Home Sales,Medium,3.95M,3.90M,1.11482,1.11649,1.10976,1.11108
2024-08-22,8:00pm,USD,Natural Gas Storage,Low,35B,-6B,1.11482,1.11649,1.10976,1.11108
2024-08-23,5:00am,USD,New Home Sales,Medium,739K,668K,1.11112,1.1201,1.11052,1.11913
2024-08-26,1:30pm,EUR,German ifo Business Climate,Medium,86.6,87.0,1.11903,1.12015,1.11498,1.11604
2024-08-26,6:00pm,USD,Core Durable Goods Orders m/m,Medium,-0.2%,0.4%,1.11903,1.12015,1.11498,1.11604
2024-08-26,6:00pm,USD,Durable Goods Orders m/m,Medium,9.9%,-6.7%,1.11903,1.12015,1.11498,1.11604
2024-08-26,6:00pm,EUR,Belgian NBB Business Climate,Low,-12.6,-12.3,1.11903,1.12015,1.11498,1.11604
2024-08-27,11:30am,EUR,German GfK Consumer Climate,Low,-22.0,-18.6,1.11604,1.11906,1.11501,1.11824
2024-08-27,11:33am,EUR,German Final GDP q/q,Low,-0.1%,-0.1%,1.11604,1.11906,1.11501,1.11824
2024-08-27,6:30pm,USD,S&P/CS Composite-20 HPI y/y,Medium,6.5%,6.9%,1.11604,1.11906,1.11501,1.11824
2024-08-27,6:30pm,USD,HPI m/m,Low,-0.1%,0.0%,1.11604,1.11906,1.11501,1.11824
2024-08-27,7:29pm,USD,Richmond Manufacturing Index,Medium,-19,-17,1.11604,1.11906,1.11501,1.11824
2024-08-27,7:29pm,USD,CB Consumer Confidence,High,103.3,101.9,1.11604,1.11906,1.11501,1.11824
2024-08-28,7:29pm,EUR,M3 Money Supply y/y,Low,2.3%,2.3%,1.11827,1.1185,1.11046,1.11188
2024-08-28,7:29pm,EUR,Private Loans y/y,Low,0.5%,0.3%,1.11827,1.1185,1.11046,1.11188
2024-08-28,8:00pm,USD,Crude Oil Inventories,Medium,-0.8M,-4.6M,1.11827,1.1185,1.11046,1.11188
2024-08-29,All Day,EUR,German Prelim CPI m/m,High,-0.1%,0.3%,1.11188,1.11399,1.10553,1.1078
2024-08-29,12:30pm,EUR,Spanish Flash CPI y/y,Medium,2.2%,2.8%,1.11188,1.11399,1.10553,1.1078
2024-08-29,2:44pm,EUR,Italian 10-y Bond Auction,Low,3.68|1.6,3.76|1.4,1.11188,1.11399,1.10553,1.1078
2024-08-29,2:44pm,USD,Prelim GDP q/q,High,3.0%,2.8%,1.11188,1.11399,1.10553,1.1078
2024-08-29,2:44pm,USD,Unemployment Claims,High,231K,233K,1.11188,1.11399,1.10553,1.1078
2024-08-29,2:44pm,USD,Prelim GDP Price Index q/q,Medium,2.5%,2.3%,1.11188,1.11399,1.10553,1.1078
2024-08-29,2:44pm,USD,Goods Trade Balance,Low,-102.7B,-96.6B,1.11188,1.11399,1.10553,1.1078
2024-08-29,2:44pm,USD,Prelim Wholesale Inventories m/m,Low,0.3%,0.2%,1.11188,1.11399,1.10553,1.1078
2024-08-29,7:30pm,USD,Pending Home Sales m/m,Medium,-5.5%,4.8%,1.11188,1.11399,1.10553,1.1078
2024-08-29,8:00pm,USD,Natural Gas Storage,Low,35B,35B,1.11188,1.11399,1.10553,1.1078
2024-08-30,11:00am,EUR,French Final Private Payrolls q/q,Low,-0.1%,0.0%,1.10779,1.1095,1.10436,1.10465
2024-08-30,11:30am,EUR,German Import Prices m/m,Low,-0.4%,0.4%,1.10779,1.1095,1.10436,1.10465
2024-08-30,12:15pm,EUR,French Consumer Spending m/m,Low,0.3%,-0.6%,1.10779,1.1095,1.10436,1.10465
2024-08-30,12:15pm,EUR,French Prelim CPI m/m,Low,0.6%,0.2%,1.10779,1.1095,1.10436,1.10465
2024-08-30,12:15pm,EUR,French Prelim GDP q/q,Low,0.2%,0.3%,1.10779,1.1095,1.10436,1.10465
2024-08-30,1:25pm,EUR,German Unemployment Change,Low,2K,17K,1.10779,1.1095,1.10436,1.10465
2024-08-30,1:30pm,EUR,Italian Monthly Unemployment Rate,Low,6.5%,6.9%,1.10779,1.1095,1.10436,1.10465
2024-08-30,2:30pm,EUR,CPI Flash Estimate y/y,High,2.2%,2.6%,1.10779,1.1095,1.10436,1.10465
2024-08-30,2:30pm,EUR,Core CPI Flash Estimate y/y,Medium,2.8%,2.9%,1.10779,1.1095,1.10436,1.10465
2024-08-30,2:30pm,EUR,Italian Prelim CPI m/m,Low,0.2%,0.4%,1.10779,1.1095,1.10436,1.10465
2024-08-30,2:30pm,EUR,Unemployment Rate,Low,6.4%,6.5%,1.10779,1.1095,1.10436,1.10465
2024-08-30,2:30pm,USD,Core PCE Price Index m/m,High,0.2%,0.2%,1.10779,1.1095,1.10436,1.10465
2024-08-30,2:30pm,USD,Personal Income m/m,Low,0.3%,0.2%,1.10779,1.1095,1.10436,1.10465
2024-08-30,2:30pm,USD,Personal Spending m/m,Low,0.5%,0.3%,1.10779,1.1095,1.10436,1.10465
2024-08-30,7:15pm,USD,Chicago PMI,Medium,46.1,45.3,1.10779,1.1095,1.10436,1.10465
2024-08-30,7:30pm,USD,Revised UoM Consumer Sentiment,Medium,67.9,67.8,1.10779,1.1095,1.10436,1.10465
2024-08-30,7:30pm,USD,Revised UoM Inflation Expectations,Low,2.8%,2.9%,1.10779,1.1095,1.10436,1.10465
2024-09-02,12:45pm,EUR,Spanish Manufacturing PMI,Low,50.5,51.0,1.10464,1.10775,1.10416,1.10702
2024-09-02,1:15pm,EUR,Italian Manufacturing PMI,Low,49.4,47.4,1.10464,1.10775,1.10416,1.10702
2024-09-02,1:20pm,EUR,French Final Manufacturing PMI,Low,43.9,42.1,1.10464,1.10775,1.10416,1.10702
2024-09-02,1:25pm,EUR,German Final Manufacturing PMI,Low,42.4,42.1,1.10464,1.10775,1.10416,1.10702
2024-09-02,1:30pm,EUR,Final Manufacturing PMI,Low,45.8,45.6,1.10464,1.10775,1.10416,1.10702
2024-09-03,12:15pm,EUR,French Gov Budget Balance,Low,-156.9B,-103.5B,1.10701,1.1073,1.1026,1.1045
2024-09-03,12:15pm,EUR,Spanish Unemployment Change,Low,21.9K,-10.8K,1.10701,1.1073,1.1026,1.1045
2024-09-03,7:15pm,USD,Final Manufacturing PMI,Low,47.9,48.0,1.10701,1.1073,1.1026,1.1045
2024-09-03,7:30pm,USD,ISM Manufacturing PMI,High,47.2,46.8,1.10701,1.1073,1.1026,1.1045
2024-09-03,7:30pm,USD,ISM Manufacturing Prices,Medium,54.0,52.9,1.10701,1.1073,1.1026,1.1045
2024-09-03,7:30pm,USD,Construction Spending m/m,Low,-0.3%,0.0%,1.10701,1.1073,1.1026,1.1045
2024-09-03,7:37pm,USD,RCM/TIPP Economic Optimism,Low,46.1,44.5,1.10701,1.1073,1.1026,1.1045
2024-09-04,12:45pm,EUR,Spanish Services PMI,Low,54.6,53.9,1.10445,1.10952,1.10382,1.1082
2024-09-04,1:15pm,EUR,Italian Services PMI,Low,51.4,51.7,1.10445,1.10952,1.10382,1.1082
2024-09-04,1:20pm,EUR,French Final Services PMI,Low,55.0,55.0,1.10445,1.10952,1.10382,1.1082
2024-09-04,1:25pm,EUR,German Final Services PMI,Low,51.2,51.4,1.10445,1.10952,1.10382,1.1082
2024-09-04,1:30pm,EUR,Final Services PMI,Low,52.9,53.3,1.10445,1.10952,1.10382,1.1082
2024-09-04,2:30pm,EUR,PPI m/m,Low,0.8%,0.6%,1.10445,1.10952,1.10382,1.1082
2024-09-04,2:30pm,USD,Trade Balance,Low,-78.8B,-73.0B,1.10445,1.10952,1.10382,1.1082
2024-09-04,7:30pm,USD,JOLTS Job Openings,High,7.67M,7.91M,1.10445,1.10952,1.10382,1.1082
2024-09-04,7:30pm,USD,Factory Orders m/m,Low,5.0%,-3.3%,1.10445,1.10952,1.10382,1.1082
2024-09-04,All Day,USD,Wards Total Vehicle Sales,Low,15.1M,15.8M,1.10445,1.10952,1.10382,1.1082
2024-09-05,11:30am,EUR,German Factory Orders m/m,Low,2.9%,4.6%,1.10831,1.11197,1.10744,1.1108
2024-09-05,2:22pm,EUR,Spanish 10-y Bond Auction,Low,3.04|2.1,3.11|1.5,1.10831,1.11197,1.10744,1.1108
2024-09-05,2:22pm,EUR,Retail Sales m/m,Low,0.1%,-0.4%,1.10831,1.11197,1.10744,1.1108
2024-09-05,2:32pm,EUR,French 10-y Bond Auction,Low,2.95|2.2,3.01|2.2,1.10831,1.11197,1.10744,1.1108
2024-09-05,5:00pm,USD,Challenger Job Cuts y/y,Low,1.0%,9.2%,1.10831,1.11197,1.10744,1.1108
2024-09-05,5:45pm,USD,ADP Non-Farm Employment Change,High,99K,111K,1.10831,1.11197,1.10744,1.1108
2024-09-05,5:45pm,USD,Unemployment Claims,High,227K,232K,1.10831,1.11197,1.10744,1.1108
2024-09-05,5:45pm,USD,Revised Nonfarm Productivity q/q,Low,2.5%,2.3%,1.10831,1.11197,1.10744,1.1108
2024-09-05,5:45pm,USD,Revised Unit Labor Costs q/q,Low,0.4%,0.9%,1.10831,1.11197,1.10744,1.1108
2024-09-05,7:15pm,USD,Final Services PMI,Medium,55.7,55.2,1.10831,1.11197,1.10744,1.1108
2024-09-05,7:30pm,USD,ISM Services PMI,High,51.5,51.4,1.10831,1.11197,1.10744,1.1108
2024-09-05,8:00pm,USD,Natural Gas Storage,Low,13B,35B,1.10831,1.11197,1.10744,1.1108
2024-09-05,8:30pm,USD,Crude Oil Inventories,Medium,-6.9M,-0.8M,1.10831,1.11197,1.10744,1.1108
2024-09-06,11:30am,EUR,German Industrial Production m/m,Low,-2.4%,1.7%,1.11083,1.11556,1.10653,1.1083
2024-09-06,11:30am,EUR,German Trade Balance,Low,16.8B,20.4B,1.11083,1.11556,1.10653,1.1083
2024-09-06,12:15pm,EUR,French Industrial Production m/m,Low,-0.5%,0.8%,1.11083,1.11556,1.10653,1.1083
2024-09-06,12:15pm,EUR,French Trade Balance,Low,-5.9B,-6.0B,1.11083,1.11556,1.10653,1.1083
2024-09-06,1:30pm,EUR,Italian Retail Sales m/m,Low,0.5%,-0.2%,1.11083,1.11556,1.10653,1.1083
2024-09-06,2:30pm,EUR,Final Employment Change q/q,Low,0.2%,0.2%,1.11083,1.11556,1.10653,1.1083
2024-09-06,2:30pm,EUR,Revised GDP q/q,Low,0.2%,0.3%,1.11083,1.11556,1.10653,1.1083
2024-09-06,2:30pm,USD,Average Hourly Earnings m/m,High,0.4%,0.2%,1.11083,1.11556,1.10653,1.1083
2024-09-06,2:30pm,USD,Non-Farm Employment Change,High,142K,89K,1.11083,1.11556,1.10653,1.1083
2024-09-06,2:30pm,USD,Unemployment Rate,High,4.2%,4.3%,1.11083,1.11556,1.10653,1.1083
2024-09-09,2:00pm,EUR,Sentix Investor Confidence,Low,-15.4,-13.9,1.10826,1.10911,1.1033,1.10357
2024-09-09,7:30pm,USD,Final Wholesale Inventories m/m,Low,0.2%,0.3%,1.10826,1.10911,1.1033,1.10357
2024-09-10,12:30am,USD,Consumer Credit m/m,Low,25.5B,5.2B,1.10364,1.10498,1.10149,1.1019
2024-09-10,11:30am,EUR,German Final CPI m/m,Low,-0.1%,-0.1%,1.10364,1.10498,1.10149,1.1019
2024-09-10,1:30pm,EUR,Italian Industrial Production m/m,Low,-0.9%,0.5%,1.10364,1.10498,1.10149,1.1019
2024-09-10,3:29pm,USD,NFIB Small Business Index,Low,91.2,93.7,1.10364,1.10498,1.10149,1.1019
2024-09-11,3:03pm,EUR,German 10-y Bond Auction,Low,2.11|2.1,2.22|2.0,1.10192,1.1055,1.10017,1.10128
2024-09-11,6:00pm,USD,Core CPI m/m,High,0.3%,0.2%,1.10192,1.1055,1.10017,1.10128
2024-09-11,6:00pm,USD,CPI m/m,High,0.2%,0.2%,1.10192,1.1055,1.10017,1.10128
2024-09-11,6:00pm,USD,CPI y/y,High,2.5%,2.9%,1.10192,1.1055,1.10017,1.10128
2024-09-11,8:00pm,USD,Crude Oil Inventories,Medium,0.8M,-6.9M,1.10192,1.1055,1.10017,1.10128
2024-09-11,10:31pm,USD,10-y Bond Auction,Low,3.65|2.6,3.96|2.3,1.10192,1.1055,1.10017,1.10128
2024-09-12,11:30am,EUR,German WPI m/m,Low,-0.8%,0.3%,1.10124,1.10751,1.10052,1.10735
2024-09-12,1:35pm,EUR,Italian Quarterly Unemployment Rate,Low,6.8%,7.2%,1.10124,1.10751,1.10052,1.10735
2024-09-12,5:30pm,USD,Federal Budget Balance,Low,-380.1B,-243.7B,1.10124,1.10751,1.10052,1.10735
2024-09-12,5:45pm,EUR,Main Refinancing Rate,High,3.65%,4.25%,1.10124,1.10751,1.10052,1.10735
2024-09-12,5:45pm,USD,Core PPI m/m,High,0.3%,-0.2%,1.10124,1.10751,1.10052,1.10735
2024-09-12,5:45pm,USD,PPI m/m,High,0.2%,0.0%,1.10124,1.10751,1.10052,1.10735
2024-09-12,5:45pm,USD,Unemployment Claims,High,230K,228K,1.10124,1.10751,1.10052,1.10735
2024-09-12,8:00pm,USD,Natural Gas Storage,Low,40B,13B,1.10124,1.10751,1.10052,1.10735
2024-09-12,10:31pm,USD,30-y Bond Auction,Medium,4.02|2.4,4.31|2.3,1.10124,1.10751,1.10052,1.10735
2024-09-13,12:15pm,EUR,French Final CPI m/m,Low,0.5%,0.6%,1.10735,1.11019,1.107,1.10737
2024-09-13,2:30pm,EUR,Industrial Production m/m,Low,-0.3%,0.0%,1.10735,1.11019,1.107,1.10737
2024-09-13,2:30pm,USD,Import Prices m/m,Low,-0.3%,0.1%,1.10735,1.11019,1.107,1.10737
2024-09-13,7:30pm,USD,Prelim UoM Consumer Sentiment,Medium,69.0,67.9,1.10735,1.11019,1.107,1.10737
2024-09-13,7:30pm,USD,Prelim UoM Inflation Expectations,Medium,2.7%,2.8%,1.10735,1.11019,1.107,1.10737
2024-09-16,2:30pm,EUR,Italian Trade Balance,Low,6.74B,5.15B,1.10745,1.11376,1.10743,1.1131
2024-09-16,2:30pm,EUR,Trade Balance,Low,15.5B,17.0B,1.10745,1.11376,1.10743,1.1131
2024-09-16,2:30pm,USD,Empire State Manufacturing Index,Medium,11.5,-4.7,1.10745,1.11376,1.10743,1.1131
2024-09-17,2:30pm,EUR,German ZEW Economic Sentiment,Medium,3.6,19.2,1.11302,1.11461,1.11106,1.11127
2024-09-17,2:30pm,EUR,ZEW Economic Sentiment,Low,9.3,17.9,1.11302,1.11461,1.11106,1.11127
2024-09-17,2:32pm,USD,Core Retail Sales m/m,High,0.1%,0.4%,1.11302,1.11461,1.11106,1.11127
2024-09-17,2:32pm,USD,Retail Sales m/m,High,0.1%,1.1%,1.11302,1.11461,1.11106,1.11127
2024-09-17,6:45pm,USD,Capacity Utilization Rate,Low,78.0%,77.4%,1.11302,1.11461,1.11106,1.11127
2024-09-17,6:45pm,USD,Industrial Production m/m,Low,0.8%,-0.9%,1.11302,1.11461,1.11106,1.11127
2024-09-17,7:30pm,USD,Business Inventories m/m,Low,0.4%,0.3%,1.11302,1.11461,1.11106,1.11127
2024-09-17,7:30pm,USD,NAHB Housing Market Index,Low,41,39,1.11302,1.11461,1.11106,1.11127
2024-09-18,2:30pm,EUR,Final Core CPI y/y,Low,2.8%,2.8%,1.1113,1.11891,1.10965,1.11156
2024-09-18,2:30pm,EUR,Final CPI y/y,Low,2.2%,2.2%,1.1113,1.11891,1.10965,1.11156
2024-09-18,3:06pm,EUR,German 30-y Bond Auction,Low,2.44|2.7,2.45|2.8,1.1113,1.11891,1.10965,1.11156
2024-09-18,3:06pm,USD,Building Permits,Medium,1.48M,1.41M,1.1113,1.11891,1.10965,1.11156
2024-09-18,3:06pm,USD,Housing Starts,Low,1.36M,1.24M,1.1113,1.11891,1.10965,1.11156
2024-09-18,8:00pm,USD,Crude Oil Inventories,Medium,-1.6M,0.8M,1.1113,1.11891,1.10965,1.11156
2024-09-18,11:30pm,USD,Federal Funds Rate,High,5.00%,5.50%,1.1113,1.11891,1.10965,1.11156
2024-09-19,1:30am,USD,TIC Long-Term Purchases,Low,135.4B,80.5B,1.11156,1.1179,1.10681,1.11613
2024-09-19,1:30pm,EUR,Current Account,Low,39.6B,50.5B,1.11156,1.1179,1.10681,1.11613
2024-09-19,6:00pm,USD,Unemployment Claims,High,219K,231K,1.11156,1.1179,1.10681,1.11613
2024-09-19,6:00pm,USD,Philly Fed Manufacturing Index,Medium,1.7,-7.0,1.11156,1.1179,1.10681,1.11613
2024-09-19,6:00pm,USD,Current Account,Low,-267B,-241B,1.11156,1.1179,1.10681,1.11613
2024-09-19,7:30pm,USD,Existing Home Sales,Medium,3.86M,3.96M,1.11156,1.1179,1.10681,1.11613
2024-09-19,7:30pm,USD,CB Leading Index m/m,Low,-0.2%,-0.6%,1.11156,1.1179,1.10681,1.11613
2024-09-19,8:00pm,USD,Natural Gas Storage,Low,58B,40B,1.11156,1.1179,1.10681,1.11613
2024-09-20,11:30am,EUR,German PPI m/m,Low,0.2%,0.2%,1.11612,1.11819,1.11357,1.11617
2024-09-20,7:30pm,EUR,Consumer Confidence,Low,-13,-13,1.11612,1.11819,1.11357,1.11617
2024-09-23,12:45pm,EUR,French Flash Manufacturing PMI,High,44.0,43.9,1.11612,1.11672,1.10829,1.1111
2024-09-23,12:45pm,EUR,French Flash Services PMI,High,48.3,55.0,1.11612,1.11672,1.10829,1.1111
2024-09-23,1:00pm,EUR,German Flash Manufacturing PMI,High,40.3,42.4,1.11612,1.11672,1.10829,1.1111
2024-09-23,1:00pm,EUR,German Flash Services PMI,High,50.6,51.2,1.11612,1.11672,1.10829,1.1111
2024-09-23,1:30pm,EUR,Flash Manufacturing PMI,Medium,44.8,45.8,1.11612,1.11672,1.10829,1.1111
2024-09-23,1:30pm,EUR,Flash Services PMI,Medium,50.5,52.9,1.11612,1.11672,1.10829,1.1111
2024-09-23,7:15pm,USD,Flash Manufacturing PMI,High,47.0,47.9,1.11612,1.11672,1.10829,1.1111
2024-09-23,7:15pm,USD,Flash Services PMI,High,55.4,55.7,1.11612,1.11672,1.10829,1.1111
2024-09-24,1:30pm,EUR,German ifo Business Climate,Medium,85.4,86.6,1.11118,1.1181,1.11029,1.11783
2024-09-24,6:27pm,EUR,Belgian NBB Business Climate,Low,-13.3,-12.6,1.11118,1.1181,1.11029,1.11783
2024-09-24,6:30pm,USD,S&P/CS Composite-20 HPI y/y,Medium,5.9%,6.5%,1.11118,1.1181,1.11029,1.11783
2024-09-24,6:30pm,USD,HPI m/m,Low,0.1%,0.0%,1.11118,1.1181,1.11029,1.11783
2024-09-24,7:29pm,USD,Richmond Manufacturing Index,Medium,-21,-19,1.11118,1.1181,1.11029,1.11783
2024-09-24,7:30pm,USD,CB Consumer Confidence,High,98.7,105.6,1.11118,1.1181,1.11029,1.11783
2024-09-25,7:30pm,USD,New Home Sales,Medium,716K,751K,1.11786,1.1214,1.1121,1.1133
2024-09-25,8:00pm,USD,Crude Oil Inventories,Medium,-4.5M,-1.6M,1.11786,1.1214,1.1121,1.1133
2024-09-26,11:30am,EUR,German GfK Consumer Climate,Low,-21.2,-21.9,1.11325,1.11893,1.11255,1.11748
2024-09-26,11:30am,EUR,M3 Money Supply y/y,Low,2.9%,2.3%,1.11325,1.11893,1.11255,1.11748
2024-09-26,11:30am,EUR,Private Loans y/y,Low,0.6%,0.5%,1.11325,1.11893,1.11255,1.11748
2024-09-26,6:00pm,USD,Final GDP q/q,High,3.0%,3.0%,1.11325,1.11893,1.11255,1.11748
2024-09-26,6:00pm,USD,Unemployment Claims,High,218K,222K,1.11325,1.11893,1.11255,1.11748
2024-09-26,6:00pm,USD,Core Durable Goods Orders m/m,Medium,0.5%,-0.2%,1.11325,1.11893,1.11255,1.11748
2024-09-26,6:00pm,USD,Durable Goods Orders m/m,Medium,0.0%,9.8%,1.11325,1.11893,1.11255,1.11748
2024-09-26,6:00pm,USD,Final GDP Price Index q/q,Medium,2.5%,2.5%,1.11325,1.11893,1.11255,1.11748
2024-09-26,7:30pm,USD,Pending Home Sales m/m,Medium,0.6%,-5.5%,1.11325,1.11893,1.11255,1.11748
2024-09-26,7:30pm,USD,Natural Gas Storage,Low,47B,58B,1.11325,1.11893,1.11255,1.11748
2024-09-27,12:15pm,EUR,French Consumer Spending m/m,Low,0.2%,0.2%,1.11747,1.1203,1.11247,1.1161
2024-09-27,12:15pm,EUR,French Prelim CPI m/m,Low,-1.2%,0.5%,1.11747,1.1203,1.11247,1.1161
2024-09-27,12:30pm,EUR,Spanish Flash CPI y/y,Medium,1.5%,2.3%,1.11747,1.1203,1.11247,1.1161
2024-09-27,1:25pm,EUR,German Unemployment Change,Low,17K,4K,1.11747,1.1203,1.11247,1.1161
2024-09-27,2:40pm,EUR,Italian 10-y Bond Auction,Low,3.43|1.6,3.68|1.6,1.11747,1.1203,1.11247,1.1161
2024-09-27,3:30pm,USD,Core PCE Price Index m/m,High,0.1%,0.2%,1.11747,1.1203,1.11247,1.1161
2024-09-27,3:30pm,USD,Goods Trade Balance,Low,-94.3B,-102.8B,1.11747,1.1203,1.11247,1.1161
2024-09-27,3:30pm,USD,Personal Income m/m,Low,0.2%,0.3%,1.11747,1.1203,1.11247,1.1161
2024-09-27,3:30pm,USD,Personal Spending m/m,Low,0.2%,0.5%,1.11747,1.1203,1.11247,1.1161
2024-09-27,3:30pm,USD,Prelim Wholesale Inventories m/m,Low,0.2%,0.2%,1.11747,1.1203,1.11247,1.1161
2024-09-27,7:30pm,USD,Revised UoM Consumer Sentiment,Medium,70.1,69.0,1.11747,1.1203,1.11247,1.1161
2024-09-27,7:30pm,USD,Revised UoM Inflation Expectations,Low,2.7%,2.7%,1.11747,1.1203,1.11247,1.1161
2024-09-30,11:30am,EUR,German Import Prices m/m,Low,-0.4%,-0.4%,1.11583,1.12089,1.11132,1.11349
2024-09-30,All Day,EUR,German Prelim CPI m/m,High,0.0%,-0.1%,1.11583,1.12089,1.11132,1.11349
2024-09-30,2:30pm,EUR,Italian Prelim CPI m/m,Low,-0.2%,0.2%,1.11583,1.12089,1.11132,1.11349
2024-09-30,7:15pm,USD,Chicago PMI,Medium,46.6,46.1,1.11583,1.12089,1.11132,1.11349
2024-10-01,12:45pm,EUR,Spanish Manufacturing PMI,Low,53.0,50.5,1.1135,1.1144,1.10455,1.10676
2024-10-01,1:15pm,EUR,Italian Manufacturing PMI,Low,48.3,49.4,1.1135,1.1144,1.10455,1.10676
2024-10-01,1:20pm,EUR,French Final Manufacturing PMI,Low,44.6,44.0,1.1135,1.1144,1.10455,1.10676
2024-10-01,1:25pm,EUR,German Final Manufacturing PMI,Low,40.6,40.3,1.1135,1.1144,1.10455,1.10676
2024-10-01,1:30pm,EUR,Final Manufacturing PMI,Low,45.0,44.8,1.1135,1.1144,1.10455,1.10676
2024-10-01,2:30pm,EUR,Core CPI Flash Estimate y/y,High,2.7%,2.8%,1.1135,1.1144,1.10455,1.10676
2024-10-01,2:30pm,EUR,CPI Flash Estimate y/y,High,1.8%,2.2%,1.1135,1.1144,1.10455,1.10676
2024-10-01,7:15pm,USD,Final Manufacturing PMI,Medium,47.3,47.0,1.1135,1.1144,1.10455,1.10676
2024-10-01,7:15pm,USD,ISM Manufacturing PMI,High,47.2,47.2,1.1135,1.1144,1.10455,1.10676
2024-10-01,7:15pm,USD,JOLTS Job Openings,High,8.04M,7.71M,1.1135,1.1144,1.10455,1.10676
2024-10-01,7:15pm,USD,ISM Manufacturing Prices,Medium,48.3,54.0,1.1135,1.1144,1.10455,1.10676
2024-10-01,7:15pm,USD,Construction Spending m/m,Low,-0.1%,-0.5%,1.1135,1.1144,1.10455,1.10676
2024-10-01,All Day,USD,Wards Total Vehicle Sales,Low,15.8M,15.1M,1.1135,1.1144,1.10455,1.10676
2024-10-02,12:30pm,EUR,Spanish Unemployment Change,Low,3.2K,21.9K,1.10685,1.10828,1.10323,1.10474
2024-10-02,1:18pm,EUR,French Gov Budget Balance,Low,-171.9B,-156.9B,1.10685,1.10828,1.10323,1.10474
2024-10-02,1:30pm,EUR,Italian Monthly Unemployment Rate,Low,6.2%,6.4%,1.10685,1.10828,1.10323,1.10474
2024-10-02,2:30pm,EUR,Unemployment Rate,Low,6.4%,6.4%,1.10685,1.10828,1.10323,1.10474
2024-10-02,3:02pm,EUR,German 10-y Bond Auction,Low,2.08|2.0,2.11|2.1,1.10685,1.10828,1.10323,1.10474
2024-10-02,5:45pm,USD,ADP Non-Farm Employment Change,High,143K,103K,1.10685,1.10828,1.10323,1.10474
2024-10-02,8:00pm,USD,Crude Oil Inventories,Medium,3.9M,-4.5M,1.10685,1.10828,1.10323,1.10474
2024-10-03,12:45pm,EUR,Spanish Services PMI,Low,57.0,54.6,1.10478,1.1049,1.1008,1.10321
2024-10-03,1:15pm,EUR,Italian Services PMI,Low,50.5,51.4,1.10478,1.1049,1.1008,1.10321
2024-10-03,1:20pm,EUR,French Final Services PMI,Low,49.6,48.3,1.10478,1.1049,1.1008,1.10321
2024-10-03,1:25pm,EUR,German Final Services PMI,Low,50.6,50.6,1.10478,1.1049,1.1008,1.10321
2024-10-03,1:30pm,EUR,Final Services PMI,Low,51.4,50.5,1.10478,1.1049,1.1008,1.10321
2024-10-03,2:29pm,EUR,French 10-y Bond Auction,Low,2.92|2.1,2.95|2.2,1.10478,1.1049,1.1008,1.10321
2024-10-03,2:30pm,EUR,PPI m/m,Low,0.6%,0.7%,1.10478,1.1049,1.1008,1.10321
2024-10-03,5:00pm,USD,Challenger Job Cuts y/y,Low,53.4%,1.0%,1.10478,1.1049,1.1008,1.10321
2024-10-03,6:00pm,USD,Unemployment Claims,High,225K,219K,1.10478,1.1049,1.1008,1.10321
2024-10-03,7:15pm,USD,Final Services PMI,Medium,55.2,55.4,1.10478,1.1049,1.1008,1.10321
2024-10-03,7:30pm,USD,ISM Services PMI,High,54.9,51.5,1.10478,1.1049,1.1008,1.10321
2024-10-03,7:30pm,USD,Factory Orders m/m,Low,-0.2%,4.9%,1.10478,1.1049,1.1008,1.10321
2024-10-03,8:00pm,USD,Natural Gas Storage,Low,55B,47B,1.10478,1.1049,1.1008,1.10321
2024-10-04,12:15pm,EUR,French Industrial Production m/m,Low,1.4%,0.2%,1.10318,1.10396,1.0951,1.09739
2024-10-04,3:30pm,EUR,Italian Retail Sales m/m,Low,-0.5%,0.5%,1.10318,1.10396,1.0951,1.09739
2024-10-04,6:00pm,USD,Average Hourly Earnings m/m,High,0.4%,0.5%,1.10318,1.10396,1.0951,1.09739
2024-10-04,6:00pm,USD,Non-Farm Employment Change,High,254K,159K,1.10318,1.10396,1.0951,1.09739
2024-10-04,6:00pm,USD,Unemployment Rate,High,4.1%,4.2%,1.10318,1.10396,1.0951,1.09739
2024-10-07,11:30am,EUR,German Factory Orders m/m,Low,-5.8%,3.9%,1.09682,1.0987,1.0954,1.09733
2024-10-07,2:00pm,EUR,Sentix Investor Confidence,Low,-13.8,-15.4,1.09682,1.0987,1.0954,1.09733
2024-10-07,2:30pm,EUR,Retail Sales m/m,Low,0.2%,0.0%,1.09682,1.0987,1.0954,1.09733
2024-10-08,12:30am,USD,Consumer Credit m/m,Low,8.9B,26.6B,1.09735,1.09971,1.09606,1.09778
2024-10-08,11:30am,EUR,German Industrial Production m/m,Low,2.9%,-2.9%,1.09735,1.09971,1.09606,1.09778
2024-10-08,12:15pm,EUR,French Trade Balance,Low,-7.4B,-6.0B,1.09735,1.09971,1.09606,1.09778
2024-10-08,3:30pm,USD,NFIB Small Business Index,Low,91.5,91.2,1.09735,1.09971,1.09606,1.09778
2024-10-08,6:00pm,USD,Trade Balance,Low,-70.4B,-78.9B,1.09735,1.09971,1.09606,1.09778
2024-10-08,7:30pm,USD,RCM/TIPP Economic Optimism,Low,46.9,46.1,1.09735,1.09971,1.09606,1.09778
2024-10-09,11:30am,EUR,German Trade Balance,Low,22.5B,16.9B,1.09785,1.0981,1.09359,1.09403
2024-10-09,7:30pm,USD,Final Wholesale Inventories m/m,Low,0.1%,0.2%,1.09785,1.0981,1.09359,1.09403
2024-10-09,8:00pm,USD,Crude Oil Inventories,Medium,5.8M,3.9M,1.09785,1.0981,1.09359,1.09403
2024-10-09,10:31pm,USD,10-y Bond Auction,Low,4.07|2.5,3.65|2.6,1.09785,1.0981,1.09359,1.09403
2024-10-10,May Data,EUR,German Retail Sales m/m,Low,-1.4%,-1.2%,1.09405,1.09548,1.08998,1.09349
2024-10-10,June Data,EUR,German Retail Sales m/m,Low,-1.1%,-1.4%,1.09405,1.09548,1.08998,1.09349
2024-10-10,July Data,EUR,German Retail Sales m/m,Low,1.5%,-1.1%,1.09405,1.09548,1.08998,1.09349
2024-10-10,11:30am,EUR,German Retail Sales m/m,Low,1.6%,1.5%,1.09405,1.09548,1.08998,1.09349
2024-10-10,1:30pm,EUR,Italian Industrial Production m/m,Low,0.1%,-1.0%,1.09405,1.09548,1.08998,1.09349
2024-10-10,6:00pm,USD,Core CPI m/m,High,0.3%,0.3%,1.09405,1.09548,1.08998,1.09349
2024-10-10,6:00pm,USD,CPI m/m,High,0.2%,0.2%,1.09405,1.09548,1.08998,1.09349
2024-10-10,6:00pm,USD,CPI y/y,High,2.4%,2.5%,1.09405,1.09548,1.08998,1.09349
2024-10-10,6:00pm,USD,Unemployment Claims,High,258K,225K,1.09405,1.09548,1.08998,1.09349
2024-10-10,6:00pm,USD,Natural Gas Storage,Low,82B,55B,1.09405,1.09548,1.08998,1.09349
2024-10-10,10:31pm,USD,30-y Bond Auction,Low,4.39|2.5,4.02|2.4,1.09405,1.09548,1.08998,1.09349
2024-10-11,11:30am,EUR,German Final CPI m/m,Low,0.0%,0.0%,1.0935,1.09537,1.09257,1.09353
2024-10-11,11:30am,USD,Core PPI m/m,High,0.2%,0.3%,1.0935,1.09537,1.09257,1.09353
2024-10-11,11:30am,USD,PPI m/m,High,0.0%,0.2%,1.0935,1.09537,1.09257,1.09353
2024-10-11,7:30pm,USD,Prelim UoM Consumer Sentiment,Medium,68.9,70.1,1.0935,1.09537,1.09257,1.09353
2024-10-11,7:30pm,USD,Prelim UoM Inflation Expectations,Medium,2.9%,2.7%,1.0935,1.09537,1.09257,1.09353
2024-10-15,11:30am,EUR,German WPI m/m,Low,-0.3%,-0.8%,1.09077,1.09167,1.08816,1.08919
2024-10-15,12:15pm,EUR,French Final CPI m/m,Low,-1.2%,-1.2%,1.09077,1.09167,1.08816,1.08919
2024-10-15,2:30pm,EUR,German ZEW Economic Sentiment,Medium,13.1,3.6,1.09077,1.09167,1.08816,1.08919
2024-10-15,2:30pm,EUR,Industrial Production m/m,Low,1.8%,-0.5%,1.09077,1.09167,1.08816,1.08919
2024-10-15,2:30pm,EUR,ZEW Economic Sentiment,Low,20.1,9.3,1.09077,1.09167,1.08816,1.08919
2024-10-15,2:30pm,USD,Empire State Manufacturing Index,Medium,-11.9,11.5,1.09077,1.09167,1.08816,1.08919
2024-10-16,3:04pm,EUR,German 30-y Bond Auction,Low,2.49|3.6,2.44|2.7,1.08918,1.09014,1.0853,1.08628
2024-10-16,3:04pm,USD,Import Prices m/m,Low,-0.4%,-0.2%,1.08918,1.09014,1.0853,1.08628
2024-10-17,2:17pm,EUR,Spanish 10-y Bond Auction,Low,2.92|1.7,3.04|2.1,1.08627,1.08737,1.08106,1.08318
2024-10-17,2:30pm,EUR,Final Core CPI y/y,Low,2.7%,2.7%,1.08627,1.08737,1.08106,1.08318
2024-10-17,2:30pm,EUR,Final CPI y/y,Low,1.7%,1.8%,1.08627,1.08737,1.08106,1.08318
2024-10-17,2:30pm,EUR,Trade Balance,Low,11.0B,13.7B,1.08627,1.08737,1.08106,1.08318
2024-10-17,2:30pm,EUR,Italian Trade Balance,Low,1.43B,6.82B,1.08627,1.08737,1.08106,1.08318
2024-10-17,5:45pm,EUR,Main Refinancing Rate,High,3.40%,3.65%,1.08627,1.08737,1.08106,1.08318
2024-10-17,5:45pm,USD,Core Retail Sales m/m,High,0.5%,0.2%,1.08627,1.08737,1.08106,1.08318
2024-10-17,5:45pm,USD,Retail Sales m/m,High,0.4%,0.1%,1.08627,1.08737,1.08106,1.08318
2024-10-17,5:45pm,USD,Unemployment Claims,High,241K,260K,1.08627,1.08737,1.08106,1.08318
2024-10-17,5:45pm,USD,Philly Fed Manufacturing Index,Medium,10.3,1.7,1.08627,1.08737,1.08106,1.08318
2024-10-17,6:45pm,USD,Capacity Utilization Rate,Low,77.5%,77.8%,1.08627,1.08737,1.08106,1.08318
2024-10-17,6:45pm,USD,Industrial Production m/m,Low,-0.3%,0.3%,1.08627,1.08737,1.08106,1.08318
2024-10-17,7:30pm,USD,Business Inventories m/m,Low,0.3%,0.3%,1.08627,1.08737,1.08106,1.08318
2024-10-17,7:30pm,USD,NAHB Housing Market Index,Low,43,41,1.08627,1.08737,1.08106,1.08318
2024-10-17,8:00pm,USD,Natural Gas Storage,Low,76B,82B,1.08627,1.08737,1.08106,1.08318
2024-10-17,8:30pm,USD,Crude Oil Inventories,Medium,-2.2M,5.8M,1.08627,1.08737,1.08106,1.08318
2024-10-18,1:30am,USD,TIC Long-Term Purchases,Low,111.4B,137.9B,1.08316,1.08694,1.0825,1.0865
2024-10-18,1:30pm,EUR,Current Account,Low,31.5B,40.8B,1.08316,1.08694,1.0825,1.0865
2024-10-18,6:00pm,USD,Building Permits,Medium,1.43M,1.47M,1.08316,1.08694,1.0825,1.0865
2024-10-18,6:00pm,USD,Housing Starts,Low,1.35M,1.36M,1.08316,1.08694,1.0825,1.0865
2024-10-19,1:30am,USD,Federal Budget Balance,Low,64.3B,-380.1B,,,,
2024-10-21,11:30am,EUR,German PPI m/m,Low,-0.5%,0.2%,1.0866,1.0872,1.08108,1.08147
2024-10-21,7:30pm,USD,CB Leading Index m/m,Low,-0.5%,-0.3%,1.0866,1.0872,1.08108,1.08147
2024-10-22,7:29pm,USD,Richmond Manufacturing Index,Medium,-14,-21,1.08149,1.08381,1.07922,1.07982
2024-10-23,3:07pm,EUR,German 10-y Bond Auction,Low,2.31|2.3,2.08|2.0,1.0798,1.08067,1.07609,1.0783
2024-10-23,3:07pm,EUR,Consumer Confidence,Low,-13,-13,1.0798,1.08067,1.07609,1.0783
2024-10-23,3:07pm,USD,Existing Home Sales,Medium,3.84M,3.88M,1.0798,1.08067,1.07609,1.0783
2024-10-23,3:07pm,USD,Crude Oil Inventories,Medium,5.5M,-2.2M,1.0798,1.08067,1.07609,1.0783
2024-10-24,12:45pm,EUR,French Flash Manufacturing PMI,High,44.5,44.6,1.07824,1.083,1.07702,1.08278
2024-10-24,12:45pm,EUR,French Flash Services PMI,High,48.3,49.6,1.07824,1.083,1.07702,1.08278
2024-10-24,1:00pm,EUR,German Flash Manufacturing PMI,High,42.6,40.6,1.07824,1.083,1.07702,1.08278
2024-10-24,1:00pm,EUR,German Flash Services PMI,High,51.4,50.6,1.07824,1.083,1.07702,1.08278
2024-10-24,1:30pm,EUR,Flash Manufacturing PMI,Medium,45.9,45.0,1.07824,1.083,1.07702,1.08278
2024-10-24,1:30pm,EUR,Flash Services PMI,Medium,51.2,51.4,1.07824,1.083,1.07702,1.08278
2024-10-24,6:00pm,USD,Unemployment Claims,High,227K,242K,1.07824,1.083,1.07702,1.08278
2024-10-24,7:15pm,USD,Flash Manufacturing PMI,High,47.8,47.3,1.07824,1.083,1.07702,1.08278
2024-10-24,7:15pm,USD,Flash Services PMI,High,55.3,55.2,1.07824,1.083,1.07702,1.08278
2024-10-24,7:30pm,USD,New Home Sales,Medium,738K,709K,1.07824,1.083,1.07702,1.08278
2024-10-24,8:00pm,USD,Natural Gas Storage,Low,80B,76B,1.07824,1.083,1.07702,1.08278
2024-10-25,12:30pm,EUR,Spanish Unemployment Rate,Low,11.2%,11.3%,1.0828,1.08393,1.07927,1.0793
2024-10-25,1:30pm,EUR,German ifo Business Climate,Medium,86.5,85.4,1.0828,1.08393,1.07927,1.0793
2024-10-25,1:30pm,EUR,M3 Money Supply y/y,Low,3.2%,2.9%,1.0828,1.08393,1.07927,1.0793
2024-10-25,1:30pm,EUR,Private Loans y/y,Low,0.7%,0.6%,1.0828,1.08393,1.07927,1.0793
2024-10-25,1:30pm,USD,Core Durable Goods Orders m/m,Medium,0.4%,0.6%,1.0828,1.08393,1.07927,1.0793
2024-10-25,1:30pm,USD,Durable Goods Orders m/m,Medium,-0.8%,-0.8%,1.0828,1.08393,1.07927,1.0793
2024-10-25,6:25pm,EUR,Belgian NBB Business Climate,Low,-12.8,-13.3,1.0828,1.08393,1.07927,1.0793
2024-10-25,7:30pm,USD,Revised UoM Consumer Sentiment,Medium,70.5,68.9,1.0828,1.08393,1.07927,1.0793
2024-10-25,7:30pm,USD,Revised UoM Inflation Expectations,Low,2.7%,2.9%,1.0828,1.08393,1.07927,1.0793
2024-10-29,12:30pm,EUR,German GfK Consumer Climate,Low,-18.3,-21.0,1.08134,1.08263,1.07687,1.0814
2024-10-29,6:00pm,USD,Goods Trade Balance,Low,-108.2B,-94.2B,1.08134,1.08263,1.07687,1.0814
2024-10-29,6:00pm,USD,Prelim Wholesale Inventories m/m,Low,-0.1%,0.1%,1.08134,1.08263,1.07687,1.0814
2024-10-29,6:30pm,USD,S&P/CS Composite-20 HPI y/y,Medium,5.2%,5.9%,1.08134,1.08263,1.07687,1.0814
2024-10-29,6:30pm,USD,HPI m/m,Low,0.3%,0.2%,1.08134,1.08263,1.07687,1.0814
2024-10-29,7:30pm,USD,CB Consumer Confidence,High,108.7,99.2,1.08134,1.08263,1.07687,1.0814
2024-10-29,7:30pm,USD,JOLTS Job Openings,High,7.44M,7.86M,1.08134,1.08263,1.07687,1.0814
2024-10-30,All Day,EUR,German Prelim CPI m/m,High,0.4%,0.0%,1.08147,1.08713,1.08076,1.08569
2024-10-30,12:00pm,EUR,French Consumer Spending m/m,Low,0.1%,0.4%,1.08147,1.08713,1.08076,1.08569
2024-10-30,12:00pm,EUR,French Flash GDP q/q,Low,0.4%,0.2%,1.08147,1.08713,1.08076,1.08569
2024-10-30,12:00pm,EUR,Spanish Flash CPI y/y,Medium,1.8%,1.5%,1.08147,1.08713,1.08076,1.08569
2024-10-30,12:00pm,EUR,Spanish Flash GDP q/q,Low,0.8%,0.8%,1.08147,1.08713,1.08076,1.08569
2024-10-30,2:25pm,EUR,German Unemployment Change,Low,27K,19K,1.08147,1.08713,1.08076,1.08569
2024-10-30,2:25pm,EUR,Italian Prelim GDP q/q,Low,0.0%,0.2%,1.08147,1.08713,1.08076,1.08569
2024-10-30,2:25pm,EUR,German Prelim GDP q/q,Low,0.2%,-0.3%,1.08147,1.08713,1.08076,1.08569
2024-10-30,3:30pm,EUR,Prelim Flash GDP q/q,Low,0.4%,0.2%,1.08147,1.08713,1.08076,1.08569
2024-10-30,3:52pm,EUR,Italian 10-y Bond Auction,Low,3.57|1.6,3.43|1.6,1.08147,1.08713,1.08076,1.08569
2024-10-30,5:45pm,USD,ADP Non-Farm Employment Change,High,233K,159K,1.08147,1.08713,1.08076,1.08569
2024-10-30,6:00pm,USD,Advance GDP q/q,High,2.8%,3.0%,1.08147,1.08713,1.08076,1.08569
2024-10-30,6:00pm,USD,Advance GDP Price Index q/q,Medium,1.8%,2.5%,1.08147,1.08713,1.08076,1.08569
2024-10-30,7:30pm,USD,Pending Home Sales m/m,Medium,7.4%,0.6%,1.08147,1.08713,1.08076,1.08569
2024-10-30,8:00pm,USD,Crude Oil Inventories,Medium,-0.5M,5.5M,1.08147,1.08713,1.08076,1.08569
2024-10-31,12:30pm,EUR,German Import Prices m/m,Low,-0.4%,-0.4%,1.08571,1.08881,1.08438,1.0882
2024-10-31,12:30pm,EUR,German Retail Sales m/m,Low,1.2%,1.6%,1.08571,1.08881,1.08438,1.0882
2024-10-31,1:15pm,EUR,French Prelim CPI m/m,Low,0.2%,-1.2%,1.08571,1.08881,1.08438,1.0882
2024-10-31,1:15pm,EUR,Italian Monthly Unemployment Rate,Low,6.1%,6.1%,1.08571,1.08881,1.08438,1.0882
2024-10-31,3:30pm,EUR,Core CPI Flash Estimate y/y,Medium,2.7%,2.7%,1.08571,1.08881,1.08438,1.0882
2024-10-31,3:30pm,EUR,CPI Flash Estimate y/y,Medium,2.0%,1.7%,1.08571,1.08881,1.08438,1.0882
2024-10-31,3:30pm,EUR,Italian Prelim CPI m/m,Low,0.0%,-0.2%,1.08571,1.08881,1.08438,1.0882
2024-10-31,3:30pm,EUR,Unemployment Rate,Low,6.3%,6.3%,1.08571,1.08881,1.08438,1.0882
2024-10-31,5:00pm,USD,Challenger Job Cuts y/y,Low,50.9%,53.4%,1.08571,1.08881,1.08438,1.0882
2024-10-31,5:00pm,USD,Core PCE Price Index m/m,High,0.3%,0.2%,1.08571,1.08881,1.08438,1.0882
2024-10-31,5:00pm,USD,Employment Cost Index q/q,High,0.8%,0.9%,1.08571,1.08881,1.08438,1.0882
2024-10-31,5:00pm,USD,Unemployment Claims,High,216K,228K,1.08571,1.08881,1.08438,1.0882
2024-10-31,5:00pm,USD,Personal Income m/m,Low,0.3%,0.2%,1.08571,1.08881,1.08438,1.0882
2024-10-31,5:00pm,USD,Personal Spending m/m,Low,0.5%,0.3%,1.08571,1.08881,1.08438,1.0882
2024-10-31,7:15pm,USD,Chicago PMI,Medium,41.6,46.6,1.08571,1.08881,1.08438,1.0882
2024-10-31,8:00pm,USD,Natural Gas Storage,Low,78B,80B,1.08571,1.08881,1.08438,1.0882
2024-11-01,6:00pm,USD,Average Hourly Earnings m/m,High,0.4%,0.3%,1.08821,1.09057,1.08315,1.0834
2024-11-01,6:00pm,USD,Non-Farm Employment Change,High,12K,223K,1.08821,1.09057,1.08315,1.0834
2024-11-01,6:00pm,USD,Unemployment Rate,High,4.1%,4.1%,1.08821,1.09057,1.08315,1.0834
2024-11-01,7:15pm,USD,Final Manufacturing PMI,Low,48.5,47.8,1.08821,1.09057,1.08315,1.0834
2024-11-01,7:30pm,USD,ISM Manufacturing PMI,High,46.5,47.2,1.08821,1.09057,1.08315,1.0834
2024-11-01,7:30pm,USD,ISM Manufacturing Prices,Medium,54.8,48.3,1.08821,1.09057,1.08315,1.0834
2024-11-01,7:30pm,USD,Construction Spending m/m,Low,0.1%,0.1%,1.08821,1.09057,1.08315,1.0834
2024-11-01,All Day,USD,Wards Total Vehicle Sales,Low,16.0M,15.8M,1.08821,1.09057,1.08315,1.0834
2024-11-04,1:45pm,EUR,Spanish Manufacturing PMI,Low,54.5,53.0,1.0879,1.09147,1.08695,1.08767
2024-11-04,2:15pm,EUR,Italian Manufacturing PMI,Low,46.9,48.3,1.0879,1.09147,1.08695,1.08767
2024-11-04,2:20pm,EUR,French Final Manufacturing PMI,Low,44.5,44.5,1.0879,1.09147,1.08695,1.08767
2024-11-04,2:25pm,EUR,German Final Manufacturing PMI,Low,43.0,42.6,1.0879,1.09147,1.08695,1.08767
2024-11-04,2:30pm,EUR,Final Manufacturing PMI,Low,46.0,45.9,1.0879,1.09147,1.08695,1.08767
2024-11-04,3:00pm,EUR,Sentix Investor Confidence,Low,-12.8,-13.8,1.0879,1.09147,1.08695,1.08767
2024-11-04,8:30pm,USD,Factory Orders m/m,Low,-0.5%,-0.8%,1.0879,1.09147,1.08695,1.08767
2024-11-05,1:15pm,EUR,French Gov Budget Balance,Low,-173.8B,-171.9B,1.08757,1.09365,1.08721,1.09288
2024-11-05,1:15pm,EUR,French Industrial Production m/m,Low,-0.9%,1.1%,1.08757,1.09365,1.08721,1.09288
2024-11-05,1:30pm,EUR,Spanish Unemployment Change,Low,26.8K,3.2K,1.08757,1.09365,1.08721,1.09288
2024-11-05,3:33pm,USD,Trade Balance,Low,-84.4B,-70.8B,1.08757,1.09365,1.08721,1.09288
2024-11-05,8:15pm,USD,Final Services PMI,Medium,55.0,55.3,1.08757,1.09365,1.08721,1.09288
2024-11-05,8:30pm,USD,ISM Services PMI,High,56.0,54.9,1.08757,1.09365,1.08721,1.09288
2024-11-05,11:31pm,USD,10-y Bond Auction,Low,4.35|2.6,4.07|2.5,1.08757,1.09365,1.08721,1.09288
2024-11-06,12:30pm,EUR,German Factory Orders m/m,Low,4.2%,-5.4%,1.09265,1.09369,1.06822,1.07269
2024-11-06,1:45pm,EUR,Spanish Services PMI,Low,54.9,57.0,1.09265,1.09369,1.06822,1.07269
2024-11-06,2:15pm,EUR,Italian Services PMI,Low,52.4,50.5,1.09265,1.09369,1.06822,1.07269
2024-11-06,2:20pm,EUR,French Final Services PMI,Low,49.2,48.3,1.09265,1.09369,1.06822,1.07269
2024-11-06,2:25pm,EUR,German Final Services PMI,Low,51.6,51.4,1.09265,1.09369,1.06822,1.07269
2024-11-06,2:30pm,EUR,Final Services PMI,Low,51.6,51.2,1.09265,1.09369,1.06822,1.07269
2024-11-06,3:30pm,EUR,PPI m/m,Low,-0.6%,0.6%,1.09265,1.09369,1.06822,1.07269
2024-11-06,9:00pm,USD,Crude Oil Inventories,Medium,2.1M,-0.5M,1.09265,1.09369,1.06822,1.07269
2024-11-06,11:31pm,USD,30-y Bond Auction,Low,4.61|2.6,4.39|2.5,1.09265,1.09369,1.06822,1.07269
2024-11-07,12:30pm,EUR,German Industrial Production m/m,Low,-2.5%,2.6%,1.07262,1.08247,1.07125,1.08038
2024-11-07,12:30pm,EUR,German Trade Balance,Low,17.0B,21.4B,1.07262,1.08247,1.07125,1.08038
2024-11-07,1:15pm,EUR,French Prelim Private Payrolls q/q,Low,-0.1%,-0.1%,1.07262,1.08247,1.07125,1.08038
2024-11-07,3:28pm,EUR,French 10-y Bond Auction,Low,3.24|2.0,2.92|2.1,1.07262,1.08247,1.07125,1.08038
2024-11-07,3:30pm,EUR,Retail Sales m/m,Low,0.5%,0.2%,1.07262,1.08247,1.07125,1.08038
2024-11-07,7:00pm,USD,Unemployment Claims,High,221K,218K,1.07262,1.08247,1.07125,1.08038
2024-11-07,7:00pm,USD,Prelim Nonfarm Productivity q/q,Low,2.2%,2.5%,1.07262,1.08247,1.07125,1.08038
2024-11-07,7:00pm,USD,Prelim Unit Labor Costs q/q,Low,1.9%,0.4%,1.07262,1.08247,1.07125,1.08038
2024-11-07,8:30pm,USD,Final Wholesale Inventories m/m,Low,-0.2%,-0.1%,1.07262,1.08247,1.07125,1.08038
2024-11-07,8:30pm,USD,Mortgage Delinquencies,Low,3.92%,3.97%,1.07262,1.08247,1.07125,1.08038
2024-11-07,9:00pm,USD,Natural Gas Storage,Low,69B,78B,1.07262,1.08247,1.07125,1.08038
2024-11-08,12:30am,USD,Federal Funds Rate,High,4.75%,5.00%,1.08021,1.0805,1.06865,1.07182
2024-11-08,1:30am,USD,Consumer Credit m/m,Low,6.0B,7.6B,1.08021,1.0805,1.06865,1.07182
2024-11-08,1:15pm,EUR,French Trade Balance,Low,-8.3B,-7.7B,1.08021,1.0805,1.06865,1.07182
2024-11-08,2:30pm,EUR,Italian Industrial Production m/m,Low,-0.4%,0.0%,1.08021,1.0805,1.06865,1.07182
2024-11-08,4:30pm,EUR,Italian Retail Sales m/m,Low,1.2%,-0.3%,1.08021,1.0805,1.06865,1.07182
2024-11-08,8:30pm,USD,Prelim UoM Consumer Sentiment,Medium,73.0,70.5,1.08021,1.0805,1.06865,1.07182
2024-11-08,8:30pm,USD,Prelim UoM Inflation Expectations,Medium,2.6%,2.7%,1.08021,1.0805,1.06865,1.07182
2024-11-12,12:30pm,EUR,German Final CPI m/m,Low,0.4%,0.4%,1.06534,1.06631,1.05946,1.06216
2024-11-12,3:30pm,EUR,German ZEW Economic Sentiment,Medium,7.4,13.1,1.06534,1.06631,1.05946,1.06216
2024-11-12,3:30pm,EUR,ZEW Economic Sentiment,Low,12.5,20.1,1.06534,1.06631,1.05946,1.06216
2024-11-12,4:25pm,USD,NFIB Small Business Index,Low,93.7,91.5,1.06534,1.06631,1.05946,1.06216
2024-11-12,8:15pm,USD,Cleveland Fed Inflation Expectations,Low,3.8%,3.4%,1.06534,1.06631,1.05946,1.06216
2024-11-12,8:36pm,USD,RCM/TIPP Economic Optimism,Low,53.2,46.9,1.06534,1.06631,1.05946,1.06216
2024-11-13,4:05pm,EUR,German 10-y Bond Auction,Low,2.38|2.3,2.31|2.3,1.06202,1.0654,1.05555,1.05622
2024-11-13,7:00pm,USD,Core CPI m/m,High,0.3%,0.3%,1.06202,1.0654,1.05555,1.05622
2024-11-13,7:00pm,USD,CPI m/m,High,0.2%,0.2%,1.06202,1.0654,1.05555,1.05622
2024-11-13,7:00pm,USD,CPI y/y,High,2.6%,2.4%,1.06202,1.0654,1.05555,1.05622
2024-11-14,12:30am,USD,Federal Budget Balance,Low,-257.5B,64.3B,1.05627,1.05825,1.04958,1.0529
2024-11-14,3:30pm,EUR,Flash Employment Change q/q,Low,0.2%,0.2%,1.05627,1.05825,1.04958,1.0529
2024-11-14,3:30pm,EUR,Flash GDP q/q,Low,0.4%,0.4%,1.05627,1.05825,1.04958,1.0529
2024-11-14,3:30pm,EUR,Industrial Production m/m,Low,-2.0%,1.5%,1.05627,1.05825,1.04958,1.0529
2024-11-14,7:00pm,USD,Core PPI m/m,High,0.3%,0.2%,1.05627,1.05825,1.04958,1.0529
2024-11-14,7:00pm,USD,PPI m/m,High,0.2%,0.1%,1.05627,1.05825,1.04958,1.0529
2024-11-14,7:00pm,USD,Unemployment Claims,High,217K,221K,1.05627,1.05825,1.04958,1.0529
2024-11-14,9:00pm,USD,Natural Gas Storage,Low,42B,69B,1.05627,1.05825,1.04958,1.0529
2024-11-14,9:30pm,USD,Crude Oil Inventories,Medium,2.1M,2.1M,1.05627,1.05825,1.04958,1.0529
2024-11-15,12:30pm,EUR,German WPI m/m,Low,0.4%,-0.3%,1.0529,1.0593,1.05159,1.05394
2024-11-15,1:15pm,EUR,French Final CPI m/m,Low,0.3%,0.2%,1.0529,1.0593,1.05159,1.05394
2024-11-15,3:28pm,EUR,Italian Trade Balance,Low,2.58B,1.34B,1.0529,1.0593,1.05159,1.05394
2024-11-15,6:50pm,USD,Core Retail Sales m/m,High,0.1%,1.0%,1.0529,1.0593,1.05159,1.05394
2024-11-15,6:50pm,USD,Retail Sales m/m,High,0.4%,0.8%,1.0529,1.0593,1.05159,1.05394
2024-11-15,6:50pm,USD,Empire State Manufacturing Index,Medium,31.2,-11.9,1.0529,1.0593,1.05159,1.05394
2024-11-15,6:50pm,USD,Import Prices m/m,Low,0.3%,-0.4%,1.0529,1.0593,1.05159,1.05394
2024-11-15,7:45pm,USD,Capacity Utilization Rate,Low,77.1%,77.4%,1.0529,1.0593,1.05159,1.05394
2024-11-15,7:45pm,USD,Industrial Production m/m,Low,-0.3%,-0.5%,1.0529,1.0593,1.05159,1.05394
2024-11-15,8:30pm,USD,Business Inventories m/m,Low,0.1%,0.3%,1.0529,1.0593,1.05159,1.05394
2024-11-18,3:30pm,EUR,Trade Balance,Low,13.6B,10.8B,1.05294,1.06072,1.0528,1.05979
2024-11-18,3:30pm,USD,NAHB Housing Market Index,Low,46,43,1.05294,1.06072,1.0528,1.05979
2024-11-19,2:30am,USD,TIC Long-Term Purchases,Low,216.1B,108.8B,1.05979,1.0601,1.05229,1.05937
2024-11-19,2:30pm,EUR,Current Account,Low,37.0B,35.4B,1.05979,1.0601,1.05229,1.05937
2024-11-19,3:30pm,EUR,Final Core CPI y/y,Low,2.7%,2.7%,1.05979,1.0601,1.05229,1.05937
2024-11-19,3:30pm,EUR,Final CPI y/y,Low,2.0%,2.0%,1.05979,1.0601,1.05229,1.05937
2024-11-19,3:30pm,USD,Building Permits,Medium,1.42M,1.43M,1.05979,1.0601,1.05229,1.05937
2024-11-19,3:30pm,USD,Housing Starts,Low,1.31M,1.35M,1.05979,1.0601,1.05229,1.05937
2024-11-20,12:30pm,EUR,German PPI m/m,Low,0.2%,-0.5%,1.05931,1.061,1.05065,1.05432
2024-11-20,4:02pm,EUR,German 30-y Bond Auction,Low,2.55|3.6,2.49|3.6,1.05931,1.061,1.05065,1.05432
2024-11-20,9:00pm,USD,Crude Oil Inventories,Medium,0.5M,2.1M,1.05931,1.061,1.05065,1.05432
2024-11-21,4:30pm,USD,Unemployment Claims,High,213K,219K,1.05427,1.0555,1.04618,1.04738
2024-11-21,4:30pm,USD,Philly Fed Manufacturing Index,Medium,-5.5,10.3,1.05427,1.0555,1.04618,1.04738
2024-11-21,8:30pm,EUR,Consumer Confidence,Low,-14,-13,1.05427,1.0555,1.04618,1.04738
2024-11-21,8:30pm,USD,Existing Home Sales,Medium,3.96M,3.83M,1.05427,1.0555,1.04618,1.04738
2024-11-21,8:30pm,USD,CB Leading Index m/m,Low,-0.4%,-0.3%,1.05427,1.0555,1.04618,1.04738
2024-11-21,9:00pm,USD,Natural Gas Storage,Low,-3B,42B,1.05427,1.0555,1.04618,1.04738
2024-11-22,12:30pm,EUR,German Final GDP q/q,Low,0.1%,0.2%,1.04734,1.04981,1.03325,1.04193
2024-11-22,1:45pm,EUR,French Flash Manufacturing PMI,High,43.2,44.5,1.04734,1.04981,1.03325,1.04193
2024-11-22,1:45pm,EUR,French Flash Services PMI,High,45.7,49.2,1.04734,1.04981,1.03325,1.04193
2024-11-22,2:00pm,EUR,German Flash Manufacturing PMI,High,43.2,43.0,1.04734,1.04981,1.03325,1.04193
2024-11-22,2:00pm,EUR,German Flash Services PMI,High,49.4,51.6,1.04734,1.04981,1.03325,1.04193
2024-11-22,2:30pm,EUR,Flash Manufacturing PMI,Medium,45.2,46.0,1.04734,1.04981,1.03325,1.04193
2024-11-22,2:30pm,EUR,Flash Services PMI,Medium,49.2,51.6,1.04734,1.04981,1.03325,1.04193
2024-11-22,8:15pm,USD,Flash Manufacturing PMI,High,48.8,48.5,1.04734,1.04981,1.03325,1.04193
2024-11-22,8:15pm,USD,Flash Services PMI,High,57.0,55.0,1.04734,1.04981,1.03325,1.04193
2024-11-22,8:30pm,USD,Revised UoM Consumer Sentiment,Medium,71.8,73.0,1.04734,1.04981,1.03325,1.04193
2024-11-22,8:30pm,USD,Revised UoM Inflation Expectations,Low,2.6%,2.6%,1.04734,1.04981,1.03325,1.04193
2024-11-25,2:30pm,EUR,German ifo Business Climate,Medium,85.7,86.5,1.04829,1.05303,1.04486,1.04942
2024-11-25,7:26pm,EUR,Belgian NBB Business Climate,Low,-11.1,-12.8,1.04829,1.05303,1.04486,1.04942
2024-11-26,7:30pm,USD,S&P/CS Composite-20 HPI y/y,Medium,4.6%,5.2%,1.04929,1.05448,1.04246,1.04879
2024-11-26,7:30pm,USD,HPI m/m,Low,0.7%,0.4%,1.04929,1.05448,1.04246,1.04879
2024-11-26,8:29pm,USD,Richmond Manufacturing Index,Medium,-14,-14,1.04929,1.05448,1.04246,1.04879
2024-11-26,8:29pm,USD,CB Consumer Confidence,High,111.7,109.6,1.04929,1.05448,1.04246,1.04879
2024-11-26,8:29pm,USD,New Home Sales,Medium,610K,738K,1.04929,1.05448,1.04246,1.04879
2024-11-27,3:00pm,EUR,German GfK Consumer Climate,Low,-23.3,-18.4,1.04868,1.05878,1.0474,1.0566
2024-11-27,7:00pm,USD,Prelim GDP q/q,High,2.8%,2.8%,1.04868,1.05878,1.0474,1.0566
2024-11-27,7:00pm,USD,Unemployment Claims,High,213K,215K,1.04868,1.05878,1.0474,1.0566
2024-11-27,7:00pm,USD,Core Durable Goods Orders m/m,Medium,0.1%,0.5%,1.04868,1.05878,1.0474,1.0566
2024-11-27,7:00pm,USD,Durable Goods Orders m/m,Medium,0.2%,-0.7%,1.04868,1.05878,1.0474,1.0566
2024-11-27,7:00pm,USD,Prelim GDP Price Index q/q,Medium,1.9%,1.8%,1.04868,1.05878,1.0474,1.0566
2024-11-27,7:00pm,USD,Goods Trade Balance,Low,-99.1B,-108.7B,1.04868,1.05878,1.0474,1.0566
2024-11-27,7:00pm,USD,Prelim Wholesale Inventories m/m,Low,0.2%,-0.2%,1.04868,1.05878,1.0474,1.0566
2024-11-27,8:15pm,USD,Chicago PMI,Medium,40.2,41.6,1.04868,1.05878,1.0474,1.0566
2024-11-27,8:30pm,USD,Core PCE Price Index m/m,High,0.3%,0.3%,1.04868,1.05878,1.0474,1.0566
2024-11-27,8:30pm,USD,Pending Home Sales m/m,Medium,2.0%,7.5%,1.04868,1.05878,1.0474,1.0566
2024-11-27,8:30pm,USD,Personal Income m/m,Low,0.6%,0.3%,1.04868,1.05878,1.0474,1.0566
2024-11-27,8:30pm,USD,Personal Spending m/m,Low,0.4%,0.6%,1.04868,1.05878,1.0474,1.0566
2024-11-27,9:00pm,USD,Crude Oil Inventories,Medium,-1.8M,0.5M,1.04868,1.05878,1.0474,1.0566
2024-11-27,10:30pm,USD,Natural Gas Storage,Low,-2B,-3B,1.04868,1.05878,1.0474,1.0566
2024-11-28,All Day,EUR,German Prelim CPI m/m,High,-0.2%,0.4%,1.05652,1.057,1.05271,1.05489
2024-11-28,1:30pm,EUR,Spanish Flash CPI y/y,Medium,2.4%,1.8%,1.05652,1.057,1.05271,1.05489
2024-11-28,2:30pm,EUR,M3 Money Supply y/y,Low,3.4%,3.2%,1.05652,1.057,1.05271,1.05489
2024-11-28,2:30pm,EUR,Private Loans y/y,Low,0.8%,0.7%,1.05652,1.057,1.05271,1.05489
2024-11-28,3:40pm,EUR,Italian 10-y Bond Auction,Low,3.39|1.6,3.57|1.6,1.05652,1.057,1.05271,1.05489
2024-11-29,12:30pm,EUR,German Import Prices m/m,Low,0.6%,-0.4%,1.05511,1.05971,1.05411,1.05748
2024-11-29,12:30pm,EUR,German Retail Sales m/m,Low,-1.5%,1.6%,1.05511,1.05971,1.05411,1.05748
2024-11-29,1:15pm,EUR,French Consumer Spending m/m,Low,-0.4%,0.1%,1.05511,1.05971,1.05411,1.05748
2024-11-29,1:15pm,EUR,French Final Private Payrolls q/q,Low,0.1%,-0.1%,1.05511,1.05971,1.05411,1.05748
2024-11-29,1:15pm,EUR,French Prelim CPI m/m,Low,-0.1%,0.2%,1.05511,1.05971,1.05411,1.05748
2024-11-29,1:15pm,EUR,French Prelim GDP q/q,Low,0.4%,0.4%,1.05511,1.05971,1.05411,1.05748
2024-11-29,2:25pm,EUR,German Unemployment Change,Low,7K,26K,1.05511,1.05971,1.05411,1.05748
2024-11-29,3:30pm,EUR,Core CPI Flash Estimate y/y,Medium,2.7%,2.7%,1.05511,1.05971,1.05411,1.05748
2024-11-29,3:30pm,EUR,CPI Flash Estimate y/y,Medium,2.3%,2.0%,1.05511,1.05971,1.05411,1.05748
2024-11-29,3:30pm,EUR,Italian Prelim CPI m/m,Low,0.0%,0.0%,1.05511,1.05971,1.05411,1.05748
2024-12-02,1:45pm,EUR,Spanish Manufacturing PMI,Low,53.1,54.5,1.05695,1.05742,1.04603,1.04966
2024-12-02,2:15pm,EUR,Italian Manufacturing PMI,Low,44.5,46.9,1.05695,1.05742,1.04603,1.04966
2024-12-02,2:20pm,EUR,French Final Manufacturing PMI,Low,43.1,43.2,1.05695,1.05742,1.04603,1.04966
2024-12-02,2:25pm,EUR,German Final Manufacturing PMI,Low,43.0,43.2,1.05695,1.05742,1.04603,1.04966
2024-12-02,2:30pm,EUR,Final Manufacturing PMI,Low,45.2,45.2,1.05695,1.05742,1.04603,1.04966
2024-12-02,2:30pm,EUR,Italian Monthly Unemployment Rate,Low,5.8%,6.0%,1.05695,1.05742,1.04603,1.04966
2024-12-02,3:30pm,EUR,Unemployment Rate,Low,6.3%,6.3%,1.05695,1.05742,1.04603,1.04966
2024-12-02,8:15pm,USD,Final Manufacturing PMI,Medium,49.7,48.8,1.05695,1.05742,1.04603,1.04966
2024-12-02,8:30pm,USD,ISM Manufacturing PMI,High,48.4,46.5,1.05695,1.05742,1.04603,1.04966
2024-12-02,8:30pm,USD,ISM Manufacturing Prices,Medium,50.3,54.8,1.05695,1.05742,1.04603,1.04966
2024-12-02,8:30pm,USD,Construction Spending m/m,Low,0.4%,0.1%,1.05695,1.05742,1.04603,1.04966
2024-12-03,1:30pm,EUR,Spanish Unemployment Change,Low,-16.0K,26.8K,1.0497,1.05351,1.04806,1.05073
2024-12-03,8:30pm,USD,JOLTS Job Openings,High,7.74M,7.37M,1.0497,1.05351,1.04806,1.05073
2024-12-03,8:36pm,USD,RCM/TIPP Economic Optimism,Low,54.0,53.2,1.0497,1.05351,1.04806,1.05073
2024-12-03,All Day,USD,Wards Total Vehicle Sales,Low,16.5M,16.0M,1.0497,1.05351,1.04806,1.05073
2024-12-03,9:22pm,EUR,French Gov Budget Balance,Low,-157.4B,-173.8B,1.0497,1.05351,1.04806,1.05073
2024-12-04,1:45pm,EUR,Spanish Services PMI,Low,53.1,54.9,1.05065,1.05441,1.04718,1.05114
2024-12-04,2:15pm,EUR,Italian Services PMI,Low,49.2,52.4,1.05065,1.05441,1.04718,1.05114
2024-12-04,2:20pm,EUR,French Final Services PMI,Low,46.9,45.7,1.05065,1.05441,1.04718,1.05114
2024-12-04,2:25pm,EUR,German Final Services PMI,Low,49.3,49.4,1.05065,1.05441,1.04718,1.05114
2024-12-04,2:30pm,EUR,Final Services PMI,Low,49.5,49.2,1.05065,1.05441,1.04718,1.05114
2024-12-04,3:30pm,EUR,PPI m/m,Low,0.4%,-0.6%,1.05065,1.05441,1.04718,1.05114
2024-12-04,4:03pm,EUR,German 10-y Bond Auction,Low,2.07|2.4,2.38|2.3,1.05065,1.05441,1.04718,1.05114
2024-12-04,6:45pm,USD,ADP Non-Farm Employment Change,High,146K,184K,1.05065,1.05441,1.04718,1.05114
2024-12-04,8:15pm,USD,Final Services PMI,Medium,56.1,57.0,1.05065,1.05441,1.04718,1.05114
2024-12-04,8:30pm,USD,ISM Services PMI,High,52.1,56.0,1.05065,1.05441,1.04718,1.05114
2024-12-04,8:30pm,USD,Factory Orders m/m,Low,0.2%,-0.2%,1.05065,1.05441,1.04718,1.05114
2024-12-04,9:00pm,USD,Crude Oil Inventories,Medium,-5.1M,-1.8M,1.05065,1.05441,1.04718,1.05114
2024-12-05,12:30pm,EUR,German Factory Orders m/m,Low,-1.5%,7.2%,1.05071,1.05896,1.05054,1.0584
2024-12-05,1:15pm,EUR,French Industrial Production m/m,Low,-0.1%,-0.8%,1.05071,1.05896,1.05054,1.0584
2024-12-05,3:07pm,EUR,Spanish 10-y Bond Auction,Low,2.74|2.6,2.92|1.7,1.05071,1.05896,1.05054,1.0584
2024-12-05,3:30pm,EUR,Retail Sales m/m,Low,-0.5%,0.5%,1.05071,1.05896,1.05054,1.0584
2024-12-05,6:00pm,USD,Challenger Job Cuts y/y,Low,26.8%,50.9%,1.05071,1.05896,1.05054,1.0584
2024-12-05,6:00pm,USD,Unemployment Claims,High,224K,215K,1.05071,1.05896,1.05054,1.0584
2024-12-05,6:00pm,USD,Trade Balance,Low,-73.8B,-83.8B,1.05071,1.05896,1.05054,1.0584
2024-12-05,9:00pm,USD,Natural Gas Storage,Low,-30B,-2B,1.05071,1.05896,1.05054,1.0584
2024-12-06,12:30pm,EUR,German Industrial Production m/m,Low,-1.0%,-2.0%,1.05839,1.06298,1.05419,1.05673
2024-12-06,1:15pm,EUR,French Trade Balance,Low,-7.7B,-8.4B,1.05839,1.06298,1.05419,1.05673
2024-12-06,2:31pm,EUR,Italian Retail Sales m/m,Low,-0.5%,1.3%,1.05839,1.06298,1.05419,1.05673
2024-12-06,3:30pm,EUR,Final Employment Change q/q,Low,0.2%,0.2%,1.05839,1.06298,1.05419,1.05673
2024-12-06,3:30pm,EUR,Revised GDP q/q,Low,0.4%,0.4%,1.05839,1.06298,1.05419,1.05673
2024-12-06,3:30pm,USD,Average Hourly Earnings m/m,High,0.4%,0.4%,1.05839,1.06298,1.05419,1.05673
2024-12-06,3:30pm,USD,Non-Farm Employment Change,High,227K,36K,1.05839,1.06298,1.05419,1.05673
2024-12-06,3:30pm,USD,Unemployment Rate,High,4.2%,4.1%,1.05839,1.06298,1.05419,1.05673
2024-12-06,3:30pm,USD,Prelim UoM Consumer Sentiment,Medium,74.0,71.8,1.05839,1.06298,1.05419,1.05673
2024-12-06,3:30pm,USD,Prelim UoM Inflation Expectations,Medium,2.9%,2.6%,1.05839,1.06298,1.05419,1.05673
2024-12-07,1:30am,USD,Consumer Credit m/m,Low,19.2B,3.2B,,,,
2024-12-09,3:00pm,EUR,Sentix Investor Confidence,Low,-17.5,-12.8,1.05574,1.05945,1.05317,1.05531
2024-12-09,8:30pm,USD,Final Wholesale Inventories m/m,Low,0.2%,0.2%,1.05574,1.05945,1.05317,1.05531
2024-12-10,12:30pm,EUR,German Final CPI m/m,Low,-0.2%,-0.2%,1.05519,1.05681,1.0498,1.05268
2024-12-10,2:30pm,EUR,Italian Industrial Production m/m,Low,0.0%,-0.3%,1.05519,1.05681,1.0498,1.05268
2024-12-10,4:30pm,USD,NFIB Small Business Index,Low,101.7,93.7,1.05519,1.05681,1.0498,1.05268
2024-12-10,7:00pm,USD,Revised Nonfarm Productivity q/q,Low,2.2%,2.2%,1.05519,1.05681,1.0498,1.05268
2024-12-10,7:00pm,USD,Revised Unit Labor Costs q/q,Low,0.8%,1.9%,1.05519,1.05681,1.0498,1.05268
2024-12-11,7:00pm,USD,Core CPI m/m,High,0.3%,0.3%,1.05259,1.05394,1.04797,1.04933
2024-12-11,7:00pm,USD,CPI m/m,High,0.3%,0.2%,1.05259,1.05394,1.04797,1.04933
2024-12-11,7:00pm,USD,CPI y/y,High,2.7%,2.6%,1.05259,1.05394,1.04797,1.04933
2024-12-11,7:00pm,USD,Crude Oil Inventories,Medium,-1.4M,-5.1M,1.05259,1.05394,1.04797,1.04933
2024-12-11,11:31pm,USD,10-y Bond Auction,Low,4.24|2.7,4.35|2.6,1.05259,1.05394,1.04797,1.04933
2024-12-12,12:30am,USD,Federal Budget Balance,Low,-366.8B,-257.5B,1.04935,1.05309,1.04634,1.0469
2024-12-12,5:31am,EUR,Italian Quarterly Unemployment Rate,Low,6.1%,6.7%,1.04935,1.05309,1.04634,1.0469
2024-12-12,3:45pm,EUR,Italian 10-y Bond Auction,Low,3.19|2.1,3.39|1.6,1.04935,1.05309,1.04634,1.0469
2024-12-12,6:45pm,EUR,Main Refinancing Rate,High,3.15%,3.40%,1.04935,1.05309,1.04634,1.0469
2024-12-12,6:45pm,USD,Core PPI m/m,High,0.2%,0.3%,1.04935,1.05309,1.04634,1.0469
2024-12-12,6:45pm,USD,PPI m/m,High,0.4%,0.3%,1.04935,1.05309,1.04634,1.0469
2024-12-12,6:45pm,USD,Unemployment Claims,High,242K,225K,1.04935,1.05309,1.04634,1.0469
2024-12-12,9:00pm,USD,Natural Gas Storage,Low,-190B,-30B,1.04935,1.05309,1.04634,1.0469
2024-12-12,11:31pm,USD,30-y Bond Auction,Low,4.54|2.4,4.61|2.6,1.04935,1.05309,1.04634,1.0469
2024-12-13,12:30pm,EUR,German Trade Balance,Low,13.4B,16.9B,1.04655,1.05242,1.04527,1.05017
2024-12-13,12:30pm,EUR,German WPI m/m,Low,0.0%,0.4%,1.04655,1.05242,1.04527,1.05017
2024-12-13,1:15pm,EUR,French Final CPI m/m,Low,-0.1%,-0.1%,1.04655,1.05242,1.04527,1.05017
2024-12-13,3:00pm,EUR,Industrial Production m/m,Low,0.0%,-1.5%,1.04655,1.05242,1.04527,1.05017
2024-12-13,6:02pm,USD,Import Prices m/m,Low,0.1%,0.1%,1.04655,1.05242,1.04527,1.05017
2024-12-16,1:45pm,EUR,French Flash Manufacturing PMI,High,41.9,43.1,1.04865,1.05248,1.04742,1.05121
2024-12-16,1:45pm,EUR,French Flash Services PMI,High,48.2,46.9,1.04865,1.05248,1.04742,1.05121
2024-12-16,2:00pm,EUR,German Flash Manufacturing PMI,High,42.5,43.0,1.04865,1.05248,1.04742,1.05121
2024-12-16,2:00pm,EUR,German Flash Services PMI,High,51.0,49.3,1.04865,1.05248,1.04742,1.05121
2024-12-16,2:30pm,EUR,Flash Manufacturing PMI,Medium,45.2,45.2,1.04865,1.05248,1.04742,1.05121
2024-12-16,2:30pm,EUR,Flash Services PMI,Medium,51.4,49.5,1.04865,1.05248,1.04742,1.05121
2024-12-16,7:00pm,USD,Empire State Manufacturing Index,Medium,0.2,31.2,1.04865,1.05248,1.04742,1.05121
2024-12-16,8:15pm,USD,Flash Manufacturing PMI,High,48.3,49.7,1.04865,1.05248,1.04742,1.05121
2024-12-16,8:15pm,USD,Flash Services PMI,High,58.5,56.1,1.04865,1.05248,1.04742,1.05121
2024-12-17,2:30pm,EUR,German ifo Business Climate,Medium,84.7,85.6,1.05099,1.05341,1.04788,1.04903
2024-12-17,2:30pm,EUR,Italian Trade Balance,Low,5.15B,2.58B,1.05099,1.05341,1.04788,1.04903
2024-12-17,3:30pm,EUR,German ZEW Economic Sentiment,Medium,15.7,7.4,1.05099,1.05341,1.04788,1.04903
2024-12-17,3:30pm,EUR,Trade Balance,Low,6.1B,12.6B,1.05099,1.05341,1.04788,1.04903
2024-12-17,3:30pm,EUR,ZEW Economic Sentiment,Low,17.0,12.5,1.05099,1.05341,1.04788,1.04903
2024-12-17,3:30pm,USD,Core Retail Sales m/m,High,0.2%,0.2%,1.05099,1.05341,1.04788,1.04903
2024-12-17,3:30pm,USD,Retail Sales m/m,High,0.7%,0.5%,1.05099,1.05341,1.04788,1.04903
2024-12-17,7:45pm,USD,Capacity Utilization Rate,Low,76.8%,77.0%,1.05099,1.05341,1.04788,1.04903
2024-12-17,7:45pm,USD,Industrial Production m/m,Low,-0.1%,-0.4%,1.05099,1.05341,1.04788,1.04903
2024-12-17,8:30pm,USD,Business Inventories m/m,Low,0.1%,0.0%,1.05099,1.05341,1.04788,1.04903
2024-12-17,8:30pm,USD,NAHB Housing Market Index,Low,46,46,1.05099,1.05341,1.04788,1.04903
2024-12-18,3:30pm,EUR,Final Core CPI y/y,Low,2.7%,2.7%,1.04904,1.05127,1.03436,1.03507
2024-12-18,3:30pm,EUR,Final CPI y/y,Low,2.2%,2.3%,1.04904,1.05127,1.03436,1.03507
2024-12-18,7:00pm,USD,Building Permits,Medium,1.51M,1.42M,1.04904,1.05127,1.03436,1.03507
2024-12-18,7:00pm,USD,Current Account,Low,-311B,-275B,1.04904,1.05127,1.03436,1.03507
2024-12-18,7:00pm,USD,Housing Starts,Low,1.29M,1.31M,1.04904,1.05127,1.03436,1.03507
2024-12-18,9:00pm,USD,Crude Oil Inventories,Medium,-0.9M,-1.4M,1.04904,1.05127,1.03436,1.03507
2024-12-19,12:30am,USD,Federal Funds Rate,High,4.50%,4.75%,1.03513,1.04224,1.03457,1.03605
2024-12-19,8:22am,EUR,German GfK Consumer Climate,Low,-21.3,-23.1,1.03513,1.04224,1.03457,1.03605
2024-12-19,2:32pm,EUR,Current Account,Low,25.8B,38.8B,1.03513,1.04224,1.03457,1.03605
2024-12-19,7:00pm,USD,Final GDP q/q,High,3.1%,2.8%,1.03513,1.04224,1.03457,1.03605
2024-12-19,7:00pm,USD,Unemployment Claims,High,220K,242K,1.03513,1.04224,1.03457,1.03605
2024-12-19,7:00pm,USD,Final GDP Price Index q/q,Medium,1.9%,1.9%,1.03513,1.04224,1.03457,1.03605
2024-12-19,7:00pm,USD,Philly Fed Manufacturing Index,Medium,-16.4,-5.5,1.03513,1.04224,1.03457,1.03605
2024-12-19,8:30pm,USD,Existing Home Sales,Medium,4.15M,3.96M,1.03513,1.04224,1.03457,1.03605
2024-12-19,8:30pm,USD,CB Leading Index m/m,Low,0.3%,-0.4%,1.03513,1.04224,1.03457,1.03605
2024-12-19,9:00pm,USD,Natural Gas Storage,Low,-125B,-190B,1.03513,1.04224,1.03457,1.03605
2024-12-20,2:30am,USD,TIC Long-Term Purchases,Low,152.3B,216.1B,1.03616,1.04475,1.03426,1.04244
2024-12-20,12:30pm,EUR,German PPI m/m,Low,0.5%,0.2%,1.03616,1.04475,1.03426,1.04244
2024-12-20,4:30pm,USD,Core PCE Price Index m/m,High,0.1%,0.3%,1.03616,1.04475,1.03426,1.04244
2024-12-20,4:30pm,USD,Personal Income m/m,Low,0.3%,0.7%,1.03616,1.04475,1.03426,1.04244
2024-12-20,4:30pm,USD,Personal Spending m/m,Low,0.4%,0.3%,1.03616,1.04475,1.03426,1.04244
2024-12-20,7:18pm,EUR,Belgian NBB Business Climate,Low,-13.8,-11.1,1.03616,1.04475,1.03426,1.04244
2024-12-20,8:30pm,EUR,Consumer Confidence,Low,-15,-14,1.03616,1.04475,1.03426,1.04244
2024-12-20,8:30pm,USD,Revised UoM Consumer Sentiment,Medium,74.0,74.0,1.03616,1.04475,1.03426,1.04244
2024-12-20,8:30pm,USD,Revised UoM Inflation Expectations,Low,2.8%,2.9%,1.03616,1.04475,1.03426,1.04244
2024-12-23,12:30pm,EUR,German Import Prices m/m,Low,0.9%,0.6%,1.04304,1.04452,1.03838,1.04048
2024-12-23,12:30pm,USD,Core Durable Goods Orders m/m,Medium,-0.1%,0.2%,1.04304,1.04452,1.03838,1.04048
2024-12-23,12:30pm,USD,Durable Goods Orders m/m,Medium,-1.1%,0.3%,1.04304,1.04452,1.03838,1.04048
2024-12-23,8:30pm,USD,CB Consumer Confidence,Medium,104.7,112.8,1.04304,1.04452,1.03838,1.04048
2024-12-23,8:30pm,USD,New Home Sales,Medium,664K,627K,1.04304,1.04452,1.03838,1.04048
2024-12-24,8:29pm,USD,Richmond Manufacturing Index,Medium,-10,-14,1.04043,1.04099,1.03832,1.0401
2024-12-26,7:00pm,USD,Unemployment Claims,High,219K,220K,1.0403,1.04301,1.03901,1.0422
2024-12-27,7:00pm,USD,Goods Trade Balance,Low,-102.9B,-98.3B,1.04184,1.04441,1.04047,1.04239
2024-12-27,7:00pm,USD,Prelim Wholesale Inventories m/m,Low,-0.2%,0.1%,1.04184,1.04441,1.04047,1.04239
2024-12-27,9:00pm,USD,Natural Gas Storage,Low,-93B,-125B,1.04184,1.04441,1.04047,1.04239
2024-12-27,11:30pm,USD,Crude Oil Inventories,Medium,-4.2M,-0.9M,1.04184,1.04441,1.04047,1.04239
2024-12-30,6:00am,EUR,Spanish Flash CPI y/y,Medium,2.8%,2.4%,1.04275,1.04584,1.03714,1.04068
2024-12-30,8:15pm,USD,Chicago PMI,Medium,36.9,40.2,1.04275,1.04584,1.03714,1.04068
2024-12-30,8:30pm,USD,Pending Home Sales m/m,Medium,2.2%,1.8%,1.04275,1.04584,1.03714,1.04068
2024-12-31,7:30pm,USD,S&P/CS Composite-20 HPI y/y,Medium,4.2%,4.6%,1.04054,1.04244,1.03438,1.03522
2024-12-31,7:30pm,USD,HPI m/m,Low,0.4%,0.7%,1.04054,1.04244,1.03438,1.03522
2025-01-02,1:45pm,EUR,Spanish Manufacturing PMI,Low,53.3,53.1,1.03544,1.03756,1.02238,1.02619
2025-01-02,2:15pm,EUR,Italian Manufacturing PMI,Low,46.2,44.5,1.03544,1.03756,1.02238,1.02619
2025-01-02,2:20pm,EUR,French Final Manufacturing PMI,Low,41.9,41.9,1.03544,1.03756,1.02238,1.02619
2025-01-02,2:25pm,EUR,German Final Manufacturing PMI,Low,42.5,42.5,1.03544,1.03756,1.02238,1.02619
2025-01-02,2:30pm,EUR,Final Manufacturing PMI,Low,45.1,45.2,1.03544,1.03756,1.02238,1.02619
2025-01-02,2:30pm,EUR,M3 Money Supply y/y,Low,3.8%,3.4%,1.03544,1.03756,1.02238,1.02619
2025-01-02,2:30pm,EUR,Private Loans y/y,Low,0.9%,0.8%,1.03544,1.03756,1.02238,1.02619
2025-01-02,7:00pm,USD,Unemployment Claims,High,211K,220K,1.03544,1.03756,1.02238,1.02619
2025-01-02,8:15pm,USD,Final Manufacturing PMI,Medium,49.4,48.3,1.03544,1.03756,1.02238,1.02619
2025-01-02,8:30pm,USD,Construction Spending m/m,Low,0.0%,0.5%,1.03544,1.03756,1.02238,1.02619
2025-01-02,9:30pm,USD,Crude Oil Inventories,Medium,-1.2M,-4.2M,1.03544,1.03756,1.02238,1.02619
2025-01-03,1:30pm,EUR,Spanish Unemployment Change,Low,-25.3K,-16.0K,1.0264,1.031,1.02524,1.03066
2025-01-03,2:25pm,EUR,German Unemployment Change,Low,10K,6K,1.0264,1.031,1.02524,1.03066
2025-01-03,8:30pm,USD,ISM Manufacturing PMI,High,49.3,48.4,1.0264,1.031,1.02524,1.03066
2025-01-03,8:30pm,USD,ISM Manufacturing Prices,Medium,52.5,50.3,1.0264,1.031,1.02524,1.03066
2025-01-03,All Day,USD,Wards Total Vehicle Sales,Low,16.8M,16.5M,1.0264,1.031,1.02524,1.03066
2025-01-03,9:00pm,USD,Natural Gas Storage,Low,-116B,-93B,1.0264,1.031,1.02524,1.03066
2025-01-06,All Day,EUR,German Prelim CPI m/m,High,0.4%,-0.2%,1.0302,1.04368,1.0294,1.03898
2025-01-06,1:45pm,EUR,Spanish Services PMI,Low,57.3,53.1,1.0302,1.04368,1.0294,1.03898
2025-01-06,2:15pm,EUR,Italian Services PMI,Low,50.7,49.2,1.0302,1.04368,1.0294,1.03898
2025-01-06,2:20pm,EUR,French Final Services PMI,Low,49.3,48.2,1.0302,1.04368,1.0294,1.03898
2025-01-06,2:25pm,EUR,German Final Services PMI,Low,51.2,51.0,1.0302,1.04368,1.0294,1.03898
2025-01-06,2:30pm,EUR,Final Services PMI,Low,51.6,51.4,1.0302,1.04368,1.0294,1.03898
2025-01-06,3:00pm,EUR,Sentix Investor Confidence,Low,-17.7,-17.5,1.0302,1.04368,1.0294,1.03898
2025-01-06,8:15pm,USD,Final Services PMI,Medium,56.8,58.5,1.0302,1.04368,1.0294,1.03898
2025-01-06,8:30pm,USD,Factory Orders m/m,Low,-0.4%,0.5%,1.0302,1.04368,1.0294,1.03898
2025-01-07,1:15pm,EUR,French Prelim CPI m/m,Low,0.2%,-0.1%,1.03884,1.04344,1.0339,1.03394
2025-01-07,2:30pm,EUR,Italian Monthly Unemployment Rate,Low,5.7%,5.8%,1.03884,1.04344,1.0339,1.03394
2025-01-07,3:30pm,EUR,Core CPI Flash Estimate y/y,Medium,2.7%,2.7%,1.03884,1.04344,1.0339,1.03394
2025-01-07,3:30pm,EUR,CPI Flash Estimate y/y,Medium,2.4%,2.2%,1.03884,1.04344,1.0339,1.03394
2025-01-07,3:30pm,EUR,Italian Prelim CPI m/m,Low,0.1%,0.0%,1.03884,1.04344,1.0339,1.03394
2025-01-07,3:30pm,EUR,Unemployment Rate,Low,6.3%,6.3%,1.03884,1.04344,1.0339,1.03394
2025-01-07,3:32pm,USD,Trade Balance,Low,-78.2B,-73.6B,1.03884,1.04344,1.0339,1.03394
2025-01-07,3:32pm,USD,ISM Services PMI,High,54.1,52.1,1.03884,1.04344,1.0339,1.03394
2025-01-07,3:32pm,USD,JOLTS Job Openings,High,8.10M,7.84M,1.03884,1.04344,1.0339,1.03394
2025-01-07,11:31pm,USD,10-y Bond Auction,Low,4.68|2.5,4.24|2.7,1.03884,1.04344,1.0339,1.03394
2025-01-08,12:30pm,EUR,German Factory Orders m/m,Low,-5.4%,-1.5%,1.03398,1.03575,1.02728,1.03178
2025-01-08,12:30pm,EUR,German Retail Sales m/m,Low,-0.6%,-0.3%,1.03398,1.03575,1.02728,1.03178
2025-01-08,1:15pm,EUR,French Trade Balance,Low,-7.1B,-7.5B,1.03398,1.03575,1.02728,1.03178
2025-01-08,3:30pm,EUR,PPI m/m,Low,1.6%,0.4%,1.03398,1.03575,1.02728,1.03178
2025-01-08,4:08pm,EUR,German 10-y Bond Auction,Low,2.51|2.1,2.07|2.4,1.03398,1.03575,1.02728,1.03178
2025-01-08,6:45pm,USD,ADP Non-Farm Employment Change,High,122K,146K,1.03398,1.03575,1.02728,1.03178
2025-01-08,7:00pm,USD,Unemployment Claims,High,201K,211K,1.03398,1.03575,1.02728,1.03178
2025-01-08,8:30pm,USD,Final Wholesale Inventories m/m,Low,-0.2%,-0.2%,1.03398,1.03575,1.02728,1.03178
2025-01-08,9:00pm,USD,Crude Oil Inventories,Medium,-1.0M,-1.2M,1.03398,1.03575,1.02728,1.03178
2025-01-08,10:30pm,USD,Natural Gas Storage,Low,-40B,-116B,1.03398,1.03575,1.02728,1.03178
2025-01-08,11:31pm,USD,30-y Bond Auction,Low,4.91|2.5,4.54|2.4,1.03398,1.03575,1.02728,1.03178
2025-01-09,1:30am,USD,Consumer Credit m/m,Low,-7.5B,17.3B,1.03177,1.03215,1.02834,1.0299
2025-01-09,12:30pm,EUR,German Industrial Production m/m,Low,1.5%,-0.4%,1.03177,1.03215,1.02834,1.0299
2025-01-09,12:30pm,EUR,German Trade Balance,Low,19.7B,13.4B,1.03177,1.03215,1.02834,1.0299
2025-01-09,3:29pm,EUR,French 10-y Bond Auction,Low,3.40|2.0,3.24|2.0,1.03177,1.03215,1.02834,1.0299
2025-01-09,3:30pm,EUR,Retail Sales m/m,Low,0.1%,-0.3%,1.03177,1.03215,1.02834,1.0299
2025-01-09,6:00pm,USD,Challenger Job Cuts y/y,Low,11.4%,26.8%,1.03177,1.03215,1.02834,1.0299
2025-01-10,1:15pm,EUR,French Consumer Spending m/m,Low,0.3%,-0.3%,1.0299,1.03118,1.02124,1.0244
2025-01-10,1:15pm,EUR,French Industrial Production m/m,Low,0.2%,-0.3%,1.0299,1.03118,1.02124,1.0244
2025-01-10,2:30pm,EUR,Italian Retail Sales m/m,Low,-0.4%,-0.5%,1.0299,1.03118,1.02124,1.0244
2025-01-10,2:30pm,USD,Average Hourly Earnings m/m,High,0.3%,0.4%,1.0299,1.03118,1.02124,1.0244
2025-01-10,2:30pm,USD,Non-Farm Employment Change,High,256K,212K,1.0299,1.03118,1.02124,1.0244
2025-01-10,2:30pm,USD,Unemployment Rate,High,4.1%,4.2%,1.0299,1.03118,1.02124,1.0244
2025-01-10,8:30pm,USD,Prelim UoM Consumer Sentiment,Medium,73.2,74.0,1.0299,1.03118,1.02124,1.0244
2025-01-10,8:30pm,USD,Prelim UoM Inflation Expectations,Medium,3.3%,2.8%,1.0299,1.03118,1.02124,1.0244
2025-01-14,1:15pm,EUR,French Gov Budget Balance,Low,-172.5B,-157.4B,1.02407,1.03086,1.02382,1.03076
2025-01-14,2:30pm,EUR,Italian Industrial Production m/m,Low,0.3%,0.1%,1.02407,1.03086,1.02382,1.03076
2025-01-14,4:30pm,USD,NFIB Small Business Index,Low,105.1,101.7,1.02407,1.03086,1.02382,1.03076
2025-01-14,7:00pm,USD,Core PPI m/m,High,0.0%,0.2%,1.02407,1.03086,1.02382,1.03076
2025-01-14,7:00pm,USD,PPI m/m,High,0.2%,0.4%,1.02407,1.03086,1.02382,1.03076
2025-01-14,8:36pm,USD,RCM/TIPP Economic Optimism,Low,51.9,54.0,1.02407,1.03086,1.02382,1.03076
2025-01-15,12:30am,USD,Federal Budget Balance,Low,-86.7B,-366.8B,1.03074,1.03544,1.02588,1.02861
2025-01-15,12:30pm,EUR,German WPI m/m,Low,0.1%,0.0%,1.03074,1.03544,1.02588,1.02861
2025-01-15,1:15pm,EUR,French Final CPI m/m,Low,0.2%,0.2%,1.03074,1.03544,1.02588,1.02861
2025-01-15,3:30pm,EUR,Industrial Production m/m,Low,0.2%,0.2%,1.03074,1.03544,1.02588,1.02861
2025-01-15,4:04pm,EUR,German 30-y Bond Auction,Low,2.84|2.8,2.55|3.6,1.03074,1.03544,1.02588,1.02861
2025-01-15,4:04pm,USD,Core CPI m/m,High,0.2%,0.3%,1.03074,1.03544,1.02588,1.02861
2025-01-15,4:04pm,USD,CPI m/m,High,0.4%,0.3%,1.03074,1.03544,1.02588,1.02861
2025-01-15,4:04pm,USD,CPI y/y,High,2.9%,2.7%,1.03074,1.03544,1.02588,1.02861
2025-01-15,4:04pm,USD,Empire State Manufacturing Index,Medium,-12.6,0.2,1.03074,1.03544,1.02588,1.02861
2025-01-15,9:00pm,USD,Crude Oil Inventories,Medium,-2.0M,-1.0M,1.03074,1.03544,1.02588,1.02861
2025-01-16,12:30pm,EUR,German Final CPI m/m,Low,0.5%,0.4%,1.0288,1.03151,1.02604,1.0299
2025-01-16,3:30pm,EUR,Italian Trade Balance,Low,4.22B,5.07B,1.0288,1.03151,1.02604,1.0299
2025-01-16,3:30pm,EUR,Trade Balance,Low,12.9B,7.0B,1.0288,1.03151,1.02604,1.0299
2025-01-16,7:00pm,USD,Core Retail Sales m/m,High,0.4%,0.2%,1.0288,1.03151,1.02604,1.0299
2025-01-16,7:00pm,USD,Retail Sales m/m,High,0.4%,0.8%,1.0288,1.03151,1.02604,1.0299
2025-01-16,7:00pm,USD,Unemployment Claims,High,217K,203K,1.0288,1.03151,1.02604,1.0299
2025-01-16,7:00pm,USD,Philly Fed Manufacturing Index,Medium,44.3,-16.4,1.0288,1.03151,1.02604,1.0299
2025-01-16,7:00pm,USD,Import Prices m/m,Low,0.1%,0.1%,1.0288,1.03151,1.02604,1.0299
2025-01-16,8:30pm,USD,Business Inventories m/m,Low,0.1%,0.0%,1.0288,1.03151,1.02604,1.0299
2025-01-16,8:30pm,USD,NAHB Housing Market Index,Low,47,46,1.0288,1.03151,1.02604,1.0299
2025-01-16,8:30pm,USD,Natural Gas Storage,Low,-258B,-40B,1.0288,1.03151,1.02604,1.0299
2025-01-17,2:30pm,EUR,Current Account,Low,27.0B,30.2B,1.02965,1.03306,1.0265,1.0271
2025-01-17,3:30pm,EUR,Final Core CPI y/y,Low,2.7%,2.7%,1.02965,1.03306,1.0265,1.0271
2025-01-17,3:30pm,EUR,Final CPI y/y,Low,2.4%,2.4%,1.02965,1.03306,1.0265,1.0271
2025-01-17,3:30pm,USD,Building Permits,Medium,1.48M,1.49M,1.02965,1.03306,1.0265,1.0271
2025-01-17,3:30pm,USD,Housing Starts,Low,1.50M,1.29M,1.02965,1.03306,1.0265,1.0271
2025-01-17,7:45pm,USD,Capacity Utilization Rate,Low,77.6%,77.0%,1.02965,1.03306,1.0265,1.0271
2025-01-17,7:45pm,USD,Industrial Production m/m,Low,0.9%,0.2%,1.02965,1.03306,1.0265,1.0271
2025-01-18,2:30am,USD,TIC Long-Term Purchases,Low,79.0B,159.1B,,,,
2025-01-20,12:30pm,EUR,German PPI m/m,Low,-0.1%,0.5%,1.02831,1.04342,1.02659,1.04155
2025-01-21,3:30pm,EUR,German ZEW Economic Sentiment,Medium,10.3,15.7,1.04156,1.04343,1.03518,1.03876
2025-01-21,3:30pm,EUR,ZEW Economic Sentiment,Low,18.0,17.0,1.04156,1.04343,1.03518,1.03876
2025-01-22,8:30pm,USD,CB Leading Index m/m,Low,-0.1%,0.4%,1.04285,1.04573,1.03918,1.04077
2025-01-23,4:30pm,USD,Unemployment Claims,High,223K,217K,1.0408,1.0438,1.03717,1.04148
2025-01-23,8:30pm,EUR,Consumer Confidence,Low,-14,-15,1.0408,1.0438,1.03717,1.04148
2025-01-23,9:00pm,USD,Natural Gas Storage,Low,-223B,-258B,1.0408,1.0438,1.03717,1.04148
2025-01-23,10:30pm,USD,Crude Oil Inventories,Medium,-1.0M,-2.0M,1.0408,1.0438,1.03717,1.04148
2025-01-24,1:45pm,EUR,French Flash Manufacturing PMI,High,45.3,41.9,1.04147,1.05214,1.04112,1.04919
2025-01-24,1:45pm,EUR,French Flash Services PMI,High,48.9,49.3,1.04147,1.05214,1.04112,1.04919
2025-01-24,2:00pm,EUR,German Flash Manufacturing PMI,High,44.1,42.5,1.04147,1.05214,1.04112,1.04919
2025-01-24,2:00pm,EUR,German Flash Services PMI,High,52.5,51.2,1.04147,1.05214,1.04112,1.04919
2025-01-24,2:30pm,EUR,Flash Manufacturing PMI,Medium,46.1,45.1,1.04147,1.05214,1.04112,1.04919
2025-01-24,2:30pm,EUR,Flash Services PMI,Medium,51.4,51.6,1.04147,1.05214,1.04112,1.04919
2025-01-24,8:15pm,USD,Flash Manufacturing PMI,High,50.1,49.4,1.04147,1.05214,1.04112,1.04919
2025-01-24,8:15pm,USD,Flash Services PMI,High,52.8,56.8,1.04147,1.05214,1.04112,1.04919
2025-01-24,8:30pm,USD,Existing Home Sales,Medium,4.24M,4.15M,1.04147,1.05214,1.04112,1.04919
2025-01-24,8:30pm,USD,Revised UoM Consumer Sentiment,Medium,71.1,73.2,1.04147,1.05214,1.04112,1.04919
2025-01-24,8:30pm,USD,Revised UoM Inflation Expectations,Low,3.3%,3.3%,1.04147,1.05214,1.04112,1.04919
2025-01-27,2:30pm,EUR,German ifo Business Climate,Medium,85.1,84.7,1.0479,1.05334,1.04536,1.04916
2025-01-27,7:28pm,EUR,Belgian NBB Business Climate,Low,-13.6,-13.8,1.0479,1.05334,1.04536,1.04916
2025-01-27,8:30pm,USD,New Home Sales,Medium,698K,674K,1.0479,1.05334,1.04536,1.04916
2025-01-28,1:30pm,EUR,Spanish Unemployment Rate,Low,10.6%,11.2%,1.04912,1.04932,1.04135,1.04298
2025-01-28,7:00pm,USD,Core Durable Goods Orders m/m,Medium,0.3%,-0.2%,1.04912,1.04932,1.04135,1.04298
2025-01-28,7:00pm,USD,Durable Goods Orders m/m,Medium,-2.2%,-1.2%,1.04912,1.04932,1.04135,1.04298
2025-01-28,7:30pm,USD,S&P/CS Composite-20 HPI y/y,Medium,4.3%,4.2%,1.04912,1.04932,1.04135,1.04298
2025-01-28,7:30pm,USD,HPI m/m,Low,0.3%,0.5%,1.04912,1.04932,1.04135,1.04298
2025-01-28,8:29pm,USD,Richmond Manufacturing Index,Medium,-4,-10,1.04912,1.04932,1.04135,1.04298
2025-01-28,8:30pm,USD,CB Consumer Confidence,High,104.1,109.5,1.04912,1.04932,1.04135,1.04298
2025-01-29,12:30pm,EUR,German GfK Consumer Climate,Low,-22.4,-21.4,1.04296,1.04436,1.03821,1.04207
2025-01-29,1:30pm,EUR,Spanish Flash GDP q/q,Low,0.8%,0.8%,1.04296,1.04436,1.03821,1.04207
2025-01-29,1:30pm,EUR,M3 Money Supply y/y,Low,3.5%,3.8%,1.04296,1.04436,1.03821,1.04207
2025-01-29,1:30pm,EUR,Private Loans y/y,Low,1.1%,0.9%,1.04296,1.04436,1.03821,1.04207
2025-01-29,4:01pm,EUR,German 10-y Bond Auction,Low,2.54|2.8,2.51|2.1,1.04296,1.04436,1.03821,1.04207
2025-01-29,7:00pm,USD,Goods Trade Balance,Low,-122.1B,-103.5B,1.04296,1.04436,1.03821,1.04207
2025-01-29,7:00pm,USD,Prelim Wholesale Inventories m/m,Low,-0.5%,-0.1%,1.04296,1.04436,1.03821,1.04207
2025-01-29,7:00pm,USD,Crude Oil Inventories,Medium,3.5M,-1.0M,1.04296,1.04436,1.03821,1.04207
2025-01-30,12:30am,USD,Federal Funds Rate,High,4.50%,4.50%,1.04203,1.04679,1.03859,1.03875
2025-01-30,12:00pm,EUR,French Consumer Spending m/m,Low,0.7%,0.2%,1.04203,1.04679,1.03859,1.03875
2025-01-30,12:00pm,EUR,French Flash GDP q/q,Low,-0.1%,0.4%,1.04203,1.04679,1.03859,1.03875
2025-01-30,12:00pm,EUR,German Import Prices m/m,Low,0.4%,0.9%,1.04203,1.04679,1.03859,1.03875
2025-01-30,12:00pm,EUR,Spanish Flash CPI y/y,Medium,3.0%,2.8%,1.04203,1.04679,1.03859,1.03875
2025-01-30,2:30pm,EUR,Italian Prelim GDP q/q,Low,0.0%,0.0%,1.04203,1.04679,1.03859,1.03875
2025-01-30,2:30pm,EUR,German Prelim GDP q/q,Low,-0.2%,0.1%,1.04203,1.04679,1.03859,1.03875
2025-01-30,3:30pm,EUR,Italian Monthly Unemployment Rate,Low,6.2%,5.9%,1.04203,1.04679,1.03859,1.03875
2025-01-30,3:30pm,EUR,Prelim Flash GDP q/q,Low,0.0%,0.4%,1.04203,1.04679,1.03859,1.03875
2025-01-30,3:30pm,EUR,Unemployment Rate,Low,6.3%,6.2%,1.04203,1.04679,1.03859,1.03875
2025-01-30,3:53pm,EUR,Italian 10-y Bond Auction,Low,3.60|1.8,3.19|2.1,1.04203,1.04679,1.03859,1.03875
2025-01-30,6:45pm,EUR,Main Refinancing Rate,High,2.90%,3.15%,1.04203,1.04679,1.03859,1.03875
2025-01-30,7:00pm,USD,Advance GDP q/q,High,2.3%,3.1%,1.04203,1.04679,1.03859,1.03875
2025-01-30,7:00pm,USD,Unemployment Claims,High,207K,223K,1.04203,1.04679,1.03859,1.03875
2025-01-30,7:00pm,USD,Advance GDP Price Index q/q,Medium,2.2%,1.9%,1.04203,1.04679,1.03859,1.03875
2025-01-30,8:30pm,USD,Pending Home Sales m/m,Medium,-5.5%,1.6%,1.04203,1.04679,1.03859,1.03875
2025-01-30,9:00pm,USD,Natural Gas Storage,Low,-321B,-223B,1.04203,1.04679,1.03859,1.03875
2025-01-31,12:30pm,EUR,German Retail Sales m/m,Low,-1.6%,0.0%,1.03879,1.0434,1.03496,1.03602
2025-01-31,All Day,EUR,German Prelim CPI m/m,High,-0.2%,0.5%,1.03879,1.0434,1.03496,1.03602
2025-01-31,1:15pm,EUR,French Prelim CPI m/m,Low,-0.1%,0.2%,1.03879,1.0434,1.03496,1.03602
2025-01-31,2:25pm,EUR,German Unemployment Change,Low,11K,10K,1.03879,1.0434,1.03496,1.03602
2025-01-31,2:25pm,USD,Core PCE Price Index m/m,High,0.2%,0.1%,1.03879,1.0434,1.03496,1.03602
2025-01-31,2:25pm,USD,Employment Cost Index q/q,High,0.9%,0.8%,1.03879,1.0434,1.03496,1.03602
2025-01-31,2:25pm,USD,Personal Income m/m,Low,0.4%,0.3%,1.03879,1.0434,1.03496,1.03602
2025-01-31,2:25pm,USD,Personal Spending m/m,Low,0.7%,0.6%,1.03879,1.0434,1.03496,1.03602
2025-01-31,8:15pm,USD,Chicago PMI,Medium,39.5,36.9,1.03879,1.0434,1.03496,1.03602
2025-02-03,1:45pm,EUR,Spanish Manufacturing PMI,Low,50.9,53.3,1.0232,1.03499,1.02103,1.0343
2025-02-03,2:15pm,EUR,Italian Manufacturing PMI,Low,46.3,46.2,1.0232,1.03499,1.02103,1.0343
2025-02-03,2:20pm,EUR,French Final Manufacturing PMI,Low,45.0,45.3,1.0232,1.03499,1.02103,1.0343
2025-02-03,2:25pm,EUR,German Final Manufacturing PMI,Low,45.0,44.1,1.0232,1.03499,1.02103,1.0343
2025-02-03,2:30pm,EUR,Final Manufacturing PMI,Low,46.6,46.1,1.0232,1.03499,1.02103,1.0343
2025-02-03,3:30pm,EUR,Core CPI Flash Estimate y/y,Medium,2.7%,2.7%,1.0232,1.03499,1.02103,1.0343
2025-02-03,3:30pm,EUR,CPI Flash Estimate y/y,Medium,2.5%,2.4%,1.0232,1.03499,1.02103,1.0343
2025-02-03,3:30pm,EUR,Italian Prelim CPI m/m,Low,0.6%,0.1%,1.0232,1.03499,1.02103,1.0343
2025-02-03,8:15pm,USD,Final Manufacturing PMI,Medium,51.2,50.1,1.0232,1.03499,1.02103,1.0343
2025-02-03,8:30pm,USD,ISM Manufacturing PMI,High,50.9,49.3,1.0232,1.03499,1.02103,1.0343
2025-02-03,8:30pm,USD,ISM Manufacturing Prices,Medium,54.9,52.5,1.0232,1.03499,1.02103,1.0343
2025-02-03,8:30pm,USD,Construction Spending m/m,Low,0.5%,0.2%,1.0232,1.03499,1.02103,1.0343
2025-02-03,All Day,USD,Wards Total Vehicle Sales,Low,15.6M,16.8M,1.0232,1.03499,1.02103,1.0343
2025-02-04,1:15pm,EUR,French Gov Budget Balance,Low,-156.3B,-172.5B,1.03427,1.03876,1.0272,1.03783
2025-02-04,1:30pm,EUR,Spanish Unemployment Change,Low,38.7K,-25.3K,1.03427,1.03876,1.0272,1.03783
2025-02-04,8:30pm,USD,JOLTS Job Openings,High,7.60M,8.16M,1.03427,1.03876,1.0272,1.03783
2025-02-04,8:30pm,USD,Factory Orders m/m,Low,-0.9%,-0.8%,1.03427,1.03876,1.0272,1.03783
2025-02-04,8:37pm,USD,RCM/TIPP Economic Optimism,Low,52.0,51.9,1.03427,1.03876,1.0272,1.03783
2025-02-05,1:15pm,EUR,French Industrial Production m/m,Low,-0.4%,0.1%,1.0378,1.04425,1.03693,1.04021
2025-02-05,1:45pm,EUR,Spanish Services PMI,Low,54.9,57.3,1.0378,1.04425,1.03693,1.04021
2025-02-05,2:15pm,EUR,Italian Services PMI,Low,50.4,50.7,1.0378,1.04425,1.03693,1.04021
2025-02-05,2:20pm,EUR,French Final Services PMI,Low,48.2,48.9,1.0378,1.04425,1.03693,1.04021
2025-02-05,2:25pm,EUR,German Final Services PMI,Low,52.5,52.5,1.0378,1.04425,1.03693,1.04021
2025-02-05,2:30pm,EUR,Final Services PMI,Low,51.3,51.4,1.0378,1.04425,1.03693,1.04021
2025-02-05,2:30pm,EUR,Italian Retail Sales m/m,Low,0.6%,-0.4%,1.0378,1.04425,1.03693,1.04021
2025-02-05,3:30pm,EUR,PPI m/m,Low,0.4%,1.7%,1.0378,1.04425,1.03693,1.04021
2025-02-05,6:45pm,USD,ADP Non-Farm Employment Change,High,183K,176K,1.0378,1.04425,1.03693,1.04021
2025-02-05,6:45pm,USD,Trade Balance,Low,-98.4B,-78.9B,1.0378,1.04425,1.03693,1.04021
2025-02-05,8:15pm,USD,Final Services PMI,Medium,52.9,52.8,1.0378,1.04425,1.03693,1.04021
2025-02-05,8:30pm,USD,ISM Services PMI,High,52.8,54.1,1.0378,1.04425,1.03693,1.04021
2025-02-05,9:00pm,USD,Crude Oil Inventories,Medium,8.7M,3.5M,1.0378,1.04425,1.03693,1.04021
2025-02-06,12:30pm,EUR,German Factory Orders m/m,Low,6.9%,-5.2%,1.04019,1.04058,1.03521,1.03828
2025-02-06,3:30pm,EUR,Retail Sales m/m,Low,-0.2%,0.0%,1.04019,1.04058,1.03521,1.03828
2025-02-06,3:32pm,EUR,French 10-y Bond Auction,Low,3.15|2.2,3.40|2.0,1.04019,1.04058,1.03521,1.03828
2025-02-06,3:32pm,USD,Challenger Job Cuts y/y,Low,-39.5%,11.4%,1.04019,1.04058,1.03521,1.03828
2025-02-06,7:00pm,USD,Unemployment Claims,High,219K,208K,1.04019,1.04058,1.03521,1.03828
2025-02-06,7:00pm,USD,Prelim Nonfarm Productivity q/q,Low,1.2%,2.3%,1.04019,1.04058,1.03521,1.03828
2025-02-06,7:00pm,USD,Prelim Unit Labor Costs q/q,Low,3.0%,0.8%,1.04019,1.04058,1.03521,1.03828
2025-02-06,7:00pm,USD,Mortgage Delinquencies,Low,3.98%,3.92%,1.04019,1.04058,1.03521,1.03828
2025-02-06,9:00pm,USD,Natural Gas Storage,Low,-174B,-321B,1.04019,1.04058,1.03521,1.03828
2025-02-07,12:30pm,EUR,German Industrial Production m/m,Low,-2.4%,1.3%,1.03821,1.04124,1.03048,1.0326
2025-02-07,12:30pm,EUR,German Trade Balance,Low,20.7B,19.2B,1.03821,1.04124,1.03048,1.0326
2025-02-07,1:15pm,EUR,French Prelim Private Payrolls q/q,Low,-0.2%,0.1%,1.03821,1.04124,1.03048,1.0326
2025-02-07,1:15pm,EUR,French Trade Balance,Low,-3.9B,-6.3B,1.03821,1.04124,1.03048,1.0326
2025-02-07,1:15pm,USD,Average Hourly Earnings m/m,High,0.5%,0.3%,1.03821,1.04124,1.03048,1.0326
2025-02-07,1:15pm,USD,Non-Farm Employment Change,High,143K,307K,1.03821,1.04124,1.03048,1.0326
2025-02-07,1:15pm,USD,Unemployment Rate,High,4.0%,4.1%,1.03821,1.04124,1.03048,1.0326
2025-02-07,8:30pm,USD,Prelim UoM Consumer Sentiment,Medium,67.8,71.1,1.03821,1.04124,1.03048,1.0326
2025-02-07,8:30pm,USD,Prelim UoM Inflation Expectations,Medium,4.3%,3.3%,1.03821,1.04124,1.03048,1.0326
2025-02-07,8:30pm,USD,Final Wholesale Inventories m/m,Low,-0.5%,-0.5%,1.03821,1.04124,1.03048,1.0326
2025-02-08,1:30am,USD,Consumer Credit m/m,Low,40.8B,-5.4B,,,,
2025-02-10,3:00pm,EUR,Sentix Investor Confidence,Low,-12.7,-17.7,1.02886,1.03365,1.02808,1.03063
2025-02-10,8:15pm,USD,Cleveland Fed Inflation Expectations,Low,3.2%,3.8%,1.02886,1.03365,1.02808,1.03063
2025-02-11,4:30pm,USD,NFIB Small Business Index,Low,102.8,105.1,1.03062,1.03815,1.02917,1.03604
2025-02-12,2:30pm,EUR,Italian Industrial Production m/m,Low,-3.1%,0.3%,1.03605,1.04299,1.03168,1.03824
2025-02-12,4:07pm,EUR,German 30-y Bond Auction,Low,2.70|2.5,2.84|2.8,1.03605,1.04299,1.03168,1.03824
2025-02-12,7:00pm,USD,Core CPI m/m,High,0.4%,0.2%,1.03605,1.04299,1.03168,1.03824
2025-02-12,7:00pm,USD,CPI m/m,High,0.5%,0.4%,1.03605,1.04299,1.03168,1.03824
2025-02-12,7:00pm,USD,CPI y/y,High,3.0%,2.9%,1.03605,1.04299,1.03168,1.03824
2025-02-12,9:00pm,USD,Crude Oil Inventories,Medium,4.1M,8.7M,1.03605,1.04299,1.03168,1.03824
2025-02-12,11:31pm,USD,10-y Bond Auction,Low,4.63|2.5,4.68|2.5,1.03605,1.04299,1.03168,1.03824
2025-02-13,12:30am,USD,Federal Budget Balance,Low,-128.6B,-86.7B,1.03818,1.0467,1.03726,1.04641
2025-02-13,12:30pm,EUR,German Final CPI m/m,Low,-0.2%,-0.2%,1.03818,1.0467,1.03726,1.04641
2025-02-13,3:30pm,EUR,Industrial Production m/m,Low,-1.1%,0.4%,1.03818,1.0467,1.03726,1.04641
2025-02-13,7:00pm,USD,Core PPI m/m,High,0.3%,0.4%,1.03818,1.0467,1.03726,1.04641
2025-02-13,7:00pm,USD,PPI m/m,High,0.4%,0.5%,1.03818,1.0467,1.03726,1.04641
2025-02-13,7:00pm,USD,Unemployment Claims,High,213K,220K,1.03818,1.0467,1.03726,1.04641
2025-02-13,7:00pm,USD,Natural Gas Storage,Low,-100B,-174B,1.03818,1.0467,1.03726,1.04641
2025-02-13,11:31pm,USD,30-y Bond Auction,Low,4.75|2.3,4.91|2.5,1.03818,1.0467,1.03726,1.04641
2025-02-14,12:30pm,EUR,German WPI m/m,Low,0.9%,0.1%,1.04625,1.05141,1.04469,1.04913
2025-02-14,3:30pm,EUR,Flash Employment Change q/q,Low,0.1%,0.2%,1.04625,1.05141,1.04469,1.04913
2025-02-14,3:30pm,EUR,Flash GDP q/q,Low,0.1%,0.0%,1.04625,1.05141,1.04469,1.04913
2025-02-14,3:30pm,USD,Core Retail Sales m/m,High,-0.4%,0.7%,1.04625,1.05141,1.04469,1.04913
2025-02-14,3:30pm,USD,Retail Sales m/m,High,-0.9%,0.7%,1.04625,1.05141,1.04469,1.04913
2025-02-14,3:30pm,USD,Import Prices m/m,Low,0.3%,0.2%,1.04625,1.05141,1.04469,1.04913
2025-02-14,7:45pm,USD,Capacity Utilization Rate,Low,77.8%,77.5%,1.04625,1.05141,1.04469,1.04913
2025-02-14,7:45pm,USD,Industrial Production m/m,Low,0.5%,1.0%,1.04625,1.05141,1.04469,1.04913
2025-02-14,8:30pm,USD,Business Inventories m/m,Low,-0.2%,0.1%,1.04625,1.05141,1.04469,1.04913
2025-02-17,2:30pm,EUR,Italian Trade Balance,Low,5.98B,4.00B,1.04858,1.05062,1.04667,1.0484
2025-02-17,3:30pm,EUR,Trade Balance,Low,14.6B,13.3B,1.04858,1.05062,1.04667,1.0484
2025-02-18,1:15pm,EUR,French Final CPI m/m,Low,0.2%,-0.1%,1.04833,1.04863,1.04348,1.04459
2025-02-18,3:30pm,EUR,German ZEW Economic Sentiment,Medium,26.0,10.3,1.04833,1.04863,1.04348,1.04459
2025-02-18,3:30pm,EUR,ZEW Economic Sentiment,Low,24.2,18.0,1.04833,1.04863,1.04348,1.04459
2025-02-18,3:30pm,USD,Empire State Manufacturing Index,Medium,5.7,-12.6,1.04833,1.04863,1.04348,1.04459
2025-02-18,8:30pm,USD,NAHB Housing Market Index,Low,42,47,1.04833,1.04863,1.04348,1.04459
2025-02-19,2:30am,USD,TIC Long-Term Purchases,Low,72.0B,53.2B,1.0445,1.04613,1.04004,1.04222
2025-02-19,2:30pm,EUR,Current Account,Low,38.4B,25.1B,1.0445,1.04613,1.04004,1.04222
2025-02-19,4:05pm,EUR,German 10-y Bond Auction,Low,2.52|2.8,2.54|2.8,1.0445,1.04613,1.04004,1.04222
2025-02-19,7:00pm,USD,Building Permits,Low,1.48M,1.48M,1.0445,1.04613,1.04004,1.04222
2025-02-19,7:00pm,USD,Housing Starts,Low,1.37M,1.52M,1.0445,1.04613,1.04004,1.04222
2025-02-20,7:00pm,EUR,German PPI m/m,Low,-0.1%,-0.1%,1.04217,1.05034,1.04183,1.05002
2025-02-20,4:30pm,USD,Unemployment Claims,High,219K,214K,1.04217,1.05034,1.04183,1.05002
2025-02-20,4:30pm,USD,Philly Fed Manufacturing Index,Medium,18.1,44.3,1.04217,1.05034,1.04183,1.05002
2025-02-20,8:30pm,EUR,Consumer Confidence,Low,-14,-14,1.04217,1.05034,1.04183,1.05002
2025-02-20,8:30pm,USD,CB Leading Index m/m,Low,-0.3%,0.1%,1.04217,1.05034,1.04183,1.05002
2025-02-20,9:00pm,USD,Natural Gas Storage,Low,-196B,-100B,1.04217,1.05034,1.04183,1.05002
2025-02-20,10:30pm,USD,Crude Oil Inventories,Medium,4.6M,4.1M,1.04217,1.05034,1.04183,1.05002
2025-02-21,1:45pm,EUR,French Flash Manufacturing PMI,High,45.5,45.0,1.05001,1.05054,1.0449,1.04559
2025-02-21,1:45pm,EUR,French Flash Services PMI,High,44.5,48.2,1.05001,1.05054,1.0449,1.04559
2025-02-21,2:00pm,EUR,German Flash Manufacturing PMI,High,46.1,45.0,1.05001,1.05054,1.0449,1.04559
2025-02-21,2:00pm,EUR,German Flash Services PMI,High,52.2,52.5,1.05001,1.05054,1.0449,1.04559
2025-02-21,2:30pm,EUR,Flash Manufacturing PMI,Medium,47.3,46.6,1.05001,1.05054,1.0449,1.04559
2025-02-21,2:30pm,EUR,Flash Services PMI,Medium,50.7,51.3,1.05001,1.05054,1.0449,1.04559
2025-02-21,8:15pm,USD,Flash Manufacturing PMI,High,51.6,51.2,1.05001,1.05054,1.0449,1.04559
2025-02-21,8:15pm,USD,Flash Services PMI,High,49.7,52.9,1.05001,1.05054,1.0449,1.04559
2025-02-21,8:30pm,USD,Existing Home Sales,Medium,4.08M,4.29M,1.05001,1.05054,1.0449,1.04559
2025-02-21,8:30pm,USD,Revised UoM Consumer Sentiment,Medium,64.7,67.8,1.05001,1.05054,1.0449,1.04559
2025-02-21,8:30pm,USD,Revised UoM Inflation Expectations,Low,4.3%,4.3%,1.05001,1.05054,1.0449,1.04559
2025-02-24,2:30pm,EUR,German ifo Business Climate,Medium,85.2,85.2,1.04768,1.05283,1.04524,1.04671
2025-02-24,3:30pm,EUR,Final Core CPI y/y,Low,2.7%,2.7%,1.04768,1.05283,1.04524,1.04671
2025-02-24,3:30pm,EUR,Final CPI y/y,Low,2.5%,2.5%,1.04768,1.05283,1.04524,1.04671
2025-02-24,7:25pm,EUR,Belgian NBB Business Climate,Low,-12.3,-13.6,1.04768,1.05283,1.04524,1.04671
2025-02-25,12:30pm,EUR,German Final GDP q/q,Low,-0.2%,-0.2%,1.04664,1.05193,1.04559,1.05121
2025-02-25,4:30pm,USD,S&P/CS Composite-20 HPI y/y,Medium,4.5%,4.3%,1.04664,1.05193,1.04559,1.05121
2025-02-25,4:30pm,USD,HPI m/m,Low,0.4%,0.4%,1.04664,1.05193,1.04559,1.05121
2025-02-25,8:30pm,USD,CB Consumer Confidence,Medium,98.3,104.1,1.04664,1.05193,1.04559,1.05121
2025-02-25,8:30pm,USD,Richmond Manufacturing Index,Medium,6,-4,1.04664,1.05193,1.04559,1.05121
2025-02-26,12:30pm,EUR,German GfK Consumer Climate,Low,-24.7,-22.6,1.05124,1.05289,1.04747,1.04836
2025-02-26,8:30pm,USD,New Home Sales,Medium,657K,734K,1.05124,1.05289,1.04747,1.04836
2025-02-26,9:00pm,USD,Crude Oil Inventories,Medium,-2.3M,4.6M,1.05124,1.05289,1.04747,1.04836
2025-02-27,9:00pm,EUR,Spanish Flash CPI y/y,Medium,3.0%,2.9%,1.04834,1.04924,1.03965,1.03973
2025-02-27,2:30pm,EUR,M3 Money Supply y/y,Low,3.6%,3.4%,1.04834,1.04924,1.03965,1.03973
2025-02-27,2:30pm,EUR,Private Loans y/y,Low,1.3%,1.1%,1.04834,1.04924,1.03965,1.03973
2025-02-27,3:52pm,EUR,Italian 10-y Bond Auction,Low,3.55|1.6,3.60|1.8,1.04834,1.04924,1.03965,1.03973
2025-02-27,3:52pm,USD,Prelim GDP q/q,High,2.3%,2.3%,1.04834,1.04924,1.03965,1.03973
2025-02-27,3:52pm,USD,Unemployment Claims,High,242K,220K,1.04834,1.04924,1.03965,1.03973
2025-02-27,3:52pm,USD,Core Durable Goods Orders m/m,Medium,0.0%,0.1%,1.04834,1.04924,1.03965,1.03973
2025-02-27,3:52pm,USD,Durable Goods Orders m/m,Medium,3.1%,-1.8%,1.04834,1.04924,1.03965,1.03973
2025-02-27,3:52pm,USD,Prelim GDP Price Index q/q,Medium,2.4%,2.2%,1.04834,1.04924,1.03965,1.03973
2025-02-27,8:30pm,USD,Pending Home Sales m/m,Medium,-4.6%,-4.1%,1.04834,1.04924,1.03965,1.03973
2025-02-27,9:00pm,USD,Natural Gas Storage,Low,-261B,-196B,1.04834,1.04924,1.03965,1.03973
2025-02-28,12:30pm,EUR,German Import Prices m/m,Low,1.1%,0.4%,1.03966,1.042,1.03596,1.03747
2025-02-28,12:30pm,EUR,German Retail Sales m/m,Low,0.2%,-0.9%,1.03966,1.042,1.03596,1.03747
2025-02-28,All Day,EUR,German Prelim CPI m/m,High,0.4%,-0.2%,1.03966,1.042,1.03596,1.03747
2025-02-28,1:15pm,EUR,French Consumer Spending m/m,Low,-0.5%,0.7%,1.03966,1.042,1.03596,1.03747
2025-02-28,1:15pm,EUR,French Final Private Payrolls q/q,Low,-0.3%,-0.2%,1.03966,1.042,1.03596,1.03747
2025-02-28,1:15pm,EUR,French Prelim CPI m/m,Low,0.0%,0.2%,1.03966,1.042,1.03596,1.03747
2025-02-28,1:15pm,EUR,French Prelim GDP q/q,Low,-0.1%,-0.1%,1.03966,1.042,1.03596,1.03747
2025-02-28,2:25pm,EUR,German Unemployment Change,Low,5K,11K,1.03966,1.042,1.03596,1.03747
2025-02-28,3:30pm,EUR,Italian Prelim CPI m/m,Low,0.2%,0.6%,1.03966,1.042,1.03596,1.03747
2025-02-28,3:30pm,USD,Core PCE Price Index m/m,High,0.3%,0.2%,1.03966,1.042,1.03596,1.03747
2025-02-28,3:30pm,USD,Goods Trade Balance,Low,-153.3B,-122.0B,1.03966,1.042,1.03596,1.03747
2025-02-28,3:30pm,USD,Personal Income m/m,Low,0.9%,0.4%,1.03966,1.042,1.03596,1.03747
2025-02-28,3:30pm,USD,Personal Spending m/m,Low,-0.2%,0.8%,1.03966,1.042,1.03596,1.03747
2025-02-28,3:30pm,USD,Prelim Wholesale Inventories m/m,Low,0.7%,-0.4%,1.03966,1.042,1.03596,1.03747
2025-02-28,8:15pm,USD,Chicago PMI,Medium,45.5,39.5,1.03966,1.042,1.03596,1.03747
2025-03-03,1:45pm,EUR,Spanish Manufacturing PMI,Low,49.7,50.9,1.04027,1.05036,1.03883,1.04857
2025-03-03,2:15pm,EUR,Italian Manufacturing PMI,Low,47.4,46.3,1.04027,1.05036,1.03883,1.04857
2025-03-03,2:20pm,EUR,French Final Manufacturing PMI,Low,45.8,45.5,1.04027,1.05036,1.03883,1.04857
2025-03-03,2:25pm,EUR,German Final Manufacturing PMI,Low,46.5,46.1,1.04027,1.05036,1.03883,1.04857
2025-03-03,2:30pm,EUR,Final Manufacturing PMI,Low,47.6,47.3,1.04027,1.05036,1.03883,1.04857
2025-03-03,3:30pm,EUR,Core CPI Flash Estimate y/y,Medium,2.6%,2.7%,1.04027,1.05036,1.03883,1.04857
2025-03-03,3:30pm,EUR,CPI Flash Estimate y/y,Medium,2.4%,2.5%,1.04027,1.05036,1.03883,1.04857
2025-03-03,8:15pm,USD,Final Manufacturing PMI,Medium,52.7,51.6,1.04027,1.05036,1.03883,1.04857
2025-03-03,8:30pm,USD,ISM Manufacturing PMI,High,50.3,50.9,1.04027,1.05036,1.03883,1.04857
2025-03-03,8:30pm,USD,ISM Manufacturing Prices,Medium,62.4,54.9,1.04027,1.05036,1.03883,1.04857
2025-03-03,8:30pm,USD,Construction Spending m/m,Low,-0.2%,0.5%,1.04027,1.05036,1.03883,1.04857
2025-03-03,All Day,USD,Wards Total Vehicle Sales,Low,16.0M,15.6M,1.04027,1.05036,1.03883,1.04857
2025-03-04,1:15pm,EUR,French Gov Budget Balance,Low,-17.3B,-156.3B,1.04849,1.06275,1.04708,1.06253
2025-03-04,1:30pm,EUR,Spanish Unemployment Change,Low,-6.0K,38.7K,1.04849,1.06275,1.04708,1.06253
2025-03-04,2:30pm,EUR,Italian Monthly Unemployment Rate,Low,6.3%,6.4%,1.04849,1.06275,1.04708,1.06253
2025-03-04,3:30pm,EUR,Unemployment Rate,Low,6.2%,6.2%,1.04849,1.06275,1.04708,1.06253
2025-03-04,8:36pm,USD,RCM/TIPP Economic Optimism,Low,49.8,52.0,1.04849,1.06275,1.04708,1.06253
2025-03-05,1:15pm,EUR,French Industrial Production m/m,Low,-0.6%,-0.5%,1.06249,1.07968,1.06017,1.07875
2025-03-05,1:45pm,EUR,Spanish Services PMI,Low,56.2,54.9,1.06249,1.07968,1.06017,1.07875
2025-03-05,2:15pm,EUR,Italian Services PMI,Low,53.0,50.4,1.06249,1.07968,1.06017,1.07875
2025-03-05,2:20pm,EUR,French Final Services PMI,Low,45.3,44.5,1.06249,1.07968,1.06017,1.07875
2025-03-05,2:25pm,EUR,German Final Services PMI,Low,51.1,52.2,1.06249,1.07968,1.06017,1.07875
2025-03-05,2:30pm,EUR,Final Services PMI,Low,50.6,50.7,1.06249,1.07968,1.06017,1.07875
2025-03-05,3:30pm,EUR,PPI m/m,Low,0.8%,0.5%,1.06249,1.07968,1.06017,1.07875
2025-03-05,3:30pm,EUR,Italian Retail Sales m/m,Low,-0.4%,0.6%,1.06249,1.07968,1.06017,1.07875
2025-03-05,6:45pm,USD,ADP Non-Farm Employment Change,High,77K,186K,1.06249,1.07968,1.06017,1.07875
2025-03-05,8:15pm,USD,Final Services PMI,Medium,51.0,49.7,1.06249,1.07968,1.06017,1.07875
2025-03-05,8:30pm,USD,ISM Services PMI,High,53.5,52.8,1.06249,1.07968,1.06017,1.07875
2025-03-05,8:30pm,USD,Factory Orders m/m,Low,1.7%,-0.6%,1.06249,1.07968,1.06017,1.07875
2025-03-05,9:00pm,USD,Crude Oil Inventories,Low,3.6M,-2.3M,1.06249,1.07968,1.06017,1.07875
2025-03-06,3:10pm,EUR,Spanish 10-y Bond Auction,Low,3.51|1.9,2.74|2.6,1.07864,1.08537,1.07655,1.07818
2025-03-06,3:29pm,EUR,French 10-y Bond Auction,Low,3.51|2.7,3.15|2.2,1.07864,1.08537,1.07655,1.07818
2025-03-06,3:30pm,EUR,Retail Sales m/m,Low,-0.3%,0.0%,1.07864,1.08537,1.07655,1.07818
2025-03-06,6:00pm,USD,Challenger Job Cuts y/y,Low,103.2%,-39.5%,1.07864,1.08537,1.07655,1.07818
2025-03-06,6:45pm,EUR,Main Refinancing Rate,High,2.65%,2.90%,1.07864,1.08537,1.07655,1.07818
2025-03-06,6:45pm,USD,Unemployment Claims,High,221K,242K,1.07864,1.08537,1.07655,1.07818
2025-03-06,6:45pm,USD,Revised Nonfarm Productivity q/q,Low,1.5%,1.2%,1.07864,1.08537,1.07655,1.07818
2025-03-06,6:45pm,USD,Revised Unit Labor Costs q/q,Low,2.2%,3.0%,1.07864,1.08537,1.07655,1.07818
2025-03-06,6:45pm,USD,Trade Balance,Low,-131.4B,-98.1B,1.07864,1.08537,1.07655,1.07818
2025-03-06,6:45pm,USD,Final Wholesale Inventories m/m,Low,0.8%,0.7%,1.07864,1.08537,1.07655,1.07818
2025-03-06,9:00pm,USD,Natural Gas Storage,Low,-80B,-261B,1.07864,1.08537,1.07655,1.07818
2025-03-07,12:30pm,EUR,German Factory Orders m/m,Low,-7.0%,5.9%,1.0782,1.08888,1.07768,1.083
2025-03-07,1:15pm,EUR,French Trade Balance,Low,-6.5B,-3.5B,1.0782,1.08888,1.07768,1.083
2025-03-07,3:30pm,EUR,Final Employment Change q/q,Low,0.1%,0.1%,1.0782,1.08888,1.07768,1.083
2025-03-07,3:30pm,EUR,Revised GDP q/q,Low,0.2%,0.1%,1.0782,1.08888,1.07768,1.083
2025-03-07,3:30pm,USD,Average Hourly Earnings m/m,High,0.3%,0.4%,1.0782,1.08888,1.07768,1.083
2025-03-07,3:30pm,USD,Non-Farm Employment Change,High,151K,125K,1.0782,1.08888,1.07768,1.083
2025-03-07,3:30pm,USD,Unemployment Rate,High,4.1%,4.0%,1.0782,1.08888,1.07768,1.083
2025-03-08,3:30pm,USD,Consumer Credit m/m,Low,18.1B,37.1B,,,,
2025-03-10,12:30pm,EUR,German Industrial Production m/m,Low,2.0%,-1.5%,1.08392,1.08747,1.08048,1.0834
2025-03-10,12:30pm,EUR,German Trade Balance,Low,16.0B,20.7B,1.08392,1.08747,1.08048,1.0834
2025-03-10,3:00pm,EUR,Sentix Investor Confidence,Low,-2.9,-12.7,1.08392,1.08747,1.08048,1.0834
2025-03-11,3:30pm,USD,NFIB Small Business Index,Low,100.7,102.8,1.08345,1.09472,1.08305,1.0911
2025-03-11,7:30pm,USD,JOLTS Job Openings,High,7.74M,7.51M,1.08345,1.09472,1.08305,1.0911
2025-03-12,4:01pm,EUR,German 10-y Bond Auction,Low,2.92|2.1,2.52|2.8,1.09111,1.09314,1.08754,1.08857
2025-03-12,6:00pm,USD,Core CPI m/m,High,0.2%,0.4%,1.09111,1.09314,1.08754,1.08857
2025-03-12,6:00pm,USD,CPI m/m,High,0.2%,0.5%,1.09111,1.09314,1.08754,1.08857
2025-03-12,6:00pm,USD,CPI y/y,High,2.8%,3.0%,1.09111,1.09314,1.08754,1.08857
2025-03-12,6:00pm,USD,Crude Oil Inventories,Low,1.4M,3.6M,1.09111,1.09314,1.08754,1.08857
2025-03-12,10:31pm,USD,10-y Bond Auction,Low,4.31|2.6,4.63|2.5,1.09111,1.09314,1.08754,1.08857
2025-03-12,11:30pm,USD,Federal Budget Balance,Low,-307.0B,-128.6B,1.09111,1.09314,1.08754,1.08857
2025-03-13,2:30pm,EUR,Italian Quarterly Unemployment Rate,Low,6.1%,6.3%,1.08856,1.08972,1.08222,1.0851
2025-03-13,3:30pm,EUR,Industrial Production m/m,Low,0.8%,-0.4%,1.08856,1.08972,1.08222,1.0851
2025-03-13,3:30pm,USD,Core PPI m/m,High,-0.1%,0.5%,1.08856,1.08972,1.08222,1.0851
2025-03-13,3:30pm,USD,PPI m/m,High,0.0%,0.6%,1.08856,1.08972,1.08222,1.0851
2025-03-13,3:30pm,USD,Unemployment Claims,High,220K,222K,1.08856,1.08972,1.08222,1.0851
2025-03-13,8:00pm,USD,Natural Gas Storage,Low,-62B,-80B,1.08856,1.08972,1.08222,1.0851
2025-03-13,10:31pm,USD,30-y Bond Auction,Low,4.62|2.4,4.75|2.3,1.08856,1.08972,1.08222,1.0851
2025-03-14,12:30pm,EUR,German Final CPI m/m,Low,0.4%,0.4%,1.08515,1.09127,1.08304,1.08765
2025-03-14,12:30pm,EUR,German WPI m/m,Low,0.6%,0.9%,1.08515,1.09127,1.08304,1.08765
2025-03-14,1:15pm,EUR,French Final CPI m/m,Low,0.0%,0.0%,1.08515,1.09127,1.08304,1.08765
2025-03-14,2:30pm,EUR,Italian Industrial Production m/m,Low,3.2%,-2.7%,1.08515,1.09127,1.08304,1.08765
2025-03-14,7:30pm,USD,Prelim UoM Consumer Sentiment,High,57.9,64.7,1.08515,1.09127,1.08304,1.08765
2025-03-14,7:30pm,USD,Prelim UoM Inflation Expectations,High,4.9%,4.3%,1.08515,1.09127,1.08304,1.08765
2025-03-17,5:31am,USD,Core Retail Sales m/m,High,0.3%,-0.6%,1.088,1.09297,1.0868,1.09212
2025-03-17,5:31am,USD,Retail Sales m/m,High,0.2%,-1.2%,1.088,1.09297,1.0868,1.09212
2025-03-17,5:31am,USD,Empire State Manufacturing Index,Medium,-20.0,5.7,1.088,1.09297,1.0868,1.09212
2025-03-17,7:30pm,USD,Business Inventories m/m,Low,0.3%,-0.2%,1.088,1.09297,1.0868,1.09212
2025-03-17,7:30pm,USD,NAHB Housing Market Index,Low,39,42,1.088,1.09297,1.0868,1.09212
2025-03-18,2:30pm,EUR,Italian Trade Balance,Low,-0.26B,5.82B,1.09214,1.09547,1.08921,1.09442
2025-03-18,3:30pm,EUR,German ZEW Economic Sentiment,Medium,51.6,26.0,1.09214,1.09547,1.08921,1.09442
2025-03-18,3:30pm,EUR,Trade Balance,Low,14.0B,14.2B,1.09214,1.09547,1.08921,1.09442
2025-03-18,3:30pm,EUR,ZEW Economic Sentiment,Low,39.8,24.2,1.09214,1.09547,1.08921,1.09442
2025-03-18,3:30pm,USD,Building Permits,Low,1.46M,1.47M,1.09214,1.09547,1.08921,1.09442
2025-03-18,3:30pm,USD,Housing Starts,Low,1.50M,1.35M,1.09214,1.09547,1.08921,1.09442
2025-03-18,3:30pm,USD,Import Prices m/m,Low,0.4%,0.4%,1.09214,1.09547,1.08921,1.09442
2025-03-18,6:45pm,USD,Capacity Utilization Rate,Low,78.2%,77.7%,1.09214,1.09547,1.08921,1.09442
2025-03-18,6:45pm,USD,Industrial Production m/m,Low,0.7%,0.3%,1.09214,1.09547,1.08921,1.09442
2025-03-19,3:30pm,EUR,Final Core CPI y/y,Low,2.6%,2.6%,1.09436,1.0946,1.08603,1.09033
2025-03-19,3:30pm,EUR,Final CPI y/y,Low,2.3%,2.5%,1.09436,1.0946,1.08603,1.09033
2025-03-19,4:03pm,EUR,German 30-y Bond Auction,Low,3.08|1.9,2.70|2.5,1.09436,1.0946,1.08603,1.09033
2025-03-19,8:00pm,USD,Crude Oil Inventories,Low,1.7M,1.4M,1.09436,1.0946,1.08603,1.09033
2025-03-19,11:30pm,USD,Federal Funds Rate,High,4.50%,4.50%,1.09436,1.0946,1.08603,1.09033
2025-03-20,1:30am,USD,TIC Long-Term Purchases,Low,-45.2B,75.0B,1.09045,1.09173,1.08143,1.08539
2025-03-20,1:30am,EUR,German PPI m/m,Low,-0.2%,-0.1%,1.09045,1.09173,1.08143,1.08539
2025-03-20,3:10pm,EUR,Spanish 10-y Bond Auction,Low,3.38|1.5,3.51|1.9,1.09045,1.09173,1.08143,1.08539
2025-03-20,3:10pm,USD,Unemployment Claims,High,223K,221K,1.09045,1.09173,1.08143,1.08539
2025-03-20,3:10pm,USD,Philly Fed Manufacturing Index,Medium,12.5,18.1,1.09045,1.09173,1.08143,1.08539
2025-03-20,3:10pm,USD,Current Account,Low,-304B,-310B,1.09045,1.09173,1.08143,1.08539
2025-03-20,7:30pm,USD,Existing Home Sales,Medium,4.26M,4.09M,1.09045,1.09173,1.08143,1.08539
2025-03-20,7:30pm,USD,CB Leading Index m/m,Low,-0.3%,-0.2%,1.09045,1.09173,1.08143,1.08539
2025-03-20,8:00pm,USD,Natural Gas Storage,Low,9B,-62B,1.09045,1.09173,1.08143,1.08539
2025-03-21,2:30pm,EUR,Current Account,Low,35.4B,38.4B,1.08535,1.08613,1.07962,1.08121
2025-03-21,8:30pm,EUR,Consumer Confidence,Low,-15,-14,1.08535,1.08613,1.07962,1.08121
2025-03-24,1:45pm,EUR,French Flash Manufacturing PMI,High,48.9,45.8,1.08168,1.08582,1.07813,1.07995
2025-03-24,1:45pm,EUR,French Flash Services PMI,High,46.6,45.3,1.08168,1.08582,1.07813,1.07995
2025-03-24,2:00pm,EUR,German Flash Manufacturing PMI,High,48.3,46.5,1.08168,1.08582,1.07813,1.07995
2025-03-24,2:00pm,EUR,German Flash Services PMI,High,50.2,51.1,1.08168,1.08582,1.07813,1.07995
2025-03-24,2:30pm,EUR,Flash Manufacturing PMI,Medium,48.7,47.6,1.08168,1.08582,1.07813,1.07995
2025-03-24,2:30pm,EUR,Flash Services PMI,Medium,50.4,50.6,1.08168,1.08582,1.07813,1.07995
2025-03-24,7:15pm,USD,Flash Manufacturing PMI,High,49.8,52.7,1.08168,1.08582,1.07813,1.07995
2025-03-24,7:15pm,USD,Flash Services PMI,High,54.3,51.0,1.08168,1.08582,1.07813,1.07995
2025-03-25,2:30pm,EUR,German ifo Business Climate,Medium,86.7,85.3,1.07991,1.08301,1.07765,1.07908
2025-03-25,6:30pm,USD,S&P/CS Composite-20 HPI y/y,Medium,4.7%,4.5%,1.07991,1.08301,1.07765,1.07908
2025-03-25,6:30pm,USD,HPI m/m,Low,0.2%,0.5%,1.07991,1.08301,1.07765,1.07908
2025-03-25,7:25pm,EUR,Belgian NBB Business Climate,Low,-15.1,-12.3,1.07991,1.08301,1.07765,1.07908
2025-03-25,7:29pm,USD,Richmond Manufacturing Index,Medium,-4,6,1.07991,1.08301,1.07765,1.07908
2025-03-25,7:30pm,USD,CB Consumer Confidence,Medium,92.9,100.1,1.07991,1.08301,1.07765,1.07908
2025-03-25,7:30pm,USD,New Home Sales,Medium,676K,664K,1.07991,1.08301,1.07765,1.07908
2025-03-26,3:00pm,USD,Core Durable Goods Orders m/m,Medium,0.7%,0.1%,1.07921,1.0803,1.07342,1.07362
2025-03-26,3:00pm,USD,Durable Goods Orders m/m,Medium,0.9%,3.2%,1.07921,1.0803,1.07342,1.07362
2025-03-26,8:00pm,USD,Crude Oil Inventories,Low,-3.3M,1.7M,1.07921,1.0803,1.07342,1.07362
2025-03-27,2:30pm,EUR,M3 Money Supply y/y,Low,4.0%,3.8%,1.07365,1.08212,1.07327,1.07974
2025-03-27,2:30pm,EUR,Private Loans y/y,Low,1.5%,1.3%,1.07365,1.08212,1.07327,1.07974
2025-03-27,6:00pm,USD,Final GDP q/q,High,2.4%,2.3%,1.07365,1.08212,1.07327,1.07974
2025-03-27,6:00pm,USD,Unemployment Claims,High,224K,225K,1.07365,1.08212,1.07327,1.07974
2025-03-27,6:00pm,USD,Final GDP Price Index q/q,Medium,2.3%,2.4%,1.07365,1.08212,1.07327,1.07974
2025-03-27,6:00pm,USD,Goods Trade Balance,Low,-147.9B,-155.6B,1.07365,1.08212,1.07327,1.07974
2025-03-27,6:00pm,USD,Prelim Wholesale Inventories m/m,Low,0.3%,0.8%,1.07365,1.08212,1.07327,1.07974
2025-03-27,7:30pm,USD,Pending Home Sales m/m,Medium,2.0%,-4.6%,1.07365,1.08212,1.07327,1.07974
2025-03-27,8:00pm,USD,Natural Gas Storage,Low,37B,9B,1.07365,1.08212,1.07327,1.07974
2025-03-28,12:30pm,EUR,German GfK Consumer Climate,Low,-24.5,-24.6,1.07971,1.08448,1.07644,1.08237
2025-03-28,1:15pm,EUR,French Consumer Spending m/m,Low,-0.1%,-0.6%,1.07971,1.08448,1.07644,1.08237
2025-03-28,1:15pm,EUR,French Prelim CPI m/m,Low,0.2%,0.0%,1.07971,1.08448,1.07644,1.08237
2025-03-28,1:15pm,EUR,Spanish Flash CPI y/y,Medium,2.3%,3.0%,1.07971,1.08448,1.07644,1.08237
2025-03-28,2:25pm,EUR,German Unemployment Change,Low,26K,9K,1.07971,1.08448,1.07644,1.08237
2025-03-28,3:43pm,EUR,Italian 10-y Bond Auction,Low,3.83|1.7,3.55|1.6,1.07971,1.08448,1.07644,1.08237
2025-03-28,3:43pm,USD,Core PCE Price Index m/m,High,0.4%,0.3%,1.07971,1.08448,1.07644,1.08237
2025-03-28,3:43pm,USD,Personal Income m/m,Low,0.8%,0.7%,1.07971,1.08448,1.07644,1.08237
2025-03-28,3:43pm,USD,Personal Spending m/m,Low,0.4%,-0.3%,1.07971,1.08448,1.07644,1.08237
2025-03-28,7:30pm,USD,Revised UoM Consumer Sentiment,Medium,57.0,57.9,1.07971,1.08448,1.07644,1.08237
2025-03-28,7:30pm,USD,Revised UoM Inflation Expectations,Low,5.0%,4.9%,1.07971,1.08448,1.07644,1.08237
2025-03-31,11:30am,EUR,German Import Prices m/m,Low,0.3%,1.1%,1.08144,1.08494,1.07837,1.08184
2025-03-31,11:30am,EUR,German Retail Sales m/m,Low,0.8%,0.7%,1.08144,1.08494,1.07837,1.08184
2025-03-31,All Day,EUR,German Prelim CPI m/m,High,0.3%,0.4%,1.08144,1.08494,1.07837,1.08184
2025-03-31,2:30pm,EUR,Italian Prelim CPI m/m,Low,0.4%,0.2%,1.08144,1.08494,1.07837,1.08184
2025-03-31,7:15pm,USD,Chicago PMI,Low,47.6,45.5,1.08144,1.08494,1.07837,1.08184
2025-04-01,12:45pm,EUR,Spanish Manufacturing PMI,Low,49.5,49.7,1.08181,1.08301,1.07779,1.07929
2025-04-01,1:15pm,EUR,Italian Manufacturing PMI,Low,46.6,47.4,1.08181,1.08301,1.07779,1.07929
2025-04-01,1:20pm,EUR,French Final Manufacturing PMI,Low,48.5,48.9,1.08181,1.08301,1.07779,1.07929
2025-04-01,1:25pm,EUR,German Final Manufacturing PMI,Low,48.3,48.3,1.08181,1.08301,1.07779,1.07929
2025-04-01,1:30pm,EUR,Final Manufacturing PMI,Low,48.6,48.7,1.08181,1.08301,1.07779,1.07929
2025-04-01,1:30pm,EUR,Italian Monthly Unemployment Rate,Low,5.9%,6.2%,1.08181,1.08301,1.07779,1.07929
2025-04-01,2:30pm,EUR,Core CPI Flash Estimate y/y,Medium,2.4%,2.6%,1.08181,1.08301,1.07779,1.07929
2025-04-01,2:30pm,EUR,CPI Flash Estimate y/y,Medium,2.2%,2.3%,1.08181,1.08301,1.07779,1.07929
2025-04-01,2:30pm,EUR,Unemployment Rate,Low,6.1%,6.2%,1.08181,1.08301,1.07779,1.07929
2025-04-01,7:15pm,USD,Final Manufacturing PMI,Medium,50.2,49.8,1.08181,1.08301,1.07779,1.07929
2025-04-01,7:30pm,USD,ISM Manufacturing PMI,High,49.0,50.3,1.08181,1.08301,1.07779,1.07929
2025-04-01,7:30pm,USD,JOLTS Job Openings,High,7.57M,7.76M,1.08181,1.08301,1.07779,1.07929
2025-04-01,7:30pm,USD,ISM Manufacturing Prices,Medium,69.4,62.4,1.08181,1.08301,1.07779,1.07929
2025-04-01,7:30pm,USD,Construction Spending m/m,Low,0.7%,-0.5%,1.08181,1.08301,1.07779,1.07929
2025-04-01,All Day,USD,Wards Total Vehicle Sales,Low,17.8M,16.0M,1.08181,1.08301,1.07779,1.07929
2025-04-01,8:04pm,USD,RCM/TIPP Economic Optimism,Low,49.1,49.8,1.08181,1.08301,1.07779,1.07929
2025-04-02,12:15pm,EUR,French Gov Budget Balance,Low,-40.3B,-17.3B,1.07929,1.09243,1.078,1.08264
2025-04-02,12:30pm,EUR,Spanish Unemployment Change,Low,-13.3K,-6.0K,1.07929,1.09243,1.078,1.08264
2025-04-02,3:03pm,EUR,German 10-y Bond Auction,Low,2.68|2.2,2.92|2.1,1.07929,1.09243,1.078,1.08264
2025-04-02,5:45pm,USD,ADP Non-Farm Employment Change,High,155K,84K,1.07929,1.09243,1.078,1.08264
2025-04-02,7:30pm,USD,Factory Orders m/m,Low,0.6%,1.8%,1.07929,1.09243,1.078,1.08264
2025-04-02,8:00pm,USD,Crude Oil Inventories,Low,6.2M,-3.3M,1.07929,1.09243,1.078,1.08264
2025-04-03,12:45pm,EUR,Spanish Services PMI,Low,54.7,56.2,1.08262,1.11466,1.08046,1.10505
2025-04-03,1:15pm,EUR,Italian Services PMI,Low,52.0,53.0,1.08262,1.11466,1.08046,1.10505
2025-04-03,1:20pm,EUR,French Final Services PMI,Low,47.9,46.6,1.08262,1.11466,1.08046,1.10505
2025-04-03,1:25pm,EUR,German Final Services PMI,Low,50.9,50.2,1.08262,1.11466,1.08046,1.10505
2025-04-03,1:30pm,EUR,Final Services PMI,Low,51.0,50.4,1.08262,1.11466,1.08046,1.10505
2025-04-03,2:26pm,EUR,French 10-y Bond Auction,Low,3.37|3.0,3.51|2.7,1.08262,1.11466,1.08046,1.10505
2025-04-03,2:30pm,EUR,PPI m/m,Low,0.2%,0.7%,1.08262,1.11466,1.08046,1.10505
2025-04-03,2:30pm,USD,Challenger Job Cuts y/y,Low,204.8%,103.2%,1.08262,1.11466,1.08046,1.10505
2025-04-03,2:30pm,USD,Unemployment Claims,High,219K,225K,1.08262,1.11466,1.08046,1.10505
2025-04-03,2:30pm,USD,Trade Balance,Low,-122.7B,-130.7B,1.08262,1.11466,1.08046,1.10505
2025-04-03,7:15pm,USD,Final Services PMI,Medium,54.4,54.3,1.08262,1.11466,1.08046,1.10505
2025-04-03,7:30pm,USD,ISM Services PMI,High,50.8,53.5,1.08262,1.11466,1.08046,1.10505
2025-04-03,8:00pm,USD,Natural Gas Storage,Low,29B,37B,1.08262,1.11466,1.08046,1.10505
2025-04-04,11:30am,EUR,German Factory Orders m/m,Low,0.0%,-5.5%,1.10509,1.11076,1.09242,1.09573
2025-04-04,12:15pm,EUR,French Industrial Production m/m,Low,0.7%,-0.5%,1.10509,1.11076,1.09242,1.09573
2025-04-04,1:30pm,EUR,Italian Retail Sales m/m,Low,0.1%,-0.4%,1.10509,1.11076,1.09242,1.09573
2025-04-04,2:00pm,USD,Average Hourly Earnings m/m,High,0.3%,0.2%,1.10509,1.11076,1.09242,1.09573
2025-04-04,2:00pm,USD,Non-Farm Employment Change,High,228K,117K,1.10509,1.11076,1.09242,1.09573
2025-04-04,2:00pm,USD,Unemployment Rate,High,4.2%,4.1%,1.10509,1.11076,1.09242,1.09573
2025-04-07,11:30am,EUR,German Industrial Production m/m,Low,-1.3%,2.0%,1.09148,1.105,1.09007,1.09112
2025-04-07,11:30am,EUR,German Trade Balance,Low,17.7B,16.2B,1.09148,1.105,1.09007,1.09112
2025-04-07,2:00pm,EUR,Sentix Investor Confidence,Low,-19.5,-2.9,1.09148,1.105,1.09007,1.09112
2025-04-07,2:30pm,EUR,Retail Sales m/m,Low,0.3%,0.0%,1.09148,1.105,1.09007,1.09112
2025-04-08,12:30am,USD,Consumer Credit m/m,Low,-0.8B,8.9B,1.09112,1.09918,1.08881,1.09565
2025-04-08,12:15pm,EUR,French Trade Balance,Low,-7.9B,-6.5B,1.09112,1.09918,1.08881,1.09565
2025-04-08,3:12pm,EUR,German 10-y Bond Auction,Low,2.62|1.3,2.68|2.2,1.09112,1.09918,1.08881,1.09565
2025-04-08,3:30pm,USD,NFIB Small Business Index,Low,97.4,100.7,1.09112,1.09918,1.08881,1.09565
2025-04-09,7:30pm,USD,Final Wholesale Inventories m/m,Low,0.3%,0.3%,1.09564,1.10952,1.0913,1.09503
2025-04-09,8:00pm,USD,Crude Oil Inventories,Low,2.6M,6.2M,1.09564,1.10952,1.0913,1.09503
2025-04-09,10:31pm,USD,10-y Bond Auction,Medium,4.44|2.7,4.31|2.6,1.09564,1.10952,1.0913,1.09503
2025-04-10,1:30pm,EUR,Italian Industrial Production m/m,Low,-0.9%,2.5%,1.09497,1.12414,1.09426,1.11888
2025-04-10,2:14pm,EUR,Spanish 10-y Bond Auction,Low,3.35|1.9,3.38|1.5,1.09497,1.12414,1.09426,1.11888
2025-04-10,2:14pm,USD,Core CPI m/m,High,0.1%,0.2%,1.09497,1.12414,1.09426,1.11888
2025-04-10,2:14pm,USD,CPI m/m,High,-0.1%,0.2%,1.09497,1.12414,1.09426,1.11888
2025-04-10,2:14pm,USD,CPI y/y,High,2.4%,2.8%,1.09497,1.12414,1.09426,1.11888
2025-04-10,2:14pm,USD,Unemployment Claims,High,223K,219K,1.09497,1.12414,1.09426,1.11888
2025-04-10,8:00pm,USD,Natural Gas Storage,Low,57B,29B,1.09497,1.12414,1.09426,1.11888
2025-04-10,10:31pm,USD,30-y Bond Auction,Medium,4.81|2.4,4.62|2.4,1.09497,1.12414,1.09426,1.11888
2025-04-10,11:30pm,USD,Federal Budget Balance,Low,-160.5B,-307.0B,1.09497,1.12414,1.09426,1.11888
2025-04-11,11:30am,EUR,German Final CPI m/m,Low,0.3%,0.3%,1.11918,1.14736,1.11918,1.13586
2025-04-11,6:00pm,USD,Core PPI m/m,High,-0.1%,0.1%,1.11918,1.14736,1.11918,1.13586
2025-04-11,6:00pm,USD,PPI m/m,High,-0.4%,0.1%,1.11918,1.14736,1.11918,1.13586
2025-04-11,7:30pm,USD,Prelim UoM Consumer Sentiment,High,50.8,57.0,1.11918,1.14736,1.11918,1.13586
2025-04-11,7:30pm,USD,Prelim UoM Inflation Expectations,High,6.7%,5.0%,1.11918,1.14736,1.11918,1.13586
2025-04-15,11:30am,EUR,German WPI m/m,Low,-0.2%,0.6%,1.13531,1.13789,1.12638,1.12812
2025-04-15,12:15pm,EUR,French Final CPI m/m,Low,0.2%,0.2%,1.13531,1.13789,1.12638,1.12812
2025-04-15,2:30pm,EUR,German ZEW Economic Sentiment,Medium,-14.0,51.6,1.13531,1.13789,1.12638,1.12812
2025-04-15,2:30pm,EUR,Industrial Production m/m,Low,1.1%,0.6%,1.13531,1.13789,1.12638,1.12812
2025-04-15,2:30pm,EUR,ZEW Economic Sentiment,Low,-18.5,39.8,1.13531,1.13789,1.12638,1.12812
2025-04-15,2:33pm,USD,Empire State Manufacturing Index,Medium,-8.1,-20.0,1.13531,1.13789,1.12638,1.12812
2025-04-15,2:33pm,USD,Import Prices m/m,Low,-0.1%,0.2%,1.13531,1.13789,1.12638,1.12812
2025-04-16,1:30pm,EUR,Current Account,Low,34.3B,40.3B,1.12806,1.14127,1.12805,1.1397
2025-04-16,2:30pm,EUR,Final Core CPI y/y,Low,2.4%,2.4%,1.12806,1.14127,1.12805,1.1397
2025-04-16,2:30pm,EUR,Final CPI y/y,Low,2.2%,2.2%,1.12806,1.14127,1.12805,1.1397
2025-04-16,3:07pm,EUR,German 30-y Bond Auction,Low,2.90|1.7,3.08|1.9,1.12806,1.14127,1.12805,1.1397
2025-04-16,6:00pm,USD,Core Retail Sales m/m,High,0.5%,0.7%,1.12806,1.14127,1.12805,1.1397
2025-04-16,6:00pm,USD,Retail Sales m/m,High,1.4%,0.2%,1.12806,1.14127,1.12805,1.1397
2025-04-16,6:45pm,USD,Capacity Utilization Rate,Low,77.8%,78.2%,1.12806,1.14127,1.12805,1.1397
2025-04-16,6:45pm,USD,Industrial Production m/m,Low,-0.3%,0.8%,1.12806,1.14127,1.12805,1.1397
2025-04-16,7:30pm,USD,Business Inventories m/m,Low,0.2%,0.3%,1.12806,1.14127,1.12805,1.1397
2025-04-16,7:30pm,USD,NAHB Housing Market Index,Low,40,39,1.12806,1.14127,1.12805,1.1397
2025-04-16,7:30pm,USD,Crude Oil Inventories,Low,0.5M,2.6M,1.12806,1.14127,1.12805,1.1397
2025-04-17,1:30am,USD,TIC Long-Term Purchases,Low,112.0B,-42.2B,1.13965,1.14091,1.13349,1.13668
2025-04-17,5:20am,EUR,German PPI m/m,Low,-0.7%,-0.2%,1.13965,1.14091,1.13349,1.13668
2025-04-17,5:45pm,EUR,Main Refinancing Rate,High,2.40%,2.65%,1.13965,1.14091,1.13349,1.13668
2025-04-17,5:45pm,USD,Unemployment Claims,High,215K,224K,1.13965,1.14091,1.13349,1.13668
2025-04-17,5:45pm,USD,Philly Fed Manufacturing Index,Medium,-26.4,12.5,1.13965,1.14091,1.13349,1.13668
2025-04-17,5:45pm,USD,Building Permits,Low,1.48M,1.46M,1.13965,1.14091,1.13349,1.13668
2025-04-17,5:45pm,USD,Housing Starts,Low,1.32M,1.49M,1.13965,1.14091,1.13349,1.13668
2025-04-17,8:00pm,USD,Natural Gas Storage,Low,16B,57B,1.13965,1.14091,1.13349,1.13668
2025-04-18,1:30pm,EUR,Italian Trade Balance,Low,4.47B,-0.26B,1.1367,1.1398,1.13576,1.13913
2025-04-21,7:30pm,USD,CB Leading Index m/m,Low,-0.7%,-0.2%,1.14072,1.15733,1.139,1.15085
2025-04-22,7:29pm,USD,Richmond Manufacturing Index,Medium,-13,-4,1.15085,1.15473,1.13613,1.13623
2025-04-22,7:29pm,EUR,Consumer Confidence,Low,-17,-15,1.15085,1.15473,1.13613,1.13623
2025-04-23,12:45pm,EUR,French Flash Manufacturing PMI,High,48.2,48.5,1.13651,1.144,1.13072,1.13236
2025-04-23,12:45pm,EUR,French Flash Services PMI,High,46.8,47.9,1.13651,1.144,1.13072,1.13236
2025-04-23,1:00pm,EUR,German Flash Manufacturing PMI,High,48.0,48.3,1.13651,1.144,1.13072,1.13236
2025-04-23,1:00pm,EUR,German Flash Services PMI,High,48.8,50.9,1.13651,1.144,1.13072,1.13236
2025-04-23,1:30pm,EUR,Flash Manufacturing PMI,Medium,48.7,48.6,1.13651,1.144,1.13072,1.13236
2025-04-23,1:30pm,EUR,Flash Services PMI,Medium,49.7,51.0,1.13651,1.144,1.13072,1.13236
2025-04-23,2:30pm,EUR,Trade Balance,Low,21.0B,14.4B,1.13651,1.144,1.13072,1.13236
2025-04-23,3:01pm,EUR,German 10-y Bond Auction,Low,2.47|1.4,2.62|1.3,1.13651,1.144,1.13072,1.13236
2025-04-23,7:15pm,USD,Flash Manufacturing PMI,High,50.7,50.2,1.13651,1.144,1.13072,1.13236
2025-04-23,7:15pm,USD,Flash Services PMI,High,51.4,54.4,1.13651,1.144,1.13072,1.13236
2025-04-23,7:30pm,USD,New Home Sales,Medium,724K,674K,1.13651,1.144,1.13072,1.13236
2025-04-23,8:00pm,USD,Crude Oil Inventories,Low,0.2M,0.5M,1.13651,1.144,1.13072,1.13236
2025-04-24,1:30pm,EUR,German ifo Business Climate,Medium,86.9,86.7,1.13223,1.1398,1.13194,1.13857
2025-04-24,6:00pm,USD,Unemployment Claims,High,222K,216K,1.13223,1.1398,1.13194,1.13857
2025-04-24,6:00pm,USD,Core Durable Goods Orders m/m,Medium,0.0%,0.7%,1.13223,1.1398,1.13194,1.13857
2025-04-24,6:00pm,USD,Durable Goods Orders m/m,Medium,9.2%,0.9%,1.13223,1.1398,1.13194,1.13857
2025-04-24,6:25pm,EUR,Belgian NBB Business Climate,Low,-14.7,-15.1,1.13223,1.1398,1.13194,1.13857
2025-04-24,7:30pm,USD,Existing Home Sales,Medium,4.02M,4.27M,1.13223,1.1398,1.13194,1.13857
2025-04-24,8:00pm,USD,Natural Gas Storage,Low,88B,16B,1.13223,1.1398,1.13194,1.13857
2025-04-25,7:30pm,USD,Revised UoM Consumer Sentiment,Medium,52.2,50.8,1.13849,1.13912,1.13155,1.1364
2025-04-25,7:30pm,USD,Revised UoM Inflation Expectations,Low,6.5%,6.7%,1.13849,1.13912,1.13155,1.1364
2025-04-28,12:30pm,EUR,Spanish Unemployment Rate,Low,11.4%,10.6%,1.13601,1.1425,1.1329,1.14198
2025-04-29,11:30am,EUR,German GfK Consumer Climate,Low,-20.6,-24.3,1.14202,1.1422,1.13698,1.13846
2025-04-29,12:30pm,EUR,Spanish Flash CPI y/y,Medium,2.2%,2.3%,1.14202,1.1422,1.13698,1.13846
2025-04-29,12:30pm,EUR,Spanish Flash GDP q/q,Low,0.6%,0.7%,1.14202,1.1422,1.13698,1.13846
2025-04-29,1:30pm,EUR,M3 Money Supply y/y,Low,3.6%,3.9%,1.14202,1.1422,1.13698,1.13846
2025-04-29,1:30pm,EUR,Private Loans y/y,Low,1.7%,1.5%,1.14202,1.1422,1.13698,1.13846
2025-04-29,2:43pm,EUR,Italian 10-y Bond Auction,Low,3.62|1.6,3.83|1.7,1.14202,1.1422,1.13698,1.13846
2025-04-29,6:00pm,USD,Goods Trade Balance,Low,-162.0B,-147.8B,1.14202,1.1422,1.13698,1.13846
2025-04-29,6:00pm,USD,Prelim Wholesale Inventories m/m,Low,0.5%,0.5%,1.14202,1.1422,1.13698,1.13846
2025-04-29,6:30pm,USD,S&P/CS Composite-20 HPI y/y,Medium,4.5%,4.7%,1.14202,1.1422,1.13698,1.13846
2025-04-29,6:30pm,USD,HPI m/m,Low,0.1%,0.3%,1.14202,1.1422,1.13698,1.13846
2025-04-29,7:30pm,USD,JOLTS Job Openings,High,7.19M,7.48M,1.14202,1.1422,1.13698,1.13846
2025-04-29,7:30pm,USD,CB Consumer Confidence,Medium,86.0,93.9,1.14202,1.1422,1.13698,1.13846
2025-04-30,11:00am,EUR,French Consumer Spending m/m,Low,-1.0%,-0.2%,1.13861,1.13994,1.13168,1.13253
2025-04-30,11:00am,EUR,French Flash GDP q/q,Low,0.1%,-0.1%,1.13861,1.13994,1.13168,1.13253
2025-04-30,11:30am,EUR,German Import Prices m/m,Low,-1.0%,0.3%,1.13861,1.13994,1.13168,1.13253
2025-04-30,11:30am,EUR,German Retail Sales m/m,Low,-0.2%,0.2%,1.13861,1.13994,1.13168,1.13253
2025-04-30,All Day,EUR,German Prelim CPI m/m,High,0.4%,0.3%,1.13861,1.13994,1.13168,1.13253
2025-04-30,12:15pm,EUR,French Prelim CPI m/m,Low,0.5%,0.2%,1.13861,1.13994,1.13168,1.13253
2025-04-30,1:25pm,EUR,German Unemployment Change,Low,4K,25K,1.13861,1.13994,1.13168,1.13253
2025-04-30,1:25pm,EUR,Italian Prelim GDP q/q,Low,0.3%,0.1%,1.13861,1.13994,1.13168,1.13253
2025-04-30,1:25pm,EUR,German Prelim GDP q/q,Low,0.2%,-0.2%,1.13861,1.13994,1.13168,1.13253
2025-04-30,2:30pm,EUR,Italian Prelim CPI m/m,Low,0.2%,0.3%,1.13861,1.13994,1.13168,1.13253
2025-04-30,2:30pm,EUR,Prelim Flash GDP q/q,Low,0.4%,0.2%,1.13861,1.13994,1.13168,1.13253
2025-04-30,5:45pm,USD,ADP Non-Farm Employment Change,High,62K,147K,1.13861,1.13994,1.13168,1.13253
2025-04-30,5:45pm,USD,Advance GDP q/q,High,-0.3%,2.4%,1.13861,1.13994,1.13168,1.13253
2025-04-30,5:45pm,USD,Employment Cost Index q/q,High,0.9%,0.9%,1.13861,1.13994,1.13168,1.13253
2025-04-30,5:45pm,USD,Advance GDP Price Index q/q,Medium,3.7%,2.3%,1.13861,1.13994,1.13168,1.13253
2025-04-30,7:15pm,USD,Chicago PMI,Low,44.6,47.6,1.13861,1.13994,1.13168,1.13253
2025-04-30,7:30pm,USD,Core PCE Price Index m/m,High,0.0%,0.5%,1.13861,1.13994,1.13168,1.13253
2025-04-30,7:30pm,USD,Pending Home Sales m/m,Medium,6.1%,2.1%,1.13861,1.13994,1.13168,1.13253
2025-04-30,7:30pm,USD,Personal Income m/m,Low,0.5%,0.7%,1.13861,1.13994,1.13168,1.13253
2025-04-30,7:30pm,USD,Personal Spending m/m,Low,0.7%,0.5%,1.13861,1.13994,1.13168,1.13253
2025-04-30,8:00pm,USD,Crude Oil Inventories,Low,-2.7M,0.2M,1.13861,1.13994,1.13168,1.13253
2025-05-01,5:00pm,USD,Challenger Job Cuts y/y,Low,62.7%,204.8%,1.13253,1.13411,1.12655,1.12857
2025-05-01,6:00pm,USD,Unemployment Claims,High,241K,223K,1.13253,1.13411,1.12655,1.12857
2025-05-01,7:15pm,USD,Final Manufacturing PMI,Low,50.2,50.7,1.13253,1.13411,1.12655,1.12857
2025-05-01,7:30pm,USD,ISM Manufacturing PMI,High,48.7,49.0,1.13253,1.13411,1.12655,1.12857
2025-05-01,7:30pm,USD,ISM Manufacturing Prices,Medium,69.8,69.4,1.13253,1.13411,1.12655,1.12857
2025-05-01,7:30pm,USD,Construction Spending m/m,Low,-0.5%,0.6%,1.13253,1.13411,1.12655,1.12857
2025-05-01,All Day,USD,Wards Total Vehicle Sales,Low,17.3M,17.8M,1.13253,1.13411,1.12655,1.12857
2025-05-01,11:30pm,USD,Natural Gas Storage,Low,107B,88B,1.13253,1.13411,1.12655,1.12857
2025-05-02,12:15pm,EUR,French Gov Budget Balance,Low,-47.0B,-40.3B,1.12865,1.1381,1.12739,1.12952
2025-05-02,12:45pm,EUR,Spanish Manufacturing PMI,Low,48.1,49.5,1.12865,1.1381,1.12739,1.12952
2025-05-02,1:15pm,EUR,Italian Manufacturing PMI,Low,49.3,46.6,1.12865,1.1381,1.12739,1.12952
2025-05-02,1:20pm,EUR,French Final Manufacturing PMI,Low,48.7,48.2,1.12865,1.1381,1.12739,1.12952
2025-05-02,1:25pm,EUR,German Final Manufacturing PMI,Low,48.4,48.0,1.12865,1.1381,1.12739,1.12952
2025-05-02,1:30pm,EUR,Final Manufacturing PMI,Low,49.0,48.7,1.12865,1.1381,1.12739,1.12952
2025-05-02,1:30pm,EUR,Italian Monthly Unemployment Rate,Low,6.0%,5.9%,1.12865,1.1381,1.12739,1.12952
2025-05-02,2:30pm,EUR,Core CPI Flash Estimate y/y,Medium,2.7%,2.4%,1.12865,1.1381,1.12739,1.12952
2025-05-02,2:30pm,EUR,CPI Flash Estimate y/y,Medium,2.2%,2.2%,1.12865,1.1381,1.12739,1.12952
2025-05-02,2:30pm,EUR,Unemployment Rate,Low,6.2%,6.2%,1.12865,1.1381,1.12739,1.12952
2025-05-02,6:00pm,USD,Average Hourly Earnings m/m,High,0.2%,0.3%,1.12865,1.1381,1.12739,1.12952
2025-05-02,6:00pm,USD,Non-Farm Employment Change,High,177K,185K,1.12865,1.1381,1.12739,1.12952
2025-05-02,6:00pm,USD,Unemployment Rate,High,4.2%,4.2%,1.12865,1.1381,1.12739,1.12952
2025-05-02,7:30pm,USD,Factory Orders m/m,Low,4.3%,0.5%,1.12865,1.1381,1.12739,1.12952
2025-05-05,2:00pm,EUR,Sentix Investor Confidence,Low,-8.1,-19.5,1.1299,1.13648,1.12968,1.13143
2025-05-05,7:15pm,USD,Final Services PMI,Low,50.8,51.4,1.1299,1.13648,1.12968,1.13143
2025-05-05,7:30pm,USD,ISM Services PMI,High,51.6,50.8,1.1299,1.13648,1.12968,1.13143
2025-05-06,12:15pm,EUR,French Industrial Production m/m,Low,0.2%,1.0%,1.13157,1.13811,1.12796,1.13715
2025-05-06,12:30pm,EUR,Spanish Unemployment Change,Low,-67.4K,-13.3K,1.13157,1.13811,1.12796,1.13715
2025-05-06,12:45pm,EUR,Spanish Services PMI,Low,53.4,54.7,1.13157,1.13811,1.12796,1.13715
2025-05-06,1:15pm,EUR,Italian Services PMI,Low,52.9,52.0,1.13157,1.13811,1.12796,1.13715
2025-05-06,1:20pm,EUR,French Final Services PMI,Low,47.3,46.8,1.13157,1.13811,1.12796,1.13715
2025-05-06,1:25pm,EUR,German Final Services PMI,Low,49.0,48.8,1.13157,1.13811,1.12796,1.13715
2025-05-06,1:30pm,EUR,Final Services PMI,Low,50.1,49.7,1.13157,1.13811,1.12796,1.13715
2025-05-06,2:30pm,EUR,PPI m/m,Low,-1.6%,0.2%,1.13157,1.13811,1.12796,1.13715
2025-05-06,2:30pm,USD,Trade Balance,Low,-140.5B,-123.2B,1.13157,1.13811,1.12796,1.13715
2025-05-06,7:36pm,USD,RCM/TIPP Economic Optimism,Low,47.9,49.1,1.13157,1.13811,1.12796,1.13715
2025-05-06,10:31pm,USD,10-y Bond Auction,Low,4.34|2.6,4.44|2.7,1.13157,1.13811,1.12796,1.13715
2025-05-07,11:30am,EUR,German Factory Orders m/m,Low,3.6%,0.0%,1.13721,1.13782,1.12914,1.13106
2025-05-07,12:15pm,EUR,French Prelim Private Payrolls q/q,Low,0.0%,-0.3%,1.13721,1.13782,1.12914,1.13106
2025-05-07,12:15pm,EUR,French Trade Balance,Low,-6.2B,-7.7B,1.13721,1.13782,1.12914,1.13106
2025-05-07,1:30pm,EUR,Italian Retail Sales m/m,Low,-0.5%,0.1%,1.13721,1.13782,1.12914,1.13106
2025-05-07,2:27pm,EUR,French 10-y Bond Auction,Low,3.24|2.8,3.37|3.0,1.13721,1.13782,1.12914,1.13106
2025-05-07,2:27pm,EUR,Retail Sales m/m,Low,-0.1%,0.2%,1.13721,1.13782,1.12914,1.13106
2025-05-07,8:00pm,USD,Crude Oil Inventories,Low,-2.0M,-2.7M,1.13721,1.13782,1.12914,1.13106
2025-05-07,11:30pm,USD,Federal Funds Rate,High,4.50%,4.50%,1.13721,1.13782,1.12914,1.13106
2025-05-08,12:30am,USD,Consumer Credit m/m,Low,10.2B,-0.6B,1.1312,1.13362,1.12116,1.12261
2025-05-08,11:30am,EUR,German Industrial Production m/m,Low,3.0%,-1.3%,1.1312,1.13362,1.12116,1.12261
2025-05-08,11:30am,EUR,German Trade Balance,Low,21.1B,18.0B,1.1312,1.13362,1.12116,1.12261
2025-05-08,6:00pm,USD,Unemployment Claims,High,228K,241K,1.1312,1.13362,1.12116,1.12261
2025-05-08,6:00pm,USD,Prelim Nonfarm Productivity q/q,Low,-0.8%,1.5%,1.1312,1.13362,1.12116,1.12261
2025-05-08,6:00pm,USD,Prelim Unit Labor Costs q/q,Low,5.7%,2.2%,1.1312,1.13362,1.12116,1.12261
2025-05-08,6:00pm,USD,Final Wholesale Inventories m/m,Low,0.4%,0.5%,1.1312,1.13362,1.12116,1.12261
2025-05-08,8:00pm,USD,Natural Gas Storage,Low,104B,107B,1.1312,1.13362,1.12116,1.12261
2025-05-08,10:31pm,USD,30-y Bond Auction,Low,4.82|2.3,4.81|2.4,1.1312,1.13362,1.12116,1.12261
2025-05-09,1:30pm,EUR,Italian Industrial Production m/m,Low,0.1%,-0.9%,1.12268,1.12929,1.11964,1.1246
2025-05-12,7:15pm,USD,Cleveland Fed Inflation Expectations,Low,3.9%,3.2%,1.12136,1.12428,1.10651,1.1088
2025-05-12,11:30pm,USD,Federal Budget Balance,Low,258.4B,-160.5B,1.12136,1.12428,1.10651,1.1088
2025-05-13,2:30pm,EUR,German ZEW Economic Sentiment,Medium,25.2,-14.0,1.10878,1.11947,1.10868,1.11856
2025-05-13,2:30pm,EUR,ZEW Economic Sentiment,Low,11.6,-18.5,1.10878,1.11947,1.10868,1.11856
2025-05-13,3:30pm,USD,NFIB Small Business Index,Low,95.8,97.4,1.10878,1.11947,1.10868,1.11856
2025-05-13,6:00pm,USD,Core CPI m/m,High,0.2%,0.1%,1.10878,1.11947,1.10868,1.11856
2025-05-13,6:00pm,USD,CPI m/m,High,0.2%,-0.1%,1.10878,1.11947,1.10868,1.11856
2025-05-13,6:00pm,USD,CPI y/y,High,2.3%,2.4%,1.10878,1.11947,1.10868,1.11856
2025-05-13,7:30pm,USD,Mortgage Delinquencies,Low,4.04%,3.98%,1.10878,1.11947,1.10868,1.11856
2025-05-14,11:30am,EUR,German Final CPI m/m,Low,0.4%,0.4%,1.11855,1.12658,1.11643,1.11749
2025-05-14,3:08pm,EUR,German 30-y Bond Auction,Low,3.12|2.3,2.90|1.7,1.11855,1.12658,1.11643,1.11749
2025-05-14,3:08pm,USD,Crude Oil Inventories,Low,3.5M,-2.0M,1.11855,1.12658,1.11643,1.11749
2025-05-15,11:30am,EUR,German WPI m/m,Low,-0.1%,-0.2%,1.11763,1.1228,1.117,1.11872
2025-05-15,12:15pm,EUR,French Final CPI m/m,Low,0.6%,0.5%,1.11763,1.1228,1.117,1.11872
2025-05-15,2:30pm,EUR,Flash Employment Change q/q,Low,0.3%,0.1%,1.11763,1.1228,1.117,1.11872
2025-05-15,2:30pm,EUR,Flash GDP q/q,Low,0.3%,0.4%,1.11763,1.1228,1.117,1.11872
2025-05-15,2:30pm,EUR,Industrial Production m/m,Low,2.6%,1.1%,1.11763,1.1228,1.117,1.11872
2025-05-15,2:30pm,USD,Core PPI m/m,High,-0.4%,0.4%,1.11763,1.1228,1.117,1.11872
2025-05-15,2:30pm,USD,Core Retail Sales m/m,High,0.1%,0.8%,1.11763,1.1228,1.117,1.11872
2025-05-15,2:30pm,USD,PPI m/m,High,-0.5%,0.0%,1.11763,1.1228,1.117,1.11872
2025-05-15,2:30pm,USD,Retail Sales m/m,High,0.1%,1.7%,1.11763,1.1228,1.117,1.11872
2025-05-15,2:30pm,USD,Unemployment Claims,High,229K,229K,1.11763,1.1228,1.117,1.11872
2025-05-15,2:30pm,USD,Empire State Manufacturing Index,Medium,-9.2,-8.1,1.11763,1.1228,1.117,1.11872
2025-05-15,2:30pm,USD,Philly Fed Manufacturing Index,Medium,-4.0,-26.4,1.11763,1.1228,1.117,1.11872
2025-05-15,6:45pm,USD,Capacity Utilization Rate,Low,77.7%,77.8%,1.11763,1.1228,1.117,1.11872
2025-05-15,6:45pm,USD,Industrial Production m/m,Low,0.0%,-0.3%,1.11763,1.1228,1.117,1.11872
2025-05-15,7:30pm,USD,Business Inventories m/m,Low,0.1%,0.2%,1.11763,1.1228,1.117,1.11872
2025-05-15,7:30pm,USD,NAHB Housing Market Index,Low,34,40,1.11763,1.1228,1.117,1.11872
2025-05-15,8:00pm,USD,Natural Gas Storage,Low,110B,104B,1.11763,1.1228,1.117,1.11872
2025-05-16,2:30pm,EUR,Italian Trade Balance,Low,3.66B,4.44B,1.11883,1.12196,1.11307,1.1164
2025-05-16,2:30pm,EUR,Trade Balance,Low,27.9B,22.7B,1.11883,1.12196,1.11307,1.1164
2025-05-16,2:30pm,USD,Building Permits,Low,1.41M,1.48M,1.11883,1.12196,1.11307,1.1164
2025-05-16,2:30pm,USD,Housing Starts,Low,1.36M,1.34M,1.11883,1.12196,1.11307,1.1164
2025-05-16,2:30pm,USD,Import Prices m/m,Low,0.1%,-0.4%,1.11883,1.12196,1.11307,1.1164
2025-05-16,7:30pm,USD,Prelim UoM Consumer Sentiment,High,50.8,52.2,1.11883,1.12196,1.11307,1.1164
2025-05-16,7:30pm,USD,Prelim UoM Inflation Expectations,High,7.3%,6.5%,1.11883,1.12196,1.11307,1.1164
2025-05-17,1:30am,USD,TIC Long-Term Purchases,Low,161.8B,112.9B,,,,
2025-05-19,10:00am,EUR,Final Core CPI y/y,Low,2.7%,2.7%,1.11737,1.12881,1.11711,1.12431
2025-05-19,10:00am,EUR,Final CPI y/y,Low,2.2%,2.2%,1.11737,1.12881,1.11711,1.12431
2025-05-19,7:30pm,USD,CB Leading Index m/m,Low,-1.0%,-0.8%,1.11737,1.12881,1.11711,1.12431
2025-05-20,11:30am,EUR,German PPI m/m,Low,-0.6%,-0.7%,1.12433,1.12858,1.12177,1.12822
2025-05-20,1:30pm,EUR,Current Account,Low,50.9B,40.6B,1.12433,1.12858,1.12177,1.12822
2025-05-20,7:30pm,EUR,Consumer Confidence,Low,-15,-17,1.12433,1.12858,1.12177,1.12822
2025-05-21,3:04pm,EUR,German 10-y Bond Auction,Low,2.66|2.4,2.47|1.4,1.12823,1.13628,1.12787,1.13281
2025-05-21,8:00pm,USD,Crude Oil Inventories,Low,1.3M,3.5M,1.12823,1.13628,1.12787,1.13281
2025-05-22,12:45pm,EUR,French Flash Manufacturing PMI,High,49.5,48.7,1.13282,1.1345,1.12555,1.12791
2025-05-22,12:45pm,EUR,French Flash Services PMI,High,47.4,47.3,1.13282,1.1345,1.12555,1.12791
2025-05-22,1:00pm,EUR,German Flash Manufacturing PMI,High,48.8,48.4,1.13282,1.1345,1.12555,1.12791
2025-05-22,1:00pm,EUR,German Flash Services PMI,High,47.2,49.0,1.13282,1.1345,1.12555,1.12791
2025-05-22,1:30pm,EUR,Flash Manufacturing PMI,Medium,49.4,49.0,1.13282,1.1345,1.12555,1.12791
2025-05-22,1:30pm,EUR,Flash Services PMI,Medium,48.9,50.1,1.13282,1.1345,1.12555,1.12791
2025-05-22,1:30pm,EUR,German ifo Business Climate,Medium,87.5,86.9,1.13282,1.1345,1.12555,1.12791
2025-05-22,1:30pm,USD,Unemployment Claims,High,227K,229K,1.13282,1.1345,1.12555,1.12791
2025-05-22,6:25pm,EUR,Belgian NBB Business Climate,Low,-13.5,-14.7,1.13282,1.1345,1.12555,1.12791
2025-05-22,7:15pm,USD,Flash Manufacturing PMI,High,52.3,50.2,1.13282,1.1345,1.12555,1.12791
2025-05-22,7:15pm,USD,Flash Services PMI,High,52.3,50.8,1.13282,1.1345,1.12555,1.12791
2025-05-22,7:30pm,USD,Existing Home Sales,Medium,4.00M,4.02M,1.13282,1.1345,1.12555,1.12791
2025-05-22,8:00pm,USD,Natural Gas Storage,Low,120B,110B,1.13282,1.1345,1.12555,1.12791
2025-05-23,11:30am,EUR,German Final GDP q/q,Low,0.4%,0.2%,1.12803,1.13757,1.12785,1.13606
2025-05-23,7:30pm,USD,New Home Sales,Medium,743K,670K,1.12803,1.13757,1.12785,1.13606
2025-05-27,10:32am,EUR,German GfK Consumer Climate,Low,-19.9,-20.8,1.13855,1.14071,1.1323,1.13304
2025-05-27,12:15pm,EUR,French Prelim CPI m/m,Low,-0.1%,0.6%,1.13855,1.14071,1.1323,1.13304
2025-05-27,6:00pm,USD,Core Durable Goods Orders m/m,Medium,0.2%,-0.4%,1.13855,1.14071,1.1323,1.13304
2025-05-27,6:00pm,USD,Durable Goods Orders m/m,Medium,-6.3%,7.5%,1.13855,1.14071,1.1323,1.13304
2025-05-27,6:30pm,USD,HPI m/m,Low,-0.1%,0.0%,1.13855,1.14071,1.1323,1.13304
2025-05-27,6:30pm,USD,S&P/CS Composite-20 HPI y/y,Low,4.1%,4.5%,1.13855,1.14071,1.1323,1.13304
2025-05-27,7:30pm,USD,CB Consumer Confidence,Medium,98.0,85.7,1.13855,1.14071,1.1323,1.13304
2025-05-28,11:30am,EUR,German Import Prices m/m,Low,-1.7%,-1.0%,1.13309,1.13456,1.12834,1.12925
2025-05-28,12:15pm,EUR,French Consumer Spending m/m,Low,0.3%,-1.1%,1.13309,1.13456,1.12834,1.12925
2025-05-28,12:15pm,EUR,French Final Private Payrolls q/q,Low,-0.1%,0.0%,1.13309,1.13456,1.12834,1.12925
2025-05-28,12:15pm,EUR,French Prelim GDP q/q,Low,0.1%,0.1%,1.13309,1.13456,1.12834,1.12925
2025-05-28,1:25pm,EUR,German Unemployment Change,Low,34K,6K,1.13309,1.13456,1.12834,1.12925
2025-05-28,7:29pm,USD,Richmond Manufacturing Index,Medium,-9,-13,1.13309,1.13456,1.12834,1.12925
2025-05-29,2:41pm,EUR,Italian 10-y Bond Auction,Low,3.57|1.5,3.62|1.6,1.1294,1.13845,1.12098,1.1369
2025-05-29,2:41pm,USD,Prelim GDP q/q,High,-0.2%,-0.3%,1.1294,1.13845,1.12098,1.1369
2025-05-29,2:41pm,USD,Unemployment Claims,High,240K,226K,1.1294,1.13845,1.12098,1.1369
2025-05-29,2:41pm,USD,Prelim GDP Price Index q/q,Medium,3.7%,3.7%,1.1294,1.13845,1.12098,1.1369
2025-05-29,7:30pm,USD,Pending Home Sales m/m,Medium,-6.3%,5.5%,1.1294,1.13845,1.12098,1.1369
2025-05-29,8:00pm,USD,Natural Gas Storage,Low,101B,120B,1.1294,1.13845,1.12098,1.1369
2025-05-29,9:30pm,USD,Crude Oil Inventories,Low,-2.8M,1.3M,1.1294,1.13845,1.12098,1.1369
2025-05-30,11:30am,EUR,German Retail Sales m/m,Low,-1.1%,0.9%,1.13672,1.139,1.13121,1.1345
2025-05-30,All Day,EUR,German Prelim CPI m/m,High,0.1%,0.4%,1.13672,1.139,1.13121,1.1345
2025-05-30,All Day,EUR,Spanish Flash CPI y/y,Medium,1.9%,2.2%,1.13672,1.139,1.13121,1.1345
2025-05-30,1:30pm,EUR,M3 Money Supply y/y,Low,3.9%,3.7%,1.13672,1.139,1.13121,1.1345
2025-05-30,1:30pm,EUR,Private Loans y/y,Low,1.9%,1.7%,1.13672,1.139,1.13121,1.1345
2025-05-30,2:32pm,EUR,Italian Prelim CPI m/m,Low,0.0%,0.1%,1.13672,1.139,1.13121,1.1345
2025-05-30,2:32pm,USD,Core PCE Price Index m/m,High,0.1%,0.1%,1.13672,1.139,1.13121,1.1345
2025-05-30,2:32pm,USD,Goods Trade Balance,Low,-87.6B,-163.2B,1.13672,1.139,1.13121,1.1345
2025-05-30,2:32pm,USD,Personal Income m/m,Low,0.8%,0.7%,1.13672,1.139,1.13121,1.1345
2025-05-30,2:32pm,USD,Personal Spending m/m,Low,0.2%,0.7%,1.13672,1.139,1.13121,1.1345
2025-05-30,2:32pm,USD,Prelim Wholesale Inventories m/m,Low,0.0%,0.5%,1.13672,1.139,1.13121,1.1345
2025-05-30,7:15pm,USD,Chicago PMI,Low,40.5,44.6,1.13672,1.139,1.13121,1.1345
2025-05-30,7:30pm,USD,Revised UoM Consumer Sentiment,Medium,52.2,50.8,1.13672,1.139,1.13121,1.1345
2025-05-30,7:30pm,USD,Revised UoM Inflation Expectations,Low,6.6%,7.3%,1.13672,1.139,1.13121,1.1345
2025-06-02,12:45pm,EUR,Spanish Manufacturing PMI,Low,50.5,48.1,1.13494,1.14498,1.13454,1.14377
2025-06-02,1:15pm,EUR,Italian Manufacturing PMI,Low,49.2,49.3,1.13494,1.14498,1.13454,1.14377
2025-06-02,1:20pm,EUR,French Final Manufacturing PMI,Low,49.8,49.5,1.13494,1.14498,1.13454,1.14377
2025-06-02,1:25pm,EUR,German Final Manufacturing PMI,Low,48.3,48.8,1.13494,1.14498,1.13454,1.14377
2025-06-02,1:30pm,EUR,Final Manufacturing PMI,Low,49.4,49.4,1.13494,1.14498,1.13454,1.14377
2025-06-02,7:15pm,USD,Final Manufacturing PMI,Low,52.0,52.3,1.13494,1.14498,1.13454,1.14377
2025-06-02,7:30pm,USD,ISM Manufacturing PMI,High,48.5,48.7,1.13494,1.14498,1.13454,1.14377
2025-06-02,7:30pm,USD,ISM Manufacturing Prices,Medium,69.4,69.8,1.13494,1.14498,1.13454,1.14377
2025-06-02,7:30pm,USD,Construction Spending m/m,Low,-0.4%,-0.8%,1.13494,1.14498,1.13454,1.14377
2025-06-03,12:15pm,EUR,French Gov Budget Balance,Low,-69.3B,-47.0B,1.14398,1.14546,1.13638,1.1375
2025-06-03,12:30pm,EUR,Spanish Unemployment Change,Low,-57.8K,-67.4K,1.14398,1.14546,1.13638,1.1375
2025-06-03,1:30pm,EUR,Italian Monthly Unemployment Rate,Low,5.9%,6.1%,1.14398,1.14546,1.13638,1.1375
2025-06-03,2:30pm,EUR,Core CPI Flash Estimate y/y,Medium,2.3%,2.7%,1.14398,1.14546,1.13638,1.1375
2025-06-03,2:30pm,EUR,CPI Flash Estimate y/y,Medium,1.9%,2.2%,1.14398,1.14546,1.13638,1.1375
2025-06-03,2:30pm,EUR,Unemployment Rate,Low,6.2%,6.3%,1.14398,1.14546,1.13638,1.1375
2025-06-03,7:30pm,USD,JOLTS Job Openings,High,7.39M,7.20M,1.14398,1.14546,1.13638,1.1375
2025-06-03,7:30pm,USD,Factory Orders m/m,Low,-3.7%,3.4%,1.14398,1.14546,1.13638,1.1375
2025-06-03,7:34pm,USD,RCM/TIPP Economic Optimism,Low,49.2,47.9,1.14398,1.14546,1.13638,1.1375
2025-06-04,All Day,USD,Wards Total Vehicle Sales,Low,15.7M,17.3M,1.13749,1.14344,1.13567,1.14157
2025-06-04,12:45pm,EUR,Spanish Services PMI,Low,51.3,53.4,1.13749,1.14344,1.13567,1.14157
2025-06-04,1:15pm,EUR,Italian Services PMI,Low,53.2,52.9,1.13749,1.14344,1.13567,1.14157
2025-06-04,1:20pm,EUR,French Final Services PMI,Low,48.9,47.4,1.13749,1.14344,1.13567,1.14157
2025-06-04,1:25pm,EUR,German Final Services PMI,Low,47.1,47.2,1.13749,1.14344,1.13567,1.14157
2025-06-04,1:30pm,EUR,Final Services PMI,Low,49.7,48.9,1.13749,1.14344,1.13567,1.14157
2025-06-04,5:45pm,USD,ADP Non-Farm Employment Change,High,37K,60K,1.13749,1.14344,1.13567,1.14157
2025-06-04,5:45pm,USD,Final Services PMI,Low,53.7,52.3,1.13749,1.14344,1.13567,1.14157
2025-06-04,7:30pm,USD,ISM Services PMI,High,49.9,51.6,1.13749,1.14344,1.13567,1.14157
2025-06-04,7:30pm,USD,Crude Oil Inventories,Low,-4.3M,-2.8M,1.13749,1.14344,1.13567,1.14157
2025-06-05,11:30am,EUR,German Factory Orders m/m,Low,0.6%,3.4%,1.14157,1.1495,1.14043,1.14416
2025-06-05,1:30pm,EUR,Italian Retail Sales m/m,Low,0.7%,-0.4%,1.14157,1.1495,1.14043,1.14416
2025-06-05,2:29pm,EUR,French 10-y Bond Auction,Low,3.17|2.8,3.24|2.8,1.14157,1.1495,1.14043,1.14416
2025-06-05,2:30pm,EUR,PPI m/m,Low,-2.2%,-1.7%,1.14157,1.1495,1.14043,1.14416
2025-06-05,5:00pm,USD,Challenger Job Cuts y/y,Low,47.0%,62.7%,1.14157,1.1495,1.14043,1.14416
2025-06-05,5:45pm,EUR,Main Refinancing Rate,High,2.15%,2.40%,1.14157,1.1495,1.14043,1.14416
2025-06-05,5:45pm,USD,Unemployment Claims,High,247K,239K,1.14157,1.1495,1.14043,1.14416
2025-06-05,5:45pm,USD,Revised Nonfarm Productivity q/q,Low,-1.5%,-0.8%,1.14157,1.1495,1.14043,1.14416
2025-06-05,5:45pm,USD,Revised Unit Labor Costs q/q,Low,6.6%,5.7%,1.14157,1.1495,1.14043,1.14416
2025-06-05,5:45pm,USD,Trade Balance,Low,-61.6B,-138.3B,1.14157,1.1495,1.14043,1.14416
2025-06-05,8:00pm,USD,Natural Gas Storage,Low,122B,101B,1.14157,1.1495,1.14043,1.14416
2025-06-06,11:30am,EUR,German Industrial Production m/m,Low,-1.4%,2.3%,1.1443,1.1457,1.1369,1.1394
2025-06-06,11:30am,EUR,German Trade Balance,Low,14.6B,21.3B,1.1443,1.1457,1.1369,1.1394
2025-06-06,12:15pm,EUR,French Industrial Production m/m,Low,-1.4%,0.1%,1.1443,1.1457,1.1369,1.1394
2025-06-06,12:15pm,EUR,French Trade Balance,Low,-8.0B,-6.3B,1.1443,1.1457,1.1369,1.1394
2025-06-06,2:30pm,EUR,Final Employment Change q/q,Low,0.2%,0.3%,1.1443,1.1457,1.1369,1.1394
2025-06-06,2:30pm,EUR,Retail Sales m/m,Low,0.1%,0.4%,1.1443,1.1457,1.1369,1.1394
2025-06-06,2:30pm,EUR,Revised GDP q/q,Low,0.6%,0.3%,1.1443,1.1457,1.1369,1.1394
2025-06-06,2:30pm,USD,Average Hourly Earnings m/m,High,0.4%,0.2%,1.1443,1.1457,1.1369,1.1394
2025-06-06,2:30pm,USD,Non-Farm Employment Change,High,139K,147K,1.1443,1.1457,1.1369,1.1394
2025-06-06,2:30pm,USD,Unemployment Rate,High,4.2%,4.2%,1.1443,1.1457,1.1369,1.1394
2025-06-07,12:30am,USD,Consumer Credit m/m,Low,17.9B,8.6B,,,,
2025-06-09,7:30pm,USD,Final Wholesale Inventories m/m,Low,0.2%,0.0%,1.1391,1.1439,1.1385,1.142
2025-06-10,1:30pm,EUR,Italian Industrial Production m/m,Low,1.0%,0.0%,1.1422,1.1447,1.1372,1.1423
2025-06-10,2:00pm,EUR,Sentix Investor Confidence,Low,0.2,-8.1,1.1422,1.1447,1.1372,1.1423
2025-06-10,3:30pm,USD,NFIB Small Business Index,Low,98.8,95.8,1.1422,1.1447,1.1372,1.1423
2025-06-11,3:01pm,EUR,German 10-y Bond Auction,Low,2.54|2.7,2.66|2.4,1.1426,1.1499,1.1404,1.1487
2025-06-11,3:01pm,USD,Core CPI m/m,High,0.1%,0.2%,1.1426,1.1499,1.1404,1.1487
2025-06-11,3:01pm,USD,CPI m/m,High,0.1%,0.2%,1.1426,1.1499,1.1404,1.1487
2025-06-11,3:01pm,USD,CPI y/y,High,2.4%,2.3%,1.1426,1.1499,1.1404,1.1487
2025-06-11,8:00pm,USD,Crude Oil Inventories,Low,-3.6M,-4.3M,1.1426,1.1499,1.1404,1.1487
2025-06-11,10:31pm,USD,10-y Bond Auction,Low,4.42|2.5,4.34|2.6,1.1426,1.1499,1.1404,1.1487
2025-06-11,11:29pm,USD,Federal Budget Balance,Low,-316.0B,258.4B,1.1426,1.1499,1.1404,1.1487
2025-06-12,1:30pm,EUR,Italian Quarterly Unemployment Rate,Low,6.1%,6.1%,1.1491,1.1631,1.1484,1.1583
2025-06-12,6:00pm,USD,Core PPI m/m,High,0.1%,-0.2%,1.1491,1.1631,1.1484,1.1583
2025-06-12,6:00pm,USD,PPI m/m,High,0.1%,-0.2%,1.1491,1.1631,1.1484,1.1583
2025-06-12,6:00pm,USD,Unemployment Claims,High,248K,248K,1.1491,1.1631,1.1484,1.1583
2025-06-12,8:00pm,USD,Natural Gas Storage,Low,109B,122B,1.1491,1.1631,1.1484,1.1583
2025-06-12,10:31pm,USD,30-y Bond Auction,Low,4.84|2.4,4.82|2.3,1.1491,1.1631,1.1484,1.1583
2025-06-13,11:30am,EUR,German Final CPI m/m,Low,0.1%,0.1%,1.1581,1.1614,1.1488,1.1552
2025-06-13,11:30am,EUR,German WPI m/m,Low,-0.3%,-0.1%,1.1581,1.1614,1.1488,1.1552
2025-06-13,12:15pm,EUR,French Final CPI m/m,Low,-0.1%,-0.1%,1.1581,1.1614,1.1488,1.1552
2025-06-13,1:30pm,EUR,Italian Trade Balance,Low,2.48B,4.71B,1.1581,1.1614,1.1488,1.1552
2025-06-13,2:30pm,EUR,Industrial Production m/m,Low,-2.4%,2.4%,1.1581,1.1614,1.1488,1.1552
2025-06-13,2:30pm,EUR,Trade Balance,Low,14.0B,28.8B,1.1581,1.1614,1.1488,1.1552
2025-06-13,7:30pm,USD,Prelim UoM Consumer Sentiment,High,60.5,52.2,1.1581,1.1614,1.1488,1.1552
2025-06-13,7:30pm,USD,Prelim UoM Inflation Expectations,High,5.1%,6.6%,1.1581,1.1614,1.1488,1.1552
2025-06-16,6:00pm,USD,Empire State Manufacturing Index,Medium,-16.0,-9.2,1.1535,1.1614,1.1522,1.1561
2025-06-17,2:30pm,EUR,German ZEW Economic Sentiment,Medium,47.5,25.2,1.1566,1.1577,1.1474,1.1479
2025-06-17,2:30pm,EUR,ZEW Economic Sentiment,Low,35.3,11.6,1.1566,1.1577,1.1474,1.1479
2025-06-17,2:30pm,USD,Core Retail Sales m/m,High,-0.3%,0.0%,1.1566,1.1577,1.1474,1.1479
2025-06-17,2:30pm,USD,Retail Sales m/m,High,-0.9%,-0.1%,1.1566,1.1577,1.1474,1.1479
2025-06-17,2:30pm,USD,Import Prices m/m,Low,0.0%,0.1%,1.1566,1.1577,1.1474,1.1479
2025-06-17,6:45pm,USD,Capacity Utilization Rate,Low,77.4%,77.7%,1.1566,1.1577,1.1474,1.1479
2025-06-17,6:45pm,USD,Industrial Production m/m,Low,-0.2%,0.1%,1.1566,1.1577,1.1474,1.1479
2025-06-17,7:30pm,USD,Business Inventories m/m,Low,0.0%,0.1%,1.1566,1.1577,1.1474,1.1479
2025-06-17,7:30pm,USD,NAHB Housing Market Index,Low,32,34,1.1566,1.1577,1.1474,1.1479
2025-06-18,1:30pm,EUR,Current Account,Low,19.8B,50.9B,1.1479,1.153,1.146,1.1479
2025-06-18,2:30pm,EUR,Final Core CPI y/y,Low,2.3%,2.3%,1.1479,1.153,1.146,1.1479
2025-06-18,2:30pm,EUR,Final CPI y/y,Low,1.9%,1.9%,1.1479,1.153,1.146,1.1479
2025-06-18,3:08pm,EUR,German 30-y Bond Auction,Low,2.99|2.2,3.12|2.3,1.1479,1.153,1.146,1.1479
2025-06-18,6:00pm,USD,Unemployment Claims,High,245K,250K,1.1479,1.153,1.146,1.1479
2025-06-18,6:00pm,USD,Building Permits,Low,1.39M,1.42M,1.1479,1.153,1.146,1.1479
2025-06-18,6:00pm,USD,Housing Starts,Low,1.26M,1.39M,1.1479,1.153,1.146,1.1479
2025-06-18,6:00pm,USD,Crude Oil Inventories,Low,-11.5M,-3.6M,1.1479,1.153,1.146,1.1479
2025-06-18,9:30pm,USD,Natural Gas Storage,Low,95B,109B,1.1479,1.153,1.146,1.1479
2025-06-18,11:30pm,USD,Federal Funds Rate,High,4.50%,4.50%,1.1479,1.153,1.146,1.1479
2025-06-19,1:30am,USD,TIC Long-Term Purchases,Low,-7.8B,162.4B,1.1483,1.1499,1.1445,1.1494
2025-06-19,2:15pm,EUR,Spanish 10-y Bond Auction,Low,3.21|1.7,3.35|1.9,1.1483,1.1499,1.1445,1.1494
2025-06-20,11:30am,EUR,German PPI m/m,Low,-0.2%,-0.6%,1.1494,1.1543,1.1489,1.1522
2025-06-20,11:30am,USD,Philly Fed Manufacturing Index,Medium,-4.0,-4.0,1.1494,1.1543,1.1489,1.1522
2025-06-20,7:30pm,EUR,Consumer Confidence,Low,-15,-15,1.1494,1.1543,1.1489,1.1522
2025-06-20,7:30pm,USD,CB Leading Index m/m,Low,-0.1%,-1.4%,1.1494,1.1543,1.1489,1.1522
2025-06-23,12:45pm,EUR,French Flash Manufacturing PMI,High,47.8,49.8,1.1479,1.1581,1.1451,1.1576
2025-06-23,12:45pm,EUR,French Flash Services PMI,High,48.7,48.9,1.1479,1.1581,1.1451,1.1576
2025-06-23,1:00pm,EUR,German Flash Manufacturing PMI,High,49.0,48.3,1.1479,1.1581,1.1451,1.1576
2025-06-23,1:00pm,EUR,German Flash Services PMI,High,49.4,47.1,1.1479,1.1581,1.1451,1.1576
2025-06-23,1:30pm,EUR,Flash Manufacturing PMI,Medium,49.4,49.4,1.1479,1.1581,1.1451,1.1576
2025-06-23,1:30pm,EUR,Flash Services PMI,Medium,50.0,49.7,1.1479,1.1581,1.1451,1.1576
2025-06-23,7:15pm,USD,Flash Manufacturing PMI,High,52.0,52.0,1.1479,1.1581,1.1451,1.1576
2025-06-23,7:15pm,USD,Flash Services PMI,High,53.1,53.7,1.1479,1.1581,1.1451,1.1576
2025-06-23,7:30pm,USD,Existing Home Sales,Medium,4.03M,4.00M,1.1479,1.1581,1.1451,1.1576
2025-06-24,1:30pm,EUR,German ifo Business Climate,Medium,88.4,87.5,1.1576,1.1641,1.1573,1.1608
2025-06-24,3:30pm,USD,Current Account,Low,-450B,-312B,1.1576,1.1641,1.1573,1.1608
2025-06-24,6:21pm,EUR,Belgian NBB Business Climate,Low,-10.1,-13.5,1.1576,1.1641,1.1573,1.1608
2025-06-24,6:21pm,USD,HPI m/m,Low,-0.4%,0.0%,1.1576,1.1641,1.1573,1.1608
2025-06-24,6:21pm,USD,S&P/CS Composite-20 HPI y/y,Low,3.4%,4.1%,1.1576,1.1641,1.1573,1.1608
2025-06-24,7:29pm,USD,Richmond Manufacturing Index,Medium,-7,-9,1.1576,1.1641,1.1573,1.1608
2025-06-24,7:29pm,USD,CB Consumer Confidence,Medium,93.0,98.4,1.1576,1.1641,1.1573,1.1608
2025-06-25,7:29pm,USD,New Home Sales,Medium,623K,722K,1.1608,1.1665,1.1589,1.1659
2025-06-25,8:00pm,USD,Crude Oil Inventories,Low,-5.8M,-11.5M,1.1608,1.1665,1.1589,1.1659
2025-06-26,11:30am,EUR,German GfK Consumer Climate,Low,-20.3,-20.0,1.1658,1.1744,1.1653,1.1699
2025-06-26,6:00pm,USD,Final GDP q/q,High,-0.5%,-0.2%,1.1658,1.1744,1.1653,1.1699
2025-06-26,6:00pm,USD,Unemployment Claims,High,236K,246K,1.1658,1.1744,1.1653,1.1699
2025-06-26,6:00pm,USD,Core Durable Goods Orders m/m,Medium,0.5%,0.1%,1.1658,1.1744,1.1653,1.1699
2025-06-26,6:00pm,USD,Durable Goods Orders m/m,Medium,16.4%,-6.6%,1.1658,1.1744,1.1653,1.1699
2025-06-26,6:00pm,USD,Final GDP Price Index q/q,Medium,3.8%,3.7%,1.1658,1.1744,1.1653,1.1699
2025-06-26,6:00pm,USD,Goods Trade Balance,Low,-96.6B,-87.0B,1.1658,1.1744,1.1653,1.1699
2025-06-26,6:00pm,USD,Prelim Wholesale Inventories m/m,Low,-0.3%,0.2%,1.1658,1.1744,1.1653,1.1699
2025-06-26,7:30pm,USD,Pending Home Sales m/m,Medium,1.8%,-6.3%,1.1658,1.1744,1.1653,1.1699
2025-06-26,8:00pm,USD,Natural Gas Storage,Low,96B,95B,1.1658,1.1744,1.1653,1.1699
2025-06-27,12:15pm,EUR,French Consumer Spending m/m,Low,0.2%,0.5%,1.1695,1.1754,1.1679,1.1719
2025-06-27,12:15pm,EUR,French Prelim CPI m/m,Low,0.3%,-0.1%,1.1695,1.1754,1.1679,1.1719
2025-06-27,12:30pm,EUR,Spanish Flash CPI y/y,Medium,2.2%,2.0%,1.1695,1.1754,1.1679,1.1719
2025-06-27,3:38pm,EUR,Italian 10-y Bond Auction,Low,3.48|1.5,3.57|1.5,1.1695,1.1754,1.1679,1.1719
2025-06-27,3:38pm,USD,Core PCE Price Index m/m,High,0.2%,0.1%,1.1695,1.1754,1.1679,1.1719
2025-06-27,3:38pm,USD,Personal Income m/m,Low,-0.4%,0.7%,1.1695,1.1754,1.1679,1.1719
2025-06-27,3:38pm,USD,Personal Spending m/m,Low,-0.1%,0.2%,1.1695,1.1754,1.1679,1.1719
2025-06-27,7:30pm,USD,Revised UoM Consumer Sentiment,Medium,60.7,60.5,1.1695,1.1754,1.1679,1.1719
2025-06-27,7:30pm,USD,Revised UoM Inflation Expectations,Low,5.0%,5.1%,1.1695,1.1754,1.1679,1.1719
2025-06-30,11:30am,EUR,German Import Prices m/m,Low,-0.7%,-1.7%,1.1711,1.1788,1.1702,1.1786
2025-06-30,11:30am,EUR,German Retail Sales m/m,Low,-1.6%,-0.6%,1.1711,1.1788,1.1702,1.1786
2025-06-30,All Day,EUR,German Prelim CPI m/m,Medium,0.0%,0.1%,1.1711,1.1788,1.1702,1.1786
2025-06-30,1:30pm,EUR,M3 Money Supply y/y,Low,3.9%,3.9%,1.1711,1.1788,1.1702,1.1786
2025-06-30,1:30pm,EUR,Private Loans y/y,Low,2.0%,1.9%,1.1711,1.1788,1.1702,1.1786
2025-06-30,2:30pm,EUR,Italian Prelim CPI m/m,Low,0.2%,-0.1%,1.1711,1.1788,1.1702,1.1786
2025-06-30,7:15pm,USD,Chicago PMI,Low,40.4,40.5,1.1711,1.1788,1.1702,1.1786
2025-07-01,12:45pm,EUR,Spanish Manufacturing PMI,Low,51.4,50.5,1.1786,1.1829,1.1759,1.1805
2025-07-01,1:15pm,EUR,Italian Manufacturing PMI,Low,48.4,49.2,1.1786,1.1829,1.1759,1.1805
2025-07-01,1:20pm,EUR,French Final Manufacturing PMI,Low,48.1,47.8,1.1786,1.1829,1.1759,1.1805
2025-07-01,1:25pm,EUR,German Final Manufacturing PMI,Low,49.0,49.0,1.1786,1.1829,1.1759,1.1805
2025-07-01,1:25pm,EUR,German Unemployment Change,Low,11K,33K,1.1786,1.1829,1.1759,1.1805
2025-07-01,1:30pm,EUR,Final Manufacturing PMI,Low,49.5,49.4,1.1786,1.1829,1.1759,1.1805
2025-07-01,2:30pm,EUR,Core CPI Flash Estimate y/y,Medium,2.3%,2.3%,1.1786,1.1829,1.1759,1.1805
2025-07-01,2:30pm,EUR,CPI Flash Estimate y/y,Medium,2.0%,1.9%,1.1786,1.1829,1.1759,1.1805
2025-07-01,7:15pm,USD,Final Manufacturing PMI,Low,52.9,52.0,1.1786,1.1829,1.1759,1.1805
2025-07-01,7:30pm,USD,ISM Manufacturing PMI,High,49.0,48.5,1.1786,1.1829,1.1759,1.1805
2025-07-01,7:30pm,USD,JOLTS Job Openings,High,7.77M,7.40M,1.1786,1.1829,1.1759,1.1805
2025-07-01,7:30pm,USD,ISM Manufacturing Prices,Medium,69.7,69.4,1.1786,1.1829,1.1759,1.1805
2025-07-01,7:30pm,USD,Construction Spending m/m,Low,-0.3%,-0.2%,1.1786,1.1829,1.1759,1.1805
2025-07-01,7:33pm,USD,RCM/TIPP Economic Optimism,Low,48.6,49.2,1.1786,1.1829,1.1759,1.1805
2025-07-01,All Day,USD,Wards Total Vehicle Sales,Low,15.3M,15.7M,1.1786,1.1829,1.1759,1.1805
2025-07-02,12:15pm,EUR,French Gov Budget Balance,Low,-94.0B,-69.3B,1.1802,1.1809,1.1746,1.1798
2025-07-02,12:30pm,EUR,Spanish Unemployment Change,Low,-48.9K,-57.8K,1.1802,1.1809,1.1746,1.1798
2025-07-02,1:30pm,EUR,Italian Monthly Unemployment Rate,Low,6.5%,6.1%,1.1802,1.1809,1.1746,1.1798
2025-07-02,2:30pm,EUR,Unemployment Rate,Low,6.3%,6.2%,1.1802,1.1809,1.1746,1.1798
2025-07-02,3:06pm,EUR,German 10-y Bond Auction,Low,2.63|1.6,2.54|2.7,1.1802,1.1809,1.1746,1.1798
2025-07-02,5:00pm,USD,Challenger Job Cuts y/y,Low,-1.6%,47.0%,1.1802,1.1809,1.1746,1.1798
2025-07-02,5:45pm,USD,ADP Non-Farm Employment Change,High,-33K,29K,1.1802,1.1809,1.1746,1.1798
2025-07-02,8:00pm,USD,Crude Oil Inventories,Low,3.8M,-5.8M,1.1802,1.1809,1.1746,1.1798
2025-07-03,12:45pm,EUR,Spanish Services PMI,Low,51.9,51.3,1.1798,1.1809,1.1717,1.1756
2025-07-03,1:15pm,EUR,Italian Services PMI,Low,52.1,53.2,1.1798,1.1809,1.1717,1.1756
2025-07-03,1:20pm,EUR,French Final Services PMI,Low,49.6,48.7,1.1798,1.1809,1.1717,1.1756
2025-07-03,1:25pm,EUR,German Final Services PMI,Low,49.7,49.4,1.1798,1.1809,1.1717,1.1756
2025-07-03,1:30pm,EUR,Final Services PMI,Low,50.5,50.0,1.1798,1.1809,1.1717,1.1756
2025-07-03,2:14pm,EUR,Spanish 10-y Bond Auction,Low,3.16|1.9,3.21|1.7,1.1798,1.1809,1.1717,1.1756
2025-07-03,2:27pm,EUR,French 10-y Bond Auction,Low,3.27|2.3,3.17|2.8,1.1798,1.1809,1.1717,1.1756
2025-07-03,2:27pm,USD,Average Hourly Earnings m/m,High,0.2%,0.4%,1.1798,1.1809,1.1717,1.1756
2025-07-03,2:27pm,USD,Non-Farm Employment Change,High,147K,144K,1.1798,1.1809,1.1717,1.1756
2025-07-03,2:27pm,USD,Unemployment Rate,High,4.1%,4.2%,1.1798,1.1809,1.1717,1.1756
2025-07-03,2:27pm,USD,Unemployment Claims,Medium,233K,237K,1.1798,1.1809,1.1717,1.1756
2025-07-03,2:27pm,USD,Trade Balance,Low,-71.5B,-60.3B,1.1798,1.1809,1.1717,1.1756
2025-07-03,7:15pm,USD,Final Services PMI,Low,52.9,53.1,1.1798,1.1809,1.1717,1.1756
2025-07-03,7:30pm,USD,ISM Services PMI,High,50.8,49.9,1.1798,1.1809,1.1717,1.1756
2025-07-03,7:30pm,USD,Factory Orders m/m,Low,8.2%,-3.9%,1.1798,1.1809,1.1717,1.1756
2025-07-03,8:00pm,USD,Natural Gas Storage,Low,55B,96B,1.1798,1.1809,1.1717,1.1756
2025-07-04,11:30am,EUR,German Factory Orders m/m,Low,-1.4%,1.6%,1.1756,1.1787,1.1752,1.1778
2025-07-04,12:15pm,EUR,French Industrial Production m/m,Low,-0.5%,-1.4%,1.1756,1.1787,1.1752,1.1778
2025-07-04,1:30pm,EUR,Italian Retail Sales m/m,Low,-0.4%,0.7%,1.1756,1.1787,1.1752,1.1778
2025-07-04,2:30pm,EUR,PPI m/m,Low,-0.6%,-2.2%,1.1756,1.1787,1.1752,1.1778
2025-07-07,11:30am,EUR,German Industrial Production m/m,Low,1.2%,-1.6%,1.177,1.179,1.1686,1.1707
2025-07-07,2:00pm,EUR,Sentix Investor Confidence,Low,4.5,0.2,1.177,1.179,1.1686,1.1707
2025-07-07,2:30pm,EUR,Retail Sales m/m,Low,-0.7%,0.3%,1.177,1.179,1.1686,1.1707
2025-07-08,11:30am,EUR,German Trade Balance,Low,18.4B,15.8B,1.1709,1.1765,1.1682,1.1724
2025-07-08,12:15pm,EUR,French Trade Balance,Low,-7.8B,-7.7B,1.1709,1.1765,1.1682,1.1724
2025-07-08,3:30pm,USD,NFIB Small Business Index,Low,98.6,98.8,1.1709,1.1765,1.1682,1.1724
2025-07-09,12:30am,USD,Consumer Credit m/m,Low,5.1B,16.9B,1.1724,1.1729,1.1689,1.1719
2025-07-09,7:30pm,USD,Final Wholesale Inventories m/m,Low,-0.3%,-0.3%,1.1724,1.1729,1.1689,1.1719
2025-07-09,8:00pm,USD,Crude Oil Inventories,Low,7.1M,3.8M,1.1724,1.1729,1.1689,1.1719
2025-07-09,10:31pm,USD,10-y Bond Auction,Low,4.36|2.6,4.42|2.5,1.1724,1.1729,1.1689,1.1719
2025-07-10,11:30am,EUR,German Final CPI m/m,Low,0.0%,0.0%,1.172,1.1749,1.1661,1.17
2025-07-10,1:30pm,EUR,Italian Industrial Production m/m,Low,-0.7%,0.9%,1.172,1.1749,1.1661,1.17
2025-07-10,6:00pm,USD,Unemployment Claims,High,227K,232K,1.172,1.1749,1.1661,1.17
2025-07-10,8:00pm,USD,Natural Gas Storage,Low,53B,55B,1.172,1.1749,1.1661,1.17
2025-07-10,10:31pm,USD,30-y Bond Auction,Low,4.89|2.4,4.84|2.4,1.172,1.1749,1.1661,1.17
2025-07-11,11:30am,EUR,German WPI m/m,Low,0.2%,-0.3%,1.17,1.1713,1.1663,1.1689
2025-07-11,12:15pm,EUR,French Final CPI m/m,Low,0.4%,0.3%,1.17,1.1713,1.1663,1.1689
2025-07-11,11:29pm,USD,Federal Budget Balance,Low,27.0B,-316.0B,1.17,1.1713,1.1663,1.1689
2025-07-15,2:30pm,EUR,German ZEW Economic Sentiment,Medium,52.7,47.5,1.1666,1.1692,1.159,1.1599
2025-07-15,2:30pm,EUR,Industrial Production m/m,Low,1.7%,-2.2%,1.1666,1.1692,1.159,1.1599
2025-07-15,2:30pm,EUR,ZEW Economic Sentiment,Low,36.1,35.3,1.1666,1.1692,1.159,1.1599
2025-07-15,2:30pm,USD,Core CPI m/m,High,0.2%,0.1%,1.1666,1.1692,1.159,1.1599
2025-07-15,2:30pm,USD,CPI m/m,High,0.3%,0.1%,1.1666,1.1692,1.159,1.1599
2025-07-15,2:30pm,USD,CPI y/y,High,2.7%,2.4%,1.1666,1.1692,1.159,1.1599
2025-07-15,2:30pm,USD,Empire State Manufacturing Index,Medium,5.5,-16.0,1.1666,1.1692,1.159,1.1599
2025-07-16,2:30pm,EUR,Italian Trade Balance,Low,6.16B,2.45B,1.1599,1.1721,1.1561,1.1634
2025-07-16,2:30pm,EUR,Trade Balance,Low,16.2B,15.1B,1.1599,1.1721,1.1561,1.1634
2025-07-16,3:03pm,EUR,German 30-y Bond Auction,Low,3.22|1.4,2.99|2.2,1.1599,1.1721,1.1561,1.1634
2025-07-16,6:00pm,USD,Core PPI m/m,High,0.0%,0.4%,1.1599,1.1721,1.1561,1.1634
2025-07-16,6:00pm,USD,PPI m/m,High,0.0%,0.3%,1.1599,1.1721,1.1561,1.1634
2025-07-16,6:45pm,USD,Capacity Utilization Rate,Low,77.6%,77.5%,1.1599,1.1721,1.1561,1.1634
2025-07-16,6:45pm,USD,Industrial Production m/m,Low,0.3%,0.0%,1.1599,1.1721,1.1561,1.1634
2025-07-16,8:00pm,USD,Crude Oil Inventories,Low,-3.9M,7.1M,1.1599,1.1721,1.1561,1.1634
2025-07-17,2:12pm,EUR,Spanish 10-y Bond Auction,Low,3.30|2.0,3.16|1.9,1.164,1.1642,1.1555,1.1595
2025-07-17,2:30pm,EUR,Final Core CPI y/y,Low,2.3%,2.3%,1.164,1.1642,1.1555,1.1595
2025-07-17,2:30pm,EUR,Final CPI y/y,Low,2.0%,2.0%,1.164,1.1642,1.1555,1.1595
2025-07-17,2:30pm,USD,Core Retail Sales m/m,High,0.5%,-0.2%,1.164,1.1642,1.1555,1.1595
2025-07-17,2:30pm,USD,Retail Sales m/m,High,0.6%,-0.9%,1.164,1.1642,1.1555,1.1595
2025-07-17,2:30pm,USD,Unemployment Claims,High,221K,228K,1.164,1.1642,1.1555,1.1595
2025-07-17,2:30pm,USD,Philly Fed Manufacturing Index,Medium,15.9,-4.0,1.164,1.1642,1.1555,1.1595
2025-07-17,2:30pm,USD,Import Prices m/m,Low,0.1%,-0.4%,1.164,1.1642,1.1555,1.1595
2025-07-17,7:30pm,USD,Business Inventories m/m,Low,0.0%,0.0%,1.164,1.1642,1.1555,1.1595
2025-07-17,7:30pm,USD,NAHB Housing Market Index,Low,33,32,1.164,1.1642,1.1555,1.1595
2025-07-17,8:00pm,USD,Natural Gas Storage,Low,46B,53B,1.164,1.1642,1.1555,1.1595
2025-07-18,1:30am,USD,TIC Long-Term Purchases,Low,259.4B,-8.2B,1.1595,1.1671,1.1589,1.1625
2025-07-18,11:30am,EUR,German PPI m/m,Low,0.1%,-0.2%,1.1595,1.1671,1.1589,1.1625
2025-07-18,1:30pm,EUR,Current Account,Low,32.3B,18.6B,1.1595,1.1671,1.1589,1.1625
2025-07-18,6:00pm,USD,Building Permits,Low,1.40M,1.39M,1.1595,1.1671,1.1589,1.1625
2025-07-18,6:00pm,USD,Housing Starts,Low,1.32M,1.26M,1.1595,1.1671,1.1589,1.1625
2025-07-18,7:30pm,USD,Prelim UoM Consumer Sentiment,Medium,61.8,60.7,1.1595,1.1671,1.1589,1.1625
2025-07-18,7:30pm,USD,Prelim UoM Inflation Expectations,Medium,4.4%,5.0%,1.1595,1.1671,1.1589,1.1625
2025-07-21,7:30pm,USD,CB Leading Index m/m,Low,-0.3%,0.0%,1.1618,1.1716,1.1614,1.1695
2025-07-22,7:29pm,USD,Richmond Manufacturing Index,Medium,-20,-7,1.1695,1.176,1.1677,1.1753
2025-07-23,3:01pm,EUR,German 10-y Bond Auction,Low,2.62|1.5,2.63|1.6,1.1752,1.1775,1.1709,1.177
2025-07-23,7:30pm,EUR,Consumer Confidence,Low,-15,-15,1.1752,1.1775,1.1709,1.177
2025-07-23,7:30pm,USD,Existing Home Sales,Medium,3.93M,4.04M,1.1752,1.1775,1.1709,1.177
2025-07-23,8:00pm,USD,Crude Oil Inventories,Low,-3.2M,-3.9M,1.1752,1.1775,1.1709,1.177
2025-07-24,11:30am,EUR,German GfK Consumer Climate,Low,-21.5,-20.3,1.177,1.1788,1.1729,1.1754
2025-07-24,12:30pm,EUR,Spanish Unemployment Rate,Low,10.3%,11.4%,1.177,1.1788,1.1729,1.1754
2025-07-24,12:45pm,EUR,French Flash Manufacturing PMI,High,48.4,48.1,1.177,1.1788,1.1729,1.1754
2025-07-24,12:45pm,EUR,French Flash Services PMI,High,49.7,49.6,1.177,1.1788,1.1729,1.1754
2025-07-24,1:00pm,EUR,German Flash Manufacturing PMI,High,49.2,49.0,1.177,1.1788,1.1729,1.1754
2025-07-24,1:00pm,EUR,German Flash Services PMI,High,50.1,49.7,1.177,1.1788,1.1729,1.1754
2025-07-24,1:30pm,EUR,Flash Manufacturing PMI,Medium,49.8,49.5,1.177,1.1788,1.1729,1.1754
2025-07-24,1:30pm,EUR,Flash Services PMI,Medium,51.2,50.5,1.177,1.1788,1.1729,1.1754
2025-07-24,5:45pm,EUR,Main Refinancing Rate,High,2.15%,2.15%,1.177,1.1788,1.1729,1.1754
2025-07-24,5:45pm,USD,Unemployment Claims,High,217K,221K,1.177,1.1788,1.1729,1.1754
2025-07-24,7:15pm,USD,Flash Manufacturing PMI,High,49.5,52.9,1.177,1.1788,1.1729,1.1754
2025-07-24,7:15pm,USD,Flash Services PMI,High,55.2,52.9,1.177,1.1788,1.1729,1.1754
2025-07-24,7:30pm,USD,New Home Sales,Medium,627K,623K,1.177,1.1788,1.1729,1.1754
2025-07-24,8:00pm,USD,Natural Gas Storage,Low,23B,46B,1.177,1.1788,1.1729,1.1754
2025-07-25,1:30pm,EUR,German ifo Business Climate,Medium,88.6,88.4,1.1747,1.1761,1.1702,1.174
2025-07-25,1:30pm,EUR,M3 Money Supply y/y,Low,3.3%,3.9%,1.1747,1.1761,1.1702,1.174
2025-07-25,1:30pm,EUR,Private Loans y/y,Low,2.2%,2.0%,1.1747,1.1761,1.1702,1.174
2025-07-25,6:00pm,USD,Core Durable Goods Orders m/m,Medium,0.2%,0.6%,1.1747,1.1761,1.1702,1.174
2025-07-25,6:00pm,USD,Durable Goods Orders m/m,Medium,-9.3%,16.5%,1.1747,1.1761,1.1702,1.174
2025-07-25,6:01pm,EUR,Belgian NBB Business Climate,Low,-10.8,-10.1,1.1747,1.1761,1.1702,1.174
2025-07-29,12:30pm,EUR,Spanish Flash GDP q/q,Low,0.7%,0.6%,1.1588,1.1599,1.1515,1.1545
2025-07-29,6:00pm,USD,Goods Trade Balance,Low,-86.0B,-96.4B,1.1588,1.1599,1.1515,1.1545
2025-07-29,6:00pm,USD,Prelim Wholesale Inventories m/m,Low,0.2%,-0.3%,1.1588,1.1599,1.1515,1.1545
2025-07-29,6:30pm,USD,HPI m/m,Low,-0.2%,-0.3%,1.1588,1.1599,1.1515,1.1545
2025-07-29,6:30pm,USD,S&P/CS Composite-20 HPI y/y,Low,2.8%,3.4%,1.1588,1.1599,1.1515,1.1545
2025-07-29,7:30pm,USD,JOLTS Job Openings,High,7.44M,7.71M,1.1588,1.1599,1.1515,1.1545
2025-07-29,7:30pm,USD,CB Consumer Confidence,Medium,97.2,95.2,1.1588,1.1599,1.1515,1.1545
2025-07-30,11:00am,EUR,French Consumer Spending m/m,Low,0.6%,0.1%,1.1545,1.1572,1.1399,1.1404
2025-07-30,11:00am,EUR,French Flash GDP q/q,Low,0.3%,0.1%,1.1545,1.1572,1.1399,1.1404
2025-07-30,11:30am,EUR,German Retail Sales m/m,Low,1.0%,-0.6%,1.1545,1.1572,1.1399,1.1404
2025-07-30,11:30am,EUR,Spanish Flash CPI y/y,Medium,2.7%,2.3%,1.1545,1.1572,1.1399,1.1404
2025-07-30,11:30am,EUR,German Prelim GDP q/q,High,-0.1%,0.4%,1.1545,1.1572,1.1399,1.1404
2025-07-30,11:30am,EUR,Italian Prelim GDP q/q,Low,-0.1%,0.3%,1.1545,1.1572,1.1399,1.1404
2025-07-30,2:30pm,EUR,Prelim Flash GDP q/q,Low,0.1%,0.6%,1.1545,1.1572,1.1399,1.1404
2025-07-30,2:37pm,EUR,Italian 10-y Bond Auction,Low,3.52|1.6,3.48|1.5,1.1545,1.1572,1.1399,1.1404
2025-07-30,5:45pm,USD,ADP Non-Farm Employment Change,High,104K,-23K,1.1545,1.1572,1.1399,1.1404
2025-07-30,6:00pm,USD,Advance GDP q/q,High,3.0%,-0.5%,1.1545,1.1572,1.1399,1.1404
2025-07-30,6:00pm,USD,Advance GDP Price Index q/q,Medium,2.0%,3.8%,1.1545,1.1572,1.1399,1.1404
2025-07-30,7:30pm,USD,Pending Home Sales m/m,Medium,-0.8%,1.8%,1.1545,1.1572,1.1399,1.1404
2025-07-30,7:30pm,USD,Crude Oil Inventories,Low,7.7M,-3.2M,1.1545,1.1572,1.1399,1.1404
2025-07-30,11:30pm,USD,Federal Funds Rate,High,4.50%,4.50%,1.1545,1.1572,1.1399,1.1404
2025-07-31,11:30am,EUR,German Import Prices m/m,Low,0.0%,-0.7%,1.1404,1.146,1.1402,1.1415
2025-07-31,All Day,EUR,German Prelim CPI m/m,Medium,0.3%,0.0%,1.1404,1.146,1.1402,1.1415
2025-07-31,12:15pm,EUR,French Prelim CPI m/m,Low,0.2%,0.4%,1.1404,1.146,1.1402,1.1415
2025-07-31,1:25pm,EUR,German Unemployment Change,Low,2K,10K,1.1404,1.146,1.1402,1.1415
2025-07-31,1:29pm,EUR,Italian Monthly Unemployment Rate,Low,6.3%,6.5%,1.1404,1.146,1.1402,1.1415
2025-07-31,2:30pm,EUR,Italian Prelim CPI m/m,Low,0.4%,0.2%,1.1404,1.146,1.1402,1.1415
2025-07-31,2:30pm,EUR,Unemployment Rate,Low,6.2%,6.2%,1.1404,1.146,1.1402,1.1415
2025-07-31,5:00pm,USD,Challenger Job Cuts y/y,Low,139.8%,-1.6%,1.1404,1.146,1.1402,1.1415
2025-07-31,5:00pm,USD,Core PCE Price Index m/m,High,0.3%,0.2%,1.1404,1.146,1.1402,1.1415
2025-07-31,5:00pm,USD,Employment Cost Index q/q,High,0.9%,0.9%,1.1404,1.146,1.1402,1.1415
2025-07-31,5:00pm,USD,Unemployment Claims,High,218K,217K,1.1404,1.146,1.1402,1.1415
2025-07-31,5:00pm,USD,Personal Income m/m,Low,0.3%,-0.4%,1.1404,1.146,1.1402,1.1415
2025-07-31,5:00pm,USD,Personal Spending m/m,Low,0.3%,0.0%,1.1404,1.146,1.1402,1.1415
2025-07-31,7:15pm,USD,Chicago PMI,Low,47.1,40.4,1.1404,1.146,1.1402,1.1415
2025-07-31,8:00pm,USD,Natural Gas Storage,Low,48B,23B,1.1404,1.146,1.1402,1.1415
2025-08-01,12:45pm,EUR,Spanish Manufacturing PMI,Low,51.9,51.4,1.1414,1.1597,1.1389,1.1584
2025-08-01,1:15pm,EUR,Italian Manufacturing PMI,Low,49.8,48.4,1.1414,1.1597,1.1389,1.1584
2025-08-01,1:20pm,EUR,French Final Manufacturing PMI,Low,48.2,48.4,1.1414,1.1597,1.1389,1.1584
2025-08-01,1:25pm,EUR,German Final Manufacturing PMI,Low,49.1,49.2,1.1414,1.1597,1.1389,1.1584
2025-08-01,1:30pm,EUR,Final Manufacturing PMI,Low,49.8,49.8,1.1414,1.1597,1.1389,1.1584
2025-08-01,1:30pm,EUR,Italian Retail Sales m/m,Low,0.6%,-0.4%,1.1414,1.1597,1.1389,1.1584
2025-08-01,2:30pm,EUR,Core CPI Flash Estimate y/y,Medium,2.3%,2.3%,1.1414,1.1597,1.1389,1.1584
2025-08-01,2:30pm,EUR,CPI Flash Estimate y/y,Medium,2.0%,2.0%,1.1414,1.1597,1.1389,1.1584
2025-08-01,6:00pm,USD,Average Hourly Earnings m/m,High,0.3%,0.2%,1.1414,1.1597,1.1389,1.1584
2025-08-01,6:00pm,USD,Non-Farm Employment Change,High,73K,14K,1.1414,1.1597,1.1389,1.1584
2025-08-01,6:00pm,USD,Unemployment Rate,High,4.2%,4.1%,1.1414,1.1597,1.1389,1.1584
2025-08-01,7:15pm,USD,Final Manufacturing PMI,Low,49.8,49.5,1.1414,1.1597,1.1389,1.1584
2025-08-01,7:30pm,USD,ISM Manufacturing PMI,High,48.0,49.0,1.1414,1.1597,1.1389,1.1584
2025-08-01,7:30pm,USD,ISM Manufacturing Prices,Medium,64.8,69.7,1.1414,1.1597,1.1389,1.1584
2025-08-01,7:30pm,USD,Revised UoM Consumer Sentiment,Medium,61.7,61.8,1.1414,1.1597,1.1389,1.1584
2025-08-01,7:30pm,USD,Construction Spending m/m,Low,-0.4%,-0.4%,1.1414,1.1597,1.1389,1.1584
2025-08-01,7:30pm,USD,Revised UoM Inflation Expectations,Low,4.5%,4.4%,1.1414,1.1597,1.1389,1.1584
2025-08-01,All Day,USD,Wards Total Vehicle Sales,Low,16.4M,15.3M,1.1414,1.1597,1.1389,1.1584
2025-08-04,12:30pm,EUR,Spanish Unemployment Change,Low,-1.4K,-48.9K,1.1577,1.1596,1.1547,1.157
2025-08-04,2:00pm,EUR,Sentix Investor Confidence,Low,-3.7,4.5,1.1577,1.1596,1.1547,1.157
2025-08-04,7:30pm,USD,Factory Orders m/m,Low,-4.8%,8.3%,1.1577,1.1596,1.1547,1.157
2025-08-05,12:15pm,EUR,French Gov Budget Balance,Low,-100.4B,-94.0B,1.157,1.1587,1.1525,1.1574
2025-08-05,12:15pm,EUR,French Industrial Production m/m,Low,3.8%,-0.7%,1.157,1.1587,1.1525,1.1574
2025-08-05,12:45pm,EUR,Spanish Services PMI,Low,55.1,51.9,1.157,1.1587,1.1525,1.1574
2025-08-05,1:15pm,EUR,Italian Services PMI,Low,52.3,52.1,1.157,1.1587,1.1525,1.1574
2025-08-05,1:20pm,EUR,French Final Services PMI,Low,48.5,49.7,1.157,1.1587,1.1525,1.1574
2025-08-05,1:25pm,EUR,German Final Services PMI,Low,50.6,50.1,1.157,1.1587,1.1525,1.1574
2025-08-05,1:30pm,EUR,Final Services PMI,Low,51.0,51.2,1.157,1.1587,1.1525,1.1574
2025-08-05,2:30pm,EUR,PPI m/m,Low,0.8%,-0.6%,1.157,1.1587,1.1525,1.1574
2025-08-05,2:32pm,USD,Trade Balance,Low,-60.2B,-71.7B,1.157,1.1587,1.1525,1.1574
2025-08-05,7:15pm,USD,Final Services PMI,Low,55.7,55.2,1.157,1.1587,1.1525,1.1574
2025-08-05,7:30pm,USD,ISM Services PMI,High,50.1,50.8,1.157,1.1587,1.1525,1.1574
2025-08-05,7:31pm,USD,RCM/TIPP Economic Optimism,Low,50.9,48.6,1.157,1.1587,1.1525,1.1574
2025-08-06,11:30am,EUR,German Factory Orders m/m,Low,-1.0%,-0.8%,1.1571,1.1668,1.1563,1.1659
2025-08-06,12:15pm,EUR,French Prelim Private Payrolls q/q,Low,0.0%,-0.1%,1.1571,1.1668,1.1563,1.1659
2025-08-06,1:30pm,EUR,Italian Industrial Production m/m,Low,0.2%,-0.8%,1.1571,1.1668,1.1563,1.1659
2025-08-06,2:30pm,EUR,Retail Sales m/m,Low,0.3%,-0.3%,1.1571,1.1668,1.1563,1.1659
2025-08-06,8:00pm,USD,Crude Oil Inventories,Low,-3.0M,7.7M,1.1571,1.1668,1.1563,1.1659
2025-08-06,10:31pm,USD,10-y Bond Auction,Low,4.26|2.4,4.36|2.6,1.1571,1.1668,1.1563,1.1659
2025-08-07,11:30am,EUR,German Industrial Production m/m,Low,-1.9%,-0.1%,1.1659,1.1698,1.1609,1.1665
2025-08-07,11:30am,EUR,German Trade Balance,Low,14.9B,18.5B,1.1659,1.1698,1.1609,1.1665
2025-08-07,12:15pm,EUR,French Trade Balance,Low,-7.6B,-7.6B,1.1659,1.1698,1.1609,1.1665
2025-08-07,2:15pm,EUR,Spanish 10-y Bond Auction,Low,3.20|2.1,3.30|2.0,1.1659,1.1698,1.1609,1.1665
2025-08-07,2:28pm,EUR,French 10-y Bond Auction,Low,3.41|2.9,3.27|2.3,1.1659,1.1698,1.1609,1.1665
2025-08-07,6:00pm,USD,Unemployment Claims,High,226K,219K,1.1659,1.1698,1.1609,1.1665
2025-08-07,6:00pm,USD,Prelim Nonfarm Productivity q/q,Low,2.4%,-1.5%,1.1659,1.1698,1.1609,1.1665
2025-08-07,6:00pm,USD,Prelim Unit Labor Costs q/q,Low,1.6%,6.6%,1.1659,1.1698,1.1609,1.1665
2025-08-07,6:00pm,USD,Final Wholesale Inventories m/m,Low,0.1%,0.2%,1.1659,1.1698,1.1609,1.1665
2025-08-07,8:00pm,USD,Natural Gas Storage,Low,7B,48B,1.1659,1.1698,1.1609,1.1665
2025-08-07,10:31pm,USD,30-y Bond Auction,Low,4.81|2.3,4.89|2.4,1.1659,1.1698,1.1609,1.1665
2025-08-08,12:30am,USD,Consumer Credit m/m,Low,7.4B,5.1B,1.1665,1.1679,1.1628,1.1639
2025-08-11,2:30pm,EUR,Italian Trade Balance,Low,5.41B,6.10B,1.1637,1.1675,1.1589,1.1614
2025-08-11,7:05pm,USD,Cleveland Fed Inflation Expectations,Low,3.5%,3.9%,1.1637,1.1675,1.1589,1.1614
2025-08-12,2:30pm,EUR,German ZEW Economic Sentiment,Medium,34.7,52.7,1.1614,1.1697,1.1597,1.1673
2025-08-12,2:30pm,EUR,ZEW Economic Sentiment,Low,25.1,36.1,1.1614,1.1697,1.1597,1.1673
2025-08-12,3:30pm,USD,NFIB Small Business Index,Low,100.3,98.6,1.1614,1.1697,1.1597,1.1673
2025-08-12,3:30pm,USD,Core CPI m/m,High,0.3%,0.2%,1.1614,1.1697,1.1597,1.1673
2025-08-12,3:30pm,USD,CPI m/m,High,0.2%,0.3%,1.1614,1.1697,1.1597,1.1673
2025-08-12,3:30pm,USD,CPI y/y,High,2.7%,2.7%,1.1614,1.1697,1.1597,1.1673
2025-08-12,11:30pm,USD,Federal Budget Balance,Low,-291.1B,27.0B,1.1614,1.1697,1.1597,1.1673
2025-08-13,11:30am,EUR,German Final CPI m/m,Low,0.3%,0.3%,1.1674,1.173,1.1667,1.1704
2025-08-13,11:30am,EUR,German WPI m/m,Low,-0.1%,0.2%,1.1674,1.173,1.1667,1.1704
2025-08-13,3:03pm,EUR,German 10-y Bond Auction,Low,2.69|1.4,2.62|1.5,1.1674,1.173,1.1667,1.1704
2025-08-13,8:00pm,USD,Crude Oil Inventories,Low,3.0M,-3.0M,1.1674,1.173,1.1667,1.1704
2025-08-14,12:15pm,EUR,French Final CPI m/m,Low,0.2%,0.2%,1.1705,1.1715,1.163,1.1646
2025-08-14,2:30pm,EUR,Flash Employment Change q/q,Low,0.1%,0.2%,1.1705,1.1715,1.163,1.1646
2025-08-14,2:30pm,EUR,Flash GDP q/q,Low,0.1%,0.1%,1.1705,1.1715,1.163,1.1646
2025-08-14,2:30pm,EUR,Industrial Production m/m,Low,-1.3%,1.1%,1.1705,1.1715,1.163,1.1646
2025-08-14,6:00pm,USD,Core PPI m/m,High,0.9%,0.0%,1.1705,1.1715,1.163,1.1646
2025-08-14,6:00pm,USD,PPI m/m,High,0.9%,0.0%,1.1705,1.1715,1.163,1.1646
2025-08-14,6:00pm,USD,Unemployment Claims,High,224K,227K,1.1705,1.1715,1.163,1.1646
2025-08-14,7:00pm,USD,Natural Gas Storage,Low,56B,7B,1.1705,1.1715,1.163,1.1646
2025-08-14,9:20pm,USD,Mortgage Delinquencies,Low,3.93%,4.04%,1.1705,1.1715,1.163,1.1646
2025-08-15,10:00am,USD,Core Retail Sales m/m,High,0.3%,0.8%,1.1647,1.1715,1.1644,1.1697
2025-08-15,10:00am,USD,Retail Sales m/m,High,0.5%,0.9%,1.1647,1.1715,1.1644,1.1697
2025-08-15,10:00am,USD,Empire State Manufacturing Index,Medium,11.9,5.5,1.1647,1.1715,1.1644,1.1697
2025-08-15,10:00am,USD,Import Prices m/m,Low,0.4%,-0.1%,1.1647,1.1715,1.1644,1.1697
2025-08-15,6:45pm,USD,Capacity Utilization Rate,Low,77.5%,77.7%,1.1647,1.1715,1.1644,1.1697
2025-08-15,6:45pm,USD,Industrial Production m/m,Low,-0.1%,0.4%,1.1647,1.1715,1.1644,1.1697
2025-08-15,7:30pm,USD,Prelim UoM Consumer Sentiment,High,58.6,61.7,1.1647,1.1715,1.1644,1.1697
2025-08-15,7:30pm,USD,Prelim UoM Inflation Expectations,High,4.9%,4.5%,1.1647,1.1715,1.1644,1.1697
2025-08-15,7:30pm,USD,Business Inventories m/m,Low,0.2%,0.0%,1.1647,1.1715,1.1644,1.1697
2025-08-16,1:30am,USD,TIC Long-Term Purchases,Low,150.8B,266.8B,,,,
2025-08-18,2:30pm,EUR,Trade Balance,Low,2.8B,15.6B,1.1691,1.1716,1.1655,1.166
2025-08-18,7:30pm,USD,NAHB Housing Market Index,Low,32,33,1.1691,1.1716,1.1655,1.166
2025-08-19,1:30pm,EUR,Current Account,Low,35.8B,31.8B,1.1659,1.1692,1.1637,1.1646
2025-08-19,1:30pm,USD,Building Permits,Low,1.35M,1.40M,1.1659,1.1692,1.1637,1.1646
2025-08-19,1:30pm,USD,Housing Starts,Low,1.43M,1.36M,1.1659,1.1692,1.1637,1.1646
2025-08-20,11:30am,EUR,German PPI m/m,Low,-0.1%,0.1%,1.1649,1.1673,1.1621,1.1651
2025-08-20,2:30pm,EUR,Final Core CPI y/y,Low,2.3%,2.3%,1.1649,1.1673,1.1621,1.1651
2025-08-20,2:30pm,EUR,Final CPI y/y,Low,2.0%,2.0%,1.1649,1.1673,1.1621,1.1651
2025-08-20,3:09pm,EUR,German 30-y Bond Auction,Low,3.28|1.0,3.22|1.4,1.1649,1.1673,1.1621,1.1651
2025-08-20,8:00pm,USD,Crude Oil Inventories,Low,-6.0M,3.0M,1.1649,1.1673,1.1621,1.1651
2025-08-21,12:45pm,EUR,French Flash Manufacturing PMI,Medium,49.9,48.2,1.1652,1.1662,1.1598,1.1605
2025-08-21,12:45pm,EUR,French Flash Services PMI,Medium,49.7,48.5,1.1652,1.1662,1.1598,1.1605
2025-08-21,1:00pm,EUR,German Flash Manufacturing PMI,High,49.9,49.1,1.1652,1.1662,1.1598,1.1605
2025-08-21,1:00pm,EUR,German Flash Services PMI,High,50.1,50.6,1.1652,1.1662,1.1598,1.1605
2025-08-21,1:30pm,EUR,Flash Manufacturing PMI,Medium,50.5,49.8,1.1652,1.1662,1.1598,1.1605
2025-08-21,1:30pm,EUR,Flash Services PMI,Medium,50.7,51.0,1.1652,1.1662,1.1598,1.1605
2025-08-21,2:00pm,USD,Unemployment Claims,High,235K,224K,1.1652,1.1662,1.1598,1.1605
2025-08-21,2:00pm,USD,Philly Fed Manufacturing Index,Medium,-0.3,15.9,1.1652,1.1662,1.1598,1.1605
2025-08-21,7:15pm,USD,Flash Manufacturing PMI,High,53.3,49.8,1.1652,1.1662,1.1598,1.1605
2025-08-21,7:15pm,USD,Flash Services PMI,High,55.4,55.7,1.1652,1.1662,1.1598,1.1605
2025-08-21,7:30pm,EUR,Consumer Confidence,Low,-16,-15,1.1652,1.1662,1.1598,1.1605
2025-08-21,7:30pm,USD,Existing Home Sales,Medium,4.01M,3.93M,1.1652,1.1662,1.1598,1.1605
2025-08-21,7:30pm,USD,CB Leading Index m/m,Low,-0.1%,-0.3%,1.1652,1.1662,1.1598,1.1605
2025-08-21,8:00pm,USD,Natural Gas Storage,Low,13B,56B,1.1652,1.1662,1.1598,1.1605
2025-08-22,11:30am,EUR,German Final GDP q/q,Low,-0.3%,-0.1%,1.1605,1.1742,1.1581,1.1715
2025-08-25,1:30pm,EUR,German ifo Business Climate,Medium,89.0,88.6,1.1715,1.1727,1.1601,1.1618
2025-08-25,6:20pm,EUR,Belgian NBB Business Climate,Low,-8.9,-10.8,1.1715,1.1727,1.1601,1.1618
2025-08-25,7:30pm,USD,New Home Sales,Medium,652K,656K,1.1715,1.1727,1.1601,1.1618
2025-08-26,6:00pm,USD,Core Durable Goods Orders m/m,Medium,1.1%,0.3%,1.1618,1.1665,1.1599,1.1642
2025-08-26,6:00pm,USD,Durable Goods Orders m/m,Medium,-2.8%,-9.4%,1.1618,1.1665,1.1599,1.1642
2025-08-26,6:30pm,USD,HPI m/m,Low,-0.2%,-0.1%,1.1618,1.1665,1.1599,1.1642
2025-08-26,6:30pm,USD,S&P/CS Composite-20 HPI y/y,Low,2.1%,2.8%,1.1618,1.1665,1.1599,1.1642
2025-08-26,7:29pm,USD,Richmond Manufacturing Index,Medium,-7,-20,1.1618,1.1665,1.1599,1.1642
2025-08-26,7:29pm,USD,CB Consumer Confidence,Medium,97.4,98.7,1.1618,1.1665,1.1599,1.1642
2025-08-27,11:30am,EUR,German GfK Consumer Climate,Low,-23.6,-21.7,1.1642,1.1647,1.1573,1.1637
2025-08-27,8:00pm,USD,Crude Oil Inventories,Low,-2.4M,-6.0M,1.1642,1.1647,1.1573,1.1637
2025-08-28,1:30pm,EUR,M3 Money Supply y/y,Low,3.4%,3.3%,1.1637,1.1697,1.1627,1.1682
2025-08-28,1:30pm,EUR,Private Loans y/y,Low,2.4%,2.2%,1.1637,1.1697,1.1627,1.1682
2025-08-28,2:39pm,EUR,Italian 10-y Bond Auction,Low,3.58|1.6,3.52|1.6,1.1637,1.1697,1.1627,1.1682
2025-08-28,2:39pm,USD,Prelim GDP q/q,High,3.3%,3.0%,1.1637,1.1697,1.1627,1.1682
2025-08-28,2:39pm,USD,Unemployment Claims,High,229K,234K,1.1637,1.1697,1.1627,1.1682
2025-08-28,2:39pm,USD,Prelim GDP Price Index q/q,Medium,2.0%,2.0%,1.1637,1.1697,1.1627,1.1682
2025-08-28,7:30pm,USD,Pending Home Sales m/m,Medium,-0.4%,-0.8%,1.1637,1.1697,1.1627,1.1682
2025-08-28,8:00pm,USD,Natural Gas Storage,Low,18B,13B,1.1637,1.1697,1.1627,1.1682
2025-08-29,11:30am,EUR,German Import Prices m/m,Low,-0.4%,0.0%,1.1682,1.1708,1.1649,1.1684
2025-08-29,11:30am,EUR,German Retail Sales m/m,Low,-1.5%,1.0%,1.1682,1.1708,1.1649,1.1684
2025-08-29,All Day,EUR,German Prelim CPI m/m,Medium,0.1%,0.3%,1.1682,1.1708,1.1649,1.1684
2025-08-29,12:15pm,EUR,French Consumer Spending m/m,Low,-0.3%,0.4%,1.1682,1.1708,1.1649,1.1684
2025-08-29,12:15pm,EUR,French Final Private Payrolls q/q,Low,0.2%,0.0%,1.1682,1.1708,1.1649,1.1684
2025-08-29,12:15pm,EUR,French Prelim CPI m/m,Low,0.4%,0.2%,1.1682,1.1708,1.1649,1.1684
2025-08-29,12:15pm,EUR,French Prelim GDP q/q,Low,0.3%,0.3%,1.1682,1.1708,1.1649,1.1684
2025-08-29,12:30pm,EUR,Spanish Flash CPI y/y,Medium,2.7%,2.7%,1.1682,1.1708,1.1649,1.1684
2025-08-29,1:25pm,EUR,German Unemployment Change,Low,-9K,2K,1.1682,1.1708,1.1649,1.1684
2025-08-29,2:30pm,EUR,Italian Prelim CPI m/m,Low,0.1%,0.4%,1.1682,1.1708,1.1649,1.1684
2025-08-29,2:30pm,USD,Core PCE Price Index m/m,High,0.3%,0.3%,1.1682,1.1708,1.1649,1.1684
2025-08-29,2:30pm,USD,Goods Trade Balance,Low,-103.6B,-84.9B,1.1682,1.1708,1.1649,1.1684
2025-08-29,2:30pm,USD,Personal Income m/m,Low,0.4%,0.3%,1.1682,1.1708,1.1649,1.1684
2025-08-29,2:30pm,USD,Personal Spending m/m,Low,0.5%,0.4%,1.1682,1.1708,1.1649,1.1684
2025-08-29,2:30pm,USD,Prelim Wholesale Inventories m/m,Low,0.2%,0.1%,1.1682,1.1708,1.1649,1.1684
2025-08-29,7:15pm,USD,Chicago PMI,Low,41.5,47.1,1.1682,1.1708,1.1649,1.1684
2025-08-29,7:30pm,USD,Revised UoM Consumer Sentiment,Medium,58.2,58.6,1.1682,1.1708,1.1649,1.1684
2025-08-29,7:30pm,USD,Revised UoM Inflation Expectations,Low,4.8%,4.9%,1.1682,1.1708,1.1649,1.1684
2025-09-01,12:45pm,EUR,Spanish Manufacturing PMI,Low,54.3,51.9,1.1684,1.1736,1.1683,1.1709
2025-09-01,1:15pm,EUR,Italian Manufacturing PMI,Low,50.4,49.8,1.1684,1.1736,1.1683,1.1709
2025-09-01,1:20pm,EUR,French Final Manufacturing PMI,Low,50.4,49.9,1.1684,1.1736,1.1683,1.1709
2025-09-01,1:25pm,EUR,German Final Manufacturing PMI,Low,49.8,49.9,1.1684,1.1736,1.1683,1.1709
2025-09-01,1:30pm,EUR,Final Manufacturing PMI,Low,50.7,50.5,1.1684,1.1736,1.1683,1.1709
2025-09-01,1:30pm,EUR,Italian Monthly Unemployment Rate,Low,6.0%,6.2%,1.1684,1.1736,1.1683,1.1709
2025-09-01,2:30pm,EUR,Unemployment Rate,Low,6.2%,6.3%,1.1684,1.1736,1.1683,1.1709
2025-09-02,12:15pm,EUR,French Gov Budget Balance,Low,-142.0B,-100.4B,1.1709,1.1718,1.161,1.1638
2025-09-02,12:30pm,EUR,Spanish Unemployment Change,Low,21.9K,-1.4K,1.1709,1.1718,1.161,1.1638
2025-09-02,2:30pm,EUR,Core CPI Flash Estimate y/y,Medium,2.3%,2.3%,1.1709,1.1718,1.161,1.1638
2025-09-02,2:30pm,EUR,CPI Flash Estimate y/y,Medium,2.1%,2.0%,1.1709,1.1718,1.161,1.1638
2025-09-02,7:15pm,USD,Final Manufacturing PMI,Low,53.0,53.3,1.1709,1.1718,1.161,1.1638
2025-09-02,7:15pm,USD,ISM Manufacturing PMI,High,48.7,48.0,1.1709,1.1718,1.161,1.1638
2025-09-02,7:15pm,USD,ISM Manufacturing Prices,Medium,63.7,64.8,1.1709,1.1718,1.161,1.1638
2025-09-02,7:15pm,USD,Construction Spending m/m,Low,-0.1%,-0.4%,1.1709,1.1718,1.161,1.1638
2025-09-02,7:35pm,USD,RCM/TIPP Economic Optimism,Low,48.7,50.9,1.1709,1.1718,1.161,1.1638
2025-09-03,12:45pm,EUR,Spanish Services PMI,Low,53.2,55.1,1.1642,1.1682,1.1606,1.1661
2025-09-03,1:15pm,EUR,Italian Services PMI,Low,51.5,52.3,1.1642,1.1682,1.1606,1.1661
2025-09-03,1:20pm,EUR,French Final Services PMI,Low,49.8,49.7,1.1642,1.1682,1.1606,1.1661
2025-09-03,1:25pm,EUR,German Final Services PMI,Low,49.3,50.1,1.1642,1.1682,1.1606,1.1661
2025-09-03,1:25pm,EUR,Final Services PMI,Low,50.5,50.7,1.1642,1.1682,1.1606,1.1661
2025-09-03,2:30pm,EUR,PPI m/m,Low,0.4%,0.8%,1.1642,1.1682,1.1606,1.1661
2025-09-03,3:02pm,EUR,German 10-y Bond Auction,Low,2.77|1.4,2.69|1.4,1.1642,1.1682,1.1606,1.1661
2025-09-03,7:30pm,USD,JOLTS Job Openings,High,7.18M,7.36M,1.1642,1.1682,1.1606,1.1661
2025-09-03,7:30pm,USD,Factory Orders m/m,Low,-1.3%,-4.8%,1.1642,1.1682,1.1606,1.1661
2025-09-03,All Day,USD,Wards Total Vehicle Sales,Low,16.1M,16.4M,1.1642,1.1682,1.1606,1.1661
2025-09-04,2:27pm,EUR,French 10-y Bond Auction,Low,3.57|2.2,3.41|2.9,1.1659,1.1669,1.1628,1.1649
2025-09-04,2:30pm,EUR,Retail Sales m/m,Low,-0.5%,0.6%,1.1659,1.1669,1.1628,1.1649
2025-09-04,5:00pm,USD,Challenger Job Cuts y/y,Low,13.3%,139.8%,1.1659,1.1669,1.1628,1.1649
2025-09-04,5:45pm,USD,ADP Non-Farm Employment Change,High,54K,106K,1.1659,1.1669,1.1628,1.1649
2025-09-04,5:45pm,USD,Unemployment Claims,High,237K,229K,1.1659,1.1669,1.1628,1.1649
2025-09-04,5:45pm,USD,Revised Nonfarm Productivity q/q,Low,3.3%,2.4%,1.1659,1.1669,1.1628,1.1649
2025-09-04,5:45pm,USD,Revised Unit Labor Costs q/q,Low,1.0%,1.6%,1.1659,1.1669,1.1628,1.1649
2025-09-04,5:45pm,USD,Trade Balance,Low,-78.3B,-59.1B,1.1659,1.1669,1.1628,1.1649
2025-09-04,7:15pm,USD,Final Services PMI,Low,54.5,55.4,1.1659,1.1669,1.1628,1.1649
2025-09-04,7:30pm,USD,ISM Services PMI,High,52.0,50.1,1.1659,1.1669,1.1628,1.1649
2025-09-04,8:00pm,USD,Natural Gas Storage,Low,55B,18B,1.1659,1.1669,1.1628,1.1649
2025-09-04,9:30pm,USD,Crude Oil Inventories,Low,2.4M,-2.4M,1.1659,1.1669,1.1628,1.1649
2025-09-05,11:30am,EUR,German Factory Orders m/m,Low,-2.9%,-0.2%,1.1648,1.1759,1.1645,1.1717
2025-09-05,12:15pm,EUR,French Trade Balance,Low,-5.6B,-7.2B,1.1648,1.1759,1.1645,1.1717
2025-09-05,1:30pm,EUR,Italian Retail Sales m/m,Low,0.0%,0.7%,1.1648,1.1759,1.1645,1.1717
2025-09-05,2:30pm,EUR,Final Employment Change q/q,Low,0.1%,0.1%,1.1648,1.1759,1.1645,1.1717
2025-09-05,2:30pm,EUR,Revised GDP q/q,Low,0.1%,0.1%,1.1648,1.1759,1.1645,1.1717
2025-09-05,2:30pm,USD,Average Hourly Earnings m/m,High,0.3%,0.3%,1.1648,1.1759,1.1645,1.1717
2025-09-05,2:30pm,USD,Non-Farm Employment Change,High,22K,79K,1.1648,1.1759,1.1645,1.1717
2025-09-05,2:30pm,USD,Unemployment Rate,High,4.3%,4.2%,1.1648,1.1759,1.1645,1.1717
2025-09-08,11:30am,EUR,German Industrial Production m/m,Low,1.3%,-0.1%,1.1717,1.1765,1.17,1.1762
2025-09-08,11:30am,EUR,German Trade Balance,Low,14.7B,15.4B,1.1717,1.1765,1.17,1.1762
2025-09-08,2:00pm,EUR,Sentix Investor Confidence,Low,-9.2,-3.7,1.1717,1.1765,1.17,1.1762
2025-09-09,12:30am,USD,Consumer Credit m/m,Low,16.0B,9.6B,1.1762,1.1779,1.1702,1.1706
2025-09-09,12:15pm,EUR,French Industrial Production m/m,Low,-1.1%,3.7%,1.1762,1.1779,1.1702,1.1706
2025-09-09,3:01pm,EUR,German 10-y Bond Auction,Low,2.61|1.9,2.77|1.4,1.1762,1.1779,1.1702,1.1706
2025-09-09,3:30pm,USD,NFIB Small Business Index,Low,100.8,100.3,1.1762,1.1779,1.1702,1.1706
2025-09-09,7:30pm,USD,Prelim Benchmark Payrolls Revision,High,-911K,-818K,1.1762,1.1779,1.1702,1.1706
2025-09-10,1:30pm,EUR,Italian Industrial Production m/m,Low,0.4%,0.2%,1.1707,1.173,1.1681,1.1693
2025-09-10,6:00pm,USD,Core PPI m/m,High,-0.1%,0.7%,1.1707,1.173,1.1681,1.1693
2025-09-10,6:00pm,USD,PPI m/m,High,-0.1%,0.7%,1.1707,1.173,1.1681,1.1693
2025-09-10,7:30pm,USD,Final Wholesale Inventories m/m,Low,0.1%,0.2%,1.1707,1.173,1.1681,1.1693
2025-09-10,8:00pm,USD,Crude Oil Inventories,Low,3.9M,2.4M,1.1707,1.173,1.1681,1.1693
2025-09-10,10:31pm,USD,10-y Bond Auction,Low,4.03|2.7,4.26|2.4,1.1707,1.173,1.1681,1.1693
2025-09-11,5:45pm,EUR,Main Refinancing Rate,High,2.15%,2.15%,1.1693,1.1745,1.1661,1.1733
2025-09-11,6:00pm,USD,Core CPI m/m,High,0.3%,0.3%,1.1693,1.1745,1.1661,1.1733
2025-09-11,6:00pm,USD,CPI m/m,High,0.4%,0.2%,1.1693,1.1745,1.1661,1.1733
2025-09-11,6:00pm,USD,CPI y/y,High,2.9%,2.7%,1.1693,1.1745,1.1661,1.1733
2025-09-11,6:00pm,USD,Unemployment Claims,High,263K,236K,1.1693,1.1745,1.1661,1.1733
2025-09-11,8:00pm,USD,Natural Gas Storage,Low,71B,55B,1.1693,1.1745,1.1661,1.1733
2025-09-11,10:31pm,USD,30-y Bond Auction,Low,4.65|2.4,4.81|2.3,1.1693,1.1745,1.1661,1.1733
2025-09-11,11:30pm,USD,Federal Budget Balance,Low,-344.8B,-291.1B,1.1693,1.1745,1.1661,1.1733
2025-09-12,11:30am,EUR,German Final CPI m/m,Low,0.1%,0.1%,1.1733,1.1747,1.17,1.1733
2025-09-12,12:15pm,EUR,French Final CPI m/m,Low,0.4%,0.4%,1.1733,1.1747,1.17,1.1733
2025-09-12,1:30pm,EUR,Italian Quarterly Unemployment Rate,Low,6.3%,6.1%,1.1733,1.1747,1.17,1.1733
2025-09-12,7:30pm,USD,Prelim UoM Consumer Sentiment,High,55.4,58.2,1.1733,1.1747,1.17,1.1733
2025-09-12,7:30pm,USD,Prelim UoM Inflation Expectations,High,4.8%,4.8%,1.1733,1.1747,1.17,1.1733
2025-09-15,11:30am,EUR,German WPI m/m,Low,-0.6%,-0.1%,1.1733,1.1774,1.1715,1.176
2025-09-15,1:30pm,EUR,Italian Trade Balance,Low,7.91B,5.38B,1.1733,1.1774,1.1715,1.176
2025-09-15,2:30pm,EUR,Trade Balance,Low,5.3B,3.7B,1.1733,1.1774,1.1715,1.176
2025-09-15,2:30pm,USD,Empire State Manufacturing Index,Medium,-8.7,11.9,1.1733,1.1774,1.1715,1.176
2025-09-16,2:30pm,EUR,German ZEW Economic Sentiment,Medium,37.3,34.7,1.1762,1.1878,1.1756,1.1866
2025-09-16,2:30pm,EUR,Industrial Production m/m,Low,0.3%,-0.6%,1.1762,1.1878,1.1756,1.1866
2025-09-16,2:30pm,EUR,ZEW Economic Sentiment,Low,26.1,25.1,1.1762,1.1878,1.1756,1.1866
2025-09-16,2:30pm,USD,Core Retail Sales m/m,High,0.7%,0.4%,1.1762,1.1878,1.1756,1.1866
2025-09-16,2:30pm,USD,Retail Sales m/m,High,0.6%,0.6%,1.1762,1.1878,1.1756,1.1866
2025-09-16,2:30pm,USD,Import Prices m/m,Low,0.3%,0.2%,1.1762,1.1878,1.1756,1.1866
2025-09-16,6:45pm,USD,Capacity Utilization Rate,Low,77.4%,77.4%,1.1762,1.1878,1.1756,1.1866
2025-09-16,6:45pm,USD,Industrial Production m/m,Low,0.1%,-0.4%,1.1762,1.1878,1.1756,1.1866
2025-09-16,7:30pm,USD,Business Inventories m/m,Low,0.2%,0.2%,1.1762,1.1878,1.1756,1.1866
2025-09-16,7:30pm,USD,NAHB Housing Market Index,Low,32,32,1.1762,1.1878,1.1756,1.1866
2025-09-17,2:30pm,EUR,Final Core CPI y/y,Low,2.3%,2.3%,1.1866,1.1918,1.1806,1.1812
2025-09-17,2:30pm,EUR,Final CPI y/y,Low,2.0%,2.1%,1.1866,1.1918,1.1806,1.1812
2025-09-17,3:04pm,EUR,German 30-y Bond Auction,Low,3.25|1.8,3.28|1.0,1.1866,1.1918,1.1806,1.1812
2025-09-17,3:04pm,USD,Building Permits,Low,1.31M,1.35M,1.1866,1.1918,1.1806,1.1812
2025-09-17,3:04pm,USD,Housing Starts,Low,1.31M,1.43M,1.1866,1.1918,1.1806,1.1812
2025-09-17,3:04pm,USD,Crude Oil Inventories,Low,-9.3M,3.9M,1.1866,1.1918,1.1806,1.1812
2025-09-17,11:30pm,USD,Federal Funds Rate,High,4.25%,4.50%,1.1866,1.1918,1.1806,1.1812
2025-09-18,1:30pm,EUR,Current Account,Low,27.7B,35.8B,1.1812,1.1848,1.175,1.1786
2025-09-18,2:11pm,EUR,Spanish 10-y Bond Auction,Low,3.23|1.9,3.20|2.1,1.1812,1.1848,1.175,1.1786
2025-09-18,6:00pm,USD,Unemployment Claims,High,231K,264K,1.1812,1.1848,1.175,1.1786
2025-09-18,6:00pm,USD,Philly Fed Manufacturing Index,Medium,23.2,-0.3,1.1812,1.1848,1.175,1.1786
2025-09-18,6:00pm,USD,CB Leading Index m/m,Low,-0.5%,0.1%,1.1812,1.1848,1.175,1.1786
2025-09-18,8:00pm,USD,Natural Gas Storage,Low,90B,71B,1.1812,1.1848,1.175,1.1786
2025-09-19,1:30am,USD,TIC Long-Term Purchases,Low,49.2B,151.0B,1.1786,1.1792,1.1728,1.1744
2025-09-19,11:30am,EUR,German PPI m/m,Low,-0.5%,-0.1%,1.1786,1.1792,1.1728,1.1744
2025-09-22,7:30pm,EUR,Consumer Confidence,Low,-15,-16,1.1744,1.1803,1.1725,1.1802
2025-09-23,12:45pm,EUR,French Flash Manufacturing PMI,Medium,48.1,50.4,1.1802,1.1819,1.1778,1.1815
2025-09-23,12:45pm,EUR,French Flash Services PMI,Medium,48.9,49.8,1.1802,1.1819,1.1778,1.1815
2025-09-23,1:00pm,EUR,German Flash Manufacturing PMI,High,48.5,48.8,1.1802,1.1819,1.1778,1.1815
2025-09-23,1:00pm,EUR,German Flash Services PMI,High,52.5,49.3,1.1802,1.1819,1.1778,1.1815
2025-09-23,1:30pm,EUR,Flash Manufacturing PMI,Medium,49.5,50.7,1.1802,1.1819,1.1778,1.1815
2025-09-23,1:30pm,EUR,Flash Services PMI,Medium,51.4,50.5,1.1802,1.1819,1.1778,1.1815
2025-09-23,3:30pm,USD,Current Account,Low,-251B,-440B,1.1802,1.1819,1.1778,1.1815
2025-09-23,7:15pm,USD,Flash Manufacturing PMI,High,52.0,53.0,1.1802,1.1819,1.1778,1.1815
2025-09-23,7:15pm,USD,Flash Services PMI,High,53.9,54.5,1.1802,1.1819,1.1778,1.1815
2025-09-23,7:35pm,USD,Richmond Manufacturing Index,Medium,-17,-7,1.1802,1.1819,1.1778,1.1815
2025-09-24,10:30am,EUR,German ifo Business Climate,Medium,87.7,88.9,1.1814,1.1819,1.1727,1.1737
2025-09-24,6:13pm,EUR,Belgian NBB Business Climate,Low,-7.9,-8.9,1.1814,1.1819,1.1727,1.1737
2025-09-24,7:30pm,USD,New Home Sales,Medium,800K,664K,1.1814,1.1819,1.1727,1.1737
2025-09-24,8:00pm,USD,Crude Oil Inventories,Low,-0.6M,-9.3M,1.1814,1.1819,1.1727,1.1737
2025-09-25,11:30am,EUR,German GfK Consumer Climate,Low,-22.3,-23.5,1.1738,1.1753,1.1645,1.1665
2025-09-25,11:30am,EUR,M3 Money Supply y/y,Low,2.9%,3.3%,1.1738,1.1753,1.1645,1.1665
2025-09-25,11:30am,EUR,Private Loans y/y,Low,2.5%,2.4%,1.1738,1.1753,1.1645,1.1665
2025-09-25,6:00pm,USD,Final GDP q/q,High,3.8%,3.3%,1.1738,1.1753,1.1645,1.1665
2025-09-25,6:00pm,USD,Unemployment Claims,High,218K,232K,1.1738,1.1753,1.1645,1.1665
2025-09-25,6:00pm,USD,Core Durable Goods Orders m/m,Medium,0.4%,1.0%,1.1738,1.1753,1.1645,1.1665
2025-09-25,6:00pm,USD,Durable Goods Orders m/m,Medium,2.9%,-2.7%,1.1738,1.1753,1.1645,1.1665
2025-09-25,6:00pm,USD,Final GDP Price Index q/q,Medium,2.1%,2.0%,1.1738,1.1753,1.1645,1.1665
2025-09-25,6:00pm,USD,Goods Trade Balance,Low,-85.5B,-102.8B,1.1738,1.1753,1.1645,1.1665
2025-09-25,6:00pm,USD,Prelim Wholesale Inventories m/m,Low,-0.2%,0.1%,1.1738,1.1753,1.1645,1.1665
2025-09-25,7:30pm,USD,Existing Home Sales,Medium,4.00M,4.01M,1.1738,1.1753,1.1645,1.1665
2025-09-25,8:00pm,USD,Natural Gas Storage,Low,75B,90B,1.1738,1.1753,1.1645,1.1665
2025-09-26,2:37pm,EUR,Italian 10-y Bond Auction,Low,3.62|1.7,3.58|1.6,1.1665,1.1707,1.1657,1.1701
2025-09-26,2:37pm,USD,Core PCE Price Index m/m,High,0.2%,0.2%,1.1665,1.1707,1.1657,1.1701
2025-09-26,2:37pm,USD,Personal Income m/m,Low,0.4%,0.4%,1.1665,1.1707,1.1657,1.1701
2025-09-26,2:37pm,USD,Personal Spending m/m,Low,0.6%,0.5%,1.1665,1.1707,1.1657,1.1701
2025-09-26,7:30pm,USD,Revised UoM Consumer Sentiment,Medium,55.1,55.4,1.1665,1.1707,1.1657,1.1701
2025-09-26,7:30pm,USD,Revised UoM Inflation Expectations,Low,4.7%,4.8%,1.1665,1.1707,1.1657,1.1701
2025-09-29,12:30pm,EUR,Spanish Flash CPI y/y,Medium,2.9%,2.7%,1.1697,1.1754,1.1697,1.1725
2025-09-29,7:30pm,USD,Pending Home Sales m/m,Medium,4.0%,-0.3%,1.1697,1.1754,1.1697,1.1725
2025-09-30,11:30am,EUR,German Import Prices m/m,Low,-0.5%,-0.4%,1.1726,1.1761,1.1711,1.1733
2025-09-30,11:30am,EUR,German Retail Sales m/m,Low,-0.2%,-0.5%,1.1726,1.1761,1.1711,1.1733
2025-09-30,All Day,EUR,German Prelim CPI m/m,Medium,0.2%,0.1%,1.1726,1.1761,1.1711,1.1733
2025-09-30,12:15pm,EUR,French Consumer Spending m/m,Low,0.1%,-0.6%,1.1726,1.1761,1.1711,1.1733
2025-09-30,12:15pm,EUR,French Prelim CPI m/m,Low,-1.0%,0.4%,1.1726,1.1761,1.1711,1.1733
2025-09-30,1:25pm,EUR,German Unemployment Change,Low,14K,-7K,1.1726,1.1761,1.1711,1.1733
2025-09-30,2:30pm,EUR,Italian Prelim CPI m/m,Low,-0.2%,0.1%,1.1726,1.1761,1.1711,1.1733
2025-09-30,2:30pm,USD,HPI m/m,Low,-0.1%,-0.2%,1.1726,1.1761,1.1711,1.1733
2025-09-30,2:30pm,USD,S&P/CS Composite-20 HPI y/y,Low,1.8%,2.2%,1.1726,1.1761,1.1711,1.1733
2025-09-30,7:15pm,USD,Chicago PMI,Low,40.6,41.5,1.1726,1.1761,1.1711,1.1733
2025-09-30,7:30pm,USD,JOLTS Job Openings,High,7.23M,7.21M,1.1726,1.1761,1.1711,1.1733
2025-09-30,7:30pm,USD,CB Consumer Confidence,Medium,94.2,97.8,1.1726,1.1761,1.1711,1.1733
2025-10-01,12:45pm,EUR,Spanish Manufacturing PMI,Low,51.5,54.3,1.1733,1.1778,1.1712,1.1729
2025-10-01,1:15pm,EUR,Italian Manufacturing PMI,Low,49.0,50.4,1.1733,1.1778,1.1712,1.1729
2025-10-01,1:20pm,EUR,French Final Manufacturing PMI,Low,48.2,48.1,1.1733,1.1778,1.1712,1.1729
2025-10-01,1:25pm,EUR,German Final Manufacturing PMI,Low,49.5,48.5,1.1733,1.1778,1.1712,1.1729
2025-10-01,1:30pm,EUR,Final Manufacturing PMI,Low,49.8,49.5,1.1733,1.1778,1.1712,1.1729
2025-10-01,2:30pm,EUR,Core CPI Flash Estimate y/y,Medium,2.3%,2.3%,1.1733,1.1778,1.1712,1.1729
2025-10-01,2:30pm,EUR,CPI Flash Estimate y/y,Medium,2.2%,2.0%,1.1733,1.1778,1.1712,1.1729
2025-10-01,3:02pm,EUR,German 10-y Bond Auction,Low,2.72|1.2,2.61|1.9,1.1733,1.1778,1.1712,1.1729
2025-10-01,5:45pm,USD,ADP Non-Farm Employment Change,High,-32K,-3K,1.1733,1.1778,1.1712,1.1729
2025-10-01,7:15pm,USD,Final Manufacturing PMI,Low,52.0,52.0,1.1733,1.1778,1.1712,1.1729
2025-10-01,7:30pm,USD,ISM Manufacturing PMI,High,49.1,48.7,1.1733,1.1778,1.1712,1.1729
2025-10-01,7:30pm,USD,ISM Manufacturing Prices,Medium,61.9,63.7,1.1733,1.1778,1.1712,1.1729
2025-10-01,All Day,USD,Wards Total Vehicle Sales,Low,16.4M,16.1M,1.1733,1.1778,1.1712,1.1729
2025-10-01,8:00pm,USD,Crude Oil Inventories,Low,1.8M,-0.6M,1.1733,1.1778,1.1712,1.1729
2025-10-02,12:15pm,EUR,French Gov Budget Balance,Low,-157.5B,-142.0B,1.1728,1.1758,1.1681,1.1714
2025-10-02,12:30pm,EUR,Spanish Unemployment Change,Low,-4.8K,21.9K,1.1728,1.1758,1.1681,1.1714
2025-10-02,1:30pm,EUR,Italian Monthly Unemployment Rate,Low,6.0%,5.9%,1.1728,1.1758,1.1681,1.1714
2025-10-02,2:25pm,EUR,French 10-y Bond Auction,Low,3.51|2.5,3.57|2.2,1.1728,1.1758,1.1681,1.1714
2025-10-02,2:30pm,EUR,Unemployment Rate,Low,6.3%,6.2%,1.1728,1.1758,1.1681,1.1714
2025-10-02,3:40pm,USD,Challenger Job Cuts y/y,Low,-25.8%,13.3%,1.1728,1.1758,1.1681,1.1714
2025-10-02,3:40pm,USD,Natural Gas Storage,Low,53B,75B,1.1728,1.1758,1.1681,1.1714
2025-10-03,12:15pm,EUR,French Industrial Production m/m,Low,-0.7%,-1.1%,1.1714,1.1758,1.1712,1.1741
2025-10-03,12:45pm,EUR,Spanish Services PMI,Low,54.3,53.2,1.1714,1.1758,1.1712,1.1741
2025-10-03,1:15pm,EUR,Italian Services PMI,Low,52.5,51.5,1.1714,1.1758,1.1712,1.1741
2025-10-03,1:20pm,EUR,French Final Services PMI,Low,48.5,48.9,1.1714,1.1758,1.1712,1.1741
2025-10-03,1:25pm,EUR,German Final Services PMI,Low,51.5,52.5,1.1714,1.1758,1.1712,1.1741
2025-10-03,1:30pm,EUR,Final Services PMI,Low,51.3,51.4,1.1714,1.1758,1.1712,1.1741
2025-10-03,1:30pm,EUR,Italian Retail Sales m/m,Low,-0.1%,0.0%,1.1714,1.1758,1.1712,1.1741
2025-10-03,2:30pm,EUR,PPI m/m,Low,-0.3%,0.3%,1.1714,1.1758,1.1712,1.1741
2025-10-03,7:15pm,USD,Final Services PMI,Low,54.2,53.9,1.1714,1.1758,1.1712,1.1741
2025-10-03,7:30pm,USD,ISM Services PMI,High,50.0,52.0,1.1714,1.1758,1.1712,1.1741
2025-10-06,2:00pm,EUR,Sentix Investor Confidence,Low,-5.4,-9.2,1.1741,1.1741,1.1649,1.1709
2025-10-06,2:30pm,EUR,Retail Sales m/m,Low,0.1%,-0.4%,1.1741,1.1741,1.1649,1.1709
2025-10-07,11:30am,EUR,German Factory Orders m/m,Low,-0.8%,-2.7%,1.1712,1.1716,1.1647,1.1655
2025-10-07,12:15pm,EUR,French Trade Balance,Low,-5.5B,-5.7B,1.1712,1.1716,1.1647,1.1655
2025-10-07,7:32pm,USD,RCM/TIPP Economic Optimism,Low,48.3,48.7,1.1712,1.1716,1.1647,1.1655
2025-10-08,12:30am,USD,Consumer Credit m/m,Low,0.4B,18.1B,1.1653,1.1661,1.1597,1.1626
2025-10-08,11:30am,EUR,German Industrial Production m/m,Low,-4.3%,1.3%,1.1653,1.1661,1.1597,1.1626
2025-10-08,8:00pm,USD,Crude Oil Inventories,Low,3.7M,1.8M,1.1653,1.1661,1.1597,1.1626
2025-10-08,10:31pm,USD,10-y Bond Auction,Low,4.12|2.5,4.03|2.7,1.1653,1.1661,1.1597,1.1626
2025-10-09,11:30am,EUR,German Trade Balance,Low,17.2B,16.3B,1.1623,1.1648,1.1541,1.1563
2025-10-09,8:00pm,USD,Natural Gas Storage,Low,80B,53B,1.1623,1.1648,1.1541,1.1563
2025-10-09,10:31pm,USD,30-y Bond Auction,Low,4.73|2.4,4.65|2.4,1.1623,1.1648,1.1541,1.1563
2025-10-10,1:30pm,EUR,Italian Industrial Production m/m,Low,-2.4%,0.4%,1.1563,1.163,1.1555,1.1618
2025-10-10,7:30pm,USD,Prelim UoM Consumer Sentiment,High,55.0,55.1,1.1563,1.163,1.1555,1.1618
2025-10-10,7:30pm,USD,Prelim UoM Inflation Expectations,High,4.6%,4.7%,1.1563,1.163,1.1555,1.1618
2025-10-13,11:30am,EUR,German WPI m/m,Low,0.2%,-0.6%,1.1618,1.1629,1.1556,1.1568
2025-10-14,11:30am,EUR,German Final CPI m/m,Low,0.2%,0.2%,1.157,1.1615,1.154,1.1605
2025-10-14,2:30pm,EUR,German ZEW Economic Sentiment,Medium,39.3,37.3,1.157,1.1615,1.154,1.1605
2025-10-14,2:30pm,EUR,ZEW Economic Sentiment,Low,22.7,26.1,1.157,1.1615,1.154,1.1605
2025-10-14,3:30pm,USD,NFIB Small Business Index,Low,98.8,100.8,1.157,1.1615,1.154,1.1605
2025-10-15,12:15pm,EUR,French Final CPI m/m,Low,-1.0%,-1.0%,1.1605,1.1647,1.16,1.1646
2025-10-15,2:30pm,EUR,Industrial Production m/m,Low,-1.2%,0.5%,1.1605,1.1647,1.16,1.1646
2025-10-15,3:02pm,EUR,German 30-y Bond Auction,Low,3.17|1.4,3.25|1.8,1.1605,1.1647,1.16,1.1646
2025-10-15,3:02pm,USD,Empire State Manufacturing Index,Medium,10.7,-8.7,1.1605,1.1647,1.16,1.1646
2025-10-16,2:09pm,EUR,Spanish 10-y Bond Auction,Low,3.09|1.7,3.23|1.9,1.1647,1.1694,1.164,1.1687
2025-10-16,2:30pm,EUR,Italian Trade Balance,Low,2.05B,7.83B,1.1647,1.1694,1.164,1.1687
2025-10-16,2:30pm,EUR,Trade Balance,Low,9.7B,6.0B,1.1647,1.1694,1.164,1.1687
2025-10-16,6:00pm,USD,Philly Fed Manufacturing Index,Medium,-12.8,23.2,1.1647,1.1694,1.164,1.1687
2025-10-16,6:00pm,USD,NAHB Housing Market Index,Low,37,32,1.1647,1.1694,1.164,1.1687
2025-10-16,8:00pm,USD,Natural Gas Storage,Low,80B,80B,1.1647,1.1694,1.164,1.1687
2025-10-16,8:00pm,USD,Crude Oil Inventories,Low,3.5M,3.7M,1.1647,1.1694,1.164,1.1687
2025-10-16,11:30pm,USD,Federal Budget Balance,Low,198.0B,-344.8B,1.1647,1.1694,1.164,1.1687
2025-10-17,2:30pm,EUR,Final Core CPI y/y,Low,2.4%,2.3%,1.1686,1.1728,1.165,1.1651
2025-10-17,2:30pm,EUR,Final CPI y/y,Low,2.2%,2.2%,1.1686,1.1728,1.165,1.1651
2025-10-20,11:30am,EUR,German PPI m/m,Low,-0.1%,-0.5%,1.1657,1.1675,1.1637,1.164
2025-10-20,1:30pm,EUR,Current Account,Low,11.9B,29.8B,1.1657,1.1675,1.1637,1.164
2025-10-22,8:00pm,USD,Crude Oil Inventories,Low,-1.0M,3.5M,1.1598,1.1622,1.1576,1.161
2025-10-23,7:30pm,EUR,Consumer Confidence,Low,-14,-15,1.1609,1.162,1.1584,1.1617
2025-10-23,7:30pm,USD,Existing Home Sales,Medium,4.06M,4.00M,1.1609,1.162,1.1584,1.1617
2025-10-23,8:00pm,USD,Natural Gas Storage,Low,87B,80B,1.1609,1.162,1.1584,1.1617
2025-10-24,12:30pm,EUR,Spanish Unemployment Rate,Low,10.5%,10.3%,1.1618,1.1647,1.1599,1.1625
2025-10-24,12:45pm,EUR,French Flash Manufacturing PMI,Medium,48.3,48.2,1.1618,1.1647,1.1599,1.1625
2025-10-24,12:45pm,EUR,French Flash Services PMI,Medium,47.1,48.5,1.1618,1.1647,1.1599,1.1625
2025-10-24,1:00pm,EUR,German Flash Manufacturing PMI,High,49.6,49.5,1.1618,1.1647,1.1599,1.1625
2025-10-24,1:00pm,EUR,German Flash Services PMI,High,54.5,51.5,1.1618,1.1647,1.1599,1.1625
2025-10-24,1:30pm,EUR,Flash Manufacturing PMI,Medium,50.0,49.8,1.1618,1.1647,1.1599,1.1625
2025-10-24,1:30pm,EUR,Flash Services PMI,Medium,52.6,51.3,1.1618,1.1647,1.1599,1.1625
2025-10-24,2:00pm,USD,Core CPI m/m,High,0.2%,0.3%,1.1618,1.1647,1.1599,1.1625
2025-10-24,2:00pm,USD,CPI m/m,High,0.3%,0.4%,1.1618,1.1647,1.1599,1.1625
2025-10-24,2:00pm,USD,CPI y/y,High,3.0%,2.9%,1.1618,1.1647,1.1599,1.1625
2025-10-24,6:21pm,EUR,Belgian NBB Business Climate,Low,-9.1,-7.9,1.1618,1.1647,1.1599,1.1625
2025-10-24,7:15pm,USD,Flash Manufacturing PMI,High,52.2,52.0,1.1618,1.1647,1.1599,1.1625
2025-10-24,7:15pm,USD,Flash Services PMI,High,55.2,54.2,1.1618,1.1647,1.1599,1.1625
2025-10-24,7:30pm,USD,Revised UoM Consumer Sentiment,Low,53.6,55.0,1.1618,1.1647,1.1599,1.1625
2025-10-24,7:30pm,USD,Revised UoM Inflation Expectations,Low,4.6%,4.6%,1.1618,1.1647,1.1599,1.1625
2025-10-27,2:30pm,EUR,German ifo Business Climate,Medium,88.4,87.7,1.1625,1.1651,1.1616,1.1643
2025-10-27,2:30pm,EUR,M3 Money Supply y/y,Low,2.8%,2.9%,1.1625,1.1651,1.1616,1.1643
2025-10-27,2:30pm,EUR,Private Loans y/y,Low,2.6%,2.5%,1.1625,1.1651,1.1616,1.1643
2025-10-28,12:30pm,EUR,German GfK Consumer Climate,Low,-24.1,-22.5,1.1644,1.1668,1.1625,1.165
2025-10-28,6:30pm,USD,HPI m/m,Low,0.4%,0.0%,1.1644,1.1668,1.1625,1.165
2025-10-28,6:30pm,USD,S&P/CS Composite-20 HPI y/y,Low,1.6%,1.8%,1.1644,1.1668,1.1625,1.165
2025-10-28,7:29pm,USD,Richmond Manufacturing Index,Medium,-4,-17,1.1644,1.1668,1.1625,1.165
2025-10-28,7:30pm,USD,CB Consumer Confidence,Medium,94.6,95.6,1.1644,1.1668,1.1625,1.165
2025-10-29,1:30pm,EUR,Spanish Flash GDP q/q,Low,0.6%,0.8%,1.165,1.1665,1.1577,1.1599
2025-10-29,4:02pm,EUR,German 10-y Bond Auction,Low,2.62|1.3,2.72|1.2,1.165,1.1665,1.1577,1.1599
2025-10-29,7:30pm,USD,Pending Home Sales m/m,Medium,0.0%,4.2%,1.165,1.1665,1.1577,1.1599
2025-10-29,7:30pm,USD,Crude Oil Inventories,Low,-6.9M,-1.0M,1.165,1.1665,1.1577,1.1599
2025-10-29,11:30pm,USD,Federal Funds Rate,High,4.00%,4.25%,1.165,1.1665,1.1577,1.1599
2025-10-30,12:00pm,EUR,French Consumer Spending m/m,Low,0.3%,0.2%,1.16,1.1637,1.1546,1.1565
2025-10-30,12:00pm,EUR,French Flash GDP q/q,Low,0.5%,0.3%,1.16,1.1637,1.1546,1.1565
2025-10-30,All Day,EUR,German Prelim CPI m/m,Medium,0.3%,0.2%,1.16,1.1637,1.1546,1.1565
2025-10-30,All Day,EUR,Spanish Flash CPI y/y,Medium,3.1%,3.0%,1.16,1.1637,1.1546,1.1565
2025-10-30,2:25pm,EUR,German Unemployment Change,Low,-1K,13K,1.16,1.1637,1.1546,1.1565
2025-10-30,2:30pm,EUR,German Prelim GDP q/q,Medium,0.0%,-0.3%,1.16,1.1637,1.1546,1.1565
2025-10-30,2:30pm,EUR,Italian Prelim GDP q/q,Low,0.0%,-0.1%,1.16,1.1637,1.1546,1.1565
2025-10-30,3:30pm,EUR,Italian Monthly Unemployment Rate,Low,6.1%,6.0%,1.16,1.1637,1.1546,1.1565
2025-10-30,3:30pm,EUR,Prelim Flash GDP q/q,Low,0.2%,0.1%,1.16,1.1637,1.1546,1.1565
2025-10-30,3:30pm,EUR,Unemployment Rate,Low,6.3%,6.3%,1.16,1.1637,1.1546,1.1565
2025-10-30,3:36pm,EUR,Italian 10-y Bond Auction,Low,3.46|1.5,3.62|1.7,1.16,1.1637,1.1546,1.1565
2025-10-30,6:45pm,EUR,Main Refinancing Rate,High,2.15%,2.15%,1.16,1.1637,1.1546,1.1565
2025-10-30,8:00pm,USD,Natural Gas Storage,Low,74B,87B,1.16,1.1637,1.1546,1.1565
2025-10-31,12:30pm,EUR,German Import Prices m/m,Low,0.2%,-0.5%,1.1565,1.1577,1.152,1.1534
2025-10-31,12:30pm,EUR,German Retail Sales m/m,Low,0.2%,-0.5%,1.1565,1.1577,1.152,1.1534
2025-10-31,1:15pm,EUR,French Prelim CPI m/m,Low,0.1%,-1.0%,1.1565,1.1577,1.152,1.1534
2025-10-31,3:30pm,EUR,Core CPI Flash Estimate y/y,Medium,2.4%,2.4%,1.1565,1.1577,1.152,1.1534
2025-10-31,3:30pm,EUR,CPI Flash Estimate y/y,Medium,2.1%,2.2%,1.1565,1.1577,1.152,1.1534
2025-10-31,3:30pm,EUR,Italian Prelim CPI m/m,Low,-0.3%,-0.2%,1.1565,1.1577,1.152,1.1534
2025-10-31,7:15pm,USD,Chicago PMI,Low,43.8,40.6,1.1565,1.1577,1.152,1.1534
2025-11-03,1:45pm,EUR,Spanish Manufacturing PMI,Low,52.1,51.5,1.1534,1.1541,1.1504,1.1518
2025-11-03,2:15pm,EUR,Italian Manufacturing PMI,Low,49.9,49.0,1.1534,1.1541,1.1504,1.1518
2025-11-03,2:20pm,EUR,French Final Manufacturing PMI,Low,48.8,48.3,1.1534,1.1541,1.1504,1.1518
2025-11-03,2:25pm,EUR,German Final Manufacturing PMI,Low,49.6,49.6,1.1534,1.1541,1.1504,1.1518
2025-11-03,2:30pm,EUR,Final Manufacturing PMI,Low,50.0,50.0,1.1534,1.1541,1.1504,1.1518
2025-11-03,8:15pm,USD,Final Manufacturing PMI,Low,52.5,52.2,1.1534,1.1541,1.1504,1.1518
2025-11-03,8:30pm,USD,ISM Manufacturing PMI,High,48.7,49.1,1.1534,1.1541,1.1504,1.1518
2025-11-03,8:30pm,USD,ISM Manufacturing Prices,Medium,58.0,61.9,1.1534,1.1541,1.1504,1.1518
2025-11-03,All Day,USD,Wards Total Vehicle Sales,Low,15.3M,16.4M,1.1534,1.1541,1.1504,1.1518
2025-11-04,1:15pm,EUR,French Gov Budget Balance,Low,-155.4B,-157.5B,1.1519,1.1533,1.1472,1.1482
2025-11-04,1:30pm,EUR,Spanish Unemployment Change,Low,22.1K,-4.8K,1.1519,1.1533,1.1472,1.1482
2025-11-04,8:31pm,USD,RCM/TIPP Economic Optimism,Low,43.9,48.3,1.1519,1.1533,1.1472,1.1482
2025-11-05,12:30pm,EUR,German Factory Orders m/m,Low,1.1%,-0.4%,1.1483,1.1497,1.1468,1.1491
2025-11-05,1:15pm,EUR,French Industrial Production m/m,Low,0.8%,-0.9%,1.1483,1.1497,1.1468,1.1491
2025-11-05,1:45pm,EUR,Spanish Services PMI,Low,56.6,54.3,1.1483,1.1497,1.1468,1.1491
2025-11-05,2:15pm,EUR,Italian Services PMI,Low,54.0,52.5,1.1483,1.1497,1.1468,1.1491
2025-11-05,2:20pm,EUR,French Final Services PMI,Low,48.0,47.1,1.1483,1.1497,1.1468,1.1491
2025-11-05,2:25pm,EUR,German Final Services PMI,Low,54.6,54.5,1.1483,1.1497,1.1468,1.1491
2025-11-05,2:30pm,EUR,Final Services PMI,Low,53.0,52.6,1.1483,1.1497,1.1468,1.1491
2025-11-05,2:30pm,EUR,Italian Retail Sales m/m,Low,-0.5%,-0.1%,1.1483,1.1497,1.1468,1.1491
2025-11-05,3:00pm,EUR,PPI m/m,Low,-0.1%,-0.4%,1.1483,1.1497,1.1468,1.1491
2025-11-05,6:45pm,USD,ADP Non-Farm Employment Change,High,42K,-29K,1.1483,1.1497,1.1468,1.1491
2025-11-05,8:15pm,USD,Final Services PMI,Low,54.8,55.2,1.1483,1.1497,1.1468,1.1491
2025-11-05,8:30pm,USD,ISM Services PMI,High,52.4,50.0,1.1483,1.1497,1.1468,1.1491
2025-11-05,9:00pm,USD,Crude Oil Inventories,Low,5.2M,-6.9M,1.1483,1.1497,1.1468,1.1491
2025-11-06,12:30pm,EUR,German Industrial Production m/m,Low,1.3%,-3.7%,1.1491,1.1552,1.1489,1.1547
2025-11-06,1:15pm,EUR,French Prelim Private Payrolls q/q,Low,-0.3%,0.2%,1.1491,1.1552,1.1489,1.1547
2025-11-06,2:27pm,USD,Challenger Job Cuts y/y,Low,175.3%,-25.8%,1.1491,1.1552,1.1489,1.1547
2025-11-06,3:17pm,EUR,Spanish 10-y Bond Auction,Low,3.11|2.6,3.09|1.7,1.1491,1.1552,1.1489,1.1547
2025-11-06,3:29pm,EUR,French 10-y Bond Auction,Low,3.43|2.1,3.51|2.5,1.1491,1.1552,1.1489,1.1547
2025-11-06,3:30pm,EUR,Retail Sales m/m,Low,-0.1%,0.1%,1.1491,1.1552,1.1489,1.1547
2025-11-06,3:30pm,USD,Natural Gas Storage,Low,33B,74B,1.1491,1.1552,1.1489,1.1547
2025-11-07,12:30pm,EUR,German Trade Balance,Low,15.3B,16.9B,1.1546,1.1591,1.1528,1.1565
2025-11-07,1:15pm,EUR,French Trade Balance,Low,-6.6B,-5.2B,1.1546,1.1591,1.1528,1.1565
2025-11-07,8:30pm,USD,Prelim UoM Consumer Sentiment,Medium,50.3,53.6,1.1546,1.1591,1.1528,1.1565
2025-11-07,8:30pm,USD,Prelim UoM Inflation Expectations,Medium,4.7%,4.6%,1.1546,1.1591,1.1528,1.1565
2025-11-08,1:30am,USD,Consumer Credit m/m,Low,13.1B,3.1B,,,,
2025-11-10,3:00pm,EUR,Sentix Investor Confidence,Low,-7.4,-5.4,1.1565,1.1583,1.1538,1.1556
2025-11-10,8:15pm,USD,Cleveland Fed Inflation Expectations,Low,3.3%,3.5%,1.1565,1.1583,1.1538,1.1556
2025-11-11,3:30pm,EUR,German ZEW Economic Sentiment,Low,38.5,39.3,1.1556,1.1605,1.1546,1.158
2025-11-11,3:30pm,EUR,ZEW Economic Sentiment,Low,25.0,22.7,1.1556,1.1605,1.1546,1.158
2025-11-11,4:30pm,USD,NFIB Small Business Index,Low,98.2,98.8,1.1556,1.1605,1.1546,1.158
2025-11-11,6:56pm,USD,ADP Weekly Employment Change,Medium,-11.3K,14.3K,1.1556,1.1605,1.1546,1.158
2025-11-12,12:30pm,EUR,German Final CPI m/m,Low,0.3%,0.3%,1.158,1.1597,1.1562,1.1592
2025-11-12,12:30pm,EUR,German WPI m/m,Low,0.3%,0.2%,1.158,1.1597,1.1562,1.1592
2025-11-12,2:30pm,EUR,Italian Industrial Production m/m,Low,2.8%,-2.7%,1.158,1.1597,1.1562,1.1592
2025-11-12,4:02pm,EUR,German 30-y Bond Auction,Low,3.26|1.3,3.17|1.4,1.158,1.1597,1.1562,1.1592
2025-11-12,11:31pm,USD,10-y Bond Auction,Low,4.07|2.4,4.12|2.5,1.158,1.1597,1.1562,1.1592
2025-11-13,3:30pm,EUR,Industrial Production m/m,Low,0.2%,-1.1%,1.1592,1.1655,1.1578,1.1631
2025-11-13,10:30pm,USD,Crude Oil Inventories,Low,6.4M,5.2M,1.1592,1.1655,1.1578,1.1631
2025-11-13,11:31pm,USD,30-y Bond Auction,Low,4.69|2.3,4.73|2.4,1.1592,1.1655,1.1578,1.1631
2025-11-14,1:15pm,EUR,French Final CPI m/m,Low,0.1%,0.1%,1.1638,1.1653,1.1604,1.162
2025-11-14,2:30pm,EUR,Italian Trade Balance,Low,2.85B,1.88B,1.1638,1.1653,1.1604,1.162
2025-11-14,3:30pm,EUR,Flash Employment Change q/q,Low,0.1%,0.1%,1.1638,1.1653,1.1604,1.162
2025-11-14,3:30pm,EUR,Flash GDP q/q,Low,0.2%,0.2%,1.1638,1.1653,1.1604,1.162
2025-11-14,3:30pm,EUR,Trade Balance,Low,18.7B,10.6B,1.1638,1.1653,1.1604,1.162
2025-11-14,8:55pm,USD,Mortgage Delinquencies,Low,3.99%,3.93%,1.1638,1.1653,1.1604,1.162
2025-11-14,9:00pm,USD,Natural Gas Storage,Low,45B,33B,1.1638,1.1653,1.1604,1.162
2025-11-17,10:00am,USD,Empire State Manufacturing Index,Medium,18.7,10.7,1.162,1.1624,1.1581,1.159
2025-11-17,8:30pm,USD,Construction Spending m/m,Low,0.2%,0.2%,1.162,1.1624,1.1581,1.159
2025-11-18,Sep 27th,USD,Unemployment Claims,Low,224K,219K,1.1591,1.1607,1.157,1.1579
2025-11-18,Oct 4th,USD,Unemployment Claims,Low,235K,224K,1.1591,1.1607,1.157,1.1579
2025-11-18,Oct 11th,USD,Unemployment Claims,Low,220K,235K,1.1591,1.1607,1.157,1.1579
2025-11-18,1:40pm,USD,Unemployment Claims,High,232K,220K,1.1591,1.1607,1.157,1.1579
2025-11-18,6:59pm,USD,ADP Weekly Employment Change,Medium,-2.5K,-11.3K,1.1591,1.1607,1.157,1.1579
2025-11-18,8:30pm,USD,Factory Orders m/m,Low,1.4%,-1.3%,1.1591,1.1607,1.157,1.1579
2025-11-18,8:30pm,USD,NAHB Housing Market Index,Low,38,37,1.1591,1.1607,1.157,1.1579
2025-11-19,Aug Data,USD,TIC Long-Term Purchases,Low,134.2B,39.0B,1.1579,1.1597,1.1517,1.1536
2025-11-19,2:30am,USD,TIC Long-Term Purchases,Low,179.8B,134.2B,1.1579,1.1597,1.1517,1.1536
2025-11-19,2:30pm,EUR,Current Account,Low,23.1B,11.9B,1.1579,1.1597,1.1517,1.1536
2025-11-19,3:30pm,EUR,Final Core CPI y/y,Low,2.4%,2.4%,1.1579,1.1597,1.1517,1.1536
2025-11-19,3:30pm,EUR,Final CPI y/y,Low,2.1%,2.1%,1.1579,1.1597,1.1517,1.1536
2025-11-19,7:00pm,USD,Trade Balance,Low,-59.6B,-78.2B,1.1579,1.1597,1.1517,1.1536
2025-11-19,9:00pm,USD,Crude Oil Inventories,Low,-3.4M,6.4M,1.1579,1.1597,1.1517,1.1536
2025-11-20,9:00pm,EUR,German PPI m/m,Low,0.1%,-0.1%,1.1535,1.1549,1.1506,1.1527
2025-11-20,3:08pm,EUR,Spanish 10-y Bond Auction,Low,3.20|1.9,3.11|2.6,1.1535,1.1549,1.1506,1.1527
2025-11-20,Oct 25th,USD,Unemployment Claims,Low,220K,232K,1.1535,1.1549,1.1506,1.1527
2025-11-20,Nov 1st,USD,Unemployment Claims,Low,229K,220K,1.1535,1.1549,1.1506,1.1527
2025-11-20,Nov 8th,USD,Unemployment Claims,Low,228K,229K,1.1535,1.1549,1.1506,1.1527
2025-11-20,Nov 8th,USD,Average Hourly Earnings m/m,High,0.2%,0.4%,1.1535,1.1549,1.1506,1.1527
2025-11-20,Nov 8th,USD,Non-Farm Employment Change,High,119K,-4K,1.1535,1.1549,1.1506,1.1527
2025-11-20,Nov 8th,USD,Unemployment Claims,High,220K,228K,1.1535,1.1549,1.1506,1.1527
2025-11-20,Nov 8th,USD,Unemployment Rate,High,4.4%,4.3%,1.1535,1.1549,1.1506,1.1527
2025-11-20,Nov 8th,USD,Philly Fed Manufacturing Index,Medium,-1.7,-12.8,1.1535,1.1549,1.1506,1.1527
2025-11-20,8:30pm,EUR,Consumer Confidence,Low,-14,-14,1.1535,1.1549,1.1506,1.1527
2025-11-20,8:30pm,USD,Existing Home Sales,Medium,4.10M,4.05M,1.1535,1.1549,1.1506,1.1527
2025-11-20,9:00pm,USD,Natural Gas Storage,Low,-14B,45B,1.1535,1.1549,1.1506,1.1527
2025-11-21,1:45pm,EUR,French Flash Manufacturing PMI,Medium,47.8,48.8,1.1527,1.1552,1.1488,1.1511
2025-11-21,1:45pm,EUR,French Flash Services PMI,Medium,50.8,48.0,1.1527,1.1552,1.1488,1.1511
2025-11-21,2:00pm,EUR,German Flash Manufacturing PMI,High,48.4,49.6,1.1527,1.1552,1.1488,1.1511
2025-11-21,2:00pm,EUR,German Flash Services PMI,High,52.7,54.6,1.1527,1.1552,1.1488,1.1511
2025-11-21,2:30pm,EUR,Flash Manufacturing PMI,Low,49.7,50.0,1.1527,1.1552,1.1488,1.1511
2025-11-21,2:30pm,EUR,Flash Services PMI,Low,53.1,53.0,1.1527,1.1552,1.1488,1.1511
2025-11-21,8:15pm,USD,Flash Manufacturing PMI,High,51.9,52.5,1.1527,1.1552,1.1488,1.1511
2025-11-21,8:15pm,USD,Flash Services PMI,High,55.0,54.8,1.1527,1.1552,1.1488,1.1511
2025-11-21,8:30pm,USD,Revised UoM Consumer Sentiment,Medium,51.0,50.3,1.1527,1.1552,1.1488,1.1511
2025-11-21,8:30pm,USD,Final Wholesale Inventories m/m,Low,0.0%,-0.2%,1.1527,1.1552,1.1488,1.1511
2025-11-21,8:30pm,USD,Revised UoM Inflation Expectations,Low,4.5%,4.7%,1.1527,1.1552,1.1488,1.1511
2025-11-24,2:30pm,EUR,German ifo Business Climate,Medium,88.1,88.4,1.1511,1.155,1.1501,1.152
2025-11-24,7:20pm,EUR,Belgian NBB Business Climate,Low,-8.2,-9.1,1.1511,1.155,1.1501,1.152
2025-11-25,12:30pm,EUR,German Final GDP q/q,Low,0.0%,0.0%,1.152,1.1585,1.151,1.1569
2025-11-25,6:45pm,USD,ADP Weekly Employment Change,Medium,-13.5K,-7.5K,1.152,1.1585,1.151,1.1569
2025-11-25,7:00pm,USD,Core PPI m/m,High,0.1%,-0.1%,1.152,1.1585,1.151,1.1569
2025-11-25,7:00pm,USD,Core Retail Sales m/m,High,0.3%,0.6%,1.152,1.1585,1.151,1.1569
2025-11-25,7:00pm,USD,PPI m/m,High,0.3%,-0.1%,1.152,1.1585,1.151,1.1569
2025-11-25,7:00pm,USD,Retail Sales m/m,High,0.2%,0.6%,1.152,1.1585,1.151,1.1569
2025-11-25,7:30pm,USD,HPI m/m,Low,0.0%,0.4%,1.152,1.1585,1.151,1.1569
2025-11-25,7:30pm,USD,S&P/CS Composite-20 HPI y/y,Low,1.4%,1.6%,1.152,1.1585,1.151,1.1569
2025-11-25,8:29pm,USD,Richmond Manufacturing Index,Medium,-15,-4,1.152,1.1585,1.151,1.1569
2025-11-25,8:30pm,USD,CB Consumer Confidence,Medium,88.7,95.5,1.152,1.1585,1.151,1.1569
2025-11-25,8:30pm,USD,Pending Home Sales m/m,Medium,1.9%,0.1%,1.152,1.1585,1.151,1.1569
2025-11-25,8:30pm,USD,Business Inventories m/m,Low,0.0%,0.2%,1.152,1.1585,1.151,1.1569
2025-11-26,12:30am,USD,Federal Budget Balance,Low,-284.4B,198.0B,1.1569,1.16,1.1546,1.1594
2025-11-26,4:05pm,EUR,German 10-y Bond Auction,Low,2.67|2.0,2.62|1.3,1.1569,1.16,1.1546,1.1594
2025-11-26,7:00pm,USD,Unemployment Claims,High,216K,222K,1.1569,1.16,1.1546,1.1594
2025-11-26,7:00pm,USD,Core Durable Goods Orders m/m,Medium,0.6%,0.3%,1.1569,1.16,1.1546,1.1594
2025-11-26,7:00pm,USD,Durable Goods Orders m/m,Medium,0.5%,3.0%,1.1569,1.16,1.1546,1.1594
2025-11-26,8:15pm,USD,Chicago PMI,Low,36.3,43.8,1.1569,1.16,1.1546,1.1594
2025-11-26,9:00pm,USD,Crude Oil Inventories,Low,2.8M,-3.4M,1.1569,1.16,1.1546,1.1594
2025-11-26,9:00pm,USD,Natural Gas Storage,Low,-11B,-14B,1.1569,1.16,1.1546,1.1594
2025-11-27,12:30pm,EUR,German GfK Consumer Climate,Low,-23.2,-24.1,1.1595,1.1613,1.1575,1.1595
2025-11-27,2:30pm,EUR,M3 Money Supply y/y,Low,2.8%,2.8%,1.1595,1.1613,1.1575,1.1595
2025-11-27,2:30pm,EUR,Private Loans y/y,Low,2.8%,2.6%,1.1595,1.1613,1.1575,1.1595
2025-11-27,3:35pm,EUR,Italian 10-y Bond Auction,Low,3.44|1.6,3.46|1.5,1.1595,1.1613,1.1575,1.1595
2025-11-28,12:30pm,EUR,German Import Prices m/m,Low,0.2%,0.2%,1.1595,1.1607,1.1553,1.1595
2025-11-28,12:30pm,EUR,German Retail Sales m/m,Low,-0.3%,0.3%,1.1595,1.1607,1.1553,1.1595
2025-11-28,All Day,EUR,German Prelim CPI m/m,Medium,-0.2%,0.3%,1.1595,1.1607,1.1553,1.1595
2025-11-28,1:15pm,EUR,French Consumer Spending m/m,Low,0.4%,0.3%,1.1595,1.1607,1.1553,1.1595
2025-11-28,1:15pm,EUR,French Final Private Payrolls q/q,Low,-0.1%,-0.3%,1.1595,1.1607,1.1553,1.1595
2025-11-28,1:15pm,EUR,French Prelim CPI m/m,Low,-0.1%,0.1%,1.1595,1.1607,1.1553,1.1595
2025-11-28,1:15pm,EUR,French Prelim GDP q/q,Low,0.5%,0.5%,1.1595,1.1607,1.1553,1.1595
2025-11-28,1:15pm,EUR,Spanish Flash CPI y/y,Low,3.0%,3.1%,1.1595,1.1607,1.1553,1.1595
2025-11-28,2:25pm,EUR,German Unemployment Change,Low,1K,-2K,1.1595,1.1607,1.1553,1.1595
2025-11-28,2:25pm,EUR,Italian Prelim CPI m/m,Low,-0.2%,-0.3%,1.1595,1.1607,1.1553,1.1595
2025-12-01,1:45pm,EUR,Spanish Manufacturing PMI,Low,51.5,52.1,1.1595,1.1652,1.1588,1.161
2025-12-01,2:15pm,EUR,Italian Manufacturing PMI,Low,50.6,49.9,1.1595,1.1652,1.1588,1.161
2025-12-01,2:20pm,EUR,French Final Manufacturing PMI,Low,47.8,47.8,1.1595,1.1652,1.1588,1.161
2025-12-01,2:25pm,EUR,German Final Manufacturing PMI,Low,48.2,48.4,1.1595,1.1652,1.1588,1.161
2025-12-01,2:30pm,EUR,Final Manufacturing PMI,Low,49.6,49.7,1.1595,1.1652,1.1588,1.161
2025-12-01,8:15pm,USD,Final Manufacturing PMI,Low,52.2,51.9,1.1595,1.1652,1.1588,1.161
2025-12-01,8:30pm,USD,ISM Manufacturing PMI,High,48.2,48.7,1.1595,1.1652,1.1588,1.161
2025-12-01,8:30pm,USD,ISM Manufacturing Prices,Medium,58.5,58.0,1.1595,1.1652,1.1588,1.161
2025-12-02,1:15pm,EUR,French Gov Budget Balance,Low,-136.2B,-155.4B,1.1608,1.1625,1.159,1.1623
2025-12-02,1:30pm,EUR,Spanish Unemployment Change,Low,-18.8K,22.1K,1.1608,1.1625,1.159,1.1623
2025-12-02,2:30pm,EUR,Italian Monthly Unemployment Rate,Low,6.0%,6.2%,1.1608,1.1625,1.159,1.1623
2025-12-02,3:30pm,EUR,Core CPI Flash Estimate y/y,Medium,2.4%,2.4%,1.1608,1.1625,1.159,1.1623
2025-12-02,3:30pm,EUR,CPI Flash Estimate y/y,Medium,2.2%,2.1%,1.1608,1.1625,1.159,1.1623
2025-12-02,3:30pm,EUR,Unemployment Rate,Low,6.4%,6.4%,1.1608,1.1625,1.159,1.1623
2025-12-02,3:30pm,USD,RCM/TIPP Economic Optimism,Low,47.9,43.9,1.1608,1.1625,1.159,1.1623
2025-12-02,All Day,USD,Wards Total Vehicle Sales,Low,15.6M,15.3M,1.1608,1.1625,1.159,1.1623
2025-12-03,1:45pm,EUR,Spanish Services PMI,Low,55.6,56.6,1.1624,1.1677,1.1619,1.167
2025-12-03,2:15pm,EUR,Italian Services PMI,Low,55.0,54.0,1.1624,1.1677,1.1619,1.167
2025-12-03,2:20pm,EUR,French Final Services PMI,Low,51.4,50.8,1.1624,1.1677,1.1619,1.167
2025-12-03,2:25pm,EUR,German Final Services PMI,Low,53.1,52.7,1.1624,1.1677,1.1619,1.167
2025-12-03,2:30pm,EUR,Final Services PMI,Low,53.6,53.1,1.1624,1.1677,1.1619,1.167
2025-12-03,3:30pm,EUR,PPI m/m,Low,0.1%,-0.1%,1.1624,1.1677,1.1619,1.167
2025-12-03,6:45pm,USD,ADP Non-Farm Employment Change,High,-32K,47K,1.1624,1.1677,1.1619,1.167
2025-12-03,6:45pm,USD,Import Prices m/m,Low,0.0%,0.1%,1.1624,1.1677,1.1619,1.167
2025-12-03,7:45pm,USD,Capacity Utilization Rate,Low,75.9%,75.9%,1.1624,1.1677,1.1619,1.167
2025-12-03,7:45pm,USD,Industrial Production m/m,Low,0.1%,-0.3%,1.1624,1.1677,1.1619,1.167
2025-12-03,8:15pm,USD,Final Services PMI,Low,54.1,55.0,1.1624,1.1677,1.1619,1.167
2025-12-03,8:30pm,USD,ISM Services PMI,High,52.6,52.4,1.1624,1.1677,1.1619,1.167
2025-12-03,9:38pm,USD,Crude Oil Inventories,Low,0.6M,2.8M,1.1624,1.1677,1.1619,1.167
2025-12-04,3:30pm,EUR,Retail Sales m/m,Low,0.0%,0.1%,1.1668,1.1681,1.164,1.1643
2025-12-04,3:31pm,EUR,French 10-y Bond Auction,Low,3.38|2.3,3.43|2.1,1.1668,1.1681,1.164,1.1643
2025-12-04,6:00pm,USD,Challenger Job Cuts y/y,Medium,23.5%,175.3%,1.1668,1.1681,1.164,1.1643
2025-12-04,7:00pm,USD,Unemployment Claims,High,191K,218K,1.1668,1.1681,1.164,1.1643
2025-12-04,7:00pm,USD,Factory Orders m/m,Low,0.2%,1.3%,1.1668,1.1681,1.164,1.1643
2025-12-04,9:00pm,USD,Natural Gas Storage,Low,-12B,-11B,1.1668,1.1681,1.164,1.1643
2025-12-05,12:30pm,EUR,German Factory Orders m/m,Low,1.5%,1.1%,1.1643,1.1671,1.1627,1.1642
2025-12-05,1:15pm,EUR,French Industrial Production m/m,Low,0.2%,0.7%,1.1643,1.1671,1.1627,1.1642
2025-12-05,1:15pm,EUR,French Trade Balance,Low,-3.9B,-6.3B,1.1643,1.1671,1.1627,1.1642
2025-12-05,2:30pm,EUR,Italian Retail Sales m/m,Low,0.5%,-0.4%,1.1643,1.1671,1.1627,1.1642
2025-12-05,3:30pm,EUR,Final Employment Change q/q,Low,0.2%,0.1%,1.1643,1.1671,1.1627,1.1642
2025-12-05,3:30pm,EUR,Revised GDP q/q,Low,0.3%,0.2%,1.1643,1.1671,1.1627,1.1642
2025-12-05,8:30pm,USD,Core PCE Price Index m/m,High,0.2%,0.2%,1.1643,1.1671,1.1627,1.1642
2025-12-05,8:30pm,USD,Prelim UoM Consumer Sentiment,High,53.3,51.0,1.1643,1.1671,1.1627,1.1642
2025-12-05,8:30pm,USD,Prelim UoM Inflation Expectations,High,4.1%,4.5%,1.1643,1.1671,1.1627,1.1642
2025-12-05,8:30pm,USD,Personal Income m/m,Low,0.4%,0.4%,1.1643,1.1671,1.1627,1.1642
2025-12-05,8:30pm,USD,Personal Spending m/m,Low,0.3%,0.5%,1.1643,1.1671,1.1627,1.1642
2025-12-06,1:30am,USD,Consumer Credit m/m,Low,9.2B,11.0B,,,,
2025-12-08,12:30pm,EUR,German Industrial Production m/m,Low,1.8%,1.1%,1.164,1.1671,1.1615,1.1636
2025-12-08,3:00pm,EUR,Sentix Investor Confidence,Low,-6.2,-7.4,1.164,1.1671,1.1615,1.1636
2025-12-09,12:30pm,EUR,German Trade Balance,Low,16.9B,15.3B,1.1635,1.1657,1.1614,1.1625
2025-12-09,4:30pm,USD,NFIB Small Business Index,Low,99.0,98.2,1.1635,1.1657,1.1614,1.1625
2025-12-09,6:45pm,USD,ADP Weekly Employment Change,High,4.8K,-8.0K,1.1635,1.1657,1.1614,1.1625
2025-12-09,Sep Data,USD,JOLTS Job Openings,Medium,7.66M,7.23M,1.1635,1.1657,1.1614,1.1625
2025-12-09,8:30pm,USD,JOLTS Job Openings,High,7.67M,7.66M,1.1635,1.1657,1.1614,1.1625
2025-12-09,8:30pm,USD,CB Leading Index m/m,Low,-0.3%,-0.3%,1.1635,1.1657,1.1614,1.1625
2025-12-09,11:31pm,USD,10-y Bond Auction,Low,4.18|2.6,4.07|2.4,1.1635,1.1657,1.1614,1.1625
2025-12-10,2:30pm,EUR,Italian Industrial Production m/m,Low,-1.0%,2.7%,1.1625,1.1699,1.162,1.1694
2025-12-10,7:00pm,USD,Employment Cost Index q/q,High,0.8%,0.9%,1.1625,1.1699,1.162,1.1694
2025-12-10,7:00pm,USD,Crude Oil Inventories,Low,-1.8M,0.6M,1.1625,1.1699,1.162,1.1694
2025-12-11,12:30am,USD,Federal Funds Rate,High,3.75%,4.00%,1.1692,1.1762,1.1681,1.1738
2025-12-11,12:49am,USD,Federal Budget Balance,Low,-173.3B,-284.4B,1.1692,1.1762,1.1681,1.1738
2025-12-11,2:33pm,EUR,Italian Quarterly Unemployment Rate,Low,6.1%,6.3%,1.1692,1.1762,1.1681,1.1738
2025-12-11,2:33pm,USD,Unemployment Claims,High,236K,192K,1.1692,1.1762,1.1681,1.1738
2025-12-11,2:33pm,USD,Goods Trade Balance,Low,-79.0B,-86.1B,1.1692,1.1762,1.1681,1.1738
2025-12-11,2:33pm,USD,Trade Balance,Low,-52.8B,-59.3B,1.1692,1.1762,1.1681,1.1738
2025-12-11,8:30pm,USD,Final Wholesale Inventories m/m,Low,0.5%,0.0%,1.1692,1.1762,1.1681,1.1738
2025-12-11,9:00pm,USD,Natural Gas Storage,Low,-177B,-12B,1.1692,1.1762,1.1681,1.1738
2025-12-11,11:31pm,USD,30-y Bond Auction,Low,4.77|2.4,4.69|2.3,1.1692,1.1762,1.1681,1.1738
2025-12-12,12:30pm,EUR,German Final CPI m/m,Low,-0.2%,-0.2%,1.1737,1.1749,1.1719,1.174
2025-12-12,1:15pm,EUR,French Final CPI m/m,Low,-0.2%,-0.1%,1.1737,1.1749,1.1719,1.174
2025-12-15,12:30pm,EUR,German WPI m/m,Low,0.3%,0.3%,1.1733,1.1768,1.1724,1.1752
2025-12-15,3:30pm,EUR,Industrial Production m/m,Low,0.8%,0.2%,1.1733,1.1768,1.1724,1.1752
2025-12-15,3:30pm,USD,Empire State Manufacturing Index,Medium,-3.9,18.7,1.1733,1.1768,1.1724,1.1752
2025-12-15,8:30pm,USD,NAHB Housing Market Index,Low,39,38,1.1733,1.1768,1.1724,1.1752
2025-12-16,1:45pm,EUR,French Flash Manufacturing PMI,Medium,50.6,47.8,1.1752,1.1803,1.1734,1.1746
2025-12-16,1:45pm,EUR,French Flash Services PMI,Medium,50.2,51.4,1.1752,1.1803,1.1734,1.1746
2025-12-16,2:00pm,EUR,German Flash Manufacturing PMI,High,47.7,48.2,1.1752,1.1803,1.1734,1.1746
2025-12-16,2:00pm,EUR,German Flash Services PMI,High,52.6,53.1,1.1752,1.1803,1.1734,1.1746
2025-12-16,2:30pm,EUR,Flash Manufacturing PMI,Low,49.2,49.6,1.1752,1.1803,1.1734,1.1746
2025-12-16,2:30pm,EUR,Flash Services PMI,Low,52.6,53.6,1.1752,1.1803,1.1734,1.1746
2025-12-16,3:30pm,EUR,Italian Trade Balance,Low,4.16B,2.97B,1.1752,1.1803,1.1734,1.1746
2025-12-16,3:30pm,EUR,Trade Balance,Low,14.0B,18.0B,1.1752,1.1803,1.1734,1.1746
2025-12-16,3:30pm,EUR,German ZEW Economic Sentiment,Low,45.8,38.5,1.1752,1.1803,1.1734,1.1746
2025-12-16,3:30pm,EUR,ZEW Economic Sentiment,Low,33.7,25.0,1.1752,1.1803,1.1734,1.1746
2025-12-16,6:45pm,USD,ADP Weekly Employment Change,High,16.3K,2.8K,1.1752,1.1803,1.1734,1.1746
2025-12-16,Oct Data,USD,Average Hourly Earnings m/m,Medium,0.4%,0.2%,1.1752,1.1803,1.1734,1.1746
2025-12-16,Oct Data,USD,Non-Farm Employment Change,Medium,-105K,108K,1.1752,1.1803,1.1734,1.1746
2025-12-16,7:00pm,USD,Average Hourly Earnings m/m,High,0.1%,0.4%,1.1752,1.1803,1.1734,1.1746
2025-12-16,7:00pm,USD,Core Retail Sales m/m,High,0.4%,0.1%,1.1752,1.1803,1.1734,1.1746
2025-12-16,7:00pm,USD,Non-Farm Employment Change,High,64K,-105K,1.1752,1.1803,1.1734,1.1746
2025-12-16,7:00pm,USD,Retail Sales m/m,High,0.0%,0.1%,1.1752,1.1803,1.1734,1.1746
2025-12-16,7:00pm,USD,Unemployment Rate,High,4.6%,4.4%,1.1752,1.1803,1.1734,1.1746
2025-12-16,8:15pm,USD,Flash Manufacturing PMI,High,51.8,52.2,1.1752,1.1803,1.1734,1.1746
2025-12-16,8:15pm,USD,Flash Services PMI,High,52.9,54.1,1.1752,1.1803,1.1734,1.1746
2025-12-16,8:30pm,USD,Business Inventories m/m,Low,0.2%,0.0%,1.1752,1.1803,1.1734,1.1746
2025-12-17,2:30pm,EUR,German ifo Business Climate,Medium,87.6,88.0,1.1746,1.1758,1.1702,1.1739
2025-12-17,3:30pm,EUR,Final Core CPI y/y,Low,2.4%,2.4%,1.1746,1.1758,1.1702,1.1739
2025-12-17,3:30pm,EUR,Final CPI y/y,Low,2.1%,2.2%,1.1746,1.1758,1.1702,1.1739
2025-12-17,9:00pm,USD,Crude Oil Inventories,Low,-1.3M,-1.8M,1.1746,1.1758,1.1702,1.1739
2025-12-18,6:45pm,EUR,Main Refinancing Rate,High,2.15%,2.15%,1.1739,1.1762,1.1712,1.1721
2025-12-18,7:00pm,USD,CPI y/y,High,2.7%,3.0%,1.1739,1.1762,1.1712,1.1721
2025-12-18,7:00pm,USD,Unemployment Claims,High,224K,237K,1.1739,1.1762,1.1712,1.1721
2025-12-18,7:00pm,USD,Philly Fed Manufacturing Index,Medium,-10.2,-1.7,1.1739,1.1762,1.1712,1.1721
2025-12-18,9:00pm,USD,Natural Gas Storage,Low,-167B,-177B,1.1739,1.1762,1.1712,1.1721
2025-12-19,2:30am,USD,TIC Long-Term Purchases,Low,17.5B,173.2B,1.1719,1.1737,1.1702,1.1708
2025-12-19,12:30pm,EUR,German GfK Consumer Climate,Low,-26.9,-23.4,1.1719,1.1737,1.1702,1.1708
2025-12-19,12:30pm,EUR,German PPI m/m,Low,0.0%,0.1%,1.1719,1.1737,1.1702,1.1708
2025-12-19,2:30pm,EUR,Current Account,Low,25.7B,23.6B,1.1719,1.1737,1.1702,1.1708
2025-12-19,7:13pm,EUR,Belgian NBB Business Climate,Low,-11.9,-8.2,1.1719,1.1737,1.1702,1.1708
2025-12-19,8:30pm,EUR,Consumer Confidence,Low,-15,-14,1.1719,1.1737,1.1702,1.1708
2025-12-19,8:30pm,USD,Existing Home Sales,Medium,4.13M,4.11M,1.1719,1.1737,1.1702,1.1708
2025-12-19,8:30pm,USD,Revised UoM Consumer Sentiment,Medium,52.9,53.3,1.1719,1.1737,1.1702,1.1708
2025-12-19,8:30pm,USD,Revised UoM Inflation Expectations,Low,4.2%,4.1%,1.1719,1.1737,1.1702,1.1708
2025-12-23,12:30pm,EUR,German Import Prices m/m,Low,0.5%,0.2%,1.1755,1.1801,1.1754,1.1794
2025-12-23,6:45pm,USD,ADP Weekly Employment Change,Medium,11.5K,17.5K,1.1755,1.1801,1.1754,1.1794
2025-12-23,6:45pm,USD,Prelim GDP q/q,High,4.3%,3.8%,1.1755,1.1801,1.1754,1.1794
2025-12-23,6:45pm,USD,Core Durable Goods Orders m/m,Medium,0.2%,0.7%,1.1755,1.1801,1.1754,1.1794
2025-12-23,6:45pm,USD,Durable Goods Orders m/m,Medium,-2.2%,0.7%,1.1755,1.1801,1.1754,1.1794
2025-12-23,6:45pm,USD,Prelim GDP Price Index q/q,Medium,3.8%,2.1%,1.1755,1.1801,1.1754,1.1794
2025-12-23,Oct Data,USD,Capacity Utilization Rate,Low,75.9%,76.0%,1.1755,1.1801,1.1754,1.1794
2025-12-23,Oct Data,USD,Industrial Production m/m,Low,-0.1%,0.1%,1.1755,1.1801,1.1754,1.1794
2025-12-23,7:45pm,USD,Capacity Utilization Rate,Low,76.0%,75.9%,1.1755,1.1801,1.1754,1.1794
2025-12-23,7:45pm,USD,Industrial Production m/m,Low,0.2%,-0.1%,1.1755,1.1801,1.1754,1.1794
2025-12-23,8:30pm,USD,CB Consumer Confidence,Medium,89.1,92.9,1.1755,1.1801,1.1754,1.1794
2025-12-23,8:30pm,USD,Richmond Manufacturing Index,Medium,-7,-15,1.1755,1.1801,1.1754,1.1794
2025-12-24,7:00pm,USD,Unemployment Claims,High,214K,224K,1.1792,1.1807,1.1771,1.1778
2025-12-29,8:30pm,USD,Pending Home Sales m/m,Medium,3.3%,2.4%,1.1764,1.1788,1.1748,1.1772
2025-12-29,10:30pm,USD,Natural Gas Storage,Low,-166B,-167B,1.1764,1.1788,1.1748,1.1772
2025-12-30,3:30am,USD,Crude Oil Inventories,Low,0.4M,-1.3M,1.1767,1.1779,1.1742,1.1746
2025-12-30,3:30am,EUR,Spanish Flash CPI y/y,Low,2.9%,3.0%,1.1767,1.1779,1.1742,1.1746
2025-12-30,7:30pm,USD,HPI m/m,Low,0.4%,-0.1%,1.1767,1.1779,1.1742,1.1746
2025-12-30,7:30pm,USD,S&P/CS Composite-20 HPI y/y,Low,1.3%,1.4%,1.1767,1.1779,1.1742,1.1746
2025-12-30,8:15pm,USD,Chicago PMI,Low,43.5,36.3,1.1767,1.1779,1.1742,1.1746
2025-12-31,7:00pm,USD,Unemployment Claims,High,199K,215K,1.1745,1.1759,1.1719,1.1745
2025-12-31,9:00pm,USD,Crude Oil Inventories,Low,-1.9M,0.4M,1.1745,1.1759,1.1719,1.1745
2025-12-31,10:30pm,USD,Natural Gas Storage,Low,-38B,-166B,1.1745,1.1759,1.1719,1.1745
2026-01-02,1:45pm,EUR,Spanish Manufacturing PMI,Low,49.6,51.5,1.1747,1.1764,1.1712,1.1719
2026-01-02,2:15pm,EUR,Italian Manufacturing PMI,Low,47.9,50.6,1.1747,1.1764,1.1712,1.1719
2026-01-02,2:20pm,EUR,French Final Manufacturing PMI,Low,50.7,50.6,1.1747,1.1764,1.1712,1.1719
2026-01-02,2:25pm,EUR,German Final Manufacturing PMI,Low,47.0,47.7,1.1747,1.1764,1.1712,1.1719
2026-01-02,2:30pm,EUR,Final Manufacturing PMI,Low,48.8,49.2,1.1747,1.1764,1.1712,1.1719
2026-01-02,2:30pm,EUR,M3 Money Supply y/y,Low,3.0%,2.8%,1.1747,1.1764,1.1712,1.1719
2026-01-02,2:30pm,EUR,Private Loans y/y,Low,2.9%,2.8%,1.1747,1.1764,1.1712,1.1719
2026-01-02,8:15pm,USD,Final Manufacturing PMI,Low,51.8,51.8,1.1747,1.1764,1.1712,1.1719
2026-01-05,1:30pm,EUR,Spanish Unemployment Change,Low,-16.3K,-18.8K,1.172,1.1728,1.1658,1.172
2026-01-05,8:30pm,USD,ISM Manufacturing PMI,High,47.9,48.2,1.172,1.1728,1.1658,1.172
2026-01-05,8:30pm,USD,ISM Manufacturing Prices,Medium,58.5,58.5,1.172,1.1728,1.1658,1.172
2026-01-05,All Day,USD,Wards Total Vehicle Sales,Low,16.0M,15.6M,1.172,1.1728,1.1658,1.172
2026-01-06,All Day,EUR,German Prelim CPI m/m,Medium,0.0%,-0.2%,1.1721,1.1742,1.1683,1.1687
2026-01-06,1:15pm,EUR,French Prelim CPI m/m,Low,0.1%,-0.2%,1.1721,1.1742,1.1683,1.1687
2026-01-06,1:45pm,EUR,Spanish Services PMI,Low,57.1,55.6,1.1721,1.1742,1.1683,1.1687
2026-01-06,2:15pm,EUR,Italian Services PMI,Low,51.5,55.0,1.1721,1.1742,1.1683,1.1687
2026-01-06,2:20pm,EUR,French Final Services PMI,Low,50.1,50.2,1.1721,1.1742,1.1683,1.1687
2026-01-06,2:25pm,EUR,German Final Services PMI,Low,52.7,52.6,1.1721,1.1742,1.1683,1.1687
2026-01-06,2:30pm,EUR,Final Services PMI,Low,52.4,52.6,1.1721,1.1742,1.1683,1.1687
2026-01-06,8:15pm,USD,Final Services PMI,Low,52.5,52.9,1.1721,1.1742,1.1683,1.1687
2026-01-07,12:30pm,EUR,German Retail Sales m/m,Low,-0.6%,0.3%,1.1686,1.1702,1.1671,1.1673
2026-01-07,2:25pm,EUR,German Unemployment Change,Low,3K,1K,1.1686,1.1702,1.1671,1.1673
2026-01-07,3:30pm,EUR,Core CPI Flash Estimate y/y,Medium,2.3%,2.4%,1.1686,1.1702,1.1671,1.1673
2026-01-07,3:30pm,EUR,CPI Flash Estimate y/y,Medium,2.0%,2.1%,1.1686,1.1702,1.1671,1.1673
2026-01-07,3:30pm,EUR,Italian Prelim CPI m/m,Low,0.2%,-0.2%,1.1686,1.1702,1.1671,1.1673
2026-01-07,4:04pm,EUR,German 10-y Bond Auction,Low,2.83|1.3,2.67|2.0,1.1686,1.1702,1.1671,1.1673
2026-01-07,6:45pm,USD,ADP Non-Farm Employment Change,High,41K,-29K,1.1686,1.1702,1.1671,1.1673
2026-01-07,6:45pm,USD,ISM Services PMI,High,54.4,52.6,1.1686,1.1702,1.1671,1.1673
2026-01-07,6:45pm,USD,JOLTS Job Openings,High,7.15M,7.45M,1.1686,1.1702,1.1671,1.1673
2026-01-07,6:45pm,USD,Factory Orders m/m,Low,-1.3%,0.2%,1.1686,1.1702,1.1671,1.1673
2026-01-07,9:00pm,USD,Crude Oil Inventories,Low,-3.8M,-1.9M,1.1686,1.1702,1.1671,1.1673
2026-01-08,12:30pm,EUR,German Factory Orders m/m,Low,5.6%,1.6%,1.1673,1.1682,1.1642,1.1658
2026-01-08,1:15pm,EUR,French Trade Balance,Low,-4.2B,-3.5B,1.1673,1.1682,1.1642,1.1658
2026-01-08,2:30pm,EUR,Italian Monthly Unemployment Rate,Low,5.7%,5.8%,1.1673,1.1682,1.1642,1.1658
2026-01-08,3:29pm,EUR,French 10-y Bond Auction,Low,3.53|2.0,3.38|2.3,1.1673,1.1682,1.1642,1.1658
2026-01-08,3:30pm,EUR,PPI m/m,Low,0.5%,0.1%,1.1673,1.1682,1.1642,1.1658
2026-01-08,3:30pm,EUR,Unemployment Rate,Low,6.3%,6.4%,1.1673,1.1682,1.1642,1.1658
2026-01-08,4:00pm,USD,Challenger Job Cuts y/y,Low,-8.3%,23.5%,1.1673,1.1682,1.1642,1.1658
2026-01-08,4:00pm,USD,Unemployment Claims,High,208K,200K,1.1673,1.1682,1.1642,1.1658
2026-01-08,4:00pm,USD,Goods Trade Balance,Low,-59.1B,-78.3B,1.1673,1.1682,1.1642,1.1658
2026-01-08,4:00pm,USD,Prelim Nonfarm Productivity q/q,Low,4.9%,3.3%,1.1673,1.1682,1.1642,1.1658
2026-01-08,4:00pm,USD,Prelim Unit Labor Costs q/q,Low,-1.9%,1.0%,1.1673,1.1682,1.1642,1.1658
2026-01-08,4:00pm,USD,Trade Balance,Low,-29.4B,-48.1B,1.1673,1.1682,1.1642,1.1658
2026-01-08,8:30pm,USD,Final Wholesale Inventories m/m,Low,0.2%,0.5%,1.1673,1.1682,1.1642,1.1658
2026-01-08,9:00pm,USD,Natural Gas Storage,Low,-119B,-38B,1.1673,1.1682,1.1642,1.1658
2026-01-09,1:30am,USD,Consumer Credit m/m,Low,4.2B,9.2B,1.1658,1.1662,1.1617,1.1637
2026-01-09,12:30pm,EUR,German Industrial Production m/m,Low,0.8%,2.0%,1.1658,1.1662,1.1617,1.1637
2026-01-09,12:30pm,EUR,German Trade Balance,Low,13.1B,17.2B,1.1658,1.1662,1.1617,1.1637
2026-01-09,1:15pm,EUR,French Consumer Spending m/m,Low,-0.3%,0.5%,1.1658,1.1662,1.1617,1.1637
2026-01-09,1:15pm,EUR,French Industrial Production m/m,Low,-0.1%,0.2%,1.1658,1.1662,1.1617,1.1637
2026-01-09,2:30pm,EUR,Italian Retail Sales m/m,Low,0.5%,0.5%,1.1658,1.1662,1.1617,1.1637
2026-01-09,3:30pm,EUR,Retail Sales m/m,Low,0.2%,0.0%,1.1658,1.1662,1.1617,1.1637
2026-01-09,Sep Data,USD,Building Permits,Low,1.42M,1.31M,1.1658,1.1662,1.1617,1.1637
2026-01-09,Sep Data,USD,Housing Starts,Low,1.31M,1.31M,1.1658,1.1662,1.1617,1.1637
2026-01-09,Sep Data,USD,Average Hourly Earnings m/m,High,0.3%,0.1%,1.1658,1.1662,1.1617,1.1637
2026-01-09,Sep Data,USD,Non-Farm Employment Change,High,50K,56K,1.1658,1.1662,1.1617,1.1637
2026-01-09,Sep Data,USD,Unemployment Rate,High,4.4%,4.6%,1.1658,1.1662,1.1617,1.1637
2026-01-09,Sep Data,USD,Building Permits,Low,1.41M,1.42M,1.1658,1.1662,1.1617,1.1637
2026-01-09,Sep Data,USD,Housing Starts,Low,1.25M,1.31M,1.1658,1.1662,1.1617,1.1637
2026-01-09,8:30pm,USD,Prelim UoM Consumer Sentiment,High,54.0,52.9,1.1658,1.1662,1.1617,1.1637
2026-01-09,8:30pm,USD,Prelim UoM Inflation Expectations,High,4.2%,4.2%,1.1658,1.1662,1.1617,1.1637
2026-01-12,3:00pm,EUR,Sentix Investor Confidence,Low,-1.8,-6.2,1.1629,1.1698,1.162,1.1667
2026-01-12,11:31pm,USD,10-y Bond Auction,Low,4.17|2.6,4.18|2.6,1.1629,1.1698,1.162,1.1667
2026-01-13,2:06pm,EUR,French Gov Budget Balance,Low,-155.4B,-136.2B,1.1668,1.1677,1.1633,1.1641
2026-01-13,4:30pm,USD,NFIB Small Business Index,Low,99.5,99.0,1.1668,1.1677,1.1633,1.1641
2026-01-13,6:45pm,USD,ADP Weekly Employment Change,Medium,11.8K,11.0K,1.1668,1.1677,1.1633,1.1641
2026-01-13,6:45pm,USD,Core CPI m/m,High,0.2%,0.2%,1.1668,1.1677,1.1633,1.1641
2026-01-13,6:45pm,USD,CPI m/m,High,0.3%,0.3%,1.1668,1.1677,1.1633,1.1641
2026-01-13,6:45pm,USD,CPI y/y,High,2.7%,2.7%,1.1668,1.1677,1.1633,1.1641
2026-01-13,Sep Data,USD,New Home Sales,Low,738K,711K,1.1668,1.1677,1.1633,1.1641
2026-01-13,8:30pm,USD,New Home Sales,Medium,737K,738K,1.1668,1.1677,1.1633,1.1641
2026-01-13,8:33pm,USD,RCM/TIPP Economic Optimism,Low,47.2,47.9,1.1668,1.1677,1.1633,1.1641
2026-01-13,11:31pm,USD,30-y Bond Auction,Low,4.83|2.4,4.77|2.4,1.1668,1.1677,1.1633,1.1641
2026-01-14,11:31pm,USD,Federal Budget Balance,Low,-144.7B,-173.3B,1.1645,1.1661,1.1634,1.1642
2026-01-14,4:06pm,EUR,German 30-y Bond Auction,Low,3.45|2.1,3.26|1.3,1.1645,1.1661,1.1634,1.1642
2026-01-14,Oct Data,USD,Core PPI m/m,Medium,0.3%,0.4%,1.1645,1.1661,1.1634,1.1642
2026-01-14,Oct Data,USD,PPI m/m,Medium,0.1%,0.6%,1.1645,1.1661,1.1634,1.1642
2026-01-14,7:00pm,USD,Core PPI m/m,High,0.0%,0.3%,1.1645,1.1661,1.1634,1.1642
2026-01-14,7:00pm,USD,Core Retail Sales m/m,High,0.5%,0.2%,1.1645,1.1661,1.1634,1.1642
2026-01-14,7:00pm,USD,PPI m/m,High,0.2%,0.1%,1.1645,1.1661,1.1634,1.1642
2026-01-14,7:00pm,USD,Retail Sales m/m,High,0.6%,-0.1%,1.1645,1.1661,1.1634,1.1642
2026-01-14,7:00pm,USD,Current Account,Low,-226B,-249B,1.1645,1.1661,1.1634,1.1642
2026-01-14,8:30pm,USD,Business Inventories m/m,Low,0.3%,0.3%,1.1645,1.1661,1.1634,1.1642
2026-01-14,8:30pm,USD,Existing Home Sales,Low,4.35M,4.14M,1.1645,1.1661,1.1634,1.1642
2026-01-14,8:30pm,USD,Crude Oil Inventories,Low,3.4M,-3.8M,1.1645,1.1661,1.1634,1.1642
2026-01-15,12:30pm,EUR,German WPI m/m,Low,-0.2%,0.3%,1.1641,1.1647,1.1592,1.1606
2026-01-15,1:15pm,EUR,French Final CPI m/m,Low,0.1%,0.1%,1.1641,1.1647,1.1592,1.1606
2026-01-15,1:15pm,EUR,Italian Industrial Production m/m,Low,1.5%,-1.0%,1.1641,1.1647,1.1592,1.1606
2026-01-15,3:30pm,EUR,Industrial Production m/m,Low,0.7%,0.7%,1.1641,1.1647,1.1592,1.1606
2026-01-15,3:30pm,EUR,Trade Balance,Low,10.7B,13.7B,1.1641,1.1647,1.1592,1.1606
2026-01-15,4:30pm,EUR,Italian Trade Balance,Low,5.08B,4.18B,1.1641,1.1647,1.1592,1.1606
2026-01-15,4:30pm,USD,Unemployment Claims,High,198K,207K,1.1641,1.1647,1.1592,1.1606
2026-01-15,4:30pm,USD,Empire State Manufacturing Index,Medium,7.7,-3.9,1.1641,1.1647,1.1592,1.1606
2026-01-15,4:30pm,USD,Philly Fed Manufacturing Index,Medium,12.6,-10.2,1.1641,1.1647,1.1592,1.1606
2026-01-15,4:30pm,USD,Import Prices m/m,Low,0.4%,0.0%,1.1641,1.1647,1.1592,1.1606
2026-01-15,9:00pm,USD,Natural Gas Storage,Low,-71B,-119B,1.1641,1.1647,1.1592,1.1606
2026-01-16,2:30am,USD,TIC Long-Term Purchases,Low,220.2B,30.9B,1.1607,1.1627,1.1583,1.1597
2026-01-16,12:30pm,EUR,German Final CPI m/m,Low,0.0%,0.0%,1.1607,1.1627,1.1583,1.1597
2026-01-16,7:45pm,USD,Capacity Utilization Rate,Low,76.3%,76.1%,1.1607,1.1627,1.1583,1.1597
2026-01-16,7:45pm,USD,Industrial Production m/m,Low,0.4%,0.4%,1.1607,1.1627,1.1583,1.1597
2026-01-16,8:30pm,USD,NAHB Housing Market Index,Low,37,39,1.1607,1.1627,1.1583,1.1597
2026-01-19,3:30pm,EUR,Final Core CPI y/y,Low,2.3%,2.3%,1.1583,1.1648,1.157,1.1645
2026-01-19,3:30pm,EUR,Final CPI y/y,Low,1.9%,2.0%,1.1583,1.1648,1.157,1.1645
2026-01-20,12:30pm,EUR,German PPI m/m,Low,-0.2%,0.0%,1.1642,1.1768,1.1631,1.1724
2026-01-20,2:30pm,EUR,Current Account,Low,8.6B,26.7B,1.1642,1.1768,1.1631,1.1724
2026-01-20,3:30pm,EUR,German ZEW Economic Sentiment,Low,59.6,45.8,1.1642,1.1768,1.1631,1.1724
2026-01-20,3:30pm,EUR,ZEW Economic Sentiment,Low,40.8,33.7,1.1642,1.1768,1.1631,1.1724
2026-01-20,6:45pm,USD,ADP Weekly Employment Change,Low,8.0K,11.3K,1.1642,1.1768,1.1631,1.1724
2026-01-21,4:04pm,EUR,German 30-y Bond Auction,Low,3.49|2.4,3.45|2.1,1.1721,1.1742,1.1676,1.1682
2026-01-21,Sep Data,USD,Construction Spending m/m,Low,-0.6%,0.4%,1.1721,1.1742,1.1676,1.1682
2026-01-21,8:30pm,USD,Pending Home Sales m/m,Medium,-9.3%,3.3%,1.1721,1.1742,1.1676,1.1682
2026-01-21,8:30pm,USD,Construction Spending m/m,Low,0.5%,-0.6%,1.1721,1.1742,1.1676,1.1682
2026-01-22,12:30pm,USD,Final GDP q/q,High,4.4%,4.3%,1.1682,1.1756,1.1668,1.1754
2026-01-22,12:30pm,USD,Unemployment Claims,High,200K,199K,1.1682,1.1756,1.1668,1.1754
2026-01-22,12:30pm,USD,Final GDP Price Index q/q,Medium,3.8%,3.8%,1.1682,1.1756,1.1668,1.1754
2026-01-22,Oct Data,USD,Core PCE Price Index m/m,Medium,0.2%,0.2%,1.1682,1.1756,1.1668,1.1754
2026-01-22,Oct Data,USD,Personal Income m/m,Low,0.1%,0.4%,1.1682,1.1756,1.1668,1.1754
2026-01-22,Oct Data,USD,Personal Spending m/m,Low,0.5%,0.4%,1.1682,1.1756,1.1668,1.1754
2026-01-22,8:30pm,EUR,Consumer Confidence,Low,-12,-15,1.1682,1.1756,1.1668,1.1754
2026-01-22,8:30pm,USD,Core PCE Price Index m/m,High,0.2%,0.2%,1.1682,1.1756,1.1668,1.1754
2026-01-22,8:30pm,USD,Personal Income m/m,Low,0.3%,0.1%,1.1682,1.1756,1.1668,1.1754
2026-01-22,8:30pm,USD,Personal Spending m/m,Low,0.5%,0.5%,1.1682,1.1756,1.1668,1.1754
2026-01-22,9:00pm,USD,Natural Gas Storage,Low,-120B,-71B,1.1682,1.1756,1.1668,1.1754
2026-01-22,10:30pm,USD,Crude Oil Inventories,Low,3.6M,3.4M,1.1682,1.1756,1.1668,1.1754
2026-01-23,1:45pm,EUR,French Flash Manufacturing PMI,Medium,51.0,50.7,1.1752,1.1833,1.1727,1.1826
2026-01-23,1:45pm,EUR,French Flash Services PMI,Medium,47.9,50.1,1.1752,1.1833,1.1727,1.1826
2026-01-23,2:00pm,EUR,German Flash Manufacturing PMI,High,48.7,47.0,1.1752,1.1833,1.1727,1.1826
2026-01-23,2:00pm,EUR,German Flash Services PMI,High,53.3,52.7,1.1752,1.1833,1.1727,1.1826
2026-01-23,2:30pm,EUR,Flash Manufacturing PMI,Low,49.4,48.8,1.1752,1.1833,1.1727,1.1826
2026-01-23,2:30pm,EUR,Flash Services PMI,Low,51.9,52.4,1.1752,1.1833,1.1727,1.1826
2026-01-23,8:15pm,USD,Flash Manufacturing PMI,High,51.9,51.8,1.1752,1.1833,1.1727,1.1826
2026-01-23,8:15pm,USD,Flash Services PMI,High,52.5,52.5,1.1752,1.1833,1.1727,1.1826
2026-01-23,8:30pm,USD,Revised UoM Consumer Sentiment,Medium,56.4,54.0,1.1752,1.1833,1.1727,1.1826
2026-01-23,8:30pm,USD,Revised UoM Inflation Expectations,Low,4.0%,4.2%,1.1752,1.1833,1.1727,1.1826
2026-01-23,Oct Data,USD,CB Leading Index m/m,Low,-0.1%,-0.2%,1.1752,1.1833,1.1727,1.1826
2026-01-23,9:24pm,USD,CB Leading Index m/m,Low,-0.3%,-0.1%,1.1752,1.1833,1.1727,1.1826
2026-01-26,2:30pm,EUR,German ifo Business Climate,Medium,87.6,87.6,1.1831,1.1906,1.1831,1.1879
2026-01-26,2:30pm,USD,Core Durable Goods Orders m/m,Medium,0.5%,0.1%,1.1831,1.1906,1.1831,1.1879
2026-01-26,2:30pm,USD,Durable Goods Orders m/m,Medium,5.3%,-2.1%,1.1831,1.1906,1.1831,1.1879
2026-01-26,7:03pm,EUR,Belgian NBB Business Climate,Low,-8.8,-11.9,1.1831,1.1906,1.1831,1.1879
2026-01-27,1:30pm,EUR,Spanish Unemployment Rate,Low,9.9%,10.5%,1.1875,1.2078,1.1849,1.2041
2026-01-27,6:45pm,USD,ADP Weekly Employment Change,Low,7.8K,8.0K,1.1875,1.2078,1.1849,1.2041
2026-01-27,7:30pm,USD,HPI m/m,Low,0.6%,0.4%,1.1875,1.2078,1.1849,1.2041
2026-01-27,7:30pm,USD,S&P/CS Composite-20 HPI y/y,Low,1.4%,1.3%,1.1875,1.2078,1.1849,1.2041
2026-01-27,8:30pm,USD,CB Consumer Confidence,Medium,84.5,94.2,1.1875,1.2078,1.1849,1.2041
2026-01-27,8:30pm,USD,Richmond Manufacturing Index,Medium,-6,-7,1.1875,1.2078,1.1849,1.2041
2026-01-28,12:30pm,EUR,German GfK Consumer Climate,Low,-24.1,-26.9,1.2039,1.2044,1.1895,1.1952
2026-01-28,4:04pm,EUR,German 10-y Bond Auction,Low,2.85|1.7,2.83|1.3,1.2039,1.2044,1.1895,1.1952
2026-01-28,4:04pm,USD,Crude Oil Inventories,Low,-2.3M,3.6M,1.2039,1.2044,1.1895,1.1952
2026-01-29,12:30am,USD,Federal Funds Rate,High,3.75%,3.75%,1.1952,1.1996,1.1905,1.1969
2026-01-29,2:30pm,EUR,M3 Money Supply y/y,Low,2.8%,3.0%,1.1952,1.1996,1.1905,1.1969
2026-01-29,2:30pm,EUR,Private Loans y/y,Low,3.0%,2.9%,1.1952,1.1996,1.1905,1.1969
2026-01-29,2:30pm,USD,Unemployment Claims,High,209K,210K,1.1952,1.1996,1.1905,1.1969
2026-01-29,2:30pm,USD,Goods Trade Balance,Low,-86.9B,-59.0B,1.1952,1.1996,1.1905,1.1969
2026-01-29,2:30pm,USD,Revised Nonfarm Productivity q/q,Low,4.9%,4.9%,1.1952,1.1996,1.1905,1.1969
2026-01-29,2:30pm,USD,Revised Unit Labor Costs q/q,Low,-1.9%,-1.9%,1.1952,1.1996,1.1905,1.1969
2026-01-29,2:30pm,USD,Trade Balance,Low,-56.8B,-29.2B,1.1952,1.1996,1.1905,1.1969
2026-01-29,8:30pm,USD,Factory Orders m/m,Low,2.7%,-1.2%,1.1952,1.1996,1.1905,1.1969
2026-01-29,8:30pm,USD,Final Wholesale Inventories m/m,Low,0.2%,0.2%,1.1952,1.1996,1.1905,1.1969
2026-01-29,9:00pm,USD,Natural Gas Storage,Low,-242B,-120B,1.1952,1.1996,1.1905,1.1969
2026-01-30,12:00pm,EUR,French Consumer Spending m/m,Low,-0.6%,-0.3%,1.197,1.1974,1.1848,1.1848
2026-01-30,12:00pm,EUR,French Flash GDP q/q,Low,0.2%,0.5%,1.197,1.1974,1.1848,1.1848
2026-01-30,12:30pm,EUR,German Import Prices m/m,Low,-0.1%,0.5%,1.197,1.1974,1.1848,1.1848
2026-01-30,All Day,EUR,German Prelim CPI m/m,Medium,0.1%,0.0%,1.197,1.1974,1.1848,1.1848
2026-01-30,1:15pm,EUR,French Prelim Private Payrolls q/q,Low,-0.1%,-0.1%,1.197,1.1974,1.1848,1.1848
2026-01-30,1:15pm,EUR,Spanish Flash CPI y/y,Low,2.4%,2.9%,1.197,1.1974,1.1848,1.1848
2026-01-30,1:15pm,EUR,Spanish Flash GDP q/q,Low,0.8%,0.6%,1.197,1.1974,1.1848,1.1848
2026-01-30,2:25pm,EUR,German Unemployment Change,Low,0K,3K,1.197,1.1974,1.1848,1.1848
2026-01-30,2:30pm,EUR,German Prelim GDP q/q,Medium,0.3%,0.0%,1.197,1.1974,1.1848,1.1848
2026-01-30,2:30pm,EUR,Italian Prelim GDP q/q,Low,0.3%,0.1%,1.197,1.1974,1.1848,1.1848
2026-01-30,3:30pm,EUR,Italian Monthly Unemployment Rate,Low,5.6%,5.6%,1.197,1.1974,1.1848,1.1848
2026-01-30,3:30pm,EUR,Prelim Flash GDP q/q,Low,0.3%,0.3%,1.197,1.1974,1.1848,1.1848
2026-01-30,3:30pm,EUR,Unemployment Rate,Low,6.2%,6.3%,1.197,1.1974,1.1848,1.1848
2026-01-30,3:30pm,USD,Core PPI m/m,High,0.7%,0.0%,1.197,1.1974,1.1848,1.1848
2026-01-30,3:30pm,USD,PPI m/m,High,0.5%,0.2%,1.197,1.1974,1.1848,1.1848
2026-01-30,8:15pm,USD,Chicago PMI,Low,54.0,43.5,1.197,1.1974,1.1848,1.1848
2026-02-02,12:30pm,EUR,German Retail Sales m/m,Low,0.1%,-0.5%,1.1852,1.1874,1.1775,1.1789
2026-02-02,1:45pm,EUR,Spanish Manufacturing PMI,Low,49.2,49.6,1.1852,1.1874,1.1775,1.1789
2026-02-02,2:15pm,EUR,Italian Manufacturing PMI,Low,48.1,47.9,1.1852,1.1874,1.1775,1.1789
2026-02-02,2:20pm,EUR,French Final Manufacturing PMI,Low,51.2,51.0,1.1852,1.1874,1.1775,1.1789
2026-02-02,2:25pm,EUR,German Final Manufacturing PMI,Low,49.1,48.7,1.1852,1.1874,1.1775,1.1789
2026-02-02,2:30pm,EUR,Final Manufacturing PMI,Low,49.5,49.4,1.1852,1.1874,1.1775,1.1789
2026-02-02,8:15pm,USD,Final Manufacturing PMI,Low,52.4,51.9,1.1852,1.1874,1.1775,1.1789
2026-02-02,8:30pm,USD,ISM Manufacturing PMI,High,52.6,47.9,1.1852,1.1874,1.1775,1.1789
2026-02-02,8:30pm,USD,ISM Manufacturing Prices,Medium,59.0,58.5,1.1852,1.1874,1.1775,1.1789
2026-02-03,1:15pm,EUR,French Gov Budget Balance,Low,-124.7B,-155.4B,1.1789,1.1828,1.1779,1.1818
2026-02-03,1:15pm,EUR,French Prelim CPI m/m,Low,-0.3%,0.1%,1.1789,1.1828,1.1779,1.1818
2026-02-03,1:30pm,EUR,Spanish Unemployment Change,Low,30.4K,-16.3K,1.1789,1.1828,1.1779,1.1818
2026-02-03,8:31pm,USD,RCM/TIPP Economic Optimism,Low,48.8,47.2,1.1789,1.1828,1.1779,1.1818
2026-02-03,All Day,USD,Wards Total Vehicle Sales,Low,14.9M,16.0M,1.1789,1.1828,1.1779,1.1818
2026-02-04,1:45pm,EUR,Spanish Services PMI,Low,53.5,57.1,1.1818,1.1838,1.1789,1.1806
2026-02-04,2:15pm,EUR,Italian Services PMI,Low,52.9,51.5,1.1818,1.1838,1.1789,1.1806
2026-02-04,2:20pm,EUR,French Final Services PMI,Low,48.4,47.9,1.1818,1.1838,1.1789,1.1806
2026-02-04,2:25pm,EUR,German Final Services PMI,Low,52.4,53.3,1.1818,1.1838,1.1789,1.1806
2026-02-04,2:30pm,EUR,Final Services PMI,Low,51.6,51.9,1.1818,1.1838,1.1789,1.1806
2026-02-04,3:30pm,EUR,Core CPI Flash Estimate y/y,Medium,2.2%,2.3%,1.1818,1.1838,1.1789,1.1806
2026-02-04,3:30pm,EUR,CPI Flash Estimate y/y,Medium,1.7%,1.9%,1.1818,1.1838,1.1789,1.1806
2026-02-04,3:30pm,EUR,PPI m/m,Low,-0.3%,0.7%,1.1818,1.1838,1.1789,1.1806
2026-02-04,3:30pm,EUR,Italian Prelim CPI m/m,Low,0.4%,0.2%,1.1818,1.1838,1.1789,1.1806
2026-02-04,6:45pm,USD,ADP Non-Farm Employment Change,High,22K,37K,1.1818,1.1838,1.1789,1.1806
2026-02-04,8:15pm,USD,Final Services PMI,Low,52.7,52.5,1.1818,1.1838,1.1789,1.1806
2026-02-04,8:30pm,USD,ISM Services PMI,High,53.8,54.4,1.1818,1.1838,1.1789,1.1806
2026-02-04,9:00pm,USD,Crude Oil Inventories,Low,-3.5M,-2.3M,1.1818,1.1838,1.1789,1.1806
2026-02-05,12:30pm,EUR,German Factory Orders m/m,Low,7.8%,5.7%,1.1806,1.1821,1.1773,1.1775
2026-02-05,1:15pm,EUR,French Industrial Production m/m,Low,-0.7%,0.1%,1.1806,1.1821,1.1773,1.1775
2026-02-05,2:30pm,EUR,Italian Retail Sales m/m,Low,-0.8%,0.5%,1.1806,1.1821,1.1773,1.1775
2026-02-05,3:13pm,EUR,Spanish 10-y Bond Auction,Low,3.22|2.4,3.20|1.9,1.1806,1.1821,1.1773,1.1775
2026-02-05,3:30pm,EUR,Retail Sales m/m,Low,-0.5%,0.1%,1.1806,1.1821,1.1773,1.1775
2026-02-05,3:31pm,EUR,French 10-y Bond Auction,Low,3.45|2.4,3.53|2.0,1.1806,1.1821,1.1773,1.1775
2026-02-05,3:31pm,USD,Challenger Job Cuts y/y,Low,117.8%,-8.3%,1.1806,1.1821,1.1773,1.1775
2026-02-05,6:45pm,EUR,Main Refinancing Rate,High,2.15%,2.15%,1.1806,1.1821,1.1773,1.1775
2026-02-05,7:00pm,USD,Unemployment Claims,High,231K,209K,1.1806,1.1821,1.1773,1.1775
2026-02-05,8:30pm,USD,JOLTS Job Openings,High,6.54M,6.93M,1.1806,1.1821,1.1773,1.1775
2026-02-05,9:00pm,USD,Natural Gas Storage,Low,-360B,-242B,1.1806,1.1821,1.1773,1.1775
2026-02-06,12:30pm,EUR,German Industrial Production m/m,Low,-1.9%,0.2%,1.1777,1.1826,1.1764,1.1816
2026-02-06,12:30pm,EUR,German Trade Balance,Low,17.1B,13.6B,1.1777,1.1826,1.1764,1.1816
2026-02-06,1:15pm,EUR,French Trade Balance,Low,-4.8B,-4.0B,1.1777,1.1826,1.1764,1.1816
2026-02-06,1:15pm,USD,Prelim UoM Consumer Sentiment,High,57.3,56.4,1.1777,1.1826,1.1764,1.1816
2026-02-06,1:15pm,USD,Prelim UoM Inflation Expectations,High,3.5%,4.0%,1.1777,1.1826,1.1764,1.1816
2026-02-07,1:30am,USD,Consumer Credit m/m,Low,24.0B,4.7B,,,,
2026-02-09,3:00pm,EUR,Sentix Investor Confidence,Low,4.2,-1.8,1.1816,1.1926,1.1807,1.1913
2026-02-10,4:30pm,USD,NFIB Small Business Index,Low,99.3,99.5,1.1912,1.1928,1.1886,1.1894
2026-02-10,6:45pm,USD,ADP Weekly Employment Change,Low,6.5K,5.0K,1.1912,1.1928,1.1886,1.1894
2026-02-10,7:00pm,USD,Core Retail Sales m/m,High,0.0%,0.4%,1.1912,1.1928,1.1886,1.1894
2026-02-10,7:00pm,USD,Retail Sales m/m,High,0.0%,0.6%,1.1912,1.1928,1.1886,1.1894
2026-02-10,7:00pm,USD,Employment Cost Index q/q,Medium,0.7%,0.8%,1.1912,1.1928,1.1886,1.1894
2026-02-10,7:00pm,USD,Import Prices m/m,Low,0.1%,0.4%,1.1912,1.1928,1.1886,1.1894
2026-02-10,8:30pm,USD,Business Inventories m/m,Low,0.1%,0.2%,1.1912,1.1928,1.1886,1.1894
2026-02-11,2:30pm,EUR,Italian Industrial Production m/m,Low,-0.4%,1.5%,1.1893,1.1927,1.1831,1.187
2026-02-11,4:03pm,EUR,German 30-y Bond Auction,Low,3.47|1.6,3.49|2.4,1.1893,1.1927,1.1831,1.187
2026-02-11,4:03pm,USD,Average Hourly Earnings m/m,High,0.4%,0.1%,1.1893,1.1927,1.1831,1.187
2026-02-11,4:03pm,USD,Non-Farm Employment Change,High,130K,48K,1.1893,1.1927,1.1831,1.187
2026-02-11,4:03pm,USD,Unemployment Rate,High,4.3%,4.4%,1.1893,1.1927,1.1831,1.187
2026-02-11,9:00pm,USD,Crude Oil Inventories,Low,8.5M,-3.5M,1.1893,1.1927,1.1831,1.187
2026-02-11,11:31pm,USD,10-y Bond Auction,Low,4.18|2.4,4.17|2.6,1.1893,1.1927,1.1831,1.187
2026-02-12,12:30am,USD,Federal Budget Balance,Low,-94.6B,-144.7B,1.1877,1.1889,1.1851,1.1869
2026-02-12,7:00pm,USD,Unemployment Claims,High,227K,232K,1.1877,1.1889,1.1851,1.1869
2026-02-12,8:30pm,USD,Existing Home Sales,Low,3.91M,4.27M,1.1877,1.1889,1.1851,1.1869
2026-02-12,8:30pm,USD,Natural Gas Storage,Low,-249B,-360B,1.1877,1.1889,1.1851,1.1869
2026-02-12,11:10pm,USD,Mortgage Delinquencies,Low,4.26%,3.99%,1.1877,1.1889,1.1851,1.1869
2026-02-12,11:31pm,USD,30-y Bond Auction,Low,4.75|2.7,4.83|2.4,1.1877,1.1889,1.1851,1.1869
2026-02-13,12:30pm,EUR,German WPI m/m,Low,0.9%,-0.2%,1.1869,1.1884,1.1845,1.1867
2026-02-13,3:30pm,EUR,Flash Employment Change q/q,Low,0.2%,0.2%,1.1869,1.1884,1.1845,1.1867
2026-02-13,3:30pm,EUR,Flash GDP q/q,Low,0.3%,0.3%,1.1869,1.1884,1.1845,1.1867
2026-02-13,3:30pm,EUR,Trade Balance,Low,11.6B,10.2B,1.1869,1.1884,1.1845,1.1867
2026-02-13,7:00pm,USD,Core CPI m/m,High,0.3%,0.2%,1.1869,1.1884,1.1845,1.1867
2026-02-13,7:00pm,USD,CPI m/m,High,0.2%,0.3%,1.1869,1.1884,1.1845,1.1867
2026-02-13,7:00pm,USD,CPI y/y,High,2.4%,2.7%,1.1869,1.1884,1.1845,1.1867
2026-02-16,3:30pm,EUR,Industrial Production m/m,Low,-1.4%,0.3%,1.1867,1.1875,1.1845,1.185
2026-02-17,12:30pm,EUR,German Final CPI m/m,Low,0.1%,0.1%,1.185,1.1855,1.1804,1.1853
2026-02-17,2:30pm,EUR,Italian Trade Balance,Low,6.04B,5.06B,1.185,1.1855,1.1804,1.1853
2026-02-17,3:30pm,EUR,ZEW Economic Sentiment,Low,39.4,40.8,1.185,1.1855,1.1804,1.1853
2026-02-17,3:30pm,EUR,German ZEW Economic Sentiment,Low,58.3,59.6,1.185,1.1855,1.1804,1.1853
2026-02-17,6:45pm,USD,ADP Weekly Employment Change,Low,10.3K,7.8K,1.185,1.1855,1.1804,1.1853
2026-02-17,6:45pm,USD,Empire State Manufacturing Index,Medium,7.1,7.7,1.185,1.1855,1.1804,1.1853
2026-02-17,8:15pm,USD,Cleveland Fed Inflation Expectations,Low,3.1%,3.3%,1.185,1.1855,1.1804,1.1853
2026-02-17,8:30pm,USD,NAHB Housing Market Index,Low,36,37,1.185,1.1855,1.1804,1.1853
2026-02-18,1:15pm,EUR,French Final CPI m/m,Low,-0.3%,-0.3%,1.1853,1.1857,1.1781,1.1782
2026-02-18,4:02pm,EUR,German 10-y Bond Auction,Low,2.73|1.5,2.85|1.7,1.1853,1.1857,1.1781,1.1782
2026-02-18,Nov Data,USD,Housing Starts,Low,1.32M,1.27M,1.1853,1.1857,1.1781,1.1782
2026-02-18,Nov Data,USD,Building Permits,Low,1.39M,1.41M,1.1853,1.1857,1.1781,1.1782
2026-02-18,7:00pm,USD,Core Durable Goods Orders m/m,Medium,0.9%,0.4%,1.1853,1.1857,1.1781,1.1782
2026-02-18,7:00pm,USD,Durable Goods Orders m/m,Medium,-1.4%,5.4%,1.1853,1.1857,1.1781,1.1782
2026-02-18,7:00pm,USD,Building Permits,Low,1.45M,1.39M,1.1853,1.1857,1.1781,1.1782
2026-02-18,7:00pm,USD,Housing Starts,Low,1.40M,1.32M,1.1853,1.1857,1.1781,1.1782
2026-02-18,7:45pm,USD,Capacity Utilization Rate,Low,76.2%,75.7%,1.1853,1.1857,1.1781,1.1782
2026-02-18,7:45pm,USD,Industrial Production m/m,Low,0.7%,0.2%,1.1853,1.1857,1.1781,1.1782
2026-02-19,2:30am,USD,TIC Long-Term Purchases,Low,28.0B,206.6B,1.1782,1.1807,1.1741,1.1772
2026-02-19,2:30pm,EUR,Current Account,Low,14.6B,8.9B,1.1782,1.1807,1.1741,1.1772
2026-02-19,3:13pm,EUR,Spanish 10-y Bond Auction,Low,3.17|2.5,3.22|2.4,1.1782,1.1807,1.1741,1.1772
2026-02-19,3:13pm,USD,Unemployment Claims,High,206K,229K,1.1782,1.1807,1.1741,1.1772
2026-02-19,3:13pm,USD,Philly Fed Manufacturing Index,Medium,16.3,12.6,1.1782,1.1807,1.1741,1.1772
2026-02-19,3:13pm,USD,Goods Trade Balance,Low,-98.5B,-82.8B,1.1782,1.1807,1.1741,1.1772
2026-02-19,3:13pm,USD,Prelim Wholesale Inventories m/m,Low,0.2%,0.2%,1.1782,1.1807,1.1741,1.1772
2026-02-19,3:13pm,USD,Trade Balance,Low,-70.3B,-53.0B,1.1782,1.1807,1.1741,1.1772
2026-02-19,8:30pm,USD,Pending Home Sales m/m,Medium,-0.8%,-7.4%,1.1782,1.1807,1.1741,1.1772
2026-02-19,8:30pm,USD,CB Leading Index m/m,Low,-0.2%,-0.3%,1.1782,1.1807,1.1741,1.1772
2026-02-19,8:40pm,EUR,Consumer Confidence,Low,-12,-12,1.1782,1.1807,1.1741,1.1772
2026-02-19,8:40pm,USD,Natural Gas Storage,Low,-144B,-249B,1.1782,1.1807,1.1741,1.1772
2026-02-19,10:30pm,USD,Crude Oil Inventories,Low,-9.0M,8.5M,1.1782,1.1807,1.1741,1.1772
2026-02-20,12:30pm,EUR,German PPI m/m,Low,-0.6%,-0.2%,1.1772,1.1807,1.1742,1.178
2026-02-20,1:45pm,EUR,French Flash Manufacturing PMI,Medium,49.9,51.2,1.1772,1.1807,1.1742,1.178
2026-02-20,1:45pm,EUR,French Flash Services PMI,Medium,49.6,48.4,1.1772,1.1807,1.1742,1.178
2026-02-20,2:00pm,EUR,German Flash Manufacturing PMI,High,50.7,49.1,1.1772,1.1807,1.1742,1.178
2026-02-20,2:00pm,EUR,German Flash Services PMI,High,53.4,52.4,1.1772,1.1807,1.1742,1.178
2026-02-20,2:30pm,EUR,Flash Manufacturing PMI,Low,50.8,49.5,1.1772,1.1807,1.1742,1.178
2026-02-20,2:30pm,EUR,Flash Services PMI,Low,51.8,51.6,1.1772,1.1807,1.1742,1.178
2026-02-20,3:00pm,USD,Advance GDP q/q,High,1.4%,4.4%,1.1772,1.1807,1.1742,1.178
2026-02-20,3:00pm,USD,Core PCE Price Index m/m,High,0.4%,0.2%,1.1772,1.1807,1.1742,1.178
2026-02-20,3:00pm,USD,Advance GDP Price Index q/q,Medium,3.6%,3.8%,1.1772,1.1807,1.1742,1.178
2026-02-20,3:00pm,USD,Personal Income m/m,Low,0.3%,0.4%,1.1772,1.1807,1.1742,1.178
2026-02-20,3:00pm,USD,Personal Spending m/m,Low,0.4%,0.4%,1.1772,1.1807,1.1742,1.178
2026-02-20,8:15pm,USD,Flash Manufacturing PMI,High,51.2,52.4,1.1772,1.1807,1.1742,1.178
2026-02-20,8:15pm,USD,Flash Services PMI,High,52.3,52.7,1.1772,1.1807,1.1742,1.178
2026-02-20,Nov Data,USD,New Home Sales,Medium,758K,737K,1.1772,1.1807,1.1742,1.178
2026-02-20,8:30pm,USD,New Home Sales,Medium,745K,758K,1.1772,1.1807,1.1742,1.178
2026-02-20,8:30pm,USD,Revised UoM Consumer Sentiment,Low,56.6,57.3,1.1772,1.1807,1.1742,1.178
2026-02-20,8:30pm,USD,Revised UoM Inflation Expectations,Low,3.4%,3.5%,1.1772,1.1807,1.1742,1.178
2026-02-23,2:30pm,EUR,German ifo Business Climate,Low,88.6,87.6,1.1781,1.1834,1.1774,1.1784
2026-02-23,6:56pm,EUR,Belgian NBB Business Climate,Low,-13.7,-8.8,1.1781,1.1834,1.1774,1.1784
2026-02-23,8:30pm,USD,Factory Orders m/m,Low,-0.7%,2.7%,1.1781,1.1834,1.1774,1.1784
2026-02-24,6:45pm,USD,ADP Weekly Employment Change,Low,12.8K,11.5K,1.179,1.1796,1.1765,1.1771
2026-02-24,6:45pm,USD,HPI m/m,Low,0.1%,0.7%,1.179,1.1796,1.1765,1.1771
2026-02-24,6:45pm,USD,S&P/CS Composite-20 HPI y/y,Low,1.4%,1.4%,1.179,1.1796,1.1765,1.1771
2026-02-24,8:30pm,USD,CB Consumer Confidence,Medium,91.2,89.0,1.179,1.1796,1.1765,1.1771
2026-02-24,8:30pm,USD,Richmond Manufacturing Index,Medium,-10,-6,1.179,1.1796,1.1765,1.1771
2026-02-24,8:30pm,USD,Final Wholesale Inventories m/m,Low,0.2%,0.2%,1.179,1.1796,1.1765,1.1771
2026-02-25,12:30pm,EUR,German Final GDP q/q,Low,0.3%,0.3%,1.1772,1.1814,1.1769,1.1809
2026-02-25,12:30pm,EUR,German GfK Consumer Climate,Low,-24.7,-24.2,1.1772,1.1814,1.1769,1.1809
2026-02-25,3:30pm,EUR,Final Core CPI y/y,Low,2.2%,2.2%,1.1772,1.1814,1.1769,1.1809
2026-02-25,3:30pm,EUR,Final CPI y/y,Low,1.7%,1.7%,1.1772,1.1814,1.1769,1.1809
2026-02-25,9:00pm,USD,Crude Oil Inventories,Low,16.0M,-9.0M,1.1772,1.1814,1.1769,1.1809
2026-02-26,2:30pm,EUR,M3 Money Supply y/y,Low,3.3%,2.8%,1.1809,1.1828,1.1773,1.1797
2026-02-26,2:30pm,EUR,Private Loans y/y,Low,3.0%,3.0%,1.1809,1.1828,1.1773,1.1797
2026-02-26,3:36pm,EUR,Italian 10-y Bond Auction,Low,3.31|1.5,3.44|1.6,1.1809,1.1828,1.1773,1.1797
2026-02-26,3:36pm,USD,Unemployment Claims,High,212K,208K,1.1809,1.1828,1.1773,1.1797
2026-02-26,9:00pm,USD,Natural Gas Storage,Low,-52B,-144B,1.1809,1.1828,1.1773,1.1797
2026-02-27,12:30pm,EUR,German Import Prices m/m,Low,1.1%,-0.1%,1.1796,1.1826,1.1785,1.1813
2026-02-27,All Day,EUR,German Prelim CPI m/m,Medium,0.2%,0.1%,1.1796,1.1826,1.1785,1.1813
2026-02-27,1:15pm,EUR,French Consumer Spending m/m,Low,0.5%,-0.5%,1.1796,1.1826,1.1785,1.1813
2026-02-27,1:15pm,EUR,French Prelim CPI m/m,Low,0.7%,-0.3%,1.1796,1.1826,1.1785,1.1813
2026-02-27,1:15pm,EUR,French Prelim GDP q/q,Low,0.2%,0.2%,1.1796,1.1826,1.1785,1.1813
2026-02-27,1:18pm,EUR,French Final Private Payrolls q/q,Low,-0.1%,-0.1%,1.1796,1.1826,1.1785,1.1813
2026-02-27,1:18pm,EUR,Spanish Flash CPI y/y,Low,2.3%,2.3%,1.1796,1.1826,1.1785,1.1813
2026-02-27,2:25pm,EUR,German Unemployment Change,Low,1K,1K,1.1796,1.1826,1.1785,1.1813
2026-02-27,2:25pm,USD,Core PPI m/m,High,0.8%,0.6%,1.1796,1.1826,1.1785,1.1813
2026-02-27,2:25pm,USD,PPI m/m,High,0.5%,0.4%,1.1796,1.1826,1.1785,1.1813
2026-02-27,8:15pm,USD,Chicago PMI,Low,57.7,54.0,1.1796,1.1826,1.1785,1.1813
2026-02-27,Nov Data,USD,Construction Spending m/m,Low,-0.2%,-0.1%,1.1796,1.1826,1.1785,1.1813
2026-02-27,8:30pm,USD,Construction Spending m/m,Low,0.3%,-0.2%,1.1796,1.1826,1.1785,1.1813
2026-03-02,12:30pm,EUR,German Retail Sales m/m,Low,-0.9%,1.2%,1.1776,1.1795,1.1671,1.1687
2026-03-02,1:45pm,EUR,Spanish Manufacturing PMI,Low,50.0,49.2,1.1776,1.1795,1.1671,1.1687
2026-03-02,2:15pm,EUR,Italian Manufacturing PMI,Low,50.6,48.1,1.1776,1.1795,1.1671,1.1687
2026-03-02,2:20pm,EUR,French Final Manufacturing PMI,Low,50.1,49.9,1.1776,1.1795,1.1671,1.1687
2026-03-02,2:25pm,EUR,German Final Manufacturing PMI,Low,50.9,50.7,1.1776,1.1795,1.1671,1.1687
2026-03-02,2:30pm,EUR,Final Manufacturing PMI,Low,50.8,50.8,1.1776,1.1795,1.1671,1.1687
2026-03-02,8:15pm,USD,Final Manufacturing PMI,Low,51.6,51.2,1.1776,1.1795,1.1671,1.1687
2026-03-02,8:30pm,USD,ISM Manufacturing PMI,High,52.4,52.6,1.1776,1.1795,1.1671,1.1687
2026-03-02,8:30pm,USD,ISM Manufacturing Prices,Medium,70.5,59.0,1.1776,1.1795,1.1671,1.1687
2026-03-03,1:15pm,EUR,French Gov Budget Balance,Low,-9.7B,-124.7B,1.1687,1.1706,1.1528,1.1613
2026-03-03,1:30pm,EUR,Spanish Unemployment Change,Low,3.6K,30.4K,1.1687,1.1706,1.1528,1.1613
2026-03-03,3:30pm,EUR,Core CPI Flash Estimate y/y,Medium,2.4%,2.2%,1.1687,1.1706,1.1528,1.1613
2026-03-03,3:30pm,EUR,CPI Flash Estimate y/y,Medium,1.9%,1.7%,1.1687,1.1706,1.1528,1.1613
2026-03-03,3:30pm,EUR,Italian Prelim CPI m/m,Low,0.8%,0.4%,1.1687,1.1706,1.1528,1.1613
2026-03-03,8:31pm,USD,RCM/TIPP Economic Optimism,Low,47.5,48.8,1.1687,1.1706,1.1528,1.1613
2026-03-03,All Day,USD,Wards Total Vehicle Sales,Low,15.8M,14.9M,1.1687,1.1706,1.1528,1.1613
2026-03-04,1:45pm,EUR,Spanish Services PMI,Low,51.9,53.5,1.1611,1.1654,1.1573,1.1633
2026-03-04,2:15pm,EUR,Italian Services PMI,Low,52.3,52.9,1.1611,1.1654,1.1573,1.1633
2026-03-04,2:20pm,EUR,French Final Services PMI,Low,49.6,49.6,1.1611,1.1654,1.1573,1.1633
2026-03-04,2:25pm,EUR,German Final Services PMI,Low,53.5,53.4,1.1611,1.1654,1.1573,1.1633
2026-03-04,2:25pm,EUR,Final Services PMI,Low,51.9,51.8,1.1611,1.1654,1.1573,1.1633
2026-03-04,2:25pm,EUR,Italian Monthly Unemployment Rate,Low,5.1%,5.5%,1.1611,1.1654,1.1573,1.1633
2026-03-04,3:30pm,EUR,PPI m/m,Low,0.7%,-0.3%,1.1611,1.1654,1.1573,1.1633
2026-03-04,3:30pm,EUR,Unemployment Rate,Low,6.1%,6.3%,1.1611,1.1654,1.1573,1.1633
2026-03-04,6:45pm,USD,ADP Non-Farm Employment Change,High,63K,11K,1.1611,1.1654,1.1573,1.1633
2026-03-04,8:15pm,USD,Final Services PMI,Low,51.7,52.3,1.1611,1.1654,1.1573,1.1633
2026-03-04,8:30pm,USD,ISM Services PMI,High,56.1,53.8,1.1611,1.1654,1.1573,1.1633
2026-03-04,8:30pm,USD,Crude Oil Inventories,Low,3.5M,16.0M,1.1611,1.1654,1.1573,1.1633
2026-03-05,1:15pm,EUR,French Industrial Production m/m,Low,0.5%,-0.5%,1.1633,1.1647,1.1558,1.1607
2026-03-05,2:30pm,EUR,Italian Retail Sales m/m,Low,0.6%,-0.7%,1.1633,1.1647,1.1558,1.1607
2026-03-05,3:29pm,EUR,French 10-y Bond Auction,Low,3.39|2.2,3.45|2.4,1.1633,1.1647,1.1558,1.1607
2026-03-05,3:29pm,EUR,Retail Sales m/m,Low,-0.1%,0.1%,1.1633,1.1647,1.1558,1.1607
2026-03-05,3:29pm,USD,Challenger Job Cuts y/y,Low,-71.9%,117.8%,1.1633,1.1647,1.1558,1.1607
2026-03-05,7:00pm,USD,Unemployment Claims,High,213K,213K,1.1633,1.1647,1.1558,1.1607
2026-03-05,7:00pm,USD,Import Prices m/m,Low,0.2%,0.2%,1.1633,1.1647,1.1558,1.1607
2026-03-05,7:00pm,USD,Prelim Nonfarm Productivity q/q,Low,2.8%,5.2%,1.1633,1.1647,1.1558,1.1607
2026-03-05,7:00pm,USD,Prelim Unit Labor Costs q/q,Low,2.8%,-1.8%,1.1633,1.1647,1.1558,1.1607
2026-03-05,9:00pm,USD,Natural Gas Storage,Low,-132B,-52B,1.1633,1.1647,1.1558,1.1607
2026-03-06,3:30pm,EUR,Final Employment Change q/q,Low,0.2%,0.2%,1.1609,1.1621,1.1544,1.1618
2026-03-06,3:30pm,EUR,Revised GDP q/q,Low,0.2%,0.3%,1.1609,1.1621,1.1544,1.1618
2026-03-06,7:00pm,USD,Average Hourly Earnings m/m,High,0.4%,0.4%,1.1609,1.1621,1.1544,1.1618
2026-03-06,7:00pm,USD,Core Retail Sales m/m,High,0.0%,0.0%,1.1609,1.1621,1.1544,1.1618
2026-03-06,7:00pm,USD,Non-Farm Employment Change,High,-92K,126K,1.1609,1.1621,1.1544,1.1618
2026-03-06,7:00pm,USD,Retail Sales m/m,High,-0.2%,0.0%,1.1609,1.1621,1.1544,1.1618
2026-03-06,7:00pm,USD,Unemployment Rate,High,4.4%,4.3%,1.1609,1.1621,1.1544,1.1618
2026-03-06,7:00pm,USD,Business Inventories m/m,Low,0.1%,0.0%,1.1609,1.1621,1.1544,1.1618
2026-03-07,1:30am,USD,Consumer Credit m/m,Low,8.0B,25.2B,,,,
2026-03-09,12:30pm,EUR,German Factory Orders m/m,Low,-11.1%,6.4%,1.1567,1.1637,1.1505,1.1636
2026-03-09,12:30pm,EUR,German Industrial Production m/m,Low,-0.5%,-1.0%,1.1567,1.1637,1.1505,1.1636
2026-03-09,3:00pm,EUR,Sentix Investor Confidence,Low,-3.1,4.2,1.1567,1.1637,1.1505,1.1636
2026-03-10,12:30pm,EUR,German Trade Balance,Low,21.2B,17.4B,1.1636,1.1667,1.1605,1.161
2026-03-10,1:15pm,EUR,French Trade Balance,Low,-1.8B,-4.3B,1.1636,1.1667,1.1605,1.161
2026-03-10,3:30pm,USD,NFIB Small Business Index,Low,98.8,99.3,1.1636,1.1667,1.1605,1.161
2026-03-10,5:45pm,USD,ADP Weekly Employment Change,Low,15.5K,12.8K,1.1636,1.1667,1.1605,1.161
2026-03-10,7:30pm,USD,Existing Home Sales,Low,4.09M,4.02M,1.1636,1.1667,1.1605,1.161
2026-03-11,12:30pm,EUR,German Final CPI m/m,Low,0.2%,0.2%,1.1611,1.1645,1.1559,1.1566
2026-03-11,4:03pm,EUR,German 10-y Bond Auction,Low,2.89|1.2,2.73|1.5,1.1611,1.1645,1.1559,1.1566
2026-03-11,6:00pm,USD,Core CPI m/m,High,0.2%,0.3%,1.1611,1.1645,1.1559,1.1566
2026-03-11,6:00pm,USD,CPI m/m,High,0.3%,0.2%,1.1611,1.1645,1.1559,1.1566
2026-03-11,6:00pm,USD,CPI y/y,High,2.4%,2.4%,1.1611,1.1645,1.1559,1.1566
2026-03-11,8:00pm,USD,Crude Oil Inventories,Low,3.8M,3.5M,1.1611,1.1645,1.1559,1.1566
2026-03-11,10:31pm,USD,10-y Bond Auction,Low,4.22|2.4,4.18|2.4,1.1611,1.1645,1.1559,1.1566
2026-03-11,11:30pm,USD,Federal Budget Balance,Low,-307.5B,-94.6B,1.1611,1.1645,1.1559,1.1566
2026-03-12,2:30pm,EUR,Italian Quarterly Unemployment Rate,Low,5.6%,6.0%,1.1567,1.1575,1.1508,1.151
2026-03-12,2:30pm,USD,Unemployment Claims,High,213K,214K,1.1567,1.1575,1.1508,1.151
2026-03-12,2:30pm,USD,Building Permits,Low,1.38M,1.45M,1.1567,1.1575,1.1508,1.151
2026-03-12,2:30pm,USD,Goods Trade Balance,Low,-80.8B,-98.5B,1.1567,1.1575,1.1508,1.151
2026-03-12,2:30pm,USD,Housing Starts,Low,1.49M,1.39M,1.1567,1.1575,1.1508,1.151
2026-03-12,2:30pm,USD,Trade Balance,Low,-54.5B,-72.9B,1.1567,1.1575,1.1508,1.151
2026-03-12,8:00pm,USD,Natural Gas Storage,Low,-38B,-132B,1.1567,1.1575,1.1508,1.151
2026-03-12,10:31pm,USD,30-y Bond Auction,Low,4.87|2.5,4.75|2.7,1.1567,1.1575,1.1508,1.151
2026-03-13,12:30pm,EUR,German WPI m/m,Low,0.6%,0.9%,1.151,1.1529,1.141,1.1416
2026-03-13,1:15pm,EUR,French Final CPI m/m,Low,0.6%,0.7%,1.151,1.1529,1.141,1.1416
2026-03-13,2:30pm,EUR,Italian Industrial Production m/m,Low,-0.6%,-0.5%,1.151,1.1529,1.141,1.1416
2026-03-13,3:30pm,EUR,Industrial Production m/m,Low,-1.5%,-0.5%,1.151,1.1529,1.141,1.1416
2026-03-13,3:30pm,USD,Core PCE Price Index m/m,High,0.4%,0.4%,1.151,1.1529,1.141,1.1416
2026-03-13,3:30pm,USD,Prelim GDP q/q,High,0.7%,1.4%,1.151,1.1529,1.141,1.1416
2026-03-13,3:30pm,USD,Core Durable Goods Orders m/m,Medium,0.4%,1.0%,1.151,1.1529,1.141,1.1416
2026-03-13,3:30pm,USD,Durable Goods Orders m/m,Medium,0.0%,-0.9%,1.151,1.1529,1.141,1.1416
2026-03-13,3:30pm,USD,Prelim GDP Price Index q/q,Medium,3.8%,3.6%,1.151,1.1529,1.141,1.1416
2026-03-13,3:30pm,USD,Personal Income m/m,Low,0.4%,0.3%,1.151,1.1529,1.141,1.1416
2026-03-13,3:30pm,USD,Personal Spending m/m,Low,0.4%,0.4%,1.151,1.1529,1.141,1.1416
2026-03-13,7:30pm,USD,JOLTS Job Openings,High,6.95M,6.55M,1.151,1.1529,1.141,1.1416
2026-03-13,7:30pm,USD,Prelim UoM Consumer Sentiment,Medium,55.5,56.6,1.151,1.1529,1.141,1.1416
2026-03-13,7:30pm,USD,Prelim UoM Inflation Expectations,Medium,3.4%,3.4%,1.151,1.1529,1.141,1.1416
