date,time,currency,event,impact,actual,previous
2021-01-04,1:45pm,EUR,Spanish Manufacturing PMI,Low,51.0,49.8
2021-01-04,2:15pm,EUR,Italian Manufacturing PMI,Low,52.8,51.5
2021-01-04,2:20pm,EUR,French Final Manufacturing PMI,Low,51.1,51.1
2021-01-04,2:25pm,EUR,German Final Manufacturing PMI,Low,58.3,58.6
2021-01-04,2:30pm,EUR,Final Manufacturing PMI,Low,55.2,55.5
2021-01-04,8:15pm,USD,Final Manufacturing PMI,Low,57.1,56.5
2021-01-04,8:30pm,USD,Construction Spending m/m,Low,0.9%,1.6%
2021-01-05,12:30pm,EUR,German Retail Sales m/m,Low,1.9%,2.6%
2021-01-05,1:30pm,EUR,Spanish Unemployment Change,Low,36.8K,25.3K
2021-01-05,2:25pm,EUR,German Unemployment Change,Low,-37K,-40K
2021-01-05,2:30pm,EUR,M3 Money Supply y/y,Low,11.0%,10.5%
2021-01-05,2:30pm,EUR,Private Loans y/y,Low,3.1%,3.2%
2021-01-05,8:30pm,USD,ISM Manufacturing PMI,Medium,60.7,57.5
2021-01-05,8:30pm,USD,ISM Manufacturing Prices,Low,77.6,65.4
2021-01-05,All Day,USD,Wards Total Vehicle Sales,Low,16.3M,15.6M
2021-01-06,All Day,EUR,German Prelim CPI m/m,Low,0.5%,-0.8%
2021-01-06,1:15pm,EUR,French Prelim CPI m/m,Low,0.2%,0.2%
2021-01-06,1:45pm,EUR,Spanish Services PMI,Low,48.0,39.5
2021-01-06,2:15pm,EUR,Italian Services PMI,Low,39.7,39.4
2021-01-06,2:20pm,EUR,French Final Services PMI,Low,49.1,49.2
2021-01-06,2:25pm,EUR,German Final Services PMI,Low,47.0,47.7
2021-01-06,2:30pm,EUR,Final Services PMI,Low,46.4,47.3
2021-01-06,3:30pm,EUR,PPI m/m,Low,0.4%,0.4%
2021-01-06,4:06pm,EUR,German 10-y Bond Auction,Low,-0.52|1.6,-0.57|2.0
2021-01-06,6:45pm,USD,ADP Non-Farm Employment Change,Medium,-123K,304K
2021-01-06,8:15pm,USD,Final Services PMI,Low,54.8,55.3
2021-01-06,8:30pm,USD,Factory Orders m/m,Low,1.0%,1.3%
2021-01-06,9:00pm,USD,Crude Oil Inventories,Low,-8.0M,-6.1M
2021-01-07,12:30pm,EUR,German Factory Orders m/m,Low,2.3%,3.3%
2021-01-07,3:30pm,EUR,Core CPI Flash Estimate y/y,Low,0.2%,0.2%
2021-01-07,3:30pm,EUR,CPI Flash Estimate y/y,Low,-0.3%,-0.3%
2021-01-07,3:30pm,EUR,Italian Prelim CPI m/m,Low,0.3%,-0.1%
2021-01-07,3:30pm,EUR,Retail Sales m/m,Low,-6.1%,1.4%
2021-01-07,3:34pm,EUR,French 10-y Bond Auction,Low,-0.33|1.9,-0.26|2.1
2021-01-07,6:00pm,USD,Challenger Job Cuts y/y,Low,134.5%,45.4%
2021-01-07,6:00pm,USD,Unemployment Claims,Medium,787K,790K
2021-01-07,6:00pm,USD,Trade Balance,Low,-68.1B,-63.1B
2021-01-07,6:00pm,USD,ISM Services PMI,Medium,57.2,55.9
2021-01-07,9:00pm,USD,Natural Gas Storage,Low,-130B,-114B
2021-01-08,12:30pm,EUR,German Industrial Production m/m,Low,0.9%,3.4%
2021-01-08,12:30pm,EUR,German Trade Balance,Low,16.4B,18.2B
2021-01-08,1:15pm,EUR,French Consumer Spending m/m,Low,-18.9%,3.9%
2021-01-08,1:15pm,EUR,French Industrial Production m/m,Low,-0.9%,1.9%
2021-01-08,1:15pm,EUR,French Trade Balance,Low,-3.6B,-4.6B
2021-01-08,3:30pm,EUR,Italian Monthly Unemployment Rate,Low,8.9%,9.5%
2021-01-08,3:30pm,EUR,Unemployment Rate,Low,8.3%,8.4%
2021-01-08,3:30pm,USD,Average Hourly Earnings m/m,High,0.8%,0.3%
2021-01-08,3:30pm,USD,Non-Farm Employment Change,High,-140K,336K
2021-01-08,3:30pm,USD,Unemployment Rate,High,6.7%,6.7%
2021-01-08,8:30pm,USD,Final Wholesale Inventories m/m,Low,0.0%,-0.1%
2021-01-09,1:30am,USD,Consumer Credit m/m,Low,15.3B,4.5B
2021-01-11,3:00pm,EUR,Sentix Investor Confidence,Low,1.3,-2.7
2021-01-12,2:30pm,EUR,Italian Retail Sales m/m,Low,-6.9%,0.5%
2021-01-12,4:30pm,USD,NFIB Small Business Index,Low,95.9,101.4
2021-01-12,8:30pm,USD,JOLTS Job Openings,Low,6.53M,6.63M
2021-01-12,8:32pm,USD,RCM/TIPP Economic Optimism,Low,50.1,49.0
2021-01-12,11:31pm,USD,10-y Bond Auction,Low,1.16|2.5,0.95|2.3
2021-01-13,12:30pm,EUR,German WPI m/m,Low,0.6%,0.1%
2021-01-13,12:30pm,EUR,Italian Industrial Production m/m,Low,-1.4%,1.4%
2021-01-13,3:30pm,EUR,Industrial Production m/m,Low,2.5%,2.3%
2021-01-13,7:00pm,USD,CPI y/y,High,1.4%,1.2%
2021-01-13,7:00pm,USD,Core CPI m/m,Medium,0.1%,0.2%
2021-01-13,7:00pm,USD,CPI m/m,Medium,0.4%,0.2%
2021-01-13,9:00pm,USD,Crude Oil Inventories,Low,-3.2M,-8.0M
2021-01-13,11:31pm,USD,30-y Bond Auction,Low,1.83|2.5,1.67|2.5
2021-01-14,11:31pm,USD,Federal Budget Balance,Low,-143.6B,-145.3B
2021-01-14,7:00pm,USD,Import Prices m/m,Low,0.9%,0.2%
2021-01-14,7:00pm,USD,Unemployment Claims,Low,965K,784K
2021-01-14,9:00pm,USD,Natural Gas Storage,Low,-134B,-130B
2021-01-15,1:15pm,EUR,French Final CPI m/m,Low,0.2%,0.2%
2021-01-15,1:15pm,EUR,French Gov Budget Balance,Low,-176.8B,-159.9B
2021-01-15,3:30pm,EUR,Trade Balance,Low,25.1B,25.2B
2021-01-15,7:00pm,USD,Core Retail Sales m/m,High,-1.4%,-1.3%
2021-01-15,7:00pm,USD,Retail Sales m/m,High,-0.7%,-1.4%
2021-01-15,7:00pm,USD,Core PPI m/m,Low,0.1%,0.1%
2021-01-15,7:00pm,USD,Empire State Manufacturing Index,Low,3.5,4.9
2021-01-15,7:00pm,USD,PPI m/m,Low,0.3%,0.1%
2021-01-15,7:45pm,USD,Capacity Utilization Rate,Low,74.5%,73.4%
2021-01-15,7:45pm,USD,Industrial Production m/m,Low,1.6%,0.5%
2021-01-15,8:30pm,USD,Business Inventories m/m,Low,0.5%,0.8%
2021-01-15,8:30pm,USD,Prelim UoM Consumer Sentiment,Low,79.2,80.7
2021-01-15,8:30pm,USD,Prelim UoM Inflation Expectations,Low,3.0%,2.5%
2021-01-19,12:30pm,EUR,German Final CPI m/m,Low,0.5%,0.5%
2021-01-19,2:30pm,EUR,Current Account,Low,24.6B,25.6B
2021-01-19,2:30pm,EUR,Italian Trade Balance,Low,6.77B,7.58B
2021-01-19,3:30pm,EUR,ZEW Economic Sentiment,Low,58.3,54.4
2021-01-19,3:30pm,EUR,German ZEW Economic Sentiment,Low,61.8,55.0
2021-01-20,2:30am,USD,TIC Long-Term Purchases,Low,149.2B,51.9B
2021-01-20,12:30pm,EUR,German PPI m/m,Low,0.8%,0.2%
2021-01-20,3:30pm,EUR,Final Core CPI y/y,Low,0.2%,0.2%
2021-01-20,3:30pm,EUR,Final CPI y/y,Low,-0.3%,-0.3%
2021-01-20,4:04pm,EUR,German 30-y Bond Auction,Low,-0.13|1.4,-0.06|1.6
2021-01-20,4:04pm,USD,NAHB Housing Market Index,Low,83,86
2021-01-21,4:30pm,EUR,Main Refinancing Rate,Medium,0.00%,0.00%
2021-01-21,4:30pm,USD,Philly Fed Manufacturing Index,Medium,26.5,11.1
2021-01-21,4:30pm,USD,Unemployment Claims,Medium,900K,926K
2021-01-21,4:30pm,USD,Building Permits,Low,1.71M,1.64M
2021-01-21,4:30pm,USD,Housing Starts,Low,1.67M,1.58M
2021-01-21,8:00pm,EUR,Consumer Confidence,Low,-16,-14
2021-01-22,1:45pm,EUR,French Flash Services PMI,High,46.5,49.1
2021-01-22,1:45pm,EUR,French Flash Manufacturing PMI,Medium,51.5,51.1
2021-01-22,2:00pm,EUR,German Flash Manufacturing PMI,High,57.0,58.3
2021-01-22,2:00pm,EUR,German Flash Services PMI,High,46.8,47.0
2021-01-22,2:30pm,EUR,Flash Manufacturing PMI,Medium,54.7,55.2
2021-01-22,2:30pm,EUR,Flash Services PMI,Medium,45.0,46.4
2021-01-22,8:15pm,USD,Flash Manufacturing PMI,Medium,59.1,57.1
2021-01-22,8:15pm,USD,Flash Services PMI,Low,57.5,54.8
2021-01-22,8:30pm,USD,Existing Home Sales,Low,6.76M,6.71M
2021-01-22,9:00pm,USD,Natural Gas Storage,Low,-187B,-134B
2021-01-22,9:30pm,USD,Crude Oil Inventories,Low,4.4M,-3.2M
2021-01-25,2:30pm,EUR,German ifo Business Climate,Low,90.1,92.2
2021-01-25,2:30pm,EUR,Belgian NBB Business Climate,Low,-7.5,-8.4
2021-01-26,7:30pm,USD,HPI m/m,Low,1.0%,1.5%
2021-01-26,7:30pm,USD,S&P/CS Composite-20 HPI y/y,Low,9.1%,8.0%
2021-01-26,8:29pm,USD,Richmond Manufacturing Index,Low,14,19
2021-01-26,8:30pm,USD,CB Consumer Confidence,Medium,89.3,87.1
2021-01-27,12:30pm,EUR,German GfK Consumer Climate,Low,-15.6,-7.5
2021-01-27,4:04pm,EUR,German 10-y Bond Auction,Low,-0.54|2.0,-0.52|1.6
2021-01-27,7:00pm,USD,Core Durable Goods Orders m/m,Low,0.7%,0.4%
2021-01-27,7:00pm,USD,Durable Goods Orders m/m,Low,0.2%,1.0%
2021-01-27,9:00pm,USD,Crude Oil Inventories,Low,-9.9M,4.4M
2021-01-28,9:00pm,USD,Federal Funds Rate,Medium,<0.25%,<0.25%
2021-01-28,All Day,EUR,German Prelim CPI m/m,Low,0.8%,0.5%
2021-01-28,1:30pm,EUR,Spanish Unemployment Rate,Low,16.1%,16.3%
2021-01-28,3:42pm,EUR,Italian 10-y Bond Auction,Low,0.65|1.4,0.59|1.6
2021-01-28,3:42pm,USD,Advance GDP q/q,High,4.0%,33.4%
2021-01-28,3:42pm,USD,Unemployment Claims,Medium,847K,914K
2021-01-28,3:42pm,USD,Goods Trade Balance,Low,-82.5B,-85.5B
2021-01-28,3:42pm,USD,Prelim Wholesale Inventories m/m,Low,0.1%,0.0%
2021-01-28,7:02pm,USD,Advance GDP Price Index q/q,Medium,2.0%,3.5%
2021-01-28,8:30pm,USD,CB Leading Index m/m,Medium,0.3%,0.7%
2021-01-28,8:30pm,USD,New Home Sales,Low,842K,829K
2021-01-28,9:00pm,USD,Natural Gas Storage,Low,-128B,-187B
2021-01-29,12:00pm,EUR,French Consumer Spending m/m,Low,23.0%,-18.0%
2021-01-29,12:00pm,EUR,French Flash GDP q/q,Low,-1.3%,18.7%
2021-01-29,12:30pm,EUR,German Import Prices m/m,Low,0.6%,0.5%
2021-01-29,12:30pm,EUR,Spanish Flash CPI y/y,Low,0.6%,-0.5%
2021-01-29,12:30pm,EUR,Spanish Flash GDP q/q,Low,0.4%,16.4%
2021-01-29,2:25pm,EUR,German Unemployment Change,Low,-41K,-40K
2021-01-29,2:30pm,EUR,German Prelim GDP q/q,Medium,0.1%,8.5%
2021-01-29,2:30pm,EUR,M3 Money Supply y/y,Low,12.3%,11.0%
2021-01-29,2:30pm,EUR,Private Loans y/y,Low,3.1%,3.1%
2021-01-29,2:30pm,USD,Core PCE Price Index m/m,Low,0.3%,0.0%
2021-01-29,2:30pm,USD,Employment Cost Index q/q,Low,0.7%,0.5%
2021-01-29,2:30pm,USD,Personal Income m/m,Low,0.6%,-1.3%
2021-01-29,2:30pm,USD,Personal Spending m/m,Low,-0.2%,-0.7%
2021-01-29,8:15pm,USD,Chicago PMI,Low,63.8,59.5
2021-01-29,8:30pm,USD,Pending Home Sales m/m,Low,-0.3%,-2.5%
2021-01-29,8:30pm,USD,Revised UoM Consumer Sentiment,Low,79.0,79.2
2021-01-29,8:30pm,USD,Revised UoM Inflation Expectations,Low,3.0%,3.0%
2021-02-01,12:30pm,EUR,German Retail Sales m/m,Low,-9.6%,1.1%
2021-02-01,1:45pm,EUR,Spanish Manufacturing PMI,Low,49.3,51.0
2021-02-01,2:15pm,EUR,Italian Manufacturing PMI,Low,55.1,52.8
2021-02-01,2:20pm,EUR,French Final Manufacturing PMI,Low,51.6,51.5
2021-02-01,2:25pm,EUR,German Final Manufacturing PMI,Low,57.1,57.0
2021-02-01,2:30pm,EUR,Final Manufacturing PMI,Low,54.8,54.7
2021-02-01,2:30pm,EUR,Italian Monthly Unemployment Rate,Low,9.0%,8.8%
2021-02-01,3:30pm,EUR,Unemployment Rate,Low,8.3%,8.3%
2021-02-01,8:15pm,USD,Final Manufacturing PMI,Low,59.2,59.1
2021-02-01,8:30pm,USD,ISM Manufacturing PMI,High,58.7,60.7
2021-02-01,8:30pm,USD,Construction Spending m/m,Low,1.0%,1.1%
2021-02-01,8:30pm,USD,ISM Manufacturing Prices,Low,82.1,77.6
2021-02-02,1:15pm,EUR,French Prelim CPI m/m,Low,0.2%,0.2%
2021-02-02,1:30pm,EUR,Spanish Unemployment Change,Low,76.2K,36.8K
2021-02-02,2:30pm,EUR,Italian Prelim GDP q/q,Low,-2.0%,15.9%
2021-02-02,3:30pm,EUR,Prelim Flash GDP q/q,Low,-0.7%,12.5%
2021-02-02,8:30pm,USD,RCM/TIPP Economic Optimism,Low,51.9,50.1
2021-02-02,All Day,USD,Wards Total Vehicle Sales,Low,16.6M,16.3M
2021-02-03,1:15pm,EUR,French Gov Budget Balance,Low,-178.1B,-176.8B
2021-02-03,1:45pm,EUR,Spanish Services PMI,Low,41.7,48.0
2021-02-03,2:15pm,EUR,Italian Services PMI,Low,44.7,39.7
2021-02-03,2:20pm,EUR,French Final Services PMI,Low,47.3,46.5
2021-02-03,2:25pm,EUR,German Final Services PMI,Low,46.7,46.8
2021-02-03,2:30pm,EUR,Final Services PMI,Low,45.4,45.0
2021-02-03,3:30pm,EUR,Core CPI Flash Estimate y/y,Low,1.4%,0.2%
2021-02-03,3:30pm,EUR,CPI Flash Estimate y/y,Low,0.9%,-0.3%
2021-02-03,3:30pm,EUR,PPI m/m,Low,0.8%,0.4%
2021-02-03,3:30pm,EUR,Italian Prelim CPI m/m,Low,0.5%,0.2%
2021-02-03,6:45pm,USD,ADP Non-Farm Employment Change,Medium,174K,-78K
2021-02-03,8:15pm,USD,Final Services PMI,Low,58.3,57.5
2021-02-03,8:30pm,USD,ISM Services PMI,Medium,58.7,57.2
2021-02-03,9:00pm,USD,Crude Oil Inventories,Medium,-1.0M,-9.9M
2021-02-04,3:20pm,EUR,Spanish 10-y Bond Auction,Low,0.16|1.6,-0.03|3.0
2021-02-04,3:30pm,EUR,Retail Sales m/m,Low,2.0%,-5.7%
2021-02-04,3:38pm,EUR,French 10-y Bond Auction,Low,-0.25|2.2,-0.33|1.9
2021-02-04,6:00pm,USD,Challenger Job Cuts y/y,Low,17.4%,134.5%
2021-02-04,7:00pm,USD,Unemployment Claims,Medium,779K,812K
2021-02-04,7:00pm,USD,Prelim Nonfarm Productivity q/q,Low,-4.8%,4.6%
2021-02-04,7:00pm,USD,Prelim Unit Labor Costs q/q,Low,6.8%,-6.6%
2021-02-04,8:30pm,USD,Factory Orders m/m,Low,1.1%,1.3%
2021-02-04,9:00pm,USD,Natural Gas Storage,Low,-192B,-128B
2021-02-05,12:30pm,EUR,German Factory Orders m/m,Low,-1.9%,2.7%
2021-02-05,1:15pm,EUR,French Prelim Private Payrolls q/q,Low,-0.2%,1.6%
2021-02-05,1:15pm,EUR,French Trade Balance,Low,-3.4B,-3.8B
2021-02-05,2:30pm,EUR,Italian Retail Sales m/m,Low,2.5%,-6.9%
2021-02-05,2:30pm,USD,Average Hourly Earnings m/m,High,0.2%,1.0%
2021-02-05,2:30pm,USD,Non-Farm Employment Change,High,49K,-227K
2021-02-05,2:30pm,USD,Unemployment Rate,High,6.3%,6.7%
2021-02-05,2:30pm,USD,Trade Balance,Low,-66.6B,-69.0B
2021-02-06,1:30am,USD,Consumer Credit m/m,Low,9.7B,13.9B
2021-02-08,12:30pm,EUR,German Industrial Production m/m,Low,0.0%,1.5%
2021-02-08,3:00pm,EUR,Sentix Investor Confidence,Low,-0.2,1.3
2021-02-09,12:30pm,EUR,German Trade Balance,Low,16.1B,16.0B
2021-02-09,2:30pm,EUR,Italian Industrial Production m/m,Low,-0.2%,-1.4%
2021-02-09,4:30pm,USD,NFIB Small Business Index,Low,95.0,95.9
2021-02-09,8:30pm,USD,JOLTS Job Openings,Low,6.65M,6.57M
2021-02-10,12:30pm,EUR,German Final CPI m/m,Low,0.8%,0.8%
2021-02-10,1:15pm,EUR,French Industrial Production m/m,Low,-0.8%,-0.7%
2021-02-10,7:00pm,USD,CPI m/m,High,0.3%,0.4%
2021-02-10,7:00pm,USD,CPI y/y,High,1.4%,1.4%
2021-02-10,7:00pm,USD,Core CPI m/m,Medium,0.0%,0.1%
2021-02-10,8:30pm,USD,Final Wholesale Inventories m/m,Low,0.3%,0.1%
2021-02-10,9:00pm,USD,Crude Oil Inventories,Medium,-6.6M,-1.0M
2021-02-10,11:31pm,USD,10-y Bond Auction,Low,1.16|2.4,1.16|2.5
2021-02-11,11:31pm,USD,Federal Budget Balance,Low,-162.8B,-143.6B
2021-02-11,12:30pm,EUR,German WPI m/m,Low,2.1%,0.6%
2021-02-11,7:00pm,USD,Unemployment Claims,Medium,793K,812K
2021-02-11,8:30pm,USD,Mortgage Delinquencies,Low,6.73%,7.65%
2021-02-11,9:00pm,USD,Natural Gas Storage,Low,-171B,-192B
2021-02-11,11:31pm,USD,30-y Bond Auction,Low,1.93|2.2,1.83|2.5
2021-02-12,8:30pm,USD,Prelim UoM Consumer Sentiment,Low,76.2,79.0
2021-02-12,8:30pm,USD,Prelim UoM Inflation Expectations,Low,3.3%,3.0%
2021-02-15,3:30pm,EUR,Industrial Production m/m,Low,-1.6%,2.6%
2021-02-15,3:30pm,EUR,Trade Balance,Low,27.5B,24.9B
2021-02-16,2:30pm,EUR,Italian Trade Balance,Low,6.84B,6.75B
2021-02-16,3:30pm,EUR,Flash Employment Change q/q,Low,0.3%,1.0%
2021-02-16,3:30pm,EUR,Flash GDP q/q,Low,-0.6%,-0.7%
2021-02-16,3:30pm,EUR,ZEW Economic Sentiment,Low,69.6,58.3
2021-02-16,3:30pm,EUR,German ZEW Economic Sentiment,Low,71.2,61.8
2021-02-16,3:30pm,USD,Empire State Manufacturing Index,Low,12.1,3.5
2021-02-17,2:30am,USD,TIC Long-Term Purchases,Low,121.0B,149.2B
2021-02-17,4:04pm,EUR,German 30-y Bond Auction,Low,0.10|1.3,-0.13|1.4
2021-02-17,4:04pm,USD,Core Retail Sales m/m,High,5.9%,-1.8%
2021-02-17,4:04pm,USD,Retail Sales m/m,High,5.3%,-1.0%
2021-02-17,4:04pm,USD,Core PPI m/m,Low,1.2%,0.1%
2021-02-17,4:04pm,USD,PPI m/m,Low,1.3%,0.3%
2021-02-17,7:45pm,USD,Capacity Utilization Rate,Low,75.6%,74.9%
2021-02-17,7:45pm,USD,Industrial Production m/m,Low,0.9%,1.3%
2021-02-17,8:30pm,USD,Business Inventories m/m,Low,0.6%,0.5%
2021-02-17,8:30pm,USD,NAHB Housing Market Index,Low,84,83
2021-02-18,3:21pm,EUR,Spanish 10-y Bond Auction,Low,0.27|2.1,0.16|1.6
2021-02-18,6:59pm,USD,Philly Fed Manufacturing Index,Medium,23.1,26.5
2021-02-18,6:59pm,USD,Building Permits,Low,1.88M,1.70M
2021-02-18,6:59pm,USD,Housing Starts,Low,1.58M,1.68M
2021-02-18,6:59pm,USD,Import Prices m/m,Low,1.4%,1.0%
2021-02-18,6:59pm,USD,Unemployment Claims,Low,861K,848K
2021-02-18,7:40pm,EUR,Consumer Confidence,Low,-15,-16
2021-02-18,9:00pm,USD,Natural Gas Storage,Low,-237B,-171B
2021-02-18,9:30pm,USD,Crude Oil Inventories,Medium,-7.3M,-6.6M
2021-02-19,12:30pm,EUR,German PPI m/m,Low,1.4%,0.8%
2021-02-19,1:15pm,EUR,French Final CPI m/m,Low,0.2%,0.2%
2021-02-19,1:45pm,EUR,French Flash Services PMI,High,43.6,47.3
2021-02-19,1:45pm,EUR,French Flash Manufacturing PMI,Medium,55.0,51.6
2021-02-19,2:00pm,EUR,German Flash Manufacturing PMI,High,60.6,57.1
2021-02-19,2:00pm,EUR,German Flash Services PMI,High,45.9,46.7
2021-02-19,2:30pm,EUR,Flash Manufacturing PMI,Medium,57.7,54.8
2021-02-19,2:30pm,EUR,Flash Services PMI,Medium,44.7,45.4
2021-02-19,2:30pm,EUR,Current Account,Low,36.7B,25.1B
2021-02-19,8:15pm,USD,Flash Manufacturing PMI,Medium,58.5,59.2
2021-02-19,8:15pm,USD,Flash Services PMI,Low,58.9,58.3
2021-02-19,8:30pm,USD,Existing Home Sales,Low,6.69M,6.65M
2021-02-22,2:30pm,EUR,German ifo Business Climate,Medium,92.4,90.3
2021-02-22,7:30pm,EUR,Belgian NBB Business Climate,Low,-4.4,-7.5
2021-02-22,8:30pm,USD,CB Leading Index m/m,Low,0.5%,0.4%
2021-02-23,3:30pm,EUR,Final Core CPI y/y,Low,1.4%,1.4%
2021-02-23,3:30pm,EUR,Final CPI y/y,Low,0.9%,0.9%
2021-02-23,7:30pm,USD,HPI m/m,Low,1.1%,1.0%
2021-02-23,7:30pm,USD,S&P/CS Composite-20 HPI y/y,Low,10.1%,9.2%
2021-02-23,8:29pm,USD,Richmond Manufacturing Index,Low,14,14
2021-02-23,8:29pm,USD,CB Consumer Confidence,Medium,91.3,88.9
2021-02-24,12:30pm,EUR,German Final GDP q/q,Low,0.3%,0.1%
2021-02-24,4:05pm,EUR,German 10-y Bond Auction,Low,-0.32|1.5,-0.54|2.0
2021-02-24,4:05pm,USD,New Home Sales,Low,923K,885K
2021-02-24,9:00pm,USD,Crude Oil Inventories,Medium,1.3M,-7.3M
2021-02-25,12:30pm,EUR,German GfK Consumer Climate,Low,-12.9,-15.5
2021-02-25,2:30pm,EUR,M3 Money Supply y/y,Low,12.5%,12.4%
2021-02-25,2:32pm,EUR,Private Loans y/y,Low,3.0%,3.1%
2021-02-25,7:00pm,USD,Prelim GDP q/q,Medium,4.1%,4.0%
2021-02-25,7:00pm,USD,Core Durable Goods Orders m/m,Low,1.4%,1.1%
2021-02-25,7:00pm,USD,Durable Goods Orders m/m,Low,3.4%,0.5%
2021-02-25,7:00pm,USD,Prelim GDP Price Index q/q,Low,2.1%,2.0%
2021-02-25,7:00pm,USD,Unemployment Claims,Low,730K,841K
2021-02-25,8:30pm,USD,Pending Home Sales m/m,Low,-2.8%,0.5%
2021-02-25,9:00pm,USD,Natural Gas Storage,Low,-338B,-237B
2021-02-26,12:30pm,EUR,German Import Prices m/m,Low,1.9%,0.6%
2021-02-26,1:15pm,EUR,French Consumer Spending m/m,Low,-4.6%,22.4%
2021-02-26,1:15pm,EUR,French Prelim CPI m/m,Low,-0.1%,0.2%
2021-02-26,1:15pm,EUR,French Prelim GDP q/q,Low,-1.4%,-1.3%
2021-02-26,1:15pm,EUR,Spanish Flash CPI y/y,Low,0.0%,0.5%
2021-02-26,1:15pm,USD,Core PCE Price Index m/m,Low,0.3%,0.3%
2021-02-26,1:15pm,USD,Goods Trade Balance,Low,-83.7B,-83.2B
2021-02-26,1:15pm,USD,Personal Income m/m,Low,10.0%,0.6%
2021-02-26,1:15pm,USD,Personal Spending m/m,Low,2.4%,-0.4%
2021-02-26,1:15pm,USD,Prelim Wholesale Inventories m/m,Low,1.3%,0.3%
2021-02-26,8:15pm,USD,Chicago PMI,Medium,59.5,63.8
2021-02-26,8:30pm,USD,Revised UoM Consumer Sentiment,Low,76.8,76.2
2021-02-26,8:30pm,USD,Revised UoM Inflation Expectations,Low,3.3%,3.3%
2021-03-01,All Day,EUR,German Prelim CPI m/m,Low,0.7%,0.8%
2021-03-01,1:45pm,EUR,Spanish Manufacturing PMI,Low,52.9,49.3
2021-03-01,2:15pm,EUR,Italian Manufacturing PMI,Low,56.9,55.1
2021-03-01,2:20pm,EUR,French Final Manufacturing PMI,Low,56.1,55.0
2021-03-01,2:25pm,EUR,German Final Manufacturing PMI,Low,60.7,60.6
2021-03-01,2:30pm,EUR,Final Manufacturing PMI,Low,57.9,57.7
2021-03-01,3:30pm,EUR,Italian Prelim CPI m/m,Low,0.1%,0.7%
2021-03-01,8:15pm,USD,Final Manufacturing PMI,Medium,58.6,58.5
2021-03-01,8:30pm,USD,ISM Manufacturing PMI,High,60.8,58.7
2021-03-01,8:30pm,USD,Construction Spending m/m,Low,1.7%,1.1%
2021-03-01,8:30pm,USD,ISM Manufacturing Prices,Low,86.0,82.1
2021-03-02,12:30pm,EUR,German Retail Sales m/m,Low,-4.5%,-9.1%
2021-03-02,1:30pm,EUR,Spanish Unemployment Change,Low,44.4K,76.2K
2021-03-02,2:25pm,EUR,German Unemployment Change,Low,9K,-37K
2021-03-02,3:30pm,EUR,Core CPI Flash Estimate y/y,Low,1.1%,1.4%
2021-03-02,3:30pm,EUR,CPI Flash Estimate y/y,Low,0.9%,0.9%
2021-03-02,8:30pm,USD,RCM/TIPP Economic Optimism,Low,55.4,51.9
2021-03-02,All Day,USD,Wards Total Vehicle Sales,Low,15.7M,16.6M
2021-03-03,1:15pm,EUR,French Gov Budget Balance,Low,-21.9B,-178.1B
2021-03-03,1:45pm,EUR,Spanish Services PMI,Low,43.1,41.7
2021-03-03,2:15pm,EUR,Italian Services PMI,Low,48.8,44.7
2021-03-03,2:20pm,EUR,French Final Services PMI,Low,45.6,43.6
2021-03-03,2:25pm,EUR,German Final Services PMI,Low,45.7,45.9
2021-03-03,2:30pm,EUR,Final Services PMI,Low,45.7,44.7
2021-03-03,3:30pm,EUR,PPI m/m,Low,1.4%,0.9%
2021-03-03,6:45pm,USD,ADP Non-Farm Employment Change,Medium,117K,195K
2021-03-03,8:15pm,USD,Final Services PMI,Low,59.8,58.9
2021-03-03,8:30pm,USD,ISM Services PMI,Medium,55.3,58.7
2021-03-03,9:00pm,USD,Crude Oil Inventories,Medium,21.6M,1.3M
2021-03-04,3:27pm,EUR,Spanish 10-y Bond Auction,Low,0.35|1.6,0.27|2.1
2021-03-04,3:29pm,EUR,French 10-y Bond Auction,Low,-0.07|2.0,-0.25|2.2
2021-03-04,3:30pm,EUR,Retail Sales m/m,Low,-5.9%,1.8%
2021-03-04,3:30pm,EUR,Unemployment Rate,Low,8.1%,8.1%
2021-03-04,6:00pm,USD,Challenger Job Cuts y/y,Low,-39.1%,17.4%
2021-03-04,6:00pm,USD,Revised Nonfarm Productivity q/q,Low,-4.2%,-4.8%
2021-03-04,6:00pm,USD,Revised Unit Labor Costs q/q,Low,6.0%,6.8%
2021-03-04,6:00pm,USD,Unemployment Claims,Low,745K,736K
2021-03-04,8:30pm,USD,Factory Orders m/m,Low,2.6%,1.6%
2021-03-04,9:00pm,USD,Natural Gas Storage,Low,-98B,-338B
2021-03-05,12:30pm,EUR,German Factory Orders m/m,Low,1.4%,-2.2%
2021-03-05,1:15pm,EUR,French Trade Balance,Low,-3.9B,-3.6B
2021-03-05,2:30pm,EUR,Italian Retail Sales m/m,Low,-3.0%,2.4%
2021-03-05,2:30pm,USD,Average Hourly Earnings m/m,High,0.2%,0.1%
2021-03-05,2:30pm,USD,Non-Farm Employment Change,High,379K,166K
2021-03-05,2:30pm,USD,Unemployment Rate,High,6.2%,6.3%
2021-03-05,2:30pm,USD,Trade Balance,Low,-68.2B,-67.0B
2021-03-06,1:30am,USD,Consumer Credit m/m,Low,-1.3B,8.8B
2021-03-08,12:30pm,EUR,German Industrial Production m/m,Low,-2.5%,1.9%
2021-03-08,3:00pm,EUR,Sentix Investor Confidence,Low,5.0,-0.2
2021-03-08,8:30pm,USD,Final Wholesale Inventories m/m,Low,1.3%,1.3%
2021-03-09,12:00pm,EUR,French Final Private Payrolls q/q,Low,-0.1%,-0.2%
2021-03-09,12:30pm,EUR,German Trade Balance,Low,22.2B,16.4B
2021-03-09,2:30pm,EUR,Italian Industrial Production m/m,Low,1.0%,0.2%
2021-03-09,3:30pm,EUR,Final Employment Change q/q,Low,0.3%,0.3%
2021-03-09,3:30pm,EUR,Revised GDP q/q,Low,-0.7%,-0.6%
2021-03-09,4:25pm,USD,NFIB Small Business Index,Low,95.8,95.0
2021-03-10,1:15pm,EUR,French Industrial Production m/m,Low,3.3%,-0.7%
2021-03-10,6:00pm,USD,CPI y/y,High,1.7%,1.4%
2021-03-10,7:00pm,USD,Core CPI m/m,High,0.1%,0.0%
2021-03-10,7:00pm,USD,CPI m/m,High,0.4%,0.3%
2021-03-10,9:00pm,USD,Crude Oil Inventories,Medium,13.8M,21.6M
2021-03-10,11:31pm,USD,10-y Bond Auction,Medium,1.52|2.4,1.16|2.4
2021-03-11,12:30am,USD,Federal Budget Balance,Low,-310.9B,-162.8B
2021-03-11,5:31am,EUR,Main Refinancing Rate,Medium,0.00%,0.00%
2021-03-11,5:31am,USD,Unemployment Claims,Low,712K,754K
2021-03-11,8:30pm,USD,JOLTS Job Openings,Low,6.92M,6.75M
2021-03-11,9:00pm,USD,Natural Gas Storage,Low,-52B,-98B
2021-03-11,11:31pm,USD,30-y Bond Auction,Medium,2.30|2.3,1.93|2.2
2021-03-12,12:30pm,EUR,German Final CPI m/m,Low,0.7%,0.7%
2021-03-12,2:30pm,EUR,Italian Quarterly Unemployment Rate,Low,9.2%,9.6%
2021-03-12,3:30pm,EUR,Industrial Production m/m,Low,0.8%,-0.1%
2021-03-12,6:36pm,USD,Core PPI m/m,Low,0.2%,1.2%
2021-03-12,6:36pm,USD,PPI m/m,Low,0.5%,1.3%
2021-03-12,8:30pm,USD,Prelim UoM Consumer Sentiment,Low,83.0,76.8
2021-03-12,8:30pm,USD,Prelim UoM Inflation Expectations,Low,3.1%,3.3%
2021-03-15,12:30pm,EUR,German WPI m/m,Low,1.4%,2.1%
2021-03-15,12:30pm,USD,Empire State Manufacturing Index,Low,17.4,12.1
2021-03-16,1:30am,USD,TIC Long-Term Purchases,Low,90.8B,121.0B
2021-03-16,1:15pm,EUR,French Final CPI m/m,Low,0.0%,-0.1%
2021-03-16,3:30pm,EUR,ZEW Economic Sentiment,Low,74.0,69.6
2021-03-16,3:30pm,EUR,German ZEW Economic Sentiment,Low,76.6,71.2
2021-03-16,3:30pm,USD,Core Retail Sales m/m,High,-2.7%,8.3%
2021-03-16,3:30pm,USD,Retail Sales m/m,High,-3.0%,7.6%
2021-03-16,3:30pm,USD,Import Prices m/m,Low,1.3%,1.4%
2021-03-16,6:45pm,USD,Capacity Utilization Rate,Low,73.8%,75.5%
2021-03-16,6:45pm,USD,Industrial Production m/m,Low,-2.2%,1.1%
2021-03-16,7:30pm,USD,Business Inventories m/m,Low,0.3%,0.8%
2021-03-16,7:30pm,USD,NAHB Housing Market Index,Low,82,84
2021-03-17,3:30pm,EUR,Final Core CPI y/y,Low,1.1%,1.1%
2021-03-17,3:30pm,EUR,Final CPI y/y,Low,0.9%,0.9%
2021-03-17,4:03pm,EUR,German 30-y Bond Auction,Low,0.21|1.2,0.10|1.3
2021-03-17,4:03pm,USD,Building Permits,Low,1.68M,1.89M
2021-03-17,4:03pm,USD,Housing Starts,Low,1.42M,1.58M
2021-03-17,8:00pm,USD,Crude Oil Inventories,Medium,2.4M,13.8M
2021-03-17,8:00pm,USD,Federal Funds Rate,Medium,<0.25%,<0.25%
2021-03-18,2:30pm,EUR,Italian Trade Balance,Low,1.59B,6.86B
2021-03-18,3:30pm,EUR,Trade Balance,Low,24.2B,27.5B
2021-03-18,3:30pm,USD,Philly Fed Manufacturing Index,Medium,51.8,23.1
2021-03-18,3:30pm,USD,Unemployment Claims,Low,770K,725K
2021-03-18,7:30pm,USD,CB Leading Index m/m,Low,0.2%,0.5%
2021-03-18,8:00pm,USD,Natural Gas Storage,Low,-11B,-52B
2021-03-19,12:30pm,EUR,German PPI m/m,Low,0.7%,1.4%
2021-03-22,2:30pm,EUR,Current Account,Low,30.5B,36.7B
2021-03-22,7:30pm,USD,Existing Home Sales,Low,6.22M,6.66M
2021-03-23,6:00pm,USD,Current Account,Low,-188B,-181B
2021-03-23,7:29pm,USD,Richmond Manufacturing Index,Low,17,14
2021-03-23,7:30pm,USD,New Home Sales,Low,775K,948K
2021-03-24,1:45pm,EUR,French Flash Services PMI,High,47.8,45.6
2021-03-24,1:45pm,EUR,French Flash Manufacturing PMI,Medium,58.8,56.1
2021-03-24,2:00pm,EUR,German Flash Manufacturing PMI,High,66.6,60.7
2021-03-24,2:00pm,EUR,German Flash Services PMI,High,50.8,45.7
2021-03-24,2:30pm,EUR,Flash Manufacturing PMI,Medium,62.4,57.9
2021-03-24,2:30pm,EUR,Flash Services PMI,Medium,48.8,45.7
2021-03-24,4:04pm,EUR,German 10-y Bond Auction,Low,-0.36|1.5,-0.32|1.5
2021-03-24,6:00pm,USD,Core Durable Goods Orders m/m,Low,-0.9%,1.3%
2021-03-24,6:00pm,USD,Durable Goods Orders m/m,Low,-1.1%,3.5%
2021-03-24,7:15pm,USD,Flash Manufacturing PMI,Medium,59.0,58.6
2021-03-24,7:15pm,USD,Flash Services PMI,Low,60.0,59.8
2021-03-24,7:58pm,EUR,Consumer Confidence,Low,-11,-15
2021-03-24,7:58pm,USD,Crude Oil Inventories,Medium,1.9M,2.4M
2021-03-25,12:30pm,EUR,German GfK Consumer Climate,Low,-6.2,-12.7
2021-03-25,12:30pm,EUR,M3 Money Supply y/y,Low,12.3%,12.5%
2021-03-25,2:32pm,EUR,Private Loans y/y,Low,3.0%,3.0%
2021-03-25,6:00pm,USD,Final GDP q/q,Medium,4.3%,4.1%
2021-03-25,6:00pm,USD,Final GDP Price Index q/q,Low,2.0%,2.1%
2021-03-25,6:00pm,USD,Unemployment Claims,Low,684K,781k
2021-03-25,7:25pm,EUR,Belgian NBB Business Climate,Low,-1.0,-4.4
2021-03-25,7:25pm,USD,Natural Gas Storage,Low,-36B,-11B
2021-03-26,2:30pm,EUR,German ifo Business Climate,Medium,96.6,92.7
2021-03-26,6:00pm,USD,Core PCE Price Index m/m,Low,0.1%,0.2%
2021-03-26,6:00pm,USD,Goods Trade Balance,Low,-86.7B,-84.6B
2021-03-26,6:00pm,USD,Personal Income m/m,Low,-7.1%,10.1%
2021-03-26,6:00pm,USD,Personal Spending m/m,Low,-1.0%,3.4%
2021-03-26,6:00pm,USD,Prelim Wholesale Inventories m/m,Low,0.5%,1.3%
2021-03-26,7:30pm,USD,Revised UoM Consumer Sentiment,Low,84.9,83.0
2021-03-26,7:30pm,USD,Revised UoM Inflation Expectations,Low,3.1%,3.1%
2021-03-30,11:30am,EUR,German Import Prices m/m,Low,1.7%,1.9%
2021-03-30,All Day,EUR,German Prelim CPI m/m,Low,0.5%,0.7%
2021-03-30,All Day,EUR,Spanish Flash CPI y/y,Low,1.3%,0.0%
2021-03-30,2:48pm,EUR,Italian 10-y Bond Auction,Low,0.72|1.4,0.65|1.4
2021-03-30,2:48pm,USD,HPI m/m,Low,1.0%,1.2%
2021-03-30,2:48pm,USD,S&P/CS Composite-20 HPI y/y,Low,11.1%,10.2%
2021-03-30,7:30pm,USD,CB Consumer Confidence,Medium,109.7,90.4
2021-03-31,12:15pm,EUR,French Consumer Spending m/m,Low,0.0%,-4.9%
2021-03-31,12:15pm,EUR,French Prelim CPI m/m,Low,0.6%,0.0%
2021-03-31,1:25pm,EUR,German Unemployment Change,Low,-8K,9K
2021-03-31,2:30pm,EUR,Core CPI Flash Estimate y/y,Low,0.9%,1.1%
2021-03-31,2:30pm,EUR,CPI Flash Estimate y/y,Low,1.3%,0.9%
2021-03-31,2:30pm,EUR,Italian Prelim CPI m/m,Low,0.3%,0.1%
2021-03-31,5:45pm,USD,ADP Non-Farm Employment Change,High,517K,176K
2021-03-31,7:15pm,USD,Chicago PMI,Low,66.3,59.5
2021-03-31,7:30pm,USD,Pending Home Sales m/m,Medium,-10.6%,-2.4%
2021-03-31,8:00pm,USD,Crude Oil Inventories,Medium,-0.9M,1.9M
2021-04-01,11:30am,EUR,German Retail Sales m/m,Low,1.2%,-4.5%
2021-04-01,12:45pm,EUR,Spanish Manufacturing PMI,Low,56.9,52.9
2021-04-01,1:15pm,EUR,Italian Manufacturing PMI,Low,59.8,56.9
2021-04-01,1:20pm,EUR,French Final Manufacturing PMI,Low,59.3,58.8
2021-04-01,1:25pm,EUR,German Final Manufacturing PMI,Low,66.6,66.6
2021-04-01,1:30pm,EUR,Final Manufacturing PMI,Low,62.5,62.4
2021-04-01,5:00pm,USD,Challenger Job Cuts y/y,Low,-86.2%,-39.1%
2021-04-01,5:00pm,USD,Unemployment Claims,Low,719K,658K
2021-04-01,7:15pm,USD,Final Manufacturing PMI,Low,59.1,59.0
2021-04-01,7:30pm,USD,ISM Manufacturing PMI,Medium,64.7,60.8
2021-04-01,7:30pm,USD,Construction Spending m/m,Low,-0.8%,1.2%
2021-04-01,7:30pm,USD,ISM Manufacturing Prices,Low,85.6,86.0
2021-04-01,All Day,USD,Wards Total Vehicle Sales,Low,17.7M,15.7M
2021-04-01,8:00pm,USD,Natural Gas Storage,Low,14B,-36B
2021-04-02,12:15pm,EUR,French Gov Budget Balance,Low,-47.5B,-21.9B
2021-04-02,6:00pm,USD,Average Hourly Earnings m/m,High,-0.1%,0.3%
2021-04-02,6:00pm,USD,Non-Farm Employment Change,High,916K,468K
2021-04-02,6:00pm,USD,Unemployment Rate,High,6.0%,6.2%
2021-04-05,7:15pm,USD,Final Services PMI,Low,60.4,60.0
2021-04-05,7:30pm,USD,ISM Services PMI,Medium,63.7,55.3
2021-04-05,7:30pm,USD,Factory Orders m/m,Low,-0.8%,2.7%
2021-04-06,12:30pm,EUR,Spanish Unemployment Change,Low,-59.1K,44.4K
2021-04-06,Jan Data,EUR,Italian Monthly Unemployment Rate,Low,10.3%,9.8%
2021-04-06,1:30pm,EUR,Italian Monthly Unemployment Rate,Low,10.2%,10.3%
2021-04-06,2:00pm,EUR,Sentix Investor Confidence,Low,13.1,5.0
2021-04-06,2:30pm,EUR,Unemployment Rate,Low,8.3%,8.3%
2021-04-06,7:07pm,USD,RCM/TIPP Economic Optimism,Low,56.4,55.4
2021-04-06,7:30pm,USD,JOLTS Job Openings,Low,7.37M,7.10M
2021-04-07,12:45pm,EUR,Spanish Services PMI,Low,48.1,43.1
2021-04-07,1:15pm,EUR,Italian Services PMI,Low,48.6,48.8
2021-04-07,1:20pm,EUR,French Final Services PMI,Low,48.2,47.8
2021-04-07,1:25pm,EUR,German Final Services PMI,Low,51.5,50.8
2021-04-07,1:30pm,EUR,Final Services PMI,Low,49.6,48.8
2021-04-07,2:00pm,USD,Trade Balance,Low,-71.1B,-67.8B
2021-04-07,8:00pm,USD,Crude Oil Inventories,Medium,-3.5M,-0.9M
2021-04-08,12:30am,USD,Consumer Credit m/m,Low,27.6B,0.1B
2021-04-08,11:30am,EUR,German Factory Orders m/m,Low,1.2%,0.8%
2021-04-08,12:15pm,EUR,French Trade Balance,Low,-5.2B,-4.2B
2021-04-08,2:22pm,EUR,Spanish 10-y Bond Auction,Low,-0.04|1.8,0.35|1.6
2021-04-08,2:30pm,EUR,PPI m/m,Low,0.5%,1.7%
2021-04-08,2:33pm,EUR,French 10-y Bond Auction,Low,0.00|1.7,-0.07|2.0
2021-04-08,6:00pm,USD,Unemployment Claims,Medium,744K,728K
2021-04-08,8:00pm,USD,Natural Gas Storage,Low,20B,14B
2021-04-09,11:30am,EUR,German Industrial Production m/m,Low,-1.6%,-2.0%
2021-04-09,11:30am,EUR,German Trade Balance,Low,19.1B,21.3B
2021-04-09,12:15pm,EUR,French Industrial Production m/m,Low,-4.7%,3.2%
2021-04-09,1:30pm,EUR,Italian Retail Sales m/m,Low,6.6%,-2.7%
2021-04-09,6:26pm,USD,Core PPI m/m,Low,0.7%,0.2%
2021-04-09,6:26pm,USD,PPI m/m,Low,1.0%,0.5%
2021-04-09,7:30pm,USD,Final Wholesale Inventories m/m,Low,0.6%,0.5%
2021-04-12,2:30pm,EUR,Retail Sales m/m,Low,3.0%,-5.2%
2021-04-12,10:31pm,USD,10-y Bond Auction,Medium,1.68|2.4,1.52|2.4
2021-04-12,11:30pm,USD,Federal Budget Balance,Low,-659.6B,-310.9B
2021-04-13,11:30am,EUR,German WPI m/m,Low,1.7%,1.4%
2021-04-13,1:30pm,EUR,Italian Industrial Production m/m,Low,0.2%,1.1%
2021-04-13,2:30pm,EUR,ZEW Economic Sentiment,Low,66.3,74.0
2021-04-13,2:30pm,EUR,German ZEW Economic Sentiment,Low,70.7,76.6
2021-04-13,3:30pm,USD,NFIB Small Business Index,Low,98.2,95.8
2021-04-13,6:00pm,USD,Core CPI m/m,High,0.3%,0.1%
2021-04-13,6:00pm,USD,CPI m/m,High,0.6%,0.4%
2021-04-13,6:00pm,USD,CPI y/y,High,2.6%,1.7%
2021-04-13,10:31pm,USD,30-y Bond Auction,Medium,2.32|2.5,2.30|2.3
2021-04-14,2:30pm,EUR,Industrial Production m/m,Low,-1.0%,0.8%
2021-04-14,3:04pm,EUR,German 30-y Bond Auction,Low,0.22|1.3,0.21|1.2
2021-04-14,6:00pm,USD,Import Prices m/m,Low,1.2%,1.3%
2021-04-14,6:00pm,USD,Crude Oil Inventories,Medium,-5.9M,-3.5M
2021-04-15,11:30am,EUR,German Final CPI m/m,Low,0.5%,0.5%
2021-04-15,12:15pm,EUR,French Final CPI m/m,Low,0.6%,0.6%
2021-04-15,12:15pm,USD,Core Retail Sales m/m,High,8.4%,-2.5%
2021-04-15,12:15pm,USD,Retail Sales m/m,High,9.8%,-2.7%
2021-04-15,12:15pm,USD,Philly Fed Manufacturing Index,Medium,50.2,51.8
2021-04-15,12:15pm,USD,Unemployment Claims,Medium,576K,769K
2021-04-15,12:15pm,USD,Empire State Manufacturing Index,Low,26.3,17.4
2021-04-15,6:45pm,USD,Capacity Utilization Rate,Low,74.4%,73.8%
2021-04-15,6:45pm,USD,Industrial Production m/m,Low,1.4%,-2.2%
2021-04-15,7:00pm,USD,Business Inventories m/m,Low,0.5%,0.4%
2021-04-15,7:00pm,USD,NAHB Housing Market Index,Low,83,82
2021-04-15,8:00pm,USD,Natural Gas Storage,Low,61B,20B
2021-04-16,1:30am,USD,TIC Long-Term Purchases,Low,4.2B,91.0B
2021-04-16,1:35pm,EUR,Italian Trade Balance,Low,4.75B,1.58B
2021-04-16,2:30pm,EUR,Final Core CPI y/y,Low,0.9%,0.9%
2021-04-16,2:30pm,EUR,Final CPI y/y,Low,1.3%,1.3%
2021-04-16,2:30pm,EUR,Trade Balance,Low,18.4B,28.7B
2021-04-16,2:30pm,USD,Building Permits,Low,1.77M,1.72M
2021-04-16,2:30pm,USD,Housing Starts,Low,1.74M,1.46M
2021-04-16,7:30pm,USD,Prelim UoM Consumer Sentiment,Medium,86.5,84.9
2021-04-16,7:30pm,USD,Prelim UoM Inflation Expectations,Low,3.7%,3.1%
2021-04-19,1:30pm,EUR,Current Account,Low,25.9B,34.7B
2021-04-20,11:30am,EUR,German PPI m/m,Low,0.9%,0.7%
2021-04-21,3:03pm,EUR,German 10-y Bond Auction,Low,-0.25|1.7,-0.36|1.5
2021-04-21,8:00pm,USD,Crude Oil Inventories,Medium,0.6M,-5.9M
2021-04-22,2:12pm,EUR,Spanish 10-y Bond Auction,Low,0.37|1.9,-0.04|1.8
2021-04-22,3:30pm,EUR,Main Refinancing Rate,Medium,0.00%,0.00%
2021-04-22,3:30pm,USD,Unemployment Claims,Medium,547K,586K
2021-04-22,7:00pm,EUR,Consumer Confidence,Low,-8,-11
2021-04-22,7:30pm,USD,CB Leading Index m/m,Low,1.3%,-0.1%
2021-04-22,7:30pm,USD,Existing Home Sales,Low,6.01M,6.24M
2021-04-22,8:00pm,USD,Natural Gas Storage,Low,38B,61B
2021-04-23,12:45pm,EUR,French Flash Services PMI,High,50.4,48.2
2021-04-23,12:45pm,EUR,French Flash Manufacturing PMI,Medium,59.2,59.3
2021-04-23,1:00pm,EUR,German Flash Manufacturing PMI,High,66.4,66.6
2021-04-23,1:00pm,EUR,German Flash Services PMI,High,50.1,51.5
2021-04-23,1:30pm,EUR,Flash Manufacturing PMI,Medium,63.3,62.5
2021-04-23,1:30pm,EUR,Flash Services PMI,Medium,50.3,49.6
2021-04-23,7:15pm,USD,Flash Manufacturing PMI,Medium,60.6,59.1
2021-04-23,7:15pm,USD,Flash Services PMI,Low,63.1,60.4
2021-04-23,7:30pm,USD,New Home Sales,Low,1021K,846K
2021-04-26,1:30pm,EUR,German ifo Business Climate,Medium,96.8,96.6
2021-04-26,6:00pm,USD,Core Durable Goods Orders m/m,Low,1.6%,-0.3%
2021-04-26,6:00pm,USD,Durable Goods Orders m/m,Low,0.5%,-1.2%
2021-04-26,6:28pm,EUR,Belgian NBB Business Climate,Low,4.4,-1.0
2021-04-27,6:30pm,USD,HPI m/m,Low,0.9%,1.0%
2021-04-27,6:30pm,USD,S&P/CS Composite-20 HPI y/y,Low,11.9%,11.1%
2021-04-27,7:29pm,USD,Richmond Manufacturing Index,Low,17,17
2021-04-27,7:30pm,USD,CB Consumer Confidence,Medium,121.7,109.0
2021-04-28,11:30am,EUR,German GfK Consumer Climate,Low,-8.8,-6.1
2021-04-28,11:30am,USD,Goods Trade Balance,Low,-90.6B,-87.1B
2021-04-28,11:30am,USD,Prelim Wholesale Inventories m/m,Low,1.4%,0.6%
2021-04-28,8:00pm,USD,Crude Oil Inventories,Medium,0.1M,0.6M
2021-04-28,8:00pm,USD,Federal Funds Rate,Medium,<0.25%,<0.25%
2021-04-29,11:30am,EUR,German Import Prices m/m,Low,1.8%,1.7%
2021-04-29,All Day,EUR,German Prelim CPI m/m,Low,0.7%,0.5%
2021-04-29,12:30pm,EUR,Spanish Flash CPI y/y,Low,2.2%,1.3%
2021-04-29,12:30pm,EUR,Spanish Unemployment Rate,Low,16.0%,16.1%
2021-04-29,1:25pm,EUR,German Unemployment Change,Low,9K,-6K
2021-04-29,1:30pm,EUR,M3 Money Supply y/y,Low,10.1%,12.2%
2021-04-29,1:30pm,EUR,Private Loans y/y,Low,3.3%,3.0%
2021-04-29,2:46pm,EUR,Italian 10-y Bond Auction,Low,0.88|1.4,0.72|1.4
2021-04-29,6:00pm,USD,Advance GDP q/q,High,6.4%,4.3%
2021-04-29,6:00pm,USD,Advance GDP Price Index q/q,Medium,4.1%,2.0%
2021-04-29,6:00pm,USD,Unemployment Claims,Medium,553K,566K
2021-04-29,7:30pm,USD,Pending Home Sales m/m,Medium,1.9%,-11.5%
2021-04-29,8:00pm,USD,Natural Gas Storage,Low,15B,38B
2021-04-30,11:00am,EUR,French Consumer Spending m/m,Low,-1.1%,0.3%
2021-04-30,11:00am,EUR,French Flash GDP q/q,Low,0.4%,-1.4%
2021-04-30,12:15pm,EUR,French Prelim CPI m/m,Low,0.2%,0.6%
2021-04-30,12:15pm,EUR,Spanish Flash GDP q/q,Low,-0.5%,0.0%
2021-04-30,12:15pm,EUR,Italian Monthly Unemployment Rate,Low,10.1%,10.2%
2021-04-30,12:15pm,EUR,German Prelim GDP q/q,Medium,-1.7%,0.3%
2021-04-30,12:15pm,EUR,Italian Prelim GDP q/q,Low,-0.4%,-1.9%
2021-04-30,2:30pm,EUR,Core CPI Flash Estimate y/y,Low,0.8%,0.9%
2021-04-30,2:30pm,EUR,CPI Flash Estimate y/y,Low,1.6%,1.3%
2021-04-30,2:30pm,EUR,Italian Prelim CPI m/m,Low,0.4%,0.3%
2021-04-30,2:30pm,EUR,Prelim Flash GDP q/q,Low,-0.6%,-0.7%
2021-04-30,2:30pm,EUR,Unemployment Rate,Low,8.1%,8.2%
2021-04-30,2:30pm,USD,Core PCE Price Index m/m,Low,0.4%,0.1%
2021-04-30,2:30pm,USD,Employment Cost Index q/q,Low,0.9%,0.7%
2021-04-30,2:30pm,USD,Personal Income m/m,Low,21.1%,-7.0%
2021-04-30,2:30pm,USD,Personal Spending m/m,Low,4.2%,-1.0%
2021-04-30,7:15pm,USD,Chicago PMI,Low,72.1,66.3
2021-04-30,7:30pm,USD,Revised UoM Consumer Sentiment,Low,88.3,86.5
2021-04-30,7:30pm,USD,Revised UoM Inflation Expectations,Low,3.4%,3.7%
2021-05-03,11:30am,EUR,German Retail Sales m/m,Low,7.7%,2.7%
2021-05-03,12:45pm,EUR,Spanish Manufacturing PMI,Low,57.7,56.9
2021-05-03,1:15pm,EUR,Italian Manufacturing PMI,Low,60.7,59.8
2021-05-03,1:20pm,EUR,French Final Manufacturing PMI,Low,58.9,59.2
2021-05-03,1:25pm,EUR,German Final Manufacturing PMI,Low,66.2,66.4
2021-05-03,1:30pm,EUR,Final Manufacturing PMI,Low,62.9,63.3
2021-05-03,7:15pm,USD,Final Manufacturing PMI,Low,60.5,60.6
2021-05-03,7:30pm,USD,ISM Manufacturing PMI,Medium,60.7,64.7
2021-05-03,7:30pm,USD,Construction Spending m/m,Low,0.2%,-0.6%
2021-05-03,7:30pm,USD,ISM Manufacturing Prices,Low,89.6,85.6
2021-05-03,All Day,USD,Wards Total Vehicle Sales,Low,18.5M,17.7M
2021-05-04,12:15pm,EUR,French Gov Budget Balance,Low,-60.1B,-47.5B
2021-05-04,2:00pm,USD,Trade Balance,Low,-74.4B,-70.5B
2021-05-04,7:22pm,USD,RCM/TIPP Economic Optimism,Low,54.4,56.4
2021-05-04,7:30pm,USD,Factory Orders m/m,Low,1.1%,-0.5%
2021-05-05,12:30pm,EUR,Spanish Unemployment Change,Low,-39.0K,-59.1K
2021-05-05,12:45pm,EUR,Spanish Services PMI,Low,54.6,48.1
2021-05-05,1:15pm,EUR,Italian Services PMI,Low,47.3,48.6
2021-05-05,1:20pm,EUR,French Final Services PMI,Low,50.3,50.4
2021-05-05,1:25pm,EUR,German Final Services PMI,Low,49.9,50.1
2021-05-05,1:30pm,EUR,Final Services PMI,Low,50.5,50.3
2021-05-05,2:30pm,EUR,PPI m/m,Low,1.1%,0.5%
2021-05-05,5:45pm,USD,ADP Non-Farm Employment Change,Medium,742K,565K
2021-05-05,7:15pm,USD,Final Services PMI,Low,64.7,63.1
2021-05-05,7:30pm,USD,ISM Services PMI,Medium,62.7,63.7
2021-05-05,8:00pm,USD,Crude Oil Inventories,Medium,-8.0M,0.1M
2021-05-06,11:30am,EUR,German Factory Orders m/m,Low,3.0%,1.4%
2021-05-06,2:16pm,EUR,Spanish 10-y Bond Auction,Low,0.43|1.6,0.37|1.9
2021-05-06,2:29pm,EUR,French 10-y Bond Auction,Low,0.13|1.7,0.00|1.7
2021-05-06,2:29pm,EUR,Retail Sales m/m,Low,2.7%,4.2%
2021-05-06,5:00pm,USD,Challenger Job Cuts y/y,Low,-96.6%,-86.2%
2021-05-06,6:00pm,USD,Unemployment Claims,Medium,498K,590K
2021-05-06,6:00pm,USD,Prelim Nonfarm Productivity q/q,Low,5.4%,-4.2%
2021-05-06,6:00pm,USD,Prelim Unit Labor Costs q/q,Low,-0.3%,6.0%
2021-05-06,8:00pm,USD,Natural Gas Storage,Low,60B,15B
2021-05-07,11:30am,EUR,German Industrial Production m/m,Low,2.5%,-1.9%
2021-05-07,11:30am,EUR,German Trade Balance,Low,14.3B,18.9B
2021-05-07,12:15pm,EUR,French Industrial Production m/m,Low,0.8%,-4.8%
2021-05-07,12:15pm,EUR,French Prelim Private Payrolls q/q,Low,0.3%,-0.1%
2021-05-07,12:15pm,EUR,French Trade Balance,Low,-6.1B,-5.1B
2021-05-07,1:30pm,EUR,Italian Retail Sales m/m,Low,-0.1%,5.9%
2021-05-07,2:00pm,USD,Average Hourly Earnings m/m,High,0.7%,-0.1%
2021-05-07,2:00pm,USD,Non-Farm Employment Change,High,266K,770K
2021-05-07,2:00pm,USD,Unemployment Rate,High,6.1%,6.0%
2021-05-07,2:00pm,USD,Final Wholesale Inventories m/m,Low,1.3%,1.4%
2021-05-07,2:00pm,USD,Mortgage Delinquencies,Low,6.38%,6.73%
2021-05-08,12:30am,USD,Consumer Credit m/m,Low,25.8B,26.1B
2021-05-10,2:00pm,EUR,Sentix Investor Confidence,Low,21.0,13.1
2021-05-11,11:30am,EUR,German WPI m/m,Low,1.1%,1.7%
2021-05-11,1:30pm,EUR,Italian Industrial Production m/m,Low,-0.1%,0.1%
2021-05-11,2:30pm,EUR,ZEW Economic Sentiment,Low,84.0,66.3
2021-05-11,2:30pm,EUR,German ZEW Economic Sentiment,Low,84.4,70.7
2021-05-11,3:30pm,USD,NFIB Small Business Index,Low,99.8,98.2
2021-05-11,7:30pm,USD,JOLTS Job Openings,Low,8.12M,7.53M
2021-05-12,11:30am,EUR,German Final CPI m/m,Low,0.7%,0.7%
2021-05-12,12:15pm,EUR,French Final CPI m/m,Low,0.1%,0.2%
2021-05-12,12:15pm,EUR,Industrial Production m/m,Low,0.1%,-1.2%
2021-05-12,6:00pm,USD,Core CPI m/m,High,0.9%,0.3%
2021-05-12,6:00pm,USD,CPI m/m,High,0.8%,0.6%
2021-05-12,6:00pm,USD,CPI y/y,High,4.2%,2.6%
2021-05-12,8:00pm,USD,Crude Oil Inventories,Medium,-0.4M,-8.0M
2021-05-12,10:33pm,USD,10-y Bond Auction,Medium,1.68|2.5,1.68|2.4
2021-05-12,11:30pm,USD,Federal Budget Balance,Low,-225.6B,-659.6B
2021-05-13,6:00pm,USD,Unemployment Claims,Medium,473K,507K
2021-05-13,6:00pm,USD,Core PPI m/m,Low,0.7%,0.7%
2021-05-13,6:00pm,USD,PPI m/m,Low,0.6%,1.0%
2021-05-13,8:00pm,USD,Natural Gas Storage,Low,71B,60B
2021-05-13,10:31pm,USD,30-y Bond Auction,Medium,2.40|2.2,2.32|2.5
2021-05-14,5:20am,USD,Retail Sales m/m,High,0.0%,10.7%
2021-05-14,5:20am,USD,Import Prices m/m,Low,0.7%,1.4%
2021-05-14,6:02pm,USD,Core Retail Sales m/m,High,-0.8%,9.0%
2021-05-14,6:45pm,USD,Industrial Production m/m,Medium,0.7%,2.4%
2021-05-14,6:45pm,USD,Capacity Utilization Rate,Low,74.9%,74.4%
2021-05-14,7:30pm,USD,Prelim UoM Consumer Sentiment,Medium,82.8,88.3
2021-05-14,7:30pm,USD,Business Inventories m/m,Low,0.3%,0.6%
2021-05-14,7:30pm,USD,Prelim UoM Inflation Expectations,Low,4.6%,3.4%
2021-05-17,11:30am,USD,Empire State Manufacturing Index,Low,24.3,26.3
2021-05-17,7:30pm,USD,NAHB Housing Market Index,Low,83,83
2021-05-18,1:30am,USD,TIC Long-Term Purchases,Low,262.2B,4.3B
2021-05-18,1:30pm,EUR,Italian Trade Balance,Low,5.19B,4.75B
2021-05-18,2:30pm,EUR,Flash Employment Change q/q,Low,-0.3%,0.4%
2021-05-18,2:30pm,EUR,Flash GDP q/q,Low,-0.6%,-0.6%
2021-05-18,2:30pm,EUR,Trade Balance,Low,13.0B,23.1B
2021-05-18,6:00pm,USD,Building Permits,Low,1.76M,1.76M
2021-05-18,6:00pm,USD,Housing Starts,Low,1.57M,1.73M
2021-05-19,2:30pm,EUR,Final Core CPI y/y,Low,0.7%,0.8%
2021-05-19,2:30pm,EUR,Final CPI y/y,Low,1.6%,1.6%
2021-05-19,3:05pm,EUR,German 10-y Bond Auction,Low,-0.09|1.3,-0.25|1.7
2021-05-19,8:00pm,USD,Crude Oil Inventories,Medium,1.3M,-0.4M
2021-05-20,11:30am,EUR,German PPI m/m,Low,0.8%,0.9%
2021-05-20,1:30pm,EUR,Current Account,Low,17.8B,25.9B
2021-05-20,2:15pm,EUR,Spanish 10-y Bond Auction,Low,0.60|1.8,0.43|1.6
2021-05-20,3:30pm,USD,Philly Fed Manufacturing Index,Medium,31.5,50.2
2021-05-20,3:30pm,USD,Unemployment Claims,Medium,444K,478K
2021-05-20,3:30pm,USD,CB Leading Index m/m,Low,1.6%,1.3%
2021-05-20,8:00pm,USD,Natural Gas Storage,Low,71B,71B
2021-05-21,12:45pm,EUR,French Flash Manufacturing PMI,Medium,59.2,58.9
2021-05-21,12:45pm,EUR,French Flash Services PMI,Medium,56.6,50.3
2021-05-21,1:00pm,EUR,German Flash Manufacturing PMI,High,64.0,66.2
2021-05-21,1:00pm,EUR,German Flash Services PMI,High,52.8,49.9
2021-05-21,1:30pm,EUR,Flash Manufacturing PMI,Medium,62.8,62.9
2021-05-21,1:30pm,EUR,Flash Services PMI,Medium,55.1,50.5
2021-05-21,7:02pm,EUR,Consumer Confidence,Low,-5,-8
2021-05-21,7:02pm,USD,Flash Manufacturing PMI,Medium,61.5,60.5
2021-05-21,7:02pm,USD,Flash Services PMI,Low,70.1,64.7
2021-05-21,7:30pm,USD,Existing Home Sales,Low,5.85M,6.01M
2021-05-25,11:30am,EUR,German Final GDP q/q,Low,-1.8%,-1.7%
2021-05-25,1:30pm,EUR,German ifo Business Climate,Medium,99.2,96.6
2021-05-25,6:30pm,EUR,Belgian NBB Business Climate,Low,6.5,4.4
2021-05-25,6:30pm,USD,HPI m/m,Low,1.4%,1.1%
2021-05-25,6:30pm,USD,S&P/CS Composite-20 HPI y/y,Low,13.3%,12.0%
2021-05-25,7:29pm,USD,Richmond Manufacturing Index,Low,18,17
2021-05-25,7:30pm,USD,CB Consumer Confidence,Medium,117.2,117.5
2021-05-25,7:30pm,USD,New Home Sales,Low,863K,917K
2021-05-26,8:00pm,USD,Crude Oil Inventories,Medium,-1.7M,1.3M
2021-05-27,8:00pm,EUR,German GfK Consumer Climate,Low,-7.0,-8.6
2021-05-27,6:00pm,USD,Prelim GDP q/q,High,6.4%,6.4%
2021-05-27,6:00pm,USD,Unemployment Claims,Medium,406K,444K
2021-05-27,6:00pm,USD,Core Durable Goods Orders m/m,Low,1.0%,1.9%
2021-05-27,6:00pm,USD,Durable Goods Orders m/m,Low,-1.3%,0.8%
2021-05-27,6:00pm,USD,Prelim GDP Price Index q/q,Low,4.3%,4.1%
2021-05-27,7:30pm,USD,Pending Home Sales m/m,Medium,-4.4%,1.7%
2021-05-27,8:00pm,USD,Natural Gas Storage,Low,115B,71B
2021-05-28,11:30am,EUR,German Import Prices m/m,Low,1.4%,1.8%
2021-05-28,12:15pm,EUR,French Consumer Spending m/m,Low,-8.3%,-0.3%
2021-05-28,12:15pm,EUR,French Prelim CPI m/m,Low,0.3%,0.1%
2021-05-28,12:15pm,EUR,French Prelim GDP q/q,Low,-0.1%,0.4%
2021-05-28,2:45pm,EUR,Italian 10-y Bond Auction,Low,0.94|1.3,0.88|1.4
2021-05-28,6:00pm,USD,Core PCE Price Index m/m,Medium,0.7%,0.4%
2021-05-28,6:00pm,USD,Goods Trade Balance,Low,-85.2B,-92.0B
2021-05-28,6:00pm,USD,Personal Income m/m,Low,-13.1%,20.9%
2021-05-28,6:00pm,USD,Personal Spending m/m,Low,0.5%,4.7%
2021-05-28,6:00pm,USD,Prelim Wholesale Inventories m/m,Low,0.8%,1.3%
2021-05-28,7:15pm,USD,Chicago PMI,Medium,75.2,72.1
2021-05-28,7:30pm,USD,Revised UoM Consumer Sentiment,Low,82.9,82.8
2021-05-28,7:30pm,USD,Revised UoM Inflation Expectations,Low,4.6%,4.6%
2021-05-31,All Day,EUR,German Prelim CPI m/m,Low,0.5%,0.7%
2021-05-31,12:30pm,EUR,Spanish Flash CPI y/y,Low,2.7%,2.2%
2021-05-31,1:30pm,EUR,M3 Money Supply y/y,Low,9.2%,10.0%
2021-05-31,1:30pm,EUR,Private Loans y/y,Low,3.8%,3.3%
2021-05-31,2:30pm,EUR,Italian Prelim CPI m/m,Low,0.0%,0.4%
2021-06-01,12:45pm,EUR,Spanish Manufacturing PMI,Low,59.4,57.7
2021-06-01,1:15pm,EUR,Italian Manufacturing PMI,Low,62.3,60.7
2021-06-01,1:20pm,EUR,French Final Manufacturing PMI,Low,59.4,59.2
2021-06-01,1:25pm,EUR,German Final Manufacturing PMI,Medium,64.4,64.0
2021-06-01,1:25pm,EUR,German Unemployment Change,Low,-15K,8K
2021-06-01,1:30pm,EUR,Final Manufacturing PMI,Low,63.1,62.8
2021-06-01,1:32pm,EUR,Italian Monthly Unemployment Rate,Low,10.7%,10.4%
2021-06-01,2:30pm,EUR,Core CPI Flash Estimate y/y,Low,0.9%,0.7%
2021-06-01,2:30pm,EUR,CPI Flash Estimate y/y,Low,2.0%,1.6%
2021-06-01,2:30pm,EUR,Unemployment Rate,Low,8.0%,8.1%
2021-06-01,7:15pm,USD,Final Manufacturing PMI,Low,62.1,61.5
2021-06-01,7:30pm,USD,ISM Manufacturing PMI,High,61.2,60.7
2021-06-01,7:30pm,USD,Construction Spending m/m,Low,0.2%,1.0%
2021-06-01,7:30pm,USD,ISM Manufacturing Prices,Low,88.0,89.6
2021-06-02,11:30am,EUR,German Retail Sales m/m,Low,-5.5%,7.7%
2021-06-02,12:15pm,EUR,French Gov Budget Balance,Low,-91.4B,-60.1B
2021-06-02,12:30pm,EUR,Spanish Unemployment Change,Low,-129.4K,-39.0K
2021-06-02,2:00pm,EUR,PPI m/m,Low,1.0%,1.1%
2021-06-02,7:15pm,USD,RCM/TIPP Economic Optimism,Low,56.4,54.4
2021-06-02,All Day,USD,Wards Total Vehicle Sales,Low,17.0M,18.5M
2021-06-03,12:45pm,EUR,Spanish Services PMI,Low,59.4,54.6
2021-06-03,1:15pm,EUR,Italian Services PMI,Low,53.1,47.3
2021-06-03,1:20pm,EUR,French Final Services PMI,Low,56.6,56.6
2021-06-03,1:25pm,EUR,German Final Services PMI,Low,52.8,52.8
2021-06-03,1:30pm,EUR,Final Services PMI,Low,55.2,55.1
2021-06-03,2:30pm,EUR,French 10-y Bond Auction,Low,0.16|2.0,0.13|1.7
2021-06-03,5:00pm,USD,Challenger Job Cuts y/y,Low,-93.8%,-96.6%
2021-06-03,5:45pm,USD,ADP Non-Farm Employment Change,Medium,978K,654K
2021-06-03,6:00pm,USD,Unemployment Claims,Medium,385K,405K
2021-06-03,6:00pm,USD,Revised Nonfarm Productivity q/q,Low,5.4%,5.4%
2021-06-03,6:00pm,USD,Revised Unit Labor Costs q/q,Low,1.7%,-0.3%
2021-06-03,7:15pm,USD,Final Services PMI,Low,70.4,70.1
2021-06-03,7:30pm,USD,ISM Services PMI,High,64.0,62.7
2021-06-03,8:00pm,USD,Natural Gas Storage,Low,98B,115B
2021-06-03,8:30pm,USD,Crude Oil Inventories,Medium,-5.1M,-1.7M
2021-06-04,2:30pm,EUR,Retail Sales m/m,Low,-3.1%,3.3%
2021-06-04,2:30pm,USD,Average Hourly Earnings m/m,High,0.5%,0.7%
2021-06-04,2:30pm,USD,Non-Farm Employment Change,High,559K,278K
2021-06-04,2:30pm,USD,Unemployment Rate,High,5.8%,6.1%
2021-06-04,2:30pm,USD,Factory Orders m/m,Low,-0.6%,1.4%
2021-06-07,11:28am,EUR,German Factory Orders m/m,Low,-0.2%,3.9%
2021-06-07,2:00pm,EUR,Sentix Investor Confidence,Low,28.1,21.0
2021-06-08,12:30am,USD,Consumer Credit m/m,Low,18.6B,18.6B
2021-06-08,11:25am,EUR,German Industrial Production m/m,Low,-1.0%,2.2%
2021-06-08,12:15pm,EUR,French Trade Balance,Low,-6.2B,-6.1B
2021-06-08,1:30pm,EUR,Italian Retail Sales m/m,Low,-0.4%,0.0%
2021-06-08,2:30pm,EUR,ZEW Economic Sentiment,Medium,81.3,84.0
2021-06-08,2:30pm,EUR,German ZEW Economic Sentiment,Medium,79.8,84.4
2021-06-08,2:30pm,EUR,Final Employment Change q/q,Low,-0.3%,-0.3%
2021-06-08,2:30pm,EUR,Revised GDP q/q,Low,-0.3%,-0.6%
2021-06-08,3:30pm,USD,NFIB Small Business Index,Low,99.6,99.8
2021-06-08,3:30pm,USD,Trade Balance,Low,-68.9B,-75.0B
2021-06-08,7:30pm,USD,JOLTS Job Openings,Low,9.29M,8.29M
2021-06-09,11:30am,EUR,German Trade Balance,Low,15.9B,14.0B
2021-06-09,3:05pm,EUR,German 30-y Bond Auction,Low,0.31|1.3,0.22|1.3
2021-06-09,3:05pm,USD,Final Wholesale Inventories m/m,Low,0.8%,0.8%
2021-06-09,8:00pm,USD,Crude Oil Inventories,Medium,-5.2M,-5.1M
2021-06-09,10:31pm,USD,10-y Bond Auction,Medium,1.50|2.6,1.68|2.5
2021-06-10,11:00am,EUR,French Final Private Payrolls q/q,Low,0.5%,0.3%
2021-06-10,12:15pm,EUR,French Industrial Production m/m,Low,-0.1%,1.0%
2021-06-10,1:30pm,EUR,Italian Industrial Production m/m,Low,1.8%,0.3%
2021-06-10,1:30pm,EUR,Main Refinancing Rate,Medium,0.00%,0.00%
2021-06-10,1:30pm,USD,Core CPI m/m,High,0.7%,0.9%
2021-06-10,1:30pm,USD,CPI m/m,High,0.6%,0.8%
2021-06-10,1:30pm,USD,CPI y/y,High,5.0%,4.2%
2021-06-10,1:30pm,USD,Unemployment Claims,Medium,376K,385K
2021-06-10,8:00pm,USD,Natural Gas Storage,Low,98B,98B
2021-06-10,10:31pm,USD,30-y Bond Auction,Medium,2.17|2.3,2.40|2.2
2021-06-10,11:30pm,USD,Federal Budget Balance,Low,-132.0B,-225.6B
2021-06-11,11:30am,EUR,German WPI m/m,Low,1.7%,1.1%
2021-06-11,1:30pm,EUR,Italian Quarterly Unemployment Rate,Low,10.4%,10.0%
2021-06-11,7:30pm,USD,Prelim UoM Consumer Sentiment,Medium,86.4,82.9
2021-06-11,7:30pm,USD,Prelim UoM Inflation Expectations,Low,4.0%,4.6%
2021-06-14,2:30pm,EUR,Industrial Production m/m,Low,0.8%,0.4%
2021-06-15,11:30am,EUR,German Final CPI m/m,Low,0.5%,0.5%
2021-06-15,12:15pm,EUR,French Final CPI m/m,Low,0.3%,0.3%
2021-06-15,2:30pm,EUR,Trade Balance,Low,9.4B,18.3B
2021-06-15,6:00pm,USD,Core Retail Sales m/m,High,-0.7%,0.0%
2021-06-15,6:00pm,USD,PPI m/m,High,0.8%,0.6%
2021-06-15,6:00pm,USD,Retail Sales m/m,High,-1.3%,0.9%
2021-06-15,6:00pm,USD,Core PPI m/m,Medium,0.7%,0.7%
2021-06-15,6:00pm,USD,Empire State Manufacturing Index,Low,17.4,24.3
2021-06-15,6:45pm,USD,Industrial Production m/m,Medium,0.8%,0.1%
2021-06-15,6:45pm,USD,Capacity Utilization Rate,Low,75.2%,74.6%
2021-06-15,7:30pm,USD,Business Inventories m/m,Low,-0.2%,0.2%
2021-06-15,7:30pm,USD,NAHB Housing Market Index,Low,81,83
2021-06-16,1:30am,USD,TIC Long-Term Purchases,Low,100.7B,262.4B
2021-06-16,3:03pm,EUR,German 10-y Bond Auction,Low,-0.19|1.3,-0.09|1.3
2021-06-16,3:03pm,USD,Building Permits,Low,1.68M,1.73M
2021-06-16,3:03pm,USD,Housing Starts,Low,1.57M,1.52M
2021-06-16,3:03pm,USD,Import Prices m/m,Low,1.1%,0.8%
2021-06-16,8:00pm,USD,Crude Oil Inventories,Medium,-7.4M,-5.2M
2021-06-16,8:00pm,USD,Federal Funds Rate,Medium,<0.25%,<0.25%
2021-06-17,8:00pm,EUR,Italian Trade Balance,Low,5.87B,5.19B
2021-06-17,2:30pm,EUR,Final Core CPI y/y,Low,1.0%,0.9%
2021-06-17,2:30pm,EUR,Final CPI y/y,Low,2.0%,2.0%
2021-06-17,2:30pm,USD,Philly Fed Manufacturing Index,Medium,30.7,31.5
2021-06-17,2:30pm,USD,Unemployment Claims,Medium,412K,375k
2021-06-17,7:30pm,USD,CB Leading Index m/m,Low,1.3%,1.3%
2021-06-17,8:00pm,USD,Natural Gas Storage,Low,16B,98B
2021-06-18,11:30am,EUR,German PPI m/m,Low,1.5%,0.8%
2021-06-18,1:30pm,EUR,Current Account,Low,22.8B,17.8B
2021-06-22,7:29pm,USD,Richmond Manufacturing Index,Low,22,18
2021-06-22,7:30pm,EUR,Consumer Confidence,Low,-3,-5
2021-06-22,7:30pm,USD,Existing Home Sales,Low,5.80M,5.85M
2021-06-23,12:45pm,EUR,French Flash Manufacturing PMI,Medium,58.6,59.4
2021-06-23,12:45pm,EUR,French Flash Services PMI,Medium,57.4,56.6
2021-06-23,1:00pm,EUR,German Flash Manufacturing PMI,High,64.9,64.4
2021-06-23,1:00pm,EUR,German Flash Services PMI,High,58.1,52.8
2021-06-23,1:30pm,EUR,Flash Manufacturing PMI,Medium,63.1,63.1
2021-06-23,1:30pm,EUR,Flash Services PMI,Medium,58.0,55.2
2021-06-23,2:00pm,USD,Current Account,Low,-196B,-175B
2021-06-23,7:15pm,USD,Flash Manufacturing PMI,High,62.6,62.1
2021-06-23,7:15pm,USD,Flash Services PMI,High,64.8,70.4
2021-06-23,7:30pm,USD,New Home Sales,Low,769K,817K
2021-06-23,8:00pm,USD,Crude Oil Inventories,Medium,-7.6M,-7.4M
2021-06-24,1:30pm,EUR,German ifo Business Climate,Medium,101.8,99.2
2021-06-24,6:00pm,USD,Final GDP q/q,Medium,6.4%,6.4%
2021-06-24,6:00pm,USD,Unemployment Claims,Medium,411K,418K
2021-06-24,6:00pm,USD,Core Durable Goods Orders m/m,Low,0.3%,1.7%
2021-06-24,6:00pm,USD,Durable Goods Orders m/m,Low,2.3%,-0.8%
2021-06-24,6:00pm,USD,Goods Trade Balance,Low,-88.1B,-85.7B
2021-06-24,6:00pm,USD,Prelim Wholesale Inventories m/m,Low,1.1%,1.0%
2021-06-24,6:06pm,USD,Final GDP Price Index q/q,Low,4.3%,4.3%
2021-06-24,6:26pm,EUR,Belgian NBB Business Climate,Low,9.8,6.5
2021-06-24,8:00pm,USD,Natural Gas Storage,Low,55B,16B
2021-06-25,11:30am,EUR,German GfK Consumer Climate,Low,-0.3,-6.9
2021-06-25,1:30pm,EUR,M3 Money Supply y/y,Low,8.4%,9.2%
2021-06-25,1:30pm,EUR,Private Loans y/y,Low,3.9%,3.8%
2021-06-25,6:00pm,USD,Core PCE Price Index m/m,Medium,0.5%,0.7%
2021-06-25,6:00pm,USD,Personal Income m/m,Low,-2.0%,-13.1%
2021-06-25,6:00pm,USD,Personal Spending m/m,Low,0.0%,0.9%
2021-06-25,7:30pm,USD,Revised UoM Consumer Sentiment,Medium,85.5,86.4
2021-06-25,7:30pm,USD,Revised UoM Inflation Expectations,Low,4.2%,4.0%
2021-06-28,11:30am,EUR,German Import Prices m/m,Low,1.7%,1.4%
2021-06-29,All Day,EUR,German Prelim CPI m/m,Low,0.4%,0.5%
2021-06-29,12:30pm,EUR,Spanish Flash CPI y/y,Low,2.6%,2.7%
2021-06-29,2:00pm,USD,HPI m/m,Low,1.8%,1.6%
2021-06-29,2:00pm,USD,S&P/CS Composite-20 HPI y/y,Low,14.9%,13.4%
2021-06-29,7:30pm,USD,CB Consumer Confidence,Medium,127.3,120.0
2021-06-30,12:15pm,EUR,French Consumer Spending m/m,Low,10.4%,-8.7%
2021-06-30,12:15pm,EUR,French Prelim CPI m/m,Low,0.2%,0.3%
2021-06-30,1:25pm,EUR,German Unemployment Change,Low,-38K,-19K
2021-06-30,2:30pm,EUR,CPI Flash Estimate y/y,Medium,1.9%,2.0%
2021-06-30,2:30pm,EUR,Core CPI Flash Estimate y/y,Low,0.9%,1.0%
2021-06-30,2:30pm,EUR,Italian Prelim CPI m/m,Low,0.1%,0.0%
2021-06-30,2:45pm,EUR,Italian 10-y Bond Auction,Low,0.74|1.6,0.94|1.3
2021-06-30,5:45pm,USD,ADP Non-Farm Employment Change,Medium,692K,886K
2021-06-30,7:15pm,USD,Chicago PMI,Medium,66.1,75.2
2021-06-30,7:30pm,USD,Pending Home Sales m/m,Medium,8.0%,-4.4%
2021-06-30,8:00pm,USD,Crude Oil Inventories,Medium,-6.7M,-7.6M
2021-07-01,11:30am,EUR,German Retail Sales m/m,Low,4.2%,-6.8%
2021-07-01,12:45pm,EUR,Spanish Manufacturing PMI,Low,60.4,59.4
2021-07-01,1:15pm,EUR,Italian Manufacturing PMI,Low,62.2,62.3
2021-07-01,1:20pm,EUR,French Final Manufacturing PMI,Low,59.0,58.6
2021-07-01,1:25pm,EUR,German Final Manufacturing PMI,Medium,65.1,64.9
2021-07-01,1:30pm,EUR,Final Manufacturing PMI,Low,63.4,63.1
2021-07-01,1:30pm,EUR,Italian Monthly Unemployment Rate,Low,10.5%,10.7%
2021-07-01,2:30pm,EUR,Unemployment Rate,Low,7.9%,8.1%
2021-07-01,2:32pm,EUR,French 10-y Bond Auction,Low,0.13|2.1,0.16|2.0
2021-07-01,5:00pm,USD,Challenger Job Cuts y/y,Low,-88.0%,-93.8%
2021-07-01,6:00pm,USD,Unemployment Claims,Medium,364K,415K
2021-07-01,7:15pm,USD,Final Manufacturing PMI,Low,62.1,62.6
2021-07-01,7:30pm,USD,ISM Manufacturing PMI,High,60.6,61.2
2021-07-01,7:30pm,USD,Construction Spending m/m,Low,-0.3%,0.1%
2021-07-01,7:30pm,USD,ISM Manufacturing Prices,Low,92.1,88.0
2021-07-01,All Day,USD,Wards Total Vehicle Sales,Low,15.4M,17.0M
2021-07-01,8:00pm,USD,Natural Gas Storage,Low,76B,55B
2021-07-02,12:15pm,EUR,French Gov Budget Balance,Low,-118.8B,-91.4B
2021-07-02,12:30pm,EUR,Spanish Unemployment Change,Medium,-166.9K,-129.4K
2021-07-02,2:30pm,EUR,PPI m/m,Low,1.3%,0.9%
2021-07-02,2:30pm,USD,Average Hourly Earnings m/m,High,0.3%,0.4%
2021-07-02,2:30pm,USD,Non-Farm Employment Change,High,850K,583K
2021-07-02,2:30pm,USD,Unemployment Rate,High,5.9%,5.8%
2021-07-02,2:30pm,USD,Trade Balance,Low,-71.2B,-69.1B
2021-07-02,7:30pm,USD,Factory Orders m/m,Low,1.7%,-0.1%
2021-07-05,12:15pm,EUR,French Industrial Production m/m,Low,-0.3%,0.1%
2021-07-05,12:45pm,EUR,Spanish Services PMI,Low,62.5,59.4
2021-07-05,1:15pm,EUR,Italian Services PMI,Low,56.7,53.1
2021-07-05,1:20pm,EUR,French Final Services PMI,Low,57.8,57.4
2021-07-05,1:25pm,EUR,German Final Services PMI,Low,57.5,58.1
2021-07-05,1:30pm,EUR,Final Services PMI,Low,58.3,58.0
2021-07-05,2:00pm,EUR,Sentix Investor Confidence,Low,29.8,28.1
2021-07-06,9:05am,EUR,German Factory Orders m/m,Low,-3.7%,1.2%
2021-07-06,2:30pm,EUR,ZEW Economic Sentiment,Medium,61.2,81.3
2021-07-06,2:30pm,EUR,German ZEW Economic Sentiment,Medium,63.3,79.8
2021-07-06,2:30pm,EUR,Retail Sales m/m,Low,4.6%,-3.9%
2021-07-06,7:15pm,USD,Final Services PMI,Low,64.6,64.8
2021-07-06,7:30pm,USD,ISM Services PMI,High,60.1,64.0
2021-07-07,11:30am,EUR,German Industrial Production m/m,Low,-0.3%,-0.3%
2021-07-07,12:15pm,EUR,French Trade Balance,Low,-6.8B,-6.3B
2021-07-07,1:30pm,EUR,Italian Retail Sales m/m,Low,0.2%,-0.1%
2021-07-07,1:30pm,USD,JOLTS Job Openings,Medium,9.21M,9.19M
2021-07-07,7:31pm,USD,RCM/TIPP Economic Optimism,Low,54.3,56.4
2021-07-08,11:30am,EUR,German Trade Balance,Low,12.6B,15.6B
2021-07-08,11:30am,USD,Unemployment Claims,Medium,373K,371K
2021-07-08,8:00pm,USD,Natural Gas Storage,Low,16B,76B
2021-07-08,8:30pm,USD,Crude Oil Inventories,Medium,-6.9M,-6.7M
2021-07-09,12:30am,USD,Consumer Credit m/m,Low,35.3B,20.0B
2021-07-09,1:30pm,EUR,Italian Industrial Production m/m,Low,-1.5%,1.5%
2021-07-09,7:30pm,USD,Final Wholesale Inventories m/m,Low,1.3%,1.1%
2021-07-12,11:30am,EUR,German WPI m/m,Low,1.5%,1.7%
2021-07-12,10:31pm,USD,10-y Bond Auction,Medium,1.37|2.4,1.50|2.6
2021-07-13,11:30am,EUR,German Final CPI m/m,Low,0.4%,0.4%
2021-07-13,12:15pm,EUR,French Final CPI m/m,Low,0.1%,0.2%
2021-07-13,3:27pm,USD,NFIB Small Business Index,Low,102.5,99.6
2021-07-13,6:00pm,USD,Core CPI m/m,High,0.9%,0.7%
2021-07-13,6:00pm,USD,CPI m/m,High,0.9%,0.6%
2021-07-13,6:00pm,USD,CPI y/y,High,5.4%,5.0%
2021-07-13,10:31pm,USD,30-y Bond Auction,Medium,2.00|2.2,2.17|2.3
2021-07-13,11:30pm,USD,Federal Budget Balance,Low,-174.2B,-132.0B
2021-07-14,2:30pm,EUR,Industrial Production m/m,Low,-1.0%,0.6%
2021-07-14,3:03pm,EUR,German 10-y Bond Auction,Low,-0.30|1.4,-0.19|1.3
2021-07-14,3:03pm,USD,PPI m/m,High,1.0%,0.8%
2021-07-14,3:03pm,USD,Core PPI m/m,Medium,1.0%,0.7%
2021-07-14,9:00pm,USD,Crude Oil Inventories,Medium,-7.9M,-6.9M
2021-07-15,2:30pm,EUR,Spanish 10-y Bond Auction,Low,0.35|1.8,0.60|1.8
2021-07-15,6:00pm,USD,Philly Fed Manufacturing Index,Medium,21.9,30.7
2021-07-15,6:00pm,USD,Unemployment Claims,Medium,360K,386K
2021-07-15,6:00pm,USD,Empire State Manufacturing Index,Low,43.0,17.4
2021-07-15,6:00pm,USD,Import Prices m/m,Low,1.0%,1.4%
2021-07-15,6:45pm,USD,Industrial Production m/m,Medium,0.4%,0.7%
2021-07-15,6:45pm,USD,Capacity Utilization Rate,Low,75.4%,75.1%
2021-07-15,8:00pm,USD,Natural Gas Storage,Low,55B,16B
2021-07-16,1:33pm,EUR,Italian Trade Balance,Low,5.64B,5.87B
2021-07-16,2:30pm,EUR,Final Core CPI y/y,Low,0.9%,0.9%
2021-07-16,2:30pm,EUR,Final CPI y/y,Low,1.9%,1.9%
2021-07-16,2:30pm,EUR,Trade Balance,Low,9.4B,13.4B
2021-07-16,2:30pm,USD,Core Retail Sales m/m,High,1.3%,-0.9%
2021-07-16,2:30pm,USD,Retail Sales m/m,High,0.6%,-1.7%
2021-07-16,7:30pm,USD,Prelim UoM Consumer Sentiment,Medium,80.8,85.5
2021-07-16,7:30pm,USD,Business Inventories m/m,Low,0.5%,0.1%
2021-07-16,7:30pm,USD,Prelim UoM Inflation Expectations,Low,4.8%,4.2%
2021-07-17,1:30am,USD,TIC Long-Term Purchases,Low,-30.2B,100.7B
2021-07-19,7:30pm,USD,NAHB Housing Market Index,Low,80,81
2021-07-20,5:00am,EUR,German PPI m/m,Low,1.3%,1.5%
2021-07-20,1:30pm,EUR,Current Account,Low,11.7B,22.1B
2021-07-20,6:00pm,USD,Building Permits,Low,1.60M,1.68M
2021-07-20,6:00pm,USD,Housing Starts,Low,1.64M,1.55M
2021-07-21,3:05pm,EUR,German 30-y Bond Auction,Low,0.03|1.3,0.31|1.3
2021-07-21,8:00pm,USD,Crude Oil Inventories,Medium,2.1M,-7.9M
2021-07-22,3:30pm,EUR,Main Refinancing Rate,Medium,0.00%,0.00%
2021-07-22,3:30pm,USD,Unemployment Claims,Medium,419K,368K
2021-07-22,6:56pm,EUR,Consumer Confidence,Low,-4,-3
2021-07-22,7:30pm,USD,CB Leading Index m/m,Low,0.7%,1.2%
2021-07-22,7:30pm,USD,Existing Home Sales,Low,5.86M,5.78M
2021-07-22,8:00pm,USD,Natural Gas Storage,Low,49B,55B
2021-07-23,12:45pm,EUR,French Flash Manufacturing PMI,Medium,58.1,59.0
2021-07-23,12:45pm,EUR,French Flash Services PMI,Medium,57.0,57.8
2021-07-23,1:00pm,EUR,German Flash Manufacturing PMI,High,65.6,65.1
2021-07-23,1:00pm,EUR,German Flash Services PMI,High,62.2,57.5
2021-07-23,1:30pm,EUR,Flash Manufacturing PMI,Medium,62.6,63.4
2021-07-23,1:30pm,EUR,Flash Services PMI,Medium,60.4,58.3
2021-07-23,7:15pm,USD,Flash Manufacturing PMI,Medium,63.1,62.1
2021-07-23,7:15pm,USD,Flash Services PMI,Medium,59.8,64.6
2021-07-26,1:30pm,EUR,German ifo Business Climate,Medium,100.8,101.7
2021-07-26,6:29pm,EUR,Belgian NBB Business Climate,Low,10.1,9.8
2021-07-26,7:30pm,USD,New Home Sales,Low,676K,724K
2021-07-27,1:30pm,EUR,M3 Money Supply y/y,Low,8.3%,8.5%
2021-07-27,1:30pm,EUR,Private Loans y/y,Low,4.0%,3.9%
2021-07-27,6:00pm,USD,Core Durable Goods Orders m/m,Low,0.3%,0.5%
2021-07-27,6:00pm,USD,Durable Goods Orders m/m,Low,0.8%,3.2%
2021-07-27,6:30pm,USD,HPI m/m,Low,1.7%,1.8%
2021-07-27,6:30pm,USD,S&P/CS Composite-20 HPI y/y,Low,17.0%,15.0%
2021-07-27,7:29pm,USD,Richmond Manufacturing Index,Low,27,22
2021-07-27,7:30pm,USD,CB Consumer Confidence,High,129.1,128.9
2021-07-28,11:30am,EUR,German GfK Consumer Climate,Low,-0.3,-0.3
2021-07-28,11:30am,EUR,German Import Prices m/m,Low,1.6%,1.7%
2021-07-28,11:30am,USD,Goods Trade Balance,Low,-91.2B,-88.2B
2021-07-28,11:30am,USD,Prelim Wholesale Inventories m/m,Low,0.8%,1.3%
2021-07-28,8:00pm,USD,Crude Oil Inventories,Medium,-4.1M,2.1M
2021-07-28,8:00pm,USD,Federal Funds Rate,Medium,<0.25%,<0.25%
2021-07-29,All Day,EUR,German Prelim CPI m/m,Low,0.9%,0.4%
2021-07-29,12:30pm,EUR,Spanish Flash CPI y/y,Low,2.9%,2.7%
2021-07-29,12:30pm,EUR,Spanish Unemployment Rate,Low,15.3%,16.0%
2021-07-29,1:25pm,EUR,German Unemployment Change,Low,-91K,-39K
2021-07-29,2:48pm,EUR,Italian 10-y Bond Auction,Low,0.66|1.3,0.74|1.6
2021-07-29,6:00pm,USD,Advance GDP q/q,High,6.5%,6.4%
2021-07-29,6:00pm,USD,Unemployment Claims,Medium,400K,424K
2021-07-29,6:02pm,USD,Advance GDP Price Index q/q,Medium,6.0%,4.3%
2021-07-29,7:30pm,USD,Pending Home Sales m/m,Medium,-1.9%,8.3%
2021-07-29,8:00pm,USD,Natural Gas Storage,Low,36B,49B
2021-07-30,11:00am,EUR,French Consumer Spending m/m,Low,0.3%,10.6%
2021-07-30,11:00am,EUR,French Flash GDP q/q,Low,0.9%,-0.1%
2021-07-30,12:15pm,EUR,French Prelim CPI m/m,Low,0.1%,0.1%
2021-07-30,12:15pm,EUR,Spanish Flash GDP q/q,Low,2.8%,-0.4%
2021-07-30,12:15pm,EUR,Italian Monthly Unemployment Rate,Low,9.7%,10.2%
2021-07-30,1:30pm,EUR,German Prelim GDP q/q,Medium,1.5%,-1.8%
2021-07-30,1:30pm,EUR,Italian Prelim GDP q/q,Low,2.7%,0.1%
2021-07-30,2:30pm,EUR,Core CPI Flash Estimate y/y,Low,0.7%,0.9%
2021-07-30,2:30pm,EUR,CPI Flash Estimate y/y,Low,2.2%,1.9%
2021-07-30,2:30pm,EUR,Italian Prelim CPI m/m,Low,0.3%,0.1%
2021-07-30,2:30pm,EUR,Prelim Flash GDP q/q,Low,2.0%,-0.3%
2021-07-30,2:30pm,EUR,Unemployment Rate,Low,7.7%,8.0%
2021-07-30,2:30pm,USD,Core PCE Price Index m/m,High,0.4%,0.5%
2021-07-30,2:30pm,USD,Employment Cost Index q/q,Low,0.7%,0.9%
2021-07-30,2:30pm,USD,Personal Income m/m,Low,0.1%,-2.2%
2021-07-30,2:30pm,USD,Personal Spending m/m,Low,1.0%,-0.1%
2021-07-30,7:15pm,USD,Chicago PMI,Medium,73.4,66.1
2021-07-30,7:30pm,USD,Revised UoM Consumer Sentiment,Medium,81.2,80.8
2021-07-30,7:30pm,USD,Revised UoM Inflation Expectations,Low,4.7%,4.8%
2021-08-02,11:30am,EUR,German Retail Sales m/m,Low,4.2%,4.6%
2021-08-02,12:45pm,EUR,Spanish Manufacturing PMI,Low,59.0,60.4
2021-08-02,1:15pm,EUR,Italian Manufacturing PMI,Low,60.3,62.2
2021-08-02,1:20pm,EUR,French Final Manufacturing PMI,Low,58.0,58.1
2021-08-02,1:25pm,EUR,German Final Manufacturing PMI,Medium,65.9,65.6
2021-08-02,1:30pm,EUR,Final Manufacturing PMI,Low,62.8,62.6
2021-08-02,7:15pm,USD,Final Manufacturing PMI,Low,63.4,63.1
2021-08-02,7:30pm,USD,ISM Manufacturing PMI,High,59.5,60.6
2021-08-02,7:30pm,USD,Construction Spending m/m,Low,0.1%,-0.2%
2021-08-02,7:30pm,USD,ISM Manufacturing Prices,Low,85.7,92.1
2021-08-03,9:05am,EUR,Spanish Unemployment Change,Medium,-197.8K,-166.9K
2021-08-03,2:30pm,EUR,PPI m/m,Low,1.4%,1.3%
2021-08-03,7:30pm,USD,Factory Orders m/m,Low,1.5%,2.3%
2021-08-03,7:31pm,USD,RCM/TIPP Economic Optimism,Low,53.6,54.3
2021-08-03,All Day,USD,Wards Total Vehicle Sales,Low,14.8M,15.4M
2021-08-04,12:45pm,EUR,Spanish Services PMI,Low,61.9,62.5
2021-08-04,1:15pm,EUR,Italian Services PMI,Low,58.0,56.7
2021-08-04,1:20pm,EUR,French Final Services PMI,Low,56.8,57.0
2021-08-04,1:25pm,EUR,German Final Services PMI,Low,61.8,62.2
2021-08-04,1:30pm,EUR,Final Services PMI,Low,59.8,60.4
2021-08-04,1:30pm,EUR,Italian Retail Sales m/m,Low,0.7%,-0.1%
2021-08-04,1:59pm,EUR,French Gov Budget Balance,Low,-131.3B,-118.8B
2021-08-04,2:30pm,EUR,Retail Sales m/m,Low,1.5%,4.1%
2021-08-04,5:45pm,USD,ADP Non-Farm Employment Change,High,330K,680K
2021-08-04,7:15pm,USD,Final Services PMI,Low,59.9,59.8
2021-08-04,7:30pm,USD,ISM Services PMI,High,64.1,60.1
2021-08-04,8:00pm,USD,Crude Oil Inventories,Medium,3.6M,-4.1M
2021-08-05,11:30am,EUR,German Factory Orders m/m,Low,4.1%,-3.2%
2021-08-05,12:15pm,EUR,French Industrial Production m/m,Low,0.5%,-0.4%
2021-08-05,2:21pm,EUR,Spanish 10-y Bond Auction,Low,0.20|1.3,0.35|1.8
2021-08-05,2:27pm,EUR,French 10-y Bond Auction,Low,-0.23|1.8,0.13|2.1
2021-08-05,5:00pm,USD,Challenger Job Cuts y/y,Low,-92.8%,-88.0%
2021-08-05,5:00pm,USD,Unemployment Claims,Medium,385K,399K
2021-08-05,5:00pm,USD,Trade Balance,Low,-75.7B,-71.0B
2021-08-05,8:00pm,USD,Natural Gas Storage,Low,13B,36B
2021-08-06,11:30am,EUR,German Industrial Production m/m,Low,-1.3%,-0.8%
2021-08-06,12:15pm,EUR,French Prelim Private Payrolls q/q,Low,1.2%,0.5%
2021-08-06,12:15pm,EUR,French Trade Balance,Low,-5.8B,-6.6B
2021-08-06,1:30pm,EUR,Italian Industrial Production m/m,Low,1.0%,-1.6%
2021-08-06,1:30pm,USD,Average Hourly Earnings m/m,High,0.4%,0.4%
2021-08-06,1:30pm,USD,Non-Farm Employment Change,High,943K,938K
2021-08-06,1:30pm,USD,Unemployment Rate,High,5.4%,5.9%
2021-08-06,1:30pm,USD,Final Wholesale Inventories m/m,Low,1.1%,0.8%
2021-08-07,12:30am,USD,Consumer Credit m/m,Low,37.7B,36.7B
2021-08-09,11:30am,EUR,German Trade Balance,Low,13.6B,12.8B
2021-08-09,2:00pm,EUR,Sentix Investor Confidence,Low,22.2,29.8
2021-08-09,2:00pm,USD,JOLTS Job Openings,Medium,10.07M,9.48M
2021-08-10,2:30pm,EUR,ZEW Economic Sentiment,Medium,42.7,61.2
2021-08-10,2:30pm,EUR,German ZEW Economic Sentiment,Medium,40.4,63.3
2021-08-10,3:30pm,USD,NFIB Small Business Index,Low,99.7,102.5
2021-08-10,6:00pm,USD,Prelim Nonfarm Productivity q/q,Low,2.3%,4.3%
2021-08-10,6:00pm,USD,Prelim Unit Labor Costs q/q,Low,1.0%,1.7%
2021-08-11,11:30am,EUR,German Final CPI m/m,Low,0.9%,0.9%
2021-08-11,3:02pm,EUR,German 10-y Bond Auction,Low,-0.44|1.4,-0.30|1.4
2021-08-11,6:00pm,USD,Core CPI m/m,High,0.3%,0.9%
2021-08-11,6:00pm,USD,CPI m/m,High,0.5%,0.9%
2021-08-11,6:00pm,USD,CPI y/y,High,5.4%,5.4%
2021-08-11,8:00pm,USD,Crude Oil Inventories,Medium,-0.4M,3.6M
2021-08-11,10:31pm,USD,10-y Bond Auction,Medium,1.34|2.6,1.37|2.4
2021-08-11,11:30pm,USD,Federal Budget Balance,Low,-302.1B,-174.2B
2021-08-12,1:30pm,EUR,Italian Trade Balance,Low,5.68B,5.63B
2021-08-12,2:30pm,EUR,Industrial Production m/m,Low,-0.3%,-1.1%
2021-08-12,6:00pm,USD,PPI m/m,High,1.0%,1.0%
2021-08-12,6:00pm,USD,Core PPI m/m,Medium,1.0%,1.0%
2021-08-12,6:00pm,USD,Unemployment Claims,Medium,375K,387K
2021-08-12,8:00pm,USD,Natural Gas Storage,Low,49B,13B
2021-08-12,10:31pm,USD,30-y Bond Auction,Medium,2.04|2.2,2.00|2.2
2021-08-13,11:30am,EUR,German WPI m/m,Low,1.1%,1.5%
2021-08-13,12:15pm,EUR,French Final CPI m/m,Low,0.1%,0.1%
2021-08-13,2:30pm,EUR,Trade Balance,Low,12.4B,13.8B
2021-08-13,6:00pm,USD,Import Prices m/m,Low,0.3%,1.1%
2021-08-13,7:30pm,USD,Prelim UoM Consumer Sentiment,Medium,70.2,81.2
2021-08-13,7:30pm,USD,Prelim UoM Inflation Expectations,Low,4.6%,4.7%
2021-08-16,10:00am,USD,Empire State Manufacturing Index,Low,18.3,43.0
2021-08-17,1:30am,USD,TIC Long-Term Purchases,Low,110.9B,-30.0B
2021-08-17,2:30pm,EUR,Flash Employment Change q/q,Low,0.5%,-0.2%
2021-08-17,2:30pm,EUR,Flash GDP q/q,Low,2.0%,2.0%
2021-08-17,2:30pm,USD,Core Retail Sales m/m,High,-0.4%,1.6%
2021-08-17,2:30pm,USD,Retail Sales m/m,High,-1.1%,0.7%
2021-08-17,6:45pm,USD,Industrial Production m/m,Medium,0.9%,0.2%
2021-08-17,6:45pm,USD,Capacity Utilization Rate,Low,76.1%,75.4%
2021-08-17,7:30pm,USD,Business Inventories m/m,Low,0.8%,0.6%
2021-08-17,7:30pm,USD,NAHB Housing Market Index,Low,75,80
2021-08-18,2:30pm,EUR,Final Core CPI y/y,Low,0.7%,0.7%
2021-08-18,2:30pm,EUR,Final CPI y/y,Low,2.2%,1.9%
2021-08-18,3:04pm,EUR,German 30-y Bond Auction,Low,-0.04|2.0,0.03|1.3
2021-08-18,3:04pm,USD,Building Permits,Low,1.64M,1.59M
2021-08-18,3:04pm,USD,Housing Starts,Low,1.53M,1.65M
2021-08-18,7:30pm,USD,Prelim Benchmark Payrolls Revision,Medium,-166K,-173K
2021-08-18,8:00pm,USD,Crude Oil Inventories,Medium,-3.2M,-0.4M
2021-08-19,1:30pm,EUR,Current Account,Low,21.8B,13.9B
2021-08-19,6:00pm,USD,Philly Fed Manufacturing Index,Medium,19.4,21.9
2021-08-19,6:00pm,USD,Unemployment Claims,Medium,348K,377K
2021-08-19,7:30pm,USD,CB Leading Index m/m,Low,0.9%,0.5%
2021-08-19,7:30pm,USD,Mortgage Delinquencies,Low,5.47%,6.38%
2021-08-19,8:00pm,USD,Natural Gas Storage,Low,46B,49B
2021-08-20,11:30am,EUR,German PPI m/m,Low,1.9%,1.3%
2021-08-23,12:45pm,EUR,French Flash Manufacturing PMI,Medium,57.3,58.0
2021-08-23,12:45pm,EUR,French Flash Services PMI,Medium,56.4,56.8
2021-08-23,1:00pm,EUR,German Flash Manufacturing PMI,High,62.7,65.9
2021-08-23,1:00pm,EUR,German Flash Services PMI,High,61.5,61.8
2021-08-23,1:30pm,EUR,Flash Manufacturing PMI,Medium,61.5,62.8
2021-08-23,1:30pm,EUR,Flash Services PMI,Medium,59.7,59.8
2021-08-23,7:03pm,EUR,Consumer Confidence,Low,-5,-4
2021-08-23,7:15pm,USD,Flash Manufacturing PMI,Medium,61.2,63.4
2021-08-23,7:15pm,USD,Flash Services PMI,Medium,55.2,59.9
2021-08-23,7:30pm,USD,Existing Home Sales,Low,5.99M,5.87M
2021-08-24,11:30am,EUR,German Final GDP q/q,Low,1.6%,1.5%
2021-08-24,7:29pm,USD,Richmond Manufacturing Index,Low,9,27
2021-08-24,7:30pm,USD,New Home Sales,Low,708K,701K
2021-08-25,7:30pm,EUR,German ifo Business Climate,Medium,99.4,100.7
2021-08-25,6:00pm,USD,Core Durable Goods Orders m/m,Medium,0.7%,0.5%
2021-08-25,6:00pm,USD,Durable Goods Orders m/m,Low,-0.1%,0.9%
2021-08-25,6:26pm,EUR,Belgian NBB Business Climate,Low,7.6,10.1
2021-08-25,8:00pm,USD,Crude Oil Inventories,Medium,-3.0M,-3.2M
2021-08-26,11:30am,EUR,German GfK Consumer Climate,Low,-1.2,-0.4
2021-08-26,1:30pm,EUR,M3 Money Supply y/y,Low,7.6%,8.3%
2021-08-26,1:30pm,EUR,Private Loans y/y,Low,4.2%,4.0%
2021-08-26,6:00pm,USD,Prelim GDP q/q,High,6.6%,6.5%
2021-08-26,6:00pm,USD,Unemployment Claims,Medium,353K,349K
2021-08-26,6:00pm,USD,Prelim GDP Price Index q/q,Low,6.1%,6.0%
2021-08-26,8:00pm,USD,Natural Gas Storage,Low,29B,46B
2021-08-27,11:30am,EUR,German Import Prices m/m,Low,2.2%,1.6%
2021-08-27,11:30am,USD,Core PCE Price Index m/m,High,0.3%,0.5%
2021-08-27,11:30am,USD,Goods Trade Balance,Low,-86.4B,-92.1B
2021-08-27,11:30am,USD,Personal Income m/m,Low,1.1%,0.2%
2021-08-27,11:30am,USD,Personal Spending m/m,Low,0.3%,1.1%
2021-08-27,11:30am,USD,Prelim Wholesale Inventories m/m,Low,0.6%,1.1%
2021-08-27,11:30am,USD,Revised UoM Consumer Sentiment,Medium,70.3,70.2
2021-08-27,11:30am,USD,Revised UoM Inflation Expectations,Low,4.6%,4.6%
2021-08-30,All Day,EUR,German Prelim CPI m/m,Low,0.0%,0.9%
2021-08-30,All Day,EUR,Spanish Flash CPI y/y,Low,3.3%,2.9%
2021-08-30,7:30pm,USD,Pending Home Sales m/m,Medium,-1.8%,-2.0%
2021-08-31,12:15pm,EUR,French Consumer Spending m/m,Low,-2.2%,0.3%
2021-08-31,12:15pm,EUR,French Prelim CPI m/m,Low,0.6%,0.1%
2021-08-31,12:15pm,EUR,French Prelim GDP q/q,Low,1.1%,0.9%
2021-08-31,1:25pm,EUR,German Unemployment Change,Low,-53K,-90K
2021-08-31,2:30pm,EUR,Core CPI Flash Estimate y/y,Low,1.6%,0.7%
2021-08-31,2:30pm,EUR,CPI Flash Estimate y/y,Low,3.0%,2.2%
2021-08-31,2:30pm,EUR,Italian Prelim CPI m/m,Low,0.5%,0.5%
2021-08-31,2:43pm,EUR,Italian 10-y Bond Auction,Low,0.67|1.4,0.66|1.3
2021-08-31,6:30pm,USD,HPI m/m,Low,1.6%,1.8%
2021-08-31,6:30pm,USD,S&P/CS Composite-20 HPI y/y,Low,19.1%,17.1%
2021-08-31,7:15pm,USD,Chicago PMI,Medium,66.8,73.4
2021-08-31,7:30pm,USD,CB Consumer Confidence,Medium,113.8,125.1
2021-09-01,11:30am,EUR,German Retail Sales m/m,Low,-5.1%,4.5%
2021-09-01,12:45pm,EUR,Spanish Manufacturing PMI,Low,59.5,59.0
2021-09-01,1:15pm,EUR,Italian Manufacturing PMI,Low,60.9,60.3
2021-09-01,1:20pm,EUR,French Final Manufacturing PMI,Low,57.5,57.3
2021-09-01,1:25pm,EUR,German Final Manufacturing PMI,Medium,62.6,62.7
2021-09-01,1:30pm,EUR,Final Manufacturing PMI,Low,61.4,61.5
2021-09-01,1:30pm,EUR,Italian Monthly Unemployment Rate,Low,9.3%,9.4%
2021-09-01,2:30pm,EUR,Unemployment Rate,Low,7.6%,7.8%
2021-09-01,5:45pm,USD,ADP Non-Farm Employment Change,High,374K,326K
2021-09-01,7:15pm,USD,Final Manufacturing PMI,Low,61.1,61.2
2021-09-01,7:30pm,USD,ISM Manufacturing PMI,High,59.9,59.5
2021-09-01,7:30pm,USD,Construction Spending m/m,Low,0.3%,0.0%
2021-09-01,7:30pm,USD,ISM Manufacturing Prices,Low,79.4,85.7
2021-09-01,All Day,USD,Wards Total Vehicle Sales,Low,13.1M,14.8M
2021-09-01,8:00pm,USD,Crude Oil Inventories,Medium,-7.2M,-3.0M
2021-09-02,9:05am,EUR,Spanish Unemployment Change,Medium,-82.6K,-197.8K
2021-09-02,2:17pm,EUR,Spanish 10-y Bond Auction,Low,0.31|1.7,0.20|1.3
2021-09-02,2:26pm,EUR,French 10-y Bond Auction,Low,-0.05|1.8,-0.23|1.8
2021-09-02,2:30pm,EUR,PPI m/m,Low,2.3%,1.4%
2021-09-02,5:00pm,USD,Challenger Job Cuts y/y,Low,-86.4%,-92.8%
2021-09-02,5:00pm,USD,Unemployment Claims,Medium,340K,354K
2021-09-02,5:00pm,USD,Revised Nonfarm Productivity q/q,Low,2.1%,2.3%
2021-09-02,5:00pm,USD,Revised Unit Labor Costs q/q,Low,1.3%,1.0%
2021-09-02,5:00pm,USD,Trade Balance,Low,-70.1B,-73.2B
2021-09-02,7:30pm,USD,Factory Orders m/m,Low,0.4%,1.5%
2021-09-02,8:00pm,USD,Natural Gas Storage,Low,20B,29B
2021-09-03,12:15pm,EUR,French Gov Budget Balance,Low,-166.6B,-131.3B
2021-09-03,12:45pm,EUR,Spanish Services PMI,Low,60.1,61.9
2021-09-03,1:15pm,EUR,Italian Services PMI,Low,58.0,58.0
2021-09-03,1:20pm,EUR,French Final Services PMI,Low,56.3,56.4
2021-09-03,1:25pm,EUR,German Final Services PMI,Low,60.8,61.5
2021-09-03,1:30pm,EUR,Final Services PMI,Low,59.0,59.7
2021-09-03,2:30pm,EUR,Retail Sales m/m,Low,-2.3%,1.8%
2021-09-03,2:30pm,USD,Average Hourly Earnings m/m,High,0.6%,0.4%
2021-09-03,2:30pm,USD,Non-Farm Employment Change,High,235K,1053K
2021-09-03,2:30pm,USD,Unemployment Rate,High,5.2%,5.4%
2021-09-03,7:15pm,USD,Final Services PMI,Low,55.1,55.2
2021-09-03,7:30pm,USD,ISM Services PMI,High,61.7,64.1
2021-09-06,11:30am,EUR,German Factory Orders m/m,Low,3.4%,4.6%
2021-09-06,2:00pm,EUR,Sentix Investor Confidence,Low,19.6,22.2
2021-09-07,11:30am,EUR,German Industrial Production m/m,Low,1.0%,-1.0%
2021-09-07,2:30pm,EUR,ZEW Economic Sentiment,Medium,31.1,42.7
2021-09-07,2:30pm,EUR,German ZEW Economic Sentiment,Medium,26.5,40.4
2021-09-07,2:30pm,EUR,Final Employment Change q/q,Low,0.7%,0.5%
2021-09-07,2:30pm,EUR,Revised GDP q/q,Low,2.2%,2.0%
2021-09-08,11:00am,EUR,French Final Private Payrolls q/q,Low,1.4%,1.2%
2021-09-08,12:15pm,EUR,French Trade Balance,Low,-7.0B,-6.1B
2021-09-08,1:30pm,EUR,Italian Retail Sales m/m,Low,-0.4%,0.7%
2021-09-08,3:04pm,EUR,German 10-y Bond Auction,Low,-0.38|1.1,-0.44|1.4
2021-09-08,3:04pm,USD,JOLTS Job Openings,Medium,10.93M,10.19M
2021-09-08,7:32pm,USD,RCM/TIPP Economic Optimism,Low,48.5,53.6
2021-09-08,10:31pm,USD,10-y Bond Auction,Medium,1.34|2.6,1.34|2.6
2021-09-09,12:30am,USD,Consumer Credit m/m,Low,17.0B,37.9B
2021-09-09,11:30am,EUR,German Trade Balance,Low,17.9B,13.5B
2021-09-09,11:30am,EUR,Main Refinancing Rate,Medium,0.00%,0.00%
2021-09-09,11:30am,USD,Unemployment Claims,Medium,310K,345K
2021-09-09,8:00pm,USD,Natural Gas Storage,Low,52B,20B
2021-09-09,8:30pm,USD,Crude Oil Inventories,Medium,-1.5M,-7.2M
2021-09-09,10:31pm,USD,30-y Bond Auction,Medium,1.91|2.5,2.04|2.2
2021-09-10,11:30am,EUR,German Final CPI m/m,Low,0.0%,0.0%
2021-09-10,12:15pm,EUR,French Industrial Production m/m,Low,0.3%,0.6%
2021-09-10,1:30pm,EUR,Italian Industrial Production m/m,Low,0.8%,1.1%
2021-09-10,1:30pm,USD,PPI m/m,High,0.7%,1.0%
2021-09-10,1:30pm,USD,Core PPI m/m,Medium,0.6%,1.0%
2021-09-10,7:30pm,USD,Final Wholesale Inventories m/m,Low,0.6%,0.6%
2021-09-13,11:30am,EUR,German WPI m/m,Low,0.5%,1.1%
2021-09-13,1:30pm,EUR,Italian Quarterly Unemployment Rate,Low,9.8%,10.1%
2021-09-13,11:17pm,USD,Federal Budget Balance,Low,-170.6B,-302.1B
2021-09-14,3:30pm,USD,NFIB Small Business Index,Low,100.1,99.7
2021-09-14,3:30pm,USD,Core CPI m/m,High,0.1%,0.3%
2021-09-14,3:30pm,USD,CPI m/m,High,0.3%,0.5%
2021-09-14,3:30pm,USD,CPI y/y,High,5.3%,5.4%
2021-09-15,12:15pm,EUR,French Final CPI m/m,Low,0.6%,0.6%
2021-09-15,2:30pm,EUR,Industrial Production m/m,Low,1.5%,-0.1%
2021-09-15,2:32pm,USD,Empire State Manufacturing Index,Medium,34.3,18.3
2021-09-15,2:32pm,USD,Import Prices m/m,Low,-0.3%,0.4%
2021-09-15,6:45pm,USD,Industrial Production m/m,Medium,0.4%,0.8%
2021-09-15,6:45pm,USD,Capacity Utilization Rate,Low,76.4%,76.2%
2021-09-15,8:00pm,USD,Crude Oil Inventories,Medium,-6.4M,-1.5M
2021-09-16,1:33pm,EUR,Italian Trade Balance,Low,8.76B,5.67B
2021-09-16,2:19pm,EUR,Spanish 10-y Bond Auction,Low,0.33|1.4,0.31|1.7
2021-09-16,2:30pm,EUR,Trade Balance,Low,13.4B,11.9B
2021-09-16,2:30pm,USD,Core Retail Sales m/m,High,1.8%,-1.0%
2021-09-16,2:30pm,USD,Retail Sales m/m,High,0.7%,-1.8%
2021-09-16,2:30pm,USD,Philly Fed Manufacturing Index,Medium,30.7,19.4
2021-09-16,2:30pm,USD,Unemployment Claims,Medium,332K,312K
2021-09-16,7:30pm,USD,Business Inventories m/m,Low,0.5%,0.9%
2021-09-16,8:00pm,USD,Natural Gas Storage,Low,83B,52B
2021-09-17,1:30am,USD,TIC Long-Term Purchases,Low,2.0B,110.9B
2021-09-17,1:30pm,EUR,Current Account,Low,21.6B,21.8B
2021-09-17,2:30pm,EUR,Final Core CPI y/y,Low,1.6%,1.6%
2021-09-17,2:30pm,EUR,Final CPI y/y,Low,3.0%,2.2%
2021-09-17,7:30pm,USD,Prelim UoM Consumer Sentiment,Medium,71.0,70.3
2021-09-17,7:30pm,USD,Prelim UoM Inflation Expectations,Low,4.7%,4.6%
2021-09-20,11:30am,EUR,German PPI m/m,Low,1.5%,1.9%
2021-09-20,7:30pm,USD,NAHB Housing Market Index,Low,76,75
2021-09-21,3:30pm,USD,Building Permits,Low,1.73M,1.63M
2021-09-21,3:30pm,USD,Current Account,Low,-190B,-189B
2021-09-21,3:30pm,USD,Housing Starts,Low,1.62M,1.55M
2021-09-22,7:30pm,USD,Existing Home Sales,Low,5.88M,6.00M
2021-09-22,8:00pm,USD,Crude Oil Inventories,Medium,-3.5M,-6.4M
2021-09-22,8:00pm,USD,Federal Funds Rate,Medium,<0.25%,<0.25%
2021-09-23,1:30am,EUR,Consumer Confidence,Low,-4,-5
2021-09-23,12:45pm,EUR,French Flash Manufacturing PMI,Medium,55.2,57.5
2021-09-23,12:45pm,EUR,French Flash Services PMI,Medium,56.0,56.3
2021-09-23,12:45pm,EUR,German Flash Manufacturing PMI,High,58.5,62.6
2021-09-23,12:45pm,EUR,German Flash Services PMI,High,56.0,60.8
2021-09-23,1:30pm,EUR,Flash Manufacturing PMI,Medium,58.7,61.4
2021-09-23,1:30pm,EUR,Flash Services PMI,Medium,56.3,59.0
2021-09-23,4:30pm,USD,Unemployment Claims,Medium,351K,335K
2021-09-23,7:15pm,USD,Flash Manufacturing PMI,Medium,60.5,61.1
2021-09-23,7:15pm,USD,Flash Services PMI,Medium,54.4,55.1
2021-09-23,7:30pm,USD,CB Leading Index m/m,Low,0.9%,0.8%
2021-09-23,8:00pm,USD,Natural Gas Storage,Low,76B,83B
2021-09-24,1:30pm,EUR,German ifo Business Climate,Medium,98.8,99.6
2021-09-24,6:26pm,EUR,Belgian NBB Business Climate,Low,4.0,7.6
2021-09-24,6:26pm,USD,New Home Sales,Low,740K,729K
2021-09-27,1:30pm,EUR,M3 Money Supply y/y,Low,7.9%,7.6%
2021-09-27,1:30pm,EUR,Private Loans y/y,Low,4.2%,4.2%
2021-09-27,6:00pm,USD,Core Durable Goods Orders m/m,Medium,0.2%,0.8%
2021-09-27,6:00pm,USD,Durable Goods Orders m/m,Medium,1.8%,0.5%
2021-09-28,11:30am,EUR,German GfK Consumer Climate,Low,0.3,-1.1
2021-09-28,6:00pm,USD,Goods Trade Balance,Low,-87.6B,-86.8B
2021-09-28,6:00pm,USD,Prelim Wholesale Inventories m/m,Low,1.2%,0.6%
2021-09-28,6:00pm,USD,HPI m/m,Low,1.4%,1.7%
2021-09-28,6:00pm,USD,S&P/CS Composite-20 HPI y/y,Low,19.9%,19.1%
2021-09-28,7:29pm,USD,Richmond Manufacturing Index,Low,-3,9
2021-09-28,7:29pm,USD,CB Consumer Confidence,Medium,109.3,115.2
2021-09-29,11:30am,EUR,German Import Prices m/m,Low,1.4%,2.2%
2021-09-29,12:30pm,EUR,Spanish Flash CPI y/y,Low,4.0%,3.3%
2021-09-29,2:42pm,EUR,Italian 10-y Bond Auction,Low,0.86|1.7,0.67|1.4
2021-09-29,3:07pm,EUR,German 10-y Bond Auction,Low,-0.22|1.1,-0.38|1.1
2021-09-29,7:30pm,USD,Pending Home Sales m/m,Medium,8.1%,-2.0%
2021-09-29,8:00pm,USD,Crude Oil Inventories,Medium,4.6M,-3.5M
2021-09-30,All Day,EUR,German Prelim CPI m/m,Low,0.0%,0.0%
2021-09-30,12:15pm,EUR,French Consumer Spending m/m,Low,1.0%,-2.4%
2021-09-30,12:15pm,EUR,French Prelim CPI m/m,Low,-0.2%,0.6%
2021-09-30,1:25pm,EUR,German Unemployment Change,Low,-30K,-53K
2021-09-30,1:30pm,EUR,Italian Monthly Unemployment Rate,Low,9.3%,9.3%
2021-09-30,2:30pm,EUR,Italian Prelim CPI m/m,Low,-0.1%,0.4%
2021-09-30,2:30pm,EUR,Unemployment Rate,Low,7.5%,7.6%
2021-09-30,6:00pm,USD,Final GDP q/q,Medium,6.7%,6.6%
2021-09-30,6:00pm,USD,Unemployment Claims,Medium,362K,351K
2021-09-30,6:00pm,USD,Final GDP Price Index q/q,Low,6.1%,6.1%
2021-09-30,7:15pm,USD,Chicago PMI,Medium,64.7,66.8
2021-09-30,8:00pm,USD,Natural Gas Storage,Low,88B,76B
2021-10-01,11:30am,EUR,German Retail Sales m/m,Low,1.1%,-4.5%
2021-10-01,12:15pm,EUR,French Gov Budget Balance,Low,-178.0B,-166.6B
2021-10-01,12:45pm,EUR,Spanish Manufacturing PMI,Low,58.1,59.5
2021-10-01,1:15pm,EUR,Italian Manufacturing PMI,Low,59.7,60.9
2021-10-01,1:20pm,EUR,French Final Manufacturing PMI,Low,55.0,55.2
2021-10-01,1:25pm,EUR,German Final Manufacturing PMI,Medium,58.4,58.5
2021-10-01,1:30pm,EUR,Final Manufacturing PMI,Low,58.6,58.7
2021-10-01,2:30pm,EUR,Core CPI Flash Estimate y/y,Low,1.9%,1.6%
2021-10-01,2:30pm,EUR,CPI Flash Estimate y/y,Low,3.4%,3.0%
2021-10-01,2:30pm,USD,Core PCE Price Index m/m,High,0.3%,0.3%
2021-10-01,2:30pm,USD,Personal Income m/m,Low,0.2%,1.1%
2021-10-01,2:30pm,USD,Personal Spending m/m,Low,0.8%,-0.1%
2021-10-01,7:15pm,USD,Final Manufacturing PMI,Low,60.7,60.5
2021-10-01,7:30pm,USD,ISM Manufacturing PMI,High,61.1,59.9
2021-10-01,7:30pm,USD,Revised UoM Consumer Sentiment,Medium,72.8,71.0
2021-10-01,7:30pm,USD,Construction Spending m/m,Low,0.0%,0.3%
2021-10-01,7:30pm,USD,ISM Manufacturing Prices,Low,81.2,79.4
2021-10-01,7:30pm,USD,Revised UoM Inflation Expectations,Low,4.6%,4.7%
2021-10-01,All Day,USD,Wards Total Vehicle Sales,Low,12.2M,13.1M
2021-10-04,12:30pm,EUR,Spanish Unemployment Change,Medium,-76.1K,-82.6K
2021-10-04,2:00pm,EUR,Sentix Investor Confidence,Low,16.9,19.6
2021-10-04,7:30pm,USD,Factory Orders m/m,Low,1.2%,0.7%
2021-10-05,12:15pm,EUR,French Industrial Production m/m,Low,1.0%,0.5%
2021-10-05,12:45pm,EUR,Spanish Services PMI,Low,56.9,60.1
2021-10-05,1:15pm,EUR,Italian Services PMI,Low,55.5,58.0
2021-10-05,1:20pm,EUR,French Final Services PMI,Low,56.2,56.0
2021-10-05,1:25pm,EUR,German Final Services PMI,Low,56.2,56.0
2021-10-05,1:30pm,EUR,Final Services PMI,Low,56.4,56.3
2021-10-05,2:30pm,EUR,PPI m/m,Low,1.1%,2.5%
2021-10-05,2:30pm,USD,Trade Balance,Low,-73.3B,-70.3B
2021-10-05,7:15pm,USD,Final Services PMI,Low,54.9,54.4
2021-10-05,7:24pm,USD,RCM/TIPP Economic Optimism,Low,46.8,48.5
2021-10-05,7:30pm,USD,ISM Services PMI,High,61.9,61.7
2021-10-06,11:30am,EUR,German Factory Orders m/m,Low,-7.7%,4.9%
2021-10-06,2:30pm,EUR,Retail Sales m/m,Low,0.3%,-2.6%
2021-10-06,5:45pm,USD,ADP Non-Farm Employment Change,High,568K,340K
2021-10-06,8:00pm,USD,Crude Oil Inventories,Medium,2.3M,4.6M
2021-10-07,11:30am,EUR,German Industrial Production m/m,Low,-4.0%,1.3%
2021-10-07,12:15pm,EUR,French Trade Balance,Low,-6.7B,-7.1B
2021-10-07,1:30pm,EUR,Italian Retail Sales m/m,Low,0.4%,-0.3%
2021-10-07,2:26pm,EUR,Spanish 10-y Bond Auction,Low,0.45|1.4,0.33|1.4
2021-10-07,2:37pm,EUR,French 10-y Bond Auction,Low,0.15|2.1,-0.05|1.8
2021-10-07,2:37pm,USD,Challenger Job Cuts y/y,Low,-84.9%,-86.4%
2021-10-07,6:00pm,USD,Unemployment Claims,Medium,326K,364K
2021-10-07,8:00pm,USD,Natural Gas Storage,Low,118B,88B
2021-10-08,12:30am,USD,Consumer Credit m/m,Low,14.4B,17.3B
2021-10-08,11:32am,EUR,German Trade Balance,Low,13.0B,17.7B
2021-10-08,11:32am,USD,Average Hourly Earnings m/m,High,0.6%,0.4%
2021-10-08,11:32am,USD,Non-Farm Employment Change,High,194K,366K
2021-10-08,11:32am,USD,Unemployment Rate,High,4.8%,5.2%
2021-10-08,7:30pm,USD,Final Wholesale Inventories m/m,Low,1.2%,1.2%
2021-10-11,1:30pm,EUR,Italian Industrial Production m/m,Low,-0.2%,1.0%
2021-10-12,11:30am,EUR,German WPI m/m,Low,0.8%,0.5%
2021-10-12,2:30pm,EUR,ZEW Economic Sentiment,Medium,21.0,31.1
2021-10-12,2:30pm,EUR,German ZEW Economic Sentiment,Medium,22.3,26.5
2021-10-12,3:30pm,USD,NFIB Small Business Index,Low,99.1,100.1
2021-10-12,7:30pm,USD,JOLTS Job Openings,Medium,10.44M,11.10M
2021-10-12,10:31pm,USD,10-y Bond Auction,Medium,1.58|2.6,1.34|2.6
2021-10-13,11:30am,EUR,German Final CPI m/m,Low,0.0%,0.0%
2021-10-13,2:30pm,EUR,Industrial Production m/m,Low,-1.6%,1.4%
2021-10-13,3:04pm,EUR,German 30-y Bond Auction,Low,0.35|2.0,-0.04|2.0
2021-10-13,6:00pm,USD,Core CPI m/m,High,0.2%,0.1%
2021-10-13,6:00pm,USD,CPI m/m,High,0.4%,0.3%
2021-10-13,6:00pm,USD,CPI y/y,High,5.4%,5.3%
2021-10-13,10:31pm,USD,30-y Bond Auction,Medium,2.05|2.4,1.91|2.5
2021-10-14,10:00am,USD,PPI m/m,High,0.5%,0.7%
2021-10-14,10:00am,USD,Core PPI m/m,Medium,0.2%,0.6%
2021-10-14,10:00am,USD,Unemployment Claims,Medium,293K,329K
2021-10-14,8:00pm,USD,Natural Gas Storage,Low,81B,118B
2021-10-14,8:30pm,USD,Crude Oil Inventories,Medium,6.1M,2.3M
2021-10-15,12:15pm,EUR,French Final CPI m/m,Low,-0.2%,-0.2%
2021-10-15,2:30pm,EUR,Italian Trade Balance,Low,1.32B,8.76B
2021-10-15,2:30pm,EUR,Trade Balance,Low,11.1B,13.5B
2021-10-15,2:30pm,USD,Core Retail Sales m/m,High,0.8%,2.0%
2021-10-15,2:30pm,USD,Retail Sales m/m,High,0.7%,0.9%
2021-10-15,2:30pm,USD,Empire State Manufacturing Index,Medium,19.8,34.3
2021-10-15,2:30pm,USD,Import Prices m/m,Low,0.4%,-0.3%
2021-10-15,7:30pm,USD,Prelim UoM Consumer Sentiment,Medium,71.4,72.8
2021-10-15,7:30pm,USD,Business Inventories m/m,Low,0.6%,0.6%
2021-10-15,7:30pm,USD,Prelim UoM Inflation Expectations,Low,4.8%,4.6%
2021-10-18,6:45pm,USD,Industrial Production m/m,Medium,-1.3%,-0.1%
2021-10-18,6:45pm,USD,Capacity Utilization Rate,Low,75.2%,76.2%
2021-10-18,7:30pm,USD,NAHB Housing Market Index,Low,80,76
2021-10-19,1:30am,USD,TIC Long-Term Purchases,Low,79.3B,2.0B
2021-10-19,6:00pm,USD,Building Permits,Low,1.59M,1.72M
2021-10-19,6:00pm,USD,Housing Starts,Low,1.56M,1.58M
2021-10-20,11:30am,EUR,German PPI m/m,Low,2.3%,1.5%
2021-10-20,1:30pm,EUR,Current Account,Low,13.4B,22.6B
2021-10-20,2:30pm,EUR,Final Core CPI y/y,Low,1.9%,1.9%
2021-10-20,2:30pm,EUR,Final CPI y/y,Low,3.4%,3.4%
2021-10-20,3:05pm,EUR,German 10-y Bond Auction,Low,-0.16|1.1,-0.22|1.1
2021-10-20,8:00pm,USD,Crude Oil Inventories,Medium,-0.4M,6.1M
2021-10-21,3:30pm,USD,Philly Fed Manufacturing Index,Medium,23.8,30.7
2021-10-21,3:30pm,USD,Unemployment Claims,Medium,290K,296K
2021-10-21,7:30pm,EUR,Consumer Confidence,Low,-5,-4
2021-10-21,7:30pm,USD,CB Leading Index m/m,Low,0.2%,0.8%
2021-10-21,7:30pm,USD,Existing Home Sales,Low,6.29M,5.88M
2021-10-21,8:00pm,USD,Natural Gas Storage,Low,92B,81B
2021-10-22,12:45pm,EUR,French Flash Manufacturing PMI,Medium,53.5,55.0
2021-10-22,12:45pm,EUR,French Flash Services PMI,Medium,56.6,56.2
2021-10-22,1:00pm,EUR,German Flash Manufacturing PMI,High,58.2,58.4
2021-10-22,1:00pm,EUR,German Flash Services PMI,High,52.4,56.2
2021-10-22,1:30pm,EUR,Flash Manufacturing PMI,Medium,58.5,58.6
2021-10-22,1:30pm,EUR,Flash Services PMI,Medium,54.7,56.4
2021-10-22,7:15pm,USD,Flash Manufacturing PMI,Medium,59.2,60.7
2021-10-22,7:15pm,USD,Flash Services PMI,Medium,58.2,54.9
2021-10-22,11:28pm,USD,Federal Budget Balance,Low,-61.5B,-170.6B
2021-10-25,1:30pm,EUR,German ifo Business Climate,Medium,97.7,98.9
2021-10-25,6:30pm,EUR,Belgian NBB Business Climate,Low,4.0,4.0
2021-10-26,6:30pm,USD,HPI m/m,Low,1.0%,1.4%
2021-10-26,6:30pm,USD,S&P/CS Composite-20 HPI y/y,Low,19.7%,20.0%
2021-10-26,7:29pm,USD,Richmond Manufacturing Index,Medium,12,-3
2021-10-26,7:30pm,USD,CB Consumer Confidence,Medium,113.8,109.8
2021-10-26,7:30pm,USD,New Home Sales,Low,800K,702K
2021-10-27,11:30am,EUR,German GfK Consumer Climate,Low,0.9,0.4
2021-10-27,11:30am,EUR,German Import Prices m/m,Low,1.3%,1.4%
2021-10-27,11:30am,EUR,M3 Money Supply y/y,Low,7.4%,7.9%
2021-10-27,11:30am,EUR,Private Loans y/y,Low,4.1%,4.2%
2021-10-27,6:00pm,USD,Core Durable Goods Orders m/m,Medium,0.4%,0.3%
2021-10-27,6:00pm,USD,Durable Goods Orders m/m,Medium,-0.4%,1.3%
2021-10-27,6:00pm,USD,Goods Trade Balance,Low,-96.3B,-88.2B
2021-10-27,6:00pm,USD,Prelim Wholesale Inventories m/m,Low,1.1%,1.2%
2021-10-27,8:00pm,USD,Crude Oil Inventories,Medium,4.3M,-0.4M
2021-10-28,All Day,EUR,German Prelim CPI m/m,Low,0.5%,0.0%
2021-10-28,12:30pm,EUR,Spanish Flash CPI y/y,Low,5.5%,4.0%
2021-10-28,12:30pm,EUR,Spanish Unemployment Rate,Low,14.6%,15.3%
2021-10-28,1:25pm,EUR,German Unemployment Change,Low,-39K,-31K
2021-10-28,2:49pm,EUR,Italian 10-y Bond Auction,Low,1.05|1.3,0.86|1.7
2021-10-28,2:49pm,EUR,Main Refinancing Rate,Medium,0.00%,0.00%
2021-10-28,2:49pm,USD,Advance GDP q/q,High,2.0%,6.7%
2021-10-28,2:49pm,USD,Advance GDP Price Index q/q,Medium,5.7%,6.1%
2021-10-28,2:49pm,USD,Unemployment Claims,Medium,281K,291K
2021-10-28,7:30pm,USD,Pending Home Sales m/m,Medium,-2.3%,8.1%
2021-10-28,8:00pm,USD,Natural Gas Storage,Low,87B,92B
2021-10-29,11:00am,EUR,French Consumer Spending m/m,Low,-0.2%,0.7%
2021-10-29,11:00am,EUR,French Flash GDP q/q,Low,3.0%,1.1%
2021-10-29,12:15pm,EUR,French Prelim CPI m/m,Low,0.4%,-0.2%
2021-10-29,12:15pm,EUR,Spanish Flash GDP q/q,Low,2.0%,1.1%
2021-10-29,1:30pm,EUR,German Prelim GDP q/q,Medium,1.8%,1.6%
2021-10-29,1:30pm,EUR,Italian Prelim GDP q/q,Low,2.6%,2.7%
2021-10-29,2:30pm,EUR,Core CPI Flash Estimate y/y,Low,2.1%,1.9%
2021-10-29,2:30pm,EUR,CPI Flash Estimate y/y,Low,4.1%,3.4%
2021-10-29,2:30pm,EUR,Italian Prelim CPI m/m,Low,0.6%,-0.2%
2021-10-29,2:30pm,EUR,Prelim Flash GDP q/q,Low,2.2%,2.2%
2021-10-29,2:30pm,USD,Core PCE Price Index m/m,High,0.2%,0.3%
2021-10-29,2:30pm,USD,Employment Cost Index q/q,Low,1.3%,0.7%
2021-10-29,2:30pm,USD,Personal Income m/m,Low,-1.0%,0.2%
2021-10-29,2:30pm,USD,Personal Spending m/m,Low,0.6%,1.0%
2021-10-29,7:15pm,USD,Chicago PMI,Medium,68.4,64.7
2021-10-29,7:30pm,USD,Revised UoM Consumer Sentiment,Medium,71.7,71.4
2021-10-29,7:30pm,USD,Revised UoM Inflation Expectations,Low,4.8%,4.8%
2021-11-01,12:30pm,EUR,German Retail Sales m/m,Low,-2.5%,1.2%
2021-11-01,7:15pm,USD,Final Manufacturing PMI,Low,58.4,59.2
2021-11-01,7:30pm,USD,ISM Manufacturing PMI,High,60.8,61.1
2021-11-01,7:30pm,USD,Construction Spending m/m,Low,-0.5%,0.1%
2021-11-01,7:30pm,USD,ISM Manufacturing Prices,Low,85.7,81.2
2021-11-02,1:45pm,EUR,Spanish Manufacturing PMI,Low,57.4,58.1
2021-11-02,2:15pm,EUR,Italian Manufacturing PMI,Low,61.1,59.7
2021-11-02,2:20pm,EUR,French Final Manufacturing PMI,Low,53.6,53.5
2021-11-02,2:25pm,EUR,German Final Manufacturing PMI,Low,57.8,58.2
2021-11-02,2:30pm,EUR,Final Manufacturing PMI,Low,58.3,58.5
2021-11-02,6:40pm,USD,RCM/TIPP Economic Optimism,Low,43.9,46.8
2021-11-02,All Day,USD,Wards Total Vehicle Sales,Low,13.0M,12.2M
2021-11-03,1:15pm,EUR,French Gov Budget Balance,Low,-175.1B,-178.0B
2021-11-03,1:30pm,EUR,Spanish Unemployment Change,Medium,-0.7K,-76.1K
2021-11-03,2:30pm,EUR,Italian Monthly Unemployment Rate,Low,9.2%,9.3%
2021-11-03,3:00pm,EUR,Unemployment Rate,Low,7.4%,7.5%
2021-11-03,5:45pm,USD,ADP Non-Farm Employment Change,High,571K,523K
2021-11-03,7:15pm,USD,Final Services PMI,Low,58.7,58.2
2021-11-03,7:30pm,USD,ISM Services PMI,High,66.7,61.9
2021-11-03,7:30pm,USD,Factory Orders m/m,Low,0.2%,1.0%
2021-11-03,8:00pm,USD,Crude Oil Inventories,Medium,3.3M,4.3M
2021-11-03,11:30pm,USD,Federal Funds Rate,High,<0.25%,<0.25%
2021-11-04,12:30pm,EUR,German Factory Orders m/m,Low,1.3%,-8.8%
2021-11-04,1:45pm,EUR,Spanish Services PMI,Low,56.6,56.9
2021-11-04,2:15pm,EUR,Italian Services PMI,Low,52.4,55.5
2021-11-04,2:20pm,EUR,French Final Services PMI,Low,56.6,56.6
2021-11-04,2:25pm,EUR,German Final Services PMI,Low,52.4,52.4
2021-11-04,2:30pm,EUR,Final Services PMI,Low,54.6,54.7
2021-11-04,3:20pm,EUR,Spanish 10-y Bond Auction,Low,0.48|1.3,0.45|1.4
2021-11-04,3:30pm,EUR,French 10-y Bond Auction,Low,0.16|1.8,0.15|2.1
2021-11-04,3:30pm,EUR,PPI m/m,Low,2.7%,1.1%
2021-11-04,5:00pm,USD,Challenger Job Cuts y/y,Low,-71.7%,-84.9%
2021-11-04,5:30pm,USD,Unemployment Claims,Medium,269K,283K
2021-11-04,5:30pm,USD,Prelim Nonfarm Productivity q/q,Low,-5.0%,2.1%
2021-11-04,5:30pm,USD,Prelim Unit Labor Costs q/q,Low,8.3%,1.3%
2021-11-04,5:30pm,USD,Trade Balance,Low,-80.9B,-72.8B
2021-11-04,8:00pm,USD,Natural Gas Storage,Low,63B,87B
2021-11-05,12:30pm,EUR,German Industrial Production m/m,Low,-1.1%,-3.5%
2021-11-05,1:15pm,EUR,French Industrial Production m/m,Low,-1.3%,1.0%
2021-11-05,1:15pm,EUR,French Prelim Private Payrolls q/q,Low,0.5%,1.4%
2021-11-05,2:30pm,EUR,Italian Retail Sales m/m,Low,0.8%,0.8%
2021-11-05,3:30pm,EUR,Retail Sales m/m,Low,-0.3%,1.0%
2021-11-05,3:30pm,USD,Average Hourly Earnings m/m,High,0.4%,0.6%
2021-11-05,3:30pm,USD,Non-Farm Employment Change,High,531K,312K
2021-11-05,3:30pm,USD,Unemployment Rate,High,4.6%,4.8%
2021-11-06,12:30am,USD,Consumer Credit m/m,Low,29.9B,13.8B
2021-11-08,3:00pm,EUR,Sentix Investor Confidence,Low,18.3,16.9
2021-11-09,12:35pm,EUR,German Trade Balance,Low,13.2B,14.0B
2021-11-09,1:15pm,EUR,French Trade Balance,Low,-6.8B,-6.7B
2021-11-09,3:30pm,EUR,ZEW Economic Sentiment,Medium,25.9,21.0
2021-11-09,3:30pm,EUR,German ZEW Economic Sentiment,Medium,31.7,22.3
2021-11-09,4:30pm,USD,NFIB Small Business Index,Low,98.2,99.1
2021-11-09,7:00pm,USD,PPI m/m,High,0.6%,0.5%
2021-11-09,7:00pm,USD,Core PPI m/m,Medium,0.4%,0.2%
2021-11-09,11:31pm,USD,10-y Bond Auction,Medium,1.44|2.4,1.58|2.6
2021-11-10,12:30pm,EUR,German Final CPI m/m,Low,0.5%,0.5%
2021-11-10,12:30pm,EUR,Italian Industrial Production m/m,Low,0.1%,-0.3%
2021-11-10,4:06pm,EUR,German 10-y Bond Auction,Low,-0.29|1.1,-0.16|1.1
2021-11-10,4:06pm,USD,Core CPI m/m,High,0.6%,0.2%
2021-11-10,4:06pm,USD,CPI m/m,High,0.9%,0.4%
2021-11-10,4:06pm,USD,CPI y/y,High,6.2%,5.4%
2021-11-10,4:06pm,USD,Unemployment Claims,Medium,267K,271K
2021-11-10,8:30pm,USD,Final Wholesale Inventories m/m,Low,1.4%,1.1%
2021-11-10,8:30pm,USD,Mortgage Delinquencies,Low,4.88%,5.47%
2021-11-10,9:00pm,USD,Crude Oil Inventories,Medium,1.0M,3.3M
2021-11-10,10:30pm,USD,Natural Gas Storage,Low,7B,63B
2021-11-10,11:31pm,USD,30-y Bond Auction,Medium,1.94|2.2,2.05|2.4
2021-11-11,12:30am,USD,Federal Budget Balance,Low,-165.1B,-61.5B
2021-11-12,12:30pm,EUR,German WPI m/m,Low,1.6%,0.8%
2021-11-12,3:30pm,EUR,Industrial Production m/m,Low,-0.2%,-1.7%
2021-11-12,8:30pm,USD,JOLTS Job Openings,Medium,10.44M,10.63M
2021-11-12,8:30pm,USD,Prelim UoM Consumer Sentiment,Medium,66.8,71.7
2021-11-12,8:30pm,USD,Prelim UoM Inflation Expectations,Low,4.9%,4.8%
2021-11-15,10:00am,EUR,Trade Balance,Low,6.1B,9.7B
2021-11-15,10:00am,USD,Empire State Manufacturing Index,Medium,30.9,19.8
2021-11-16,1:15pm,EUR,French Final CPI m/m,Low,0.4%,0.4%
2021-11-16,3:30pm,EUR,Flash Employment Change q/q,Low,0.9%,0.7%
2021-11-16,3:30pm,EUR,Flash GDP q/q,Low,2.2%,2.2%
2021-11-16,7:00pm,USD,Core Retail Sales m/m,High,1.7%,0.7%
2021-11-16,7:00pm,USD,Retail Sales m/m,High,1.7%,0.8%
2021-11-16,7:00pm,USD,Import Prices m/m,Low,1.2%,0.4%
2021-11-16,7:45pm,USD,Industrial Production m/m,Medium,1.6%,-1.3%
2021-11-16,7:45pm,USD,Capacity Utilization Rate,Low,76.4%,75.2%
2021-11-16,8:30pm,USD,Business Inventories m/m,Low,0.7%,0.8%
2021-11-16,8:30pm,USD,NAHB Housing Market Index,Low,83,80
2021-11-17,2:30am,USD,TIC Long-Term Purchases,Low,26.3B,79.3B
2021-11-17,2:32pm,EUR,Italian Trade Balance,Low,2.45B,1.32B
2021-11-17,3:30pm,EUR,Final Core CPI y/y,Low,2.0%,2.1%
2021-11-17,3:30pm,EUR,Final CPI y/y,Low,4.1%,4.1%
2021-11-17,4:05pm,EUR,German 30-y Bond Auction,Low,0.08|1.1,0.35|2.0
2021-11-17,4:05pm,USD,Building Permits,Low,1.65M,1.59M
2021-11-17,4:05pm,USD,Housing Starts,Low,1.52M,1.53M
2021-11-17,9:00pm,USD,Crude Oil Inventories,Medium,-2.1M,1.0M
2021-11-18,3:19pm,EUR,Spanish 10-y Bond Auction,Low,0.47|1.4,0.48|1.3
2021-11-18,3:19pm,USD,Philly Fed Manufacturing Index,Medium,39.0,23.8
2021-11-18,3:19pm,USD,Unemployment Claims,Medium,268K,269K
2021-11-18,8:30pm,USD,CB Leading Index m/m,Low,0.9%,0.1%
2021-11-18,9:00pm,USD,Natural Gas Storage,Low,26B,7B
2021-11-19,12:30pm,EUR,German PPI m/m,Low,3.8%,2.3%
2021-11-19,2:30pm,EUR,Current Account,Low,18.7B,17.1B
2021-11-22,8:29pm,EUR,Consumer Confidence,Low,-7,-5
2021-11-22,8:30pm,USD,Existing Home Sales,Low,6.34M,6.29M
2021-11-23,1:45pm,EUR,French Flash Services PMI,Medium,58.2,56.6
2021-11-23,1:45pm,EUR,French Flash Manufacturing PMI,Low,54.6,53.6
2021-11-23,2:00pm,EUR,German Flash Manufacturing PMI,High,57.6,57.8
2021-11-23,2:00pm,EUR,German Flash Services PMI,High,53.4,52.4
2021-11-23,2:30pm,EUR,Flash Manufacturing PMI,Medium,58.6,58.3
2021-11-23,2:30pm,EUR,Flash Services PMI,Medium,56.6,54.6
2021-11-23,8:15pm,USD,Flash Manufacturing PMI,Medium,59.1,58.4
2021-11-23,8:15pm,USD,Flash Services PMI,Medium,57.0,58.7
2021-11-23,8:30pm,USD,Richmond Manufacturing Index,Low,11,12
2021-11-24,10:30am,EUR,German ifo Business Climate,Medium,96.5,97.7
2021-11-24,7:00pm,USD,Prelim GDP q/q,High,2.1%,2.0%
2021-11-24,7:00pm,USD,Core Durable Goods Orders m/m,Medium,0.5%,0.5%
2021-11-24,7:00pm,USD,Durable Goods Orders m/m,Medium,-0.5%,-0.3%
2021-11-24,7:00pm,USD,Unemployment Claims,Medium,199K,270K
2021-11-24,7:00pm,USD,Goods Trade Balance,Low,-82.9B,-96.3B
2021-11-24,7:00pm,USD,Prelim GDP Price Index q/q,Low,5.9%,5.7%
2021-11-24,7:00pm,USD,Prelim Wholesale Inventories m/m,Low,2.2%,1.4%
2021-11-24,7:30pm,EUR,Belgian NBB Business Climate,Low,4.2,4.0
2021-11-24,8:30pm,USD,Core PCE Price Index m/m,High,0.4%,0.2%
2021-11-24,8:30pm,USD,Revised UoM Consumer Sentiment,Medium,67.4,66.8
2021-11-24,8:30pm,USD,New Home Sales,Low,745K,742K
2021-11-24,8:30pm,USD,Personal Income m/m,Low,0.5%,-1.0%
2021-11-24,8:30pm,USD,Personal Spending m/m,Low,1.3%,0.6%
2021-11-24,8:30pm,USD,Revised UoM Inflation Expectations,Low,4.9%,4.9%
2021-11-24,9:00pm,USD,Crude Oil Inventories,Medium,1.0M,-2.1M
2021-11-24,10:30pm,USD,Natural Gas Storage,Low,-21B,26B
2021-11-25,12:30pm,EUR,German Final GDP q/q,Low,1.7%,1.8%
2021-11-25,12:30pm,EUR,German GfK Consumer Climate,Low,-1.6,1.0
2021-11-26,12:30pm,EUR,German Import Prices m/m,Low,3.8%,1.3%
2021-11-26,2:30pm,EUR,M3 Money Supply y/y,Low,7.7%,7.5%
2021-11-26,2:30pm,EUR,Private Loans y/y,Low,4.1%,4.1%
2021-11-29,All Day,EUR,German Prelim CPI m/m,Low,-0.2%,0.5%
2021-11-29,1:30pm,EUR,Spanish Flash CPI y/y,Low,5.6%,5.4%
2021-11-29,8:30pm,USD,Pending Home Sales m/m,Medium,7.5%,-2.4%
2021-11-30,1:15pm,EUR,French Consumer Spending m/m,Low,-0.4%,0.2%
2021-11-30,1:15pm,EUR,French Prelim CPI m/m,Low,0.4%,0.4%
2021-11-30,1:15pm,EUR,French Prelim GDP q/q,Low,3.0%,3.0%
2021-11-30,2:25pm,EUR,German Unemployment Change,Low,-34K,-40K
2021-11-30,3:30pm,EUR,Core CPI Flash Estimate y/y,Low,2.6%,2.0%
2021-11-30,3:30pm,EUR,CPI Flash Estimate y/y,Low,4.9%,4.1%
2021-11-30,3:30pm,EUR,Italian Prelim CPI m/m,Low,0.7%,0.7%
2021-11-30,3:48pm,EUR,Italian 10-y Bond Auction,Low,1.02|1.5,1.05|1.3
2021-11-30,7:30pm,USD,HPI m/m,Low,0.9%,1.0%
2021-11-30,7:30pm,USD,S&P/CS Composite-20 HPI y/y,Low,19.1%,19.6%
2021-11-30,8:15pm,USD,Chicago PMI,Medium,61.8,68.4
2021-11-30,8:15pm,USD,CB Consumer Confidence,Medium,109.5,111.6
2021-12-01,12:30pm,EUR,German Retail Sales m/m,Low,-0.3%,-1.9%
2021-12-01,1:45pm,EUR,Spanish Manufacturing PMI,Low,57.1,57.4
2021-12-01,2:15pm,EUR,Italian Manufacturing PMI,Low,62.8,61.1
2021-12-01,2:20pm,EUR,French Final Manufacturing PMI,Low,55.9,54.6
2021-12-01,2:25pm,EUR,German Final Manufacturing PMI,Low,57.4,57.6
2021-12-01,2:30pm,EUR,Final Manufacturing PMI,Low,58.4,58.6
2021-12-01,6:45pm,USD,ADP Non-Farm Employment Change,High,534K,570K
2021-12-01,8:15pm,USD,Final Manufacturing PMI,Low,58.3,59.1
2021-12-01,8:15pm,USD,ISM Manufacturing PMI,High,61.1,60.8
2021-12-01,8:15pm,USD,Construction Spending m/m,Low,0.2%,-0.1%
2021-12-01,8:15pm,USD,ISM Manufacturing Prices,Low,82.4,85.7
2021-12-01,All Day,USD,Wards Total Vehicle Sales,Low,12.9M,13.0M
2021-12-01,9:00pm,USD,Crude Oil Inventories,Medium,-0.9M,1.0M
2021-12-02,1:30pm,EUR,Spanish Unemployment Change,Medium,-74.4K,-0.7K
2021-12-02,2:30pm,EUR,Italian Monthly Unemployment Rate,Low,9.4%,9.2%
2021-12-02,3:17pm,EUR,Spanish 10-y Bond Auction,Low,0.39|2.1,0.47|1.4
2021-12-02,3:30pm,EUR,PPI m/m,Low,5.4%,2.8%
2021-12-02,3:30pm,EUR,Unemployment Rate,Low,7.3%,7.4%
2021-12-02,3:32pm,EUR,French 10-y Bond Auction,Low,-0.19|2.7,0.16|1.8
2021-12-02,6:00pm,USD,Challenger Job Cuts y/y,Low,-77.0%,-71.7%
2021-12-02,7:00pm,USD,Unemployment Claims,Medium,222K,194K
2021-12-02,9:00pm,USD,Natural Gas Storage,Low,-59B,-21B
2021-12-03,1:15pm,EUR,French Gov Budget Balance,Low,-171.6B,-175.1B
2021-12-03,1:15pm,EUR,French Industrial Production m/m,Low,0.9%,-1.5%
2021-12-03,1:45pm,EUR,Spanish Services PMI,Low,59.8,56.6
2021-12-03,2:15pm,EUR,Italian Services PMI,Low,55.9,52.4
2021-12-03,2:20pm,EUR,French Final Services PMI,Low,57.4,58.2
2021-12-03,2:25pm,EUR,German Final Services PMI,Low,52.7,53.4
2021-12-03,2:30pm,EUR,Final Services PMI,Low,55.9,56.6
2021-12-03,3:30pm,EUR,Retail Sales m/m,Low,0.2%,-0.4%
2021-12-03,3:30pm,USD,Average Hourly Earnings m/m,High,0.3%,0.4%
2021-12-03,3:30pm,USD,Non-Farm Employment Change,High,210K,546K
2021-12-03,3:30pm,USD,Unemployment Rate,High,4.2%,4.6%
2021-12-03,8:15pm,USD,Final Services PMI,Low,58.0,57.0
2021-12-03,8:30pm,USD,ISM Services PMI,High,69.1,66.7
2021-12-03,8:30pm,USD,Factory Orders m/m,Low,1.0%,0.5%
2021-12-06,12:30pm,EUR,German Factory Orders m/m,Low,-6.9%,1.8%
2021-12-06,2:30pm,EUR,Italian Retail Sales m/m,Low,0.1%,1.0%
2021-12-06,3:00pm,EUR,Sentix Investor Confidence,Low,13.5,18.3
2021-12-07,12:30pm,EUR,German Industrial Production m/m,Low,2.8%,-0.5%
2021-12-07,1:15pm,EUR,French Trade Balance,Low,-7.5B,-6.9B
2021-12-07,3:30pm,EUR,ZEW Economic Sentiment,Medium,26.8,25.9
2021-12-07,3:30pm,EUR,German ZEW Economic Sentiment,Medium,29.9,31.7
2021-12-07,3:30pm,EUR,Final Employment Change q/q,Low,0.9%,0.9%
2021-12-07,3:30pm,EUR,Revised GDP q/q,Low,2.2%,2.2%
2021-12-07,3:37pm,USD,Revised Nonfarm Productivity q/q,Low,-5.2%,-5.0%
2021-12-07,3:37pm,USD,Revised Unit Labor Costs q/q,Low,9.6%,8.3%
2021-12-07,3:37pm,USD,Trade Balance,Low,-67.1B,-81.4B
2021-12-07,3:37pm,USD,RCM/TIPP Economic Optimism,Low,48.4,43.9
2021-12-08,1:30am,USD,Consumer Credit m/m,Low,16.9B,27.8B
2021-12-08,12:00pm,EUR,French Final Private Payrolls q/q,Low,0.5%,0.5%
2021-12-08,4:06pm,EUR,German 10-y Bond Auction,Low,-0.38|1.3,-0.29|1.1
2021-12-08,4:06pm,USD,JOLTS Job Openings,High,11.03M,10.60M
2021-12-08,9:00pm,USD,Crude Oil Inventories,Medium,-0.2M,-0.9M
2021-12-08,11:31pm,USD,10-y Bond Auction,Medium,1.52|2.4,1.44|2.4
2021-12-09,12:30pm,EUR,German Trade Balance,Low,12.5B,12.9B
2021-12-09,7:00pm,USD,Unemployment Claims,Medium,184K,227K
2021-12-09,8:30pm,USD,Final Wholesale Inventories m/m,Low,2.3%,2.2%
2021-12-09,9:00pm,USD,Natural Gas Storage,Low,-59B,-59B
2021-12-09,11:31pm,USD,30-y Bond Auction,Medium,1.90|2.2,1.94|2.2
2021-12-10,12:30pm,EUR,German Final CPI m/m,Low,-0.2%,-0.2%
2021-12-10,2:30pm,EUR,Italian Industrial Production m/m,Low,-0.6%,0.1%
2021-12-10,6:45pm,USD,Core CPI m/m,High,0.5%,0.6%
2021-12-10,6:45pm,USD,CPI m/m,High,0.8%,0.9%
2021-12-10,6:45pm,USD,CPI y/y,High,6.8%,6.2%
2021-12-10,8:30pm,USD,Prelim UoM Consumer Sentiment,Medium,70.4,67.4
2021-12-10,8:30pm,USD,Prelim UoM Inflation Expectations,Low,4.9%,4.9%
2021-12-11,12:22am,USD,Federal Budget Balance,Low,-191.3B,-165.1B
2021-12-13,12:30pm,EUR,German WPI m/m,Low,1.3%,1.6%
2021-12-13,2:30pm,EUR,Italian Quarterly Unemployment Rate,Low,9.2%,9.8%
2021-12-14,3:30pm,EUR,Industrial Production m/m,Low,1.1%,-0.2%
2021-12-14,4:30pm,USD,NFIB Small Business Index,Low,98.4,98.2
2021-12-14,7:00pm,USD,PPI m/m,High,0.8%,0.6%
2021-12-14,7:00pm,USD,Core PPI m/m,Medium,0.7%,0.4%
2021-12-15,1:15pm,EUR,French Final CPI m/m,Low,0.4%,0.4%
2021-12-15,7:00pm,USD,Core Retail Sales m/m,High,0.3%,1.8%
2021-12-15,7:00pm,USD,Retail Sales m/m,High,0.3%,1.8%
2021-12-15,7:00pm,USD,Empire State Manufacturing Index,Medium,31.9,30.9
2021-12-15,7:00pm,USD,Import Prices m/m,Low,0.7%,1.5%
2021-12-15,8:30pm,USD,Business Inventories m/m,Low,1.2%,0.8%
2021-12-15,8:30pm,USD,NAHB Housing Market Index,Low,84,83
2021-12-15,9:00pm,USD,Crude Oil Inventories,Low,-4.6M,-0.2M
2021-12-16,12:30am,USD,Federal Funds Rate,High,<0.25%,<0.25%
2021-12-16,2:30am,USD,TIC Long-Term Purchases,Low,7.1B,26.7B
2021-12-16,1:45pm,EUR,French Flash Services PMI,Medium,57.1,57.4
2021-12-16,1:45pm,EUR,French Flash Manufacturing PMI,Low,54.9,55.9
2021-12-16,1:45pm,EUR,German Flash Manufacturing PMI,High,57.9,57.4
2021-12-16,1:45pm,EUR,German Flash Services PMI,High,48.4,52.7
2021-12-16,1:45pm,EUR,Flash Manufacturing PMI,Medium,58.0,58.4
2021-12-16,1:45pm,EUR,Flash Services PMI,Medium,53.3,55.9
2021-12-16,1:45pm,EUR,Italian Trade Balance,Low,3.89B,2.44B
2021-12-16,3:30pm,EUR,Trade Balance,Low,2.4B,6.1B
2021-12-16,6:15pm,EUR,Main Refinancing Rate,High,0.00%,0.00%
2021-12-16,6:15pm,USD,Philly Fed Manufacturing Index,Medium,15.4,39.0
2021-12-16,6:15pm,USD,Unemployment Claims,Medium,206K,188K
2021-12-16,6:15pm,USD,Building Permits,Low,1.71M,1.65M
2021-12-16,6:15pm,USD,Housing Starts,Low,1.68M,1.50M
2021-12-16,7:45pm,USD,Industrial Production m/m,Medium,0.5%,1.7%
2021-12-16,7:45pm,USD,Capacity Utilization Rate,Low,76.8%,76.5%
2021-12-16,8:15pm,USD,Flash Manufacturing PMI,Medium,57.8,58.3
2021-12-16,8:15pm,USD,Flash Services PMI,Medium,57.5,58.0
2021-12-16,9:00pm,USD,Natural Gas Storage,Low,-88B,-59B
2021-12-17,12:30pm,EUR,German PPI m/m,Low,0.8%,3.8%
2021-12-17,2:30pm,EUR,German ifo Business Climate,Medium,94.7,96.6
2021-12-17,3:30pm,EUR,Final Core CPI y/y,Low,2.6%,2.6%
2021-12-17,3:30pm,EUR,Final CPI y/y,Low,4.9%,4.9%
2021-12-20,2:30pm,EUR,Current Account,Low,18.1B,17.6B
2021-12-20,8:30pm,USD,CB Leading Index m/m,Low,1.1%,0.9%
2021-12-21,8:30pm,EUR,German GfK Consumer Climate,Low,-6.8,-1.8
2021-12-21,4:30pm,USD,Current Account,Low,-215B,-198B
2021-12-21,8:27pm,EUR,Consumer Confidence,Low,-8,-7
2021-12-22,7:00pm,USD,Final GDP q/q,Medium,2.3%,2.1%
2021-12-22,7:00pm,USD,Final GDP Price Index q/q,Low,6.0%,5.9%
2021-12-22,8:30pm,USD,CB Consumer Confidence,Medium,115.8,111.9
2021-12-22,8:30pm,USD,Existing Home Sales,Medium,6.46M,6.34M
2021-12-22,9:00pm,USD,Crude Oil Inventories,Low,-4.7M,-4.6M
2021-12-23,12:30pm,EUR,German Import Prices m/m,Low,3.0%,3.8%
2021-12-23,12:30pm,USD,Core PCE Price Index m/m,High,0.5%,0.5%
2021-12-23,12:30pm,USD,Core Durable Goods Orders m/m,Medium,0.8%,0.3%
2021-12-23,12:30pm,USD,Durable Goods Orders m/m,Medium,2.5%,-0.4%
2021-12-23,12:30pm,USD,Personal Income m/m,Low,0.4%,0.5%
2021-12-23,12:30pm,USD,Personal Spending m/m,Low,0.6%,1.4%
2021-12-23,12:30pm,USD,Unemployment Claims,Low,205K,205K
2021-12-23,7:26pm,EUR,Belgian NBB Business Climate,Low,3.6,4.2
2021-12-23,8:30pm,USD,New Home Sales,Low,744K,662K
2021-12-23,8:30pm,USD,Revised UoM Consumer Sentiment,Low,70.6,70.4
2021-12-23,8:30pm,USD,Revised UoM Inflation Expectations,Low,4.8%,4.9%
2021-12-23,9:00pm,USD,Natural Gas Storage,Low,-55B,-88B
2021-12-28,7:30pm,USD,HPI m/m,Low,1.1%,0.9%
2021-12-28,7:30pm,USD,S&P/CS Composite-20 HPI y/y,Low,18.4%,19.1%
2021-12-28,8:30pm,USD,Richmond Manufacturing Index,Low,16,11
2021-12-29,8:30pm,EUR,M3 Money Supply y/y,Low,7.3%,7.7%
2021-12-29,8:30pm,EUR,Private Loans y/y,Low,4.2%,4.1%
2021-12-29,7:00pm,USD,Goods Trade Balance,Low,-97.8B,-83.2B
2021-12-29,7:00pm,USD,Prelim Wholesale Inventories m/m,Low,1.2%,2.3%
2021-12-29,8:30pm,USD,Pending Home Sales m/m,Low,-2.2%,7.5%
2021-12-29,9:00pm,USD,Crude Oil Inventories,Low,-3.6M,-4.7M
2021-12-30,12:30pm,EUR,Spanish Flash CPI y/y,Low,6.7%,5.5%
2021-12-30,7:00pm,USD,Unemployment Claims,Low,198K,206K
2021-12-30,8:15pm,USD,Chicago PMI,Low,63.1,61.8
2021-12-30,9:00pm,USD,Natural Gas Storage,Low,-136B,-55B
2022-01-03,1:45pm,EUR,Spanish Manufacturing PMI,Low,56.2,57.1
2022-01-03,2:15pm,EUR,Italian Manufacturing PMI,Low,62.0,62.8
2022-01-03,2:20pm,EUR,French Final Manufacturing PMI,Low,55.6,54.9
2022-01-03,2:25pm,EUR,German Final Manufacturing PMI,Low,57.4,57.9
2022-01-03,2:30pm,EUR,Final Manufacturing PMI,Low,58.0,58.0
2022-01-03,8:15pm,USD,Final Manufacturing PMI,Low,57.7,57.8
2022-01-03,8:30pm,USD,Construction Spending m/m,Low,0.4%,0.4%
2022-01-04,12:30pm,EUR,German Retail Sales m/m,Low,0.6%,0.5%
2022-01-04,1:15pm,EUR,French Prelim CPI m/m,Low,0.2%,0.4%
2022-01-04,1:32pm,EUR,Spanish Unemployment Change,Medium,-76.8K,-74.4K
2022-01-04,2:25pm,EUR,German Unemployment Change,Low,-23K,-34K
2022-01-04,8:30pm,USD,ISM Manufacturing PMI,High,58.7,61.1
2022-01-04,8:30pm,USD,JOLTS Job Openings,High,10.56M,11.09M
2022-01-04,8:30pm,USD,ISM Manufacturing Prices,Low,68.2,82.4
2022-01-04,All Day,USD,Wards Total Vehicle Sales,Low,12.4M,12.9M
2022-01-05,1:45pm,EUR,Spanish Services PMI,Low,55.8,59.8
2022-01-05,2:15pm,EUR,Italian Services PMI,Low,53.0,55.9
2022-01-05,2:20pm,EUR,French Final Services PMI,Low,57.0,57.1
2022-01-05,2:25pm,EUR,German Final Services PMI,Low,48.7,48.4
2022-01-05,2:30pm,EUR,Final Services PMI,Low,53.1,53.3
2022-01-05,3:30pm,EUR,Italian Prelim CPI m/m,Low,0.4%,0.6%
2022-01-05,4:03pm,EUR,German 10-y Bond Auction,Low,-0.09|1.5,-0.38|1.3
2022-01-05,6:45pm,USD,ADP Non-Farm Employment Change,High,807K,505K
2022-01-05,8:15pm,USD,Final Services PMI,Low,57.6,57.5
2022-01-05,9:00pm,USD,Crude Oil Inventories,Low,-2.1M,-3.6M
2022-01-06,12:30pm,EUR,German Factory Orders m/m,Low,3.7%,-5.8%
2022-01-06,All Day,EUR,German Prelim CPI m/m,Low,0.5%,-0.2%
2022-01-06,3:30pm,EUR,PPI m/m,Low,1.8%,5.4%
2022-01-06,3:37pm,EUR,French 10-y Bond Auction,Low,0.30|2.1,-0.19|2.7
2022-01-06,6:00pm,USD,Challenger Job Cuts y/y,Low,-75.3%,-77.0%
2022-01-06,6:00pm,USD,Unemployment Claims,Medium,207K,200K
2022-01-06,6:00pm,USD,Trade Balance,Low,-80.2B,-67.2B
2022-01-06,8:30pm,USD,ISM Services PMI,High,62.0,69.1
2022-01-06,8:30pm,USD,Factory Orders m/m,Low,1.6%,1.2%
2022-01-06,9:00pm,USD,Natural Gas Storage,Low,-31B,-136B
2022-01-07,12:30pm,EUR,German Industrial Production m/m,Low,-0.2%,2.4%
2022-01-07,12:30pm,EUR,German Trade Balance,Low,10.9B,12.4B
2022-01-07,1:15pm,EUR,French Consumer Spending m/m,Low,0.8%,-0.6%
2022-01-07,1:15pm,EUR,French Industrial Production m/m,Low,-0.4%,0.9%
2022-01-07,1:15pm,EUR,French Trade Balance,Low,-9.7B,-7.7B
2022-01-07,3:30pm,EUR,Core CPI Flash Estimate y/y,Low,2.6%,2.6%
2022-01-07,3:30pm,EUR,CPI Flash Estimate y/y,Low,5.0%,4.9%
2022-01-07,3:30pm,EUR,Retail Sales m/m,Low,1.0%,0.3%
2022-01-07,3:30pm,USD,Average Hourly Earnings m/m,High,0.6%,0.4%
2022-01-07,3:30pm,USD,Non-Farm Employment Change,High,199K,249K
2022-01-07,3:30pm,USD,Unemployment Rate,High,3.9%,4.2%
2022-01-08,1:30am,USD,Consumer Credit m/m,Low,40.0B,16.0B
2022-01-10,2:30pm,EUR,Italian Monthly Unemployment Rate,Low,9.2%,9.4%
2022-01-10,3:00pm,EUR,Sentix Investor Confidence,Low,14.9,13.5
2022-01-10,3:30pm,EUR,Unemployment Rate,Low,7.2%,7.3%
2022-01-10,8:30pm,USD,Final Wholesale Inventories m/m,Low,1.4%,1.2%
2022-01-11,2:30pm,EUR,Italian Retail Sales m/m,Low,-0.4%,0.2%
2022-01-11,4:20pm,USD,NFIB Small Business Index,Low,98.9,98.4
2022-01-11,4:20pm,USD,RCM/TIPP Economic Optimism,Low,44.7,48.4
2022-01-12,12:30pm,EUR,German WPI m/m,Low,0.2%,1.3%
2022-01-12,3:30pm,EUR,Industrial Production m/m,Low,2.3%,-1.3%
2022-01-12,4:05pm,EUR,German 30-y Bond Auction,Low,0.28|1.1,0.08|1.1
2022-01-12,7:00pm,USD,Core CPI m/m,High,0.6%,0.5%
2022-01-12,7:00pm,USD,CPI m/m,High,0.5%,0.8%
2022-01-12,7:00pm,USD,CPI y/y,High,7.0%,6.8%
2022-01-12,9:00pm,USD,Crude Oil Inventories,Medium,-4.6M,-2.1M
2022-01-12,11:31pm,USD,10-y Bond Auction,Medium,1.72|2.5,1.52|2.4
2022-01-13,11:31pm,USD,Federal Budget Balance,Low,-21.3B,-191.3B
2022-01-13,11:28am,EUR,Italian Industrial Production m/m,Low,1.9%,-0.5%
2022-01-13,7:00pm,USD,PPI m/m,High,0.2%,0.8%
2022-01-13,7:00pm,USD,Core PPI m/m,Medium,0.5%,0.7%
2022-01-13,7:00pm,USD,Unemployment Claims,Medium,230K,207K
2022-01-13,9:00pm,USD,Natural Gas Storage,Low,-179B,-31B
2022-01-13,11:31pm,USD,30-y Bond Auction,Medium,2.08|2.4,1.90|2.2
2022-01-14,1:15pm,EUR,French Final CPI m/m,Low,0.2%,0.2%
2022-01-14,1:15pm,EUR,French Gov Budget Balance,Low,-181.0B,-171.6B
2022-01-14,3:30pm,EUR,Trade Balance,Low,-1.3B,1.8B
2022-01-14,7:00pm,USD,Core Retail Sales m/m,High,-2.3%,0.1%
2022-01-14,7:00pm,USD,Retail Sales m/m,High,-1.9%,0.2%
2022-01-14,7:00pm,USD,Import Prices m/m,Low,-0.2%,0.7%
2022-01-14,7:45pm,USD,Industrial Production m/m,Medium,-0.1%,0.7%
2022-01-14,7:45pm,USD,Capacity Utilization Rate,Low,76.5%,76.6%
2022-01-14,8:30pm,USD,Prelim UoM Consumer Sentiment,Medium,68.8,70.6
2022-01-14,8:30pm,USD,Business Inventories m/m,Low,1.3%,1.3%
2022-01-14,8:30pm,USD,Prelim UoM Inflation Expectations,Low,4.9%,4.8%
2022-01-18,2:30pm,EUR,Italian Trade Balance,Low,4.16B,3.89B
2022-01-18,3:30pm,EUR,ZEW Economic Sentiment,Medium,49.4,26.8
2022-01-18,3:30pm,EUR,German ZEW Economic Sentiment,Medium,51.7,29.9
2022-01-18,7:00pm,USD,Empire State Manufacturing Index,Medium,-0.7,31.9
2022-01-18,8:30pm,USD,NAHB Housing Market Index,Low,83,84
2022-01-19,2:30am,USD,TIC Long-Term Purchases,Low,137.4B,7.1B
2022-01-19,12:30pm,EUR,German Final CPI m/m,Low,0.5%,0.5%
2022-01-19,2:30pm,EUR,Current Account,Low,23.6B,19.4B
2022-01-19,3:00pm,USD,Building Permits,Low,1.87M,1.71M
2022-01-19,3:00pm,USD,Housing Starts,Low,1.70M,1.68M
2022-01-20,12:30pm,EUR,German PPI m/m,Low,5.0%,0.8%
2022-01-20,3:18pm,EUR,Spanish 10-y Bond Auction,Low,0.43|1.9,0.39|2.1
2022-01-20,3:30pm,EUR,Final Core CPI y/y,Low,2.6%,2.6%
2022-01-20,3:30pm,EUR,Final CPI y/y,Low,5.0%,5.0%
2022-01-20,7:00pm,USD,Philly Fed Manufacturing Index,Medium,23.2,15.4
2022-01-20,7:00pm,USD,Unemployment Claims,Medium,286K,231K
2022-01-20,8:30pm,USD,Existing Home Sales,Medium,6.18M,6.48M
2022-01-20,9:00pm,USD,Natural Gas Storage,Low,-206B,-179B
2022-01-20,9:30pm,USD,Crude Oil Inventories,Medium,0.5M,-4.6M
2022-01-21,8:27pm,EUR,Consumer Confidence,Low,-9,-8
2022-01-21,8:30pm,USD,CB Leading Index m/m,Low,0.8%,0.7%
2022-01-24,1:45pm,EUR,French Flash Services PMI,Medium,53.1,57.0
2022-01-24,1:45pm,EUR,French Flash Manufacturing PMI,Low,55.5,55.6
2022-01-24,2:00pm,EUR,German Flash Manufacturing PMI,High,60.5,57.4
2022-01-24,2:00pm,EUR,German Flash Services PMI,High,52.2,48.7
2022-01-24,2:30pm,EUR,Flash Manufacturing PMI,Low,59.0,58.0
2022-01-24,2:30pm,EUR,Flash Services PMI,Low,51.2,53.1
2022-01-24,8:15pm,USD,Flash Manufacturing PMI,Medium,55.0,57.7
2022-01-24,8:15pm,USD,Flash Services PMI,Medium,50.9,57.6
2022-01-25,2:30pm,EUR,German ifo Business Climate,Medium,95.7,94.8
2022-01-25,7:26pm,EUR,Belgian NBB Business Climate,Low,2.7,3.6
2022-01-25,7:30pm,USD,HPI m/m,Low,1.1%,1.1%
2022-01-25,7:30pm,USD,S&P/CS Composite-20 HPI y/y,Low,18.3%,18.5%
2022-01-25,8:29pm,USD,Richmond Manufacturing Index,Low,8,16
2022-01-25,8:30pm,USD,CB Consumer Confidence,Medium,113.8,115.2
2022-01-26,4:02pm,EUR,German 10-y Bond Auction,Low,-0.08|1.4,-0.09|1.5
2022-01-26,7:00pm,USD,Goods Trade Balance,Low,-101.0B,-98.0B
2022-01-26,7:00pm,USD,Prelim Wholesale Inventories m/m,Low,2.1%,1.4%
2022-01-26,7:00pm,USD,New Home Sales,Low,811K,725K
2022-01-26,9:00pm,USD,Crude Oil Inventories,Medium,2.4M,0.5M
2022-01-27,12:30am,USD,Federal Funds Rate,High,<0.25%,<0.25%
2022-01-27,12:30am,EUR,German GfK Consumer Climate,Low,-6.7,-6.9
2022-01-27,1:30pm,EUR,Spanish Unemployment Rate,Low,13.3%,14.6%
2022-01-27,7:00pm,USD,Advance GDP q/q,High,6.9%,2.3%
2022-01-27,7:00pm,USD,Advance GDP Price Index q/q,Medium,6.9%,6.0%
2022-01-27,7:00pm,USD,Core Durable Goods Orders m/m,Medium,0.4%,0.9%
2022-01-27,7:00pm,USD,Durable Goods Orders m/m,Medium,-0.9%,2.6%
2022-01-27,7:00pm,USD,Unemployment Claims,Medium,260K,290K
2022-01-27,8:30pm,USD,Pending Home Sales m/m,Medium,-3.8%,-2.3%
2022-01-27,9:00pm,USD,Natural Gas Storage,Low,-219B,-206B
2022-01-28,12:00pm,EUR,French Consumer Spending m/m,Low,0.2%,0.9%
2022-01-28,12:00pm,EUR,French Flash GDP q/q,Low,0.7%,3.1%
2022-01-28,12:30pm,EUR,German Import Prices m/m,Low,0.1%,3.0%
2022-01-28,12:30pm,EUR,Spanish Flash GDP q/q,Low,2.0%,2.6%
2022-01-28,2:30pm,EUR,M3 Money Supply y/y,Low,6.9%,7.4%
2022-01-28,2:30pm,EUR,German Prelim GDP q/q,Low,-0.7%,1.7%
2022-01-28,2:30pm,EUR,Private Loans y/y,Low,4.1%,4.2%
2022-01-28,3:50pm,EUR,Italian 10-y Bond Auction,Low,1.39|1.4,1.02|1.5
2022-01-28,7:00pm,USD,Core PCE Price Index m/m,High,0.5%,0.5%
2022-01-28,7:00pm,USD,Employment Cost Index q/q,Low,1.0%,1.3%
2022-01-28,7:00pm,USD,Personal Income m/m,Low,0.3%,0.5%
2022-01-28,7:00pm,USD,Personal Spending m/m,Low,-0.6%,0.4%
2022-01-28,8:30pm,USD,Revised UoM Consumer Sentiment,Medium,67.2,68.8
2022-01-28,8:30pm,USD,Revised UoM Inflation Expectations,Low,4.9%,4.9%
2022-01-31,All Day,EUR,German Prelim CPI m/m,Low,0.4%,0.5%
2022-01-31,1:30pm,EUR,Spanish Flash CPI y/y,Low,6.0%,6.5%
2022-01-31,3:30pm,EUR,Prelim Flash GDP q/q,Low,0.3%,2.3%
2022-01-31,3:30pm,EUR,Italian Prelim GDP q/q,Low,0.6%,2.6%
2022-01-31,8:15pm,USD,Chicago PMI,Medium,65.2,63.1
2022-02-01,12:30pm,EUR,German Retail Sales m/m,Low,-5.5%,0.8%
2022-02-01,1:15pm,EUR,French Prelim CPI m/m,Low,0.3%,0.2%
2022-02-01,1:45pm,EUR,Spanish Manufacturing PMI,Low,56.2,56.2
2022-02-01,2:15pm,EUR,Italian Manufacturing PMI,Low,58.3,62.0
2022-02-01,2:20pm,EUR,French Final Manufacturing PMI,Low,55.5,55.5
2022-02-01,2:25pm,EUR,German Final Manufacturing PMI,Low,59.8,60.5
2022-02-01,2:25pm,EUR,German Unemployment Change,Low,-48K,-29K
2022-02-01,2:30pm,EUR,Final Manufacturing PMI,Low,58.7,59.0
2022-02-01,2:30pm,EUR,Italian Monthly Unemployment Rate,Low,9.0%,9.1%
2022-02-01,3:30pm,EUR,Unemployment Rate,Low,7.0%,7.1%
2022-02-01,8:15pm,USD,Final Manufacturing PMI,Low,55.5,55.0
2022-02-01,8:30pm,USD,ISM Manufacturing PMI,High,57.6,58.7
2022-02-01,8:30pm,USD,JOLTS Job Openings,High,10.93M,10.78M
2022-02-01,8:30pm,USD,Construction Spending m/m,Low,0.2%,0.6%
2022-02-01,8:30pm,USD,ISM Manufacturing Prices,Low,76.1,68.2
2022-02-01,All Day,USD,Wards Total Vehicle Sales,Low,15.0M,12.4M
2022-02-02,1:15pm,EUR,French Gov Budget Balance,Low,-170.7B,-181.0B
2022-02-02,1:30pm,EUR,Spanish Unemployment Change,Medium,17.2K,-76.8K
2022-02-02,3:30pm,EUR,Core CPI Flash Estimate y/y,Low,2.3%,2.6%
2022-02-02,3:30pm,EUR,CPI Flash Estimate y/y,Low,5.1%,5.0%
2022-02-02,3:30pm,EUR,Italian Prelim CPI m/m,Low,1.6%,0.4%
2022-02-02,6:45pm,USD,ADP Non-Farm Employment Change,High,-301K,776K
2022-02-02,9:00pm,USD,Crude Oil Inventories,Medium,-1.0M,2.4M
2022-02-03,1:45pm,EUR,Spanish Services PMI,Low,46.6,55.8
2022-02-03,2:15pm,EUR,Italian Services PMI,Low,48.5,53.0
2022-02-03,2:20pm,EUR,French Final Services PMI,Low,53.1,53.1
2022-02-03,2:25pm,EUR,German Final Services PMI,Low,52.2,52.2
2022-02-03,2:30pm,EUR,Final Services PMI,Low,51.1,51.2
2022-02-03,3:18pm,EUR,Spanish 10-y Bond Auction,Low,0.85|1.6,0.43|1.9
2022-02-03,3:30pm,EUR,PPI m/m,Low,2.9%,1.8%
2022-02-03,3:36pm,EUR,French 10-y Bond Auction,Low,0.45|2.6,0.30|2.1
2022-02-03,3:36pm,USD,Challenger Job Cuts y/y,Low,-76.0%,-75.3%
2022-02-03,6:15pm,EUR,Main Refinancing Rate,High,0.00%,0.00%
2022-02-03,6:15pm,USD,Unemployment Claims,Medium,238K,261K
2022-02-03,6:15pm,USD,Prelim Nonfarm Productivity q/q,Low,6.6%,-5.2%
2022-02-03,6:15pm,USD,Prelim Unit Labor Costs q/q,Low,0.3%,9.6%
2022-02-03,8:15pm,USD,Final Services PMI,Low,51.2,50.9
2022-02-03,8:30pm,USD,ISM Services PMI,High,59.9,62.0
2022-02-03,8:30pm,USD,Factory Orders m/m,Low,-0.4%,1.8%
2022-02-03,9:00pm,USD,Natural Gas Storage,Low,-268B,-219B
2022-02-04,12:30pm,EUR,German Factory Orders m/m,Low,2.8%,3.6%
2022-02-04,1:15pm,EUR,French Industrial Production m/m,Low,-0.2%,-0.5%
2022-02-04,1:15pm,EUR,French Prelim Private Payrolls q/q,Low,0.5%,0.5%
2022-02-04,3:30pm,EUR,Retail Sales m/m,Low,-3.0%,1.0%
2022-02-04,3:30pm,USD,Average Hourly Earnings m/m,High,0.7%,0.5%
2022-02-04,3:30pm,USD,Non-Farm Employment Change,High,467K,510K
2022-02-04,3:30pm,USD,Unemployment Rate,High,4.0%,3.9%
2022-02-07,12:30pm,EUR,German Industrial Production m/m,Low,-0.3%,0.3%
2022-02-07,3:00pm,EUR,Sentix Investor Confidence,Low,16.6,14.9
2022-02-08,1:30am,USD,Consumer Credit m/m,Low,18.9B,38.8B
2022-02-08,1:15pm,EUR,French Trade Balance,Low,-11.3B,-9.8B
2022-02-08,2:30pm,EUR,Italian Retail Sales m/m,Low,0.9%,-0.4%
2022-02-08,4:26pm,USD,NFIB Small Business Index,Low,97.1,98.9
2022-02-08,4:26pm,USD,Trade Balance,Low,-80.7B,-79.3B
2022-02-08,8:26pm,USD,RCM/TIPP Economic Optimism,Low,44.0,44.7
2022-02-09,12:30pm,EUR,German Trade Balance,Low,6.8B,10.8B
2022-02-09,2:30pm,EUR,Italian Industrial Production m/m,Low,-1.0%,2.1%
2022-02-09,4:02pm,EUR,German 30-y Bond Auction,Low,0.39|1.2,0.28|1.1
2022-02-09,8:30pm,USD,Final Wholesale Inventories m/m,Low,2.2%,2.1%
2022-02-09,9:00pm,USD,Crude Oil Inventories,Medium,-4.8M,-1.0M
2022-02-09,11:31pm,USD,10-y Bond Auction,Medium,1.90|2.7,1.72|2.5
2022-02-10,7:00pm,USD,Core CPI m/m,High,0.6%,0.6%
2022-02-10,7:00pm,USD,CPI m/m,High,0.6%,0.5%
2022-02-10,7:00pm,USD,CPI y/y,High,7.5%,7.0%
2022-02-10,7:00pm,USD,Unemployment Claims,Medium,223K,239K
2022-02-10,8:30pm,USD,Mortgage Delinquencies,Low,4.65%,4.88%
2022-02-10,9:00pm,USD,Natural Gas Storage,Low,-222B,-268B
2022-02-10,11:31pm,USD,30-y Bond Auction,Medium,2.34|2.3,2.08|2.4
2022-02-11,12:30am,USD,Federal Budget Balance,Low,118.7B,-21.3B
2022-02-11,12:30pm,EUR,German Final CPI m/m,Low,0.4%,0.4%
2022-02-11,12:30pm,EUR,German WPI m/m,Low,2.3%,0.2%
2022-02-11,8:30pm,USD,Prelim UoM Consumer Sentiment,Medium,61.7,67.2
2022-02-11,8:30pm,USD,Prelim UoM Inflation Expectations,Low,5.0%,4.9%
2022-02-15,3:30pm,EUR,ZEW Economic Sentiment,Medium,48.6,49.4
2022-02-15,3:30pm,EUR,German ZEW Economic Sentiment,Medium,54.3,51.7
2022-02-15,3:30pm,EUR,Flash Employment Change q/q,Low,0.5%,1.0%
2022-02-15,3:30pm,EUR,Flash GDP q/q,Low,0.3%,0.3%
2022-02-15,3:30pm,EUR,Trade Balance,Low,-9.7B,-1.8B
2022-02-15,7:00pm,USD,PPI m/m,High,1.0%,0.2%
2022-02-15,7:00pm,USD,Core PPI m/m,Medium,0.8%,0.5%
2022-02-15,7:00pm,USD,Empire State Manufacturing Index,Medium,3.1,-0.7
2022-02-16,2:30am,USD,TIC Long-Term Purchases,Low,114.5B,137.9B
2022-02-16,3:30pm,EUR,Industrial Production m/m,Low,1.2%,2.4%
2022-02-16,4:02pm,EUR,German 10-y Bond Auction,Low,0.31|2.0,-0.08|1.4
2022-02-16,4:02pm,USD,Core Retail Sales m/m,High,3.3%,-2.8%
2022-02-16,4:02pm,USD,Retail Sales m/m,High,3.8%,-2.5%
2022-02-16,4:02pm,USD,Import Prices m/m,Low,2.0%,-0.4%
2022-02-16,7:45pm,USD,Industrial Production m/m,Medium,1.4%,-0.1%
2022-02-16,7:45pm,USD,Capacity Utilization Rate,Low,77.6%,76.6%
2022-02-16,8:30pm,USD,Business Inventories m/m,Low,2.1%,1.5%
2022-02-16,8:30pm,USD,NAHB Housing Market Index,Low,82,83
2022-02-16,9:00pm,USD,Crude Oil Inventories,Medium,1.1M,-4.8M
2022-02-17,5:20am,EUR,Italian Trade Balance,Low,1.10B,4.18B
2022-02-17,3:05pm,EUR,Spanish 10-y Bond Auction,Low,1.23|1.5,0.85|1.6
2022-02-17,3:05pm,USD,Philly Fed Manufacturing Index,Medium,16.0,23.2
2022-02-17,3:05pm,USD,Unemployment Claims,Medium,248K,225K
2022-02-17,3:05pm,USD,Building Permits,Low,1.90M,1.89M
2022-02-17,3:05pm,USD,Housing Starts,Low,1.64M,1.71M
2022-02-17,9:00pm,USD,Natural Gas Storage,Low,-190B,-222B
2022-02-18,1:15pm,EUR,French Final CPI m/m,Low,0.3%,0.3%
2022-02-18,2:30pm,EUR,Current Account,Low,22.6B,23.6B
2022-02-18,8:27pm,EUR,Consumer Confidence,Low,-9,-9
2022-02-18,8:30pm,USD,Existing Home Sales,Medium,6.50M,6.09M
2022-02-18,8:30pm,USD,CB Leading Index m/m,Low,-0.3%,0.7%
2022-02-21,12:30pm,EUR,German PPI m/m,Low,2.2%,5.0%
2022-02-21,1:45pm,EUR,French Flash Services PMI,Medium,57.9,53.1
2022-02-21,1:45pm,EUR,French Flash Manufacturing PMI,Low,57.6,55.5
2022-02-21,2:00pm,EUR,German Flash Manufacturing PMI,High,58.5,59.8
2022-02-21,2:00pm,EUR,German Flash Services PMI,High,56.6,52.2
2022-02-21,2:30pm,EUR,Flash Manufacturing PMI,Low,58.4,58.7
2022-02-21,2:30pm,EUR,Flash Services PMI,Low,55.8,51.1
2022-02-22,2:30pm,EUR,German ifo Business Climate,Medium,98.9,96.0
2022-02-22,7:26pm,EUR,Belgian NBB Business Climate,Low,2.3,2.7
2022-02-22,7:30pm,USD,HPI m/m,Low,1.2%,1.2%
2022-02-22,7:30pm,USD,S&P/CS Composite-20 HPI y/y,Low,18.6%,18.3%
2022-02-22,8:15pm,USD,Flash Manufacturing PMI,Medium,57.5,55.5
2022-02-22,8:15pm,USD,Flash Services PMI,Medium,56.7,51.2
2022-02-22,8:29pm,USD,Richmond Manufacturing Index,Low,1,8
2022-02-22,8:30pm,USD,CB Consumer Confidence,Medium,110.5,111.1
2022-02-23,12:30pm,EUR,German GfK Consumer Climate,Low,-8.1,-6.7
2022-02-23,3:30pm,EUR,Final Core CPI y/y,Low,2.3%,2.3%
2022-02-23,3:30pm,EUR,Final CPI y/y,Low,5.1%,5.1%
2022-02-24,7:00pm,USD,Prelim GDP q/q,High,7.0%,6.9%
2022-02-24,7:00pm,USD,Unemployment Claims,Medium,232K,249K
2022-02-24,7:00pm,USD,Prelim GDP Price Index q/q,Low,7.1%,6.9%
2022-02-24,8:30pm,USD,New Home Sales,Low,801K,839K
2022-02-24,9:00pm,USD,Natural Gas Storage,Low,-129B,-190B
2022-02-24,9:30pm,USD,Crude Oil Inventories,Medium,4.5M,1.1M
2022-02-25,12:30pm,EUR,German Final GDP q/q,Low,-0.3%,-0.7%
2022-02-25,12:30pm,EUR,German Import Prices m/m,Low,4.3%,0.1%
2022-02-25,1:15pm,EUR,French Consumer Spending m/m,Low,-1.5%,0.0%
2022-02-25,1:15pm,EUR,French Prelim CPI m/m,Low,0.7%,0.3%
2022-02-25,1:15pm,EUR,French Prelim GDP q/q,Low,0.7%,0.7%
2022-02-25,2:30pm,EUR,M3 Money Supply y/y,Low,6.4%,6.9%
2022-02-25,2:30pm,EUR,Private Loans y/y,Low,4.3%,4.2%
2022-02-25,3:45pm,EUR,Italian 10-y Bond Auction,Low,1.81|1.4,1.39|1.4
2022-02-25,7:00pm,USD,Core PCE Price Index m/m,High,0.5%,0.5%
2022-02-25,7:00pm,USD,Core Durable Goods Orders m/m,Medium,0.7%,0.6%
2022-02-25,7:00pm,USD,Durable Goods Orders m/m,Medium,1.6%,-0.7%
2022-02-25,7:00pm,USD,Personal Income m/m,Low,0.0%,0.4%
2022-02-25,7:00pm,USD,Personal Spending m/m,Low,2.1%,-0.8%
2022-02-25,8:30pm,USD,Revised UoM Consumer Sentiment,Medium,62.8,61.7
2022-02-25,8:30pm,USD,Pending Home Sales m/m,Low,-5.7%,-2.3%
2022-02-25,8:30pm,USD,Revised UoM Inflation Expectations,Low,4.9%,5.0%
2022-02-28,10:30am,EUR,Spanish Flash CPI y/y,Low,7.4%,6.1%
2022-02-28,10:30am,USD,Goods Trade Balance,Low,-107.6B,-100.5B
2022-02-28,10:30am,USD,Prelim Wholesale Inventories m/m,Low,0.8%,2.2%
2022-02-28,8:15pm,USD,Chicago PMI,Medium,56.3,65.2
2022-03-01,All Day,EUR,German Prelim CPI m/m,Low,0.9%,0.4%
2022-03-01,1:45pm,EUR,Spanish Manufacturing PMI,Low,56.9,56.2
2022-03-01,2:15pm,EUR,Italian Manufacturing PMI,Low,58.3,58.3
2022-03-01,2:20pm,EUR,French Final Manufacturing PMI,Low,57.2,57.6
2022-03-01,2:25pm,EUR,German Final Manufacturing PMI,Low,58.4,58.5
2022-03-01,2:30pm,EUR,Final Manufacturing PMI,Low,58.2,58.4
2022-03-01,3:30pm,EUR,Italian Prelim CPI m/m,Low,0.9%,1.6%
2022-03-01,8:15pm,USD,Final Manufacturing PMI,Low,57.3,57.5
2022-03-01,8:30pm,USD,ISM Manufacturing PMI,High,58.6,57.6
2022-03-01,8:30pm,USD,Construction Spending m/m,Low,1.3%,0.8%
2022-03-01,8:30pm,USD,ISM Manufacturing Prices,Low,75.6,76.1
2022-03-01,All Day,USD,Wards Total Vehicle Sales,Low,14.1M,15.0M
2022-03-02,1:15pm,EUR,French Gov Budget Balance,Low,-15.9B,-170.7B
2022-03-02,1:30pm,EUR,Spanish Unemployment Change,Medium,-11.4K,17.2K
2022-03-02,2:25pm,EUR,German Unemployment Change,Low,-33K,-48K
2022-03-02,3:30pm,EUR,Core CPI Flash Estimate y/y,Medium,2.7%,2.3%
2022-03-02,3:30pm,EUR,CPI Flash Estimate y/y,Medium,5.8%,5.1%
2022-03-02,4:05pm,EUR,German 10-y Bond Auction,Low,-0.20|1.2,0.31|2.0
2022-03-02,6:47pm,USD,ADP Non-Farm Employment Change,High,475K,509K
2022-03-02,9:00pm,USD,Crude Oil Inventories,Medium,-2.6M,4.5M
2022-03-03,1:45pm,EUR,Spanish Services PMI,Low,56.6,46.6
2022-03-03,2:15pm,EUR,Italian Services PMI,Low,52.8,48.5
2022-03-03,2:20pm,EUR,French Final Services PMI,Low,55.5,57.9
2022-03-03,2:25pm,EUR,German Final Services PMI,Low,55.8,56.6
2022-03-03,2:30pm,EUR,Final Services PMI,Low,55.5,55.8
2022-03-03,2:30pm,EUR,Italian Monthly Unemployment Rate,Low,8.8%,9.0%
2022-03-03,3:30pm,EUR,PPI m/m,Low,5.2%,3.0%
2022-03-03,3:30pm,EUR,Unemployment Rate,Low,6.8%,7.0%
2022-03-03,3:34pm,EUR,French 10-y Bond Auction,Low,0.52|1.7,0.45|2.6
2022-03-03,3:34pm,USD,Challenger Job Cuts y/y,Low,-55.9%,-76.0%
2022-03-03,7:00pm,USD,Unemployment Claims,Medium,215K,233K
2022-03-03,7:00pm,USD,Revised Nonfarm Productivity q/q,Low,6.6%,6.6%
2022-03-03,7:00pm,USD,Revised Unit Labor Costs q/q,Low,0.9%,0.3%
2022-03-03,8:15pm,USD,Final Services PMI,Low,56.5,56.7
2022-03-03,8:15pm,USD,ISM Services PMI,High,56.5,59.9
2022-03-03,8:15pm,USD,Factory Orders m/m,Low,1.4%,0.7%
2022-03-03,9:00pm,USD,Natural Gas Storage,Low,-139B,-129B
2022-03-04,12:30pm,EUR,German Trade Balance,Low,9.4B,8.1B
2022-03-04,1:15pm,EUR,French Industrial Production m/m,Low,1.6%,-0.1%
2022-03-04,3:30pm,EUR,Retail Sales m/m,Low,0.2%,-2.7%
2022-03-04,3:30pm,USD,Average Hourly Earnings m/m,High,0.0%,0.6%
2022-03-04,3:30pm,USD,Non-Farm Employment Change,High,678K,481K
2022-03-04,3:30pm,USD,Unemployment Rate,High,3.8%,4.0%
2022-03-07,12:30pm,EUR,German Factory Orders m/m,Low,1.8%,3.0%
2022-03-07,12:30pm,EUR,German Retail Sales m/m,Low,2.0%,-4.6%
2022-03-07,3:00pm,EUR,Sentix Investor Confidence,Low,-7.0,16.6
2022-03-08,1:30am,USD,Consumer Credit m/m,Low,6.8B,22.4B
2022-03-08,12:30pm,EUR,German Industrial Production m/m,Low,2.7%,1.1%
2022-03-08,2:30pm,EUR,Italian Retail Sales m/m,Low,-0.5%,0.8%
2022-03-08,3:30pm,EUR,Final Employment Change q/q,Low,0.5%,0.5%
2022-03-08,3:30pm,EUR,Revised GDP q/q,Low,0.3%,0.3%
2022-03-08,4:30pm,USD,NFIB Small Business Index,Low,95.7,97.1
2022-03-08,4:30pm,USD,Trade Balance,Low,-89.7B,-82.0B
2022-03-08,8:30pm,USD,Final Wholesale Inventories m/m,Low,0.8%,0.8%
2022-03-08,8:31pm,USD,RCM/TIPP Economic Optimism,Low,41.0,44.0
2022-03-09,12:00pm,EUR,French Final Private Payrolls q/q,Low,0.6%,0.5%
2022-03-09,2:30pm,EUR,Italian Industrial Production m/m,Low,-3.4%,-1.1%
2022-03-09,8:30pm,USD,JOLTS Job Openings,High,11.26M,11.45M
2022-03-09,9:00pm,USD,Crude Oil Inventories,Medium,-1.9M,-2.6M
2022-03-09,11:31pm,USD,10-y Bond Auction,Medium,1.92|2.5,1.90|2.7
2022-03-10,6:00pm,USD,CPI y/y,High,7.9%,7.5%
2022-03-10,6:15pm,EUR,Main Refinancing Rate,High,0.00%,0.00%
2022-03-10,6:15pm,USD,Core CPI m/m,High,0.5%,0.6%
2022-03-10,6:15pm,USD,CPI m/m,High,0.8%,0.6%
2022-03-10,6:15pm,USD,Unemployment Claims,Medium,227K,216K
2022-03-10,9:00pm,USD,Natural Gas Storage,Low,-124B,-139B
2022-03-10,11:31pm,USD,30-y Bond Auction,Medium,2.38|2.5,2.34|2.3
2022-03-11,12:30am,USD,Federal Budget Balance,Low,-216.6B,118.7B
2022-03-11,12:30pm,EUR,German Final CPI m/m,Low,0.9%,0.9%
2022-03-11,2:30pm,EUR,Italian Quarterly Unemployment Rate,Low,9.1%,9.1%
2022-03-11,8:30pm,USD,Prelim UoM Consumer Sentiment,High,59.7,62.8
2022-03-11,8:30pm,USD,Prelim UoM Inflation Expectations,Low,5.4%,4.9%
2022-03-14,12:30pm,EUR,German WPI m/m,Low,1.7%,2.3%
2022-03-14,1:15pm,EUR,French Trade Balance,Low,-8.0B,-11.4B
2022-03-15,1:15pm,EUR,French Final CPI m/m,Low,0.8%,0.7%
2022-03-15,3:30pm,EUR,ZEW Economic Sentiment,Medium,-38.7,48.6
2022-03-15,3:30pm,EUR,German ZEW Economic Sentiment,Medium,-39.3,54.3
2022-03-15,3:30pm,EUR,Industrial Production m/m,Low,0.0%,1.3%
2022-03-15,3:30pm,USD,PPI m/m,High,0.8%,1.0%
2022-03-15,3:30pm,USD,Core PPI m/m,Medium,0.2%,0.8%
2022-03-15,3:30pm,USD,Empire State Manufacturing Index,Medium,-11.8,3.1
2022-03-16,1:30am,USD,TIC Long-Term Purchases,Low,58.8B,114.5B
2022-03-16,4:05pm,EUR,German 10-y Bond Auction,Low,0.38|1.3,-0.20|1.2
2022-03-16,4:05pm,USD,Core Retail Sales m/m,High,0.2%,4.4%
2022-03-16,4:05pm,USD,Retail Sales m/m,High,0.3%,4.9%
2022-03-16,4:05pm,USD,Import Prices m/m,Low,1.4%,1.9%
2022-03-16,7:30pm,USD,Business Inventories m/m,Low,1.1%,2.4%
2022-03-16,7:30pm,USD,NAHB Housing Market Index,Low,79,81
2022-03-16,8:00pm,USD,Crude Oil Inventories,Medium,4.3M,-1.9M
2022-03-16,11:30pm,USD,Federal Funds Rate,High,0.50%,<0.25%
2022-03-17,3:30pm,EUR,Final Core CPI y/y,Low,2.7%,2.7%
2022-03-17,3:30pm,EUR,Final CPI y/y,Low,5.9%,5.8%
2022-03-17,6:00pm,USD,Philly Fed Manufacturing Index,Medium,27.4,16.0
2022-03-17,6:00pm,USD,Unemployment Claims,Medium,214K,229K
2022-03-17,6:00pm,USD,Building Permits,Low,1.86M,1.90M
2022-03-17,6:00pm,USD,Housing Starts,Low,1.77M,1.66M
2022-03-17,6:45pm,USD,Industrial Production m/m,Medium,0.5%,1.4%
2022-03-17,6:45pm,USD,Capacity Utilization Rate,Low,77.6%,77.3%
2022-03-17,8:00pm,USD,Natural Gas Storage,Low,-79B,-124B
2022-03-18,2:30pm,EUR,Italian Trade Balance,Low,-5.05B,1.10B
2022-03-18,3:30pm,EUR,Trade Balance,Low,-7.7B,-9.7B
2022-03-18,7:30pm,USD,Existing Home Sales,Medium,6.02M,6.49M
2022-03-18,7:30pm,USD,CB Leading Index m/m,Low,0.3%,-0.5%
2022-03-21,12:30pm,EUR,German PPI m/m,Low,1.4%,2.2%
2022-03-22,2:35pm,EUR,Current Account,Low,22.6B,22.6B
2022-03-22,7:29pm,USD,Richmond Manufacturing Index,Low,13,1
2022-03-23,7:30pm,USD,New Home Sales,Low,772K,788K
2022-03-23,7:30pm,USD,Crude Oil Inventories,Medium,-2.5M,4.3M
2022-03-23,8:20pm,EUR,Consumer Confidence,Low,-19,-9
2022-03-24,1:45pm,EUR,French Flash Services PMI,Medium,57.4,55.5
2022-03-24,1:45pm,EUR,French Flash Manufacturing PMI,Low,54.8,57.2
2022-03-24,1:45pm,EUR,German Flash Manufacturing PMI,High,57.6,58.4
2022-03-24,1:45pm,EUR,German Flash Services PMI,High,55.0,55.8
2022-03-24,1:45pm,EUR,Flash Manufacturing PMI,Low,57.0,58.2
2022-03-24,1:45pm,EUR,Flash Services PMI,Low,54.8,55.5
2022-03-24,6:00pm,USD,Core Durable Goods Orders m/m,Medium,-0.6%,0.8%
2022-03-24,6:00pm,USD,Durable Goods Orders m/m,Medium,-2.2%,1.6%
2022-03-24,6:00pm,USD,Unemployment Claims,Medium,187K,215K
2022-03-24,6:00pm,USD,Current Account,Low,-218B,-220B
2022-03-24,7:15pm,USD,Flash Manufacturing PMI,Medium,58.5,57.3
2022-03-24,7:15pm,USD,Flash Services PMI,Medium,58.9,56.5
2022-03-24,8:00pm,USD,Natural Gas Storage,Low,-51B,-79B
2022-03-25,2:30pm,EUR,German ifo Business Climate,Medium,90.8,98.5
2022-03-25,2:30pm,EUR,M3 Money Supply y/y,Low,6.3%,6.4%
2022-03-25,2:30pm,EUR,Private Loans y/y,Low,4.4%,4.3%
2022-03-25,7:26pm,EUR,Belgian NBB Business Climate,Low,0.4,2.3
2022-03-25,7:30pm,USD,Revised UoM Consumer Sentiment,Medium,59.4,59.7
2022-03-25,7:30pm,USD,Pending Home Sales m/m,Low,-4.1%,-5.8%
2022-03-25,7:30pm,USD,Revised UoM Inflation Expectations,Low,5.4%,5.4%
2022-03-28,6:00pm,USD,Goods Trade Balance,Low,-106.6B,-107.6B
2022-03-28,6:00pm,USD,Prelim Wholesale Inventories m/m,Low,2.1%,1.1%
2022-03-29,11:30am,EUR,German GfK Consumer Climate,Low,-15.5,-8.5
2022-03-29,11:30am,EUR,German Import Prices m/m,Low,1.3%,4.3%
2022-03-29,11:30am,USD,HPI m/m,Low,1.6%,1.3%
2022-03-29,11:30am,USD,S&P/CS Composite-20 HPI y/y,Low,19.1%,18.6%
2022-03-29,7:30pm,USD,JOLTS Job Openings,High,11.27M,11.28M
2022-03-29,7:30pm,USD,CB Consumer Confidence,Medium,107.2,105.7
2022-03-30,All Day,EUR,German Prelim CPI m/m,Low,2.5%,0.9%
2022-03-30,All Day,EUR,Spanish Flash CPI y/y,Low,9.8%,7.6%
2022-03-30,2:43pm,EUR,Italian 10-y Bond Auction,Low,2.14|1.3,1.81|1.4
2022-03-30,5:45pm,USD,ADP Non-Farm Employment Change,High,455K,486K
2022-03-30,6:00pm,USD,Final GDP q/q,Medium,6.9%,7.0%
2022-03-30,6:00pm,USD,Final GDP Price Index q/q,Low,7.1%,7.1%
2022-03-30,8:00pm,USD,Crude Oil Inventories,Medium,-3.4M,-2.5M
2022-03-31,11:30am,EUR,German Retail Sales m/m,Low,0.3%,1.4%
2022-03-31,12:15pm,EUR,French Consumer Spending m/m,Low,0.8%,-2.0%
2022-03-31,12:15pm,EUR,French Prelim CPI m/m,Low,1.4%,0.7%
2022-03-31,1:25pm,EUR,German Unemployment Change,Low,-18K,-33K
2022-03-31,1:30pm,EUR,Italian Monthly Unemployment Rate,Low,8.5%,8.6%
2022-03-31,2:30pm,EUR,Italian Prelim CPI m/m,Low,1.2%,0.9%
2022-03-31,2:30pm,EUR,Unemployment Rate,Low,6.8%,6.9%
2022-03-31,5:00pm,USD,Challenger Job Cuts y/y,Low,-30.1%,-55.9%
2022-03-31,5:00pm,USD,Core PCE Price Index m/m,High,0.4%,0.5%
2022-03-31,5:00pm,USD,Unemployment Claims,Medium,202K,188K
2022-03-31,5:00pm,USD,Personal Income m/m,Low,0.5%,0.1%
2022-03-31,5:00pm,USD,Personal Spending m/m,Low,0.2%,2.7%
2022-03-31,7:15pm,USD,Chicago PMI,Medium,62.9,56.3
2022-03-31,8:00pm,USD,Natural Gas Storage,Low,26B,-51B
2022-04-01,12:15pm,EUR,French Gov Budget Balance,Low,-37.6B,-15.9B
2022-04-01,12:45pm,EUR,Spanish Manufacturing PMI,Low,54.2,56.9
2022-04-01,1:15pm,EUR,Italian Manufacturing PMI,Low,55.8,58.3
2022-04-01,1:20pm,EUR,French Final Manufacturing PMI,Low,54.7,54.8
2022-04-01,1:25pm,EUR,German Final Manufacturing PMI,Low,56.9,57.6
2022-04-01,1:30pm,EUR,Final Manufacturing PMI,Low,56.5,57.0
2022-04-01,2:30pm,EUR,CPI Flash Estimate y/y,Medium,7.5%,5.9%
2022-04-01,2:30pm,EUR,Core CPI Flash Estimate y/y,Low,3.0%,2.7%
2022-04-01,6:00pm,USD,Average Hourly Earnings m/m,High,0.4%,0.1%
2022-04-01,6:00pm,USD,Non-Farm Employment Change,High,431K,750K
2022-04-01,6:00pm,USD,Unemployment Rate,High,3.6%,3.8%
2022-04-01,7:15pm,USD,Final Manufacturing PMI,Low,58.8,58.5
2022-04-01,7:30pm,USD,ISM Manufacturing PMI,High,57.1,58.6
2022-04-01,7:30pm,USD,Construction Spending m/m,Low,0.5%,1.6%
2022-04-01,7:30pm,USD,ISM Manufacturing Prices,Low,87.1,75.6
2022-04-01,All Day,USD,Wards Total Vehicle Sales,Low,13.3M,14.1M
2022-04-04,11:30am,EUR,German Trade Balance,Low,11.5B,8.8B
2022-04-04,12:30pm,EUR,Spanish Unemployment Change,Medium,-2.9K,-11.4K
2022-04-04,2:00pm,EUR,Sentix Investor Confidence,Low,-18.0,-7.0
2022-04-04,2:00pm,USD,Factory Orders m/m,Low,-0.5%,1.5%
2022-04-05,12:15pm,EUR,French Industrial Production m/m,Low,-0.9%,1.8%
2022-04-05,12:45pm,EUR,Spanish Services PMI,Low,53.4,56.6
2022-04-05,1:15pm,EUR,Italian Services PMI,Low,52.1,52.8
2022-04-05,1:20pm,EUR,French Final Services PMI,Low,57.4,57.4
2022-04-05,1:25pm,EUR,German Final Services PMI,Low,56.1,55.0
2022-04-05,1:30pm,EUR,Final Services PMI,Low,55.6,54.8
2022-04-05,2:00pm,USD,Trade Balance,Low,-89.2B,-89.2B
2022-04-05,7:15pm,USD,Final Services PMI,Low,58.0,58.9
2022-04-05,7:30pm,USD,ISM Services PMI,High,58.3,56.5
2022-04-06,11:30am,EUR,German Factory Orders m/m,Low,-2.2%,2.3%
2022-04-06,2:30pm,EUR,PPI m/m,Low,1.1%,5.1%
2022-04-06,8:00pm,USD,Crude Oil Inventories,Low,2.4M,-3.4M
2022-04-07,11:30am,EUR,German Industrial Production m/m,Low,0.2%,1.4%
2022-04-07,2:19pm,EUR,Spanish 10-y Bond Auction,Low,1.60|2.3,1.23|1.5
2022-04-07,2:30pm,EUR,Retail Sales m/m,Low,0.3%,0.2%
2022-04-07,2:33pm,EUR,French 10-y Bond Auction,Low,1.17|1.8,0.52|1.7
2022-04-07,6:00pm,USD,Unemployment Claims,Medium,166K,171K
2022-04-07,6:00pm,USD,Natural Gas Storage,Low,-33B,26B
2022-04-08,12:30am,USD,Consumer Credit m/m,Low,41.8B,8.9B
2022-04-08,1:30pm,EUR,Italian Retail Sales m/m,Low,0.7%,-0.6%
2022-04-08,7:30pm,USD,Final Wholesale Inventories m/m,Low,2.5%,2.1%
2022-04-12,11:30am,EUR,German Final CPI m/m,Low,2.5%,2.5%
2022-04-12,11:30am,EUR,German WPI m/m,Low,6.9%,1.7%
2022-04-12,12:15pm,EUR,French Trade Balance,Low,-10.3B,-8.0B
2022-04-12,2:30pm,EUR,German ZEW Economic Sentiment,Medium,-41.0,-39.3
2022-04-12,2:30pm,EUR,ZEW Economic Sentiment,Medium,-43.0,-38.7
2022-04-12,3:30pm,USD,NFIB Small Business Index,Low,93.2,95.7
2022-04-12,6:00pm,USD,Core CPI m/m,High,0.3%,0.5%
2022-04-12,6:00pm,USD,CPI m/m,High,1.2%,0.8%
2022-04-12,6:00pm,USD,CPI y/y,High,8.5%,7.9%
2022-04-12,7:30pm,USD,RCM/TIPP Economic Optimism,Low,45.5,41.0
2022-04-12,10:31pm,USD,10-y Bond Auction,Medium,2.72|2.4,1.92|2.5
2022-04-12,11:30pm,USD,Federal Budget Balance,Low,-192.7B,-216.6B
2022-04-13,1:30pm,EUR,Italian Industrial Production m/m,Low,4.0%,-3.4%
2022-04-13,3:08pm,EUR,German 10-y Bond Auction,Low,0.83|1.3,0.38|1.3
2022-04-13,6:00pm,USD,PPI m/m,High,1.4%,0.8%
2022-04-13,6:00pm,USD,Core PPI m/m,Medium,1.0%,0.2%
2022-04-13,8:00pm,USD,Crude Oil Inventories,Low,9.4M,2.4M
2022-04-13,10:31pm,USD,30-y Bond Auction,Medium,2.82|2.3,2.38|2.5
2022-04-14,5:15pm,EUR,Main Refinancing Rate,High,0.00%,0.00%
2022-04-14,5:15pm,USD,Core Retail Sales m/m,High,1.1%,0.6%
2022-04-14,5:15pm,USD,Retail Sales m/m,High,0.5%,0.8%
2022-04-14,5:15pm,USD,Unemployment Claims,Medium,185K,167K
2022-04-14,5:15pm,USD,Import Prices m/m,Low,2.6%,1.6%
2022-04-14,7:30pm,USD,Prelim UoM Consumer Sentiment,Medium,65.7,59.4
2022-04-14,7:30pm,USD,Business Inventories m/m,Low,1.5%,1.3%
2022-04-14,7:30pm,USD,Prelim UoM Inflation Expectations,Low,5.4%,5.4%
2022-04-14,8:00pm,USD,Natural Gas Storage,Low,15B,-33B
2022-04-15,12:15pm,EUR,French Final CPI m/m,Low,1.4%,1.4%
2022-04-15,6:00pm,USD,Empire State Manufacturing Index,Medium,24.6,-11.8
2022-04-15,6:45pm,USD,Capacity Utilization Rate,Low,78.3%,77.6%
2022-04-15,6:45pm,USD,Industrial Production m/m,Low,0.9%,0.5%
2022-04-16,1:30am,USD,TIC Long-Term Purchases,Low,141.7B,58.8B
2022-04-18,7:30pm,USD,NAHB Housing Market Index,Low,77,79
2022-04-19,10:00am,USD,Building Permits,Low,1.87M,1.87M
2022-04-19,10:00am,USD,Housing Starts,Low,1.79M,1.79M
2022-04-20,11:30am,EUR,German PPI m/m,Low,4.9%,1.4%
2022-04-20,1:30pm,EUR,Italian Trade Balance,Low,-1.66B,-5.13B
2022-04-20,2:30pm,EUR,Industrial Production m/m,Low,0.7%,-0.7%
2022-04-20,2:30pm,EUR,Trade Balance,Low,-9.4B,-7.7B
2022-04-20,7:30pm,USD,Existing Home Sales,Medium,5.77M,5.93M
2022-04-20,8:00pm,USD,Crude Oil Inventories,Low,-8.0M,9.4M
2022-04-21,2:10pm,EUR,Spanish 10-y Bond Auction,Low,1.74|1.3,1.60|2.3
2022-04-21,2:30pm,EUR,Final Core CPI y/y,Low,2.9%,3.0%
2022-04-21,2:30pm,EUR,Final CPI y/y,Low,7.4%,7.5%
2022-04-21,6:00pm,USD,Philly Fed Manufacturing Index,Medium,17.6,27.4
2022-04-21,6:00pm,USD,Unemployment Claims,Medium,184K,186K
2022-04-21,7:16pm,EUR,Consumer Confidence,Low,-17,-19
2022-04-21,7:30pm,USD,CB Leading Index m/m,Low,0.3%,0.6%
2022-04-21,8:00pm,USD,Natural Gas Storage,Low,53B,15B
2022-04-22,12:45pm,EUR,French Flash Services PMI,Medium,58.8,57.4
2022-04-22,12:45pm,EUR,French Flash Manufacturing PMI,Low,55.4,54.7
2022-04-22,1:00pm,EUR,German Flash Manufacturing PMI,High,54.1,56.9
2022-04-22,1:00pm,EUR,German Flash Services PMI,High,57.9,56.1
2022-04-22,1:30pm,EUR,Current Account,Low,20.8B,21.6B
2022-04-22,1:30pm,EUR,Flash Manufacturing PMI,Low,55.3,56.5
2022-04-22,1:30pm,EUR,Flash Services PMI,Low,57.7,55.6
2022-04-22,7:15pm,USD,Flash Manufacturing PMI,Medium,59.7,58.8
2022-04-22,7:15pm,USD,Flash Services PMI,Medium,54.7,58.0
2022-04-25,1:30pm,EUR,German ifo Business Climate,Medium,91.8,90.8
2022-04-25,6:28pm,EUR,Belgian NBB Business Climate,Low,2.4,0.4
2022-04-26,6:00pm,USD,Core Durable Goods Orders m/m,Medium,1.1%,-0.5%
2022-04-26,6:00pm,USD,Durable Goods Orders m/m,Medium,0.8%,-2.1%
2022-04-26,6:30pm,USD,HPI m/m,Low,2.1%,1.6%
2022-04-26,6:30pm,USD,S&P/CS Composite-20 HPI y/y,Low,20.2%,18.9%
2022-04-26,7:29pm,USD,Richmond Manufacturing Index,Low,14,13
2022-04-26,7:30pm,USD,CB Consumer Confidence,Medium,107.3,107.6
2022-04-26,7:30pm,USD,New Home Sales,Low,763K,835K
2022-04-27,11:30am,EUR,German GfK Consumer Climate,Low,-26.5,-15.7
2022-04-27,6:00pm,USD,Goods Trade Balance,Low,-125.3B,-106.3B
2022-04-27,6:00pm,USD,Prelim Wholesale Inventories m/m,Low,2.3%,2.5%
2022-04-27,7:30pm,USD,Pending Home Sales m/m,Low,-1.2%,-4.0%
2022-04-27,8:00pm,USD,Crude Oil Inventories,Low,0.7M,-8.0M
2022-04-28,All Day,EUR,German Prelim CPI m/m,Low,0.8%,2.5%
2022-04-28,12:30pm,EUR,Spanish Flash CPI y/y,Low,8.4%,9.8%
2022-04-28,12:30pm,EUR,Spanish Unemployment Rate,Low,13.6%,13.3%
2022-04-28,6:00pm,USD,Advance GDP q/q,High,-1.4%,6.9%
2022-04-28,6:00pm,USD,Advance GDP Price Index q/q,Medium,8.0%,7.1%
2022-04-28,6:00pm,USD,Unemployment Claims,Medium,180K,185K
2022-04-28,8:00pm,USD,Natural Gas Storage,Low,40B,53B
2022-04-29,11:00am,EUR,French Consumer Spending m/m,Low,-1.3%,0.9%
2022-04-29,11:00am,EUR,French Flash GDP q/q,Low,0.0%,0.8%
2022-04-29,11:30am,EUR,German Import Prices m/m,Low,5.7%,1.3%
2022-04-29,12:15pm,EUR,French Prelim CPI m/m,Low,0.4%,1.4%
2022-04-29,12:15pm,EUR,Spanish Flash GDP q/q,Low,0.3%,2.2%
2022-04-29,12:15pm,EUR,German Prelim GDP q/q,Medium,0.2%,-0.3%
2022-04-29,12:15pm,EUR,M3 Money Supply y/y,Low,6.3%,6.4%
2022-04-29,12:15pm,EUR,Italian Prelim GDP q/q,Low,-0.2%,0.7%
2022-04-29,12:15pm,EUR,Private Loans y/y,Low,4.5%,4.4%
2022-04-29,2:30pm,EUR,CPI Flash Estimate y/y,Medium,7.5%,7.4%
2022-04-29,2:30pm,EUR,Core CPI Flash Estimate y/y,Low,3.5%,2.9%
2022-04-29,2:30pm,EUR,Italian Prelim CPI m/m,Low,0.2%,1.0%
2022-04-29,2:30pm,EUR,Prelim Flash GDP q/q,Low,0.2%,0.3%
2022-04-29,2:40pm,EUR,Italian 10-y Bond Auction,Low,2.78|1.3,2.14|1.3
2022-04-29,2:40pm,USD,Core PCE Price Index m/m,High,0.3%,0.3%
2022-04-29,2:40pm,USD,Employment Cost Index q/q,Low,1.4%,1.0%
2022-04-29,2:40pm,USD,Personal Income m/m,Low,0.5%,0.7%
2022-04-29,2:40pm,USD,Personal Spending m/m,Low,1.1%,0.6%
2022-04-29,7:15pm,USD,Chicago PMI,Low,56.4,62.9
2022-04-29,7:30pm,USD,Revised UoM Consumer Sentiment,Medium,65.2,65.7
2022-04-29,7:30pm,USD,Revised UoM Inflation Expectations,Low,5.4%,5.4%
2022-05-02,11:30am,EUR,German Retail Sales m/m,Low,-0.1%,0.2%
2022-05-02,12:45pm,EUR,Spanish Manufacturing PMI,Low,53.3,54.2
2022-05-02,1:15pm,EUR,Italian Manufacturing PMI,Low,54.5,55.8
2022-05-02,1:20pm,EUR,French Final Manufacturing PMI,Low,55.7,55.4
2022-05-02,1:25pm,EUR,German Final Manufacturing PMI,Low,54.6,54.1
2022-05-02,1:30pm,EUR,Final Manufacturing PMI,Low,55.5,55.3
2022-05-02,1:30pm,EUR,Italian Monthly Unemployment Rate,Low,8.3%,8.5%
2022-05-02,7:15pm,USD,Final Manufacturing PMI,Low,59.2,59.7
2022-05-02,7:30pm,USD,ISM Manufacturing PMI,High,55.4,57.1
2022-05-02,7:30pm,USD,Construction Spending m/m,Low,0.1%,0.5%
2022-05-02,7:30pm,USD,ISM Manufacturing Prices,Low,84.6,87.1
2022-05-03,12:15pm,EUR,French Gov Budget Balance,Low,-38.3B,-37.6B
2022-05-03,1:25pm,EUR,German Unemployment Change,Low,-13K,-18K
2022-05-03,2:30pm,EUR,PPI m/m,Low,5.3%,1.1%
2022-05-03,2:30pm,EUR,Unemployment Rate,Low,6.8%,6.9%
2022-05-03,7:30pm,USD,JOLTS Job Openings,High,11.55M,11.34M
2022-05-03,7:30pm,USD,Factory Orders m/m,Low,2.2%,0.1%
2022-05-03,All Day,USD,Wards Total Vehicle Sales,Low,14.3M,13.3M
2022-05-04,11:30am,EUR,German Trade Balance,Low,3.2B,11.1B
2022-05-04,12:30pm,EUR,Spanish Unemployment Change,Medium,-86.3K,-2.9K
2022-05-04,12:45pm,EUR,Spanish Services PMI,Low,57.1,53.4
2022-05-04,1:15pm,EUR,Italian Services PMI,Low,55.7,52.1
2022-05-04,1:20pm,EUR,French Final Services PMI,Low,58.9,58.8
2022-05-04,1:25pm,EUR,German Final Services PMI,Low,57.6,57.9
2022-05-04,1:30pm,EUR,Final Services PMI,Low,57.7,57.7
2022-05-04,2:30pm,EUR,Retail Sales m/m,Low,-0.4%,0.4%
2022-05-04,3:06pm,EUR,German 10-y Bond Auction,Low,0.93|1.6,0.83|1.3
2022-05-04,5:45pm,USD,ADP Non-Farm Employment Change,High,247K,479K
2022-05-04,5:45pm,USD,Trade Balance,Low,-109.8B,-89.8B
2022-05-04,7:15pm,USD,Final Services PMI,Low,55.6,54.7
2022-05-04,7:30pm,USD,ISM Services PMI,Medium,57.1,58.3
2022-05-04,8:00pm,USD,Crude Oil Inventories,Low,1.3M,0.7M
2022-05-04,11:30pm,USD,Federal Funds Rate,High,1.00%,0.50%
2022-05-05,11:30am,EUR,German Factory Orders m/m,Low,-4.7%,-0.8%
2022-05-05,12:15pm,EUR,French Industrial Production m/m,Low,-0.5%,-1.2%
2022-05-05,2:31pm,EUR,French 10-y Bond Auction,Low,1.51|1.8,1.17|1.8
2022-05-05,2:31pm,USD,Challenger Job Cuts y/y,Low,6.0%,-30.1%
2022-05-05,6:00pm,USD,Unemployment Claims,Medium,200K,181K
2022-05-05,6:00pm,USD,Prelim Nonfarm Productivity q/q,Low,-7.5%,6.3%
2022-05-05,6:00pm,USD,Prelim Unit Labor Costs q/q,Low,11.6%,0.9%
2022-05-05,7:30pm,USD,Mortgage Delinquencies,Low,4.11%,4.65%
2022-05-05,8:00pm,USD,Natural Gas Storage,Low,77B,40B
2022-05-06,11:30am,EUR,German Industrial Production m/m,Low,-3.9%,0.1%
2022-05-06,12:15pm,EUR,French Prelim Private Payrolls q/q,Low,0.3%,0.6%
2022-05-06,1:30pm,EUR,Italian Retail Sales m/m,Low,-0.5%,0.7%
2022-05-06,2:00pm,USD,Average Hourly Earnings m/m,High,0.3%,0.5%
2022-05-06,2:00pm,USD,Non-Farm Employment Change,High,428K,428K
2022-05-06,2:00pm,USD,Unemployment Rate,High,3.6%,3.6%
2022-05-07,12:30am,USD,Consumer Credit m/m,Low,52.4B,37.7B
2022-05-09,12:15pm,EUR,French Trade Balance,Low,-12.4B,-10.4B
2022-05-09,2:00pm,EUR,Sentix Investor Confidence,Low,-22.6,-18.0
2022-05-09,7:30pm,USD,Final Wholesale Inventories m/m,Low,2.3%,2.3%
2022-05-10,1:30pm,EUR,Italian Industrial Production m/m,Low,0.0%,4.0%
2022-05-10,2:34pm,EUR,ZEW Economic Sentiment,Low,-29.5,-43.0
2022-05-10,2:34pm,EUR,German ZEW Economic Sentiment,Low,-34.3,-41.0
2022-05-10,3:24pm,USD,NFIB Small Business Index,Low,93.2,93.2
2022-05-10,7:28pm,USD,RCM/TIPP Economic Optimism,Low,41.2,45.5
2022-05-11,11:30am,EUR,German Final CPI m/m,Low,0.8%,0.8%
2022-05-11,3:02pm,EUR,German 10-y Bond Auction,Low,0.96|1.4,0.93|1.6
2022-05-11,6:00pm,USD,Core CPI m/m,High,0.6%,0.3%
2022-05-11,6:00pm,USD,CPI m/m,High,0.3%,1.2%
2022-05-11,6:00pm,USD,CPI y/y,High,8.3%,8.5%
2022-05-11,8:00pm,USD,Crude Oil Inventories,Low,8.5M,1.3M
2022-05-11,10:31pm,USD,10-y Bond Auction,Low,2.94|2.5,2.72|2.4
2022-05-11,11:30pm,USD,Federal Budget Balance,Low,308.2B,-192.7B
2022-05-12,6:00pm,USD,PPI m/m,High,0.5%,1.4%
2022-05-12,6:00pm,USD,Core PPI m/m,Medium,0.4%,1.0%
2022-05-12,6:00pm,USD,Unemployment Claims,Medium,203K,202K
2022-05-12,8:00pm,USD,Natural Gas Storage,Low,76B,77B
2022-05-12,10:31pm,USD,30-y Bond Auction,Low,3.00|2.4,2.82|2.3
2022-05-13,12:15pm,EUR,French Final CPI m/m,Low,0.4%,0.4%
2022-05-13,2:30pm,EUR,Industrial Production m/m,Low,-1.8%,0.5%
2022-05-13,6:00pm,USD,Import Prices m/m,Low,0.0%,2.9%
2022-05-13,7:30pm,USD,Prelim UoM Consumer Sentiment,Medium,59.1,65.2
2022-05-13,7:30pm,USD,Prelim UoM Inflation Expectations,Low,5.4%,5.4%
2022-05-16,11:30am,EUR,German WPI m/m,Low,2.1%,6.9%
2022-05-16,11:30am,EUR,Trade Balance,Low,-17.6B,-11.3B
2022-05-16,11:30am,USD,Empire State Manufacturing Index,Medium,-11.6,24.6
2022-05-17,1:30am,USD,TIC Long-Term Purchases,Low,23.1B,141.7B
2022-05-17,1:30pm,EUR,Italian Trade Balance,Low,-0.08B,-1.77B
2022-05-17,2:30pm,EUR,Flash Employment Change q/q,Low,0.5%,0.4%
2022-05-17,2:30pm,EUR,Flash GDP q/q,Low,0.3%,0.2%
2022-05-17,2:33pm,USD,Core Retail Sales m/m,High,0.6%,2.1%
2022-05-17,2:33pm,USD,Retail Sales m/m,High,0.9%,1.4%
2022-05-17,6:45pm,USD,Capacity Utilization Rate,Low,79.0%,78.2%
2022-05-17,6:45pm,USD,Industrial Production m/m,Low,1.1%,0.9%
2022-05-17,7:30pm,USD,Business Inventories m/m,Low,2.0%,1.8%
2022-05-17,7:30pm,USD,NAHB Housing Market Index,Low,69,77
2022-05-18,2:30pm,EUR,Final Core CPI y/y,Low,3.5%,3.5%
2022-05-18,2:30pm,EUR,Final CPI y/y,Low,7.4%,7.5%
2022-05-18,3:06pm,EUR,German 30-y Bond Auction,Low,1.16|3.1,0.39|1.2
2022-05-18,3:06pm,USD,Building Permits,Low,1.82M,1.88M
2022-05-18,3:06pm,USD,Housing Starts,Low,1.72M,1.73M
2022-05-18,3:06pm,USD,Crude Oil Inventories,Low,-3.4M,8.5M
2022-05-19,1:30pm,EUR,Current Account,Low,-1.6B,15.7B
2022-05-19,2:19pm,EUR,Spanish 10-y Bond Auction,Low,2.05|1.3,1.74|1.3
2022-05-19,3:30pm,USD,Philly Fed Manufacturing Index,Medium,2.6,17.6
2022-05-19,3:30pm,USD,Unemployment Claims,Medium,218K,197K
2022-05-19,7:30pm,USD,Existing Home Sales,Medium,5.61M,5.75M
2022-05-19,7:30pm,USD,CB Leading Index m/m,Low,-0.3%,0.1%
2022-05-19,8:00pm,USD,Natural Gas Storage,Low,89B,76B
2022-05-20,11:30am,EUR,German PPI m/m,Low,2.8%,4.9%
2022-05-20,7:16pm,EUR,Consumer Confidence,Low,-21,-22
2022-05-23,1:30pm,EUR,German ifo Business Climate,Medium,93.0,91.9
2022-05-23,6:30pm,EUR,Belgian NBB Business Climate,Low,1.8,2.4
2022-05-24,12:45pm,EUR,French Flash Services PMI,Medium,58.4,58.9
2022-05-24,12:45pm,EUR,French Flash Manufacturing PMI,Low,54.5,55.7
2022-05-24,1:00pm,EUR,German Flash Manufacturing PMI,High,54.7,54.6
2022-05-24,1:00pm,EUR,German Flash Services PMI,High,56.3,57.6
2022-05-24,1:30pm,EUR,Flash Manufacturing PMI,Low,54.4,55.5
2022-05-24,1:30pm,EUR,Flash Services PMI,Low,56.3,57.7
2022-05-24,7:15pm,USD,Flash Manufacturing PMI,Medium,57.5,59.2
2022-05-24,7:15pm,USD,Flash Services PMI,Medium,53.5,55.6
2022-05-24,7:29pm,USD,Richmond Manufacturing Index,Low,-9,14
2022-05-24,7:30pm,USD,New Home Sales,Low,591K,709K
2022-05-25,11:30am,EUR,German Final GDP q/q,Low,0.2%,0.2%
2022-05-25,11:30am,EUR,German GfK Consumer Climate,Low,-26.0,-26.6
2022-05-25,11:30am,USD,Core Durable Goods Orders m/m,Medium,0.3%,1.4%
2022-05-25,11:30am,USD,Durable Goods Orders m/m,Medium,0.4%,1.1%
2022-05-25,8:00pm,USD,Crude Oil Inventories,Low,-1.0M,-3.4M
2022-05-26,5:20am,USD,Prelim GDP q/q,High,-1.5%,-1.4%
2022-05-26,5:20am,USD,Unemployment Claims,Medium,210K,218K
2022-05-26,5:20am,USD,Prelim GDP Price Index q/q,Low,8.1%,8.0%
2022-05-26,7:30pm,USD,Pending Home Sales m/m,Medium,-3.9%,-1.6%
2022-05-26,8:00pm,USD,Natural Gas Storage,Low,80B,89B
2022-05-27,1:30pm,EUR,M3 Money Supply y/y,Low,6.0%,6.3%
2022-05-27,1:30pm,EUR,Private Loans y/y,Low,4.5%,4.5%
2022-05-27,6:00pm,USD,Core PCE Price Index m/m,High,0.3%,0.3%
2022-05-27,6:00pm,USD,Goods Trade Balance,Low,-105.9B,-127.1B
2022-05-27,6:00pm,USD,Personal Income m/m,Low,0.4%,0.5%
2022-05-27,6:00pm,USD,Personal Spending m/m,Low,0.9%,1.4%
2022-05-27,6:00pm,USD,Prelim Wholesale Inventories m/m,Low,2.1%,2.7%
2022-05-27,7:30pm,USD,Revised UoM Consumer Sentiment,Medium,58.4,59.1
2022-05-27,7:30pm,USD,Revised UoM Inflation Expectations,Low,5.3%,5.4%
2022-05-30,11:30am,EUR,German Import Prices m/m,Low,1.8%,5.7%
2022-05-30,All Day,EUR,German Prelim CPI m/m,Low,0.9%,0.8%
2022-05-30,All Day,EUR,Spanish Flash CPI y/y,Low,8.7%,8.3%
2022-05-31,12:15pm,EUR,French Consumer Spending m/m,Low,-0.4%,-1.4%
2022-05-31,12:15pm,EUR,French Prelim CPI m/m,Low,0.6%,0.4%
2022-05-31,12:15pm,EUR,French Prelim GDP q/q,Low,-0.2%,0.0%
2022-05-31,1:25pm,EUR,German Unemployment Change,Low,-4K,-13K
2022-05-31,2:30pm,EUR,Core CPI Flash Estimate y/y,Low,3.8%,3.5%
2022-05-31,2:30pm,EUR,CPI Flash Estimate y/y,Low,8.1%,7.5%
2022-05-31,2:30pm,EUR,Italian Prelim CPI m/m,Low,0.9%,0.2%
2022-05-31,2:46pm,EUR,Italian 10-y Bond Auction,Low,3.10|1.6,2.78|1.3
2022-05-31,6:30pm,USD,HPI m/m,Low,1.5%,1.9%
2022-05-31,6:30pm,USD,S&P/CS Composite-20 HPI y/y,Low,21.2%,20.3%
2022-05-31,7:15pm,USD,Chicago PMI,Low,60.3,56.4
2022-05-31,7:30pm,USD,CB Consumer Confidence,Medium,106.4,108.6
2022-06-01,11:30am,EUR,German Retail Sales m/m,Low,-5.4%,0.9%
2022-06-01,12:45pm,EUR,Spanish Manufacturing PMI,Low,53.8,53.3
2022-06-01,1:15pm,EUR,Italian Manufacturing PMI,Low,51.9,54.5
2022-06-01,1:20pm,EUR,French Final Manufacturing PMI,Low,54.6,54.5
2022-06-01,1:25pm,EUR,German Final Manufacturing PMI,Low,54.8,54.7
2022-06-01,1:30pm,EUR,Final Manufacturing PMI,Low,54.6,54.4
2022-06-01,1:30pm,EUR,Italian Monthly Unemployment Rate,Low,8.4%,8.4%
2022-06-01,2:30pm,EUR,Unemployment Rate,Low,6.8%,6.8%
2022-06-01,7:15pm,USD,Final Manufacturing PMI,Low,57.0,57.5
2022-06-01,7:19pm,EUR,French Gov Budget Balance,Low,-67.3B,-38.3B
2022-06-01,7:19pm,USD,ISM Manufacturing PMI,High,56.1,55.4
2022-06-01,7:19pm,USD,JOLTS Job Openings,High,11.40M,11.86M
2022-06-01,7:19pm,USD,Construction Spending m/m,Low,0.2%,0.3%
2022-06-01,7:19pm,USD,ISM Manufacturing Prices,Low,82.2,84.6
2022-06-01,All Day,USD,Wards Total Vehicle Sales,Low,12.7M,14.3M
2022-06-02,12:30pm,EUR,Spanish Unemployment Change,Medium,-99.5K,-86.3K
2022-06-02,2:18pm,EUR,Spanish 10-y Bond Auction,Low,2.15|2.0,2.05|1.3
2022-06-02,2:26pm,EUR,French 10-y Bond Auction,Low,1.72|2.0,1.51|1.8
2022-06-02,2:30pm,EUR,PPI m/m,Low,1.2%,5.3%
2022-06-02,5:00pm,USD,Challenger Job Cuts y/y,Low,-15.8%,6.0%
2022-06-02,5:45pm,USD,ADP Non-Farm Employment Change,High,128K,202K
2022-06-02,5:45pm,USD,Unemployment Claims,Medium,200K,211K
2022-06-02,5:45pm,USD,Revised Nonfarm Productivity q/q,Low,-7.3%,-7.5%
2022-06-02,5:45pm,USD,Revised Unit Labor Costs q/q,Low,12.6%,11.6%
2022-06-02,7:30pm,USD,Factory Orders m/m,Low,0.3%,1.8%
2022-06-02,8:00pm,USD,Natural Gas Storage,Low,90B,80B
2022-06-02,8:30pm,USD,Crude Oil Inventories,Low,-5.1M,-1.0M
2022-06-03,11:30am,EUR,German Trade Balance,Low,3.5B,1.9B
2022-06-03,12:15pm,EUR,French Industrial Production m/m,Low,-0.1%,-0.4%
2022-06-03,12:45pm,EUR,Spanish Services PMI,Low,56.5,57.1
2022-06-03,1:15pm,EUR,Italian Services PMI,Low,53.7,55.7
2022-06-03,1:20pm,EUR,French Final Services PMI,Low,58.3,58.4
2022-06-03,1:25pm,EUR,German Final Services PMI,Low,55.0,56.3
2022-06-03,1:30pm,EUR,Final Services PMI,Low,56.1,56.3
2022-06-03,2:30pm,EUR,Retail Sales m/m,Low,-1.3%,0.3%
2022-06-03,2:30pm,USD,Average Hourly Earnings m/m,High,0.3%,0.3%
2022-06-03,2:30pm,USD,Non-Farm Employment Change,High,390K,436K
2022-06-03,2:30pm,USD,Unemployment Rate,High,3.6%,3.6%
2022-06-03,7:15pm,USD,Final Services PMI,Low,53.4,53.5
2022-06-03,7:30pm,USD,ISM Services PMI,Medium,55.9,57.1
2022-06-07,11:30am,EUR,German Factory Orders m/m,Low,-2.7%,-4.2%
2022-06-07,2:00pm,EUR,Sentix Investor Confidence,Low,-15.8,-22.6
2022-06-07,2:00pm,USD,Trade Balance,Low,-87.1B,-107.7B
2022-06-08,12:30am,USD,Consumer Credit m/m,Low,38.1B,47.3B
2022-06-08,11:32am,EUR,German Industrial Production m/m,Low,0.7%,-3.7%
2022-06-08,12:15pm,EUR,French Trade Balance,Low,-12.2B,-12.6B
2022-06-08,1:30pm,EUR,Italian Retail Sales m/m,Low,0.0%,-0.6%
2022-06-08,2:30pm,EUR,Final Employment Change q/q,Low,0.6%,0.5%
2022-06-08,2:30pm,EUR,Revised GDP q/q,Low,0.6%,0.3%
2022-06-08,3:02pm,EUR,German 10-y Bond Auction,Low,1.33|1.7,0.96|1.4
2022-06-08,7:30pm,USD,Final Wholesale Inventories m/m,Low,2.2%,2.1%
2022-06-08,8:00pm,USD,Crude Oil Inventories,Low,2.0M,-5.1M
2022-06-08,10:31pm,USD,10-y Bond Auction,Low,3.03|2.4,2.94|2.5
2022-06-09,11:00am,EUR,French Final Private Payrolls q/q,Low,0.3%,0.3%
2022-06-09,5:15pm,EUR,Main Refinancing Rate,High,0.00%,0.00%
2022-06-09,5:15pm,USD,Unemployment Claims,Medium,229K,202K
2022-06-09,8:00pm,USD,Natural Gas Storage,Low,97B,90B
2022-06-09,10:31pm,USD,30-y Bond Auction,Low,3.19|2.4,3.00|2.4
2022-06-10,1:30pm,EUR,Italian Industrial Production m/m,Low,1.6%,0.2%
2022-06-10,2:00pm,USD,Core CPI m/m,High,0.6%,0.6%
2022-06-10,2:00pm,USD,CPI m/m,High,1.0%,0.3%
2022-06-10,2:00pm,USD,CPI y/y,High,8.6%,8.3%
2022-06-10,7:30pm,USD,Prelim UoM Consumer Sentiment,Medium,50.2,58.4
2022-06-10,7:30pm,USD,Prelim UoM Inflation Expectations,Low,5.4%,5.3%
2022-06-10,11:30pm,USD,Federal Budget Balance,Low,-66.2B,308.2B
2022-06-13,1:30pm,EUR,Italian Quarterly Unemployment Rate,Low,8.6%,9.0%
2022-06-14,11:30am,EUR,German WPI m/m,Low,1.0%,2.1%
2022-06-14,11:32am,EUR,German Final CPI m/m,Low,0.9%,0.9%
2022-06-14,2:30pm,EUR,ZEW Economic Sentiment,Low,-28.0,-29.5
2022-06-14,2:30pm,EUR,German ZEW Economic Sentiment,Low,-28.0,-34.3
2022-06-14,3:30pm,USD,NFIB Small Business Index,Low,93.1,93.2
2022-06-14,3:30pm,USD,PPI m/m,High,0.8%,0.5%
2022-06-14,3:30pm,USD,Core PPI m/m,Medium,0.5%,0.4%
2022-06-14,7:31pm,USD,RCM/TIPP Economic Optimism,Low,38.1,41.2
2022-06-15,12:15pm,EUR,French Final CPI m/m,Low,0.7%,0.6%
2022-06-15,2:30pm,EUR,Industrial Production m/m,Low,0.4%,-1.4%
2022-06-15,2:30pm,EUR,Trade Balance,Low,-31.7B,-17.8B
2022-06-15,6:00pm,USD,Core Retail Sales m/m,High,0.5%,0.4%
2022-06-15,6:00pm,USD,Retail Sales m/m,High,-0.3%,0.7%
2022-06-15,6:00pm,USD,Empire State Manufacturing Index,Medium,-1.2,-11.6
2022-06-15,6:00pm,USD,Import Prices m/m,Low,0.6%,0.4%
2022-06-15,7:30pm,USD,Business Inventories m/m,Low,1.2%,2.4%
2022-06-15,7:30pm,USD,NAHB Housing Market Index,Low,67,69
2022-06-15,8:00pm,USD,Crude Oil Inventories,Low,2.0M,2.0M
2022-06-15,11:30pm,USD,Federal Funds Rate,High,1.75%,1.00%
2022-06-16,1:30am,USD,TIC Long-Term Purchases,Low,87.7B,23.1B
2022-06-16,5:20am,USD,Philly Fed Manufacturing Index,Medium,-3.3,2.6
2022-06-16,5:20am,USD,Unemployment Claims,Medium,229K,232K
2022-06-16,5:20am,USD,Building Permits,Low,1.70M,1.82M
2022-06-16,5:20am,USD,Housing Starts,Low,1.55M,1.81M
2022-06-16,8:00pm,USD,Natural Gas Storage,Low,92B,97B
2022-06-17,2:30pm,EUR,Final Core CPI y/y,Low,3.8%,3.8%
2022-06-17,2:30pm,EUR,Final CPI y/y,Low,8.1%,8.1%
2022-06-17,2:30pm,EUR,Italian Trade Balance,Low,-3.67B,-0.23B
2022-06-17,6:45pm,USD,Capacity Utilization Rate,Low,79.0%,78.9%
2022-06-17,6:45pm,USD,Industrial Production m/m,Low,0.2%,1.4%
2022-06-17,7:30pm,USD,CB Leading Index m/m,Low,-0.4%,-0.4%
2022-06-20,11:30am,EUR,German PPI m/m,Low,1.6%,2.8%
2022-06-21,1:30pm,EUR,Current Account,Low,-5.8B,-1.6B
2022-06-21,7:30pm,USD,Existing Home Sales,Medium,5.41M,5.60M
2022-06-22,7:30pm,EUR,Consumer Confidence,Low,-24,-21
2022-06-23,12:45pm,EUR,French Flash Services PMI,Medium,54.4,58.3
2022-06-23,12:45pm,EUR,French Flash Manufacturing PMI,Low,51.0,54.6
2022-06-23,1:00pm,EUR,German Flash Manufacturing PMI,High,52.0,54.8
2022-06-23,1:00pm,EUR,German Flash Services PMI,High,52.4,55.0
2022-06-23,1:00pm,EUR,Flash Manufacturing PMI,Low,52.0,54.6
2022-06-23,1:00pm,EUR,Flash Services PMI,Low,52.8,56.1
2022-06-23,6:00pm,USD,Unemployment Claims,Medium,229K,231K
2022-06-23,6:00pm,USD,Current Account,Low,-291B,-225B
2022-06-23,7:15pm,USD,Flash Manufacturing PMI,Medium,52.4,57.0
2022-06-23,7:15pm,USD,Flash Services PMI,Medium,51.6,53.4
2022-06-23,7:15pm,USD,Natural Gas Storage,Low,74B,92B
2022-06-24,1:30pm,EUR,German ifo Business Climate,Medium,92.3,93.0
2022-06-24,6:45pm,EUR,Belgian NBB Business Climate,Low,-1.8,1.8
2022-06-24,7:30pm,USD,Revised UoM Consumer Sentiment,Medium,50.0,50.2
2022-06-24,7:30pm,USD,New Home Sales,Low,696K,629K
2022-06-24,7:30pm,USD,Revised UoM Inflation Expectations,Low,5.3%,5.4%
2022-06-27,6:00pm,USD,Core Durable Goods Orders m/m,Medium,0.7%,0.4%
2022-06-27,6:00pm,USD,Durable Goods Orders m/m,Medium,0.7%,0.5%
2022-06-27,7:30pm,USD,Pending Home Sales m/m,Medium,0.7%,-4.0%
2022-06-28,11:30am,EUR,German GfK Consumer Climate,Low,-27.4,-26.2
2022-06-28,6:00pm,USD,Goods Trade Balance,Low,-104.3B,-106.7B
2022-06-28,6:00pm,USD,Prelim Wholesale Inventories m/m,Low,2.0%,2.2%
2022-06-28,6:00pm,USD,HPI m/m,Low,1.6%,1.6%
2022-06-28,6:00pm,USD,S&P/CS Composite-20 HPI y/y,Low,21.2%,21.1%
2022-06-28,7:29pm,USD,Richmond Manufacturing Index,Medium,-11,-9
2022-06-28,7:30pm,USD,CB Consumer Confidence,High,98.7,103.2
2022-06-29,All Day,EUR,German Prelim CPI m/m,Medium,0.1%,0.9%
2022-06-29,12:30pm,EUR,Spanish Flash CPI y/y,Low,10.2%,8.7%
2022-06-29,12:30pm,EUR,M3 Money Supply y/y,Low,5.6%,6.1%
2022-06-29,12:30pm,EUR,Private Loans y/y,Low,4.6%,4.6%
2022-06-29,6:00pm,USD,Final GDP q/q,Medium,-1.6%,-1.5%
2022-06-29,6:00pm,USD,Final GDP Price Index q/q,Low,8.2%,8.1%
2022-06-29,17th June,USD,Crude Oil Inventories,Low,-0.4M,2.0M
2022-06-29,24th June,USD,Crude Oil Inventories,Low,-2.8M,-0.4M
2022-06-30,11:30am,EUR,German Import Prices m/m,Low,0.9%,1.8%
2022-06-30,11:30am,EUR,German Retail Sales m/m,Low,0.6%,-5.4%
2022-06-30,12:15pm,EUR,French Consumer Spending m/m,Low,0.7%,-0.7%
2022-06-30,12:15pm,EUR,French Prelim CPI m/m,Low,0.7%,0.7%
2022-06-30,1:25pm,EUR,German Unemployment Change,Low,133K,-5K
2022-06-30,1:30pm,EUR,Italian Monthly Unemployment Rate,Low,8.1%,8.3%
2022-06-30,2:30pm,EUR,Unemployment Rate,Low,6.6%,6.7%
2022-06-30,2:46pm,EUR,Italian 10-y Bond Auction,Low,3.47|1.6,3.10|1.6
2022-06-30,2:46pm,USD,Core PCE Price Index m/m,High,0.3%,0.3%
2022-06-30,2:46pm,USD,Unemployment Claims,Medium,231K,233K
2022-06-30,2:46pm,USD,Personal Income m/m,Low,0.5%,0.5%
2022-06-30,2:46pm,USD,Personal Spending m/m,Low,0.2%,0.6%
2022-06-30,7:15pm,USD,Chicago PMI,Low,56.0,60.3
2022-06-30,8:00pm,USD,Natural Gas Storage,Low,82B,74B
2022-07-01,12:45pm,EUR,Spanish Manufacturing PMI,Low,52.6,53.8
2022-07-01,1:15pm,EUR,Italian Manufacturing PMI,Low,50.9,51.9
2022-07-01,1:20pm,EUR,French Final Manufacturing PMI,Low,51.4,51.0
2022-07-01,1:25pm,EUR,German Final Manufacturing PMI,Low,52.0,52.0
2022-07-01,1:30pm,EUR,Final Manufacturing PMI,Low,52.1,52.0
2022-07-01,2:30pm,EUR,CPI Flash Estimate y/y,High,8.6%,8.1%
2022-07-01,2:30pm,EUR,Core CPI Flash Estimate y/y,Medium,3.7%,3.8%
2022-07-01,2:30pm,EUR,Italian Prelim CPI m/m,Low,1.2%,0.8%
2022-07-01,3:15pm,EUR,French Gov Budget Balance,Low,-82.3B,-67.3B
2022-07-01,7:15pm,USD,Final Manufacturing PMI,Low,52.7,52.4
2022-07-01,7:30pm,USD,ISM Manufacturing PMI,High,53.0,56.1
2022-07-01,7:30pm,USD,Construction Spending m/m,Low,-0.1%,0.8%
2022-07-01,7:30pm,USD,ISM Manufacturing Prices,Low,78.5,82.2
2022-07-01,All Day,USD,Wards Total Vehicle Sales,Low,13.0M,12.7M
2022-07-04,11:30am,EUR,German Trade Balance,Low,-1.0B,3.1B
2022-07-04,12:30pm,EUR,Spanish Unemployment Change,Low,-42.4K,-99.5K
2022-07-04,2:00pm,EUR,Sentix Investor Confidence,Low,-26.4,-15.8
2022-07-04,2:30pm,EUR,PPI m/m,Low,0.7%,1.2%
2022-07-05,12:15pm,EUR,French Industrial Production m/m,Low,0.0%,-0.3%
2022-07-05,12:45pm,EUR,Spanish Services PMI,Low,54.0,56.5
2022-07-05,1:15pm,EUR,Italian Services PMI,Low,51.6,53.7
2022-07-05,1:20pm,EUR,French Final Services PMI,Low,53.9,54.4
2022-07-05,1:25pm,EUR,German Final Services PMI,Low,52.4,52.4
2022-07-05,1:30pm,EUR,Final Services PMI,Low,53.0,52.8
2022-07-05,7:30pm,USD,Factory Orders m/m,Low,1.6%,0.7%
2022-07-06,11:30am,EUR,German Factory Orders m/m,Low,0.1%,-1.8%
2022-07-06,2:30pm,EUR,Retail Sales m/m,Low,0.2%,-1.4%
2022-07-06,3:04pm,EUR,German 10-y Bond Auction,Low,1.22|1.1,1.33|1.7
2022-07-06,7:15pm,USD,Final Services PMI,Low,52.7,51.6
2022-07-06,7:30pm,USD,JOLTS Job Openings,High,11.25M,11.68M
2022-07-06,7:30pm,USD,ISM Services PMI,Medium,55.3,55.9
2022-07-07,11:30am,EUR,German Industrial Production m/m,Low,0.2%,1.3%
2022-07-07,2:23pm,EUR,Spanish 10-y Bond Auction,Low,2.45|1.5,2.15|2.0
2022-07-07,2:32pm,EUR,French 10-y Bond Auction,Low,1.92|1.9,1.72|2.0
2022-07-07,2:32pm,USD,Challenger Job Cuts y/y,Low,58.8%,-15.8%
2022-07-07,2:32pm,USD,Unemployment Claims,Medium,235K,231K
2022-07-07,2:32pm,USD,Trade Balance,Low,-85.5B,-86.7B
2022-07-07,8:00pm,USD,Natural Gas Storage,Low,60B,82B
2022-07-07,8:30pm,USD,Crude Oil Inventories,Low,8.2M,-2.8M
2022-07-08,12:15pm,EUR,French Trade Balance,Low,-13.0B,-12.7B
2022-07-08,1:30pm,EUR,Italian Industrial Production m/m,Low,-1.1%,1.4%
2022-07-08,1:30pm,USD,Average Hourly Earnings m/m,High,0.3%,0.4%
2022-07-08,1:30pm,USD,Non-Farm Employment Change,High,372K,384K
2022-07-08,1:30pm,USD,Unemployment Rate,High,3.6%,3.6%
2022-07-08,7:30pm,USD,Final Wholesale Inventories m/m,Low,1.8%,2.0%
2022-07-09,12:30am,USD,Consumer Credit m/m,Low,22.3B,36.8B
2022-07-11,1:30pm,EUR,Italian Retail Sales m/m,Low,1.9%,0.3%
2022-07-12,2:30pm,EUR,German ZEW Economic Sentiment,Low,-53.8,-28.0
2022-07-12,2:32pm,EUR,ZEW Economic Sentiment,Low,-51.1,-28.0
2022-07-12,3:29pm,USD,NFIB Small Business Index,Low,89.5,93.1
2022-07-12,7:30pm,USD,RCM/TIPP Economic Optimism,Low,38.5,38.1
2022-07-12,10:31pm,USD,10-y Bond Auction,Low,2.96|2.3,3.03|2.4
2022-07-13,11:30am,EUR,German Final CPI m/m,Low,0.1%,0.1%
2022-07-13,12:15pm,EUR,French Final CPI m/m,Low,0.7%,0.7%
2022-07-13,2:30pm,EUR,Industrial Production m/m,Low,0.8%,0.5%
2022-07-13,3:03pm,EUR,German 30-y Bond Auction,Low,1.41|2.1,1.16|3.1
2022-07-13,6:00pm,USD,Core CPI m/m,High,0.7%,0.6%
2022-07-13,6:00pm,USD,CPI m/m,High,1.3%,1.0%
2022-07-13,6:00pm,USD,CPI y/y,High,9.1%,8.6%
2022-07-13,8:00pm,USD,Crude Oil Inventories,Low,3.3M,8.2M
2022-07-13,10:31pm,USD,30-y Bond Auction,Low,3.12|2.4,3.19|2.4
2022-07-13,10:31pm,USD,Federal Budget Balance,Low,-88.8B,-66.2B
2022-07-14,11:30am,EUR,German WPI m/m,Low,0.1%,1.0%
2022-07-14,11:30am,USD,PPI m/m,High,1.1%,0.8%
2022-07-14,11:30am,USD,Core PPI m/m,Medium,0.4%,0.5%
2022-07-14,11:30am,USD,Unemployment Claims,Medium,244K,235K
2022-07-14,8:00pm,USD,Natural Gas Storage,Low,58B,60B
2022-07-15,2:30pm,EUR,Trade Balance,Low,-26.0B,-31.8B
2022-07-15,2:30pm,USD,Core Retail Sales m/m,High,1.0%,0.6%
2022-07-15,2:30pm,USD,Retail Sales m/m,High,1.0%,-0.1%
2022-07-15,2:30pm,USD,Empire State Manufacturing Index,Medium,11.1,-1.2
2022-07-15,2:30pm,USD,Import Prices m/m,Low,0.2%,0.5%
2022-07-15,6:45pm,USD,Capacity Utilization Rate,Low,80.0%,80.3%
2022-07-15,6:45pm,USD,Industrial Production m/m,Low,-0.2%,0.0%
2022-07-15,7:30pm,USD,Prelim UoM Consumer Sentiment,High,51.1,50.0
2022-07-15,7:30pm,USD,Business Inventories m/m,Low,1.4%,1.3%
2022-07-15,7:30pm,USD,Prelim UoM Inflation Expectations,Low,5.2%,5.3%
2022-07-18,1:30pm,EUR,Italian Trade Balance,Low,-0.01B,-3.64B
2022-07-18,7:30pm,USD,NAHB Housing Market Index,Low,55,67
2022-07-19,1:30am,USD,TIC Long-Term Purchases,Low,155.3B,87.2B
2022-07-19,2:30pm,EUR,Final Core CPI y/y,Low,3.7%,3.7%
2022-07-19,2:30pm,EUR,Final CPI y/y,Low,8.6%,8.6%
2022-07-19,6:00pm,USD,Building Permits,Low,1.69M,1.70M
2022-07-19,6:00pm,USD,Housing Starts,Low,1.56M,1.59M
2022-07-20,11:30am,EUR,German PPI m/m,Low,0.6%,1.6%
2022-07-20,1:30pm,EUR,Current Account,Low,-4.5B,-3.9B
2022-07-20,7:30pm,EUR,Consumer Confidence,Low,-27,-24
2022-07-20,7:30pm,USD,Existing Home Sales,Medium,5.12M,5.41M
2022-07-20,8:00pm,USD,Crude Oil Inventories,Low,-0.4M,3.3M
2022-07-21,2:19pm,EUR,Spanish 10-y Bond Auction,Low,2.54|1.6,2.45|1.5
2022-07-21,5:45pm,EUR,Main Refinancing Rate,High,0.50%,0.00%
2022-07-21,5:45pm,USD,Philly Fed Manufacturing Index,Medium,-12.3,-3.3
2022-07-21,5:45pm,USD,Unemployment Claims,Medium,251K,244K
2022-07-21,7:30pm,USD,CB Leading Index m/m,Low,-0.8%,-0.6%
2022-07-21,8:00pm,USD,Natural Gas Storage,Low,32B,58B
2022-07-22,12:45pm,EUR,French Flash Services PMI,High,52.1,53.9
2022-07-22,12:45pm,EUR,French Flash Manufacturing PMI,Medium,49.6,51.4
2022-07-22,1:00pm,EUR,German Flash Manufacturing PMI,High,49.2,52.0
2022-07-22,1:00pm,EUR,German Flash Services PMI,High,49.2,52.4
2022-07-22,1:30pm,EUR,Flash Manufacturing PMI,Low,49.6,52.1
2022-07-22,1:30pm,EUR,Flash Services PMI,Low,50.6,53.0
2022-07-22,7:15pm,USD,Flash Services PMI,High,47.0,52.7
2022-07-22,7:15pm,USD,Flash Manufacturing PMI,Medium,52.3,52.7
2022-07-25,1:30pm,EUR,German ifo Business Climate,Medium,88.6,92.2
2022-07-25,6:25pm,EUR,Belgian NBB Business Climate,Low,-2.8,-1.8
2022-07-26,6:30pm,USD,HPI m/m,Low,1.4%,1.5%
2022-07-26,6:30pm,USD,S&P/CS Composite-20 HPI y/y,Low,20.5%,21.2%
2022-07-26,7:29pm,USD,Richmond Manufacturing Index,Medium,0,-11
2022-07-26,7:30pm,USD,CB Consumer Confidence,High,95.7,98.4
2022-07-26,7:30pm,USD,New Home Sales,Low,590K,642K
2022-07-27,11:30am,EUR,German GfK Consumer Climate,Low,-30.6,-27.7
2022-07-27,11:30am,EUR,M3 Money Supply y/y,Low,5.7%,5.8%
2022-07-27,11:30am,EUR,Private Loans y/y,Low,4.6%,4.6%
2022-07-27,3:03pm,EUR,German 10-y Bond Auction,Low,0.94|1.1,1.22|1.1
2022-07-27,6:00pm,USD,Core Durable Goods Orders m/m,Medium,0.3%,0.5%
2022-07-27,6:00pm,USD,Durable Goods Orders m/m,Medium,1.9%,0.8%
2022-07-27,6:00pm,USD,Goods Trade Balance,Low,-98.2B,-104.0B
2022-07-27,6:00pm,USD,Prelim Wholesale Inventories m/m,Low,1.9%,1.8%
2022-07-27,7:30pm,USD,Pending Home Sales m/m,Medium,-8.6%,0.4%
2022-07-27,8:00pm,USD,Crude Oil Inventories,Low,-4.5M,-0.4M
2022-07-27,11:30pm,USD,Federal Funds Rate,High,2.50%,1.75%
2022-07-28,All Day,EUR,German Prelim CPI m/m,Low,0.9%,0.1%
2022-07-28,12:30pm,EUR,Spanish Unemployment Rate,Low,12.5%,13.6%
2022-07-28,2:45pm,EUR,Italian 10-y Bond Auction,Low,3.36|1.7,3.47|1.6
2022-07-28,6:00pm,USD,Advance GDP q/q,High,-0.9%,-1.6%
2022-07-28,6:00pm,USD,Advance GDP Price Index q/q,Medium,8.7%,8.2%
2022-07-28,6:00pm,USD,Unemployment Claims,Medium,256K,261K
2022-07-28,8:00pm,USD,Natural Gas Storage,Low,15B,32B
2022-07-29,11:00am,EUR,French Flash GDP q/q,Medium,0.5%,-0.2%
2022-07-29,11:00am,EUR,French Consumer Spending m/m,Low,0.2%,0.4%
2022-07-29,11:30am,EUR,German Import Prices m/m,Low,1.0%,0.9%
2022-07-29,12:15pm,EUR,French Prelim CPI m/m,Low,0.3%,0.7%
2022-07-29,12:15pm,EUR,Spanish Flash CPI y/y,Low,10.8%,10.2%
2022-07-29,12:15pm,EUR,Spanish Flash GDP q/q,Low,1.1%,0.2%
2022-07-29,1:25pm,EUR,German Unemployment Change,Low,48K,132K
2022-07-29,1:30pm,EUR,Italian Prelim GDP q/q,Low,1.0%,0.1%
2022-07-29,1:30pm,EUR,German Prelim GDP q/q,Low,0.0%,0.2%
2022-07-29,2:30pm,EUR,Core CPI Flash Estimate y/y,Medium,4.0%,3.7%
2022-07-29,2:30pm,EUR,CPI Flash Estimate y/y,Medium,8.9%,8.6%
2022-07-29,2:30pm,EUR,Italian Prelim CPI m/m,Low,0.4%,1.2%
2022-07-29,2:30pm,EUR,Prelim Flash GDP q/q,Low,0.7%,0.6%
2022-07-29,2:30pm,USD,Core PCE Price Index m/m,High,0.6%,0.3%
2022-07-29,2:30pm,USD,Employment Cost Index q/q,Low,1.3%,1.4%
2022-07-29,2:30pm,USD,Personal Income m/m,Low,0.6%,0.6%
2022-07-29,2:30pm,USD,Personal Spending m/m,Low,1.1%,0.3%
2022-07-29,7:15pm,USD,Chicago PMI,Low,52.1,56.0
2022-07-29,7:30pm,USD,Revised UoM Consumer Sentiment,Medium,51.5,51.1
2022-07-29,7:30pm,USD,Revised UoM Inflation Expectations,Low,5.2%,5.2%
2022-08-01,11:30am,EUR,German Retail Sales m/m,Low,-1.6%,1.2%
2022-08-01,12:45pm,EUR,Spanish Manufacturing PMI,Low,48.7,52.6
2022-08-01,1:15pm,EUR,Italian Manufacturing PMI,Low,48.5,50.9
2022-08-01,1:20pm,EUR,French Final Manufacturing PMI,Low,49.5,49.6
2022-08-01,1:25pm,EUR,German Final Manufacturing PMI,Low,49.3,49.2
2022-08-01,1:30pm,EUR,Final Manufacturing PMI,Low,49.8,49.6
2022-08-01,1:30pm,EUR,Italian Monthly Unemployment Rate,Low,8.1%,8.2%
2022-08-01,2:30pm,EUR,Unemployment Rate,Low,6.6%,6.6%
2022-08-01,7:15pm,USD,Final Manufacturing PMI,Low,52.2,52.3
2022-08-01,7:30pm,USD,ISM Manufacturing PMI,High,52.8,53.0
2022-08-01,7:30pm,USD,Construction Spending m/m,Low,-1.1%,0.1%
2022-08-01,7:30pm,USD,ISM Manufacturing Prices,Low,60.0,78.5
2022-08-02,11:30am,EUR,Spanish Unemployment Change,Low,3.2K,-42.4K
2022-08-02,7:30pm,USD,JOLTS Job Openings,High,10.70M,11.30M
2022-08-02,All Day,USD,Wards Total Vehicle Sales,Low,13.4M,13.0M
2022-08-03,11:30am,EUR,German Trade Balance,Low,6.4B,0.8B
2022-08-03,12:45pm,EUR,Spanish Services PMI,Medium,53.8,54.0
2022-08-03,1:15pm,EUR,Italian Services PMI,Low,48.4,51.6
2022-08-03,1:20pm,EUR,French Final Services PMI,Low,53.2,52.1
2022-08-03,1:25pm,EUR,German Final Services PMI,Low,49.7,49.2
2022-08-03,1:30pm,EUR,Final Services PMI,Low,51.2,50.6
2022-08-03,1:30pm,EUR,Italian Retail Sales m/m,Low,-1.1%,2.0%
2022-08-03,2:30pm,EUR,PPI m/m,Low,1.1%,0.5%
2022-08-03,2:30pm,EUR,Retail Sales m/m,Low,-1.2%,0.4%
2022-08-03,5:01pm,EUR,French Gov Budget Balance,Low,-76.1B,-82.3B
2022-08-03,7:15pm,USD,Final Services PMI,Low,47.3,47.0
2022-08-03,7:30pm,USD,ISM Services PMI,High,56.7,55.3
2022-08-03,7:30pm,USD,Factory Orders m/m,Low,2.0%,1.8%
2022-08-03,8:00pm,USD,Crude Oil Inventories,Low,4.5M,-4.5M
2022-08-04,11:30am,EUR,German Factory Orders m/m,Low,-0.4%,-0.2%
2022-08-04,2:13pm,EUR,Spanish 10-y Bond Auction,Low,1.98|1.7,2.54|1.6
2022-08-04,2:24pm,EUR,French 10-y Bond Auction,Low,1.43|2.5,1.92|1.9
2022-08-04,2:24pm,USD,Challenger Job Cuts y/y,Low,36.3%,58.8%
2022-08-04,2:24pm,USD,Unemployment Claims,Medium,260K,254K
2022-08-04,2:24pm,USD,Trade Balance,Low,-79.6B,-84.9B
2022-08-04,8:00pm,USD,Natural Gas Storage,Low,41B,15B
2022-08-05,11:30am,EUR,German Industrial Production m/m,Low,0.4%,-0.1%
2022-08-05,12:15pm,EUR,French Industrial Production m/m,Low,1.4%,0.2%
2022-08-05,12:15pm,EUR,French Prelim Private Payrolls q/q,Low,0.5%,0.3%
2022-08-05,12:15pm,EUR,French Trade Balance,Low,-13.1B,-12.9B
2022-08-05,1:30pm,EUR,Italian Industrial Production m/m,Low,-2.1%,-1.1%
2022-08-05,1:30pm,USD,Average Hourly Earnings m/m,High,0.5%,0.4%
2022-08-05,1:30pm,USD,Non-Farm Employment Change,High,528K,398K
2022-08-05,1:30pm,USD,Unemployment Rate,High,3.5%,3.6%
2022-08-06,12:30am,USD,Consumer Credit m/m,Low,40.2B,23.8B
2022-08-08,2:00pm,EUR,Sentix Investor Confidence,Low,-25.2,-26.4
2022-08-09,3:28pm,USD,NFIB Small Business Index,Low,89.9,89.5
2022-08-09,6:00pm,USD,Prelim Nonfarm Productivity q/q,Low,-4.6%,-7.3%
2022-08-09,6:00pm,USD,Prelim Unit Labor Costs q/q,Low,10.8%,12.6%
2022-08-09,7:30pm,USD,RCM/TIPP Economic Optimism,Low,38.1,38.5
2022-08-10,11:30am,EUR,German Final CPI m/m,Low,0.9%,0.9%
2022-08-10,3:05pm,EUR,German 30-y Bond Auction,Low,1.10|1.6,1.41|2.1
2022-08-10,6:00pm,USD,Core CPI m/m,High,0.3%,0.7%
2022-08-10,6:00pm,USD,CPI m/m,High,0.0%,1.3%
2022-08-10,6:00pm,USD,CPI y/y,High,8.5%,9.1%
2022-08-10,7:30pm,USD,Final Wholesale Inventories m/m,Low,1.8%,1.9%
2022-08-10,8:00pm,USD,Crude Oil Inventories,Low,5.5M,4.5M
2022-08-10,10:31pm,USD,10-y Bond Auction,Low,2.76|2.5,2.96|2.3
2022-08-10,11:30pm,USD,Federal Budget Balance,Low,-211.1B,-88.8B
2022-08-11,6:00pm,USD,PPI m/m,High,-0.5%,1.1%
2022-08-11,6:00pm,USD,Core PPI m/m,Medium,0.2%,0.4%
2022-08-11,6:00pm,USD,Unemployment Claims,Medium,262K,248K
2022-08-11,7:30pm,USD,Mortgage Delinquencies,Low,3.64%,4.11%
2022-08-11,8:00pm,USD,Natural Gas Storage,Low,44B,41B
2022-08-11,10:31pm,USD,30-y Bond Auction,Low,3.11|2.3,3.12|2.4
2022-08-12,12:15pm,EUR,French Final CPI m/m,Low,0.3%,0.3%
2022-08-12,1:30pm,EUR,Italian Trade Balance,Low,-2.17B,-0.06B
2022-08-12,2:30pm,EUR,Industrial Production m/m,Low,0.7%,2.1%
2022-08-12,6:00pm,USD,Import Prices m/m,Low,-1.4%,0.3%
2022-08-12,7:30pm,USD,Prelim UoM Consumer Sentiment,High,55.1,51.5
2022-08-12,7:30pm,USD,Prelim UoM Inflation Expectations,Low,5.0%,5.2%
2022-08-15,11:30am,EUR,German WPI m/m,Low,-0.4%,0.1%
2022-08-15,11:30am,USD,Empire State Manufacturing Index,Medium,-31.3,11.1
2022-08-15,7:30pm,USD,NAHB Housing Market Index,Low,49,55
2022-08-16,1:30am,USD,TIC Long-Term Purchases,Low,121.8B,155.3B
2022-08-16,2:30pm,EUR,Trade Balance,Low,-30.8B,-27.2B
2022-08-16,2:30pm,EUR,ZEW Economic Sentiment,Low,-54.9,-51.1
2022-08-16,2:30pm,EUR,German ZEW Economic Sentiment,Low,-55.3,-53.8
2022-08-16,2:30pm,USD,Building Permits,Low,1.67M,1.70M
2022-08-16,2:30pm,USD,Housing Starts,Low,1.45M,1.60M
2022-08-16,6:45pm,USD,Capacity Utilization Rate,Low,80.3%,79.9%
2022-08-16,6:45pm,USD,Industrial Production m/m,Low,0.6%,0.0%
2022-08-17,2:30pm,EUR,Flash Employment Change q/q,Low,0.3%,0.6%
2022-08-17,2:30pm,EUR,Flash GDP q/q,Low,0.6%,0.7%
2022-08-17,6:00pm,USD,Core Retail Sales m/m,High,0.4%,0.9%
2022-08-17,6:00pm,USD,Retail Sales m/m,High,0.0%,0.8%
2022-08-17,7:30pm,USD,Business Inventories m/m,Low,1.4%,1.6%
2022-08-17,8:00pm,USD,Crude Oil Inventories,Low,-7.1M,5.5M
2022-08-18,2:30pm,EUR,Final Core CPI y/y,Low,4.0%,4.0%
2022-08-18,2:30pm,EUR,Final CPI y/y,Low,8.9%,8.9%
2022-08-18,2:30pm,USD,Philly Fed Manufacturing Index,High,6.2,-12.3
2022-08-18,2:30pm,USD,Unemployment Claims,Medium,250K,252K
2022-08-18,7:30pm,USD,Existing Home Sales,Medium,4.81M,5.11M
2022-08-18,7:30pm,USD,CB Leading Index m/m,Low,-0.4%,-0.7%
2022-08-18,8:00pm,USD,Natural Gas Storage,Low,18B,44B
2022-08-19,11:30am,EUR,German PPI m/m,Low,5.3%,0.6%
2022-08-19,1:30pm,EUR,Current Account,Low,4.2B,-6.9B
2022-08-23,12:45pm,EUR,French Flash Services PMI,High,51.0,53.2
2022-08-23,12:45pm,EUR,French Flash Manufacturing PMI,Medium,49.0,49.5
2022-08-23,1:00pm,EUR,German Flash Manufacturing PMI,High,49.8,49.3
2022-08-23,1:00pm,EUR,German Flash Services PMI,High,48.2,49.7
2022-08-23,1:30pm,EUR,Flash Manufacturing PMI,Low,49.7,49.8
2022-08-23,1:30pm,EUR,Flash Services PMI,Low,50.2,51.2
2022-08-23,7:15pm,USD,Flash Services PMI,High,44.1,47.3
2022-08-23,7:15pm,USD,Flash Manufacturing PMI,Medium,51.3,52.2
2022-08-23,7:29pm,USD,Richmond Manufacturing Index,Medium,-8,0
2022-08-23,7:30pm,EUR,Consumer Confidence,Low,-25,-27
2022-08-23,7:30pm,USD,New Home Sales,Medium,511K,585K
2022-08-24,3:04pm,EUR,German 10-y Bond Auction,Low,1.33|1.6,0.94|1.1
2022-08-24,3:04pm,USD,Core Durable Goods Orders m/m,Medium,0.3%,0.4%
2022-08-24,3:04pm,USD,Durable Goods Orders m/m,Medium,0.0%,2.0%
2022-08-24,7:30pm,USD,Prelim Benchmark Payrolls Revision,High,462K,-166K
2022-08-24,7:30pm,USD,Pending Home Sales m/m,Medium,-1.0%,-8.9%
2022-08-24,8:00pm,USD,Crude Oil Inventories,Low,-3.3M,-7.1M
2022-08-25,11:30am,EUR,German Final GDP q/q,Low,0.1%,0.0%
2022-08-25,1:30pm,EUR,German ifo Business Climate,Medium,88.5,88.7
2022-08-25,6:00pm,USD,Prelim GDP q/q,High,-0.6%,-0.9%
2022-08-25,6:00pm,USD,Unemployment Claims,Medium,243K,245K
2022-08-25,6:00pm,USD,Prelim GDP Price Index q/q,Low,8.9%,8.7%
2022-08-25,6:25pm,EUR,Belgian NBB Business Climate,Low,-5.8,-2.8
2022-08-25,8:00pm,USD,Natural Gas Storage,Low,60B,18B
2022-08-26,11:30am,EUR,German GfK Consumer Climate,Low,-36.5,-30.9
2022-08-26,1:30pm,EUR,M3 Money Supply y/y,Low,5.5%,5.7%
2022-08-26,1:30pm,EUR,Private Loans y/y,Low,4.5%,4.6%
2022-08-26,6:00pm,USD,Core PCE Price Index m/m,High,0.1%,0.6%
2022-08-26,6:00pm,USD,Goods Trade Balance,Low,-89.1B,-98.6B
2022-08-26,6:00pm,USD,Personal Income m/m,Low,0.2%,0.7%
2022-08-26,6:00pm,USD,Personal Spending m/m,Low,0.1%,1.0%
2022-08-26,6:00pm,USD,Prelim Wholesale Inventories m/m,Low,0.8%,1.8%
2022-08-26,6:00pm,USD,Revised UoM Consumer Sentiment,Medium,58.2,55.1
2022-08-26,6:00pm,USD,Revised UoM Inflation Expectations,Low,4.8%,5.0%
2022-08-30,5:00am,EUR,Spanish Flash CPI y/y,Low,10.4%,10.8%
2022-08-30,All Day,EUR,German Prelim CPI m/m,High,0.3%,0.9%
2022-08-30,3:04pm,EUR,Italian 10-y Bond Auction,Low,3.76|1.5,3.36|1.7
2022-08-30,6:30pm,USD,HPI m/m,Low,0.1%,1.3%
2022-08-30,6:30pm,USD,S&P/CS Composite-20 HPI y/y,Low,18.6%,20.5%
2022-08-30,7:30pm,USD,CB Consumer Confidence,High,103.2,95.3
2022-08-30,7:30pm,USD,JOLTS Job Openings,High,11.24M,11.04M
2022-08-31,11:30am,EUR,German Import Prices m/m,Low,1.4%,1.0%
2022-08-31,12:15pm,EUR,French Consumer Spending m/m,Low,-0.8%,0.1%
2022-08-31,12:15pm,EUR,French Prelim CPI m/m,Low,0.4%,0.3%
2022-08-31,12:15pm,EUR,French Prelim GDP q/q,Low,0.5%,0.5%
2022-08-31,1:25pm,EUR,German Unemployment Change,Low,28K,45K
2022-08-31,2:26pm,EUR,Italian Prelim CPI m/m,Low,0.8%,0.4%
2022-08-31,2:30pm,EUR,Core CPI Flash Estimate y/y,Medium,4.3%,4.0%
2022-08-31,2:30pm,EUR,CPI Flash Estimate y/y,Medium,9.1%,8.9%
2022-08-31,5:45pm,USD,ADP Non-Farm Employment Change,High,132K,128K
2022-08-31,7:15pm,USD,Chicago PMI,Medium,52.2,52.1
2022-08-31,8:00pm,USD,Crude Oil Inventories,Low,-3.3M,-3.3M
2022-09-01,11:30am,EUR,German Retail Sales m/m,Low,1.9%,-1.5%
2022-09-01,12:45pm,EUR,Spanish Manufacturing PMI,Low,49.9,48.7
2022-09-01,1:15pm,EUR,Italian Manufacturing PMI,Low,48.0,48.5
2022-09-01,1:20pm,EUR,French Final Manufacturing PMI,Low,50.6,49.0
2022-09-01,1:25pm,EUR,German Final Manufacturing PMI,Low,49.1,49.8
2022-09-01,1:30pm,EUR,Final Manufacturing PMI,Low,49.6,49.7
2022-09-01,1:30pm,EUR,Italian Monthly Unemployment Rate,Low,7.9%,8.0%
2022-09-01,2:18pm,EUR,Spanish 10-y Bond Auction,Low,2.81|1.8,1.98|1.7
2022-09-01,2:27pm,EUR,French 10-y Bond Auction,Low,2.21|2.0,1.43|2.5
2022-09-01,2:30pm,EUR,Unemployment Rate,Low,6.6%,6.7%
2022-09-01,5:00pm,USD,Challenger Job Cuts y/y,Low,30.3%,36.3%
2022-09-01,5:00pm,USD,Unemployment Claims,Medium,232K,237K
2022-09-01,5:00pm,USD,Revised Nonfarm Productivity q/q,Low,-4.1%,-4.6%
2022-09-01,5:00pm,USD,Revised Unit Labor Costs q/q,Low,10.2%,10.8%
2022-09-01,7:15pm,USD,Final Manufacturing PMI,Low,51.5,51.3
2022-09-01,7:30pm,USD,ISM Manufacturing PMI,High,52.8,52.8
2022-09-01,7:30pm,USD,Construction Spending m/m,Low,-0.4%,-0.5%
2022-09-01,7:30pm,USD,ISM Manufacturing Prices,Low,52.5,60.0
2022-09-01,All Day,USD,Wards Total Vehicle Sales,Low,13.2M,13.4M
2022-09-01,8:00pm,USD,Natural Gas Storage,Low,61B,60B
2022-09-02,11:30am,EUR,German Trade Balance,Low,5.4B,6.2B
2022-09-02,12:15pm,EUR,French Gov Budget Balance,Low,-131.2B,-76.1B
2022-09-02,12:30pm,EUR,Spanish Unemployment Change,Low,40.4K,3.2K
2022-09-02,2:30pm,EUR,PPI m/m,Low,4.0%,1.3%
2022-09-02,2:30pm,USD,Average Hourly Earnings m/m,High,0.3%,0.5%
2022-09-02,2:30pm,USD,Non-Farm Employment Change,High,315K,526K
2022-09-02,2:30pm,USD,Unemployment Rate,High,3.7%,3.5%
2022-09-02,7:30pm,USD,Factory Orders m/m,Low,-1.0%,1.8%
2022-09-05,12:45pm,EUR,Spanish Services PMI,Low,50.6,53.8
2022-09-05,1:15pm,EUR,Italian Services PMI,Low,50.5,48.4
2022-09-05,1:20pm,EUR,French Final Services PMI,Low,51.2,51.0
2022-09-05,1:25pm,EUR,German Final Services PMI,Low,47.7,48.2
2022-09-05,1:30pm,EUR,Final Services PMI,Low,49.8,50.2
2022-09-05,2:00pm,EUR,Sentix Investor Confidence,Low,-31.8,-25.2
2022-09-05,2:30pm,EUR,Retail Sales m/m,Low,0.3%,-1.0%
2022-09-06,11:30am,EUR,German Factory Orders m/m,Low,-1.1%,-0.3%
2022-09-06,7:15pm,USD,Final Services PMI,Medium,43.7,44.1
2022-09-06,7:30pm,USD,ISM Services PMI,High,56.9,56.7
2022-09-07,11:30am,EUR,German Industrial Production m/m,Low,-0.3%,0.8%
2022-09-07,1:30pm,EUR,Italian Retail Sales m/m,Low,1.3%,-1.1%
2022-09-07,2:30pm,EUR,Final Employment Change q/q,Low,0.4%,0.3%
2022-09-07,2:30pm,EUR,Revised GDP q/q,Low,0.8%,0.6%
2022-09-07,2:32pm,USD,Trade Balance,Low,-70.6B,-80.9B
2022-09-08,11:00am,EUR,French Final Private Payrolls q/q,Low,0.5%,0.5%
2022-09-08,12:15pm,EUR,French Trade Balance,Low,-14.5B,-13.1B
2022-09-08,5:45pm,EUR,Main Refinancing Rate,High,1.25%,0.50%
2022-09-08,6:00pm,USD,Unemployment Claims,Medium,222K,228K
2022-09-08,8:00pm,USD,Natural Gas Storage,Low,54B,61B
2022-09-08,8:30pm,USD,Crude Oil Inventories,Low,8.8M,-3.3M
2022-09-09,12:30am,USD,Consumer Credit m/m,Low,23.8B,39.1B
2022-09-09,12:15pm,EUR,French Industrial Production m/m,Low,-1.6%,1.2%
2022-09-09,7:30pm,USD,Final Wholesale Inventories m/m,Low,0.6%,0.8%
2022-09-12,1:30pm,EUR,Italian Industrial Production m/m,Low,0.4%,-2.0%
2022-09-12,10:31pm,USD,10-y Bond Auction,Low,3.33|2.4,2.76|2.5
2022-09-13,11:30am,EUR,German Final CPI m/m,Low,0.3%,0.3%
2022-09-13,1:30pm,EUR,Italian Quarterly Unemployment Rate,Low,8.1%,8.5%
2022-09-13,2:30pm,EUR,German ZEW Economic Sentiment,Low,-61.9,-55.3
2022-09-13,2:30pm,EUR,ZEW Economic Sentiment,Low,-60.7,-54.9
2022-09-13,3:25pm,USD,NFIB Small Business Index,Low,91.8,89.9
2022-09-13,6:00pm,USD,Core CPI m/m,High,0.6%,0.3%
2022-09-13,6:00pm,USD,CPI m/m,High,0.1%,0.0%
2022-09-13,6:00pm,USD,CPI y/y,High,8.3%,8.5%
2022-09-13,7:30pm,USD,RCM/TIPP Economic Optimism,Low,44.7,38.1
2022-09-13,10:31pm,USD,30-y Bond Auction,Low,3.51|2.4,3.11|2.3
2022-09-13,11:23pm,USD,Federal Budget Balance,Low,-219.6B,-211.1B
2022-09-14,2:30pm,EUR,Industrial Production m/m,Low,-2.3%,1.1%
2022-09-14,2:30pm,USD,PPI m/m,High,-0.1%,-0.5%
2022-09-14,2:30pm,USD,Core PPI m/m,Medium,0.4%,0.2%
2022-09-14,8:00pm,USD,Crude Oil Inventories,Low,2.4M,8.8M
2022-09-15,11:30am,EUR,German WPI m/m,Low,0.1%,-0.4%
2022-09-15,12:15pm,EUR,French Final CPI m/m,Low,0.5%,0.4%
2022-09-15,2:30pm,EUR,Trade Balance,Low,-40.3B,-32.2B
2022-09-15,6:00pm,USD,Core Retail Sales m/m,High,-0.3%,0.0%
2022-09-15,6:00pm,USD,Empire State Manufacturing Index,High,-1.5,-31.3
2022-09-15,6:00pm,USD,Retail Sales m/m,High,0.3%,-0.4%
2022-09-15,6:00pm,USD,Philly Fed Manufacturing Index,Medium,-9.9,6.2
2022-09-15,6:00pm,USD,Unemployment Claims,Medium,213K,218K
2022-09-15,6:00pm,USD,Import Prices m/m,Low,-1.0%,-1.5%
2022-09-15,6:45pm,USD,Capacity Utilization Rate,Low,80.0%,80.2%
2022-09-15,6:45pm,USD,Industrial Production m/m,Low,-0.2%,0.5%
2022-09-15,7:30pm,USD,Business Inventories m/m,Low,0.6%,1.4%
2022-09-15,8:00pm,USD,Natural Gas Storage,Low,77B,54B
2022-09-16,1:30pm,EUR,Italian Trade Balance,Low,-0.36B,-2.51B
2022-09-16,2:30pm,EUR,Final Core CPI y/y,Low,4.3%,4.3%
2022-09-16,2:30pm,EUR,Final CPI y/y,Low,9.1%,9.1%
2022-09-16,7:30pm,USD,Prelim UoM Consumer Sentiment,High,59.5,58.2
2022-09-16,7:30pm,USD,Prelim UoM Inflation Expectations,Medium,4.6%,4.8%
2022-09-17,1:30am,USD,TIC Long-Term Purchases,Low,21.4B,121.8B
2022-09-19,7:30pm,USD,NAHB Housing Market Index,Low,46,49
2022-09-20,5:00am,EUR,German PPI m/m,Low,7.9%,5.3%
2022-09-20,1:30pm,EUR,Current Account,Low,-19.9B,4.2B
2022-09-20,1:30pm,USD,Building Permits,Low,1.52M,1.69M
2022-09-20,1:30pm,USD,Housing Starts,Low,1.58M,1.40M
2022-09-21,3:04pm,EUR,German 10-y Bond Auction,Low,1.87|1.8,1.33|1.6
2022-09-21,7:30pm,USD,Existing Home Sales,Medium,4.80M,4.82M
2022-09-21,7:30pm,USD,Crude Oil Inventories,Low,1.1M,2.4M
2022-09-21,11:30pm,USD,Federal Funds Rate,High,3.25%,2.50%
2022-09-22,10:30am,USD,Unemployment Claims,Medium,213K,208K
2022-09-22,10:30am,USD,Current Account,Low,-251B,-283B
2022-09-22,7:30pm,EUR,Consumer Confidence,Low,-29,-25
2022-09-22,7:30pm,USD,CB Leading Index m/m,Low,-0.3%,-0.5%
2022-09-22,8:00pm,USD,Natural Gas Storage,Low,103B,77B
2022-09-23,12:45pm,EUR,French Flash Services PMI,High,53.0,51.2
2022-09-23,12:45pm,EUR,French Flash Manufacturing PMI,Medium,47.8,50.6
2022-09-23,1:00pm,EUR,German Flash Manufacturing PMI,High,48.3,49.1
2022-09-23,1:00pm,EUR,German Flash Services PMI,High,45.4,47.7
2022-09-23,1:30pm,EUR,Flash Manufacturing PMI,Low,48.5,49.6
2022-09-23,1:30pm,EUR,Flash Services PMI,Low,48.9,49.8
2022-09-23,7:15pm,USD,Flash Services PMI,High,49.2,43.7
2022-09-23,7:15pm,USD,Flash Manufacturing PMI,Medium,51.8,51.5
2022-09-26,1:30pm,EUR,German ifo Business Climate,Medium,84.3,88.6
2022-09-26,6:29pm,EUR,Belgian NBB Business Climate,Low,-11.8,-5.8
2022-09-27,1:30pm,EUR,M3 Money Supply y/y,Low,6.1%,5.7%
2022-09-27,1:30pm,EUR,Private Loans y/y,Low,4.5%,4.5%
2022-09-27,6:00pm,USD,Core Durable Goods Orders m/m,Medium,0.2%,0.2%
2022-09-27,6:00pm,USD,Durable Goods Orders m/m,Medium,-0.2%,-0.1%
2022-09-27,6:30pm,USD,HPI m/m,Low,-0.6%,0.1%
2022-09-27,6:30pm,USD,S&P/CS Composite-20 HPI y/y,Low,16.1%,18.6%
2022-09-27,7:30pm,USD,CB Consumer Confidence,High,108.0,103.6
2022-09-27,7:30pm,USD,New Home Sales,Medium,685K,532K
2022-09-27,7:30pm,USD,Richmond Manufacturing Index,Medium,0,-8
2022-09-28,11:30am,EUR,German GfK Consumer Climate,Low,-42.5,-36.8
2022-09-28,6:00pm,USD,Goods Trade Balance,Low,-87.3B,-90.2B
2022-09-28,6:00pm,USD,Prelim Wholesale Inventories m/m,Low,1.3%,0.6%
2022-09-28,7:30pm,USD,Pending Home Sales m/m,Medium,-2.0%,-0.6%
2022-09-28,8:00pm,USD,Crude Oil Inventories,Low,-0.2M,1.1M
2022-09-29,All Day,EUR,German Prelim CPI m/m,Low,1.9%,0.3%
2022-09-29,12:30pm,EUR,Spanish Flash CPI y/y,Low,9.0%,10.5%
2022-09-29,2:45pm,EUR,Italian 10-y Bond Auction,Low,4.70|1.4,3.76|1.5
2022-09-29,2:45pm,USD,Final GDP q/q,Medium,-0.6%,-0.6%
2022-09-29,2:45pm,USD,Unemployment Claims,Medium,193K,209K
2022-09-29,2:45pm,USD,Final GDP Price Index q/q,Low,9.0%,8.9%
2022-09-29,8:00pm,USD,Natural Gas Storage,Low,103B,103B
2022-09-30,12:15pm,EUR,French Consumer Spending m/m,Low,0.0%,-0.9%
2022-09-30,12:15pm,EUR,French Prelim CPI m/m,Low,-0.5%,0.5%
2022-09-30,1:25pm,EUR,German Unemployment Change,Low,14K,26K
2022-09-30,1:30pm,EUR,Italian Monthly Unemployment Rate,Low,7.8%,7.9%
2022-09-30,2:30pm,EUR,Core CPI Flash Estimate y/y,Medium,4.8%,4.3%
2022-09-30,2:30pm,EUR,CPI Flash Estimate y/y,Medium,10.0%,9.1%
2022-09-30,2:30pm,EUR,Italian Prelim CPI m/m,Low,0.3%,0.8%
2022-09-30,2:30pm,EUR,Unemployment Rate,Low,6.6%,6.6%
2022-09-30,6:00pm,USD,Core PCE Price Index m/m,High,0.6%,0.0%
2022-09-30,6:00pm,USD,Personal Income m/m,Low,0.3%,0.3%
2022-09-30,6:00pm,USD,Personal Spending m/m,Low,0.4%,-0.2%
2022-09-30,7:15pm,USD,Chicago PMI,Low,45.7,52.2
2022-09-30,7:30pm,USD,Revised UoM Consumer Sentiment,Medium,58.6,59.5
2022-09-30,7:30pm,USD,Revised UoM Inflation Expectations,Low,4.7%,4.6%
2022-10-03,12:45pm,EUR,Spanish Manufacturing PMI,Low,49.0,49.9
2022-10-03,1:15pm,EUR,Italian Manufacturing PMI,Low,48.3,48.0
2022-10-03,1:20pm,EUR,French Final Manufacturing PMI,Low,47.7,47.8
2022-10-03,1:25pm,EUR,German Final Manufacturing PMI,Low,47.8,48.3
2022-10-03,1:30pm,EUR,Final Manufacturing PMI,Low,48.4,48.5
2022-10-03,7:15pm,USD,Final Manufacturing PMI,Low,52.0,51.8
2022-10-03,7:30pm,USD,ISM Manufacturing PMI,High,50.9,52.8
2022-10-03,7:30pm,USD,Construction Spending m/m,Low,-0.7%,-0.6%
2022-10-03,7:30pm,USD,ISM Manufacturing Prices,Low,51.7,52.5
2022-10-03,All Day,USD,Wards Total Vehicle Sales,Low,13.5M,13.2M
2022-10-03,10:49pm,EUR,French Gov Budget Balance,Low,-149.9B,-131.2B
2022-10-04,12:30pm,EUR,Spanish Unemployment Change,Low,17.7K,40.4K
2022-10-04,2:30pm,EUR,PPI m/m,Low,5.0%,4.0%
2022-10-04,7:30pm,USD,JOLTS Job Openings,High,10.05M,11.17M
2022-10-04,7:30pm,USD,Factory Orders m/m,Low,0.0%,-1.0%
2022-10-05,11:30am,EUR,German Trade Balance,Low,1.2B,3.4B
2022-10-05,12:15pm,EUR,French Industrial Production m/m,Low,2.4%,-1.6%
2022-10-05,12:45pm,EUR,Spanish Services PMI,Low,48.5,50.6
2022-10-05,1:15pm,EUR,Italian Services PMI,Low,48.8,50.5
2022-10-05,1:20pm,EUR,French Final Services PMI,Low,52.9,53.0
2022-10-05,1:25pm,EUR,German Final Services PMI,Low,45.0,45.4
2022-10-05,1:30pm,EUR,Final Services PMI,Low,48.8,48.9
2022-10-05,5:45pm,USD,ADP Non-Farm Employment Change,High,208K,185K
2022-10-05,5:45pm,USD,Trade Balance,Low,-67.4B,-70.5B
2022-10-05,7:15pm,USD,Final Services PMI,Low,49.3,49.2
2022-10-05,7:30pm,USD,ISM Services PMI,High,56.7,56.9
2022-10-05,8:00pm,USD,Crude Oil Inventories,Low,-1.4M,-0.2M
2022-10-06,11:30am,EUR,German Factory Orders m/m,Low,-2.4%,1.9%
2022-10-06,2:15pm,EUR,Spanish 10-y Bond Auction,Low,3.23|1.4,2.81|1.8
2022-10-06,2:30pm,EUR,Retail Sales m/m,Low,-0.3%,-0.4%
2022-10-06,2:33pm,EUR,French 10-y Bond Auction,Low,2.59|2.4,2.21|2.0
2022-10-06,2:33pm,USD,Challenger Job Cuts y/y,Low,67.6%,30.3%
2022-10-06,6:00pm,USD,Unemployment Claims,Medium,219K,190K
2022-10-06,8:00pm,USD,Natural Gas Storage,Low,129B,103B
2022-10-07,11:30am,EUR,German Import Prices m/m,Low,4.3%,1.4%
2022-10-07,11:30am,EUR,German Industrial Production m/m,Low,-0.8%,0.0%
2022-10-07,11:30am,EUR,German Retail Sales m/m,Low,-1.3%,0.7%
2022-10-07,12:15pm,EUR,French Trade Balance,Low,-15.3B,-14.8B
2022-10-07,1:30pm,EUR,Italian Retail Sales m/m,Low,-0.4%,1.3%
2022-10-07,1:30pm,USD,Average Hourly Earnings m/m,High,0.3%,0.3%
2022-10-07,1:30pm,USD,Non-Farm Employment Change,High,263K,315K
2022-10-07,1:30pm,USD,Unemployment Rate,High,3.5%,3.7%
2022-10-07,7:30pm,USD,Final Wholesale Inventories m/m,Low,1.3%,1.3%
2022-10-08,12:30am,USD,Consumer Credit m/m,Low,32.2B,26.1B
2022-10-10,2:00pm,EUR,Sentix Investor Confidence,Low,-38.3,-31.8
2022-10-11,1:30pm,EUR,Italian Industrial Production m/m,Low,2.3%,0.5%
2022-10-11,3:30pm,USD,NFIB Small Business Index,Low,92.1,91.8
2022-10-11,7:30pm,USD,RCM/TIPP Economic Optimism,Low,41.6,44.7
2022-10-12,2:30pm,EUR,Industrial Production m/m,Low,1.5%,-2.3%
2022-10-12,3:04pm,EUR,German 10-y Bond Auction,Low,2.33|1.2,1.87|1.8
2022-10-12,6:00pm,USD,PPI m/m,High,0.4%,-0.2%
2022-10-12,6:00pm,USD,Core PPI m/m,Medium,0.3%,0.3%
2022-10-12,10:33pm,USD,10-y Bond Auction,Low,3.93|2.3,3.33|2.4
2022-10-13,11:30am,EUR,German Final CPI m/m,Low,1.9%,1.9%
2022-10-13,6:00pm,USD,Core CPI m/m,High,0.6%,0.6%
2022-10-13,6:00pm,USD,CPI m/m,High,0.4%,0.1%
2022-10-13,6:00pm,USD,CPI y/y,High,8.2%,8.3%
2022-10-13,6:00pm,USD,Unemployment Claims,Medium,228K,219K
2022-10-13,8:00pm,USD,Natural Gas Storage,Low,125B,129B
2022-10-13,8:30pm,USD,Crude Oil Inventories,Low,9.9M,-1.4M
2022-10-13,10:31pm,USD,30-y Bond Auction,Low,3.93|2.4,3.51|2.4
2022-10-14,11:30am,EUR,German WPI m/m,Low,1.6%,0.1%
2022-10-14,12:15pm,EUR,French Final CPI m/m,Low,-0.6%,-0.5%
2022-10-14,2:30pm,EUR,Trade Balance,Low,-47.3B,-40.5B
2022-10-14,2:30pm,USD,Core Retail Sales m/m,High,0.1%,-0.1%
2022-10-14,2:30pm,USD,Retail Sales m/m,High,0.0%,0.4%
2022-10-14,2:30pm,USD,Import Prices m/m,Low,-1.2%,-1.1%
2022-10-14,7:30pm,USD,Prelim UoM Consumer Sentiment,High,59.8,58.6
2022-10-14,7:30pm,USD,Prelim UoM Inflation Expectations,Medium,5.1%,4.7%
2022-10-14,7:30pm,USD,Business Inventories m/m,Low,0.8%,0.5%
2022-10-17,6:00pm,USD,Empire State Manufacturing Index,High,-9.1,-1.5
2022-10-18,1:30pm,EUR,Italian Trade Balance,Low,-9.57B,-0.46B
2022-10-18,2:30pm,EUR,ZEW Economic Sentiment,Low,-59.7,-60.7
2022-10-18,2:30pm,EUR,German ZEW Economic Sentiment,Low,-59.2,-61.9
2022-10-18,6:45pm,USD,Capacity Utilization Rate,Low,80.3%,80.1%
2022-10-18,6:45pm,USD,Industrial Production m/m,Low,0.4%,-0.1%
2022-10-18,7:30pm,USD,NAHB Housing Market Index,Low,38,46
2022-10-19,1:30am,USD,TIC Long-Term Purchases,Low,197.9B,21.4B
2022-10-19,2:30pm,EUR,Final Core CPI y/y,Low,4.8%,4.8%
2022-10-19,2:30pm,EUR,Final CPI y/y,Low,9.9%,10.0%
2022-10-19,4:02pm,USD,Building Permits,Low,1.56M,1.54M
2022-10-19,4:02pm,USD,Housing Starts,Low,1.44M,1.57M
2022-10-19,4:02pm,USD,Crude Oil Inventories,Low,-1.7M,9.9M
2022-10-20,5:20am,EUR,German PPI m/m,Low,2.3%,7.9%
2022-10-20,1:30pm,EUR,Current Account,Low,-26.3B,-20.0B
2022-10-20,6:00pm,USD,Philly Fed Manufacturing Index,High,-8.7,-9.9
2022-10-20,6:00pm,USD,Unemployment Claims,Medium,214K,226K
2022-10-20,7:30pm,USD,Existing Home Sales,Medium,4.71M,4.78M
2022-10-20,7:30pm,USD,CB Leading Index m/m,Low,-0.4%,0.0%
2022-10-20,8:00pm,USD,Natural Gas Storage,Low,111B,125B
2022-10-21,7:30pm,EUR,Consumer Confidence,Low,-28,-29
2022-10-21,8:00pm,USD,Federal Budget Balance,Low,-429.7B,-219.6B
2022-10-24,12:45pm,EUR,French Flash Services PMI,High,51.3,52.9
2022-10-24,12:45pm,EUR,French Flash Manufacturing PMI,Medium,47.4,47.7
2022-10-24,1:00pm,EUR,German Flash Manufacturing PMI,High,45.7,47.8
2022-10-24,1:00pm,EUR,German Flash Services PMI,High,44.9,45.0
2022-10-24,1:30pm,EUR,Flash Manufacturing PMI,Low,46.6,48.4
2022-10-24,1:30pm,EUR,Flash Services PMI,Low,48.2,48.8
2022-10-24,7:15pm,USD,Flash Services PMI,High,46.6,49.3
2022-10-24,7:15pm,USD,Flash Manufacturing PMI,Medium,49.9,52.0
2022-10-25,1:30pm,EUR,German ifo Business Climate,Medium,84.3,84.4
2022-10-25,6:30pm,EUR,Belgian NBB Business Climate,Low,-15.5,-11.8
2022-10-25,6:30pm,USD,HPI m/m,Low,-0.7%,-0.6%
2022-10-25,6:30pm,USD,S&P/CS Composite-20 HPI y/y,Low,13.1%,16.0%
2022-10-25,7:29pm,USD,Richmond Manufacturing Index,Medium,-10,0
2022-10-25,7:30pm,USD,CB Consumer Confidence,High,102.5,107.8
2022-10-26,5:20am,EUR,M3 Money Supply y/y,Low,6.3%,6.1%
2022-10-26,5:20am,EUR,Private Loans y/y,Low,4.4%,4.5%
2022-10-26,6:00pm,USD,Goods Trade Balance,Low,-92.2B,-87.3B
2022-10-26,6:00pm,USD,Prelim Wholesale Inventories m/m,Low,0.8%,1.3%
2022-10-26,6:00pm,USD,New Home Sales,Medium,603K,677K
2022-10-26,8:00pm,USD,Crude Oil Inventories,Low,2.6M,-1.7M
2022-10-27,11:30am,EUR,German GfK Consumer Climate,Low,-41.9,-42.8
2022-10-27,12:30pm,EUR,Spanish Unemployment Rate,Low,12.7%,12.5%
2022-10-27,5:45pm,EUR,Main Refinancing Rate,High,2.00%,1.25%
2022-10-27,6:00pm,USD,Advance GDP q/q,High,2.6%,-0.6%
2022-10-27,6:00pm,USD,Advance GDP Price Index q/q,Medium,4.1%,9.0%
2022-10-27,6:00pm,USD,Core Durable Goods Orders m/m,Medium,-0.5%,0.3%
2022-10-27,6:00pm,USD,Durable Goods Orders m/m,Medium,0.4%,-0.2%
2022-10-27,6:00pm,USD,Unemployment Claims,Medium,217K,214K
2022-10-27,8:00pm,USD,Natural Gas Storage,Low,52B,111B
2022-10-28,11:00am,EUR,French Consumer Spending m/m,Low,1.2%,0.1%
2022-10-28,11:00am,EUR,French Flash GDP q/q,Low,0.2%,0.5%
2022-10-28,All Day,EUR,German Prelim CPI m/m,Low,0.9%,1.9%
2022-10-28,12:15pm,EUR,French Prelim CPI m/m,Low,1.0%,-0.6%
2022-10-28,12:15pm,EUR,Spanish Flash CPI y/y,Low,7.3%,8.9%
2022-10-28,12:15pm,EUR,Spanish Flash GDP q/q,Low,0.2%,1.5%
2022-10-28,1:30pm,EUR,German Prelim GDP q/q,Low,0.3%,0.1%
2022-10-28,2:30pm,EUR,Italian Prelim CPI m/m,Low,3.5%,0.3%
2022-10-28,2:42pm,EUR,Italian 10-y Bond Auction,Low,4.24|1.3,4.70|1.4
2022-10-28,2:42pm,USD,Core PCE Price Index m/m,High,0.5%,0.5%
2022-10-28,2:42pm,USD,Employment Cost Index q/q,Low,1.2%,1.3%
2022-10-28,2:42pm,USD,Personal Income m/m,Low,0.4%,0.4%
2022-10-28,2:42pm,USD,Personal Spending m/m,Low,0.6%,0.6%
2022-10-28,7:30pm,USD,Pending Home Sales m/m,Medium,-10.2%,-1.9%
2022-10-28,7:30pm,USD,Revised UoM Consumer Sentiment,Medium,59.9,59.8
2022-10-28,7:30pm,USD,Revised UoM Inflation Expectations,Low,5.0%,5.1%
2022-10-31,12:30pm,EUR,German Retail Sales m/m,Low,0.9%,-1.4%
2022-10-31,2:30pm,EUR,Italian Prelim GDP q/q,Low,0.5%,1.1%
2022-10-31,3:30pm,EUR,Core CPI Flash Estimate y/y,Medium,5.0%,4.8%
2022-10-31,3:30pm,EUR,CPI Flash Estimate y/y,Medium,10.7%,9.9%
2022-10-31,3:30pm,EUR,Prelim Flash GDP q/q,Low,0.2%,0.8%
2022-10-31,7:15pm,USD,Chicago PMI,Low,45.2,45.7
2022-11-01,12:30pm,EUR,German Import Prices m/m,Low,-0.9%,4.3%
2022-11-01,7:15pm,USD,Final Manufacturing PMI,Low,50.4,49.9
2022-11-01,7:30pm,USD,ISM Manufacturing PMI,High,50.2,50.9
2022-11-01,7:30pm,USD,JOLTS Job Openings,High,10.72M,10.28M
2022-11-01,7:30pm,USD,Construction Spending m/m,Low,0.2%,-0.6%
2022-11-01,7:30pm,USD,ISM Manufacturing Prices,Low,46.6,51.7
2022-11-01,All Day,USD,Wards Total Vehicle Sales,Low,14.9M,13.5M
2022-11-02,12:30pm,EUR,German Trade Balance,Low,3.7B,1.2B
2022-11-02,1:15pm,EUR,French Gov Budget Balance,Low,-146.6B,-149.9B
2022-11-02,1:45pm,EUR,Spanish Manufacturing PMI,Low,44.7,49.0
2022-11-02,2:15pm,EUR,Italian Manufacturing PMI,Low,46.5,48.3
2022-11-02,2:20pm,EUR,French Final Manufacturing PMI,Low,47.2,47.4
2022-11-02,2:25pm,EUR,German Final Manufacturing PMI,Low,45.1,45.7
2022-11-02,2:25pm,EUR,German Unemployment Change,Low,8K,13K
2022-11-02,2:30pm,EUR,Final Manufacturing PMI,Low,46.4,46.6
2022-11-02,5:45pm,USD,ADP Non-Farm Employment Change,High,239K,192K
2022-11-02,8:00pm,USD,Crude Oil Inventories,Low,-3.1M,2.6M
2022-11-02,8:00pm,USD,Federal Funds Rate,High,4.00%,3.25%
2022-11-03,8:00pm,EUR,Spanish Unemployment Change,Low,-27.0K,17.7K
2022-11-03,2:30pm,EUR,Italian Monthly Unemployment Rate,Low,7.9%,7.9%
2022-11-03,3:17pm,EUR,Spanish 10-y Bond Auction,Low,3.31|2.1,3.23|1.4
2022-11-03,3:28pm,EUR,French 10-y Bond Auction,Low,2.76|2.1,2.59|2.4
2022-11-03,3:30pm,EUR,Unemployment Rate,Low,6.6%,6.7%
2022-11-03,5:00pm,USD,Challenger Job Cuts y/y,Low,48.3%,67.6%
2022-11-03,5:00pm,USD,Unemployment Claims,Medium,217K,218K
2022-11-03,5:00pm,USD,Prelim Nonfarm Productivity q/q,Low,0.3%,-4.1%
2022-11-03,5:00pm,USD,Prelim Unit Labor Costs q/q,Low,3.5%,10.2%
2022-11-03,5:00pm,USD,Trade Balance,Low,-73.3B,-65.7B
2022-11-03,7:15pm,USD,Final Services PMI,Low,47.8,46.6
2022-11-03,7:30pm,USD,ISM Services PMI,High,54.4,56.7
2022-11-03,7:30pm,USD,Factory Orders m/m,Low,0.3%,0.2%
2022-11-03,8:00pm,USD,Natural Gas Storage,Low,107B,52B
2022-11-04,12:30pm,EUR,German Factory Orders m/m,Low,-4.0%,-2.0%
2022-11-04,1:15pm,EUR,French Industrial Production m/m,Low,-0.8%,2.7%
2022-11-04,1:45pm,EUR,Spanish Services PMI,Low,49.7,48.5
2022-11-04,2:15pm,EUR,Italian Services PMI,Low,46.4,48.8
2022-11-04,2:20pm,EUR,French Final Services PMI,Low,51.7,51.3
2022-11-04,2:25pm,EUR,German Final Services PMI,Low,46.5,44.9
2022-11-04,2:30pm,EUR,Final Services PMI,Low,48.6,48.2
2022-11-04,3:30pm,EUR,PPI m/m,Low,1.6%,5.0%
2022-11-04,3:30pm,USD,Average Hourly Earnings m/m,High,0.4%,0.3%
2022-11-04,3:30pm,USD,Non-Farm Employment Change,High,261K,315K
2022-11-04,3:30pm,USD,Unemployment Rate,High,3.7%,3.5%
2022-11-07,12:30pm,EUR,German Industrial Production m/m,Low,0.6%,-1.2%
2022-11-07,3:00pm,EUR,Sentix Investor Confidence,Low,-30.9,-38.3
2022-11-08,1:30am,USD,Consumer Credit m/m,Low,25.0B,30.2B
2022-11-08,1:15pm,EUR,French Prelim Private Payrolls q/q,Low,0.4%,0.5%
2022-11-08,1:15pm,EUR,French Trade Balance,Low,-17.5B,-15.3B
2022-11-08,2:30pm,EUR,Italian Retail Sales m/m,Low,0.5%,-0.3%
2022-11-08,3:30pm,EUR,Retail Sales m/m,Low,0.4%,0.0%
2022-11-08,4:26pm,USD,NFIB Small Business Index,Low,91.3,92.1
2022-11-08,8:30pm,USD,RCM/TIPP Economic Optimism,Low,40.4,41.6
2022-11-09,4:07pm,EUR,German 10-y Bond Auction,Low,2.25|1.7,2.33|1.2
2022-11-09,8:30pm,USD,Final Wholesale Inventories m/m,Low,0.6%,0.8%
2022-11-09,9:00pm,USD,Crude Oil Inventories,Low,3.9M,-3.1M
2022-11-09,11:31pm,USD,10-y Bond Auction,Low,4.14|2.2,3.93|2.3
2022-11-10,11:29am,EUR,Italian Industrial Production m/m,Low,-1.8%,2.3%
2022-11-10,7:00pm,USD,Core CPI m/m,High,0.3%,0.6%
2022-11-10,7:00pm,USD,CPI m/m,High,0.4%,0.4%
2022-11-10,7:00pm,USD,CPI y/y,High,7.7%,8.2%
2022-11-10,7:00pm,USD,Unemployment Claims,Medium,225K,218K
2022-11-10,8:30pm,USD,Mortgage Delinquencies,Low,3.45%,3.64%
2022-11-10,9:00pm,USD,Natural Gas Storage,Low,79B,107B
2022-11-10,11:31pm,USD,30-y Bond Auction,Low,4.08|2.4,3.93|2.4
2022-11-11,12:30am,USD,Federal Budget Balance,Low,-87.8B,-429.7B
2022-11-11,12:30pm,EUR,German Final CPI m/m,Low,0.9%,0.9%
2022-11-11,8:30pm,USD,Prelim UoM Consumer Sentiment,High,54.7,59.9
2022-11-11,8:30pm,USD,Prelim UoM Inflation Expectations,Medium,5.1%,5.0%
2022-11-14,3:30pm,EUR,Industrial Production m/m,Low,0.9%,2.0%
2022-11-15,12:30pm,EUR,German WPI m/m,Low,-0.6%,1.6%
2022-11-15,1:15pm,EUR,French Final CPI m/m,Low,1.0%,1.0%
2022-11-15,3:30pm,EUR,German ZEW Economic Sentiment,Medium,-36.7,-59.2
2022-11-15,3:30pm,EUR,Flash Employment Change q/q,Low,0.2%,0.4%
2022-11-15,3:30pm,EUR,Flash GDP q/q,Low,0.2%,0.2%
2022-11-15,3:30pm,EUR,Trade Balance,Low,-37.7B,-47.6B
2022-11-15,3:30pm,EUR,ZEW Economic Sentiment,Low,-38.7,-59.7
2022-11-15,3:30pm,USD,Empire State Manufacturing Index,High,4.5,-9.1
2022-11-15,3:30pm,USD,PPI m/m,High,0.2%,0.2%
2022-11-15,3:30pm,USD,Core PPI m/m,Medium,0.0%,0.2%
2022-11-16,3:00pm,USD,Core Retail Sales m/m,High,1.3%,0.1%
2022-11-16,3:00pm,USD,Retail Sales m/m,High,1.3%,0.0%
2022-11-16,3:00pm,USD,Import Prices m/m,Low,-0.2%,-1.1%
2022-11-16,3:00pm,USD,Capacity Utilization Rate,Low,79.9%,80.1%
2022-11-16,3:00pm,USD,Industrial Production m/m,Low,-0.1%,0.1%
2022-11-16,3:00pm,USD,Business Inventories m/m,Low,0.4%,0.9%
2022-11-16,3:00pm,USD,NAHB Housing Market Index,Low,33,38
2022-11-16,9:00pm,USD,Crude Oil Inventories,Low,-5.4M,3.9M
2022-11-17,2:30am,USD,TIC Long-Term Purchases,Low,118.0B,198.3B
2022-11-17,2:30pm,EUR,Italian Trade Balance,Low,-6.45B,-9.51B
2022-11-17,3:14pm,EUR,Spanish 10-y Bond Auction,Low,2.90|1.8,3.31|2.1
2022-11-17,3:30pm,EUR,Final Core CPI y/y,Low,5.0%,5.0%
2022-11-17,3:30pm,EUR,Final CPI y/y,Low,10.6%,10.7%
2022-11-17,7:00pm,USD,Philly Fed Manufacturing Index,High,-19.4,-8.7
2022-11-17,7:00pm,USD,Unemployment Claims,Medium,222K,226K
2022-11-17,7:00pm,USD,Building Permits,Low,1.53M,1.56M
2022-11-17,7:00pm,USD,Housing Starts,Low,1.43M,1.49M
2022-11-17,9:00pm,USD,Natural Gas Storage,Low,64B,79B
2022-11-18,8:30pm,USD,Existing Home Sales,Medium,4.43M,4.71M
2022-11-18,8:30pm,USD,CB Leading Index m/m,Low,-0.8%,-0.5%
2022-11-21,12:30pm,EUR,German PPI m/m,Low,-4.2%,2.3%
2022-11-22,2:30pm,EUR,Current Account,Low,-8.1B,-26.9B
2022-11-22,8:30pm,EUR,Consumer Confidence,Low,-24,-28
2022-11-22,8:30pm,USD,Richmond Manufacturing Index,Medium,-9,-10
2022-11-23,1:45pm,EUR,French Flash Services PMI,High,49.4,51.7
2022-11-23,1:45pm,EUR,French Flash Manufacturing PMI,Medium,49.1,47.2
2022-11-23,2:00pm,EUR,German Flash Manufacturing PMI,High,46.7,45.1
2022-11-23,2:00pm,EUR,German Flash Services PMI,High,46.4,46.5
2022-11-23,2:30pm,EUR,Flash Manufacturing PMI,Low,47.3,46.4
2022-11-23,2:30pm,EUR,Flash Services PMI,Low,48.6,48.6
2022-11-23,4:04pm,EUR,German 30-y Bond Auction,Low,1.94|1.8,1.10|1.6
2022-11-23,4:04pm,USD,Core Durable Goods Orders m/m,Medium,0.5%,-0.9%
2022-11-23,4:04pm,USD,Durable Goods Orders m/m,Medium,1.0%,0.3%
2022-11-23,4:04pm,USD,Unemployment Claims,Medium,240K,223K
2022-11-23,8:15pm,USD,Flash Services PMI,High,46.1,47.8
2022-11-23,8:15pm,USD,Flash Manufacturing PMI,Medium,47.6,50.4
2022-11-23,8:30pm,USD,New Home Sales,Medium,632K,588K
2022-11-23,8:30pm,USD,Revised UoM Consumer Sentiment,Medium,56.8,54.7
2022-11-23,8:30pm,USD,Revised UoM Inflation Expectations,Low,4.9%,5.1%
2022-11-23,8:30pm,USD,Crude Oil Inventories,Low,-3.7M,-5.4M
2022-11-23,10:30pm,USD,Natural Gas Storage,Low,-80B,64B
2022-11-24,2:30pm,EUR,German ifo Business Climate,Medium,86.3,84.5
2022-11-24,7:27pm,EUR,Belgian NBB Business Climate,Low,-16.6,-15.5
2022-11-25,12:30pm,EUR,German Final GDP q/q,Low,0.4%,0.3%
2022-11-25,12:30pm,EUR,German GfK Consumer Climate,Low,-40.2,-41.9
2022-11-28,2:30pm,EUR,M3 Money Supply y/y,Low,5.1%,6.3%
2022-11-28,2:30pm,EUR,Private Loans y/y,Low,4.2%,4.4%
2022-11-29,All Day,EUR,German Prelim CPI m/m,Medium,-0.5%,0.9%
2022-11-29,All Day,EUR,Spanish Flash CPI y/y,Low,6.8%,7.3%
2022-11-29,3:40pm,EUR,Italian 10-y Bond Auction,Low,3.96|1.5,4.24|1.3
2022-11-29,3:40pm,USD,HPI m/m,Low,0.1%,-0.7%
2022-11-29,3:40pm,USD,S&P/CS Composite-20 HPI y/y,Low,10.4%,13.1%
2022-11-29,3:40pm,USD,CB Consumer Confidence,High,100.2,102.2
2022-11-30,1:15pm,EUR,French Consumer Spending m/m,Low,-2.8%,1.3%
2022-11-30,1:15pm,EUR,French Prelim CPI m/m,Low,0.4%,1.0%
2022-11-30,1:15pm,EUR,French Prelim GDP q/q,Low,0.2%,0.2%
2022-11-30,2:25pm,EUR,German Unemployment Change,Low,17K,9K
2022-11-30,3:30pm,EUR,Core CPI Flash Estimate y/y,Medium,5.0%,5.0%
2022-11-30,3:30pm,EUR,CPI Flash Estimate y/y,Medium,10.0%,10.6%
2022-11-30,3:30pm,EUR,Italian Prelim CPI m/m,Low,0.5%,3.4%
2022-11-30,4:05pm,EUR,German 10-y Bond Auction,Low,1.95|2.0,2.25|1.7
2022-11-30,6:45pm,USD,ADP Non-Farm Employment Change,High,127K,239K
2022-11-30,7:00pm,USD,Prelim GDP q/q,High,2.9%,2.6%
2022-11-30,7:00pm,USD,Goods Trade Balance,Low,-99.0B,-91.9B
2022-11-30,7:00pm,USD,Prelim GDP Price Index q/q,Low,4.3%,4.1%
2022-11-30,7:00pm,USD,Prelim Wholesale Inventories m/m,Low,0.8%,0.6%
2022-11-30,8:15pm,USD,Chicago PMI,Low,37.2,45.2
2022-11-30,8:30pm,USD,JOLTS Job Openings,High,10.33M,10.69M
2022-11-30,8:30pm,USD,Pending Home Sales m/m,Medium,-4.6%,-8.7%
2022-11-30,9:00pm,USD,Crude Oil Inventories,Low,-12.6M,-3.7M
2022-12-01,12:30pm,EUR,German Retail Sales m/m,Low,-2.8%,1.2%
2022-12-01,1:45pm,EUR,Spanish Manufacturing PMI,Low,45.7,44.7
2022-12-01,2:15pm,EUR,Italian Manufacturing PMI,Low,48.4,46.5
2022-12-01,2:20pm,EUR,French Final Manufacturing PMI,Low,48.3,49.1
2022-12-01,2:25pm,EUR,German Final Manufacturing PMI,Low,46.2,46.7
2022-12-01,2:30pm,EUR,Final Manufacturing PMI,Low,47.1,47.3
2022-12-01,2:30pm,EUR,Italian Monthly Unemployment Rate,Low,7.8%,7.9%
2022-12-01,3:30pm,EUR,Unemployment Rate,Low,6.5%,6.6%
2022-12-01,3:32pm,EUR,French 10-y Bond Auction,Low,2.19|2.2,2.76|2.1
2022-12-01,3:36pm,EUR,Spanish 10-y Bond Auction,Low,2.66|2.2,2.90|1.8
2022-12-01,6:00pm,USD,Challenger Job Cuts y/y,Low,416.5%,48.3%
2022-12-01,6:00pm,USD,Core PCE Price Index m/m,High,0.2%,0.5%
2022-12-01,6:00pm,USD,Unemployment Claims,Medium,225K,241K
2022-12-01,6:00pm,USD,Personal Income m/m,Low,0.7%,0.4%
2022-12-01,6:00pm,USD,Personal Spending m/m,Low,0.8%,0.6%
2022-12-01,8:15pm,USD,Final Manufacturing PMI,Low,47.7,47.6
2022-12-01,8:30pm,USD,ISM Manufacturing PMI,High,49.0,50.2
2022-12-01,8:30pm,USD,Construction Spending m/m,Low,-0.3%,0.1%
2022-12-01,8:30pm,USD,ISM Manufacturing Prices,Low,43.0,46.6
2022-12-01,All Day,USD,Wards Total Vehicle Sales,Low,14.1M,14.9M
2022-12-01,9:00pm,USD,Natural Gas Storage,Low,-81B,-80B
2022-12-02,12:30pm,EUR,German Import Prices m/m,Low,-1.2%,-0.9%
2022-12-02,12:30pm,EUR,German Trade Balance,Low,6.9B,2.8B
2022-12-02,1:15pm,EUR,French Gov Budget Balance,Low,-143.2B,-146.6B
2022-12-02,1:15pm,EUR,French Industrial Production m/m,Low,-2.6%,-0.9%
2022-12-02,1:30pm,EUR,Spanish Unemployment Change,Low,-33.5K,-27.0K
2022-12-02,3:30pm,EUR,PPI m/m,Low,-2.9%,1.6%
2022-12-02,3:30pm,USD,Average Hourly Earnings m/m,High,0.6%,0.5%
2022-12-02,3:30pm,USD,Non-Farm Employment Change,High,263K,284K
2022-12-02,3:30pm,USD,Unemployment Rate,High,3.7%,3.7%
2022-12-05,1:45pm,EUR,Spanish Services PMI,Low,51.2,49.7
2022-12-05,2:15pm,EUR,Italian Services PMI,Low,49.5,46.4
2022-12-05,2:20pm,EUR,French Final Services PMI,Low,49.3,49.4
2022-12-05,2:25pm,EUR,German Final Services PMI,Low,46.1,46.4
2022-12-05,2:30pm,EUR,Final Services PMI,Low,48.5,48.6
2022-12-05,3:00pm,EUR,Sentix Investor Confidence,Low,-21.0,-30.9
2022-12-05,3:30pm,EUR,Retail Sales m/m,Low,-1.8%,0.8%
2022-12-05,8:15pm,USD,Final Services PMI,Low,46.2,46.1
2022-12-05,8:30pm,USD,ISM Services PMI,High,56.5,54.4
2022-12-05,8:30pm,USD,Factory Orders m/m,Low,1.0%,0.3%
2022-12-06,12:30pm,EUR,German Factory Orders m/m,Low,0.8%,-2.9%
2022-12-06,3:00pm,USD,Trade Balance,Low,-78.2B,-74.1B
2022-12-07,12:30pm,EUR,German Industrial Production m/m,Low,-0.1%,1.1%
2022-12-07,1:15pm,EUR,French Trade Balance,Low,-12.2B,-17.2B
2022-12-07,2:30pm,EUR,Italian Retail Sales m/m,Low,-0.4%,0.5%
2022-12-07,3:30pm,EUR,Final Employment Change q/q,Low,0.3%,0.2%
2022-12-07,3:30pm,EUR,Revised GDP q/q,Low,0.3%,0.2%
2022-12-07,7:00pm,USD,Revised Nonfarm Productivity q/q,Low,0.8%,0.3%
2022-12-07,7:00pm,USD,Revised Unit Labor Costs q/q,Low,2.4%,3.5%
2022-12-07,9:00pm,USD,Crude Oil Inventories,Low,-5.2M,-12.6M
2022-12-08,1:30am,USD,Consumer Credit m/m,Low,27.1B,25.8B
2022-12-08,7:00pm,USD,Unemployment Claims,Medium,230K,226K
2022-12-08,9:00pm,USD,Natural Gas Storage,Low,-21B,-81B
2022-12-09,3:00pm,USD,Core PPI m/m,High,0.4%,0.1%
2022-12-09,3:00pm,USD,PPI m/m,High,0.3%,0.3%
2022-12-09,8:30pm,USD,Prelim UoM Consumer Sentiment,High,59.1,56.8
2022-12-09,8:30pm,USD,Prelim UoM Inflation Expectations,Medium,4.6%,4.9%
2022-12-09,8:30pm,USD,Final Wholesale Inventories m/m,Low,0.5%,0.8%
2022-12-12,11:31pm,USD,10-y Bond Auction,Low,3.63|2.3,4.14|2.2
2022-12-13,12:30am,USD,Federal Budget Balance,Low,-248.5B,-87.8B
2022-12-13,12:00pm,EUR,French Final Private Payrolls q/q,Low,0.6%,0.5%
2022-12-13,12:30pm,EUR,German Final CPI m/m,Low,-0.5%,-0.5%
2022-12-13,2:30pm,EUR,Italian Industrial Production m/m,Low,-1.0%,-1.7%
2022-12-13,3:30pm,EUR,German ZEW Economic Sentiment,Medium,-23.3,-36.7
2022-12-13,3:30pm,EUR,ZEW Economic Sentiment,Low,-23.6,-38.7
2022-12-13,3:32pm,USD,NFIB Small Business Index,Low,91.9,91.3
2022-12-13,7:00pm,USD,Core CPI m/m,High,0.2%,0.3%
2022-12-13,7:00pm,USD,CPI m/m,High,0.1%,0.4%
2022-12-13,7:00pm,USD,CPI y/y,High,7.1%,7.7%
2022-12-13,8:30pm,USD,RCM/TIPP Economic Optimism,Low,42.9,40.4
2022-12-13,11:31pm,USD,30-y Bond Auction,Low,3.51|2.2,4.08|2.4
2022-12-14,2:30pm,EUR,Italian Quarterly Unemployment Rate,Low,7.9%,8.1%
2022-12-14,3:30pm,EUR,Industrial Production m/m,Low,-2.0%,0.8%
2022-12-14,3:30pm,USD,Import Prices m/m,Low,-0.6%,-0.4%
2022-12-14,9:00pm,USD,Crude Oil Inventories,Low,10.2M,-5.2M
2022-12-15,12:30am,USD,Federal Funds Rate,High,4.50%,4.00%
2022-12-15,12:30pm,EUR,German WPI m/m,Low,-0.9%,-0.6%
2022-12-15,1:15pm,EUR,French Final CPI m/m,Low,0.3%,0.4%
2022-12-15,1:15pm,EUR,Main Refinancing Rate,High,2.50%,2.00%
2022-12-15,7:00pm,USD,Core Retail Sales m/m,High,-0.2%,1.2%
2022-12-15,7:00pm,USD,Empire State Manufacturing Index,High,-11.2,4.5
2022-12-15,7:00pm,USD,Retail Sales m/m,High,-0.6%,1.3%
2022-12-15,7:00pm,USD,Philly Fed Manufacturing Index,Medium,-13.8,-19.4
2022-12-15,7:00pm,USD,Unemployment Claims,Medium,211K,231K
2022-12-15,7:45pm,USD,Capacity Utilization Rate,Low,79.7%,79.9%
2022-12-15,7:45pm,USD,Industrial Production m/m,Low,-0.2%,-0.1%
2022-12-15,8:30pm,USD,Business Inventories m/m,Low,0.3%,0.2%
2022-12-15,9:00pm,USD,Natural Gas Storage,Low,-50B,-21B
2022-12-16,2:30am,USD,TIC Long-Term Purchases,Low,67.8B,117.7B
2022-12-16,1:45pm,EUR,French Flash Services PMI,High,48.1,49.3
2022-12-16,1:45pm,EUR,French Flash Manufacturing PMI,Medium,48.9,48.3
2022-12-16,2:00pm,EUR,German Flash Manufacturing PMI,High,47.4,46.2
2022-12-16,2:00pm,EUR,German Flash Services PMI,High,49.0,46.1
2022-12-16,2:30pm,EUR,Flash Manufacturing PMI,Low,47.8,47.1
2022-12-16,2:30pm,EUR,Flash Services PMI,Low,49.1,48.5
2022-12-16,2:30pm,EUR,Italian Trade Balance,Low,-2.12B,-6.51B
2022-12-16,3:30pm,EUR,Final Core CPI y/y,Low,5.0%,5.0%
2022-12-16,3:30pm,EUR,Final CPI y/y,Low,10.1%,10.0%
2022-12-16,3:30pm,EUR,Trade Balance,Low,-28.3B,-36.4B
2022-12-16,8:15pm,USD,Flash Services PMI,High,44.4,46.2
2022-12-16,8:15pm,USD,Flash Manufacturing PMI,Medium,46.2,47.7
2022-12-19,2:30pm,EUR,German ifo Business Climate,Medium,88.6,86.4
2022-12-19,8:30pm,USD,NAHB Housing Market Index,Low,31,33
2022-12-20,8:30pm,EUR,German PPI m/m,Low,-3.9%,-4.2%
2022-12-20,2:30pm,EUR,Current Account,Low,-0.4B,-8.1B
2022-12-20,2:30pm,USD,Building Permits,Low,1.34M,1.51M
2022-12-20,2:30pm,USD,Housing Starts,Low,1.43M,1.43M
2022-12-20,8:30pm,EUR,Consumer Confidence,Low,-22,-24
2022-12-21,12:30pm,EUR,German GfK Consumer Climate,Low,-37.8,-40.1
2022-12-21,4:30pm,USD,Current Account,Low,-217B,-239B
2022-12-21,8:30pm,USD,CB Consumer Confidence,High,108.3,101.4
2022-12-21,8:30pm,USD,Existing Home Sales,Low,4.09M,4.43M
2022-12-21,9:00pm,USD,Crude Oil Inventories,Low,-5.9M,10.2M
2022-12-22,7:00pm,USD,Final GDP q/q,Medium,3.2%,2.9%
2022-12-22,7:00pm,USD,Unemployment Claims,Medium,216K,214K
2022-12-22,7:00pm,USD,Final GDP Price Index q/q,Low,4.4%,4.3%
2022-12-22,8:30pm,USD,CB Leading Index m/m,Low,-1.0%,-0.9%
2022-12-22,9:00pm,USD,Natural Gas Storage,Low,-87B,-50B
2022-12-23,5:00am,USD,Core PCE Price Index m/m,High,0.2%,0.3%
2022-12-23,5:00am,USD,Core Durable Goods Orders m/m,Low,0.2%,0.1%
2022-12-23,5:00am,USD,Durable Goods Orders m/m,Low,-2.1%,1.1%
2022-12-23,5:00am,USD,Personal Income m/m,Low,0.4%,0.7%
2022-12-23,5:00am,USD,Personal Spending m/m,Low,0.1%,0.9%
2022-12-23,7:29pm,EUR,Belgian NBB Business Climate,Low,-13.6,-16.6
2022-12-23,8:30pm,USD,New Home Sales,Low,640K,605K
2022-12-23,8:30pm,USD,Revised UoM Consumer Sentiment,Low,59.7,59.1
2022-12-23,8:30pm,USD,Revised UoM Inflation Expectations,Low,4.4%,4.6%
2022-12-27,7:00pm,USD,Goods Trade Balance,Low,-83.3B,-98.8B
2022-12-27,7:00pm,USD,Prelim Wholesale Inventories m/m,Low,1.0%,0.5%
2022-12-27,7:30pm,USD,HPI m/m,Low,0.0%,0.1%
2022-12-27,7:30pm,USD,S&P/CS Composite-20 HPI y/y,Low,8.6%,10.4%
2022-12-28,8:29pm,USD,Richmond Manufacturing Index,Low,1,-9
2022-12-28,8:30pm,USD,Pending Home Sales m/m,Low,-4.0%,-4.7%
2022-12-29,2:30pm,EUR,M3 Money Supply y/y,Low,4.8%,5.1%
2022-12-29,2:30pm,EUR,Private Loans y/y,Low,4.1%,4.2%
2022-12-29,7:00pm,USD,Unemployment Claims,Medium,225K,216K
2022-12-29,9:00pm,USD,Natural Gas Storage,Low,-213B,-87B
2022-12-29,9:30pm,USD,Crude Oil Inventories,Low,0.7M,-5.9M
2022-12-30,12:30pm,EUR,Spanish Flash CPI y/y,Low,5.8%,6.8%
2022-12-30,8:15pm,USD,Chicago PMI,Medium,44.9,37.2
2023-01-02,1:45pm,EUR,Spanish Manufacturing PMI,Low,46.4,45.7
2023-01-02,2:15pm,EUR,Italian Manufacturing PMI,Low,48.5,48.4
2023-01-02,2:20pm,EUR,French Final Manufacturing PMI,Low,49.2,48.9
2023-01-02,2:25pm,EUR,German Final Manufacturing PMI,Low,47.1,47.4
2023-01-02,2:30pm,EUR,Final Manufacturing PMI,Low,47.8,47.8
2023-01-03,All Day,EUR,German Prelim CPI m/m,Low,-0.8%,-0.5%
2023-01-03,1:30pm,EUR,Spanish Unemployment Change,Low,-43.7K,-33.5K
2023-01-03,2:25pm,EUR,German Unemployment Change,Low,-13K,15K
2023-01-03,8:15pm,USD,Final Manufacturing PMI,Low,46.2,46.2
2023-01-03,8:30pm,USD,Construction Spending m/m,Low,0.2%,-0.2%
2023-01-04,12:30pm,EUR,German Import Prices m/m,Low,-4.5%,-1.2%
2023-01-04,1:15pm,EUR,French Prelim CPI m/m,Low,-0.1%,0.3%
2023-01-04,1:45pm,EUR,Spanish Services PMI,Low,51.6,51.2
2023-01-04,2:15pm,EUR,Italian Services PMI,Low,49.9,49.5
2023-01-04,2:20pm,EUR,French Final Services PMI,Low,49.5,48.1
2023-01-04,2:25pm,EUR,German Final Services PMI,Low,49.2,49.0
2023-01-04,2:30pm,EUR,Final Services PMI,Low,49.8,49.1
2023-01-04,8:30pm,USD,ISM Manufacturing PMI,High,48.4,49.0
2023-01-04,8:30pm,USD,JOLTS Job Openings,High,10.46M,10.51M
2023-01-04,8:30pm,USD,ISM Manufacturing Prices,Low,39.4,43.0
2023-01-04,All Day,USD,Wards Total Vehicle Sales,Low,13.3M,14.1M
2023-01-05,12:30pm,EUR,German Trade Balance,Low,10.8B,6.8B
2023-01-05,3:28pm,EUR,French 10-y Bond Auction,Low,2.77|1.9,2.19|2.2
2023-01-05,3:30pm,EUR,PPI m/m,Low,-0.9%,-3.0%
2023-01-05,3:30pm,EUR,Italian Prelim CPI m/m,Low,0.3%,0.5%
2023-01-05,6:00pm,USD,Challenger Job Cuts y/y,Low,129.1%,416.5%
2023-01-05,6:45pm,USD,ADP Non-Farm Employment Change,High,235K,182K
2023-01-05,6:45pm,USD,Unemployment Claims,Medium,204K,223K
2023-01-05,6:45pm,USD,Trade Balance,Low,-61.5B,-77.8B
2023-01-05,8:15pm,USD,Final Services PMI,Low,44.7,44.4
2023-01-05,9:00pm,USD,Natural Gas Storage,Low,-221B,-213B
2023-01-05,9:30pm,USD,Crude Oil Inventories,Low,1.7M,0.7M
2023-01-06,12:30pm,EUR,German Factory Orders m/m,Low,-5.3%,0.6%
2023-01-06,12:30pm,EUR,German Retail Sales m/m,Low,1.1%,-2.8%
2023-01-06,1:15pm,EUR,French Consumer Spending m/m,Low,0.5%,-2.7%
2023-01-06,3:30pm,EUR,Core CPI Flash Estimate y/y,Medium,5.2%,5.0%
2023-01-06,3:30pm,EUR,CPI Flash Estimate y/y,Medium,9.2%,10.1%
2023-01-06,3:30pm,EUR,Retail Sales m/m,Low,0.8%,-1.5%
2023-01-06,3:30pm,USD,Average Hourly Earnings m/m,High,0.3%,0.4%
2023-01-06,3:30pm,USD,Non-Farm Employment Change,High,223K,256K
2023-01-06,3:30pm,USD,Unemployment Rate,High,3.5%,3.7%
2023-01-06,3:30pm,USD,ISM Services PMI,High,49.6,56.5
2023-01-06,3:30pm,USD,Factory Orders m/m,Low,-1.8%,0.4%
2023-01-09,12:30pm,EUR,German Industrial Production m/m,Low,0.2%,-0.4%
2023-01-09,1:15pm,EUR,French Trade Balance,Low,-13.8B,-11.6B
2023-01-09,2:30pm,EUR,Italian Monthly Unemployment Rate,Low,7.8%,7.9%
2023-01-09,3:00pm,EUR,Sentix Investor Confidence,Low,-17.5,-21.0
2023-01-09,3:30pm,EUR,Unemployment Rate,Low,6.5%,6.5%
2023-01-10,1:30am,USD,Consumer Credit m/m,Low,28.0B,29.1B
2023-01-10,1:15pm,EUR,French Industrial Production m/m,Low,2.0%,-2.5%
2023-01-10,4:29pm,USD,NFIB Small Business Index,Low,89.8,91.9
2023-01-10,8:30pm,USD,Final Wholesale Inventories m/m,Low,1.0%,1.0%
2023-01-10,8:30pm,USD,RCM/TIPP Economic Optimism,Low,42.3,42.9
2023-01-11,2:27pm,EUR,Italian Retail Sales m/m,Low,0.8%,-0.3%
2023-01-11,4:03pm,EUR,German 10-y Bond Auction,Low,2.25|1.4,1.95|2.0
2023-01-11,9:00pm,USD,Crude Oil Inventories,Low,19.0M,1.7M
2023-01-11,11:31pm,USD,10-y Bond Auction,Medium,3.58|2.5,3.63|2.3
2023-01-12,7:00pm,USD,Core CPI m/m,High,0.3%,0.2%
2023-01-12,7:00pm,USD,CPI m/m,High,-0.1%,0.1%
2023-01-12,7:00pm,USD,CPI y/y,High,6.5%,7.1%
2023-01-12,7:00pm,USD,Unemployment Claims,Medium,205K,206K
2023-01-12,9:00pm,USD,Natural Gas Storage,Low,11B,-221B
2023-01-12,11:31pm,USD,30-y Bond Auction,Low,3.59|2.5,3.51|2.2
2023-01-13,12:30am,USD,Federal Budget Balance,Low,-85.0B,-248.5B
2023-01-13,1:15pm,EUR,French Final CPI m/m,Low,-0.1%,-0.1%
2023-01-13,2:30pm,EUR,Italian Industrial Production m/m,Low,-0.3%,-1.1%
2023-01-13,3:30pm,EUR,Industrial Production m/m,Low,1.0%,-1.9%
2023-01-13,3:30pm,EUR,Trade Balance,Low,-15.2B,-28.1B
2023-01-13,7:00pm,USD,Import Prices m/m,Low,0.4%,-0.7%
2023-01-13,8:30pm,USD,Prelim UoM Consumer Sentiment,High,64.6,59.7
2023-01-13,8:30pm,USD,Prelim UoM Inflation Expectations,Medium,4.0%,4.4%
2023-01-16,12:30pm,EUR,German WPI m/m,Low,-1.6%,-0.9%
2023-01-16,3:35pm,EUR,French Gov Budget Balance,Low,-159.3B,-143.2B
2023-01-17,12:30pm,EUR,German Final CPI m/m,Low,-0.8%,-0.8%
2023-01-17,3:30pm,EUR,German ZEW Economic Sentiment,Medium,16.9,-23.3
2023-01-17,3:30pm,EUR,ZEW Economic Sentiment,Low,16.7,-23.6
2023-01-17,3:30pm,USD,Empire State Manufacturing Index,High,-32.9,-11.2
2023-01-18,2:30pm,EUR,Italian Trade Balance,Low,1.45B,-2.06B
2023-01-18,3:30pm,EUR,Final Core CPI y/y,Low,5.2%,5.2%
2023-01-18,3:30pm,EUR,Final CPI y/y,Low,9.2%,9.2%
2023-01-18,4:09pm,EUR,German 30-y Bond Auction,Low,2.05|1.5,1.94|1.8
2023-01-18,4:09pm,USD,Core PPI m/m,High,0.1%,0.2%
2023-01-18,4:09pm,USD,Core Retail Sales m/m,High,-1.1%,-0.6%
2023-01-18,4:09pm,USD,PPI m/m,High,-0.5%,0.2%
2023-01-18,4:09pm,USD,Retail Sales m/m,High,-1.1%,-1.0%
2023-01-18,7:45pm,USD,Capacity Utilization Rate,Low,78.8%,79.4%
2023-01-18,7:45pm,USD,Industrial Production m/m,Low,-0.7%,-0.6%
2023-01-18,8:30pm,USD,Business Inventories m/m,Low,0.4%,0.2%
2023-01-18,8:30pm,USD,NAHB Housing Market Index,Low,35,31
2023-01-19,2:30am,USD,TIC Long-Term Purchases,Low,171.5B,67.8B
2023-01-19,2:30pm,EUR,Current Account,Low,13.6B,-0.5B
2023-01-19,2:30pm,USD,Philly Fed Manufacturing Index,Medium,-8.9,-13.8
2023-01-19,2:30pm,USD,Unemployment Claims,Medium,190K,205K
2023-01-19,2:30pm,USD,Building Permits,Low,1.33M,1.35M
2023-01-19,2:30pm,USD,Housing Starts,Low,1.38M,1.40M
2023-01-19,2:30pm,USD,Natural Gas Storage,Low,-82B,11B
2023-01-19,9:30pm,USD,Crude Oil Inventories,Low,8.4M,19.0M
2023-01-20,12:30pm,EUR,German PPI m/m,Low,-0.4%,-3.9%
2023-01-20,8:30pm,USD,Existing Home Sales,Medium,4.02M,4.08M
2023-01-23,8:30pm,EUR,Consumer Confidence,Low,-21,-22
2023-01-23,8:30pm,USD,CB Leading Index m/m,Low,-1.0%,-1.1%
2023-01-24,10:30am,EUR,German GfK Consumer Climate,Low,-33.9,-37.6
2023-01-24,1:45pm,EUR,French Flash Manufacturing PMI,Medium,50.8,49.2
2023-01-24,1:45pm,EUR,French Flash Services PMI,Medium,49.2,49.5
2023-01-24,2:00pm,EUR,German Flash Manufacturing PMI,Medium,47.0,47.1
2023-01-24,2:00pm,EUR,German Flash Services PMI,Medium,50.4,49.2
2023-01-24,2:30pm,EUR,Flash Manufacturing PMI,Low,48.8,47.8
2023-01-24,2:30pm,EUR,Flash Services PMI,Low,50.7,49.8
2023-01-24,8:15pm,USD,Flash Services PMI,High,46.6,44.7
2023-01-24,8:15pm,USD,Flash Manufacturing PMI,Medium,46.8,46.2
2023-01-24,8:29pm,USD,Richmond Manufacturing Index,Medium,-11,1
2023-01-25,12:30pm,EUR,German ifo Business Climate,Medium,90.2,88.6
2023-01-25,7:28pm,EUR,Belgian NBB Business Climate,Low,-13.5,-13.6
2023-01-25,9:00pm,USD,Crude Oil Inventories,Low,0.5M,8.4M
2023-01-26,1:30pm,EUR,Spanish Unemployment Rate,Low,12.9%,12.7%
2023-01-26,7:00pm,USD,Advance GDP q/q,High,2.9%,3.2%
2023-01-26,7:00pm,USD,Advance GDP Price Index q/q,Medium,3.5%,4.4%
2023-01-26,7:00pm,USD,Core Durable Goods Orders m/m,Medium,-0.1%,0.1%
2023-01-26,7:00pm,USD,Durable Goods Orders m/m,Medium,5.6%,-1.7%
2023-01-26,7:00pm,USD,Unemployment Claims,Medium,186K,192K
2023-01-26,7:00pm,USD,Goods Trade Balance,Low,-90.3B,-82.9B
2023-01-26,7:00pm,USD,Prelim Wholesale Inventories m/m,Low,0.1%,0.9%
2023-01-26,8:30pm,USD,New Home Sales,Medium,616K,602K
2023-01-26,9:00pm,USD,Natural Gas Storage,Low,-91B,-82B
2023-01-27,1:30pm,EUR,Spanish Flash GDP q/q,Low,0.2%,0.1%
2023-01-27,2:30pm,EUR,M3 Money Supply y/y,Low,4.1%,4.8%
2023-01-27,2:30pm,EUR,Private Loans y/y,Low,3.8%,4.1%
2023-01-27,7:00pm,USD,Core PCE Price Index m/m,High,0.3%,0.2%
2023-01-27,7:00pm,USD,Personal Income m/m,Low,0.2%,0.3%
2023-01-27,7:00pm,USD,Personal Spending m/m,Low,-0.2%,-0.1%
2023-01-27,8:30pm,USD,Pending Home Sales m/m,Medium,2.5%,-2.6%
2023-01-27,8:30pm,USD,Revised UoM Consumer Sentiment,Medium,64.9,64.6
2023-01-27,8:30pm,USD,Revised UoM Inflation Expectations,Low,3.9%,4.0%
2023-01-30,8:30pm,EUR,Spanish Flash CPI y/y,Low,5.8%,5.7%
2023-01-30,2:30pm,EUR,German Prelim GDP q/q,Low,-0.2%,0.4%
2023-01-31,12:00pm,EUR,French Consumer Spending m/m,Low,-1.3%,0.6%
2023-01-31,12:00pm,EUR,French Flash GDP q/q,Low,0.1%,0.2%
2023-01-31,12:30pm,EUR,German Import Prices m/m,Low,-1.6%,-4.5%
2023-01-31,12:30pm,EUR,German Retail Sales m/m,Low,-5.3%,1.9%
2023-01-31,1:15pm,EUR,French Prelim CPI m/m,Low,0.4%,-0.1%
2023-01-31,2:25pm,EUR,German Unemployment Change,Low,-22K,-13K
2023-01-31,2:30pm,EUR,Italian Monthly Unemployment Rate,Low,7.8%,7.8%
2023-01-31,3:30pm,EUR,Prelim Flash GDP q/q,Low,0.1%,0.3%
2023-01-31,3:30pm,EUR,Italian Prelim GDP q/q,Low,-0.1%,0.5%
2023-01-31,3:49pm,EUR,Italian 10-y Bond Auction,Low,4.28|1.3,3.96|1.5
2023-01-31,3:49pm,USD,Employment Cost Index q/q,Low,1.0%,1.2%
2023-01-31,7:30pm,USD,HPI m/m,Low,-0.1%,0.0%
2023-01-31,7:30pm,USD,S&P/CS Composite-20 HPI y/y,Low,6.8%,8.6%
2023-01-31,8:15pm,USD,Chicago PMI,Medium,44.3,44.9
2023-01-31,8:30pm,USD,CB Consumer Confidence,High,107.1,109.0
2023-02-01,1:45pm,EUR,Spanish Manufacturing PMI,Low,48.4,46.4
2023-02-01,2:15pm,EUR,Italian Manufacturing PMI,Low,50.4,48.5
2023-02-01,2:20pm,EUR,French Final Manufacturing PMI,Low,50.5,50.8
2023-02-01,2:25pm,EUR,German Final Manufacturing PMI,Low,47.3,47.0
2023-02-01,2:30pm,EUR,Final Manufacturing PMI,Low,48.8,48.8
2023-02-01,3:30pm,EUR,Core CPI Flash Estimate y/y,Medium,5.2%,5.2%
2023-02-01,3:30pm,EUR,CPI Flash Estimate y/y,Medium,8.5%,9.2%
2023-02-01,3:30pm,EUR,Italian Prelim CPI m/m,Low,0.2%,0.3%
2023-02-01,3:30pm,EUR,Unemployment Rate,Low,6.6%,6.6%
2023-02-01,4:04pm,EUR,German 10-y Bond Auction,Low,2.27|1.5,2.25|1.4
2023-02-01,6:45pm,USD,ADP Non-Farm Employment Change,High,106K,253K
2023-02-01,8:15pm,USD,Final Manufacturing PMI,Low,46.9,46.8
2023-02-01,8:30pm,USD,ISM Manufacturing PMI,High,47.4,48.4
2023-02-01,8:30pm,USD,JOLTS Job Openings,High,11.01M,10.44M
2023-02-01,8:30pm,USD,Construction Spending m/m,Low,-0.4%,0.5%
2023-02-01,8:30pm,USD,ISM Manufacturing Prices,Low,44.5,39.4
2023-02-01,All Day,USD,Wards Total Vehicle Sales,Low,15.7M,13.3M
2023-02-01,9:00pm,USD,Crude Oil Inventories,Low,4.1M,0.5M
2023-02-02,12:30am,USD,Federal Funds Rate,High,4.75%,4.50%
2023-02-02,12:30pm,EUR,German Trade Balance,Low,10.0B,10.9B
2023-02-02,12:30pm,EUR,Spanish Unemployment Change,Low,70.7K,-43.7K
2023-02-02,3:29pm,EUR,French 10-y Bond Auction,Low,2.68|2.1,2.77|1.9
2023-02-02,3:29pm,USD,Challenger Job Cuts y/y,Low,440.0%,129.1%
2023-02-02,6:45pm,EUR,Main Refinancing Rate,High,3.00%,2.50%
2023-02-02,6:45pm,USD,Unemployment Claims,Medium,183K,186K
2023-02-02,6:45pm,USD,Prelim Nonfarm Productivity q/q,Low,3.0%,0.8%
2023-02-02,6:45pm,USD,Prelim Unit Labor Costs q/q,Low,1.1%,2.4%
2023-02-02,8:30pm,USD,Factory Orders m/m,Low,1.8%,-1.9%
2023-02-02,9:00pm,USD,Natural Gas Storage,Low,-151B,-91B
2023-02-03,1:15pm,EUR,French Industrial Production m/m,Low,1.1%,2.0%
2023-02-03,1:45pm,EUR,Spanish Services PMI,Low,52.7,51.6
2023-02-03,2:15pm,EUR,Italian Services PMI,Low,51.2,49.9
2023-02-03,2:20pm,EUR,French Final Services PMI,Low,49.4,49.2
2023-02-03,2:25pm,EUR,German Final Services PMI,Low,50.7,50.4
2023-02-03,2:30pm,EUR,Final Services PMI,Low,50.8,50.7
2023-02-03,3:30pm,EUR,PPI m/m,Low,1.1%,-1.0%
2023-02-03,7:00pm,USD,Average Hourly Earnings m/m,High,0.3%,0.4%
2023-02-03,7:00pm,USD,Non-Farm Employment Change,High,517K,260K
2023-02-03,7:00pm,USD,Unemployment Rate,High,3.4%,3.5%
2023-02-03,8:15pm,USD,Final Services PMI,Low,46.8,46.6
2023-02-03,8:30pm,USD,ISM Services PMI,High,55.2,49.6
2023-02-06,12:30pm,EUR,German Factory Orders m/m,Low,3.2%,-4.4%
2023-02-06,3:00pm,EUR,Sentix Investor Confidence,Low,-8.0,-17.5
2023-02-06,3:30pm,EUR,Retail Sales m/m,Low,-2.7%,1.2%
2023-02-07,12:30pm,EUR,German Industrial Production m/m,Low,-3.1%,0.4%
2023-02-07,1:15pm,EUR,French Gov Budget Balance,Low,-151.5B,-159.3B
2023-02-07,1:15pm,EUR,French Trade Balance,Low,-14.9B,-13.6B
2023-02-07,1:15pm,USD,Trade Balance,Low,-67.4B,-61.0B
2023-02-07,8:30pm,USD,RCM/TIPP Economic Optimism,Low,45.1,42.3
2023-02-08,1:30am,USD,Consumer Credit m/m,Low,11.6B,33.1B
2023-02-08,1:15pm,EUR,French Prelim Private Payrolls q/q,Low,0.0%,0.6%
2023-02-08,2:30pm,EUR,Italian Retail Sales m/m,Low,-0.2%,0.8%
2023-02-08,8:30pm,USD,Final Wholesale Inventories m/m,Low,0.1%,0.1%
2023-02-08,9:00pm,USD,Crude Oil Inventories,Low,2.4M,4.1M
2023-02-08,11:31pm,USD,10-y Bond Auction,Medium,3.61|2.7,3.58|2.5
2023-02-09,All Day,EUR,German Prelim CPI m/m,Low,1.0%,-0.8%
2023-02-09,7:00pm,USD,Unemployment Claims,Medium,196K,183K
2023-02-09,9:00pm,USD,Natural Gas Storage,Low,-217B,-151B
2023-02-09,11:31pm,USD,30-y Bond Auction,Low,3.69|2.2,3.59|2.5
2023-02-10,2:30pm,EUR,Italian Industrial Production m/m,Low,1.6%,-0.1%
2023-02-10,8:30pm,USD,Prelim UoM Consumer Sentiment,High,66.4,64.9
2023-02-10,8:30pm,USD,Prelim UoM Inflation Expectations,Medium,4.2%,3.9%
2023-02-11,12:30am,USD,Federal Budget Balance,Low,-38.8B,-85.0B
2023-02-14,12:30pm,EUR,German WPI m/m,Low,0.2%,-1.6%
2023-02-14,3:30pm,EUR,Flash Employment Change q/q,Low,0.4%,0.3%
2023-02-14,3:30pm,EUR,Flash GDP q/q,Low,0.1%,0.1%
2023-02-14,4:30pm,USD,NFIB Small Business Index,Low,90.3,89.8
2023-02-14,7:00pm,USD,Core CPI m/m,High,0.4%,0.3%
2023-02-14,7:00pm,USD,CPI m/m,High,0.5%,-0.1%
2023-02-14,7:00pm,USD,CPI y/y,High,6.4%,6.5%
2023-02-15,3:30pm,EUR,Industrial Production m/m,Low,-1.1%,1.4%
2023-02-15,3:30pm,EUR,Trade Balance,Low,-18.1B,-14.4B
2023-02-15,4:10pm,EUR,German 30-y Bond Auction,Low,2.26|1.1,2.05|1.5
2023-02-15,4:10pm,USD,Core Retail Sales m/m,High,2.3%,-0.9%
2023-02-15,4:10pm,USD,Empire State Manufacturing Index,High,-5.8,-32.9
2023-02-15,4:10pm,USD,Retail Sales m/m,High,3.0%,-1.1%
2023-02-15,7:45pm,USD,Capacity Utilization Rate,Low,78.3%,78.4%
2023-02-15,7:45pm,USD,Industrial Production m/m,Low,0.0%,-1.0%
2023-02-15,8:30pm,USD,Business Inventories m/m,Low,0.3%,0.3%
2023-02-15,8:30pm,USD,NAHB Housing Market Index,Low,42,35
2023-02-15,9:00pm,USD,Crude Oil Inventories,Low,16.3M,2.4M
2023-02-16,2:30am,USD,TIC Long-Term Purchases,Low,152.8B,171.5B
2023-02-16,5:20am,EUR,Italian Trade Balance,Low,1.07B,1.42B
2023-02-16,3:16pm,EUR,Spanish 10-y Bond Auction,Low,3.40|1.8,2.66|2.2
2023-02-16,7:00pm,USD,Core PPI m/m,High,0.5%,0.3%
2023-02-16,7:00pm,USD,PPI m/m,High,0.7%,-0.2%
2023-02-16,7:00pm,USD,Philly Fed Manufacturing Index,Medium,-24.3,-8.9
2023-02-16,7:00pm,USD,Unemployment Claims,Medium,194K,195K
2023-02-16,7:00pm,USD,Building Permits,Low,1.34M,1.34M
2023-02-16,7:00pm,USD,Housing Starts,Low,1.31M,1.37M
2023-02-16,8:30pm,USD,Mortgage Delinquencies,Low,3.96%,3.45%
2023-02-16,8:30pm,USD,Natural Gas Storage,Low,-100B,-217B
2023-02-17,12:30pm,EUR,German PPI m/m,Low,-1.0%,-0.4%
2023-02-17,1:15pm,EUR,French Final CPI m/m,Low,0.4%,0.4%
2023-02-17,2:30pm,EUR,Current Account,Low,15.9B,12.8B
2023-02-17,2:30pm,USD,Import Prices m/m,Low,-0.2%,-0.1%
2023-02-17,8:30pm,USD,CB Leading Index m/m,Low,-0.3%,-0.8%
2023-02-20,8:30pm,EUR,Consumer Confidence,Low,-19,-21
2023-02-21,1:45pm,EUR,French Flash Manufacturing PMI,Medium,47.9,50.5
2023-02-21,1:45pm,EUR,French Flash Services PMI,Medium,52.8,49.4
2023-02-21,2:00pm,EUR,German Flash Manufacturing PMI,Medium,46.5,47.3
2023-02-21,2:00pm,EUR,German Flash Services PMI,Medium,51.3,50.7
2023-02-21,2:30pm,EUR,Flash Manufacturing PMI,Low,48.5,48.8
2023-02-21,2:30pm,EUR,Flash Services PMI,Low,53.0,50.8
2023-02-21,3:30pm,EUR,German ZEW Economic Sentiment,Medium,28.1,16.9
2023-02-21,3:30pm,EUR,ZEW Economic Sentiment,Low,29.7,16.7
2023-02-21,4:30pm,USD,Flash Services PMI,High,50.5,46.8
2023-02-21,4:30pm,USD,Flash Manufacturing PMI,Medium,47.8,46.9
2023-02-21,8:30pm,USD,Existing Home Sales,Medium,4.00M,4.03M
2023-02-22,12:30pm,EUR,German Final CPI m/m,Low,1.0%,1.0%
2023-02-22,12:30pm,EUR,German ifo Business Climate,Medium,91.1,90.2
2023-02-22,4:05pm,EUR,German 10-y Bond Auction,Low,2.56|2.0,2.27|1.5
2023-02-22,7:30pm,EUR,Belgian NBB Business Climate,Low,-12.8,-13.5
2023-02-23,3:30pm,EUR,Final Core CPI y/y,Low,5.3%,5.2%
2023-02-23,3:30pm,EUR,Final CPI y/y,Low,8.6%,8.5%
2023-02-23,4:30pm,USD,Prelim GDP q/q,High,2.7%,2.9%
2023-02-23,4:30pm,USD,Unemployment Claims,Medium,192K,195K
2023-02-23,4:30pm,USD,Prelim GDP Price Index q/q,Low,3.9%,3.5%
2023-02-23,9:00pm,USD,Natural Gas Storage,Low,-71B,-100B
2023-02-23,9:30pm,USD,Crude Oil Inventories,Low,7.6M,16.3M
2023-02-24,12:30pm,EUR,German Final GDP q/q,Low,-0.4%,-0.2%
2023-02-24,12:30pm,EUR,German GfK Consumer Climate,Low,-30.5,-33.8
2023-02-24,3:43pm,EUR,Italian 10-y Bond Auction,Low,4.34|1.3,4.28|1.3
2023-02-24,7:00pm,USD,Core PCE Price Index m/m,High,0.6%,0.4%
2023-02-24,7:00pm,USD,Personal Income m/m,Low,0.6%,0.3%
2023-02-24,7:00pm,USD,Personal Spending m/m,Low,1.8%,-0.1%
2023-02-24,8:30pm,USD,New Home Sales,Medium,670K,625K
2023-02-24,8:30pm,USD,Revised UoM Consumer Sentiment,Medium,67.0,66.4
2023-02-24,8:30pm,USD,Revised UoM Inflation Expectations,Low,4.1%,4.2%
2023-02-27,2:30pm,EUR,M3 Money Supply y/y,Low,3.5%,4.1%
2023-02-27,2:30pm,EUR,Private Loans y/y,Low,3.6%,3.8%
2023-02-27,2:30pm,USD,Core Durable Goods Orders m/m,Medium,0.7%,-0.2%
2023-02-27,2:30pm,USD,Durable Goods Orders m/m,Medium,-4.5%,5.1%
2023-02-27,8:30pm,USD,Pending Home Sales m/m,Medium,8.1%,1.1%
2023-02-28,12:30pm,EUR,German Import Prices m/m,Low,-1.2%,-1.6%
2023-02-28,1:15pm,EUR,French Consumer Spending m/m,Low,1.5%,-1.6%
2023-02-28,1:15pm,EUR,French Prelim CPI m/m,Low,0.9%,0.4%
2023-02-28,1:15pm,EUR,French Prelim GDP q/q,Low,0.1%,0.1%
2023-02-28,1:15pm,EUR,Spanish Flash CPI y/y,Low,6.1%,5.9%
2023-02-28,1:15pm,USD,Goods Trade Balance,Low,-91.5B,-89.7B
2023-02-28,1:15pm,USD,Prelim Wholesale Inventories m/m,Low,-0.4%,0.1%
2023-02-28,7:30pm,USD,HPI m/m,Low,-0.1%,-0.1%
2023-02-28,7:30pm,USD,S&P/CS Composite-20 HPI y/y,Low,4.6%,6.8%
2023-02-28,8:15pm,USD,Chicago PMI,Low,43.6,44.3
2023-02-28,8:29pm,USD,Richmond Manufacturing Index,Medium,-16,-11
2023-02-28,8:30pm,USD,CB Consumer Confidence,High,102.9,106.0
2023-03-01,All Day,EUR,German Prelim CPI m/m,Low,0.8%,1.0%
2023-03-01,1:45pm,EUR,Spanish Manufacturing PMI,Low,50.7,48.4
2023-03-01,2:15pm,EUR,Italian Manufacturing PMI,Low,52.0,50.4
2023-03-01,2:20pm,EUR,French Final Manufacturing PMI,Low,47.4,47.9
2023-03-01,2:25pm,EUR,German Final Manufacturing PMI,Low,46.3,46.5
2023-03-01,2:25pm,EUR,German Unemployment Change,Low,2K,-11K
2023-03-01,2:30pm,EUR,Final Manufacturing PMI,Low,48.5,48.5
2023-03-01,8:15pm,USD,Final Manufacturing PMI,Low,47.3,47.8
2023-03-01,8:30pm,USD,ISM Manufacturing PMI,High,47.7,47.4
2023-03-01,8:30pm,USD,Construction Spending m/m,Low,-0.1%,-0.7%
2023-03-01,8:30pm,USD,ISM Manufacturing Prices,Low,51.3,44.5
2023-03-01,All Day,USD,Wards Total Vehicle Sales,Low,14.9M,15.7M
2023-03-01,9:00pm,USD,Crude Oil Inventories,Low,1.2M,7.6M
2023-03-02,1:15pm,EUR,French Gov Budget Balance,Low,-21.1B,-151.5B
2023-03-02,1:30pm,EUR,Spanish Unemployment Change,Low,2.6K,70.7K
2023-03-02,2:30pm,EUR,Italian Monthly Unemployment Rate,Low,7.9%,7.8%
2023-03-02,3:19pm,EUR,Spanish 10-y Bond Auction,Low,3.77|1.9,3.40|1.8
2023-03-02,3:30pm,EUR,Core CPI Flash Estimate y/y,Medium,5.6%,5.3%
2023-03-02,3:30pm,EUR,CPI Flash Estimate y/y,Medium,8.5%,8.6%
2023-03-02,3:30pm,EUR,Italian Prelim CPI m/m,Low,0.3%,0.1%
2023-03-02,3:30pm,EUR,Unemployment Rate,Low,6.7%,6.6%
2023-03-02,3:33pm,EUR,French 10-y Bond Auction,Low,3.20|2.3,2.68|2.1
2023-03-02,7:00pm,USD,Unemployment Claims,Medium,190K,192K
2023-03-02,7:00pm,USD,Revised Nonfarm Productivity q/q,Low,1.7%,3.0%
2023-03-02,7:00pm,USD,Revised Unit Labor Costs q/q,Low,3.2%,1.1%
2023-03-02,9:00pm,USD,Natural Gas Storage,Low,-81B,-71B
2023-03-03,12:30pm,EUR,German Trade Balance,Low,16.7B,10.0B
2023-03-03,1:15pm,EUR,French Industrial Production m/m,Low,-1.9%,1.5%
2023-03-03,1:45pm,EUR,Spanish Services PMI,Low,56.7,52.7
2023-03-03,2:15pm,EUR,Italian Services PMI,Low,51.6,51.2
2023-03-03,2:20pm,EUR,French Final Services PMI,Low,53.1,52.8
2023-03-03,2:25pm,EUR,German Final Services PMI,Low,50.9,51.3
2023-03-03,2:30pm,EUR,Final Services PMI,Low,52.7,53.0
2023-03-03,3:30pm,EUR,PPI m/m,Low,-2.8%,1.1%
2023-03-03,8:15pm,USD,Final Services PMI,Low,50.6,50.5
2023-03-03,8:30pm,USD,ISM Services PMI,High,55.1,55.2
2023-03-06,3:00pm,EUR,Sentix Investor Confidence,Low,-11.1,-8.0
2023-03-06,3:30pm,EUR,Retail Sales m/m,Low,0.3%,-1.7%
2023-03-06,3:30pm,USD,Factory Orders m/m,Low,-1.6%,1.7%
2023-03-07,12:30pm,EUR,German Factory Orders m/m,Low,1.0%,3.4%
2023-03-07,12:30pm,USD,Final Wholesale Inventories m/m,Low,-0.4%,-0.4%
2023-03-07,12:30pm,USD,RCM/TIPP Economic Optimism,Low,46.9,45.1
2023-03-08,1:30am,USD,Consumer Credit m/m,Low,14.8B,10.7B
2023-03-08,12:30pm,EUR,German Industrial Production m/m,Low,3.5%,-2.4%
2023-03-08,12:30pm,EUR,German Retail Sales m/m,Low,-0.3%,-1.7%
2023-03-08,2:30pm,EUR,Italian Retail Sales m/m,Low,1.7%,-0.2%
2023-03-08,2:30pm,EUR,Final Employment Change q/q,Low,0.3%,0.4%
2023-03-08,2:30pm,EUR,Revised GDP q/q,Low,0.0%,0.1%
2023-03-08,6:45pm,USD,ADP Non-Farm Employment Change,High,242K,119K
2023-03-08,6:45pm,USD,Trade Balance,Low,-68.3B,-67.2B
2023-03-08,6:45pm,USD,JOLTS Job Openings,High,10.82M,11.23M
2023-03-08,9:00pm,USD,Crude Oil Inventories,Low,-1.7M,1.2M
2023-03-08,11:31pm,USD,10-y Bond Auction,Medium,3.99|2.4,3.61|2.7
2023-03-09,12:00pm,EUR,French Final Private Payrolls q/q,Low,0.2%,0.0%
2023-03-09,6:00pm,USD,Challenger Job Cuts y/y,Low,410.1%,440.0%
2023-03-09,7:00pm,USD,Unemployment Claims,Medium,211K,190K
2023-03-09,9:00pm,USD,Natural Gas Storage,Low,-84B,-81B
2023-03-09,11:31pm,USD,30-y Bond Auction,Low,3.88|2.4,3.69|2.2
2023-03-10,12:30pm,EUR,German Final CPI m/m,Low,0.8%,0.8%
2023-03-10,1:15pm,EUR,French Trade Balance,Low,-12.9B,-14.7B
2023-03-10,5:10pm,USD,Average Hourly Earnings m/m,High,0.2%,0.3%
2023-03-10,5:10pm,USD,Non-Farm Employment Change,High,311K,504K
2023-03-10,5:10pm,USD,Unemployment Rate,High,3.6%,3.4%
2023-03-11,12:30am,USD,Federal Budget Balance,Low,-262.4B,-38.8B
2023-03-14,2:30pm,EUR,Italian Industrial Production m/m,Low,-0.7%,1.2%
2023-03-14,3:29pm,USD,NFIB Small Business Index,Low,90.9,90.3
2023-03-14,3:32pm,USD,Core CPI m/m,High,0.5%,0.4%
2023-03-14,3:32pm,USD,CPI m/m,High,0.4%,0.5%
2023-03-14,3:32pm,USD,CPI y/y,High,6.0%,6.4%
2023-03-15,12:29pm,EUR,German WPI m/m,Low,0.1%,0.2%
2023-03-15,1:15pm,EUR,French Final CPI m/m,Low,1.0%,0.9%
2023-03-15,2:30pm,EUR,Italian Quarterly Unemployment Rate,Low,7.8%,8.0%
2023-03-15,3:30pm,EUR,Industrial Production m/m,Low,0.7%,-1.3%
2023-03-15,4:09pm,EUR,German 30-y Bond Auction,Low,2.32|1.1,2.26|1.1
2023-03-15,4:09pm,USD,Core PPI m/m,High,0.0%,0.1%
2023-03-15,4:09pm,USD,Core Retail Sales m/m,High,-0.1%,2.4%
2023-03-15,4:09pm,USD,Empire State Manufacturing Index,High,-24.6,-5.8
2023-03-15,4:09pm,USD,PPI m/m,High,-0.1%,0.3%
2023-03-15,4:09pm,USD,Retail Sales m/m,High,-0.4%,3.2%
2023-03-15,7:30pm,USD,Business Inventories m/m,Low,-0.1%,0.3%
2023-03-15,7:30pm,USD,NAHB Housing Market Index,Low,44,42
2023-03-15,8:00pm,USD,Crude Oil Inventories,Low,1.6M,-1.7M
2023-03-16,1:30am,USD,TIC Long-Term Purchases,Low,31.9B,152.8B
2023-03-16,3:10pm,EUR,Spanish 10-y Bond Auction,Low,3.36|1.6,3.77|1.9
2023-03-16,3:10pm,USD,Unemployment Claims,High,192K,212K
2023-03-16,3:10pm,USD,Philly Fed Manufacturing Index,Medium,-23.2,-24.3
2023-03-16,3:10pm,USD,Building Permits,Low,1.52M,1.34M
2023-03-16,3:10pm,USD,Housing Starts,Low,1.45M,1.32M
2023-03-16,3:10pm,USD,Import Prices m/m,Low,-0.1%,-0.4%
2023-03-16,6:45pm,EUR,Main Refinancing Rate,High,3.50%,3.00%
2023-03-16,8:00pm,USD,Natural Gas Storage,Low,-58B,-84B
2023-03-17,2:30pm,EUR,Italian Trade Balance,Low,-4.19B,1.36B
2023-03-17,3:30pm,EUR,Final Core CPI y/y,Low,5.6%,5.6%
2023-03-17,3:30pm,EUR,Final CPI y/y,Low,8.5%,8.6%
2023-03-17,6:45pm,USD,Capacity Utilization Rate,Low,78.0%,78.0%
2023-03-17,6:45pm,USD,Industrial Production m/m,Low,0.0%,0.3%
2023-03-17,7:30pm,USD,Prelim UoM Consumer Sentiment,High,63.4,67.0
2023-03-17,7:30pm,USD,Prelim UoM Inflation Expectations,Medium,3.8%,4.1%
2023-03-17,7:30pm,USD,CB Leading Index m/m,Low,-0.3%,-0.3%
2023-03-20,12:30pm,EUR,German PPI m/m,Low,-0.3%,-1.0%
2023-03-20,3:30pm,EUR,Trade Balance,Low,-11.3B,-13.4B
2023-03-21,3:30pm,EUR,German ZEW Economic Sentiment,Medium,13.0,28.1
2023-03-21,3:30pm,EUR,ZEW Economic Sentiment,Low,10.0,29.7
2023-03-21,7:30pm,USD,Existing Home Sales,Medium,4.58M,4.00M
2023-03-22,2:32pm,EUR,Current Account,Low,17.1B,13.3B
2023-03-22,4:02pm,EUR,German 10-y Bond Auction,Low,2.32|1.4,2.56|2.0
2023-03-22,4:30pm,USD,Crude Oil Inventories,Low,1.1M,1.6M
2023-03-22,11:30pm,USD,Federal Funds Rate,High,5.00%,4.75%
2023-03-23,6:00pm,USD,Unemployment Claims,High,191K,192K
2023-03-23,6:00pm,USD,Current Account,Low,-207B,-219B
2023-03-23,6:00pm,USD,New Home Sales,Medium,640K,633K
2023-03-23,8:00pm,USD,Natural Gas Storage,Low,-72B,-58B
2023-03-23,8:27pm,EUR,Consumer Confidence,Low,-19,-19
2023-03-24,1:45pm,EUR,French Flash Manufacturing PMI,High,47.7,47.4
2023-03-24,1:45pm,EUR,French Flash Services PMI,High,55.5,53.1
2023-03-24,2:00pm,EUR,German Flash Manufacturing PMI,High,44.4,46.3
2023-03-24,2:00pm,EUR,German Flash Services PMI,High,53.9,50.9
2023-03-24,2:30pm,EUR,Flash Manufacturing PMI,Medium,47.1,48.5
2023-03-24,2:30pm,EUR,Flash Services PMI,Medium,55.6,52.7
2023-03-24,3:00pm,USD,Core Durable Goods Orders m/m,Medium,0.0%,0.8%
2023-03-24,3:00pm,USD,Durable Goods Orders m/m,Medium,-1.0%,-5.0%
2023-03-24,7:15pm,USD,Flash Manufacturing PMI,High,49.3,47.3
2023-03-24,7:15pm,USD,Flash Services PMI,High,53.8,50.6
2023-03-24,7:30pm,EUR,Belgian NBB Business Climate,Low,-7.6,-12.8
2023-03-27,1:30pm,EUR,German ifo Business Climate,Medium,93.3,91.1
2023-03-27,1:30pm,EUR,M3 Money Supply y/y,Low,2.9%,3.5%
2023-03-27,1:30pm,EUR,Private Loans y/y,Low,3.2%,3.6%
2023-03-28,6:00pm,USD,Goods Trade Balance,Low,-91.6B,-91.1B
2023-03-28,6:00pm,USD,Prelim Wholesale Inventories m/m,Low,0.2%,-0.4%
2023-03-28,6:00pm,USD,HPI m/m,Low,0.2%,-0.1%
2023-03-28,6:00pm,USD,S&P/CS Composite-20 HPI y/y,Low,2.5%,4.6%
2023-03-28,7:29pm,USD,Richmond Manufacturing Index,Medium,-5,-16
2023-03-28,7:30pm,USD,CB Consumer Confidence,High,104.2,103.4
2023-03-29,11:30am,EUR,German GfK Consumer Climate,Low,-29.5,-30.6
2023-03-29,7:30pm,USD,Pending Home Sales m/m,Medium,0.8%,8.1%
2023-03-29,8:00pm,USD,Crude Oil Inventories,Low,-7.5M,1.1M
2023-03-30,All Day,EUR,German Prelim CPI m/m,High,0.8%,0.8%
2023-03-30,All Day,EUR,Spanish Flash CPI y/y,Medium,3.3%,6.0%
2023-03-30,All Day,EUR,Italian Monthly Unemployment Rate,Low,8.0%,8.0%
2023-03-30,2:40pm,EUR,Italian 10-y Bond Auction,Low,4.12|1.4,4.34|1.3
2023-03-30,6:00pm,USD,Final GDP q/q,High,2.6%,2.7%
2023-03-30,6:00pm,USD,Unemployment Claims,High,198K,191K
2023-03-30,6:00pm,USD,Final GDP Price Index q/q,Medium,3.9%,3.9%
2023-03-30,8:00pm,USD,Natural Gas Storage,Low,-47B,-72B
2023-03-31,11:30am,EUR,German Import Prices m/m,Low,-2.4%,-1.2%
2023-03-31,11:30am,EUR,German Retail Sales m/m,Low,-1.3%,0.1%
2023-03-31,12:15pm,EUR,French Consumer Spending m/m,Low,-0.8%,1.7%
2023-03-31,12:15pm,EUR,French Prelim CPI m/m,Low,0.8%,1.0%
2023-03-31,1:25pm,EUR,German Unemployment Change,Low,16K,6K
2023-03-31,2:30pm,EUR,Core CPI Flash Estimate y/y,Medium,5.7%,5.6%
2023-03-31,2:30pm,EUR,CPI Flash Estimate y/y,Medium,6.9%,8.5%
2023-03-31,2:30pm,EUR,Italian Prelim CPI m/m,Low,-0.3%,0.2%
2023-03-31,2:30pm,EUR,Unemployment Rate,Low,6.6%,6.6%
2023-03-31,2:30pm,USD,Core PCE Price Index m/m,High,0.3%,0.5%
2023-03-31,2:30pm,USD,Personal Income m/m,Low,0.3%,0.6%
2023-03-31,2:30pm,USD,Personal Spending m/m,Low,0.2%,2.0%
2023-03-31,7:15pm,USD,Chicago PMI,Medium,43.8,43.6
2023-03-31,7:30pm,USD,Revised UoM Consumer Sentiment,Medium,62.0,63.4
2023-03-31,7:30pm,USD,Revised UoM Inflation Expectations,Low,3.6%,3.8%
2023-04-03,12:15pm,EUR,French Gov Budget Balance,Low,-50.3B,-21.1B
2023-04-03,12:45pm,EUR,Spanish Manufacturing PMI,Low,51.3,50.7
2023-04-03,1:15pm,EUR,Italian Manufacturing PMI,Low,51.1,52.0
2023-04-03,1:20pm,EUR,French Final Manufacturing PMI,Low,47.3,47.7
2023-04-03,1:25pm,EUR,German Final Manufacturing PMI,Low,44.7,44.4
2023-04-03,1:30pm,EUR,Final Manufacturing PMI,Low,47.3,47.1
2023-04-03,7:15pm,USD,Final Manufacturing PMI,Low,49.2,49.3
2023-04-03,7:30pm,USD,ISM Manufacturing PMI,High,46.3,47.7
2023-04-03,7:30pm,USD,ISM Manufacturing Prices,Medium,49.2,51.3
2023-04-03,7:30pm,USD,Construction Spending m/m,Low,-0.1%,0.4%
2023-04-03,All Day,USD,Wards Total Vehicle Sales,Low,14.8M,14.9M
2023-04-04,11:30am,EUR,German Trade Balance,Low,16.0B,16.0B
2023-04-04,12:30pm,EUR,Spanish Unemployment Change,Low,-48.8K,2.6K
2023-04-04,2:30pm,EUR,PPI m/m,Low,-0.5%,-2.8%
2023-04-04,7:30pm,USD,JOLTS Job Openings,High,9.93M,10.56M
2023-04-04,7:30pm,USD,Factory Orders m/m,Low,-0.7%,-2.1%
2023-04-04,7:30pm,USD,RCM/TIPP Economic Optimism,Low,47.4,46.9
2023-04-05,11:30am,EUR,German Factory Orders m/m,Low,4.8%,0.5%
2023-04-05,12:15pm,EUR,French Industrial Production m/m,Low,1.2%,-1.4%
2023-04-05,12:45pm,EUR,Spanish Services PMI,Low,59.4,56.7
2023-04-05,1:15pm,EUR,Italian Services PMI,Low,55.7,51.6
2023-04-05,1:20pm,EUR,French Final Services PMI,Low,53.9,55.5
2023-04-05,1:25pm,EUR,German Final Services PMI,Low,53.7,53.9
2023-04-05,1:30pm,EUR,Final Services PMI,Low,55.0,55.6
2023-04-05,2:30pm,EUR,Italian Retail Sales m/m,Low,-0.1%,1.7%
2023-04-05,5:45pm,USD,ADP Non-Farm Employment Change,High,145K,261K
2023-04-05,5:45pm,USD,Trade Balance,Low,-70.5B,-68.7B
2023-04-05,7:15pm,USD,Final Services PMI,Low,52.6,53.8
2023-04-05,7:30pm,USD,ISM Services PMI,High,51.2,55.1
2023-04-05,8:00pm,USD,Crude Oil Inventories,Low,-3.7M,-7.5M
2023-04-06,11:30am,EUR,German Industrial Production m/m,Low,2.0%,3.7%
2023-04-06,2:35pm,EUR,French 10-y Bond Auction,Low,2.70|2.0,3.20|2.3
2023-04-06,5:00pm,USD,Challenger Job Cuts y/y,Low,319.4%,410.1%
2023-04-06,5:00pm,USD,Unemployment Claims,High,228K,246K
2023-04-06,8:00pm,USD,Natural Gas Storage,Low,-23B,-47B
2023-04-07,12:15pm,EUR,French Trade Balance,Low,-9.9B,-12.5B
2023-04-07,6:00pm,USD,Average Hourly Earnings m/m,High,0.3%,0.2%
2023-04-07,6:00pm,USD,Non-Farm Employment Change,High,236K,326K
2023-04-07,6:00pm,USD,Unemployment Rate,High,3.5%,3.6%
2023-04-08,12:30am,USD,Consumer Credit m/m,Low,15.3B,19.5B
2023-04-10,7:30pm,USD,Final Wholesale Inventories m/m,Low,0.1%,0.2%
2023-04-11,2:00pm,EUR,Sentix Investor Confidence,Low,-8.7,-11.1
2023-04-11,2:30pm,EUR,Retail Sales m/m,Low,-0.8%,0.8%
2023-04-11,3:30pm,USD,NFIB Small Business Index,Low,90.1,90.9
2023-04-12,3:07pm,EUR,German 30-y Bond Auction,Low,2.31|1.1,2.32|1.1
2023-04-12,6:00pm,USD,Core CPI m/m,High,0.4%,0.5%
2023-04-12,6:00pm,USD,CPI m/m,High,0.1%,0.4%
2023-04-12,6:00pm,USD,CPI y/y,High,5.0%,6.0%
2023-04-12,8:00pm,USD,Crude Oil Inventories,Low,0.6M,-3.7M
2023-04-12,10:31pm,USD,10-y Bond Auction,Medium,3.46|2.4,3.99|2.4
2023-04-12,10:31pm,USD,Federal Budget Balance,Low,-378.1B,-262.4B
2023-04-13,11:30am,EUR,German Final CPI m/m,Low,0.8%,0.8%
2023-04-13,1:30pm,EUR,Italian Industrial Production m/m,Low,-0.2%,-0.5%
2023-04-13,2:18pm,EUR,Spanish 10-y Bond Auction,Low,3.40|1.4,3.36|1.6
2023-04-13,2:30pm,EUR,Industrial Production m/m,Low,1.5%,1.0%
2023-04-13,6:00pm,USD,Core PPI m/m,High,-0.1%,0.2%
2023-04-13,6:00pm,USD,PPI m/m,High,-0.5%,0.0%
2023-04-13,6:00pm,USD,Unemployment Claims,High,239K,228K
2023-04-13,8:00pm,USD,Natural Gas Storage,Low,25B,-23B
2023-04-13,10:31pm,USD,30-y Bond Auction,Medium,3.66|2.4,3.88|2.4
2023-04-14,11:30am,EUR,German WPI m/m,Low,0.2%,0.1%
2023-04-14,12:15pm,EUR,French Final CPI m/m,Low,0.9%,0.8%
2023-04-14,12:15pm,USD,Core Retail Sales m/m,High,-0.8%,0.0%
2023-04-14,12:15pm,USD,Retail Sales m/m,High,-1.0%,-0.2%
2023-04-14,12:15pm,USD,Import Prices m/m,Low,-0.6%,-0.2%
2023-04-14,6:45pm,USD,Capacity Utilization Rate,Low,79.8%,79.6%
2023-04-14,6:45pm,USD,Industrial Production m/m,Low,0.4%,0.2%
2023-04-14,7:30pm,USD,Prelim UoM Consumer Sentiment,High,63.5,62.0
2023-04-14,7:30pm,USD,Prelim UoM Inflation Expectations,Medium,4.6%,3.6%
2023-04-14,7:30pm,USD,Business Inventories m/m,Low,0.2%,-0.2%
2023-04-17,7:30pm,USD,Empire State Manufacturing Index,High,10.8,-24.6
2023-04-17,7:30pm,USD,NAHB Housing Market Index,Low,45,44
2023-04-18,1:30am,USD,TIC Long-Term Purchases,Low,71.0B,31.9B
2023-04-18,1:30pm,EUR,Italian Trade Balance,Low,2.11B,-4.24B
2023-04-18,2:30pm,EUR,German ZEW Economic Sentiment,Medium,4.1,13.0
2023-04-18,2:30pm,EUR,ZEW Economic Sentiment,Low,6.4,10.0
2023-04-18,2:45pm,USD,Building Permits,Low,1.41M,1.55M
2023-04-18,2:45pm,USD,Housing Starts,Low,1.42M,1.43M
2023-04-19,1:30pm,EUR,Current Account,Low,24.3B,18.6B
2023-04-19,2:30pm,EUR,Final Core CPI y/y,Low,5.7%,5.7%
2023-04-19,2:30pm,EUR,Final CPI y/y,Low,6.9%,6.9%
2023-04-19,3:04pm,EUR,German 10-y Bond Auction,Low,2.51|1.9,2.32|1.4
2023-04-19,8:00pm,USD,Crude Oil Inventories,Low,-4.6M,0.6M
2023-04-20,11:30am,EUR,German PPI m/m,Low,-2.6%,-0.3%
2023-04-20,2:11pm,EUR,Spanish 10-y Bond Auction,Low,3.51|1.4,3.40|1.4
2023-04-20,2:30pm,EUR,Trade Balance,Low,-0.1B,-11.6B
2023-04-20,6:00pm,USD,Unemployment Claims,High,245K,240K
2023-04-20,6:00pm,USD,Philly Fed Manufacturing Index,Medium,-31.3,-23.2
2023-04-20,7:30pm,EUR,Consumer Confidence,Low,-18,-19
2023-04-20,7:30pm,USD,Existing Home Sales,Medium,4.44M,4.55M
2023-04-20,7:30pm,USD,CB Leading Index m/m,Low,-1.2%,-0.5%
2023-04-20,8:00pm,USD,Natural Gas Storage,Low,75B,25B
2023-04-21,12:45pm,EUR,French Flash Manufacturing PMI,High,45.5,47.3
2023-04-21,12:45pm,EUR,French Flash Services PMI,High,56.3,53.9
2023-04-21,1:00pm,EUR,German Flash Manufacturing PMI,High,44.0,44.7
2023-04-21,1:00pm,EUR,German Flash Services PMI,High,55.7,53.7
2023-04-21,1:30pm,EUR,Flash Manufacturing PMI,Medium,45.5,47.3
2023-04-21,1:30pm,EUR,Flash Services PMI,Medium,56.6,55.0
2023-04-21,7:15pm,USD,Flash Manufacturing PMI,High,50.4,49.2
2023-04-21,7:15pm,USD,Flash Services PMI,High,53.7,52.6
2023-04-24,1:30pm,EUR,German ifo Business Climate,Medium,93.6,93.3
2023-04-24,6:30pm,EUR,Belgian NBB Business Climate,Low,-7.8,-7.6
2023-04-25,6:30pm,USD,HPI m/m,Low,0.5%,0.1%
2023-04-25,6:30pm,USD,S&P/CS Composite-20 HPI y/y,Low,0.4%,2.6%
2023-04-25,7:29pm,USD,Richmond Manufacturing Index,Medium,-10,-5
2023-04-25,7:30pm,USD,CB Consumer Confidence,High,101.3,104.0
2023-04-25,7:30pm,USD,New Home Sales,Medium,683K,623K
2023-04-26,11:30am,EUR,German GfK Consumer Climate,Low,-25.7,-29.3
2023-04-26,6:00pm,USD,Core Durable Goods Orders m/m,Medium,0.3%,-0.1%
2023-04-26,6:00pm,USD,Durable Goods Orders m/m,Medium,3.2%,-1.2%
2023-04-26,6:00pm,USD,Goods Trade Balance,Low,-84.6B,-92.0B
2023-04-26,6:00pm,USD,Prelim Wholesale Inventories m/m,Low,0.1%,0.1%
2023-04-26,8:00pm,USD,Crude Oil Inventories,Low,-5.1M,-4.6M
2023-04-27,12:30pm,EUR,Spanish Unemployment Rate,Low,13.3%,12.9%
2023-04-27,2:43pm,EUR,Italian 10-y Bond Auction,Low,4.42|1.3,4.12|1.4
2023-04-27,6:00pm,USD,Advance GDP q/q,High,1.1%,2.6%
2023-04-27,6:00pm,USD,Unemployment Claims,High,230K,246K
2023-04-27,6:00pm,USD,Advance GDP Price Index q/q,Medium,4.0%,3.9%
2023-04-27,7:30pm,USD,Pending Home Sales m/m,Medium,-5.2%,0.8%
2023-04-27,8:00pm,USD,Natural Gas Storage,Low,79B,75B
2023-04-28,11:00am,EUR,French Flash GDP q/q,Medium,0.2%,0.0%
2023-04-28,11:00am,EUR,French Consumer Spending m/m,Low,-1.3%,-0.8%
2023-04-28,11:30am,EUR,German Import Prices m/m,Low,-1.1%,-2.4%
2023-04-28,All Day,EUR,German Prelim CPI m/m,High,0.4%,0.8%
2023-04-28,12:15pm,EUR,French Prelim CPI m/m,Low,0.6%,0.9%
2023-04-28,12:15pm,EUR,Spanish Flash CPI y/y,Medium,4.1%,3.3%
2023-04-28,12:15pm,EUR,Spanish Flash GDP q/q,Low,0.5%,0.4%
2023-04-28,1:25pm,EUR,German Unemployment Change,Low,24K,19K
2023-04-28,1:25pm,EUR,Italian Prelim GDP q/q,Low,0.5%,-0.1%
2023-04-28,1:25pm,EUR,German Prelim GDP q/q,Low,0.0%,-0.4%
2023-04-28,2:30pm,EUR,Prelim Flash GDP q/q,Low,0.1%,0.0%
2023-04-28,2:30pm,USD,Core PCE Price Index m/m,High,0.3%,0.3%
2023-04-28,2:30pm,USD,Employment Cost Index q/q,High,1.2%,1.0%
2023-04-28,2:30pm,USD,Personal Income m/m,Low,0.3%,0.3%
2023-04-28,2:30pm,USD,Personal Spending m/m,Low,0.0%,0.1%
2023-04-28,7:15pm,USD,Chicago PMI,Medium,48.6,43.8
2023-04-28,7:30pm,USD,Revised UoM Consumer Sentiment,Medium,63.5,63.5
2023-04-28,7:30pm,USD,Revised UoM Inflation Expectations,Low,4.6%,4.6%
2023-05-01,7:15pm,USD,Final Manufacturing PMI,Low,50.2,50.4
2023-05-01,7:30pm,USD,ISM Manufacturing PMI,High,47.1,46.3
2023-05-01,7:30pm,USD,ISM Manufacturing Prices,Medium,53.2,49.2
2023-05-01,7:30pm,USD,Construction Spending m/m,Low,0.3%,-0.3%
2023-05-02,11:30am,EUR,German Retail Sales m/m,Low,-2.4%,-0.3%
2023-05-02,12:45pm,EUR,Spanish Manufacturing PMI,Low,49.0,51.3
2023-05-02,1:15pm,EUR,Italian Manufacturing PMI,Low,46.8,51.1
2023-05-02,1:20pm,EUR,French Final Manufacturing PMI,Low,45.6,45.5
2023-05-02,1:25pm,EUR,German Final Manufacturing PMI,Low,44.5,44.0
2023-05-02,1:30pm,EUR,Final Manufacturing PMI,Low,45.8,45.5
2023-05-02,1:30pm,EUR,M3 Money Supply y/y,Low,2.5%,2.9%
2023-05-02,1:30pm,EUR,Private Loans y/y,Low,2.9%,3.2%
2023-05-02,2:30pm,EUR,Core CPI Flash Estimate y/y,Medium,5.6%,5.7%
2023-05-02,2:30pm,EUR,CPI Flash Estimate y/y,Medium,7.0%,6.9%
2023-05-02,2:30pm,EUR,Italian Prelim CPI m/m,Low,0.5%,-0.4%
2023-05-02,7:30pm,USD,JOLTS Job Openings,High,9.59M,9.97M
2023-05-02,7:30pm,USD,Factory Orders m/m,Low,0.9%,-1.1%
2023-05-02,All Day,USD,Wards Total Vehicle Sales,Low,15.9M,14.8M
2023-05-03,12:15pm,EUR,French Gov Budget Balance,Low,-54.7B,-50.3B
2023-05-03,1:30pm,EUR,Italian Monthly Unemployment Rate,Low,7.8%,7.9%
2023-05-03,2:30pm,EUR,Unemployment Rate,Low,6.5%,6.6%
2023-05-03,5:45pm,USD,ADP Non-Farm Employment Change,High,296K,142K
2023-05-03,7:15pm,USD,Final Services PMI,Low,53.6,53.7
2023-05-03,7:30pm,USD,ISM Services PMI,High,51.9,51.2
2023-05-03,8:00pm,USD,Crude Oil Inventories,Low,-1.3M,-5.1M
2023-05-03,11:30pm,USD,Federal Funds Rate,High,5.25%,5.00%
2023-05-04,11:30am,EUR,German Trade Balance,Low,16.7B,16.1B
2023-05-04,12:30pm,EUR,Spanish Unemployment Change,Low,-73.9K,-48.8K
2023-05-04,12:45pm,EUR,Spanish Services PMI,Low,57.9,59.4
2023-05-04,1:15pm,EUR,Italian Services PMI,Low,57.6,55.7
2023-05-04,1:20pm,EUR,French Final Services PMI,Low,54.6,56.3
2023-05-04,1:25pm,EUR,German Final Services PMI,Low,56.0,55.7
2023-05-04,1:30pm,EUR,Final Services PMI,Low,56.2,56.6
2023-05-04,2:30pm,EUR,PPI m/m,Low,-1.6%,-0.4%
2023-05-04,2:35pm,EUR,French 10-y Bond Auction,Low,2.83|1.9,2.70|2.0
2023-05-04,5:00pm,USD,Challenger Job Cuts y/y,Low,175.9%,319.4%
2023-05-04,5:45pm,EUR,Main Refinancing Rate,High,3.75%,3.50%
2023-05-04,5:45pm,USD,Unemployment Claims,High,242K,229K
2023-05-04,5:45pm,USD,Prelim Nonfarm Productivity q/q,Low,-2.7%,1.7%
2023-05-04,5:45pm,USD,Prelim Unit Labor Costs q/q,Low,6.3%,3.2%
2023-05-04,5:45pm,USD,Trade Balance,Low,-64.2B,-70.6B
2023-05-04,8:00pm,USD,Natural Gas Storage,Low,54B,79B
2023-05-05,11:30am,EUR,German Factory Orders m/m,Low,-10.7%,4.5%
2023-05-05,12:15pm,EUR,French Industrial Production m/m,Low,-1.1%,1.4%
2023-05-05,12:15pm,EUR,French Prelim Private Payrolls q/q,Low,0.2%,0.2%
2023-05-05,1:30pm,EUR,Italian Retail Sales m/m,Low,0.0%,-0.1%
2023-05-05,2:00pm,EUR,Retail Sales m/m,Low,-1.2%,-0.2%
2023-05-05,2:00pm,USD,Average Hourly Earnings m/m,High,0.5%,0.3%
2023-05-05,2:00pm,USD,Non-Farm Employment Change,High,253K,165K
2023-05-05,2:00pm,USD,Unemployment Rate,High,3.4%,3.5%
2023-05-06,12:30am,USD,Consumer Credit m/m,Low,26.5B,15.0B
2023-05-08,11:30am,EUR,German Industrial Production m/m,Low,-3.4%,2.1%
2023-05-08,2:00pm,EUR,Sentix Investor Confidence,Low,-13.1,-8.7
2023-05-08,7:30pm,USD,Final Wholesale Inventories m/m,Low,0.0%,0.1%
2023-05-09,12:15pm,EUR,French Trade Balance,Low,-8.0B,-9.3B
2023-05-09,3:30pm,USD,NFIB Small Business Index,Low,89.0,90.1
2023-05-09,7:30pm,USD,RCM/TIPP Economic Optimism,Low,41.6,47.4
2023-05-10,11:30am,EUR,German Final CPI m/m,Low,0.4%,0.4%
2023-05-10,1:30pm,EUR,Italian Industrial Production m/m,Low,-0.6%,-0.2%
2023-05-10,3:05pm,EUR,German 30-y Bond Auction,Low,2.53|2.0,2.31|1.1
2023-05-10,3:05pm,USD,Core CPI m/m,High,0.4%,0.4%
2023-05-10,3:05pm,USD,CPI m/m,High,0.4%,0.1%
2023-05-10,3:05pm,USD,CPI y/y,High,4.9%,5.0%
2023-05-10,8:00pm,USD,Crude Oil Inventories,Low,3.0M,-1.3M
2023-05-10,10:31pm,USD,10-y Bond Auction,Medium,3.45|2.4,3.46|2.4
2023-05-10,11:23pm,USD,Federal Budget Balance,Low,176.2B,-378.1B
2023-05-11,6:00pm,USD,Core PPI m/m,High,0.2%,0.0%
2023-05-11,6:00pm,USD,PPI m/m,High,0.2%,-0.4%
2023-05-11,6:00pm,USD,Unemployment Claims,High,264K,242K
2023-05-11,7:30pm,USD,Mortgage Delinquencies,Low,3.56%,3.96%
2023-05-11,8:00pm,USD,Natural Gas Storage,Low,78B,54B
2023-05-11,10:34pm,USD,30-y Bond Auction,Medium,3.74|2.4,3.66|2.4
2023-05-12,12:15pm,EUR,French Final CPI m/m,Low,0.6%,0.6%
2023-05-12,6:00pm,USD,Import Prices m/m,Low,0.4%,-0.8%
2023-05-12,7:30pm,USD,Prelim UoM Consumer Sentiment,High,57.7,63.5
2023-05-12,7:30pm,USD,Prelim UoM Inflation Expectations,Medium,4.5%,4.6%
2023-05-15,11:30am,EUR,German WPI m/m,Low,-0.4%,0.2%
2023-05-15,11:30am,EUR,Industrial Production m/m,Low,-4.1%,1.5%
2023-05-15,6:00pm,USD,Empire State Manufacturing Index,High,-31.8,10.8
2023-05-16,1:30am,USD,TIC Long-Term Purchases,Low,133.3B,56.6B
2023-05-16,2:30pm,EUR,German ZEW Economic Sentiment,Medium,-10.7,4.1
2023-05-16,2:30pm,EUR,Flash Employment Change q/q,Low,0.6%,0.3%
2023-05-16,2:30pm,EUR,Flash GDP q/q,Low,0.1%,0.1%
2023-05-16,2:30pm,EUR,Trade Balance,Low,17.0B,-0.2B
2023-05-16,2:30pm,EUR,ZEW Economic Sentiment,Low,-9.4,6.4
2023-05-16,2:30pm,USD,Core Retail Sales m/m,High,0.4%,-0.5%
2023-05-16,2:30pm,USD,Retail Sales m/m,High,0.4%,-0.7%
2023-05-16,6:45pm,USD,Capacity Utilization Rate,Low,79.7%,79.4%
2023-05-16,6:45pm,USD,Industrial Production m/m,Low,0.5%,0.4%
2023-05-16,6:45pm,USD,Business Inventories m/m,Low,-0.1%,0.0%
2023-05-16,6:45pm,USD,NAHB Housing Market Index,Low,50,45
2023-05-17,1:30pm,EUR,Italian Trade Balance,Low,7.54B,2.11B
2023-05-17,2:30pm,EUR,Final Core CPI y/y,Low,5.6%,5.6%
2023-05-17,2:30pm,EUR,Final CPI y/y,Low,7.0%,7.0%
2023-05-17,3:04pm,EUR,German 10-y Bond Auction,Low,2.31|2.3,2.51|1.9
2023-05-17,3:04pm,USD,Building Permits,Low,1.42M,1.43M
2023-05-17,3:04pm,USD,Housing Starts,Low,1.40M,1.37M
2023-05-17,3:04pm,USD,Crude Oil Inventories,Low,5.0M,3.0M
2023-05-18,5:20am,USD,Unemployment Claims,High,242K,264K
2023-05-18,5:20am,USD,Philly Fed Manufacturing Index,Medium,-10.4,-31.3
2023-05-18,5:20am,USD,Existing Home Sales,Medium,4.28M,4.43M
2023-05-18,5:20am,USD,CB Leading Index m/m,Low,-0.6%,-1.2%
2023-05-18,8:00pm,USD,Natural Gas Storage,Low,99B,78B
2023-05-19,11:30am,EUR,German PPI m/m,Low,0.3%,-1.4%
2023-05-22,7:15pm,USD,Cleveland Fed Inflation Expectations,Low,5.0%,6.0%
2023-05-22,7:30pm,EUR,Consumer Confidence,Low,-17,-18
2023-05-23,12:45pm,EUR,French Flash Manufacturing PMI,High,46.1,45.6
2023-05-23,12:45pm,EUR,French Flash Services PMI,High,52.8,54.6
2023-05-23,1:00pm,EUR,German Flash Manufacturing PMI,High,42.9,44.5
2023-05-23,1:00pm,EUR,German Flash Services PMI,High,57.8,56.0
2023-05-23,1:30pm,EUR,Flash Manufacturing PMI,Medium,44.6,45.8
2023-05-23,1:30pm,EUR,Flash Services PMI,Medium,55.9,56.2
2023-05-23,1:30pm,EUR,Current Account,Low,31.2B,24.5B
2023-05-23,7:15pm,USD,Flash Manufacturing PMI,High,48.5,50.2
2023-05-23,7:15pm,USD,Flash Services PMI,High,55.1,53.6
2023-05-23,7:29pm,USD,Richmond Manufacturing Index,Medium,-15,-10
2023-05-23,7:30pm,USD,New Home Sales,Medium,683K,656K
2023-05-24,1:30pm,EUR,German ifo Business Climate,Medium,91.7,93.4
2023-05-24,6:27pm,EUR,Belgian NBB Business Climate,Low,-9.2,-7.8
2023-05-24,8:00pm,USD,Crude Oil Inventories,Low,-12.5M,5.0M
2023-05-25,11:30am,EUR,German Final GDP q/q,Low,-0.3%,0.0%
2023-05-25,11:30am,EUR,German GfK Consumer Climate,Low,-24.2,-25.8
2023-05-25,6:00pm,USD,Prelim GDP q/q,High,1.3%,1.1%
2023-05-25,6:00pm,USD,Unemployment Claims,High,229K,225K
2023-05-25,6:00pm,USD,Prelim GDP Price Index q/q,Medium,4.2%,4.0%
2023-05-25,7:30pm,USD,Pending Home Sales m/m,Medium,0.0%,-5.2%
2023-05-25,8:00pm,USD,Natural Gas Storage,Low,96B,99B
2023-05-26,6:00pm,USD,Core PCE Price Index m/m,High,0.4%,0.3%
2023-05-26,6:00pm,USD,Core Durable Goods Orders m/m,Medium,-0.2%,0.2%
2023-05-26,6:00pm,USD,Durable Goods Orders m/m,Medium,1.1%,3.3%
2023-05-26,6:00pm,USD,Goods Trade Balance,Low,-96.8B,-82.7B
2023-05-26,6:00pm,USD,Personal Income m/m,Low,0.4%,0.3%
2023-05-26,6:00pm,USD,Personal Spending m/m,Low,0.8%,0.1%
2023-05-26,6:00pm,USD,Prelim Wholesale Inventories m/m,Low,-0.2%,0.0%
2023-05-26,7:30pm,USD,Revised UoM Consumer Sentiment,Medium,59.2,57.7
2023-05-26,7:30pm,USD,Revised UoM Inflation Expectations,Low,4.2%,4.5%
2023-05-30,5:00am,EUR,Spanish Flash CPI y/y,Medium,3.2%,4.1%
2023-05-30,1:30pm,EUR,M3 Money Supply y/y,Low,1.9%,2.5%
2023-05-30,1:30pm,EUR,Private Loans y/y,Low,2.5%,2.9%
2023-05-30,2:44pm,EUR,Italian 10-y Bond Auction,Low,4.24|1.5,4.42|1.3
2023-05-30,6:30pm,USD,HPI m/m,Low,0.6%,0.7%
2023-05-30,6:30pm,USD,S&P/CS Composite-20 HPI y/y,Low,-1.1%,0.4%
2023-05-30,7:30pm,USD,CB Consumer Confidence,High,102.3,103.7
2023-05-31,11:30am,EUR,German Import Prices m/m,Low,-1.7%,-1.1%
2023-05-31,All Day,EUR,German Prelim CPI m/m,High,-0.1%,0.4%
2023-05-31,12:15pm,EUR,French Consumer Spending m/m,Low,-1.0%,-0.8%
2023-05-31,12:15pm,EUR,French Prelim CPI m/m,Low,-0.1%,0.6%
2023-05-31,12:15pm,EUR,French Prelim GDP q/q,Low,0.2%,0.2%
2023-05-31,1:25pm,EUR,German Unemployment Change,Low,9K,23k
2023-05-31,2:30pm,EUR,Italian Prelim CPI m/m,Low,0.3%,0.4%
2023-05-31,7:15pm,USD,Chicago PMI,Low,40.4,48.6
2023-05-31,7:30pm,USD,JOLTS Job Openings,High,10.10M,9.75M
2023-06-01,9:05am,EUR,German Retail Sales m/m,Low,0.8%,-1.3%
2023-06-01,12:15pm,EUR,French Gov Budget Balance,Low,-83.7B,-54.7B
2023-06-01,12:45pm,EUR,Spanish Manufacturing PMI,Low,48.4,49.0
2023-06-01,1:15pm,EUR,Italian Manufacturing PMI,Low,45.9,46.8
2023-06-01,1:20pm,EUR,French Final Manufacturing PMI,Low,45.7,46.1
2023-06-01,1:25pm,EUR,German Final Manufacturing PMI,Low,43.2,42.9
2023-06-01,1:30pm,EUR,Final Manufacturing PMI,Low,44.8,44.6
2023-06-01,1:30pm,EUR,Italian Monthly Unemployment Rate,Low,7.8%,7.9%
2023-06-01,2:29pm,EUR,French 10-y Bond Auction,Low,2.85|1.9,2.83|1.9
2023-06-01,2:30pm,EUR,CPI Flash Estimate y/y,High,6.1%,7.0%
2023-06-01,2:30pm,EUR,Core CPI Flash Estimate y/y,Medium,5.3%,5.6%
2023-06-01,2:30pm,EUR,Unemployment Rate,Low,6.5%,6.5%
2023-06-01,2:30pm,USD,Challenger Job Cuts y/y,Low,286.7%,175.9%
2023-06-01,5:45pm,USD,ADP Non-Farm Employment Change,High,278K,291K
2023-06-01,6:00pm,USD,Unemployment Claims,High,232K,230K
2023-06-01,6:00pm,USD,Revised Nonfarm Productivity q/q,Low,-2.1%,-2.7%
2023-06-01,6:00pm,USD,Revised Unit Labor Costs q/q,Low,4.2%,6.3%
2023-06-01,7:15pm,USD,Final Manufacturing PMI,Low,48.4,48.5
2023-06-01,7:30pm,USD,ISM Manufacturing PMI,High,46.9,47.1
2023-06-01,7:30pm,USD,ISM Manufacturing Prices,Medium,44.2,53.2
2023-06-01,7:30pm,USD,Construction Spending m/m,Low,1.2%,0.3%
2023-06-01,All Day,USD,Wards Total Vehicle Sales,Low,15.1M,15.9M
2023-06-01,8:00pm,USD,Natural Gas Storage,Low,110B,96B
2023-06-01,8:30pm,USD,Crude Oil Inventories,Low,4.5M,-12.5M
2023-06-02,12:15pm,EUR,French Industrial Production m/m,Low,0.8%,-1.1%
2023-06-02,12:30pm,EUR,Spanish Unemployment Change,Low,-49.3K,-73.9K
2023-06-02,6:00pm,USD,Average Hourly Earnings m/m,High,0.3%,0.4%
2023-06-02,6:00pm,USD,Non-Farm Employment Change,High,339K,294K
2023-06-02,6:00pm,USD,Unemployment Rate,High,3.7%,3.4%
2023-06-05,11:30am,EUR,German Trade Balance,Low,18.4B,14.9B
2023-06-05,12:45pm,EUR,Spanish Services PMI,Low,56.7,57.9
2023-06-05,1:15pm,EUR,Italian Services PMI,Low,54.0,57.6
2023-06-05,1:20pm,EUR,French Final Services PMI,Low,52.5,52.8
2023-06-05,1:25pm,EUR,German Final Services PMI,Low,57.2,57.8
2023-06-05,1:30pm,EUR,Final Services PMI,Low,55.1,55.9
2023-06-05,2:00pm,EUR,Sentix Investor Confidence,Low,-17.0,-13.1
2023-06-05,2:30pm,EUR,PPI m/m,Low,-3.2%,-1.3%
2023-06-05,7:15pm,USD,Final Services PMI,Low,54.9,55.1
2023-06-05,7:15pm,USD,ISM Services PMI,High,50.3,51.9
2023-06-05,7:15pm,USD,Factory Orders m/m,Low,0.4%,0.6%
2023-06-06,11:30am,EUR,German Factory Orders m/m,Low,-0.4%,-10.9%
2023-06-06,2:30pm,EUR,Retail Sales m/m,Low,0.0%,-0.4%
2023-06-06,2:34pm,USD,RCM/TIPP Economic Optimism,Low,41.7,41.6
2023-06-07,11:30am,EUR,German Industrial Production m/m,Low,0.3%,-2.1%
2023-06-07,12:15pm,EUR,French Trade Balance,Low,-9.7B,-8.4B
2023-06-07,1:30pm,EUR,Italian Retail Sales m/m,Low,0.2%,0.0%
2023-06-07,1:30pm,USD,Trade Balance,Low,-74.6B,-60.6B
2023-06-07,8:00pm,USD,Crude Oil Inventories,Low,-0.5M,4.5M
2023-06-08,12:30am,USD,Consumer Credit m/m,Low,23.0B,22.8B
2023-06-08,11:00am,EUR,French Final Private Payrolls q/q,Low,0.4%,0.2%
2023-06-08,2:30pm,EUR,Final Employment Change q/q,Low,0.6%,0.6%
2023-06-08,2:30pm,EUR,Revised GDP q/q,Low,-0.1%,0.1%
2023-06-08,6:00pm,USD,Unemployment Claims,High,261K,233K
2023-06-08,7:30pm,USD,Final Wholesale Inventories m/m,Low,-0.1%,-0.2%
2023-06-08,8:00pm,USD,Natural Gas Storage,Low,104B,110B
2023-06-09,1:30pm,EUR,Italian Industrial Production m/m,Low,-1.9%,-0.6%
2023-06-12,10:31pm,USD,10-y Bond Auction,Medium,3.79|2.4,3.45|2.4
2023-06-12,11:30pm,USD,Federal Budget Balance,Low,-240.3B,176.2B
2023-06-13,11:30am,EUR,German Final CPI m/m,Low,-0.1%,-0.1%
2023-06-13,1:30pm,EUR,Italian Quarterly Unemployment Rate,Low,8.0%,7.9%
2023-06-13,2:30pm,EUR,German ZEW Economic Sentiment,Medium,-8.5,-10.7
2023-06-13,2:30pm,EUR,ZEW Economic Sentiment,Low,-10.0,-9.4
2023-06-13,3:24pm,USD,NFIB Small Business Index,Low,89.4,89.0
2023-06-13,6:00pm,USD,Core CPI m/m,High,0.4%,0.4%
2023-06-13,6:00pm,USD,CPI m/m,High,0.1%,0.4%
2023-06-13,6:00pm,USD,CPI y/y,High,4.0%,4.9%
2023-06-13,10:31pm,USD,30-y Bond Auction,Low,3.91|2.5,3.74|2.4
2023-06-14,11:30am,EUR,German WPI m/m,Low,-1.1%,-0.4%
2023-06-14,2:30pm,EUR,Industrial Production m/m,Low,1.0%,-3.8%
2023-06-14,3:03pm,EUR,German 10-y Bond Auction,Low,2.43|1.9,2.31|2.3
2023-06-14,6:00pm,USD,Core PPI m/m,High,0.2%,0.2%
2023-06-14,6:00pm,USD,PPI m/m,High,-0.3%,0.2%
2023-06-14,8:00pm,USD,Crude Oil Inventories,Low,7.9M,-0.5M
2023-06-14,11:30pm,USD,Federal Funds Rate,High,5.25%,5.25%
2023-06-15,12:15pm,EUR,French Final CPI m/m,Low,-0.1%,-0.1%
2023-06-15,2:30pm,EUR,Trade Balance,Low,-7.1B,14.0B
2023-06-15,5:45pm,EUR,Main Refinancing Rate,High,4.00%,3.75%
2023-06-15,5:45pm,USD,Core Retail Sales m/m,High,0.1%,0.4%
2023-06-15,5:45pm,USD,Empire State Manufacturing Index,High,6.6,-31.8
2023-06-15,5:45pm,USD,Retail Sales m/m,High,0.3%,0.4%
2023-06-15,5:45pm,USD,Unemployment Claims,High,262K,262K
2023-06-15,5:45pm,USD,Philly Fed Manufacturing Index,Medium,-13.7,-10.4
2023-06-15,5:45pm,USD,Import Prices m/m,Low,-0.6%,0.3%
2023-06-15,6:45pm,USD,Industrial Production m/m,Medium,-0.2%,0.5%
2023-06-15,6:45pm,USD,Capacity Utilization Rate,Low,79.6%,79.8%
2023-06-15,7:30pm,USD,Business Inventories m/m,Low,0.2%,-0.2%
2023-06-15,8:00pm,USD,Natural Gas Storage,Low,84B,104B
2023-06-16,1:30am,USD,TIC Long-Term Purchases,Low,127.8B,205.6B
2023-06-16,2:30pm,EUR,Final Core CPI y/y,Low,5.3%,5.3%
2023-06-16,2:30pm,EUR,Final CPI y/y,Low,6.1%,6.1%
2023-06-16,2:30pm,EUR,Italian Trade Balance,Low,0.32B,7.62B
2023-06-16,7:30pm,USD,Prelim UoM Consumer Sentiment,High,63.9,59.2
2023-06-16,7:30pm,USD,Prelim UoM Inflation Expectations,Medium,3.3%,4.2%
2023-06-19,7:30pm,USD,NAHB Housing Market Index,Low,55,50
2023-06-20,10:00am,EUR,German PPI m/m,Low,-1.4%,0.3%
2023-06-20,1:32pm,EUR,Current Account,Low,3.6B,31.2B
2023-06-20,6:00pm,USD,Building Permits,Low,1.49M,1.42M
2023-06-20,6:00pm,USD,Housing Starts,Low,1.63M,1.34M
2023-06-21,3:08pm,EUR,German 30-y Bond Auction,Low,2.37|2.3,2.53|2.0
2023-06-22,6:00pm,USD,Unemployment Claims,High,264K,264K
2023-06-22,6:00pm,USD,Current Account,Low,-219B,-216B
2023-06-22,7:30pm,EUR,Consumer Confidence,Low,-16,-17
2023-06-22,7:30pm,USD,Existing Home Sales,Medium,4.30M,4.29M
2023-06-22,7:30pm,USD,CB Leading Index m/m,Low,-0.7%,-0.6%
2023-06-22,8:00pm,USD,Natural Gas Storage,Low,95B,84B
2023-06-22,8:30pm,USD,Crude Oil Inventories,Low,-3.8M,7.9M
2023-06-23,12:45pm,EUR,French Flash Manufacturing PMI,High,45.5,45.7
2023-06-23,12:45pm,EUR,French Flash Services PMI,High,48.0,52.5
2023-06-23,1:00pm,EUR,German Flash Manufacturing PMI,High,41.0,43.2
2023-06-23,1:00pm,EUR,German Flash Services PMI,High,54.1,57.2
2023-06-23,1:30pm,EUR,Flash Manufacturing PMI,Medium,43.6,44.8
2023-06-23,1:30pm,EUR,Flash Services PMI,Medium,52.4,55.1
2023-06-23,6:29pm,EUR,Belgian NBB Business Climate,Low,-12.1,-9.2
2023-06-23,7:15pm,USD,Flash Manufacturing PMI,High,46.3,48.4
2023-06-23,7:15pm,USD,Flash Services PMI,High,54.1,54.9
2023-06-26,1:30pm,EUR,German ifo Business Climate,Medium,88.5,91.5
2023-06-27,10:29am,USD,Core Durable Goods Orders m/m,Medium,0.6%,-0.3%
2023-06-27,10:29am,USD,Durable Goods Orders m/m,Medium,1.7%,1.2%
2023-06-27,10:29am,USD,HPI m/m,Low,0.7%,0.5%
2023-06-27,10:29am,USD,S&P/CS Composite-20 HPI y/y,Low,-1.7%,-1.1%
2023-06-27,7:29pm,USD,Richmond Manufacturing Index,Medium,-7,-15
2023-06-27,7:30pm,USD,CB Consumer Confidence,High,109.7,102.5
2023-06-27,7:30pm,USD,New Home Sales,Medium,763K,680K
2023-06-28,11:30am,EUR,German GfK Consumer Climate,Low,-25.4,-24.4
2023-06-28,11:30am,EUR,M3 Money Supply y/y,Low,1.4%,1.9%
2023-06-28,11:30am,EUR,Private Loans y/y,Low,2.1%,2.5%
2023-06-28,2:30pm,EUR,Italian Prelim CPI m/m,Low,0.0%,0.3%
2023-06-28,6:00pm,USD,Goods Trade Balance,Low,-91.1B,-97.1B
2023-06-28,6:00pm,USD,Prelim Wholesale Inventories m/m,Low,-0.1%,-0.1%
2023-06-28,8:00pm,USD,Crude Oil Inventories,Low,-9.6M,-3.8M
2023-06-29,All Day,EUR,German Prelim CPI m/m,High,0.3%,-0.1%
2023-06-29,12:30pm,EUR,Spanish Flash CPI y/y,Medium,1.9%,3.2%
2023-06-29,6:00pm,USD,Final GDP q/q,High,2.0%,1.3%
2023-06-29,6:00pm,USD,Final GDP Price Index q/q,Medium,4.1%,4.2%
2023-06-29,6:02pm,USD,Unemployment Claims,High,239K,265K
2023-06-29,7:30pm,USD,Pending Home Sales m/m,Medium,-2.7%,-0.4%
2023-06-29,8:00pm,USD,Natural Gas Storage,Low,76B,95B
2023-06-30,11:30am,EUR,German Import Prices m/m,Low,-1.4%,-1.7%
2023-06-30,11:30am,EUR,German Retail Sales m/m,Low,0.4%,0.7%
2023-06-30,12:15pm,EUR,French Consumer Spending m/m,Low,0.5%,-0.8%
2023-06-30,12:15pm,EUR,French Prelim CPI m/m,Low,0.2%,-0.1%
2023-06-30,1:25pm,EUR,German Unemployment Change,Low,28K,13K
2023-06-30,1:30pm,EUR,Italian Monthly Unemployment Rate,Low,7.6%,7.8%
2023-06-30,2:30pm,EUR,Core CPI Flash Estimate y/y,Medium,5.4%,5.3%
2023-06-30,2:30pm,EUR,CPI Flash Estimate y/y,Medium,5.5%,6.1%
2023-06-30,2:30pm,EUR,Unemployment Rate,Low,6.5%,6.5%
2023-06-30,2:43pm,EUR,Italian 10-y Bond Auction,Low,4.13|1.4,4.24|1.5
2023-06-30,2:43pm,USD,Core PCE Price Index m/m,High,0.3%,0.4%
2023-06-30,2:43pm,USD,Personal Income m/m,Low,0.4%,0.3%
2023-06-30,2:43pm,USD,Personal Spending m/m,Low,0.1%,0.6%
2023-06-30,7:15pm,USD,Chicago PMI,Low,41.5,40.4
2023-06-30,7:30pm,USD,Revised UoM Consumer Sentiment,Medium,64.4,63.9
2023-06-30,7:30pm,USD,Revised UoM Inflation Expectations,Low,3.3%,3.3%
2023-07-03,12:15pm,EUR,French Gov Budget Balance,Low,-107.2B,-83.7B
2023-07-03,12:45pm,EUR,Spanish Manufacturing PMI,Medium,48.0,48.4
2023-07-03,1:15pm,EUR,Italian Manufacturing PMI,Low,43.8,45.9
2023-07-03,1:20pm,EUR,French Final Manufacturing PMI,Low,46.0,45.5
2023-07-03,1:25pm,EUR,German Final Manufacturing PMI,Low,40.6,41.0
2023-07-03,1:30pm,EUR,Final Manufacturing PMI,Low,43.4,43.6
2023-07-03,7:15pm,USD,Final Manufacturing PMI,Low,46.3,46.3
2023-07-03,7:30pm,USD,ISM Manufacturing PMI,High,46.0,46.9
2023-07-03,7:30pm,USD,ISM Manufacturing Prices,Medium,41.8,44.2
2023-07-03,7:30pm,USD,Construction Spending m/m,Low,0.9%,0.4%
2023-07-04,11:30am,EUR,German Trade Balance,Low,14.4B,16.5B
2023-07-04,12:30pm,EUR,Spanish Unemployment Change,Low,-50.3K,-49.3K
2023-07-05,12:15pm,EUR,French Industrial Production m/m,Low,1.2%,0.8%
2023-07-05,12:45pm,EUR,Spanish Services PMI,Low,53.4,56.7
2023-07-05,1:15pm,EUR,Italian Services PMI,Low,52.2,54.0
2023-07-05,1:20pm,EUR,French Final Services PMI,Low,48.0,48.0
2023-07-05,1:25pm,EUR,German Final Services PMI,Low,54.1,54.1
2023-07-05,1:30pm,EUR,Final Services PMI,Low,52.0,52.4
2023-07-05,2:30pm,EUR,PPI m/m,Low,-1.9%,-3.2%
2023-07-05,3:03pm,EUR,German 10-y Bond Auction,Low,2.39|2.2,2.43|1.9
2023-07-05,7:30pm,USD,Factory Orders m/m,Low,0.3%,0.3%
2023-07-05,All Day,USD,Wards Total Vehicle Sales,Low,15.7M,15.1M
2023-07-06,11:30am,EUR,German Factory Orders m/m,Low,6.4%,0.2%
2023-07-06,2:17pm,EUR,Spanish 10-y Bond Auction,Low,3.55|1.5,3.51|1.4
2023-07-06,2:28pm,EUR,French 10-y Bond Auction,Low,3.04|1.9,2.85|1.9
2023-07-06,2:30pm,EUR,Retail Sales m/m,Low,0.0%,0.0%
2023-07-06,5:00pm,USD,Challenger Job Cuts y/y,Low,25.2%,286.7%
2023-07-06,5:45pm,USD,ADP Non-Farm Employment Change,High,497K,267K
2023-07-06,5:45pm,USD,Unemployment Claims,High,248K,236K
2023-07-06,5:45pm,USD,Trade Balance,Low,-69.0B,-74.4B
2023-07-06,7:15pm,USD,Final Services PMI,Low,54.4,54.1
2023-07-06,7:30pm,USD,ISM Services PMI,High,53.9,50.3
2023-07-06,7:30pm,USD,JOLTS Job Openings,High,9.82M,10.32M
2023-07-06,8:30pm,USD,Crude Oil Inventories,Low,-1.5M,-9.6M
2023-07-07,11:30am,EUR,German Industrial Production m/m,Low,-0.2%,0.3%
2023-07-07,12:15pm,EUR,French Trade Balance,Low,-8.4B,-10.6B
2023-07-07,1:30pm,EUR,Italian Retail Sales m/m,Low,0.7%,0.2%
2023-07-07,1:30pm,USD,Average Hourly Earnings m/m,High,0.4%,0.4%
2023-07-07,1:30pm,USD,Non-Farm Employment Change,High,209K,306K
2023-07-07,1:30pm,USD,Unemployment Rate,High,3.6%,3.7%
2023-07-07,1:30pm,USD,Natural Gas Storage,Low,72B,76B
2023-07-10,2:00pm,EUR,Sentix Investor Confidence,Low,-22.5,-17.0
2023-07-10,7:30pm,USD,Final Wholesale Inventories m/m,Low,0.0%,-0.1%
2023-07-11,12:30am,USD,Consumer Credit m/m,Low,7.2B,20.3B
2023-07-11,11:30am,EUR,German Final CPI m/m,Low,0.3%,0.3%
2023-07-11,1:30pm,EUR,Italian Industrial Production m/m,Low,1.6%,-2.0%
2023-07-11,2:30pm,EUR,German ZEW Economic Sentiment,Medium,-14.7,-8.5
2023-07-11,2:30pm,EUR,ZEW Economic Sentiment,Low,-12.2,-10.0
2023-07-11,3:20pm,USD,NFIB Small Business Index,Low,91.0,89.4
2023-07-11,7:30pm,USD,RCM/TIPP Economic Optimism,Low,41.3,41.7
2023-07-12,3:05pm,EUR,German 10-y Bond Auction,Low,2.64|1.9,2.39|2.2
2023-07-12,6:00pm,USD,Core CPI m/m,High,0.2%,0.4%
2023-07-12,6:00pm,USD,CPI m/m,High,0.2%,0.1%
2023-07-12,6:00pm,USD,CPI y/y,High,3.0%,4.0%
2023-07-12,8:00pm,USD,Crude Oil Inventories,Low,5.9M,-1.5M
2023-07-12,10:31pm,USD,10-y Bond Auction,Medium,3.86|2.5,3.79|2.4
2023-07-13,12:15pm,EUR,French Final CPI m/m,Low,0.2%,0.2%
2023-07-13,2:30pm,EUR,Industrial Production m/m,Low,0.2%,1.0%
2023-07-13,6:00pm,USD,Core PPI m/m,High,0.1%,0.1%
2023-07-13,6:00pm,USD,PPI m/m,High,0.1%,-0.4%
2023-07-13,6:00pm,USD,Unemployment Claims,High,237K,249K
2023-07-13,8:00pm,USD,Natural Gas Storage,Low,49B,72B
2023-07-13,10:31pm,USD,30-y Bond Auction,Low,3.91|2.4,3.91|2.5
2023-07-13,11:30pm,USD,Federal Budget Balance,Low,-227.8B,-240.3B
2023-07-14,11:30am,EUR,German WPI m/m,Low,-0.2%,-1.1%
2023-07-14,1:30pm,EUR,Italian Trade Balance,Low,4.71B,0.36B
2023-07-14,2:30pm,EUR,Trade Balance,Low,-0.9B,-8.0B
2023-07-14,2:30pm,USD,Import Prices m/m,Low,-0.2%,-0.4%
2023-07-14,7:30pm,USD,Prelim UoM Consumer Sentiment,High,72.6,64.4
2023-07-14,7:30pm,USD,Prelim UoM Inflation Expectations,Medium,3.4%,3.3%
2023-07-17,4:31am,USD,Empire State Manufacturing Index,High,1.1,6.6
2023-07-18,2:33pm,USD,Core Retail Sales m/m,High,0.2%,0.3%
2023-07-18,2:33pm,USD,Retail Sales m/m,High,0.2%,0.5%
2023-07-18,6:45pm,USD,Industrial Production m/m,Medium,-0.5%,-0.5%
2023-07-18,6:45pm,USD,Capacity Utilization Rate,Low,78.9%,79.4%
2023-07-18,7:30pm,USD,Business Inventories m/m,Low,0.2%,0.1%
2023-07-18,7:30pm,USD,NAHB Housing Market Index,Low,56,55
2023-07-19,1:30am,USD,TIC Long-Term Purchases,Low,25.8B,127.8B
2023-07-19,2:30pm,EUR,Final Core CPI y/y,Low,5.5%,5.4%
2023-07-19,2:30pm,EUR,Final CPI y/y,Low,5.5%,5.5%
2023-07-19,3:17pm,EUR,German 30-y Bond Auction,Low,2.40|2.0,2.37|2.3
2023-07-19,6:00pm,USD,Housing Starts,High,1.43M,1.56M
2023-07-19,6:00pm,USD,Building Permits,Medium,1.44M,1.50M
2023-07-19,8:00pm,USD,Crude Oil Inventories,Low,-0.7M,5.9M
2023-07-20,5:35am,EUR,German PPI m/m,Low,-0.3%,-1.4%
2023-07-20,1:30pm,EUR,Current Account,Low,9.1B,3.8B
2023-07-20,6:00pm,USD,Unemployment Claims,High,228K,237K
2023-07-20,6:00pm,USD,Philly Fed Manufacturing Index,Medium,-13.5,-13.7
2023-07-20,7:30pm,USD,Existing Home Sales,Medium,4.16M,4.30M
2023-07-20,7:30pm,USD,CB Leading Index m/m,Low,-0.7%,-0.6%
2023-07-20,7:32pm,EUR,Consumer Confidence,Low,-15,-16
2023-07-20,8:00pm,USD,Natural Gas Storage,Low,41B,49B
2023-07-24,12:45pm,EUR,French Flash Manufacturing PMI,High,44.5,46.0
2023-07-24,12:45pm,EUR,French Flash Services PMI,High,47.4,48.0
2023-07-24,1:00pm,EUR,German Flash Manufacturing PMI,High,38.8,40.6
2023-07-24,1:00pm,EUR,German Flash Services PMI,High,52.0,54.1
2023-07-24,1:30pm,EUR,Flash Manufacturing PMI,Medium,42.7,43.4
2023-07-24,1:30pm,EUR,Flash Services PMI,Medium,51.1,52.0
2023-07-24,7:15pm,USD,Flash Manufacturing PMI,High,49.0,46.3
2023-07-24,7:15pm,USD,Flash Services PMI,High,52.4,54.4
2023-07-25,1:30pm,EUR,German ifo Business Climate,Medium,87.3,88.6
2023-07-25,6:28pm,EUR,Belgian NBB Business Climate,Low,-14.8,-12.1
2023-07-25,6:30pm,USD,HPI m/m,Low,0.7%,0.7%
2023-07-25,6:30pm,USD,S&P/CS Composite-20 HPI y/y,Low,-1.7%,-1.7%
2023-07-25,7:30pm,USD,CB Consumer Confidence,High,117.0,110.1
2023-07-25,7:30pm,USD,Richmond Manufacturing Index,Medium,-9,-7
2023-07-26,5:20am,EUR,M3 Money Supply y/y,Low,0.6%,1.4%
2023-07-26,5:20am,EUR,Private Loans y/y,Low,1.7%,2.1%
2023-07-26,7:30pm,USD,New Home Sales,Medium,697K,715K
2023-07-26,8:00pm,USD,Crude Oil Inventories,Low,-0.6M,-0.7M
2023-07-26,11:30pm,USD,Federal Funds Rate,High,5.50%,5.25%
2023-07-27,11:30am,EUR,German GfK Consumer Climate,Low,-24.4,-25.2
2023-07-27,12:30pm,EUR,Spanish Unemployment Rate,Low,11.6%,13.3%
2023-07-27,2:43pm,EUR,Italian 10-y Bond Auction,Low,4.10|1.4,4.13|1.4
2023-07-27,5:45pm,EUR,Main Refinancing Rate,High,4.25%,4.00%
2023-07-27,6:00pm,USD,Advance GDP q/q,High,2.4%,2.0%
2023-07-27,6:00pm,USD,Unemployment Claims,High,221K,228K
2023-07-27,6:00pm,USD,Advance GDP Price Index q/q,Medium,2.2%,4.1%
2023-07-27,6:00pm,USD,Core Durable Goods Orders m/m,Medium,0.6%,0.7%
2023-07-27,6:00pm,USD,Durable Goods Orders m/m,Medium,4.7%,1.8%
2023-07-27,6:00pm,USD,Goods Trade Balance,Low,-87.8B,-91.9B
2023-07-27,6:00pm,USD,Prelim Wholesale Inventories m/m,Low,-0.3%,0.0%
2023-07-27,7:30pm,USD,Pending Home Sales m/m,Medium,0.3%,-2.5%
2023-07-27,8:00pm,USD,Natural Gas Storage,Low,16B,41B
2023-07-28,11:00am,EUR,French Consumer Spending m/m,Low,0.9%,0.6%
2023-07-28,11:00am,EUR,French Flash GDP q/q,Low,0.5%,0.1%
2023-07-28,All Day,EUR,German Prelim CPI m/m,High,0.3%,0.3%
2023-07-28,12:15pm,EUR,French Prelim CPI m/m,Low,0.0%,0.2%
2023-07-28,12:15pm,EUR,Spanish Flash CPI y/y,Medium,2.3%,1.9%
2023-07-28,12:15pm,EUR,Spanish Flash GDP q/q,Low,0.4%,0.6%
2023-07-28,1:30pm,EUR,German Prelim GDP q/q,Low,0.0%,-0.3%
2023-07-28,1:30pm,USD,Core PCE Price Index m/m,High,0.2%,0.3%
2023-07-28,1:30pm,USD,Employment Cost Index q/q,High,1.0%,1.2%
2023-07-28,1:30pm,USD,Personal Income m/m,Low,0.3%,0.5%
2023-07-28,1:30pm,USD,Personal Spending m/m,Low,0.5%,0.2%
2023-07-28,7:30pm,USD,Revised UoM Consumer Sentiment,High,71.6,72.6
2023-07-28,7:30pm,USD,Revised UoM Inflation Expectations,Low,3.4%,3.4%
2023-07-31,11:30am,EUR,German Import Prices m/m,Low,-1.6%,-1.4%
2023-07-31,11:30am,EUR,German Retail Sales m/m,Low,-0.8%,1.9%
2023-07-31,1:30pm,EUR,Italian Prelim GDP q/q,Low,-0.3%,0.6%
2023-07-31,2:30pm,EUR,Core CPI Flash Estimate y/y,Medium,5.5%,5.5%
2023-07-31,2:30pm,EUR,CPI Flash Estimate y/y,Medium,5.3%,5.5%
2023-07-31,2:30pm,EUR,Italian Prelim CPI m/m,Low,0.1%,0.0%
2023-07-31,2:30pm,EUR,Prelim Flash GDP q/q,Low,0.3%,-0.1%
2023-07-31,7:15pm,USD,Chicago PMI,Low,42.8,41.5
2023-08-01,12:45pm,EUR,Spanish Manufacturing PMI,Low,47.8,48.0
2023-08-01,1:15pm,EUR,Italian Manufacturing PMI,Low,44.5,43.8
2023-08-01,1:20pm,EUR,French Final Manufacturing PMI,Low,45.1,44.5
2023-08-01,1:25pm,EUR,German Final Manufacturing PMI,Low,38.8,38.8
2023-08-01,1:25pm,EUR,German Unemployment Change,Low,-4K,30K
2023-08-01,1:30pm,EUR,Final Manufacturing PMI,Low,42.7,42.7
2023-08-01,1:30pm,EUR,Italian Monthly Unemployment Rate,Low,7.4%,7.6%
2023-08-01,2:30pm,EUR,Unemployment Rate,Low,6.4%,6.5%
2023-08-01,7:15pm,USD,Final Manufacturing PMI,Low,49.0,49.0
2023-08-01,7:30pm,USD,ISM Manufacturing PMI,High,46.4,46.0
2023-08-01,7:30pm,USD,JOLTS Job Openings,High,9.58M,9.62M
2023-08-01,7:30pm,USD,ISM Manufacturing Prices,Medium,42.6,41.8
2023-08-01,7:30pm,USD,Construction Spending m/m,Low,0.5%,1.1%
2023-08-01,All Day,USD,Wards Total Vehicle Sales,Low,15.7M,15.7M
2023-08-02,5:20am,EUR,Spanish Unemployment Change,Low,-11.0K,-50.3K
2023-08-02,5:45pm,USD,ADP Non-Farm Employment Change,High,324K,455K
2023-08-02,8:00pm,USD,Crude Oil Inventories,Low,-17.0M,-0.6M
2023-08-03,11:30am,EUR,German Trade Balance,Low,18.7B,14.6B
2023-08-03,12:15pm,EUR,French Gov Budget Balance,Low,-116.2B,-107.2B
2023-08-03,12:45pm,EUR,Spanish Services PMI,Low,52.8,53.4
2023-08-03,1:15pm,EUR,Italian Services PMI,Low,51.5,52.2
2023-08-03,1:20pm,EUR,French Final Services PMI,Low,47.1,47.4
2023-08-03,1:25pm,EUR,German Final Services PMI,Low,52.3,52.0
2023-08-03,1:30pm,EUR,Final Services PMI,Low,50.9,51.1
2023-08-03,1:30pm,EUR,Italian Retail Sales m/m,Low,-0.2%,0.6%
2023-08-03,2:14pm,EUR,Spanish 10-y Bond Auction,Low,3.61|1.5,3.55|1.5
2023-08-03,2:28pm,EUR,French 10-y Bond Auction,Low,3.09|1.8,3.04|1.9
2023-08-03,2:30pm,EUR,PPI m/m,Low,-0.4%,-1.9%
2023-08-03,2:30pm,USD,Challenger Job Cuts y/y,Low,-8.2%,25.2%
2023-08-03,6:00pm,USD,Unemployment Claims,High,227K,221K
2023-08-03,6:00pm,USD,Prelim Nonfarm Productivity q/q,Low,3.7%,-2.1%
2023-08-03,6:00pm,USD,Prelim Unit Labor Costs q/q,Low,1.6%,4.2%
2023-08-03,7:15pm,USD,Final Services PMI,Low,52.3,52.4
2023-08-03,7:30pm,USD,ISM Services PMI,High,52.7,53.9
2023-08-03,7:30pm,USD,Factory Orders m/m,Low,2.3%,0.4%
2023-08-03,8:00pm,USD,Natural Gas Storage,Low,14B,16B
2023-08-04,11:30am,EUR,German Factory Orders m/m,Low,7.0%,6.2%
2023-08-04,12:15pm,EUR,French Industrial Production m/m,Low,-0.9%,1.1%
2023-08-04,12:15pm,EUR,French Prelim Private Payrolls q/q,Low,0.1%,0.4%
2023-08-04,1:30pm,EUR,Italian Industrial Production m/m,Low,0.5%,1.7%
2023-08-04,2:30pm,EUR,Retail Sales m/m,Low,-0.3%,0.6%
2023-08-04,2:30pm,USD,Average Hourly Earnings m/m,High,0.4%,0.4%
2023-08-04,2:30pm,USD,Non-Farm Employment Change,High,187K,185K
2023-08-04,2:30pm,USD,Unemployment Rate,High,3.5%,3.6%
2023-08-07,11:30am,EUR,German Industrial Production m/m,Low,-1.5%,-0.1%
2023-08-07,2:00pm,EUR,Sentix Investor Confidence,Low,-18.9,-22.5
2023-08-08,12:30am,USD,Consumer Credit m/m,Low,17.8B,9.5B
2023-08-08,11:30am,EUR,German Final CPI m/m,Low,0.3%,0.3%
2023-08-08,12:15pm,EUR,French Trade Balance,Low,-6.7B,-7.9B
2023-08-08,3:30pm,USD,NFIB Small Business Index,Low,91.9,91.0
2023-08-08,3:30pm,USD,Trade Balance,Low,-65.5B,-68.3B
2023-08-08,7:30pm,USD,Final Wholesale Inventories m/m,Low,-0.5%,-0.3%
2023-08-08,7:30pm,USD,RCM/TIPP Economic Optimism,Low,40.3,41.3
2023-08-09,3:04pm,EUR,German 10-y Bond Auction,Low,2.46|1.6,2.64|1.9
2023-08-09,8:00pm,USD,Crude Oil Inventories,Low,5.9M,-17.0M
2023-08-09,10:31pm,USD,10-y Bond Auction,Medium,4.00|2.6,3.86|2.5
2023-08-10,6:00pm,USD,Core CPI m/m,High,0.2%,0.2%
2023-08-10,6:00pm,USD,CPI m/m,High,0.2%,0.2%
2023-08-10,6:00pm,USD,CPI y/y,High,3.2%,3.0%
2023-08-10,6:00pm,USD,Unemployment Claims,High,248K,227K
2023-08-10,7:30pm,USD,Mortgage Delinquencies,Low,3.37%,3.56%
2023-08-10,8:00pm,USD,Natural Gas Storage,Low,29B,14B
2023-08-10,10:31pm,USD,30-y Bond Auction,Low,4.19|2.4,3.91|2.4
2023-08-10,11:30pm,USD,Federal Budget Balance,Low,-220.8B,-227.8B
2023-08-11,12:15pm,EUR,French Final CPI m/m,Low,0.1%,0.0%
2023-08-11,1:30pm,EUR,Italian Trade Balance,Low,7.72B,4.77B
2023-08-11,6:00pm,USD,Core PPI m/m,High,0.3%,-0.1%
2023-08-11,6:00pm,USD,PPI m/m,High,0.3%,0.0%
2023-08-11,7:30pm,USD,Prelim UoM Consumer Sentiment,High,71.2,71.6
2023-08-11,7:30pm,USD,Prelim UoM Inflation Expectations,Medium,3.3%,3.4%
2023-08-14,11:30am,EUR,German WPI m/m,Low,-0.2%,-0.2%
2023-08-14,7:15pm,USD,Cleveland Fed Inflation Expectations,Low,4.3%,5.0%
2023-08-15,2:30pm,EUR,German ZEW Economic Sentiment,Medium,-12.3,-14.7
2023-08-15,2:30pm,EUR,ZEW Economic Sentiment,Low,-5.5,-12.2
2023-08-15,2:30pm,USD,Core Retail Sales m/m,High,1.0%,0.2%
2023-08-15,2:30pm,USD,Empire State Manufacturing Index,High,-19.0,1.1
2023-08-15,2:30pm,USD,Retail Sales m/m,High,0.7%,0.3%
2023-08-15,2:30pm,USD,Import Prices m/m,Low,0.4%,-0.1%
2023-08-15,7:30pm,USD,Business Inventories m/m,Low,0.0%,0.0%
2023-08-15,7:30pm,USD,NAHB Housing Market Index,Low,50,56
2023-08-16,1:30am,USD,TIC Long-Term Purchases,Low,195.9B,23.6B
2023-08-16,2:30pm,EUR,Flash Employment Change q/q,Low,0.2%,0.5%
2023-08-16,2:30pm,EUR,Flash GDP q/q,Low,0.3%,0.3%
2023-08-16,2:30pm,EUR,Industrial Production m/m,Low,0.5%,0.0%
2023-08-16,3:06pm,EUR,German 30-y Bond Auction,Low,2.68|2.2,2.40|2.0
2023-08-16,3:06pm,USD,Building Permits,Medium,1.44M,1.44M
2023-08-16,3:06pm,USD,Housing Starts,Low,1.45M,1.40M
2023-08-16,6:45pm,USD,Industrial Production m/m,Medium,1.0%,-0.8%
2023-08-16,6:45pm,USD,Capacity Utilization Rate,Low,79.3%,78.6%
2023-08-16,8:00pm,USD,Crude Oil Inventories,Low,-6.0M,5.9M
2023-08-17,2:30pm,EUR,Trade Balance,Low,12.5B,0.2B
2023-08-17,2:30pm,USD,Unemployment Claims,High,239K,250K
2023-08-17,2:30pm,USD,Philly Fed Manufacturing Index,Medium,12.0,-13.5
2023-08-17,7:30pm,USD,CB Leading Index m/m,Low,-0.4%,-0.7%
2023-08-17,8:00pm,USD,Natural Gas Storage,Low,35B,29B
2023-08-18,2:30pm,EUR,Final Core CPI y/y,Low,5.5%,5.5%
2023-08-18,2:30pm,EUR,Final CPI y/y,Low,5.3%,5.3%
2023-08-21,11:30am,EUR,German PPI m/m,Low,-1.1%,-0.3%
2023-08-22,1:30pm,EUR,Current Account,Low,35.8B,7.9B
2023-08-22,7:29pm,USD,Richmond Manufacturing Index,Medium,-7,-9
2023-08-22,7:30pm,USD,Existing Home Sales,Medium,4.07M,4.16M
2023-08-23,12:45pm,EUR,French Flash Manufacturing PMI,High,46.4,45.1
2023-08-23,12:45pm,EUR,French Flash Services PMI,High,46.7,47.1
2023-08-23,1:00pm,EUR,German Flash Manufacturing PMI,High,39.1,38.8
2023-08-23,1:00pm,EUR,German Flash Services PMI,High,47.3,52.3
2023-08-23,1:30pm,EUR,Flash Manufacturing PMI,Medium,43.7,42.7
2023-08-23,1:30pm,EUR,Flash Services PMI,Medium,48.3,50.9
2023-08-23,7:15pm,USD,Flash Manufacturing PMI,High,47.0,49.0
2023-08-23,7:15pm,USD,Flash Services PMI,High,51.0,52.3
2023-08-23,7:30pm,EUR,Consumer Confidence,Low,-16,-15
2023-08-23,7:30pm,USD,Prelim Benchmark Payrolls Revision,High,-306K,462K
2023-08-23,7:30pm,USD,New Home Sales,Medium,714K,684K
2023-08-23,8:00pm,USD,Crude Oil Inventories,Low,-6.1M,-6.0M
2023-08-24,3:30pm,USD,Unemployment Claims,High,230K,240K
2023-08-24,3:30pm,USD,Core Durable Goods Orders m/m,Medium,0.5%,0.5%
2023-08-24,3:30pm,USD,Durable Goods Orders m/m,Medium,-5.2%,4.6%
2023-08-24,8:00pm,USD,Natural Gas Storage,Low,18B,35B
2023-08-25,11:30am,EUR,German Final GDP q/q,Low,0.0%,0.0%
2023-08-25,1:30pm,EUR,German ifo Business Climate,High,85.7,87.4
2023-08-25,6:30pm,EUR,Belgian NBB Business Climate,Low,-14.9,-14.8
2023-08-25,7:30pm,USD,Revised UoM Consumer Sentiment,High,69.5,71.2
2023-08-25,7:30pm,USD,Revised UoM Inflation Expectations,Low,3.5%,3.3%
2023-08-28,1:30pm,EUR,M3 Money Supply y/y,Low,-0.4%,0.6%
2023-08-28,1:30pm,EUR,Private Loans y/y,Low,1.3%,1.7%
2023-08-29,11:30am,EUR,German GfK Consumer Climate,Low,-25.5,-24.6
2023-08-29,6:30pm,USD,S&P/CS Composite-20 HPI y/y,High,-1.2%,-1.7%
2023-08-29,6:30pm,USD,HPI m/m,Low,0.3%,0.7%
2023-08-29,7:30pm,USD,CB Consumer Confidence,High,106.1,114.0
2023-08-29,7:30pm,USD,JOLTS Job Openings,High,8.83M,9.17M
2023-08-30,11:30am,EUR,German Import Prices m/m,Low,-0.6%,-1.6%
2023-08-30,All Day,EUR,German Prelim CPI m/m,High,0.3%,0.3%
2023-08-30,All Day,EUR,Spanish Flash CPI y/y,High,2.6%,2.3%
2023-08-30,2:44pm,EUR,Italian 10-y Bond Auction,Low,4.20|1.6,4.10|1.4
2023-08-30,5:45pm,USD,ADP Non-Farm Employment Change,High,177K,371K
2023-08-30,6:00pm,USD,Prelim GDP q/q,High,2.1%,2.4%
2023-08-30,6:00pm,USD,Prelim GDP Price Index q/q,Medium,2.0%,2.2%
2023-08-30,6:00pm,USD,Goods Trade Balance,Low,-91.2B,-88.8B
2023-08-30,6:00pm,USD,Prelim Wholesale Inventories m/m,Low,-0.1%,-0.5%
2023-08-30,7:30pm,USD,Pending Home Sales m/m,Medium,0.9%,0.4%
2023-08-30,8:00pm,USD,Crude Oil Inventories,Low,-10.6M,-6.1M
2023-08-31,11:30am,EUR,German Retail Sales m/m,Low,-0.8%,-0.2%
2023-08-31,12:15pm,EUR,French Consumer Spending m/m,Low,0.3%,0.9%
2023-08-31,12:15pm,EUR,French Prelim CPI m/m,Low,1.0%,0.1%
2023-08-31,12:15pm,EUR,French Prelim GDP q/q,Low,0.5%,0.5%
2023-08-31,1:25pm,EUR,German Unemployment Change,Low,18K,1K
2023-08-31,1:30pm,EUR,Italian Monthly Unemployment Rate,Low,7.6%,7.5%
2023-08-31,2:30pm,EUR,Core CPI Flash Estimate y/y,Medium,5.3%,5.5%
2023-08-31,2:30pm,EUR,CPI Flash Estimate y/y,Medium,5.3%,5.3%
2023-08-31,2:30pm,EUR,Italian Prelim CPI m/m,Low,0.4%,0.0%
2023-08-31,2:30pm,EUR,Unemployment Rate,Low,6.4%,6.4%
2023-08-31,2:30pm,USD,Challenger Job Cuts y/y,Low,266.9%,-8.2%
2023-08-31,2:30pm,USD,Core PCE Price Index m/m,High,0.2%,0.2%
2023-08-31,2:30pm,USD,Unemployment Claims,High,228K,232K
2023-08-31,2:30pm,USD,Personal Income m/m,Low,0.2%,0.3%
2023-08-31,2:30pm,USD,Personal Spending m/m,Low,0.8%,0.6%
2023-08-31,7:15pm,USD,Chicago PMI,Low,48.7,42.8
2023-08-31,8:00pm,USD,Natural Gas Storage,Low,32B,18B
2023-09-01,12:15pm,EUR,French Gov Budget Balance,Low,-169.0B,-116.2B
2023-09-01,12:45pm,EUR,Spanish Manufacturing PMI,Low,46.5,47.8
2023-09-01,1:15pm,EUR,Italian Manufacturing PMI,Low,45.4,44.5
2023-09-01,1:20pm,EUR,French Final Manufacturing PMI,Low,46.0,46.4
2023-09-01,1:25pm,EUR,German Final Manufacturing PMI,Low,39.1,39.1
2023-09-01,1:30pm,EUR,Final Manufacturing PMI,Low,43.5,43.7
2023-09-01,2:00pm,USD,Average Hourly Earnings m/m,High,0.2%,0.4%
2023-09-01,2:00pm,USD,Non-Farm Employment Change,High,187K,157K
2023-09-01,2:00pm,USD,Unemployment Rate,High,3.8%,3.5%
2023-09-01,7:15pm,USD,Final Manufacturing PMI,Low,47.9,47.0
2023-09-01,7:30pm,USD,ISM Manufacturing PMI,High,47.6,46.4
2023-09-01,7:30pm,USD,ISM Manufacturing Prices,Medium,48.4,42.6
2023-09-01,7:30pm,USD,Construction Spending m/m,Low,0.7%,0.6%
2023-09-01,All Day,USD,Wards Total Vehicle Sales,Low,15.0M,15.7M
2023-09-04,11:30am,EUR,German Trade Balance,Low,15.9B,18.8B
2023-09-04,11:30am,EUR,Spanish Unemployment Change,Low,24.8K,-11.0K
2023-09-04,2:00pm,EUR,Sentix Investor Confidence,Low,-21.5,-18.9
2023-09-05,12:45pm,EUR,Spanish Services PMI,Low,49.3,52.8
2023-09-05,1:15pm,EUR,Italian Services PMI,Low,49.8,51.5
2023-09-05,1:20pm,EUR,French Final Services PMI,Low,46.0,46.7
2023-09-05,1:25pm,EUR,German Final Services PMI,Low,47.3,47.3
2023-09-05,1:30pm,EUR,Final Services PMI,Low,47.9,48.3
2023-09-05,2:30pm,EUR,PPI m/m,Low,-0.5%,-0.4%
2023-09-05,7:30pm,USD,Factory Orders m/m,Low,-2.1%,2.3%
2023-09-06,11:30am,EUR,German Factory Orders m/m,Low,-11.7%,7.6%
2023-09-06,2:30pm,EUR,Retail Sales m/m,Low,-0.2%,0.2%
2023-09-06,3:04pm,EUR,German 10-y Bond Auction,Low,2.63|1.7,2.46|1.6
2023-09-06,3:04pm,USD,Trade Balance,Low,-65.0B,-63.7B
2023-09-06,7:15pm,USD,Final Services PMI,Low,50.5,51.0
2023-09-06,7:15pm,USD,ISM Services PMI,High,54.5,52.7
2023-09-06,7:15pm,USD,RCM/TIPP Economic Optimism,Low,43.2,40.3
2023-09-07,11:00am,EUR,French Final Private Payrolls q/q,Low,0.1%,0.1%
2023-09-07,11:30am,EUR,German Industrial Production m/m,Low,-0.8%,-1.4%
2023-09-07,12:15pm,EUR,French Trade Balance,Low,-8.1B,-6.8B
2023-09-07,1:30pm,EUR,Italian Retail Sales m/m,Low,0.4%,-0.2%
2023-09-07,2:14pm,EUR,Spanish 10-y Bond Auction,Low,3.66|1.7,3.61|1.5
2023-09-07,2:28pm,EUR,French 10-y Bond Auction,Low,3.15|1.7,3.09|1.8
2023-09-07,2:30pm,EUR,Final Employment Change q/q,Low,0.2%,0.2%
2023-09-07,2:30pm,EUR,Revised GDP q/q,Low,0.1%,0.3%
2023-09-07,2:30pm,USD,Unemployment Claims,High,216K,229K
2023-09-07,2:30pm,USD,Revised Nonfarm Productivity q/q,Low,3.5%,3.7%
2023-09-07,2:30pm,USD,Revised Unit Labor Costs q/q,Low,2.2%,1.6%
2023-09-07,8:00pm,USD,Natural Gas Storage,Low,33B,32B
2023-09-07,8:30pm,USD,Crude Oil Inventories,Low,-6.3M,-10.6M
2023-09-08,11:30am,EUR,German Final CPI m/m,Low,0.3%,0.3%
2023-09-08,12:15pm,EUR,French Industrial Production m/m,Low,0.8%,-0.9%
2023-09-08,7:30pm,USD,Final Wholesale Inventories m/m,Low,-0.2%,-0.1%
2023-09-09,12:30am,USD,Consumer Credit m/m,Low,10.4B,14.0B
2023-09-11,1:30pm,EUR,Italian Industrial Production m/m,Low,-0.7%,0.5%
2023-09-12,11:30am,EUR,German WPI m/m,Low,0.2%,-0.2%
2023-09-12,2:30pm,EUR,German ZEW Economic Sentiment,Medium,-11.4,-12.3
2023-09-12,2:30pm,EUR,ZEW Economic Sentiment,Low,-8.9,-5.5
2023-09-12,3:30pm,USD,NFIB Small Business Index,Low,91.3,91.9
2023-09-12,10:31pm,USD,10-y Bond Auction,Low,4.29|2.5,4.00|2.6
2023-09-13,1:30pm,EUR,Italian Quarterly Unemployment Rate,Low,7.6%,7.9%
2023-09-13,2:30pm,EUR,Industrial Production m/m,Low,-1.1%,0.4%
2023-09-13,3:12pm,EUR,German 30-y Bond Auction,Low,2.79|2.3,2.68|2.2
2023-09-13,6:00pm,USD,Core CPI m/m,High,0.3%,0.2%
2023-09-13,6:00pm,USD,CPI m/m,High,0.6%,0.2%
2023-09-13,6:00pm,USD,CPI y/y,High,3.7%,3.2%
2023-09-13,8:00pm,USD,Crude Oil Inventories,Low,4.0M,-6.3M
2023-09-13,10:31pm,USD,30-y Bond Auction,Low,4.35|2.5,4.19|2.4
2023-09-13,11:30pm,USD,Federal Budget Balance,Low,89.3B,-220.8B
2023-09-14,5:45pm,EUR,Main Refinancing Rate,High,4.50%,4.25%
2023-09-14,5:45pm,USD,Core PPI m/m,High,0.2%,0.4%
2023-09-14,5:45pm,USD,Core Retail Sales m/m,High,0.6%,0.7%
2023-09-14,5:45pm,USD,PPI m/m,High,0.7%,0.4%
2023-09-14,5:45pm,USD,Retail Sales m/m,High,0.6%,0.5%
2023-09-14,5:45pm,USD,Unemployment Claims,High,220K,217K
2023-09-14,7:30pm,USD,Business Inventories m/m,Low,0.0%,0.0%
2023-09-14,8:00pm,USD,Natural Gas Storage,Low,57B,33B
2023-09-15,12:15pm,EUR,French Final CPI m/m,Low,1.0%,1.0%
2023-09-15,2:30pm,EUR,Italian Trade Balance,Low,6.38B,3.46B
2023-09-15,2:30pm,EUR,Trade Balance,Low,2.9B,8.6B
2023-09-15,2:30pm,USD,Empire State Manufacturing Index,High,1.9,-19.0
2023-09-15,2:30pm,USD,Import Prices m/m,Low,0.5%,0.1%
2023-09-15,6:45pm,USD,Industrial Production m/m,Medium,0.4%,0.7%
2023-09-15,6:45pm,USD,Capacity Utilization Rate,Low,79.7%,79.5%
2023-09-15,7:30pm,USD,Prelim UoM Consumer Sentiment,High,67.7,69.5
2023-09-15,7:30pm,USD,Prelim UoM Inflation Expectations,Medium,3.1%,3.5%
2023-09-18,7:30pm,USD,NAHB Housing Market Index,Low,45,50
2023-09-19,1:30am,USD,TIC Long-Term Purchases,Low,8.8B,186.0B
2023-09-19,1:30pm,EUR,Current Account,Low,20.9B,35.8B
2023-09-19,2:30pm,EUR,Final Core CPI y/y,Low,5.3%,5.3%
2023-09-19,2:30pm,EUR,Final CPI y/y,Low,5.2%,5.3%
2023-09-19,2:41pm,USD,Building Permits,Medium,1.54M,1.44M
2023-09-19,2:41pm,USD,Housing Starts,Low,1.28M,1.45M
2023-09-20,11:30am,EUR,German PPI m/m,Low,0.3%,-1.1%
2023-09-20,2:00pm,USD,Crude Oil Inventories,Low,-2.1M,4.0M
2023-09-20,11:30pm,USD,Federal Funds Rate,High,5.50%,5.50%
2023-09-21,11:30am,USD,Unemployment Claims,High,201K,221K
2023-09-21,11:30am,USD,Philly Fed Manufacturing Index,Medium,-13.5,12.0
2023-09-21,11:30am,USD,Current Account,Low,-212B,-214B
2023-09-21,11:30am,EUR,Consumer Confidence,Low,-18,-16
2023-09-21,11:30am,USD,Existing Home Sales,Medium,4.04M,4.07M
2023-09-21,11:30am,USD,CB Leading Index m/m,Low,-0.4%,-0.3%
2023-09-21,8:00pm,USD,Natural Gas Storage,Low,64B,57B
2023-09-22,12:45pm,EUR,French Flash Manufacturing PMI,High,43.6,46.0
2023-09-22,12:45pm,EUR,French Flash Services PMI,High,43.9,46.0
2023-09-22,1:00pm,EUR,German Flash Manufacturing PMI,High,39.8,39.1
2023-09-22,1:00pm,EUR,German Flash Services PMI,High,49.8,47.3
2023-09-22,1:30pm,EUR,Flash Manufacturing PMI,Medium,43.4,43.5
2023-09-22,1:30pm,EUR,Flash Services PMI,Medium,48.4,47.9
2023-09-22,7:15pm,USD,Flash Manufacturing PMI,High,48.9,47.9
2023-09-22,7:15pm,USD,Flash Services PMI,High,50.2,50.5
2023-09-25,1:30pm,EUR,German ifo Business Climate,High,85.7,85.8
2023-09-25,3:30pm,EUR,Belgian NBB Business Climate,Low,-14.4,-14.9
2023-09-26,2:32pm,USD,HPI m/m,Low,0.8%,0.4%
2023-09-26,6:33pm,USD,S&P/CS Composite-20 HPI y/y,Medium,0.1%,-1.2%
2023-09-26,7:29pm,USD,Richmond Manufacturing Index,Medium,5,-7
2023-09-26,7:30pm,USD,CB Consumer Confidence,High,103.0,108.7
2023-09-26,7:30pm,USD,New Home Sales,Medium,675K,739K
2023-09-27,11:30am,EUR,German GfK Consumer Climate,Low,-26.5,-25.6
2023-09-27,11:30am,EUR,M3 Money Supply y/y,Low,-1.3%,-0.4%
2023-09-27,11:30am,EUR,Private Loans y/y,Low,1.0%,1.3%
2023-09-27,3:01pm,EUR,German 10-y Bond Auction,Low,2.78|2.0,2.63|1.7
2023-09-27,6:00pm,USD,Core Durable Goods Orders m/m,Medium,0.4%,0.4%
2023-09-27,6:00pm,USD,Durable Goods Orders m/m,Medium,0.2%,-5.6%
2023-09-27,8:00pm,USD,Crude Oil Inventories,Low,-2.2M,-2.1M
2023-09-28,All Day,EUR,German Prelim CPI m/m,High,0.3%,0.3%
2023-09-28,12:30pm,EUR,Spanish Flash CPI y/y,High,3.5%,2.6%
2023-09-28,2:46pm,EUR,Italian 10-y Bond Auction,Low,4.93|1.4,4.20|1.6
2023-09-28,6:00pm,USD,Final GDP q/q,High,2.1%,2.1%
2023-09-28,6:00pm,USD,Unemployment Claims,High,204K,202K
2023-09-28,6:00pm,USD,Final GDP Price Index q/q,Medium,1.7%,2.0%
2023-09-28,7:30pm,USD,Pending Home Sales m/m,Medium,-7.1%,0.5%
2023-09-28,8:00pm,USD,Natural Gas Storage,Low,90B,64B
2023-09-29,11:30am,EUR,German Import Prices m/m,Low,0.4%,-0.6%
2023-09-29,11:30am,EUR,German Retail Sales m/m,Low,-1.2%,-1.0%
2023-09-29,12:15pm,EUR,French Consumer Spending m/m,Low,-0.5%,0.4%
2023-09-29,12:15pm,EUR,French Prelim CPI m/m,Low,-0.5%,1.0%
2023-09-29,1:25pm,EUR,German Unemployment Change,Low,10K,20K
2023-09-29,2:30pm,EUR,Core CPI Flash Estimate y/y,Medium,4.5%,5.3%
2023-09-29,2:30pm,EUR,CPI Flash Estimate y/y,Medium,4.3%,5.2%
2023-09-29,2:30pm,EUR,Italian Prelim CPI m/m,Low,0.2%,0.3%
2023-09-29,2:30pm,USD,Core PCE Price Index m/m,High,0.1%,0.2%
2023-09-29,2:30pm,USD,Goods Trade Balance,Low,-84.3B,-90.9B
2023-09-29,2:30pm,USD,Personal Income m/m,Low,0.4%,0.2%
2023-09-29,2:30pm,USD,Personal Spending m/m,Low,0.4%,0.9%
2023-09-29,2:30pm,USD,Prelim Wholesale Inventories m/m,Low,-0.1%,-0.2%
2023-09-29,7:15pm,USD,Chicago PMI,Medium,44.1,48.7
2023-09-29,7:30pm,USD,Revised UoM Consumer Sentiment,High,68.1,67.7
2023-09-29,7:30pm,USD,Revised UoM Inflation Expectations,Low,3.2%,3.1%
2023-10-02,12:45pm,EUR,Spanish Manufacturing PMI,Low,47.7,46.5
2023-10-02,1:15pm,EUR,Italian Manufacturing PMI,Low,46.8,45.4
2023-10-02,1:20pm,EUR,French Final Manufacturing PMI,Low,44.2,43.6
2023-10-02,1:25pm,EUR,German Final Manufacturing PMI,Low,39.6,39.8
2023-10-02,1:30pm,EUR,Final Manufacturing PMI,Low,43.4,43.4
2023-10-02,1:30pm,EUR,Italian Monthly Unemployment Rate,Low,7.3%,7.5%
2023-10-02,2:30pm,EUR,Unemployment Rate,Low,6.4%,6.5%
2023-10-02,7:15pm,USD,Final Manufacturing PMI,Low,49.8,48.9
2023-10-02,7:30pm,USD,ISM Manufacturing PMI,High,49.0,47.6
2023-10-02,7:30pm,USD,ISM Manufacturing Prices,Medium,43.8,48.4
2023-10-02,7:30pm,USD,Construction Spending m/m,Low,0.5%,0.9%
2023-10-03,12:15pm,EUR,French Gov Budget Balance,Low,-187.9B,-169.0B
2023-10-03,12:30pm,EUR,Spanish Unemployment Change,Low,19.8K,24.8K
2023-10-03,7:30pm,USD,JOLTS Job Openings,High,9.61M,8.92M
2023-10-03,7:30pm,USD,RCM/TIPP Economic Optimism,Low,36.3,43.2
2023-10-03,All Day,USD,Wards Total Vehicle Sales,Low,15.7M,15.0M
2023-10-04,12:45pm,EUR,Spanish Services PMI,Low,50.5,49.3
2023-10-04,1:15pm,EUR,Italian Services PMI,Low,49.9,49.8
2023-10-04,1:20pm,EUR,French Final Services PMI,Low,44.4,43.9
2023-10-04,1:25pm,EUR,German Final Services PMI,Low,50.3,49.8
2023-10-04,1:30pm,EUR,Final Services PMI,Low,48.7,48.4
2023-10-04,2:30pm,EUR,PPI m/m,Low,0.6%,-0.5%
2023-10-04,2:30pm,EUR,Retail Sales m/m,Low,-1.2%,-0.1%
2023-10-04,5:45pm,USD,ADP Non-Farm Employment Change,High,89K,180K
2023-10-04,7:15pm,USD,Final Services PMI,Low,50.1,50.2
2023-10-04,7:30pm,USD,ISM Services PMI,High,53.6,54.5
2023-10-04,7:30pm,USD,Factory Orders m/m,Low,1.2%,-2.1%
2023-10-04,8:00pm,USD,Crude Oil Inventories,Low,-2.2M,-2.2M
2023-10-05,11:30am,EUR,German Trade Balance,Low,16.6B,16.0B
2023-10-05,12:15pm,EUR,French Industrial Production m/m,Low,-0.3%,0.5%
2023-10-05,2:10pm,EUR,Spanish 10-y Bond Auction,Low,3.98|2.3,3.66|1.7
2023-10-05,2:25pm,EUR,French 10-y Bond Auction,Low,3.56|1.9,3.15|1.7
2023-10-05,5:00pm,USD,Challenger Job Cuts y/y,Low,58.2%,266.9%
2023-10-05,5:00pm,USD,Unemployment Claims,High,207K,205K
2023-10-05,5:00pm,USD,Trade Balance,Low,-58.3B,-64.7B
2023-10-05,8:00pm,USD,Natural Gas Storage,Low,86B,90B
2023-10-06,11:30am,EUR,German Factory Orders m/m,Low,3.9%,-11.3%
2023-10-06,12:15pm,EUR,French Trade Balance,Low,-8.2B,-8.1B
2023-10-06,1:30pm,EUR,Italian Retail Sales m/m,Low,-0.4%,0.4%
2023-10-06,1:30pm,USD,Average Hourly Earnings m/m,High,0.2%,0.2%
2023-10-06,1:30pm,USD,Non-Farm Employment Change,High,336K,227K
2023-10-06,1:30pm,USD,Unemployment Rate,High,3.8%,3.8%
2023-10-07,12:30am,USD,Consumer Credit m/m,Low,-15.6B,11.0B
2023-10-09,11:30am,EUR,German Industrial Production m/m,Low,-0.2%,-0.6%
2023-10-09,2:00pm,EUR,Sentix Investor Confidence,Low,-21.9,-21.5
2023-10-10,1:30pm,EUR,Italian Industrial Production m/m,Low,0.2%,-0.9%
2023-10-10,3:26pm,USD,NFIB Small Business Index,Low,90.8,91.3
2023-10-10,7:30pm,USD,Final Wholesale Inventories m/m,Low,-0.1%,-0.1%
2023-10-11,11:30am,EUR,German Final CPI m/m,Low,0.3%,0.3%
2023-10-11,3:00pm,EUR,German 30-y Bond Auction,Low,2.87|2.9,2.79|2.3
2023-10-11,3:00pm,USD,Core PPI m/m,High,0.3%,0.2%
2023-10-11,3:00pm,USD,PPI m/m,High,0.5%,0.7%
2023-10-11,10:31pm,USD,10-y Bond Auction,Low,4.61|2.5,4.29|2.5
2023-10-12,6:00pm,USD,Core CPI m/m,High,0.3%,0.3%
2023-10-12,6:00pm,USD,CPI m/m,High,0.4%,0.6%
2023-10-12,6:00pm,USD,CPI y/y,High,3.7%,3.7%
2023-10-12,6:00pm,USD,Unemployment Claims,High,209K,209K
2023-10-12,8:00pm,USD,Natural Gas Storage,Low,84B,86B
2023-10-12,8:30pm,USD,Crude Oil Inventories,Low,10.2M,-2.2M
2023-10-12,10:31pm,USD,30-y Bond Auction,Low,4.84|2.3,4.35|2.5
2023-10-13,5:20am,EUR,French Final CPI m/m,Low,-0.5%,-0.5%
2023-10-13,2:30pm,EUR,Industrial Production m/m,Low,0.6%,-1.3%
2023-10-13,6:00pm,USD,Import Prices m/m,Low,0.1%,0.6%
2023-10-13,7:30pm,USD,Prelim UoM Consumer Sentiment,High,63.0,68.1
2023-10-13,7:30pm,USD,Prelim UoM Inflation Expectations,Medium,3.8%,3.2%
2023-10-16,11:30am,EUR,German WPI m/m,Low,0.2%,0.2%
2023-10-16,2:30pm,EUR,Trade Balance,Low,11.9B,3.5B
2023-10-16,2:30pm,USD,Empire State Manufacturing Index,High,-4.6,1.9
2023-10-17,2:30pm,EUR,German ZEW Economic Sentiment,Medium,-1.1,-11.4
2023-10-17,2:30pm,EUR,ZEW Economic Sentiment,Low,2.3,-8.9
2023-10-17,2:33pm,USD,Core Retail Sales m/m,High,0.6%,0.9%
2023-10-17,2:33pm,USD,Retail Sales m/m,High,0.7%,0.8%
2023-10-17,6:45pm,USD,Industrial Production m/m,Medium,0.3%,0.0%
2023-10-17,6:45pm,USD,Capacity Utilization Rate,Low,79.7%,79.5%
2023-10-17,7:30pm,USD,Business Inventories m/m,Low,0.4%,0.1%
2023-10-17,7:30pm,USD,NAHB Housing Market Index,Low,40,44
2023-10-18,1:30pm,EUR,Italian Trade Balance,Low,2.07B,6.11B
2023-10-18,2:30pm,EUR,Final Core CPI y/y,Low,4.5%,4.5%
2023-10-18,2:30pm,EUR,Final CPI y/y,Low,4.3%,4.3%
2023-10-18,3:04pm,EUR,German 10-y Bond Auction,Low,2.90|2.0,2.78|2.0
2023-10-18,6:00pm,USD,Building Permits,Medium,1.47M,1.54M
2023-10-18,6:00pm,USD,Housing Starts,Low,1.36M,1.27M
2023-10-18,6:00pm,USD,Crude Oil Inventories,Low,-4.5M,10.2M
2023-10-19,1:30am,USD,TIC Long-Term Purchases,Low,63.5B,9.5B
2023-10-19,1:30pm,EUR,Current Account,Low,27.7B,21.0B
2023-10-19,2:10pm,EUR,Spanish 10-y Bond Auction,Low,4.07|2.1,3.98|2.3
2023-10-19,2:10pm,USD,Unemployment Claims,High,198K,211K
2023-10-19,2:10pm,USD,Philly Fed Manufacturing Index,Medium,-9.0,-13.5
2023-10-19,7:30pm,USD,Existing Home Sales,Medium,3.96M,4.04M
2023-10-19,7:30pm,USD,CB Leading Index m/m,Low,-0.7%,-0.5%
2023-10-19,8:00pm,USD,Natural Gas Storage,Low,97B,84B
2023-10-20,11:30am,EUR,German PPI m/m,Low,-0.2%,0.3%
2023-10-21,1:30am,USD,Federal Budget Balance,Low,-171.0B,89.3B
2023-10-23,7:30pm,EUR,Consumer Confidence,Low,-18,-18
2023-10-24,11:30am,EUR,German GfK Consumer Climate,Low,-28.1,-26.7
2023-10-24,12:45pm,EUR,French Flash Manufacturing PMI,High,42.6,44.2
2023-10-24,12:45pm,EUR,French Flash Services PMI,High,46.1,44.4
2023-10-24,1:00pm,EUR,German Flash Manufacturing PMI,High,40.7,39.6
2023-10-24,1:00pm,EUR,German Flash Services PMI,High,48.0,50.3
2023-10-24,1:00pm,EUR,Flash Manufacturing PMI,Medium,43.0,43.4
2023-10-24,1:00pm,EUR,Flash Services PMI,Medium,47.8,48.7
2023-10-24,7:15pm,USD,Flash Manufacturing PMI,High,50.0,49.8
2023-10-24,7:15pm,USD,Flash Services PMI,High,50.9,50.1
2023-10-24,7:29pm,USD,Richmond Manufacturing Index,Medium,3,5
2023-10-25,7:29pm,EUR,German ifo Business Climate,High,86.9,85.8
2023-10-25,7:29pm,EUR,M3 Money Supply y/y,Low,-1.2%,-1.3%
2023-10-25,7:29pm,EUR,Private Loans y/y,Low,0.8%,1.0%
2023-10-25,7:29pm,EUR,Belgian NBB Business Climate,Low,-16.8,-14.4
2023-10-25,7:29pm,USD,New Home Sales,Medium,759K,676K
2023-10-25,8:00pm,USD,Crude Oil Inventories,Low,1.4M,-4.5M
2023-10-26,12:30pm,EUR,Spanish Unemployment Rate,Low,11.8%,11.6%
2023-10-26,5:45pm,EUR,Main Refinancing Rate,High,4.50%,4.50%
2023-10-26,6:00pm,USD,Advance GDP q/q,High,4.9%,2.1%
2023-10-26,6:00pm,USD,Unemployment Claims,High,210K,200K
2023-10-26,6:00pm,USD,Advance GDP Price Index q/q,Medium,3.5%,1.7%
2023-10-26,6:00pm,USD,Core Durable Goods Orders m/m,Medium,0.5%,0.5%
2023-10-26,6:00pm,USD,Durable Goods Orders m/m,Medium,4.7%,0.1%
2023-10-26,6:00pm,USD,Goods Trade Balance,Low,-85.8B,-84.6B
2023-10-26,6:00pm,USD,Prelim Wholesale Inventories m/m,Low,0.0%,-0.1%
2023-10-26,7:30pm,USD,Pending Home Sales m/m,Medium,1.1%,-7.1%
2023-10-26,8:00pm,USD,Natural Gas Storage,Low,74B,97B
2023-10-27,12:30pm,EUR,Spanish Flash GDP q/q,Low,0.3%,0.5%
2023-10-27,6:00pm,USD,Core PCE Price Index m/m,High,0.3%,0.1%
2023-10-27,6:00pm,USD,Personal Income m/m,Low,0.3%,0.4%
2023-10-27,6:00pm,USD,Personal Spending m/m,Low,0.7%,0.4%
2023-10-27,7:30pm,USD,Revised UoM Consumer Sentiment,High,63.8,63.0
2023-10-27,7:30pm,USD,Revised UoM Inflation Expectations,Low,4.2%,3.8%
2023-10-30,All Day,EUR,German Prelim CPI m/m,High,0.0%,0.3%
2023-10-30,All Day,EUR,Spanish Flash CPI y/y,High,3.5%,3.5%
2023-10-30,2:30pm,EUR,German Prelim GDP q/q,Medium,-0.1%,0.1%
2023-10-31,12:00pm,EUR,French Consumer Spending m/m,Low,0.2%,-0.6%
2023-10-31,12:00pm,EUR,French Flash GDP q/q,Low,0.1%,0.6%
2023-10-31,12:30pm,EUR,German Import Prices m/m,Low,1.6%,0.4%
2023-10-31,12:30pm,EUR,German Retail Sales m/m,Low,-0.8%,-1.1%
2023-10-31,1:15pm,EUR,French Prelim CPI m/m,Low,0.1%,-0.5%
2023-10-31,2:30pm,EUR,Italian Prelim GDP q/q,Low,0.0%,-0.4%
2023-10-31,3:30pm,EUR,Core CPI Flash Estimate y/y,Medium,4.2%,4.5%
2023-10-31,3:30pm,EUR,CPI Flash Estimate y/y,Medium,2.9%,4.3%
2023-10-31,3:30pm,EUR,Italian Prelim CPI m/m,Low,-0.1%,0.2%
2023-10-31,3:30pm,EUR,Prelim Flash GDP q/q,Low,-0.1%,0.1%
2023-10-31,3:43pm,EUR,Italian 10-y Bond Auction,Low,4.76|1.3,4.93|1.4
2023-10-31,4:08pm,EUR,German 30-y Bond Auction,Low,3.04|2.1,2.87|2.9
2023-10-31,4:08pm,USD,Employment Cost Index q/q,High,1.1%,1.0%
2023-10-31,6:30pm,USD,S&P/CS Composite-20 HPI y/y,Medium,2.2%,0.2%
2023-10-31,6:30pm,USD,HPI m/m,Low,0.6%,0.8%
2023-10-31,7:15pm,USD,Chicago PMI,Medium,44.0,44.1
2023-10-31,7:30pm,USD,CB Consumer Confidence,High,102.6,104.3
2023-11-01,5:45pm,USD,ADP Non-Farm Employment Change,High,113K,89K
2023-11-01,7:15pm,USD,Final Manufacturing PMI,Low,50.0,50.0
2023-11-01,7:30pm,USD,ISM Manufacturing PMI,High,46.7,49.0
2023-11-01,7:30pm,USD,JOLTS Job Openings,High,9.55M,9.50M
2023-11-01,7:30pm,USD,ISM Manufacturing Prices,Medium,45.1,43.8
2023-11-01,7:30pm,USD,Construction Spending m/m,Low,0.4%,1.0%
2023-11-01,All Day,USD,Wards Total Vehicle Sales,Low,15.5M,15.7M
2023-11-01,8:00pm,USD,Crude Oil Inventories,Low,0.8M,1.4M
2023-11-01,11:30pm,USD,Federal Funds Rate,High,5.50%,5.50%
2023-11-02,1:15pm,EUR,French Gov Budget Balance,Low,-186.1B,-187.9B
2023-11-02,1:45pm,EUR,Spanish Manufacturing PMI,Low,45.1,47.7
2023-11-02,2:15pm,EUR,Italian Manufacturing PMI,Low,44.9,46.8
2023-11-02,2:20pm,EUR,French Final Manufacturing PMI,Low,42.8,42.6
2023-11-02,2:25pm,EUR,German Final Manufacturing PMI,Low,40.8,40.7
2023-11-02,2:25pm,EUR,German Unemployment Change,Low,30K,12K
2023-11-02,2:30pm,EUR,Final Manufacturing PMI,Low,43.1,43.0
2023-11-02,3:23pm,EUR,Spanish 10-y Bond Auction,Low,3.58|2.0,4.07|2.1
2023-11-02,3:31pm,EUR,French 10-y Bond Auction,Low,3.32|2.0,3.56|1.9
2023-11-02,5:00pm,USD,Challenger Job Cuts y/y,Low,8.8%,58.2%
2023-11-02,5:00pm,USD,Unemployment Claims,High,217K,212K
2023-11-02,5:00pm,USD,Prelim Nonfarm Productivity q/q,Low,4.7%,3.5%
2023-11-02,5:00pm,USD,Prelim Unit Labor Costs q/q,Low,-0.8%,2.2%
2023-11-02,7:30pm,USD,Factory Orders m/m,Low,2.8%,1.0%
2023-11-02,8:00pm,USD,Natural Gas Storage,Low,79B,74B
2023-11-03,12:30pm,EUR,German Trade Balance,Low,16.5B,17.7B
2023-11-03,1:15pm,EUR,French Industrial Production m/m,Low,-0.5%,-0.1%
2023-11-03,1:15pm,EUR,French Prelim Private Payrolls q/q,Low,-0.1%,0.1%
2023-11-03,1:30pm,EUR,Spanish Unemployment Change,Low,36.9K,19.8K
2023-11-03,2:30pm,EUR,Italian Monthly Unemployment Rate,Low,7.4%,7.3%
2023-11-03,3:30pm,EUR,Unemployment Rate,Low,6.5%,6.4%
2023-11-03,3:30pm,USD,Average Hourly Earnings m/m,High,0.2%,0.3%
2023-11-03,3:30pm,USD,Non-Farm Employment Change,High,150K,297K
2023-11-03,3:30pm,USD,Unemployment Rate,High,3.9%,3.8%
2023-11-03,7:15pm,USD,Final Services PMI,Low,50.6,50.9
2023-11-03,7:30pm,USD,ISM Services PMI,High,51.8,53.6
2023-11-06,12:30pm,EUR,German Factory Orders m/m,Low,0.2%,1.9%
2023-11-06,1:45pm,EUR,Spanish Services PMI,Low,51.1,50.5
2023-11-06,2:15pm,EUR,Italian Services PMI,Low,47.7,49.9
2023-11-06,2:20pm,EUR,French Final Services PMI,Low,45.2,46.1
2023-11-06,2:25pm,EUR,German Final Services PMI,Low,48.2,48.0
2023-11-06,2:30pm,EUR,Final Services PMI,Low,47.8,47.8
2023-11-06,3:00pm,EUR,Sentix Investor Confidence,Low,-18.6,-21.9
2023-11-07,12:30pm,EUR,German Industrial Production m/m,Low,-1.4%,-0.1%
2023-11-07,3:30pm,EUR,PPI m/m,Low,0.5%,0.7%
2023-11-07,3:33pm,USD,Trade Balance,Low,-61.5B,-58.7B
2023-11-07,8:46pm,USD,RCM/TIPP Economic Optimism,Low,44.5,36.3
2023-11-08,1:30am,USD,Consumer Credit m/m,Low,9.1B,-15.8B
2023-11-08,12:30pm,EUR,German Final CPI m/m,Low,0.0%,0.0%
2023-11-08,1:15pm,EUR,French Trade Balance,Low,-8.9B,-8.3B
2023-11-08,2:30pm,EUR,Italian Retail Sales m/m,Low,-0.3%,-0.4%
2023-11-08,3:30pm,EUR,Retail Sales m/m,Low,-0.3%,-0.7%
2023-11-08,4:04pm,EUR,German 10-y Bond Auction,Low,2.64|2.5,2.90|2.0
2023-11-08,8:30pm,USD,Final Wholesale Inventories m/m,Low,0.2%,0.0%
2023-11-08,11:31pm,USD,10-y Bond Auction,Low,4.52|2.5,4.61|2.5
2023-11-09,7:00pm,USD,Unemployment Claims,High,217K,220K
2023-11-09,8:42pm,USD,Mortgage Delinquencies,Low,3.62%,3.37%
2023-11-09,11:31pm,USD,30-y Bond Auction,Low,4.77|2.2,4.84|2.3
2023-11-10,2:30pm,EUR,Italian Industrial Production m/m,Low,0.0%,0.3%
2023-11-10,8:30pm,USD,Prelim UoM Consumer Sentiment,High,60.4,63.8
2023-11-10,8:30pm,USD,Prelim UoM Inflation Expectations,Medium,4.4%,4.2%
2023-11-13,8:15pm,USD,Cleveland Fed Inflation Expectations,Low,4.2%,4.3%
2023-11-14,12:30am,USD,Federal Budget Balance,Low,-66.6B,-171.0B
2023-11-14,3:30pm,EUR,Flash Employment Change q/q,Low,0.3%,0.1%
2023-11-14,3:30pm,EUR,Flash GDP q/q,Low,-0.1%,-0.1%
2023-11-14,3:30pm,EUR,German ZEW Economic Sentiment,Low,9.8,-1.1
2023-11-14,3:30pm,EUR,ZEW Economic Sentiment,Low,13.8,2.3
2023-11-14,4:28pm,USD,NFIB Small Business Index,Low,90.7,90.8
2023-11-14,7:00pm,USD,Core CPI m/m,High,0.2%,0.3%
2023-11-14,7:00pm,USD,CPI m/m,High,0.0%,0.4%
2023-11-14,7:00pm,USD,CPI y/y,High,3.2%,3.7%
2023-11-15,12:30pm,EUR,German WPI m/m,Low,-0.7%,0.2%
2023-11-15,1:15pm,EUR,French Final CPI m/m,Low,0.1%,0.1%
2023-11-15,3:00pm,EUR,Industrial Production m/m,Low,-1.1%,0.6%
2023-11-15,3:00pm,EUR,Trade Balance,Low,9.2B,11.1B
2023-11-15,4:03pm,EUR,German 30-y Bond Auction,Low,2.81|3.0,3.04|2.1
2023-11-15,4:03pm,USD,Core PPI m/m,High,0.0%,0.2%
2023-11-15,4:03pm,USD,Core Retail Sales m/m,High,0.1%,0.8%
2023-11-15,4:03pm,USD,Empire State Manufacturing Index,High,9.1,-4.6
2023-11-15,4:03pm,USD,PPI m/m,High,-0.5%,0.4%
2023-11-15,4:03pm,USD,Retail Sales m/m,High,-0.1%,0.9%
2023-11-15,8:30pm,USD,Business Inventories m/m,Low,0.4%,0.4%
2023-11-15,Nov 3rd,USD,Crude Oil Inventories,Low,13.9M,0.8M
2023-11-15,9:00pm,USD,Crude Oil Inventories,Medium,3.6M,13.9M
2023-11-16,2:30pm,EUR,Italian Trade Balance,Low,2.35B,1.95B
2023-11-16,3:12pm,EUR,Spanish 10-y Bond Auction,Low,3.61|2.2,3.58|2.0
2023-11-16,7:00pm,USD,Unemployment Claims,High,231K,218K
2023-11-16,7:00pm,USD,Philly Fed Manufacturing Index,Medium,-5.9,-9.0
2023-11-16,7:00pm,USD,Import Prices m/m,Low,-0.8%,0.4%
2023-11-16,7:45pm,USD,Industrial Production m/m,Medium,-0.6%,0.1%
2023-11-16,7:45pm,USD,Capacity Utilization Rate,Low,78.9%,79.5%
2023-11-16,8:30pm,USD,NAHB Housing Market Index,Low,34,40
2023-11-16,Nov 3rd,USD,Natural Gas Storage,Low,-6B,79B
2023-11-16,Nov 3rd,USD,Natural Gas Storage,Low,60B,-6B
2023-11-17,2:30am,USD,TIC Long-Term Purchases,Low,-1.7B,62.2B
2023-11-17,2:30pm,EUR,Current Account,Low,31.2B,30.8B
2023-11-17,3:30pm,EUR,Final Core CPI y/y,Low,4.2%,4.2%
2023-11-17,3:30pm,EUR,Final CPI y/y,Low,2.9%,2.9%
2023-11-17,3:30pm,USD,Building Permits,Medium,1.49M,1.47M
2023-11-17,3:30pm,USD,Housing Starts,Low,1.37M,1.35M
2023-11-20,12:30pm,EUR,German PPI m/m,Low,-0.1%,-0.2%
2023-11-20,8:30pm,USD,CB Leading Index m/m,Low,-0.8%,-0.7%
2023-11-21,8:30pm,USD,Existing Home Sales,Medium,3.79M,3.95M
2023-11-22,7:00pm,USD,Unemployment Claims,High,209K,233K
2023-11-22,7:00pm,USD,Core Durable Goods Orders m/m,Medium,0.0%,0.4%
2023-11-22,7:00pm,USD,Durable Goods Orders m/m,Medium,-5.4%,4.6%
2023-11-22,8:30pm,EUR,Consumer Confidence,Low,-17,-18
2023-11-22,8:30pm,USD,Revised UoM Consumer Sentiment,High,61.3,60.4
2023-11-22,8:30pm,USD,Revised UoM Inflation Expectations,Low,4.5%,4.4%
2023-11-22,9:00pm,USD,Crude Oil Inventories,Low,8.7M,3.6M
2023-11-22,10:30pm,USD,Natural Gas Storage,Low,-7B,60B
2023-11-23,1:45pm,EUR,French Flash Manufacturing PMI,High,42.6,42.8
2023-11-23,1:45pm,EUR,French Flash Services PMI,High,45.3,45.2
2023-11-23,2:00pm,EUR,German Flash Manufacturing PMI,High,42.3,40.8
2023-11-23,2:00pm,EUR,German Flash Services PMI,High,48.7,48.2
2023-11-23,2:30pm,EUR,Flash Manufacturing PMI,Medium,43.8,43.1
2023-11-23,2:30pm,EUR,Flash Services PMI,Medium,48.2,47.8
2023-11-24,12:30pm,EUR,German Final GDP q/q,Low,-0.1%,-0.1%
2023-11-24,2:30pm,EUR,German ifo Business Climate,Medium,87.3,86.9
2023-11-24,7:30pm,EUR,Belgian NBB Business Climate,Low,-15.0,-16.8
2023-11-24,8:15pm,USD,Flash Manufacturing PMI,High,49.4,50.0
2023-11-24,8:15pm,USD,Flash Services PMI,High,50.8,50.6
2023-11-27,8:30pm,USD,New Home Sales,Medium,679K,719K
2023-11-28,12:30pm,EUR,German GfK Consumer Climate,Low,-27.8,-28.3
2023-11-28,2:30pm,EUR,M3 Money Supply y/y,Low,-1.0%,-1.2%
2023-11-28,2:30pm,EUR,Private Loans y/y,Low,0.6%,0.8%
2023-11-28,3:33pm,USD,S&P/CS Composite-20 HPI y/y,Medium,3.9%,2.1%
2023-11-28,3:33pm,USD,HPI m/m,Low,0.6%,0.7%
2023-11-28,8:29pm,USD,Richmond Manufacturing Index,Medium,-5,3
2023-11-28,8:30pm,USD,CB Consumer Confidence,High,102.0,99.1
2023-11-29,12:00pm,EUR,French Final Private Payrolls q/q,Low,0.1%,-0.1%
2023-11-29,12:30pm,EUR,German Import Prices m/m,Low,0.3%,1.6%
2023-11-29,All Day,EUR,German Prelim CPI m/m,High,-0.4%,0.0%
2023-11-29,1:30pm,EUR,Spanish Flash CPI y/y,High,3.2%,3.5%
2023-11-29,3:45pm,EUR,Italian 10-y Bond Auction,Low,4.17|1.4,4.76|1.3
2023-11-29,4:05pm,EUR,German 10-y Bond Auction,Low,2.45|1.7,2.64|2.5
2023-11-29,4:05pm,USD,Prelim GDP q/q,High,5.2%,4.9%
2023-11-29,4:05pm,USD,Prelim GDP Price Index q/q,Medium,3.6%,3.5%
2023-11-29,4:05pm,USD,Goods Trade Balance,Low,-89.8B,-86.8B
2023-11-29,4:05pm,USD,Prelim Wholesale Inventories m/m,Low,-0.2%,0.2%
2023-11-29,9:00pm,USD,Crude Oil Inventories,Low,1.6M,8.7M
2023-11-30,12:30pm,EUR,German Retail Sales m/m,Low,1.1%,-0.1%
2023-11-30,1:15pm,EUR,French Consumer Spending m/m,Low,-0.9%,0.0%
2023-11-30,1:15pm,EUR,French Prelim CPI m/m,Low,-0.2%,0.1%
2023-11-30,1:15pm,EUR,French Prelim GDP q/q,Low,-0.1%,0.1%
2023-11-30,2:25pm,EUR,German Unemployment Change,Low,22K,31K
2023-11-30,2:30pm,EUR,Italian Monthly Unemployment Rate,Low,7.8%,7.6%
2023-11-30,3:30pm,EUR,Core CPI Flash Estimate y/y,Medium,3.6%,4.2%
2023-11-30,3:30pm,EUR,CPI Flash Estimate y/y,Medium,2.4%,2.9%
2023-11-30,3:30pm,EUR,Italian Prelim CPI m/m,Low,-0.4%,-0.2%
2023-11-30,3:30pm,EUR,Unemployment Rate,Low,6.5%,6.5%
2023-11-30,3:30pm,USD,Core PCE Price Index m/m,High,0.2%,0.3%
2023-11-30,3:30pm,USD,Unemployment Claims,High,218K,211K
2023-11-30,3:30pm,USD,Personal Income m/m,Low,0.2%,0.4%
2023-11-30,3:30pm,USD,Personal Spending m/m,Low,0.2%,0.7%
2023-11-30,8:15pm,USD,Chicago PMI,Medium,55.8,44.0
2023-11-30,8:30pm,USD,Pending Home Sales m/m,Medium,-1.5%,1.0%
2023-11-30,9:00pm,USD,Natural Gas Storage,Low,10B,-7B
2023-12-01,1:15pm,EUR,French Gov Budget Balance,Low,-177.7B,-186.1B
2023-12-01,1:45pm,EUR,Spanish Manufacturing PMI,Low,46.3,45.1
2023-12-01,2:15pm,EUR,Italian Manufacturing PMI,Low,44.4,44.9
2023-12-01,2:20pm,EUR,French Final Manufacturing PMI,Low,42.9,42.6
2023-12-01,2:25pm,EUR,German Final Manufacturing PMI,Low,42.6,42.3
2023-12-01,2:30pm,EUR,Final Manufacturing PMI,Low,44.2,43.8
2023-12-01,8:15pm,USD,Final Manufacturing PMI,Low,49.4,49.4
2023-12-01,8:30pm,USD,ISM Manufacturing PMI,High,46.7,46.7
2023-12-01,8:30pm,USD,ISM Manufacturing Prices,Medium,49.9,45.1
2023-12-01,8:30pm,USD,Construction Spending m/m,Low,0.6%,0.2%
2023-12-01,All Day,USD,Wards Total Vehicle Sales,Low,15.3M,15.5M
2023-12-04,12:30pm,EUR,German Trade Balance,Low,17.8B,16.7B
2023-12-04,1:30pm,EUR,Spanish Unemployment Change,Low,-24.6K,36.9K
2023-12-04,3:00pm,EUR,Sentix Investor Confidence,Low,-16.8,-18.6
2023-12-04,8:30pm,USD,Factory Orders m/m,Low,-3.6%,2.3%
2023-12-05,1:15pm,EUR,French Industrial Production m/m,Low,-0.3%,-0.6%
2023-12-05,1:45pm,EUR,Spanish Services PMI,Low,51.0,51.1
2023-12-05,2:15pm,EUR,Italian Services PMI,Low,49.5,47.7
2023-12-05,2:20pm,EUR,French Final Services PMI,Low,45.4,45.3
2023-12-05,2:25pm,EUR,German Final Services PMI,Low,49.6,48.7
2023-12-05,2:30pm,EUR,Final Services PMI,Low,48.7,48.2
2023-12-05,3:30pm,EUR,PPI m/m,Low,0.2%,0.5%
2023-12-05,8:15pm,USD,Final Services PMI,Low,50.8,50.8
2023-12-05,8:30pm,USD,ISM Services PMI,High,52.7,51.8
2023-12-05,8:30pm,USD,JOLTS Job Openings,High,8.73M,9.35M
2023-12-05,8:39pm,USD,RCM/TIPP Economic Optimism,Low,40.0,44.5
2023-12-06,12:30pm,EUR,German Factory Orders m/m,Low,-3.7%,0.7%
2023-12-06,3:30pm,EUR,Retail Sales m/m,Low,0.1%,-0.1%
2023-12-06,6:45pm,USD,ADP Non-Farm Employment Change,High,103K,106K
2023-12-06,6:45pm,USD,Revised Nonfarm Productivity q/q,Low,5.2%,4.7%
2023-12-06,6:45pm,USD,Revised Unit Labor Costs q/q,Low,-1.2%,-0.8%
2023-12-06,6:45pm,USD,Trade Balance,Low,-64.3B,-61.2B
2023-12-06,9:00pm,USD,Crude Oil Inventories,Low,-4.6M,1.6M
2023-12-07,12:30pm,EUR,German Industrial Production m/m,Low,-0.4%,-1.3%
2023-12-07,1:15pm,EUR,French Trade Balance,Low,-8.6B,-8.9B
2023-12-07,2:30pm,EUR,Italian Industrial Production m/m,Low,-0.2%,0.1%
2023-12-07,3:30pm,EUR,Final Employment Change q/q,Low,0.2%,0.3%
2023-12-07,3:30pm,EUR,Italian Retail Sales m/m,Low,0.4%,-0.4%
2023-12-07,3:30pm,EUR,Revised GDP q/q,Low,-0.1%,-0.1%
2023-12-07,3:31pm,EUR,French 10-y Bond Auction,Low,2.75|3.0,3.32|2.0
2023-12-07,6:00pm,USD,Challenger Job Cuts y/y,Low,-40.8%,8.8%
2023-12-07,6:00pm,USD,Unemployment Claims,High,220K,219K
2023-12-07,8:30pm,USD,Final Wholesale Inventories m/m,Low,-0.4%,-0.2%
2023-12-07,9:00pm,USD,Natural Gas Storage,Low,-117B,10B
2023-12-08,1:30am,USD,Consumer Credit m/m,Low,5.1B,12.2B
2023-12-08,12:30pm,EUR,German Final CPI m/m,Low,-0.4%,-0.4%
2023-12-08,3:00pm,USD,Average Hourly Earnings m/m,High,0.4%,0.2%
2023-12-08,3:00pm,USD,Non-Farm Employment Change,High,199K,150K
2023-12-08,3:00pm,USD,Unemployment Rate,High,3.7%,3.9%
2023-12-08,8:30pm,USD,Prelim UoM Consumer Sentiment,High,69.4,61.3
2023-12-08,8:30pm,USD,Prelim UoM Inflation Expectations,Medium,3.1%,4.5%
2023-12-11,11:31pm,USD,10-y Bond Auction,Medium,4.30|2.5,4.52|2.5
2023-12-12,12:30pm,EUR,German WPI m/m,Low,-0.2%,-0.7%
2023-12-12,3:30pm,EUR,ZEW Economic Sentiment,Low,23.0,13.8
2023-12-12,3:30pm,EUR,German ZEW Economic Sentiment,Low,12.8,9.8
2023-12-12,4:30pm,USD,NFIB Small Business Index,Low,90.6,90.7
2023-12-12,7:00pm,USD,Core CPI m/m,High,0.3%,0.2%
2023-12-12,7:00pm,USD,CPI m/m,High,0.1%,0.0%
2023-12-12,7:00pm,USD,CPI y/y,High,3.1%,3.2%
2023-12-12,11:31pm,USD,30-y Bond Auction,Medium,4.34|2.4,4.77|2.2
2023-12-13,12:28am,USD,Federal Budget Balance,Low,-314.0B,-66.6B
2023-12-13,2:30pm,EUR,Italian Quarterly Unemployment Rate,Low,7.6%,7.7%
2023-12-13,3:30pm,EUR,Industrial Production m/m,Low,-0.7%,-1.0%
2023-12-13,7:00pm,USD,Core PPI m/m,High,0.0%,0.0%
2023-12-13,7:00pm,USD,PPI m/m,High,0.0%,-0.4%
2023-12-13,9:00pm,USD,Crude Oil Inventories,Low,-4.3M,-4.6M
2023-12-14,12:30am,USD,Federal Funds Rate,High,5.50%,5.50%
2023-12-14,6:45pm,EUR,Main Refinancing Rate,High,4.50%,4.50%
2023-12-14,6:45pm,USD,Core Retail Sales m/m,High,0.2%,0.0%
2023-12-14,6:45pm,USD,Retail Sales m/m,High,0.3%,-0.2%
2023-12-14,6:45pm,USD,Unemployment Claims,High,202K,221K
2023-12-14,6:45pm,USD,Import Prices m/m,Low,-0.4%,-0.6%
2023-12-14,8:30pm,USD,Business Inventories m/m,Low,-0.1%,0.2%
2023-12-14,9:00pm,USD,Natural Gas Storage,Low,-55B,-117B
2023-12-15,1:15pm,EUR,French Final CPI m/m,Low,-0.2%,-0.2%
2023-12-15,1:45pm,EUR,French Flash Manufacturing PMI,High,42.0,42.9
2023-12-15,1:45pm,EUR,French Flash Services PMI,High,44.3,45.4
2023-12-15,2:00pm,EUR,German Flash Manufacturing PMI,High,43.1,42.6
2023-12-15,2:00pm,EUR,German Flash Services PMI,High,48.4,49.6
2023-12-15,2:30pm,EUR,Flash Manufacturing PMI,Medium,44.2,44.2
2023-12-15,2:30pm,EUR,Flash Services PMI,Medium,48.1,48.7
2023-12-15,3:30pm,EUR,Italian Trade Balance,Low,4.70B,2.39B
2023-12-15,3:30pm,EUR,Trade Balance,Low,10.9B,8.7B
2023-12-15,3:30pm,USD,Empire State Manufacturing Index,High,-14.5,9.1
2023-12-15,7:45pm,USD,Industrial Production m/m,Medium,0.2%,-0.9%
2023-12-15,7:45pm,USD,Capacity Utilization Rate,Low,78.8%,78.7%
2023-12-15,8:15pm,USD,Flash Manufacturing PMI,High,48.2,49.4
2023-12-15,8:15pm,USD,Flash Services PMI,High,51.3,50.8
2023-12-18,2:30pm,EUR,German ifo Business Climate,Medium,86.4,87.2
2023-12-18,8:30pm,USD,NAHB Housing Market Index,Low,37,34
2023-12-19,3:30pm,EUR,Final Core CPI y/y,Low,3.6%,3.6%
2023-12-19,3:30pm,EUR,Final CPI y/y,Low,2.4%,2.4%
2023-12-19,4:30pm,USD,Building Permits,Medium,1.46M,1.50M
2023-12-19,4:30pm,USD,Housing Starts,Low,1.56M,1.36M
2023-12-20,2:30am,USD,TIC Long-Term Purchases,Low,3.3B,0.9B
2023-12-20,12:30pm,EUR,German GfK Consumer Climate,Low,-25.1,-27.6
2023-12-20,12:30pm,EUR,German PPI m/m,Low,-0.5%,-0.1%
2023-12-20,2:30pm,EUR,Current Account,Low,33.8B,31.2B
2023-12-20,7:00pm,USD,Current Account,Low,-200B,-217B
2023-12-20,8:30pm,EUR,Consumer Confidence,Low,-15,-17
2023-12-20,8:30pm,USD,CB Consumer Confidence,High,110.7,101.0
2023-12-20,8:30pm,USD,Existing Home Sales,Medium,3.82M,3.79M
2023-12-20,9:00pm,USD,Crude Oil Inventories,Low,2.9M,-4.3M
2023-12-21,4:30pm,USD,Final GDP q/q,High,4.9%,5.2%
2023-12-21,4:30pm,USD,Unemployment Claims,High,205K,203K
2023-12-21,4:30pm,USD,Final GDP Price Index q/q,Medium,3.3%,3.6%
2023-12-21,4:30pm,USD,Philly Fed Manufacturing Index,Medium,-10.5,-5.9
2023-12-21,8:30pm,USD,CB Leading Index m/m,Low,-0.5%,-1.0%
2023-12-21,9:00pm,USD,Natural Gas Storage,Low,-87B,-55B
2023-12-22,12:30pm,EUR,German Import Prices m/m,Low,-0.1%,0.3%
2023-12-22,12:30pm,USD,Core PCE Price Index m/m,High,0.1%,0.1%
2023-12-22,12:30pm,USD,Core Durable Goods Orders m/m,Medium,0.5%,-0.3%
2023-12-22,12:30pm,USD,Durable Goods Orders m/m,Medium,5.4%,-5.1%
2023-12-22,12:30pm,USD,Personal Income m/m,Low,0.4%,0.3%
2023-12-22,12:30pm,USD,Personal Spending m/m,Low,0.2%,0.1%
2023-12-22,7:29pm,EUR,Belgian NBB Business Climate,Low,-12.7,-15.0
2023-12-22,8:30pm,USD,Revised UoM Consumer Sentiment,High,69.7,69.4
2023-12-22,8:30pm,USD,New Home Sales,Medium,590K,672K
2023-12-22,8:30pm,USD,Revised UoM Inflation Expectations,Low,3.1%,3.1%
2023-12-26,7:30pm,USD,HPI m/m,Low,0.3%,0.7%
2023-12-26,7:30pm,USD,S&P/CS Composite-20 HPI y/y,Low,4.9%,3.9%
2023-12-27,8:29pm,USD,Richmond Manufacturing Index,Medium,-11,-5
2023-12-28,7:00pm,USD,Unemployment Claims,Medium,218K,206K
2023-12-28,7:00pm,USD,Goods Trade Balance,Low,-90.3B,-89.6B
2023-12-28,7:00pm,USD,Prelim Wholesale Inventories m/m,Low,-0.2%,-0.4%
2023-12-28,8:30pm,USD,Pending Home Sales m/m,Medium,0.0%,-1.2%
2023-12-28,9:00pm,USD,Natural Gas Storage,Low,-87B,-87B
2023-12-28,9:30pm,USD,Crude Oil Inventories,Low,-7.1M,2.9M
2023-12-29,12:30pm,EUR,Spanish Flash CPI y/y,Medium,3.1%,3.2%
2023-12-29,8:15pm,USD,Chicago PMI,Medium,46.9,55.8
2024-01-02,1:45pm,EUR,Spanish Manufacturing PMI,Low,46.2,46.3
2024-01-02,2:15pm,EUR,Italian Manufacturing PMI,Low,45.3,44.4
2024-01-02,2:20pm,EUR,French Final Manufacturing PMI,Low,42.1,42.0
2024-01-02,2:25pm,EUR,German Final Manufacturing PMI,Low,43.3,43.1
2024-01-02,2:30pm,EUR,Final Manufacturing PMI,Low,44.4,44.2
2024-01-02,2:30pm,EUR,M3 Money Supply y/y,Low,-0.9%,-1.0%
2024-01-02,2:30pm,EUR,Private Loans y/y,Low,0.5%,0.6%
2024-01-02,8:15pm,USD,Final Manufacturing PMI,Low,47.9,48.2
2024-01-02,8:30pm,USD,Construction Spending m/m,Low,0.4%,1.2%
2024-01-03,1:30pm,EUR,Spanish Unemployment Change,Low,-27.4K,-24.6K
2024-01-03,2:25pm,EUR,German Unemployment Change,Low,5K,21K
2024-01-03,8:30pm,USD,ISM Manufacturing PMI,High,47.4,46.7
2024-01-03,8:30pm,USD,JOLTS Job Openings,High,8.79M,8.85M
2024-01-03,8:30pm,USD,ISM Manufacturing Prices,Medium,45.2,49.9
2024-01-03,All Day,USD,Wards Total Vehicle Sales,Low,15.8M,15.3M
2024-01-04,All Day,EUR,German Prelim CPI m/m,High,0.1%,-0.4%
2024-01-04,1:15pm,EUR,French Prelim CPI m/m,Low,0.1%,-0.2%
2024-01-04,1:45pm,EUR,Spanish Services PMI,Low,51.5,51.0
2024-01-04,2:15pm,EUR,Italian Services PMI,Low,49.8,49.5
2024-01-04,2:20pm,EUR,French Final Services PMI,Low,45.7,44.3
2024-01-04,2:25pm,EUR,German Final Services PMI,Low,49.3,48.4
2024-01-04,2:30pm,EUR,Final Services PMI,Low,48.8,48.1
2024-01-04,3:31pm,EUR,French 10-y Bond Auction,Low,2.59|1.8,2.75|3.0
2024-01-04,6:00pm,USD,Challenger Job Cuts y/y,Low,-20.2%,-40.8%
2024-01-04,6:45pm,USD,ADP Non-Farm Employment Change,High,164K,101K
2024-01-04,7:00pm,USD,Unemployment Claims,High,202K,220K
2024-01-04,8:15pm,USD,Final Services PMI,Low,51.4,51.3
2024-01-04,9:00pm,USD,Natural Gas Storage,Low,-14B,-87B
2024-01-04,9:30pm,USD,Crude Oil Inventories,Low,-5.5M,-7.1M
2024-01-05,12:30pm,EUR,German Retail Sales m/m,Low,-2.5%,1.3%
2024-01-05,3:30pm,EUR,Core CPI Flash Estimate y/y,Medium,3.4%,3.6%
2024-01-05,3:30pm,EUR,CPI Flash Estimate y/y,Medium,2.9%,2.4%
2024-01-05,3:30pm,EUR,PPI m/m,Low,-0.3%,0.3%
2024-01-05,3:30pm,EUR,Italian Prelim CPI m/m,Low,0.2%,-0.5%
2024-01-05,3:30pm,USD,Average Hourly Earnings m/m,High,0.4%,0.4%
2024-01-05,3:30pm,USD,Non-Farm Employment Change,High,216K,173K
2024-01-05,3:30pm,USD,Unemployment Rate,High,3.7%,3.7%
2024-01-05,3:30pm,USD,ISM Services PMI,High,50.6,52.7
2024-01-05,3:30pm,USD,Factory Orders m/m,Low,2.6%,-3.4%
2024-01-08,12:30pm,EUR,German Factory Orders m/m,Low,0.3%,-3.8%
2024-01-08,12:30pm,EUR,German Trade Balance,Low,20.4B,17.7B
2024-01-08,3:00pm,EUR,Sentix Investor Confidence,Low,-15.8,-16.8
2024-01-08,3:30pm,EUR,Retail Sales m/m,Low,-0.3%,0.4%
2024-01-09,1:30am,USD,Consumer Credit m/m,Low,23.8B,5.8B
2024-01-09,12:30pm,EUR,German Industrial Production m/m,Low,-0.7%,-0.3%
2024-01-09,1:15pm,EUR,French Trade Balance,Low,-5.9B,-8.5B
2024-01-09,2:30pm,EUR,Italian Monthly Unemployment Rate,Low,7.5%,7.7%
2024-01-09,3:30pm,EUR,Unemployment Rate,Low,6.4%,6.5%
2024-01-09,4:30pm,USD,NFIB Small Business Index,Low,91.9,90.6
2024-01-09,4:30pm,USD,Trade Balance,Low,-63.2B,-64.5B
2024-01-09,8:32pm,USD,RCM/TIPP Economic Optimism,Low,44.7,40.0
2024-01-10,1:15pm,EUR,French Industrial Production m/m,Low,0.5%,-0.3%
2024-01-10,2:30pm,EUR,Italian Retail Sales m/m,Low,0.4%,0.4%
2024-01-10,4:04pm,EUR,German 10-y Bond Auction,Low,2.19|1.7,2.45|1.7
2024-01-10,8:30pm,USD,Final Wholesale Inventories m/m,Low,-0.2%,-0.2%
2024-01-10,9:00pm,USD,Crude Oil Inventories,Low,1.3M,-5.5M
2024-01-10,11:31pm,USD,10-y Bond Auction,Medium,4.02|2.6,4.30|2.5
2024-01-11,10:30am,EUR,Italian Industrial Production m/m,Low,-1.5%,-0.2%
2024-01-11,7:00pm,USD,Core CPI m/m,High,0.3%,0.3%
2024-01-11,7:00pm,USD,CPI m/m,High,0.3%,0.1%
2024-01-11,7:00pm,USD,CPI y/y,High,3.4%,3.1%
2024-01-11,7:00pm,USD,Unemployment Claims,High,202K,203K
2024-01-11,9:00pm,USD,Natural Gas Storage,Low,-140B,-14B
2024-01-11,11:31pm,USD,30-y Bond Auction,Medium,4.23|2.4,4.34|2.4
2024-01-12,12:30am,USD,Federal Budget Balance,Low,-129.4B,-314.0B
2024-01-12,1:15pm,EUR,French Consumer Spending m/m,Low,0.7%,-0.9%
2024-01-12,1:15pm,EUR,French Final CPI m/m,Low,0.1%,0.1%
2024-01-12,7:00pm,USD,Core PPI m/m,High,0.0%,0.0%
2024-01-12,7:00pm,USD,PPI m/m,High,-0.1%,-0.1%
2024-01-15,12:30pm,EUR,German WPI m/m,Low,-0.6%,-0.2%
2024-01-15,2:30pm,EUR,Italian Trade Balance,Low,3.89B,4.73B
2024-01-15,3:30pm,EUR,Industrial Production m/m,Low,-0.3%,-0.7%
2024-01-15,3:30pm,EUR,Trade Balance,Low,14.8B,11.1B
2024-01-16,12:30pm,EUR,German Final CPI m/m,Low,0.1%,0.1%
2024-01-16,3:30pm,EUR,German ZEW Economic Sentiment,Low,15.2,12.8
2024-01-16,3:30pm,EUR,ZEW Economic Sentiment,Low,22.7,23.0
2024-01-16,3:30pm,USD,Empire State Manufacturing Index,High,-43.7,-14.5
2024-01-17,1:15pm,EUR,French Gov Budget Balance,Low,-198.0B,-177.7B
2024-01-17,3:30pm,EUR,Final Core CPI y/y,Low,3.4%,3.4%
2024-01-17,3:30pm,EUR,Final CPI y/y,Low,2.9%,2.9%
2024-01-17,4:06pm,EUR,German 30-y Bond Auction,Low,2.45|2.5,2.81|3.0
2024-01-17,5:03pm,USD,Core Retail Sales m/m,High,0.4%,0.2%
2024-01-17,5:03pm,USD,Retail Sales m/m,High,0.6%,0.3%
2024-01-17,5:03pm,USD,Import Prices m/m,Low,0.0%,-0.5%
2024-01-17,7:45pm,USD,Industrial Production m/m,Medium,0.1%,0.0%
2024-01-17,7:45pm,USD,Capacity Utilization Rate,Low,78.6%,78.6%
2024-01-17,8:30pm,USD,Business Inventories m/m,Low,-0.1%,-0.1%
2024-01-17,8:30pm,USD,NAHB Housing Market Index,Low,44,37
2024-01-18,2:30pm,EUR,Current Account,Low,24.6B,32.3B
2024-01-18,7:00pm,USD,Unemployment Claims,High,187K,203K
2024-01-18,7:00pm,USD,Building Permits,Medium,1.50M,1.47M
2024-01-18,7:00pm,USD,Philly Fed Manufacturing Index,Medium,-10.6,-10.5
2024-01-18,7:00pm,USD,Housing Starts,Low,1.46M,1.53M
2024-01-18,7:00pm,USD,Natural Gas Storage,Low,-154B,-140B
2024-01-18,9:30pm,USD,Crude Oil Inventories,Low,-2.5M,1.3M
2024-01-19,12:30pm,EUR,German PPI m/m,Low,-1.2%,-0.5%
2024-01-19,8:30pm,USD,Prelim UoM Consumer Sentiment,High,78.8,69.7
2024-01-19,8:30pm,USD,Existing Home Sales,Medium,3.78M,3.82M
2024-01-19,8:30pm,USD,Prelim UoM Inflation Expectations,Medium,2.9%,3.1%
2024-01-20,2:30am,USD,TIC Long-Term Purchases,Low,126.1B,3.4B
2024-01-22,8:30pm,USD,CB Leading Index m/m,Low,-0.1%,-0.5%
2024-01-23,8:29pm,USD,Richmond Manufacturing Index,Medium,-15,-11
2024-01-23,8:30pm,EUR,Consumer Confidence,Low,-16,-15
2024-01-24,1:45pm,EUR,French Flash Manufacturing PMI,High,43.2,42.1
2024-01-24,1:45pm,EUR,French Flash Services PMI,High,45.0,45.7
2024-01-24,2:00pm,EUR,German Flash Manufacturing PMI,High,45.4,43.3
2024-01-24,2:00pm,EUR,German Flash Services PMI,High,47.6,49.3
2024-01-24,2:30pm,EUR,Flash Manufacturing PMI,Medium,46.6,44.4
2024-01-24,2:30pm,EUR,Flash Services PMI,Medium,48.4,48.8
2024-01-24,4:30pm,USD,Flash Manufacturing PMI,High,50.3,47.9
2024-01-24,4:30pm,USD,Flash Services PMI,High,52.9,51.4
2024-01-24,4:30pm,USD,Crude Oil Inventories,Low,-9.2M,-2.5M
2024-01-25,2:30pm,EUR,German ifo Business Climate,Medium,85.2,86.3
2024-01-25,6:45pm,EUR,Main Refinancing Rate,High,4.50%,4.50%
2024-01-25,7:00pm,USD,Advance GDP q/q,High,3.3%,4.9%
2024-01-25,7:00pm,USD,Unemployment Claims,High,214K,189K
2024-01-25,7:00pm,USD,Advance GDP Price Index q/q,Medium,1.5%,3.3%
2024-01-25,7:00pm,USD,Core Durable Goods Orders m/m,Medium,0.6%,0.4%
2024-01-25,7:00pm,USD,Durable Goods Orders m/m,Medium,0.0%,5.5%
2024-01-25,7:00pm,USD,Goods Trade Balance,Low,-88.5B,-89.3B
2024-01-25,7:00pm,USD,Prelim Wholesale Inventories m/m,Low,0.4%,-0.4%
2024-01-25,7:30pm,EUR,Belgian NBB Business Climate,Low,-16.4,-12.7
2024-01-25,8:30pm,USD,New Home Sales,Medium,664K,615K
2024-01-25,9:00pm,USD,Natural Gas Storage,Low,-326B,-154B
2024-01-26,12:30pm,EUR,German GfK Consumer Climate,Low,-29.7,-25.4
2024-01-26,1:30pm,EUR,Spanish Unemployment Rate,Low,11.8%,11.8%
2024-01-26,2:30pm,EUR,M3 Money Supply y/y,Low,0.1%,-0.9%
2024-01-26,2:30pm,EUR,Private Loans y/y,Low,0.3%,0.5%
2024-01-26,7:00pm,USD,Core PCE Price Index m/m,High,0.2%,0.1%
2024-01-26,7:00pm,USD,Personal Income m/m,Low,0.3%,0.4%
2024-01-26,7:00pm,USD,Personal Spending m/m,Low,0.7%,0.4%
2024-01-26,8:30pm,USD,Pending Home Sales m/m,Medium,8.3%,-0.3%
2024-01-30,12:00pm,EUR,French Consumer Spending m/m,Low,0.3%,0.6%
2024-01-30,12:00pm,EUR,French Flash GDP q/q,Low,0.0%,-0.1%
2024-01-30,12:00pm,EUR,Spanish Flash CPI y/y,Medium,3.4%,3.1%
2024-01-30,12:00pm,EUR,Spanish Flash GDP q/q,Low,0.6%,0.4%
2024-01-30,2:30pm,EUR,Italian Prelim GDP q/q,Low,0.2%,0.1%
2024-01-30,2:30pm,EUR,German Prelim GDP q/q,Low,-0.3%,0.0%
2024-01-30,3:30pm,EUR,Prelim Flash GDP q/q,Low,0.0%,-0.1%
2024-01-30,3:49pm,EUR,Italian 10-y Bond Auction,Low,3.69|1.7,4.17|1.4
2024-01-30,7:30pm,USD,S&P/CS Composite-20 HPI y/y,Medium,5.4%,4.9%
2024-01-30,7:30pm,USD,HPI m/m,Low,0.3%,0.3%
2024-01-30,8:30pm,USD,CB Consumer Confidence,High,114.8,108.0
2024-01-30,8:30pm,USD,JOLTS Job Openings,High,9.03M,8.93M
2024-01-31,12:30pm,EUR,German Import Prices m/m,Low,-1.1%,-0.1%
2024-01-31,12:30pm,EUR,German Retail Sales m/m,Low,-1.6%,-0.8%
2024-01-31,All Day,EUR,German Prelim CPI m/m,High,0.2%,0.1%
2024-01-31,1:15pm,EUR,French Prelim CPI m/m,Low,-0.2%,0.1%
2024-01-31,2:25pm,EUR,German Unemployment Change,Low,-2K,2K
2024-01-31,2:25pm,EUR,Italian Monthly Unemployment Rate,Low,7.2%,7.4%
2024-01-31,4:02pm,EUR,German 10-y Bond Auction,Low,2.23|1.8,2.19|1.7
2024-01-31,6:45pm,USD,ADP Non-Farm Employment Change,High,107K,158K
2024-01-31,6:45pm,USD,Employment Cost Index q/q,High,0.9%,1.1%
2024-01-31,8:15pm,USD,Chicago PMI,Medium,46.0,46.9
2024-01-31,9:00pm,USD,Crude Oil Inventories,Low,1.2M,-9.2M
2024-02-01,12:30am,USD,Federal Funds Rate,High,5.50%,5.50%
2024-02-01,1:45pm,EUR,Spanish Manufacturing PMI,Low,49.2,46.2
2024-02-01,2:15pm,EUR,Italian Manufacturing PMI,Low,48.5,45.3
2024-02-01,2:20pm,EUR,French Final Manufacturing PMI,Low,43.1,43.2
2024-02-01,2:25pm,EUR,German Final Manufacturing PMI,Low,45.5,45.4
2024-02-01,2:30pm,EUR,Final Manufacturing PMI,Low,46.6,46.6
2024-02-01,3:15pm,EUR,Spanish 10-y Bond Auction,Low,3.17|1.8,3.61|2.2
2024-02-01,3:30pm,EUR,Core CPI Flash Estimate y/y,Medium,3.3%,3.4%
2024-02-01,3:30pm,EUR,CPI Flash Estimate y/y,Medium,2.8%,2.9%
2024-02-01,3:30pm,EUR,Italian Prelim CPI m/m,Low,0.3%,0.2%
2024-02-01,3:30pm,EUR,Unemployment Rate,Low,6.4%,6.4%
2024-02-01,3:31pm,EUR,French 10-y Bond Auction,Low,2.70|1.9,2.59|1.8
2024-02-01,3:31pm,USD,Challenger Job Cuts y/y,Low,-20.0%,-20.2%
2024-02-01,7:00pm,USD,Unemployment Claims,High,224K,215K
2024-02-01,7:00pm,USD,Prelim Nonfarm Productivity q/q,Low,3.2%,5.2%
2024-02-01,7:00pm,USD,Prelim Unit Labor Costs q/q,Low,0.5%,-1.2%
2024-02-01,8:15pm,USD,Final Manufacturing PMI,Low,50.7,50.3
2024-02-01,8:30pm,USD,ISM Manufacturing PMI,High,49.1,47.4
2024-02-01,8:30pm,USD,ISM Manufacturing Prices,Medium,52.9,45.2
2024-02-01,8:30pm,USD,Construction Spending m/m,Low,0.9%,0.9%
2024-02-01,All Day,USD,Wards Total Vehicle Sales,Low,15.0M,15.8M
2024-02-01,9:00pm,USD,Natural Gas Storage,Low,-197B,-326B
2024-02-02,1:15pm,EUR,French Gov Budget Balance,Low,-173.3B,-198.0B
2024-02-02,1:15pm,EUR,French Industrial Production m/m,Low,1.1%,0.5%
2024-02-02,1:30pm,EUR,Spanish Unemployment Change,Low,60.4K,-27.4K
2024-02-02,7:00pm,USD,Average Hourly Earnings m/m,High,0.6%,0.4%
2024-02-02,7:00pm,USD,Non-Farm Employment Change,High,353K,333K
2024-02-02,7:00pm,USD,Unemployment Rate,High,3.7%,3.7%
2024-02-02,8:30pm,USD,Revised UoM Consumer Sentiment,High,79.0,78.8
2024-02-02,8:30pm,USD,Factory Orders m/m,Low,0.2%,2.6%
2024-02-02,8:30pm,USD,Revised UoM Inflation Expectations,Low,2.9%,2.9%
2024-02-05,12:30pm,EUR,German Trade Balance,Low,22.2B,20.7B
2024-02-05,1:45pm,EUR,Spanish Services PMI,Low,52.1,51.5
2024-02-05,2:15pm,EUR,Italian Services PMI,Low,51.2,49.8
2024-02-05,2:20pm,EUR,French Final Services PMI,Low,45.4,45.0
2024-02-05,2:25pm,EUR,German Final Services PMI,Low,47.7,47.6
2024-02-05,2:30pm,EUR,Final Services PMI,Low,48.4,48.4
2024-02-05,3:00pm,EUR,Sentix Investor Confidence,Low,-12.9,-15.8
2024-02-05,3:30pm,EUR,PPI m/m,Low,-0.8%,-0.3%
2024-02-05,8:15pm,USD,Final Services PMI,Low,52.5,52.9
2024-02-05,8:30pm,USD,ISM Services PMI,High,53.4,50.6
2024-02-06,12:30pm,EUR,German Factory Orders m/m,Low,8.9%,0.0%
2024-02-06,3:30pm,EUR,Retail Sales m/m,Low,-1.1%,0.3%
2024-02-06,8:36pm,USD,RCM/TIPP Economic Optimism,Low,44.0,44.7
2024-02-07,12:30pm,EUR,German Industrial Production m/m,Low,-1.6%,-0.2%
2024-02-07,1:15pm,EUR,French Prelim Private Payrolls q/q,Low,0.0%,0.1%
2024-02-07,1:15pm,EUR,French Trade Balance,Low,-6.8B,-5.9B
2024-02-07,2:30pm,EUR,Italian Retail Sales m/m,Low,-0.1%,0.3%
2024-02-07,2:30pm,USD,Trade Balance,Low,-62.2B,-61.9B
2024-02-07,9:00pm,USD,Crude Oil Inventories,Low,5.5M,1.2M
2024-02-07,11:31pm,USD,10-y Bond Auction,Medium,4.09|2.6,4.02|2.6
2024-02-08,1:30am,USD,Consumer Credit m/m,Low,1.6B,23.5B
2024-02-08,7:00pm,USD,Unemployment Claims,High,218K,227K
2024-02-08,7:00pm,USD,Final Wholesale Inventories m/m,Low,0.4%,0.4%
2024-02-08,7:00pm,USD,Mortgage Delinquencies,Low,3.88%,3.62%
2024-02-08,9:00pm,USD,Natural Gas Storage,Low,-75B,-197B
2024-02-08,11:31pm,USD,30-y Bond Auction,Medium,4.36|2.4,4.23|2.4
2024-02-09,5:20am,EUR,German Final CPI m/m,Low,0.2%,0.2%
2024-02-09,2:30pm,EUR,Italian Industrial Production m/m,Low,1.1%,-1.3%
2024-02-12,8:15pm,USD,Cleveland Fed Inflation Expectations,Low,3.4%,4.2%
2024-02-13,12:30am,USD,Federal Budget Balance,Low,-21.9B,-129.4B
2024-02-13,3:30pm,EUR,ZEW Economic Sentiment,Low,25.0,22.7
2024-02-13,3:30pm,EUR,German ZEW Economic Sentiment,Low,19.9,15.2
2024-02-13,4:30pm,USD,NFIB Small Business Index,Low,89.9,91.9
2024-02-13,7:00pm,USD,Core CPI m/m,High,0.4%,0.3%
2024-02-13,7:00pm,USD,CPI m/m,High,0.3%,0.3%
2024-02-13,7:00pm,USD,CPI y/y,High,3.1%,3.4%
2024-02-14,3:30pm,EUR,Flash Employment Change q/q,Low,0.3%,0.2%
2024-02-14,3:30pm,EUR,Flash GDP q/q,Low,0.0%,0.0%
2024-02-14,3:30pm,EUR,Industrial Production m/m,Low,2.6%,0.4%
2024-02-14,4:03pm,EUR,German 30-y Bond Auction,Low,2.53|2.8,2.45|2.5
2024-02-14,9:00pm,USD,Crude Oil Inventories,Low,12.0M,5.5M
2024-02-15,2:30pm,EUR,Italian Trade Balance,Low,5.61B,3.88B
2024-02-15,3:16pm,EUR,Spanish 10-y Bond Auction,Low,3.14|1.9,3.17|1.8
2024-02-15,3:16pm,EUR,Trade Balance,Low,13.0B,15.1B
2024-02-15,5:52pm,USD,Core Retail Sales m/m,High,-0.6%,0.4%
2024-02-15,5:52pm,USD,Empire State Manufacturing Index,High,-2.4,-43.7
2024-02-15,5:52pm,USD,Retail Sales m/m,High,-0.8%,0.4%
2024-02-15,5:52pm,USD,Unemployment Claims,High,212K,220K
2024-02-15,5:52pm,USD,Philly Fed Manufacturing Index,Medium,5.2,-10.6
2024-02-15,5:52pm,USD,Import Prices m/m,Low,0.8%,-0.7%
2024-02-15,7:45pm,USD,Industrial Production m/m,Medium,-0.1%,0.0%
2024-02-15,7:45pm,USD,Capacity Utilization Rate,Low,78.5%,78.7%
2024-02-15,8:30pm,USD,Business Inventories m/m,Low,0.4%,-0.1%
2024-02-15,8:30pm,USD,NAHB Housing Market Index,Low,48,44
2024-02-15,8:30pm,USD,Natural Gas Storage,Low,-49B,-75B
2024-02-16,2:30am,USD,TIC Long-Term Purchases,Low,160.2B,99.7B
2024-02-16,12:30pm,EUR,German WPI m/m,Low,0.1%,-0.6%
2024-02-16,1:15pm,EUR,French Final CPI m/m,Low,-0.2%,-0.2%
2024-02-16,1:15pm,USD,Core PPI m/m,High,0.5%,-0.1%
2024-02-16,1:15pm,USD,PPI m/m,High,0.3%,-0.1%
2024-02-16,1:15pm,USD,Building Permits,Medium,1.47M,1.49M
2024-02-16,1:15pm,USD,Housing Starts,Low,1.33M,1.56M
2024-02-16,8:30pm,USD,Prelim UoM Consumer Sentiment,High,79.6,79.0
2024-02-16,8:30pm,USD,Prelim UoM Inflation Expectations,Medium,3.0%,2.9%
2024-02-20,2:30pm,EUR,Current Account,Low,31.9B,22.5B
2024-02-20,8:30pm,USD,CB Leading Index m/m,Low,-0.4%,-0.2%
2024-02-21,4:05pm,EUR,German 10-y Bond Auction,Low,2.38|2.1,2.23|1.8
2024-02-21,8:30pm,EUR,Consumer Confidence,Low,-16,-16
2024-02-22,1:45pm,EUR,French Flash Manufacturing PMI,High,46.8,43.1
2024-02-22,1:45pm,EUR,French Flash Services PMI,High,48.0,45.4
2024-02-22,2:00pm,EUR,German Flash Manufacturing PMI,High,42.3,45.5
2024-02-22,2:00pm,EUR,German Flash Services PMI,High,48.2,47.7
2024-02-22,2:30pm,EUR,Flash Manufacturing PMI,Medium,46.1,46.6
2024-02-22,2:30pm,EUR,Flash Services PMI,Medium,50.0,48.4
2024-02-22,3:30pm,EUR,Final Core CPI y/y,Low,3.3%,3.3%
2024-02-22,3:30pm,EUR,Final CPI y/y,Low,2.8%,2.8%
2024-02-22,3:30pm,USD,Unemployment Claims,High,201K,213K
2024-02-22,8:15pm,USD,Flash Manufacturing PMI,High,51.5,50.7
2024-02-22,8:15pm,USD,Flash Services PMI,High,51.3,52.5
2024-02-22,8:30pm,USD,Existing Home Sales,Medium,4.00M,3.88M
2024-02-22,9:00pm,USD,Natural Gas Storage,Low,-60B,-49B
2024-02-22,9:30pm,USD,Crude Oil Inventories,Low,3.5M,12.0M
2024-02-23,12:30pm,EUR,German Final GDP q/q,Low,-0.3%,-0.3%
2024-02-23,2:30pm,EUR,German ifo Business Climate,Medium,85.5,85.2
2024-02-23,7:26pm,EUR,Belgian NBB Business Climate,Low,-12.8,-16.4
2024-02-26,8:30pm,USD,New Home Sales,Medium,661K,651K
2024-02-27,12:30pm,EUR,German GfK Consumer Climate,Low,-29.0,-29.6
2024-02-27,2:30pm,EUR,M3 Money Supply y/y,Low,0.1%,0.2%
2024-02-27,2:30pm,EUR,Private Loans y/y,Low,0.3%,0.4%
2024-02-27,7:00pm,USD,Durable Goods Orders m/m,High,-6.1%,-0.3%
2024-02-27,7:00pm,USD,Core Durable Goods Orders m/m,Medium,-0.3%,0.5%
2024-02-27,7:30pm,USD,S&P/CS Composite-20 HPI y/y,Medium,6.1%,5.4%
2024-02-27,7:30pm,USD,HPI m/m,Low,0.1%,0.4%
2024-02-27,8:29pm,USD,Richmond Manufacturing Index,Medium,-5,-15
2024-02-27,8:30pm,USD,CB Consumer Confidence,High,106.7,110.9
2024-02-28,3:49pm,EUR,Italian 10-y Bond Auction,Low,3.91|1.4,3.69|1.7
2024-02-28,3:49pm,USD,Prelim GDP q/q,High,3.2%,3.3%
2024-02-28,3:49pm,USD,Prelim GDP Price Index q/q,Medium,1.6%,1.5%
2024-02-28,3:49pm,USD,Goods Trade Balance,Low,-90.2B,-87.9B
2024-02-28,3:49pm,USD,Prelim Wholesale Inventories m/m,Low,-0.1%,0.4%
2024-02-28,3:49pm,USD,Crude Oil Inventories,Low,4.2M,3.5M
2024-02-29,12:00pm,EUR,French Final Private Payrolls q/q,Low,-0.1%,0.0%
2024-02-29,12:30pm,EUR,German Retail Sales m/m,Low,-0.4%,-0.5%
2024-02-29,All Day,EUR,German Prelim CPI m/m,High,0.4%,0.2%
2024-02-29,1:15pm,EUR,French Consumer Spending m/m,Low,-0.3%,0.3%
2024-02-29,1:15pm,EUR,French Prelim CPI m/m,Low,0.8%,-0.2%
2024-02-29,1:15pm,EUR,French Prelim GDP q/q,Low,0.1%,0.0%
2024-02-29,1:15pm,EUR,Spanish Flash CPI y/y,Medium,2.8%,3.4%
2024-02-29,2:25pm,EUR,German Unemployment Change,Low,11K,1K
2024-02-29,3:00pm,USD,Core PCE Price Index m/m,High,0.4%,0.1%
2024-02-29,3:00pm,USD,Unemployment Claims,High,215K,202K
2024-02-29,3:00pm,USD,Personal Income m/m,Low,1.0%,0.3%
2024-02-29,3:00pm,USD,Personal Spending m/m,Low,0.2%,0.7%
2024-02-29,8:15pm,USD,Chicago PMI,Medium,44.0,46.0
2024-02-29,8:30pm,USD,Pending Home Sales m/m,Medium,-4.9%,5.7%
2024-02-29,9:00pm,USD,Natural Gas Storage,Low,-96B,-60B
2024-03-01,1:45pm,EUR,Spanish Manufacturing PMI,Low,51.5,49.2
2024-03-01,2:15pm,EUR,Italian Manufacturing PMI,Low,48.7,48.5
2024-03-01,2:20pm,EUR,French Final Manufacturing PMI,Low,47.1,46.8
2024-03-01,2:25pm,EUR,German Final Manufacturing PMI,Low,42.5,42.3
2024-03-01,2:30pm,EUR,Final Manufacturing PMI,Low,46.5,46.1
2024-03-01,2:30pm,EUR,Italian Monthly Unemployment Rate,Low,7.2%,7.2%
2024-03-01,3:30pm,EUR,Core CPI Flash Estimate y/y,Medium,3.1%,3.3%
2024-03-01,3:30pm,EUR,CPI Flash Estimate y/y,Medium,2.6%,2.8%
2024-03-01,3:30pm,EUR,Italian Prelim CPI m/m,Low,0.1%,0.3%
2024-03-01,3:30pm,EUR,Unemployment Rate,Low,6.4%,6.5%
2024-03-01,8:15pm,USD,Final Manufacturing PMI,Low,52.2,51.5
2024-03-01,8:30pm,USD,ISM Manufacturing PMI,High,47.8,49.1
2024-03-01,8:30pm,USD,Revised UoM Consumer Sentiment,High,76.9,79.6
2024-03-01,8:30pm,USD,ISM Manufacturing Prices,Medium,52.5,52.9
2024-03-01,8:30pm,USD,Construction Spending m/m,Low,-0.2%,1.1%
2024-03-01,8:30pm,USD,Revised UoM Inflation Expectations,Low,3.0%,3.0%
2024-03-01,All Day,USD,Wards Total Vehicle Sales,Low,15.8M,15.0M
2024-03-04,1:15pm,EUR,French Gov Budget Balance,Low,-25.7B,-173.3B
2024-03-04,1:30pm,EUR,Spanish Unemployment Change,Low,-7.5K,60.4K
2024-03-04,3:00pm,EUR,Sentix Investor Confidence,Low,-10.5,-12.9
2024-03-05,1:15pm,EUR,French Industrial Production m/m,Low,-1.1%,0.4%
2024-03-05,1:45pm,EUR,Spanish Services PMI,Low,54.7,52.1
2024-03-05,2:15pm,EUR,Italian Services PMI,Low,52.2,51.2
2024-03-05,2:20pm,EUR,French Final Services PMI,Low,48.4,48.0
2024-03-05,2:25pm,EUR,German Final Services PMI,Low,48.3,48.2
2024-03-05,2:30pm,EUR,Final Services PMI,Low,50.2,50.0
2024-03-05,3:30pm,EUR,PPI m/m,Low,-0.9%,-0.9%
2024-03-05,8:15pm,USD,Final Services PMI,Low,52.3,51.3
2024-03-05,8:30pm,USD,ISM Services PMI,High,52.6,53.4
2024-03-05,8:30pm,USD,Factory Orders m/m,Low,-3.6%,-0.3%
2024-03-05,9:06pm,USD,RCM/TIPP Economic Optimism,Low,43.5,44.0
2024-03-06,12:30pm,EUR,German Trade Balance,Low,27.5B,23.3B
2024-03-06,3:30pm,EUR,Retail Sales m/m,Low,0.1%,-0.6%
2024-03-06,6:45pm,USD,ADP Non-Farm Employment Change,High,140K,111K
2024-03-06,6:45pm,USD,JOLTS Job Openings,High,8.86M,8.89M
2024-03-06,6:45pm,USD,Final Wholesale Inventories m/m,Low,-0.3%,-0.1%
2024-03-06,6:45pm,USD,Crude Oil Inventories,Low,1.4M,4.2M
2024-03-07,12:30pm,EUR,German Factory Orders m/m,Low,-11.3%,12.0%
2024-03-07,3:25pm,EUR,Spanish 10-y Bond Auction,Low,3.16|2.2,3.14|1.9
2024-03-07,3:39pm,EUR,French 10-y Bond Auction,Low,2.81|2.4,2.70|1.9
2024-03-07,6:00pm,USD,Challenger Job Cuts y/y,Low,8.8%,-20.0%
2024-03-07,6:45pm,EUR,Main Refinancing Rate,High,4.50%,4.50%
2024-03-07,6:45pm,USD,Unemployment Claims,High,217K,217K
2024-03-07,6:45pm,USD,Revised Nonfarm Productivity q/q,Low,3.2%,3.2%
2024-03-07,6:45pm,USD,Revised Unit Labor Costs q/q,Low,0.4%,0.5%
2024-03-07,6:45pm,USD,Trade Balance,Low,-67.4B,-64.2B
2024-03-07,9:00pm,USD,Natural Gas Storage,Low,-40B,-96B
2024-03-08,1:30am,USD,Consumer Credit m/m,Low,19.5B,0.9B
2024-03-08,12:30pm,EUR,German Industrial Production m/m,Low,1.0%,-2.0%
2024-03-08,12:30pm,EUR,German PPI m/m,Low,0.2%,-0.8%
2024-03-08,1:15pm,EUR,French Trade Balance,Low,-7.4B,-6.4B
2024-03-08,3:30pm,EUR,Final Employment Change q/q,Low,0.3%,0.3%
2024-03-08,3:30pm,EUR,Revised GDP q/q,Low,0.0%,0.0%
2024-03-08,3:30pm,USD,Average Hourly Earnings m/m,High,0.1%,0.5%
2024-03-08,3:30pm,USD,Non-Farm Employment Change,High,275K,229K
2024-03-08,3:30pm,USD,Unemployment Rate,High,3.9%,3.7%
2024-03-12,12:30pm,EUR,German Final CPI m/m,Low,0.4%,0.4%
2024-03-12,3:30pm,USD,NFIB Small Business Index,Low,89.4,89.9
2024-03-12,6:00pm,USD,Core CPI m/m,High,0.4%,0.4%
2024-03-12,6:00pm,USD,CPI m/m,High,0.4%,0.3%
2024-03-12,6:00pm,USD,CPI y/y,High,3.2%,3.1%
2024-03-12,10:31pm,USD,10-y Bond Auction,High,4.17|2.5,4.09|2.6
2024-03-12,11:30pm,USD,Federal Budget Balance,Low,-296.3B,-21.9B
2024-03-13,12:30pm,EUR,German WPI m/m,Low,-0.1%,0.1%
2024-03-13,2:30pm,EUR,Italian Quarterly Unemployment Rate,Low,7.4%,7.6%
2024-03-13,3:30pm,EUR,Industrial Production m/m,Low,-3.2%,1.6%
2024-03-13,4:03pm,EUR,German 10-y Bond Auction,Low,2.31|2.3,2.38|2.1
2024-03-13,8:00pm,USD,Crude Oil Inventories,Low,-1.5M,1.4M
2024-03-13,10:31pm,USD,30-y Bond Auction,High,4.33|2.5,4.36|2.4
2024-03-14,5:31am,USD,Core PPI m/m,High,0.3%,0.5%
2024-03-14,5:31am,USD,Core Retail Sales m/m,High,0.3%,-0.8%
2024-03-14,5:31am,USD,PPI m/m,High,0.6%,0.3%
2024-03-14,5:31am,USD,Retail Sales m/m,High,0.6%,-1.1%
2024-03-14,5:31am,USD,Unemployment Claims,High,209K,210K
2024-03-14,7:30pm,USD,Business Inventories m/m,Low,0.0%,0.3%
2024-03-14,8:00pm,USD,Natural Gas Storage,Low,-9B,-40B
2024-03-15,1:15pm,EUR,French Final CPI m/m,Low,0.9%,0.8%
2024-03-15,3:30pm,EUR,Italian Retail Sales m/m,Low,-0.1%,-0.2%
2024-03-15,4:30pm,EUR,Italian Trade Balance,Low,2.66B,5.53B
2024-03-15,4:30pm,USD,Empire State Manufacturing Index,High,-20.9,-2.4
2024-03-15,4:30pm,USD,Import Prices m/m,Low,0.3%,0.8%
2024-03-15,6:45pm,USD,Industrial Production m/m,Medium,0.1%,-0.5%
2024-03-15,6:45pm,USD,Capacity Utilization Rate,Low,78.3%,78.3%
2024-03-15,7:30pm,USD,Prelim UoM Consumer Sentiment,High,76.5,76.9
2024-03-15,7:30pm,USD,Prelim UoM Inflation Expectations,Medium,3.0%,3.0%
2024-03-18,3:30pm,EUR,Final Core CPI y/y,Low,3.1%,3.1%
2024-03-18,3:30pm,EUR,Final CPI y/y,Low,2.6%,2.6%
2024-03-18,3:30pm,EUR,Trade Balance,Low,28.1B,14.3B
2024-03-18,7:30pm,USD,NAHB Housing Market Index,Low,51,48
2024-03-19,3:30pm,EUR,German ZEW Economic Sentiment,Low,31.7,19.9
2024-03-19,3:30pm,EUR,ZEW Economic Sentiment,Low,33.5,25.0
2024-03-19,3:30pm,USD,Building Permits,Medium,1.52M,1.49M
2024-03-19,3:30pm,USD,Housing Starts,Low,1.52M,1.37M
2024-03-20,1:30am,USD,TIC Long-Term Purchases,Low,36.1B,158.6B
2024-03-20,12:30pm,EUR,German PPI m/m,Low,-0.4%,0.2%
2024-03-20,2:30pm,EUR,Italian Industrial Production m/m,Low,-1.2%,1.2%
2024-03-20,4:08pm,EUR,German 30-y Bond Auction,Low,2.52|3.4,2.53|2.8
2024-03-20,4:08pm,USD,Crude Oil Inventories,Low,-2.0M,-1.5M
2024-03-20,8:30pm,EUR,Consumer Confidence,Low,-15,-16
2024-03-20,11:30pm,USD,Federal Funds Rate,High,5.50%,5.50%
2024-03-21,1:45pm,EUR,French Flash Manufacturing PMI,High,45.8,47.1
2024-03-21,1:45pm,EUR,French Flash Services PMI,High,47.8,48.4
2024-03-21,1:45pm,EUR,German Flash Manufacturing PMI,High,41.6,42.5
2024-03-21,1:45pm,EUR,German Flash Services PMI,High,49.8,48.3
2024-03-21,1:45pm,EUR,Flash Manufacturing PMI,Medium,45.7,46.5
2024-03-21,1:45pm,EUR,Flash Services PMI,Medium,51.1,50.2
2024-03-21,1:45pm,EUR,Current Account,Low,39.4B,31.9B
2024-03-21,3:00pm,USD,Unemployment Claims,High,210K,212K
2024-03-21,3:00pm,USD,Philly Fed Manufacturing Index,Medium,3.2,5.2
2024-03-21,3:00pm,USD,Current Account,Low,-195B,-196B
2024-03-21,7:15pm,USD,Flash Manufacturing PMI,High,52.5,52.2
2024-03-21,7:15pm,USD,Flash Services PMI,High,51.7,52.3
2024-03-21,7:30pm,USD,Existing Home Sales,Medium,4.38M,4.00M
2024-03-21,7:30pm,USD,CB Leading Index m/m,Low,0.1%,-0.4%
2024-03-21,8:00pm,USD,Natural Gas Storage,Low,7B,-9B
2024-03-22,12:30pm,EUR,German Import Prices m/m,Low,0.0%,-1.0%
2024-03-22,2:30pm,EUR,German ifo Business Climate,Medium,87.8,85.7
2024-03-22,7:25pm,EUR,Belgian NBB Business Climate,Low,-10.4,-12.8
2024-03-25,7:30pm,USD,New Home Sales,Medium,662K,664K
2024-03-26,12:30pm,EUR,German GfK Consumer Climate,Low,-27.4,-28.8
2024-03-26,4:02pm,EUR,German 10-y Bond Auction,Low,2.30|2.3,2.31|2.3
2024-03-26,6:00pm,USD,Core Durable Goods Orders m/m,Medium,0.5%,-0.4%
2024-03-26,6:00pm,USD,Durable Goods Orders m/m,Medium,1.4%,-6.2%
2024-03-26,6:30pm,USD,S&P/CS Composite-20 HPI y/y,Medium,6.6%,6.2%
2024-03-26,6:30pm,USD,HPI m/m,Low,-0.1%,0.1%
2024-03-26,7:29pm,USD,Richmond Manufacturing Index,Medium,-11,-5
2024-03-26,7:30pm,USD,CB Consumer Confidence,High,104.7,104.8
2024-03-27,1:30pm,EUR,Spanish Flash CPI y/y,Medium,3.2%,2.8%
2024-03-27,3:47pm,EUR,Italian 10-y Bond Auction,Low,3.67|1.4,3.91|1.4
2024-03-27,8:00pm,USD,Crude Oil Inventories,Low,3.2M,-2.0M
2024-03-28,12:30pm,EUR,German Retail Sales m/m,Low,-1.9%,-0.3%
2024-03-28,2:25pm,EUR,German Unemployment Change,Low,4K,12K
2024-03-28,2:30pm,EUR,M3 Money Supply y/y,Low,0.4%,0.1%
2024-03-28,2:30pm,EUR,Private Loans y/y,Low,0.3%,0.3%
2024-03-28,2:30pm,USD,Final GDP q/q,High,3.4%,3.2%
2024-03-28,2:30pm,USD,Unemployment Claims,High,210K,212K
2024-03-28,2:30pm,USD,Final GDP Price Index q/q,Medium,1.6%,1.6%
2024-03-28,7:15pm,USD,Chicago PMI,Medium,41.4,44.0
2024-03-28,7:30pm,USD,Pending Home Sales m/m,High,1.6%,-4.7%
2024-03-28,7:30pm,USD,Revised UoM Consumer Sentiment,High,79.4,76.5
2024-03-28,7:30pm,USD,Revised UoM Inflation Expectations,Low,2.9%,3.0%
2024-03-28,8:00pm,USD,Natural Gas Storage,Low,-36B,7B
2024-03-29,1:15pm,EUR,French Consumer Spending m/m,Low,0.0%,-0.6%
2024-03-29,1:15pm,EUR,French Prelim CPI m/m,Low,0.2%,0.9%
2024-03-29,3:30pm,EUR,Italian Prelim CPI m/m,Low,0.1%,0.1%
2024-03-29,6:00pm,USD,Core PCE Price Index m/m,High,0.3%,0.5%
2024-03-29,6:00pm,USD,Goods Trade Balance,Low,-91.8B,-90.5B
2024-03-29,6:00pm,USD,Personal Income m/m,Low,0.3%,1.0%
2024-03-29,6:00pm,USD,Personal Spending m/m,Low,0.8%,0.2%
2024-03-29,6:00pm,USD,Prelim Wholesale Inventories m/m,Low,0.5%,-0.3%
2024-04-01,7:15pm,USD,Final Manufacturing PMI,Low,51.9,52.5
2024-04-01,7:30pm,USD,ISM Manufacturing PMI,High,50.3,47.8
2024-04-01,7:30pm,USD,ISM Manufacturing Prices,Medium,55.8,52.5
2024-04-01,7:30pm,USD,Construction Spending m/m,Low,-0.3%,-0.2%
2024-04-02,All Day,EUR,German Prelim CPI m/m,High,0.4%,0.4%
2024-04-02,12:30pm,EUR,Spanish Unemployment Change,Low,-33.4K,-7.5K
2024-04-02,12:45pm,EUR,Spanish Manufacturing PMI,Low,51.4,51.5
2024-04-02,1:15pm,EUR,Italian Manufacturing PMI,Low,50.4,48.7
2024-04-02,1:20pm,EUR,French Final Manufacturing PMI,Low,46.2,45.8
2024-04-02,1:25pm,EUR,German Final Manufacturing PMI,Low,41.9,41.6
2024-04-02,1:30pm,EUR,Final Manufacturing PMI,Low,46.1,45.7
2024-04-02,7:30pm,USD,JOLTS Job Openings,High,8.76M,8.75M
2024-04-02,7:30pm,USD,Factory Orders m/m,Low,1.4%,-3.8%
2024-04-02,All Day,USD,Wards Total Vehicle Sales,Low,15.5M,15.8M
2024-04-03,12:15pm,EUR,French Gov Budget Balance,Low,-44.0B,-25.7B
2024-04-03,1:30pm,EUR,Italian Monthly Unemployment Rate,Low,7.5%,7.3%
2024-04-03,2:30pm,EUR,Core CPI Flash Estimate y/y,Medium,2.9%,3.1%
2024-04-03,2:30pm,EUR,CPI Flash Estimate y/y,Medium,2.4%,2.6%
2024-04-03,2:30pm,EUR,Unemployment Rate,Low,6.5%,6.5%
2024-04-03,3:03pm,EUR,German 10-y Bond Auction,Low,2.38|2.0,2.30|2.3
2024-04-03,5:45pm,USD,ADP Non-Farm Employment Change,High,184K,155K
2024-04-03,7:15pm,USD,Final Services PMI,Medium,51.7,51.7
2024-04-03,7:30pm,USD,ISM Services PMI,High,51.4,52.6
2024-04-03,8:00pm,USD,Crude Oil Inventories,Low,3.2M,3.2M
2024-04-04,12:45pm,EUR,Spanish Services PMI,Low,56.1,54.7
2024-04-04,1:15pm,EUR,Italian Services PMI,Low,54.6,52.2
2024-04-04,1:20pm,EUR,French Final Services PMI,Low,48.3,47.8
2024-04-04,1:25pm,EUR,German Final Services PMI,Low,50.1,49.8
2024-04-04,1:30pm,EUR,Final Services PMI,Low,51.5,51.1
2024-04-04,2:12pm,EUR,Spanish 10-y Bond Auction,Low,3.19|1.8,3.16|2.2
2024-04-04,2:30pm,EUR,PPI m/m,Low,-1.0%,-0.9%
2024-04-04,2:32pm,EUR,French 10-y Bond Auction,Low,2.87|1.9,2.81|2.4
2024-04-04,2:33pm,USD,Challenger Job Cuts y/y,Low,0.7%,8.8%
2024-04-04,2:33pm,USD,Unemployment Claims,High,221K,212K
2024-04-04,2:33pm,USD,Trade Balance,Low,-68.9B,-67.6B
2024-04-04,8:00pm,USD,Natural Gas Storage,Low,-37B,-36B
2024-04-05,11:30am,EUR,German Factory Orders m/m,Low,0.2%,-11.4%
2024-04-05,11:30am,EUR,German Import Prices m/m,Low,-0.2%,0.0%
2024-04-05,12:15pm,EUR,French Industrial Production m/m,Low,0.2%,-0.9%
2024-04-05,2:30pm,EUR,Retail Sales m/m,Low,-0.5%,0.0%
2024-04-05,2:30pm,USD,Average Hourly Earnings m/m,High,0.3%,0.2%
2024-04-05,2:30pm,USD,Non-Farm Employment Change,High,303K,270K
2024-04-05,2:30pm,USD,Unemployment Rate,High,3.8%,3.9%
2024-04-06,12:30am,USD,Consumer Credit m/m,Low,14.1B,17.7B
2024-04-08,11:30am,EUR,German Industrial Production m/m,Low,2.1%,1.3%
2024-04-08,11:30am,EUR,German Trade Balance,Low,21.4B,27.6B
2024-04-08,2:00pm,EUR,Sentix Investor Confidence,Low,-5.9,-10.5
2024-04-09,12:15pm,EUR,French Trade Balance,Low,-5.2B,-7.2B
2024-04-09,3:30pm,USD,NFIB Small Business Index,Low,88.5,89.4
2024-04-09,7:36pm,USD,RCM/TIPP Economic Optimism,Low,43.2,43.5
2024-04-10,1:30pm,EUR,Italian Retail Sales m/m,Low,0.1%,0.0%
2024-04-10,1:30pm,USD,Core CPI m/m,High,0.4%,0.4%
2024-04-10,1:30pm,USD,CPI m/m,High,0.4%,0.4%
2024-04-10,1:30pm,USD,CPI y/y,High,3.5%,3.2%
2024-04-10,7:30pm,USD,Final Wholesale Inventories m/m,Low,0.5%,0.5%
2024-04-10,7:30pm,USD,Crude Oil Inventories,Low,5.8M,3.2M
2024-04-10,10:31pm,USD,10-y Bond Auction,Medium,4.56|2.3,4.17|2.5
2024-04-10,10:31pm,USD,Federal Budget Balance,Low,-236.5B,-296.3B
2024-04-11,1:30pm,EUR,Italian Industrial Production m/m,Low,0.1%,-1.4%
2024-04-11,5:45pm,EUR,Main Refinancing Rate,High,4.50%,4.50%
2024-04-11,6:00pm,USD,Core PPI m/m,High,0.2%,0.3%
2024-04-11,6:00pm,USD,PPI m/m,High,0.2%,0.6%
2024-04-11,6:00pm,USD,Unemployment Claims,High,211K,222k
2024-04-11,8:00pm,USD,Natural Gas Storage,Low,24B,-37B
2024-04-11,10:31pm,USD,30-y Bond Auction,High,4.67|2.4,4.33|2.5
2024-04-12,11:30am,EUR,German Final CPI m/m,Low,0.4%,0.4%
2024-04-12,12:15pm,EUR,French Final CPI m/m,Low,0.2%,0.2%
2024-04-12,6:00pm,USD,Import Prices m/m,Low,0.4%,0.3%
2024-04-12,7:30pm,USD,Prelim UoM Consumer Sentiment,High,77.9,79.4
2024-04-12,7:30pm,USD,Prelim UoM Inflation Expectations,Medium,3.1%,2.9%
2024-04-15,2:30pm,EUR,Industrial Production m/m,Low,0.8%,-3.0%
2024-04-15,2:30pm,USD,Core Retail Sales m/m,High,1.1%,0.6%
2024-04-15,2:30pm,USD,Empire State Manufacturing Index,High,-14.3,-20.9
2024-04-15,2:30pm,USD,Retail Sales m/m,High,0.7%,0.9%
2024-04-15,7:30pm,USD,Business Inventories m/m,Low,0.4%,0.0%
2024-04-15,7:30pm,USD,NAHB Housing Market Index,Low,51,51
2024-04-16,11:30am,EUR,German WPI m/m,Low,0.2%,-0.1%
2024-04-16,2:30pm,EUR,Italian Trade Balance,Low,6.03B,2.50B
2024-04-16,2:30pm,EUR,Trade Balance,Low,17.9B,27.1B
2024-04-16,2:30pm,EUR,German ZEW Economic Sentiment,Low,42.9,31.7
2024-04-16,2:30pm,EUR,ZEW Economic Sentiment,Low,43.9,33.5
2024-04-16,2:30pm,USD,Building Permits,Medium,1.46M,1.52M
2024-04-16,2:30pm,USD,Housing Starts,Low,1.32M,1.55M
2024-04-16,6:45pm,USD,Industrial Production m/m,Medium,0.4%,0.4%
2024-04-16,6:45pm,USD,Capacity Utilization Rate,Low,78.4%,78.2%
2024-04-17,2:30pm,EUR,Final Core CPI y/y,Low,2.9%,2.9%
2024-04-17,2:30pm,EUR,Final CPI y/y,Low,2.4%,2.4%
2024-04-17,3:07pm,EUR,German 30-y Bond Auction,Low,2.62|3.2,2.52|3.4
2024-04-17,8:00pm,USD,Crude Oil Inventories,Low,2.7M,5.8M
2024-04-18,1:30am,USD,TIC Long-Term Purchases,Low,71.5B,14.0B
2024-04-18,1:30pm,EUR,Current Account,Low,29.5B,39.3B
2024-04-18,2:15pm,EUR,Spanish 10-y Bond Auction,Low,3.25|1.8,3.19|1.8
2024-04-18,6:00pm,USD,Unemployment Claims,High,212K,212K
2024-04-18,6:00pm,USD,Philly Fed Manufacturing Index,Medium,15.5,3.2
2024-04-18,7:30pm,USD,Existing Home Sales,Medium,4.19M,4.38M
2024-04-18,7:30pm,USD,CB Leading Index m/m,Low,-0.3%,0.2%
2024-04-18,8:00pm,USD,Natural Gas Storage,Low,50B,24B
2024-04-19,11:30am,EUR,German PPI m/m,Low,0.2%,-0.4%
2024-04-22,7:30pm,EUR,Consumer Confidence,Low,-15,-15
2024-04-23,12:45pm,EUR,French Flash Manufacturing PMI,High,44.9,46.2
2024-04-23,12:45pm,EUR,French Flash Services PMI,High,50.5,48.3
2024-04-23,1:00pm,EUR,German Flash Manufacturing PMI,High,42.2,41.9
2024-04-23,1:00pm,EUR,German Flash Services PMI,High,53.3,50.1
2024-04-23,1:30pm,EUR,Flash Manufacturing PMI,Medium,45.6,46.1
2024-04-23,1:30pm,EUR,Flash Services PMI,Medium,52.9,51.5
2024-04-23,7:15pm,USD,Flash Manufacturing PMI,High,49.9,51.9
2024-04-23,7:15pm,USD,Flash Services PMI,High,50.9,51.7
2024-04-23,7:29pm,USD,Richmond Manufacturing Index,Medium,-7,-11
2024-04-23,7:30pm,USD,New Home Sales,Medium,693K,637K
2024-04-24,5:20am,EUR,German ifo Business Climate,Medium,89.4,87.9
2024-04-24,3:03pm,EUR,German 10-y Bond Auction,Low,2.54|2.5,2.38|2.0
2024-04-24,3:30pm,USD,Core Durable Goods Orders m/m,Medium,0.2%,0.3%
2024-04-24,3:30pm,USD,Durable Goods Orders m/m,Medium,2.6%,1.3%
2024-04-24,6:25pm,EUR,Belgian NBB Business Climate,Low,-11.9,-10.4
2024-04-24,8:00pm,USD,Crude Oil Inventories,Low,-6.4M,2.7M
2024-04-25,11:30am,EUR,German GfK Consumer Climate,Low,-24.2,-27.3
2024-04-25,6:00pm,USD,Advance GDP q/q,High,1.6%,3.4%
2024-04-25,6:00pm,USD,Unemployment Claims,High,207K,212K
2024-04-25,6:00pm,USD,Advance GDP Price Index q/q,Medium,3.1%,1.6%
2024-04-25,6:00pm,USD,Goods Trade Balance,Low,-91.8B,-90.3B
2024-04-25,6:00pm,USD,Prelim Wholesale Inventories m/m,Low,-0.4%,0.4%
2024-04-25,7:30pm,USD,Pending Home Sales m/m,High,3.4%,1.6%
2024-04-25,8:00pm,USD,Natural Gas Storage,Low,92B,50B
2024-04-26,12:30pm,EUR,Spanish Unemployment Rate,Low,12.3%,11.8%
2024-04-26,12:30pm,EUR,M3 Money Supply y/y,Low,0.9%,0.4%
2024-04-26,12:30pm,EUR,Private Loans y/y,Low,0.2%,0.3%
2024-04-26,6:00pm,USD,Core PCE Price Index m/m,High,0.3%,0.3%
2024-04-26,6:00pm,USD,Personal Income m/m,Low,0.5%,0.3%
2024-04-26,6:00pm,USD,Personal Spending m/m,Low,0.8%,0.8%
2024-04-26,7:30pm,USD,Revised UoM Consumer Sentiment,High,77.2,77.9
2024-04-26,7:30pm,USD,Revised UoM Inflation Expectations,Low,3.2%,3.1%
2024-04-29,All Day,EUR,German Prelim CPI m/m,High,0.5%,0.4%
2024-04-29,12:30pm,EUR,Spanish Flash CPI y/y,Medium,3.3%,3.2%
2024-04-29,2:43pm,EUR,Italian 10-y Bond Auction,Low,3.86|1.3,3.67|1.4
2024-04-30,11:00am,EUR,French Consumer Spending m/m,Low,0.4%,0.1%
2024-04-30,11:00am,EUR,French Flash GDP q/q,Low,0.2%,0.1%
2024-04-30,11:30am,EUR,German Import Prices m/m,Low,0.4%,-0.2%
2024-04-30,11:30am,EUR,German Retail Sales m/m,Low,1.8%,-1.9%
2024-04-30,12:15pm,EUR,French Prelim CPI m/m,Low,0.5%,0.2%
2024-04-30,12:15pm,EUR,Spanish Flash GDP q/q,Low,0.7%,0.7%
2024-04-30,1:25pm,EUR,German Unemployment Change,Low,10K,6K
2024-04-30,1:30pm,EUR,Italian Prelim GDP q/q,Low,0.3%,0.1%
2024-04-30,1:30pm,EUR,German Prelim GDP q/q,Low,0.2%,-0.5%
2024-04-30,2:30pm,EUR,Core CPI Flash Estimate y/y,Medium,2.7%,2.9%
2024-04-30,2:30pm,EUR,CPI Flash Estimate y/y,Medium,2.4%,2.4%
2024-04-30,2:30pm,EUR,Italian Prelim CPI m/m,Low,0.2%,0.0%
2024-04-30,2:30pm,EUR,Prelim Flash GDP q/q,Low,0.3%,0.0%
2024-04-30,2:30pm,USD,Employment Cost Index q/q,High,1.2%,0.9%
2024-04-30,6:30pm,USD,S&P/CS Composite-20 HPI y/y,Medium,7.3%,6.6%
2024-04-30,6:30pm,USD,HPI m/m,Low,1.2%,-0.1%
2024-04-30,7:15pm,USD,Chicago PMI,Medium,37.9,41.4
2024-04-30,7:30pm,USD,CB Consumer Confidence,High,97.0,103.1
2024-05-01,5:45pm,USD,ADP Non-Farm Employment Change,High,192K,208K
2024-05-01,7:15pm,USD,Final Manufacturing PMI,High,50.0,49.9
2024-05-01,7:30pm,USD,ISM Manufacturing PMI,High,49.2,50.3
2024-05-01,7:30pm,USD,JOLTS Job Openings,High,8.49M,8.81M
2024-05-01,7:30pm,USD,ISM Manufacturing Prices,Medium,60.9,55.8
2024-05-01,7:30pm,USD,Construction Spending m/m,Low,-0.2%,0.0%
2024-05-01,All Day,USD,Wards Total Vehicle Sales,Low,15.7M,15.5M
2024-05-01,8:00pm,USD,Crude Oil Inventories,Low,7.3M,-6.4M
2024-05-01,11:30pm,USD,Federal Funds Rate,High,5.50%,5.50%
2024-05-02,12:45pm,EUR,Spanish Manufacturing PMI,Low,52.2,51.4
2024-05-02,1:15pm,EUR,Italian Manufacturing PMI,Low,47.3,50.4
2024-05-02,1:20pm,EUR,French Final Manufacturing PMI,Low,45.3,44.9
2024-05-02,1:25pm,EUR,German Final Manufacturing PMI,Low,42.5,42.2
2024-05-02,1:30pm,EUR,Final Manufacturing PMI,Low,45.7,45.6
2024-05-02,2:28pm,EUR,French 10-y Bond Auction,Low,3.03|2.2,2.87|1.9
2024-05-02,5:00pm,USD,Challenger Job Cuts y/y,Low,-3.3%,0.7%
2024-05-02,5:00pm,USD,Unemployment Claims,High,208K,208K
2024-05-02,5:00pm,USD,Prelim Nonfarm Productivity q/q,Low,0.3%,3.5%
2024-05-02,5:00pm,USD,Prelim Unit Labor Costs q/q,Low,4.7%,0.4%
2024-05-02,5:00pm,USD,Trade Balance,Low,-69.4B,-69.5B
2024-05-02,7:30pm,USD,Factory Orders m/m,Low,1.6%,1.2%
2024-05-02,8:00pm,USD,Natural Gas Storage,Low,59B,92B
2024-05-03,12:15pm,EUR,French Gov Budget Balance,Low,-52.8B,-44.0B
2024-05-03,12:15pm,EUR,French Industrial Production m/m,Low,-0.3%,0.2%
2024-05-03,1:30pm,EUR,Italian Monthly Unemployment Rate,Low,7.2%,7.4%
2024-05-03,2:30pm,EUR,Unemployment Rate,Low,6.5%,6.5%
2024-05-03,6:00pm,USD,Average Hourly Earnings m/m,High,0.2%,0.3%
2024-05-03,6:00pm,USD,Non-Farm Employment Change,High,175K,315K
2024-05-03,6:00pm,USD,Unemployment Rate,High,3.9%,3.8%
2024-05-03,7:15pm,USD,Final Services PMI,Medium,51.3,50.9
2024-05-03,7:30pm,USD,ISM Services PMI,High,49.4,51.4
2024-05-06,12:30pm,EUR,Spanish Unemployment Change,Low,-60.5K,-33.4K
2024-05-06,12:45pm,EUR,Spanish Services PMI,Low,56.2,56.1
2024-05-06,1:15pm,EUR,Italian Services PMI,Low,54.3,54.6
2024-05-06,1:20pm,EUR,French Final Services PMI,Low,51.3,50.5
2024-05-06,1:25pm,EUR,German Final Services PMI,Low,53.2,53.3
2024-05-06,1:30pm,EUR,Final Services PMI,Low,53.3,52.9
2024-05-06,2:00pm,EUR,Sentix Investor Confidence,Low,-3.6,-5.9
2024-05-06,2:30pm,EUR,PPI m/m,Low,-0.4%,-1.1%
2024-05-07,11:30am,EUR,German Factory Orders m/m,Low,-0.4%,-0.8%
2024-05-07,11:30am,EUR,German Trade Balance,Low,22.3B,21.4B
2024-05-07,12:15pm,EUR,French Prelim Private Payrolls q/q,Low,0.2%,-0.1%
2024-05-07,12:15pm,EUR,French Trade Balance,Low,-5.5B,-5.6B
2024-05-07,2:30pm,EUR,Retail Sales m/m,Low,0.8%,-0.3%
2024-05-07,7:36pm,USD,RCM/TIPP Economic Optimism,Low,41.8,43.2
2024-05-08,12:30am,USD,Consumer Credit m/m,Low,6.3B,15.0B
2024-05-08,11:30am,EUR,German Industrial Production m/m,Low,-0.4%,1.7%
2024-05-08,1:30pm,EUR,Italian Retail Sales m/m,Low,0.0%,0.1%
2024-05-08,7:30pm,USD,Final Wholesale Inventories m/m,Low,-0.4%,-0.4%
2024-05-08,8:00pm,USD,Crude Oil Inventories,Low,-1.4M,7.3M
2024-05-08,10:31pm,USD,10-y Bond Auction,Medium,4.48|2.5,4.56|2.3
2024-05-09,6:00pm,USD,Unemployment Claims,High,231K,209K
2024-05-09,8:00pm,USD,Natural Gas Storage,Low,79B,59B
2024-05-09,10:31pm,USD,30-y Bond Auction,High,4.64|2.4,4.67|2.4
2024-05-10,1:30pm,EUR,Italian Industrial Production m/m,Low,-0.5%,0.0%
2024-05-10,7:30pm,USD,Prelim UoM Consumer Sentiment,High,67.4,77.2
2024-05-10,7:30pm,USD,Prelim UoM Inflation Expectations,Medium,3.5%,3.2%
2024-05-10,11:30pm,USD,Federal Budget Balance,Low,209.5B,-236.5B
2024-05-13,7:15pm,USD,Cleveland Fed Inflation Expectations,Low,3.8%,3.4%
2024-05-14,11:30am,EUR,German Final CPI m/m,Low,0.5%,0.5%
2024-05-14,2:30pm,EUR,ZEW Economic Sentiment,Low,47.0,43.9
2024-05-14,2:30pm,EUR,German ZEW Economic Sentiment,Low,47.1,42.9
2024-05-14,3:30pm,USD,NFIB Small Business Index,Low,89.7,88.5
2024-05-14,3:30pm,USD,Core PPI m/m,High,0.5%,-0.1%
2024-05-14,3:30pm,USD,PPI m/m,High,0.5%,-0.1%
2024-05-15,12:15pm,EUR,French Final CPI m/m,Low,0.5%,0.5%
2024-05-15,12:15pm,EUR,Flash Employment Change q/q,Low,0.3%,0.3%
2024-05-15,12:15pm,EUR,Flash GDP q/q,Low,0.3%,0.3%
2024-05-15,12:15pm,EUR,Industrial Production m/m,Low,0.6%,1.0%
2024-05-15,3:03pm,EUR,German 30-y Bond Auction,Low,2.62|3.1,2.62|3.2
2024-05-15,3:03pm,USD,Core CPI m/m,High,0.3%,0.4%
2024-05-15,3:03pm,USD,Core Retail Sales m/m,High,0.2%,0.9%
2024-05-15,3:03pm,USD,CPI m/m,High,0.3%,0.4%
2024-05-15,3:03pm,USD,CPI y/y,High,3.4%,3.5%
2024-05-15,3:03pm,USD,Empire State Manufacturing Index,High,-15.6,-14.3
2024-05-15,3:03pm,USD,Retail Sales m/m,High,0.0%,0.6%
2024-05-15,7:30pm,USD,Business Inventories m/m,Low,-0.1%,0.3%
2024-05-15,7:30pm,USD,NAHB Housing Market Index,Low,45,51
2024-05-15,7:30pm,USD,Crude Oil Inventories,Low,-2.5M,-1.4M
2024-05-16,1:30am,USD,TIC Long-Term Purchases,Low,100.5B,62.9B
2024-05-16,2:30pm,EUR,Italian Trade Balance,Low,4.34B,6.00B
2024-05-16,6:00pm,USD,Unemployment Claims,High,222K,232K
2024-05-16,6:00pm,USD,Building Permits,Medium,1.44M,1.49M
2024-05-16,6:00pm,USD,Philly Fed Manufacturing Index,Medium,4.5,15.5
2024-05-16,6:00pm,USD,Housing Starts,Low,1.36M,1.29M
2024-05-16,6:00pm,USD,Import Prices m/m,Low,0.9%,0.6%
2024-05-16,6:45pm,USD,Industrial Production m/m,Medium,0.0%,0.1%
2024-05-16,6:45pm,USD,Capacity Utilization Rate,Low,78.4%,78.5%
2024-05-16,7:53pm,USD,Mortgage Delinquencies,Low,3.94%,3.88%
2024-05-16,8:00pm,USD,Natural Gas Storage,Low,70B,79B
2024-05-17,2:30pm,EUR,Final Core CPI y/y,Low,2.7%,2.7%
2024-05-17,2:30pm,EUR,Final CPI y/y,Low,2.4%,2.4%
2024-05-17,7:30pm,USD,CB Leading Index m/m,Low,-0.6%,-0.3%
2024-05-21,11:30am,EUR,German PPI m/m,Low,0.2%,0.2%
2024-05-21,11:30am,EUR,Current Account,Low,35.8B,28.9B
2024-05-21,2:30pm,EUR,Trade Balance,Low,17.3B,16.7B
2024-05-22,3:02pm,EUR,German 10-y Bond Auction,Low,2.53|2.8,2.54|2.5
2024-05-22,7:30pm,USD,Existing Home Sales,Medium,4.14M,4.22M
2024-05-22,8:00pm,USD,Crude Oil Inventories,Low,1.8M,-2.5M
2024-05-23,12:45pm,EUR,French Flash Manufacturing PMI,High,46.7,45.3
2024-05-23,12:45pm,EUR,French Flash Services PMI,High,49.4,51.3
2024-05-23,1:00pm,EUR,German Flash Manufacturing PMI,High,45.4,42.5
2024-05-23,1:00pm,EUR,German Flash Services PMI,High,53.9,53.2
2024-05-23,1:30pm,EUR,Flash Manufacturing PMI,Medium,47.4,45.7
2024-05-23,1:30pm,EUR,Flash Services PMI,Medium,53.3,53.3
2024-05-23,2:00pm,USD,Unemployment Claims,High,215K,223K
2024-05-23,7:15pm,USD,Flash Manufacturing PMI,High,50.9,50.0
2024-05-23,7:15pm,USD,Flash Services PMI,High,54.8,51.3
2024-05-23,7:30pm,EUR,Consumer Confidence,Low,-14,-15
2024-05-23,7:30pm,USD,New Home Sales,Medium,634K,665K
2024-05-23,8:00pm,USD,Natural Gas Storage,Low,78B,70B
2024-05-24,11:30am,EUR,German Final GDP q/q,Low,0.2%,0.2%
2024-05-24,11:30am,USD,Core Durable Goods Orders m/m,Medium,0.4%,0.0%
2024-05-24,11:30am,USD,Durable Goods Orders m/m,Medium,0.7%,0.9%
2024-05-24,7:30pm,USD,Revised UoM Consumer Sentiment,High,69.1,67.4
2024-05-24,7:30pm,USD,Revised UoM Inflation Expectations,Low,3.3%,3.5%
2024-05-27,1:30pm,EUR,German ifo Business Climate,Medium,89.3,89.3
2024-05-27,6:29pm,EUR,Belgian NBB Business Climate,Low,-11.0,-11.9
2024-05-28,11:30am,EUR,German WPI m/m,Low,0.4%,0.2%
2024-05-28,6:30pm,USD,S&P/CS Composite-20 HPI y/y,Medium,7.4%,7.3%
2024-05-28,6:30pm,USD,HPI m/m,Low,0.1%,1.2%
2024-05-28,7:30pm,USD,CB Consumer Confidence,High,102.0,97.5
2024-05-29,11:30am,EUR,German GfK Consumer Climate,Low,-20.9,-24.0
2024-05-29,All Day,EUR,German Prelim CPI m/m,High,0.1%,0.5%
2024-05-29,All Day,EUR,M3 Money Supply y/y,Low,1.3%,0.9%
2024-05-29,All Day,EUR,Private Loans y/y,Low,0.2%,0.2%
2024-05-29,7:29pm,USD,Richmond Manufacturing Index,Medium,0,-7
2024-05-30,7:29pm,EUR,Spanish Flash CPI y/y,Medium,3.6%,3.3%
2024-05-30,1:30pm,EUR,Italian Monthly Unemployment Rate,Low,6.9%,7.1%
2024-05-30,2:30pm,EUR,Unemployment Rate,Low,6.4%,6.5%
2024-05-30,2:51pm,EUR,Italian 10-y Bond Auction,Low,3.97|1.5,3.86|1.3
2024-05-30,2:51pm,USD,Prelim GDP q/q,High,1.3%,1.6%
2024-05-30,2:51pm,USD,Unemployment Claims,High,219K,216K
2024-05-30,2:51pm,USD,Prelim GDP Price Index q/q,Medium,3.0%,3.1%
2024-05-30,2:51pm,USD,Goods Trade Balance,Low,-99.4B,-92.3B
2024-05-30,2:51pm,USD,Prelim Wholesale Inventories m/m,Low,0.2%,-0.4%
2024-05-30,7:30pm,USD,Pending Home Sales m/m,High,-7.7%,3.6%
2024-05-30,8:00pm,USD,Natural Gas Storage,Low,84B,78B
2024-05-30,8:30pm,USD,Crude Oil Inventories,Low,-4.2M,1.8M
2024-05-31,11:00am,EUR,French Final Private Payrolls q/q,Low,0.3%,0.2%
2024-05-31,11:30am,EUR,German Import Prices m/m,Low,0.7%,0.4%
2024-05-31,11:30am,EUR,German Retail Sales m/m,Low,-1.2%,2.6%
2024-05-31,12:15pm,EUR,French Consumer Spending m/m,Low,-0.8%,0.5%
2024-05-31,12:15pm,EUR,French Prelim CPI m/m,Low,0.0%,0.5%
2024-05-31,12:15pm,EUR,French Prelim GDP q/q,Low,0.2%,0.2%
2024-05-31,2:30pm,EUR,Core CPI Flash Estimate y/y,High,2.9%,2.7%
2024-05-31,2:30pm,EUR,CPI Flash Estimate y/y,High,2.6%,2.4%
2024-05-31,2:30pm,EUR,Italian Prelim CPI m/m,Low,0.2%,0.1%
2024-05-31,2:30pm,USD,Core PCE Price Index m/m,High,0.2%,0.3%
2024-05-31,2:30pm,USD,Personal Income m/m,Low,0.3%,0.5%
2024-05-31,2:30pm,USD,Personal Spending m/m,Low,0.2%,0.7%
2024-05-31,7:15pm,USD,Chicago PMI,Medium,35.4,37.9
2024-06-03,12:45pm,EUR,Spanish Manufacturing PMI,Low,54.0,52.2
2024-06-03,1:15pm,EUR,Italian Manufacturing PMI,Low,45.6,47.3
2024-06-03,1:20pm,EUR,French Final Manufacturing PMI,Low,46.4,46.7
2024-06-03,1:25pm,EUR,German Final Manufacturing PMI,Low,45.4,45.4
2024-06-03,1:30pm,EUR,Final Manufacturing PMI,Low,47.3,47.4
2024-06-03,7:15pm,USD,Final Manufacturing PMI,High,51.3,50.9
2024-06-03,7:30pm,USD,ISM Manufacturing PMI,High,48.7,49.2
2024-06-03,7:30pm,USD,ISM Manufacturing Prices,Medium,57.0,60.9
2024-06-03,7:30pm,USD,Construction Spending m/m,Low,-0.1%,-0.2%
2024-06-03,All Day,USD,Wards Total Vehicle Sales,Low,15.9M,15.7M
2024-06-04,12:15pm,EUR,French Gov Budget Balance,Low,-91.6B,-52.8B
2024-06-04,12:30pm,EUR,Spanish Unemployment Change,Low,-58.7K,-60.5K
2024-06-04,1:25pm,EUR,German Unemployment Change,Low,25K,10K
2024-06-04,7:30pm,USD,JOLTS Job Openings,High,8.06M,8.36M
2024-06-04,7:30pm,USD,Factory Orders m/m,Low,0.7%,0.8%
2024-06-04,7:32pm,USD,RCM/TIPP Economic Optimism,Low,40.5,41.8
2024-06-05,12:15pm,EUR,French Industrial Production m/m,Low,0.5%,-0.2%
2024-06-05,12:45pm,EUR,Spanish Services PMI,Low,56.9,56.2
2024-06-05,1:15pm,EUR,Italian Services PMI,Low,54.2,54.3
2024-06-05,1:20pm,EUR,French Final Services PMI,Low,49.3,49.4
2024-06-05,1:25pm,EUR,German Final Services PMI,Low,54.2,53.9
2024-06-05,1:30pm,EUR,Final Services PMI,Low,53.2,53.3
2024-06-05,2:30pm,EUR,PPI m/m,Low,-1.0%,-0.5%
2024-06-05,5:45pm,USD,ADP Non-Farm Employment Change,High,152K,188K
2024-06-05,5:45pm,USD,Final Services PMI,Medium,54.8,54.8
2024-06-05,7:30pm,USD,ISM Services PMI,High,53.8,49.4
2024-06-05,7:30pm,USD,Crude Oil Inventories,Low,1.2M,-4.2M
2024-06-06,11:30am,EUR,German Factory Orders m/m,Low,-0.2%,-0.4%
2024-06-06,1:30pm,EUR,Italian Retail Sales m/m,Low,-0.1%,0.0%
2024-06-06,2:28pm,EUR,French 10-y Bond Auction,Low,3.05|2.0,3.03|2.2
2024-06-06,2:30pm,EUR,Retail Sales m/m,Low,-0.5%,0.7%
2024-06-06,5:00pm,USD,Challenger Job Cuts y/y,Low,-20.3%,-3.3%
2024-06-06,5:45pm,EUR,Main Refinancing Rate,High,4.25%,4.50%
2024-06-06,5:45pm,USD,Unemployment Claims,High,229K,221K
2024-06-06,5:45pm,USD,Revised Nonfarm Productivity q/q,Low,0.2%,0.3%
2024-06-06,5:45pm,USD,Revised Unit Labor Costs q/q,Low,4.0%,4.7%
2024-06-06,5:45pm,USD,Trade Balance,Low,-74.6B,-68.6B
2024-06-06,8:00pm,USD,Natural Gas Storage,Low,98B,84B
2024-06-07,11:30am,EUR,German Industrial Production m/m,Low,-0.1%,-0.4%
2024-06-07,11:30am,EUR,German Trade Balance,Low,22.1B,22.2B
2024-06-07,12:15pm,EUR,French Trade Balance,Low,-7.6B,-5.4B
2024-06-07,2:30pm,EUR,Final Employment Change q/q,Low,0.3%,0.3%
2024-06-07,2:30pm,EUR,Revised GDP q/q,Low,0.3%,0.3%
2024-06-07,2:30pm,USD,Average Hourly Earnings m/m,High,0.4%,0.2%
2024-06-07,2:30pm,USD,Non-Farm Employment Change,High,272K,165K
2024-06-07,2:30pm,USD,Unemployment Rate,High,4.0%,3.9%
2024-06-07,7:30pm,USD,Final Wholesale Inventories m/m,Low,0.1%,0.2%
2024-06-08,12:30am,USD,Consumer Credit m/m,Low,6.4B,-1.1B
2024-06-10,1:30pm,EUR,Italian Industrial Production m/m,Low,-1.0%,-0.5%
2024-06-10,2:00pm,EUR,Sentix Investor Confidence,Low,0.3,-3.6
2024-06-11,3:30pm,USD,NFIB Small Business Index,Low,90.5,89.7
2024-06-11,10:31pm,USD,10-y Bond Auction,Medium,4.44|2.7,4.48|2.5
2024-06-12,11:30am,EUR,German Final CPI m/m,Low,0.1%,0.1%
2024-06-12,3:03pm,EUR,German 10-y Bond Auction,Low,2.60|2.0,2.53|2.8
2024-06-12,6:00pm,USD,Core CPI m/m,High,0.2%,0.3%
2024-06-12,6:00pm,USD,CPI m/m,High,0.0%,0.3%
2024-06-12,6:00pm,USD,CPI y/y,High,3.3%,3.4%
2024-06-12,8:00pm,USD,Crude Oil Inventories,Low,3.7M,1.2M
2024-06-12,11:30pm,USD,Federal Funds Rate,High,5.50%,5.50%
2024-06-12,11:30pm,USD,Federal Budget Balance,Low,-347.1B,209.5B
2024-06-13,11:30am,EUR,German WPI m/m,Low,0.1%,0.4%
2024-06-13,1:30pm,EUR,Italian Quarterly Unemployment Rate,Low,7.2%,7.4%
2024-06-13,2:30pm,EUR,Industrial Production m/m,Low,-0.1%,0.5%
2024-06-13,6:00pm,USD,Core PPI m/m,High,0.0%,0.5%
2024-06-13,6:00pm,USD,PPI m/m,High,-0.2%,0.5%
2024-06-13,6:00pm,USD,Unemployment Claims,High,242K,229K
2024-06-13,8:00pm,USD,Natural Gas Storage,Low,74B,98B
2024-06-13,10:31pm,USD,30-y Bond Auction,Medium,4.40|2.5,4.64|2.4
2024-06-14,12:15pm,EUR,French Final CPI m/m,Low,0.0%,0.0%
2024-06-14,1:30pm,EUR,Italian Trade Balance,Low,4.81B,4.30B
2024-06-14,2:30pm,EUR,Trade Balance,Low,19.4B,17.2B
2024-06-14,2:30pm,USD,Import Prices m/m,Low,-0.4%,0.9%
2024-06-14,7:30pm,USD,Prelim UoM Consumer Sentiment,High,65.6,69.1
2024-06-14,7:30pm,USD,Prelim UoM Inflation Expectations,Medium,3.3%,3.3%
2024-06-17,5:20am,USD,Empire State Manufacturing Index,High,-6.0,-15.6
2024-06-18,2:30pm,EUR,Final Core CPI y/y,Low,2.9%,2.9%
2024-06-18,2:30pm,EUR,Final CPI y/y,Low,2.6%,2.6%
2024-06-18,2:30pm,EUR,ZEW Economic Sentiment,Low,51.3,47.0
2024-06-18,2:30pm,EUR,German ZEW Economic Sentiment,Low,47.5,47.1
2024-06-18,6:00pm,USD,Core Retail Sales m/m,High,-0.1%,-0.1%
2024-06-18,6:00pm,USD,Retail Sales m/m,High,0.1%,-0.2%
2024-06-18,6:45pm,USD,Industrial Production m/m,Medium,0.9%,0.0%
2024-06-18,6:45pm,USD,Capacity Utilization Rate,Low,78.7%,78.2%
2024-06-18,7:30pm,USD,Business Inventories m/m,Low,0.3%,-0.1%
2024-06-19,1:30am,USD,TIC Long-Term Purchases,Low,123.1B,102.6B
2024-06-19,1:30pm,EUR,Current Account,Low,38.6B,35.8B
2024-06-19,3:06pm,EUR,German 30-y Bond Auction,Low,2.54|1.6,2.62|3.1
2024-06-19,7:30pm,USD,NAHB Housing Market Index,Low,43,45
2024-06-20,7:30pm,EUR,German PPI m/m,Low,0.0%,0.2%
2024-06-20,2:15pm,EUR,Spanish 10-y Bond Auction,Low,3.35|1.7,3.25|1.8
2024-06-20,2:15pm,USD,Unemployment Claims,High,238K,243K
2024-06-20,2:15pm,USD,Building Permits,Medium,1.39M,1.44M
2024-06-20,2:15pm,USD,Philly Fed Manufacturing Index,Medium,1.3,4.5
2024-06-20,2:15pm,USD,Current Account,Low,-238B,-222B
2024-06-20,2:15pm,USD,Housing Starts,Low,1.28M,1.35M
2024-06-20,7:30pm,EUR,Consumer Confidence,Low,-14,-14
2024-06-20,8:30pm,USD,Crude Oil Inventories,Low,-2.5M,3.7M
2024-06-21,12:45pm,EUR,French Flash Manufacturing PMI,High,45.3,46.4
2024-06-21,12:45pm,EUR,French Flash Services PMI,High,48.8,49.3
2024-06-21,1:00pm,EUR,German Flash Manufacturing PMI,High,43.4,45.4
2024-06-21,1:00pm,EUR,German Flash Services PMI,High,53.5,54.2
2024-06-21,1:30pm,EUR,Flash Manufacturing PMI,Medium,45.6,47.3
2024-06-21,1:30pm,EUR,Flash Services PMI,Medium,52.6,53.2
2024-06-21,7:15pm,USD,Flash Manufacturing PMI,High,51.7,51.3
2024-06-21,7:15pm,USD,Flash Services PMI,High,55.1,54.8
2024-06-21,7:30pm,USD,Existing Home Sales,Medium,4.11M,4.14M
2024-06-21,7:30pm,USD,CB Leading Index m/m,Low,-0.5%,-0.6%
2024-06-21,8:00pm,USD,Natural Gas Storage,Low,71B,74B
2024-06-24,1:30pm,EUR,German ifo Business Climate,Medium,88.6,89.3
2024-06-24,6:28pm,EUR,Belgian NBB Business Climate,Low,-11.1,-11.0
2024-06-25,6:30pm,USD,S&P/CS Composite-20 HPI y/y,Medium,7.2%,7.5%
2024-06-25,6:30pm,USD,HPI m/m,Low,0.2%,0.0%
2024-06-25,7:29pm,USD,Richmond Manufacturing Index,Medium,-10,0
2024-06-25,7:30pm,USD,CB Consumer Confidence,High,100.4,101.3
2024-06-26,11:30am,EUR,German GfK Consumer Climate,Low,-21.8,-21.0
2024-06-26,7:30pm,USD,New Home Sales,High,619K,698K
2024-06-26,8:00pm,USD,Crude Oil Inventories,Low,3.6M,-2.5M
2024-06-27,1:30pm,EUR,M3 Money Supply y/y,Low,1.6%,1.3%
2024-06-27,1:30pm,EUR,Private Loans y/y,Low,0.3%,0.2%
2024-06-27,2:39pm,EUR,Italian 10-y Bond Auction,Low,4.01|1.4,3.97|1.5
2024-06-27,6:00pm,USD,Final GDP q/q,High,1.4%,1.3%
2024-06-27,6:00pm,USD,Unemployment Claims,High,233K,239K
2024-06-27,6:00pm,USD,Core Durable Goods Orders m/m,Medium,-0.1%,0.4%
2024-06-27,6:00pm,USD,Durable Goods Orders m/m,Medium,0.1%,0.6%
2024-06-27,6:00pm,USD,Final GDP Price Index q/q,Medium,3.1%,3.0%
2024-06-27,6:00pm,USD,Goods Trade Balance,Low,-100.6B,-98.0B
2024-06-27,6:00pm,USD,Prelim Wholesale Inventories m/m,Low,0.6%,0.1%
2024-06-27,7:30pm,USD,Pending Home Sales m/m,High,-2.1%,-7.7%
2024-06-27,8:00pm,USD,Natural Gas Storage,Low,52B,71B
2024-06-28,11:30am,EUR,German Import Prices m/m,Low,0.0%,0.7%
2024-06-28,12:15pm,EUR,French Prelim CPI m/m,Medium,0.1%,0.0%
2024-06-28,12:15pm,EUR,French Consumer Spending m/m,Low,1.5%,-0.9%
2024-06-28,12:15pm,EUR,Spanish Flash CPI y/y,Medium,3.4%,3.6%
2024-06-28,1:25pm,EUR,German Unemployment Change,Low,19K,25K
2024-06-28,2:30pm,EUR,Italian Prelim CPI m/m,Low,0.1%,0.2%
2024-06-28,2:30pm,USD,Core PCE Price Index m/m,High,0.1%,0.3%
2024-06-28,2:30pm,USD,Personal Income m/m,Low,0.5%,0.3%
2024-06-28,2:30pm,USD,Personal Spending m/m,Low,0.2%,0.1%
2024-06-28,7:15pm,USD,Chicago PMI,Medium,47.4,35.4
2024-06-28,7:30pm,USD,Revised UoM Consumer Sentiment,Medium,68.2,65.6
2024-06-28,7:30pm,USD,Revised UoM Inflation Expectations,Low,3.0%,3.3%
2024-07-01,All Day,EUR,German Prelim CPI m/m,High,0.1%,0.1%
2024-07-01,12:45pm,EUR,Spanish Manufacturing PMI,Low,52.3,54.0
2024-07-01,1:15pm,EUR,Italian Manufacturing PMI,Low,45.7,45.6
2024-07-01,1:20pm,EUR,French Final Manufacturing PMI,Low,45.4,45.3
2024-07-01,1:25pm,EUR,German Final Manufacturing PMI,Low,43.5,43.4
2024-07-01,1:30pm,EUR,Final Manufacturing PMI,Low,45.8,45.6
2024-07-01,7:15pm,USD,Final Manufacturing PMI,Medium,51.6,51.7
2024-07-01,7:30pm,USD,ISM Manufacturing PMI,High,48.5,48.7
2024-07-01,7:30pm,USD,ISM Manufacturing Prices,Medium,52.1,57.0
2024-07-01,7:30pm,USD,Construction Spending m/m,Low,-0.1%,0.3%
2024-07-02,12:30pm,EUR,Spanish Unemployment Change,Low,-46.8K,-58.7K
2024-07-02,1:30pm,EUR,Italian Monthly Unemployment Rate,Low,6.8%,6.8%
2024-07-02,2:30pm,EUR,Core CPI Flash Estimate y/y,High,2.9%,2.9%
2024-07-02,2:30pm,EUR,CPI Flash Estimate y/y,High,2.5%,2.6%
2024-07-02,2:30pm,EUR,Unemployment Rate,Low,6.4%,6.4%
2024-07-02,7:30pm,USD,JOLTS Job Openings,High,8.14M,7.92M
2024-07-02,All Day,USD,Wards Total Vehicle Sales,Low,15.3M,15.9M
2024-07-02,8:10pm,USD,RCM/TIPP Economic Optimism,Low,44.2,40.5
2024-07-03,12:15pm,EUR,French Gov Budget Balance,Low,-113.5B,-91.6B
2024-07-03,12:45pm,EUR,Spanish Services PMI,Low,56.8,56.9
2024-07-03,1:15pm,EUR,Italian Services PMI,Low,53.7,54.2
2024-07-03,1:20pm,EUR,French Final Services PMI,Low,49.6,48.8
2024-07-03,1:25pm,EUR,German Final Services PMI,Low,53.1,53.5
2024-07-03,1:30pm,EUR,Final Services PMI,Low,52.8,52.6
2024-07-03,2:30pm,EUR,PPI m/m,Low,-0.2%,-1.0%
2024-07-03,3:09pm,EUR,German 10-y Bond Auction,Low,2.63|1.9,2.60|2.0
2024-07-03,3:09pm,USD,Challenger Job Cuts y/y,Low,19.8%,-20.3%
2024-07-03,5:45pm,USD,ADP Non-Farm Employment Change,High,150K,157K
2024-07-03,5:45pm,USD,Unemployment Claims,High,238K,234K
2024-07-03,5:45pm,USD,Trade Balance,Low,-75.1B,-74.5B
2024-07-03,7:15pm,USD,Final Services PMI,Medium,55.3,55.1
2024-07-03,7:30pm,USD,ISM Services PMI,High,48.8,53.8
2024-07-03,7:30pm,USD,Factory Orders m/m,Low,-0.5%,0.4%
2024-07-03,8:00pm,USD,Crude Oil Inventories,Low,-12.2M,3.6M
2024-07-03,9:30pm,USD,Natural Gas Storage,Low,32B,52B
2024-07-04,11:30am,EUR,German Factory Orders m/m,Low,-1.6%,-0.6%
2024-07-04,2:11pm,EUR,Spanish 10-y Bond Auction,Low,3.42|2.2,3.35|1.7
2024-07-04,2:31pm,EUR,French 10-y Bond Auction,Low,3.23|2.4,3.05|2.0
2024-07-05,11:30am,EUR,German Industrial Production m/m,Low,-2.5%,0.1%
2024-07-05,12:15pm,EUR,French Industrial Production m/m,Low,-2.1%,0.6%
2024-07-05,12:15pm,EUR,French Trade Balance,Low,-8.0B,-7.6B
2024-07-05,1:30pm,EUR,Italian Retail Sales m/m,Low,0.4%,-0.1%
2024-07-05,2:30pm,EUR,Retail Sales m/m,Low,0.1%,-0.2%
2024-07-05,2:30pm,USD,Average Hourly Earnings m/m,High,0.3%,0.4%
2024-07-05,2:30pm,USD,Non-Farm Employment Change,High,206K,218K
2024-07-05,2:30pm,USD,Unemployment Rate,High,4.1%,4.0%
2024-07-08,11:30am,EUR,German Trade Balance,Low,24.9B,22.2B
2024-07-08,2:00pm,EUR,Sentix Investor Confidence,Low,-7.3,0.3
2024-07-09,12:30am,USD,Consumer Credit m/m,Low,11.4B,6.5B
2024-07-09,3:30pm,USD,NFIB Small Business Index,Low,91.5,90.5
2024-07-10,5:20am,EUR,Italian Industrial Production m/m,Low,0.5%,-1.0%
2024-07-10,5:20am,USD,Final Wholesale Inventories m/m,Low,0.6%,0.6%
2024-07-10,8:00pm,USD,Crude Oil Inventories,Low,-3.4M,-12.2M
2024-07-10,10:31pm,USD,10-y Bond Auction,Medium,4.28|2.6,4.44|2.7
2024-07-11,11:30am,EUR,German Final CPI m/m,Low,0.1%,0.1%
2024-07-11,6:00pm,USD,Core CPI m/m,High,0.1%,0.2%
2024-07-11,6:00pm,USD,CPI m/m,High,-0.1%,0.0%
2024-07-11,6:00pm,USD,CPI y/y,High,3.0%,3.3%
2024-07-11,6:00pm,USD,Unemployment Claims,High,222K,239K
2024-07-11,8:00pm,USD,Natural Gas Storage,Low,65B,32B
2024-07-11,10:31pm,USD,30-y Bond Auction,Medium,4.41|2.3,4.40|2.5
2024-07-11,11:30pm,USD,Federal Budget Balance,Low,-66.0B,-347.1B
2024-07-12,11:30am,EUR,German WPI m/m,Low,-0.3%,0.1%
2024-07-12,12:15pm,EUR,French Final CPI m/m,Low,0.1%,0.1%
2024-07-12,12:15pm,USD,Core PPI m/m,High,0.4%,0.3%
2024-07-12,12:15pm,USD,PPI m/m,High,0.2%,0.0%
2024-07-12,7:30pm,USD,Prelim UoM Consumer Sentiment,High,66.0,68.2
2024-07-12,7:30pm,USD,Prelim UoM Inflation Expectations,Medium,2.9%,3.0%
2024-07-15,2:30pm,EUR,Industrial Production m/m,Low,-0.6%,0.0%
2024-07-15,2:30pm,USD,Empire State Manufacturing Index,High,-6.6,-6.0
2024-07-16,2:30pm,EUR,Italian Trade Balance,Low,6.43B,4.83B
2024-07-16,2:30pm,EUR,Trade Balance,Low,12.3B,18.5B
2024-07-16,2:30pm,EUR,ZEW Economic Sentiment,Low,43.7,51.3
2024-07-16,2:30pm,EUR,German ZEW Economic Sentiment,Low,41.8,47.5
2024-07-16,2:30pm,USD,Core Retail Sales m/m,High,0.4%,0.1%
2024-07-16,2:30pm,USD,Retail Sales m/m,High,0.0%,0.3%
2024-07-16,2:30pm,USD,Import Prices m/m,Low,0.0%,-0.2%
2024-07-16,7:30pm,USD,Business Inventories m/m,Low,0.5%,0.3%
2024-07-16,7:30pm,USD,NAHB Housing Market Index,Low,42,43
2024-07-17,2:30pm,EUR,Final Core CPI y/y,Low,2.9%,2.9%
2024-07-17,2:30pm,EUR,Final CPI y/y,Low,2.5%,2.5%
2024-07-17,3:06pm,EUR,German 30-y Bond Auction,Low,2.59|2.6,2.54|1.6
2024-07-17,3:06pm,USD,Building Permits,Medium,1.45M,1.40M
2024-07-17,3:06pm,USD,Housing Starts,Low,1.35M,1.31M
2024-07-17,6:45pm,USD,Industrial Production m/m,Medium,0.6%,0.9%
2024-07-17,6:45pm,USD,Capacity Utilization Rate,Low,78.8%,78.3%
2024-07-17,8:00pm,USD,Crude Oil Inventories,Low,-4.9M,-3.4M
2024-07-18,2:12pm,EUR,Spanish 10-y Bond Auction,Low,3.19|1.4,3.42|2.2
2024-07-18,5:45pm,EUR,Main Refinancing Rate,High,4.25%,4.25%
2024-07-18,6:00pm,USD,Unemployment Claims,High,243K,223K
2024-07-18,6:00pm,USD,Philly Fed Manufacturing Index,Medium,13.9,1.3
2024-07-18,7:30pm,USD,CB Leading Index m/m,Low,-0.2%,-0.4%
2024-07-18,8:00pm,USD,Natural Gas Storage,Low,10B,65B
2024-07-19,1:30am,USD,TIC Long-Term Purchases,Low,-54.6B,123.3B
2024-07-19,11:30am,EUR,German PPI m/m,Low,0.2%,0.0%
2024-07-19,1:35pm,EUR,Current Account,Low,36.7B,36.7B
2024-07-23,7:29pm,USD,Richmond Manufacturing Index,Medium,-17,-10
2024-07-23,7:30pm,EUR,Consumer Confidence,Low,-13,-14
2024-07-23,7:30pm,USD,Existing Home Sales,Medium,3.89M,4.11M
2024-07-24,11:30am,EUR,German GfK Consumer Climate,Low,-18.4,-21.6
2024-07-24,12:45pm,EUR,French Flash Manufacturing PMI,High,44.1,45.4
2024-07-24,12:45pm,EUR,French Flash Services PMI,High,50.7,49.6
2024-07-24,1:00pm,EUR,German Flash Manufacturing PMI,High,42.6,43.5
2024-07-24,1:00pm,EUR,German Flash Services PMI,High,52.0,53.1
2024-07-24,1:30pm,EUR,Flash Manufacturing PMI,Medium,45.6,45.8
2024-07-24,1:30pm,EUR,Flash Services PMI,Medium,51.9,52.8
2024-07-24,3:02pm,EUR,German 10-y Bond Auction,Low,2.43|1.8,2.63|1.9
2024-07-24,3:02pm,USD,Goods Trade Balance,Low,-96.8B,-99.4B
2024-07-24,3:02pm,USD,Prelim Wholesale Inventories m/m,Low,0.2%,0.6%
2024-07-24,3:02pm,USD,Flash Manufacturing PMI,High,49.5,51.6
2024-07-24,3:02pm,USD,Flash Services PMI,High,56.0,55.3
2024-07-24,7:30pm,USD,New Home Sales,Medium,617K,621K
2024-07-24,7:30pm,USD,Crude Oil Inventories,Low,-3.7M,-4.9M
2024-07-25,1:30pm,EUR,German ifo Business Climate,Medium,87.0,88.6
2024-07-25,1:30pm,EUR,M3 Money Supply y/y,Low,2.2%,1.5%
2024-07-25,1:30pm,EUR,Private Loans y/y,Low,0.3%,0.3%
2024-07-25,6:00pm,USD,Advance GDP q/q,High,2.8%,1.4%
2024-07-25,6:00pm,USD,Unemployment Claims,High,235K,245K
2024-07-25,6:00pm,USD,Advance GDP Price Index q/q,Medium,2.3%,3.1%
2024-07-25,6:00pm,USD,Core Durable Goods Orders m/m,Medium,0.5%,-0.1%
2024-07-25,6:00pm,USD,Durable Goods Orders m/m,Medium,-6.6%,0.1%
2024-07-25,6:00pm,EUR,Belgian NBB Business Climate,Low,-12.3,-11.1
2024-07-25,8:00pm,USD,Natural Gas Storage,Low,22B,10B
2024-07-26,12:30pm,EUR,Spanish Unemployment Rate,Low,11.3%,12.3%
2024-07-26,6:00pm,USD,Core PCE Price Index m/m,High,0.2%,0.1%
2024-07-26,6:00pm,USD,Personal Income m/m,Low,0.2%,0.4%
2024-07-26,6:00pm,USD,Personal Spending m/m,Low,0.3%,0.4%
2024-07-26,7:30pm,USD,Revised UoM Consumer Sentiment,Medium,66.4,66.0
2024-07-26,7:30pm,USD,Revised UoM Inflation Expectations,Low,2.9%,2.9%
2024-07-30,11:00am,EUR,French Consumer Spending m/m,Low,-0.5%,0.8%
2024-07-30,11:00am,EUR,French Flash GDP q/q,Low,0.3%,0.3%
2024-07-30,All Day,EUR,German Prelim CPI m/m,High,0.3%,0.1%
2024-07-30,All Day,EUR,Spanish Flash CPI y/y,Medium,2.8%,3.4%
2024-07-30,All Day,EUR,Spanish Flash GDP q/q,Low,0.8%,0.8%
2024-07-30,1:30pm,EUR,Italian Prelim GDP q/q,Low,0.2%,0.3%
2024-07-30,1:30pm,EUR,German Prelim GDP q/q,Low,-0.1%,0.2%
2024-07-30,2:30pm,EUR,Prelim Flash GDP q/q,Low,0.3%,0.3%
2024-07-30,2:48pm,EUR,Italian 10-y Bond Auction,Low,3.76|1.4,4.01|1.4
2024-07-30,6:30pm,USD,S&P/CS Composite-20 HPI y/y,Medium,6.8%,7.3%
2024-07-30,6:30pm,USD,HPI m/m,Low,0.0%,0.3%
2024-07-30,7:30pm,USD,CB Consumer Confidence,High,100.3,97.8
2024-07-30,7:30pm,USD,JOLTS Job Openings,High,8.18M,8.23M
2024-07-31,11:30am,EUR,German Import Prices m/m,Low,0.4%,0.0%
2024-07-31,12:15pm,EUR,French Prelim CPI m/m,Low,0.1%,0.1%
2024-07-31,1:25pm,EUR,German Unemployment Change,Low,18K,20K
2024-07-31,2:11pm,EUR,Italian Prelim CPI m/m,Low,0.5%,0.1%
2024-07-31,2:30pm,EUR,Core CPI Flash Estimate y/y,High,2.9%,2.9%
2024-07-31,2:30pm,EUR,CPI Flash Estimate y/y,High,2.6%,2.5%
2024-07-31,5:45pm,USD,ADP Non-Farm Employment Change,High,122K,155K
2024-07-31,5:45pm,USD,Employment Cost Index q/q,High,0.9%,1.2%
2024-07-31,7:15pm,USD,Chicago PMI,Medium,45.3,47.4
2024-07-31,7:30pm,USD,Pending Home Sales m/m,High,4.8%,-1.9%
2024-07-31,8:00pm,USD,Crude Oil Inventories,Low,-3.4M,-3.7M
2024-07-31,11:30pm,USD,Federal Funds Rate,High,5.50%,5.50%
2024-08-01,12:45pm,EUR,Spanish Manufacturing PMI,Low,51.0,52.3
2024-08-01,1:15pm,EUR,Italian Manufacturing PMI,Low,47.4,45.7
2024-08-01,1:20pm,EUR,French Final Manufacturing PMI,Low,44.0,44.1
2024-08-01,1:25pm,EUR,German Final Manufacturing PMI,Low,43.2,42.6
2024-08-01,1:25pm,EUR,Final Manufacturing PMI,Low,45.8,45.6
2024-08-01,1:25pm,EUR,Italian Monthly Unemployment Rate,Low,7.0%,6.9%
2024-08-01,2:20pm,EUR,Spanish 10-y Bond Auction,Low,3.11|1.5,3.19|1.4
2024-08-01,2:30pm,EUR,Unemployment Rate,Low,6.5%,6.4%
2024-08-01,2:32pm,EUR,French 10-y Bond Auction,Low,3.01|2.2,3.23|2.4
2024-08-01,2:32pm,USD,Challenger Job Cuts y/y,Low,9.2%,19.8%
2024-08-01,6:00pm,USD,Unemployment Claims,High,249K,235K
2024-08-01,6:00pm,USD,Prelim Nonfarm Productivity q/q,Low,2.3%,0.2%
2024-08-01,6:00pm,USD,Prelim Unit Labor Costs q/q,Low,0.9%,4.0%
2024-08-01,7:15pm,USD,Final Manufacturing PMI,Medium,49.6,49.5
2024-08-01,7:30pm,USD,ISM Manufacturing PMI,High,46.8,48.5
2024-08-01,7:30pm,USD,ISM Manufacturing Prices,Medium,52.9,52.1
2024-08-01,7:30pm,USD,Construction Spending m/m,Low,-0.3%,-0.4%
2024-08-01,All Day,USD,Wards Total Vehicle Sales,Low,15.8M,15.3M
2024-08-01,8:00pm,USD,Natural Gas Storage,Low,18B,22B
2024-08-02,12:15pm,EUR,French Gov Budget Balance,Low,-103.5B,-113.5B
2024-08-02,12:15pm,EUR,French Industrial Production m/m,Low,0.8%,-2.2%
2024-08-02,12:30pm,EUR,Spanish Unemployment Change,Low,-10.8K,-46.8K
2024-08-02,1:30pm,EUR,Italian Industrial Production m/m,Low,0.5%,0.5%
2024-08-02,2:30pm,EUR,Italian Retail Sales m/m,Low,-0.2%,0.4%
2024-08-02,6:00pm,USD,Average Hourly Earnings m/m,High,0.2%,0.3%
2024-08-02,6:00pm,USD,Non-Farm Employment Change,High,114K,179K
2024-08-02,6:00pm,USD,Unemployment Rate,High,4.3%,4.1%
2024-08-02,7:30pm,USD,Factory Orders m/m,Low,-3.3%,-0.5%
2024-08-05,12:45pm,EUR,Spanish Services PMI,Low,53.9,56.8
2024-08-05,1:15pm,EUR,Italian Services PMI,Low,51.7,53.7
2024-08-05,1:20pm,EUR,French Final Services PMI,Low,50.1,50.7
2024-08-05,1:25pm,EUR,German Final Services PMI,Low,52.5,52.0
2024-08-05,1:30pm,EUR,Final Services PMI,Low,51.9,51.9
2024-08-05,2:00pm,EUR,Sentix Investor Confidence,Low,-13.9,-7.3
2024-08-05,2:30pm,EUR,PPI m/m,Low,0.5%,-0.2%
2024-08-05,7:15pm,USD,Final Services PMI,Medium,55.0,56.0
2024-08-05,7:30pm,USD,ISM Services PMI,High,51.4,48.8
2024-08-06,11:30am,EUR,German Factory Orders m/m,Low,3.9%,-1.7%
2024-08-06,12:15pm,EUR,French Prelim Private Payrolls q/q,Low,0.0%,0.3%
2024-08-06,2:30pm,EUR,Retail Sales m/m,Low,-0.3%,0.1%
2024-08-06,2:30pm,USD,Trade Balance,Low,-73.1B,-75.0B
2024-08-06,7:35pm,USD,RCM/TIPP Economic Optimism,Low,44.5,44.2
2024-08-07,11:30am,EUR,German Industrial Production m/m,Low,1.4%,-3.1%
2024-08-07,11:30am,EUR,German Trade Balance,Low,20.4B,25.3B
2024-08-07,12:15pm,EUR,French Trade Balance,Low,-6.1B,-7.7B
2024-08-07,8:00pm,USD,Crude Oil Inventories,Low,-3.7M,-3.4M
2024-08-07,10:31pm,USD,10-y Bond Auction,Medium,3.96|2.3,4.28|2.6
2024-08-08,12:30am,USD,Consumer Credit m/m,Low,8.9B,13.9B
2024-08-08,6:00pm,USD,Unemployment Claims,High,233K,250K
2024-08-08,7:30pm,USD,Final Wholesale Inventories m/m,Low,0.2%,0.2%
2024-08-08,8:00pm,USD,Natural Gas Storage,Low,21B,18B
2024-08-08,10:31pm,USD,30-y Bond Auction,Medium,4.31|2.3,4.41|2.3
2024-08-09,11:30am,EUR,German Final CPI m/m,Low,0.3%,0.3%
2024-08-09,2:30pm,EUR,Italian Trade Balance,Low,5.07B,6.38B
2024-08-12,11:30am,EUR,German WPI m/m,Low,0.3%,-0.3%
2024-08-12,7:26pm,USD,Cleveland Fed Inflation Expectations,Low,3.4%,3.8%
2024-08-12,11:30pm,USD,Federal Budget Balance,Low,-243.7B,-66.0B
2024-08-13,2:30pm,EUR,German ZEW Economic Sentiment,Low,19.2,41.8
2024-08-13,2:30pm,EUR,ZEW Economic Sentiment,Low,17.9,43.7
2024-08-13,3:25pm,USD,NFIB Small Business Index,Low,93.7,91.5
2024-08-13,6:00pm,USD,Core PPI m/m,High,0.0%,0.3%
2024-08-13,6:00pm,USD,PPI m/m,High,0.1%,0.2%
2024-08-14,12:15pm,EUR,French Final CPI m/m,Low,0.2%,0.1%
2024-08-14,2:30pm,EUR,Flash Employment Change q/q,Low,0.2%,0.3%
2024-08-14,2:30pm,EUR,Flash GDP q/q,Low,0.3%,0.3%
2024-08-14,2:30pm,EUR,Industrial Production m/m,Low,-0.1%,-0.9%
2024-08-14,3:04pm,EUR,German 30-y Bond Auction,Low,2.45|2.8,2.59|2.6
2024-08-14,6:00pm,USD,Core CPI m/m,High,0.2%,0.1%
2024-08-14,6:00pm,USD,CPI m/m,High,0.2%,-0.1%
2024-08-14,6:00pm,USD,CPI y/y,High,2.9%,3.0%
2024-08-14,8:00pm,USD,Crude Oil Inventories,Low,1.4M,-3.7M
2024-08-15,4:32pm,USD,Core Retail Sales m/m,High,0.4%,0.5%
2024-08-15,4:32pm,USD,Retail Sales m/m,High,1.0%,-0.2%
2024-08-15,4:32pm,USD,Unemployment Claims,High,227K,234K
2024-08-15,4:32pm,USD,Empire State Manufacturing Index,Medium,-4.7,-6.6
2024-08-15,4:32pm,USD,Philly Fed Manufacturing Index,Medium,-7.0,13.9
2024-08-15,4:32pm,USD,Import Prices m/m,Low,0.1%,0.0%
2024-08-15,6:45pm,USD,Capacity Utilization Rate,Low,77.8%,78.4%
2024-08-15,6:45pm,USD,Industrial Production m/m,Low,-0.6%,0.3%
2024-08-15,7:30pm,USD,Business Inventories m/m,Low,0.3%,0.5%
2024-08-15,7:30pm,USD,NAHB Housing Market Index,Low,39,41
2024-08-15,7:53pm,USD,Mortgage Delinquencies,Low,3.97%,3.94%
2024-08-15,7:53pm,USD,Natural Gas Storage,Low,-6B,21B
2024-08-16,1:30am,USD,TIC Long-Term Purchases,Low,96.1B,-54.1B
2024-08-16,2:30pm,EUR,Trade Balance,Low,17.5B,12.4B
2024-08-16,2:30pm,USD,Building Permits,Medium,1.40M,1.45M
2024-08-16,2:30pm,USD,Housing Starts,Low,1.24M,1.33M
2024-08-16,7:30pm,USD,Prelim UoM Consumer Sentiment,Medium,67.8,66.4
2024-08-16,7:30pm,USD,Prelim UoM Inflation Expectations,Medium,2.9%,2.9%
2024-08-19,7:30pm,USD,CB Leading Index m/m,Low,-0.6%,-0.2%
2024-08-20,7:30pm,EUR,German PPI m/m,Low,0.2%,0.2%
2024-08-20,1:30pm,EUR,Current Account,Low,50.5B,37.6B
2024-08-20,2:30pm,EUR,Final Core CPI y/y,Low,2.9%,2.9%
2024-08-20,2:30pm,EUR,Final CPI y/y,Low,2.6%,2.6%
2024-08-21,3:08pm,EUR,German 10-y Bond Auction,Low,2.22|2.0,2.43|1.8
2024-08-21,7:30pm,USD,Prelim Benchmark Payrolls Revision,High,-818K,-306K
2024-08-21,8:00pm,USD,Crude Oil Inventories,Medium,-4.6M,1.4M
2024-08-22,12:45pm,EUR,French Flash Manufacturing PMI,High,42.1,44.0
2024-08-22,12:45pm,EUR,French Flash Services PMI,High,55.0,50.1
2024-08-22,1:00pm,EUR,German Flash Manufacturing PMI,High,42.1,43.2
2024-08-22,1:00pm,EUR,German Flash Services PMI,High,51.4,52.5
2024-08-22,1:30pm,EUR,Flash Manufacturing PMI,Medium,45.6,45.8
2024-08-22,1:30pm,EUR,Flash Services PMI,Medium,53.3,51.9
2024-08-22,6:00pm,USD,Unemployment Claims,High,232K,228K
2024-08-22,7:15pm,USD,Flash Manufacturing PMI,High,48.0,49.6
2024-08-22,7:15pm,USD,Flash Services PMI,High,55.2,55.0
2024-08-22,7:30pm,EUR,Consumer Confidence,Low,-13,-13
2024-08-22,7:30pm,USD,Existing Home Sales,Medium,3.95M,3.90M
2024-08-22,8:00pm,USD,Natural Gas Storage,Low,35B,-6B
2024-08-23,5:00am,USD,New Home Sales,Medium,739K,668K
2024-08-26,1:30pm,EUR,German ifo Business Climate,Medium,86.6,87.0
2024-08-26,6:00pm,USD,Core Durable Goods Orders m/m,Medium,-0.2%,0.4%
2024-08-26,6:00pm,USD,Durable Goods Orders m/m,Medium,9.9%,-6.7%
2024-08-26,6:00pm,EUR,Belgian NBB Business Climate,Low,-12.6,-12.3
2024-08-27,11:30am,EUR,German GfK Consumer Climate,Low,-22.0,-18.6
2024-08-27,11:33am,EUR,German Final GDP q/q,Low,-0.1%,-0.1%
2024-08-27,6:30pm,USD,S&P/CS Composite-20 HPI y/y,Medium,6.5%,6.9%
2024-08-27,6:30pm,USD,HPI m/m,Low,-0.1%,0.0%
2024-08-27,7:29pm,USD,Richmond Manufacturing Index,Medium,-19,-17
2024-08-27,7:29pm,USD,CB Consumer Confidence,High,103.3,101.9
2024-08-28,7:29pm,EUR,M3 Money Supply y/y,Low,2.3%,2.3%
2024-08-28,7:29pm,EUR,Private Loans y/y,Low,0.5%,0.3%
2024-08-28,8:00pm,USD,Crude Oil Inventories,Medium,-0.8M,-4.6M
2024-08-29,All Day,EUR,German Prelim CPI m/m,High,-0.1%,0.3%
2024-08-29,12:30pm,EUR,Spanish Flash CPI y/y,Medium,2.2%,2.8%
2024-08-29,2:44pm,EUR,Italian 10-y Bond Auction,Low,3.68|1.6,3.76|1.4
2024-08-29,2:44pm,USD,Prelim GDP q/q,High,3.0%,2.8%
2024-08-29,2:44pm,USD,Unemployment Claims,High,231K,233K
2024-08-29,2:44pm,USD,Prelim GDP Price Index q/q,Medium,2.5%,2.3%
2024-08-29,2:44pm,USD,Goods Trade Balance,Low,-102.7B,-96.6B
2024-08-29,2:44pm,USD,Prelim Wholesale Inventories m/m,Low,0.3%,0.2%
2024-08-29,7:30pm,USD,Pending Home Sales m/m,Medium,-5.5%,4.8%
2024-08-29,8:00pm,USD,Natural Gas Storage,Low,35B,35B
2024-08-30,11:00am,EUR,French Final Private Payrolls q/q,Low,-0.1%,0.0%
2024-08-30,11:30am,EUR,German Import Prices m/m,Low,-0.4%,0.4%
2024-08-30,12:15pm,EUR,French Consumer Spending m/m,Low,0.3%,-0.6%
2024-08-30,12:15pm,EUR,French Prelim CPI m/m,Low,0.6%,0.2%
2024-08-30,12:15pm,EUR,French Prelim GDP q/q,Low,0.2%,0.3%
2024-08-30,1:25pm,EUR,German Unemployment Change,Low,2K,17K
2024-08-30,1:30pm,EUR,Italian Monthly Unemployment Rate,Low,6.5%,6.9%
2024-08-30,2:30pm,EUR,CPI Flash Estimate y/y,High,2.2%,2.6%
2024-08-30,2:30pm,EUR,Core CPI Flash Estimate y/y,Medium,2.8%,2.9%
2024-08-30,2:30pm,EUR,Italian Prelim CPI m/m,Low,0.2%,0.4%
2024-08-30,2:30pm,EUR,Unemployment Rate,Low,6.4%,6.5%
2024-08-30,2:30pm,USD,Core PCE Price Index m/m,High,0.2%,0.2%
2024-08-30,2:30pm,USD,Personal Income m/m,Low,0.3%,0.2%
2024-08-30,2:30pm,USD,Personal Spending m/m,Low,0.5%,0.3%
2024-08-30,7:15pm,USD,Chicago PMI,Medium,46.1,45.3
2024-08-30,7:30pm,USD,Revised UoM Consumer Sentiment,Medium,67.9,67.8
2024-08-30,7:30pm,USD,Revised UoM Inflation Expectations,Low,2.8%,2.9%
2024-09-02,12:45pm,EUR,Spanish Manufacturing PMI,Low,50.5,51.0
2024-09-02,1:15pm,EUR,Italian Manufacturing PMI,Low,49.4,47.4
2024-09-02,1:20pm,EUR,French Final Manufacturing PMI,Low,43.9,42.1
2024-09-02,1:25pm,EUR,German Final Manufacturing PMI,Low,42.4,42.1
2024-09-02,1:30pm,EUR,Final Manufacturing PMI,Low,45.8,45.6
2024-09-03,12:15pm,EUR,French Gov Budget Balance,Low,-156.9B,-103.5B
2024-09-03,12:15pm,EUR,Spanish Unemployment Change,Low,21.9K,-10.8K
2024-09-03,7:15pm,USD,Final Manufacturing PMI,Low,47.9,48.0
2024-09-03,7:30pm,USD,ISM Manufacturing PMI,High,47.2,46.8
2024-09-03,7:30pm,USD,ISM Manufacturing Prices,Medium,54.0,52.9
2024-09-03,7:30pm,USD,Construction Spending m/m,Low,-0.3%,0.0%
2024-09-03,7:37pm,USD,RCM/TIPP Economic Optimism,Low,46.1,44.5
2024-09-04,12:45pm,EUR,Spanish Services PMI,Low,54.6,53.9
2024-09-04,1:15pm,EUR,Italian Services PMI,Low,51.4,51.7
2024-09-04,1:20pm,EUR,French Final Services PMI,Low,55.0,55.0
2024-09-04,1:25pm,EUR,German Final Services PMI,Low,51.2,51.4
2024-09-04,1:30pm,EUR,Final Services PMI,Low,52.9,53.3
2024-09-04,2:30pm,EUR,PPI m/m,Low,0.8%,0.6%
2024-09-04,2:30pm,USD,Trade Balance,Low,-78.8B,-73.0B
2024-09-04,7:30pm,USD,JOLTS Job Openings,High,7.67M,7.91M
2024-09-04,7:30pm,USD,Factory Orders m/m,Low,5.0%,-3.3%
2024-09-04,All Day,USD,Wards Total Vehicle Sales,Low,15.1M,15.8M
2024-09-05,11:30am,EUR,German Factory Orders m/m,Low,2.9%,4.6%
2024-09-05,2:22pm,EUR,Spanish 10-y Bond Auction,Low,3.04|2.1,3.11|1.5
2024-09-05,2:22pm,EUR,Retail Sales m/m,Low,0.1%,-0.4%
2024-09-05,2:32pm,EUR,French 10-y Bond Auction,Low,2.95|2.2,3.01|2.2
2024-09-05,5:00pm,USD,Challenger Job Cuts y/y,Low,1.0%,9.2%
2024-09-05,5:45pm,USD,ADP Non-Farm Employment Change,High,99K,111K
2024-09-05,5:45pm,USD,Unemployment Claims,High,227K,232K
2024-09-05,5:45pm,USD,Revised Nonfarm Productivity q/q,Low,2.5%,2.3%
2024-09-05,5:45pm,USD,Revised Unit Labor Costs q/q,Low,0.4%,0.9%
2024-09-05,7:15pm,USD,Final Services PMI,Medium,55.7,55.2
2024-09-05,7:30pm,USD,ISM Services PMI,High,51.5,51.4
2024-09-05,8:00pm,USD,Natural Gas Storage,Low,13B,35B
2024-09-05,8:30pm,USD,Crude Oil Inventories,Medium,-6.9M,-0.8M
2024-09-06,11:30am,EUR,German Industrial Production m/m,Low,-2.4%,1.7%
2024-09-06,11:30am,EUR,German Trade Balance,Low,16.8B,20.4B
2024-09-06,12:15pm,EUR,French Industrial Production m/m,Low,-0.5%,0.8%
2024-09-06,12:15pm,EUR,French Trade Balance,Low,-5.9B,-6.0B
2024-09-06,1:30pm,EUR,Italian Retail Sales m/m,Low,0.5%,-0.2%
2024-09-06,2:30pm,EUR,Final Employment Change q/q,Low,0.2%,0.2%
2024-09-06,2:30pm,EUR,Revised GDP q/q,Low,0.2%,0.3%
2024-09-06,2:30pm,USD,Average Hourly Earnings m/m,High,0.4%,0.2%
2024-09-06,2:30pm,USD,Non-Farm Employment Change,High,142K,89K
2024-09-06,2:30pm,USD,Unemployment Rate,High,4.2%,4.3%
2024-09-09,2:00pm,EUR,Sentix Investor Confidence,Low,-15.4,-13.9
2024-09-09,7:30pm,USD,Final Wholesale Inventories m/m,Low,0.2%,0.3%
2024-09-10,12:30am,USD,Consumer Credit m/m,Low,25.5B,5.2B
2024-09-10,11:30am,EUR,German Final CPI m/m,Low,-0.1%,-0.1%
2024-09-10,1:30pm,EUR,Italian Industrial Production m/m,Low,-0.9%,0.5%
2024-09-10,3:29pm,USD,NFIB Small Business Index,Low,91.2,93.7
2024-09-11,3:03pm,EUR,German 10-y Bond Auction,Low,2.11|2.1,2.22|2.0
2024-09-11,6:00pm,USD,Core CPI m/m,High,0.3%,0.2%
2024-09-11,6:00pm,USD,CPI m/m,High,0.2%,0.2%
2024-09-11,6:00pm,USD,CPI y/y,High,2.5%,2.9%
2024-09-11,8:00pm,USD,Crude Oil Inventories,Medium,0.8M,-6.9M
2024-09-11,10:31pm,USD,10-y Bond Auction,Low,3.65|2.6,3.96|2.3
2024-09-12,11:30am,EUR,German WPI m/m,Low,-0.8%,0.3%
2024-09-12,1:35pm,EUR,Italian Quarterly Unemployment Rate,Low,6.8%,7.2%
2024-09-12,5:30pm,USD,Federal Budget Balance,Low,-380.1B,-243.7B
2024-09-12,5:45pm,EUR,Main Refinancing Rate,High,3.65%,4.25%
2024-09-12,5:45pm,USD,Core PPI m/m,High,0.3%,-0.2%
2024-09-12,5:45pm,USD,PPI m/m,High,0.2%,0.0%
2024-09-12,5:45pm,USD,Unemployment Claims,High,230K,228K
2024-09-12,8:00pm,USD,Natural Gas Storage,Low,40B,13B
2024-09-12,10:31pm,USD,30-y Bond Auction,Medium,4.02|2.4,4.31|2.3
2024-09-13,12:15pm,EUR,French Final CPI m/m,Low,0.5%,0.6%
2024-09-13,2:30pm,EUR,Industrial Production m/m,Low,-0.3%,0.0%
2024-09-13,2:30pm,USD,Import Prices m/m,Low,-0.3%,0.1%
2024-09-13,7:30pm,USD,Prelim UoM Consumer Sentiment,Medium,69.0,67.9
2024-09-13,7:30pm,USD,Prelim UoM Inflation Expectations,Medium,2.7%,2.8%
2024-09-16,2:30pm,EUR,Italian Trade Balance,Low,6.74B,5.15B
2024-09-16,2:30pm,EUR,Trade Balance,Low,15.5B,17.0B
2024-09-16,2:30pm,USD,Empire State Manufacturing Index,Medium,11.5,-4.7
2024-09-17,2:30pm,EUR,German ZEW Economic Sentiment,Medium,3.6,19.2
2024-09-17,2:30pm,EUR,ZEW Economic Sentiment,Low,9.3,17.9
2024-09-17,2:32pm,USD,Core Retail Sales m/m,High,0.1%,0.4%
2024-09-17,2:32pm,USD,Retail Sales m/m,High,0.1%,1.1%
2024-09-17,6:45pm,USD,Capacity Utilization Rate,Low,78.0%,77.4%
2024-09-17,6:45pm,USD,Industrial Production m/m,Low,0.8%,-0.9%
2024-09-17,7:30pm,USD,Business Inventories m/m,Low,0.4%,0.3%
2024-09-17,7:30pm,USD,NAHB Housing Market Index,Low,41,39
2024-09-18,2:30pm,EUR,Final Core CPI y/y,Low,2.8%,2.8%
2024-09-18,2:30pm,EUR,Final CPI y/y,Low,2.2%,2.2%
2024-09-18,3:06pm,EUR,German 30-y Bond Auction,Low,2.44|2.7,2.45|2.8
2024-09-18,3:06pm,USD,Building Permits,Medium,1.48M,1.41M
2024-09-18,3:06pm,USD,Housing Starts,Low,1.36M,1.24M
2024-09-18,8:00pm,USD,Crude Oil Inventories,Medium,-1.6M,0.8M
2024-09-18,11:30pm,USD,Federal Funds Rate,High,5.00%,5.50%
2024-09-19,1:30am,USD,TIC Long-Term Purchases,Low,135.4B,80.5B
2024-09-19,1:30pm,EUR,Current Account,Low,39.6B,50.5B
2024-09-19,6:00pm,USD,Unemployment Claims,High,219K,231K
2024-09-19,6:00pm,USD,Philly Fed Manufacturing Index,Medium,1.7,-7.0
2024-09-19,6:00pm,USD,Current Account,Low,-267B,-241B
2024-09-19,7:30pm,USD,Existing Home Sales,Medium,3.86M,3.96M
2024-09-19,7:30pm,USD,CB Leading Index m/m,Low,-0.2%,-0.6%
2024-09-19,8:00pm,USD,Natural Gas Storage,Low,58B,40B
2024-09-20,11:30am,EUR,German PPI m/m,Low,0.2%,0.2%
2024-09-20,7:30pm,EUR,Consumer Confidence,Low,-13,-13
2024-09-23,12:45pm,EUR,French Flash Manufacturing PMI,High,44.0,43.9
2024-09-23,12:45pm,EUR,French Flash Services PMI,High,48.3,55.0
2024-09-23,1:00pm,EUR,German Flash Manufacturing PMI,High,40.3,42.4
2024-09-23,1:00pm,EUR,German Flash Services PMI,High,50.6,51.2
2024-09-23,1:30pm,EUR,Flash Manufacturing PMI,Medium,44.8,45.8
2024-09-23,1:30pm,EUR,Flash Services PMI,Medium,50.5,52.9
2024-09-23,7:15pm,USD,Flash Manufacturing PMI,High,47.0,47.9
2024-09-23,7:15pm,USD,Flash Services PMI,High,55.4,55.7
2024-09-24,1:30pm,EUR,German ifo Business Climate,Medium,85.4,86.6
2024-09-24,6:27pm,EUR,Belgian NBB Business Climate,Low,-13.3,-12.6
2024-09-24,6:30pm,USD,S&P/CS Composite-20 HPI y/y,Medium,5.9%,6.5%
2024-09-24,6:30pm,USD,HPI m/m,Low,0.1%,0.0%
2024-09-24,7:29pm,USD,Richmond Manufacturing Index,Medium,-21,-19
2024-09-24,7:30pm,USD,CB Consumer Confidence,High,98.7,105.6
2024-09-25,7:30pm,USD,New Home Sales,Medium,716K,751K
2024-09-25,8:00pm,USD,Crude Oil Inventories,Medium,-4.5M,-1.6M
2024-09-26,11:30am,EUR,German GfK Consumer Climate,Low,-21.2,-21.9
2024-09-26,11:30am,EUR,M3 Money Supply y/y,Low,2.9%,2.3%
2024-09-26,11:30am,EUR,Private Loans y/y,Low,0.6%,0.5%
2024-09-26,6:00pm,USD,Final GDP q/q,High,3.0%,3.0%
2024-09-26,6:00pm,USD,Unemployment Claims,High,218K,222K
2024-09-26,6:00pm,USD,Core Durable Goods Orders m/m,Medium,0.5%,-0.2%
2024-09-26,6:00pm,USD,Durable Goods Orders m/m,Medium,0.0%,9.8%
2024-09-26,6:00pm,USD,Final GDP Price Index q/q,Medium,2.5%,2.5%
2024-09-26,7:30pm,USD,Pending Home Sales m/m,Medium,0.6%,-5.5%
2024-09-26,7:30pm,USD,Natural Gas Storage,Low,47B,58B
2024-09-27,12:15pm,EUR,French Consumer Spending m/m,Low,0.2%,0.2%
2024-09-27,12:15pm,EUR,French Prelim CPI m/m,Low,-1.2%,0.5%
2024-09-27,12:30pm,EUR,Spanish Flash CPI y/y,Medium,1.5%,2.3%
2024-09-27,1:25pm,EUR,German Unemployment Change,Low,17K,4K
2024-09-27,2:40pm,EUR,Italian 10-y Bond Auction,Low,3.43|1.6,3.68|1.6
2024-09-27,3:30pm,USD,Core PCE Price Index m/m,High,0.1%,0.2%
2024-09-27,3:30pm,USD,Goods Trade Balance,Low,-94.3B,-102.8B
2024-09-27,3:30pm,USD,Personal Income m/m,Low,0.2%,0.3%
2024-09-27,3:30pm,USD,Personal Spending m/m,Low,0.2%,0.5%
2024-09-27,3:30pm,USD,Prelim Wholesale Inventories m/m,Low,0.2%,0.2%
2024-09-27,7:30pm,USD,Revised UoM Consumer Sentiment,Medium,70.1,69.0
2024-09-27,7:30pm,USD,Revised UoM Inflation Expectations,Low,2.7%,2.7%
2024-09-30,11:30am,EUR,German Import Prices m/m,Low,-0.4%,-0.4%
2024-09-30,All Day,EUR,German Prelim CPI m/m,High,0.0%,-0.1%
2024-09-30,2:30pm,EUR,Italian Prelim CPI m/m,Low,-0.2%,0.2%
2024-09-30,7:15pm,USD,Chicago PMI,Medium,46.6,46.1
2024-10-01,12:45pm,EUR,Spanish Manufacturing PMI,Low,53.0,50.5
2024-10-01,1:15pm,EUR,Italian Manufacturing PMI,Low,48.3,49.4
2024-10-01,1:20pm,EUR,French Final Manufacturing PMI,Low,44.6,44.0
2024-10-01,1:25pm,EUR,German Final Manufacturing PMI,Low,40.6,40.3
2024-10-01,1:30pm,EUR,Final Manufacturing PMI,Low,45.0,44.8
2024-10-01,2:30pm,EUR,Core CPI Flash Estimate y/y,High,2.7%,2.8%
2024-10-01,2:30pm,EUR,CPI Flash Estimate y/y,High,1.8%,2.2%
2024-10-01,7:15pm,USD,Final Manufacturing PMI,Medium,47.3,47.0
2024-10-01,7:15pm,USD,ISM Manufacturing PMI,High,47.2,47.2
2024-10-01,7:15pm,USD,JOLTS Job Openings,High,8.04M,7.71M
2024-10-01,7:15pm,USD,ISM Manufacturing Prices,Medium,48.3,54.0
2024-10-01,7:15pm,USD,Construction Spending m/m,Low,-0.1%,-0.5%
2024-10-01,All Day,USD,Wards Total Vehicle Sales,Low,15.8M,15.1M
2024-10-02,12:30pm,EUR,Spanish Unemployment Change,Low,3.2K,21.9K
2024-10-02,1:18pm,EUR,French Gov Budget Balance,Low,-171.9B,-156.9B
2024-10-02,1:30pm,EUR,Italian Monthly Unemployment Rate,Low,6.2%,6.4%
2024-10-02,2:30pm,EUR,Unemployment Rate,Low,6.4%,6.4%
2024-10-02,3:02pm,EUR,German 10-y Bond Auction,Low,2.08|2.0,2.11|2.1
2024-10-02,5:45pm,USD,ADP Non-Farm Employment Change,High,143K,103K
2024-10-02,8:00pm,USD,Crude Oil Inventories,Medium,3.9M,-4.5M
2024-10-03,12:45pm,EUR,Spanish Services PMI,Low,57.0,54.6
2024-10-03,1:15pm,EUR,Italian Services PMI,Low,50.5,51.4
2024-10-03,1:20pm,EUR,French Final Services PMI,Low,49.6,48.3
2024-10-03,1:25pm,EUR,German Final Services PMI,Low,50.6,50.6
2024-10-03,1:30pm,EUR,Final Services PMI,Low,51.4,50.5
2024-10-03,2:29pm,EUR,French 10-y Bond Auction,Low,2.92|2.1,2.95|2.2
2024-10-03,2:30pm,EUR,PPI m/m,Low,0.6%,0.7%
2024-10-03,5:00pm,USD,Challenger Job Cuts y/y,Low,53.4%,1.0%
2024-10-03,6:00pm,USD,Unemployment Claims,High,225K,219K
2024-10-03,7:15pm,USD,Final Services PMI,Medium,55.2,55.4
2024-10-03,7:30pm,USD,ISM Services PMI,High,54.9,51.5
2024-10-03,7:30pm,USD,Factory Orders m/m,Low,-0.2%,4.9%
2024-10-03,8:00pm,USD,Natural Gas Storage,Low,55B,47B
2024-10-04,12:15pm,EUR,French Industrial Production m/m,Low,1.4%,0.2%
2024-10-04,3:30pm,EUR,Italian Retail Sales m/m,Low,-0.5%,0.5%
2024-10-04,6:00pm,USD,Average Hourly Earnings m/m,High,0.4%,0.5%
2024-10-04,6:00pm,USD,Non-Farm Employment Change,High,254K,159K
2024-10-04,6:00pm,USD,Unemployment Rate,High,4.1%,4.2%
2024-10-07,11:30am,EUR,German Factory Orders m/m,Low,-5.8%,3.9%
2024-10-07,2:00pm,EUR,Sentix Investor Confidence,Low,-13.8,-15.4
2024-10-07,2:30pm,EUR,Retail Sales m/m,Low,0.2%,0.0%
2024-10-08,12:30am,USD,Consumer Credit m/m,Low,8.9B,26.6B
2024-10-08,11:30am,EUR,German Industrial Production m/m,Low,2.9%,-2.9%
2024-10-08,12:15pm,EUR,French Trade Balance,Low,-7.4B,-6.0B
2024-10-08,3:30pm,USD,NFIB Small Business Index,Low,91.5,91.2
2024-10-08,6:00pm,USD,Trade Balance,Low,-70.4B,-78.9B
2024-10-08,7:30pm,USD,RCM/TIPP Economic Optimism,Low,46.9,46.1
2024-10-09,11:30am,EUR,German Trade Balance,Low,22.5B,16.9B
2024-10-09,7:30pm,USD,Final Wholesale Inventories m/m,Low,0.1%,0.2%
2024-10-09,8:00pm,USD,Crude Oil Inventories,Medium,5.8M,3.9M
2024-10-09,10:31pm,USD,10-y Bond Auction,Low,4.07|2.5,3.65|2.6
2024-10-10,May Data,EUR,German Retail Sales m/m,Low,-1.4%,-1.2%
2024-10-10,June Data,EUR,German Retail Sales m/m,Low,-1.1%,-1.4%
2024-10-10,July Data,EUR,German Retail Sales m/m,Low,1.5%,-1.1%
2024-10-10,11:30am,EUR,German Retail Sales m/m,Low,1.6%,1.5%
2024-10-10,1:30pm,EUR,Italian Industrial Production m/m,Low,0.1%,-1.0%
2024-10-10,6:00pm,USD,Core CPI m/m,High,0.3%,0.3%
2024-10-10,6:00pm,USD,CPI m/m,High,0.2%,0.2%
2024-10-10,6:00pm,USD,CPI y/y,High,2.4%,2.5%
2024-10-10,6:00pm,USD,Unemployment Claims,High,258K,225K
2024-10-10,6:00pm,USD,Natural Gas Storage,Low,82B,55B
2024-10-10,10:31pm,USD,30-y Bond Auction,Low,4.39|2.5,4.02|2.4
2024-10-11,11:30am,EUR,German Final CPI m/m,Low,0.0%,0.0%
2024-10-11,11:30am,USD,Core PPI m/m,High,0.2%,0.3%
2024-10-11,11:30am,USD,PPI m/m,High,0.0%,0.2%
2024-10-11,7:30pm,USD,Prelim UoM Consumer Sentiment,Medium,68.9,70.1
2024-10-11,7:30pm,USD,Prelim UoM Inflation Expectations,Medium,2.9%,2.7%
2024-10-15,11:30am,EUR,German WPI m/m,Low,-0.3%,-0.8%
2024-10-15,12:15pm,EUR,French Final CPI m/m,Low,-1.2%,-1.2%
2024-10-15,2:30pm,EUR,German ZEW Economic Sentiment,Medium,13.1,3.6
2024-10-15,2:30pm,EUR,Industrial Production m/m,Low,1.8%,-0.5%
2024-10-15,2:30pm,EUR,ZEW Economic Sentiment,Low,20.1,9.3
2024-10-15,2:30pm,USD,Empire State Manufacturing Index,Medium,-11.9,11.5
2024-10-16,3:04pm,EUR,German 30-y Bond Auction,Low,2.49|3.6,2.44|2.7
2024-10-16,3:04pm,USD,Import Prices m/m,Low,-0.4%,-0.2%
2024-10-17,2:17pm,EUR,Spanish 10-y Bond Auction,Low,2.92|1.7,3.04|2.1
2024-10-17,2:30pm,EUR,Final Core CPI y/y,Low,2.7%,2.7%
2024-10-17,2:30pm,EUR,Final CPI y/y,Low,1.7%,1.8%
2024-10-17,2:30pm,EUR,Trade Balance,Low,11.0B,13.7B
2024-10-17,2:30pm,EUR,Italian Trade Balance,Low,1.43B,6.82B
2024-10-17,5:45pm,EUR,Main Refinancing Rate,High,3.40%,3.65%
2024-10-17,5:45pm,USD,Core Retail Sales m/m,High,0.5%,0.2%
2024-10-17,5:45pm,USD,Retail Sales m/m,High,0.4%,0.1%
2024-10-17,5:45pm,USD,Unemployment Claims,High,241K,260K
2024-10-17,5:45pm,USD,Philly Fed Manufacturing Index,Medium,10.3,1.7
2024-10-17,6:45pm,USD,Capacity Utilization Rate,Low,77.5%,77.8%
2024-10-17,6:45pm,USD,Industrial Production m/m,Low,-0.3%,0.3%
2024-10-17,7:30pm,USD,Business Inventories m/m,Low,0.3%,0.3%
2024-10-17,7:30pm,USD,NAHB Housing Market Index,Low,43,41
2024-10-17,8:00pm,USD,Natural Gas Storage,Low,76B,82B
2024-10-17,8:30pm,USD,Crude Oil Inventories,Medium,-2.2M,5.8M
2024-10-18,1:30am,USD,TIC Long-Term Purchases,Low,111.4B,137.9B
2024-10-18,1:30pm,EUR,Current Account,Low,31.5B,40.8B
2024-10-18,6:00pm,USD,Building Permits,Medium,1.43M,1.47M
2024-10-18,6:00pm,USD,Housing Starts,Low,1.35M,1.36M
2024-10-19,1:30am,USD,Federal Budget Balance,Low,64.3B,-380.1B
2024-10-21,11:30am,EUR,German PPI m/m,Low,-0.5%,0.2%
2024-10-21,7:30pm,USD,CB Leading Index m/m,Low,-0.5%,-0.3%
2024-10-22,7:29pm,USD,Richmond Manufacturing Index,Medium,-14,-21
2024-10-23,3:07pm,EUR,German 10-y Bond Auction,Low,2.31|2.3,2.08|2.0
2024-10-23,3:07pm,EUR,Consumer Confidence,Low,-13,-13
2024-10-23,3:07pm,USD,Existing Home Sales,Medium,3.84M,3.88M
2024-10-23,3:07pm,USD,Crude Oil Inventories,Medium,5.5M,-2.2M
2024-10-24,12:45pm,EUR,French Flash Manufacturing PMI,High,44.5,44.6
2024-10-24,12:45pm,EUR,French Flash Services PMI,High,48.3,49.6
2024-10-24,1:00pm,EUR,German Flash Manufacturing PMI,High,42.6,40.6
2024-10-24,1:00pm,EUR,German Flash Services PMI,High,51.4,50.6
2024-10-24,1:30pm,EUR,Flash Manufacturing PMI,Medium,45.9,45.0
2024-10-24,1:30pm,EUR,Flash Services PMI,Medium,51.2,51.4
2024-10-24,6:00pm,USD,Unemployment Claims,High,227K,242K
2024-10-24,7:15pm,USD,Flash Manufacturing PMI,High,47.8,47.3
2024-10-24,7:15pm,USD,Flash Services PMI,High,55.3,55.2
2024-10-24,7:30pm,USD,New Home Sales,Medium,738K,709K
2024-10-24,8:00pm,USD,Natural Gas Storage,Low,80B,76B
2024-10-25,12:30pm,EUR,Spanish Unemployment Rate,Low,11.2%,11.3%
2024-10-25,1:30pm,EUR,German ifo Business Climate,Medium,86.5,85.4
2024-10-25,1:30pm,EUR,M3 Money Supply y/y,Low,3.2%,2.9%
2024-10-25,1:30pm,EUR,Private Loans y/y,Low,0.7%,0.6%
2024-10-25,1:30pm,USD,Core Durable Goods Orders m/m,Medium,0.4%,0.6%
2024-10-25,1:30pm,USD,Durable Goods Orders m/m,Medium,-0.8%,-0.8%
2024-10-25,6:25pm,EUR,Belgian NBB Business Climate,Low,-12.8,-13.3
2024-10-25,7:30pm,USD,Revised UoM Consumer Sentiment,Medium,70.5,68.9
2024-10-25,7:30pm,USD,Revised UoM Inflation Expectations,Low,2.7%,2.9%
2024-10-29,12:30pm,EUR,German GfK Consumer Climate,Low,-18.3,-21.0
2024-10-29,6:00pm,USD,Goods Trade Balance,Low,-108.2B,-94.2B
2024-10-29,6:00pm,USD,Prelim Wholesale Inventories m/m,Low,-0.1%,0.1%
2024-10-29,6:30pm,USD,S&P/CS Composite-20 HPI y/y,Medium,5.2%,5.9%
2024-10-29,6:30pm,USD,HPI m/m,Low,0.3%,0.2%
2024-10-29,7:30pm,USD,CB Consumer Confidence,High,108.7,99.2
2024-10-29,7:30pm,USD,JOLTS Job Openings,High,7.44M,7.86M
2024-10-30,All Day,EUR,German Prelim CPI m/m,High,0.4%,0.0%
2024-10-30,12:00pm,EUR,French Consumer Spending m/m,Low,0.1%,0.4%
2024-10-30,12:00pm,EUR,French Flash GDP q/q,Low,0.4%,0.2%
2024-10-30,12:00pm,EUR,Spanish Flash CPI y/y,Medium,1.8%,1.5%
2024-10-30,12:00pm,EUR,Spanish Flash GDP q/q,Low,0.8%,0.8%
2024-10-30,2:25pm,EUR,German Unemployment Change,Low,27K,19K
2024-10-30,2:25pm,EUR,Italian Prelim GDP q/q,Low,0.0%,0.2%
2024-10-30,2:25pm,EUR,German Prelim GDP q/q,Low,0.2%,-0.3%
2024-10-30,3:30pm,EUR,Prelim Flash GDP q/q,Low,0.4%,0.2%
2024-10-30,3:52pm,EUR,Italian 10-y Bond Auction,Low,3.57|1.6,3.43|1.6
2024-10-30,5:45pm,USD,ADP Non-Farm Employment Change,High,233K,159K
2024-10-30,6:00pm,USD,Advance GDP q/q,High,2.8%,3.0%
2024-10-30,6:00pm,USD,Advance GDP Price Index q/q,Medium,1.8%,2.5%
2024-10-30,7:30pm,USD,Pending Home Sales m/m,Medium,7.4%,0.6%
2024-10-30,8:00pm,USD,Crude Oil Inventories,Medium,-0.5M,5.5M
2024-10-31,12:30pm,EUR,German Import Prices m/m,Low,-0.4%,-0.4%
2024-10-31,12:30pm,EUR,German Retail Sales m/m,Low,1.2%,1.6%
2024-10-31,1:15pm,EUR,French Prelim CPI m/m,Low,0.2%,-1.2%
2024-10-31,1:15pm,EUR,Italian Monthly Unemployment Rate,Low,6.1%,6.1%
2024-10-31,3:30pm,EUR,Core CPI Flash Estimate y/y,Medium,2.7%,2.7%
2024-10-31,3:30pm,EUR,CPI Flash Estimate y/y,Medium,2.0%,1.7%
2024-10-31,3:30pm,EUR,Italian Prelim CPI m/m,Low,0.0%,-0.2%
2024-10-31,3:30pm,EUR,Unemployment Rate,Low,6.3%,6.3%
2024-10-31,5:00pm,USD,Challenger Job Cuts y/y,Low,50.9%,53.4%
2024-10-31,5:00pm,USD,Core PCE Price Index m/m,High,0.3%,0.2%
2024-10-31,5:00pm,USD,Employment Cost Index q/q,High,0.8%,0.9%
2024-10-31,5:00pm,USD,Unemployment Claims,High,216K,228K
2024-10-31,5:00pm,USD,Personal Income m/m,Low,0.3%,0.2%
2024-10-31,5:00pm,USD,Personal Spending m/m,Low,0.5%,0.3%
2024-10-31,7:15pm,USD,Chicago PMI,Medium,41.6,46.6
2024-10-31,8:00pm,USD,Natural Gas Storage,Low,78B,80B
2024-11-01,6:00pm,USD,Average Hourly Earnings m/m,High,0.4%,0.3%
2024-11-01,6:00pm,USD,Non-Farm Employment Change,High,12K,223K
2024-11-01,6:00pm,USD,Unemployment Rate,High,4.1%,4.1%
2024-11-01,7:15pm,USD,Final Manufacturing PMI,Low,48.5,47.8
2024-11-01,7:30pm,USD,ISM Manufacturing PMI,High,46.5,47.2
2024-11-01,7:30pm,USD,ISM Manufacturing Prices,Medium,54.8,48.3
2024-11-01,7:30pm,USD,Construction Spending m/m,Low,0.1%,0.1%
2024-11-01,All Day,USD,Wards Total Vehicle Sales,Low,16.0M,15.8M
2024-11-04,1:45pm,EUR,Spanish Manufacturing PMI,Low,54.5,53.0
2024-11-04,2:15pm,EUR,Italian Manufacturing PMI,Low,46.9,48.3
2024-11-04,2:20pm,EUR,French Final Manufacturing PMI,Low,44.5,44.5
2024-11-04,2:25pm,EUR,German Final Manufacturing PMI,Low,43.0,42.6
2024-11-04,2:30pm,EUR,Final Manufacturing PMI,Low,46.0,45.9
2024-11-04,3:00pm,EUR,Sentix Investor Confidence,Low,-12.8,-13.8
2024-11-04,8:30pm,USD,Factory Orders m/m,Low,-0.5%,-0.8%
2024-11-05,1:15pm,EUR,French Gov Budget Balance,Low,-173.8B,-171.9B
2024-11-05,1:15pm,EUR,French Industrial Production m/m,Low,-0.9%,1.1%
2024-11-05,1:30pm,EUR,Spanish Unemployment Change,Low,26.8K,3.2K
2024-11-05,3:33pm,USD,Trade Balance,Low,-84.4B,-70.8B
2024-11-05,8:15pm,USD,Final Services PMI,Medium,55.0,55.3
2024-11-05,8:30pm,USD,ISM Services PMI,High,56.0,54.9
2024-11-05,11:31pm,USD,10-y Bond Auction,Low,4.35|2.6,4.07|2.5
2024-11-06,12:30pm,EUR,German Factory Orders m/m,Low,4.2%,-5.4%
2024-11-06,1:45pm,EUR,Spanish Services PMI,Low,54.9,57.0
2024-11-06,2:15pm,EUR,Italian Services PMI,Low,52.4,50.5
2024-11-06,2:20pm,EUR,French Final Services PMI,Low,49.2,48.3
2024-11-06,2:25pm,EUR,German Final Services PMI,Low,51.6,51.4
2024-11-06,2:30pm,EUR,Final Services PMI,Low,51.6,51.2
2024-11-06,3:30pm,EUR,PPI m/m,Low,-0.6%,0.6%
2024-11-06,9:00pm,USD,Crude Oil Inventories,Medium,2.1M,-0.5M
2024-11-06,11:31pm,USD,30-y Bond Auction,Low,4.61|2.6,4.39|2.5
2024-11-07,12:30pm,EUR,German Industrial Production m/m,Low,-2.5%,2.6%
2024-11-07,12:30pm,EUR,German Trade Balance,Low,17.0B,21.4B
2024-11-07,1:15pm,EUR,French Prelim Private Payrolls q/q,Low,-0.1%,-0.1%
2024-11-07,3:28pm,EUR,French 10-y Bond Auction,Low,3.24|2.0,2.92|2.1
2024-11-07,3:30pm,EUR,Retail Sales m/m,Low,0.5%,0.2%
2024-11-07,7:00pm,USD,Unemployment Claims,High,221K,218K
2024-11-07,7:00pm,USD,Prelim Nonfarm Productivity q/q,Low,2.2%,2.5%
2024-11-07,7:00pm,USD,Prelim Unit Labor Costs q/q,Low,1.9%,0.4%
2024-11-07,8:30pm,USD,Final Wholesale Inventories m/m,Low,-0.2%,-0.1%
2024-11-07,8:30pm,USD,Mortgage Delinquencies,Low,3.92%,3.97%
2024-11-07,9:00pm,USD,Natural Gas Storage,Low,69B,78B
2024-11-08,12:30am,USD,Federal Funds Rate,High,4.75%,5.00%
2024-11-08,1:30am,USD,Consumer Credit m/m,Low,6.0B,7.6B
2024-11-08,1:15pm,EUR,French Trade Balance,Low,-8.3B,-7.7B
2024-11-08,2:30pm,EUR,Italian Industrial Production m/m,Low,-0.4%,0.0%
2024-11-08,4:30pm,EUR,Italian Retail Sales m/m,Low,1.2%,-0.3%
2024-11-08,8:30pm,USD,Prelim UoM Consumer Sentiment,Medium,73.0,70.5
2024-11-08,8:30pm,USD,Prelim UoM Inflation Expectations,Medium,2.6%,2.7%
2024-11-12,12:30pm,EUR,German Final CPI m/m,Low,0.4%,0.4%
2024-11-12,3:30pm,EUR,German ZEW Economic Sentiment,Medium,7.4,13.1
2024-11-12,3:30pm,EUR,ZEW Economic Sentiment,Low,12.5,20.1
2024-11-12,4:25pm,USD,NFIB Small Business Index,Low,93.7,91.5
2024-11-12,8:15pm,USD,Cleveland Fed Inflation Expectations,Low,3.8%,3.4%
2024-11-12,8:36pm,USD,RCM/TIPP Economic Optimism,Low,53.2,46.9
2024-11-13,4:05pm,EUR,German 10-y Bond Auction,Low,2.38|2.3,2.31|2.3
2024-11-13,7:00pm,USD,Core CPI m/m,High,0.3%,0.3%
2024-11-13,7:00pm,USD,CPI m/m,High,0.2%,0.2%
2024-11-13,7:00pm,USD,CPI y/y,High,2.6%,2.4%
2024-11-14,12:30am,USD,Federal Budget Balance,Low,-257.5B,64.3B
2024-11-14,3:30pm,EUR,Flash Employment Change q/q,Low,0.2%,0.2%
2024-11-14,3:30pm,EUR,Flash GDP q/q,Low,0.4%,0.4%
2024-11-14,3:30pm,EUR,Industrial Production m/m,Low,-2.0%,1.5%
2024-11-14,7:00pm,USD,Core PPI m/m,High,0.3%,0.2%
2024-11-14,7:00pm,USD,PPI m/m,High,0.2%,0.1%
2024-11-14,7:00pm,USD,Unemployment Claims,High,217K,221K
2024-11-14,9:00pm,USD,Natural Gas Storage,Low,42B,69B
2024-11-14,9:30pm,USD,Crude Oil Inventories,Medium,2.1M,2.1M
2024-11-15,12:30pm,EUR,German WPI m/m,Low,0.4%,-0.3%
2024-11-15,1:15pm,EUR,French Final CPI m/m,Low,0.3%,0.2%
2024-11-15,3:28pm,EUR,Italian Trade Balance,Low,2.58B,1.34B
2024-11-15,6:50pm,USD,Core Retail Sales m/m,High,0.1%,1.0%
2024-11-15,6:50pm,USD,Retail Sales m/m,High,0.4%,0.8%
2024-11-15,6:50pm,USD,Empire State Manufacturing Index,Medium,31.2,-11.9
2024-11-15,6:50pm,USD,Import Prices m/m,Low,0.3%,-0.4%
2024-11-15,7:45pm,USD,Capacity Utilization Rate,Low,77.1%,77.4%
2024-11-15,7:45pm,USD,Industrial Production m/m,Low,-0.3%,-0.5%
2024-11-15,8:30pm,USD,Business Inventories m/m,Low,0.1%,0.3%
2024-11-18,3:30pm,EUR,Trade Balance,Low,13.6B,10.8B
2024-11-18,3:30pm,USD,NAHB Housing Market Index,Low,46,43
2024-11-19,2:30am,USD,TIC Long-Term Purchases,Low,216.1B,108.8B
2024-11-19,2:30pm,EUR,Current Account,Low,37.0B,35.4B
2024-11-19,3:30pm,EUR,Final Core CPI y/y,Low,2.7%,2.7%
2024-11-19,3:30pm,EUR,Final CPI y/y,Low,2.0%,2.0%
2024-11-19,3:30pm,USD,Building Permits,Medium,1.42M,1.43M
2024-11-19,3:30pm,USD,Housing Starts,Low,1.31M,1.35M
2024-11-20,12:30pm,EUR,German PPI m/m,Low,0.2%,-0.5%
2024-11-20,4:02pm,EUR,German 30-y Bond Auction,Low,2.55|3.6,2.49|3.6
2024-11-20,9:00pm,USD,Crude Oil Inventories,Medium,0.5M,2.1M
2024-11-21,4:30pm,USD,Unemployment Claims,High,213K,219K
2024-11-21,4:30pm,USD,Philly Fed Manufacturing Index,Medium,-5.5,10.3
2024-11-21,8:30pm,EUR,Consumer Confidence,Low,-14,-13
2024-11-21,8:30pm,USD,Existing Home Sales,Medium,3.96M,3.83M
2024-11-21,8:30pm,USD,CB Leading Index m/m,Low,-0.4%,-0.3%
2024-11-21,9:00pm,USD,Natural Gas Storage,Low,-3B,42B
2024-11-22,12:30pm,EUR,German Final GDP q/q,Low,0.1%,0.2%
2024-11-22,1:45pm,EUR,French Flash Manufacturing PMI,High,43.2,44.5
2024-11-22,1:45pm,EUR,French Flash Services PMI,High,45.7,49.2
2024-11-22,2:00pm,EUR,German Flash Manufacturing PMI,High,43.2,43.0
2024-11-22,2:00pm,EUR,German Flash Services PMI,High,49.4,51.6
2024-11-22,2:30pm,EUR,Flash Manufacturing PMI,Medium,45.2,46.0
2024-11-22,2:30pm,EUR,Flash Services PMI,Medium,49.2,51.6
2024-11-22,8:15pm,USD,Flash Manufacturing PMI,High,48.8,48.5
2024-11-22,8:15pm,USD,Flash Services PMI,High,57.0,55.0
2024-11-22,8:30pm,USD,Revised UoM Consumer Sentiment,Medium,71.8,73.0
2024-11-22,8:30pm,USD,Revised UoM Inflation Expectations,Low,2.6%,2.6%
2024-11-25,2:30pm,EUR,German ifo Business Climate,Medium,85.7,86.5
2024-11-25,7:26pm,EUR,Belgian NBB Business Climate,Low,-11.1,-12.8
2024-11-26,7:30pm,USD,S&P/CS Composite-20 HPI y/y,Medium,4.6%,5.2%
2024-11-26,7:30pm,USD,HPI m/m,Low,0.7%,0.4%
2024-11-26,8:29pm,USD,Richmond Manufacturing Index,Medium,-14,-14
2024-11-26,8:29pm,USD,CB Consumer Confidence,High,111.7,109.6
2024-11-26,8:29pm,USD,New Home Sales,Medium,610K,738K
2024-11-27,3:00pm,EUR,German GfK Consumer Climate,Low,-23.3,-18.4
2024-11-27,7:00pm,USD,Prelim GDP q/q,High,2.8%,2.8%
2024-11-27,7:00pm,USD,Unemployment Claims,High,213K,215K
2024-11-27,7:00pm,USD,Core Durable Goods Orders m/m,Medium,0.1%,0.5%
2024-11-27,7:00pm,USD,Durable Goods Orders m/m,Medium,0.2%,-0.7%
2024-11-27,7:00pm,USD,Prelim GDP Price Index q/q,Medium,1.9%,1.8%
2024-11-27,7:00pm,USD,Goods Trade Balance,Low,-99.1B,-108.7B
2024-11-27,7:00pm,USD,Prelim Wholesale Inventories m/m,Low,0.2%,-0.2%
2024-11-27,8:15pm,USD,Chicago PMI,Medium,40.2,41.6
2024-11-27,8:30pm,USD,Core PCE Price Index m/m,High,0.3%,0.3%
2024-11-27,8:30pm,USD,Pending Home Sales m/m,Medium,2.0%,7.5%
2024-11-27,8:30pm,USD,Personal Income m/m,Low,0.6%,0.3%
2024-11-27,8:30pm,USD,Personal Spending m/m,Low,0.4%,0.6%
2024-11-27,9:00pm,USD,Crude Oil Inventories,Medium,-1.8M,0.5M
2024-11-27,10:30pm,USD,Natural Gas Storage,Low,-2B,-3B
2024-11-28,All Day,EUR,German Prelim CPI m/m,High,-0.2%,0.4%
2024-11-28,1:30pm,EUR,Spanish Flash CPI y/y,Medium,2.4%,1.8%
2024-11-28,2:30pm,EUR,M3 Money Supply y/y,Low,3.4%,3.2%
2024-11-28,2:30pm,EUR,Private Loans y/y,Low,0.8%,0.7%
2024-11-28,3:40pm,EUR,Italian 10-y Bond Auction,Low,3.39|1.6,3.57|1.6
2024-11-29,12:30pm,EUR,German Import Prices m/m,Low,0.6%,-0.4%
2024-11-29,12:30pm,EUR,German Retail Sales m/m,Low,-1.5%,1.6%
2024-11-29,1:15pm,EUR,French Consumer Spending m/m,Low,-0.4%,0.1%
2024-11-29,1:15pm,EUR,French Final Private Payrolls q/q,Low,0.1%,-0.1%
2024-11-29,1:15pm,EUR,French Prelim CPI m/m,Low,-0.1%,0.2%
2024-11-29,1:15pm,EUR,French Prelim GDP q/q,Low,0.4%,0.4%
2024-11-29,2:25pm,EUR,German Unemployment Change,Low,7K,26K
2024-11-29,3:30pm,EUR,Core CPI Flash Estimate y/y,Medium,2.7%,2.7%
2024-11-29,3:30pm,EUR,CPI Flash Estimate y/y,Medium,2.3%,2.0%
2024-11-29,3:30pm,EUR,Italian Prelim CPI m/m,Low,0.0%,0.0%
2024-12-02,1:45pm,EUR,Spanish Manufacturing PMI,Low,53.1,54.5
2024-12-02,2:15pm,EUR,Italian Manufacturing PMI,Low,44.5,46.9
2024-12-02,2:20pm,EUR,French Final Manufacturing PMI,Low,43.1,43.2
2024-12-02,2:25pm,EUR,German Final Manufacturing PMI,Low,43.0,43.2
2024-12-02,2:30pm,EUR,Final Manufacturing PMI,Low,45.2,45.2
2024-12-02,2:30pm,EUR,Italian Monthly Unemployment Rate,Low,5.8%,6.0%
2024-12-02,3:30pm,EUR,Unemployment Rate,Low,6.3%,6.3%
2024-12-02,8:15pm,USD,Final Manufacturing PMI,Medium,49.7,48.8
2024-12-02,8:30pm,USD,ISM Manufacturing PMI,High,48.4,46.5
2024-12-02,8:30pm,USD,ISM Manufacturing Prices,Medium,50.3,54.8
2024-12-02,8:30pm,USD,Construction Spending m/m,Low,0.4%,0.1%
2024-12-03,1:30pm,EUR,Spanish Unemployment Change,Low,-16.0K,26.8K
2024-12-03,8:30pm,USD,JOLTS Job Openings,High,7.74M,7.37M
2024-12-03,8:36pm,USD,RCM/TIPP Economic Optimism,Low,54.0,53.2
2024-12-03,All Day,USD,Wards Total Vehicle Sales,Low,16.5M,16.0M
2024-12-03,9:22pm,EUR,French Gov Budget Balance,Low,-157.4B,-173.8B
2024-12-04,1:45pm,EUR,Spanish Services PMI,Low,53.1,54.9
2024-12-04,2:15pm,EUR,Italian Services PMI,Low,49.2,52.4
2024-12-04,2:20pm,EUR,French Final Services PMI,Low,46.9,45.7
2024-12-04,2:25pm,EUR,German Final Services PMI,Low,49.3,49.4
2024-12-04,2:30pm,EUR,Final Services PMI,Low,49.5,49.2
2024-12-04,3:30pm,EUR,PPI m/m,Low,0.4%,-0.6%
2024-12-04,4:03pm,EUR,German 10-y Bond Auction,Low,2.07|2.4,2.38|2.3
2024-12-04,6:45pm,USD,ADP Non-Farm Employment Change,High,146K,184K
2024-12-04,8:15pm,USD,Final Services PMI,Medium,56.1,57.0
2024-12-04,8:30pm,USD,ISM Services PMI,High,52.1,56.0
2024-12-04,8:30pm,USD,Factory Orders m/m,Low,0.2%,-0.2%
2024-12-04,9:00pm,USD,Crude Oil Inventories,Medium,-5.1M,-1.8M
2024-12-05,12:30pm,EUR,German Factory Orders m/m,Low,-1.5%,7.2%
2024-12-05,1:15pm,EUR,French Industrial Production m/m,Low,-0.1%,-0.8%
2024-12-05,3:07pm,EUR,Spanish 10-y Bond Auction,Low,2.74|2.6,2.92|1.7
2024-12-05,3:30pm,EUR,Retail Sales m/m,Low,-0.5%,0.5%
2024-12-05,6:00pm,USD,Challenger Job Cuts y/y,Low,26.8%,50.9%
2024-12-05,6:00pm,USD,Unemployment Claims,High,224K,215K
2024-12-05,6:00pm,USD,Trade Balance,Low,-73.8B,-83.8B
2024-12-05,9:00pm,USD,Natural Gas Storage,Low,-30B,-2B
2024-12-06,12:30pm,EUR,German Industrial Production m/m,Low,-1.0%,-2.0%
2024-12-06,1:15pm,EUR,French Trade Balance,Low,-7.7B,-8.4B
2024-12-06,2:31pm,EUR,Italian Retail Sales m/m,Low,-0.5%,1.3%
2024-12-06,3:30pm,EUR,Final Employment Change q/q,Low,0.2%,0.2%
2024-12-06,3:30pm,EUR,Revised GDP q/q,Low,0.4%,0.4%
2024-12-06,3:30pm,USD,Average Hourly Earnings m/m,High,0.4%,0.4%
2024-12-06,3:30pm,USD,Non-Farm Employment Change,High,227K,36K
2024-12-06,3:30pm,USD,Unemployment Rate,High,4.2%,4.1%
2024-12-06,3:30pm,USD,Prelim UoM Consumer Sentiment,Medium,74.0,71.8
2024-12-06,3:30pm,USD,Prelim UoM Inflation Expectations,Medium,2.9%,2.6%
2024-12-07,1:30am,USD,Consumer Credit m/m,Low,19.2B,3.2B
2024-12-09,3:00pm,EUR,Sentix Investor Confidence,Low,-17.5,-12.8
2024-12-09,8:30pm,USD,Final Wholesale Inventories m/m,Low,0.2%,0.2%
2024-12-10,12:30pm,EUR,German Final CPI m/m,Low,-0.2%,-0.2%
2024-12-10,2:30pm,EUR,Italian Industrial Production m/m,Low,0.0%,-0.3%
2024-12-10,4:30pm,USD,NFIB Small Business Index,Low,101.7,93.7
2024-12-10,7:00pm,USD,Revised Nonfarm Productivity q/q,Low,2.2%,2.2%
2024-12-10,7:00pm,USD,Revised Unit Labor Costs q/q,Low,0.8%,1.9%
2024-12-11,7:00pm,USD,Core CPI m/m,High,0.3%,0.3%
2024-12-11,7:00pm,USD,CPI m/m,High,0.3%,0.2%
2024-12-11,7:00pm,USD,CPI y/y,High,2.7%,2.6%
2024-12-11,7:00pm,USD,Crude Oil Inventories,Medium,-1.4M,-5.1M
2024-12-11,11:31pm,USD,10-y Bond Auction,Low,4.24|2.7,4.35|2.6
2024-12-12,12:30am,USD,Federal Budget Balance,Low,-366.8B,-257.5B
2024-12-12,5:31am,EUR,Italian Quarterly Unemployment Rate,Low,6.1%,6.7%
2024-12-12,3:45pm,EUR,Italian 10-y Bond Auction,Low,3.19|2.1,3.39|1.6
2024-12-12,6:45pm,EUR,Main Refinancing Rate,High,3.15%,3.40%
2024-12-12,6:45pm,USD,Core PPI m/m,High,0.2%,0.3%
2024-12-12,6:45pm,USD,PPI m/m,High,0.4%,0.3%
2024-12-12,6:45pm,USD,Unemployment Claims,High,242K,225K
2024-12-12,9:00pm,USD,Natural Gas Storage,Low,-190B,-30B
2024-12-12,11:31pm,USD,30-y Bond Auction,Low,4.54|2.4,4.61|2.6
2024-12-13,12:30pm,EUR,German Trade Balance,Low,13.4B,16.9B
2024-12-13,12:30pm,EUR,German WPI m/m,Low,0.0%,0.4%
2024-12-13,1:15pm,EUR,French Final CPI m/m,Low,-0.1%,-0.1%
2024-12-13,3:00pm,EUR,Industrial Production m/m,Low,0.0%,-1.5%
2024-12-13,6:02pm,USD,Import Prices m/m,Low,0.1%,0.1%
2024-12-16,1:45pm,EUR,French Flash Manufacturing PMI,High,41.9,43.1
2024-12-16,1:45pm,EUR,French Flash Services PMI,High,48.2,46.9
2024-12-16,2:00pm,EUR,German Flash Manufacturing PMI,High,42.5,43.0
2024-12-16,2:00pm,EUR,German Flash Services PMI,High,51.0,49.3
2024-12-16,2:30pm,EUR,Flash Manufacturing PMI,Medium,45.2,45.2
2024-12-16,2:30pm,EUR,Flash Services PMI,Medium,51.4,49.5
2024-12-16,7:00pm,USD,Empire State Manufacturing Index,Medium,0.2,31.2
2024-12-16,8:15pm,USD,Flash Manufacturing PMI,High,48.3,49.7
2024-12-16,8:15pm,USD,Flash Services PMI,High,58.5,56.1
2024-12-17,2:30pm,EUR,German ifo Business Climate,Medium,84.7,85.6
2024-12-17,2:30pm,EUR,Italian Trade Balance,Low,5.15B,2.58B
2024-12-17,3:30pm,EUR,German ZEW Economic Sentiment,Medium,15.7,7.4
2024-12-17,3:30pm,EUR,Trade Balance,Low,6.1B,12.6B
2024-12-17,3:30pm,EUR,ZEW Economic Sentiment,Low,17.0,12.5
2024-12-17,3:30pm,USD,Core Retail Sales m/m,High,0.2%,0.2%
2024-12-17,3:30pm,USD,Retail Sales m/m,High,0.7%,0.5%
2024-12-17,7:45pm,USD,Capacity Utilization Rate,Low,76.8%,77.0%
2024-12-17,7:45pm,USD,Industrial Production m/m,Low,-0.1%,-0.4%
2024-12-17,8:30pm,USD,Business Inventories m/m,Low,0.1%,0.0%
2024-12-17,8:30pm,USD,NAHB Housing Market Index,Low,46,46
2024-12-18,3:30pm,EUR,Final Core CPI y/y,Low,2.7%,2.7%
2024-12-18,3:30pm,EUR,Final CPI y/y,Low,2.2%,2.3%
2024-12-18,7:00pm,USD,Building Permits,Medium,1.51M,1.42M
2024-12-18,7:00pm,USD,Current Account,Low,-311B,-275B
2024-12-18,7:00pm,USD,Housing Starts,Low,1.29M,1.31M
2024-12-18,9:00pm,USD,Crude Oil Inventories,Medium,-0.9M,-1.4M
2024-12-19,12:30am,USD,Federal Funds Rate,High,4.50%,4.75%
2024-12-19,8:22am,EUR,German GfK Consumer Climate,Low,-21.3,-23.1
2024-12-19,2:32pm,EUR,Current Account,Low,25.8B,38.8B
2024-12-19,7:00pm,USD,Final GDP q/q,High,3.1%,2.8%
2024-12-19,7:00pm,USD,Unemployment Claims,High,220K,242K
2024-12-19,7:00pm,USD,Final GDP Price Index q/q,Medium,1.9%,1.9%
2024-12-19,7:00pm,USD,Philly Fed Manufacturing Index,Medium,-16.4,-5.5
2024-12-19,8:30pm,USD,Existing Home Sales,Medium,4.15M,3.96M
2024-12-19,8:30pm,USD,CB Leading Index m/m,Low,0.3%,-0.4%
2024-12-19,9:00pm,USD,Natural Gas Storage,Low,-125B,-190B
2024-12-20,2:30am,USD,TIC Long-Term Purchases,Low,152.3B,216.1B
2024-12-20,12:30pm,EUR,German PPI m/m,Low,0.5%,0.2%
2024-12-20,4:30pm,USD,Core PCE Price Index m/m,High,0.1%,0.3%
2024-12-20,4:30pm,USD,Personal Income m/m,Low,0.3%,0.7%
2024-12-20,4:30pm,USD,Personal Spending m/m,Low,0.4%,0.3%
2024-12-20,7:18pm,EUR,Belgian NBB Business Climate,Low,-13.8,-11.1
2024-12-20,8:30pm,EUR,Consumer Confidence,Low,-15,-14
2024-12-20,8:30pm,USD,Revised UoM Consumer Sentiment,Medium,74.0,74.0
2024-12-20,8:30pm,USD,Revised UoM Inflation Expectations,Low,2.8%,2.9%
2024-12-23,12:30pm,EUR,German Import Prices m/m,Low,0.9%,0.6%
2024-12-23,12:30pm,USD,Core Durable Goods Orders m/m,Medium,-0.1%,0.2%
2024-12-23,12:30pm,USD,Durable Goods Orders m/m,Medium,-1.1%,0.3%
2024-12-23,8:30pm,USD,CB Consumer Confidence,Medium,104.7,112.8
2024-12-23,8:30pm,USD,New Home Sales,Medium,664K,627K
2024-12-24,8:29pm,USD,Richmond Manufacturing Index,Medium,-10,-14
2024-12-26,7:00pm,USD,Unemployment Claims,High,219K,220K
2024-12-27,7:00pm,USD,Goods Trade Balance,Low,-102.9B,-98.3B
2024-12-27,7:00pm,USD,Prelim Wholesale Inventories m/m,Low,-0.2%,0.1%
2024-12-27,9:00pm,USD,Natural Gas Storage,Low,-93B,-125B
2024-12-27,11:30pm,USD,Crude Oil Inventories,Medium,-4.2M,-0.9M
2024-12-30,6:00am,EUR,Spanish Flash CPI y/y,Medium,2.8%,2.4%
2024-12-30,8:15pm,USD,Chicago PMI,Medium,36.9,40.2
2024-12-30,8:30pm,USD,Pending Home Sales m/m,Medium,2.2%,1.8%
2024-12-31,7:30pm,USD,S&P/CS Composite-20 HPI y/y,Medium,4.2%,4.6%
2024-12-31,7:30pm,USD,HPI m/m,Low,0.4%,0.7%
2025-01-02,1:45pm,EUR,Spanish Manufacturing PMI,Low,53.3,53.1
2025-01-02,2:15pm,EUR,Italian Manufacturing PMI,Low,46.2,44.5
2025-01-02,2:20pm,EUR,French Final Manufacturing PMI,Low,41.9,41.9
2025-01-02,2:25pm,EUR,German Final Manufacturing PMI,Low,42.5,42.5
2025-01-02,2:30pm,EUR,Final Manufacturing PMI,Low,45.1,45.2
2025-01-02,2:30pm,EUR,M3 Money Supply y/y,Low,3.8%,3.4%
2025-01-02,2:30pm,EUR,Private Loans y/y,Low,0.9%,0.8%
2025-01-02,7:00pm,USD,Unemployment Claims,High,211K,220K
2025-01-02,8:15pm,USD,Final Manufacturing PMI,Medium,49.4,48.3
2025-01-02,8:30pm,USD,Construction Spending m/m,Low,0.0%,0.5%
2025-01-02,9:30pm,USD,Crude Oil Inventories,Medium,-1.2M,-4.2M
2025-01-03,1:30pm,EUR,Spanish Unemployment Change,Low,-25.3K,-16.0K
2025-01-03,2:25pm,EUR,German Unemployment Change,Low,10K,6K
2025-01-03,8:30pm,USD,ISM Manufacturing PMI,High,49.3,48.4
2025-01-03,8:30pm,USD,ISM Manufacturing Prices,Medium,52.5,50.3
2025-01-03,All Day,USD,Wards Total Vehicle Sales,Low,16.8M,16.5M
2025-01-03,9:00pm,USD,Natural Gas Storage,Low,-116B,-93B
2025-01-06,All Day,EUR,German Prelim CPI m/m,High,0.4%,-0.2%
2025-01-06,1:45pm,EUR,Spanish Services PMI,Low,57.3,53.1
2025-01-06,2:15pm,EUR,Italian Services PMI,Low,50.7,49.2
2025-01-06,2:20pm,EUR,French Final Services PMI,Low,49.3,48.2
2025-01-06,2:25pm,EUR,German Final Services PMI,Low,51.2,51.0
2025-01-06,2:30pm,EUR,Final Services PMI,Low,51.6,51.4
2025-01-06,3:00pm,EUR,Sentix Investor Confidence,Low,-17.7,-17.5
2025-01-06,8:15pm,USD,Final Services PMI,Medium,56.8,58.5
2025-01-06,8:30pm,USD,Factory Orders m/m,Low,-0.4%,0.5%
2025-01-07,1:15pm,EUR,French Prelim CPI m/m,Low,0.2%,-0.1%
2025-01-07,2:30pm,EUR,Italian Monthly Unemployment Rate,Low,5.7%,5.8%
2025-01-07,3:30pm,EUR,Core CPI Flash Estimate y/y,Medium,2.7%,2.7%
2025-01-07,3:30pm,EUR,CPI Flash Estimate y/y,Medium,2.4%,2.2%
2025-01-07,3:30pm,EUR,Italian Prelim CPI m/m,Low,0.1%,0.0%
2025-01-07,3:30pm,EUR,Unemployment Rate,Low,6.3%,6.3%
2025-01-07,3:32pm,USD,Trade Balance,Low,-78.2B,-73.6B
2025-01-07,3:32pm,USD,ISM Services PMI,High,54.1,52.1
2025-01-07,3:32pm,USD,JOLTS Job Openings,High,8.10M,7.84M
2025-01-07,11:31pm,USD,10-y Bond Auction,Low,4.68|2.5,4.24|2.7
2025-01-08,12:30pm,EUR,German Factory Orders m/m,Low,-5.4%,-1.5%
2025-01-08,12:30pm,EUR,German Retail Sales m/m,Low,-0.6%,-0.3%
2025-01-08,1:15pm,EUR,French Trade Balance,Low,-7.1B,-7.5B
2025-01-08,3:30pm,EUR,PPI m/m,Low,1.6%,0.4%
2025-01-08,4:08pm,EUR,German 10-y Bond Auction,Low,2.51|2.1,2.07|2.4
2025-01-08,6:45pm,USD,ADP Non-Farm Employment Change,High,122K,146K
2025-01-08,7:00pm,USD,Unemployment Claims,High,201K,211K
2025-01-08,8:30pm,USD,Final Wholesale Inventories m/m,Low,-0.2%,-0.2%
2025-01-08,9:00pm,USD,Crude Oil Inventories,Medium,-1.0M,-1.2M
2025-01-08,10:30pm,USD,Natural Gas Storage,Low,-40B,-116B
2025-01-08,11:31pm,USD,30-y Bond Auction,Low,4.91|2.5,4.54|2.4
2025-01-09,1:30am,USD,Consumer Credit m/m,Low,-7.5B,17.3B
2025-01-09,12:30pm,EUR,German Industrial Production m/m,Low,1.5%,-0.4%
2025-01-09,12:30pm,EUR,German Trade Balance,Low,19.7B,13.4B
2025-01-09,3:29pm,EUR,French 10-y Bond Auction,Low,3.40|2.0,3.24|2.0
2025-01-09,3:30pm,EUR,Retail Sales m/m,Low,0.1%,-0.3%
2025-01-09,6:00pm,USD,Challenger Job Cuts y/y,Low,11.4%,26.8%
2025-01-10,1:15pm,EUR,French Consumer Spending m/m,Low,0.3%,-0.3%
2025-01-10,1:15pm,EUR,French Industrial Production m/m,Low,0.2%,-0.3%
2025-01-10,2:30pm,EUR,Italian Retail Sales m/m,Low,-0.4%,-0.5%
2025-01-10,2:30pm,USD,Average Hourly Earnings m/m,High,0.3%,0.4%
2025-01-10,2:30pm,USD,Non-Farm Employment Change,High,256K,212K
2025-01-10,2:30pm,USD,Unemployment Rate,High,4.1%,4.2%
2025-01-10,8:30pm,USD,Prelim UoM Consumer Sentiment,Medium,73.2,74.0
2025-01-10,8:30pm,USD,Prelim UoM Inflation Expectations,Medium,3.3%,2.8%
2025-01-14,1:15pm,EUR,French Gov Budget Balance,Low,-172.5B,-157.4B
2025-01-14,2:30pm,EUR,Italian Industrial Production m/m,Low,0.3%,0.1%
2025-01-14,4:30pm,USD,NFIB Small Business Index,Low,105.1,101.7
2025-01-14,7:00pm,USD,Core PPI m/m,High,0.0%,0.2%
2025-01-14,7:00pm,USD,PPI m/m,High,0.2%,0.4%
2025-01-14,8:36pm,USD,RCM/TIPP Economic Optimism,Low,51.9,54.0
2025-01-15,12:30am,USD,Federal Budget Balance,Low,-86.7B,-366.8B
2025-01-15,12:30pm,EUR,German WPI m/m,Low,0.1%,0.0%
2025-01-15,1:15pm,EUR,French Final CPI m/m,Low,0.2%,0.2%
2025-01-15,3:30pm,EUR,Industrial Production m/m,Low,0.2%,0.2%
2025-01-15,4:04pm,EUR,German 30-y Bond Auction,Low,2.84|2.8,2.55|3.6
2025-01-15,4:04pm,USD,Core CPI m/m,High,0.2%,0.3%
2025-01-15,4:04pm,USD,CPI m/m,High,0.4%,0.3%
2025-01-15,4:04pm,USD,CPI y/y,High,2.9%,2.7%
2025-01-15,4:04pm,USD,Empire State Manufacturing Index,Medium,-12.6,0.2
2025-01-15,9:00pm,USD,Crude Oil Inventories,Medium,-2.0M,-1.0M
2025-01-16,12:30pm,EUR,German Final CPI m/m,Low,0.5%,0.4%
2025-01-16,3:30pm,EUR,Italian Trade Balance,Low,4.22B,5.07B
2025-01-16,3:30pm,EUR,Trade Balance,Low,12.9B,7.0B
2025-01-16,7:00pm,USD,Core Retail Sales m/m,High,0.4%,0.2%
2025-01-16,7:00pm,USD,Retail Sales m/m,High,0.4%,0.8%
2025-01-16,7:00pm,USD,Unemployment Claims,High,217K,203K
2025-01-16,7:00pm,USD,Philly Fed Manufacturing Index,Medium,44.3,-16.4
2025-01-16,7:00pm,USD,Import Prices m/m,Low,0.1%,0.1%
2025-01-16,8:30pm,USD,Business Inventories m/m,Low,0.1%,0.0%
2025-01-16,8:30pm,USD,NAHB Housing Market Index,Low,47,46
2025-01-16,8:30pm,USD,Natural Gas Storage,Low,-258B,-40B
2025-01-17,2:30pm,EUR,Current Account,Low,27.0B,30.2B
2025-01-17,3:30pm,EUR,Final Core CPI y/y,Low,2.7%,2.7%
2025-01-17,3:30pm,EUR,Final CPI y/y,Low,2.4%,2.4%
2025-01-17,3:30pm,USD,Building Permits,Medium,1.48M,1.49M
2025-01-17,3:30pm,USD,Housing Starts,Low,1.50M,1.29M
2025-01-17,7:45pm,USD,Capacity Utilization Rate,Low,77.6%,77.0%
2025-01-17,7:45pm,USD,Industrial Production m/m,Low,0.9%,0.2%
2025-01-18,2:30am,USD,TIC Long-Term Purchases,Low,79.0B,159.1B
2025-01-20,12:30pm,EUR,German PPI m/m,Low,-0.1%,0.5%
2025-01-21,3:30pm,EUR,German ZEW Economic Sentiment,Medium,10.3,15.7
2025-01-21,3:30pm,EUR,ZEW Economic Sentiment,Low,18.0,17.0
2025-01-22,8:30pm,USD,CB Leading Index m/m,Low,-0.1%,0.4%
2025-01-23,4:30pm,USD,Unemployment Claims,High,223K,217K
2025-01-23,8:30pm,EUR,Consumer Confidence,Low,-14,-15
2025-01-23,9:00pm,USD,Natural Gas Storage,Low,-223B,-258B
2025-01-23,10:30pm,USD,Crude Oil Inventories,Medium,-1.0M,-2.0M
2025-01-24,1:45pm,EUR,French Flash Manufacturing PMI,High,45.3,41.9
2025-01-24,1:45pm,EUR,French Flash Services PMI,High,48.9,49.3
2025-01-24,2:00pm,EUR,German Flash Manufacturing PMI,High,44.1,42.5
2025-01-24,2:00pm,EUR,German Flash Services PMI,High,52.5,51.2
2025-01-24,2:30pm,EUR,Flash Manufacturing PMI,Medium,46.1,45.1
2025-01-24,2:30pm,EUR,Flash Services PMI,Medium,51.4,51.6
2025-01-24,8:15pm,USD,Flash Manufacturing PMI,High,50.1,49.4
2025-01-24,8:15pm,USD,Flash Services PMI,High,52.8,56.8
2025-01-24,8:30pm,USD,Existing Home Sales,Medium,4.24M,4.15M
2025-01-24,8:30pm,USD,Revised UoM Consumer Sentiment,Medium,71.1,73.2
2025-01-24,8:30pm,USD,Revised UoM Inflation Expectations,Low,3.3%,3.3%
2025-01-27,2:30pm,EUR,German ifo Business Climate,Medium,85.1,84.7
2025-01-27,7:28pm,EUR,Belgian NBB Business Climate,Low,-13.6,-13.8
2025-01-27,8:30pm,USD,New Home Sales,Medium,698K,674K
2025-01-28,1:30pm,EUR,Spanish Unemployment Rate,Low,10.6%,11.2%
2025-01-28,7:00pm,USD,Core Durable Goods Orders m/m,Medium,0.3%,-0.2%
2025-01-28,7:00pm,USD,Durable Goods Orders m/m,Medium,-2.2%,-1.2%
2025-01-28,7:30pm,USD,S&P/CS Composite-20 HPI y/y,Medium,4.3%,4.2%
2025-01-28,7:30pm,USD,HPI m/m,Low,0.3%,0.5%
2025-01-28,8:29pm,USD,Richmond Manufacturing Index,Medium,-4,-10
2025-01-28,8:30pm,USD,CB Consumer Confidence,High,104.1,109.5
2025-01-29,12:30pm,EUR,German GfK Consumer Climate,Low,-22.4,-21.4
2025-01-29,1:30pm,EUR,Spanish Flash GDP q/q,Low,0.8%,0.8%
2025-01-29,1:30pm,EUR,M3 Money Supply y/y,Low,3.5%,3.8%
2025-01-29,1:30pm,EUR,Private Loans y/y,Low,1.1%,0.9%
2025-01-29,4:01pm,EUR,German 10-y Bond Auction,Low,2.54|2.8,2.51|2.1
2025-01-29,7:00pm,USD,Goods Trade Balance,Low,-122.1B,-103.5B
2025-01-29,7:00pm,USD,Prelim Wholesale Inventories m/m,Low,-0.5%,-0.1%
2025-01-29,7:00pm,USD,Crude Oil Inventories,Medium,3.5M,-1.0M
2025-01-30,12:30am,USD,Federal Funds Rate,High,4.50%,4.50%
2025-01-30,12:00pm,EUR,French Consumer Spending m/m,Low,0.7%,0.2%
2025-01-30,12:00pm,EUR,French Flash GDP q/q,Low,-0.1%,0.4%
2025-01-30,12:00pm,EUR,German Import Prices m/m,Low,0.4%,0.9%
2025-01-30,12:00pm,EUR,Spanish Flash CPI y/y,Medium,3.0%,2.8%
2025-01-30,2:30pm,EUR,Italian Prelim GDP q/q,Low,0.0%,0.0%
2025-01-30,2:30pm,EUR,German Prelim GDP q/q,Low,-0.2%,0.1%
2025-01-30,3:30pm,EUR,Italian Monthly Unemployment Rate,Low,6.2%,5.9%
2025-01-30,3:30pm,EUR,Prelim Flash GDP q/q,Low,0.0%,0.4%
2025-01-30,3:30pm,EUR,Unemployment Rate,Low,6.3%,6.2%
2025-01-30,3:53pm,EUR,Italian 10-y Bond Auction,Low,3.60|1.8,3.19|2.1
2025-01-30,6:45pm,EUR,Main Refinancing Rate,High,2.90%,3.15%
2025-01-30,7:00pm,USD,Advance GDP q/q,High,2.3%,3.1%
2025-01-30,7:00pm,USD,Unemployment Claims,High,207K,223K
2025-01-30,7:00pm,USD,Advance GDP Price Index q/q,Medium,2.2%,1.9%
2025-01-30,8:30pm,USD,Pending Home Sales m/m,Medium,-5.5%,1.6%
2025-01-30,9:00pm,USD,Natural Gas Storage,Low,-321B,-223B
2025-01-31,12:30pm,EUR,German Retail Sales m/m,Low,-1.6%,0.0%
2025-01-31,All Day,EUR,German Prelim CPI m/m,High,-0.2%,0.5%
2025-01-31,1:15pm,EUR,French Prelim CPI m/m,Low,-0.1%,0.2%
2025-01-31,2:25pm,EUR,German Unemployment Change,Low,11K,10K
2025-01-31,2:25pm,USD,Core PCE Price Index m/m,High,0.2%,0.1%
2025-01-31,2:25pm,USD,Employment Cost Index q/q,High,0.9%,0.8%
2025-01-31,2:25pm,USD,Personal Income m/m,Low,0.4%,0.3%
2025-01-31,2:25pm,USD,Personal Spending m/m,Low,0.7%,0.6%
2025-01-31,8:15pm,USD,Chicago PMI,Medium,39.5,36.9
2025-02-03,1:45pm,EUR,Spanish Manufacturing PMI,Low,50.9,53.3
2025-02-03,2:15pm,EUR,Italian Manufacturing PMI,Low,46.3,46.2
2025-02-03,2:20pm,EUR,French Final Manufacturing PMI,Low,45.0,45.3
2025-02-03,2:25pm,EUR,German Final Manufacturing PMI,Low,45.0,44.1
2025-02-03,2:30pm,EUR,Final Manufacturing PMI,Low,46.6,46.1
2025-02-03,3:30pm,EUR,Core CPI Flash Estimate y/y,Medium,2.7%,2.7%
2025-02-03,3:30pm,EUR,CPI Flash Estimate y/y,Medium,2.5%,2.4%
2025-02-03,3:30pm,EUR,Italian Prelim CPI m/m,Low,0.6%,0.1%
2025-02-03,8:15pm,USD,Final Manufacturing PMI,Medium,51.2,50.1
2025-02-03,8:30pm,USD,ISM Manufacturing PMI,High,50.9,49.3
2025-02-03,8:30pm,USD,ISM Manufacturing Prices,Medium,54.9,52.5
2025-02-03,8:30pm,USD,Construction Spending m/m,Low,0.5%,0.2%
2025-02-03,All Day,USD,Wards Total Vehicle Sales,Low,15.6M,16.8M
2025-02-04,1:15pm,EUR,French Gov Budget Balance,Low,-156.3B,-172.5B
2025-02-04,1:30pm,EUR,Spanish Unemployment Change,Low,38.7K,-25.3K
2025-02-04,8:30pm,USD,JOLTS Job Openings,High,7.60M,8.16M
2025-02-04,8:30pm,USD,Factory Orders m/m,Low,-0.9%,-0.8%
2025-02-04,8:37pm,USD,RCM/TIPP Economic Optimism,Low,52.0,51.9
2025-02-05,1:15pm,EUR,French Industrial Production m/m,Low,-0.4%,0.1%
2025-02-05,1:45pm,EUR,Spanish Services PMI,Low,54.9,57.3
2025-02-05,2:15pm,EUR,Italian Services PMI,Low,50.4,50.7
2025-02-05,2:20pm,EUR,French Final Services PMI,Low,48.2,48.9
2025-02-05,2:25pm,EUR,German Final Services PMI,Low,52.5,52.5
2025-02-05,2:30pm,EUR,Final Services PMI,Low,51.3,51.4
2025-02-05,2:30pm,EUR,Italian Retail Sales m/m,Low,0.6%,-0.4%
2025-02-05,3:30pm,EUR,PPI m/m,Low,0.4%,1.7%
2025-02-05,6:45pm,USD,ADP Non-Farm Employment Change,High,183K,176K
2025-02-05,6:45pm,USD,Trade Balance,Low,-98.4B,-78.9B
2025-02-05,8:15pm,USD,Final Services PMI,Medium,52.9,52.8
2025-02-05,8:30pm,USD,ISM Services PMI,High,52.8,54.1
2025-02-05,9:00pm,USD,Crude Oil Inventories,Medium,8.7M,3.5M
2025-02-06,12:30pm,EUR,German Factory Orders m/m,Low,6.9%,-5.2%
2025-02-06,3:30pm,EUR,Retail Sales m/m,Low,-0.2%,0.0%
2025-02-06,3:32pm,EUR,French 10-y Bond Auction,Low,3.15|2.2,3.40|2.0
2025-02-06,3:32pm,USD,Challenger Job Cuts y/y,Low,-39.5%,11.4%
2025-02-06,7:00pm,USD,Unemployment Claims,High,219K,208K
2025-02-06,7:00pm,USD,Prelim Nonfarm Productivity q/q,Low,1.2%,2.3%
2025-02-06,7:00pm,USD,Prelim Unit Labor Costs q/q,Low,3.0%,0.8%
2025-02-06,7:00pm,USD,Mortgage Delinquencies,Low,3.98%,3.92%
2025-02-06,9:00pm,USD,Natural Gas Storage,Low,-174B,-321B
2025-02-07,12:30pm,EUR,German Industrial Production m/m,Low,-2.4%,1.3%
2025-02-07,12:30pm,EUR,German Trade Balance,Low,20.7B,19.2B
2025-02-07,1:15pm,EUR,French Prelim Private Payrolls q/q,Low,-0.2%,0.1%
2025-02-07,1:15pm,EUR,French Trade Balance,Low,-3.9B,-6.3B
2025-02-07,1:15pm,USD,Average Hourly Earnings m/m,High,0.5%,0.3%
2025-02-07,1:15pm,USD,Non-Farm Employment Change,High,143K,307K
2025-02-07,1:15pm,USD,Unemployment Rate,High,4.0%,4.1%
2025-02-07,8:30pm,USD,Prelim UoM Consumer Sentiment,Medium,67.8,71.1
2025-02-07,8:30pm,USD,Prelim UoM Inflation Expectations,Medium,4.3%,3.3%
2025-02-07,8:30pm,USD,Final Wholesale Inventories m/m,Low,-0.5%,-0.5%
2025-02-08,1:30am,USD,Consumer Credit m/m,Low,40.8B,-5.4B
2025-02-10,3:00pm,EUR,Sentix Investor Confidence,Low,-12.7,-17.7
2025-02-10,8:15pm,USD,Cleveland Fed Inflation Expectations,Low,3.2%,3.8%
2025-02-11,4:30pm,USD,NFIB Small Business Index,Low,102.8,105.1
2025-02-12,2:30pm,EUR,Italian Industrial Production m/m,Low,-3.1%,0.3%
2025-02-12,4:07pm,EUR,German 30-y Bond Auction,Low,2.70|2.5,2.84|2.8
2025-02-12,7:00pm,USD,Core CPI m/m,High,0.4%,0.2%
2025-02-12,7:00pm,USD,CPI m/m,High,0.5%,0.4%
2025-02-12,7:00pm,USD,CPI y/y,High,3.0%,2.9%
2025-02-12,9:00pm,USD,Crude Oil Inventories,Medium,4.1M,8.7M
2025-02-12,11:31pm,USD,10-y Bond Auction,Low,4.63|2.5,4.68|2.5
2025-02-13,12:30am,USD,Federal Budget Balance,Low,-128.6B,-86.7B
2025-02-13,12:30pm,EUR,German Final CPI m/m,Low,-0.2%,-0.2%
2025-02-13,3:30pm,EUR,Industrial Production m/m,Low,-1.1%,0.4%
2025-02-13,7:00pm,USD,Core PPI m/m,High,0.3%,0.4%
2025-02-13,7:00pm,USD,PPI m/m,High,0.4%,0.5%
2025-02-13,7:00pm,USD,Unemployment Claims,High,213K,220K
2025-02-13,7:00pm,USD,Natural Gas Storage,Low,-100B,-174B
2025-02-13,11:31pm,USD,30-y Bond Auction,Low,4.75|2.3,4.91|2.5
2025-02-14,12:30pm,EUR,German WPI m/m,Low,0.9%,0.1%
2025-02-14,3:30pm,EUR,Flash Employment Change q/q,Low,0.1%,0.2%
2025-02-14,3:30pm,EUR,Flash GDP q/q,Low,0.1%,0.0%
2025-02-14,3:30pm,USD,Core Retail Sales m/m,High,-0.4%,0.7%
2025-02-14,3:30pm,USD,Retail Sales m/m,High,-0.9%,0.7%
2025-02-14,3:30pm,USD,Import Prices m/m,Low,0.3%,0.2%
2025-02-14,7:45pm,USD,Capacity Utilization Rate,Low,77.8%,77.5%
2025-02-14,7:45pm,USD,Industrial Production m/m,Low,0.5%,1.0%
2025-02-14,8:30pm,USD,Business Inventories m/m,Low,-0.2%,0.1%
2025-02-17,2:30pm,EUR,Italian Trade Balance,Low,5.98B,4.00B
2025-02-17,3:30pm,EUR,Trade Balance,Low,14.6B,13.3B
2025-02-18,1:15pm,EUR,French Final CPI m/m,Low,0.2%,-0.1%
2025-02-18,3:30pm,EUR,German ZEW Economic Sentiment,Medium,26.0,10.3
2025-02-18,3:30pm,EUR,ZEW Economic Sentiment,Low,24.2,18.0
2025-02-18,3:30pm,USD,Empire State Manufacturing Index,Medium,5.7,-12.6
2025-02-18,8:30pm,USD,NAHB Housing Market Index,Low,42,47
2025-02-19,2:30am,USD,TIC Long-Term Purchases,Low,72.0B,53.2B
2025-02-19,2:30pm,EUR,Current Account,Low,38.4B,25.1B
2025-02-19,4:05pm,EUR,German 10-y Bond Auction,Low,2.52|2.8,2.54|2.8
2025-02-19,7:00pm,USD,Building Permits,Low,1.48M,1.48M
2025-02-19,7:00pm,USD,Housing Starts,Low,1.37M,1.52M
2025-02-20,7:00pm,EUR,German PPI m/m,Low,-0.1%,-0.1%
2025-02-20,4:30pm,USD,Unemployment Claims,High,219K,214K
2025-02-20,4:30pm,USD,Philly Fed Manufacturing Index,Medium,18.1,44.3
2025-02-20,8:30pm,EUR,Consumer Confidence,Low,-14,-14
2025-02-20,8:30pm,USD,CB Leading Index m/m,Low,-0.3%,0.1%
2025-02-20,9:00pm,USD,Natural Gas Storage,Low,-196B,-100B
2025-02-20,10:30pm,USD,Crude Oil Inventories,Medium,4.6M,4.1M
2025-02-21,1:45pm,EUR,French Flash Manufacturing PMI,High,45.5,45.0
2025-02-21,1:45pm,EUR,French Flash Services PMI,High,44.5,48.2
2025-02-21,2:00pm,EUR,German Flash Manufacturing PMI,High,46.1,45.0
2025-02-21,2:00pm,EUR,German Flash Services PMI,High,52.2,52.5
2025-02-21,2:30pm,EUR,Flash Manufacturing PMI,Medium,47.3,46.6
2025-02-21,2:30pm,EUR,Flash Services PMI,Medium,50.7,51.3
2025-02-21,8:15pm,USD,Flash Manufacturing PMI,High,51.6,51.2
2025-02-21,8:15pm,USD,Flash Services PMI,High,49.7,52.9
2025-02-21,8:30pm,USD,Existing Home Sales,Medium,4.08M,4.29M
2025-02-21,8:30pm,USD,Revised UoM Consumer Sentiment,Medium,64.7,67.8
2025-02-21,8:30pm,USD,Revised UoM Inflation Expectations,Low,4.3%,4.3%
2025-02-24,2:30pm,EUR,German ifo Business Climate,Medium,85.2,85.2
2025-02-24,3:30pm,EUR,Final Core CPI y/y,Low,2.7%,2.7%
2025-02-24,3:30pm,EUR,Final CPI y/y,Low,2.5%,2.5%
2025-02-24,7:25pm,EUR,Belgian NBB Business Climate,Low,-12.3,-13.6
2025-02-25,12:30pm,EUR,German Final GDP q/q,Low,-0.2%,-0.2%
2025-02-25,4:30pm,USD,S&P/CS Composite-20 HPI y/y,Medium,4.5%,4.3%
2025-02-25,4:30pm,USD,HPI m/m,Low,0.4%,0.4%
2025-02-25,8:30pm,USD,CB Consumer Confidence,Medium,98.3,104.1
2025-02-25,8:30pm,USD,Richmond Manufacturing Index,Medium,6,-4
2025-02-26,12:30pm,EUR,German GfK Consumer Climate,Low,-24.7,-22.6
2025-02-26,8:30pm,USD,New Home Sales,Medium,657K,734K
2025-02-26,9:00pm,USD,Crude Oil Inventories,Medium,-2.3M,4.6M
2025-02-27,9:00pm,EUR,Spanish Flash CPI y/y,Medium,3.0%,2.9%
2025-02-27,2:30pm,EUR,M3 Money Supply y/y,Low,3.6%,3.4%
2025-02-27,2:30pm,EUR,Private Loans y/y,Low,1.3%,1.1%
2025-02-27,3:52pm,EUR,Italian 10-y Bond Auction,Low,3.55|1.6,3.60|1.8
2025-02-27,3:52pm,USD,Prelim GDP q/q,High,2.3%,2.3%
2025-02-27,3:52pm,USD,Unemployment Claims,High,242K,220K
2025-02-27,3:52pm,USD,Core Durable Goods Orders m/m,Medium,0.0%,0.1%
2025-02-27,3:52pm,USD,Durable Goods Orders m/m,Medium,3.1%,-1.8%
2025-02-27,3:52pm,USD,Prelim GDP Price Index q/q,Medium,2.4%,2.2%
2025-02-27,8:30pm,USD,Pending Home Sales m/m,Medium,-4.6%,-4.1%
2025-02-27,9:00pm,USD,Natural Gas Storage,Low,-261B,-196B
2025-02-28,12:30pm,EUR,German Import Prices m/m,Low,1.1%,0.4%
2025-02-28,12:30pm,EUR,German Retail Sales m/m,Low,0.2%,-0.9%
2025-02-28,All Day,EUR,German Prelim CPI m/m,High,0.4%,-0.2%
2025-02-28,1:15pm,EUR,French Consumer Spending m/m,Low,-0.5%,0.7%
2025-02-28,1:15pm,EUR,French Final Private Payrolls q/q,Low,-0.3%,-0.2%
2025-02-28,1:15pm,EUR,French Prelim CPI m/m,Low,0.0%,0.2%
2025-02-28,1:15pm,EUR,French Prelim GDP q/q,Low,-0.1%,-0.1%
2025-02-28,2:25pm,EUR,German Unemployment Change,Low,5K,11K
2025-02-28,3:30pm,EUR,Italian Prelim CPI m/m,Low,0.2%,0.6%
2025-02-28,3:30pm,USD,Core PCE Price Index m/m,High,0.3%,0.2%
2025-02-28,3:30pm,USD,Goods Trade Balance,Low,-153.3B,-122.0B
2025-02-28,3:30pm,USD,Personal Income m/m,Low,0.9%,0.4%
2025-02-28,3:30pm,USD,Personal Spending m/m,Low,-0.2%,0.8%
2025-02-28,3:30pm,USD,Prelim Wholesale Inventories m/m,Low,0.7%,-0.4%
2025-02-28,8:15pm,USD,Chicago PMI,Medium,45.5,39.5
2025-03-03,1:45pm,EUR,Spanish Manufacturing PMI,Low,49.7,50.9
2025-03-03,2:15pm,EUR,Italian Manufacturing PMI,Low,47.4,46.3
2025-03-03,2:20pm,EUR,French Final Manufacturing PMI,Low,45.8,45.5
2025-03-03,2:25pm,EUR,German Final Manufacturing PMI,Low,46.5,46.1
2025-03-03,2:30pm,EUR,Final Manufacturing PMI,Low,47.6,47.3
2025-03-03,3:30pm,EUR,Core CPI Flash Estimate y/y,Medium,2.6%,2.7%
2025-03-03,3:30pm,EUR,CPI Flash Estimate y/y,Medium,2.4%,2.5%
2025-03-03,8:15pm,USD,Final Manufacturing PMI,Medium,52.7,51.6
2025-03-03,8:30pm,USD,ISM Manufacturing PMI,High,50.3,50.9
2025-03-03,8:30pm,USD,ISM Manufacturing Prices,Medium,62.4,54.9
2025-03-03,8:30pm,USD,Construction Spending m/m,Low,-0.2%,0.5%
2025-03-03,All Day,USD,Wards Total Vehicle Sales,Low,16.0M,15.6M
2025-03-04,1:15pm,EUR,French Gov Budget Balance,Low,-17.3B,-156.3B
2025-03-04,1:30pm,EUR,Spanish Unemployment Change,Low,-6.0K,38.7K
2025-03-04,2:30pm,EUR,Italian Monthly Unemployment Rate,Low,6.3%,6.4%
2025-03-04,3:30pm,EUR,Unemployment Rate,Low,6.2%,6.2%
2025-03-04,8:36pm,USD,RCM/TIPP Economic Optimism,Low,49.8,52.0
2025-03-05,1:15pm,EUR,French Industrial Production m/m,Low,-0.6%,-0.5%
2025-03-05,1:45pm,EUR,Spanish Services PMI,Low,56.2,54.9
2025-03-05,2:15pm,EUR,Italian Services PMI,Low,53.0,50.4
2025-03-05,2:20pm,EUR,French Final Services PMI,Low,45.3,44.5
2025-03-05,2:25pm,EUR,German Final Services PMI,Low,51.1,52.2
2025-03-05,2:30pm,EUR,Final Services PMI,Low,50.6,50.7
2025-03-05,3:30pm,EUR,PPI m/m,Low,0.8%,0.5%
2025-03-05,3:30pm,EUR,Italian Retail Sales m/m,Low,-0.4%,0.6%
2025-03-05,6:45pm,USD,ADP Non-Farm Employment Change,High,77K,186K
2025-03-05,8:15pm,USD,Final Services PMI,Medium,51.0,49.7
2025-03-05,8:30pm,USD,ISM Services PMI,High,53.5,52.8
2025-03-05,8:30pm,USD,Factory Orders m/m,Low,1.7%,-0.6%
2025-03-05,9:00pm,USD,Crude Oil Inventories,Low,3.6M,-2.3M
2025-03-06,3:10pm,EUR,Spanish 10-y Bond Auction,Low,3.51|1.9,2.74|2.6
2025-03-06,3:29pm,EUR,French 10-y Bond Auction,Low,3.51|2.7,3.15|2.2
2025-03-06,3:30pm,EUR,Retail Sales m/m,Low,-0.3%,0.0%
2025-03-06,6:00pm,USD,Challenger Job Cuts y/y,Low,103.2%,-39.5%
2025-03-06,6:45pm,EUR,Main Refinancing Rate,High,2.65%,2.90%
2025-03-06,6:45pm,USD,Unemployment Claims,High,221K,242K
2025-03-06,6:45pm,USD,Revised Nonfarm Productivity q/q,Low,1.5%,1.2%
2025-03-06,6:45pm,USD,Revised Unit Labor Costs q/q,Low,2.2%,3.0%
2025-03-06,6:45pm,USD,Trade Balance,Low,-131.4B,-98.1B
2025-03-06,6:45pm,USD,Final Wholesale Inventories m/m,Low,0.8%,0.7%
2025-03-06,9:00pm,USD,Natural Gas Storage,Low,-80B,-261B
2025-03-07,12:30pm,EUR,German Factory Orders m/m,Low,-7.0%,5.9%
2025-03-07,1:15pm,EUR,French Trade Balance,Low,-6.5B,-3.5B
2025-03-07,3:30pm,EUR,Final Employment Change q/q,Low,0.1%,0.1%
2025-03-07,3:30pm,EUR,Revised GDP q/q,Low,0.2%,0.1%
2025-03-07,3:30pm,USD,Average Hourly Earnings m/m,High,0.3%,0.4%
2025-03-07,3:30pm,USD,Non-Farm Employment Change,High,151K,125K
2025-03-07,3:30pm,USD,Unemployment Rate,High,4.1%,4.0%
2025-03-08,3:30pm,USD,Consumer Credit m/m,Low,18.1B,37.1B
2025-03-10,12:30pm,EUR,German Industrial Production m/m,Low,2.0%,-1.5%
2025-03-10,12:30pm,EUR,German Trade Balance,Low,16.0B,20.7B
2025-03-10,3:00pm,EUR,Sentix Investor Confidence,Low,-2.9,-12.7
2025-03-11,3:30pm,USD,NFIB Small Business Index,Low,100.7,102.8
2025-03-11,7:30pm,USD,JOLTS Job Openings,High,7.74M,7.51M
2025-03-12,4:01pm,EUR,German 10-y Bond Auction,Low,2.92|2.1,2.52|2.8
2025-03-12,6:00pm,USD,Core CPI m/m,High,0.2%,0.4%
2025-03-12,6:00pm,USD,CPI m/m,High,0.2%,0.5%
2025-03-12,6:00pm,USD,CPI y/y,High,2.8%,3.0%
2025-03-12,6:00pm,USD,Crude Oil Inventories,Low,1.4M,3.6M
2025-03-12,10:31pm,USD,10-y Bond Auction,Low,4.31|2.6,4.63|2.5
2025-03-12,11:30pm,USD,Federal Budget Balance,Low,-307.0B,-128.6B
2025-03-13,2:30pm,EUR,Italian Quarterly Unemployment Rate,Low,6.1%,6.3%
2025-03-13,3:30pm,EUR,Industrial Production m/m,Low,0.8%,-0.4%
2025-03-13,3:30pm,USD,Core PPI m/m,High,-0.1%,0.5%
2025-03-13,3:30pm,USD,PPI m/m,High,0.0%,0.6%
2025-03-13,3:30pm,USD,Unemployment Claims,High,220K,222K
2025-03-13,8:00pm,USD,Natural Gas Storage,Low,-62B,-80B
2025-03-13,10:31pm,USD,30-y Bond Auction,Low,4.62|2.4,4.75|2.3
2025-03-14,12:30pm,EUR,German Final CPI m/m,Low,0.4%,0.4%
2025-03-14,12:30pm,EUR,German WPI m/m,Low,0.6%,0.9%
2025-03-14,1:15pm,EUR,French Final CPI m/m,Low,0.0%,0.0%
2025-03-14,2:30pm,EUR,Italian Industrial Production m/m,Low,3.2%,-2.7%
2025-03-14,7:30pm,USD,Prelim UoM Consumer Sentiment,High,57.9,64.7
2025-03-14,7:30pm,USD,Prelim UoM Inflation Expectations,High,4.9%,4.3%
2025-03-17,5:31am,USD,Core Retail Sales m/m,High,0.3%,-0.6%
2025-03-17,5:31am,USD,Retail Sales m/m,High,0.2%,-1.2%
2025-03-17,5:31am,USD,Empire State Manufacturing Index,Medium,-20.0,5.7
2025-03-17,7:30pm,USD,Business Inventories m/m,Low,0.3%,-0.2%
2025-03-17,7:30pm,USD,NAHB Housing Market Index,Low,39,42
2025-03-18,2:30pm,EUR,Italian Trade Balance,Low,-0.26B,5.82B
2025-03-18,3:30pm,EUR,German ZEW Economic Sentiment,Medium,51.6,26.0
2025-03-18,3:30pm,EUR,Trade Balance,Low,14.0B,14.2B
2025-03-18,3:30pm,EUR,ZEW Economic Sentiment,Low,39.8,24.2
2025-03-18,3:30pm,USD,Building Permits,Low,1.46M,1.47M
2025-03-18,3:30pm,USD,Housing Starts,Low,1.50M,1.35M
2025-03-18,3:30pm,USD,Import Prices m/m,Low,0.4%,0.4%
2025-03-18,6:45pm,USD,Capacity Utilization Rate,Low,78.2%,77.7%
2025-03-18,6:45pm,USD,Industrial Production m/m,Low,0.7%,0.3%
2025-03-19,3:30pm,EUR,Final Core CPI y/y,Low,2.6%,2.6%
2025-03-19,3:30pm,EUR,Final CPI y/y,Low,2.3%,2.5%
2025-03-19,4:03pm,EUR,German 30-y Bond Auction,Low,3.08|1.9,2.70|2.5
2025-03-19,8:00pm,USD,Crude Oil Inventories,Low,1.7M,1.4M
2025-03-19,11:30pm,USD,Federal Funds Rate,High,4.50%,4.50%
2025-03-20,1:30am,USD,TIC Long-Term Purchases,Low,-45.2B,75.0B
2025-03-20,1:30am,EUR,German PPI m/m,Low,-0.2%,-0.1%
2025-03-20,3:10pm,EUR,Spanish 10-y Bond Auction,Low,3.38|1.5,3.51|1.9
2025-03-20,3:10pm,USD,Unemployment Claims,High,223K,221K
2025-03-20,3:10pm,USD,Philly Fed Manufacturing Index,Medium,12.5,18.1
2025-03-20,3:10pm,USD,Current Account,Low,-304B,-310B
2025-03-20,7:30pm,USD,Existing Home Sales,Medium,4.26M,4.09M
2025-03-20,7:30pm,USD,CB Leading Index m/m,Low,-0.3%,-0.2%
2025-03-20,8:00pm,USD,Natural Gas Storage,Low,9B,-62B
2025-03-21,2:30pm,EUR,Current Account,Low,35.4B,38.4B
2025-03-21,8:30pm,EUR,Consumer Confidence,Low,-15,-14
2025-03-24,1:45pm,EUR,French Flash Manufacturing PMI,High,48.9,45.8
2025-03-24,1:45pm,EUR,French Flash Services PMI,High,46.6,45.3
2025-03-24,2:00pm,EUR,German Flash Manufacturing PMI,High,48.3,46.5
2025-03-24,2:00pm,EUR,German Flash Services PMI,High,50.2,51.1
2025-03-24,2:30pm,EUR,Flash Manufacturing PMI,Medium,48.7,47.6
2025-03-24,2:30pm,EUR,Flash Services PMI,Medium,50.4,50.6
2025-03-24,7:15pm,USD,Flash Manufacturing PMI,High,49.8,52.7
2025-03-24,7:15pm,USD,Flash Services PMI,High,54.3,51.0
2025-03-25,2:30pm,EUR,German ifo Business Climate,Medium,86.7,85.3
2025-03-25,6:30pm,USD,S&P/CS Composite-20 HPI y/y,Medium,4.7%,4.5%
2025-03-25,6:30pm,USD,HPI m/m,Low,0.2%,0.5%
2025-03-25,7:25pm,EUR,Belgian NBB Business Climate,Low,-15.1,-12.3
2025-03-25,7:29pm,USD,Richmond Manufacturing Index,Medium,-4,6
2025-03-25,7:30pm,USD,CB Consumer Confidence,Medium,92.9,100.1
2025-03-25,7:30pm,USD,New Home Sales,Medium,676K,664K
2025-03-26,3:00pm,USD,Core Durable Goods Orders m/m,Medium,0.7%,0.1%
2025-03-26,3:00pm,USD,Durable Goods Orders m/m,Medium,0.9%,3.2%
2025-03-26,8:00pm,USD,Crude Oil Inventories,Low,-3.3M,1.7M
2025-03-27,2:30pm,EUR,M3 Money Supply y/y,Low,4.0%,3.8%
2025-03-27,2:30pm,EUR,Private Loans y/y,Low,1.5%,1.3%
2025-03-27,6:00pm,USD,Final GDP q/q,High,2.4%,2.3%
2025-03-27,6:00pm,USD,Unemployment Claims,High,224K,225K
2025-03-27,6:00pm,USD,Final GDP Price Index q/q,Medium,2.3%,2.4%
2025-03-27,6:00pm,USD,Goods Trade Balance,Low,-147.9B,-155.6B
2025-03-27,6:00pm,USD,Prelim Wholesale Inventories m/m,Low,0.3%,0.8%
2025-03-27,7:30pm,USD,Pending Home Sales m/m,Medium,2.0%,-4.6%
2025-03-27,8:00pm,USD,Natural Gas Storage,Low,37B,9B
2025-03-28,12:30pm,EUR,German GfK Consumer Climate,Low,-24.5,-24.6
2025-03-28,1:15pm,EUR,French Consumer Spending m/m,Low,-0.1%,-0.6%
2025-03-28,1:15pm,EUR,French Prelim CPI m/m,Low,0.2%,0.0%
2025-03-28,1:15pm,EUR,Spanish Flash CPI y/y,Medium,2.3%,3.0%
2025-03-28,2:25pm,EUR,German Unemployment Change,Low,26K,9K
2025-03-28,3:43pm,EUR,Italian 10-y Bond Auction,Low,3.83|1.7,3.55|1.6
2025-03-28,3:43pm,USD,Core PCE Price Index m/m,High,0.4%,0.3%
2025-03-28,3:43pm,USD,Personal Income m/m,Low,0.8%,0.7%
2025-03-28,3:43pm,USD,Personal Spending m/m,Low,0.4%,-0.3%
2025-03-28,7:30pm,USD,Revised UoM Consumer Sentiment,Medium,57.0,57.9
2025-03-28,7:30pm,USD,Revised UoM Inflation Expectations,Low,5.0%,4.9%
2025-03-31,11:30am,EUR,German Import Prices m/m,Low,0.3%,1.1%
2025-03-31,11:30am,EUR,German Retail Sales m/m,Low,0.8%,0.7%
2025-03-31,All Day,EUR,German Prelim CPI m/m,High,0.3%,0.4%
2025-03-31,2:30pm,EUR,Italian Prelim CPI m/m,Low,0.4%,0.2%
2025-03-31,7:15pm,USD,Chicago PMI,Low,47.6,45.5
2025-04-01,12:45pm,EUR,Spanish Manufacturing PMI,Low,49.5,49.7
2025-04-01,1:15pm,EUR,Italian Manufacturing PMI,Low,46.6,47.4
2025-04-01,1:20pm,EUR,French Final Manufacturing PMI,Low,48.5,48.9
2025-04-01,1:25pm,EUR,German Final Manufacturing PMI,Low,48.3,48.3
2025-04-01,1:30pm,EUR,Final Manufacturing PMI,Low,48.6,48.7
2025-04-01,1:30pm,EUR,Italian Monthly Unemployment Rate,Low,5.9%,6.2%
2025-04-01,2:30pm,EUR,Core CPI Flash Estimate y/y,Medium,2.4%,2.6%
2025-04-01,2:30pm,EUR,CPI Flash Estimate y/y,Medium,2.2%,2.3%
2025-04-01,2:30pm,EUR,Unemployment Rate,Low,6.1%,6.2%
2025-04-01,7:15pm,USD,Final Manufacturing PMI,Medium,50.2,49.8
2025-04-01,7:30pm,USD,ISM Manufacturing PMI,High,49.0,50.3
2025-04-01,7:30pm,USD,JOLTS Job Openings,High,7.57M,7.76M
2025-04-01,7:30pm,USD,ISM Manufacturing Prices,Medium,69.4,62.4
2025-04-01,7:30pm,USD,Construction Spending m/m,Low,0.7%,-0.5%
2025-04-01,All Day,USD,Wards Total Vehicle Sales,Low,17.8M,16.0M
2025-04-01,8:04pm,USD,RCM/TIPP Economic Optimism,Low,49.1,49.8
2025-04-02,12:15pm,EUR,French Gov Budget Balance,Low,-40.3B,-17.3B
2025-04-02,12:30pm,EUR,Spanish Unemployment Change,Low,-13.3K,-6.0K
2025-04-02,3:03pm,EUR,German 10-y Bond Auction,Low,2.68|2.2,2.92|2.1
2025-04-02,5:45pm,USD,ADP Non-Farm Employment Change,High,155K,84K
2025-04-02,7:30pm,USD,Factory Orders m/m,Low,0.6%,1.8%
2025-04-02,8:00pm,USD,Crude Oil Inventories,Low,6.2M,-3.3M
2025-04-03,12:45pm,EUR,Spanish Services PMI,Low,54.7,56.2
2025-04-03,1:15pm,EUR,Italian Services PMI,Low,52.0,53.0
2025-04-03,1:20pm,EUR,French Final Services PMI,Low,47.9,46.6
2025-04-03,1:25pm,EUR,German Final Services PMI,Low,50.9,50.2
2025-04-03,1:30pm,EUR,Final Services PMI,Low,51.0,50.4
2025-04-03,2:26pm,EUR,French 10-y Bond Auction,Low,3.37|3.0,3.51|2.7
2025-04-03,2:30pm,EUR,PPI m/m,Low,0.2%,0.7%
2025-04-03,2:30pm,USD,Challenger Job Cuts y/y,Low,204.8%,103.2%
2025-04-03,2:30pm,USD,Unemployment Claims,High,219K,225K
2025-04-03,2:30pm,USD,Trade Balance,Low,-122.7B,-130.7B
2025-04-03,7:15pm,USD,Final Services PMI,Medium,54.4,54.3
2025-04-03,7:30pm,USD,ISM Services PMI,High,50.8,53.5
2025-04-03,8:00pm,USD,Natural Gas Storage,Low,29B,37B
2025-04-04,11:30am,EUR,German Factory Orders m/m,Low,0.0%,-5.5%
2025-04-04,12:15pm,EUR,French Industrial Production m/m,Low,0.7%,-0.5%
2025-04-04,1:30pm,EUR,Italian Retail Sales m/m,Low,0.1%,-0.4%
2025-04-04,2:00pm,USD,Average Hourly Earnings m/m,High,0.3%,0.2%
2025-04-04,2:00pm,USD,Non-Farm Employment Change,High,228K,117K
2025-04-04,2:00pm,USD,Unemployment Rate,High,4.2%,4.1%
2025-04-07,11:30am,EUR,German Industrial Production m/m,Low,-1.3%,2.0%
2025-04-07,11:30am,EUR,German Trade Balance,Low,17.7B,16.2B
2025-04-07,2:00pm,EUR,Sentix Investor Confidence,Low,-19.5,-2.9
2025-04-07,2:30pm,EUR,Retail Sales m/m,Low,0.3%,0.0%
2025-04-08,12:30am,USD,Consumer Credit m/m,Low,-0.8B,8.9B
2025-04-08,12:15pm,EUR,French Trade Balance,Low,-7.9B,-6.5B
2025-04-08,3:12pm,EUR,German 10-y Bond Auction,Low,2.62|1.3,2.68|2.2
2025-04-08,3:30pm,USD,NFIB Small Business Index,Low,97.4,100.7
2025-04-09,7:30pm,USD,Final Wholesale Inventories m/m,Low,0.3%,0.3%
2025-04-09,8:00pm,USD,Crude Oil Inventories,Low,2.6M,6.2M
2025-04-09,10:31pm,USD,10-y Bond Auction,Medium,4.44|2.7,4.31|2.6
2025-04-10,1:30pm,EUR,Italian Industrial Production m/m,Low,-0.9%,2.5%
2025-04-10,2:14pm,EUR,Spanish 10-y Bond Auction,Low,3.35|1.9,3.38|1.5
2025-04-10,2:14pm,USD,Core CPI m/m,High,0.1%,0.2%
2025-04-10,2:14pm,USD,CPI m/m,High,-0.1%,0.2%
2025-04-10,2:14pm,USD,CPI y/y,High,2.4%,2.8%
2025-04-10,2:14pm,USD,Unemployment Claims,High,223K,219K
2025-04-10,8:00pm,USD,Natural Gas Storage,Low,57B,29B
2025-04-10,10:31pm,USD,30-y Bond Auction,Medium,4.81|2.4,4.62|2.4
2025-04-10,11:30pm,USD,Federal Budget Balance,Low,-160.5B,-307.0B
2025-04-11,11:30am,EUR,German Final CPI m/m,Low,0.3%,0.3%
2025-04-11,6:00pm,USD,Core PPI m/m,High,-0.1%,0.1%
2025-04-11,6:00pm,USD,PPI m/m,High,-0.4%,0.1%
2025-04-11,7:30pm,USD,Prelim UoM Consumer Sentiment,High,50.8,57.0
2025-04-11,7:30pm,USD,Prelim UoM Inflation Expectations,High,6.7%,5.0%
2025-04-15,11:30am,EUR,German WPI m/m,Low,-0.2%,0.6%
2025-04-15,12:15pm,EUR,French Final CPI m/m,Low,0.2%,0.2%
2025-04-15,2:30pm,EUR,German ZEW Economic Sentiment,Medium,-14.0,51.6
2025-04-15,2:30pm,EUR,Industrial Production m/m,Low,1.1%,0.6%
2025-04-15,2:30pm,EUR,ZEW Economic Sentiment,Low,-18.5,39.8
2025-04-15,2:33pm,USD,Empire State Manufacturing Index,Medium,-8.1,-20.0
2025-04-15,2:33pm,USD,Import Prices m/m,Low,-0.1%,0.2%
2025-04-16,1:30pm,EUR,Current Account,Low,34.3B,40.3B
2025-04-16,2:30pm,EUR,Final Core CPI y/y,Low,2.4%,2.4%
2025-04-16,2:30pm,EUR,Final CPI y/y,Low,2.2%,2.2%
2025-04-16,3:07pm,EUR,German 30-y Bond Auction,Low,2.90|1.7,3.08|1.9
2025-04-16,6:00pm,USD,Core Retail Sales m/m,High,0.5%,0.7%
2025-04-16,6:00pm,USD,Retail Sales m/m,High,1.4%,0.2%
2025-04-16,6:45pm,USD,Capacity Utilization Rate,Low,77.8%,78.2%
2025-04-16,6:45pm,USD,Industrial Production m/m,Low,-0.3%,0.8%
2025-04-16,7:30pm,USD,Business Inventories m/m,Low,0.2%,0.3%
2025-04-16,7:30pm,USD,NAHB Housing Market Index,Low,40,39
2025-04-16,7:30pm,USD,Crude Oil Inventories,Low,0.5M,2.6M
2025-04-17,1:30am,USD,TIC Long-Term Purchases,Low,112.0B,-42.2B
2025-04-17,5:20am,EUR,German PPI m/m,Low,-0.7%,-0.2%
2025-04-17,5:45pm,EUR,Main Refinancing Rate,High,2.40%,2.65%
2025-04-17,5:45pm,USD,Unemployment Claims,High,215K,224K
2025-04-17,5:45pm,USD,Philly Fed Manufacturing Index,Medium,-26.4,12.5
2025-04-17,5:45pm,USD,Building Permits,Low,1.48M,1.46M
2025-04-17,5:45pm,USD,Housing Starts,Low,1.32M,1.49M
2025-04-17,8:00pm,USD,Natural Gas Storage,Low,16B,57B
2025-04-18,1:30pm,EUR,Italian Trade Balance,Low,4.47B,-0.26B
2025-04-21,7:30pm,USD,CB Leading Index m/m,Low,-0.7%,-0.2%
2025-04-22,7:29pm,USD,Richmond Manufacturing Index,Medium,-13,-4
2025-04-22,7:29pm,EUR,Consumer Confidence,Low,-17,-15
2025-04-23,12:45pm,EUR,French Flash Manufacturing PMI,High,48.2,48.5
2025-04-23,12:45pm,EUR,French Flash Services PMI,High,46.8,47.9
2025-04-23,1:00pm,EUR,German Flash Manufacturing PMI,High,48.0,48.3
2025-04-23,1:00pm,EUR,German Flash Services PMI,High,48.8,50.9
2025-04-23,1:30pm,EUR,Flash Manufacturing PMI,Medium,48.7,48.6
2025-04-23,1:30pm,EUR,Flash Services PMI,Medium,49.7,51.0
2025-04-23,2:30pm,EUR,Trade Balance,Low,21.0B,14.4B
2025-04-23,3:01pm,EUR,German 10-y Bond Auction,Low,2.47|1.4,2.62|1.3
2025-04-23,7:15pm,USD,Flash Manufacturing PMI,High,50.7,50.2
2025-04-23,7:15pm,USD,Flash Services PMI,High,51.4,54.4
2025-04-23,7:30pm,USD,New Home Sales,Medium,724K,674K
2025-04-23,8:00pm,USD,Crude Oil Inventories,Low,0.2M,0.5M
2025-04-24,1:30pm,EUR,German ifo Business Climate,Medium,86.9,86.7
2025-04-24,6:00pm,USD,Unemployment Claims,High,222K,216K
2025-04-24,6:00pm,USD,Core Durable Goods Orders m/m,Medium,0.0%,0.7%
2025-04-24,6:00pm,USD,Durable Goods Orders m/m,Medium,9.2%,0.9%
2025-04-24,6:25pm,EUR,Belgian NBB Business Climate,Low,-14.7,-15.1
2025-04-24,7:30pm,USD,Existing Home Sales,Medium,4.02M,4.27M
2025-04-24,8:00pm,USD,Natural Gas Storage,Low,88B,16B
2025-04-25,7:30pm,USD,Revised UoM Consumer Sentiment,Medium,52.2,50.8
2025-04-25,7:30pm,USD,Revised UoM Inflation Expectations,Low,6.5%,6.7%
2025-04-28,12:30pm,EUR,Spanish Unemployment Rate,Low,11.4%,10.6%
2025-04-29,11:30am,EUR,German GfK Consumer Climate,Low,-20.6,-24.3
2025-04-29,12:30pm,EUR,Spanish Flash CPI y/y,Medium,2.2%,2.3%
2025-04-29,12:30pm,EUR,Spanish Flash GDP q/q,Low,0.6%,0.7%
2025-04-29,1:30pm,EUR,M3 Money Supply y/y,Low,3.6%,3.9%
2025-04-29,1:30pm,EUR,Private Loans y/y,Low,1.7%,1.5%
2025-04-29,2:43pm,EUR,Italian 10-y Bond Auction,Low,3.62|1.6,3.83|1.7
2025-04-29,6:00pm,USD,Goods Trade Balance,Low,-162.0B,-147.8B
2025-04-29,6:00pm,USD,Prelim Wholesale Inventories m/m,Low,0.5%,0.5%
2025-04-29,6:30pm,USD,S&P/CS Composite-20 HPI y/y,Medium,4.5%,4.7%
2025-04-29,6:30pm,USD,HPI m/m,Low,0.1%,0.3%
2025-04-29,7:30pm,USD,JOLTS Job Openings,High,7.19M,7.48M
2025-04-29,7:30pm,USD,CB Consumer Confidence,Medium,86.0,93.9
2025-04-30,11:00am,EUR,French Consumer Spending m/m,Low,-1.0%,-0.2%
2025-04-30,11:00am,EUR,French Flash GDP q/q,Low,0.1%,-0.1%
2025-04-30,11:30am,EUR,German Import Prices m/m,Low,-1.0%,0.3%
2025-04-30,11:30am,EUR,German Retail Sales m/m,Low,-0.2%,0.2%
2025-04-30,All Day,EUR,German Prelim CPI m/m,High,0.4%,0.3%
2025-04-30,12:15pm,EUR,French Prelim CPI m/m,Low,0.5%,0.2%
2025-04-30,1:25pm,EUR,German Unemployment Change,Low,4K,25K
2025-04-30,1:25pm,EUR,Italian Prelim GDP q/q,Low,0.3%,0.1%
2025-04-30,1:25pm,EUR,German Prelim GDP q/q,Low,0.2%,-0.2%
2025-04-30,2:30pm,EUR,Italian Prelim CPI m/m,Low,0.2%,0.3%
2025-04-30,2:30pm,EUR,Prelim Flash GDP q/q,Low,0.4%,0.2%
2025-04-30,5:45pm,USD,ADP Non-Farm Employment Change,High,62K,147K
2025-04-30,5:45pm,USD,Advance GDP q/q,High,-0.3%,2.4%
2025-04-30,5:45pm,USD,Employment Cost Index q/q,High,0.9%,0.9%
2025-04-30,5:45pm,USD,Advance GDP Price Index q/q,Medium,3.7%,2.3%
2025-04-30,7:15pm,USD,Chicago PMI,Low,44.6,47.6
2025-04-30,7:30pm,USD,Core PCE Price Index m/m,High,0.0%,0.5%
2025-04-30,7:30pm,USD,Pending Home Sales m/m,Medium,6.1%,2.1%
2025-04-30,7:30pm,USD,Personal Income m/m,Low,0.5%,0.7%
2025-04-30,7:30pm,USD,Personal Spending m/m,Low,0.7%,0.5%
2025-04-30,8:00pm,USD,Crude Oil Inventories,Low,-2.7M,0.2M
2025-05-01,5:00pm,USD,Challenger Job Cuts y/y,Low,62.7%,204.8%
2025-05-01,6:00pm,USD,Unemployment Claims,High,241K,223K
2025-05-01,7:15pm,USD,Final Manufacturing PMI,Low,50.2,50.7
2025-05-01,7:30pm,USD,ISM Manufacturing PMI,High,48.7,49.0
2025-05-01,7:30pm,USD,ISM Manufacturing Prices,Medium,69.8,69.4
2025-05-01,7:30pm,USD,Construction Spending m/m,Low,-0.5%,0.6%
2025-05-01,All Day,USD,Wards Total Vehicle Sales,Low,17.3M,17.8M
2025-05-01,11:30pm,USD,Natural Gas Storage,Low,107B,88B
2025-05-02,12:15pm,EUR,French Gov Budget Balance,Low,-47.0B,-40.3B
2025-05-02,12:45pm,EUR,Spanish Manufacturing PMI,Low,48.1,49.5
2025-05-02,1:15pm,EUR,Italian Manufacturing PMI,Low,49.3,46.6
2025-05-02,1:20pm,EUR,French Final Manufacturing PMI,Low,48.7,48.2
2025-05-02,1:25pm,EUR,German Final Manufacturing PMI,Low,48.4,48.0
2025-05-02,1:30pm,EUR,Final Manufacturing PMI,Low,49.0,48.7
2025-05-02,1:30pm,EUR,Italian Monthly Unemployment Rate,Low,6.0%,5.9%
2025-05-02,2:30pm,EUR,Core CPI Flash Estimate y/y,Medium,2.7%,2.4%
2025-05-02,2:30pm,EUR,CPI Flash Estimate y/y,Medium,2.2%,2.2%
2025-05-02,2:30pm,EUR,Unemployment Rate,Low,6.2%,6.2%
2025-05-02,6:00pm,USD,Average Hourly Earnings m/m,High,0.2%,0.3%
2025-05-02,6:00pm,USD,Non-Farm Employment Change,High,177K,185K
2025-05-02,6:00pm,USD,Unemployment Rate,High,4.2%,4.2%
2025-05-02,7:30pm,USD,Factory Orders m/m,Low,4.3%,0.5%
2025-05-05,2:00pm,EUR,Sentix Investor Confidence,Low,-8.1,-19.5
2025-05-05,7:15pm,USD,Final Services PMI,Low,50.8,51.4
2025-05-05,7:30pm,USD,ISM Services PMI,High,51.6,50.8
2025-05-06,12:15pm,EUR,French Industrial Production m/m,Low,0.2%,1.0%
2025-05-06,12:30pm,EUR,Spanish Unemployment Change,Low,-67.4K,-13.3K
2025-05-06,12:45pm,EUR,Spanish Services PMI,Low,53.4,54.7
2025-05-06,1:15pm,EUR,Italian Services PMI,Low,52.9,52.0
2025-05-06,1:20pm,EUR,French Final Services PMI,Low,47.3,46.8
2025-05-06,1:25pm,EUR,German Final Services PMI,Low,49.0,48.8
2025-05-06,1:30pm,EUR,Final Services PMI,Low,50.1,49.7
2025-05-06,2:30pm,EUR,PPI m/m,Low,-1.6%,0.2%
2025-05-06,2:30pm,USD,Trade Balance,Low,-140.5B,-123.2B
2025-05-06,7:36pm,USD,RCM/TIPP Economic Optimism,Low,47.9,49.1
2025-05-06,10:31pm,USD,10-y Bond Auction,Low,4.34|2.6,4.44|2.7
2025-05-07,11:30am,EUR,German Factory Orders m/m,Low,3.6%,0.0%
2025-05-07,12:15pm,EUR,French Prelim Private Payrolls q/q,Low,0.0%,-0.3%
2025-05-07,12:15pm,EUR,French Trade Balance,Low,-6.2B,-7.7B
2025-05-07,1:30pm,EUR,Italian Retail Sales m/m,Low,-0.5%,0.1%
2025-05-07,2:27pm,EUR,French 10-y Bond Auction,Low,3.24|2.8,3.37|3.0
2025-05-07,2:27pm,EUR,Retail Sales m/m,Low,-0.1%,0.2%
2025-05-07,8:00pm,USD,Crude Oil Inventories,Low,-2.0M,-2.7M
2025-05-07,11:30pm,USD,Federal Funds Rate,High,4.50%,4.50%
2025-05-08,12:30am,USD,Consumer Credit m/m,Low,10.2B,-0.6B
2025-05-08,11:30am,EUR,German Industrial Production m/m,Low,3.0%,-1.3%
2025-05-08,11:30am,EUR,German Trade Balance,Low,21.1B,18.0B
2025-05-08,6:00pm,USD,Unemployment Claims,High,228K,241K
2025-05-08,6:00pm,USD,Prelim Nonfarm Productivity q/q,Low,-0.8%,1.5%
2025-05-08,6:00pm,USD,Prelim Unit Labor Costs q/q,Low,5.7%,2.2%
2025-05-08,6:00pm,USD,Final Wholesale Inventories m/m,Low,0.4%,0.5%
2025-05-08,8:00pm,USD,Natural Gas Storage,Low,104B,107B
2025-05-08,10:31pm,USD,30-y Bond Auction,Low,4.82|2.3,4.81|2.4
2025-05-09,1:30pm,EUR,Italian Industrial Production m/m,Low,0.1%,-0.9%
2025-05-12,7:15pm,USD,Cleveland Fed Inflation Expectations,Low,3.9%,3.2%
2025-05-12,11:30pm,USD,Federal Budget Balance,Low,258.4B,-160.5B
2025-05-13,2:30pm,EUR,German ZEW Economic Sentiment,Medium,25.2,-14.0
2025-05-13,2:30pm,EUR,ZEW Economic Sentiment,Low,11.6,-18.5
2025-05-13,3:30pm,USD,NFIB Small Business Index,Low,95.8,97.4
2025-05-13,6:00pm,USD,Core CPI m/m,High,0.2%,0.1%
2025-05-13,6:00pm,USD,CPI m/m,High,0.2%,-0.1%
2025-05-13,6:00pm,USD,CPI y/y,High,2.3%,2.4%
2025-05-13,7:30pm,USD,Mortgage Delinquencies,Low,4.04%,3.98%
2025-05-14,11:30am,EUR,German Final CPI m/m,Low,0.4%,0.4%
2025-05-14,3:08pm,EUR,German 30-y Bond Auction,Low,3.12|2.3,2.90|1.7
2025-05-14,3:08pm,USD,Crude Oil Inventories,Low,3.5M,-2.0M
2025-05-15,11:30am,EUR,German WPI m/m,Low,-0.1%,-0.2%
2025-05-15,12:15pm,EUR,French Final CPI m/m,Low,0.6%,0.5%
2025-05-15,2:30pm,EUR,Flash Employment Change q/q,Low,0.3%,0.1%
2025-05-15,2:30pm,EUR,Flash GDP q/q,Low,0.3%,0.4%
2025-05-15,2:30pm,EUR,Industrial Production m/m,Low,2.6%,1.1%
2025-05-15,2:30pm,USD,Core PPI m/m,High,-0.4%,0.4%
2025-05-15,2:30pm,USD,Core Retail Sales m/m,High,0.1%,0.8%
2025-05-15,2:30pm,USD,PPI m/m,High,-0.5%,0.0%
2025-05-15,2:30pm,USD,Retail Sales m/m,High,0.1%,1.7%
2025-05-15,2:30pm,USD,Unemployment Claims,High,229K,229K
2025-05-15,2:30pm,USD,Empire State Manufacturing Index,Medium,-9.2,-8.1
2025-05-15,2:30pm,USD,Philly Fed Manufacturing Index,Medium,-4.0,-26.4
2025-05-15,6:45pm,USD,Capacity Utilization Rate,Low,77.7%,77.8%
2025-05-15,6:45pm,USD,Industrial Production m/m,Low,0.0%,-0.3%
2025-05-15,7:30pm,USD,Business Inventories m/m,Low,0.1%,0.2%
2025-05-15,7:30pm,USD,NAHB Housing Market Index,Low,34,40
2025-05-15,8:00pm,USD,Natural Gas Storage,Low,110B,104B
2025-05-16,2:30pm,EUR,Italian Trade Balance,Low,3.66B,4.44B
2025-05-16,2:30pm,EUR,Trade Balance,Low,27.9B,22.7B
2025-05-16,2:30pm,USD,Building Permits,Low,1.41M,1.48M
2025-05-16,2:30pm,USD,Housing Starts,Low,1.36M,1.34M
2025-05-16,2:30pm,USD,Import Prices m/m,Low,0.1%,-0.4%
2025-05-16,7:30pm,USD,Prelim UoM Consumer Sentiment,High,50.8,52.2
2025-05-16,7:30pm,USD,Prelim UoM Inflation Expectations,High,7.3%,6.5%
2025-05-17,1:30am,USD,TIC Long-Term Purchases,Low,161.8B,112.9B
2025-05-19,10:00am,EUR,Final Core CPI y/y,Low,2.7%,2.7%
2025-05-19,10:00am,EUR,Final CPI y/y,Low,2.2%,2.2%
2025-05-19,7:30pm,USD,CB Leading Index m/m,Low,-1.0%,-0.8%
2025-05-20,11:30am,EUR,German PPI m/m,Low,-0.6%,-0.7%
2025-05-20,1:30pm,EUR,Current Account,Low,50.9B,40.6B
2025-05-20,7:30pm,EUR,Consumer Confidence,Low,-15,-17
2025-05-21,3:04pm,EUR,German 10-y Bond Auction,Low,2.66|2.4,2.47|1.4
2025-05-21,8:00pm,USD,Crude Oil Inventories,Low,1.3M,3.5M
2025-05-22,12:45pm,EUR,French Flash Manufacturing PMI,High,49.5,48.7
2025-05-22,12:45pm,EUR,French Flash Services PMI,High,47.4,47.3
2025-05-22,1:00pm,EUR,German Flash Manufacturing PMI,High,48.8,48.4
2025-05-22,1:00pm,EUR,German Flash Services PMI,High,47.2,49.0
2025-05-22,1:30pm,EUR,Flash Manufacturing PMI,Medium,49.4,49.0
2025-05-22,1:30pm,EUR,Flash Services PMI,Medium,48.9,50.1
2025-05-22,1:30pm,EUR,German ifo Business Climate,Medium,87.5,86.9
2025-05-22,1:30pm,USD,Unemployment Claims,High,227K,229K
2025-05-22,6:25pm,EUR,Belgian NBB Business Climate,Low,-13.5,-14.7
2025-05-22,7:15pm,USD,Flash Manufacturing PMI,High,52.3,50.2
2025-05-22,7:15pm,USD,Flash Services PMI,High,52.3,50.8
2025-05-22,7:30pm,USD,Existing Home Sales,Medium,4.00M,4.02M
2025-05-22,8:00pm,USD,Natural Gas Storage,Low,120B,110B
2025-05-23,11:30am,EUR,German Final GDP q/q,Low,0.4%,0.2%
2025-05-23,7:30pm,USD,New Home Sales,Medium,743K,670K
2025-05-27,10:32am,EUR,German GfK Consumer Climate,Low,-19.9,-20.8
2025-05-27,12:15pm,EUR,French Prelim CPI m/m,Low,-0.1%,0.6%
2025-05-27,6:00pm,USD,Core Durable Goods Orders m/m,Medium,0.2%,-0.4%
2025-05-27,6:00pm,USD,Durable Goods Orders m/m,Medium,-6.3%,7.5%
2025-05-27,6:30pm,USD,HPI m/m,Low,-0.1%,0.0%
2025-05-27,6:30pm,USD,S&P/CS Composite-20 HPI y/y,Low,4.1%,4.5%
2025-05-27,7:30pm,USD,CB Consumer Confidence,Medium,98.0,85.7
2025-05-28,11:30am,EUR,German Import Prices m/m,Low,-1.7%,-1.0%
2025-05-28,12:15pm,EUR,French Consumer Spending m/m,Low,0.3%,-1.1%
2025-05-28,12:15pm,EUR,French Final Private Payrolls q/q,Low,-0.1%,0.0%
2025-05-28,12:15pm,EUR,French Prelim GDP q/q,Low,0.1%,0.1%
2025-05-28,1:25pm,EUR,German Unemployment Change,Low,34K,6K
2025-05-28,7:29pm,USD,Richmond Manufacturing Index,Medium,-9,-13
2025-05-29,2:41pm,EUR,Italian 10-y Bond Auction,Low,3.57|1.5,3.62|1.6
2025-05-29,2:41pm,USD,Prelim GDP q/q,High,-0.2%,-0.3%
2025-05-29,2:41pm,USD,Unemployment Claims,High,240K,226K
2025-05-29,2:41pm,USD,Prelim GDP Price Index q/q,Medium,3.7%,3.7%
2025-05-29,7:30pm,USD,Pending Home Sales m/m,Medium,-6.3%,5.5%
2025-05-29,8:00pm,USD,Natural Gas Storage,Low,101B,120B
2025-05-29,9:30pm,USD,Crude Oil Inventories,Low,-2.8M,1.3M
2025-05-30,11:30am,EUR,German Retail Sales m/m,Low,-1.1%,0.9%
2025-05-30,All Day,EUR,German Prelim CPI m/m,High,0.1%,0.4%
2025-05-30,All Day,EUR,Spanish Flash CPI y/y,Medium,1.9%,2.2%
2025-05-30,1:30pm,EUR,M3 Money Supply y/y,Low,3.9%,3.7%
2025-05-30,1:30pm,EUR,Private Loans y/y,Low,1.9%,1.7%
2025-05-30,2:32pm,EUR,Italian Prelim CPI m/m,Low,0.0%,0.1%
2025-05-30,2:32pm,USD,Core PCE Price Index m/m,High,0.1%,0.1%
2025-05-30,2:32pm,USD,Goods Trade Balance,Low,-87.6B,-163.2B
2025-05-30,2:32pm,USD,Personal Income m/m,Low,0.8%,0.7%
2025-05-30,2:32pm,USD,Personal Spending m/m,Low,0.2%,0.7%
2025-05-30,2:32pm,USD,Prelim Wholesale Inventories m/m,Low,0.0%,0.5%
2025-05-30,7:15pm,USD,Chicago PMI,Low,40.5,44.6
2025-05-30,7:30pm,USD,Revised UoM Consumer Sentiment,Medium,52.2,50.8
2025-05-30,7:30pm,USD,Revised UoM Inflation Expectations,Low,6.6%,7.3%
2025-06-02,12:45pm,EUR,Spanish Manufacturing PMI,Low,50.5,48.1
2025-06-02,1:15pm,EUR,Italian Manufacturing PMI,Low,49.2,49.3
2025-06-02,1:20pm,EUR,French Final Manufacturing PMI,Low,49.8,49.5
2025-06-02,1:25pm,EUR,German Final Manufacturing PMI,Low,48.3,48.8
2025-06-02,1:30pm,EUR,Final Manufacturing PMI,Low,49.4,49.4
2025-06-02,7:15pm,USD,Final Manufacturing PMI,Low,52.0,52.3
2025-06-02,7:30pm,USD,ISM Manufacturing PMI,High,48.5,48.7
2025-06-02,7:30pm,USD,ISM Manufacturing Prices,Medium,69.4,69.8
2025-06-02,7:30pm,USD,Construction Spending m/m,Low,-0.4%,-0.8%
2025-06-03,12:15pm,EUR,French Gov Budget Balance,Low,-69.3B,-47.0B
2025-06-03,12:30pm,EUR,Spanish Unemployment Change,Low,-57.8K,-67.4K
2025-06-03,1:30pm,EUR,Italian Monthly Unemployment Rate,Low,5.9%,6.1%
2025-06-03,2:30pm,EUR,Core CPI Flash Estimate y/y,Medium,2.3%,2.7%
2025-06-03,2:30pm,EUR,CPI Flash Estimate y/y,Medium,1.9%,2.2%
2025-06-03,2:30pm,EUR,Unemployment Rate,Low,6.2%,6.3%
2025-06-03,7:30pm,USD,JOLTS Job Openings,High,7.39M,7.20M
2025-06-03,7:30pm,USD,Factory Orders m/m,Low,-3.7%,3.4%
2025-06-03,7:34pm,USD,RCM/TIPP Economic Optimism,Low,49.2,47.9
2025-06-04,All Day,USD,Wards Total Vehicle Sales,Low,15.7M,17.3M
2025-06-04,12:45pm,EUR,Spanish Services PMI,Low,51.3,53.4
2025-06-04,1:15pm,EUR,Italian Services PMI,Low,53.2,52.9
2025-06-04,1:20pm,EUR,French Final Services PMI,Low,48.9,47.4
2025-06-04,1:25pm,EUR,German Final Services PMI,Low,47.1,47.2
2025-06-04,1:30pm,EUR,Final Services PMI,Low,49.7,48.9
2025-06-04,5:45pm,USD,ADP Non-Farm Employment Change,High,37K,60K
2025-06-04,5:45pm,USD,Final Services PMI,Low,53.7,52.3
2025-06-04,7:30pm,USD,ISM Services PMI,High,49.9,51.6
2025-06-04,7:30pm,USD,Crude Oil Inventories,Low,-4.3M,-2.8M
2025-06-05,11:30am,EUR,German Factory Orders m/m,Low,0.6%,3.4%
2025-06-05,1:30pm,EUR,Italian Retail Sales m/m,Low,0.7%,-0.4%
2025-06-05,2:29pm,EUR,French 10-y Bond Auction,Low,3.17|2.8,3.24|2.8
2025-06-05,2:30pm,EUR,PPI m/m,Low,-2.2%,-1.7%
2025-06-05,5:00pm,USD,Challenger Job Cuts y/y,Low,47.0%,62.7%
2025-06-05,5:45pm,EUR,Main Refinancing Rate,High,2.15%,2.40%
2025-06-05,5:45pm,USD,Unemployment Claims,High,247K,239K
2025-06-05,5:45pm,USD,Revised Nonfarm Productivity q/q,Low,-1.5%,-0.8%
2025-06-05,5:45pm,USD,Revised Unit Labor Costs q/q,Low,6.6%,5.7%
2025-06-05,5:45pm,USD,Trade Balance,Low,-61.6B,-138.3B
2025-06-05,8:00pm,USD,Natural Gas Storage,Low,122B,101B
2025-06-06,11:30am,EUR,German Industrial Production m/m,Low,-1.4%,2.3%
2025-06-06,11:30am,EUR,German Trade Balance,Low,14.6B,21.3B
2025-06-06,12:15pm,EUR,French Industrial Production m/m,Low,-1.4%,0.1%
2025-06-06,12:15pm,EUR,French Trade Balance,Low,-8.0B,-6.3B
2025-06-06,2:30pm,EUR,Final Employment Change q/q,Low,0.2%,0.3%
2025-06-06,2:30pm,EUR,Retail Sales m/m,Low,0.1%,0.4%
2025-06-06,2:30pm,EUR,Revised GDP q/q,Low,0.6%,0.3%
2025-06-06,2:30pm,USD,Average Hourly Earnings m/m,High,0.4%,0.2%
2025-06-06,2:30pm,USD,Non-Farm Employment Change,High,139K,147K
2025-06-06,2:30pm,USD,Unemployment Rate,High,4.2%,4.2%
2025-06-07,12:30am,USD,Consumer Credit m/m,Low,17.9B,8.6B
2025-06-09,7:30pm,USD,Final Wholesale Inventories m/m,Low,0.2%,0.0%
2025-06-10,1:30pm,EUR,Italian Industrial Production m/m,Low,1.0%,0.0%
2025-06-10,2:00pm,EUR,Sentix Investor Confidence,Low,0.2,-8.1
2025-06-10,3:30pm,USD,NFIB Small Business Index,Low,98.8,95.8
2025-06-11,3:01pm,EUR,German 10-y Bond Auction,Low,2.54|2.7,2.66|2.4
2025-06-11,3:01pm,USD,Core CPI m/m,High,0.1%,0.2%
2025-06-11,3:01pm,USD,CPI m/m,High,0.1%,0.2%
2025-06-11,3:01pm,USD,CPI y/y,High,2.4%,2.3%
2025-06-11,8:00pm,USD,Crude Oil Inventories,Low,-3.6M,-4.3M
2025-06-11,10:31pm,USD,10-y Bond Auction,Low,4.42|2.5,4.34|2.6
2025-06-11,11:29pm,USD,Federal Budget Balance,Low,-316.0B,258.4B
2025-06-12,1:30pm,EUR,Italian Quarterly Unemployment Rate,Low,6.1%,6.1%
2025-06-12,6:00pm,USD,Core PPI m/m,High,0.1%,-0.2%
2025-06-12,6:00pm,USD,PPI m/m,High,0.1%,-0.2%
2025-06-12,6:00pm,USD,Unemployment Claims,High,248K,248K
2025-06-12,8:00pm,USD,Natural Gas Storage,Low,109B,122B
2025-06-12,10:31pm,USD,30-y Bond Auction,Low,4.84|2.4,4.82|2.3
2025-06-13,11:30am,EUR,German Final CPI m/m,Low,0.1%,0.1%
2025-06-13,11:30am,EUR,German WPI m/m,Low,-0.3%,-0.1%
2025-06-13,12:15pm,EUR,French Final CPI m/m,Low,-0.1%,-0.1%
2025-06-13,1:30pm,EUR,Italian Trade Balance,Low,2.48B,4.71B
2025-06-13,2:30pm,EUR,Industrial Production m/m,Low,-2.4%,2.4%
2025-06-13,2:30pm,EUR,Trade Balance,Low,14.0B,28.8B
2025-06-13,7:30pm,USD,Prelim UoM Consumer Sentiment,High,60.5,52.2
2025-06-13,7:30pm,USD,Prelim UoM Inflation Expectations,High,5.1%,6.6%
2025-06-16,6:00pm,USD,Empire State Manufacturing Index,Medium,-16.0,-9.2
2025-06-17,2:30pm,EUR,German ZEW Economic Sentiment,Medium,47.5,25.2
2025-06-17,2:30pm,EUR,ZEW Economic Sentiment,Low,35.3,11.6
2025-06-17,2:30pm,USD,Core Retail Sales m/m,High,-0.3%,0.0%
2025-06-17,2:30pm,USD,Retail Sales m/m,High,-0.9%,-0.1%
2025-06-17,2:30pm,USD,Import Prices m/m,Low,0.0%,0.1%
2025-06-17,6:45pm,USD,Capacity Utilization Rate,Low,77.4%,77.7%
2025-06-17,6:45pm,USD,Industrial Production m/m,Low,-0.2%,0.1%
2025-06-17,7:30pm,USD,Business Inventories m/m,Low,0.0%,0.1%
2025-06-17,7:30pm,USD,NAHB Housing Market Index,Low,32,34
2025-06-18,1:30pm,EUR,Current Account,Low,19.8B,50.9B
2025-06-18,2:30pm,EUR,Final Core CPI y/y,Low,2.3%,2.3%
2025-06-18,2:30pm,EUR,Final CPI y/y,Low,1.9%,1.9%
2025-06-18,3:08pm,EUR,German 30-y Bond Auction,Low,2.99|2.2,3.12|2.3
2025-06-18,6:00pm,USD,Unemployment Claims,High,245K,250K
2025-06-18,6:00pm,USD,Building Permits,Low,1.39M,1.42M
2025-06-18,6:00pm,USD,Housing Starts,Low,1.26M,1.39M
2025-06-18,6:00pm,USD,Crude Oil Inventories,Low,-11.5M,-3.6M
2025-06-18,9:30pm,USD,Natural Gas Storage,Low,95B,109B
2025-06-18,11:30pm,USD,Federal Funds Rate,High,4.50%,4.50%
2025-06-19,1:30am,USD,TIC Long-Term Purchases,Low,-7.8B,162.4B
2025-06-19,2:15pm,EUR,Spanish 10-y Bond Auction,Low,3.21|1.7,3.35|1.9
2025-06-20,11:30am,EUR,German PPI m/m,Low,-0.2%,-0.6%
2025-06-20,11:30am,USD,Philly Fed Manufacturing Index,Medium,-4.0,-4.0
2025-06-20,7:30pm,EUR,Consumer Confidence,Low,-15,-15
2025-06-20,7:30pm,USD,CB Leading Index m/m,Low,-0.1%,-1.4%
2025-06-23,12:45pm,EUR,French Flash Manufacturing PMI,High,47.8,49.8
2025-06-23,12:45pm,EUR,French Flash Services PMI,High,48.7,48.9
2025-06-23,1:00pm,EUR,German Flash Manufacturing PMI,High,49.0,48.3
2025-06-23,1:00pm,EUR,German Flash Services PMI,High,49.4,47.1
2025-06-23,1:30pm,EUR,Flash Manufacturing PMI,Medium,49.4,49.4
2025-06-23,1:30pm,EUR,Flash Services PMI,Medium,50.0,49.7
2025-06-23,7:15pm,USD,Flash Manufacturing PMI,High,52.0,52.0
2025-06-23,7:15pm,USD,Flash Services PMI,High,53.1,53.7
2025-06-23,7:30pm,USD,Existing Home Sales,Medium,4.03M,4.00M
2025-06-24,1:30pm,EUR,German ifo Business Climate,Medium,88.4,87.5
2025-06-24,3:30pm,USD,Current Account,Low,-450B,-312B
2025-06-24,6:21pm,EUR,Belgian NBB Business Climate,Low,-10.1,-13.5
2025-06-24,6:21pm,USD,HPI m/m,Low,-0.4%,0.0%
2025-06-24,6:21pm,USD,S&P/CS Composite-20 HPI y/y,Low,3.4%,4.1%
2025-06-24,7:29pm,USD,Richmond Manufacturing Index,Medium,-7,-9
2025-06-24,7:29pm,USD,CB Consumer Confidence,Medium,93.0,98.4
2025-06-25,7:29pm,USD,New Home Sales,Medium,623K,722K
2025-06-25,8:00pm,USD,Crude Oil Inventories,Low,-5.8M,-11.5M
2025-06-26,11:30am,EUR,German GfK Consumer Climate,Low,-20.3,-20.0
2025-06-26,6:00pm,USD,Final GDP q/q,High,-0.5%,-0.2%
2025-06-26,6:00pm,USD,Unemployment Claims,High,236K,246K
2025-06-26,6:00pm,USD,Core Durable Goods Orders m/m,Medium,0.5%,0.1%
2025-06-26,6:00pm,USD,Durable Goods Orders m/m,Medium,16.4%,-6.6%
2025-06-26,6:00pm,USD,Final GDP Price Index q/q,Medium,3.8%,3.7%
2025-06-26,6:00pm,USD,Goods Trade Balance,Low,-96.6B,-87.0B
2025-06-26,6:00pm,USD,Prelim Wholesale Inventories m/m,Low,-0.3%,0.2%
2025-06-26,7:30pm,USD,Pending Home Sales m/m,Medium,1.8%,-6.3%
2025-06-26,8:00pm,USD,Natural Gas Storage,Low,96B,95B
2025-06-27,12:15pm,EUR,French Consumer Spending m/m,Low,0.2%,0.5%
2025-06-27,12:15pm,EUR,French Prelim CPI m/m,Low,0.3%,-0.1%
2025-06-27,12:30pm,EUR,Spanish Flash CPI y/y,Medium,2.2%,2.0%
2025-06-27,3:38pm,EUR,Italian 10-y Bond Auction,Low,3.48|1.5,3.57|1.5
2025-06-27,3:38pm,USD,Core PCE Price Index m/m,High,0.2%,0.1%
2025-06-27,3:38pm,USD,Personal Income m/m,Low,-0.4%,0.7%
2025-06-27,3:38pm,USD,Personal Spending m/m,Low,-0.1%,0.2%
2025-06-27,7:30pm,USD,Revised UoM Consumer Sentiment,Medium,60.7,60.5
2025-06-27,7:30pm,USD,Revised UoM Inflation Expectations,Low,5.0%,5.1%
2025-06-30,11:30am,EUR,German Import Prices m/m,Low,-0.7%,-1.7%
2025-06-30,11:30am,EUR,German Retail Sales m/m,Low,-1.6%,-0.6%
2025-06-30,All Day,EUR,German Prelim CPI m/m,Medium,0.0%,0.1%
2025-06-30,1:30pm,EUR,M3 Money Supply y/y,Low,3.9%,3.9%
2025-06-30,1:30pm,EUR,Private Loans y/y,Low,2.0%,1.9%
2025-06-30,2:30pm,EUR,Italian Prelim CPI m/m,Low,0.2%,-0.1%
2025-06-30,7:15pm,USD,Chicago PMI,Low,40.4,40.5
2025-07-01,12:45pm,EUR,Spanish Manufacturing PMI,Low,51.4,50.5
2025-07-01,1:15pm,EUR,Italian Manufacturing PMI,Low,48.4,49.2
2025-07-01,1:20pm,EUR,French Final Manufacturing PMI,Low,48.1,47.8
2025-07-01,1:25pm,EUR,German Final Manufacturing PMI,Low,49.0,49.0
2025-07-01,1:25pm,EUR,German Unemployment Change,Low,11K,33K
2025-07-01,1:30pm,EUR,Final Manufacturing PMI,Low,49.5,49.4
2025-07-01,2:30pm,EUR,Core CPI Flash Estimate y/y,Medium,2.3%,2.3%
2025-07-01,2:30pm,EUR,CPI Flash Estimate y/y,Medium,2.0%,1.9%
2025-07-01,7:15pm,USD,Final Manufacturing PMI,Low,52.9,52.0
2025-07-01,7:30pm,USD,ISM Manufacturing PMI,High,49.0,48.5
2025-07-01,7:30pm,USD,JOLTS Job Openings,High,7.77M,7.40M
2025-07-01,7:30pm,USD,ISM Manufacturing Prices,Medium,69.7,69.4
2025-07-01,7:30pm,USD,Construction Spending m/m,Low,-0.3%,-0.2%
2025-07-01,7:33pm,USD,RCM/TIPP Economic Optimism,Low,48.6,49.2
2025-07-01,All Day,USD,Wards Total Vehicle Sales,Low,15.3M,15.7M
2025-07-02,12:15pm,EUR,French Gov Budget Balance,Low,-94.0B,-69.3B
2025-07-02,12:30pm,EUR,Spanish Unemployment Change,Low,-48.9K,-57.8K
2025-07-02,1:30pm,EUR,Italian Monthly Unemployment Rate,Low,6.5%,6.1%
2025-07-02,2:30pm,EUR,Unemployment Rate,Low,6.3%,6.2%
2025-07-02,3:06pm,EUR,German 10-y Bond Auction,Low,2.63|1.6,2.54|2.7
2025-07-02,5:00pm,USD,Challenger Job Cuts y/y,Low,-1.6%,47.0%
2025-07-02,5:45pm,USD,ADP Non-Farm Employment Change,High,-33K,29K
2025-07-02,8:00pm,USD,Crude Oil Inventories,Low,3.8M,-5.8M
2025-07-03,12:45pm,EUR,Spanish Services PMI,Low,51.9,51.3
2025-07-03,1:15pm,EUR,Italian Services PMI,Low,52.1,53.2
2025-07-03,1:20pm,EUR,French Final Services PMI,Low,49.6,48.7
2025-07-03,1:25pm,EUR,German Final Services PMI,Low,49.7,49.4
2025-07-03,1:30pm,EUR,Final Services PMI,Low,50.5,50.0
2025-07-03,2:14pm,EUR,Spanish 10-y Bond Auction,Low,3.16|1.9,3.21|1.7
2025-07-03,2:27pm,EUR,French 10-y Bond Auction,Low,3.27|2.3,3.17|2.8
2025-07-03,2:27pm,USD,Average Hourly Earnings m/m,High,0.2%,0.4%
2025-07-03,2:27pm,USD,Non-Farm Employment Change,High,147K,144K
2025-07-03,2:27pm,USD,Unemployment Rate,High,4.1%,4.2%
2025-07-03,2:27pm,USD,Unemployment Claims,Medium,233K,237K
2025-07-03,2:27pm,USD,Trade Balance,Low,-71.5B,-60.3B
2025-07-03,7:15pm,USD,Final Services PMI,Low,52.9,53.1
2025-07-03,7:30pm,USD,ISM Services PMI,High,50.8,49.9
2025-07-03,7:30pm,USD,Factory Orders m/m,Low,8.2%,-3.9%
2025-07-03,8:00pm,USD,Natural Gas Storage,Low,55B,96B
2025-07-04,11:30am,EUR,German Factory Orders m/m,Low,-1.4%,1.6%
2025-07-04,12:15pm,EUR,French Industrial Production m/m,Low,-0.5%,-1.4%
2025-07-04,1:30pm,EUR,Italian Retail Sales m/m,Low,-0.4%,0.7%
2025-07-04,2:30pm,EUR,PPI m/m,Low,-0.6%,-2.2%
2025-07-07,11:30am,EUR,German Industrial Production m/m,Low,1.2%,-1.6%
2025-07-07,2:00pm,EUR,Sentix Investor Confidence,Low,4.5,0.2
2025-07-07,2:30pm,EUR,Retail Sales m/m,Low,-0.7%,0.3%
2025-07-08,11:30am,EUR,German Trade Balance,Low,18.4B,15.8B
2025-07-08,12:15pm,EUR,French Trade Balance,Low,-7.8B,-7.7B
2025-07-08,3:30pm,USD,NFIB Small Business Index,Low,98.6,98.8
2025-07-09,12:30am,USD,Consumer Credit m/m,Low,5.1B,16.9B
2025-07-09,7:30pm,USD,Final Wholesale Inventories m/m,Low,-0.3%,-0.3%
2025-07-09,8:00pm,USD,Crude Oil Inventories,Low,7.1M,3.8M
2025-07-09,10:31pm,USD,10-y Bond Auction,Low,4.36|2.6,4.42|2.5
2025-07-10,11:30am,EUR,German Final CPI m/m,Low,0.0%,0.0%
2025-07-10,1:30pm,EUR,Italian Industrial Production m/m,Low,-0.7%,0.9%
2025-07-10,6:00pm,USD,Unemployment Claims,High,227K,232K
2025-07-10,8:00pm,USD,Natural Gas Storage,Low,53B,55B
2025-07-10,10:31pm,USD,30-y Bond Auction,Low,4.89|2.4,4.84|2.4
2025-07-11,11:30am,EUR,German WPI m/m,Low,0.2%,-0.3%
2025-07-11,12:15pm,EUR,French Final CPI m/m,Low,0.4%,0.3%
2025-07-11,11:29pm,USD,Federal Budget Balance,Low,27.0B,-316.0B
2025-07-15,2:30pm,EUR,German ZEW Economic Sentiment,Medium,52.7,47.5
2025-07-15,2:30pm,EUR,Industrial Production m/m,Low,1.7%,-2.2%
2025-07-15,2:30pm,EUR,ZEW Economic Sentiment,Low,36.1,35.3
2025-07-15,2:30pm,USD,Core CPI m/m,High,0.2%,0.1%
2025-07-15,2:30pm,USD,CPI m/m,High,0.3%,0.1%
2025-07-15,2:30pm,USD,CPI y/y,High,2.7%,2.4%
2025-07-15,2:30pm,USD,Empire State Manufacturing Index,Medium,5.5,-16.0
2025-07-16,2:30pm,EUR,Italian Trade Balance,Low,6.16B,2.45B
2025-07-16,2:30pm,EUR,Trade Balance,Low,16.2B,15.1B
2025-07-16,3:03pm,EUR,German 30-y Bond Auction,Low,3.22|1.4,2.99|2.2
2025-07-16,6:00pm,USD,Core PPI m/m,High,0.0%,0.4%
2025-07-16,6:00pm,USD,PPI m/m,High,0.0%,0.3%
2025-07-16,6:45pm,USD,Capacity Utilization Rate,Low,77.6%,77.5%
2025-07-16,6:45pm,USD,Industrial Production m/m,Low,0.3%,0.0%
2025-07-16,8:00pm,USD,Crude Oil Inventories,Low,-3.9M,7.1M
2025-07-17,2:12pm,EUR,Spanish 10-y Bond Auction,Low,3.30|2.0,3.16|1.9
2025-07-17,2:30pm,EUR,Final Core CPI y/y,Low,2.3%,2.3%
2025-07-17,2:30pm,EUR,Final CPI y/y,Low,2.0%,2.0%
2025-07-17,2:30pm,USD,Core Retail Sales m/m,High,0.5%,-0.2%
2025-07-17,2:30pm,USD,Retail Sales m/m,High,0.6%,-0.9%
2025-07-17,2:30pm,USD,Unemployment Claims,High,221K,228K
2025-07-17,2:30pm,USD,Philly Fed Manufacturing Index,Medium,15.9,-4.0
2025-07-17,2:30pm,USD,Import Prices m/m,Low,0.1%,-0.4%
2025-07-17,7:30pm,USD,Business Inventories m/m,Low,0.0%,0.0%
2025-07-17,7:30pm,USD,NAHB Housing Market Index,Low,33,32
2025-07-17,8:00pm,USD,Natural Gas Storage,Low,46B,53B
2025-07-18,1:30am,USD,TIC Long-Term Purchases,Low,259.4B,-8.2B
2025-07-18,11:30am,EUR,German PPI m/m,Low,0.1%,-0.2%
2025-07-18,1:30pm,EUR,Current Account,Low,32.3B,18.6B
2025-07-18,6:00pm,USD,Building Permits,Low,1.40M,1.39M
2025-07-18,6:00pm,USD,Housing Starts,Low,1.32M,1.26M
2025-07-18,7:30pm,USD,Prelim UoM Consumer Sentiment,Medium,61.8,60.7
2025-07-18,7:30pm,USD,Prelim UoM Inflation Expectations,Medium,4.4%,5.0%
2025-07-21,7:30pm,USD,CB Leading Index m/m,Low,-0.3%,0.0%
2025-07-22,7:29pm,USD,Richmond Manufacturing Index,Medium,-20,-7
2025-07-23,3:01pm,EUR,German 10-y Bond Auction,Low,2.62|1.5,2.63|1.6
2025-07-23,7:30pm,EUR,Consumer Confidence,Low,-15,-15
2025-07-23,7:30pm,USD,Existing Home Sales,Medium,3.93M,4.04M
2025-07-23,8:00pm,USD,Crude Oil Inventories,Low,-3.2M,-3.9M
2025-07-24,11:30am,EUR,German GfK Consumer Climate,Low,-21.5,-20.3
2025-07-24,12:30pm,EUR,Spanish Unemployment Rate,Low,10.3%,11.4%
2025-07-24,12:45pm,EUR,French Flash Manufacturing PMI,High,48.4,48.1
2025-07-24,12:45pm,EUR,French Flash Services PMI,High,49.7,49.6
2025-07-24,1:00pm,EUR,German Flash Manufacturing PMI,High,49.2,49.0
2025-07-24,1:00pm,EUR,German Flash Services PMI,High,50.1,49.7
2025-07-24,1:30pm,EUR,Flash Manufacturing PMI,Medium,49.8,49.5
2025-07-24,1:30pm,EUR,Flash Services PMI,Medium,51.2,50.5
2025-07-24,5:45pm,EUR,Main Refinancing Rate,High,2.15%,2.15%
2025-07-24,5:45pm,USD,Unemployment Claims,High,217K,221K
2025-07-24,7:15pm,USD,Flash Manufacturing PMI,High,49.5,52.9
2025-07-24,7:15pm,USD,Flash Services PMI,High,55.2,52.9
2025-07-24,7:30pm,USD,New Home Sales,Medium,627K,623K
2025-07-24,8:00pm,USD,Natural Gas Storage,Low,23B,46B
2025-07-25,1:30pm,EUR,German ifo Business Climate,Medium,88.6,88.4
2025-07-25,1:30pm,EUR,M3 Money Supply y/y,Low,3.3%,3.9%
2025-07-25,1:30pm,EUR,Private Loans y/y,Low,2.2%,2.0%
2025-07-25,6:00pm,USD,Core Durable Goods Orders m/m,Medium,0.2%,0.6%
2025-07-25,6:00pm,USD,Durable Goods Orders m/m,Medium,-9.3%,16.5%
2025-07-25,6:01pm,EUR,Belgian NBB Business Climate,Low,-10.8,-10.1
2025-07-29,12:30pm,EUR,Spanish Flash GDP q/q,Low,0.7%,0.6%
2025-07-29,6:00pm,USD,Goods Trade Balance,Low,-86.0B,-96.4B
2025-07-29,6:00pm,USD,Prelim Wholesale Inventories m/m,Low,0.2%,-0.3%
2025-07-29,6:30pm,USD,HPI m/m,Low,-0.2%,-0.3%
2025-07-29,6:30pm,USD,S&P/CS Composite-20 HPI y/y,Low,2.8%,3.4%
2025-07-29,7:30pm,USD,JOLTS Job Openings,High,7.44M,7.71M
2025-07-29,7:30pm,USD,CB Consumer Confidence,Medium,97.2,95.2
2025-07-30,11:00am,EUR,French Consumer Spending m/m,Low,0.6%,0.1%
2025-07-30,11:00am,EUR,French Flash GDP q/q,Low,0.3%,0.1%
2025-07-30,11:30am,EUR,German Retail Sales m/m,Low,1.0%,-0.6%
2025-07-30,11:30am,EUR,Spanish Flash CPI y/y,Medium,2.7%,2.3%
2025-07-30,11:30am,EUR,German Prelim GDP q/q,High,-0.1%,0.4%
2025-07-30,11:30am,EUR,Italian Prelim GDP q/q,Low,-0.1%,0.3%
2025-07-30,2:30pm,EUR,Prelim Flash GDP q/q,Low,0.1%,0.6%
2025-07-30,2:37pm,EUR,Italian 10-y Bond Auction,Low,3.52|1.6,3.48|1.5
2025-07-30,5:45pm,USD,ADP Non-Farm Employment Change,High,104K,-23K
2025-07-30,6:00pm,USD,Advance GDP q/q,High,3.0%,-0.5%
2025-07-30,6:00pm,USD,Advance GDP Price Index q/q,Medium,2.0%,3.8%
2025-07-30,7:30pm,USD,Pending Home Sales m/m,Medium,-0.8%,1.8%
2025-07-30,7:30pm,USD,Crude Oil Inventories,Low,7.7M,-3.2M
2025-07-30,11:30pm,USD,Federal Funds Rate,High,4.50%,4.50%
2025-07-31,11:30am,EUR,German Import Prices m/m,Low,0.0%,-0.7%
2025-07-31,All Day,EUR,German Prelim CPI m/m,Medium,0.3%,0.0%
2025-07-31,12:15pm,EUR,French Prelim CPI m/m,Low,0.2%,0.4%
2025-07-31,1:25pm,EUR,German Unemployment Change,Low,2K,10K
2025-07-31,1:29pm,EUR,Italian Monthly Unemployment Rate,Low,6.3%,6.5%
2025-07-31,2:30pm,EUR,Italian Prelim CPI m/m,Low,0.4%,0.2%
2025-07-31,2:30pm,EUR,Unemployment Rate,Low,6.2%,6.2%
2025-07-31,5:00pm,USD,Challenger Job Cuts y/y,Low,139.8%,-1.6%
2025-07-31,5:00pm,USD,Core PCE Price Index m/m,High,0.3%,0.2%
2025-07-31,5:00pm,USD,Employment Cost Index q/q,High,0.9%,0.9%
2025-07-31,5:00pm,USD,Unemployment Claims,High,218K,217K
2025-07-31,5:00pm,USD,Personal Income m/m,Low,0.3%,-0.4%
2025-07-31,5:00pm,USD,Personal Spending m/m,Low,0.3%,0.0%
2025-07-31,7:15pm,USD,Chicago PMI,Low,47.1,40.4
2025-07-31,8:00pm,USD,Natural Gas Storage,Low,48B,23B
2025-08-01,12:45pm,EUR,Spanish Manufacturing PMI,Low,51.9,51.4
2025-08-01,1:15pm,EUR,Italian Manufacturing PMI,Low,49.8,48.4
2025-08-01,1:20pm,EUR,French Final Manufacturing PMI,Low,48.2,48.4
2025-08-01,1:25pm,EUR,German Final Manufacturing PMI,Low,49.1,49.2
2025-08-01,1:30pm,EUR,Final Manufacturing PMI,Low,49.8,49.8
2025-08-01,1:30pm,EUR,Italian Retail Sales m/m,Low,0.6%,-0.4%
2025-08-01,2:30pm,EUR,Core CPI Flash Estimate y/y,Medium,2.3%,2.3%
2025-08-01,2:30pm,EUR,CPI Flash Estimate y/y,Medium,2.0%,2.0%
2025-08-01,6:00pm,USD,Average Hourly Earnings m/m,High,0.3%,0.2%
2025-08-01,6:00pm,USD,Non-Farm Employment Change,High,73K,14K
2025-08-01,6:00pm,USD,Unemployment Rate,High,4.2%,4.1%
2025-08-01,7:15pm,USD,Final Manufacturing PMI,Low,49.8,49.5
2025-08-01,7:30pm,USD,ISM Manufacturing PMI,High,48.0,49.0
2025-08-01,7:30pm,USD,ISM Manufacturing Prices,Medium,64.8,69.7
2025-08-01,7:30pm,USD,Revised UoM Consumer Sentiment,Medium,61.7,61.8
2025-08-01,7:30pm,USD,Construction Spending m/m,Low,-0.4%,-0.4%
2025-08-01,7:30pm,USD,Revised UoM Inflation Expectations,Low,4.5%,4.4%
2025-08-01,All Day,USD,Wards Total Vehicle Sales,Low,16.4M,15.3M
2025-08-04,12:30pm,EUR,Spanish Unemployment Change,Low,-1.4K,-48.9K
2025-08-04,2:00pm,EUR,Sentix Investor Confidence,Low,-3.7,4.5
2025-08-04,7:30pm,USD,Factory Orders m/m,Low,-4.8%,8.3%
2025-08-05,12:15pm,EUR,French Gov Budget Balance,Low,-100.4B,-94.0B
2025-08-05,12:15pm,EUR,French Industrial Production m/m,Low,3.8%,-0.7%
2025-08-05,12:45pm,EUR,Spanish Services PMI,Low,55.1,51.9
2025-08-05,1:15pm,EUR,Italian Services PMI,Low,52.3,52.1
2025-08-05,1:20pm,EUR,French Final Services PMI,Low,48.5,49.7
2025-08-05,1:25pm,EUR,German Final Services PMI,Low,50.6,50.1
2025-08-05,1:30pm,EUR,Final Services PMI,Low,51.0,51.2
2025-08-05,2:30pm,EUR,PPI m/m,Low,0.8%,-0.6%
2025-08-05,2:32pm,USD,Trade Balance,Low,-60.2B,-71.7B
2025-08-05,7:15pm,USD,Final Services PMI,Low,55.7,55.2
2025-08-05,7:30pm,USD,ISM Services PMI,High,50.1,50.8
2025-08-05,7:31pm,USD,RCM/TIPP Economic Optimism,Low,50.9,48.6
2025-08-06,11:30am,EUR,German Factory Orders m/m,Low,-1.0%,-0.8%
2025-08-06,12:15pm,EUR,French Prelim Private Payrolls q/q,Low,0.0%,-0.1%
2025-08-06,1:30pm,EUR,Italian Industrial Production m/m,Low,0.2%,-0.8%
2025-08-06,2:30pm,EUR,Retail Sales m/m,Low,0.3%,-0.3%
2025-08-06,8:00pm,USD,Crude Oil Inventories,Low,-3.0M,7.7M
2025-08-06,10:31pm,USD,10-y Bond Auction,Low,4.26|2.4,4.36|2.6
2025-08-07,11:30am,EUR,German Industrial Production m/m,Low,-1.9%,-0.1%
2025-08-07,11:30am,EUR,German Trade Balance,Low,14.9B,18.5B
2025-08-07,12:15pm,EUR,French Trade Balance,Low,-7.6B,-7.6B
2025-08-07,2:15pm,EUR,Spanish 10-y Bond Auction,Low,3.20|2.1,3.30|2.0
2025-08-07,2:28pm,EUR,French 10-y Bond Auction,Low,3.41|2.9,3.27|2.3
2025-08-07,6:00pm,USD,Unemployment Claims,High,226K,219K
2025-08-07,6:00pm,USD,Prelim Nonfarm Productivity q/q,Low,2.4%,-1.5%
2025-08-07,6:00pm,USD,Prelim Unit Labor Costs q/q,Low,1.6%,6.6%
2025-08-07,6:00pm,USD,Final Wholesale Inventories m/m,Low,0.1%,0.2%
2025-08-07,8:00pm,USD,Natural Gas Storage,Low,7B,48B
2025-08-07,10:31pm,USD,30-y Bond Auction,Low,4.81|2.3,4.89|2.4
2025-08-08,12:30am,USD,Consumer Credit m/m,Low,7.4B,5.1B
2025-08-11,2:30pm,EUR,Italian Trade Balance,Low,5.41B,6.10B
2025-08-11,7:05pm,USD,Cleveland Fed Inflation Expectations,Low,3.5%,3.9%
2025-08-12,2:30pm,EUR,German ZEW Economic Sentiment,Medium,34.7,52.7
2025-08-12,2:30pm,EUR,ZEW Economic Sentiment,Low,25.1,36.1
2025-08-12,3:30pm,USD,NFIB Small Business Index,Low,100.3,98.6
2025-08-12,3:30pm,USD,Core CPI m/m,High,0.3%,0.2%
2025-08-12,3:30pm,USD,CPI m/m,High,0.2%,0.3%
2025-08-12,3:30pm,USD,CPI y/y,High,2.7%,2.7%
2025-08-12,11:30pm,USD,Federal Budget Balance,Low,-291.1B,27.0B
2025-08-13,11:30am,EUR,German Final CPI m/m,Low,0.3%,0.3%
2025-08-13,11:30am,EUR,German WPI m/m,Low,-0.1%,0.2%
2025-08-13,3:03pm,EUR,German 10-y Bond Auction,Low,2.69|1.4,2.62|1.5
2025-08-13,8:00pm,USD,Crude Oil Inventories,Low,3.0M,-3.0M
2025-08-14,12:15pm,EUR,French Final CPI m/m,Low,0.2%,0.2%
2025-08-14,2:30pm,EUR,Flash Employment Change q/q,Low,0.1%,0.2%
2025-08-14,2:30pm,EUR,Flash GDP q/q,Low,0.1%,0.1%
2025-08-14,2:30pm,EUR,Industrial Production m/m,Low,-1.3%,1.1%
2025-08-14,6:00pm,USD,Core PPI m/m,High,0.9%,0.0%
2025-08-14,6:00pm,USD,PPI m/m,High,0.9%,0.0%
2025-08-14,6:00pm,USD,Unemployment Claims,High,224K,227K
2025-08-14,7:00pm,USD,Natural Gas Storage,Low,56B,7B
2025-08-14,9:20pm,USD,Mortgage Delinquencies,Low,3.93%,4.04%
2025-08-15,10:00am,USD,Core Retail Sales m/m,High,0.3%,0.8%
2025-08-15,10:00am,USD,Retail Sales m/m,High,0.5%,0.9%
2025-08-15,10:00am,USD,Empire State Manufacturing Index,Medium,11.9,5.5
2025-08-15,10:00am,USD,Import Prices m/m,Low,0.4%,-0.1%
2025-08-15,6:45pm,USD,Capacity Utilization Rate,Low,77.5%,77.7%
2025-08-15,6:45pm,USD,Industrial Production m/m,Low,-0.1%,0.4%
2025-08-15,7:30pm,USD,Prelim UoM Consumer Sentiment,High,58.6,61.7
2025-08-15,7:30pm,USD,Prelim UoM Inflation Expectations,High,4.9%,4.5%
2025-08-15,7:30pm,USD,Business Inventories m/m,Low,0.2%,0.0%
2025-08-16,1:30am,USD,TIC Long-Term Purchases,Low,150.8B,266.8B
2025-08-18,2:30pm,EUR,Trade Balance,Low,2.8B,15.6B
2025-08-18,7:30pm,USD,NAHB Housing Market Index,Low,32,33
2025-08-19,1:30pm,EUR,Current Account,Low,35.8B,31.8B
2025-08-19,1:30pm,USD,Building Permits,Low,1.35M,1.40M
2025-08-19,1:30pm,USD,Housing Starts,Low,1.43M,1.36M
2025-08-20,11:30am,EUR,German PPI m/m,Low,-0.1%,0.1%
2025-08-20,2:30pm,EUR,Final Core CPI y/y,Low,2.3%,2.3%
2025-08-20,2:30pm,EUR,Final CPI y/y,Low,2.0%,2.0%
2025-08-20,3:09pm,EUR,German 30-y Bond Auction,Low,3.28|1.0,3.22|1.4
2025-08-20,8:00pm,USD,Crude Oil Inventories,Low,-6.0M,3.0M
2025-08-21,12:45pm,EUR,French Flash Manufacturing PMI,Medium,49.9,48.2
2025-08-21,12:45pm,EUR,French Flash Services PMI,Medium,49.7,48.5
2025-08-21,1:00pm,EUR,German Flash Manufacturing PMI,High,49.9,49.1
2025-08-21,1:00pm,EUR,German Flash Services PMI,High,50.1,50.6
2025-08-21,1:30pm,EUR,Flash Manufacturing PMI,Medium,50.5,49.8
2025-08-21,1:30pm,EUR,Flash Services PMI,Medium,50.7,51.0
2025-08-21,2:00pm,USD,Unemployment Claims,High,235K,224K
2025-08-21,2:00pm,USD,Philly Fed Manufacturing Index,Medium,-0.3,15.9
2025-08-21,7:15pm,USD,Flash Manufacturing PMI,High,53.3,49.8
2025-08-21,7:15pm,USD,Flash Services PMI,High,55.4,55.7
2025-08-21,7:30pm,EUR,Consumer Confidence,Low,-16,-15
2025-08-21,7:30pm,USD,Existing Home Sales,Medium,4.01M,3.93M
2025-08-21,7:30pm,USD,CB Leading Index m/m,Low,-0.1%,-0.3%
2025-08-21,8:00pm,USD,Natural Gas Storage,Low,13B,56B
2025-08-22,11:30am,EUR,German Final GDP q/q,Low,-0.3%,-0.1%
2025-08-25,1:30pm,EUR,German ifo Business Climate,Medium,89.0,88.6
2025-08-25,6:20pm,EUR,Belgian NBB Business Climate,Low,-8.9,-10.8
2025-08-25,7:30pm,USD,New Home Sales,Medium,652K,656K
2025-08-26,6:00pm,USD,Core Durable Goods Orders m/m,Medium,1.1%,0.3%
2025-08-26,6:00pm,USD,Durable Goods Orders m/m,Medium,-2.8%,-9.4%
2025-08-26,6:30pm,USD,HPI m/m,Low,-0.2%,-0.1%
2025-08-26,6:30pm,USD,S&P/CS Composite-20 HPI y/y,Low,2.1%,2.8%
2025-08-26,7:29pm,USD,Richmond Manufacturing Index,Medium,-7,-20
2025-08-26,7:29pm,USD,CB Consumer Confidence,Medium,97.4,98.7
2025-08-27,11:30am,EUR,German GfK Consumer Climate,Low,-23.6,-21.7
2025-08-27,8:00pm,USD,Crude Oil Inventories,Low,-2.4M,-6.0M
2025-08-28,1:30pm,EUR,M3 Money Supply y/y,Low,3.4%,3.3%
2025-08-28,1:30pm,EUR,Private Loans y/y,Low,2.4%,2.2%
2025-08-28,2:39pm,EUR,Italian 10-y Bond Auction,Low,3.58|1.6,3.52|1.6
2025-08-28,2:39pm,USD,Prelim GDP q/q,High,3.3%,3.0%
2025-08-28,2:39pm,USD,Unemployment Claims,High,229K,234K
2025-08-28,2:39pm,USD,Prelim GDP Price Index q/q,Medium,2.0%,2.0%
2025-08-28,7:30pm,USD,Pending Home Sales m/m,Medium,-0.4%,-0.8%
2025-08-28,8:00pm,USD,Natural Gas Storage,Low,18B,13B
2025-08-29,11:30am,EUR,German Import Prices m/m,Low,-0.4%,0.0%
2025-08-29,11:30am,EUR,German Retail Sales m/m,Low,-1.5%,1.0%
2025-08-29,All Day,EUR,German Prelim CPI m/m,Medium,0.1%,0.3%
2025-08-29,12:15pm,EUR,French Consumer Spending m/m,Low,-0.3%,0.4%
2025-08-29,12:15pm,EUR,French Final Private Payrolls q/q,Low,0.2%,0.0%
2025-08-29,12:15pm,EUR,French Prelim CPI m/m,Low,0.4%,0.2%
2025-08-29,12:15pm,EUR,French Prelim GDP q/q,Low,0.3%,0.3%
2025-08-29,12:30pm,EUR,Spanish Flash CPI y/y,Medium,2.7%,2.7%
2025-08-29,1:25pm,EUR,German Unemployment Change,Low,-9K,2K
2025-08-29,2:30pm,EUR,Italian Prelim CPI m/m,Low,0.1%,0.4%
2025-08-29,2:30pm,USD,Core PCE Price Index m/m,High,0.3%,0.3%
2025-08-29,2:30pm,USD,Goods Trade Balance,Low,-103.6B,-84.9B
2025-08-29,2:30pm,USD,Personal Income m/m,Low,0.4%,0.3%
2025-08-29,2:30pm,USD,Personal Spending m/m,Low,0.5%,0.4%
2025-08-29,2:30pm,USD,Prelim Wholesale Inventories m/m,Low,0.2%,0.1%
2025-08-29,7:15pm,USD,Chicago PMI,Low,41.5,47.1
2025-08-29,7:30pm,USD,Revised UoM Consumer Sentiment,Medium,58.2,58.6
2025-08-29,7:30pm,USD,Revised UoM Inflation Expectations,Low,4.8%,4.9%
2025-09-01,12:45pm,EUR,Spanish Manufacturing PMI,Low,54.3,51.9
2025-09-01,1:15pm,EUR,Italian Manufacturing PMI,Low,50.4,49.8
2025-09-01,1:20pm,EUR,French Final Manufacturing PMI,Low,50.4,49.9
2025-09-01,1:25pm,EUR,German Final Manufacturing PMI,Low,49.8,49.9
2025-09-01,1:30pm,EUR,Final Manufacturing PMI,Low,50.7,50.5
2025-09-01,1:30pm,EUR,Italian Monthly Unemployment Rate,Low,6.0%,6.2%
2025-09-01,2:30pm,EUR,Unemployment Rate,Low,6.2%,6.3%
2025-09-02,12:15pm,EUR,French Gov Budget Balance,Low,-142.0B,-100.4B
2025-09-02,12:30pm,EUR,Spanish Unemployment Change,Low,21.9K,-1.4K
2025-09-02,2:30pm,EUR,Core CPI Flash Estimate y/y,Medium,2.3%,2.3%
2025-09-02,2:30pm,EUR,CPI Flash Estimate y/y,Medium,2.1%,2.0%
2025-09-02,7:15pm,USD,Final Manufacturing PMI,Low,53.0,53.3
2025-09-02,7:15pm,USD,ISM Manufacturing PMI,High,48.7,48.0
2025-09-02,7:15pm,USD,ISM Manufacturing Prices,Medium,63.7,64.8
2025-09-02,7:15pm,USD,Construction Spending m/m,Low,-0.1%,-0.4%
2025-09-02,7:35pm,USD,RCM/TIPP Economic Optimism,Low,48.7,50.9
2025-09-03,12:45pm,EUR,Spanish Services PMI,Low,53.2,55.1
2025-09-03,1:15pm,EUR,Italian Services PMI,Low,51.5,52.3
2025-09-03,1:20pm,EUR,French Final Services PMI,Low,49.8,49.7
2025-09-03,1:25pm,EUR,German Final Services PMI,Low,49.3,50.1
2025-09-03,1:25pm,EUR,Final Services PMI,Low,50.5,50.7
2025-09-03,2:30pm,EUR,PPI m/m,Low,0.4%,0.8%
2025-09-03,3:02pm,EUR,German 10-y Bond Auction,Low,2.77|1.4,2.69|1.4
2025-09-03,7:30pm,USD,JOLTS Job Openings,High,7.18M,7.36M
2025-09-03,7:30pm,USD,Factory Orders m/m,Low,-1.3%,-4.8%
2025-09-03,All Day,USD,Wards Total Vehicle Sales,Low,16.1M,16.4M
2025-09-04,2:27pm,EUR,French 10-y Bond Auction,Low,3.57|2.2,3.41|2.9
2025-09-04,2:30pm,EUR,Retail Sales m/m,Low,-0.5%,0.6%
2025-09-04,5:00pm,USD,Challenger Job Cuts y/y,Low,13.3%,139.8%
2025-09-04,5:45pm,USD,ADP Non-Farm Employment Change,High,54K,106K
2025-09-04,5:45pm,USD,Unemployment Claims,High,237K,229K
2025-09-04,5:45pm,USD,Revised Nonfarm Productivity q/q,Low,3.3%,2.4%
2025-09-04,5:45pm,USD,Revised Unit Labor Costs q/q,Low,1.0%,1.6%
2025-09-04,5:45pm,USD,Trade Balance,Low,-78.3B,-59.1B
2025-09-04,7:15pm,USD,Final Services PMI,Low,54.5,55.4
2025-09-04,7:30pm,USD,ISM Services PMI,High,52.0,50.1
2025-09-04,8:00pm,USD,Natural Gas Storage,Low,55B,18B
2025-09-04,9:30pm,USD,Crude Oil Inventories,Low,2.4M,-2.4M
2025-09-05,11:30am,EUR,German Factory Orders m/m,Low,-2.9%,-0.2%
2025-09-05,12:15pm,EUR,French Trade Balance,Low,-5.6B,-7.2B
2025-09-05,1:30pm,EUR,Italian Retail Sales m/m,Low,0.0%,0.7%
2025-09-05,2:30pm,EUR,Final Employment Change q/q,Low,0.1%,0.1%
2025-09-05,2:30pm,EUR,Revised GDP q/q,Low,0.1%,0.1%
2025-09-05,2:30pm,USD,Average Hourly Earnings m/m,High,0.3%,0.3%
2025-09-05,2:30pm,USD,Non-Farm Employment Change,High,22K,79K
2025-09-05,2:30pm,USD,Unemployment Rate,High,4.3%,4.2%
2025-09-08,11:30am,EUR,German Industrial Production m/m,Low,1.3%,-0.1%
2025-09-08,11:30am,EUR,German Trade Balance,Low,14.7B,15.4B
2025-09-08,2:00pm,EUR,Sentix Investor Confidence,Low,-9.2,-3.7
2025-09-09,12:30am,USD,Consumer Credit m/m,Low,16.0B,9.6B
2025-09-09,12:15pm,EUR,French Industrial Production m/m,Low,-1.1%,3.7%
2025-09-09,3:01pm,EUR,German 10-y Bond Auction,Low,2.61|1.9,2.77|1.4
2025-09-09,3:30pm,USD,NFIB Small Business Index,Low,100.8,100.3
2025-09-09,7:30pm,USD,Prelim Benchmark Payrolls Revision,High,-911K,-818K
2025-09-10,1:30pm,EUR,Italian Industrial Production m/m,Low,0.4%,0.2%
2025-09-10,6:00pm,USD,Core PPI m/m,High,-0.1%,0.7%
2025-09-10,6:00pm,USD,PPI m/m,High,-0.1%,0.7%
2025-09-10,7:30pm,USD,Final Wholesale Inventories m/m,Low,0.1%,0.2%
2025-09-10,8:00pm,USD,Crude Oil Inventories,Low,3.9M,2.4M
2025-09-10,10:31pm,USD,10-y Bond Auction,Low,4.03|2.7,4.26|2.4
2025-09-11,5:45pm,EUR,Main Refinancing Rate,High,2.15%,2.15%
2025-09-11,6:00pm,USD,Core CPI m/m,High,0.3%,0.3%
2025-09-11,6:00pm,USD,CPI m/m,High,0.4%,0.2%
2025-09-11,6:00pm,USD,CPI y/y,High,2.9%,2.7%
2025-09-11,6:00pm,USD,Unemployment Claims,High,263K,236K
2025-09-11,8:00pm,USD,Natural Gas Storage,Low,71B,55B
2025-09-11,10:31pm,USD,30-y Bond Auction,Low,4.65|2.4,4.81|2.3
2025-09-11,11:30pm,USD,Federal Budget Balance,Low,-344.8B,-291.1B
2025-09-12,11:30am,EUR,German Final CPI m/m,Low,0.1%,0.1%
2025-09-12,12:15pm,EUR,French Final CPI m/m,Low,0.4%,0.4%
2025-09-12,1:30pm,EUR,Italian Quarterly Unemployment Rate,Low,6.3%,6.1%
2025-09-12,7:30pm,USD,Prelim UoM Consumer Sentiment,High,55.4,58.2
2025-09-12,7:30pm,USD,Prelim UoM Inflation Expectations,High,4.8%,4.8%
2025-09-15,11:30am,EUR,German WPI m/m,Low,-0.6%,-0.1%
2025-09-15,1:30pm,EUR,Italian Trade Balance,Low,7.91B,5.38B
2025-09-15,2:30pm,EUR,Trade Balance,Low,5.3B,3.7B
2025-09-15,2:30pm,USD,Empire State Manufacturing Index,Medium,-8.7,11.9
2025-09-16,2:30pm,EUR,German ZEW Economic Sentiment,Medium,37.3,34.7
2025-09-16,2:30pm,EUR,Industrial Production m/m,Low,0.3%,-0.6%
2025-09-16,2:30pm,EUR,ZEW Economic Sentiment,Low,26.1,25.1
2025-09-16,2:30pm,USD,Core Retail Sales m/m,High,0.7%,0.4%
2025-09-16,2:30pm,USD,Retail Sales m/m,High,0.6%,0.6%
2025-09-16,2:30pm,USD,Import Prices m/m,Low,0.3%,0.2%
2025-09-16,6:45pm,USD,Capacity Utilization Rate,Low,77.4%,77.4%
2025-09-16,6:45pm,USD,Industrial Production m/m,Low,0.1%,-0.4%
2025-09-16,7:30pm,USD,Business Inventories m/m,Low,0.2%,0.2%
2025-09-16,7:30pm,USD,NAHB Housing Market Index,Low,32,32
2025-09-17,2:30pm,EUR,Final Core CPI y/y,Low,2.3%,2.3%
2025-09-17,2:30pm,EUR,Final CPI y/y,Low,2.0%,2.1%
2025-09-17,3:04pm,EUR,German 30-y Bond Auction,Low,3.25|1.8,3.28|1.0
2025-09-17,3:04pm,USD,Building Permits,Low,1.31M,1.35M
2025-09-17,3:04pm,USD,Housing Starts,Low,1.31M,1.43M
2025-09-17,3:04pm,USD,Crude Oil Inventories,Low,-9.3M,3.9M
2025-09-17,11:30pm,USD,Federal Funds Rate,High,4.25%,4.50%
2025-09-18,1:30pm,EUR,Current Account,Low,27.7B,35.8B
2025-09-18,2:11pm,EUR,Spanish 10-y Bond Auction,Low,3.23|1.9,3.20|2.1
2025-09-18,6:00pm,USD,Unemployment Claims,High,231K,264K
2025-09-18,6:00pm,USD,Philly Fed Manufacturing Index,Medium,23.2,-0.3
2025-09-18,6:00pm,USD,CB Leading Index m/m,Low,-0.5%,0.1%
2025-09-18,8:00pm,USD,Natural Gas Storage,Low,90B,71B
2025-09-19,1:30am,USD,TIC Long-Term Purchases,Low,49.2B,151.0B
2025-09-19,11:30am,EUR,German PPI m/m,Low,-0.5%,-0.1%
2025-09-22,7:30pm,EUR,Consumer Confidence,Low,-15,-16
2025-09-23,12:45pm,EUR,French Flash Manufacturing PMI,Medium,48.1,50.4
2025-09-23,12:45pm,EUR,French Flash Services PMI,Medium,48.9,49.8
2025-09-23,1:00pm,EUR,German Flash Manufacturing PMI,High,48.5,48.8
2025-09-23,1:00pm,EUR,German Flash Services PMI,High,52.5,49.3
2025-09-23,1:30pm,EUR,Flash Manufacturing PMI,Medium,49.5,50.7
2025-09-23,1:30pm,EUR,Flash Services PMI,Medium,51.4,50.5
2025-09-23,3:30pm,USD,Current Account,Low,-251B,-440B
2025-09-23,7:15pm,USD,Flash Manufacturing PMI,High,52.0,53.0
2025-09-23,7:15pm,USD,Flash Services PMI,High,53.9,54.5
2025-09-23,7:35pm,USD,Richmond Manufacturing Index,Medium,-17,-7
2025-09-24,10:30am,EUR,German ifo Business Climate,Medium,87.7,88.9
2025-09-24,6:13pm,EUR,Belgian NBB Business Climate,Low,-7.9,-8.9
2025-09-24,7:30pm,USD,New Home Sales,Medium,800K,664K
2025-09-24,8:00pm,USD,Crude Oil Inventories,Low,-0.6M,-9.3M
2025-09-25,11:30am,EUR,German GfK Consumer Climate,Low,-22.3,-23.5
2025-09-25,11:30am,EUR,M3 Money Supply y/y,Low,2.9%,3.3%
2025-09-25,11:30am,EUR,Private Loans y/y,Low,2.5%,2.4%
2025-09-25,6:00pm,USD,Final GDP q/q,High,3.8%,3.3%
2025-09-25,6:00pm,USD,Unemployment Claims,High,218K,232K
2025-09-25,6:00pm,USD,Core Durable Goods Orders m/m,Medium,0.4%,1.0%
2025-09-25,6:00pm,USD,Durable Goods Orders m/m,Medium,2.9%,-2.7%
2025-09-25,6:00pm,USD,Final GDP Price Index q/q,Medium,2.1%,2.0%
2025-09-25,6:00pm,USD,Goods Trade Balance,Low,-85.5B,-102.8B
2025-09-25,6:00pm,USD,Prelim Wholesale Inventories m/m,Low,-0.2%,0.1%
2025-09-25,7:30pm,USD,Existing Home Sales,Medium,4.00M,4.01M
2025-09-25,8:00pm,USD,Natural Gas Storage,Low,75B,90B
2025-09-26,2:37pm,EUR,Italian 10-y Bond Auction,Low,3.62|1.7,3.58|1.6
2025-09-26,2:37pm,USD,Core PCE Price Index m/m,High,0.2%,0.2%
2025-09-26,2:37pm,USD,Personal Income m/m,Low,0.4%,0.4%
2025-09-26,2:37pm,USD,Personal Spending m/m,Low,0.6%,0.5%
2025-09-26,7:30pm,USD,Revised UoM Consumer Sentiment,Medium,55.1,55.4
2025-09-26,7:30pm,USD,Revised UoM Inflation Expectations,Low,4.7%,4.8%
2025-09-29,12:30pm,EUR,Spanish Flash CPI y/y,Medium,2.9%,2.7%
2025-09-29,7:30pm,USD,Pending Home Sales m/m,Medium,4.0%,-0.3%
2025-09-30,11:30am,EUR,German Import Prices m/m,Low,-0.5%,-0.4%
2025-09-30,11:30am,EUR,German Retail Sales m/m,Low,-0.2%,-0.5%
2025-09-30,All Day,EUR,German Prelim CPI m/m,Medium,0.2%,0.1%
2025-09-30,12:15pm,EUR,French Consumer Spending m/m,Low,0.1%,-0.6%
2025-09-30,12:15pm,EUR,French Prelim CPI m/m,Low,-1.0%,0.4%
2025-09-30,1:25pm,EUR,German Unemployment Change,Low,14K,-7K
2025-09-30,2:30pm,EUR,Italian Prelim CPI m/m,Low,-0.2%,0.1%
2025-09-30,2:30pm,USD,HPI m/m,Low,-0.1%,-0.2%
2025-09-30,2:30pm,USD,S&P/CS Composite-20 HPI y/y,Low,1.8%,2.2%
2025-09-30,7:15pm,USD,Chicago PMI,Low,40.6,41.5
2025-09-30,7:30pm,USD,JOLTS Job Openings,High,7.23M,7.21M
2025-09-30,7:30pm,USD,CB Consumer Confidence,Medium,94.2,97.8
2025-10-01,12:45pm,EUR,Spanish Manufacturing PMI,Low,51.5,54.3
2025-10-01,1:15pm,EUR,Italian Manufacturing PMI,Low,49.0,50.4
2025-10-01,1:20pm,EUR,French Final Manufacturing PMI,Low,48.2,48.1
2025-10-01,1:25pm,EUR,German Final Manufacturing PMI,Low,49.5,48.5
2025-10-01,1:30pm,EUR,Final Manufacturing PMI,Low,49.8,49.5
2025-10-01,2:30pm,EUR,Core CPI Flash Estimate y/y,Medium,2.3%,2.3%
2025-10-01,2:30pm,EUR,CPI Flash Estimate y/y,Medium,2.2%,2.0%
2025-10-01,3:02pm,EUR,German 10-y Bond Auction,Low,2.72|1.2,2.61|1.9
2025-10-01,5:45pm,USD,ADP Non-Farm Employment Change,High,-32K,-3K
2025-10-01,7:15pm,USD,Final Manufacturing PMI,Low,52.0,52.0
2025-10-01,7:30pm,USD,ISM Manufacturing PMI,High,49.1,48.7
2025-10-01,7:30pm,USD,ISM Manufacturing Prices,Medium,61.9,63.7
2025-10-01,All Day,USD,Wards Total Vehicle Sales,Low,16.4M,16.1M
2025-10-01,8:00pm,USD,Crude Oil Inventories,Low,1.8M,-0.6M
2025-10-02,12:15pm,EUR,French Gov Budget Balance,Low,-157.5B,-142.0B
2025-10-02,12:30pm,EUR,Spanish Unemployment Change,Low,-4.8K,21.9K
2025-10-02,1:30pm,EUR,Italian Monthly Unemployment Rate,Low,6.0%,5.9%
2025-10-02,2:25pm,EUR,French 10-y Bond Auction,Low,3.51|2.5,3.57|2.2
2025-10-02,2:30pm,EUR,Unemployment Rate,Low,6.3%,6.2%
2025-10-02,3:40pm,USD,Challenger Job Cuts y/y,Low,-25.8%,13.3%
2025-10-02,3:40pm,USD,Natural Gas Storage,Low,53B,75B
2025-10-03,12:15pm,EUR,French Industrial Production m/m,Low,-0.7%,-1.1%
2025-10-03,12:45pm,EUR,Spanish Services PMI,Low,54.3,53.2
2025-10-03,1:15pm,EUR,Italian Services PMI,Low,52.5,51.5
2025-10-03,1:20pm,EUR,French Final Services PMI,Low,48.5,48.9
2025-10-03,1:25pm,EUR,German Final Services PMI,Low,51.5,52.5
2025-10-03,1:30pm,EUR,Final Services PMI,Low,51.3,51.4
2025-10-03,1:30pm,EUR,Italian Retail Sales m/m,Low,-0.1%,0.0%
2025-10-03,2:30pm,EUR,PPI m/m,Low,-0.3%,0.3%
2025-10-03,7:15pm,USD,Final Services PMI,Low,54.2,53.9
2025-10-03,7:30pm,USD,ISM Services PMI,High,50.0,52.0
2025-10-06,2:00pm,EUR,Sentix Investor Confidence,Low,-5.4,-9.2
2025-10-06,2:30pm,EUR,Retail Sales m/m,Low,0.1%,-0.4%
2025-10-07,11:30am,EUR,German Factory Orders m/m,Low,-0.8%,-2.7%
2025-10-07,12:15pm,EUR,French Trade Balance,Low,-5.5B,-5.7B
2025-10-07,7:32pm,USD,RCM/TIPP Economic Optimism,Low,48.3,48.7
2025-10-08,12:30am,USD,Consumer Credit m/m,Low,0.4B,18.1B
2025-10-08,11:30am,EUR,German Industrial Production m/m,Low,-4.3%,1.3%
2025-10-08,8:00pm,USD,Crude Oil Inventories,Low,3.7M,1.8M
2025-10-08,10:31pm,USD,10-y Bond Auction,Low,4.12|2.5,4.03|2.7
2025-10-09,11:30am,EUR,German Trade Balance,Low,17.2B,16.3B
2025-10-09,8:00pm,USD,Natural Gas Storage,Low,80B,53B
2025-10-09,10:31pm,USD,30-y Bond Auction,Low,4.73|2.4,4.65|2.4
2025-10-10,1:30pm,EUR,Italian Industrial Production m/m,Low,-2.4%,0.4%
2025-10-10,7:30pm,USD,Prelim UoM Consumer Sentiment,High,55.0,55.1
2025-10-10,7:30pm,USD,Prelim UoM Inflation Expectations,High,4.6%,4.7%
2025-10-13,11:30am,EUR,German WPI m/m,Low,0.2%,-0.6%
2025-10-14,11:30am,EUR,German Final CPI m/m,Low,0.2%,0.2%
2025-10-14,2:30pm,EUR,German ZEW Economic Sentiment,Medium,39.3,37.3
2025-10-14,2:30pm,EUR,ZEW Economic Sentiment,Low,22.7,26.1
2025-10-14,3:30pm,USD,NFIB Small Business Index,Low,98.8,100.8
2025-10-15,12:15pm,EUR,French Final CPI m/m,Low,-1.0%,-1.0%
2025-10-15,2:30pm,EUR,Industrial Production m/m,Low,-1.2%,0.5%
2025-10-15,3:02pm,EUR,German 30-y Bond Auction,Low,3.17|1.4,3.25|1.8
2025-10-15,3:02pm,USD,Empire State Manufacturing Index,Medium,10.7,-8.7
2025-10-16,2:09pm,EUR,Spanish 10-y Bond Auction,Low,3.09|1.7,3.23|1.9
2025-10-16,2:30pm,EUR,Italian Trade Balance,Low,2.05B,7.83B
2025-10-16,2:30pm,EUR,Trade Balance,Low,9.7B,6.0B
2025-10-16,6:00pm,USD,Philly Fed Manufacturing Index,Medium,-12.8,23.2
2025-10-16,6:00pm,USD,NAHB Housing Market Index,Low,37,32
2025-10-16,8:00pm,USD,Natural Gas Storage,Low,80B,80B
2025-10-16,8:00pm,USD,Crude Oil Inventories,Low,3.5M,3.7M
2025-10-16,11:30pm,USD,Federal Budget Balance,Low,198.0B,-344.8B
2025-10-17,2:30pm,EUR,Final Core CPI y/y,Low,2.4%,2.3%
2025-10-17,2:30pm,EUR,Final CPI y/y,Low,2.2%,2.2%
2025-10-20,11:30am,EUR,German PPI m/m,Low,-0.1%,-0.5%
2025-10-20,1:30pm,EUR,Current Account,Low,11.9B,29.8B
2025-10-22,8:00pm,USD,Crude Oil Inventories,Low,-1.0M,3.5M
2025-10-23,7:30pm,EUR,Consumer Confidence,Low,-14,-15
2025-10-23,7:30pm,USD,Existing Home Sales,Medium,4.06M,4.00M
2025-10-23,8:00pm,USD,Natural Gas Storage,Low,87B,80B
2025-10-24,12:30pm,EUR,Spanish Unemployment Rate,Low,10.5%,10.3%
2025-10-24,12:45pm,EUR,French Flash Manufacturing PMI,Medium,48.3,48.2
2025-10-24,12:45pm,EUR,French Flash Services PMI,Medium,47.1,48.5
2025-10-24,1:00pm,EUR,German Flash Manufacturing PMI,High,49.6,49.5
2025-10-24,1:00pm,EUR,German Flash Services PMI,High,54.5,51.5
2025-10-24,1:30pm,EUR,Flash Manufacturing PMI,Medium,50.0,49.8
2025-10-24,1:30pm,EUR,Flash Services PMI,Medium,52.6,51.3
2025-10-24,2:00pm,USD,Core CPI m/m,High,0.2%,0.3%
2025-10-24,2:00pm,USD,CPI m/m,High,0.3%,0.4%
2025-10-24,2:00pm,USD,CPI y/y,High,3.0%,2.9%
2025-10-24,6:21pm,EUR,Belgian NBB Business Climate,Low,-9.1,-7.9
2025-10-24,7:15pm,USD,Flash Manufacturing PMI,High,52.2,52.0
2025-10-24,7:15pm,USD,Flash Services PMI,High,55.2,54.2
2025-10-24,7:30pm,USD,Revised UoM Consumer Sentiment,Low,53.6,55.0
2025-10-24,7:30pm,USD,Revised UoM Inflation Expectations,Low,4.6%,4.6%
2025-10-27,2:30pm,EUR,German ifo Business Climate,Medium,88.4,87.7
2025-10-27,2:30pm,EUR,M3 Money Supply y/y,Low,2.8%,2.9%
2025-10-27,2:30pm,EUR,Private Loans y/y,Low,2.6%,2.5%
2025-10-28,12:30pm,EUR,German GfK Consumer Climate,Low,-24.1,-22.5
2025-10-28,6:30pm,USD,HPI m/m,Low,0.4%,0.0%
2025-10-28,6:30pm,USD,S&P/CS Composite-20 HPI y/y,Low,1.6%,1.8%
2025-10-28,7:29pm,USD,Richmond Manufacturing Index,Medium,-4,-17
2025-10-28,7:30pm,USD,CB Consumer Confidence,Medium,94.6,95.6
2025-10-29,1:30pm,EUR,Spanish Flash GDP q/q,Low,0.6%,0.8%
2025-10-29,4:02pm,EUR,German 10-y Bond Auction,Low,2.62|1.3,2.72|1.2
2025-10-29,7:30pm,USD,Pending Home Sales m/m,Medium,0.0%,4.2%
2025-10-29,7:30pm,USD,Crude Oil Inventories,Low,-6.9M,-1.0M
2025-10-29,11:30pm,USD,Federal Funds Rate,High,4.00%,4.25%
2025-10-30,12:00pm,EUR,French Consumer Spending m/m,Low,0.3%,0.2%
2025-10-30,12:00pm,EUR,French Flash GDP q/q,Low,0.5%,0.3%
2025-10-30,All Day,EUR,German Prelim CPI m/m,Medium,0.3%,0.2%
2025-10-30,All Day,EUR,Spanish Flash CPI y/y,Medium,3.1%,3.0%
2025-10-30,2:25pm,EUR,German Unemployment Change,Low,-1K,13K
2025-10-30,2:30pm,EUR,German Prelim GDP q/q,Medium,0.0%,-0.3%
2025-10-30,2:30pm,EUR,Italian Prelim GDP q/q,Low,0.0%,-0.1%
2025-10-30,3:30pm,EUR,Italian Monthly Unemployment Rate,Low,6.1%,6.0%
2025-10-30,3:30pm,EUR,Prelim Flash GDP q/q,Low,0.2%,0.1%
2025-10-30,3:30pm,EUR,Unemployment Rate,Low,6.3%,6.3%
2025-10-30,3:36pm,EUR,Italian 10-y Bond Auction,Low,3.46|1.5,3.62|1.7
2025-10-30,6:45pm,EUR,Main Refinancing Rate,High,2.15%,2.15%
2025-10-30,8:00pm,USD,Natural Gas Storage,Low,74B,87B
2025-10-31,12:30pm,EUR,German Import Prices m/m,Low,0.2%,-0.5%
2025-10-31,12:30pm,EUR,German Retail Sales m/m,Low,0.2%,-0.5%
2025-10-31,1:15pm,EUR,French Prelim CPI m/m,Low,0.1%,-1.0%
2025-10-31,3:30pm,EUR,Core CPI Flash Estimate y/y,Medium,2.4%,2.4%
2025-10-31,3:30pm,EUR,CPI Flash Estimate y/y,Medium,2.1%,2.2%
2025-10-31,3:30pm,EUR,Italian Prelim CPI m/m,Low,-0.3%,-0.2%
2025-10-31,7:15pm,USD,Chicago PMI,Low,43.8,40.6
2025-11-03,1:45pm,EUR,Spanish Manufacturing PMI,Low,52.1,51.5
2025-11-03,2:15pm,EUR,Italian Manufacturing PMI,Low,49.9,49.0
2025-11-03,2:20pm,EUR,French Final Manufacturing PMI,Low,48.8,48.3
2025-11-03,2:25pm,EUR,German Final Manufacturing PMI,Low,49.6,49.6
2025-11-03,2:30pm,EUR,Final Manufacturing PMI,Low,50.0,50.0
2025-11-03,8:15pm,USD,Final Manufacturing PMI,Low,52.5,52.2
2025-11-03,8:30pm,USD,ISM Manufacturing PMI,High,48.7,49.1
2025-11-03,8:30pm,USD,ISM Manufacturing Prices,Medium,58.0,61.9
2025-11-03,All Day,USD,Wards Total Vehicle Sales,Low,15.3M,16.4M
2025-11-04,1:15pm,EUR,French Gov Budget Balance,Low,-155.4B,-157.5B
2025-11-04,1:30pm,EUR,Spanish Unemployment Change,Low,22.1K,-4.8K
2025-11-04,8:31pm,USD,RCM/TIPP Economic Optimism,Low,43.9,48.3
2025-11-05,12:30pm,EUR,German Factory Orders m/m,Low,1.1%,-0.4%
2025-11-05,1:15pm,EUR,French Industrial Production m/m,Low,0.8%,-0.9%
2025-11-05,1:45pm,EUR,Spanish Services PMI,Low,56.6,54.3
2025-11-05,2:15pm,EUR,Italian Services PMI,Low,54.0,52.5
2025-11-05,2:20pm,EUR,French Final Services PMI,Low,48.0,47.1
2025-11-05,2:25pm,EUR,German Final Services PMI,Low,54.6,54.5
2025-11-05,2:30pm,EUR,Final Services PMI,Low,53.0,52.6
2025-11-05,2:30pm,EUR,Italian Retail Sales m/m,Low,-0.5%,-0.1%
2025-11-05,3:00pm,EUR,PPI m/m,Low,-0.1%,-0.4%
2025-11-05,6:45pm,USD,ADP Non-Farm Employment Change,High,42K,-29K
2025-11-05,8:15pm,USD,Final Services PMI,Low,54.8,55.2
2025-11-05,8:30pm,USD,ISM Services PMI,High,52.4,50.0
2025-11-05,9:00pm,USD,Crude Oil Inventories,Low,5.2M,-6.9M
2025-11-06,12:30pm,EUR,German Industrial Production m/m,Low,1.3%,-3.7%
2025-11-06,1:15pm,EUR,French Prelim Private Payrolls q/q,Low,-0.3%,0.2%
2025-11-06,2:27pm,USD,Challenger Job Cuts y/y,Low,175.3%,-25.8%
2025-11-06,3:17pm,EUR,Spanish 10-y Bond Auction,Low,3.11|2.6,3.09|1.7
2025-11-06,3:29pm,EUR,French 10-y Bond Auction,Low,3.43|2.1,3.51|2.5
2025-11-06,3:30pm,EUR,Retail Sales m/m,Low,-0.1%,0.1%
2025-11-06,3:30pm,USD,Natural Gas Storage,Low,33B,74B
2025-11-07,12:30pm,EUR,German Trade Balance,Low,15.3B,16.9B
2025-11-07,1:15pm,EUR,French Trade Balance,Low,-6.6B,-5.2B
2025-11-07,8:30pm,USD,Prelim UoM Consumer Sentiment,Medium,50.3,53.6
2025-11-07,8:30pm,USD,Prelim UoM Inflation Expectations,Medium,4.7%,4.6%
2025-11-08,1:30am,USD,Consumer Credit m/m,Low,13.1B,3.1B
2025-11-10,3:00pm,EUR,Sentix Investor Confidence,Low,-7.4,-5.4
2025-11-10,8:15pm,USD,Cleveland Fed Inflation Expectations,Low,3.3%,3.5%
2025-11-11,3:30pm,EUR,German ZEW Economic Sentiment,Low,38.5,39.3
2025-11-11,3:30pm,EUR,ZEW Economic Sentiment,Low,25.0,22.7
2025-11-11,4:30pm,USD,NFIB Small Business Index,Low,98.2,98.8
2025-11-11,6:56pm,USD,ADP Weekly Employment Change,Medium,-11.3K,14.3K
2025-11-12,12:30pm,EUR,German Final CPI m/m,Low,0.3%,0.3%
2025-11-12,12:30pm,EUR,German WPI m/m,Low,0.3%,0.2%
2025-11-12,2:30pm,EUR,Italian Industrial Production m/m,Low,2.8%,-2.7%
2025-11-12,4:02pm,EUR,German 30-y Bond Auction,Low,3.26|1.3,3.17|1.4
2025-11-12,11:31pm,USD,10-y Bond Auction,Low,4.07|2.4,4.12|2.5
2025-11-13,3:30pm,EUR,Industrial Production m/m,Low,0.2%,-1.1%
2025-11-13,10:30pm,USD,Crude Oil Inventories,Low,6.4M,5.2M
2025-11-13,11:31pm,USD,30-y Bond Auction,Low,4.69|2.3,4.73|2.4
2025-11-14,1:15pm,EUR,French Final CPI m/m,Low,0.1%,0.1%
2025-11-14,2:30pm,EUR,Italian Trade Balance,Low,2.85B,1.88B
2025-11-14,3:30pm,EUR,Flash Employment Change q/q,Low,0.1%,0.1%
2025-11-14,3:30pm,EUR,Flash GDP q/q,Low,0.2%,0.2%
2025-11-14,3:30pm,EUR,Trade Balance,Low,18.7B,10.6B
2025-11-14,8:55pm,USD,Mortgage Delinquencies,Low,3.99%,3.93%
2025-11-14,9:00pm,USD,Natural Gas Storage,Low,45B,33B
2025-11-17,10:00am,USD,Empire State Manufacturing Index,Medium,18.7,10.7
2025-11-17,8:30pm,USD,Construction Spending m/m,Low,0.2%,0.2%
2025-11-18,Sep 27th,USD,Unemployment Claims,Low,224K,219K
2025-11-18,Oct 4th,USD,Unemployment Claims,Low,235K,224K
2025-11-18,Oct 11th,USD,Unemployment Claims,Low,220K,235K
2025-11-18,1:40pm,USD,Unemployment Claims,High,232K,220K
2025-11-18,6:59pm,USD,ADP Weekly Employment Change,Medium,-2.5K,-11.3K
2025-11-18,8:30pm,USD,Factory Orders m/m,Low,1.4%,-1.3%
2025-11-18,8:30pm,USD,NAHB Housing Market Index,Low,38,37
2025-11-19,Aug Data,USD,TIC Long-Term Purchases,Low,134.2B,39.0B
2025-11-19,2:30am,USD,TIC Long-Term Purchases,Low,179.8B,134.2B
2025-11-19,2:30pm,EUR,Current Account,Low,23.1B,11.9B
2025-11-19,3:30pm,EUR,Final Core CPI y/y,Low,2.4%,2.4%
2025-11-19,3:30pm,EUR,Final CPI y/y,Low,2.1%,2.1%
2025-11-19,7:00pm,USD,Trade Balance,Low,-59.6B,-78.2B
2025-11-19,9:00pm,USD,Crude Oil Inventories,Low,-3.4M,6.4M
2025-11-20,9:00pm,EUR,German PPI m/m,Low,0.1%,-0.1%
2025-11-20,3:08pm,EUR,Spanish 10-y Bond Auction,Low,3.20|1.9,3.11|2.6
2025-11-20,Oct 25th,USD,Unemployment Claims,Low,220K,232K
2025-11-20,Nov 1st,USD,Unemployment Claims,Low,229K,220K
2025-11-20,Nov 8th,USD,Unemployment Claims,Low,228K,229K
2025-11-20,Nov 8th,USD,Average Hourly Earnings m/m,High,0.2%,0.4%
2025-11-20,Nov 8th,USD,Non-Farm Employment Change,High,119K,-4K
2025-11-20,Nov 8th,USD,Unemployment Claims,High,220K,228K
2025-11-20,Nov 8th,USD,Unemployment Rate,High,4.4%,4.3%
2025-11-20,Nov 8th,USD,Philly Fed Manufacturing Index,Medium,-1.7,-12.8
2025-11-20,8:30pm,EUR,Consumer Confidence,Low,-14,-14
2025-11-20,8:30pm,USD,Existing Home Sales,Medium,4.10M,4.05M
2025-11-20,9:00pm,USD,Natural Gas Storage,Low,-14B,45B
2025-11-21,1:45pm,EUR,French Flash Manufacturing PMI,Medium,47.8,48.8
2025-11-21,1:45pm,EUR,French Flash Services PMI,Medium,50.8,48.0
2025-11-21,2:00pm,EUR,German Flash Manufacturing PMI,High,48.4,49.6
2025-11-21,2:00pm,EUR,German Flash Services PMI,High,52.7,54.6
2025-11-21,2:30pm,EUR,Flash Manufacturing PMI,Low,49.7,50.0
2025-11-21,2:30pm,EUR,Flash Services PMI,Low,53.1,53.0
2025-11-21,8:15pm,USD,Flash Manufacturing PMI,High,51.9,52.5
2025-11-21,8:15pm,USD,Flash Services PMI,High,55.0,54.8
2025-11-21,8:30pm,USD,Revised UoM Consumer Sentiment,Medium,51.0,50.3
2025-11-21,8:30pm,USD,Final Wholesale Inventories m/m,Low,0.0%,-0.2%
2025-11-21,8:30pm,USD,Revised UoM Inflation Expectations,Low,4.5%,4.7%
2025-11-24,2:30pm,EUR,German ifo Business Climate,Medium,88.1,88.4
2025-11-24,7:20pm,EUR,Belgian NBB Business Climate,Low,-8.2,-9.1
2025-11-25,12:30pm,EUR,German Final GDP q/q,Low,0.0%,0.0%
2025-11-25,6:45pm,USD,ADP Weekly Employment Change,Medium,-13.5K,-7.5K
2025-11-25,7:00pm,USD,Core PPI m/m,High,0.1%,-0.1%
2025-11-25,7:00pm,USD,Core Retail Sales m/m,High,0.3%,0.6%
2025-11-25,7:00pm,USD,PPI m/m,High,0.3%,-0.1%
2025-11-25,7:00pm,USD,Retail Sales m/m,High,0.2%,0.6%
2025-11-25,7:30pm,USD,HPI m/m,Low,0.0%,0.4%
2025-11-25,7:30pm,USD,S&P/CS Composite-20 HPI y/y,Low,1.4%,1.6%
2025-11-25,8:29pm,USD,Richmond Manufacturing Index,Medium,-15,-4
2025-11-25,8:30pm,USD,CB Consumer Confidence,Medium,88.7,95.5
2025-11-25,8:30pm,USD,Pending Home Sales m/m,Medium,1.9%,0.1%
2025-11-25,8:30pm,USD,Business Inventories m/m,Low,0.0%,0.2%
2025-11-26,12:30am,USD,Federal Budget Balance,Low,-284.4B,198.0B
2025-11-26,4:05pm,EUR,German 10-y Bond Auction,Low,2.67|2.0,2.62|1.3
2025-11-26,7:00pm,USD,Unemployment Claims,High,216K,222K
2025-11-26,7:00pm,USD,Core Durable Goods Orders m/m,Medium,0.6%,0.3%
2025-11-26,7:00pm,USD,Durable Goods Orders m/m,Medium,0.5%,3.0%
2025-11-26,8:15pm,USD,Chicago PMI,Low,36.3,43.8
2025-11-26,9:00pm,USD,Crude Oil Inventories,Low,2.8M,-3.4M
2025-11-26,9:00pm,USD,Natural Gas Storage,Low,-11B,-14B
2025-11-27,12:30pm,EUR,German GfK Consumer Climate,Low,-23.2,-24.1
2025-11-27,2:30pm,EUR,M3 Money Supply y/y,Low,2.8%,2.8%
2025-11-27,2:30pm,EUR,Private Loans y/y,Low,2.8%,2.6%
2025-11-27,3:35pm,EUR,Italian 10-y Bond Auction,Low,3.44|1.6,3.46|1.5
2025-11-28,12:30pm,EUR,German Import Prices m/m,Low,0.2%,0.2%
2025-11-28,12:30pm,EUR,German Retail Sales m/m,Low,-0.3%,0.3%
2025-11-28,All Day,EUR,German Prelim CPI m/m,Medium,-0.2%,0.3%
2025-11-28,1:15pm,EUR,French Consumer Spending m/m,Low,0.4%,0.3%
2025-11-28,1:15pm,EUR,French Final Private Payrolls q/q,Low,-0.1%,-0.3%
2025-11-28,1:15pm,EUR,French Prelim CPI m/m,Low,-0.1%,0.1%
2025-11-28,1:15pm,EUR,French Prelim GDP q/q,Low,0.5%,0.5%
2025-11-28,1:15pm,EUR,Spanish Flash CPI y/y,Low,3.0%,3.1%
2025-11-28,2:25pm,EUR,German Unemployment Change,Low,1K,-2K
2025-11-28,2:25pm,EUR,Italian Prelim CPI m/m,Low,-0.2%,-0.3%
2025-12-01,1:45pm,EUR,Spanish Manufacturing PMI,Low,51.5,52.1
2025-12-01,2:15pm,EUR,Italian Manufacturing PMI,Low,50.6,49.9
2025-12-01,2:20pm,EUR,French Final Manufacturing PMI,Low,47.8,47.8
2025-12-01,2:25pm,EUR,German Final Manufacturing PMI,Low,48.2,48.4
2025-12-01,2:30pm,EUR,Final Manufacturing PMI,Low,49.6,49.7
2025-12-01,8:15pm,USD,Final Manufacturing PMI,Low,52.2,51.9
2025-12-01,8:30pm,USD,ISM Manufacturing PMI,High,48.2,48.7
2025-12-01,8:30pm,USD,ISM Manufacturing Prices,Medium,58.5,58.0
2025-12-02,1:15pm,EUR,French Gov Budget Balance,Low,-136.2B,-155.4B
2025-12-02,1:30pm,EUR,Spanish Unemployment Change,Low,-18.8K,22.1K
2025-12-02,2:30pm,EUR,Italian Monthly Unemployment Rate,Low,6.0%,6.2%
2025-12-02,3:30pm,EUR,Core CPI Flash Estimate y/y,Medium,2.4%,2.4%
2025-12-02,3:30pm,EUR,CPI Flash Estimate y/y,Medium,2.2%,2.1%
2025-12-02,3:30pm,EUR,Unemployment Rate,Low,6.4%,6.4%
2025-12-02,3:30pm,USD,RCM/TIPP Economic Optimism,Low,47.9,43.9
2025-12-02,All Day,USD,Wards Total Vehicle Sales,Low,15.6M,15.3M
2025-12-03,1:45pm,EUR,Spanish Services PMI,Low,55.6,56.6
2025-12-03,2:15pm,EUR,Italian Services PMI,Low,55.0,54.0
2025-12-03,2:20pm,EUR,French Final Services PMI,Low,51.4,50.8
2025-12-03,2:25pm,EUR,German Final Services PMI,Low,53.1,52.7
2025-12-03,2:30pm,EUR,Final Services PMI,Low,53.6,53.1
2025-12-03,3:30pm,EUR,PPI m/m,Low,0.1%,-0.1%
2025-12-03,6:45pm,USD,ADP Non-Farm Employment Change,High,-32K,47K
2025-12-03,6:45pm,USD,Import Prices m/m,Low,0.0%,0.1%
2025-12-03,7:45pm,USD,Capacity Utilization Rate,Low,75.9%,75.9%
2025-12-03,7:45pm,USD,Industrial Production m/m,Low,0.1%,-0.3%
2025-12-03,8:15pm,USD,Final Services PMI,Low,54.1,55.0
2025-12-03,8:30pm,USD,ISM Services PMI,High,52.6,52.4
2025-12-03,9:38pm,USD,Crude Oil Inventories,Low,0.6M,2.8M
2025-12-04,3:30pm,EUR,Retail Sales m/m,Low,0.0%,0.1%
2025-12-04,3:31pm,EUR,French 10-y Bond Auction,Low,3.38|2.3,3.43|2.1
2025-12-04,6:00pm,USD,Challenger Job Cuts y/y,Medium,23.5%,175.3%
2025-12-04,7:00pm,USD,Unemployment Claims,High,191K,218K
2025-12-04,7:00pm,USD,Factory Orders m/m,Low,0.2%,1.3%
2025-12-04,9:00pm,USD,Natural Gas Storage,Low,-12B,-11B
2025-12-05,12:30pm,EUR,German Factory Orders m/m,Low,1.5%,1.1%
2025-12-05,1:15pm,EUR,French Industrial Production m/m,Low,0.2%,0.7%
2025-12-05,1:15pm,EUR,French Trade Balance,Low,-3.9B,-6.3B
2025-12-05,2:30pm,EUR,Italian Retail Sales m/m,Low,0.5%,-0.4%
2025-12-05,3:30pm,EUR,Final Employment Change q/q,Low,0.2%,0.1%
2025-12-05,3:30pm,EUR,Revised GDP q/q,Low,0.3%,0.2%
2025-12-05,8:30pm,USD,Core PCE Price Index m/m,High,0.2%,0.2%
2025-12-05,8:30pm,USD,Prelim UoM Consumer Sentiment,High,53.3,51.0
2025-12-05,8:30pm,USD,Prelim UoM Inflation Expectations,High,4.1%,4.5%
2025-12-05,8:30pm,USD,Personal Income m/m,Low,0.4%,0.4%
2025-12-05,8:30pm,USD,Personal Spending m/m,Low,0.3%,0.5%
2025-12-06,1:30am,USD,Consumer Credit m/m,Low,9.2B,11.0B
2025-12-08,12:30pm,EUR,German Industrial Production m/m,Low,1.8%,1.1%
2025-12-08,3:00pm,EUR,Sentix Investor Confidence,Low,-6.2,-7.4
2025-12-09,12:30pm,EUR,German Trade Balance,Low,16.9B,15.3B
2025-12-09,4:30pm,USD,NFIB Small Business Index,Low,99.0,98.2
2025-12-09,6:45pm,USD,ADP Weekly Employment Change,High,4.8K,-8.0K
2025-12-09,Sep Data,USD,JOLTS Job Openings,Medium,7.66M,7.23M
2025-12-09,8:30pm,USD,JOLTS Job Openings,High,7.67M,7.66M
2025-12-09,8:30pm,USD,CB Leading Index m/m,Low,-0.3%,-0.3%
2025-12-09,11:31pm,USD,10-y Bond Auction,Low,4.18|2.6,4.07|2.4
2025-12-10,2:30pm,EUR,Italian Industrial Production m/m,Low,-1.0%,2.7%
2025-12-10,7:00pm,USD,Employment Cost Index q/q,High,0.8%,0.9%
2025-12-10,7:00pm,USD,Crude Oil Inventories,Low,-1.8M,0.6M
2025-12-11,12:30am,USD,Federal Funds Rate,High,3.75%,4.00%
2025-12-11,12:49am,USD,Federal Budget Balance,Low,-173.3B,-284.4B
2025-12-11,2:33pm,EUR,Italian Quarterly Unemployment Rate,Low,6.1%,6.3%
2025-12-11,2:33pm,USD,Unemployment Claims,High,236K,192K
2025-12-11,2:33pm,USD,Goods Trade Balance,Low,-79.0B,-86.1B
2025-12-11,2:33pm,USD,Trade Balance,Low,-52.8B,-59.3B
2025-12-11,8:30pm,USD,Final Wholesale Inventories m/m,Low,0.5%,0.0%
2025-12-11,9:00pm,USD,Natural Gas Storage,Low,-177B,-12B
2025-12-11,11:31pm,USD,30-y Bond Auction,Low,4.77|2.4,4.69|2.3
2025-12-12,12:30pm,EUR,German Final CPI m/m,Low,-0.2%,-0.2%
2025-12-12,1:15pm,EUR,French Final CPI m/m,Low,-0.2%,-0.1%
2025-12-15,12:30pm,EUR,German WPI m/m,Low,0.3%,0.3%
2025-12-15,3:30pm,EUR,Industrial Production m/m,Low,0.8%,0.2%
2025-12-15,3:30pm,USD,Empire State Manufacturing Index,Medium,-3.9,18.7
2025-12-15,8:30pm,USD,NAHB Housing Market Index,Low,39,38
2025-12-16,1:45pm,EUR,French Flash Manufacturing PMI,Medium,50.6,47.8
2025-12-16,1:45pm,EUR,French Flash Services PMI,Medium,50.2,51.4
2025-12-16,2:00pm,EUR,German Flash Manufacturing PMI,High,47.7,48.2
2025-12-16,2:00pm,EUR,German Flash Services PMI,High,52.6,53.1
2025-12-16,2:30pm,EUR,Flash Manufacturing PMI,Low,49.2,49.6
2025-12-16,2:30pm,EUR,Flash Services PMI,Low,52.6,53.6
2025-12-16,3:30pm,EUR,Italian Trade Balance,Low,4.16B,2.97B
2025-12-16,3:30pm,EUR,Trade Balance,Low,14.0B,18.0B
2025-12-16,3:30pm,EUR,German ZEW Economic Sentiment,Low,45.8,38.5
2025-12-16,3:30pm,EUR,ZEW Economic Sentiment,Low,33.7,25.0
2025-12-16,6:45pm,USD,ADP Weekly Employment Change,High,16.3K,2.8K
2025-12-16,Oct Data,USD,Average Hourly Earnings m/m,Medium,0.4%,0.2%
2025-12-16,Oct Data,USD,Non-Farm Employment Change,Medium,-105K,108K
2025-12-16,7:00pm,USD,Average Hourly Earnings m/m,High,0.1%,0.4%
2025-12-16,7:00pm,USD,Core Retail Sales m/m,High,0.4%,0.1%
2025-12-16,7:00pm,USD,Non-Farm Employment Change,High,64K,-105K
2025-12-16,7:00pm,USD,Retail Sales m/m,High,0.0%,0.1%
2025-12-16,7:00pm,USD,Unemployment Rate,High,4.6%,4.4%
2025-12-16,8:15pm,USD,Flash Manufacturing PMI,High,51.8,52.2
2025-12-16,8:15pm,USD,Flash Services PMI,High,52.9,54.1
2025-12-16,8:30pm,USD,Business Inventories m/m,Low,0.2%,0.0%
2025-12-17,2:30pm,EUR,German ifo Business Climate,Medium,87.6,88.0
2025-12-17,3:30pm,EUR,Final Core CPI y/y,Low,2.4%,2.4%
2025-12-17,3:30pm,EUR,Final CPI y/y,Low,2.1%,2.2%
2025-12-17,9:00pm,USD,Crude Oil Inventories,Low,-1.3M,-1.8M
2025-12-18,6:45pm,EUR,Main Refinancing Rate,High,2.15%,2.15%
2025-12-18,7:00pm,USD,CPI y/y,High,2.7%,3.0%
2025-12-18,7:00pm,USD,Unemployment Claims,High,224K,237K
2025-12-18,7:00pm,USD,Philly Fed Manufacturing Index,Medium,-10.2,-1.7
2025-12-18,9:00pm,USD,Natural Gas Storage,Low,-167B,-177B
2025-12-19,2:30am,USD,TIC Long-Term Purchases,Low,17.5B,173.2B
2025-12-19,12:30pm,EUR,German GfK Consumer Climate,Low,-26.9,-23.4
2025-12-19,12:30pm,EUR,German PPI m/m,Low,0.0%,0.1%
2025-12-19,2:30pm,EUR,Current Account,Low,25.7B,23.6B
2025-12-19,7:13pm,EUR,Belgian NBB Business Climate,Low,-11.9,-8.2
2025-12-19,8:30pm,EUR,Consumer Confidence,Low,-15,-14
2025-12-19,8:30pm,USD,Existing Home Sales,Medium,4.13M,4.11M
2025-12-19,8:30pm,USD,Revised UoM Consumer Sentiment,Medium,52.9,53.3
2025-12-19,8:30pm,USD,Revised UoM Inflation Expectations,Low,4.2%,4.1%
2025-12-23,12:30pm,EUR,German Import Prices m/m,Low,0.5%,0.2%
2025-12-23,6:45pm,USD,ADP Weekly Employment Change,Medium,11.5K,17.5K
2025-12-23,6:45pm,USD,Prelim GDP q/q,High,4.3%,3.8%
2025-12-23,6:45pm,USD,Core Durable Goods Orders m/m,Medium,0.2%,0.7%
2025-12-23,6:45pm,USD,Durable Goods Orders m/m,Medium,-2.2%,0.7%
2025-12-23,6:45pm,USD,Prelim GDP Price Index q/q,Medium,3.8%,2.1%
2025-12-23,Oct Data,USD,Capacity Utilization Rate,Low,75.9%,76.0%
2025-12-23,Oct Data,USD,Industrial Production m/m,Low,-0.1%,0.1%
2025-12-23,7:45pm,USD,Capacity Utilization Rate,Low,76.0%,75.9%
2025-12-23,7:45pm,USD,Industrial Production m/m,Low,0.2%,-0.1%
2025-12-23,8:30pm,USD,CB Consumer Confidence,Medium,89.1,92.9
2025-12-23,8:30pm,USD,Richmond Manufacturing Index,Medium,-7,-15
2025-12-24,7:00pm,USD,Unemployment Claims,High,214K,224K
2025-12-29,8:30pm,USD,Pending Home Sales m/m,Medium,3.3%,2.4%
2025-12-29,10:30pm,USD,Natural Gas Storage,Low,-166B,-167B
2025-12-30,3:30am,USD,Crude Oil Inventories,Low,0.4M,-1.3M
2025-12-30,3:30am,EUR,Spanish Flash CPI y/y,Low,2.9%,3.0%
2025-12-30,7:30pm,USD,HPI m/m,Low,0.4%,-0.1%
2025-12-30,7:30pm,USD,S&P/CS Composite-20 HPI y/y,Low,1.3%,1.4%
2025-12-30,8:15pm,USD,Chicago PMI,Low,43.5,36.3
2025-12-31,7:00pm,USD,Unemployment Claims,High,199K,215K
2025-12-31,9:00pm,USD,Crude Oil Inventories,Low,-1.9M,0.4M
2025-12-31,10:30pm,USD,Natural Gas Storage,Low,-38B,-166B
2026-01-02,1:45pm,EUR,Spanish Manufacturing PMI,Low,49.6,51.5
2026-01-02,2:15pm,EUR,Italian Manufacturing PMI,Low,47.9,50.6
2026-01-02,2:20pm,EUR,French Final Manufacturing PMI,Low,50.7,50.6
2026-01-02,2:25pm,EUR,German Final Manufacturing PMI,Low,47.0,47.7
2026-01-02,2:30pm,EUR,Final Manufacturing PMI,Low,48.8,49.2
2026-01-02,2:30pm,EUR,M3 Money Supply y/y,Low,3.0%,2.8%
2026-01-02,2:30pm,EUR,Private Loans y/y,Low,2.9%,2.8%
2026-01-02,8:15pm,USD,Final Manufacturing PMI,Low,51.8,51.8
2026-01-05,1:30pm,EUR,Spanish Unemployment Change,Low,-16.3K,-18.8K
2026-01-05,8:30pm,USD,ISM Manufacturing PMI,High,47.9,48.2
2026-01-05,8:30pm,USD,ISM Manufacturing Prices,Medium,58.5,58.5
2026-01-05,All Day,USD,Wards Total Vehicle Sales,Low,16.0M,15.6M
2026-01-06,All Day,EUR,German Prelim CPI m/m,Medium,0.0%,-0.2%
2026-01-06,1:15pm,EUR,French Prelim CPI m/m,Low,0.1%,-0.2%
2026-01-06,1:45pm,EUR,Spanish Services PMI,Low,57.1,55.6
2026-01-06,2:15pm,EUR,Italian Services PMI,Low,51.5,55.0
2026-01-06,2:20pm,EUR,French Final Services PMI,Low,50.1,50.2
2026-01-06,2:25pm,EUR,German Final Services PMI,Low,52.7,52.6
2026-01-06,2:30pm,EUR,Final Services PMI,Low,52.4,52.6
2026-01-06,8:15pm,USD,Final Services PMI,Low,52.5,52.9
2026-01-07,12:30pm,EUR,German Retail Sales m/m,Low,-0.6%,0.3%
2026-01-07,2:25pm,EUR,German Unemployment Change,Low,3K,1K
2026-01-07,3:30pm,EUR,Core CPI Flash Estimate y/y,Medium,2.3%,2.4%
2026-01-07,3:30pm,EUR,CPI Flash Estimate y/y,Medium,2.0%,2.1%
2026-01-07,3:30pm,EUR,Italian Prelim CPI m/m,Low,0.2%,-0.2%
2026-01-07,4:04pm,EUR,German 10-y Bond Auction,Low,2.83|1.3,2.67|2.0
2026-01-07,6:45pm,USD,ADP Non-Farm Employment Change,High,41K,-29K
2026-01-07,6:45pm,USD,ISM Services PMI,High,54.4,52.6
2026-01-07,6:45pm,USD,JOLTS Job Openings,High,7.15M,7.45M
2026-01-07,6:45pm,USD,Factory Orders m/m,Low,-1.3%,0.2%
2026-01-07,9:00pm,USD,Crude Oil Inventories,Low,-3.8M,-1.9M
2026-01-08,12:30pm,EUR,German Factory Orders m/m,Low,5.6%,1.6%
2026-01-08,1:15pm,EUR,French Trade Balance,Low,-4.2B,-3.5B
2026-01-08,2:30pm,EUR,Italian Monthly Unemployment Rate,Low,5.7%,5.8%
2026-01-08,3:29pm,EUR,French 10-y Bond Auction,Low,3.53|2.0,3.38|2.3
2026-01-08,3:30pm,EUR,PPI m/m,Low,0.5%,0.1%
2026-01-08,3:30pm,EUR,Unemployment Rate,Low,6.3%,6.4%
2026-01-08,4:00pm,USD,Challenger Job Cuts y/y,Low,-8.3%,23.5%
2026-01-08,4:00pm,USD,Unemployment Claims,High,208K,200K
2026-01-08,4:00pm,USD,Goods Trade Balance,Low,-59.1B,-78.3B
2026-01-08,4:00pm,USD,Prelim Nonfarm Productivity q/q,Low,4.9%,3.3%
2026-01-08,4:00pm,USD,Prelim Unit Labor Costs q/q,Low,-1.9%,1.0%
2026-01-08,4:00pm,USD,Trade Balance,Low,-29.4B,-48.1B
2026-01-08,8:30pm,USD,Final Wholesale Inventories m/m,Low,0.2%,0.5%
2026-01-08,9:00pm,USD,Natural Gas Storage,Low,-119B,-38B
2026-01-09,1:30am,USD,Consumer Credit m/m,Low,4.2B,9.2B
2026-01-09,12:30pm,EUR,German Industrial Production m/m,Low,0.8%,2.0%
2026-01-09,12:30pm,EUR,German Trade Balance,Low,13.1B,17.2B
2026-01-09,1:15pm,EUR,French Consumer Spending m/m,Low,-0.3%,0.5%
2026-01-09,1:15pm,EUR,French Industrial Production m/m,Low,-0.1%,0.2%
2026-01-09,2:30pm,EUR,Italian Retail Sales m/m,Low,0.5%,0.5%
2026-01-09,3:30pm,EUR,Retail Sales m/m,Low,0.2%,0.0%
2026-01-09,Sep Data,USD,Building Permits,Low,1.42M,1.31M
2026-01-09,Sep Data,USD,Housing Starts,Low,1.31M,1.31M
2026-01-09,Sep Data,USD,Average Hourly Earnings m/m,High,0.3%,0.1%
2026-01-09,Sep Data,USD,Non-Farm Employment Change,High,50K,56K
2026-01-09,Sep Data,USD,Unemployment Rate,High,4.4%,4.6%
2026-01-09,Sep Data,USD,Building Permits,Low,1.41M,1.42M
2026-01-09,Sep Data,USD,Housing Starts,Low,1.25M,1.31M
2026-01-09,8:30pm,USD,Prelim UoM Consumer Sentiment,High,54.0,52.9
2026-01-09,8:30pm,USD,Prelim UoM Inflation Expectations,High,4.2%,4.2%
2026-01-12,3:00pm,EUR,Sentix Investor Confidence,Low,-1.8,-6.2
2026-01-12,11:31pm,USD,10-y Bond Auction,Low,4.17|2.6,4.18|2.6
2026-01-13,2:06pm,EUR,French Gov Budget Balance,Low,-155.4B,-136.2B
2026-01-13,4:30pm,USD,NFIB Small Business Index,Low,99.5,99.0
2026-01-13,6:45pm,USD,ADP Weekly Employment Change,Medium,11.8K,11.0K
2026-01-13,6:45pm,USD,Core CPI m/m,High,0.2%,0.2%
2026-01-13,6:45pm,USD,CPI m/m,High,0.3%,0.3%
2026-01-13,6:45pm,USD,CPI y/y,High,2.7%,2.7%
2026-01-13,Sep Data,USD,New Home Sales,Low,738K,711K
2026-01-13,8:30pm,USD,New Home Sales,Medium,737K,738K
2026-01-13,8:33pm,USD,RCM/TIPP Economic Optimism,Low,47.2,47.9
2026-01-13,11:31pm,USD,30-y Bond Auction,Low,4.83|2.4,4.77|2.4
2026-01-14,11:31pm,USD,Federal Budget Balance,Low,-144.7B,-173.3B
2026-01-14,4:06pm,EUR,German 30-y Bond Auction,Low,3.45|2.1,3.26|1.3
2026-01-14,Oct Data,USD,Core PPI m/m,Medium,0.3%,0.4%
2026-01-14,Oct Data,USD,PPI m/m,Medium,0.1%,0.6%
2026-01-14,7:00pm,USD,Core PPI m/m,High,0.0%,0.3%
2026-01-14,7:00pm,USD,Core Retail Sales m/m,High,0.5%,0.2%
2026-01-14,7:00pm,USD,PPI m/m,High,0.2%,0.1%
2026-01-14,7:00pm,USD,Retail Sales m/m,High,0.6%,-0.1%
2026-01-14,7:00pm,USD,Current Account,Low,-226B,-249B
2026-01-14,8:30pm,USD,Business Inventories m/m,Low,0.3%,0.3%
2026-01-14,8:30pm,USD,Existing Home Sales,Low,4.35M,4.14M
2026-01-14,8:30pm,USD,Crude Oil Inventories,Low,3.4M,-3.8M
2026-01-15,12:30pm,EUR,German WPI m/m,Low,-0.2%,0.3%
2026-01-15,1:15pm,EUR,French Final CPI m/m,Low,0.1%,0.1%
2026-01-15,1:15pm,EUR,Italian Industrial Production m/m,Low,1.5%,-1.0%
2026-01-15,3:30pm,EUR,Industrial Production m/m,Low,0.7%,0.7%
2026-01-15,3:30pm,EUR,Trade Balance,Low,10.7B,13.7B
2026-01-15,4:30pm,EUR,Italian Trade Balance,Low,5.08B,4.18B
2026-01-15,4:30pm,USD,Unemployment Claims,High,198K,207K
2026-01-15,4:30pm,USD,Empire State Manufacturing Index,Medium,7.7,-3.9
2026-01-15,4:30pm,USD,Philly Fed Manufacturing Index,Medium,12.6,-10.2
2026-01-15,4:30pm,USD,Import Prices m/m,Low,0.4%,0.0%
2026-01-15,9:00pm,USD,Natural Gas Storage,Low,-71B,-119B
2026-01-16,2:30am,USD,TIC Long-Term Purchases,Low,220.2B,30.9B
2026-01-16,12:30pm,EUR,German Final CPI m/m,Low,0.0%,0.0%
2026-01-16,7:45pm,USD,Capacity Utilization Rate,Low,76.3%,76.1%
2026-01-16,7:45pm,USD,Industrial Production m/m,Low,0.4%,0.4%
2026-01-16,8:30pm,USD,NAHB Housing Market Index,Low,37,39
2026-01-19,3:30pm,EUR,Final Core CPI y/y,Low,2.3%,2.3%
2026-01-19,3:30pm,EUR,Final CPI y/y,Low,1.9%,2.0%
2026-01-20,12:30pm,EUR,German PPI m/m,Low,-0.2%,0.0%
2026-01-20,2:30pm,EUR,Current Account,Low,8.6B,26.7B
2026-01-20,3:30pm,EUR,German ZEW Economic Sentiment,Low,59.6,45.8
2026-01-20,3:30pm,EUR,ZEW Economic Sentiment,Low,40.8,33.7
2026-01-20,6:45pm,USD,ADP Weekly Employment Change,Low,8.0K,11.3K
2026-01-21,4:04pm,EUR,German 30-y Bond Auction,Low,3.49|2.4,3.45|2.1
2026-01-21,Sep Data,USD,Construction Spending m/m,Low,-0.6%,0.4%
2026-01-21,8:30pm,USD,Pending Home Sales m/m,Medium,-9.3%,3.3%
2026-01-21,8:30pm,USD,Construction Spending m/m,Low,0.5%,-0.6%
2026-01-22,12:30pm,USD,Final GDP q/q,High,4.4%,4.3%
2026-01-22,12:30pm,USD,Unemployment Claims,High,200K,199K
2026-01-22,12:30pm,USD,Final GDP Price Index q/q,Medium,3.8%,3.8%
2026-01-22,Oct Data,USD,Core PCE Price Index m/m,Medium,0.2%,0.2%
2026-01-22,Oct Data,USD,Personal Income m/m,Low,0.1%,0.4%
2026-01-22,Oct Data,USD,Personal Spending m/m,Low,0.5%,0.4%
2026-01-22,8:30pm,EUR,Consumer Confidence,Low,-12,-15
2026-01-22,8:30pm,USD,Core PCE Price Index m/m,High,0.2%,0.2%
2026-01-22,8:30pm,USD,Personal Income m/m,Low,0.3%,0.1%
2026-01-22,8:30pm,USD,Personal Spending m/m,Low,0.5%,0.5%
2026-01-22,9:00pm,USD,Natural Gas Storage,Low,-120B,-71B
2026-01-22,10:30pm,USD,Crude Oil Inventories,Low,3.6M,3.4M
2026-01-23,1:45pm,EUR,French Flash Manufacturing PMI,Medium,51.0,50.7
2026-01-23,1:45pm,EUR,French Flash Services PMI,Medium,47.9,50.1
2026-01-23,2:00pm,EUR,German Flash Manufacturing PMI,High,48.7,47.0
2026-01-23,2:00pm,EUR,German Flash Services PMI,High,53.3,52.7
2026-01-23,2:30pm,EUR,Flash Manufacturing PMI,Low,49.4,48.8
2026-01-23,2:30pm,EUR,Flash Services PMI,Low,51.9,52.4
2026-01-23,8:15pm,USD,Flash Manufacturing PMI,High,51.9,51.8
2026-01-23,8:15pm,USD,Flash Services PMI,High,52.5,52.5
2026-01-23,8:30pm,USD,Revised UoM Consumer Sentiment,Medium,56.4,54.0
2026-01-23,8:30pm,USD,Revised UoM Inflation Expectations,Low,4.0%,4.2%
2026-01-23,Oct Data,USD,CB Leading Index m/m,Low,-0.1%,-0.2%
2026-01-23,9:24pm,USD,CB Leading Index m/m,Low,-0.3%,-0.1%
2026-01-26,2:30pm,EUR,German ifo Business Climate,Medium,87.6,87.6
2026-01-26,2:30pm,USD,Core Durable Goods Orders m/m,Medium,0.5%,0.1%
2026-01-26,2:30pm,USD,Durable Goods Orders m/m,Medium,5.3%,-2.1%
2026-01-26,7:03pm,EUR,Belgian NBB Business Climate,Low,-8.8,-11.9
2026-01-27,1:30pm,EUR,Spanish Unemployment Rate,Low,9.9%,10.5%
2026-01-27,6:45pm,USD,ADP Weekly Employment Change,Low,7.8K,8.0K
2026-01-27,7:30pm,USD,HPI m/m,Low,0.6%,0.4%
2026-01-27,7:30pm,USD,S&P/CS Composite-20 HPI y/y,Low,1.4%,1.3%
2026-01-27,8:30pm,USD,CB Consumer Confidence,Medium,84.5,94.2
2026-01-27,8:30pm,USD,Richmond Manufacturing Index,Medium,-6,-7
2026-01-28,12:30pm,EUR,German GfK Consumer Climate,Low,-24.1,-26.9
2026-01-28,4:04pm,EUR,German 10-y Bond Auction,Low,2.85|1.7,2.83|1.3
2026-01-28,4:04pm,USD,Crude Oil Inventories,Low,-2.3M,3.6M
2026-01-29,12:30am,USD,Federal Funds Rate,High,3.75%,3.75%
2026-01-29,2:30pm,EUR,M3 Money Supply y/y,Low,2.8%,3.0%
2026-01-29,2:30pm,EUR,Private Loans y/y,Low,3.0%,2.9%
2026-01-29,2:30pm,USD,Unemployment Claims,High,209K,210K
2026-01-29,2:30pm,USD,Goods Trade Balance,Low,-86.9B,-59.0B
2026-01-29,2:30pm,USD,Revised Nonfarm Productivity q/q,Low,4.9%,4.9%
2026-01-29,2:30pm,USD,Revised Unit Labor Costs q/q,Low,-1.9%,-1.9%
2026-01-29,2:30pm,USD,Trade Balance,Low,-56.8B,-29.2B
2026-01-29,8:30pm,USD,Factory Orders m/m,Low,2.7%,-1.2%
2026-01-29,8:30pm,USD,Final Wholesale Inventories m/m,Low,0.2%,0.2%
2026-01-29,9:00pm,USD,Natural Gas Storage,Low,-242B,-120B
2026-01-30,12:00pm,EUR,French Consumer Spending m/m,Low,-0.6%,-0.3%
2026-01-30,12:00pm,EUR,French Flash GDP q/q,Low,0.2%,0.5%
2026-01-30,12:30pm,EUR,German Import Prices m/m,Low,-0.1%,0.5%
2026-01-30,All Day,EUR,German Prelim CPI m/m,Medium,0.1%,0.0%
2026-01-30,1:15pm,EUR,French Prelim Private Payrolls q/q,Low,-0.1%,-0.1%
2026-01-30,1:15pm,EUR,Spanish Flash CPI y/y,Low,2.4%,2.9%
2026-01-30,1:15pm,EUR,Spanish Flash GDP q/q,Low,0.8%,0.6%
2026-01-30,2:25pm,EUR,German Unemployment Change,Low,0K,3K
2026-01-30,2:30pm,EUR,German Prelim GDP q/q,Medium,0.3%,0.0%
2026-01-30,2:30pm,EUR,Italian Prelim GDP q/q,Low,0.3%,0.1%
2026-01-30,3:30pm,EUR,Italian Monthly Unemployment Rate,Low,5.6%,5.6%
2026-01-30,3:30pm,EUR,Prelim Flash GDP q/q,Low,0.3%,0.3%
2026-01-30,3:30pm,EUR,Unemployment Rate,Low,6.2%,6.3%
2026-01-30,3:30pm,USD,Core PPI m/m,High,0.7%,0.0%
2026-01-30,3:30pm,USD,PPI m/m,High,0.5%,0.2%
2026-01-30,8:15pm,USD,Chicago PMI,Low,54.0,43.5
2026-02-02,12:30pm,EUR,German Retail Sales m/m,Low,0.1%,-0.5%
2026-02-02,1:45pm,EUR,Spanish Manufacturing PMI,Low,49.2,49.6
2026-02-02,2:15pm,EUR,Italian Manufacturing PMI,Low,48.1,47.9
2026-02-02,2:20pm,EUR,French Final Manufacturing PMI,Low,51.2,51.0
2026-02-02,2:25pm,EUR,German Final Manufacturing PMI,Low,49.1,48.7
2026-02-02,2:30pm,EUR,Final Manufacturing PMI,Low,49.5,49.4
2026-02-02,8:15pm,USD,Final Manufacturing PMI,Low,52.4,51.9
2026-02-02,8:30pm,USD,ISM Manufacturing PMI,High,52.6,47.9
2026-02-02,8:30pm,USD,ISM Manufacturing Prices,Medium,59.0,58.5
2026-02-03,1:15pm,EUR,French Gov Budget Balance,Low,-124.7B,-155.4B
2026-02-03,1:15pm,EUR,French Prelim CPI m/m,Low,-0.3%,0.1%
2026-02-03,1:30pm,EUR,Spanish Unemployment Change,Low,30.4K,-16.3K
2026-02-03,8:31pm,USD,RCM/TIPP Economic Optimism,Low,48.8,47.2
2026-02-03,All Day,USD,Wards Total Vehicle Sales,Low,14.9M,16.0M
2026-02-04,1:45pm,EUR,Spanish Services PMI,Low,53.5,57.1
2026-02-04,2:15pm,EUR,Italian Services PMI,Low,52.9,51.5
2026-02-04,2:20pm,EUR,French Final Services PMI,Low,48.4,47.9
2026-02-04,2:25pm,EUR,German Final Services PMI,Low,52.4,53.3
2026-02-04,2:30pm,EUR,Final Services PMI,Low,51.6,51.9
2026-02-04,3:30pm,EUR,Core CPI Flash Estimate y/y,Medium,2.2%,2.3%
2026-02-04,3:30pm,EUR,CPI Flash Estimate y/y,Medium,1.7%,1.9%
2026-02-04,3:30pm,EUR,PPI m/m,Low,-0.3%,0.7%
2026-02-04,3:30pm,EUR,Italian Prelim CPI m/m,Low,0.4%,0.2%
2026-02-04,6:45pm,USD,ADP Non-Farm Employment Change,High,22K,37K
2026-02-04,8:15pm,USD,Final Services PMI,Low,52.7,52.5
2026-02-04,8:30pm,USD,ISM Services PMI,High,53.8,54.4
2026-02-04,9:00pm,USD,Crude Oil Inventories,Low,-3.5M,-2.3M
2026-02-05,12:30pm,EUR,German Factory Orders m/m,Low,7.8%,5.7%
2026-02-05,1:15pm,EUR,French Industrial Production m/m,Low,-0.7%,0.1%
2026-02-05,2:30pm,EUR,Italian Retail Sales m/m,Low,-0.8%,0.5%
2026-02-05,3:13pm,EUR,Spanish 10-y Bond Auction,Low,3.22|2.4,3.20|1.9
2026-02-05,3:30pm,EUR,Retail Sales m/m,Low,-0.5%,0.1%
2026-02-05,3:31pm,EUR,French 10-y Bond Auction,Low,3.45|2.4,3.53|2.0
2026-02-05,3:31pm,USD,Challenger Job Cuts y/y,Low,117.8%,-8.3%
2026-02-05,6:45pm,EUR,Main Refinancing Rate,High,2.15%,2.15%
2026-02-05,7:00pm,USD,Unemployment Claims,High,231K,209K
2026-02-05,8:30pm,USD,JOLTS Job Openings,High,6.54M,6.93M
2026-02-05,9:00pm,USD,Natural Gas Storage,Low,-360B,-242B
2026-02-06,12:30pm,EUR,German Industrial Production m/m,Low,-1.9%,0.2%
2026-02-06,12:30pm,EUR,German Trade Balance,Low,17.1B,13.6B
2026-02-06,1:15pm,EUR,French Trade Balance,Low,-4.8B,-4.0B
2026-02-06,1:15pm,USD,Prelim UoM Consumer Sentiment,High,57.3,56.4
2026-02-06,1:15pm,USD,Prelim UoM Inflation Expectations,High,3.5%,4.0%
2026-02-07,1:30am,USD,Consumer Credit m/m,Low,24.0B,4.7B
2026-02-09,3:00pm,EUR,Sentix Investor Confidence,Low,4.2,-1.8
2026-02-10,4:30pm,USD,NFIB Small Business Index,Low,99.3,99.5
2026-02-10,6:45pm,USD,ADP Weekly Employment Change,Low,6.5K,5.0K
2026-02-10,7:00pm,USD,Core Retail Sales m/m,High,0.0%,0.4%
2026-02-10,7:00pm,USD,Retail Sales m/m,High,0.0%,0.6%
2026-02-10,7:00pm,USD,Employment Cost Index q/q,Medium,0.7%,0.8%
2026-02-10,7:00pm,USD,Import Prices m/m,Low,0.1%,0.4%
2026-02-10,8:30pm,USD,Business Inventories m/m,Low,0.1%,0.2%
2026-02-11,2:30pm,EUR,Italian Industrial Production m/m,Low,-0.4%,1.5%
2026-02-11,4:03pm,EUR,German 30-y Bond Auction,Low,3.47|1.6,3.49|2.4
2026-02-11,4:03pm,USD,Average Hourly Earnings m/m,High,0.4%,0.1%
2026-02-11,4:03pm,USD,Non-Farm Employment Change,High,130K,48K
2026-02-11,4:03pm,USD,Unemployment Rate,High,4.3%,4.4%
2026-02-11,9:00pm,USD,Crude Oil Inventories,Low,8.5M,-3.5M
2026-02-11,11:31pm,USD,10-y Bond Auction,Low,4.18|2.4,4.17|2.6
2026-02-12,12:30am,USD,Federal Budget Balance,Low,-94.6B,-144.7B
2026-02-12,7:00pm,USD,Unemployment Claims,High,227K,232K
2026-02-12,8:30pm,USD,Existing Home Sales,Low,3.91M,4.27M
2026-02-12,8:30pm,USD,Natural Gas Storage,Low,-249B,-360B
2026-02-12,11:10pm,USD,Mortgage Delinquencies,Low,4.26%,3.99%
2026-02-12,11:31pm,USD,30-y Bond Auction,Low,4.75|2.7,4.83|2.4
2026-02-13,12:30pm,EUR,German WPI m/m,Low,0.9%,-0.2%
2026-02-13,3:30pm,EUR,Flash Employment Change q/q,Low,0.2%,0.2%
2026-02-13,3:30pm,EUR,Flash GDP q/q,Low,0.3%,0.3%
2026-02-13,3:30pm,EUR,Trade Balance,Low,11.6B,10.2B
2026-02-13,7:00pm,USD,Core CPI m/m,High,0.3%,0.2%
2026-02-13,7:00pm,USD,CPI m/m,High,0.2%,0.3%
2026-02-13,7:00pm,USD,CPI y/y,High,2.4%,2.7%
2026-02-16,3:30pm,EUR,Industrial Production m/m,Low,-1.4%,0.3%
2026-02-17,12:30pm,EUR,German Final CPI m/m,Low,0.1%,0.1%
2026-02-17,2:30pm,EUR,Italian Trade Balance,Low,6.04B,5.06B
2026-02-17,3:30pm,EUR,ZEW Economic Sentiment,Low,39.4,40.8
2026-02-17,3:30pm,EUR,German ZEW Economic Sentiment,Low,58.3,59.6
2026-02-17,6:45pm,USD,ADP Weekly Employment Change,Low,10.3K,7.8K
2026-02-17,6:45pm,USD,Empire State Manufacturing Index,Medium,7.1,7.7
2026-02-17,8:15pm,USD,Cleveland Fed Inflation Expectations,Low,3.1%,3.3%
2026-02-17,8:30pm,USD,NAHB Housing Market Index,Low,36,37
2026-02-18,1:15pm,EUR,French Final CPI m/m,Low,-0.3%,-0.3%
2026-02-18,4:02pm,EUR,German 10-y Bond Auction,Low,2.73|1.5,2.85|1.7
2026-02-18,Nov Data,USD,Housing Starts,Low,1.32M,1.27M
2026-02-18,Nov Data,USD,Building Permits,Low,1.39M,1.41M
2026-02-18,7:00pm,USD,Core Durable Goods Orders m/m,Medium,0.9%,0.4%
2026-02-18,7:00pm,USD,Durable Goods Orders m/m,Medium,-1.4%,5.4%
2026-02-18,7:00pm,USD,Building Permits,Low,1.45M,1.39M
2026-02-18,7:00pm,USD,Housing Starts,Low,1.40M,1.32M
2026-02-18,7:45pm,USD,Capacity Utilization Rate,Low,76.2%,75.7%
2026-02-18,7:45pm,USD,Industrial Production m/m,Low,0.7%,0.2%
2026-02-19,2:30am,USD,TIC Long-Term Purchases,Low,28.0B,206.6B
2026-02-19,2:30pm,EUR,Current Account,Low,14.6B,8.9B
2026-02-19,3:13pm,EUR,Spanish 10-y Bond Auction,Low,3.17|2.5,3.22|2.4
2026-02-19,3:13pm,USD,Unemployment Claims,High,206K,229K
2026-02-19,3:13pm,USD,Philly Fed Manufacturing Index,Medium,16.3,12.6
2026-02-19,3:13pm,USD,Goods Trade Balance,Low,-98.5B,-82.8B
2026-02-19,3:13pm,USD,Prelim Wholesale Inventories m/m,Low,0.2%,0.2%
2026-02-19,3:13pm,USD,Trade Balance,Low,-70.3B,-53.0B
2026-02-19,8:30pm,USD,Pending Home Sales m/m,Medium,-0.8%,-7.4%
2026-02-19,8:30pm,USD,CB Leading Index m/m,Low,-0.2%,-0.3%
2026-02-19,8:40pm,EUR,Consumer Confidence,Low,-12,-12
2026-02-19,8:40pm,USD,Natural Gas Storage,Low,-144B,-249B
2026-02-19,10:30pm,USD,Crude Oil Inventories,Low,-9.0M,8.5M
2026-02-20,12:30pm,EUR,German PPI m/m,Low,-0.6%,-0.2%
2026-02-20,1:45pm,EUR,French Flash Manufacturing PMI,Medium,49.9,51.2
2026-02-20,1:45pm,EUR,French Flash Services PMI,Medium,49.6,48.4
2026-02-20,2:00pm,EUR,German Flash Manufacturing PMI,High,50.7,49.1
2026-02-20,2:00pm,EUR,German Flash Services PMI,High,53.4,52.4
2026-02-20,2:30pm,EUR,Flash Manufacturing PMI,Low,50.8,49.5
2026-02-20,2:30pm,EUR,Flash Services PMI,Low,51.8,51.6
2026-02-20,3:00pm,USD,Advance GDP q/q,High,1.4%,4.4%
2026-02-20,3:00pm,USD,Core PCE Price Index m/m,High,0.4%,0.2%
2026-02-20,3:00pm,USD,Advance GDP Price Index q/q,Medium,3.6%,3.8%
2026-02-20,3:00pm,USD,Personal Income m/m,Low,0.3%,0.4%
2026-02-20,3:00pm,USD,Personal Spending m/m,Low,0.4%,0.4%
2026-02-20,8:15pm,USD,Flash Manufacturing PMI,High,51.2,52.4
2026-02-20,8:15pm,USD,Flash Services PMI,High,52.3,52.7
2026-02-20,Nov Data,USD,New Home Sales,Medium,758K,737K
2026-02-20,8:30pm,USD,New Home Sales,Medium,745K,758K
2026-02-20,8:30pm,USD,Revised UoM Consumer Sentiment,Low,56.6,57.3
2026-02-20,8:30pm,USD,Revised UoM Inflation Expectations,Low,3.4%,3.5%
2026-02-23,2:30pm,EUR,German ifo Business Climate,Low,88.6,87.6
2026-02-23,6:56pm,EUR,Belgian NBB Business Climate,Low,-13.7,-8.8
2026-02-23,8:30pm,USD,Factory Orders m/m,Low,-0.7%,2.7%
2026-02-24,6:45pm,USD,ADP Weekly Employment Change,Low,12.8K,11.5K
2026-02-24,6:45pm,USD,HPI m/m,Low,0.1%,0.7%
2026-02-24,6:45pm,USD,S&P/CS Composite-20 HPI y/y,Low,1.4%,1.4%
2026-02-24,8:30pm,USD,CB Consumer Confidence,Medium,91.2,89.0
2026-02-24,8:30pm,USD,Richmond Manufacturing Index,Medium,-10,-6
2026-02-24,8:30pm,USD,Final Wholesale Inventories m/m,Low,0.2%,0.2%
2026-02-25,12:30pm,EUR,German Final GDP q/q,Low,0.3%,0.3%
2026-02-25,12:30pm,EUR,German GfK Consumer Climate,Low,-24.7,-24.2
2026-02-25,3:30pm,EUR,Final Core CPI y/y,Low,2.2%,2.2%
2026-02-25,3:30pm,EUR,Final CPI y/y,Low,1.7%,1.7%
2026-02-25,9:00pm,USD,Crude Oil Inventories,Low,16.0M,-9.0M
2026-02-26,2:30pm,EUR,M3 Money Supply y/y,Low,3.3%,2.8%
2026-02-26,2:30pm,EUR,Private Loans y/y,Low,3.0%,3.0%
2026-02-26,3:36pm,EUR,Italian 10-y Bond Auction,Low,3.31|1.5,3.44|1.6
2026-02-26,3:36pm,USD,Unemployment Claims,High,212K,208K
2026-02-26,9:00pm,USD,Natural Gas Storage,Low,-52B,-144B
2026-02-27,12:30pm,EUR,German Import Prices m/m,Low,1.1%,-0.1%
2026-02-27,All Day,EUR,German Prelim CPI m/m,Medium,0.2%,0.1%
2026-02-27,1:15pm,EUR,French Consumer Spending m/m,Low,0.5%,-0.5%
2026-02-27,1:15pm,EUR,French Prelim CPI m/m,Low,0.7%,-0.3%
2026-02-27,1:15pm,EUR,French Prelim GDP q/q,Low,0.2%,0.2%
2026-02-27,1:18pm,EUR,French Final Private Payrolls q/q,Low,-0.1%,-0.1%
2026-02-27,1:18pm,EUR,Spanish Flash CPI y/y,Low,2.3%,2.3%
2026-02-27,2:25pm,EUR,German Unemployment Change,Low,1K,1K
2026-02-27,2:25pm,USD,Core PPI m/m,High,0.8%,0.6%
2026-02-27,2:25pm,USD,PPI m/m,High,0.5%,0.4%
2026-02-27,8:15pm,USD,Chicago PMI,Low,57.7,54.0
2026-02-27,Nov Data,USD,Construction Spending m/m,Low,-0.2%,-0.1%
2026-02-27,8:30pm,USD,Construction Spending m/m,Low,0.3%,-0.2%
2026-03-02,12:30pm,EUR,German Retail Sales m/m,Low,-0.9%,1.2%
2026-03-02,1:45pm,EUR,Spanish Manufacturing PMI,Low,50.0,49.2
2026-03-02,2:15pm,EUR,Italian Manufacturing PMI,Low,50.6,48.1
2026-03-02,2:20pm,EUR,French Final Manufacturing PMI,Low,50.1,49.9
2026-03-02,2:25pm,EUR,German Final Manufacturing PMI,Low,50.9,50.7
2026-03-02,2:30pm,EUR,Final Manufacturing PMI,Low,50.8,50.8
2026-03-02,8:15pm,USD,Final Manufacturing PMI,Low,51.6,51.2
2026-03-02,8:30pm,USD,ISM Manufacturing PMI,High,52.4,52.6
2026-03-02,8:30pm,USD,ISM Manufacturing Prices,Medium,70.5,59.0
2026-03-03,1:15pm,EUR,French Gov Budget Balance,Low,-9.7B,-124.7B
2026-03-03,1:30pm,EUR,Spanish Unemployment Change,Low,3.6K,30.4K
2026-03-03,3:30pm,EUR,Core CPI Flash Estimate y/y,Medium,2.4%,2.2%
2026-03-03,3:30pm,EUR,CPI Flash Estimate y/y,Medium,1.9%,1.7%
2026-03-03,3:30pm,EUR,Italian Prelim CPI m/m,Low,0.8%,0.4%
2026-03-03,8:31pm,USD,RCM/TIPP Economic Optimism,Low,47.5,48.8
2026-03-03,All Day,USD,Wards Total Vehicle Sales,Low,15.8M,14.9M
2026-03-04,1:45pm,EUR,Spanish Services PMI,Low,51.9,53.5
2026-03-04,2:15pm,EUR,Italian Services PMI,Low,52.3,52.9
2026-03-04,2:20pm,EUR,French Final Services PMI,Low,49.6,49.6
2026-03-04,2:25pm,EUR,German Final Services PMI,Low,53.5,53.4
2026-03-04,2:25pm,EUR,Final Services PMI,Low,51.9,51.8
2026-03-04,2:25pm,EUR,Italian Monthly Unemployment Rate,Low,5.1%,5.5%
2026-03-04,3:30pm,EUR,PPI m/m,Low,0.7%,-0.3%
2026-03-04,3:30pm,EUR,Unemployment Rate,Low,6.1%,6.3%
2026-03-04,6:45pm,USD,ADP Non-Farm Employment Change,High,63K,11K
2026-03-04,8:15pm,USD,Final Services PMI,Low,51.7,52.3
2026-03-04,8:30pm,USD,ISM Services PMI,High,56.1,53.8
2026-03-04,8:30pm,USD,Crude Oil Inventories,Low,3.5M,16.0M
2026-03-05,1:15pm,EUR,French Industrial Production m/m,Low,0.5%,-0.5%
2026-03-05,2:30pm,EUR,Italian Retail Sales m/m,Low,0.6%,-0.7%
2026-03-05,3:29pm,EUR,French 10-y Bond Auction,Low,3.39|2.2,3.45|2.4
2026-03-05,3:29pm,EUR,Retail Sales m/m,Low,-0.1%,0.1%
2026-03-05,3:29pm,USD,Challenger Job Cuts y/y,Low,-71.9%,117.8%
2026-03-05,7:00pm,USD,Unemployment Claims,High,213K,213K
2026-03-05,7:00pm,USD,Import Prices m/m,Low,0.2%,0.2%
2026-03-05,7:00pm,USD,Prelim Nonfarm Productivity q/q,Low,2.8%,5.2%
2026-03-05,7:00pm,USD,Prelim Unit Labor Costs q/q,Low,2.8%,-1.8%
2026-03-05,9:00pm,USD,Natural Gas Storage,Low,-132B,-52B
2026-03-06,3:30pm,EUR,Final Employment Change q/q,Low,0.2%,0.2%
2026-03-06,3:30pm,EUR,Revised GDP q/q,Low,0.2%,0.3%
2026-03-06,7:00pm,USD,Average Hourly Earnings m/m,High,0.4%,0.4%
2026-03-06,7:00pm,USD,Core Retail Sales m/m,High,0.0%,0.0%
2026-03-06,7:00pm,USD,Non-Farm Employment Change,High,-92K,126K
2026-03-06,7:00pm,USD,Retail Sales m/m,High,-0.2%,0.0%
2026-03-06,7:00pm,USD,Unemployment Rate,High,4.4%,4.3%
2026-03-06,7:00pm,USD,Business Inventories m/m,Low,0.1%,0.0%
2026-03-07,1:30am,USD,Consumer Credit m/m,Low,8.0B,25.2B
2026-03-09,12:30pm,EUR,German Factory Orders m/m,Low,-11.1%,6.4%
2026-03-09,12:30pm,EUR,German Industrial Production m/m,Low,-0.5%,-1.0%
2026-03-09,3:00pm,EUR,Sentix Investor Confidence,Low,-3.1,4.2
2026-03-10,12:30pm,EUR,German Trade Balance,Low,21.2B,17.4B
2026-03-10,1:15pm,EUR,French Trade Balance,Low,-1.8B,-4.3B
2026-03-10,3:30pm,USD,NFIB Small Business Index,Low,98.8,99.3
2026-03-10,5:45pm,USD,ADP Weekly Employment Change,Low,15.5K,12.8K
2026-03-10,7:30pm,USD,Existing Home Sales,Low,4.09M,4.02M
2026-03-11,12:30pm,EUR,German Final CPI m/m,Low,0.2%,0.2%
2026-03-11,4:03pm,EUR,German 10-y Bond Auction,Low,2.89|1.2,2.73|1.5
2026-03-11,6:00pm,USD,Core CPI m/m,High,0.2%,0.3%
2026-03-11,6:00pm,USD,CPI m/m,High,0.3%,0.2%
2026-03-11,6:00pm,USD,CPI y/y,High,2.4%,2.4%
2026-03-11,8:00pm,USD,Crude Oil Inventories,Low,3.8M,3.5M
2026-03-11,10:31pm,USD,10-y Bond Auction,Low,4.22|2.4,4.18|2.4
2026-03-11,11:30pm,USD,Federal Budget Balance,Low,-307.5B,-94.6B
2026-03-12,2:30pm,EUR,Italian Quarterly Unemployment Rate,Low,5.6%,6.0%
2026-03-12,2:30pm,USD,Unemployment Claims,High,213K,214K
2026-03-12,2:30pm,USD,Building Permits,Low,1.38M,1.45M
2026-03-12,2:30pm,USD,Goods Trade Balance,Low,-80.8B,-98.5B
2026-03-12,2:30pm,USD,Housing Starts,Low,1.49M,1.39M
2026-03-12,2:30pm,USD,Trade Balance,Low,-54.5B,-72.9B
2026-03-12,8:00pm,USD,Natural Gas Storage,Low,-38B,-132B
2026-03-12,10:31pm,USD,30-y Bond Auction,Low,4.87|2.5,4.75|2.7
2026-03-13,12:30pm,EUR,German WPI m/m,Low,0.6%,0.9%
2026-03-13,1:15pm,EUR,French Final CPI m/m,Low,0.6%,0.7%
2026-03-13,2:30pm,EUR,Italian Industrial Production m/m,Low,-0.6%,-0.5%
2026-03-13,3:30pm,EUR,Industrial Production m/m,Low,-1.5%,-0.5%
2026-03-13,3:30pm,USD,Core PCE Price Index m/m,High,0.4%,0.4%
2026-03-13,3:30pm,USD,Prelim GDP q/q,High,0.7%,1.4%
2026-03-13,3:30pm,USD,Core Durable Goods Orders m/m,Medium,0.4%,1.0%
2026-03-13,3:30pm,USD,Durable Goods Orders m/m,Medium,0.0%,-0.9%
2026-03-13,3:30pm,USD,Prelim GDP Price Index q/q,Medium,3.8%,3.6%
2026-03-13,3:30pm,USD,Personal Income m/m,Low,0.4%,0.3%
2026-03-13,3:30pm,USD,Personal Spending m/m,Low,0.4%,0.4%
2026-03-13,7:30pm,USD,JOLTS Job Openings,High,6.95M,6.55M
2026-03-13,7:30pm,USD,Prelim UoM Consumer Sentiment,Medium,55.5,56.6
2026-03-13,7:30pm,USD,Prelim UoM Inflation Expectations,Medium,3.4%,3.4%
