date,time,currency,event,impact,actual,forecast,previous
Mon Jan 4,6:00am,JPY,Final Manufacturing PMI,Low,50.0,49.7,49.7
Mon Jan 4,1:45pm,EUR,Spanish Manufacturing PMI,Low,51.0,52.6,49.8
Mon Jan 4,2:15pm,EUR,Italian Manufacturing PMI,Low,52.8,53.5,51.5
Mon Jan 4,2:20pm,EUR,French Final Manufacturing PMI,Low,51.1,51.1,51.1
Mon Jan 4,2:25pm,EUR,German Final Manufacturing PMI,Low,58.3,58.6,58.6
Mon Jan 4,2:30pm,EUR,Final Manufacturing PMI,Low,55.2,55.5,55.5
Mon Jan 4,3:00pm,GBP,Final Manufacturing PMI,Medium,57.5,57.3,57.3
Mon Jan 4,,GBP,M4 Money Supply m/m,Low,0.8%,0.4%,0.7%
Mon Jan 4,,GBP,Mortgage Approvals,Low,105K,82K,98K
Mon Jan 4,,GBP,Net Lending to Individuals m/m,Low,4.1B,3.0B,3.8B
Mon Jan 4,8:15pm,USD,Final Manufacturing PMI,Low,57.1,56.3,56.5
Mon Jan 4,8:30pm,USD,Construction Spending m/m,Low,0.9%,1.1%,1.6%
Tue Jan 5,5:20am,JPY,Monetary Base y/y,Low,18.3%,18.0%,16.5%
Tue Jan 5,12:30pm,EUR,German Retail Sales m/m,Low,1.9%,-2.0%,2.6%
Tue Jan 5,1:30pm,EUR,Spanish Unemployment Change,Low,36.8K,30.5K,25.3K
Tue Jan 5,2:25pm,EUR,German Unemployment Change,Low,-37K,10K,-40K
Tue Jan 5,2:30pm,EUR,M3 Money Supply y/y,Low,11.0%,10.6%,10.5%
Tue Jan 5,,EUR,Private Loans y/y,Low,3.1%,3.3%,3.2%
Tue Jan 5,8:30pm,USD,ISM Manufacturing PMI,Medium,60.7,56.6,57.5
Tue Jan 5,,USD,ISM Manufacturing Prices,Low,77.6,66.0,65.4
Tue Jan 5,All Day,USD,Wards Total Vehicle Sales,Low,16.3M,15.8M,15.6M
Wed Jan 6,5:31am,GBP,BRC Shop Price Index y/y,Low,-1.8%,,-1.8%
Wed Jan 6,9:05am,JPY,10-y Bond Auction,Low,0.02|3.4,,0.02|3.4
Wed Jan 6,10:30am,JPY,Consumer Confidence,Low,31.8,32.6,33.7
Wed Jan 6,All Day,EUR,German Prelim CPI m/m,Low,0.5%,0.6%,-0.8%
Wed Jan 6,1:15pm,EUR,French Prelim CPI m/m,Low,0.2%,0.4%,0.2%
Wed Jan 6,1:45pm,EUR,Spanish Services PMI,Low,48.0,44.5,39.5
Wed Jan 6,2:15pm,EUR,Italian Services PMI,Low,39.7,45.0,39.4
Wed Jan 6,2:20pm,EUR,French Final Services PMI,Low,49.1,49.2,49.2
Wed Jan 6,2:25pm,EUR,German Final Services PMI,Low,47.0,47.7,47.7
Wed Jan 6,2:30pm,EUR,Final Services PMI,Low,46.4,47.4,47.3
Wed Jan 6,3:00pm,GBP,Final Services PMI,Low,49.4,49.9,49.9
Wed Jan 6,3:30pm,EUR,PPI m/m,Low,0.4%,0.2%,0.4%
Wed Jan 6,3:35pm,GBP,10-y Bond Auction,Low,0.33|2.9,,0.43|2.7
Wed Jan 6,4:06pm,EUR,German 10-y Bond Auction,Low,-0.52|1.6,,-0.57|2.0
Wed Jan 6,6:45pm,USD,ADP Non-Farm Employment Change,Medium,-123K,60K,304K
Wed Jan 6,8:15pm,USD,Final Services PMI,Low,54.8,55.2,55.3
Wed Jan 6,8:30pm,USD,Factory Orders m/m,Low,1.0%,0.7%,1.3%
Wed Jan 6,9:00pm,USD,Crude Oil Inventories,Low,-8.0M,-2.8M,-6.1M
Thu Jan 7,5:00am,JPY,Average Cash Earnings y/y,Low,-2.2%,-0.9%,-0.7%
Thu Jan 7,12:30pm,EUR,German Factory Orders m/m,Low,2.3%,-0.6%,3.3%
Thu Jan 7,3:00pm,GBP,Construction PMI,Low,54.6,54.6,54.7
Thu Jan 7,3:02pm,GBP,Housing Equity Withdrawal q/q,Low,-7.0B,-7.0B,-9.0B
Thu Jan 7,3:30pm,EUR,Core CPI Flash Estimate y/y,Low,0.2%,0.2%,0.2%
Thu Jan 7,,EUR,CPI Flash Estimate y/y,Low,-0.3%,-0.2%,-0.3%
Thu Jan 7,,EUR,Italian Prelim CPI m/m,Low,0.3%,0.2%,-0.1%
Thu Jan 7,,EUR,Retail Sales m/m,Low,-6.1%,-3.4%,1.4%
Thu Jan 7,3:34pm,EUR,French 10-y Bond Auction,Low,-0.33|1.9,,-0.26|2.1
Thu Jan 7,6:00pm,USD,Challenger Job Cuts y/y,Low,134.5%,,45.4%
Thu Jan 7,,USD,Unemployment Claims,Medium,787K,798K,790K
Thu Jan 7,,USD,Trade Balance,Low,-68.1B,-66.7B,-63.1B
Thu Jan 7,,USD,ISM Services PMI,Medium,57.2,54.5,55.9
Thu Jan 7,9:00pm,USD,Natural Gas Storage,Low,-130B,-142B,-114B
Fri Jan 8,5:00am,JPY,Household Spending y/y,Low,1.1%,-1.0%,1.9%
Fri Jan 8,9:05am,JPY,30-y Bond Auction,Low,0.65|3.0,,0.65|3.5
Fri Jan 8,10:30am,JPY,Leading Indicators,Low,96.6%,96.6%,94.3%
Fri Jan 8,12:30pm,EUR,German Industrial Production m/m,Low,0.9%,0.7%,3.4%
Fri Jan 8,,EUR,German Trade Balance,Low,16.4B,18.5B,18.2B
Fri Jan 8,1:15pm,EUR,French Consumer Spending m/m,Low,-18.9%,-15.8%,3.9%
Fri Jan 8,,EUR,French Industrial Production m/m,Low,-0.9%,-1.0%,1.9%
Fri Jan 8,,EUR,French Trade Balance,Low,-3.6B,-4.9B,-4.6B
Fri Jan 8,2:00pm,GBP,Halifax HPI m/m,Low,0.2%,1.0%,1.0%
Fri Jan 8,3:30pm,EUR,Italian Monthly Unemployment Rate,Low,8.9%,10.0%,9.5%
Fri Jan 8,,EUR,Unemployment Rate,Low,8.3%,8.5%,8.4%
Fri Jan 8,,USD,Average Hourly Earnings m/m,High,0.8%,0.2%,0.3%
Fri Jan 8,,USD,Non-Farm Employment Change,High,-140K,60K,336K
Fri Jan 8,,USD,Unemployment Rate,High,6.7%,6.8%,6.7%
Fri Jan 8,8:30pm,USD,Final Wholesale Inventories m/m,Low,0.0%,-0.1%,-0.1%
Sat Jan 9,1:30am,USD,Consumer Credit m/m,Low,15.3B,9.0B,4.5B
Mon Jan 11,3:00pm,EUR,Sentix Investor Confidence,Low,1.3,2.0,-2.7
Tue Jan 12,5:20am,JPY,Bank Lending y/y,Low,6.2%,6.5%,6.2%
Tue Jan 12,,JPY,Current Account,Low,2.34T,2.00T,1.98T
Tue Jan 12,5:31am,GBP,BRC Retail Sales Monitor y/y,Low,4.8%,5.9%,7.7%
Tue Jan 12,10:30am,JPY,Economy Watchers Sentiment,Low,35.5,36.9,45.6
Tue Jan 12,2:30pm,EUR,Italian Retail Sales m/m,Low,-6.9%,-4.5%,0.5%
Tue Jan 12,4:30pm,USD,NFIB Small Business Index,Low,95.9,100.1,101.4
Tue Jan 12,8:30pm,USD,JOLTS Job Openings,Low,6.53M,6.42M,6.63M
Tue Jan 12,8:32pm,USD,RCM/TIPP Economic Optimism,Low,50.1,50.1,49.0
Tue Jan 12,11:31pm,USD,10-y Bond Auction,Low,1.16|2.5,,0.95|2.3
Wed Jan 13,5:20am,JPY,M2 Money Stock y/y,Low,9.2%,9.2%,9.1%
Wed Jan 13,11:28am,JPY,Prelim Machine Tool Orders y/y,Low,8.7%,,8.6%
Wed Jan 13,12:30pm,EUR,German WPI m/m,Low,0.6%,0.1%,0.1%
Wed Jan 13,,EUR,Italian Industrial Production m/m,Low,-1.4%,-0.4%,1.4%
Wed Jan 13,3:30pm,EUR,Industrial Production m/m,Low,2.5%,0.2%,2.3%
Wed Jan 13,7:00pm,USD,CPI y/y,High,1.4%,1.4%,1.2%
Wed Jan 13,,USD,Core CPI m/m,Medium,0.1%,0.1%,0.2%
Wed Jan 13,,USD,CPI m/m,Medium,0.4%,0.4%,0.2%
Wed Jan 13,9:00pm,USD,Crude Oil Inventories,Low,-3.2M,-3.2M,-8.0M
Wed Jan 13,11:31pm,USD,30-y Bond Auction,Low,1.83|2.5,,1.67|2.5
Thu Jan 14,,USD,Federal Budget Balance,Low,-143.6B,-144.5B,-145.3B
Thu Jan 14,5:20am,JPY,Core Machinery Orders m/m,Low,1.5%,-6.4%,17.1%
Thu Jan 14,,JPY,PPI y/y,Low,-2.0%,-2.2%,-2.3%
Thu Jan 14,5:31am,GBP,RICS House Price Balance,Low,65%,61%,66%
Thu Jan 14,7:00pm,USD,Import Prices m/m,Low,0.9%,0.7%,0.2%
Thu Jan 14,,USD,Unemployment Claims,Low,965K,785K,784K
Thu Jan 14,8:00pm,GBP,CB Leading Index m/m,Low,-2.1%,,-1.7%
Thu Jan 14,9:00pm,USD,Natural Gas Storage,Low,-134B,-129B,-130B
Fri Jan 15,10:00am,JPY,Tertiary Industry Activity m/m,Low,-0.7%,0.3%,1.6%
Fri Jan 15,12:30pm,GBP,Construction Output m/m,Low,1.9%,0.8%,1.5%
Fri Jan 15,,GBP,GDP m/m,Low,-2.6%,-4.6%,0.6%
Fri Jan 15,,GBP,Goods Trade Balance,Low,-16.0B,-11.1B,-13.3B
Fri Jan 15,,GBP,Index of Services 3m/3m,Low,3.7%,2.5%,10.0%
Fri Jan 15,,GBP,Industrial Production m/m,Low,-0.1%,0.5%,1.1%
Fri Jan 15,,GBP,Manufacturing Production m/m,Low,0.7%,1.0%,1.6%
Fri Jan 15,1:15pm,EUR,French Final CPI m/m,Low,0.2%,0.2%,0.2%
Fri Jan 15,,EUR,French Gov Budget Balance,Low,-176.8B,,-159.9B
Fri Jan 15,3:30pm,EUR,Trade Balance,Low,25.1B,22.3B,25.2B
Fri Jan 15,6:36pm,GBP,NIESR GDP Estimate,Low,0.9%,,4.1%
Fri Jan 15,7:00pm,USD,Core Retail Sales m/m,High,-1.4%,-0.1%,-1.3%
Fri Jan 15,,USD,Retail Sales m/m,High,-0.7%,0.0%,-1.4%
Fri Jan 15,,USD,Core PPI m/m,Low,0.1%,0.1%,0.1%
Fri Jan 15,,USD,Empire State Manufacturing Index,Low,3.5,5.7,4.9
Fri Jan 15,,USD,PPI m/m,Low,0.3%,0.4%,0.1%
Fri Jan 15,7:45pm,USD,Capacity Utilization Rate,Low,74.5%,73.4%,73.4%
Fri Jan 15,,USD,Industrial Production m/m,Low,1.6%,0.5%,0.5%
Fri Jan 15,8:30pm,USD,Business Inventories m/m,Low,0.5%,0.5%,0.8%
Fri Jan 15,,USD,Prelim UoM Consumer Sentiment,Low,79.2,79.5,80.7
Fri Jan 15,,USD,Prelim UoM Inflation Expectations,Low,3.0%,,2.5%
Mon Jan 18,5:31am,GBP,Rightmove HPI m/m,Low,-0.9%,,-0.6%
Mon Jan 18,10:00am,JPY,Revised Industrial Production m/m,Low,-0.5%,0.0%,0.0%
Tue Jan 19,12:30pm,EUR,German Final CPI m/m,Low,0.5%,0.5%,0.5%
Tue Jan 19,2:30pm,EUR,Current Account,Low,24.6B,28.2B,25.6B
Tue Jan 19,,EUR,Italian Trade Balance,Low,6.77B,6.23B,7.58B
Tue Jan 19,3:30pm,EUR,ZEW Economic Sentiment,Low,58.3,54.1,54.4
Tue Jan 19,,EUR,German ZEW Economic Sentiment,Low,61.8,55.1,55.0
Wed Jan 20,2:30am,USD,TIC Long-Term Purchases,Low,149.2B,45.4B,51.9B
Wed Jan 20,12:30pm,EUR,German PPI m/m,Low,0.8%,0.3%,0.2%
Wed Jan 20,,GBP,Core CPI y/y,Low,1.4%,1.3%,1.1%
Wed Jan 20,,GBP,CPI y/y,Low,0.6%,0.5%,0.3%
Wed Jan 20,,GBP,PPI Input m/m,Low,0.8%,0.8%,0.4%
Wed Jan 20,,GBP,PPI Output m/m,Low,0.3%,0.2%,0.3%
Wed Jan 20,,GBP,RPI y/y,Low,1.2%,1.2%,0.9%
Wed Jan 20,3:00pm,GBP,HPI y/y,Low,7.6%,5.5%,5.9%
Wed Jan 20,3:30pm,EUR,Final Core CPI y/y,Low,0.2%,0.2%,0.2%
Wed Jan 20,,EUR,Final CPI y/y,Low,-0.3%,-0.3%,-0.3%
Wed Jan 20,4:04pm,EUR,German 30-y Bond Auction,Low,-0.13|1.4,,-0.06|1.6
Wed Jan 20,,USD,NAHB Housing Market Index,Low,83,86,86
Thu Jan 21,5:20am,JPY,Trade Balance,Low,0.48T,0.70T,0.55T
Thu Jan 21,,JPY,BOJ Policy Rate,Low,-0.10%,-0.10%,-0.10%
Thu Jan 21,4:30pm,GBP,CBI Industrial Order Expectations,Low,-38,-35,-25
Thu Jan 21,,EUR,Main Refinancing Rate,Medium,0.00%,0.00%,0.00%
Thu Jan 21,,USD,Philly Fed Manufacturing Index,Medium,26.5,11.2,11.1
Thu Jan 21,,USD,Unemployment Claims,Medium,900K,930K,926K
Thu Jan 21,,USD,Building Permits,Low,1.71M,1.60M,1.64M
Thu Jan 21,,USD,Housing Starts,Low,1.67M,1.56M,1.58M
Thu Jan 21,8:00pm,EUR,Consumer Confidence,Low,-16,-15,-14
Fri Jan 22,5:00am,JPY,National Core CPI y/y,Low,-1.0%,-1.1%,-0.9%
Fri Jan 22,5:31am,GBP,GfK Consumer Confidence,Low,-28,-30,-26
Fri Jan 22,,JPY,Flash Manufacturing PMI,Low,49.7,50.1,50.0
Fri Jan 22,12:30pm,GBP,Retail Sales m/m,Medium,0.3%,1.4%,-4.1%
Fri Jan 22,,GBP,Public Sector Net Borrowing,Low,33.4B,31.5B,25.4B
Fri Jan 22,1:45pm,EUR,French Flash Services PMI,High,46.5,48.3,49.1
Fri Jan 22,,EUR,French Flash Manufacturing PMI,Medium,51.5,50.6,51.1
Fri Jan 22,2:00pm,EUR,German Flash Manufacturing PMI,High,57.0,57.3,58.3
Fri Jan 22,,EUR,German Flash Services PMI,High,46.8,45.1,47.0
Fri Jan 22,2:30pm,EUR,Flash Manufacturing PMI,Medium,54.7,54.5,55.2
Fri Jan 22,,EUR,Flash Services PMI,Medium,45.0,44.4,46.4
Fri Jan 22,3:00pm,GBP,Flash Manufacturing PMI,Medium,52.9,53.5,57.5
Fri Jan 22,,GBP,Flash Services PMI,Medium,38.8,45.2,49.4
Fri Jan 22,8:15pm,USD,Flash Manufacturing PMI,Medium,59.1,56.6,57.1
Fri Jan 22,,USD,Flash Services PMI,Low,57.5,53.3,54.8
Fri Jan 22,8:30pm,USD,Existing Home Sales,Low,6.76M,6.55M,6.71M
Fri Jan 22,9:00pm,USD,Natural Gas Storage,Low,-187B,-162B,-134B
Fri Jan 22,9:30pm,USD,Crude Oil Inventories,Low,4.4M,-1.2M,-3.2M
Mon Jan 25,2:30pm,EUR,German ifo Business Climate,Low,90.1,91.5,92.2
Mon Jan 25,,EUR,Belgian NBB Business Climate,Low,-7.5,-8.0,-8.4
Tue Jan 26,,JPY,SPPI y/y,Low,-0.4%,-0.6%,-0.5%
Tue Jan 26,10:30am,JPY,BOJ Core CPI y/y,Low,-0.3%,-0.1%,-0.1%
Tue Jan 26,12:30pm,GBP,Average Earnings Index 3m/y,Low,3.6%,2.9%,2.8%
Tue Jan 26,,GBP,Claimant Count Change,Low,7.0K,47.5K,38.1K
Tue Jan 26,,GBP,Unemployment Rate,Low,5.0%,5.1%,4.9%
Tue Jan 26,4:30pm,GBP,CBI Realized Sales,Low,-50,-32,-3
Tue Jan 26,5:04pm,GBP,30-y Bond Auction,Low,0.84|2.4,,0.84|2.6
Tue Jan 26,7:30pm,USD,HPI m/m,Low,1.0%,0.9%,1.5%
Tue Jan 26,,USD,S&P/CS Composite-20 HPI y/y,Low,9.1%,8.8%,8.0%
Tue Jan 26,8:29pm,USD,Richmond Manufacturing Index,Low,14,18,19
Tue Jan 26,8:30pm,USD,CB Consumer Confidence,Medium,89.3,88.9,87.1
Wed Jan 27,5:31am,GBP,BRC Shop Price Index y/y,Low,-2.2%,,-1.8%
Wed Jan 27,12:30pm,EUR,German GfK Consumer Climate,Low,-15.6,-7.8,-7.5
Wed Jan 27,4:04pm,EUR,German 10-y Bond Auction,Low,-0.54|2.0,,-0.52|1.6
Wed Jan 27,7:00pm,USD,Core Durable Goods Orders m/m,Low,0.7%,0.5%,0.4%
Wed Jan 27,,USD,Durable Goods Orders m/m,Low,0.2%,1.0%,1.0%
Wed Jan 27,9:00pm,USD,Crude Oil Inventories,Low,-9.9M,1.6M,4.4M
Thu Jan 28,,USD,Federal Funds Rate,Medium,<0.25%,<0.25%,<0.25%
Thu Jan 28,5:20am,JPY,Retail Sales y/y,Low,-0.3%,-0.4%,0.6%
Thu Jan 28,All Day,EUR,German Prelim CPI m/m,Low,0.8%,0.4%,0.5%
Thu Jan 28,1:30pm,EUR,Spanish Unemployment Rate,Low,16.1%,16.7%,16.3%
Thu Jan 28,3:42pm,EUR,Italian 10-y Bond Auction,Low,0.65|1.4,,0.59|1.6
Thu Jan 28,,USD,Advance GDP q/q,High,4.0%,4.2%,33.4%
Thu Jan 28,,USD,Unemployment Claims,Medium,847K,880K,914K
Thu Jan 28,,USD,Goods Trade Balance,Low,-82.5B,-83.4B,-85.5B
Thu Jan 28,,USD,Prelim Wholesale Inventories m/m,Low,0.1%,0.5%,0.0%
Thu Jan 28,7:02pm,USD,Advance GDP Price Index q/q,Medium,2.0%,2.2%,3.5%
Thu Jan 28,8:30pm,USD,CB Leading Index m/m,Medium,0.3%,0.3%,0.7%
Thu Jan 28,,USD,New Home Sales,Low,842K,860K,829K
Thu Jan 28,9:00pm,USD,Natural Gas Storage,Low,-128B,-140B,-187B
Fri Jan 29,5:00am,JPY,Tokyo Core CPI y/y,Low,-0.4%,-0.6%,-0.9%
Fri Jan 29,,JPY,Unemployment Rate,Low,2.9%,3.0%,2.9%
Fri Jan 29,,JPY,Prelim Industrial Production m/m,Low,-1.6%,-1.4%,-0.5%
Fri Jan 29,10:30am,JPY,Housing Starts y/y,Low,-9.0%,-3.8%,-3.7%
Fri Jan 29,10:32am,JPY,Consumer Confidence,Low,29.6,29.1,31.8
Fri Jan 29,12:00pm,EUR,French Consumer Spending m/m,Low,23.0%,24.0%,-18.0%
Fri Jan 29,,EUR,French Flash GDP q/q,Low,-1.3%,-4.0%,18.7%
Fri Jan 29,12:30pm,EUR,German Import Prices m/m,Low,0.6%,1.0%,0.5%
Fri Jan 29,,EUR,Spanish Flash CPI y/y,Low,0.6%,-0.5%,-0.5%
Fri Jan 29,,EUR,Spanish Flash GDP q/q,Low,0.4%,-1.4%,16.4%
Fri Jan 29,2:25pm,EUR,German Unemployment Change,Low,-41K,7K,-40K
Fri Jan 29,2:30pm,EUR,German Prelim GDP q/q,Medium,0.1%,0.0%,8.5%
Fri Jan 29,,EUR,M3 Money Supply y/y,Low,12.3%,11.0%,11.0%
Fri Jan 29,,EUR,Private Loans y/y,Low,3.1%,3.2%,3.1%
Fri Jan 29,,USD,Core PCE Price Index m/m,Low,0.3%,0.1%,0.0%
Fri Jan 29,,USD,Employment Cost Index q/q,Low,0.7%,0.5%,0.5%
Fri Jan 29,,USD,Personal Income m/m,Low,0.6%,0.1%,-1.3%
Fri Jan 29,,USD,Personal Spending m/m,Low,-0.2%,-0.4%,-0.7%
Fri Jan 29,8:15pm,USD,Chicago PMI,Low,63.8,58.4,59.5
Fri Jan 29,8:30pm,USD,Pending Home Sales m/m,Low,-0.3%,-0.5%,-2.5%
Fri Jan 29,,USD,Revised UoM Consumer Sentiment,Low,79.0,79.2,79.2
Fri Jan 29,,USD,Revised UoM Inflation Expectations,Low,3.0%,,3.0%
Mon Feb 1,,JPY,Final Manufacturing PMI,Low,49.8,49.8,49.7
Mon Feb 1,12:30pm,EUR,German Retail Sales m/m,Low,-9.6%,-2.0%,1.1%
Mon Feb 1,1:45pm,EUR,Spanish Manufacturing PMI,Low,49.3,50.2,51.0
Mon Feb 1,2:15pm,EUR,Italian Manufacturing PMI,Low,55.1,52.5,52.8
Mon Feb 1,2:20pm,EUR,French Final Manufacturing PMI,Low,51.6,51.5,51.5
Mon Feb 1,2:25pm,EUR,German Final Manufacturing PMI,Low,57.1,57.0,57.0
Mon Feb 1,2:30pm,EUR,Final Manufacturing PMI,Low,54.8,54.7,54.7
Mon Feb 1,,EUR,Italian Monthly Unemployment Rate,Low,9.0%,9.0%,8.8%
Mon Feb 1,3:00pm,GBP,Final Manufacturing PMI,Medium,54.1,52.9,52.9
Mon Feb 1,,GBP,M4 Money Supply m/m,Low,0.7%,0.9%,0.8%
Mon Feb 1,,GBP,Mortgage Approvals,Low,103K,100K,105K
Mon Feb 1,,GBP,Net Lending to Individuals m/m,Low,4.6B,4.3B,4.3B
Mon Feb 1,3:30pm,EUR,Unemployment Rate,Low,8.3%,8.3%,8.3%
Mon Feb 1,8:15pm,USD,Final Manufacturing PMI,Low,59.2,59.1,59.1
Mon Feb 1,8:30pm,USD,ISM Manufacturing PMI,High,58.7,60.0,60.7
Mon Feb 1,,USD,Construction Spending m/m,Low,1.0%,0.8%,1.1%
Mon Feb 1,,USD,ISM Manufacturing Prices,Low,82.1,72.0,77.6
Tue Feb 2,5:20am,JPY,Monetary Base y/y,Low,18.9%,19.2%,18.3%
Tue Feb 2,9:05am,JPY,10-y Bond Auction,Low,0.05|3.4,,0.02|3.4
Tue Feb 2,12:29pm,GBP,Nationwide HPI m/m,Low,-0.3%,0.3%,0.9%
Tue Feb 2,1:15pm,EUR,French Prelim CPI m/m,Low,0.2%,0.0%,0.2%
Tue Feb 2,1:30pm,EUR,Spanish Unemployment Change,Low,76.2K,35.3K,36.8K
Tue Feb 2,2:30pm,EUR,Italian Prelim GDP q/q,Low,-2.0%,-2.0%,15.9%
Tue Feb 2,3:30pm,EUR,Prelim Flash GDP q/q,Low,-0.7%,-0.9%,12.5%
Tue Feb 2,8:30pm,USD,RCM/TIPP Economic Optimism,Low,51.9,51.0,50.1
Tue Feb 2,All Day,USD,Wards Total Vehicle Sales,Low,16.6M,16.1M,16.3M
Wed Feb 3,1:15pm,EUR,French Gov Budget Balance,Low,-178.1B,,-176.8B
Wed Feb 3,1:45pm,EUR,Spanish Services PMI,Low,41.7,45.1,48.0
Wed Feb 3,2:15pm,EUR,Italian Services PMI,Low,44.7,39.5,39.7
Wed Feb 3,2:20pm,EUR,French Final Services PMI,Low,47.3,46.5,46.5
Wed Feb 3,2:25pm,EUR,German Final Services PMI,Low,46.7,46.8,46.8
Wed Feb 3,2:30pm,EUR,Final Services PMI,Low,45.4,45.0,45.0
Wed Feb 3,3:00pm,GBP,Final Services PMI,Medium,39.5,38.8,38.8
Wed Feb 3,3:30pm,EUR,Core CPI Flash Estimate y/y,Low,1.4%,0.9%,0.2%
Wed Feb 3,,EUR,CPI Flash Estimate y/y,Low,0.9%,0.6%,-0.3%
Wed Feb 3,,EUR,PPI m/m,Low,0.8%,0.7%,0.4%
Wed Feb 3,,EUR,Italian Prelim CPI m/m,Low,0.5%,0.2%,0.2%
Wed Feb 3,3:36pm,GBP,10-y Bond Auction,Low,0.44|2.9,,0.33|2.9
Wed Feb 3,6:45pm,USD,ADP Non-Farm Employment Change,Medium,174K,48K,-78K
Wed Feb 3,8:15pm,USD,Final Services PMI,Low,58.3,57.4,57.5
Wed Feb 3,8:30pm,USD,ISM Services PMI,Medium,58.7,56.7,57.2
Wed Feb 3,9:00pm,USD,Crude Oil Inventories,Medium,-1.0M,-0.6M,-9.9M
Thu Feb 4,9:05am,JPY,30-y Bond Auction,Low,0.66|3.5,,0.65|3.0
Thu Feb 4,3:00pm,GBP,Construction PMI,Low,49.2,53.0,54.6
Thu Feb 4,3:20pm,EUR,Spanish 10-y Bond Auction,Low,0.16|1.6,,-0.03|3.0
Thu Feb 4,3:30pm,EUR,Retail Sales m/m,Low,2.0%,2.4%,-5.7%
Thu Feb 4,3:38pm,EUR,French 10-y Bond Auction,Low,-0.25|2.2,,-0.33|1.9
Thu Feb 4,5:30pm,GBP,Asset Purchase Facility,High,875B,875B,875B
Thu Feb 4,,GBP,MPC Asset Purchase Facility Votes,High,0-0-9,0-0-9,0-0-9
Thu Feb 4,,GBP,MPC Official Bank Rate Votes,High,0-0-9,0-0-9,0-0-9
Thu Feb 4,,GBP,Official Bank Rate,High,0.10%,0.10%,0.10%
Thu Feb 4,6:00pm,USD,Challenger Job Cuts y/y,Low,17.4%,,134.5%
Thu Feb 4,7:00pm,USD,Unemployment Claims,Medium,779K,828K,812K
Thu Feb 4,,USD,Prelim Nonfarm Productivity q/q,Low,-4.8%,-2.9%,4.6%
Thu Feb 4,,USD,Prelim Unit Labor Costs q/q,Low,6.8%,4.1%,-6.6%
Thu Feb 4,8:30pm,USD,Factory Orders m/m,Low,1.1%,0.7%,1.3%
Thu Feb 4,9:00pm,USD,Natural Gas Storage,Low,-192B,-194B,-128B
Fri Feb 5,5:00am,JPY,Household Spending y/y,Low,-0.6%,-1.9%,1.1%
Fri Feb 5,10:30am,JPY,Leading Indicators,Low,94.9%,95.1%,96.4%
Fri Feb 5,12:30pm,EUR,German Factory Orders m/m,Low,-1.9%,-1.2%,2.7%
Fri Feb 5,1:15pm,EUR,French Prelim Private Payrolls q/q,Low,-0.2%,-0.7%,1.6%
Fri Feb 5,,EUR,French Trade Balance,Low,-3.4B,-4.2B,-3.8B
Fri Feb 5,2:00pm,GBP,Halifax HPI m/m,Low,-0.3%,0.7%,0.0%
Fri Feb 5,2:30pm,EUR,Italian Retail Sales m/m,Low,2.5%,1.5%,-6.9%
Fri Feb 5,,USD,Average Hourly Earnings m/m,High,0.2%,0.3%,1.0%
Fri Feb 5,,USD,Non-Farm Employment Change,High,49K,85K,-227K
Fri Feb 5,,USD,Unemployment Rate,High,6.3%,6.7%,6.7%
Fri Feb 5,,USD,Trade Balance,Low,-66.6B,-66.0B,-69.0B
Sat Feb 6,1:30am,USD,Consumer Credit m/m,Low,9.7B,12.1B,13.9B
Mon Feb 8,5:20am,JPY,Bank Lending y/y,Low,6.1%,6.3%,6.2%
Mon Feb 8,,JPY,Current Account,Low,2.28T,2.21T,2.34T
Mon Feb 8,10:32am,JPY,Economy Watchers Sentiment,Low,31.2,30.5,35.5
Mon Feb 8,12:30pm,EUR,German Industrial Production m/m,Low,0.0%,0.1%,1.5%
Mon Feb 8,3:00pm,EUR,Sentix Investor Confidence,Low,-0.2,4.1,1.3
Tue Feb 9,5:00am,JPY,Average Cash Earnings y/y,Low,-3.2%,-4.7%,-1.8%
Tue Feb 9,5:20am,JPY,M2 Money Stock y/y,Low,9.4%,9.2%,9.1%
Tue Feb 9,5:31am,GBP,BRC Retail Sales Monitor y/y,Low,7.1%,5.4%,4.8%
Tue Feb 9,11:29am,JPY,Prelim Machine Tool Orders y/y,Low,9.7%,,9.9%
Tue Feb 9,12:30pm,EUR,German Trade Balance,Low,16.1B,14.2B,16.0B
Tue Feb 9,2:30pm,EUR,Italian Industrial Production m/m,Low,-0.2%,2.1%,-1.4%
Tue Feb 9,4:30pm,USD,NFIB Small Business Index,Low,95.0,96.6,95.9
Tue Feb 9,8:30pm,USD,JOLTS Job Openings,Low,6.65M,6.42M,6.57M
Wed Feb 10,5:20am,JPY,PPI y/y,Low,-1.6%,-1.6%,-2.0%
Wed Feb 10,12:30pm,EUR,German Final CPI m/m,Low,0.8%,0.8%,0.8%
Wed Feb 10,1:15pm,EUR,French Industrial Production m/m,Low,-0.8%,0.4%,-0.7%
Wed Feb 10,7:00pm,USD,CPI m/m,High,0.3%,0.3%,0.4%
Wed Feb 10,,USD,CPI y/y,High,1.4%,1.4%,1.4%
Wed Feb 10,,USD,Core CPI m/m,Medium,0.0%,0.2%,0.1%
Wed Feb 10,8:30pm,USD,Final Wholesale Inventories m/m,Low,0.3%,0.1%,0.1%
Wed Feb 10,9:00pm,USD,Crude Oil Inventories,Medium,-6.6M,-0.9M,-1.0M
Wed Feb 10,11:31pm,USD,10-y Bond Auction,Low,1.16|2.4,,1.16|2.5
Thu Feb 11,,USD,Federal Budget Balance,Low,-162.8B,-152.4B,-143.6B
Thu Feb 11,5:31am,GBP,RICS House Price Balance,Low,50%,60%,63%
Thu Feb 11,12:30pm,EUR,German WPI m/m,Low,2.1%,0.4%,0.6%
Thu Feb 11,7:00pm,USD,Unemployment Claims,Medium,793K,755K,812K
Thu Feb 11,8:30pm,USD,Mortgage Delinquencies,Low,6.73%,,7.65%
Thu Feb 11,9:00pm,USD,Natural Gas Storage,Low,-171B,-180B,-192B
Thu Feb 11,11:31pm,USD,30-y Bond Auction,Low,1.93|2.2,,1.83|2.5
Fri Feb 12,12:30pm,GBP,Prelim GDP q/q,Medium,1.0%,0.5%,16.0%
Fri Feb 12,,GBP,Construction Output m/m,Low,-2.9%,0.5%,1.7%
Fri Feb 12,,GBP,GDP m/m,Low,1.2%,1.0%,-2.3%
Fri Feb 12,,GBP,Goods Trade Balance,Low,-14.3B,-15.3B,-14.8B
Fri Feb 12,,GBP,Index of Services 3m/3m,Low,0.6%,0.0%,4.1%
Fri Feb 12,,GBP,Prelim Business Investment q/q,Low,1.3%,-1.4%,9.4%
Fri Feb 12,12:33pm,GBP,Industrial Production m/m,Low,0.2%,0.5%,0.3%
Fri Feb 12,,GBP,Manufacturing Production m/m,Low,0.3%,0.7%,1.1%
Fri Feb 12,6:26pm,GBP,NIESR GDP Estimate,Low,-2.5%,,1.0%
Fri Feb 12,8:30pm,USD,Prelim UoM Consumer Sentiment,Low,76.2,80.8,79.0
Fri Feb 12,,USD,Prelim UoM Inflation Expectations,Low,3.3%,,3.0%
Mon Feb 15,5:20am,JPY,Prelim GDP Price Index y/y,Low,0.2%,0.5%,1.2%
Mon Feb 15,,JPY,Prelim GDP q/q,Low,3.0%,2.4%,5.3%
Mon Feb 15,5:31am,GBP,Rightmove HPI m/m,Low,0.5%,,-0.9%
Mon Feb 15,10:02am,JPY,Revised Industrial Production m/m,Low,-1.0%,-1.6%,-1.6%
Mon Feb 15,3:30pm,EUR,Industrial Production m/m,Low,-1.6%,-0.4%,2.6%
Mon Feb 15,,EUR,Trade Balance,Low,27.5B,22.3B,24.9B
Tue Feb 16,10:00am,JPY,Tertiary Industry Activity m/m,Low,-0.4%,-0.6%,-0.6%
Tue Feb 16,2:30pm,EUR,Italian Trade Balance,Low,6.84B,6.25B,6.75B
Tue Feb 16,3:30pm,EUR,Flash Employment Change q/q,Low,0.3%,0.9%,1.0%
Tue Feb 16,,EUR,Flash GDP q/q,Low,-0.6%,-0.7%,-0.7%
Tue Feb 16,,EUR,ZEW Economic Sentiment,Low,69.6,59.2,58.3
Tue Feb 16,,EUR,German ZEW Economic Sentiment,Low,71.2,59.7,61.8
Tue Feb 16,,USD,Empire State Manufacturing Index,Low,12.1,6.2,3.5
Tue Feb 16,8:00pm,GBP,CB Leading Index m/m,Low,-0.5%,,-0.3%
Wed Feb 17,2:30am,USD,TIC Long-Term Purchases,Low,121.0B,103.5B,149.2B
Wed Feb 17,5:20am,JPY,Core Machinery Orders m/m,Low,5.2%,-6.1%,1.5%
Wed Feb 17,,JPY,Trade Balance,Low,0.39T,0.49T,0.51T
Wed Feb 17,12:30pm,GBP,CPI y/y,High,0.7%,0.6%,0.6%
Wed Feb 17,,GBP,Core CPI y/y,Low,1.4%,1.3%,1.4%
Wed Feb 17,,GBP,RPI y/y,Low,1.4%,1.3%,1.2%
Wed Feb 17,12:33pm,GBP,PPI Input m/m,Low,0.7%,0.5%,1.2%
Wed Feb 17,,GBP,PPI Output m/m,Low,0.4%,0.2%,0.2%
Wed Feb 17,3:00pm,GBP,HPI y/y,Low,8.5%,7.5%,7.1%
Wed Feb 17,4:04pm,EUR,German 30-y Bond Auction,Low,0.10|1.3,,-0.13|1.4
Wed Feb 17,,USD,Core Retail Sales m/m,High,5.9%,1.1%,-1.8%
Wed Feb 17,,USD,Retail Sales m/m,High,5.3%,1.1%,-1.0%
Wed Feb 17,,USD,Core PPI m/m,Low,1.2%,0.2%,0.1%
Wed Feb 17,,USD,PPI m/m,Low,1.3%,0.4%,0.3%
Wed Feb 17,7:45pm,USD,Capacity Utilization Rate,Low,75.6%,74.9%,74.9%
Wed Feb 17,,USD,Industrial Production m/m,Low,0.9%,0.4%,1.3%
Wed Feb 17,8:30pm,USD,Business Inventories m/m,Low,0.6%,0.5%,0.5%
Wed Feb 17,,USD,NAHB Housing Market Index,Low,84,83,83
Thu Feb 18,3:21pm,EUR,Spanish 10-y Bond Auction,Low,0.27|2.1,,0.16|1.6
Thu Feb 18,6:59pm,USD,Philly Fed Manufacturing Index,Medium,23.1,20.3,26.5
Thu Feb 18,,USD,Building Permits,Low,1.88M,1.67M,1.70M
Thu Feb 18,,USD,Housing Starts,Low,1.58M,1.66M,1.68M
Thu Feb 18,,USD,Import Prices m/m,Low,1.4%,1.0%,1.0%
Thu Feb 18,,USD,Unemployment Claims,Low,861K,775K,848K
Thu Feb 18,7:40pm,EUR,Consumer Confidence,Low,-15,-15,-16
Thu Feb 18,9:00pm,USD,Natural Gas Storage,Low,-237B,-250B,-171B
Thu Feb 18,9:30pm,USD,Crude Oil Inventories,Medium,-7.3M,-2.1M,-6.6M
Fri Feb 19,5:00am,JPY,National Core CPI y/y,Low,-0.6%,-0.6%,-1.0%
Fri Feb 19,5:31am,GBP,GfK Consumer Confidence,Low,-23,-26,-28
Fri Feb 19,,JPY,Flash Manufacturing PMI,Low,50.6,50.0,49.8
Fri Feb 19,12:30pm,EUR,German PPI m/m,Low,1.4%,0.9%,0.8%
Fri Feb 19,,GBP,Retail Sales m/m,High,-8.2%,-3.0%,0.4%
Fri Feb 19,,GBP,Public Sector Net Borrowing,Low,8.0B,22.0B,26.1B
Fri Feb 19,1:15pm,EUR,French Final CPI m/m,Low,0.2%,0.2%,0.2%
Fri Feb 19,1:45pm,EUR,French Flash Services PMI,High,43.6,47.0,47.3
Fri Feb 19,,EUR,French Flash Manufacturing PMI,Medium,55.0,51.7,51.6
Fri Feb 19,2:00pm,EUR,German Flash Manufacturing PMI,High,60.6,56.6,57.1
Fri Feb 19,,EUR,German Flash Services PMI,High,45.9,46.5,46.7
Fri Feb 19,2:30pm,EUR,Flash Manufacturing PMI,Medium,57.7,54.6,54.8
Fri Feb 19,,EUR,Flash Services PMI,Medium,44.7,45.9,45.4
Fri Feb 19,,EUR,Current Account,Low,36.7B,22.0B,25.1B
Fri Feb 19,3:00pm,GBP,Flash Services PMI,High,49.7,42.1,39.5
Fri Feb 19,,GBP,Flash Manufacturing PMI,Medium,54.9,53.1,54.1
Fri Feb 19,4:30pm,GBP,CBI Industrial Order Expectations,Low,-24,-35,-38
Fri Feb 19,8:15pm,USD,Flash Manufacturing PMI,Medium,58.5,58.4,59.2
Fri Feb 19,,USD,Flash Services PMI,Low,58.9,57.9,58.3
Fri Feb 19,8:30pm,USD,Existing Home Sales,Low,6.69M,6.59M,6.65M
Mon Feb 22,5:20am,JPY,SPPI y/y,Low,-0.5%,-0.4%,-0.3%
Mon Feb 22,2:30pm,EUR,German ifo Business Climate,Medium,92.4,90.5,90.3
Mon Feb 22,7:30pm,EUR,Belgian NBB Business Climate,Low,-4.4,-7.2,-7.5
Mon Feb 22,8:30pm,USD,CB Leading Index m/m,Low,0.5%,0.4%,0.4%
Tue Feb 23,12:30pm,GBP,Claimant Count Change,Medium,-20.0K,13.8K,-20.4K
Tue Feb 23,,GBP,Average Earnings Index 3m/y,Low,4.7%,4.1%,3.7%
Tue Feb 23,,GBP,Unemployment Rate,Low,5.1%,5.1%,5.0%
Tue Feb 23,3:30pm,EUR,Final Core CPI y/y,Low,1.4%,1.4%,1.4%
Tue Feb 23,,EUR,Final CPI y/y,Low,0.9%,0.9%,0.9%
Tue Feb 23,3:34pm,GBP,30-y Bond Auction,Low,1.30|2.2,,0.84|2.4
Tue Feb 23,4:30pm,GBP,CBI Realized Sales,Low,-45,-39,-50
Tue Feb 23,7:30pm,USD,HPI m/m,Low,1.1%,1.0%,1.0%
Tue Feb 23,,USD,S&P/CS Composite-20 HPI y/y,Low,10.1%,9.9%,9.2%
Tue Feb 23,8:29pm,USD,Richmond Manufacturing Index,Low,14,16,14
Tue Feb 23,,USD,CB Consumer Confidence,Medium,91.3,90.2,88.9
Wed Feb 24,10:30am,JPY,BOJ Core CPI y/y,Low,-0.3%,-0.2%,-0.3%
Wed Feb 24,12:30pm,EUR,German Final GDP q/q,Low,0.3%,0.1%,0.1%
Wed Feb 24,4:05pm,EUR,German 10-y Bond Auction,Low,-0.32|1.5,,-0.54|2.0
Wed Feb 24,,USD,New Home Sales,Low,923K,853K,885K
Wed Feb 24,9:00pm,USD,Crude Oil Inventories,Medium,1.3M,-6.5M,-7.3M
Thu Feb 25,12:30pm,EUR,German GfK Consumer Climate,Low,-12.9,-14.0,-15.5
Thu Feb 25,2:30pm,EUR,M3 Money Supply y/y,Low,12.5%,12.6%,12.4%
Thu Feb 25,2:32pm,EUR,Private Loans y/y,Low,3.0%,3.2%,3.1%
Thu Feb 25,7:00pm,USD,Prelim GDP q/q,Medium,4.1%,4.2%,4.0%
Thu Feb 25,,USD,Core Durable Goods Orders m/m,Low,1.4%,0.6%,1.1%
Thu Feb 25,,USD,Durable Goods Orders m/m,Low,3.4%,0.9%,0.5%
Thu Feb 25,,USD,Prelim GDP Price Index q/q,Low,2.1%,2.0%,2.0%
Thu Feb 25,,USD,Unemployment Claims,Low,730K,828K,841K
Thu Feb 25,8:30pm,USD,Pending Home Sales m/m,Low,-2.8%,0.2%,0.5%
Thu Feb 25,9:00pm,USD,Natural Gas Storage,Low,-338B,-323B,-237B
Fri Feb 26,5:00am,JPY,Tokyo Core CPI y/y,Low,-0.3%,-0.4%,-0.4%
Fri Feb 26,5:20am,JPY,Prelim Industrial Production m/m,Low,4.2%,3.9%,-1.0%
Fri Feb 26,,JPY,Retail Sales y/y,Low,-2.4%,-2.6%,-0.2%
Fri Feb 26,10:30am,JPY,Housing Starts y/y,Low,-3.1%,-1.8%,-9.0%
Fri Feb 26,12:30pm,EUR,German Import Prices m/m,Low,1.9%,1.1%,0.6%
Fri Feb 26,1:15pm,EUR,French Consumer Spending m/m,Low,-4.6%,-3.5%,22.4%
Fri Feb 26,,EUR,French Prelim CPI m/m,Low,-0.1%,-0.3%,0.2%
Fri Feb 26,,EUR,French Prelim GDP q/q,Low,-1.4%,-1.3%,-1.3%
Fri Feb 26,,EUR,Spanish Flash CPI y/y,Low,0.0%,0.6%,0.5%
Fri Feb 26,,USD,Core PCE Price Index m/m,Low,0.3%,0.1%,0.3%
Fri Feb 26,,USD,Goods Trade Balance,Low,-83.7B,-83.0B,-83.2B
Fri Feb 26,,USD,Personal Income m/m,Low,10.0%,9.4%,0.6%
Fri Feb 26,,USD,Personal Spending m/m,Low,2.4%,2.6%,-0.4%
Fri Feb 26,,USD,Prelim Wholesale Inventories m/m,Low,1.3%,0.3%,0.3%
Fri Feb 26,8:15pm,USD,Chicago PMI,Medium,59.5,61.0,63.8
Fri Feb 26,8:30pm,USD,Revised UoM Consumer Sentiment,Low,76.8,76.5,76.2
Fri Feb 26,,USD,Revised UoM Inflation Expectations,Low,3.3%,,3.3%
Mon Mar 1,,JPY,Final Manufacturing PMI,Low,51.4,49.9,49.8
Mon Mar 1,All Day,EUR,German Prelim CPI m/m,Low,0.7%,0.5%,0.8%
Mon Mar 1,1:45pm,EUR,Spanish Manufacturing PMI,Low,52.9,52.1,49.3
Mon Mar 1,2:15pm,EUR,Italian Manufacturing PMI,Low,56.9,57.0,55.1
Mon Mar 1,2:20pm,EUR,French Final Manufacturing PMI,Low,56.1,55.0,55.0
Mon Mar 1,2:25pm,EUR,German Final Manufacturing PMI,Low,60.7,60.6,60.6
Mon Mar 1,2:30pm,EUR,Final Manufacturing PMI,Low,57.9,57.7,57.7
Mon Mar 1,3:00pm,GBP,Final Manufacturing PMI,Medium,55.1,54.9,54.9
Mon Mar 1,,GBP,M4 Money Supply m/m,Low,0.7%,0.8%,0.6%
Mon Mar 1,,GBP,Mortgage Approvals,Low,99K,100K,103K
Mon Mar 1,3:02pm,GBP,Net Lending to Individuals m/m,Low,2.8B,3.3B,4.5B
Mon Mar 1,3:30pm,EUR,Italian Prelim CPI m/m,Low,0.1%,0.4%,0.7%
Mon Mar 1,8:15pm,USD,Final Manufacturing PMI,Medium,58.6,58.5,58.5
Mon Mar 1,8:30pm,USD,ISM Manufacturing PMI,High,60.8,58.7,58.7
Mon Mar 1,,USD,Construction Spending m/m,Low,1.7%,0.7%,1.1%
Mon Mar 1,,USD,ISM Manufacturing Prices,Low,86.0,80.0,82.1
Tue Mar 2,5:00am,JPY,Unemployment Rate,Low,2.9%,3.0%,2.9%
Tue Mar 2,5:20am,JPY,Capital Spending q/y,Low,-4.8%,-2.0%,-10.6%
Tue Mar 2,,JPY,Monetary Base y/y,Low,19.6%,20.1%,18.9%
Tue Mar 2,9:05am,JPY,10-y Bond Auction,Low,0.13|3.1,,0.05|3.4
Tue Mar 2,12:30pm,EUR,German Retail Sales m/m,Low,-4.5%,0.2%,-9.1%
Tue Mar 2,,GBP,Nationwide HPI m/m,Low,0.7%,-0.3%,-0.2%
Tue Mar 2,1:30pm,EUR,Spanish Unemployment Change,Low,44.4K,10.5K,76.2K
Tue Mar 2,2:25pm,EUR,German Unemployment Change,Low,9K,-9K,-37K
Tue Mar 2,3:30pm,EUR,Core CPI Flash Estimate y/y,Low,1.1%,1.1%,1.4%
Tue Mar 2,,EUR,CPI Flash Estimate y/y,Low,0.9%,0.9%,0.9%
Tue Mar 2,8:30pm,USD,RCM/TIPP Economic Optimism,Low,55.4,52.1,51.9
Tue Mar 2,All Day,USD,Wards Total Vehicle Sales,Low,15.7M,16.4M,16.6M
Wed Mar 3,5:31am,GBP,BRC Shop Price Index y/y,Low,-2.4%,,-2.2%
Wed Mar 3,1:15pm,EUR,French Gov Budget Balance,Low,-21.9B,,-178.1B
Wed Mar 3,1:45pm,EUR,Spanish Services PMI,Low,43.1,43.1,41.7
Wed Mar 3,2:15pm,EUR,Italian Services PMI,Low,48.8,45.8,44.7
Wed Mar 3,2:20pm,EUR,French Final Services PMI,Low,45.6,43.6,43.6
Wed Mar 3,2:25pm,EUR,German Final Services PMI,Low,45.7,45.9,45.9
Wed Mar 3,2:30pm,EUR,Final Services PMI,Low,45.7,44.7,44.7
Wed Mar 3,3:00pm,GBP,Final Services PMI,Low,49.5,49.7,49.7
Wed Mar 3,3:30pm,EUR,PPI m/m,Low,1.4%,1.3%,0.9%
Wed Mar 3,6:45pm,USD,ADP Non-Farm Employment Change,Medium,117K,203K,195K
Wed Mar 3,8:15pm,USD,Final Services PMI,Low,59.8,58.9,58.9
Wed Mar 3,8:30pm,USD,ISM Services PMI,Medium,55.3,58.7,58.7
Wed Mar 3,9:00pm,USD,Crude Oil Inventories,Medium,21.6M,-1.3M,1.3M
Thu Mar 4,9:05am,JPY,30-y Bond Auction,Low,0.69|2.8,,0.66|3.5
Thu Mar 4,10:30am,JPY,Consumer Confidence,Low,33.8,29.9,29.6
Thu Mar 4,3:00pm,GBP,Construction PMI,Low,53.3,51.1,49.2
Thu Mar 4,3:27pm,EUR,Spanish 10-y Bond Auction,Low,0.35|1.6,,0.27|2.1
Thu Mar 4,3:29pm,EUR,French 10-y Bond Auction,Low,-0.07|2.0,,-0.25|2.2
Thu Mar 4,3:30pm,EUR,Retail Sales m/m,Low,-5.9%,-1.4%,1.8%
Thu Mar 4,,EUR,Unemployment Rate,Low,8.1%,8.3%,8.1%
Thu Mar 4,3:34pm,GBP,10-y Bond Auction,Low,0.87|2.7,,0.44|2.9
Thu Mar 4,6:00pm,USD,Challenger Job Cuts y/y,Low,-39.1%,,17.4%
Thu Mar 4,,USD,Revised Nonfarm Productivity q/q,Low,-4.2%,-4.7%,-4.8%
Thu Mar 4,,USD,Revised Unit Labor Costs q/q,Low,6.0%,6.7%,6.8%
Thu Mar 4,,USD,Unemployment Claims,Low,745K,758K,736K
Thu Mar 4,8:30pm,USD,Factory Orders m/m,Low,2.6%,2.2%,1.6%
Thu Mar 4,9:00pm,USD,Natural Gas Storage,Low,-98B,-149B,-338B
Fri Mar 5,12:30pm,EUR,German Factory Orders m/m,Low,1.4%,0.4%,-2.2%
Fri Mar 5,1:15pm,EUR,French Trade Balance,Low,-3.9B,-3.4B,-3.6B
Fri Mar 5,2:00pm,GBP,Halifax HPI m/m,Low,-0.1%,-0.1%,-0.4%
Fri Mar 5,2:30pm,EUR,Italian Retail Sales m/m,Low,-3.0%,-0.6%,2.4%
Fri Mar 5,,USD,Average Hourly Earnings m/m,High,0.2%,0.2%,0.1%
Fri Mar 5,,USD,Non-Farm Employment Change,High,379K,197K,166K
Fri Mar 5,,USD,Unemployment Rate,High,6.2%,6.3%,6.3%
Fri Mar 5,,USD,Trade Balance,Low,-68.2B,-67.5B,-67.0B
Sat Mar 6,1:30am,USD,Consumer Credit m/m,Low,-1.3B,11.8B,8.8B
Mon Mar 8,5:20am,JPY,Bank Lending y/y,Low,6.2%,6.3%,6.0%
Mon Mar 8,,JPY,Current Account,Low,1.50T,2.20T,2.08T
Mon Mar 8,10:30am,JPY,Leading Indicators,Low,99.1%,96.7%,95.3%
Mon Mar 8,11:30am,JPY,Economy Watchers Sentiment,Low,41.3,34.2,31.2
Mon Mar 8,12:30pm,EUR,German Industrial Production m/m,Low,-2.5%,-1.4%,1.9%
Mon Mar 8,3:00pm,EUR,Sentix Investor Confidence,Low,5.0,0.3,-0.2
Mon Mar 8,8:30pm,USD,Final Wholesale Inventories m/m,Low,1.3%,1.3%,1.3%
Tue Mar 9,5:00am,JPY,Average Cash Earnings y/y,Low,-0.8%,-1.6%,-3.0%
Tue Mar 9,,JPY,Household Spending y/y,Low,-6.1%,-2.1%,-0.6%
Tue Mar 9,5:20am,JPY,Final GDP Price Index y/y,Low,0.3%,0.2%,0.2%
Tue Mar 9,,JPY,Final GDP q/q,Low,2.8%,3.0%,3.0%
Tue Mar 9,,JPY,M2 Money Stock y/y,Low,9.6%,9.5%,9.4%
Tue Mar 9,5:31am,GBP,BRC Retail Sales Monitor y/y,Low,9.5%,6.5%,7.1%
Tue Mar 9,11:29am,JPY,Prelim Machine Tool Orders y/y,Low,36.7%,,9.7%
Tue Mar 9,12:00pm,EUR,French Final Private Payrolls q/q,Low,-0.1%,-0.2%,-0.2%
Tue Mar 9,12:30pm,EUR,German Trade Balance,Low,22.2B,17.9B,16.4B
Tue Mar 9,2:30pm,EUR,Italian Industrial Production m/m,Low,1.0%,0.8%,0.2%
Tue Mar 9,3:30pm,EUR,Final Employment Change q/q,Low,0.3%,0.3%,0.3%
Tue Mar 9,,EUR,Revised GDP q/q,Low,-0.7%,-0.6%,-0.6%
Tue Mar 9,4:25pm,USD,NFIB Small Business Index,Low,95.8,96.7,95.0
Wed Mar 10,1:15pm,EUR,French Industrial Production m/m,Low,3.3%,0.5%,-0.7%
Wed Mar 10,6:00pm,USD,CPI y/y,High,1.7%,1.7%,1.4%
Wed Mar 10,7:00pm,USD,Core CPI m/m,High,0.1%,0.2%,0.0%
Wed Mar 10,,USD,CPI m/m,High,0.4%,0.4%,0.3%
Wed Mar 10,9:00pm,USD,Crude Oil Inventories,Medium,13.8M,3.0M,21.6M
Wed Mar 10,11:31pm,USD,10-y Bond Auction,Medium,1.52|2.4,,1.16|2.4
Thu Mar 11,12:30am,USD,Federal Budget Balance,Low,-310.9B,-298.6B,-162.8B
Thu Mar 11,5:20am,JPY,PPI y/y,Low,-0.7%,-0.7%,-1.5%
Thu Mar 11,5:31am,GBP,RICS House Price Balance,Low,52%,46%,49%
Thu Mar 11,,EUR,Main Refinancing Rate,Medium,0.00%,0.00%,0.00%
Thu Mar 11,,USD,Unemployment Claims,Low,712K,730K,754K
Thu Mar 11,8:30pm,USD,JOLTS Job Openings,Low,6.92M,6.65M,6.75M
Thu Mar 11,9:00pm,USD,Natural Gas Storage,Low,-52B,-76B,-98B
Thu Mar 11,11:31pm,USD,30-y Bond Auction,Medium,2.30|2.3,,1.93|2.2
Fri Mar 12,5:20am,JPY,BSI Manufacturing Index,Low,1.6,19.0,21.6
Fri Mar 12,12:30pm,EUR,German Final CPI m/m,Low,0.7%,0.7%,0.7%
Fri Mar 12,,GBP,Construction Output m/m,Low,0.9%,-1.0%,-2.9%
Fri Mar 12,,GBP,GDP m/m,Low,-2.9%,-4.9%,1.2%
Fri Mar 12,,GBP,Goods Trade Balance,Low,-9.8B,-12.2B,-14.3B
Fri Mar 12,,GBP,Index of Services 3m/3m,Low,-2.4%,-3.3%,0.6%
Fri Mar 12,,GBP,Industrial Production m/m,Low,-1.5%,-0.9%,0.2%
Fri Mar 12,,GBP,Manufacturing Production m/m,Low,-2.3%,-1.0%,0.3%
Fri Mar 12,2:30pm,EUR,Italian Quarterly Unemployment Rate,Low,9.2%,9.8%,9.6%
Fri Mar 12,3:02pm,GBP,Consumer Inflation Expectations,Low,2.7%,,2.7%
Fri Mar 12,3:30pm,EUR,Industrial Production m/m,Low,0.8%,0.3%,-0.1%
Fri Mar 12,6:36pm,GBP,NIESR GDP Estimate,Low,-2.0%,,-1.7%
Fri Mar 12,,USD,Core PPI m/m,Low,0.2%,0.2%,1.2%
Fri Mar 12,,USD,PPI m/m,Low,0.5%,0.4%,1.3%
Fri Mar 12,8:30pm,USD,Prelim UoM Consumer Sentiment,Low,83.0,78.4,76.8
Fri Mar 12,,USD,Prelim UoM Inflation Expectations,Low,3.1%,,3.3%
Mon Mar 15,5:20am,JPY,Core Machinery Orders m/m,Low,-4.5%,-5.5%,5.2%
Mon Mar 15,5:31am,GBP,Rightmove HPI m/m,Low,0.8%,,0.5%
Mon Mar 15,10:00am,JPY,Tertiary Industry Activity m/m,Low,-1.7%,-0.6%,-0.3%
Mon Mar 15,12:30pm,EUR,German WPI m/m,Low,1.4%,0.7%,2.1%
Mon Mar 15,,USD,Empire State Manufacturing Index,Low,17.4,14.6,12.1
Mon Mar 15,7:00pm,GBP,CB Leading Index m/m,Low,-0.4%,,-0.5%
Tue Mar 16,1:30am,USD,TIC Long-Term Purchases,Low,90.8B,107.3B,121.0B
Tue Mar 16,10:00am,JPY,Revised Industrial Production m/m,Low,4.3%,4.2%,4.2%
Tue Mar 16,1:15pm,EUR,French Final CPI m/m,Low,0.0%,-0.1%,-0.1%
Tue Mar 16,3:30pm,EUR,ZEW Economic Sentiment,Low,74.0,72.0,69.6
Tue Mar 16,,EUR,German ZEW Economic Sentiment,Low,76.6,74.0,71.2
Tue Mar 16,,USD,Core Retail Sales m/m,High,-2.7%,0.2%,8.3%
Tue Mar 16,,USD,Retail Sales m/m,High,-3.0%,-0.5%,7.6%
Tue Mar 16,,USD,Import Prices m/m,Low,1.3%,1.1%,1.4%
Tue Mar 16,6:45pm,USD,Capacity Utilization Rate,Low,73.8%,75.6%,75.5%
Tue Mar 16,,USD,Industrial Production m/m,Low,-2.2%,0.4%,1.1%
Tue Mar 16,7:30pm,USD,Business Inventories m/m,Low,0.3%,0.3%,0.8%
Tue Mar 16,,USD,NAHB Housing Market Index,Low,82,84,84
Wed Mar 17,5:20am,JPY,Trade Balance,Low,-0.04T,-0.10T,0.55T
Wed Mar 17,3:30pm,EUR,Final Core CPI y/y,Low,1.1%,1.1%,1.1%
Wed Mar 17,,EUR,Final CPI y/y,Low,0.9%,0.9%,0.9%
Wed Mar 17,4:03pm,EUR,German 30-y Bond Auction,Low,0.21|1.2,,0.10|1.3
Wed Mar 17,,USD,Building Permits,Low,1.68M,1.74M,1.89M
Wed Mar 17,,USD,Housing Starts,Low,1.42M,1.56M,1.58M
Wed Mar 17,8:00pm,USD,Crude Oil Inventories,Medium,2.4M,2.8M,13.8M
Wed Mar 17,,USD,Federal Funds Rate,Medium,<0.25%,<0.25%,<0.25%
Thu Mar 18,2:30pm,EUR,Italian Trade Balance,Low,1.59B,7.05B,6.86B
Thu Mar 18,3:30pm,EUR,Trade Balance,Low,24.2B,28.8B,27.5B
Thu Mar 18,,GBP,MPC Official Bank Rate Votes,High,0-0-9,0-0-9,0-0-9
Thu Mar 18,,GBP,Official Bank Rate,High,0.10%,0.10%,0.10%
Thu Mar 18,,GBP,MPC Asset Purchase Facility Votes,Medium,0-0-9,0-0-9,0-0-9
Thu Mar 18,,GBP,Asset Purchase Facility,Low,875B,875B,875B
Thu Mar 18,,USD,Philly Fed Manufacturing Index,Medium,51.8,22.5,23.1
Thu Mar 18,,USD,Unemployment Claims,Low,770K,704K,725K
Thu Mar 18,7:30pm,USD,CB Leading Index m/m,Low,0.2%,0.3%,0.5%
Thu Mar 18,8:00pm,USD,Natural Gas Storage,Low,-11B,-21B,-52B
Fri Mar 19,5:00am,JPY,National Core CPI y/y,Low,-0.4%,-0.4%,-0.6%
Fri Mar 19,5:31am,GBP,GfK Consumer Confidence,Low,-16,-20,-23
Fri Mar 19,,JPY,BOJ Policy Rate,Low,-0.10%,-0.10%,-0.10%
Fri Mar 19,12:30pm,EUR,German PPI m/m,Low,0.7%,0.8%,1.4%
Fri Mar 19,,GBP,Public Sector Net Borrowing,Low,18.4B,20.0B,2.4B
Mon Mar 22,2:30pm,EUR,Current Account,Low,30.5B,34.5B,36.7B
Mon Mar 22,7:30pm,USD,Existing Home Sales,Low,6.22M,6.55M,6.66M
Tue Mar 23,10:29am,JPY,BOJ Core CPI y/y,Low,-0.2%,-0.2%,-0.3%
Tue Mar 23,12:30pm,GBP,Average Earnings Index 3m/y,Low,4.8%,4.9%,4.7%
Tue Mar 23,,GBP,Claimant Count Change,Low,86.6K,9.0K,-20.8K
Tue Mar 23,,GBP,Unemployment Rate,Low,5.0%,5.2%,5.1%
Tue Mar 23,3:35pm,GBP,30-y Bond Auction,Low,1.30|2.2,,1.30|2.2
Tue Mar 23,4:30pm,GBP,CBI Industrial Order Expectations,Low,-5,-20,-24
Tue Mar 23,6:00pm,USD,Current Account,Low,-188B,-189B,-181B
Tue Mar 23,7:29pm,USD,Richmond Manufacturing Index,Low,17,15,14
Tue Mar 23,7:30pm,USD,New Home Sales,Low,775K,872K,948K
Wed Mar 24,,JPY,SPPI y/y,Low,-0.1%,-0.5%,-0.4%
Wed Mar 24,,JPY,Flash Manufacturing PMI,Low,52.0,51.3,51.4
Wed Mar 24,12:30pm,GBP,CPI y/y,Medium,0.4%,0.8%,0.7%
Wed Mar 24,,GBP,Core CPI y/y,Low,0.9%,1.4%,1.4%
Wed Mar 24,,GBP,PPI Input m/m,Low,0.6%,0.6%,1.0%
Wed Mar 24,,GBP,PPI Output m/m,Low,0.6%,0.3%,0.8%
Wed Mar 24,,GBP,RPI y/y,Low,1.4%,1.6%,1.4%
Wed Mar 24,1:45pm,EUR,French Flash Services PMI,High,47.8,45.5,45.6
Wed Mar 24,,EUR,French Flash Manufacturing PMI,Medium,58.8,56.4,56.1
Wed Mar 24,2:00pm,EUR,German Flash Manufacturing PMI,High,66.6,60.4,60.7
Wed Mar 24,,EUR,German Flash Services PMI,High,50.8,46.4,45.7
Wed Mar 24,2:30pm,EUR,Flash Manufacturing PMI,Medium,62.4,57.5,57.9
Wed Mar 24,,EUR,Flash Services PMI,Medium,48.8,46.1,45.7
Wed Mar 24,3:00pm,GBP,Flash Manufacturing PMI,Medium,57.9,55.0,55.1
Wed Mar 24,,GBP,Flash Services PMI,Medium,56.8,51.1,49.5
Wed Mar 24,,GBP,HPI y/y,Low,7.5%,8.4%,8.0%
Wed Mar 24,4:04pm,EUR,German 10-y Bond Auction,Low,-0.36|1.5,,-0.32|1.5
Wed Mar 24,6:00pm,USD,Core Durable Goods Orders m/m,Low,-0.9%,0.6%,1.3%
Wed Mar 24,,USD,Durable Goods Orders m/m,Low,-1.1%,0.7%,3.5%
Wed Mar 24,7:15pm,USD,Flash Manufacturing PMI,Medium,59.0,59.6,58.6
Wed Mar 24,,USD,Flash Services PMI,Low,60.0,60.1,59.8
Wed Mar 24,7:58pm,EUR,Consumer Confidence,Low,-11,-15,-15
Wed Mar 24,,USD,Crude Oil Inventories,Medium,1.9M,1.4M,2.4M
Thu Mar 25,12:30pm,EUR,German GfK Consumer Climate,Low,-6.2,-12.1,-12.7
Thu Mar 25,,EUR,M3 Money Supply y/y,Low,12.3%,12.5%,12.5%
Thu Mar 25,2:32pm,EUR,Private Loans y/y,Low,3.0%,3.2%,3.0%
Thu Mar 25,4:30pm,GBP,CBI Realized Sales,Low,-45,-36,-45
Thu Mar 25,6:00pm,USD,Final GDP q/q,Medium,4.3%,4.1%,4.1%
Thu Mar 25,,USD,Final GDP Price Index q/q,Low,2.0%,2.1%,2.1%
Thu Mar 25,,USD,Unemployment Claims,Low,684K,727K,781k
Thu Mar 25,7:25pm,EUR,Belgian NBB Business Climate,Low,-1.0,-3.0,-4.4
Thu Mar 25,,USD,Natural Gas Storage,Low,-36B,-21B,-11B
Fri Mar 26,5:00am,JPY,Tokyo Core CPI y/y,Low,-0.1%,-0.2%,-0.3%
Fri Mar 26,12:30pm,GBP,Retail Sales m/m,Medium,2.1%,2.2%,-8.2%
Fri Mar 26,2:30pm,EUR,German ifo Business Climate,Medium,96.6,93.1,92.7
Fri Mar 26,6:00pm,USD,Core PCE Price Index m/m,Low,0.1%,0.1%,0.2%
Fri Mar 26,,USD,Goods Trade Balance,Low,-86.7B,-85.5B,-84.6B
Fri Mar 26,,USD,Personal Income m/m,Low,-7.1%,-7.3%,10.1%
Fri Mar 26,,USD,Personal Spending m/m,Low,-1.0%,-0.8%,3.4%
Fri Mar 26,,USD,Prelim Wholesale Inventories m/m,Low,0.5%,1.2%,1.3%
Fri Mar 26,7:30pm,USD,Revised UoM Consumer Sentiment,Low,84.9,83.6,83.0
Fri Mar 26,,USD,Revised UoM Inflation Expectations,Low,3.1%,,3.1%
Mon Mar 29,2:00pm,GBP,M4 Money Supply m/m,Low,0.8%,0.6%,0.7%
Mon Mar 29,,GBP,Mortgage Approvals,Low,88K,95K,97K
Mon Mar 29,2:02pm,GBP,Net Lending to Individuals m/m,Low,4.9B,3.6B,2.6B
Tue Mar 30,5:00am,JPY,Unemployment Rate,Low,2.9%,3.0%,2.9%
Tue Mar 30,5:20am,JPY,Retail Sales y/y,Low,-1.5%,-2.7%,-2.4%
Tue Mar 30,11:30am,EUR,German Import Prices m/m,Low,1.7%,1.2%,1.9%
Tue Mar 30,All Day,EUR,German Prelim CPI m/m,Low,0.5%,0.5%,0.7%
Tue Mar 30,,EUR,Spanish Flash CPI y/y,Low,1.3%,0.7%,0.0%
Tue Mar 30,2:48pm,EUR,Italian 10-y Bond Auction,Low,0.72|1.4,,0.65|1.4
Tue Mar 30,,USD,HPI m/m,Low,1.0%,1.2%,1.2%
Tue Mar 30,,USD,S&P/CS Composite-20 HPI y/y,Low,11.1%,11.4%,10.2%
Tue Mar 30,7:30pm,USD,CB Consumer Confidence,Medium,109.7,96.9,90.4
Wed Mar 31,4:31am,GBP,BRC Shop Price Index y/y,Low,-2.4%,,-2.4%
Wed Mar 31,5:20am,JPY,Prelim Industrial Production m/m,Low,-2.1%,-1.3%,4.3%
Wed Mar 31,10:29am,JPY,Housing Starts y/y,Low,-3.7%,-5.0%,-3.1%
Wed Mar 31,11:30am,GBP,Final GDP q/q,Medium,1.3%,1.0%,1.0%
Wed Mar 31,,GBP,Current Account,Low,-26.3B,-34.8B,-14.3B
Wed Mar 31,,GBP,Nationwide HPI m/m,Low,-0.2%,0.4%,0.7%
Wed Mar 31,,GBP,Revised Business Investment q/q,Low,5.9%,1.3%,1.3%
Wed Mar 31,12:15pm,EUR,French Consumer Spending m/m,Low,0.0%,1.2%,-4.9%
Wed Mar 31,,EUR,French Prelim CPI m/m,Low,0.6%,0.7%,0.0%
Wed Mar 31,1:25pm,EUR,German Unemployment Change,Low,-8K,-4K,9K
Wed Mar 31,2:30pm,EUR,Core CPI Flash Estimate y/y,Low,0.9%,1.1%,1.1%
Wed Mar 31,,EUR,CPI Flash Estimate y/y,Low,1.3%,1.4%,0.9%
Wed Mar 31,,EUR,Italian Prelim CPI m/m,Low,0.3%,0.1%,0.1%
Wed Mar 31,5:45pm,USD,ADP Non-Farm Employment Change,High,517K,552K,176K
Wed Mar 31,7:15pm,USD,Chicago PMI,Low,66.3,61.2,59.5
Wed Mar 31,7:30pm,USD,Pending Home Sales m/m,Medium,-10.6%,-3.1%,-2.4%
Wed Mar 31,8:00pm,USD,Crude Oil Inventories,Medium,-0.9M,-1.3M,1.9M
Thu Apr 1,5:20am,JPY,Tankan Manufacturing Index,Low,5,-1,-10
Thu Apr 1,,JPY,Tankan Non-Manufacturing Index,Low,-1,-4,-5
Thu Apr 1,,JPY,Final Manufacturing PMI,Low,52.7,52.1,52.0
Thu Apr 1,9:05am,JPY,10-y Bond Auction,Low,0.12|3.5,,0.13|3.1
Thu Apr 1,11:30am,EUR,German Retail Sales m/m,Low,1.2%,2.0%,-4.5%
Thu Apr 1,12:45pm,EUR,Spanish Manufacturing PMI,Low,56.9,56.0,52.9
Thu Apr 1,1:15pm,EUR,Italian Manufacturing PMI,Low,59.8,59.7,56.9
Thu Apr 1,1:20pm,EUR,French Final Manufacturing PMI,Low,59.3,58.8,58.8
Thu Apr 1,1:25pm,EUR,German Final Manufacturing PMI,Low,66.6,66.6,66.6
Thu Apr 1,1:30pm,EUR,Final Manufacturing PMI,Low,62.5,62.4,62.4
Thu Apr 1,2:00pm,GBP,Final Manufacturing PMI,Low,58.9,57.9,57.9
Thu Apr 1,5:00pm,USD,Challenger Job Cuts y/y,Low,-86.2%,,-39.1%
Thu Apr 1,,USD,Unemployment Claims,Low,719K,678K,658K
Thu Apr 1,7:15pm,USD,Final Manufacturing PMI,Low,59.1,59.2,59.0
Thu Apr 1,7:30pm,USD,ISM Manufacturing PMI,Medium,64.7,61.5,60.8
Thu Apr 1,,USD,Construction Spending m/m,Low,-0.8%,-0.9%,1.2%
Thu Apr 1,,USD,ISM Manufacturing Prices,Low,85.6,83.5,86.0
Thu Apr 1,All Day,USD,Wards Total Vehicle Sales,Low,17.7M,16.4M,15.7M
Thu Apr 1,8:00pm,USD,Natural Gas Storage,Low,14B,-20B,-36B
Fri Apr 2,5:20am,JPY,Monetary Base y/y,Low,20.8%,19.9%,19.6%
Fri Apr 2,12:15pm,EUR,French Gov Budget Balance,Low,-47.5B,,-21.9B
Fri Apr 2,6:00pm,USD,Average Hourly Earnings m/m,High,-0.1%,0.1%,0.3%
Fri Apr 2,,USD,Non-Farm Employment Change,High,916K,652K,468K
Fri Apr 2,,USD,Unemployment Rate,High,6.0%,6.0%,6.2%
Mon Apr 5,7:15pm,USD,Final Services PMI,Low,60.4,60.3,60.0
Mon Apr 5,7:30pm,USD,ISM Services PMI,Medium,63.7,58.3,55.3
Mon Apr 5,,USD,Factory Orders m/m,Low,-0.8%,-0.5%,2.7%
Tue Apr 6,5:00am,JPY,Average Cash Earnings y/y,Low,-0.2%,-0.5%,-0.8%
Tue Apr 6,,JPY,Household Spending y/y,Low,-6.6%,-5.0%,-6.1%
Tue Apr 6,9:05am,JPY,30-y Bond Auction,Low,0.69|3.1,,0.69|2.8
Tue Apr 6,12:30pm,EUR,Spanish Unemployment Change,Low,-59.1K,-45.0K,44.4K
Tue Apr 6,Jan Data,EUR,Italian Monthly Unemployment Rate,Low,10.3%,9.0%,9.8%
Tue Apr 6,1:30pm,EUR,Italian Monthly Unemployment Rate,Low,10.2%,8.9%,10.3%
Tue Apr 6,2:00pm,EUR,Sentix Investor Confidence,Low,13.1,6.8,5.0
Tue Apr 6,2:30pm,EUR,Unemployment Rate,Low,8.3%,8.1%,8.3%
Tue Apr 6,7:07pm,USD,RCM/TIPP Economic Optimism,Low,56.4,56.2,55.4
Tue Apr 6,7:30pm,USD,JOLTS Job Openings,Low,7.37M,6.91M,7.10M
Wed Apr 7,10:29am,JPY,Leading Indicators,Low,99.7%,99.7%,98.5%
Wed Apr 7,12:45pm,EUR,Spanish Services PMI,Low,48.1,45.6,43.1
Wed Apr 7,1:15pm,EUR,Italian Services PMI,Low,48.6,49.2,48.8
Wed Apr 7,1:20pm,EUR,French Final Services PMI,Low,48.2,47.8,47.8
Wed Apr 7,1:25pm,EUR,German Final Services PMI,Low,51.5,50.8,50.8
Wed Apr 7,1:30pm,EUR,Final Services PMI,Low,49.6,48.8,48.8
Wed Apr 7,2:00pm,GBP,Final Services PMI,Low,56.3,56.8,56.8
Wed Apr 7,,USD,Trade Balance,Low,-71.1B,-70.2B,-67.8B
Wed Apr 7,8:00pm,USD,Crude Oil Inventories,Medium,-3.5M,-2.0M,-0.9M
Thu Apr 8,12:30am,USD,Consumer Credit m/m,Low,27.6B,2.9B,0.1B
Thu Apr 8,4:31am,GBP,RICS House Price Balance,Low,59%,55%,54%
Thu Apr 8,5:20am,JPY,Current Account,Low,1.79T,1.02T,1.50T
Thu Apr 8,10:30am,JPY,Consumer Confidence,Low,36.1,35.6,33.8
Thu Apr 8,11:30am,EUR,German Factory Orders m/m,Low,1.2%,1.3%,0.8%
Thu Apr 8,11:32am,JPY,Economy Watchers Sentiment,Low,49.0,45.1,41.3
Thu Apr 8,12:15pm,EUR,French Trade Balance,Low,-5.2B,-3.8B,-4.2B
Thu Apr 8,2:00pm,GBP,Construction PMI,Low,61.7,55.0,53.3
Thu Apr 8,,GBP,Housing Equity Withdrawal q/q,Low,0.2B,-1.5B,-6.8B
Thu Apr 8,2:22pm,EUR,Spanish 10-y Bond Auction,Low,-0.04|1.8,,0.35|1.6
Thu Apr 8,2:30pm,EUR,PPI m/m,Low,0.5%,0.6%,1.7%
Thu Apr 8,2:33pm,EUR,French 10-y Bond Auction,Low,0.00|1.7,,-0.07|2.0
Thu Apr 8,2:37pm,GBP,10-y Bond Auction,Low,0.89|3.0,,0.87|2.7
Thu Apr 8,6:00pm,USD,Unemployment Claims,Medium,744K,682K,728K
Thu Apr 8,8:00pm,USD,Natural Gas Storage,Low,20B,22B,14B
Fri Apr 9,11:30am,EUR,German Industrial Production m/m,Low,-1.6%,1.6%,-2.0%
Fri Apr 9,,EUR,German Trade Balance,Low,19.1B,23.4B,21.3B
Fri Apr 9,12:15pm,EUR,French Industrial Production m/m,Low,-4.7%,0.5%,3.2%
Fri Apr 9,1:00pm,GBP,Halifax HPI m/m,Low,1.1%,0.3%,0.0%
Fri Apr 9,1:30pm,EUR,Italian Retail Sales m/m,Low,6.6%,2.0%,-2.7%
Fri Apr 9,6:26pm,USD,Core PPI m/m,Low,0.7%,0.2%,0.2%
Fri Apr 9,,USD,PPI m/m,Low,1.0%,0.5%,0.5%
Fri Apr 9,7:30pm,USD,Final Wholesale Inventories m/m,Low,0.6%,0.5%,0.5%
Mon Apr 12,5:20am,JPY,Bank Lending y/y,Low,6.3%,6.3%,6.2%
Mon Apr 12,,JPY,PPI y/y,Low,1.0%,0.5%,-0.6%
Mon Apr 12,11:29am,JPY,Prelim Machine Tool Orders y/y,Low,65.0%,,36.7%
Mon Apr 12,2:30pm,EUR,Retail Sales m/m,Low,3.0%,1.3%,-5.2%
Mon Apr 12,10:31pm,USD,10-y Bond Auction,Medium,1.68|2.4,,1.52|2.4
Mon Apr 12,11:30pm,USD,Federal Budget Balance,Low,-659.6B,-665.5B,-310.9B
Tue Apr 13,4:31am,GBP,BRC Retail Sales Monitor y/y,Low,20.3%,11.9%,9.5%
Tue Apr 13,5:20am,JPY,M2 Money Stock y/y,Low,9.5%,9.6%,9.6%
Tue Apr 13,11:30am,EUR,German WPI m/m,Low,1.7%,0.6%,1.4%
Tue Apr 13,,GBP,Construction Output m/m,Low,1.6%,0.5%,0.0%
Tue Apr 13,,GBP,GDP m/m,Low,0.4%,0.5%,-2.2%
Tue Apr 13,,GBP,Goods Trade Balance,Low,-16.4B,-10.4B,-12.6B
Tue Apr 13,,GBP,Index of Services 3m/3m,Low,-1.9%,-2.3%,-1.9%
Tue Apr 13,,GBP,Industrial Production m/m,Low,1.0%,0.5%,-1.8%
Tue Apr 13,,GBP,Manufacturing Production m/m,Low,1.3%,0.5%,-2.3%
Tue Apr 13,1:30pm,EUR,Italian Industrial Production m/m,Low,0.2%,0.7%,1.1%
Tue Apr 13,2:30pm,EUR,ZEW Economic Sentiment,Low,66.3,77.2,74.0
Tue Apr 13,,EUR,German ZEW Economic Sentiment,Low,70.7,79.1,76.6
Tue Apr 13,3:30pm,USD,NFIB Small Business Index,Low,98.2,98.2,95.8
Tue Apr 13,5:58pm,GBP,NIESR GDP Estimate,Low,-1.5%,,-1.6%
Tue Apr 13,6:00pm,USD,Core CPI m/m,High,0.3%,0.2%,0.1%
Tue Apr 13,,USD,CPI m/m,High,0.6%,0.5%,0.4%
Tue Apr 13,,USD,CPI y/y,High,2.6%,2.5%,1.7%
Tue Apr 13,10:31pm,USD,30-y Bond Auction,Medium,2.32|2.5,,2.30|2.3
Wed Apr 14,5:20am,JPY,Core Machinery Orders m/m,Low,-8.5%,2.4%,-4.5%
Wed Apr 14,2:30pm,EUR,Industrial Production m/m,Low,-1.0%,-1.2%,0.8%
Wed Apr 14,3:04pm,EUR,German 30-y Bond Auction,Low,0.22|1.3,,0.21|1.2
Wed Apr 14,6:00pm,USD,Import Prices m/m,Low,1.2%,1.0%,1.3%
Wed Apr 14,,USD,Crude Oil Inventories,Medium,-5.9M,-2.4M,-3.5M
Thu Apr 15,11:30am,EUR,German Final CPI m/m,Low,0.5%,0.5%,0.5%
Thu Apr 15,12:15pm,EUR,French Final CPI m/m,Low,0.6%,0.6%,0.6%
Thu Apr 15,,USD,Core Retail Sales m/m,High,8.4%,5.1%,-2.5%
Thu Apr 15,,USD,Retail Sales m/m,High,9.8%,5.8%,-2.7%
Thu Apr 15,,USD,Philly Fed Manufacturing Index,Medium,50.2,41.0,51.8
Thu Apr 15,,USD,Unemployment Claims,Medium,576K,703K,769K
Thu Apr 15,,USD,Empire State Manufacturing Index,Low,26.3,19.3,17.4
Thu Apr 15,6:45pm,USD,Capacity Utilization Rate,Low,74.4%,75.6%,73.8%
Thu Apr 15,,USD,Industrial Production m/m,Low,1.4%,2.7%,-2.2%
Thu Apr 15,7:00pm,GBP,CB Leading Index m/m,Low,-0.4%,,-0.5%
Thu Apr 15,,USD,Business Inventories m/m,Low,0.5%,0.5%,0.4%
Thu Apr 15,,USD,NAHB Housing Market Index,Low,83,84,82
Thu Apr 15,8:00pm,USD,Natural Gas Storage,Low,61B,67B,20B
Fri Apr 16,1:30am,USD,TIC Long-Term Purchases,Low,4.2B,120.5B,91.0B
Fri Apr 16,1:35pm,EUR,Italian Trade Balance,Low,4.75B,4.95B,1.58B
Fri Apr 16,2:30pm,EUR,Final Core CPI y/y,Low,0.9%,0.9%,0.9%
Fri Apr 16,,EUR,Final CPI y/y,Low,1.3%,1.3%,1.3%
Fri Apr 16,,EUR,Trade Balance,Low,18.4B,21.9B,28.7B
Fri Apr 16,,USD,Building Permits,Low,1.77M,1.75M,1.72M
Fri Apr 16,,USD,Housing Starts,Low,1.74M,1.60M,1.46M
Fri Apr 16,7:30pm,USD,Prelim UoM Consumer Sentiment,Medium,86.5,88.9,84.9
Fri Apr 16,,USD,Prelim UoM Inflation Expectations,Low,3.7%,,3.1%
Mon Apr 19,4:31am,GBP,Rightmove HPI m/m,Low,2.1%,,0.8%
Mon Apr 19,5:20am,JPY,Trade Balance,Low,0.30T,0.20T,-0.01T
Mon Apr 19,10:00am,JPY,Revised Industrial Production m/m,Low,-1.3%,-2.1%,-2.1%
Mon Apr 19,1:30pm,EUR,Current Account,Low,25.9B,31.2B,34.7B
Tue Apr 20,10:00am,JPY,Tertiary Industry Activity m/m,Low,0.3%,0.6%,-1.0%
Tue Apr 20,11:30am,EUR,German PPI m/m,Low,0.9%,0.6%,0.7%
Tue Apr 20,,GBP,Unemployment Rate,Low,4.9%,5.0%,5.0%
Tue Apr 20,11:32am,GBP,Claimant Count Change,Medium,10.1K,24.5K,67.3K
Tue Apr 20,,GBP,Average Earnings Index 3m/y,Low,4.5%,4.7%,4.8%
Wed Apr 21,11:30am,GBP,CPI y/y,Medium,0.7%,0.8%,0.4%
Wed Apr 21,,GBP,PPI Input m/m,Low,1.3%,0.5%,0.9%
Wed Apr 21,,GBP,PPI Output m/m,Low,0.5%,0.3%,0.7%
Wed Apr 21,11:32am,GBP,Core CPI y/y,Low,1.1%,1.1%,0.9%
Wed Apr 21,,GBP,RPI y/y,Low,1.5%,1.6%,1.4%
Wed Apr 21,2:00pm,GBP,HPI y/y,Low,8.6%,8.0%,8.0%
Wed Apr 21,3:03pm,EUR,German 10-y Bond Auction,Low,-0.25|1.7,,-0.36|1.5
Wed Apr 21,8:00pm,USD,Crude Oil Inventories,Medium,0.6M,-3.7M,-5.9M
Thu Apr 22,2:12pm,EUR,Spanish 10-y Bond Auction,Low,0.37|1.9,,-0.04|1.8
Thu Apr 22,3:30pm,GBP,CBI Industrial Order Expectations,Low,-8,2,-5
Thu Apr 22,,EUR,Main Refinancing Rate,Medium,0.00%,0.00%,0.00%
Thu Apr 22,,USD,Unemployment Claims,Medium,547K,607K,586K
Thu Apr 22,7:00pm,EUR,Consumer Confidence,Low,-8,-11,-11
Thu Apr 22,7:30pm,USD,CB Leading Index m/m,Low,1.3%,1.0%,-0.1%
Thu Apr 22,,USD,Existing Home Sales,Low,6.01M,6.18M,6.24M
Thu Apr 22,8:00pm,USD,Natural Gas Storage,Low,38B,47B,61B
Fri Apr 23,4:31am,GBP,GfK Consumer Confidence,Low,-15,-12,-16
Fri Apr 23,5:00am,JPY,National Core CPI y/y,Low,-0.1%,-0.2%,-0.4%
Fri Apr 23,6:00am,JPY,Flash Manufacturing PMI,Low,53.3,53.1,52.7
Fri Apr 23,11:30am,GBP,Retail Sales m/m,Medium,5.4%,1.5%,2.2%
Fri Apr 23,,GBP,Public Sector Net Borrowing,Low,27.3B,21.2B,15.3B
Fri Apr 23,12:45pm,EUR,French Flash Services PMI,High,50.4,46.6,48.2
Fri Apr 23,,EUR,French Flash Manufacturing PMI,Medium,59.2,59.0,59.3
Fri Apr 23,1:00pm,EUR,German Flash Manufacturing PMI,High,66.4,65.8,66.6
Fri Apr 23,,EUR,German Flash Services PMI,High,50.1,51.1,51.5
Fri Apr 23,1:30pm,EUR,Flash Manufacturing PMI,Medium,63.3,62.0,62.5
Fri Apr 23,,EUR,Flash Services PMI,Medium,50.3,49.1,49.6
Fri Apr 23,2:00pm,GBP,Flash Manufacturing PMI,Medium,60.7,59.0,58.9
Fri Apr 23,,GBP,Flash Services PMI,Medium,60.1,58.9,56.3
Fri Apr 23,7:15pm,USD,Flash Manufacturing PMI,Medium,60.6,60.9,59.1
Fri Apr 23,,USD,Flash Services PMI,Low,63.1,61.6,60.4
Fri Apr 23,7:30pm,USD,New Home Sales,Low,1021K,885K,846K
Mon Apr 26,5:20am,JPY,SPPI y/y,Low,0.7%,0.0%,0.0%
Mon Apr 26,1:30pm,EUR,German ifo Business Climate,Medium,96.8,97.8,96.6
Mon Apr 26,6:00pm,USD,Core Durable Goods Orders m/m,Low,1.6%,1.6%,-0.3%
Mon Apr 26,,USD,Durable Goods Orders m/m,Low,0.5%,2.5%,-1.2%
Mon Apr 26,6:28pm,EUR,Belgian NBB Business Climate,Low,4.4,1.7,-1.0
Tue Apr 27,,JPY,BOJ Policy Rate,Low,-0.10%,-0.10%,-0.10%
Tue Apr 27,10:29am,JPY,BOJ Core CPI y/y,Low,0.0%,-0.2%,-0.2%
Tue Apr 27,3:30pm,GBP,CBI Realized Sales,Low,20,9,-45
Tue Apr 27,6:30pm,USD,HPI m/m,Low,0.9%,1.0%,1.0%
Tue Apr 27,,USD,S&P/CS Composite-20 HPI y/y,Low,11.9%,11.8%,11.1%
Tue Apr 27,7:29pm,USD,Richmond Manufacturing Index,Low,17,22,17
Tue Apr 27,7:30pm,USD,CB Consumer Confidence,Medium,121.7,113.1,109.0
Wed Apr 28,4:31am,GBP,BRC Shop Price Index y/y,Low,-1.3%,,-2.4%
Wed Apr 28,5:20am,JPY,Retail Sales y/y,Low,5.2%,4.6%,-1.5%
Wed Apr 28,10:30am,JPY,Housing Starts y/y,Low,1.5%,-7.2%,-3.7%
Wed Apr 28,11:30am,EUR,German GfK Consumer Climate,Low,-8.8,-4.1,-6.1
Wed Apr 28,,USD,Goods Trade Balance,Low,-90.6B,-88.2B,-87.1B
Wed Apr 28,,USD,Prelim Wholesale Inventories m/m,Low,1.4%,0.5%,0.6%
Wed Apr 28,8:00pm,USD,Crude Oil Inventories,Medium,0.1M,-0.9M,0.6M
Wed Apr 28,,USD,Federal Funds Rate,Medium,<0.25%,<0.25%,<0.25%
Thu Apr 29,11:30am,EUR,German Import Prices m/m,Low,1.8%,0.9%,1.7%
Thu Apr 29,All Day,EUR,German Prelim CPI m/m,Low,0.7%,0.5%,0.5%
Thu Apr 29,12:30pm,EUR,Spanish Flash CPI y/y,Low,2.2%,1.9%,1.3%
Thu Apr 29,,EUR,Spanish Unemployment Rate,Low,16.0%,16.5%,16.1%
Thu Apr 29,1:25pm,EUR,German Unemployment Change,Low,9K,-10K,-6K
Thu Apr 29,1:30pm,EUR,M3 Money Supply y/y,Low,10.1%,10.2%,12.2%
Thu Apr 29,,EUR,Private Loans y/y,Low,3.3%,3.2%,3.0%
Thu Apr 29,2:46pm,EUR,Italian 10-y Bond Auction,Low,0.88|1.4,,0.72|1.4
Thu Apr 29,6:00pm,USD,Advance GDP q/q,High,6.4%,6.8%,4.3%
Thu Apr 29,,USD,Advance GDP Price Index q/q,Medium,4.1%,2.6%,2.0%
Thu Apr 29,,USD,Unemployment Claims,Medium,553K,545K,566K
Thu Apr 29,7:30pm,USD,Pending Home Sales m/m,Medium,1.9%,4.2%,-11.5%
Thu Apr 29,8:00pm,USD,Natural Gas Storage,Low,15B,8B,38B
Fri Apr 30,5:00am,JPY,Tokyo Core CPI y/y,Low,-0.2%,0.0%,-0.1%
Fri Apr 30,,JPY,Unemployment Rate,Low,2.6%,2.9%,2.9%
Fri Apr 30,5:20am,JPY,Prelim Industrial Production m/m,Low,2.2%,-2.0%,-1.3%
Fri Apr 30,6:00am,JPY,Final Manufacturing PMI,Low,53.6,51.6,52.7
Fri Apr 30,10:29am,JPY,Consumer Confidence,Low,34.7,34.3,36.1
Fri Apr 30,11:00am,EUR,French Consumer Spending m/m,Low,-1.1%,0.5%,0.3%
Fri Apr 30,,EUR,French Flash GDP q/q,Low,0.4%,0.0%,-1.4%
Fri Apr 30,11:28am,GBP,Nationwide HPI m/m,Low,2.1%,0.5%,-0.3%
Fri Apr 30,12:15pm,EUR,French Prelim CPI m/m,Low,0.2%,0.2%,0.6%
Fri Apr 30,,EUR,Spanish Flash GDP q/q,Low,-0.5%,-0.5%,0.0%
Fri Apr 30,,EUR,Italian Monthly Unemployment Rate,Low,10.1%,10.3%,10.2%
Fri Apr 30,,EUR,German Prelim GDP q/q,Medium,-1.7%,-1.5%,0.3%
Fri Apr 30,,EUR,Italian Prelim GDP q/q,Low,-0.4%,-0.5%,-1.9%
Fri Apr 30,2:30pm,EUR,Core CPI Flash Estimate y/y,Low,0.8%,0.8%,0.9%
Fri Apr 30,,EUR,CPI Flash Estimate y/y,Low,1.6%,1.6%,1.3%
Fri Apr 30,,EUR,Italian Prelim CPI m/m,Low,0.4%,0.3%,0.3%
Fri Apr 30,,EUR,Prelim Flash GDP q/q,Low,-0.6%,-0.8%,-0.7%
Fri Apr 30,,EUR,Unemployment Rate,Low,8.1%,8.3%,8.2%
Fri Apr 30,,USD,Core PCE Price Index m/m,Low,0.4%,0.3%,0.1%
Fri Apr 30,,USD,Employment Cost Index q/q,Low,0.9%,0.7%,0.7%
Fri Apr 30,,USD,Personal Income m/m,Low,21.1%,20.1%,-7.0%
Fri Apr 30,,USD,Personal Spending m/m,Low,4.2%,4.3%,-1.0%
Fri Apr 30,7:15pm,USD,Chicago PMI,Low,72.1,65.4,66.3
Fri Apr 30,7:30pm,USD,Revised UoM Consumer Sentiment,Low,88.3,87.3,86.5
Fri Apr 30,,USD,Revised UoM Inflation Expectations,Low,3.4%,,3.7%
Mon May 3,11:30am,EUR,German Retail Sales m/m,Low,7.7%,2.9%,2.7%
Mon May 3,12:45pm,EUR,Spanish Manufacturing PMI,Low,57.7,59.1,56.9
Mon May 3,1:15pm,EUR,Italian Manufacturing PMI,Low,60.7,60.9,59.8
Mon May 3,1:20pm,EUR,French Final Manufacturing PMI,Low,58.9,59.2,59.2
Mon May 3,1:25pm,EUR,German Final Manufacturing PMI,Low,66.2,66.4,66.4
Mon May 3,1:30pm,EUR,Final Manufacturing PMI,Low,62.9,63.3,63.3
Mon May 3,7:15pm,USD,Final Manufacturing PMI,Low,60.5,60.7,60.6
Mon May 3,7:30pm,USD,ISM Manufacturing PMI,Medium,60.7,65.0,64.7
Mon May 3,,USD,Construction Spending m/m,Low,0.2%,1.7%,-0.6%
Mon May 3,,USD,ISM Manufacturing Prices,Low,89.6,86.0,85.6
Mon May 3,All Day,USD,Wards Total Vehicle Sales,Low,18.5M,17.5M,17.7M
Tue May 4,12:15pm,EUR,French Gov Budget Balance,Low,-60.1B,,-47.5B
Tue May 4,2:00pm,GBP,Final Manufacturing PMI,Low,60.9,60.7,60.7
Tue May 4,,GBP,M4 Money Supply m/m,Low,0.6%,0.7%,0.8%
Tue May 4,,GBP,Mortgage Approvals,Low,83K,86K,87K
Tue May 4,,GBP,Net Lending to Individuals m/m,Low,11.3B,5.0B,5.3B
Tue May 4,,USD,Trade Balance,Low,-74.4B,-74.5B,-70.5B
Tue May 4,7:22pm,USD,RCM/TIPP Economic Optimism,Low,54.4,56.1,56.4
Tue May 4,7:30pm,USD,Factory Orders m/m,Low,1.1%,1.3%,-0.5%
Wed May 5,12:30pm,EUR,Spanish Unemployment Change,Low,-39.0K,-70.0K,-59.1K
Wed May 5,12:45pm,EUR,Spanish Services PMI,Low,54.6,50.0,48.1
Wed May 5,1:15pm,EUR,Italian Services PMI,Low,47.3,50.0,48.6
Wed May 5,1:20pm,EUR,French Final Services PMI,Low,50.3,50.4,50.4
Wed May 5,1:25pm,EUR,German Final Services PMI,Low,49.9,50.1,50.1
Wed May 5,1:30pm,EUR,Final Services PMI,Low,50.5,50.3,50.3
Wed May 5,2:30pm,EUR,PPI m/m,Low,1.1%,1.1%,0.5%
Wed May 5,2:35pm,GBP,10-y Bond Auction,Low,0.92|2.7,,0.89|3.0
Wed May 5,5:45pm,USD,ADP Non-Farm Employment Change,Medium,742K,872K,565K
Wed May 5,7:15pm,USD,Final Services PMI,Low,64.7,63.1,63.1
Wed May 5,7:30pm,USD,ISM Services PMI,Medium,62.7,64.2,63.7
Wed May 5,8:00pm,USD,Crude Oil Inventories,Medium,-8.0M,-1.9M,0.1M
Thu May 6,11:30am,EUR,German Factory Orders m/m,Low,3.0%,1.5%,1.4%
Thu May 6,2:00pm,GBP,Final Services PMI,Medium,61.0,60.2,60.1
Thu May 6,2:16pm,EUR,Spanish 10-y Bond Auction,Low,0.43|1.6,,0.37|1.9
Thu May 6,2:29pm,EUR,French 10-y Bond Auction,Low,0.13|1.7,,0.00|1.7
Thu May 6,,EUR,Retail Sales m/m,Low,2.7%,1.5%,4.2%
Thu May 6,4:30pm,GBP,Asset Purchase Facility,High,875B,875B,875B
Thu May 6,,GBP,MPC Asset Purchase Facility Votes,High,0-1-8,0-0-9,0-0-9
Thu May 6,,GBP,MPC Official Bank Rate Votes,Medium,0-0-9,0-0-9,0-0-9
Thu May 6,,GBP,Official Bank Rate,Medium,0.10%,0.10%,0.10%
Thu May 6,5:00pm,USD,Challenger Job Cuts y/y,Low,-96.6%,,-86.2%
Thu May 6,6:00pm,USD,Unemployment Claims,Medium,498K,540K,590K
Thu May 6,,USD,Prelim Nonfarm Productivity q/q,Low,5.4%,4.3%,-4.2%
Thu May 6,,USD,Prelim Unit Labor Costs q/q,Low,-0.3%,-1.1%,6.0%
Thu May 6,8:00pm,USD,Natural Gas Storage,Low,60B,68B,15B
Fri May 7,5:00am,JPY,Average Cash Earnings y/y,Low,0.2%,-0.2%,-0.4%
Fri May 7,5:20am,JPY,Monetary Base y/y,Low,24.3%,21.4%,20.8%
Fri May 7,11:30am,EUR,German Industrial Production m/m,Low,2.5%,2.1%,-1.9%
Fri May 7,,EUR,German Trade Balance,Low,14.3B,22.3B,18.9B
Fri May 7,12:15pm,EUR,French Industrial Production m/m,Low,0.8%,2.1%,-4.8%
Fri May 7,,EUR,French Prelim Private Payrolls q/q,Low,0.3%,-0.2%,-0.1%
Fri May 7,,EUR,French Trade Balance,Low,-6.1B,-5.4B,-5.1B
Fri May 7,1:30pm,EUR,Italian Retail Sales m/m,Low,-0.1%,-0.6%,5.9%
Fri May 7,2:00pm,GBP,Construction PMI,Low,61.6,62.0,61.7
Fri May 7,,USD,Average Hourly Earnings m/m,High,0.7%,0.0%,-0.1%
Fri May 7,,USD,Non-Farm Employment Change,High,266K,990K,770K
Fri May 7,,USD,Unemployment Rate,High,6.1%,5.8%,6.0%
Fri May 7,,USD,Final Wholesale Inventories m/m,Low,1.3%,1.4%,1.4%
Fri May 7,,USD,Mortgage Delinquencies,Low,6.38%,,6.73%
Sat May 8,12:30am,USD,Consumer Credit m/m,Low,25.8B,19.5B,26.1B
Mon May 10,1:00pm,GBP,Halifax HPI m/m,Low,1.4%,0.3%,1.1%
Mon May 10,2:00pm,EUR,Sentix Investor Confidence,Low,21.0,14.9,13.1
Tue May 11,4:31am,GBP,BRC Retail Sales Monitor y/y,Low,39.6%,9.3%,20.3%
Tue May 11,5:00am,JPY,Household Spending y/y,Low,6.2%,1.4%,-6.6%
Tue May 11,9:05am,JPY,10-y Bond Auction,Low,0.07|3.0,,0.12|3.5
Tue May 11,11:30am,EUR,German WPI m/m,Low,1.1%,1.8%,1.7%
Tue May 11,1:30pm,EUR,Italian Industrial Production m/m,Low,-0.1%,0.5%,0.1%
Tue May 11,2:30pm,EUR,ZEW Economic Sentiment,Low,84.0,68.0,66.3
Tue May 11,,EUR,German ZEW Economic Sentiment,Low,84.4,72.0,70.7
Tue May 11,3:30pm,USD,NFIB Small Business Index,Low,99.8,100.7,98.2
Tue May 11,7:30pm,USD,JOLTS Job Openings,Low,8.12M,7.50M,7.53M
Wed May 12,10:30am,JPY,Leading Indicators,Low,103.2%,102.8%,98.7%
Wed May 12,11:30am,EUR,German Final CPI m/m,Low,0.7%,0.7%,0.7%
Wed May 12,,GBP,Prelim GDP q/q,Medium,-1.5%,-1.6%,1.3%
Wed May 12,,GBP,Construction Output m/m,Low,5.8%,1.1%,2.3%
Wed May 12,,GBP,GDP m/m,Low,2.1%,1.5%,0.7%
Wed May 12,,GBP,Goods Trade Balance,Low,-11.7B,-14.2B,-10.5B
Wed May 12,,GBP,Index of Services 3m/3m,Low,-2.0%,-1.7%,-2.1%
Wed May 12,,GBP,Industrial Production m/m,Low,1.8%,1.0%,1.0%
Wed May 12,,GBP,Manufacturing Production m/m,Low,2.1%,1.0%,1.5%
Wed May 12,,GBP,Prelim Business Investment q/q,Low,-11.9%,-2.5%,5.9%
Wed May 12,12:15pm,EUR,French Final CPI m/m,Low,0.1%,0.2%,0.2%
Wed May 12,,EUR,Industrial Production m/m,Low,0.1%,0.8%,-1.2%
Wed May 12,6:00pm,USD,Core CPI m/m,High,0.9%,0.3%,0.3%
Wed May 12,,USD,CPI m/m,High,0.8%,0.2%,0.6%
Wed May 12,,USD,CPI y/y,High,4.2%,3.6%,2.6%
Wed May 12,6:16pm,GBP,NIESR GDP Estimate,Low,1.3%,,-1.5%
Wed May 12,8:00pm,USD,Crude Oil Inventories,Medium,-0.4M,-2.1M,-8.0M
Wed May 12,10:33pm,USD,10-y Bond Auction,Medium,1.68|2.5,,1.68|2.4
Wed May 12,11:30pm,USD,Federal Budget Balance,Low,-225.6B,-212.5B,-659.6B
Thu May 13,4:31am,GBP,RICS House Price Balance,Low,75%,62%,62%
Thu May 13,5:20am,JPY,Bank Lending y/y,Low,4.8%,6.3%,6.2%
Thu May 13,,JPY,Current Account,Low,1.70T,1.87T,1.84T
Thu May 13,9:05am,JPY,30-y Bond Auction,Low,0.65|3.1,,0.69|3.1
Thu May 13,10:30am,JPY,Economy Watchers Sentiment,Low,39.1,47.1,49.0
Thu May 13,6:00pm,USD,Unemployment Claims,Medium,473K,487K,507K
Thu May 13,,USD,Core PPI m/m,Low,0.7%,0.4%,0.7%
Thu May 13,,USD,PPI m/m,Low,0.6%,0.3%,1.0%
Thu May 13,8:00pm,USD,Natural Gas Storage,Low,71B,74B,60B
Thu May 13,10:31pm,USD,30-y Bond Auction,Medium,2.40|2.2,,2.32|2.5
Fri May 14,5:20am,JPY,M2 Money Stock y/y,Low,9.2%,9.4%,9.4%
Fri May 14,,USD,Retail Sales m/m,High,0.0%,1.0%,10.7%
Fri May 14,,USD,Import Prices m/m,Low,0.7%,0.6%,1.4%
Fri May 14,6:02pm,USD,Core Retail Sales m/m,High,-0.8%,0.5%,9.0%
Fri May 14,6:45pm,USD,Industrial Production m/m,Medium,0.7%,0.9%,2.4%
Fri May 14,,USD,Capacity Utilization Rate,Low,74.9%,75.0%,74.4%
Fri May 14,7:00pm,GBP,CB Leading Index m/m,Low,0.1%,,-0.4%
Fri May 14,7:30pm,USD,Prelim UoM Consumer Sentiment,Medium,82.8,90.2,88.3
Fri May 14,,USD,Business Inventories m/m,Low,0.3%,0.3%,0.6%
Fri May 14,,USD,Prelim UoM Inflation Expectations,Low,4.6%,,3.4%
Mon May 17,4:31am,GBP,Rightmove HPI m/m,Low,1.8%,,2.1%
Mon May 17,5:20am,JPY,PPI y/y,Low,3.6%,3.1%,1.2%
Mon May 17,11:30am,JPY,Prelim Machine Tool Orders y/y,Low,120.8%,,65.1%
Mon May 17,,USD,Empire State Manufacturing Index,Low,24.3,23.9,26.3
Mon May 17,7:30pm,USD,NAHB Housing Market Index,Low,83,83,83
Tue May 18,1:30am,USD,TIC Long-Term Purchases,Low,262.2B,67.0B,4.3B
Tue May 18,5:20am,JPY,Prelim GDP Price Index y/y,Low,-0.2%,-0.1%,0.3%
Tue May 18,,JPY,Prelim GDP q/q,Low,-1.3%,-1.1%,2.8%
Tue May 18,10:00am,JPY,Tertiary Industry Activity m/m,Low,1.1%,0.8%,-0.3%
Tue May 18,11:30am,GBP,Average Earnings Index 3m/y,Low,4.0%,4.5%,4.5%
Tue May 18,,GBP,Claimant Count Change,Low,-15.1K,25.6K,-19.4K
Tue May 18,,GBP,Unemployment Rate,Low,4.8%,4.9%,4.9%
Tue May 18,1:30pm,EUR,Italian Trade Balance,Low,5.19B,4.40B,4.75B
Tue May 18,2:30pm,EUR,Flash Employment Change q/q,Low,-0.3%,0.1%,0.4%
Tue May 18,,EUR,Flash GDP q/q,Low,-0.6%,-0.6%,-0.6%
Tue May 18,,EUR,Trade Balance,Low,13.0B,20.3B,23.1B
Tue May 18,6:00pm,USD,Building Permits,Low,1.76M,1.77M,1.76M
Tue May 18,,USD,Housing Starts,Low,1.57M,1.71M,1.73M
Wed May 19,10:00am,JPY,Revised Industrial Production m/m,Low,1.7%,2.2%,2.2%
Wed May 19,11:30am,GBP,CPI y/y,Medium,1.5%,1.5%,0.7%
Wed May 19,,GBP,Core CPI y/y,Low,1.3%,1.3%,1.1%
Wed May 19,,GBP,PPI Input m/m,Low,1.2%,1.0%,1.9%
Wed May 19,,GBP,PPI Output m/m,Low,0.4%,0.4%,0.8%
Wed May 19,,GBP,RPI y/y,Low,2.9%,2.4%,1.5%
Wed May 19,2:00pm,GBP,HPI y/y,Low,10.2%,7.6%,9.2%
Wed May 19,2:30pm,EUR,Final Core CPI y/y,Low,0.7%,0.8%,0.8%
Wed May 19,,EUR,Final CPI y/y,Low,1.6%,1.6%,1.6%
Wed May 19,3:05pm,EUR,German 10-y Bond Auction,Low,-0.09|1.3,,-0.25|1.7
Wed May 19,8:00pm,USD,Crude Oil Inventories,Medium,1.3M,1.5M,-0.4M
Thu May 20,5:20am,JPY,Core Machinery Orders m/m,Low,3.7%,5.1%,-8.5%
Thu May 20,,JPY,Trade Balance,Low,0.07T,0.07T,0.37T
Thu May 20,11:30am,EUR,German PPI m/m,Low,0.8%,0.8%,0.9%
Thu May 20,1:30pm,EUR,Current Account,Low,17.8B,24.3B,25.9B
Thu May 20,2:15pm,EUR,Spanish 10-y Bond Auction,Low,0.60|1.8,,0.43|1.6
Thu May 20,3:30pm,GBP,CBI Industrial Order Expectations,Low,17,0,-8
Thu May 20,,USD,Philly Fed Manufacturing Index,Medium,31.5,40.8,50.2
Thu May 20,,USD,Unemployment Claims,Medium,444K,453K,478K
Thu May 20,,USD,CB Leading Index m/m,Low,1.6%,1.3%,1.3%
Thu May 20,8:00pm,USD,Natural Gas Storage,Low,71B,60B,71B
Fri May 21,4:31am,GBP,GfK Consumer Confidence,Low,-9,-12,-15
Fri May 21,5:00am,JPY,National Core CPI y/y,Low,-0.1%,-0.2%,-0.1%
Fri May 21,6:00am,JPY,Flash Manufacturing PMI,Low,52.5,53.0,53.6
Fri May 21,11:30am,GBP,Retail Sales m/m,Medium,9.2%,4.5%,5.1%
Fri May 21,12:45pm,EUR,French Flash Manufacturing PMI,Medium,59.2,58.6,58.9
Fri May 21,,EUR,French Flash Services PMI,Medium,56.6,53.0,50.3
Fri May 21,1:00pm,EUR,German Flash Manufacturing PMI,High,64.0,66.0,66.2
Fri May 21,,EUR,German Flash Services PMI,High,52.8,52.0,49.9
Fri May 21,1:30pm,EUR,Flash Manufacturing PMI,Medium,62.8,62.5,62.9
Fri May 21,,EUR,Flash Services PMI,Medium,55.1,52.5,50.5
Fri May 21,2:00pm,GBP,Flash Manufacturing PMI,Medium,66.1,60.7,60.9
Fri May 21,,GBP,Flash Services PMI,Medium,61.8,62.2,61.0
Fri May 21,7:02pm,EUR,Consumer Confidence,Low,-5,-7,-8
Fri May 21,,USD,Flash Manufacturing PMI,Medium,61.5,60.0,60.5
Fri May 21,,USD,Flash Services PMI,Low,70.1,64.3,64.7
Fri May 21,7:30pm,USD,Existing Home Sales,Low,5.85M,6.09M,6.01M
Tue May 25,10:30am,JPY,BOJ Core CPI y/y,Low,-0.1%,-0.1%,0.0%
Tue May 25,11:30am,EUR,German Final GDP q/q,Low,-1.8%,-1.7%,-1.7%
Tue May 25,,GBP,Public Sector Net Borrowing,Low,31.0B,32.9B,25.5B
Tue May 25,1:30pm,EUR,German ifo Business Climate,Medium,99.2,98.2,96.6
Tue May 25,3:30pm,GBP,CBI Realized Sales,Low,18,24,20
Tue May 25,6:30pm,EUR,Belgian NBB Business Climate,Low,6.5,5.6,4.4
Tue May 25,,USD,HPI m/m,Low,1.4%,1.1%,1.1%
Tue May 25,,USD,S&P/CS Composite-20 HPI y/y,Low,13.3%,12.6%,12.0%
Tue May 25,7:29pm,USD,Richmond Manufacturing Index,Low,18,19,17
Tue May 25,7:30pm,USD,CB Consumer Confidence,Medium,117.2,119.0,117.5
Tue May 25,,USD,New Home Sales,Low,863K,950K,917K
Wed May 26,5:20am,JPY,SPPI y/y,Low,1.0%,0.9%,0.7%
Wed May 26,8:00pm,USD,Crude Oil Inventories,Medium,-1.7M,-1.0M,1.3M
Thu May 27,,EUR,German GfK Consumer Climate,Low,-7.0,-5.3,-8.6
Thu May 27,6:00pm,USD,Prelim GDP q/q,High,6.4%,6.5%,6.4%
Thu May 27,,USD,Unemployment Claims,Medium,406K,427K,444K
Thu May 27,,USD,Core Durable Goods Orders m/m,Low,1.0%,0.8%,1.9%
Thu May 27,,USD,Durable Goods Orders m/m,Low,-1.3%,0.8%,0.8%
Thu May 27,,USD,Prelim GDP Price Index q/q,Low,4.3%,4.1%,4.1%
Thu May 27,7:30pm,USD,Pending Home Sales m/m,Medium,-4.4%,0.6%,1.7%
Thu May 27,8:00pm,USD,Natural Gas Storage,Low,115B,105B,71B
Fri May 28,5:00am,JPY,Tokyo Core CPI y/y,Low,-0.2%,-0.2%,-0.2%
Fri May 28,,JPY,Unemployment Rate,Low,2.8%,2.7%,2.6%
Fri May 28,11:30am,EUR,German Import Prices m/m,Low,1.4%,1.0%,1.8%
Fri May 28,12:15pm,EUR,French Consumer Spending m/m,Low,-8.3%,-4.1%,-0.3%
Fri May 28,,EUR,French Prelim CPI m/m,Low,0.3%,0.3%,0.1%
Fri May 28,,EUR,French Prelim GDP q/q,Low,-0.1%,0.4%,0.4%
Fri May 28,2:45pm,EUR,Italian 10-y Bond Auction,Low,0.94|1.3,,0.88|1.4
Fri May 28,6:00pm,USD,Core PCE Price Index m/m,Medium,0.7%,0.6%,0.4%
Fri May 28,,USD,Goods Trade Balance,Low,-85.2B,-92.0B,-92.0B
Fri May 28,,USD,Personal Income m/m,Low,-13.1%,-14.2%,20.9%
Fri May 28,,USD,Personal Spending m/m,Low,0.5%,0.5%,4.7%
Fri May 28,,USD,Prelim Wholesale Inventories m/m,Low,0.8%,0.7%,1.3%
Fri May 28,7:15pm,USD,Chicago PMI,Medium,75.2,67.9,72.1
Fri May 28,7:30pm,USD,Revised UoM Consumer Sentiment,Low,82.9,83.1,82.8
Fri May 28,,USD,Revised UoM Inflation Expectations,Low,4.6%,,4.6%
Mon May 31,5:20am,JPY,Prelim Industrial Production m/m,Low,2.5%,4.0%,1.7%
Mon May 31,,JPY,Retail Sales y/y,Low,12.0%,15.4%,5.2%
Mon May 31,10:29am,JPY,Consumer Confidence,Low,34.1,33.2,34.7
Mon May 31,10:30am,JPY,Housing Starts y/y,Low,7.1%,4.9%,1.5%
Mon May 31,All Day,EUR,German Prelim CPI m/m,Low,0.5%,0.3%,0.7%
Mon May 31,12:30pm,EUR,Spanish Flash CPI y/y,Low,2.7%,2.4%,2.2%
Mon May 31,1:30pm,EUR,M3 Money Supply y/y,Low,9.2%,9.6%,10.0%
Mon May 31,,EUR,Private Loans y/y,Low,3.8%,3.4%,3.3%
Mon May 31,2:30pm,EUR,Italian Prelim CPI m/m,Low,0.0%,0.1%,0.4%
Tue Jun 1,5:20am,JPY,Capital Spending q/y,Low,-7.8%,-6.7%,-4.8%
Tue Jun 1,6:00am,JPY,Final Manufacturing PMI,Low,53.0,52.5,52.5
Tue Jun 1,11:30am,GBP,Nationwide HPI m/m,Low,1.8%,0.7%,2.3%
Tue Jun 1,12:45pm,EUR,Spanish Manufacturing PMI,Low,59.4,59.3,57.7
Tue Jun 1,1:15pm,EUR,Italian Manufacturing PMI,Low,62.3,62.0,60.7
Tue Jun 1,1:20pm,EUR,French Final Manufacturing PMI,Low,59.4,59.2,59.2
Tue Jun 1,1:25pm,EUR,German Final Manufacturing PMI,Medium,64.4,64.0,64.0
Tue Jun 1,,EUR,German Unemployment Change,Low,-15K,-9K,8K
Tue Jun 1,1:30pm,EUR,Final Manufacturing PMI,Low,63.1,62.8,62.8
Tue Jun 1,1:32pm,EUR,Italian Monthly Unemployment Rate,Low,10.7%,10.1%,10.4%
Tue Jun 1,2:00pm,GBP,Final Manufacturing PMI,Low,65.6,66.1,66.1
Tue Jun 1,2:30pm,EUR,Core CPI Flash Estimate y/y,Low,0.9%,0.9%,0.7%
Tue Jun 1,,EUR,CPI Flash Estimate y/y,Low,2.0%,1.9%,1.6%
Tue Jun 1,,EUR,Unemployment Rate,Low,8.0%,8.1%,8.1%
Tue Jun 1,7:15pm,USD,Final Manufacturing PMI,Low,62.1,61.5,61.5
Tue Jun 1,7:30pm,USD,ISM Manufacturing PMI,High,61.2,60.8,60.7
Tue Jun 1,,USD,Construction Spending m/m,Low,0.2%,0.5%,1.0%
Tue Jun 1,,USD,ISM Manufacturing Prices,Low,88.0,88.9,89.6
Wed Jun 2,4:31am,GBP,BRC Shop Price Index y/y,Low,-0.6%,,-1.3%
Wed Jun 2,5:20am,JPY,Monetary Base y/y,Low,22.4%,25.2%,24.3%
Wed Jun 2,11:30am,EUR,German Retail Sales m/m,Low,-5.5%,-2.4%,7.7%
Wed Jun 2,12:15pm,EUR,French Gov Budget Balance,Low,-91.4B,,-60.1B
Wed Jun 2,12:30pm,EUR,Spanish Unemployment Change,Low,-129.4K,-115.2K,-39.0K
Wed Jun 2,2:00pm,GBP,M4 Money Supply m/m,Low,0.1%,0.7%,0.7%
Wed Jun 2,,GBP,Mortgage Approvals,Low,87K,80K,83K
Wed Jun 2,,GBP,Net Lending to Individuals m/m,Low,2.9B,7.4B,11.1B
Wed Jun 2,,EUR,PPI m/m,Low,1.0%,0.9%,1.1%
Wed Jun 2,2:54pm,GBP,10-y Bond Auction,Low,0.94|2.6,,0.92|2.7
Wed Jun 2,7:15pm,USD,RCM/TIPP Economic Optimism,Low,56.4,55.8,54.4
Wed Jun 2,All Day,USD,Wards Total Vehicle Sales,Low,17.0M,17.4M,18.5M
Thu Jun 3,9:05am,JPY,10-y Bond Auction,Low,0.08|2.9,,0.07|3.0
Thu Jun 3,12:45pm,EUR,Spanish Services PMI,Low,59.4,57.8,54.6
Thu Jun 3,1:15pm,EUR,Italian Services PMI,Low,53.1,52.4,47.3
Thu Jun 3,1:20pm,EUR,French Final Services PMI,Low,56.6,56.6,56.6
Thu Jun 3,1:25pm,EUR,German Final Services PMI,Low,52.8,52.8,52.8
Thu Jun 3,1:30pm,EUR,Final Services PMI,Low,55.2,55.2,55.1
Thu Jun 3,2:00pm,GBP,Final Services PMI,Low,62.9,61.8,61.8
Thu Jun 3,2:30pm,EUR,French 10-y Bond Auction,Low,0.16|2.0,,0.13|1.7
Thu Jun 3,5:00pm,USD,Challenger Job Cuts y/y,Low,-93.8%,,-96.6%
Thu Jun 3,5:45pm,USD,ADP Non-Farm Employment Change,Medium,978K,645K,654K
Thu Jun 3,6:00pm,USD,Unemployment Claims,Medium,385K,400K,405K
Thu Jun 3,,USD,Revised Nonfarm Productivity q/q,Low,5.4%,5.5%,5.4%
Thu Jun 3,,USD,Revised Unit Labor Costs q/q,Low,1.7%,-0.4%,-0.3%
Thu Jun 3,7:15pm,USD,Final Services PMI,Low,70.4,70.1,70.1
Thu Jun 3,7:30pm,USD,ISM Services PMI,High,64.0,63.0,62.7
Thu Jun 3,8:00pm,USD,Natural Gas Storage,Low,98B,95B,115B
Thu Jun 3,8:30pm,USD,Crude Oil Inventories,Medium,-5.1M,-1.0M,-1.7M
Fri Jun 4,5:00am,JPY,Household Spending y/y,Low,13.0%,8.6%,6.2%
Fri Jun 4,2:00pm,GBP,Construction PMI,Low,64.2,61.9,61.6
Fri Jun 4,2:30pm,EUR,Retail Sales m/m,Low,-3.1%,-1.4%,3.3%
Fri Jun 4,,USD,Average Hourly Earnings m/m,High,0.5%,0.2%,0.7%
Fri Jun 4,,USD,Non-Farm Employment Change,High,559K,645K,278K
Fri Jun 4,,USD,Unemployment Rate,High,5.8%,5.9%,6.1%
Fri Jun 4,,USD,Factory Orders m/m,Low,-0.6%,-0.3%,1.4%
Mon Jun 7,10:30am,JPY,Leading Indicators,Low,103.0%,103.0%,102.5%
Mon Jun 7,11:28am,EUR,German Factory Orders m/m,Low,-0.2%,0.4%,3.9%
Mon Jun 7,1:00pm,GBP,Halifax HPI m/m,Low,1.3%,1.0%,1.5%
Mon Jun 7,2:00pm,EUR,Sentix Investor Confidence,Low,28.1,25.5,21.0
Tue Jun 8,12:30am,USD,Consumer Credit m/m,Low,18.6B,19.5B,18.6B
Tue Jun 8,4:31am,GBP,BRC Retail Sales Monitor y/y,Low,18.5%,29.5%,39.6%
Tue Jun 8,5:00am,JPY,Average Cash Earnings y/y,Low,1.6%,0.8%,0.6%
Tue Jun 8,5:20am,JPY,Bank Lending y/y,Low,2.9%,5.6%,4.8%
Tue Jun 8,,JPY,Current Account,Low,1.55T,1.60T,1.70T
Tue Jun 8,,JPY,Final GDP q/q,Low,-1.0%,-1.2%,-1.3%
Tue Jun 8,5:24am,JPY,Final GDP Price Index y/y,Low,-0.1%,-0.2%,-0.2%
Tue Jun 8,9:05am,JPY,30-y Bond Auction,Low,0.69|3.4,,0.65|3.1
Tue Jun 8,10:29am,JPY,Economy Watchers Sentiment,Low,38.1,33.9,39.1
Tue Jun 8,11:25am,EUR,German Industrial Production m/m,Low,-1.0%,0.3%,2.2%
Tue Jun 8,12:15pm,EUR,French Trade Balance,Low,-6.2B,-5.3B,-6.1B
Tue Jun 8,1:30pm,EUR,Italian Retail Sales m/m,Low,-0.4%,0.2%,0.0%
Tue Jun 8,2:30pm,EUR,ZEW Economic Sentiment,Medium,81.3,85.5,84.0
Tue Jun 8,,EUR,German ZEW Economic Sentiment,Medium,79.8,86.0,84.4
Tue Jun 8,,EUR,Final Employment Change q/q,Low,-0.3%,-0.3%,-0.3%
Tue Jun 8,,EUR,Revised GDP q/q,Low,-0.3%,-0.6%,-0.6%
Tue Jun 8,3:30pm,USD,NFIB Small Business Index,Low,99.6,101.2,99.8
Tue Jun 8,,USD,Trade Balance,Low,-68.9B,-68.5B,-75.0B
Tue Jun 8,7:30pm,USD,JOLTS Job Openings,Low,9.29M,8.18M,8.29M
Wed Jun 9,5:20am,JPY,M2 Money Stock y/y,Low,7.9%,8.5%,9.2%
Wed Jun 9,11:30am,EUR,German Trade Balance,Low,15.9B,15.7B,14.0B
Wed Jun 9,11:32am,JPY,Prelim Machine Tool Orders y/y,Low,140.7%,,120.8%
Wed Jun 9,3:05pm,EUR,German 30-y Bond Auction,Low,0.31|1.3,,0.22|1.3
Wed Jun 9,,USD,Final Wholesale Inventories m/m,Low,0.8%,0.8%,0.8%
Wed Jun 9,8:00pm,USD,Crude Oil Inventories,Medium,-5.2M,-3.3M,-5.1M
Wed Jun 9,10:31pm,USD,10-y Bond Auction,Medium,1.50|2.6,,1.68|2.5
Thu Jun 10,4:31am,GBP,RICS House Price Balance,Low,83%,77%,76%
Thu Jun 10,5:20am,JPY,PPI y/y,Low,4.9%,4.5%,3.8%
Thu Jun 10,11:00am,EUR,French Final Private Payrolls q/q,Low,0.5%,0.3%,0.3%
Thu Jun 10,12:15pm,EUR,French Industrial Production m/m,Low,-0.1%,0.5%,1.0%
Thu Jun 10,1:30pm,EUR,Italian Industrial Production m/m,Low,1.8%,0.3%,0.3%
Thu Jun 10,,EUR,Main Refinancing Rate,Medium,0.00%,0.00%,0.00%
Thu Jun 10,,USD,Core CPI m/m,High,0.7%,0.5%,0.9%
Thu Jun 10,,USD,CPI m/m,High,0.6%,0.4%,0.8%
Thu Jun 10,,USD,CPI y/y,High,5.0%,4.7%,4.2%
Thu Jun 10,,USD,Unemployment Claims,Medium,376K,370K,385K
Thu Jun 10,8:00pm,USD,Natural Gas Storage,Low,98B,99B,98B
Thu Jun 10,10:31pm,USD,30-y Bond Auction,Medium,2.17|2.3,,2.40|2.2
Thu Jun 10,11:30pm,USD,Federal Budget Balance,Low,-132.0B,-245.0B,-225.6B
Fri Jun 11,5:20am,JPY,BSI Manufacturing Index,Low,-1.4,1.9,1.6
Fri Jun 11,11:30am,EUR,German WPI m/m,Low,1.7%,0.9%,1.1%
Fri Jun 11,,GBP,Construction Output m/m,Low,-2.0%,1.0%,5.8%
Fri Jun 11,,GBP,GDP m/m,Low,2.3%,2.4%,2.1%
Fri Jun 11,,GBP,Goods Trade Balance,Low,-11.0B,-11.8B,-11.7B
Fri Jun 11,,GBP,Index of Services 3m/3m,Low,1.4%,1.3%,-2.0%
Fri Jun 11,,GBP,Industrial Production m/m,Low,-1.3%,1.2%,1.8%
Fri Jun 11,,GBP,Manufacturing Production m/m,Low,-0.3%,1.5%,2.1%
Fri Jun 11,1:30pm,EUR,Italian Quarterly Unemployment Rate,Low,10.4%,10.5%,10.0%
Fri Jun 11,6:02pm,GBP,NIESR GDP Estimate,Low,3.8%,,1.5%
Fri Jun 11,7:30pm,USD,Prelim UoM Consumer Sentiment,Medium,86.4,84.1,82.9
Fri Jun 11,,USD,Prelim UoM Inflation Expectations,Low,4.0%,,4.6%
Mon Jun 14,10:00am,JPY,Revised Industrial Production m/m,Low,2.9%,2.5%,2.5%
Mon Jun 14,2:30pm,EUR,Industrial Production m/m,Low,0.8%,0.4%,0.4%
Mon Jun 14,7:00pm,GBP,CB Leading Index m/m,Low,0.3%,,0.1%
Tue Jun 15,10:00am,JPY,Tertiary Industry Activity m/m,Low,-0.7%,-0.7%,2.4%
Tue Jun 15,11:30am,EUR,German Final CPI m/m,Low,0.5%,0.5%,0.5%
Tue Jun 15,,GBP,Average Earnings Index 3m/y,Low,5.6%,4.9%,4.3%
Tue Jun 15,,GBP,Claimant Count Change,Low,-92.6K,25.0K,-55.8K
Tue Jun 15,,GBP,Unemployment Rate,Low,4.7%,4.7%,4.8%
Tue Jun 15,12:15pm,EUR,French Final CPI m/m,Low,0.3%,0.3%,0.3%
Tue Jun 15,2:30pm,EUR,Trade Balance,Low,9.4B,14.9B,18.3B
Tue Jun 15,4:00pm,GBP,30-y Bond Auction,Low,1.27|2.2,,1.30|2.2
Tue Jun 15,6:00pm,USD,Core Retail Sales m/m,High,-0.7%,0.4%,0.0%
Tue Jun 15,,USD,PPI m/m,High,0.8%,0.5%,0.6%
Tue Jun 15,,USD,Retail Sales m/m,High,-1.3%,-0.6%,0.9%
Tue Jun 15,,USD,Core PPI m/m,Medium,0.7%,0.5%,0.7%
Tue Jun 15,,USD,Empire State Manufacturing Index,Low,17.4,22.2,24.3
Tue Jun 15,6:45pm,USD,Industrial Production m/m,Medium,0.8%,0.6%,0.1%
Tue Jun 15,,USD,Capacity Utilization Rate,Low,75.2%,75.2%,74.6%
Tue Jun 15,7:30pm,USD,Business Inventories m/m,Low,-0.2%,-0.1%,0.2%
Tue Jun 15,,USD,NAHB Housing Market Index,Low,81,83,83
Wed Jun 16,1:30am,USD,TIC Long-Term Purchases,Low,100.7B,119.5B,262.4B
Wed Jun 16,5:20am,JPY,Core Machinery Orders m/m,Low,0.6%,2.6%,3.7%
Wed Jun 16,,JPY,Trade Balance,Low,0.04T,0.24T,0.08T
Wed Jun 16,11:30am,GBP,CPI y/y,Medium,2.1%,1.8%,1.5%
Wed Jun 16,,GBP,Core CPI y/y,Low,2.0%,1.5%,1.3%
Wed Jun 16,,GBP,PPI Input m/m,Low,1.1%,1.0%,1.2%
Wed Jun 16,,GBP,PPI Output m/m,Low,0.5%,0.4%,0.4%
Wed Jun 16,,GBP,RPI y/y,Low,3.3%,3.3%,2.9%
Wed Jun 16,2:00pm,GBP,HPI y/y,Low,8.9%,12.1%,9.9%
Wed Jun 16,3:03pm,EUR,German 10-y Bond Auction,Low,-0.19|1.3,,-0.09|1.3
Wed Jun 16,,USD,Building Permits,Low,1.68M,1.73M,1.73M
Wed Jun 16,,USD,Housing Starts,Low,1.57M,1.64M,1.52M
Wed Jun 16,,USD,Import Prices m/m,Low,1.1%,0.8%,0.8%
Wed Jun 16,8:00pm,USD,Crude Oil Inventories,Medium,-7.4M,-2.1M,-5.2M
Wed Jun 16,,USD,Federal Funds Rate,Medium,<0.25%,<0.25%,<0.25%
Thu Jun 17,,EUR,Italian Trade Balance,Low,5.87B,6.23B,5.19B
Thu Jun 17,2:30pm,EUR,Final Core CPI y/y,Low,1.0%,0.9%,0.9%
Thu Jun 17,,EUR,Final CPI y/y,Low,2.0%,2.0%,2.0%
Thu Jun 17,,USD,Philly Fed Manufacturing Index,Medium,30.7,30.3,31.5
Thu Jun 17,,USD,Unemployment Claims,Medium,412K,360K,375k
Thu Jun 17,7:30pm,USD,CB Leading Index m/m,Low,1.3%,1.3%,1.3%
Thu Jun 17,8:00pm,USD,Natural Gas Storage,Low,16B,71B,98B
Fri Jun 18,5:00am,JPY,National Core CPI y/y,Low,0.1%,0.0%,-0.1%
Fri Jun 18,,JPY,BOJ Policy Rate,Low,-0.10%,-0.10%,-0.10%
Fri Jun 18,11:30am,EUR,German PPI m/m,Low,1.5%,0.7%,0.8%
Fri Jun 18,,GBP,Retail Sales m/m,Medium,-1.4%,1.5%,9.2%
Fri Jun 18,1:30pm,EUR,Current Account,Low,22.8B,20.3B,17.8B
Fri Jun 18,2:00pm,GBP,Consumer Inflation Expectations,Low,2.4%,,2.7%
Mon Jun 21,4:31am,GBP,Rightmove HPI m/m,Low,0.8%,,1.8%
Tue Jun 22,10:29am,JPY,BOJ Core CPI y/y,Low,0.0%,0.0%,-0.1%
Tue Jun 22,11:30am,GBP,Public Sector Net Borrowing,Low,23.6B,24.5B,28.3B
Tue Jun 22,3:30pm,GBP,CBI Industrial Order Expectations,Low,19,16,17
Tue Jun 22,7:29pm,USD,Richmond Manufacturing Index,Low,22,18,18
Tue Jun 22,7:30pm,EUR,Consumer Confidence,Low,-3,-3,-5
Tue Jun 22,,USD,Existing Home Sales,Low,5.80M,5.71M,5.85M
Wed Jun 23,6:00am,JPY,Flash Manufacturing PMI,Low,51.5,53.2,53.0
Wed Jun 23,12:45pm,EUR,French Flash Manufacturing PMI,Medium,58.6,59.0,59.4
Wed Jun 23,,EUR,French Flash Services PMI,Medium,57.4,59.6,56.6
Wed Jun 23,1:00pm,EUR,German Flash Manufacturing PMI,High,64.9,63.0,64.4
Wed Jun 23,,EUR,German Flash Services PMI,High,58.1,55.8,52.8
Wed Jun 23,1:30pm,EUR,Flash Manufacturing PMI,Medium,63.1,62.4,63.1
Wed Jun 23,,EUR,Flash Services PMI,Medium,58.0,58.1,55.2
Wed Jun 23,2:00pm,GBP,Flash Manufacturing PMI,Medium,64.2,64.1,65.6
Wed Jun 23,,GBP,Flash Services PMI,Medium,61.7,62.9,62.9
Wed Jun 23,,USD,Current Account,Low,-196B,-205B,-175B
Wed Jun 23,7:15pm,USD,Flash Manufacturing PMI,High,62.6,61.5,62.1
Wed Jun 23,,USD,Flash Services PMI,High,64.8,70.0,70.4
Wed Jun 23,7:30pm,USD,New Home Sales,Low,769K,864K,817K
Wed Jun 23,8:00pm,USD,Crude Oil Inventories,Medium,-7.6M,-3.6M,-7.4M
Thu Jun 24,5:20am,JPY,SPPI y/y,Low,1.5%,1.4%,1.1%
Thu Jun 24,1:30pm,EUR,German ifo Business Climate,Medium,101.8,100.8,99.2
Thu Jun 24,4:30pm,GBP,Asset Purchase Facility,High,875B,875B,875B
Thu Jun 24,,GBP,MPC Asset Purchase Facility Votes,High,0-1-8,0-1-8,0-1-8
Thu Jun 24,,GBP,MPC Official Bank Rate Votes,Medium,0-0-9,0-0-9,0-0-9
Thu Jun 24,,GBP,Official Bank Rate,Medium,0.10%,0.10%,0.10%
Thu Jun 24,6:00pm,USD,Final GDP q/q,Medium,6.4%,6.4%,6.4%
Thu Jun 24,,USD,Unemployment Claims,Medium,411K,382K,418K
Thu Jun 24,,USD,Core Durable Goods Orders m/m,Low,0.3%,0.8%,1.7%
Thu Jun 24,,USD,Durable Goods Orders m/m,Low,2.3%,2.9%,-0.8%
Thu Jun 24,,USD,Goods Trade Balance,Low,-88.1B,-87.4B,-85.7B
Thu Jun 24,,USD,Prelim Wholesale Inventories m/m,Low,1.1%,0.8%,1.0%
Thu Jun 24,6:06pm,USD,Final GDP Price Index q/q,Low,4.3%,4.3%,4.3%
Thu Jun 24,6:26pm,EUR,Belgian NBB Business Climate,Low,9.8,8.5,6.5
Thu Jun 24,8:00pm,USD,Natural Gas Storage,Low,55B,64B,16B
Fri Jun 25,4:31am,GBP,GfK Consumer Confidence,Low,-9,-7,-9
Fri Jun 25,5:00am,JPY,Tokyo Core CPI y/y,Low,0.0%,-0.1%,-0.2%
Fri Jun 25,11:30am,EUR,German GfK Consumer Climate,Low,-0.3,-3.9,-6.9
Fri Jun 25,1:30pm,EUR,M3 Money Supply y/y,Low,8.4%,8.6%,9.2%
Fri Jun 25,,EUR,Private Loans y/y,Low,3.9%,3.7%,3.8%
Fri Jun 25,3:30pm,GBP,CBI Realized Sales,Low,25,12,18
Fri Jun 25,6:00pm,USD,Core PCE Price Index m/m,Medium,0.5%,0.6%,0.7%
Fri Jun 25,,USD,Personal Income m/m,Low,-2.0%,-2.5%,-13.1%
Fri Jun 25,,USD,Personal Spending m/m,Low,0.0%,0.4%,0.9%
Fri Jun 25,7:30pm,USD,Revised UoM Consumer Sentiment,Medium,85.5,86.5,86.4
Fri Jun 25,,USD,Revised UoM Inflation Expectations,Low,4.2%,,4.0%
Mon Jun 28,11:30am,EUR,German Import Prices m/m,Low,1.7%,1.3%,1.4%
Tue Jun 29,5:00am,JPY,Unemployment Rate,Low,3.0%,2.9%,2.8%
Tue Jun 29,5:20am,JPY,Retail Sales y/y,Low,8.2%,8.2%,11.9%
Tue Jun 29,11:30am,GBP,Nationwide HPI m/m,Low,0.7%,0.7%,1.7%
Tue Jun 29,All Day,EUR,German Prelim CPI m/m,Low,0.4%,0.4%,0.5%
Tue Jun 29,12:30pm,EUR,Spanish Flash CPI y/y,Low,2.6%,2.7%,2.7%
Tue Jun 29,2:00pm,GBP,M4 Money Supply m/m,Low,0.4%,0.2%,0.1%
Tue Jun 29,,GBP,Mortgage Approvals,Low,88K,86K,87K
Tue Jun 29,,GBP,Net Lending to Individuals m/m,Low,6.9B,4.6B,2.8B
Tue Jun 29,,USD,HPI m/m,Low,1.8%,1.5%,1.6%
Tue Jun 29,,USD,S&P/CS Composite-20 HPI y/y,Low,14.9%,14.8%,13.4%
Tue Jun 29,7:30pm,USD,CB Consumer Confidence,Medium,127.3,118.9,120.0
Wed Jun 30,4:31am,GBP,BRC Shop Price Index y/y,Low,-0.7%,,-0.6%
Wed Jun 30,5:20am,JPY,Prelim Industrial Production m/m,Low,-5.9%,-2.1%,2.9%
Wed Jun 30,10:29am,JPY,Consumer Confidence,Low,37.4,34.8,34.1
Wed Jun 30,10:30am,JPY,Housing Starts y/y,Low,9.9%,8.4%,7.1%
Wed Jun 30,11:30am,GBP,Current Account,Low,-12.8B,-13.9B,-26.3B
Wed Jun 30,,GBP,Final GDP q/q,Low,-1.6%,-1.5%,-1.5%
Wed Jun 30,,GBP,Revised Business Investment q/q,Low,-10.7%,-11.9%,-11.9%
Wed Jun 30,12:15pm,EUR,French Consumer Spending m/m,Low,10.4%,7.4%,-8.7%
Wed Jun 30,,EUR,French Prelim CPI m/m,Low,0.2%,0.2%,0.3%
Wed Jun 30,1:25pm,EUR,German Unemployment Change,Low,-38K,-20K,-19K
Wed Jun 30,2:30pm,EUR,CPI Flash Estimate y/y,Medium,1.9%,1.9%,2.0%
Wed Jun 30,,EUR,Core CPI Flash Estimate y/y,Low,0.9%,0.9%,1.0%
Wed Jun 30,,EUR,Italian Prelim CPI m/m,Low,0.1%,0.2%,0.0%
Wed Jun 30,2:45pm,EUR,Italian 10-y Bond Auction,Low,0.74|1.6,,0.94|1.3
Wed Jun 30,5:45pm,USD,ADP Non-Farm Employment Change,Medium,692K,555K,886K
Wed Jun 30,7:15pm,USD,Chicago PMI,Medium,66.1,70.2,75.2
Wed Jun 30,7:30pm,USD,Pending Home Sales m/m,Medium,8.0%,-1.1%,-4.4%
Wed Jun 30,8:00pm,USD,Crude Oil Inventories,Medium,-6.7M,-4.2M,-7.6M
Thu Jul 1,5:20am,JPY,Tankan Manufacturing Index,Low,14,16,5
Thu Jul 1,,JPY,Tankan Non-Manufacturing Index,Low,1,3,-1
Thu Jul 1,6:00am,JPY,Final Manufacturing PMI,Low,52.4,51.5,51.5
Thu Jul 1,9:05am,JPY,10-y Bond Auction,Low,0.06|3.5,,0.08|2.9
Thu Jul 1,11:30am,EUR,German Retail Sales m/m,Low,4.2%,4.5%,-6.8%
Thu Jul 1,12:45pm,EUR,Spanish Manufacturing PMI,Low,60.4,59.6,59.4
Thu Jul 1,1:15pm,EUR,Italian Manufacturing PMI,Low,62.2,62.3,62.3
Thu Jul 1,1:20pm,EUR,French Final Manufacturing PMI,Low,59.0,58.6,58.6
Thu Jul 1,1:25pm,EUR,German Final Manufacturing PMI,Medium,65.1,64.9,64.9
Thu Jul 1,1:30pm,EUR,Final Manufacturing PMI,Low,63.4,63.1,63.1
Thu Jul 1,,EUR,Italian Monthly Unemployment Rate,Low,10.5%,10.7%,10.7%
Thu Jul 1,2:00pm,GBP,Final Manufacturing PMI,Medium,63.9,64.2,64.2
Thu Jul 1,2:30pm,EUR,Unemployment Rate,Low,7.9%,8.0%,8.1%
Thu Jul 1,2:32pm,EUR,French 10-y Bond Auction,Low,0.13|2.1,,0.16|2.0
Thu Jul 1,5:00pm,USD,Challenger Job Cuts y/y,Low,-88.0%,,-93.8%
Thu Jul 1,6:00pm,USD,Unemployment Claims,Medium,364K,388K,415K
Thu Jul 1,7:15pm,USD,Final Manufacturing PMI,Low,62.1,62.6,62.6
Thu Jul 1,7:30pm,USD,ISM Manufacturing PMI,High,60.6,61.0,61.2
Thu Jul 1,,USD,Construction Spending m/m,Low,-0.3%,0.4%,0.1%
Thu Jul 1,,USD,ISM Manufacturing Prices,Low,92.1,86.0,88.0
Thu Jul 1,All Day,USD,Wards Total Vehicle Sales,Low,15.4M,16.9M,17.0M
Thu Jul 1,8:00pm,USD,Natural Gas Storage,Low,76B,68B,55B
Fri Jul 2,5:20am,JPY,Monetary Base y/y,Low,19.1%,24.3%,22.4%
Fri Jul 2,12:15pm,EUR,French Gov Budget Balance,Low,-118.8B,,-91.4B
Fri Jul 2,12:30pm,EUR,Spanish Unemployment Change,Medium,-166.9K,-110.5K,-129.4K
Fri Jul 2,2:30pm,EUR,PPI m/m,Low,1.3%,1.2%,0.9%
Fri Jul 2,,USD,Average Hourly Earnings m/m,High,0.3%,0.3%,0.4%
Fri Jul 2,,USD,Non-Farm Employment Change,High,850K,725K,583K
Fri Jul 2,,USD,Unemployment Rate,High,5.9%,5.6%,5.8%
Fri Jul 2,,USD,Trade Balance,Low,-71.2B,-71.4B,-69.1B
Fri Jul 2,7:30pm,USD,Factory Orders m/m,Low,1.7%,1.7%,-0.1%
Mon Jul 5,12:15pm,EUR,French Industrial Production m/m,Low,-0.3%,0.8%,0.1%
Mon Jul 5,12:45pm,EUR,Spanish Services PMI,Low,62.5,60.6,59.4
Mon Jul 5,1:15pm,EUR,Italian Services PMI,Low,56.7,56.3,53.1
Mon Jul 5,1:20pm,EUR,French Final Services PMI,Low,57.8,57.4,57.4
Mon Jul 5,1:25pm,EUR,German Final Services PMI,Low,57.5,58.1,58.1
Mon Jul 5,1:30pm,EUR,Final Services PMI,Low,58.3,58.0,58.0
Mon Jul 5,2:00pm,EUR,Sentix Investor Confidence,Low,29.8,30.2,28.1
Mon Jul 5,,GBP,Final Services PMI,Low,62.4,61.7,61.7
Tue Jul 6,5:00am,JPY,Average Cash Earnings y/y,Low,1.9%,2.1%,1.4%
Tue Jul 6,,JPY,Household Spending y/y,Low,11.6%,10.9%,13.0%
Tue Jul 6,9:05am,JPY,30-y Bond Auction,Low,0.68|3.6,,0.69|3.4
Tue Jul 6,,EUR,German Factory Orders m/m,Low,-3.7%,0.9%,1.2%
Tue Jul 6,2:00pm,GBP,Construction PMI,Low,66.3,63.9,64.2
Tue Jul 6,,GBP,Housing Equity Withdrawal q/q,Low,4.0B,-3.7B,0.0B
Tue Jul 6,2:30pm,EUR,ZEW Economic Sentiment,Medium,61.2,79.0,81.3
Tue Jul 6,,EUR,German ZEW Economic Sentiment,Medium,63.3,75.0,79.8
Tue Jul 6,,EUR,Retail Sales m/m,Low,4.6%,4.3%,-3.9%
Tue Jul 6,2:33pm,GBP,10-y Bond Auction,Low,0.82|2.7,,0.94|2.6
Tue Jul 6,7:15pm,USD,Final Services PMI,Low,64.6,64.8,64.8
Tue Jul 6,7:30pm,USD,ISM Services PMI,High,60.1,63.4,64.0
Wed Jul 7,10:30am,JPY,Leading Indicators,Low,102.6%,102.8%,103.8%
Wed Jul 7,11:30am,EUR,German Industrial Production m/m,Low,-0.3%,0.5%,-0.3%
Wed Jul 7,12:15pm,EUR,French Trade Balance,Low,-6.8B,-6.0B,-6.3B
Wed Jul 7,12:59pm,GBP,Halifax HPI m/m,Low,-0.5%,1.5%,1.2%
Wed Jul 7,1:30pm,EUR,Italian Retail Sales m/m,Low,0.2%,3.1%,-0.1%
Wed Jul 7,,USD,JOLTS Job Openings,Medium,9.21M,9.30M,9.19M
Wed Jul 7,7:31pm,USD,RCM/TIPP Economic Optimism,Low,54.3,57.3,56.4
Thu Jul 8,4:31am,GBP,RICS House Price Balance,Low,83%,80%,82%
Thu Jul 8,5:20am,JPY,Bank Lending y/y,Low,1.4%,3.0%,2.8%
Thu Jul 8,,JPY,Current Account,Low,1.87T,1.59T,1.55T
Thu Jul 8,10:30am,JPY,Economy Watchers Sentiment,Low,47.6,41.9,38.1
Thu Jul 8,11:30am,EUR,German Trade Balance,Low,12.6B,15.8B,15.6B
Thu Jul 8,,USD,Unemployment Claims,Medium,373K,345K,371K
Thu Jul 8,8:00pm,USD,Natural Gas Storage,Low,16B,29B,76B
Thu Jul 8,8:30pm,USD,Crude Oil Inventories,Medium,-6.9M,-4.0M,-6.7M
Fri Jul 9,12:30am,USD,Consumer Credit m/m,Low,35.3B,17.9B,20.0B
Fri Jul 9,5:20am,JPY,M2 Money Stock y/y,Low,5.9%,6.0%,7.9%
Fri Jul 9,11:30am,GBP,Construction Output m/m,Low,-0.8%,0.9%,-0.7%
Fri Jul 9,,GBP,GDP m/m,Low,0.8%,1.5%,2.0%
Fri Jul 9,,GBP,Index of Services 3m/3m,Low,3.9%,4.0%,1.4%
Fri Jul 9,,GBP,Industrial Production m/m,Low,0.8%,1.3%,-1.0%
Fri Jul 9,,GBP,Manufacturing Production m/m,Low,-0.1%,0.9%,-0.3%
Fri Jul 9,1:30pm,EUR,Italian Industrial Production m/m,Low,-1.5%,0.3%,1.5%
Fri Jul 9,4:30pm,GBP,Goods Trade Balance,Low,-8.5B,-11.0B,-10.9B
Fri Jul 9,6:05pm,GBP,NIESR GDP Estimate,Low,4.8%,,3.6%
Fri Jul 9,7:30pm,USD,Final Wholesale Inventories m/m,Low,1.3%,1.1%,1.1%
Mon Jul 12,5:20am,JPY,Core Machinery Orders m/m,Low,7.8%,2.5%,0.6%
Mon Jul 12,,JPY,PPI y/y,Low,5.0%,4.8%,5.1%
Mon Jul 12,11:30am,EUR,German WPI m/m,Low,1.5%,0.9%,1.7%
Mon Jul 12,,JPY,Prelim Machine Tool Orders y/y,Low,96.6%,,141.9%
Mon Jul 12,10:31pm,USD,10-y Bond Auction,Medium,1.37|2.4,,1.50|2.6
Tue Jul 13,4:31am,GBP,BRC Retail Sales Monitor y/y,Low,6.7%,11.5%,18.5%
Tue Jul 13,11:30am,EUR,German Final CPI m/m,Low,0.4%,0.4%,0.4%
Tue Jul 13,12:15pm,EUR,French Final CPI m/m,Low,0.1%,0.2%,0.2%
Tue Jul 13,3:27pm,USD,NFIB Small Business Index,Low,102.5,99.5,99.6
Tue Jul 13,6:00pm,USD,Core CPI m/m,High,0.9%,0.4%,0.7%
Tue Jul 13,,USD,CPI m/m,High,0.9%,0.5%,0.6%
Tue Jul 13,,USD,CPI y/y,High,5.4%,4.9%,5.0%
Tue Jul 13,10:31pm,USD,30-y Bond Auction,Medium,2.00|2.2,,2.17|2.3
Tue Jul 13,11:30pm,USD,Federal Budget Balance,Low,-174.2B,-205.0B,-132.0B
Wed Jul 14,10:00am,JPY,Revised Industrial Production m/m,Low,-6.5%,-5.9%,-5.9%
Wed Jul 14,11:30am,GBP,CPI y/y,Medium,2.5%,2.2%,2.1%
Wed Jul 14,,GBP,Core CPI y/y,Low,2.3%,2.0%,2.0%
Wed Jul 14,,GBP,PPI Input m/m,Low,-0.1%,1.1%,1.2%
Wed Jul 14,,GBP,PPI Output m/m,Low,0.4%,0.6%,0.8%
Wed Jul 14,,GBP,RPI y/y,Low,3.9%,3.4%,3.3%
Wed Jul 14,2:00pm,GBP,HPI y/y,Low,10.0%,9.5%,9.6%
Wed Jul 14,2:30pm,EUR,Industrial Production m/m,Low,-1.0%,-0.3%,0.6%
Wed Jul 14,3:03pm,EUR,German 10-y Bond Auction,Low,-0.30|1.4,,-0.19|1.3
Wed Jul 14,,USD,PPI m/m,High,1.0%,0.6%,0.8%
Wed Jul 14,,USD,Core PPI m/m,Medium,1.0%,0.5%,0.7%
Wed Jul 14,9:00pm,USD,Crude Oil Inventories,Medium,-7.9M,-4.3M,-6.9M
Thu Jul 15,10:00am,JPY,Tertiary Industry Activity m/m,Low,-2.7%,-0.9%,-0.8%
Thu Jul 15,11:30am,GBP,Average Earnings Index 3m/y,Low,7.3%,7.1%,5.7%
Thu Jul 15,,GBP,Claimant Count Change,Low,-114.8K,-32.5K,-151.4K
Thu Jul 15,,GBP,Unemployment Rate,Low,4.8%,4.7%,4.7%
Thu Jul 15,2:30pm,EUR,Spanish 10-y Bond Auction,Low,0.35|1.8,,0.60|1.8
Thu Jul 15,6:00pm,USD,Philly Fed Manufacturing Index,Medium,21.9,28.1,30.7
Thu Jul 15,,USD,Unemployment Claims,Medium,360K,350K,386K
Thu Jul 15,,USD,Empire State Manufacturing Index,Low,43.0,17.9,17.4
Thu Jul 15,,USD,Import Prices m/m,Low,1.0%,1.1%,1.4%
Thu Jul 15,6:45pm,USD,Industrial Production m/m,Medium,0.4%,0.6%,0.7%
Thu Jul 15,,USD,Capacity Utilization Rate,Low,75.4%,75.7%,75.1%
Thu Jul 15,7:00pm,GBP,CB Leading Index m/m,Low,0.6%,,0.6%
Thu Jul 15,8:00pm,USD,Natural Gas Storage,Low,55B,45B,16B
Fri Jul 16,,JPY,BOJ Policy Rate,Low,-0.10%,-0.10%,-0.10%
Fri Jul 16,1:33pm,EUR,Italian Trade Balance,Low,5.64B,5.27B,5.87B
Fri Jul 16,2:30pm,EUR,Final Core CPI y/y,Low,0.9%,0.9%,0.9%
Fri Jul 16,,EUR,Final CPI y/y,Low,1.9%,1.9%,1.9%
Fri Jul 16,,EUR,Trade Balance,Low,9.4B,7.9B,13.4B
Fri Jul 16,,USD,Core Retail Sales m/m,High,1.3%,0.4%,-0.9%
Fri Jul 16,,USD,Retail Sales m/m,High,0.6%,-0.4%,-1.7%
Fri Jul 16,7:30pm,USD,Prelim UoM Consumer Sentiment,Medium,80.8,86.5,85.5
Fri Jul 16,,USD,Business Inventories m/m,Low,0.5%,0.6%,0.1%
Fri Jul 16,,USD,Prelim UoM Inflation Expectations,Low,4.8%,,4.2%
Sat Jul 17,1:30am,USD,TIC Long-Term Purchases,Low,-30.2B,95.5B,100.7B
Mon Jul 19,4:31am,GBP,Rightmove HPI m/m,Low,0.7%,,0.8%
Mon Jul 19,7:30pm,USD,NAHB Housing Market Index,Low,80,82,81
Tue Jul 20,5:00am,JPY,National Core CPI y/y,Low,0.2%,0.2%,0.1%
Tue Jul 20,,EUR,German PPI m/m,Low,1.3%,1.3%,1.5%
Tue Jul 20,1:30pm,EUR,Current Account,Low,11.7B,24.3B,22.1B
Tue Jul 20,6:00pm,USD,Building Permits,Low,1.60M,1.69M,1.68M
Tue Jul 20,,USD,Housing Starts,Low,1.64M,1.59M,1.55M
Wed Jul 21,,JPY,Trade Balance,Low,-0.09T,0.02T,0.02T
Wed Jul 21,11:30am,GBP,Public Sector Net Borrowing,Low,22.0B,21.5B,19.9B
Wed Jul 21,3:05pm,EUR,German 30-y Bond Auction,Low,0.03|1.3,,0.31|1.3
Wed Jul 21,8:00pm,USD,Crude Oil Inventories,Medium,2.1M,-4.6M,-7.9M
Thu Jul 22,3:30pm,GBP,CBI Industrial Order Expectations,Low,17,16,19
Thu Jul 22,,EUR,Main Refinancing Rate,Medium,0.00%,0.00%,0.00%
Thu Jul 22,,USD,Unemployment Claims,Medium,419K,350K,368K
Thu Jul 22,6:56pm,EUR,Consumer Confidence,Low,-4,-3,-3
Thu Jul 22,7:30pm,USD,CB Leading Index m/m,Low,0.7%,0.8%,1.2%
Thu Jul 22,,USD,Existing Home Sales,Low,5.86M,5.89M,5.78M
Thu Jul 22,8:00pm,USD,Natural Gas Storage,Low,49B,42B,55B
Fri Jul 23,4:31am,GBP,GfK Consumer Confidence,Low,-7,-8,-9
Fri Jul 23,11:30am,GBP,Retail Sales m/m,Medium,0.5%,-0.2%,-1.3%
Fri Jul 23,12:45pm,EUR,French Flash Manufacturing PMI,Medium,58.1,58.4,59.0
Fri Jul 23,,EUR,French Flash Services PMI,Medium,57.0,58.7,57.8
Fri Jul 23,1:00pm,EUR,German Flash Manufacturing PMI,High,65.6,64.2,65.1
Fri Jul 23,,EUR,German Flash Services PMI,High,62.2,59.4,57.5
Fri Jul 23,1:30pm,EUR,Flash Manufacturing PMI,Medium,62.6,62.6,63.4
Fri Jul 23,,EUR,Flash Services PMI,Medium,60.4,59.4,58.3
Fri Jul 23,2:00pm,GBP,Flash Manufacturing PMI,Medium,60.4,62.3,63.9
Fri Jul 23,,GBP,Flash Services PMI,Medium,57.8,62.1,62.4
Fri Jul 23,7:15pm,USD,Flash Manufacturing PMI,Medium,63.1,62.0,62.1
Fri Jul 23,,USD,Flash Services PMI,Medium,59.8,64.6,64.6
Mon Jul 26,6:00am,JPY,Flash Manufacturing PMI,Low,52.2,53.1,52.4
Mon Jul 26,10:29am,JPY,BOJ Core CPI y/y,Low,0.1%,0.0%,0.0%
Mon Jul 26,1:30pm,EUR,German ifo Business Climate,Medium,100.8,102.3,101.7
Mon Jul 26,6:29pm,EUR,Belgian NBB Business Climate,Low,10.1,10.3,9.8
Mon Jul 26,7:30pm,USD,New Home Sales,Low,676K,800K,724K
Tue Jul 27,5:20am,JPY,SPPI y/y,Low,1.4%,1.4%,1.5%
Tue Jul 27,1:30pm,EUR,M3 Money Supply y/y,Low,8.3%,8.2%,8.5%
Tue Jul 27,,EUR,Private Loans y/y,Low,4.0%,4.0%,3.9%
Tue Jul 27,3:30pm,GBP,CBI Realized Sales,Low,23,21,25
Tue Jul 27,6:00pm,USD,Core Durable Goods Orders m/m,Low,0.3%,0.8%,0.5%
Tue Jul 27,,USD,Durable Goods Orders m/m,Low,0.8%,2.1%,3.2%
Tue Jul 27,6:30pm,USD,HPI m/m,Low,1.7%,1.6%,1.8%
Tue Jul 27,,USD,S&P/CS Composite-20 HPI y/y,Low,17.0%,16.1%,15.0%
Tue Jul 27,7:29pm,USD,Richmond Manufacturing Index,Low,27,20,22
Tue Jul 27,7:30pm,USD,CB Consumer Confidence,High,129.1,123.9,128.9
Wed Jul 28,4:31am,GBP,BRC Shop Price Index y/y,Low,-1.2%,,-0.7%
Wed Jul 28,11:30am,EUR,German GfK Consumer Climate,Low,-0.3,0.9,-0.3
Wed Jul 28,,EUR,German Import Prices m/m,Low,1.6%,1.6%,1.7%
Wed Jul 28,,GBP,Nationwide HPI m/m,Low,-0.5%,0.4%,0.7%
Wed Jul 28,,USD,Goods Trade Balance,Low,-91.2B,-88.0B,-88.2B
Wed Jul 28,,USD,Prelim Wholesale Inventories m/m,Low,0.8%,1.2%,1.3%
Wed Jul 28,8:00pm,USD,Crude Oil Inventories,Medium,-4.1M,-2.6M,2.1M
Wed Jul 28,,USD,Federal Funds Rate,Medium,<0.25%,<0.25%,<0.25%
Thu Jul 29,All Day,EUR,German Prelim CPI m/m,Low,0.9%,0.6%,0.4%
Thu Jul 29,12:30pm,EUR,Spanish Flash CPI y/y,Low,2.9%,2.7%,2.7%
Thu Jul 29,,EUR,Spanish Unemployment Rate,Low,15.3%,15.1%,16.0%
Thu Jul 29,1:25pm,EUR,German Unemployment Change,Low,-91K,-29K,-39K
Thu Jul 29,2:00pm,GBP,M4 Money Supply m/m,Low,0.5%,0.3%,0.5%
Thu Jul 29,,GBP,Mortgage Approvals,Low,81K,85K,87K
Thu Jul 29,,GBP,Net Lending to Individuals m/m,Low,18.2B,6.8B,7.2B
Thu Jul 29,2:48pm,EUR,Italian 10-y Bond Auction,Low,0.66|1.3,,0.74|1.6
Thu Jul 29,6:00pm,USD,Advance GDP q/q,High,6.5%,8.5%,6.4%
Thu Jul 29,,USD,Unemployment Claims,Medium,400K,382K,424K
Thu Jul 29,6:02pm,USD,Advance GDP Price Index q/q,Medium,6.0%,5.4%,4.3%
Thu Jul 29,7:30pm,USD,Pending Home Sales m/m,Medium,-1.9%,0.1%,8.3%
Thu Jul 29,8:00pm,USD,Natural Gas Storage,Low,36B,41B,49B
Fri Jul 30,5:00am,JPY,Unemployment Rate,Low,2.9%,3.0%,3.0%
Fri Jul 30,5:20am,JPY,Prelim Industrial Production m/m,Low,6.2%,5.0%,-6.5%
Fri Jul 30,,JPY,Retail Sales y/y,Low,0.1%,0.3%,8.3%
Fri Jul 30,10:29am,JPY,Housing Starts y/y,Low,7.3%,6.7%,9.9%
Fri Jul 30,11:00am,EUR,French Consumer Spending m/m,Low,0.3%,0.6%,10.6%
Fri Jul 30,,EUR,French Flash GDP q/q,Low,0.9%,0.8%,-0.1%
Fri Jul 30,12:15pm,EUR,French Prelim CPI m/m,Low,0.1%,-0.1%,0.1%
Fri Jul 30,,EUR,Spanish Flash GDP q/q,Low,2.8%,2.1%,-0.4%
Fri Jul 30,,EUR,Italian Monthly Unemployment Rate,Low,9.7%,10.6%,10.2%
Fri Jul 30,1:30pm,EUR,German Prelim GDP q/q,Medium,1.5%,2.0%,-1.8%
Fri Jul 30,,EUR,Italian Prelim GDP q/q,Low,2.7%,1.3%,0.1%
Fri Jul 30,2:30pm,EUR,Core CPI Flash Estimate y/y,Low,0.7%,0.7%,0.9%
Fri Jul 30,,EUR,CPI Flash Estimate y/y,Low,2.2%,2.0%,1.9%
Fri Jul 30,,EUR,Italian Prelim CPI m/m,Low,0.3%,0.1%,0.1%
Fri Jul 30,,EUR,Prelim Flash GDP q/q,Low,2.0%,1.5%,-0.3%
Fri Jul 30,,EUR,Unemployment Rate,Low,7.7%,7.9%,8.0%
Fri Jul 30,,USD,Core PCE Price Index m/m,High,0.4%,0.6%,0.5%
Fri Jul 30,,USD,Employment Cost Index q/q,Low,0.7%,0.9%,0.9%
Fri Jul 30,,USD,Personal Income m/m,Low,0.1%,-0.4%,-2.2%
Fri Jul 30,,USD,Personal Spending m/m,Low,1.0%,0.7%,-0.1%
Fri Jul 30,7:15pm,USD,Chicago PMI,Medium,73.4,64.2,66.1
Fri Jul 30,7:30pm,USD,Revised UoM Consumer Sentiment,Medium,81.2,80.8,80.8
Fri Jul 30,,USD,Revised UoM Inflation Expectations,Low,4.7%,,4.8%
Mon Aug 2,6:00am,JPY,Final Manufacturing PMI,Low,53.0,52.4,52.2
Mon Aug 2,10:29am,JPY,Consumer Confidence,Low,37.5,37.0,37.4
Mon Aug 2,11:30am,EUR,German Retail Sales m/m,Low,4.2%,1.9%,4.6%
Mon Aug 2,12:45pm,EUR,Spanish Manufacturing PMI,Low,59.0,59.4,60.4
Mon Aug 2,1:15pm,EUR,Italian Manufacturing PMI,Low,60.3,61.4,62.2
Mon Aug 2,1:20pm,EUR,French Final Manufacturing PMI,Low,58.0,58.1,58.1
Mon Aug 2,1:25pm,EUR,German Final Manufacturing PMI,Medium,65.9,65.6,65.6
Mon Aug 2,1:30pm,EUR,Final Manufacturing PMI,Low,62.8,62.6,62.6
Mon Aug 2,2:00pm,GBP,Final Manufacturing PMI,Low,60.4,60.4,60.4
Mon Aug 2,7:15pm,USD,Final Manufacturing PMI,Low,63.4,63.1,63.1
Mon Aug 2,7:30pm,USD,ISM Manufacturing PMI,High,59.5,60.8,60.6
Mon Aug 2,,USD,Construction Spending m/m,Low,0.1%,0.4%,-0.2%
Mon Aug 2,,USD,ISM Manufacturing Prices,Low,85.7,87.9,92.1
Tue Aug 3,5:00am,JPY,Tokyo Core CPI y/y,Low,0.1%,0.0%,0.0%
Tue Aug 3,5:20am,JPY,Monetary Base y/y,Low,15.4%,20.5%,19.1%
Tue Aug 3,9:05am,JPY,10-y Bond Auction,Low,0.01|3.3,,0.06|3.5
Tue Aug 3,,EUR,Spanish Unemployment Change,Medium,-197.8K,-115.5K,-166.9K
Tue Aug 3,2:30pm,EUR,PPI m/m,Low,1.4%,1.4%,1.3%
Tue Aug 3,2:32pm,GBP,30-y Bond Auction,Low,0.97|2.4,,1.27|2.2
Tue Aug 3,7:30pm,USD,Factory Orders m/m,Low,1.5%,1.0%,2.3%
Tue Aug 3,7:31pm,USD,RCM/TIPP Economic Optimism,Low,53.6,55.3,54.3
Tue Aug 3,All Day,USD,Wards Total Vehicle Sales,Low,14.8M,15.2M,15.4M
Wed Aug 4,12:45pm,EUR,Spanish Services PMI,Low,61.9,63.1,62.5
Wed Aug 4,1:15pm,EUR,Italian Services PMI,Low,58.0,58.8,56.7
Wed Aug 4,1:20pm,EUR,French Final Services PMI,Low,56.8,57.0,57.0
Wed Aug 4,1:25pm,EUR,German Final Services PMI,Low,61.8,62.2,62.2
Wed Aug 4,1:30pm,EUR,Final Services PMI,Low,59.8,60.4,60.4
Wed Aug 4,,EUR,Italian Retail Sales m/m,Low,0.7%,1.9%,-0.1%
Wed Aug 4,1:59pm,EUR,French Gov Budget Balance,Low,-131.3B,,-118.8B
Wed Aug 4,2:00pm,GBP,Final Services PMI,Low,59.6,57.8,57.8
Wed Aug 4,2:30pm,EUR,Retail Sales m/m,Low,1.5%,1.6%,4.1%
Wed Aug 4,5:45pm,USD,ADP Non-Farm Employment Change,High,330K,695K,680K
Wed Aug 4,7:15pm,USD,Final Services PMI,Low,59.9,59.8,59.8
Wed Aug 4,7:30pm,USD,ISM Services PMI,High,64.1,60.5,60.1
Wed Aug 4,8:00pm,USD,Crude Oil Inventories,Medium,3.6M,-3.2M,-4.1M
Thu Aug 5,11:30am,EUR,German Factory Orders m/m,Low,4.1%,2.1%,-3.2%
Thu Aug 5,12:15pm,EUR,French Industrial Production m/m,Low,0.5%,0.5%,-0.4%
Thu Aug 5,2:00pm,GBP,Construction PMI,Low,58.7,64.5,66.3
Thu Aug 5,2:21pm,EUR,Spanish 10-y Bond Auction,Low,0.20|1.3,,0.35|1.8
Thu Aug 5,2:27pm,EUR,French 10-y Bond Auction,Low,-0.23|1.8,,0.13|2.1
Thu Aug 5,4:30pm,GBP,Asset Purchase Facility,High,875B,875B,875B
Thu Aug 5,,GBP,MPC Asset Purchase Facility Votes,High,0-1-7,0-1-7,0-1-8
Thu Aug 5,,GBP,MPC Official Bank Rate Votes,Medium,0-0-8,0-0-8,0-0-9
Thu Aug 5,,GBP,Official Bank Rate,Medium,0.10%,0.10%,0.10%
Thu Aug 5,5:00pm,USD,Challenger Job Cuts y/y,Low,-92.8%,,-88.0%
Thu Aug 5,,USD,Unemployment Claims,Medium,385K,382K,399K
Thu Aug 5,,USD,Trade Balance,Low,-75.7B,-74.2B,-71.0B
Thu Aug 5,8:00pm,USD,Natural Gas Storage,Low,13B,19B,36B
Fri Aug 6,,JPY,Average Cash Earnings y/y,Low,-0.1%,1.0%,1.9%
Fri Aug 6,,JPY,Household Spending y/y,Low,-5.1%,0.1%,11.6%
Fri Aug 6,10:29am,JPY,Leading Indicators,Low,104.1%,104.2%,102.6%
Fri Aug 6,11:30am,EUR,German Industrial Production m/m,Low,-1.3%,0.6%,-0.8%
Fri Aug 6,,GBP,Halifax HPI m/m,Low,0.4%,0.4%,-0.6%
Fri Aug 6,12:15pm,EUR,French Prelim Private Payrolls q/q,Low,1.2%,0.6%,0.5%
Fri Aug 6,,EUR,French Trade Balance,Low,-5.8B,-6.1B,-6.6B
Fri Aug 6,1:30pm,EUR,Italian Industrial Production m/m,Low,1.0%,1.1%,-1.6%
Fri Aug 6,,USD,Average Hourly Earnings m/m,High,0.4%,0.3%,0.4%
Fri Aug 6,,USD,Non-Farm Employment Change,High,943K,870K,938K
Fri Aug 6,,USD,Unemployment Rate,High,5.4%,5.7%,5.9%
Fri Aug 6,,USD,Final Wholesale Inventories m/m,Low,1.1%,0.8%,0.8%
Sat Aug 7,12:30am,USD,Consumer Credit m/m,Low,37.7B,23.2B,36.7B
Mon Aug 9,11:30am,EUR,German Trade Balance,Low,13.6B,13.9B,12.8B
Mon Aug 9,2:00pm,EUR,Sentix Investor Confidence,Low,22.2,29.2,29.8
Mon Aug 9,,USD,JOLTS Job Openings,Medium,10.07M,9.27M,9.48M
Tue Aug 10,4:31am,GBP,BRC Retail Sales Monitor y/y,Low,4.7%,4.9%,6.7%
Tue Aug 10,5:20am,JPY,Bank Lending y/y,Low,1.0%,1.6%,1.4%
Tue Aug 10,,JPY,Current Account,Low,1.78T,1.71T,1.87T
Tue Aug 10,10:30am,JPY,Economy Watchers Sentiment,Low,48.4,43.5,47.6
Tue Aug 10,2:30pm,EUR,ZEW Economic Sentiment,Medium,42.7,55.3,61.2
Tue Aug 10,,EUR,German ZEW Economic Sentiment,Medium,40.4,54.9,63.3
Tue Aug 10,2:48pm,GBP,10-y Bond Auction,Low,0.66|2.7,,0.82|2.7
Tue Aug 10,3:30pm,USD,NFIB Small Business Index,Low,99.7,101.9,102.5
Tue Aug 10,6:00pm,USD,Prelim Nonfarm Productivity q/q,Low,2.3%,3.3%,4.3%
Tue Aug 10,,USD,Prelim Unit Labor Costs q/q,Low,1.0%,0.9%,1.7%
Wed Aug 11,5:20am,JPY,M2 Money Stock y/y,Low,5.2%,5.3%,5.8%
Wed Aug 11,9:05am,JPY,30-y Bond Auction,Low,0.65|3.1,,0.68|3.6
Wed Aug 11,11:30am,EUR,German Final CPI m/m,Low,0.9%,0.9%,0.9%
Wed Aug 11,,JPY,Prelim Machine Tool Orders y/y,Low,93.4%,,96.6%
Wed Aug 11,3:02pm,EUR,German 10-y Bond Auction,Low,-0.44|1.4,,-0.30|1.4
Wed Aug 11,6:00pm,USD,Core CPI m/m,High,0.3%,0.4%,0.9%
Wed Aug 11,,USD,CPI m/m,High,0.5%,0.5%,0.9%
Wed Aug 11,,USD,CPI y/y,High,5.4%,5.3%,5.4%
Wed Aug 11,8:00pm,USD,Crude Oil Inventories,Medium,-0.4M,-0.8M,3.6M
Wed Aug 11,10:31pm,USD,10-y Bond Auction,Medium,1.34|2.6,,1.37|2.4
Wed Aug 11,11:30pm,USD,Federal Budget Balance,Low,-302.1B,-305.0B,-174.2B
Thu Aug 12,4:31am,GBP,RICS House Price Balance,Low,79%,77%,82%
Thu Aug 12,5:20am,JPY,PPI y/y,Low,5.6%,5.1%,5.0%
Thu Aug 12,11:30am,GBP,Prelim GDP q/q,Medium,4.8%,4.8%,-1.6%
Thu Aug 12,,GBP,Construction Output m/m,Low,-1.3%,1.1%,-0.7%
Thu Aug 12,,GBP,GDP m/m,Low,1.0%,0.8%,0.6%
Thu Aug 12,,GBP,Goods Trade Balance,Low,-12.0B,-9.1B,-9.6B
Thu Aug 12,,GBP,Index of Services 3m/3m,Low,5.7%,5.6%,3.9%
Thu Aug 12,,GBP,Industrial Production m/m,Low,-0.7%,0.3%,0.6%
Thu Aug 12,,GBP,Manufacturing Production m/m,Low,0.2%,0.4%,0.1%
Thu Aug 12,,GBP,Prelim Business Investment q/q,Low,2.4%,5.9%,-10.7%
Thu Aug 12,1:30pm,EUR,Italian Trade Balance,Low,5.68B,5.59B,5.63B
Thu Aug 12,2:30pm,EUR,Industrial Production m/m,Low,-0.3%,-0.3%,-1.1%
Thu Aug 12,6:00pm,USD,PPI m/m,High,1.0%,0.6%,1.0%
Thu Aug 12,,USD,Core PPI m/m,Medium,1.0%,0.5%,1.0%
Thu Aug 12,,USD,Unemployment Claims,Medium,375K,375K,387K
Thu Aug 12,6:10pm,GBP,NIESR GDP Estimate,Low,3.9%,,4.8%
Thu Aug 12,8:00pm,USD,Natural Gas Storage,Low,49B,47B,13B
Thu Aug 12,10:31pm,USD,30-y Bond Auction,Medium,2.04|2.2,,2.00|2.2
Fri Aug 13,11:30am,EUR,German WPI m/m,Low,1.1%,0.9%,1.5%
Fri Aug 13,12:15pm,EUR,French Final CPI m/m,Low,0.1%,0.1%,0.1%
Fri Aug 13,2:30pm,EUR,Trade Balance,Low,12.4B,10.9B,13.8B
Fri Aug 13,6:00pm,USD,Import Prices m/m,Low,0.3%,0.6%,1.1%
Fri Aug 13,7:30pm,USD,Prelim UoM Consumer Sentiment,Medium,70.2,81.2,81.2
Fri Aug 13,,USD,Prelim UoM Inflation Expectations,Low,4.6%,,4.7%
Mon Aug 16,4:31am,GBP,Rightmove HPI m/m,Low,-0.3%,,0.7%
Mon Aug 16,5:20am,JPY,Prelim GDP Price Index y/y,Low,-0.7%,-0.9%,-0.1%
Mon Aug 16,,JPY,Prelim GDP q/q,Low,0.3%,0.1%,-1.0%
Mon Aug 16,10:00am,JPY,Revised Industrial Production m/m,Low,6.5%,6.2%,6.2%
Mon Aug 16,,USD,Empire State Manufacturing Index,Low,18.3,28.9,43.0
Mon Aug 16,7:00pm,GBP,CB Leading Index m/m,Low,0.4%,,0.9%
Tue Aug 17,1:30am,USD,TIC Long-Term Purchases,Low,110.9B,110.9B,-30.0B
Tue Aug 17,10:00am,JPY,Tertiary Industry Activity m/m,Low,2.3%,1.8%,-2.9%
Tue Aug 17,11:30am,GBP,Average Earnings Index 3m/y,Low,8.8%,8.6%,7.4%
Tue Aug 17,,GBP,Claimant Count Change,Low,-7.8K,-84.1K,-136.1K
Tue Aug 17,,GBP,Unemployment Rate,Low,4.7%,4.8%,4.8%
Tue Aug 17,2:30pm,EUR,Flash Employment Change q/q,Low,0.5%,0.2%,-0.2%
Tue Aug 17,,EUR,Flash GDP q/q,Low,2.0%,2.0%,2.0%
Tue Aug 17,,USD,Core Retail Sales m/m,High,-0.4%,0.2%,1.6%
Tue Aug 17,,USD,Retail Sales m/m,High,-1.1%,-0.2%,0.7%
Tue Aug 17,6:45pm,USD,Industrial Production m/m,Medium,0.9%,0.5%,0.2%
Tue Aug 17,,USD,Capacity Utilization Rate,Low,76.1%,75.7%,75.4%
Tue Aug 17,7:30pm,USD,Business Inventories m/m,Low,0.8%,0.8%,0.6%
Tue Aug 17,,USD,NAHB Housing Market Index,Low,75,80,80
Wed Aug 18,5:20am,JPY,Core Machinery Orders m/m,Low,-1.5%,-2.7%,7.8%
Wed Aug 18,,JPY,Trade Balance,Low,0.05T,0.12T,-0.06T
Wed Aug 18,11:30am,GBP,CPI y/y,High,2.0%,2.3%,2.5%
Wed Aug 18,,GBP,Core CPI y/y,Low,1.8%,2.0%,2.3%
Wed Aug 18,,GBP,PPI Input m/m,Low,0.8%,0.5%,0.5%
Wed Aug 18,,GBP,PPI Output m/m,Low,0.6%,0.5%,0.6%
Wed Aug 18,,GBP,RPI y/y,Low,3.8%,3.6%,3.9%
Wed Aug 18,2:00pm,GBP,HPI y/y,Low,13.2%,11.3%,9.8%
Wed Aug 18,2:30pm,EUR,Final Core CPI y/y,Low,0.7%,0.7%,0.7%
Wed Aug 18,,EUR,Final CPI y/y,Low,2.2%,2.2%,1.9%
Wed Aug 18,3:04pm,EUR,German 30-y Bond Auction,Low,-0.04|2.0,,0.03|1.3
Wed Aug 18,,USD,Building Permits,Low,1.64M,1.61M,1.59M
Wed Aug 18,,USD,Housing Starts,Low,1.53M,1.60M,1.65M
Wed Aug 18,7:30pm,USD,Prelim Benchmark Payrolls Revision,Medium,-166K,,-173K
Wed Aug 18,8:00pm,USD,Crude Oil Inventories,Medium,-3.2M,-1.5M,-0.4M
Thu Aug 19,1:30pm,EUR,Current Account,Low,21.8B,12.3B,13.9B
Thu Aug 19,6:00pm,USD,Philly Fed Manufacturing Index,Medium,19.4,23.2,21.9
Thu Aug 19,,USD,Unemployment Claims,Medium,348K,362K,377K
Thu Aug 19,7:30pm,USD,CB Leading Index m/m,Low,0.9%,0.7%,0.5%
Thu Aug 19,,USD,Mortgage Delinquencies,Low,5.47%,,6.38%
Thu Aug 19,8:00pm,USD,Natural Gas Storage,Low,46B,28B,49B
Fri Aug 20,4:31am,GBP,GfK Consumer Confidence,Low,-8,-7,-7
Fri Aug 20,5:00am,JPY,National Core CPI y/y,Low,-0.2%,-0.4%,0.2%
Fri Aug 20,11:30am,EUR,German PPI m/m,Low,1.9%,0.8%,1.3%
Fri Aug 20,,GBP,Retail Sales m/m,Medium,-2.5%,0.2%,0.2%
Fri Aug 20,,GBP,Public Sector Net Borrowing,Low,9.6B,10.8B,20.7B
Mon Aug 23,6:00am,JPY,Flash Manufacturing PMI,Low,52.4,52.1,53.0
Mon Aug 23,12:45pm,EUR,French Flash Manufacturing PMI,Medium,57.3,57.1,58.0
Mon Aug 23,,EUR,French Flash Services PMI,Medium,56.4,56.2,56.8
Mon Aug 23,1:00pm,EUR,German Flash Manufacturing PMI,High,62.7,65.1,65.9
Mon Aug 23,,EUR,German Flash Services PMI,High,61.5,61.0,61.8
Mon Aug 23,1:30pm,EUR,Flash Manufacturing PMI,Medium,61.5,62.0,62.8
Mon Aug 23,,EUR,Flash Services PMI,Medium,59.7,59.6,59.8
Mon Aug 23,2:00pm,GBP,Flash Manufacturing PMI,Medium,60.1,59.5,60.4
Mon Aug 23,,GBP,Flash Services PMI,Medium,55.5,59.0,59.6
Mon Aug 23,,GBP,CBI Industrial Order Expectations,Low,18,16,17
Mon Aug 23,7:03pm,EUR,Consumer Confidence,Low,-5,-5,-4
Mon Aug 23,7:15pm,USD,Flash Manufacturing PMI,Medium,61.2,62.4,63.4
Mon Aug 23,,USD,Flash Services PMI,Medium,55.2,59.1,59.9
Mon Aug 23,7:30pm,USD,Existing Home Sales,Low,5.99M,5.82M,5.87M
Tue Aug 24,10:30am,JPY,BOJ Core CPI y/y,Low,0.2%,0.1%,0.1%
Tue Aug 24,11:30am,EUR,German Final GDP q/q,Low,1.6%,1.5%,1.5%
Tue Aug 24,3:30pm,GBP,CBI Realized Sales,Low,60,19,23
Tue Aug 24,7:29pm,USD,Richmond Manufacturing Index,Low,9,25,27
Tue Aug 24,7:30pm,USD,New Home Sales,Low,708K,698K,701K
Wed Aug 25,,EUR,German ifo Business Climate,Medium,99.4,100.2,100.7
Wed Aug 25,6:00pm,USD,Core Durable Goods Orders m/m,Medium,0.7%,0.5%,0.5%
Wed Aug 25,,USD,Durable Goods Orders m/m,Low,-0.1%,-0.3%,0.9%
Wed Aug 25,6:26pm,EUR,Belgian NBB Business Climate,Low,7.6,9.1,10.1
Wed Aug 25,8:00pm,USD,Crude Oil Inventories,Medium,-3.0M,-1.9M,-3.2M
Thu Aug 26,5:20am,JPY,SPPI y/y,Low,1.1%,1.3%,1.3%
Thu Aug 26,11:30am,EUR,German GfK Consumer Climate,Low,-1.2,-0.5,-0.4
Thu Aug 26,1:30pm,EUR,M3 Money Supply y/y,Low,7.6%,7.6%,8.3%
Thu Aug 26,,EUR,Private Loans y/y,Low,4.2%,4.1%,4.0%
Thu Aug 26,6:00pm,USD,Prelim GDP q/q,High,6.6%,6.7%,6.5%
Thu Aug 26,,USD,Unemployment Claims,Medium,353K,345K,349K
Thu Aug 26,,USD,Prelim GDP Price Index q/q,Low,6.1%,6.0%,6.0%
Thu Aug 26,8:00pm,USD,Natural Gas Storage,Low,29B,40B,46B
Fri Aug 27,5:00am,JPY,Tokyo Core CPI y/y,Low,0.0%,-0.1%,0.1%
Fri Aug 27,11:30am,EUR,German Import Prices m/m,Low,2.2%,1.2%,1.6%
Fri Aug 27,,USD,Core PCE Price Index m/m,High,0.3%,0.3%,0.5%
Fri Aug 27,,USD,Goods Trade Balance,Low,-86.4B,-90.8B,-92.1B
Fri Aug 27,,USD,Personal Income m/m,Low,1.1%,0.2%,0.2%
Fri Aug 27,,USD,Personal Spending m/m,Low,0.3%,0.4%,1.1%
Fri Aug 27,,USD,Prelim Wholesale Inventories m/m,Low,0.6%,1.0%,1.1%
Fri Aug 27,,USD,Revised UoM Consumer Sentiment,Medium,70.3,70.9,70.2
Fri Aug 27,,USD,Revised UoM Inflation Expectations,Low,4.6%,,4.6%
Mon Aug 30,5:20am,JPY,Retail Sales y/y,Low,2.4%,2.1%,0.1%
Mon Aug 30,All Day,EUR,German Prelim CPI m/m,Low,0.0%,0.1%,0.9%
Mon Aug 30,,EUR,Spanish Flash CPI y/y,Low,3.3%,3.0%,2.9%
Mon Aug 30,7:30pm,USD,Pending Home Sales m/m,Medium,-1.8%,0.5%,-2.0%
Tue Aug 31,5:00am,JPY,Unemployment Rate,Low,2.8%,2.9%,2.9%
Tue Aug 31,5:20am,JPY,Prelim Industrial Production m/m,Low,-1.5%,-2.4%,6.5%
Tue Aug 31,10:29am,JPY,Consumer Confidence,Low,36.7,36.1,37.5
Tue Aug 31,10:30am,JPY,Housing Starts y/y,Low,9.9%,5.4%,7.3%
Tue Aug 31,12:15pm,EUR,French Consumer Spending m/m,Low,-2.2%,0.1%,0.3%
Tue Aug 31,,EUR,French Prelim CPI m/m,Low,0.6%,0.4%,0.1%
Tue Aug 31,,EUR,French Prelim GDP q/q,Low,1.1%,0.9%,0.9%
Tue Aug 31,1:25pm,EUR,German Unemployment Change,Low,-53K,-40K,-90K
Tue Aug 31,2:00pm,GBP,M4 Money Supply m/m,Low,0.1%,0.6%,0.6%
Tue Aug 31,,GBP,Mortgage Approvals,Low,75K,79K,80K
Tue Aug 31,,GBP,Net Lending to Individuals m/m,Low,-1.4B,3.5B,18.0B
Tue Aug 31,2:30pm,EUR,Core CPI Flash Estimate y/y,Low,1.6%,1.5%,0.7%
Tue Aug 31,,EUR,CPI Flash Estimate y/y,Low,3.0%,2.7%,2.2%
Tue Aug 31,,EUR,Italian Prelim CPI m/m,Low,0.5%,0.4%,0.5%
Tue Aug 31,2:43pm,EUR,Italian 10-y Bond Auction,Low,0.67|1.4,,0.66|1.3
Tue Aug 31,6:30pm,USD,HPI m/m,Low,1.6%,1.9%,1.8%
Tue Aug 31,,USD,S&P/CS Composite-20 HPI y/y,Low,19.1%,18.7%,17.1%
Tue Aug 31,7:15pm,USD,Chicago PMI,Medium,66.8,68.0,73.4
Tue Aug 31,7:30pm,USD,CB Consumer Confidence,Medium,113.8,122.9,125.1
Wed Sep 1,4:31am,GBP,BRC Shop Price Index y/y,Low,-0.8%,,-1.2%
Wed Sep 1,5:20am,JPY,Capital Spending q/y,Low,5.3%,3.4%,-7.8%
Wed Sep 1,6:00am,JPY,Final Manufacturing PMI,Low,52.7,52.4,52.4
Wed Sep 1,11:30am,EUR,German Retail Sales m/m,Low,-5.1%,-0.9%,4.5%
Wed Sep 1,,GBP,Nationwide HPI m/m,Low,2.1%,0.1%,-0.6%
Wed Sep 1,12:45pm,EUR,Spanish Manufacturing PMI,Low,59.5,58.9,59.0
Wed Sep 1,1:15pm,EUR,Italian Manufacturing PMI,Low,60.9,60.1,60.3
Wed Sep 1,1:20pm,EUR,French Final Manufacturing PMI,Low,57.5,57.4,57.3
Wed Sep 1,1:25pm,EUR,German Final Manufacturing PMI,Medium,62.6,62.7,62.7
Wed Sep 1,1:30pm,EUR,Final Manufacturing PMI,Low,61.4,61.5,61.5
Wed Sep 1,,EUR,Italian Monthly Unemployment Rate,Low,9.3%,9.6%,9.4%
Wed Sep 1,2:00pm,GBP,Final Manufacturing PMI,Low,60.3,60.1,60.1
Wed Sep 1,2:30pm,EUR,Unemployment Rate,Low,7.6%,7.6%,7.8%
Wed Sep 1,5:45pm,USD,ADP Non-Farm Employment Change,High,374K,640K,326K
Wed Sep 1,7:15pm,USD,Final Manufacturing PMI,Low,61.1,61.2,61.2
Wed Sep 1,7:30pm,USD,ISM Manufacturing PMI,High,59.9,58.5,59.5
Wed Sep 1,,USD,Construction Spending m/m,Low,0.3%,0.2%,0.0%
Wed Sep 1,,USD,ISM Manufacturing Prices,Low,79.4,84.1,85.7
Wed Sep 1,All Day,USD,Wards Total Vehicle Sales,Low,13.1M,14.4M,14.8M
Wed Sep 1,8:00pm,USD,Crude Oil Inventories,Medium,-7.2M,-2.5M,-3.0M
Thu Sep 2,5:20am,JPY,Monetary Base y/y,Low,14.9%,16.2%,15.4%
Thu Sep 2,9:05am,JPY,10-y Bond Auction,Low,0.02|3.4,,0.01|3.3
Thu Sep 2,,EUR,Spanish Unemployment Change,Medium,-82.6K,-164.7K,-197.8K
Thu Sep 2,2:17pm,EUR,Spanish 10-y Bond Auction,Low,0.31|1.7,,0.20|1.3
Thu Sep 2,2:26pm,EUR,French 10-y Bond Auction,Low,-0.05|1.8,,-0.23|1.8
Thu Sep 2,2:30pm,EUR,PPI m/m,Low,2.3%,1.3%,1.4%
Thu Sep 2,5:00pm,USD,Challenger Job Cuts y/y,Low,-86.4%,,-92.8%
Thu Sep 2,,USD,Unemployment Claims,Medium,340K,342K,354K
Thu Sep 2,,USD,Revised Nonfarm Productivity q/q,Low,2.1%,2.4%,2.3%
Thu Sep 2,,USD,Revised Unit Labor Costs q/q,Low,1.3%,1.0%,1.0%
Thu Sep 2,,USD,Trade Balance,Low,-70.1B,-70.7B,-73.2B
Thu Sep 2,7:30pm,USD,Factory Orders m/m,Low,0.4%,0.4%,1.5%
Thu Sep 2,8:00pm,USD,Natural Gas Storage,Low,20B,25B,29B
Fri Sep 3,12:15pm,EUR,French Gov Budget Balance,Low,-166.6B,,-131.3B
Fri Sep 3,12:45pm,EUR,Spanish Services PMI,Low,60.1,61.4,61.9
Fri Sep 3,1:15pm,EUR,Italian Services PMI,Low,58.0,58.4,58.0
Fri Sep 3,1:20pm,EUR,French Final Services PMI,Low,56.3,56.4,56.4
Fri Sep 3,1:25pm,EUR,German Final Services PMI,Low,60.8,61.5,61.5
Fri Sep 3,1:30pm,EUR,Final Services PMI,Low,59.0,59.7,59.7
Fri Sep 3,2:00pm,GBP,Final Services PMI,Low,55.0,55.5,55.5
Fri Sep 3,2:30pm,EUR,Retail Sales m/m,Low,-2.3%,0.0%,1.8%
Fri Sep 3,,USD,Average Hourly Earnings m/m,High,0.6%,0.3%,0.4%
Fri Sep 3,,USD,Non-Farm Employment Change,High,235K,720K,1053K
Fri Sep 3,,USD,Unemployment Rate,High,5.2%,5.2%,5.4%
Fri Sep 3,7:15pm,USD,Final Services PMI,Low,55.1,55.2,55.2
Fri Sep 3,7:30pm,USD,ISM Services PMI,High,61.7,61.9,64.1
Mon Sep 6,11:30am,EUR,German Factory Orders m/m,Low,3.4%,-0.9%,4.6%
Mon Sep 6,2:00pm,EUR,Sentix Investor Confidence,Low,19.6,18.3,22.2
Mon Sep 6,,GBP,Construction PMI,Low,55.2,57.4,58.7
Tue Sep 7,4:31am,GBP,BRC Retail Sales Monitor y/y,Low,1.5%,3.2%,4.7%
Tue Sep 7,5:00am,JPY,Average Cash Earnings y/y,Low,1.0%,0.2%,0.1%
Tue Sep 7,,JPY,Household Spending y/y,Low,0.7%,2.6%,-5.1%
Tue Sep 7,9:05am,JPY,30-y Bond Auction,Low,0.65|3.0,,0.65|3.1
Tue Sep 7,10:29am,JPY,Leading Indicators,Low,104.1%,103.5%,104.6%
Tue Sep 7,11:30am,EUR,German Industrial Production m/m,Low,1.0%,1.0%,-1.0%
Tue Sep 7,,GBP,Halifax HPI m/m,Low,0.7%,1.1%,0.4%
Tue Sep 7,2:30pm,EUR,ZEW Economic Sentiment,Medium,31.1,35.3,42.7
Tue Sep 7,,EUR,German ZEW Economic Sentiment,Medium,26.5,30.2,40.4
Tue Sep 7,,EUR,Final Employment Change q/q,Low,0.7%,0.5%,0.5%
Tue Sep 7,,EUR,Revised GDP q/q,Low,2.2%,2.0%,2.0%
Wed Sep 8,5:20am,JPY,Bank Lending y/y,Low,0.6%,1.0%,0.9%
Wed Sep 8,,JPY,Current Account,Low,1.41T,1.85T,1.78T
Wed Sep 8,,JPY,Final GDP q/q,Low,0.5%,0.3%,0.3%
Wed Sep 8,5:24am,JPY,Final GDP Price Index y/y,Low,-1.1%,-0.7%,-0.7%
Wed Sep 8,10:30am,JPY,Economy Watchers Sentiment,Low,34.7,45.9,48.4
Wed Sep 8,11:00am,EUR,French Final Private Payrolls q/q,Low,1.4%,1.2%,1.2%
Wed Sep 8,12:15pm,EUR,French Trade Balance,Low,-7.0B,-6.2B,-6.1B
Wed Sep 8,1:30pm,EUR,Italian Retail Sales m/m,Low,-0.4%,0.3%,0.7%
Wed Sep 8,3:04pm,EUR,German 10-y Bond Auction,Low,-0.38|1.1,,-0.44|1.4
Wed Sep 8,,USD,JOLTS Job Openings,Medium,10.93M,10.03M,10.19M
Wed Sep 8,7:32pm,USD,RCM/TIPP Economic Optimism,Low,48.5,55.3,53.6
Wed Sep 8,10:31pm,USD,10-y Bond Auction,Medium,1.34|2.6,,1.34|2.6
Thu Sep 9,12:30am,USD,Consumer Credit m/m,Low,17.0B,24.5B,37.9B
Thu Sep 9,4:31am,GBP,RICS House Price Balance,Low,73%,75%,77%
Thu Sep 9,5:20am,JPY,M2 Money Stock y/y,Low,4.7%,4.7%,5.3%
Thu Sep 9,11:30am,EUR,German Trade Balance,Low,17.9B,13.3B,13.5B
Thu Sep 9,,JPY,Prelim Machine Tool Orders y/y,Low,86.2%,,93.4%
Thu Sep 9,,EUR,Main Refinancing Rate,Medium,0.00%,0.00%,0.00%
Thu Sep 9,,USD,Unemployment Claims,Medium,310K,343K,345K
Thu Sep 9,8:00pm,USD,Natural Gas Storage,Low,52B,38B,20B
Thu Sep 9,8:30pm,USD,Crude Oil Inventories,Medium,-1.5M,-5.9M,-7.2M
Thu Sep 9,10:31pm,USD,30-y Bond Auction,Medium,1.91|2.5,,2.04|2.2
Fri Sep 10,11:30am,EUR,German Final CPI m/m,Low,0.0%,0.0%,0.0%
Fri Sep 10,,GBP,Construction Output m/m,Low,-1.6%,0.6%,-1.3%
Fri Sep 10,,GBP,GDP m/m,Low,0.1%,0.5%,1.0%
Fri Sep 10,,GBP,Goods Trade Balance,Low,-12.7B,-10.9B,-12.0B
Fri Sep 10,,GBP,Index of Services 3m/3m,Low,4.5%,4.7%,5.7%
Fri Sep 10,11:32am,GBP,Industrial Production m/m,Low,1.2%,0.3%,-0.7%
Fri Sep 10,,GBP,Manufacturing Production m/m,Low,0.0%,0.1%,0.2%
Fri Sep 10,12:15pm,EUR,French Industrial Production m/m,Low,0.3%,0.4%,0.6%
Fri Sep 10,1:30pm,EUR,Italian Industrial Production m/m,Low,0.8%,0.0%,1.1%
Fri Sep 10,,USD,PPI m/m,High,0.7%,0.6%,1.0%
Fri Sep 10,,USD,Core PPI m/m,Medium,0.6%,0.5%,1.0%
Fri Sep 10,6:02pm,GBP,NIESR GDP Estimate,Low,2.4%,,3.6%
Fri Sep 10,7:30pm,USD,Final Wholesale Inventories m/m,Low,0.6%,0.6%,0.6%
Mon Sep 13,5:20am,JPY,BSI Manufacturing Index,Low,7.0,-0.9,-1.4
Mon Sep 13,,JPY,PPI y/y,Low,5.5%,5.7%,5.6%
Mon Sep 13,11:30am,EUR,German WPI m/m,Low,0.5%,0.8%,1.1%
Mon Sep 13,1:30pm,EUR,Italian Quarterly Unemployment Rate,Low,9.8%,10.1%,10.1%
Mon Sep 13,11:17pm,USD,Federal Budget Balance,Low,-170.6B,-260.5B,-302.1B
Tue Sep 14,10:00am,JPY,Revised Industrial Production m/m,Low,-1.5%,-1.5%,-1.5%
Tue Sep 14,11:30am,GBP,Average Earnings Index 3m/y,Low,8.3%,8.2%,8.8%
Tue Sep 14,,GBP,Claimant Count Change,Low,-58.6K,-71.7K,-48.9K
Tue Sep 14,,GBP,Unemployment Rate,Low,4.6%,4.6%,4.7%
Tue Sep 14,3:30pm,USD,NFIB Small Business Index,Low,100.1,99.0,99.7
Tue Sep 14,,USD,Core CPI m/m,High,0.1%,0.3%,0.3%
Tue Sep 14,,USD,CPI m/m,High,0.3%,0.4%,0.5%
Tue Sep 14,,USD,CPI y/y,High,5.3%,5.3%,5.4%
Wed Sep 15,5:20am,JPY,Core Machinery Orders m/m,Low,0.9%,2.4%,-1.5%
Wed Sep 15,10:00am,JPY,Tertiary Industry Activity m/m,Low,-0.6%,0.2%,2.2%
Wed Sep 15,11:30am,GBP,CPI y/y,High,3.2%,2.9%,2.0%
Wed Sep 15,,GBP,Core CPI y/y,Low,3.1%,2.9%,1.8%
Wed Sep 15,,GBP,RPI y/y,Low,4.8%,4.6%,3.8%
Wed Sep 15,11:32am,GBP,PPI Input m/m,Low,0.4%,0.2%,1.3%
Wed Sep 15,,GBP,PPI Output m/m,Low,0.7%,0.4%,0.8%
Wed Sep 15,12:15pm,EUR,French Final CPI m/m,Low,0.6%,0.6%,0.6%
Wed Sep 15,2:00pm,GBP,HPI y/y,Low,8.0%,12.4%,13.1%
Wed Sep 15,2:30pm,EUR,Industrial Production m/m,Low,1.5%,0.6%,-0.1%
Wed Sep 15,2:32pm,GBP,10-y Bond Auction,Low,0.74|2.5,,0.66|2.7
Wed Sep 15,,USD,Empire State Manufacturing Index,Medium,34.3,18.1,18.3
Wed Sep 15,,USD,Import Prices m/m,Low,-0.3%,0.3%,0.4%
Wed Sep 15,6:45pm,USD,Industrial Production m/m,Medium,0.4%,0.5%,0.8%
Wed Sep 15,,USD,Capacity Utilization Rate,Low,76.4%,76.3%,76.2%
Wed Sep 15,7:00pm,GBP,CB Leading Index m/m,Low,0.1%,,0.5%
Wed Sep 15,8:00pm,USD,Crude Oil Inventories,Medium,-6.4M,-3.6M,-1.5M
Thu Sep 16,5:20am,JPY,Trade Balance,Low,-0.27T,0.10T,-0.01T
Thu Sep 16,1:33pm,EUR,Italian Trade Balance,Low,8.76B,6.22B,5.67B
Thu Sep 16,2:19pm,EUR,Spanish 10-y Bond Auction,Low,0.33|1.4,,0.31|1.7
Thu Sep 16,2:30pm,EUR,Trade Balance,Low,13.4B,16.8B,11.9B
Thu Sep 16,,USD,Core Retail Sales m/m,High,1.8%,-0.1%,-1.0%
Thu Sep 16,,USD,Retail Sales m/m,High,0.7%,-0.7%,-1.8%
Thu Sep 16,,USD,Philly Fed Manufacturing Index,Medium,30.7,18.9,19.4
Thu Sep 16,,USD,Unemployment Claims,Medium,332K,325K,312K
Thu Sep 16,7:30pm,USD,Business Inventories m/m,Low,0.5%,0.5%,0.9%
Thu Sep 16,8:00pm,USD,Natural Gas Storage,Low,83B,76B,52B
Fri Sep 17,1:30am,USD,TIC Long-Term Purchases,Low,2.0B,60.5B,110.9B
Fri Sep 17,11:30am,GBP,Retail Sales m/m,Medium,-0.9%,0.5%,-2.8%
Fri Sep 17,1:30pm,EUR,Current Account,Low,21.6B,22.3B,21.8B
Fri Sep 17,2:00pm,GBP,Consumer Inflation Expectations,Low,2.7%,,2.4%
Fri Sep 17,2:30pm,EUR,Final Core CPI y/y,Low,1.6%,1.6%,1.6%
Fri Sep 17,,EUR,Final CPI y/y,Low,3.0%,3.0%,2.2%
Fri Sep 17,7:30pm,USD,Prelim UoM Consumer Sentiment,Medium,71.0,71.9,70.3
Fri Sep 17,,USD,Prelim UoM Inflation Expectations,Low,4.7%,,4.6%
Mon Sep 20,4:31am,GBP,Rightmove HPI m/m,Low,0.3%,,-0.3%
Mon Sep 20,11:30am,EUR,German PPI m/m,Low,1.5%,0.8%,1.9%
Mon Sep 20,7:30pm,USD,NAHB Housing Market Index,Low,76,74,75
Tue Sep 21,,GBP,Public Sector Net Borrowing,Low,19.8B,14.5B,6.2B
Tue Sep 21,3:30pm,GBP,CBI Industrial Order Expectations,Low,22,15,18
Tue Sep 21,,USD,Building Permits,Low,1.73M,1.60M,1.63M
Tue Sep 21,,USD,Current Account,Low,-190B,-193B,-189B
Tue Sep 21,,USD,Housing Starts,Low,1.62M,1.55M,1.55M
Wed Sep 22,,JPY,BOJ Policy Rate,Low,-0.10%,-0.10%,-0.10%
Wed Sep 22,7:30pm,USD,Existing Home Sales,Low,5.88M,5.87M,6.00M
Wed Sep 22,8:00pm,USD,Crude Oil Inventories,Medium,-3.5M,-3.3M,-6.4M
Wed Sep 22,,USD,Federal Funds Rate,Medium,<0.25%,<0.25%,<0.25%
Thu Sep 23,1:30am,EUR,Consumer Confidence,Low,-4,-6,-5
Thu Sep 23,12:45pm,EUR,French Flash Manufacturing PMI,Medium,55.2,57.1,57.5
Thu Sep 23,,EUR,French Flash Services PMI,Medium,56.0,56.1,56.3
Thu Sep 23,,EUR,German Flash Manufacturing PMI,High,58.5,61.3,62.6
Thu Sep 23,,EUR,German Flash Services PMI,High,56.0,60.3,60.8
Thu Sep 23,1:30pm,EUR,Flash Manufacturing PMI,Medium,58.7,60.4,61.4
Thu Sep 23,,EUR,Flash Services PMI,Medium,56.3,58.4,59.0
Thu Sep 23,,GBP,Flash Manufacturing PMI,Medium,56.3,59.0,60.3
Thu Sep 23,,GBP,Flash Services PMI,Medium,54.6,55.0,55.0
Thu Sep 23,4:30pm,GBP,Asset Purchase Facility,High,875B,875B,875B
Thu Sep 23,,GBP,MPC Asset Purchase Facility Votes,High,0-2-7,0-1-8,0-1-7
Thu Sep 23,,GBP,MPC Official Bank Rate Votes,Medium,0-0-9,0-0-9,0-0-8
Thu Sep 23,,GBP,Official Bank Rate,Medium,0.10%,0.10%,0.10%
Thu Sep 23,,USD,Unemployment Claims,Medium,351K,322K,335K
Thu Sep 23,7:15pm,USD,Flash Manufacturing PMI,Medium,60.5,60.7,61.1
Thu Sep 23,,USD,Flash Services PMI,Medium,54.4,55.1,55.1
Thu Sep 23,7:30pm,USD,CB Leading Index m/m,Low,0.9%,0.7%,0.8%
Thu Sep 23,8:00pm,USD,Natural Gas Storage,Low,76B,76B,83B
Fri Sep 24,4:31am,GBP,GfK Consumer Confidence,Low,-13,-7,-8
Fri Sep 24,5:00am,JPY,National Core CPI y/y,Low,0.0%,0.0%,-0.2%
Fri Sep 24,6:00am,JPY,Flash Manufacturing PMI,Low,51.2,52.5,52.7
Fri Sep 24,1:30pm,EUR,German ifo Business Climate,Medium,98.8,99.0,99.6
Fri Sep 24,3:30pm,GBP,CBI Realized Sales,Low,11,35,60
Fri Sep 24,6:26pm,EUR,Belgian NBB Business Climate,Low,4.0,6.7,7.6
Fri Sep 24,,USD,New Home Sales,Low,740K,712K,729K
Mon Sep 27,5:20am,JPY,SPPI y/y,Low,1.0%,1.2%,1.1%
Mon Sep 27,1:30pm,EUR,M3 Money Supply y/y,Low,7.9%,7.8%,7.6%
Mon Sep 27,,EUR,Private Loans y/y,Low,4.2%,4.3%,4.2%
Mon Sep 27,6:00pm,USD,Core Durable Goods Orders m/m,Medium,0.2%,0.5%,0.8%
Mon Sep 27,,USD,Durable Goods Orders m/m,Medium,1.8%,0.7%,0.5%
Tue Sep 28,10:29am,JPY,BOJ Core CPI y/y,Low,0.3%,0.2%,0.2%
Tue Sep 28,11:30am,EUR,German GfK Consumer Climate,Low,0.3,-1.6,-1.1
Tue Sep 28,2:34pm,GBP,30-y Bond Auction,Low,1.33|2.1,,0.97|2.4
Tue Sep 28,6:00pm,USD,Goods Trade Balance,Low,-87.6B,-87.4B,-86.8B
Tue Sep 28,,USD,Prelim Wholesale Inventories m/m,Low,1.2%,0.8%,0.6%
Tue Sep 28,,USD,HPI m/m,Low,1.4%,1.5%,1.7%
Tue Sep 28,,USD,S&P/CS Composite-20 HPI y/y,Low,19.9%,20.1%,19.1%
Tue Sep 28,7:29pm,USD,Richmond Manufacturing Index,Low,-3,12,9
Tue Sep 28,,USD,CB Consumer Confidence,Medium,109.3,115.2,115.2
Wed Sep 29,4:31am,GBP,BRC Shop Price Index y/y,Low,-0.5%,,-0.8%
Wed Sep 29,11:30am,EUR,German Import Prices m/m,Low,1.4%,0.8%,2.2%
Wed Sep 29,12:30pm,EUR,Spanish Flash CPI y/y,Low,4.0%,3.5%,3.3%
Wed Sep 29,2:00pm,GBP,M4 Money Supply m/m,Low,0.5%,0.3%,0.1%
Wed Sep 29,2:02pm,GBP,Mortgage Approvals,Low,74K,73K,75K
Wed Sep 29,,GBP,Net Lending to Individuals m/m,Low,5.6B,3.9B,-1.7B
Wed Sep 29,2:42pm,EUR,Italian 10-y Bond Auction,Low,0.86|1.7,,0.67|1.4
Wed Sep 29,3:07pm,EUR,German 10-y Bond Auction,Low,-0.22|1.1,,-0.38|1.1
Wed Sep 29,7:30pm,USD,Pending Home Sales m/m,Medium,8.1%,1.1%,-2.0%
Wed Sep 29,8:00pm,USD,Crude Oil Inventories,Medium,4.6M,-2.5M,-3.5M
Thu Sep 30,5:20am,JPY,Prelim Industrial Production m/m,Low,-3.2%,-0.5%,-1.5%
Thu Sep 30,,JPY,Retail Sales y/y,Low,-3.2%,-0.9%,2.4%
Thu Sep 30,10:29am,JPY,Housing Starts y/y,Low,7.5%,9.6%,9.9%
Thu Sep 30,11:30am,GBP,Current Account,Low,-8.6B,-15.8B,-8.9B
Thu Sep 30,,GBP,Final GDP q/q,Low,5.5%,4.8%,4.8%
Thu Sep 30,,GBP,Nationwide HPI m/m,Low,0.1%,0.6%,2.0%
Thu Sep 30,,GBP,Revised Business Investment q/q,Low,4.5%,2.4%,2.4%
Thu Sep 30,All Day,EUR,German Prelim CPI m/m,Low,0.0%,0.1%,0.0%
Thu Sep 30,12:15pm,EUR,French Consumer Spending m/m,Low,1.0%,0.0%,-2.4%
Thu Sep 30,,EUR,French Prelim CPI m/m,Low,-0.2%,-0.1%,0.6%
Thu Sep 30,1:25pm,EUR,German Unemployment Change,Low,-30K,-38K,-53K
Thu Sep 30,1:30pm,EUR,Italian Monthly Unemployment Rate,Low,9.3%,9.2%,9.3%
Thu Sep 30,2:30pm,EUR,Italian Prelim CPI m/m,Low,-0.1%,-0.3%,0.4%
Thu Sep 30,,EUR,Unemployment Rate,Low,7.5%,7.5%,7.6%
Thu Sep 30,6:00pm,USD,Final GDP q/q,Medium,6.7%,6.6%,6.6%
Thu Sep 30,,USD,Unemployment Claims,Medium,362K,333K,351K
Thu Sep 30,,USD,Final GDP Price Index q/q,Low,6.1%,6.1%,6.1%
Thu Sep 30,7:15pm,USD,Chicago PMI,Medium,64.7,64.9,66.8
Thu Sep 30,8:00pm,USD,Natural Gas Storage,Low,88B,86B,76B
Fri Oct 1,5:00am,JPY,Unemployment Rate,Low,2.8%,2.9%,2.8%
Fri Oct 1,,JPY,Tankan Manufacturing Index,Low,18,13,14
Fri Oct 1,,JPY,Tankan Non-Manufacturing Index,Low,2,0,1
Fri Oct 1,6:00am,JPY,Final Manufacturing PMI,Low,51.5,51.5,51.2
Fri Oct 1,10:30am,JPY,Consumer Confidence,Low,37.8,37.4,36.7
Fri Oct 1,11:30am,EUR,German Retail Sales m/m,Low,1.1%,1.6%,-4.5%
Fri Oct 1,12:15pm,EUR,French Gov Budget Balance,Low,-178.0B,,-166.6B
Fri Oct 1,12:45pm,EUR,Spanish Manufacturing PMI,Low,58.1,58.1,59.5
Fri Oct 1,1:15pm,EUR,Italian Manufacturing PMI,Low,59.7,59.4,60.9
Fri Oct 1,1:20pm,EUR,French Final Manufacturing PMI,Low,55.0,55.2,55.2
Fri Oct 1,1:25pm,EUR,German Final Manufacturing PMI,Medium,58.4,58.5,58.5
Fri Oct 1,1:30pm,EUR,Final Manufacturing PMI,Low,58.6,58.7,58.7
Fri Oct 1,2:00pm,GBP,Final Manufacturing PMI,Low,57.1,56.3,56.3
Fri Oct 1,2:30pm,EUR,Core CPI Flash Estimate y/y,Low,1.9%,1.9%,1.6%
Fri Oct 1,,EUR,CPI Flash Estimate y/y,Low,3.4%,3.3%,3.0%
Fri Oct 1,,USD,Core PCE Price Index m/m,High,0.3%,0.2%,0.3%
Fri Oct 1,,USD,Personal Income m/m,Low,0.2%,0.2%,1.1%
Fri Oct 1,,USD,Personal Spending m/m,Low,0.8%,0.7%,-0.1%
Fri Oct 1,7:15pm,USD,Final Manufacturing PMI,Low,60.7,60.5,60.5
Fri Oct 1,7:30pm,USD,ISM Manufacturing PMI,High,61.1,59.6,59.9
Fri Oct 1,,USD,Revised UoM Consumer Sentiment,Medium,72.8,71.0,71.0
Fri Oct 1,,USD,Construction Spending m/m,Low,0.0%,0.3%,0.3%
Fri Oct 1,,USD,ISM Manufacturing Prices,Low,81.2,78.1,79.4
Fri Oct 1,,USD,Revised UoM Inflation Expectations,Low,4.6%,,4.7%
Fri Oct 1,All Day,USD,Wards Total Vehicle Sales,Low,12.2M,12.9M,13.1M
Mon Oct 4,5:20am,JPY,Monetary Base y/y,Low,11.7%,15.3%,14.9%
Mon Oct 4,12:30pm,EUR,Spanish Unemployment Change,Medium,-76.1K,-80.3K,-82.6K
Mon Oct 4,2:00pm,EUR,Sentix Investor Confidence,Low,16.9,18.5,19.6
Mon Oct 4,7:30pm,USD,Factory Orders m/m,Low,1.2%,1.1%,0.7%
Tue Oct 5,5:00am,JPY,Tokyo Core CPI y/y,Low,0.1%,0.2%,0.0%
Tue Oct 5,9:05am,JPY,10-y Bond Auction,Low,0.05|2.5,,0.02|3.4
Tue Oct 5,12:15pm,EUR,French Industrial Production m/m,Low,1.0%,0.4%,0.5%
Tue Oct 5,12:45pm,EUR,Spanish Services PMI,Low,56.9,58.3,60.1
Tue Oct 5,1:15pm,EUR,Italian Services PMI,Low,55.5,56.4,58.0
Tue Oct 5,1:20pm,EUR,French Final Services PMI,Low,56.2,56.0,56.0
Tue Oct 5,1:25pm,EUR,German Final Services PMI,Low,56.2,56.0,56.0
Tue Oct 5,1:30pm,EUR,Final Services PMI,Low,56.4,56.3,56.3
Tue Oct 5,2:00pm,GBP,Final Services PMI,Low,55.4,54.6,54.6
Tue Oct 5,2:30pm,EUR,PPI m/m,Low,1.1%,1.3%,2.5%
Tue Oct 5,,USD,Trade Balance,Low,-73.3B,-70.5B,-70.3B
Tue Oct 5,7:15pm,USD,Final Services PMI,Low,54.9,54.4,54.4
Tue Oct 5,7:24pm,USD,RCM/TIPP Economic Optimism,Low,46.8,51.3,48.5
Tue Oct 5,7:30pm,USD,ISM Services PMI,High,61.9,59.9,61.7
Wed Oct 6,11:30am,EUR,German Factory Orders m/m,Low,-7.7%,-2.3%,4.9%
Wed Oct 6,2:00pm,GBP,Construction PMI,Low,52.6,53.9,55.2
Wed Oct 6,,GBP,Housing Equity Withdrawal q/q,Low,7.2B,-0.9B,6.1B
Wed Oct 6,2:30pm,EUR,Retail Sales m/m,Low,0.3%,0.7%,-2.6%
Wed Oct 6,5:45pm,USD,ADP Non-Farm Employment Change,High,568K,425K,340K
Wed Oct 6,8:00pm,USD,Crude Oil Inventories,Medium,2.3M,0.8M,4.6M
Thu Oct 7,10:30am,JPY,Leading Indicators,Low,101.8%,102.0%,104.1%
Thu Oct 7,11:30am,EUR,German Industrial Production m/m,Low,-4.0%,-0.4%,1.3%
Thu Oct 7,,GBP,Halifax HPI m/m,Low,1.7%,1.3%,0.8%
Thu Oct 7,12:15pm,EUR,French Trade Balance,Low,-6.7B,-6.8B,-7.1B
Thu Oct 7,1:30pm,EUR,Italian Retail Sales m/m,Low,0.4%,0.2%,-0.3%
Thu Oct 7,2:26pm,EUR,Spanish 10-y Bond Auction,Low,0.45|1.4,,0.33|1.4
Thu Oct 7,2:37pm,EUR,French 10-y Bond Auction,Low,0.15|2.1,,-0.05|1.8
Thu Oct 7,,USD,Challenger Job Cuts y/y,Low,-84.9%,,-86.4%
Thu Oct 7,6:00pm,USD,Unemployment Claims,Medium,326K,350K,364K
Thu Oct 7,8:00pm,USD,Natural Gas Storage,Low,118B,104B,88B
Fri Oct 8,12:30am,USD,Consumer Credit m/m,Low,14.4B,17.4B,17.3B
Fri Oct 8,5:00am,JPY,Average Cash Earnings y/y,Low,0.7%,0.3%,0.6%
Fri Oct 8,,JPY,Household Spending y/y,Low,-3.0%,-1.2%,0.7%
Fri Oct 8,5:20am,JPY,Current Account,Low,1.04T,1.15T,1.41T
Fri Oct 8,10:30am,JPY,Economy Watchers Sentiment,Low,42.1,43.4,34.7
Fri Oct 8,11:32am,EUR,German Trade Balance,Low,13.0B,15.7B,17.7B
Fri Oct 8,,USD,Average Hourly Earnings m/m,High,0.6%,0.4%,0.4%
Fri Oct 8,,USD,Non-Farm Employment Change,High,194K,490K,366K
Fri Oct 8,,USD,Unemployment Rate,High,4.8%,5.1%,5.2%
Fri Oct 8,7:30pm,USD,Final Wholesale Inventories m/m,Low,1.2%,1.2%,1.2%
Mon Oct 11,11:28am,JPY,Prelim Machine Tool Orders y/y,Low,71.9%,,85.2%
Mon Oct 11,1:30pm,EUR,Italian Industrial Production m/m,Low,-0.2%,-0.4%,1.0%
Tue Oct 12,4:31am,GBP,BRC Retail Sales Monitor y/y,Low,-0.6%,1.3%,1.5%
Tue Oct 12,5:20am,JPY,Bank Lending y/y,Low,0.6%,0.8%,0.6%
Tue Oct 12,,JPY,PPI y/y,Low,6.3%,5.8%,5.8%
Tue Oct 12,9:05am,JPY,30-y Bond Auction,Low,0.70|2.9,,0.65|3.0
Tue Oct 12,11:30am,EUR,German WPI m/m,Low,0.8%,0.7%,0.5%
Tue Oct 12,,GBP,Average Earnings Index 3m/y,Low,7.2%,6.9%,8.3%
Tue Oct 12,,GBP,Claimant Count Change,Low,-51.1K,-60.5K,-88.0K
Tue Oct 12,,GBP,Unemployment Rate,Low,4.5%,4.5%,4.6%
Tue Oct 12,2:30pm,EUR,ZEW Economic Sentiment,Medium,21.0,27.9,31.1
Tue Oct 12,,EUR,German ZEW Economic Sentiment,Medium,22.3,23.7,26.5
Tue Oct 12,3:30pm,USD,NFIB Small Business Index,Low,99.1,99.7,100.1
Tue Oct 12,7:30pm,USD,JOLTS Job Openings,Medium,10.44M,10.95M,11.10M
Tue Oct 12,10:31pm,USD,10-y Bond Auction,Medium,1.58|2.6,,1.34|2.6
Wed Oct 13,5:20am,JPY,Core Machinery Orders m/m,Low,-2.4%,1.6%,0.9%
Wed Oct 13,,JPY,M2 Money Stock y/y,Low,4.2%,4.4%,4.7%
Wed Oct 13,11:30am,EUR,German Final CPI m/m,Low,0.0%,0.0%,0.0%
Wed Oct 13,,GBP,Construction Output m/m,Low,-0.2%,0.4%,-1.0%
Wed Oct 13,,GBP,GDP m/m,Low,0.4%,0.5%,-0.1%
Wed Oct 13,,GBP,Goods Trade Balance,Low,-14.9B,-11.9B,-14.1B
Wed Oct 13,,GBP,Index of Services 3m/3m,Low,3.7%,3.9%,5.2%
Wed Oct 13,,GBP,Industrial Production m/m,Low,0.8%,0.2%,0.3%
Wed Oct 13,,GBP,Manufacturing Production m/m,Low,0.5%,0.0%,-0.6%
Wed Oct 13,2:30pm,EUR,Industrial Production m/m,Low,-1.6%,-1.8%,1.4%
Wed Oct 13,3:04pm,EUR,German 30-y Bond Auction,Low,0.35|2.0,,-0.04|2.0
Wed Oct 13,5:30pm,GBP,NIESR GDP Estimate,Low,1.5%,,2.9%
Wed Oct 13,6:00pm,USD,Core CPI m/m,High,0.2%,0.2%,0.1%
Wed Oct 13,,USD,CPI m/m,High,0.4%,0.3%,0.3%
Wed Oct 13,,USD,CPI y/y,High,5.4%,5.3%,5.3%
Wed Oct 13,10:31pm,USD,30-y Bond Auction,Medium,2.05|2.4,,1.91|2.5
Thu Oct 14,4:31am,GBP,RICS House Price Balance,Low,68%,70%,72%
Thu Oct 14,10:00am,JPY,Revised Industrial Production m/m,Low,-3.6%,-3.2%,-3.2%
Thu Oct 14,,USD,PPI m/m,High,0.5%,0.6%,0.7%
Thu Oct 14,,USD,Core PPI m/m,Medium,0.2%,0.5%,0.6%
Thu Oct 14,,USD,Unemployment Claims,Medium,293K,315K,329K
Thu Oct 14,7:00pm,GBP,CB Leading Index m/m,Low,0.5%,,0.6%
Thu Oct 14,8:00pm,USD,Natural Gas Storage,Low,81B,97B,118B
Thu Oct 14,8:30pm,USD,Crude Oil Inventories,Medium,6.1M,1.1M,2.3M
Fri Oct 15,10:00am,JPY,Tertiary Industry Activity m/m,Low,-1.7%,-0.3%,-0.6%
Fri Oct 15,12:15pm,EUR,French Final CPI m/m,Low,-0.2%,-0.2%,-0.2%
Fri Oct 15,2:30pm,EUR,Italian Trade Balance,Low,1.32B,9.23B,8.76B
Fri Oct 15,,EUR,Trade Balance,Low,11.1B,14.1B,13.5B
Fri Oct 15,,USD,Core Retail Sales m/m,High,0.8%,0.5%,2.0%
Fri Oct 15,,USD,Retail Sales m/m,High,0.7%,-0.2%,0.9%
Fri Oct 15,,USD,Empire State Manufacturing Index,Medium,19.8,24.9,34.3
Fri Oct 15,,USD,Import Prices m/m,Low,0.4%,0.6%,-0.3%
Fri Oct 15,7:30pm,USD,Prelim UoM Consumer Sentiment,Medium,71.4,73.5,72.8
Fri Oct 15,,USD,Business Inventories m/m,Low,0.6%,0.7%,0.6%
Fri Oct 15,,USD,Prelim UoM Inflation Expectations,Low,4.8%,,4.6%
Mon Oct 18,4:24am,GBP,Rightmove HPI m/m,Low,1.8%,,0.3%
Mon Oct 18,6:45pm,USD,Industrial Production m/m,Medium,-1.3%,0.3%,-0.1%
Mon Oct 18,,USD,Capacity Utilization Rate,Low,75.2%,76.6%,76.2%
Mon Oct 18,7:30pm,USD,NAHB Housing Market Index,Low,80,75,76
Tue Oct 19,1:30am,USD,TIC Long-Term Purchases,Low,79.3B,27.6B,2.0B
Tue Oct 19,6:00pm,USD,Building Permits,Low,1.59M,1.67M,1.72M
Tue Oct 19,,USD,Housing Starts,Low,1.56M,1.61M,1.58M
Wed Oct 20,5:20am,JPY,Trade Balance,Low,-0.62T,-0.59T,-0.34T
Wed Oct 20,11:30am,EUR,German PPI m/m,Low,2.3%,1.1%,1.5%
Wed Oct 20,,GBP,CPI y/y,High,3.1%,3.2%,3.2%
Wed Oct 20,,GBP,Core CPI y/y,Low,2.9%,3.0%,3.1%
Wed Oct 20,,GBP,PPI Input m/m,Low,0.4%,1.0%,0.5%
Wed Oct 20,,GBP,PPI Output m/m,Low,0.5%,0.5%,0.7%
Wed Oct 20,,GBP,RPI y/y,Low,4.9%,4.7%,4.8%
Wed Oct 20,1:30pm,EUR,Current Account,Low,13.4B,24.3B,22.6B
Wed Oct 20,2:00pm,GBP,HPI y/y,Low,10.6%,9.2%,8.5%
Wed Oct 20,2:30pm,EUR,Final Core CPI y/y,Low,1.9%,1.9%,1.9%
Wed Oct 20,,EUR,Final CPI y/y,Low,3.4%,3.4%,3.4%
Wed Oct 20,2:38pm,GBP,10-y Bond Auction,Low,1.14|2.7,,0.74|2.5
Wed Oct 20,3:05pm,EUR,German 10-y Bond Auction,Low,-0.16|1.1,,-0.22|1.1
Wed Oct 20,8:00pm,USD,Crude Oil Inventories,Medium,-0.4M,2.1M,6.1M
Thu Oct 21,11:30am,GBP,Public Sector Net Borrowing,Low,21.0B,23.5B,16.1B
Thu Oct 21,3:30pm,GBP,CBI Industrial Order Expectations,Low,9,17,22
Thu Oct 21,,USD,Philly Fed Manufacturing Index,Medium,23.8,25.1,30.7
Thu Oct 21,,USD,Unemployment Claims,Medium,290K,298K,296K
Thu Oct 21,7:30pm,EUR,Consumer Confidence,Low,-5,-5,-4
Thu Oct 21,,USD,CB Leading Index m/m,Low,0.2%,0.4%,0.8%
Thu Oct 21,,USD,Existing Home Sales,Low,6.29M,6.10M,5.88M
Thu Oct 21,8:00pm,USD,Natural Gas Storage,Low,92B,87B,81B
Fri Oct 22,4:31am,GBP,GfK Consumer Confidence,Low,-17,-16,-13
Fri Oct 22,5:00am,JPY,National Core CPI y/y,Low,0.1%,0.1%,0.0%
Fri Oct 22,6:00am,JPY,Flash Manufacturing PMI,Low,53.0,51.6,51.5
Fri Oct 22,11:30am,GBP,Retail Sales m/m,Medium,-0.2%,0.6%,-0.6%
Fri Oct 22,12:45pm,EUR,French Flash Manufacturing PMI,Medium,53.5,53.9,55.0
Fri Oct 22,,EUR,French Flash Services PMI,Medium,56.6,55.6,56.2
Fri Oct 22,1:00pm,EUR,German Flash Manufacturing PMI,High,58.2,56.5,58.4
Fri Oct 22,,EUR,German Flash Services PMI,High,52.4,55.2,56.2
Fri Oct 22,1:30pm,EUR,Flash Manufacturing PMI,Medium,58.5,57.0,58.6
Fri Oct 22,,EUR,Flash Services PMI,Medium,54.7,55.4,56.4
Fri Oct 22,2:00pm,GBP,Flash Manufacturing PMI,Medium,57.7,56.1,57.1
Fri Oct 22,,GBP,Flash Services PMI,Medium,58.0,54.5,55.4
Fri Oct 22,7:15pm,USD,Flash Manufacturing PMI,Medium,59.2,60.5,60.7
Fri Oct 22,,USD,Flash Services PMI,Medium,58.2,55.3,54.9
Fri Oct 22,11:28pm,USD,Federal Budget Balance,Low,-61.5B,-61.0B,-170.6B
Mon Oct 25,1:30pm,EUR,German ifo Business Climate,Medium,97.7,98.2,98.9
Mon Oct 25,6:30pm,EUR,Belgian NBB Business Climate,Low,4.0,2.3,4.0
Tue Oct 26,5:20am,JPY,SPPI y/y,Low,0.9%,1.1%,1.0%
Tue Oct 26,10:29am,JPY,BOJ Core CPI y/y,Low,0.6%,0.3%,0.3%
Tue Oct 26,3:30pm,GBP,CBI Realized Sales,Low,30,14,11
Tue Oct 26,6:30pm,USD,HPI m/m,Low,1.0%,1.5%,1.4%
Tue Oct 26,,USD,S&P/CS Composite-20 HPI y/y,Low,19.7%,20.1%,20.0%
Tue Oct 26,7:29pm,USD,Richmond Manufacturing Index,Medium,12,4,-3
Tue Oct 26,7:30pm,USD,CB Consumer Confidence,Medium,113.8,108.4,109.8
Tue Oct 26,,USD,New Home Sales,Low,800K,755K,702K
Wed Oct 27,4:31am,GBP,BRC Shop Price Index y/y,Low,-0.4%,,-0.5%
Wed Oct 27,11:30am,EUR,German GfK Consumer Climate,Low,0.9,-0.4,0.4
Wed Oct 27,,EUR,German Import Prices m/m,Low,1.3%,1.5%,1.4%
Wed Oct 27,,EUR,M3 Money Supply y/y,Low,7.4%,7.5%,7.9%
Wed Oct 27,,EUR,Private Loans y/y,Low,4.1%,4.4%,4.2%
Wed Oct 27,6:00pm,USD,Core Durable Goods Orders m/m,Medium,0.4%,0.4%,0.3%
Wed Oct 27,,USD,Durable Goods Orders m/m,Medium,-0.4%,-1.1%,1.3%
Wed Oct 27,,USD,Goods Trade Balance,Low,-96.3B,-88.2B,-88.2B
Wed Oct 27,,USD,Prelim Wholesale Inventories m/m,Low,1.1%,1.0%,1.2%
Wed Oct 27,8:00pm,USD,Crude Oil Inventories,Medium,4.3M,2.0M,-0.4M
Thu Oct 28,5:20am,JPY,Retail Sales y/y,Low,-0.6%,-2.2%,-3.2%
Thu Oct 28,,JPY,BOJ Policy Rate,Low,-0.10%,-0.10%,-0.10%
Thu Oct 28,All Day,EUR,German Prelim CPI m/m,Low,0.5%,0.4%,0.0%
Thu Oct 28,12:30pm,EUR,Spanish Flash CPI y/y,Low,5.5%,4.4%,4.0%
Thu Oct 28,,EUR,Spanish Unemployment Rate,Low,14.6%,14.1%,15.3%
Thu Oct 28,1:25pm,EUR,German Unemployment Change,Low,-39K,-20K,-31K
Thu Oct 28,2:49pm,EUR,Italian 10-y Bond Auction,Low,1.05|1.3,,0.86|1.7
Thu Oct 28,,EUR,Main Refinancing Rate,Medium,0.00%,0.00%,0.00%
Thu Oct 28,,USD,Advance GDP q/q,High,2.0%,2.6%,6.7%
Thu Oct 28,,USD,Advance GDP Price Index q/q,Medium,5.7%,5.3%,6.1%
Thu Oct 28,,USD,Unemployment Claims,Medium,281K,290K,291K
Thu Oct 28,7:30pm,USD,Pending Home Sales m/m,Medium,-2.3%,0.4%,8.1%
Thu Oct 28,8:00pm,USD,Natural Gas Storage,Low,87B,86B,92B
Fri Oct 29,5:00am,JPY,Tokyo Core CPI y/y,Low,0.1%,0.3%,0.1%
Fri Oct 29,,JPY,Unemployment Rate,Low,2.8%,2.8%,2.8%
Fri Oct 29,5:20am,JPY,Prelim Industrial Production m/m,Low,-5.4%,-2.8%,-3.6%
Fri Oct 29,10:29am,JPY,Consumer Confidence,Low,39.2,40.4,37.8
Fri Oct 29,10:30am,JPY,Housing Starts y/y,Low,4.3%,7.8%,7.5%
Fri Oct 29,11:00am,EUR,French Consumer Spending m/m,Low,-0.2%,0.5%,0.7%
Fri Oct 29,,EUR,French Flash GDP q/q,Low,3.0%,2.2%,1.1%
Fri Oct 29,12:15pm,EUR,French Prelim CPI m/m,Low,0.4%,0.3%,-0.2%
Fri Oct 29,,EUR,Spanish Flash GDP q/q,Low,2.0%,2.9%,1.1%
Fri Oct 29,1:30pm,EUR,German Prelim GDP q/q,Medium,1.8%,2.2%,1.6%
Fri Oct 29,,EUR,Italian Prelim GDP q/q,Low,2.6%,2.0%,2.7%
Fri Oct 29,2:00pm,GBP,M4 Money Supply m/m,Low,0.6%,0.6%,0.5%
Fri Oct 29,,GBP,Mortgage Approvals,Low,73K,72K,74K
Fri Oct 29,2:02pm,GBP,Net Lending to Individuals m/m,Low,9.8B,6.3B,5.0B
Fri Oct 29,2:30pm,EUR,Core CPI Flash Estimate y/y,Low,2.1%,1.9%,1.9%
Fri Oct 29,,EUR,CPI Flash Estimate y/y,Low,4.1%,3.7%,3.4%
Fri Oct 29,,EUR,Italian Prelim CPI m/m,Low,0.6%,0.4%,-0.2%
Fri Oct 29,,EUR,Prelim Flash GDP q/q,Low,2.2%,2.1%,2.2%
Fri Oct 29,,USD,Core PCE Price Index m/m,High,0.2%,0.2%,0.3%
Fri Oct 29,,USD,Employment Cost Index q/q,Low,1.3%,0.9%,0.7%
Fri Oct 29,,USD,Personal Income m/m,Low,-1.0%,-0.2%,0.2%
Fri Oct 29,,USD,Personal Spending m/m,Low,0.6%,0.6%,1.0%
Fri Oct 29,7:15pm,USD,Chicago PMI,Medium,68.4,63.6,64.7
Fri Oct 29,7:30pm,USD,Revised UoM Consumer Sentiment,Medium,71.7,71.4,71.4
Fri Oct 29,,USD,Revised UoM Inflation Expectations,Low,4.8%,,4.8%
Mon Nov 1,,JPY,Final Manufacturing PMI,Low,53.2,53.0,53.0
Mon Nov 1,9:05am,JPY,10-y Bond Auction,Low,0.11|3.1,,0.05|2.5
Mon Nov 1,12:30pm,EUR,German Retail Sales m/m,Low,-2.5%,0.5%,1.2%
Mon Nov 1,3:00pm,GBP,Final Manufacturing PMI,Low,57.8,57.7,57.7
Mon Nov 1,7:15pm,USD,Final Manufacturing PMI,Low,58.4,59.2,59.2
Mon Nov 1,7:30pm,USD,ISM Manufacturing PMI,High,60.8,60.4,61.1
Mon Nov 1,,USD,Construction Spending m/m,Low,-0.5%,0.6%,0.1%
Mon Nov 1,,USD,ISM Manufacturing Prices,Low,85.7,82.5,81.2
Tue Nov 2,5:20am,JPY,Monetary Base y/y,Low,9.9%,12.3%,11.7%
Tue Nov 2,1:45pm,EUR,Spanish Manufacturing PMI,Low,57.4,58.2,58.1
Tue Nov 2,2:15pm,EUR,Italian Manufacturing PMI,Low,61.1,59.6,59.7
Tue Nov 2,2:20pm,EUR,French Final Manufacturing PMI,Low,53.6,53.5,53.5
Tue Nov 2,2:25pm,EUR,German Final Manufacturing PMI,Low,57.8,58.2,58.2
Tue Nov 2,2:30pm,EUR,Final Manufacturing PMI,Low,58.3,58.5,58.5
Tue Nov 2,6:40pm,USD,RCM/TIPP Economic Optimism,Low,43.9,49.3,46.8
Tue Nov 2,All Day,USD,Wards Total Vehicle Sales,Low,13.0M,12.5M,12.2M
Wed Nov 3,12:30pm,GBP,Nationwide HPI m/m,Low,0.7%,0.3%,0.2%
Wed Nov 3,1:15pm,EUR,French Gov Budget Balance,Low,-175.1B,,-178.0B
Wed Nov 3,1:30pm,EUR,Spanish Unemployment Change,Medium,-0.7K,21.2K,-76.1K
Wed Nov 3,2:30pm,EUR,Italian Monthly Unemployment Rate,Low,9.2%,9.3%,9.3%
Wed Nov 3,3:00pm,GBP,Final Services PMI,Low,59.1,58.0,58.0
Wed Nov 3,,EUR,Unemployment Rate,Low,7.4%,7.4%,7.5%
Wed Nov 3,5:45pm,USD,ADP Non-Farm Employment Change,High,571K,400K,523K
Wed Nov 3,7:15pm,USD,Final Services PMI,Low,58.7,58.2,58.2
Wed Nov 3,7:30pm,USD,ISM Services PMI,High,66.7,61.9,61.9
Wed Nov 3,,USD,Factory Orders m/m,Low,0.2%,0.1%,1.0%
Wed Nov 3,8:00pm,USD,Crude Oil Inventories,Medium,3.3M,1.9M,4.3M
Wed Nov 3,11:30pm,USD,Federal Funds Rate,High,<0.25%,<0.25%,<0.25%
Thu Nov 4,12:30pm,EUR,German Factory Orders m/m,Low,1.3%,1.7%,-8.8%
Thu Nov 4,1:45pm,EUR,Spanish Services PMI,Low,56.6,55.7,56.9
Thu Nov 4,2:15pm,EUR,Italian Services PMI,Low,52.4,54.6,55.5
Thu Nov 4,2:20pm,EUR,French Final Services PMI,Low,56.6,56.6,56.6
Thu Nov 4,2:25pm,EUR,German Final Services PMI,Low,52.4,52.4,52.4
Thu Nov 4,2:30pm,EUR,Final Services PMI,Low,54.6,54.7,54.7
Thu Nov 4,3:00pm,GBP,Construction PMI,Low,54.6,52.0,52.6
Thu Nov 4,3:20pm,EUR,Spanish 10-y Bond Auction,Low,0.48|1.3,,0.45|1.4
Thu Nov 4,3:30pm,EUR,French 10-y Bond Auction,Low,0.16|1.8,,0.15|2.1
Thu Nov 4,,EUR,PPI m/m,Low,2.7%,2.3%,1.1%
Thu Nov 4,5:00pm,USD,Challenger Job Cuts y/y,Low,-71.7%,,-84.9%
Thu Nov 4,5:30pm,GBP,Asset Purchase Facility,High,875B,875B,875B
Thu Nov 4,,GBP,MPC Asset Purchase Facility Votes,High,0-3-6,0-2-7,0-2-7
Thu Nov 4,,GBP,MPC Official Bank Rate Votes,High,2-0-7,0-0-9,0-0-9
Thu Nov 4,,GBP,Official Bank Rate,High,0.10%,0.10%,0.10%
Thu Nov 4,,USD,Unemployment Claims,Medium,269K,273K,283K
Thu Nov 4,,USD,Prelim Nonfarm Productivity q/q,Low,-5.0%,-3.2%,2.1%
Thu Nov 4,,USD,Prelim Unit Labor Costs q/q,Low,8.3%,7.1%,1.3%
Thu Nov 4,,USD,Trade Balance,Low,-80.9B,-80.1B,-72.8B
Thu Nov 4,8:00pm,USD,Natural Gas Storage,Low,63B,67B,87B
Fri Nov 5,5:00am,JPY,Household Spending y/y,Low,-1.9%,-3.5%,-3.0%
Fri Nov 5,12:30pm,EUR,German Industrial Production m/m,Low,-1.1%,1.1%,-3.5%
Fri Nov 5,,GBP,Halifax HPI m/m,Low,0.9%,0.7%,1.7%
Fri Nov 5,1:15pm,EUR,French Industrial Production m/m,Low,-1.3%,0.0%,1.0%
Fri Nov 5,,EUR,French Prelim Private Payrolls q/q,Low,0.5%,0.6%,1.4%
Fri Nov 5,2:30pm,EUR,Italian Retail Sales m/m,Low,0.8%,0.2%,0.8%
Fri Nov 5,3:30pm,EUR,Retail Sales m/m,Low,-0.3%,0.2%,1.0%
Fri Nov 5,,USD,Average Hourly Earnings m/m,High,0.4%,0.4%,0.6%
Fri Nov 5,,USD,Non-Farm Employment Change,High,531K,455K,312K
Fri Nov 5,,USD,Unemployment Rate,High,4.6%,4.7%,4.8%
Sat Nov 6,12:30am,USD,Consumer Credit m/m,Low,29.9B,16.1B,13.8B
Mon Nov 8,10:30am,JPY,Leading Indicators,Low,99.7%,99.9%,101.3%
Mon Nov 8,3:00pm,EUR,Sentix Investor Confidence,Low,18.3,14.9,16.9
Tue Nov 9,5:00am,JPY,Average Cash Earnings y/y,Low,0.2%,0.6%,0.6%
Tue Nov 9,5:20am,JPY,Bank Lending y/y,Low,0.9%,0.7%,0.6%
Tue Nov 9,,JPY,Current Account,Low,0.76T,0.85T,0.88T
Tue Nov 9,5:31am,GBP,BRC Retail Sales Monitor y/y,Low,-0.2%,1.1%,-0.6%
Tue Nov 9,9:05am,JPY,30-y Bond Auction,Low,0.68|3.4,,0.70|2.9
Tue Nov 9,10:30am,JPY,Economy Watchers Sentiment,Low,55.5,48.6,42.1
Tue Nov 9,12:35pm,EUR,German Trade Balance,Low,13.2B,14.2B,14.0B
Tue Nov 9,1:15pm,EUR,French Trade Balance,Low,-6.8B,-7.0B,-6.7B
Tue Nov 9,3:30pm,EUR,ZEW Economic Sentiment,Medium,25.9,20.6,21.0
Tue Nov 9,,EUR,German ZEW Economic Sentiment,Medium,31.7,20.3,22.3
Tue Nov 9,4:30pm,USD,NFIB Small Business Index,Low,98.2,99.4,99.1
Tue Nov 9,7:00pm,USD,PPI m/m,High,0.6%,0.6%,0.5%
Tue Nov 9,,USD,Core PPI m/m,Medium,0.4%,0.5%,0.2%
Tue Nov 9,11:31pm,USD,10-y Bond Auction,Medium,1.44|2.4,,1.58|2.6
Wed Nov 10,5:20am,JPY,M2 Money Stock y/y,Low,4.2%,4.0%,4.2%
Wed Nov 10,11:27am,JPY,Prelim Machine Tool Orders y/y,Low,81.5%,,71.9%
Wed Nov 10,12:30pm,EUR,German Final CPI m/m,Low,0.5%,0.5%,0.5%
Wed Nov 10,,EUR,Italian Industrial Production m/m,Low,0.1%,-0.1%,-0.3%
Wed Nov 10,4:06pm,EUR,German 10-y Bond Auction,Low,-0.29|1.1,,-0.16|1.1
Wed Nov 10,,USD,Core CPI m/m,High,0.6%,0.4%,0.2%
Wed Nov 10,,USD,CPI m/m,High,0.9%,0.6%,0.4%
Wed Nov 10,,USD,CPI y/y,High,6.2%,5.9%,5.4%
Wed Nov 10,,USD,Unemployment Claims,Medium,267K,257K,271K
Wed Nov 10,8:30pm,USD,Final Wholesale Inventories m/m,Low,1.4%,1.1%,1.1%
Wed Nov 10,,USD,Mortgage Delinquencies,Low,4.88%,,5.47%
Wed Nov 10,9:00pm,USD,Crude Oil Inventories,Medium,1.0M,1.6M,3.3M
Wed Nov 10,10:30pm,USD,Natural Gas Storage,Low,7B,9B,63B
Wed Nov 10,11:31pm,USD,30-y Bond Auction,Medium,1.94|2.2,,2.05|2.4
Thu Nov 11,12:30am,USD,Federal Budget Balance,Low,-165.1B,-180.3B,-61.5B
Thu Nov 11,5:20am,JPY,PPI y/y,Low,8.0%,6.9%,6.4%
Thu Nov 11,5:31am,GBP,RICS House Price Balance,Low,70%,65%,69%
Thu Nov 11,12:30pm,GBP,Prelim GDP q/q,Medium,1.3%,1.5%,5.5%
Thu Nov 11,,GBP,Construction Output m/m,Low,1.3%,0.2%,-0.7%
Thu Nov 11,,GBP,GDP m/m,Low,0.6%,0.4%,0.2%
Thu Nov 11,,GBP,Goods Trade Balance,Low,-14.7B,-14.3B,-13.7B
Thu Nov 11,,GBP,Index of Services 3m/3m,Low,1.6%,1.9%,3.5%
Thu Nov 11,,GBP,Industrial Production m/m,Low,-0.4%,0.2%,1.0%
Thu Nov 11,,GBP,Manufacturing Production m/m,Low,-0.1%,0.2%,0.3%
Thu Nov 11,,GBP,Prelim Business Investment q/q,Low,0.4%,3.5%,4.5%
Thu Nov 11,6:28pm,GBP,NIESR GDP Estimate,Low,1.0%,,1.3%
Fri Nov 12,12:30pm,EUR,German WPI m/m,Low,1.6%,0.6%,0.8%
Fri Nov 12,3:30pm,EUR,Industrial Production m/m,Low,-0.2%,-0.5%,-1.7%
Fri Nov 12,8:30pm,USD,JOLTS Job Openings,Medium,10.44M,10.02M,10.63M
Fri Nov 12,,USD,Prelim UoM Consumer Sentiment,Medium,66.8,72.5,71.7
Fri Nov 12,,USD,Prelim UoM Inflation Expectations,Low,4.9%,,4.8%
Mon Nov 15,5:20am,JPY,Prelim GDP Price Index y/y,Low,-1.1%,-1.2%,-1.1%
Mon Nov 15,,JPY,Prelim GDP q/q,Low,-0.8%,-0.2%,0.5%
Mon Nov 15,5:31am,GBP,Rightmove HPI m/m,Low,-0.6%,,1.8%
Mon Nov 15,10:00am,JPY,Revised Industrial Production m/m,Low,-5.4%,-5.4%,-5.4%
Mon Nov 15,,EUR,Trade Balance,Low,6.1B,12.5B,9.7B
Mon Nov 15,,USD,Empire State Manufacturing Index,Medium,30.9,22.1,19.8
Tue Nov 16,10:00am,JPY,Tertiary Industry Activity m/m,Low,0.5%,0.9%,-1.1%
Tue Nov 16,12:30pm,GBP,Average Earnings Index 3m/y,Low,5.8%,5.5%,7.2%
Tue Nov 16,,GBP,Claimant Count Change,Low,-14.9K,-39.2K,-85.9K
Tue Nov 16,,GBP,Unemployment Rate,Low,4.3%,4.4%,4.5%
Tue Nov 16,1:15pm,EUR,French Final CPI m/m,Low,0.4%,0.4%,0.4%
Tue Nov 16,3:30pm,EUR,Flash Employment Change q/q,Low,0.9%,0.6%,0.7%
Tue Nov 16,,EUR,Flash GDP q/q,Low,2.2%,2.2%,2.2%
Tue Nov 16,7:00pm,USD,Core Retail Sales m/m,High,1.7%,1.0%,0.7%
Tue Nov 16,,USD,Retail Sales m/m,High,1.7%,1.3%,0.8%
Tue Nov 16,,USD,Import Prices m/m,Low,1.2%,1.0%,0.4%
Tue Nov 16,7:45pm,USD,Industrial Production m/m,Medium,1.6%,0.9%,-1.3%
Tue Nov 16,,USD,Capacity Utilization Rate,Low,76.4%,75.9%,75.2%
Tue Nov 16,8:30pm,USD,Business Inventories m/m,Low,0.7%,0.6%,0.8%
Tue Nov 16,,USD,NAHB Housing Market Index,Low,83,80,80
Wed Nov 17,2:30am,USD,TIC Long-Term Purchases,Low,26.3B,64.1B,79.3B
Wed Nov 17,5:20am,JPY,Core Machinery Orders m/m,Low,0.0%,1.4%,-2.4%
Wed Nov 17,,JPY,Trade Balance,Low,-0.44T,-0.60T,-0.61T
Wed Nov 17,12:30pm,GBP,CPI y/y,High,4.2%,3.9%,3.1%
Wed Nov 17,,GBP,Core CPI y/y,Low,3.4%,3.1%,2.9%
Wed Nov 17,,GBP,RPI y/y,Low,6.0%,5.7%,4.9%
Wed Nov 17,12:32pm,GBP,PPI Input m/m,Low,1.4%,1.1%,0.8%
Wed Nov 17,,GBP,PPI Output m/m,Low,1.1%,0.7%,0.7%
Wed Nov 17,2:32pm,EUR,Italian Trade Balance,Low,2.45B,2.07B,1.32B
Wed Nov 17,3:00pm,GBP,HPI y/y,Low,11.8%,11.5%,10.2%
Wed Nov 17,3:30pm,EUR,Final Core CPI y/y,Low,2.0%,2.1%,2.1%
Wed Nov 17,,EUR,Final CPI y/y,Low,4.1%,4.1%,4.1%
Wed Nov 17,4:05pm,EUR,German 30-y Bond Auction,Low,0.08|1.1,,0.35|2.0
Wed Nov 17,,USD,Building Permits,Low,1.65M,1.63M,1.59M
Wed Nov 17,,USD,Housing Starts,Low,1.52M,1.58M,1.53M
Wed Nov 17,8:00pm,GBP,CB Leading Index m/m,Low,0.1%,,0.1%
Wed Nov 17,9:00pm,USD,Crude Oil Inventories,Medium,-2.1M,1.0M,1.0M
Thu Nov 18,3:19pm,EUR,Spanish 10-y Bond Auction,Low,0.47|1.4,,0.48|1.3
Thu Nov 18,,USD,Philly Fed Manufacturing Index,Medium,39.0,24.2,23.8
Thu Nov 18,,USD,Unemployment Claims,Medium,268K,260K,269K
Thu Nov 18,8:30pm,USD,CB Leading Index m/m,Low,0.9%,0.8%,0.1%
Thu Nov 18,9:00pm,USD,Natural Gas Storage,Low,26B,25B,7B
Fri Nov 19,5:00am,JPY,National Core CPI y/y,Low,0.1%,0.1%,0.1%
Fri Nov 19,5:31am,GBP,GfK Consumer Confidence,Low,-14,-18,-17
Fri Nov 19,12:30pm,EUR,German PPI m/m,Low,3.8%,2.0%,2.3%
Fri Nov 19,,GBP,Retail Sales m/m,Medium,0.8%,0.5%,0.0%
Fri Nov 19,,GBP,Public Sector Net Borrowing,Low,18.0B,12.2B,19.9B
Fri Nov 19,2:30pm,EUR,Current Account,Low,18.7B,16.2B,17.1B
Mon Nov 22,8:29pm,EUR,Consumer Confidence,Low,-7,-5,-5
Mon Nov 22,8:30pm,USD,Existing Home Sales,Low,6.34M,6.20M,6.29M
Tue Nov 23,1:45pm,EUR,French Flash Services PMI,Medium,58.2,55.6,56.6
Tue Nov 23,,EUR,French Flash Manufacturing PMI,Low,54.6,53.1,53.6
Tue Nov 23,2:00pm,EUR,German Flash Manufacturing PMI,High,57.6,57.0,57.8
Tue Nov 23,,EUR,German Flash Services PMI,High,53.4,51.4,52.4
Tue Nov 23,2:30pm,EUR,Flash Manufacturing PMI,Medium,58.6,57.5,58.3
Tue Nov 23,,EUR,Flash Services PMI,Medium,56.6,53.6,54.6
Tue Nov 23,3:00pm,GBP,Flash Manufacturing PMI,Medium,58.2,57.2,57.8
Tue Nov 23,,GBP,Flash Services PMI,Medium,58.6,58.6,59.1
Tue Nov 23,8:15pm,USD,Flash Manufacturing PMI,Medium,59.1,59.3,58.4
Tue Nov 23,,USD,Flash Services PMI,Medium,57.0,59.1,58.7
Tue Nov 23,8:30pm,USD,Richmond Manufacturing Index,Low,11,10,12
Wed Nov 24,,JPY,Flash Manufacturing PMI,Low,54.2,53.5,53.2
Wed Nov 24,10:30am,JPY,BOJ Core CPI y/y,Low,0.6%,0.4%,0.6%
Wed Nov 24,,EUR,German ifo Business Climate,Medium,96.5,96.8,97.7
Wed Nov 24,4:30pm,GBP,CBI Industrial Order Expectations,Low,26,8,9
Wed Nov 24,7:00pm,USD,Prelim GDP q/q,High,2.1%,2.2%,2.0%
Wed Nov 24,,USD,Core Durable Goods Orders m/m,Medium,0.5%,0.5%,0.5%
Wed Nov 24,,USD,Durable Goods Orders m/m,Medium,-0.5%,0.2%,-0.3%
Wed Nov 24,,USD,Unemployment Claims,Medium,199K,259K,270K
Wed Nov 24,,USD,Goods Trade Balance,Low,-82.9B,-94.9B,-96.3B
Wed Nov 24,,USD,Prelim GDP Price Index q/q,Low,5.9%,5.7%,5.7%
Wed Nov 24,,USD,Prelim Wholesale Inventories m/m,Low,2.2%,1.0%,1.4%
Wed Nov 24,7:30pm,EUR,Belgian NBB Business Climate,Low,4.2,3.5,4.0
Wed Nov 24,8:30pm,USD,Core PCE Price Index m/m,High,0.4%,0.4%,0.2%
Wed Nov 24,,USD,Revised UoM Consumer Sentiment,Medium,67.4,66.8,66.8
Wed Nov 24,,USD,New Home Sales,Low,745K,801K,742K
Wed Nov 24,,USD,Personal Income m/m,Low,0.5%,0.2%,-1.0%
Wed Nov 24,,USD,Personal Spending m/m,Low,1.3%,1.0%,0.6%
Wed Nov 24,,USD,Revised UoM Inflation Expectations,Low,4.9%,,4.9%
Wed Nov 24,9:00pm,USD,Crude Oil Inventories,Medium,1.0M,-1.7M,-2.1M
Wed Nov 24,10:30pm,USD,Natural Gas Storage,Low,-21B,-23B,26B
Thu Nov 25,5:20am,JPY,SPPI y/y,Low,1.0%,0.9%,0.9%
Thu Nov 25,12:30pm,EUR,German Final GDP q/q,Low,1.7%,1.8%,1.8%
Thu Nov 25,,EUR,German GfK Consumer Climate,Low,-1.6,-1.0,1.0
Thu Nov 25,4:30pm,GBP,CBI Realized Sales,Low,39,32,30
Fri Nov 26,5:00am,JPY,Tokyo Core CPI y/y,Low,0.3%,0.3%,0.1%
Fri Nov 26,12:30pm,EUR,German Import Prices m/m,Low,3.8%,2.0%,1.3%
Fri Nov 26,2:30pm,EUR,M3 Money Supply y/y,Low,7.7%,7.4%,7.5%
Fri Nov 26,,EUR,Private Loans y/y,Low,4.1%,4.0%,4.1%
Mon Nov 29,5:20am,JPY,Retail Sales y/y,Low,0.9%,1.2%,-0.5%
Mon Nov 29,All Day,EUR,German Prelim CPI m/m,Low,-0.2%,-0.4%,0.5%
Mon Nov 29,1:30pm,EUR,Spanish Flash CPI y/y,Low,5.6%,5.5%,5.4%
Mon Nov 29,3:00pm,GBP,M4 Money Supply m/m,Low,0.6%,0.7%,0.7%
Mon Nov 29,,GBP,Mortgage Approvals,Low,67K,71K,72K
Mon Nov 29,3:02pm,GBP,Net Lending to Individuals m/m,Low,2.3B,9.7B,9.6B
Mon Nov 29,8:30pm,USD,Pending Home Sales m/m,Medium,7.5%,0.8%,-2.4%
Tue Nov 30,5:00am,JPY,Unemployment Rate,Low,2.7%,2.8%,2.8%
Tue Nov 30,5:20am,JPY,Prelim Industrial Production m/m,Low,1.1%,1.9%,-5.4%
Tue Nov 30,10:30am,JPY,Housing Starts y/y,Low,10.4%,5.4%,4.3%
Tue Nov 30,1:15pm,EUR,French Consumer Spending m/m,Low,-0.4%,0.0%,0.2%
Tue Nov 30,,EUR,French Prelim CPI m/m,Low,0.4%,0.2%,0.4%
Tue Nov 30,,EUR,French Prelim GDP q/q,Low,3.0%,3.0%,3.0%
Tue Nov 30,2:25pm,EUR,German Unemployment Change,Low,-34K,-25K,-40K
Tue Nov 30,3:30pm,EUR,Core CPI Flash Estimate y/y,Low,2.6%,2.3%,2.0%
Tue Nov 30,,EUR,CPI Flash Estimate y/y,Low,4.9%,4.5%,4.1%
Tue Nov 30,,EUR,Italian Prelim CPI m/m,Low,0.7%,0.1%,0.7%
Tue Nov 30,3:48pm,EUR,Italian 10-y Bond Auction,Low,1.02|1.5,,1.05|1.3
Tue Nov 30,7:30pm,USD,HPI m/m,Low,0.9%,1.2%,1.0%
Tue Nov 30,,USD,S&P/CS Composite-20 HPI y/y,Low,19.1%,19.3%,19.6%
Tue Nov 30,8:15pm,USD,Chicago PMI,Medium,61.8,67.1,68.4
Tue Nov 30,,USD,CB Consumer Confidence,Medium,109.5,110.8,111.6
Wed Dec 1,5:20am,JPY,Capital Spending q/y,Low,1.2%,1.6%,5.3%
Wed Dec 1,5:31am,GBP,BRC Shop Price Index y/y,Low,0.3%,,-0.4%
Wed Dec 1,,JPY,Final Manufacturing PMI,Low,54.5,54.2,54.2
Wed Dec 1,12:30pm,EUR,German Retail Sales m/m,Low,-0.3%,1.0%,-1.9%
Wed Dec 1,,GBP,Nationwide HPI m/m,Low,0.9%,0.4%,0.7%
Wed Dec 1,1:45pm,EUR,Spanish Manufacturing PMI,Low,57.1,57.9,57.4
Wed Dec 1,2:15pm,EUR,Italian Manufacturing PMI,Low,62.8,61.1,61.1
Wed Dec 1,2:20pm,EUR,French Final Manufacturing PMI,Low,55.9,54.6,54.6
Wed Dec 1,2:25pm,EUR,German Final Manufacturing PMI,Low,57.4,57.6,57.6
Wed Dec 1,2:30pm,EUR,Final Manufacturing PMI,Low,58.4,58.6,58.6
Wed Dec 1,3:00pm,GBP,Final Manufacturing PMI,Low,58.1,58.2,58.2
Wed Dec 1,3:36pm,GBP,10-y Bond Auction,Low,0.92|2.2,,1.14|2.7
Wed Dec 1,6:45pm,USD,ADP Non-Farm Employment Change,High,534K,525K,570K
Wed Dec 1,8:15pm,USD,Final Manufacturing PMI,Low,58.3,59.1,59.1
Wed Dec 1,,USD,ISM Manufacturing PMI,High,61.1,61.3,60.8
Wed Dec 1,,USD,Construction Spending m/m,Low,0.2%,0.4%,-0.1%
Wed Dec 1,,USD,ISM Manufacturing Prices,Low,82.4,85.5,85.7
Wed Dec 1,All Day,USD,Wards Total Vehicle Sales,Low,12.9M,13.5M,13.0M
Wed Dec 1,9:00pm,USD,Crude Oil Inventories,Medium,-0.9M,-1.5M,1.0M
Thu Dec 2,5:20am,JPY,Monetary Base y/y,Low,9.3%,10.3%,9.9%
Thu Dec 2,9:05am,JPY,10-y Bond Auction,Low,0.06|3.2,,0.11|3.1
Thu Dec 2,10:30am,JPY,Consumer Confidence,Low,39.2,40.3,39.2
Thu Dec 2,1:30pm,EUR,Spanish Unemployment Change,Medium,-74.4K,5.3K,-0.7K
Thu Dec 2,2:30pm,EUR,Italian Monthly Unemployment Rate,Low,9.4%,9.1%,9.2%
Thu Dec 2,3:17pm,EUR,Spanish 10-y Bond Auction,Low,0.39|2.1,,0.47|1.4
Thu Dec 2,3:30pm,EUR,PPI m/m,Low,5.4%,3.6%,2.8%
Thu Dec 2,,EUR,Unemployment Rate,Low,7.3%,7.3%,7.4%
Thu Dec 2,3:32pm,EUR,French 10-y Bond Auction,Low,-0.19|2.7,,0.16|1.8
Thu Dec 2,6:00pm,USD,Challenger Job Cuts y/y,Low,-77.0%,,-71.7%
Thu Dec 2,7:00pm,USD,Unemployment Claims,Medium,222K,238K,194K
Thu Dec 2,9:00pm,USD,Natural Gas Storage,Low,-59B,-59B,-21B
Fri Dec 3,1:15pm,EUR,French Gov Budget Balance,Low,-171.6B,,-175.1B
Fri Dec 3,,EUR,French Industrial Production m/m,Low,0.9%,0.7%,-1.5%
Fri Dec 3,1:45pm,EUR,Spanish Services PMI,Low,59.8,58.6,56.6
Fri Dec 3,2:15pm,EUR,Italian Services PMI,Low,55.9,54.6,52.4
Fri Dec 3,2:20pm,EUR,French Final Services PMI,Low,57.4,58.2,58.2
Fri Dec 3,2:25pm,EUR,German Final Services PMI,Low,52.7,53.4,53.4
Fri Dec 3,2:30pm,EUR,Final Services PMI,Low,55.9,56.6,56.6
Fri Dec 3,3:00pm,GBP,Final Services PMI,Low,58.5,58.6,58.6
Fri Dec 3,3:30pm,EUR,Retail Sales m/m,Low,0.2%,0.3%,-0.4%
Fri Dec 3,,USD,Average Hourly Earnings m/m,High,0.3%,0.4%,0.4%
Fri Dec 3,,USD,Non-Farm Employment Change,High,210K,553K,546K
Fri Dec 3,,USD,Unemployment Rate,High,4.2%,4.5%,4.6%
Fri Dec 3,8:15pm,USD,Final Services PMI,Low,58.0,57.0,57.0
Fri Dec 3,8:30pm,USD,ISM Services PMI,High,69.1,64.9,66.7
Fri Dec 3,,USD,Factory Orders m/m,Low,1.0%,0.5%,0.5%
Mon Dec 6,12:30pm,EUR,German Factory Orders m/m,Low,-6.9%,-0.2%,1.8%
Mon Dec 6,2:30pm,EUR,Italian Retail Sales m/m,Low,0.1%,0.4%,1.0%
Mon Dec 6,3:00pm,EUR,Sentix Investor Confidence,Low,13.5,14.5,18.3
Mon Dec 6,,GBP,Construction PMI,Low,55.5,54.9,54.6
Tue Dec 7,5:00am,JPY,Average Cash Earnings y/y,Low,0.2%,0.4%,0.2%
Tue Dec 7,,JPY,Household Spending y/y,Low,-0.6%,-0.6%,-1.9%
Tue Dec 7,5:31am,GBP,BRC Retail Sales Monitor y/y,Low,1.8%,0.3%,-0.2%
Tue Dec 7,9:05am,JPY,30-y Bond Auction,Low,0.67|3.2,,0.68|3.4
Tue Dec 7,10:30am,JPY,Leading Indicators,Low,102.1%,102.9%,100.9%
Tue Dec 7,12:30pm,EUR,German Industrial Production m/m,Low,2.8%,1.1%,-0.5%
Tue Dec 7,,GBP,Halifax HPI m/m,Low,1.0%,0.8%,1.0%
Tue Dec 7,1:15pm,EUR,French Trade Balance,Low,-7.5B,-7.0B,-6.9B
Tue Dec 7,3:30pm,EUR,ZEW Economic Sentiment,Medium,26.8,22.4,25.9
Tue Dec 7,,EUR,German ZEW Economic Sentiment,Medium,29.9,25.3,31.7
Tue Dec 7,,EUR,Final Employment Change q/q,Low,0.9%,0.9%,0.9%
Tue Dec 7,,EUR,Revised GDP q/q,Low,2.2%,2.2%,2.2%
Tue Dec 7,3:37pm,GBP,30-y Bond Auction,Low,0.87|2.4,,1.33|2.1
Tue Dec 7,,USD,Revised Nonfarm Productivity q/q,Low,-5.2%,-4.9%,-5.0%
Tue Dec 7,,USD,Revised Unit Labor Costs q/q,Low,9.6%,8.3%,8.3%
Tue Dec 7,,USD,Trade Balance,Low,-67.1B,-66.9B,-81.4B
Tue Dec 7,,USD,RCM/TIPP Economic Optimism,Low,48.4,45.8,43.9
Wed Dec 8,1:30am,USD,Consumer Credit m/m,Low,16.9B,24.9B,27.8B
Wed Dec 8,5:20am,JPY,Bank Lending y/y,Low,0.6%,0.7%,0.9%
Wed Dec 8,,JPY,Current Account,Low,1.03T,0.98T,0.76T
Wed Dec 8,,JPY,Final GDP q/q,Low,-0.9%,-0.8%,-0.8%
Wed Dec 8,5:23am,JPY,Final GDP Price Index y/y,Low,-1.2%,-1.1%,-1.1%
Wed Dec 8,10:30am,JPY,Economy Watchers Sentiment,Low,56.3,57.3,55.5
Wed Dec 8,12:00pm,EUR,French Final Private Payrolls q/q,Low,0.5%,0.5%,0.5%
Wed Dec 8,4:06pm,EUR,German 10-y Bond Auction,Low,-0.38|1.3,,-0.29|1.1
Wed Dec 8,,USD,JOLTS Job Openings,High,11.03M,10.45M,10.60M
Wed Dec 8,9:00pm,USD,Crude Oil Inventories,Medium,-0.2M,-1.5M,-0.9M
Wed Dec 8,11:31pm,USD,10-y Bond Auction,Medium,1.52|2.4,,1.44|2.4
Thu Dec 9,5:20am,JPY,BSI Manufacturing Index,Low,7.9,5.3,7.0
Thu Dec 9,,JPY,M2 Money Stock y/y,Low,4.0%,4.1%,4.2%
Thu Dec 9,5:31am,GBP,RICS House Price Balance,Low,71%,70%,71%
Thu Dec 9,11:29am,JPY,Prelim Machine Tool Orders y/y,Low,64.0%,,81.5%
Thu Dec 9,12:30pm,EUR,German Trade Balance,Low,12.5B,12.9B,12.9B
Thu Dec 9,7:00pm,USD,Unemployment Claims,Medium,184K,218K,227K
Thu Dec 9,8:30pm,USD,Final Wholesale Inventories m/m,Low,2.3%,2.2%,2.2%
Thu Dec 9,9:00pm,USD,Natural Gas Storage,Low,-59B,-60B,-59B
Thu Dec 9,11:31pm,USD,30-y Bond Auction,Medium,1.90|2.2,,1.94|2.2
Fri Dec 10,5:20am,JPY,PPI y/y,Low,9.0%,8.6%,8.3%
Fri Dec 10,12:30pm,EUR,German Final CPI m/m,Low,-0.2%,-0.2%,-0.2%
Fri Dec 10,,GBP,Construction Output m/m,Low,-1.8%,0.2%,1.3%
Fri Dec 10,,GBP,GDP m/m,Low,0.1%,0.4%,0.6%
Fri Dec 10,,GBP,Goods Trade Balance,Low,-13.9B,-14.5B,-14.7B
Fri Dec 10,,GBP,Index of Services 3m/3m,Low,1.1%,1.2%,1.6%
Fri Dec 10,,GBP,Industrial Production m/m,Low,-0.6%,0.1%,-0.4%
Fri Dec 10,,GBP,Manufacturing Production m/m,Low,0.0%,0.2%,-0.1%
Fri Dec 10,2:30pm,EUR,Italian Industrial Production m/m,Low,-0.6%,0.3%,0.1%
Fri Dec 10,3:00pm,GBP,Consumer Inflation Expectations,Low,3.2%,,2.7%
Fri Dec 10,6:45pm,GBP,NIESR GDP Estimate,Low,0.9%,,0.9%
Fri Dec 10,,USD,Core CPI m/m,High,0.5%,0.5%,0.6%
Fri Dec 10,,USD,CPI m/m,High,0.8%,0.7%,0.9%
Fri Dec 10,,USD,CPI y/y,High,6.8%,6.8%,6.2%
Fri Dec 10,8:30pm,USD,Prelim UoM Consumer Sentiment,Medium,70.4,67.9,67.4
Fri Dec 10,,USD,Prelim UoM Inflation Expectations,Low,4.9%,,4.9%
Sat Dec 11,12:22am,USD,Federal Budget Balance,Low,-191.3B,-195.0B,-165.1B
Mon Dec 13,5:20am,JPY,Core Machinery Orders m/m,Low,3.8%,1.9%,0.0%
Mon Dec 13,,JPY,Tankan Manufacturing Index,Low,18,19,18
Mon Dec 13,,JPY,Tankan Non-Manufacturing Index,Low,9,5,2
Mon Dec 13,5:31am,GBP,Rightmove HPI m/m,Low,-0.7%,,-0.6%
Mon Dec 13,12:30pm,EUR,German WPI m/m,Low,1.3%,1.3%,1.6%
Mon Dec 13,2:30pm,EUR,Italian Quarterly Unemployment Rate,Low,9.2%,9.4%,9.8%
Tue Dec 14,10:00am,JPY,Revised Industrial Production m/m,Low,1.8%,1.1%,1.1%
Tue Dec 14,12:30pm,GBP,Average Earnings Index 3m/y,Low,4.9%,4.6%,5.9%
Tue Dec 14,,GBP,Claimant Count Change,Low,-49.8K,-31.5K,-58.5K
Tue Dec 14,,GBP,Unemployment Rate,Low,4.2%,4.2%,4.3%
Tue Dec 14,3:30pm,EUR,Industrial Production m/m,Low,1.1%,1.2%,-0.2%
Tue Dec 14,4:30pm,USD,NFIB Small Business Index,Low,98.4,98.4,98.2
Tue Dec 14,7:00pm,USD,PPI m/m,High,0.8%,0.5%,0.6%
Tue Dec 14,,USD,Core PPI m/m,Medium,0.7%,0.4%,0.4%
Tue Dec 14,8:00pm,GBP,CB Leading Index m/m,Low,0.0%,,0.1%
Wed Dec 15,10:00am,JPY,Tertiary Industry Activity m/m,Low,1.5%,1.2%,0.5%
Wed Dec 15,12:30pm,GBP,CPI y/y,High,5.1%,4.8%,4.2%
Wed Dec 15,,GBP,Core CPI y/y,Low,4.0%,3.7%,3.4%
Wed Dec 15,,GBP,PPI Input m/m,Low,1.0%,0.5%,1.6%
Wed Dec 15,,GBP,PPI Output m/m,Low,0.9%,0.6%,1.5%
Wed Dec 15,,GBP,RPI y/y,Low,7.1%,6.7%,6.0%
Wed Dec 15,1:15pm,EUR,French Final CPI m/m,Low,0.4%,0.4%,0.4%
Wed Dec 15,3:00pm,GBP,HPI y/y,Low,10.2%,11.1%,12.3%
Wed Dec 15,7:00pm,USD,Core Retail Sales m/m,High,0.3%,0.9%,1.8%
Wed Dec 15,,USD,Retail Sales m/m,High,0.3%,0.8%,1.8%
Wed Dec 15,,USD,Empire State Manufacturing Index,Medium,31.9,24.9,30.9
Wed Dec 15,,USD,Import Prices m/m,Low,0.7%,0.5%,1.5%
Wed Dec 15,8:30pm,USD,Business Inventories m/m,Low,1.2%,1.0%,0.8%
Wed Dec 15,,USD,NAHB Housing Market Index,Low,84,84,83
Wed Dec 15,9:00pm,USD,Crude Oil Inventories,Low,-4.6M,-1.8M,-0.2M
Thu Dec 16,12:30am,USD,Federal Funds Rate,High,<0.25%,<0.25%,<0.25%
Thu Dec 16,2:30am,USD,TIC Long-Term Purchases,Low,7.1B,35.9B,26.7B
Thu Dec 16,5:20am,JPY,Trade Balance,Low,-0.49T,-0.32T,-0.42T
Thu Dec 16,,JPY,Flash Manufacturing PMI,Low,54.2,55.0,54.5
Thu Dec 16,1:45pm,EUR,French Flash Services PMI,Medium,57.1,55.9,57.4
Thu Dec 16,,EUR,French Flash Manufacturing PMI,Low,54.9,55.4,55.9
Thu Dec 16,,EUR,German Flash Manufacturing PMI,High,57.9,57.0,57.4
Thu Dec 16,,EUR,German Flash Services PMI,High,48.4,50.9,52.7
Thu Dec 16,,EUR,Flash Manufacturing PMI,Medium,58.0,57.8,58.4
Thu Dec 16,,EUR,Flash Services PMI,Medium,53.3,54.2,55.9
Thu Dec 16,,EUR,Italian Trade Balance,Low,3.89B,3.25B,2.44B
Thu Dec 16,3:00pm,GBP,Flash Manufacturing PMI,Medium,57.6,57.5,58.1
Thu Dec 16,,GBP,Flash Services PMI,Medium,53.2,57.1,58.5
Thu Dec 16,3:30pm,EUR,Trade Balance,Low,2.4B,5.7B,6.1B
Thu Dec 16,5:30pm,GBP,Asset Purchase Facility,High,875B,875B,875B
Thu Dec 16,,GBP,MPC Asset Purchase Facility Votes,High,0-0-9,0-3-6,0-3-6
Thu Dec 16,,GBP,MPC Official Bank Rate Votes,High,8-0-1,2-0-7,2-0-7
Thu Dec 16,,GBP,Official Bank Rate,High,0.25%,0.10%,0.10%
Thu Dec 16,6:15pm,EUR,Main Refinancing Rate,High,0.00%,0.00%,0.00%
Thu Dec 16,,USD,Philly Fed Manufacturing Index,Medium,15.4,29.6,39.0
Thu Dec 16,,USD,Unemployment Claims,Medium,206K,196K,188K
Thu Dec 16,,USD,Building Permits,Low,1.71M,1.66M,1.65M
Thu Dec 16,,USD,Housing Starts,Low,1.68M,1.57M,1.50M
Thu Dec 16,7:45pm,USD,Industrial Production m/m,Medium,0.5%,0.6%,1.7%
Thu Dec 16,,USD,Capacity Utilization Rate,Low,76.8%,76.9%,76.5%
Thu Dec 16,8:15pm,USD,Flash Manufacturing PMI,Medium,57.8,58.6,58.3
Thu Dec 16,,USD,Flash Services PMI,Medium,57.5,58.9,58.0
Thu Dec 16,9:00pm,USD,Natural Gas Storage,Low,-88B,-85B,-59B
Fri Dec 17,5:31am,GBP,GfK Consumer Confidence,Low,-15,-17,-14
Fri Dec 17,,JPY,BOJ Policy Rate,Low,-0.10%,-0.10%,-0.10%
Fri Dec 17,12:30pm,EUR,German PPI m/m,Low,0.8%,1.4%,3.8%
Fri Dec 17,,GBP,Retail Sales m/m,Medium,1.4%,0.8%,1.1%
Fri Dec 17,2:30pm,EUR,German ifo Business Climate,Medium,94.7,95.3,96.6
Fri Dec 17,3:30pm,EUR,Final Core CPI y/y,Low,2.6%,2.6%,2.6%
Fri Dec 17,,EUR,Final CPI y/y,Low,4.9%,4.9%,4.9%
Mon Dec 20,2:30pm,EUR,Current Account,Low,18.1B,20.3B,17.6B
Mon Dec 20,,GBP,CBI Industrial Order Expectations,Low,24,20,26
Mon Dec 20,8:30pm,USD,CB Leading Index m/m,Low,1.1%,0.9%,0.9%
Tue Dec 21,,EUR,German GfK Consumer Climate,Low,-6.8,-2.6,-1.8
Tue Dec 21,,GBP,Public Sector Net Borrowing,Low,16.6B,15.4B,11.6B
Tue Dec 21,4:30pm,GBP,CBI Realized Sales,Low,8,24,39
Tue Dec 21,,USD,Current Account,Low,-215B,-206B,-198B
Tue Dec 21,8:27pm,EUR,Consumer Confidence,Low,-8,-8,-7
Wed Dec 22,12:30pm,GBP,Current Account,Low,-24.4B,-15.8B,-13.5B
Wed Dec 22,,GBP,Final GDP q/q,Low,1.1%,1.3%,1.3%
Wed Dec 22,,GBP,Revised Business Investment q/q,Low,-2.5%,0.4%,0.4%
Wed Dec 22,7:00pm,USD,Final GDP q/q,Medium,2.3%,2.1%,2.1%
Wed Dec 22,,USD,Final GDP Price Index q/q,Low,6.0%,5.9%,5.9%
Wed Dec 22,8:30pm,USD,CB Consumer Confidence,Medium,115.8,111.1,111.9
Wed Dec 22,,USD,Existing Home Sales,Medium,6.46M,6.55M,6.34M
Wed Dec 22,9:00pm,USD,Crude Oil Inventories,Low,-4.7M,-2.4M,-4.6M
Thu Dec 23,12:30pm,EUR,German Import Prices m/m,Low,3.0%,0.9%,3.8%
Thu Dec 23,,USD,Core PCE Price Index m/m,High,0.5%,0.4%,0.5%
Thu Dec 23,,USD,Core Durable Goods Orders m/m,Medium,0.8%,0.6%,0.3%
Thu Dec 23,,USD,Durable Goods Orders m/m,Medium,2.5%,1.9%,-0.4%
Thu Dec 23,,USD,Personal Income m/m,Low,0.4%,0.4%,0.5%
Thu Dec 23,,USD,Personal Spending m/m,Low,0.6%,0.6%,1.4%
Thu Dec 23,,USD,Unemployment Claims,Low,205K,200K,205K
Thu Dec 23,7:26pm,EUR,Belgian NBB Business Climate,Low,3.6,4.5,4.2
Thu Dec 23,8:30pm,USD,New Home Sales,Low,744K,770K,662K
Thu Dec 23,,USD,Revised UoM Consumer Sentiment,Low,70.6,70.4,70.4
Thu Dec 23,,USD,Revised UoM Inflation Expectations,Low,4.8%,,4.9%
Thu Dec 23,9:00pm,USD,Natural Gas Storage,Low,-55B,-54B,-88B
Fri Dec 24,5:00am,JPY,National Core CPI y/y,Low,0.5%,0.4%,0.1%
Fri Dec 24,5:20am,JPY,SPPI y/y,Low,1.1%,1.0%,1.0%
Fri Dec 24,10:32am,JPY,Housing Starts y/y,Low,3.7%,7.4%,10.4%
Mon Dec 27,,JPY,Retail Sales y/y,Low,1.9%,1.8%,0.9%
Tue Dec 28,5:00am,JPY,Unemployment Rate,Low,2.8%,2.7%,2.7%
Tue Dec 28,5:20am,JPY,Prelim Industrial Production m/m,Low,7.2%,4.9%,1.8%
Tue Dec 28,10:30am,JPY,BOJ Core CPI y/y,Low,0.8%,0.5%,0.6%
Tue Dec 28,7:30pm,USD,HPI m/m,Low,1.1%,0.9%,0.9%
Tue Dec 28,,USD,S&P/CS Composite-20 HPI y/y,Low,18.4%,18.6%,19.1%
Tue Dec 28,8:30pm,USD,Richmond Manufacturing Index,Low,16,11,11
Wed Dec 29,,EUR,M3 Money Supply y/y,Low,7.3%,7.6%,7.7%
Wed Dec 29,,EUR,Private Loans y/y,Low,4.2%,4.2%,4.1%
Wed Dec 29,7:00pm,USD,Goods Trade Balance,Low,-97.8B,-89.0B,-83.2B
Wed Dec 29,,USD,Prelim Wholesale Inventories m/m,Low,1.2%,1.5%,2.3%
Wed Dec 29,8:30pm,USD,Pending Home Sales m/m,Low,-2.2%,0.6%,7.5%
Wed Dec 29,9:00pm,USD,Crude Oil Inventories,Low,-3.6M,-2.7M,-4.7M
Thu Dec 30,12:30pm,GBP,Nationwide HPI m/m,Low,1.0%,0.5%,0.9%
Thu Dec 30,,EUR,Spanish Flash CPI y/y,Low,6.7%,5.6%,5.5%
Thu Dec 30,7:00pm,USD,Unemployment Claims,Low,198K,205K,206K
Thu Dec 30,8:15pm,USD,Chicago PMI,Low,63.1,61.9,61.8
Thu Dec 30,9:00pm,USD,Natural Gas Storage,Low,-136B,-128B,-55B
Mon Jan 3,1:45pm,EUR,Spanish Manufacturing PMI,Low,56.2,56.3,57.1
Mon Jan 3,2:15pm,EUR,Italian Manufacturing PMI,Low,62.0,61.6,62.8
Mon Jan 3,2:20pm,EUR,French Final Manufacturing PMI,Low,55.6,54.9,54.9
Mon Jan 3,2:25pm,EUR,German Final Manufacturing PMI,Low,57.4,57.9,57.9
Mon Jan 3,2:30pm,EUR,Final Manufacturing PMI,Low,58.0,58.0,58.0
Mon Jan 3,8:15pm,USD,Final Manufacturing PMI,Low,57.7,57.7,57.8
Mon Jan 3,8:30pm,USD,Construction Spending m/m,Low,0.4%,0.8%,0.4%
Tue Jan 4,5:31am,GBP,BRC Shop Price Index y/y,Low,0.8%,,0.3%
Tue Jan 4,6:00am,JPY,Final Manufacturing PMI,Low,54.3,54.3,54.2
Tue Jan 4,12:30pm,EUR,German Retail Sales m/m,Low,0.6%,-0.2%,0.5%
Tue Jan 4,1:15pm,EUR,French Prelim CPI m/m,Low,0.2%,0.3%,0.4%
Tue Jan 4,1:32pm,EUR,Spanish Unemployment Change,Medium,-76.8K,-32.5K,-74.4K
Tue Jan 4,2:25pm,EUR,German Unemployment Change,Low,-23K,-15K,-34K
Tue Jan 4,3:00pm,GBP,Final Manufacturing PMI,Low,57.9,57.6,57.6
Tue Jan 4,,GBP,M4 Money Supply m/m,Low,0.7%,0.5%,0.6%
Tue Jan 4,,GBP,Mortgage Approvals,Low,67K,66K,67K
Tue Jan 4,3:02pm,GBP,Net Lending to Individuals m/m,Low,4.9B,3.9B,2.0B
Tue Jan 4,8:30pm,USD,ISM Manufacturing PMI,High,58.7,60.0,61.1
Tue Jan 4,,USD,JOLTS Job Openings,High,10.56M,11.06M,11.09M
Tue Jan 4,,USD,ISM Manufacturing Prices,Low,68.2,79.3,82.4
Tue Jan 4,All Day,USD,Wards Total Vehicle Sales,Low,12.4M,13.1M,12.9M
Wed Jan 5,5:20am,JPY,Monetary Base y/y,Low,8.3%,9.5%,9.3%
Wed Jan 5,9:05am,JPY,10-y Bond Auction,Low,0.10|3.5,,0.06|3.2
Wed Jan 5,10:30am,JPY,Consumer Confidence,Low,39.1,39.8,39.2
Wed Jan 5,1:45pm,EUR,Spanish Services PMI,Low,55.8,57.3,59.8
Wed Jan 5,2:15pm,EUR,Italian Services PMI,Low,53.0,53.9,55.9
Wed Jan 5,2:20pm,EUR,French Final Services PMI,Low,57.0,57.1,57.1
Wed Jan 5,2:25pm,EUR,German Final Services PMI,Low,48.7,48.4,48.4
Wed Jan 5,2:30pm,EUR,Final Services PMI,Low,53.1,53.3,53.3
Wed Jan 5,3:30pm,EUR,Italian Prelim CPI m/m,Low,0.4%,0.3%,0.6%
Wed Jan 5,4:03pm,EUR,German 10-y Bond Auction,Low,-0.09|1.5,,-0.38|1.3
Wed Jan 5,6:45pm,USD,ADP Non-Farm Employment Change,High,807K,405K,505K
Wed Jan 5,8:15pm,USD,Final Services PMI,Low,57.6,57.5,57.5
Wed Jan 5,9:00pm,USD,Crude Oil Inventories,Low,-2.1M,-3.5M,-3.6M
Thu Jan 6,12:30pm,EUR,German Factory Orders m/m,Low,3.7%,2.1%,-5.8%
Thu Jan 6,All Day,EUR,German Prelim CPI m/m,Low,0.5%,0.4%,-0.2%
Thu Jan 6,3:00pm,GBP,Final Services PMI,Low,53.6,53.2,53.2
Thu Jan 6,3:30pm,EUR,PPI m/m,Low,1.8%,1.1%,5.4%
Thu Jan 6,3:37pm,EUR,French 10-y Bond Auction,Low,0.30|2.1,,-0.19|2.7
Thu Jan 6,6:00pm,USD,Challenger Job Cuts y/y,Low,-75.3%,,-77.0%
Thu Jan 6,,USD,Unemployment Claims,Medium,207K,199K,200K
Thu Jan 6,,USD,Trade Balance,Low,-80.2B,-80.5B,-67.2B
Thu Jan 6,8:30pm,USD,ISM Services PMI,High,62.0,67.0,69.1
Thu Jan 6,,USD,Factory Orders m/m,Low,1.6%,1.5%,1.2%
Thu Jan 6,9:00pm,USD,Natural Gas Storage,Low,-31B,-55B,-136B
Fri Jan 7,5:00am,JPY,Average Cash Earnings y/y,Low,0.0%,0.5%,0.2%
Fri Jan 7,,JPY,Household Spending y/y,Low,-1.3%,1.3%,-0.6%
Fri Jan 7,,JPY,Tokyo Core CPI y/y,Low,0.5%,0.5%,0.3%
Fri Jan 7,9:05am,JPY,30-y Bond Auction,Low,0.72|3.6,,0.67|3.2
Fri Jan 7,12:30pm,EUR,German Industrial Production m/m,Low,-0.2%,1.1%,2.4%
Fri Jan 7,,EUR,German Trade Balance,Low,10.9B,12.7B,12.4B
Fri Jan 7,,GBP,Halifax HPI m/m,Low,1.1%,1.1%,1.1%
Fri Jan 7,1:15pm,EUR,French Consumer Spending m/m,Low,0.8%,0.5%,-0.6%
Fri Jan 7,,EUR,French Industrial Production m/m,Low,-0.4%,0.5%,0.9%
Fri Jan 7,,EUR,French Trade Balance,Low,-9.7B,-7.2B,-7.7B
Fri Jan 7,3:00pm,GBP,Construction PMI,Low,54.3,53.9,55.5
Fri Jan 7,,GBP,Housing Equity Withdrawal q/q,Low,-7.1B,3.8B,6.1B
Fri Jan 7,3:30pm,EUR,Core CPI Flash Estimate y/y,Low,2.6%,2.5%,2.6%
Fri Jan 7,,EUR,CPI Flash Estimate y/y,Low,5.0%,4.8%,4.9%
Fri Jan 7,,EUR,Retail Sales m/m,Low,1.0%,-0.4%,0.3%
Fri Jan 7,,USD,Average Hourly Earnings m/m,High,0.6%,0.4%,0.4%
Fri Jan 7,,USD,Non-Farm Employment Change,High,199K,426K,249K
Fri Jan 7,,USD,Unemployment Rate,High,3.9%,4.1%,4.2%
Sat Jan 8,1:30am,USD,Consumer Credit m/m,Low,40.0B,19.9B,16.0B
Mon Jan 10,2:30pm,EUR,Italian Monthly Unemployment Rate,Low,9.2%,9.3%,9.4%
Mon Jan 10,3:00pm,EUR,Sentix Investor Confidence,Low,14.9,12.6,13.5
Mon Jan 10,3:30pm,EUR,Unemployment Rate,Low,7.2%,7.2%,7.3%
Mon Jan 10,8:30pm,USD,Final Wholesale Inventories m/m,Low,1.4%,1.2%,1.2%
Tue Jan 11,5:31am,GBP,BRC Retail Sales Monitor y/y,Low,0.6%,0.3%,1.8%
Tue Jan 11,10:30am,JPY,Leading Indicators,Low,103.0%,102.9%,101.5%
Tue Jan 11,2:30pm,EUR,Italian Retail Sales m/m,Low,-0.4%,0.3%,0.2%
Tue Jan 11,4:20pm,USD,NFIB Small Business Index,Low,98.9,98.6,98.4
Tue Jan 11,,USD,RCM/TIPP Economic Optimism,Low,44.7,50.2,48.4
Wed Jan 12,5:20am,JPY,Bank Lending y/y,Low,0.6%,0.7%,0.6%
Wed Jan 12,,JPY,Current Account,Low,1.37T,1.05T,1.03T
Wed Jan 12,10:30am,JPY,Economy Watchers Sentiment,Low,56.4,56.2,56.3
Wed Jan 12,12:30pm,EUR,German WPI m/m,Low,0.2%,1.2%,1.3%
Wed Jan 12,3:30pm,EUR,Industrial Production m/m,Low,2.3%,0.1%,-1.3%
Wed Jan 12,4:05pm,EUR,German 30-y Bond Auction,Low,0.28|1.1,,0.08|1.1
Wed Jan 12,7:00pm,USD,Core CPI m/m,High,0.6%,0.5%,0.5%
Wed Jan 12,,USD,CPI m/m,High,0.5%,0.4%,0.8%
Wed Jan 12,,USD,CPI y/y,High,7.0%,7.0%,6.8%
Wed Jan 12,9:00pm,USD,Crude Oil Inventories,Medium,-4.6M,-2.1M,-2.1M
Wed Jan 12,11:31pm,USD,10-y Bond Auction,Medium,1.72|2.5,,1.52|2.4
Thu Jan 13,,USD,Federal Budget Balance,Low,-21.3B,-5.8B,-191.3B
Thu Jan 13,5:20am,JPY,M2 Money Stock y/y,Low,3.7%,3.9%,4.0%
Thu Jan 13,11:28am,JPY,Prelim Machine Tool Orders y/y,Low,40.5%,,64.0%
Thu Jan 13,,EUR,Italian Industrial Production m/m,Low,1.9%,0.4%,-0.5%
Thu Jan 13,7:00pm,USD,PPI m/m,High,0.2%,0.4%,0.8%
Thu Jan 13,,USD,Core PPI m/m,Medium,0.5%,0.5%,0.7%
Thu Jan 13,,USD,Unemployment Claims,Medium,230K,199K,207K
Thu Jan 13,9:00pm,USD,Natural Gas Storage,Low,-179B,-175B,-31B
Thu Jan 13,11:31pm,USD,30-y Bond Auction,Medium,2.08|2.4,,1.90|2.2
Fri Jan 14,5:20am,JPY,PPI y/y,Low,8.5%,8.8%,9.2%
Fri Jan 14,12:30pm,GBP,Construction Output m/m,Low,3.5%,0.6%,-1.7%
Fri Jan 14,,GBP,GDP m/m,Low,0.9%,0.4%,0.2%
Fri Jan 14,,GBP,Goods Trade Balance,Low,-11.3B,-14.3B,-11.8B
Fri Jan 14,,GBP,Index of Services 3m/3m,Low,1.3%,1.1%,1.2%
Fri Jan 14,,GBP,Industrial Production m/m,Low,1.0%,0.2%,-0.5%
Fri Jan 14,,GBP,Manufacturing Production m/m,Low,1.1%,0.2%,0.1%
Fri Jan 14,1:15pm,EUR,French Final CPI m/m,Low,0.2%,0.2%,0.2%
Fri Jan 14,,EUR,French Gov Budget Balance,Low,-181.0B,,-171.6B
Fri Jan 14,3:30pm,EUR,Trade Balance,Low,-1.3B,1.5B,1.8B
Fri Jan 14,7:00pm,USD,Core Retail Sales m/m,High,-2.3%,0.2%,0.1%
Fri Jan 14,,USD,Retail Sales m/m,High,-1.9%,0.0%,0.2%
Fri Jan 14,,USD,Import Prices m/m,Low,-0.2%,0.2%,0.7%
Fri Jan 14,7:45pm,USD,Industrial Production m/m,Medium,-0.1%,0.2%,0.7%
Fri Jan 14,,USD,Capacity Utilization Rate,Low,76.5%,77.1%,76.6%
Fri Jan 14,8:00pm,GBP,CB Leading Index m/m,Low,0.2%,,0.1%
Fri Jan 14,8:27pm,GBP,NIESR GDP Estimate,Low,1.2%,,1.1%
Fri Jan 14,8:30pm,USD,Prelim UoM Consumer Sentiment,Medium,68.8,70.0,70.6
Fri Jan 14,,USD,Business Inventories m/m,Low,1.3%,1.3%,1.3%
Fri Jan 14,,USD,Prelim UoM Inflation Expectations,Low,4.9%,,4.8%
Mon Jan 17,5:20am,JPY,Core Machinery Orders m/m,Low,3.4%,1.3%,3.8%
Mon Jan 17,5:31am,GBP,Rightmove HPI m/m,Low,0.3%,,-0.7%
Mon Jan 17,10:00am,JPY,Tertiary Industry Activity m/m,Low,0.4%,1.1%,1.9%
Tue Jan 18,,JPY,BOJ Policy Rate,Low,-0.10%,-0.10%,-0.10%
Tue Jan 18,10:00am,JPY,Revised Industrial Production m/m,Low,7.0%,7.2%,7.2%
Tue Jan 18,12:30pm,GBP,Average Earnings Index 3m/y,Low,4.2%,4.2%,4.9%
Tue Jan 18,,GBP,Claimant Count Change,Low,-43.3K,-38.6K,-95.1K
Tue Jan 18,,GBP,Unemployment Rate,Low,4.1%,4.2%,4.2%
Tue Jan 18,2:30pm,EUR,Italian Trade Balance,Low,4.16B,4.23B,3.89B
Tue Jan 18,3:30pm,EUR,ZEW Economic Sentiment,Medium,49.4,29.2,26.8
Tue Jan 18,,EUR,German ZEW Economic Sentiment,Medium,51.7,32.1,29.9
Tue Jan 18,7:00pm,USD,Empire State Manufacturing Index,Medium,-0.7,25.0,31.9
Tue Jan 18,8:30pm,USD,NAHB Housing Market Index,Low,83,84,84
Wed Jan 19,2:30am,USD,TIC Long-Term Purchases,Low,137.4B,37.6B,7.1B
Wed Jan 19,12:30pm,EUR,German Final CPI m/m,Low,0.5%,0.5%,0.5%
Wed Jan 19,,GBP,CPI y/y,High,5.4%,5.2%,5.1%
Wed Jan 19,,GBP,Core CPI y/y,Low,4.2%,3.9%,4.0%
Wed Jan 19,,GBP,PPI Input m/m,Low,-0.2%,0.6%,1.5%
Wed Jan 19,,GBP,PPI Output m/m,Low,0.3%,0.6%,1.0%
Wed Jan 19,,GBP,RPI y/y,Low,7.5%,7.1%,7.1%
Wed Jan 19,2:30pm,EUR,Current Account,Low,23.6B,20.3B,19.4B
Wed Jan 19,3:00pm,GBP,HPI y/y,Low,10.0%,10.0%,9.8%
Wed Jan 19,,USD,Building Permits,Low,1.87M,1.71M,1.71M
Wed Jan 19,,USD,Housing Starts,Low,1.70M,1.65M,1.68M
Thu Jan 20,5:20am,JPY,Trade Balance,Low,-0.44T,-0.73T,-0.47T
Thu Jan 20,5:31am,GBP,RICS House Price Balance,Low,69%,69%,71%
Thu Jan 20,12:30pm,EUR,German PPI m/m,Low,5.0%,0.8%,0.8%
Thu Jan 20,3:18pm,EUR,Spanish 10-y Bond Auction,Low,0.43|1.9,,0.39|2.1
Thu Jan 20,3:30pm,EUR,Final Core CPI y/y,Low,2.6%,2.6%,2.6%
Thu Jan 20,,EUR,Final CPI y/y,Low,5.0%,5.0%,5.0%
Thu Jan 20,7:00pm,USD,Philly Fed Manufacturing Index,Medium,23.2,18.9,15.4
Thu Jan 20,,USD,Unemployment Claims,Medium,286K,227K,231K
Thu Jan 20,8:30pm,USD,Existing Home Sales,Medium,6.18M,6.42M,6.48M
Thu Jan 20,9:00pm,USD,Natural Gas Storage,Low,-206B,-190B,-179B
Thu Jan 20,9:30pm,USD,Crude Oil Inventories,Medium,0.5M,-2.1M,-4.6M
Fri Jan 21,5:00am,JPY,National Core CPI y/y,Low,0.5%,0.6%,0.5%
Fri Jan 21,5:31am,GBP,GfK Consumer Confidence,Low,-19,-15,-15
Fri Jan 21,12:30pm,GBP,Retail Sales m/m,Medium,-3.7%,-0.6%,1.0%
Fri Jan 21,8:27pm,EUR,Consumer Confidence,Low,-9,-9,-8
Fri Jan 21,8:30pm,USD,CB Leading Index m/m,Low,0.8%,0.8%,0.7%
Mon Jan 24,6:00am,JPY,Flash Manufacturing PMI,Low,54.6,55.0,54.3
Mon Jan 24,1:45pm,EUR,French Flash Services PMI,Medium,53.1,55.3,57.0
Mon Jan 24,,EUR,French Flash Manufacturing PMI,Low,55.5,55.2,55.6
Mon Jan 24,2:00pm,EUR,German Flash Manufacturing PMI,High,60.5,56.9,57.4
Mon Jan 24,,EUR,German Flash Services PMI,High,52.2,47.9,48.7
Mon Jan 24,2:30pm,EUR,Flash Manufacturing PMI,Low,59.0,57.6,58.0
Mon Jan 24,,EUR,Flash Services PMI,Low,51.2,51.9,53.1
Mon Jan 24,3:00pm,GBP,Flash Manufacturing PMI,Medium,56.9,57.7,57.9
Mon Jan 24,,GBP,Flash Services PMI,Medium,53.3,53.9,53.6
Mon Jan 24,8:15pm,USD,Flash Manufacturing PMI,Medium,55.0,56.9,57.7
Mon Jan 24,,USD,Flash Services PMI,Medium,50.9,54.9,57.6
Tue Jan 25,10:30am,JPY,BOJ Core CPI y/y,Low,0.9%,0.7%,0.8%
Tue Jan 25,12:30pm,GBP,Public Sector Net Borrowing,Low,16.1B,16.2B,14.0B
Tue Jan 25,2:30pm,EUR,German ifo Business Climate,Medium,95.7,94.6,94.8
Tue Jan 25,4:30pm,GBP,CBI Industrial Order Expectations,Low,24,22,24
Tue Jan 25,7:26pm,EUR,Belgian NBB Business Climate,Low,2.7,4.2,3.6
Tue Jan 25,7:30pm,USD,HPI m/m,Low,1.1%,1.1%,1.1%
Tue Jan 25,,USD,S&P/CS Composite-20 HPI y/y,Low,18.3%,17.9%,18.5%
Tue Jan 25,8:29pm,USD,Richmond Manufacturing Index,Low,8,14,16
Tue Jan 25,8:30pm,USD,CB Consumer Confidence,Medium,113.8,111.4,115.2
Wed Jan 26,,JPY,SPPI y/y,Low,1.1%,1.0%,1.1%
Wed Jan 26,4:02pm,EUR,German 10-y Bond Auction,Low,-0.08|1.4,,-0.09|1.5
Wed Jan 26,7:00pm,USD,Goods Trade Balance,Low,-101.0B,-96.1B,-98.0B
Wed Jan 26,,USD,Prelim Wholesale Inventories m/m,Low,2.1%,1.3%,1.4%
Wed Jan 26,,USD,New Home Sales,Low,811K,759K,725K
Wed Jan 26,9:00pm,USD,Crude Oil Inventories,Medium,2.4M,1.0M,0.5M
Thu Jan 27,12:30am,USD,Federal Funds Rate,High,<0.25%,<0.25%,<0.25%
Thu Jan 27,,EUR,German GfK Consumer Climate,Low,-6.7,-7.9,-6.9
Thu Jan 27,1:30pm,EUR,Spanish Unemployment Rate,Low,13.3%,14.2%,14.6%
Thu Jan 27,4:30pm,GBP,CBI Realized Sales,Low,28,11,8
Thu Jan 27,7:00pm,USD,Advance GDP q/q,High,6.9%,5.3%,2.3%
Thu Jan 27,,USD,Advance GDP Price Index q/q,Medium,6.9%,6.0%,6.0%
Thu Jan 27,,USD,Core Durable Goods Orders m/m,Medium,0.4%,0.4%,0.9%
Thu Jan 27,,USD,Durable Goods Orders m/m,Medium,-0.9%,-0.6%,2.6%
Thu Jan 27,,USD,Unemployment Claims,Medium,260K,260K,290K
Thu Jan 27,8:30pm,USD,Pending Home Sales m/m,Medium,-3.8%,-0.9%,-2.3%
Thu Jan 27,9:00pm,USD,Natural Gas Storage,Low,-219B,-205B,-206B
Fri Jan 28,5:00am,JPY,Tokyo Core CPI y/y,Low,0.2%,0.3%,0.5%
Fri Jan 28,12:00pm,EUR,French Consumer Spending m/m,Low,0.2%,0.1%,0.9%
Fri Jan 28,,EUR,French Flash GDP q/q,Low,0.7%,0.5%,3.1%
Fri Jan 28,12:30pm,EUR,German Import Prices m/m,Low,0.1%,1.8%,3.0%
Fri Jan 28,,EUR,Spanish Flash GDP q/q,Low,2.0%,1.4%,2.6%
Fri Jan 28,2:30pm,EUR,M3 Money Supply y/y,Low,6.9%,6.8%,7.4%
Fri Jan 28,,EUR,German Prelim GDP q/q,Low,-0.7%,-0.3%,1.7%
Fri Jan 28,,EUR,Private Loans y/y,Low,4.1%,4.2%,4.2%
Fri Jan 28,3:50pm,EUR,Italian 10-y Bond Auction,Low,1.39|1.4,,1.02|1.5
Fri Jan 28,7:00pm,USD,Core PCE Price Index m/m,High,0.5%,0.5%,0.5%
Fri Jan 28,,USD,Employment Cost Index q/q,Low,1.0%,1.2%,1.3%
Fri Jan 28,,USD,Personal Income m/m,Low,0.3%,0.5%,0.5%
Fri Jan 28,,USD,Personal Spending m/m,Low,-0.6%,-0.6%,0.4%
Fri Jan 28,8:30pm,USD,Revised UoM Consumer Sentiment,Medium,67.2,68.8,68.8
Fri Jan 28,,USD,Revised UoM Inflation Expectations,Low,4.9%,,4.9%
Mon Jan 31,5:20am,JPY,Prelim Industrial Production m/m,Low,-1.0%,-0.5%,7.0%
Mon Jan 31,,JPY,Retail Sales y/y,Low,1.4%,2.9%,1.9%
Mon Jan 31,10:30am,JPY,Housing Starts y/y,Low,4.2%,8.2%,3.7%
Mon Jan 31,10:32am,JPY,Consumer Confidence,Low,36.7,36.9,39.1
Mon Jan 31,All Day,EUR,German Prelim CPI m/m,Low,0.4%,-0.2%,0.5%
Mon Jan 31,1:30pm,EUR,Spanish Flash CPI y/y,Low,6.0%,5.3%,6.5%
Mon Jan 31,3:30pm,EUR,Prelim Flash GDP q/q,Low,0.3%,0.4%,2.3%
Mon Jan 31,,EUR,Italian Prelim GDP q/q,Low,0.6%,0.5%,2.6%
Mon Jan 31,8:15pm,USD,Chicago PMI,Medium,65.2,61.7,63.1
Tue Feb 1,5:00am,JPY,Unemployment Rate,Low,2.7%,2.8%,2.8%
Tue Feb 1,,JPY,Final Manufacturing PMI,Low,55.4,54.6,54.6
Tue Feb 1,9:05am,JPY,10-y Bond Auction,Low,0.18|3.3,,0.10|3.5
Tue Feb 1,12:30pm,EUR,German Retail Sales m/m,Low,-5.5%,-1.3%,0.8%
Tue Feb 1,,GBP,Nationwide HPI m/m,Low,0.8%,0.7%,1.1%
Tue Feb 1,1:15pm,EUR,French Prelim CPI m/m,Low,0.3%,-0.2%,0.2%
Tue Feb 1,1:45pm,EUR,Spanish Manufacturing PMI,Low,56.2,56.1,56.2
Tue Feb 1,2:15pm,EUR,Italian Manufacturing PMI,Low,58.3,61.2,62.0
Tue Feb 1,2:20pm,EUR,French Final Manufacturing PMI,Low,55.5,55.5,55.5
Tue Feb 1,2:25pm,EUR,German Final Manufacturing PMI,Low,59.8,60.5,60.5
Tue Feb 1,,EUR,German Unemployment Change,Low,-48K,-4K,-29K
Tue Feb 1,2:30pm,EUR,Final Manufacturing PMI,Low,58.7,59.0,59.0
Tue Feb 1,,EUR,Italian Monthly Unemployment Rate,Low,9.0%,9.2%,9.1%
Tue Feb 1,3:00pm,GBP,Final Manufacturing PMI,Low,57.3,56.9,56.9
Tue Feb 1,,GBP,M4 Money Supply m/m,Low,0.1%,0.8%,0.7%
Tue Feb 1,,GBP,Mortgage Approvals,Low,71K,66K,68K
Tue Feb 1,,GBP,Net Lending to Individuals m/m,Low,4.4B,4.0B,4.8B
Tue Feb 1,3:30pm,EUR,Unemployment Rate,Low,7.0%,7.1%,7.1%
Tue Feb 1,8:15pm,USD,Final Manufacturing PMI,Low,55.5,55.0,55.0
Tue Feb 1,8:30pm,USD,ISM Manufacturing PMI,High,57.6,57.4,58.7
Tue Feb 1,,USD,JOLTS Job Openings,High,10.93M,10.35M,10.78M
Tue Feb 1,,USD,Construction Spending m/m,Low,0.2%,0.7%,0.6%
Tue Feb 1,,USD,ISM Manufacturing Prices,Low,76.1,67.6,68.2
Tue Feb 1,All Day,USD,Wards Total Vehicle Sales,Low,15.0M,13.0M,12.4M
Wed Feb 2,5:20am,JPY,Monetary Base y/y,Low,8.4%,8.5%,8.3%
Wed Feb 2,5:31am,GBP,BRC Shop Price Index y/y,Low,1.5%,,0.8%
Wed Feb 2,1:15pm,EUR,French Gov Budget Balance,Low,-170.7B,,-181.0B
Wed Feb 2,1:30pm,EUR,Spanish Unemployment Change,Medium,17.2K,-50.7K,-76.8K
Wed Feb 2,3:30pm,EUR,Core CPI Flash Estimate y/y,Low,2.3%,1.9%,2.6%
Wed Feb 2,,EUR,CPI Flash Estimate y/y,Low,5.1%,4.4%,5.0%
Wed Feb 2,,EUR,Italian Prelim CPI m/m,Low,1.6%,0.5%,0.4%
Wed Feb 2,6:45pm,USD,ADP Non-Farm Employment Change,High,-301K,185K,776K
Wed Feb 2,9:00pm,USD,Crude Oil Inventories,Medium,-1.0M,1.8M,2.4M
Thu Feb 3,9:05am,JPY,30-y Bond Auction,Low,0.79|3.4,,0.72|3.6
Thu Feb 3,1:45pm,EUR,Spanish Services PMI,Low,46.6,51.9,55.8
Thu Feb 3,2:15pm,EUR,Italian Services PMI,Low,48.5,50.0,53.0
Thu Feb 3,2:20pm,EUR,French Final Services PMI,Low,53.1,53.1,53.1
Thu Feb 3,2:25pm,EUR,German Final Services PMI,Low,52.2,52.2,52.2
Thu Feb 3,2:30pm,EUR,Final Services PMI,Low,51.1,51.2,51.2
Thu Feb 3,3:00pm,GBP,Final Services PMI,Low,54.1,53.3,53.3
Thu Feb 3,3:18pm,EUR,Spanish 10-y Bond Auction,Low,0.85|1.6,,0.43|1.9
Thu Feb 3,3:30pm,EUR,PPI m/m,Low,2.9%,2.9%,1.8%
Thu Feb 3,3:36pm,EUR,French 10-y Bond Auction,Low,0.45|2.6,,0.30|2.1
Thu Feb 3,5:30pm,GBP,Asset Purchase Facility,High,,875B,875B
Thu Feb 3,,GBP,MPC Asset Purchase Facility Votes,High,,0-0-9,0-0-9
Thu Feb 3,,GBP,MPC Official Bank Rate Votes,High,9-0-0,7-0-2,8-0-1
Thu Feb 3,,GBP,Official Bank Rate,High,0.50%,0.50%,0.25%
Thu Feb 3,,USD,Challenger Job Cuts y/y,Low,-76.0%,,-75.3%
Thu Feb 3,6:15pm,EUR,Main Refinancing Rate,High,0.00%,0.00%,0.00%
Thu Feb 3,,USD,Unemployment Claims,Medium,238K,245K,261K
Thu Feb 3,,USD,Prelim Nonfarm Productivity q/q,Low,6.6%,3.8%,-5.2%
Thu Feb 3,,USD,Prelim Unit Labor Costs q/q,Low,0.3%,1.1%,9.6%
Thu Feb 3,8:15pm,USD,Final Services PMI,Low,51.2,50.9,50.9
Thu Feb 3,8:30pm,USD,ISM Services PMI,High,59.9,59.5,62.0
Thu Feb 3,,USD,Factory Orders m/m,Low,-0.4%,-0.4%,1.8%
Thu Feb 3,9:00pm,USD,Natural Gas Storage,Low,-268B,-280B,-219B
Fri Feb 4,12:30pm,EUR,German Factory Orders m/m,Low,2.8%,0.4%,3.6%
Fri Feb 4,1:15pm,EUR,French Industrial Production m/m,Low,-0.2%,0.5%,-0.5%
Fri Feb 4,,EUR,French Prelim Private Payrolls q/q,Low,0.5%,0.4%,0.5%
Fri Feb 4,3:00pm,GBP,Construction PMI,Low,56.3,54.3,54.3
Fri Feb 4,3:30pm,EUR,Retail Sales m/m,Low,-3.0%,-1.0%,1.0%
Fri Feb 4,,USD,Average Hourly Earnings m/m,High,0.7%,0.5%,0.5%
Fri Feb 4,,USD,Non-Farm Employment Change,High,467K,110K,510K
Fri Feb 4,,USD,Unemployment Rate,High,4.0%,3.9%,3.9%
Mon Feb 7,10:30am,JPY,Leading Indicators,Low,104.3%,103.8%,103.2%
Mon Feb 7,12:30pm,EUR,German Industrial Production m/m,Low,-0.3%,0.4%,0.3%
Mon Feb 7,,GBP,Halifax HPI m/m,Low,0.3%,0.9%,1.1%
Mon Feb 7,3:00pm,EUR,Sentix Investor Confidence,Low,16.6,15.1,14.9
Tue Feb 8,1:30am,USD,Consumer Credit m/m,Low,18.9B,24.9B,38.8B
Tue Feb 8,5:00am,JPY,Average Cash Earnings y/y,Low,-0.2%,0.9%,0.8%
Tue Feb 8,,JPY,Household Spending y/y,Low,-0.2%,0.0%,-1.3%
Tue Feb 8,5:20am,JPY,Bank Lending y/y,Low,0.6%,0.8%,0.6%
Tue Feb 8,,JPY,Current Account,Low,0.79T,1.16T,1.37T
Tue Feb 8,5:31am,GBP,BRC Retail Sales Monitor y/y,Low,8.1%,0.7%,0.6%
Tue Feb 8,10:30am,JPY,Economy Watchers Sentiment,Low,37.9,48.1,56.4
Tue Feb 8,1:15pm,EUR,French Trade Balance,Low,-11.3B,-9.1B,-9.8B
Tue Feb 8,2:30pm,EUR,Italian Retail Sales m/m,Low,0.9%,-0.4%,-0.4%
Tue Feb 8,4:26pm,USD,NFIB Small Business Index,Low,97.1,97.4,98.9
Tue Feb 8,,USD,Trade Balance,Low,-80.7B,-83.0B,-79.3B
Tue Feb 8,8:26pm,USD,RCM/TIPP Economic Optimism,Low,44.0,47.2,44.7
Wed Feb 9,5:20am,JPY,M2 Money Stock y/y,Low,3.6%,3.6%,3.7%
Wed Feb 9,11:29am,JPY,Prelim Machine Tool Orders y/y,Low,61.4%,,40.5%
Wed Feb 9,12:30pm,EUR,German Trade Balance,Low,6.8B,11.3B,10.8B
Wed Feb 9,2:30pm,EUR,Italian Industrial Production m/m,Low,-1.0%,-0.8%,2.1%
Wed Feb 9,4:02pm,EUR,German 30-y Bond Auction,Low,0.39|1.2,,0.28|1.1
Wed Feb 9,8:30pm,USD,Final Wholesale Inventories m/m,Low,2.2%,2.1%,2.1%
Wed Feb 9,9:00pm,USD,Crude Oil Inventories,Medium,-4.8M,1.5M,-1.0M
Wed Feb 9,11:31pm,USD,10-y Bond Auction,Medium,1.90|2.7,,1.72|2.5
Thu Feb 10,5:20am,JPY,PPI y/y,Low,8.6%,8.2%,8.7%
Thu Feb 10,5:31am,GBP,RICS House Price Balance,Low,74%,69%,70%
Thu Feb 10,7:00pm,USD,Core CPI m/m,High,0.6%,0.5%,0.6%
Thu Feb 10,,USD,CPI m/m,High,0.6%,0.4%,0.5%
Thu Feb 10,,USD,CPI y/y,High,7.5%,7.2%,7.0%
Thu Feb 10,,USD,Unemployment Claims,Medium,223K,227K,239K
Thu Feb 10,8:30pm,USD,Mortgage Delinquencies,Low,4.65%,,4.88%
Thu Feb 10,9:00pm,USD,Natural Gas Storage,Low,-222B,-223B,-268B
Thu Feb 10,11:31pm,USD,30-y Bond Auction,Medium,2.34|2.3,,2.08|2.4
Fri Feb 11,12:30am,USD,Federal Budget Balance,Low,118.7B,19.5B,-21.3B
Fri Feb 11,12:30pm,EUR,German Final CPI m/m,Low,0.4%,0.4%,0.4%
Fri Feb 11,,EUR,German WPI m/m,Low,2.3%,0.5%,0.2%
Fri Feb 11,,GBP,Prelim GDP q/q,Medium,1.0%,1.1%,1.1%
Fri Feb 11,,GBP,Construction Output m/m,Low,2.0%,-0.6%,1.9%
Fri Feb 11,,GBP,GDP m/m,Low,-0.2%,-0.5%,0.7%
Fri Feb 11,,GBP,Goods Trade Balance,Low,-12.4B,-12.4B,-12.7B
Fri Feb 11,,GBP,Index of Services 3m/3m,Low,1.2%,1.2%,1.3%
Fri Feb 11,,GBP,Industrial Production m/m,Low,0.3%,0.1%,0.7%
Fri Feb 11,,GBP,Manufacturing Production m/m,Low,0.2%,0.2%,0.7%
Fri Feb 11,3:00pm,GBP,Prelim Business Investment q/q,Low,0.9%,-3.0%,-2.5%
Fri Feb 11,6:33pm,GBP,NIESR GDP Estimate,Low,0.9%,,1.0%
Fri Feb 11,8:30pm,USD,Prelim UoM Consumer Sentiment,Medium,61.7,67.2,67.2
Fri Feb 11,,USD,Prelim UoM Inflation Expectations,Low,5.0%,,4.9%
Tue Feb 15,5:20am,JPY,Prelim GDP Price Index y/y,Low,-1.3%,-1.3%,-1.2%
Tue Feb 15,,JPY,Prelim GDP q/q,Low,1.3%,1.5%,-0.9%
Tue Feb 15,10:00am,JPY,Revised Industrial Production m/m,Low,-1.0%,-1.0%,-1.0%
Tue Feb 15,12:30pm,GBP,Average Earnings Index 3m/y,Low,4.3%,3.8%,4.2%
Tue Feb 15,,GBP,Claimant Count Change,Low,-31.9K,-36.2K,-51.6K
Tue Feb 15,,GBP,Unemployment Rate,Low,4.1%,4.1%,4.1%
Tue Feb 15,3:30pm,EUR,ZEW Economic Sentiment,Medium,48.6,54.4,49.4
Tue Feb 15,,EUR,German ZEW Economic Sentiment,Medium,54.3,55.1,51.7
Tue Feb 15,,EUR,Flash Employment Change q/q,Low,0.5%,1.0%,1.0%
Tue Feb 15,,EUR,Flash GDP q/q,Low,0.3%,0.3%,0.3%
Tue Feb 15,,EUR,Trade Balance,Low,-9.7B,-4.7B,-1.8B
Tue Feb 15,3:38pm,GBP,10-y Bond Auction,Low,1.60|2.5,,0.92|2.2
Tue Feb 15,7:00pm,USD,PPI m/m,High,1.0%,0.5%,0.2%
Tue Feb 15,,USD,Core PPI m/m,Medium,0.8%,0.5%,0.5%
Tue Feb 15,,USD,Empire State Manufacturing Index,Medium,3.1,11.9,-0.7
Tue Feb 15,8:00pm,GBP,CB Leading Index m/m,Low,0.0%,,0.4%
Wed Feb 16,2:30am,USD,TIC Long-Term Purchases,Low,114.5B,56.9B,137.9B
Wed Feb 16,10:00am,JPY,Tertiary Industry Activity m/m,Low,0.4%,0.3%,0.7%
Wed Feb 16,12:30pm,GBP,CPI y/y,High,5.5%,5.4%,5.4%
Wed Feb 16,,GBP,Core CPI y/y,Low,4.4%,4.3%,4.2%
Wed Feb 16,,GBP,PPI Input m/m,Low,0.9%,1.0%,0.1%
Wed Feb 16,,GBP,PPI Output m/m,Low,1.2%,0.6%,0.3%
Wed Feb 16,,GBP,RPI y/y,Low,7.8%,7.4%,7.5%
Wed Feb 16,3:00pm,GBP,HPI y/y,Low,10.8%,9.3%,10.7%
Wed Feb 16,3:30pm,EUR,Industrial Production m/m,Low,1.2%,0.4%,2.4%
Wed Feb 16,4:02pm,EUR,German 10-y Bond Auction,Low,0.31|2.0,,-0.08|1.4
Wed Feb 16,,USD,Core Retail Sales m/m,High,3.3%,1.0%,-2.8%
Wed Feb 16,,USD,Retail Sales m/m,High,3.8%,2.1%,-2.5%
Wed Feb 16,,USD,Import Prices m/m,Low,2.0%,1.3%,-0.4%
Wed Feb 16,7:45pm,USD,Industrial Production m/m,Medium,1.4%,0.4%,-0.1%
Wed Feb 16,,USD,Capacity Utilization Rate,Low,77.6%,76.8%,76.6%
Wed Feb 16,8:30pm,USD,Business Inventories m/m,Low,2.1%,2.1%,1.5%
Wed Feb 16,,USD,NAHB Housing Market Index,Low,82,82,83
Wed Feb 16,9:00pm,USD,Crude Oil Inventories,Medium,1.1M,-2.2M,-4.8M
Thu Feb 17,5:20am,JPY,Core Machinery Orders m/m,Low,3.6%,-2.0%,3.4%
Thu Feb 17,,JPY,Trade Balance,Low,-0.93T,-0.40T,-0.55T
Thu Feb 17,,EUR,Italian Trade Balance,Low,1.10B,5.11B,4.18B
Thu Feb 17,3:05pm,EUR,Spanish 10-y Bond Auction,Low,1.23|1.5,,0.85|1.6
Thu Feb 17,,USD,Philly Fed Manufacturing Index,Medium,16.0,19.9,23.2
Thu Feb 17,,USD,Unemployment Claims,Medium,248K,217K,225K
Thu Feb 17,,USD,Building Permits,Low,1.90M,1.74M,1.89M
Thu Feb 17,,USD,Housing Starts,Low,1.64M,1.70M,1.71M
Thu Feb 17,9:00pm,USD,Natural Gas Storage,Low,-190B,-203B,-222B
Fri Feb 18,5:00am,JPY,National Core CPI y/y,Low,0.2%,0.3%,0.5%
Fri Feb 18,12:30pm,GBP,Retail Sales m/m,Medium,1.9%,1.1%,-4.0%
Fri Feb 18,1:15pm,EUR,French Final CPI m/m,Low,0.3%,0.3%,0.3%
Fri Feb 18,2:30pm,EUR,Current Account,Low,22.6B,24.3B,23.6B
Fri Feb 18,8:27pm,EUR,Consumer Confidence,Low,-9,-8,-9
Fri Feb 18,8:30pm,USD,Existing Home Sales,Medium,6.50M,6.10M,6.09M
Fri Feb 18,,USD,CB Leading Index m/m,Low,-0.3%,0.2%,0.7%
Mon Feb 21,5:31am,GBP,Rightmove HPI m/m,Low,2.3%,,0.3%
Mon Feb 21,6:00am,JPY,Flash Manufacturing PMI,Low,52.9,55.0,55.4
Mon Feb 21,12:30pm,EUR,German PPI m/m,Low,2.2%,1.6%,5.0%
Mon Feb 21,1:45pm,EUR,French Flash Services PMI,Medium,57.9,54.0,53.1
Mon Feb 21,,EUR,French Flash Manufacturing PMI,Low,57.6,55.5,55.5
Mon Feb 21,2:00pm,EUR,German Flash Manufacturing PMI,High,58.5,59.6,59.8
Mon Feb 21,,EUR,German Flash Services PMI,High,56.6,53.2,52.2
Mon Feb 21,2:30pm,EUR,Flash Manufacturing PMI,Low,58.4,58.9,58.7
Mon Feb 21,,EUR,Flash Services PMI,Low,55.8,52.3,51.1
Mon Feb 21,3:00pm,GBP,Flash Manufacturing PMI,Medium,57.3,57.2,57.3
Mon Feb 21,,GBP,Flash Services PMI,Medium,60.8,55.6,54.1
Tue Feb 22,5:20am,JPY,SPPI y/y,Low,1.2%,1.2%,1.1%
Tue Feb 22,10:30am,JPY,BOJ Core CPI y/y,Low,0.8%,1.1%,0.9%
Tue Feb 22,12:30pm,GBP,Public Sector Net Borrowing,Low,-3.7B,-4.3B,14.6B
Tue Feb 22,2:30pm,EUR,German ifo Business Climate,Medium,98.9,96.4,96.0
Tue Feb 22,4:30pm,GBP,CBI Industrial Order Expectations,Low,20,25,24
Tue Feb 22,7:26pm,EUR,Belgian NBB Business Climate,Low,2.3,3.2,2.7
Tue Feb 22,7:30pm,USD,HPI m/m,Low,1.2%,1.0%,1.2%
Tue Feb 22,,USD,S&P/CS Composite-20 HPI y/y,Low,18.6%,18.0%,18.3%
Tue Feb 22,8:15pm,USD,Flash Manufacturing PMI,Medium,57.5,55.9,55.5
Tue Feb 22,,USD,Flash Services PMI,Medium,56.7,52.9,51.2
Tue Feb 22,8:29pm,USD,Richmond Manufacturing Index,Low,1,10,8
Tue Feb 22,8:30pm,USD,CB Consumer Confidence,Medium,110.5,109.9,111.1
Wed Feb 23,12:30pm,EUR,German GfK Consumer Climate,Low,-8.1,-6.2,-6.7
Wed Feb 23,3:30pm,EUR,Final Core CPI y/y,Low,2.3%,2.3%,2.3%
Wed Feb 23,,EUR,Final CPI y/y,Low,5.1%,5.1%,5.1%
Thu Feb 24,4:30pm,GBP,CBI Realized Sales,Low,14,26,28
Thu Feb 24,7:00pm,USD,Prelim GDP q/q,High,7.0%,7.0%,6.9%
Thu Feb 24,,USD,Unemployment Claims,Medium,232K,233K,249K
Thu Feb 24,,USD,Prelim GDP Price Index q/q,Low,7.1%,6.9%,6.9%
Thu Feb 24,8:30pm,USD,New Home Sales,Low,801K,800K,839K
Thu Feb 24,9:00pm,USD,Natural Gas Storage,Low,-129B,-137B,-190B
Thu Feb 24,9:30pm,USD,Crude Oil Inventories,Medium,4.5M,-1.0M,1.1M
Fri Feb 25,5:00am,JPY,Tokyo Core CPI y/y,Low,0.5%,0.4%,0.2%
Fri Feb 25,5:31am,GBP,GfK Consumer Confidence,Low,-26,-19,-19
Fri Feb 25,12:30pm,EUR,German Final GDP q/q,Low,-0.3%,-0.7%,-0.7%
Fri Feb 25,,EUR,German Import Prices m/m,Low,4.3%,1.7%,0.1%
Fri Feb 25,1:15pm,EUR,French Consumer Spending m/m,Low,-1.5%,-0.9%,0.0%
Fri Feb 25,,EUR,French Prelim CPI m/m,Low,0.7%,0.4%,0.3%
Fri Feb 25,,EUR,French Prelim GDP q/q,Low,0.7%,0.7%,0.7%
Fri Feb 25,2:30pm,EUR,M3 Money Supply y/y,Low,6.4%,6.7%,6.9%
Fri Feb 25,,EUR,Private Loans y/y,Low,4.3%,4.0%,4.2%
Fri Feb 25,3:45pm,EUR,Italian 10-y Bond Auction,Low,1.81|1.4,,1.39|1.4
Fri Feb 25,7:00pm,USD,Core PCE Price Index m/m,High,0.5%,0.5%,0.5%
Fri Feb 25,,USD,Core Durable Goods Orders m/m,Medium,0.7%,0.4%,0.6%
Fri Feb 25,,USD,Durable Goods Orders m/m,Medium,1.6%,1.1%,-0.7%
Fri Feb 25,,USD,Personal Income m/m,Low,0.0%,-0.3%,0.4%
Fri Feb 25,,USD,Personal Spending m/m,Low,2.1%,1.6%,-0.8%
Fri Feb 25,8:30pm,USD,Revised UoM Consumer Sentiment,Medium,62.8,61.7,61.7
Fri Feb 25,,USD,Pending Home Sales m/m,Low,-5.7%,1.5%,-2.3%
Fri Feb 25,,USD,Revised UoM Inflation Expectations,Low,4.9%,,5.0%
Mon Feb 28,5:20am,JPY,Prelim Industrial Production m/m,Low,-1.3%,-0.6%,-1.0%
Mon Feb 28,,JPY,Retail Sales y/y,Low,1.6%,1.5%,1.2%
Mon Feb 28,10:30am,JPY,Housing Starts y/y,Low,2.1%,2.2%,4.2%
Mon Feb 28,,EUR,Spanish Flash CPI y/y,Low,7.4%,7.1%,6.1%
Mon Feb 28,,USD,Goods Trade Balance,Low,-107.6B,-99.6B,-100.5B
Mon Feb 28,,USD,Prelim Wholesale Inventories m/m,Low,0.8%,1.3%,2.2%
Mon Feb 28,8:15pm,USD,Chicago PMI,Medium,56.3,62.1,65.2
Tue Mar 1,,JPY,Final Manufacturing PMI,Low,52.7,52.9,52.9
Tue Mar 1,9:05am,JPY,10-y Bond Auction,Low,0.18|3.2,,0.18|3.3
Tue Mar 1,All Day,EUR,German Prelim CPI m/m,Low,0.9%,0.8%,0.4%
Tue Mar 1,1:45pm,EUR,Spanish Manufacturing PMI,Low,56.9,55.9,56.2
Tue Mar 1,2:15pm,EUR,Italian Manufacturing PMI,Low,58.3,58.0,58.3
Tue Mar 1,2:20pm,EUR,French Final Manufacturing PMI,Low,57.2,57.6,57.6
Tue Mar 1,2:25pm,EUR,German Final Manufacturing PMI,Low,58.4,58.5,58.5
Tue Mar 1,2:30pm,EUR,Final Manufacturing PMI,Low,58.2,58.4,58.4
Tue Mar 1,3:00pm,GBP,Final Manufacturing PMI,Low,58.0,57.3,57.3
Tue Mar 1,,GBP,M4 Money Supply m/m,Low,0.1%,0.4%,0.0%
Tue Mar 1,,GBP,Mortgage Approvals,Low,74K,72K,71K
Tue Mar 1,,GBP,Net Lending to Individuals m/m,Low,6.5B,5.0B,4.8B
Tue Mar 1,3:30pm,EUR,Italian Prelim CPI m/m,Low,0.9%,0.7%,1.6%
Tue Mar 1,8:15pm,USD,Final Manufacturing PMI,Low,57.3,57.5,57.5
Tue Mar 1,8:30pm,USD,ISM Manufacturing PMI,High,58.6,58.0,57.6
Tue Mar 1,,USD,Construction Spending m/m,Low,1.3%,0.2%,0.8%
Tue Mar 1,,USD,ISM Manufacturing Prices,Low,75.6,77.4,76.1
Tue Mar 1,All Day,USD,Wards Total Vehicle Sales,Low,14.1M,14.4M,15.0M
Wed Mar 2,5:20am,JPY,Capital Spending q/y,Low,4.3%,2.9%,1.2%
Wed Mar 2,,JPY,Monetary Base y/y,Low,7.6%,8.6%,8.4%
Wed Mar 2,5:31am,GBP,BRC Shop Price Index y/y,Low,1.8%,,1.5%
Wed Mar 2,12:30pm,GBP,Nationwide HPI m/m,Low,1.7%,0.6%,0.8%
Wed Mar 2,1:15pm,EUR,French Gov Budget Balance,Low,-15.9B,,-170.7B
Wed Mar 2,1:30pm,EUR,Spanish Unemployment Change,Medium,-11.4K,-44.5K,17.2K
Wed Mar 2,2:25pm,EUR,German Unemployment Change,Low,-33K,-22K,-48K
Wed Mar 2,3:30pm,EUR,Core CPI Flash Estimate y/y,Medium,2.7%,2.6%,2.3%
Wed Mar 2,,EUR,CPI Flash Estimate y/y,Medium,5.8%,5.6%,5.1%
Wed Mar 2,4:05pm,EUR,German 10-y Bond Auction,Low,-0.20|1.2,,0.31|2.0
Wed Mar 2,6:47pm,USD,ADP Non-Farm Employment Change,High,475K,378K,509K
Wed Mar 2,9:00pm,USD,Crude Oil Inventories,Medium,-2.6M,2.5M,4.5M
Thu Mar 3,9:05am,JPY,30-y Bond Auction,Low,0.89|3.1,,0.79|3.4
Thu Mar 3,10:30am,JPY,Consumer Confidence,Low,35.3,35.0,36.7
Thu Mar 3,1:45pm,EUR,Spanish Services PMI,Low,56.6,51.5,46.6
Thu Mar 3,2:15pm,EUR,Italian Services PMI,Low,52.8,52.6,48.5
Thu Mar 3,2:20pm,EUR,French Final Services PMI,Low,55.5,57.9,57.9
Thu Mar 3,2:25pm,EUR,German Final Services PMI,Low,55.8,56.6,56.6
Thu Mar 3,2:30pm,EUR,Final Services PMI,Low,55.5,55.8,55.8
Thu Mar 3,,EUR,Italian Monthly Unemployment Rate,Low,8.8%,9.0%,9.0%
Thu Mar 3,3:00pm,GBP,Final Services PMI,Low,60.5,60.8,60.8
Thu Mar 3,3:30pm,EUR,PPI m/m,Low,5.2%,2.5%,3.0%
Thu Mar 3,,EUR,Unemployment Rate,Low,6.8%,6.9%,7.0%
Thu Mar 3,3:34pm,EUR,French 10-y Bond Auction,Low,0.52|1.7,,0.45|2.6
Thu Mar 3,,USD,Challenger Job Cuts y/y,Low,-55.9%,,-76.0%
Thu Mar 3,7:00pm,USD,Unemployment Claims,Medium,215K,223K,233K
Thu Mar 3,,USD,Revised Nonfarm Productivity q/q,Low,6.6%,6.6%,6.6%
Thu Mar 3,,USD,Revised Unit Labor Costs q/q,Low,0.9%,0.3%,0.3%
Thu Mar 3,8:15pm,USD,Final Services PMI,Low,56.5,56.7,56.7
Thu Mar 3,,USD,ISM Services PMI,High,56.5,61.2,59.9
Thu Mar 3,,USD,Factory Orders m/m,Low,1.4%,0.8%,0.7%
Thu Mar 3,9:00pm,USD,Natural Gas Storage,Low,-139B,-138B,-129B
Fri Mar 4,5:00am,JPY,Unemployment Rate,Low,2.8%,2.7%,2.7%
Fri Mar 4,12:30pm,EUR,German Trade Balance,Low,9.4B,7.5B,8.1B
Fri Mar 4,1:15pm,EUR,French Industrial Production m/m,Low,1.6%,0.5%,-0.1%
Fri Mar 4,3:00pm,GBP,Construction PMI,Low,59.1,57.4,56.3
Fri Mar 4,3:30pm,EUR,Retail Sales m/m,Low,0.2%,1.5%,-2.7%
Fri Mar 4,,USD,Average Hourly Earnings m/m,High,0.0%,0.5%,0.6%
Fri Mar 4,,USD,Non-Farm Employment Change,High,678K,407K,481K
Fri Mar 4,,USD,Unemployment Rate,High,3.8%,3.9%,4.0%
Mon Mar 7,12:30pm,EUR,German Factory Orders m/m,Low,1.8%,0.9%,3.0%
Mon Mar 7,,EUR,German Retail Sales m/m,Low,2.0%,1.9%,-4.6%
Mon Mar 7,,GBP,Halifax HPI m/m,Low,0.5%,1.0%,0.2%
Mon Mar 7,3:00pm,EUR,Sentix Investor Confidence,Low,-7.0,5.1,16.6
Tue Mar 8,1:30am,USD,Consumer Credit m/m,Low,6.8B,24.7B,22.4B
Tue Mar 8,5:00am,JPY,Average Cash Earnings y/y,Low,0.9%,0.2%,-0.4%
Tue Mar 8,5:20am,JPY,Bank Lending y/y,Low,0.4%,0.6%,0.5%
Tue Mar 8,,JPY,Current Account,Low,0.19T,0.33T,0.81T
Tue Mar 8,5:31am,GBP,BRC Retail Sales Monitor y/y,Low,2.7%,4.7%,8.1%
Tue Mar 8,10:30am,JPY,Leading Indicators,Low,103.7%,103.7%,104.8%
Tue Mar 8,11:35am,JPY,Economy Watchers Sentiment,Low,37.7,38.1,37.9
Tue Mar 8,12:30pm,EUR,German Industrial Production m/m,Low,2.7%,0.5%,1.1%
Tue Mar 8,2:30pm,EUR,Italian Retail Sales m/m,Low,-0.5%,1.1%,0.8%
Tue Mar 8,3:30pm,EUR,Final Employment Change q/q,Low,0.5%,0.5%,0.5%
Tue Mar 8,,EUR,Revised GDP q/q,Low,0.3%,0.3%,0.3%
Tue Mar 8,3:41pm,GBP,30-y Bond Auction,Low,1.58|2.3,,0.87|2.4
Tue Mar 8,4:30pm,USD,NFIB Small Business Index,Low,95.7,97.5,97.1
Tue Mar 8,,USD,Trade Balance,Low,-89.7B,-87.5B,-82.0B
Tue Mar 8,8:30pm,USD,Final Wholesale Inventories m/m,Low,0.8%,0.8%,0.8%
Tue Mar 8,8:31pm,USD,RCM/TIPP Economic Optimism,Low,41.0,45.7,44.0
Wed Mar 9,5:20am,JPY,Final GDP q/q,Low,1.1%,1.4%,1.3%
Wed Mar 9,,JPY,M2 Money Stock y/y,Low,3.6%,3.5%,3.6%
Wed Mar 9,5:23am,JPY,Final GDP Price Index y/y,Low,-1.3%,-1.3%,-1.3%
Wed Mar 9,11:28am,JPY,Prelim Machine Tool Orders y/y,Low,31.6%,,61.4%
Wed Mar 9,12:00pm,EUR,French Final Private Payrolls q/q,Low,0.6%,0.5%,0.5%
Wed Mar 9,2:30pm,EUR,Italian Industrial Production m/m,Low,-3.4%,-0.6%,-1.1%
Wed Mar 9,8:30pm,USD,JOLTS Job Openings,High,11.26M,10.96M,11.45M
Wed Mar 9,9:00pm,USD,Crude Oil Inventories,Medium,-1.9M,-1.1M,-2.6M
Wed Mar 9,11:31pm,USD,10-y Bond Auction,Medium,1.92|2.5,,1.90|2.7
Thu Mar 10,5:20am,JPY,PPI y/y,Low,9.3%,8.6%,8.9%
Thu Mar 10,5:31am,GBP,RICS House Price Balance,Low,79%,72%,74%
Thu Mar 10,6:00pm,USD,CPI y/y,High,7.9%,7.9%,7.5%
Thu Mar 10,6:15pm,EUR,Main Refinancing Rate,High,0.00%,0.00%,0.00%
Thu Mar 10,,USD,Core CPI m/m,High,0.5%,0.5%,0.6%
Thu Mar 10,,USD,CPI m/m,High,0.8%,0.8%,0.6%
Thu Mar 10,,USD,Unemployment Claims,Medium,227K,220K,216K
Thu Mar 10,9:00pm,USD,Natural Gas Storage,Low,-124B,-116B,-139B
Thu Mar 10,11:31pm,USD,30-y Bond Auction,Medium,2.38|2.5,,2.34|2.3
Fri Mar 11,12:30am,USD,Federal Budget Balance,Low,-216.6B,-213.0B,118.7B
Fri Mar 11,5:00am,JPY,Household Spending y/y,Low,6.9%,3.3%,-0.2%
Fri Mar 11,5:20am,JPY,BSI Manufacturing Index,Low,-7.6,8.2,7.9
Fri Mar 11,12:30pm,EUR,German Final CPI m/m,Low,0.9%,0.9%,0.9%
Fri Mar 11,,GBP,Construction Output m/m,Low,1.1%,0.5%,2.0%
Fri Mar 11,,GBP,GDP m/m,Low,0.8%,0.1%,-0.2%
Fri Mar 11,,GBP,Index of Services 3m/3m,Low,1.0%,0.8%,1.2%
Fri Mar 11,,GBP,Industrial Production m/m,Low,0.7%,0.1%,0.3%
Fri Mar 11,,GBP,Manufacturing Production m/m,Low,0.8%,0.2%,0.2%
Fri Mar 11,12:32pm,GBP,Goods Trade Balance,Low,-26.5B,-12.6B,-12.4B
Fri Mar 11,2:30pm,EUR,Italian Quarterly Unemployment Rate,Low,9.1%,9.0%,9.1%
Fri Mar 11,3:00pm,GBP,Consumer Inflation Expectations,Low,4.3%,,3.2%
Fri Mar 11,8:15pm,GBP,NIESR GDP Estimate,Low,1.0%,,1.1%
Fri Mar 11,8:30pm,USD,Prelim UoM Consumer Sentiment,High,59.7,61.4,62.8
Fri Mar 11,,USD,Prelim UoM Inflation Expectations,Low,5.4%,,4.9%
Mon Mar 14,12:30pm,EUR,German WPI m/m,Low,1.7%,0.9%,2.3%
Mon Mar 14,1:15pm,EUR,French Trade Balance,Low,-8.0B,-9.8B,-11.4B
Mon Mar 14,7:00pm,GBP,CB Leading Index m/m,Low,0.2%,,0.1%
Tue Mar 15,12:30pm,GBP,Average Earnings Index 3m/y,Low,4.8%,4.6%,4.6%
Tue Mar 15,,GBP,Claimant Count Change,Low,-48.1K,20.3K,-67.3K
Tue Mar 15,,GBP,Unemployment Rate,Low,3.9%,4.0%,4.1%
Tue Mar 15,1:15pm,EUR,French Final CPI m/m,Low,0.8%,0.7%,0.7%
Tue Mar 15,3:30pm,EUR,ZEW Economic Sentiment,Medium,-38.7,10.3,48.6
Tue Mar 15,,EUR,German ZEW Economic Sentiment,Medium,-39.3,5.2,54.3
Tue Mar 15,,EUR,Industrial Production m/m,Low,0.0%,0.0%,1.3%
Tue Mar 15,,USD,PPI m/m,High,0.8%,1.0%,1.0%
Tue Mar 15,,USD,Core PPI m/m,Medium,0.2%,0.6%,0.8%
Tue Mar 15,,USD,Empire State Manufacturing Index,Medium,-11.8,6.5,3.1
Wed Mar 16,1:30am,USD,TIC Long-Term Purchases,Low,58.8B,90.0B,114.5B
Wed Mar 16,5:20am,JPY,Trade Balance,Low,-1.03T,-0.39T,-0.78T
Wed Mar 16,10:00am,JPY,Revised Industrial Production m/m,Low,-0.8%,-1.3%,-1.3%
Wed Mar 16,4:05pm,EUR,German 10-y Bond Auction,Low,0.38|1.3,,-0.20|1.2
Wed Mar 16,,USD,Core Retail Sales m/m,High,0.2%,0.9%,4.4%
Wed Mar 16,,USD,Retail Sales m/m,High,0.3%,0.4%,4.9%
Wed Mar 16,,USD,Import Prices m/m,Low,1.4%,1.7%,1.9%
Wed Mar 16,7:30pm,USD,Business Inventories m/m,Low,1.1%,1.2%,2.4%
Wed Mar 16,,USD,NAHB Housing Market Index,Low,79,81,81
Wed Mar 16,8:00pm,USD,Crude Oil Inventories,Medium,4.3M,-1.8M,-1.9M
Wed Mar 16,11:30pm,USD,Federal Funds Rate,High,0.50%,0.50%,<0.25%
Thu Mar 17,5:20am,JPY,Core Machinery Orders m/m,Low,-2.0%,-2.0%,3.6%
Thu Mar 17,3:30pm,EUR,Final Core CPI y/y,Low,2.7%,2.7%,2.7%
Thu Mar 17,,EUR,Final CPI y/y,Low,5.9%,5.8%,5.8%
Thu Mar 17,,GBP,MPC Official Bank Rate Votes,High,8-0-1,9-0-0,9-0-0
Thu Mar 17,,GBP,Official Bank Rate,High,0.75%,0.75%,0.50%
Thu Mar 17,6:00pm,USD,Philly Fed Manufacturing Index,Medium,27.4,15.1,16.0
Thu Mar 17,,USD,Unemployment Claims,Medium,214K,221K,229K
Thu Mar 17,,USD,Building Permits,Low,1.86M,1.84M,1.90M
Thu Mar 17,,USD,Housing Starts,Low,1.77M,1.70M,1.66M
Thu Mar 17,6:45pm,USD,Industrial Production m/m,Medium,0.5%,0.5%,1.4%
Thu Mar 17,,USD,Capacity Utilization Rate,Low,77.6%,77.9%,77.3%
Thu Mar 17,8:00pm,USD,Natural Gas Storage,Low,-79B,-71B,-124B
Fri Mar 18,5:00am,JPY,National Core CPI y/y,Low,0.6%,0.6%,0.2%
Fri Mar 18,,JPY,BOJ Policy Rate,Low,-0.10%,-0.10%,-0.10%
Fri Mar 18,10:00am,JPY,Tertiary Industry Activity m/m,Low,-0.7%,-1.0%,0.1%
Fri Mar 18,2:30pm,EUR,Italian Trade Balance,Low,-5.05B,3.05B,1.10B
Fri Mar 18,3:30pm,EUR,Trade Balance,Low,-7.7B,-9.1B,-9.7B
Fri Mar 18,7:30pm,USD,Existing Home Sales,Medium,6.02M,6.10M,6.49M
Fri Mar 18,,USD,CB Leading Index m/m,Low,0.3%,0.3%,-0.5%
Mon Mar 21,5:31am,GBP,Rightmove HPI m/m,Low,1.7%,,2.3%
Mon Mar 21,12:30pm,EUR,German PPI m/m,Low,1.4%,1.8%,2.2%
Tue Mar 22,12:30pm,GBP,Public Sector Net Borrowing,Low,12.3B,8.5B,-7.8B
Tue Mar 22,2:35pm,EUR,Current Account,Low,22.6B,24.3B,22.6B
Tue Mar 22,4:30pm,GBP,CBI Industrial Order Expectations,Low,26,16,20
Tue Mar 22,7:29pm,USD,Richmond Manufacturing Index,Low,13,2,1
Wed Mar 23,10:29am,JPY,BOJ Core CPI y/y,Low,1.0%,0.8%,0.8%
Wed Mar 23,12:30pm,GBP,CPI y/y,High,6.2%,6.0%,5.5%
Wed Mar 23,,GBP,Core CPI y/y,Low,5.2%,5.0%,4.4%
Wed Mar 23,,GBP,PPI Input m/m,Low,1.4%,1.2%,1.5%
Wed Mar 23,,GBP,PPI Output m/m,Low,0.8%,0.9%,1.2%
Wed Mar 23,,GBP,RPI y/y,Low,8.2%,8.2%,7.8%
Wed Mar 23,3:00pm,GBP,HPI y/y,Low,9.6%,10.2%,10.0%
Wed Mar 23,7:30pm,USD,New Home Sales,Low,772K,809K,788K
Wed Mar 23,,USD,Crude Oil Inventories,Medium,-2.5M,-0.7M,4.3M
Wed Mar 23,8:20pm,EUR,Consumer Confidence,Low,-19,-13,-9
Thu Mar 24,6:00am,JPY,Flash Manufacturing PMI,Low,53.2,53.5,52.7
Thu Mar 24,1:45pm,EUR,French Flash Services PMI,Medium,57.4,55.0,55.5
Thu Mar 24,,EUR,French Flash Manufacturing PMI,Low,54.8,55.1,57.2
Thu Mar 24,,EUR,German Flash Manufacturing PMI,High,57.6,55.9,58.4
Thu Mar 24,,EUR,German Flash Services PMI,High,55.0,53.6,55.8
Thu Mar 24,,EUR,Flash Manufacturing PMI,Low,57.0,56.0,58.2
Thu Mar 24,,EUR,Flash Services PMI,Low,54.8,54.3,55.5
Thu Mar 24,3:00pm,GBP,Flash Manufacturing PMI,Medium,55.5,57.0,58.0
Thu Mar 24,,GBP,Flash Services PMI,Medium,61.0,58.0,60.5
Thu Mar 24,4:30pm,GBP,CBI Realized Sales,Low,9,11,14
Thu Mar 24,6:00pm,USD,Core Durable Goods Orders m/m,Medium,-0.6%,0.5%,0.8%
Thu Mar 24,,USD,Durable Goods Orders m/m,Medium,-2.2%,-0.5%,1.6%
Thu Mar 24,,USD,Unemployment Claims,Medium,187K,210K,215K
Thu Mar 24,,USD,Current Account,Low,-218B,-218B,-220B
Thu Mar 24,7:15pm,USD,Flash Manufacturing PMI,Medium,58.5,56.6,57.3
Thu Mar 24,,USD,Flash Services PMI,Medium,58.9,56.0,56.5
Thu Mar 24,8:00pm,USD,Natural Gas Storage,Low,-51B,-52B,-79B
Fri Mar 25,5:00am,JPY,Tokyo Core CPI y/y,Low,0.8%,0.7%,0.5%
Fri Mar 25,5:20am,JPY,SPPI y/y,Low,1.1%,1.2%,1.2%
Fri Mar 25,5:31am,GBP,GfK Consumer Confidence,Low,-31,-30,-26
Fri Mar 25,12:30pm,GBP,Retail Sales m/m,Medium,-0.3%,0.6%,1.9%
Fri Mar 25,2:30pm,EUR,German ifo Business Climate,Medium,90.8,94.2,98.5
Fri Mar 25,,EUR,M3 Money Supply y/y,Low,6.3%,6.3%,6.4%
Fri Mar 25,,EUR,Private Loans y/y,Low,4.4%,4.4%,4.3%
Fri Mar 25,7:26pm,EUR,Belgian NBB Business Climate,Low,0.4,1.8,2.3
Fri Mar 25,7:30pm,USD,Revised UoM Consumer Sentiment,Medium,59.4,59.7,59.7
Fri Mar 25,,USD,Pending Home Sales m/m,Low,-4.1%,1.0%,-5.8%
Fri Mar 25,,USD,Revised UoM Inflation Expectations,Low,5.4%,,5.4%
Mon Mar 28,6:00pm,USD,Goods Trade Balance,Low,-106.6B,-106.4B,-107.6B
Mon Mar 28,,USD,Prelim Wholesale Inventories m/m,Low,2.1%,1.3%,1.1%
Tue Mar 29,5:00am,JPY,Unemployment Rate,Low,2.7%,2.8%,2.8%
Tue Mar 29,11:30am,EUR,German GfK Consumer Climate,Low,-15.5,-14.6,-8.5
Tue Mar 29,,EUR,German Import Prices m/m,Low,1.3%,1.5%,4.3%
Tue Mar 29,,GBP,M4 Money Supply m/m,Low,1.0%,0.2%,0.1%
Tue Mar 29,,GBP,Mortgage Approvals,Low,71K,75K,74K
Tue Mar 29,,GBP,Net Lending to Individuals m/m,Low,6.5B,6.2B,6.1B
Tue Mar 29,,USD,HPI m/m,Low,1.6%,1.2%,1.3%
Tue Mar 29,,USD,S&P/CS Composite-20 HPI y/y,Low,19.1%,18.6%,18.6%
Tue Mar 29,7:30pm,USD,JOLTS Job Openings,High,11.27M,11.00M,11.28M
Tue Mar 29,,USD,CB Consumer Confidence,Medium,107.2,106.9,105.7
Wed Mar 30,4:31am,GBP,BRC Shop Price Index y/y,Low,2.1%,,1.8%
Wed Mar 30,5:20am,JPY,Retail Sales y/y,Low,-0.8%,-0.3%,1.1%
Wed Mar 30,All Day,EUR,German Prelim CPI m/m,Low,2.5%,1.6%,0.9%
Wed Mar 30,,EUR,Spanish Flash CPI y/y,Low,9.8%,8.0%,7.6%
Wed Mar 30,2:43pm,EUR,Italian 10-y Bond Auction,Low,2.14|1.3,,1.81|1.4
Wed Mar 30,5:45pm,USD,ADP Non-Farm Employment Change,High,455K,455K,486K
Wed Mar 30,6:00pm,USD,Final GDP q/q,Medium,6.9%,7.0%,7.0%
Wed Mar 30,,USD,Final GDP Price Index q/q,Low,7.1%,7.1%,7.1%
Wed Mar 30,8:00pm,USD,Crude Oil Inventories,Medium,-3.4M,-2.0M,-2.5M
Thu Mar 31,5:20am,JPY,Prelim Industrial Production m/m,Low,0.1%,0.5%,-0.8%
Thu Mar 31,10:30am,JPY,Housing Starts y/y,Low,6.3%,1.3%,2.1%
Thu Mar 31,11:30am,EUR,German Retail Sales m/m,Low,0.3%,0.5%,1.4%
Thu Mar 31,,GBP,Current Account,Low,-7.3B,-18.5B,-28.9B
Thu Mar 31,,GBP,Final GDP q/q,Low,1.3%,1.0%,1.0%
Thu Mar 31,,GBP,Nationwide HPI m/m,Low,1.1%,0.5%,1.7%
Thu Mar 31,,GBP,Revised Business Investment q/q,Low,1.0%,0.9%,0.9%
Thu Mar 31,12:15pm,EUR,French Consumer Spending m/m,Low,0.8%,1.2%,-2.0%
Thu Mar 31,,EUR,French Prelim CPI m/m,Low,1.4%,1.3%,0.7%
Thu Mar 31,1:25pm,EUR,German Unemployment Change,Low,-18K,-19K,-33K
Thu Mar 31,1:30pm,EUR,Italian Monthly Unemployment Rate,Low,8.5%,8.7%,8.6%
Thu Mar 31,2:30pm,EUR,Italian Prelim CPI m/m,Low,1.2%,0.9%,0.9%
Thu Mar 31,,EUR,Unemployment Rate,Low,6.8%,6.7%,6.9%
Thu Mar 31,5:00pm,USD,Challenger Job Cuts y/y,Low,-30.1%,,-55.9%
Thu Mar 31,,USD,Core PCE Price Index m/m,High,0.4%,0.4%,0.5%
Thu Mar 31,,USD,Unemployment Claims,Medium,202K,195K,188K
Thu Mar 31,,USD,Personal Income m/m,Low,0.5%,0.5%,0.1%
Thu Mar 31,,USD,Personal Spending m/m,Low,0.2%,0.5%,2.7%
Thu Mar 31,7:15pm,USD,Chicago PMI,Medium,62.9,56.9,56.3
Thu Mar 31,8:00pm,USD,Natural Gas Storage,Low,26B,23B,-51B
Fri Apr 1,5:20am,JPY,Tankan Manufacturing Index,Low,14,12,18
Fri Apr 1,,JPY,Tankan Non-Manufacturing Index,Low,9,5,9
Fri Apr 1,6:00am,JPY,Final Manufacturing PMI,Low,54.1,53.2,53.2
Fri Apr 1,12:15pm,EUR,French Gov Budget Balance,Low,-37.6B,,-15.9B
Fri Apr 1,12:45pm,EUR,Spanish Manufacturing PMI,Low,54.2,55.8,56.9
Fri Apr 1,1:15pm,EUR,Italian Manufacturing PMI,Low,55.8,57.0,58.3
Fri Apr 1,1:20pm,EUR,French Final Manufacturing PMI,Low,54.7,54.8,54.8
Fri Apr 1,1:25pm,EUR,German Final Manufacturing PMI,Low,56.9,57.6,57.6
Fri Apr 1,1:30pm,EUR,Final Manufacturing PMI,Low,56.5,57.0,57.0
Fri Apr 1,2:00pm,GBP,Final Manufacturing PMI,Low,55.2,55.5,55.5
Fri Apr 1,2:30pm,EUR,CPI Flash Estimate y/y,Medium,7.5%,6.7%,5.9%
Fri Apr 1,,EUR,Core CPI Flash Estimate y/y,Low,3.0%,3.1%,2.7%
Fri Apr 1,6:00pm,USD,Average Hourly Earnings m/m,High,0.4%,0.4%,0.1%
Fri Apr 1,,USD,Non-Farm Employment Change,High,431K,492K,750K
Fri Apr 1,,USD,Unemployment Rate,High,3.6%,3.7%,3.8%
Fri Apr 1,7:15pm,USD,Final Manufacturing PMI,Low,58.8,58.5,58.5
Fri Apr 1,7:30pm,USD,ISM Manufacturing PMI,High,57.1,58.9,58.6
Fri Apr 1,,USD,Construction Spending m/m,Low,0.5%,1.0%,1.6%
Fri Apr 1,,USD,ISM Manufacturing Prices,Low,87.1,79.9,75.6
Fri Apr 1,All Day,USD,Wards Total Vehicle Sales,Low,13.3M,13.4M,14.1M
Mon Apr 4,5:20am,JPY,Monetary Base y/y,Low,7.9%,8.0%,7.6%
Mon Apr 4,11:30am,EUR,German Trade Balance,Low,11.5B,11.3B,8.8B
Mon Apr 4,12:30pm,EUR,Spanish Unemployment Change,Medium,-2.9K,15.3K,-11.4K
Mon Apr 4,2:00pm,EUR,Sentix Investor Confidence,Low,-18.0,-9.3,-7.0
Mon Apr 4,,USD,Factory Orders m/m,Low,-0.5%,-0.5%,1.5%
Tue Apr 5,5:00am,JPY,Average Cash Earnings y/y,Low,1.2%,0.6%,1.1%
Tue Apr 5,,JPY,Household Spending y/y,Low,1.1%,2.8%,6.9%
Tue Apr 5,9:05am,JPY,10-y Bond Auction,Low,0.20|3.6,,0.18|3.2
Tue Apr 5,12:15pm,EUR,French Industrial Production m/m,Low,-0.9%,-0.4%,1.8%
Tue Apr 5,12:45pm,EUR,Spanish Services PMI,Low,53.4,54.2,56.6
Tue Apr 5,1:15pm,EUR,Italian Services PMI,Low,52.1,51.6,52.8
Tue Apr 5,1:20pm,EUR,French Final Services PMI,Low,57.4,57.4,57.4
Tue Apr 5,1:25pm,EUR,German Final Services PMI,Low,56.1,55.0,55.0
Tue Apr 5,1:30pm,EUR,Final Services PMI,Low,55.6,54.8,54.8
Tue Apr 5,2:00pm,GBP,Final Services PMI,Low,62.6,60.9,61.0
Tue Apr 5,,GBP,Housing Equity Withdrawal q/q,Low,-12.1B,1.4B,-6.7B
Tue Apr 5,,USD,Trade Balance,Low,-89.2B,-88.5B,-89.2B
Tue Apr 5,7:15pm,USD,Final Services PMI,Low,58.0,58.9,58.9
Tue Apr 5,7:30pm,USD,ISM Services PMI,High,58.3,58.6,56.5
Wed Apr 6,11:30am,EUR,German Factory Orders m/m,Low,-2.2%,-0.2%,2.3%
Wed Apr 6,2:00pm,GBP,Construction PMI,Low,59.1,58.0,59.1
Wed Apr 6,2:30pm,EUR,PPI m/m,Low,1.1%,1.2%,5.1%
Wed Apr 6,8:00pm,USD,Crude Oil Inventories,Low,2.4M,-2.9M,-3.4M
Thu Apr 7,9:05am,JPY,30-y Bond Auction,Low,0.99|3.0,,0.89|3.1
Thu Apr 7,10:30am,JPY,Leading Indicators,Low,100.9%,100.9%,102.5%
Thu Apr 7,11:30am,EUR,German Industrial Production m/m,Low,0.2%,0.1%,1.4%
Thu Apr 7,,GBP,Halifax HPI m/m,Low,1.4%,0.9%,0.8%
Thu Apr 7,2:19pm,EUR,Spanish 10-y Bond Auction,Low,1.60|2.3,,1.23|1.5
Thu Apr 7,2:30pm,EUR,Retail Sales m/m,Low,0.3%,0.6%,0.2%
Thu Apr 7,2:33pm,EUR,French 10-y Bond Auction,Low,1.17|1.8,,0.52|1.7
Thu Apr 7,6:00pm,USD,Unemployment Claims,Medium,166K,201K,171K
Thu Apr 7,,USD,Natural Gas Storage,Low,-33B,-28B,26B
Fri Apr 8,12:30am,USD,Consumer Credit m/m,Low,41.8B,18.0B,8.9B
Fri Apr 8,5:20am,JPY,Current Account,Low,0.52T,0.27T,0.18T
Fri Apr 8,10:30am,JPY,Consumer Confidence,Low,32.8,36.9,35.3
Fri Apr 8,11:30am,JPY,Economy Watchers Sentiment,Low,47.8,45.0,37.7
Fri Apr 8,1:30pm,EUR,Italian Retail Sales m/m,Low,0.7%,0.5%,-0.6%
Fri Apr 8,7:30pm,USD,Final Wholesale Inventories m/m,Low,2.5%,2.1%,2.1%
Mon Apr 11,11:29am,JPY,Prelim Machine Tool Orders y/y,Low,30.2%,,31.6%
Mon Apr 11,11:30am,GBP,Construction Output m/m,Low,-0.1%,0.5%,1.6%
Mon Apr 11,,GBP,GDP m/m,Low,0.1%,0.2%,0.8%
Mon Apr 11,,GBP,Goods Trade Balance,Low,-20.6B,-16.8B,-23.9B
Mon Apr 11,,GBP,Index of Services 3m/3m,Low,0.8%,0.7%,1.4%
Mon Apr 11,,GBP,Industrial Production m/m,Low,-0.6%,0.3%,0.7%
Mon Apr 11,,GBP,Manufacturing Production m/m,Low,-0.4%,0.3%,0.9%
Mon Apr 11,3:30pm,GBP,NIESR GDP Estimate,Low,1.0%,,1.0%
Tue Apr 12,4:31am,GBP,BRC Retail Sales Monitor y/y,Low,-0.4%,2.6%,2.7%
Tue Apr 12,5:20am,JPY,Bank Lending y/y,Low,0.5%,0.5%,0.3%
Tue Apr 12,,JPY,PPI y/y,Low,9.5%,9.2%,9.7%
Tue Apr 12,11:30am,EUR,German Final CPI m/m,Low,2.5%,2.5%,2.5%
Tue Apr 12,,EUR,German WPI m/m,Low,6.9%,1.4%,1.7%
Tue Apr 12,,GBP,Average Earnings Index 3m/y,Low,5.4%,5.4%,4.8%
Tue Apr 12,,GBP,Claimant Count Change,Low,-46.9K,-41.1K,-58.0K
Tue Apr 12,,GBP,Unemployment Rate,Low,3.8%,3.8%,3.9%
Tue Apr 12,12:15pm,EUR,French Trade Balance,Low,-10.3B,-9.3B,-8.0B
Tue Apr 12,2:30pm,EUR,German ZEW Economic Sentiment,Medium,-41.0,-48.4,-39.3
Tue Apr 12,,EUR,ZEW Economic Sentiment,Medium,-43.0,-46.5,-38.7
Tue Apr 12,2:32pm,GBP,10-y Bond Auction,Low,1.93|2.6,,1.60|2.5
Tue Apr 12,3:30pm,USD,NFIB Small Business Index,Low,93.2,95.0,95.7
Tue Apr 12,6:00pm,USD,Core CPI m/m,High,0.3%,0.5%,0.5%
Tue Apr 12,,USD,CPI m/m,High,1.2%,1.2%,0.8%
Tue Apr 12,,USD,CPI y/y,High,8.5%,8.4%,7.9%
Tue Apr 12,7:30pm,USD,RCM/TIPP Economic Optimism,Low,45.5,43.2,41.0
Tue Apr 12,10:31pm,USD,10-y Bond Auction,Medium,2.72|2.4,,1.92|2.5
Tue Apr 12,11:30pm,USD,Federal Budget Balance,Low,-192.7B,-191.5B,-216.6B
Wed Apr 13,5:20am,JPY,Core Machinery Orders m/m,Low,-9.8%,-1.5%,-2.0%
Wed Apr 13,,JPY,M2 Money Stock y/y,Low,3.5%,3.6%,3.6%
Wed Apr 13,11:30am,GBP,CPI y/y,High,7.0%,6.7%,6.2%
Wed Apr 13,,GBP,Core CPI y/y,Low,5.7%,5.3%,5.2%
Wed Apr 13,,GBP,PPI Input m/m,Low,5.2%,2.0%,1.8%
Wed Apr 13,,GBP,PPI Output m/m,Low,2.0%,1.2%,0.9%
Wed Apr 13,,GBP,RPI y/y,Low,9.0%,8.8%,8.2%
Wed Apr 13,1:30pm,EUR,Italian Industrial Production m/m,Low,4.0%,0.9%,-3.4%
Wed Apr 13,2:00pm,GBP,HPI y/y,Low,10.9%,10.1%,10.2%
Wed Apr 13,3:08pm,EUR,German 10-y Bond Auction,Low,0.83|1.3,,0.38|1.3
Wed Apr 13,6:00pm,USD,PPI m/m,High,1.4%,1.1%,0.8%
Wed Apr 13,,USD,Core PPI m/m,Medium,1.0%,0.5%,0.2%
Wed Apr 13,8:00pm,USD,Crude Oil Inventories,Low,9.4M,1.1M,2.4M
Wed Apr 13,10:31pm,USD,30-y Bond Auction,Medium,2.82|2.3,,2.38|2.5
Thu Apr 14,4:31am,GBP,RICS House Price Balance,Low,74%,75%,78%
Thu Apr 14,5:15pm,EUR,Main Refinancing Rate,High,0.00%,0.00%,0.00%
Thu Apr 14,,USD,Core Retail Sales m/m,High,1.1%,1.0%,0.6%
Thu Apr 14,,USD,Retail Sales m/m,High,0.5%,0.6%,0.8%
Thu Apr 14,,USD,Unemployment Claims,Medium,185K,172K,167K
Thu Apr 14,,USD,Import Prices m/m,Low,2.6%,2.3%,1.6%
Thu Apr 14,7:00pm,GBP,CB Leading Index m/m,Low,0.0%,,0.4%
Thu Apr 14,7:30pm,USD,Prelim UoM Consumer Sentiment,Medium,65.7,59.1,59.4
Thu Apr 14,,USD,Business Inventories m/m,Low,1.5%,1.3%,1.3%
Thu Apr 14,,USD,Prelim UoM Inflation Expectations,Low,5.4%,,5.4%
Thu Apr 14,8:00pm,USD,Natural Gas Storage,Low,15B,15B,-33B
Fri Apr 15,12:15pm,EUR,French Final CPI m/m,Low,1.4%,1.4%,1.4%
Fri Apr 15,6:00pm,USD,Empire State Manufacturing Index,Medium,24.6,0.9,-11.8
Fri Apr 15,6:45pm,USD,Capacity Utilization Rate,Low,78.3%,77.8%,77.6%
Fri Apr 15,,USD,Industrial Production m/m,Low,0.9%,0.4%,0.5%
Sat Apr 16,1:30am,USD,TIC Long-Term Purchases,Low,141.7B,103.5B,58.8B
Mon Apr 18,7:30pm,USD,NAHB Housing Market Index,Low,77,77,79
Tue Apr 19,10:00am,JPY,Revised Industrial Production m/m,Low,2.0%,0.1%,0.1%
Tue Apr 19,,USD,Building Permits,Low,1.87M,1.83M,1.87M
Tue Apr 19,,USD,Housing Starts,Low,1.79M,1.74M,1.79M
Wed Apr 20,5:20am,JPY,Trade Balance,Low,-0.90T,-0.58T,-1.07T
Wed Apr 20,10:00am,JPY,Tertiary Industry Activity m/m,Low,-1.3%,0.3%,-0.2%
Wed Apr 20,11:30am,EUR,German PPI m/m,Low,4.9%,2.7%,1.4%
Wed Apr 20,1:30pm,EUR,Italian Trade Balance,Low,-1.66B,-4.23B,-5.13B
Wed Apr 20,2:30pm,EUR,Industrial Production m/m,Low,0.7%,0.8%,-0.7%
Wed Apr 20,,EUR,Trade Balance,Low,-9.4B,-6.5B,-7.7B
Wed Apr 20,7:30pm,USD,Existing Home Sales,Medium,5.77M,5.78M,5.93M
Wed Apr 20,8:00pm,USD,Crude Oil Inventories,Low,-8.0M,3.0M,9.4M
Thu Apr 21,2:10pm,EUR,Spanish 10-y Bond Auction,Low,1.74|1.3,,1.60|2.3
Thu Apr 21,2:30pm,EUR,Final Core CPI y/y,Low,2.9%,3.0%,3.0%
Thu Apr 21,,EUR,Final CPI y/y,Low,7.4%,7.5%,7.5%
Thu Apr 21,6:00pm,USD,Philly Fed Manufacturing Index,Medium,17.6,21.5,27.4
Thu Apr 21,,USD,Unemployment Claims,Medium,184K,177K,186K
Thu Apr 21,7:16pm,EUR,Consumer Confidence,Low,-17,-20,-19
Thu Apr 21,7:30pm,USD,CB Leading Index m/m,Low,0.3%,0.3%,0.6%
Thu Apr 21,8:00pm,USD,Natural Gas Storage,Low,53B,40B,15B
Fri Apr 22,4:31am,GBP,GfK Consumer Confidence,Low,-38,-33,-31
Fri Apr 22,5:00am,JPY,National Core CPI y/y,Low,0.8%,0.8%,0.6%
Fri Apr 22,6:00am,JPY,Flash Manufacturing PMI,Low,53.4,53.3,54.1
Fri Apr 22,11:30am,GBP,Retail Sales m/m,Medium,-1.4%,-0.3%,-0.5%
Fri Apr 22,12:45pm,EUR,French Flash Services PMI,Medium,58.8,56.4,57.4
Fri Apr 22,,EUR,French Flash Manufacturing PMI,Low,55.4,53.7,54.7
Fri Apr 22,1:00pm,EUR,German Flash Manufacturing PMI,High,54.1,54.6,56.9
Fri Apr 22,,EUR,German Flash Services PMI,High,57.9,55.4,56.1
Fri Apr 22,1:30pm,EUR,Current Account,Low,20.8B,22.8B,21.6B
Fri Apr 22,,EUR,Flash Manufacturing PMI,Low,55.3,54.9,56.5
Fri Apr 22,,EUR,Flash Services PMI,Low,57.7,55.0,55.6
Fri Apr 22,2:00pm,GBP,Flash Manufacturing PMI,Medium,55.3,53.9,55.2
Fri Apr 22,,GBP,Flash Services PMI,Medium,58.3,59.9,62.6
Fri Apr 22,7:15pm,USD,Flash Manufacturing PMI,Medium,59.7,58.1,58.8
Fri Apr 22,,USD,Flash Services PMI,Medium,54.7,58.0,58.0
Mon Apr 25,4:31am,GBP,Rightmove HPI m/m,Low,1.6%,,1.7%
Mon Apr 25,5:20am,JPY,SPPI y/y,Low,1.3%,1.2%,1.1%
Mon Apr 25,1:30pm,EUR,German ifo Business Climate,Medium,91.8,88.3,90.8
Mon Apr 25,3:30pm,GBP,CBI Industrial Order Expectations,Low,14,24,26
Mon Apr 25,6:28pm,EUR,Belgian NBB Business Climate,Low,2.4,0.2,0.4
Tue Apr 26,5:00am,JPY,Unemployment Rate,Low,2.6%,2.7%,2.7%
Tue Apr 26,10:30am,JPY,BOJ Core CPI y/y,Low,1.1%,1.1%,1.0%
Tue Apr 26,,GBP,Public Sector Net Borrowing,Low,17.3B,14.2B,9.9B
Tue Apr 26,6:00pm,USD,Core Durable Goods Orders m/m,Medium,1.1%,0.5%,-0.5%
Tue Apr 26,,USD,Durable Goods Orders m/m,Medium,0.8%,1.0%,-2.1%
Tue Apr 26,6:30pm,USD,HPI m/m,Low,2.1%,1.5%,1.6%
Tue Apr 26,,USD,S&P/CS Composite-20 HPI y/y,Low,20.2%,19.2%,18.9%
Tue Apr 26,7:29pm,USD,Richmond Manufacturing Index,Low,14,9,13
Tue Apr 26,7:30pm,USD,CB Consumer Confidence,Medium,107.3,108.5,107.6
Tue Apr 26,,USD,New Home Sales,Low,763K,774K,835K
Wed Apr 27,11:30am,EUR,German GfK Consumer Climate,Low,-26.5,-16.1,-15.7
Wed Apr 27,3:30pm,GBP,CBI Realized Sales,Low,-35,-6,9
Wed Apr 27,6:00pm,USD,Goods Trade Balance,Low,-125.3B,-105.0B,-106.3B
Wed Apr 27,,USD,Prelim Wholesale Inventories m/m,Low,2.3%,1.5%,2.5%
Wed Apr 27,7:30pm,USD,Pending Home Sales m/m,Low,-1.2%,-1.0%,-4.0%
Wed Apr 27,8:00pm,USD,Crude Oil Inventories,Low,0.7M,0.1M,-8.0M
Thu Apr 28,5:20am,JPY,Prelim Industrial Production m/m,Low,0.3%,0.5%,2.0%
Thu Apr 28,,JPY,Retail Sales y/y,Low,0.9%,0.3%,-0.9%
Thu Apr 28,,JPY,BOJ Policy Rate,Low,-0.10%,-0.10%,-0.10%
Thu Apr 28,10:29am,JPY,Housing Starts y/y,Low,6.0%,-0.5%,6.3%
Thu Apr 28,All Day,EUR,German Prelim CPI m/m,Low,0.8%,0.5%,2.5%
Thu Apr 28,12:30pm,EUR,Spanish Flash CPI y/y,Low,8.4%,9.1%,9.8%
Thu Apr 28,,EUR,Spanish Unemployment Rate,Low,13.6%,13.0%,13.3%
Thu Apr 28,6:00pm,USD,Advance GDP q/q,High,-1.4%,1.1%,6.9%
Thu Apr 28,,USD,Advance GDP Price Index q/q,Medium,8.0%,7.2%,7.1%
Thu Apr 28,,USD,Unemployment Claims,Medium,180K,178K,185K
Thu Apr 28,8:00pm,USD,Natural Gas Storage,Low,40B,39B,53B
Fri Apr 29,11:00am,EUR,French Consumer Spending m/m,Low,-1.3%,-0.3%,0.9%
Fri Apr 29,,EUR,French Flash GDP q/q,Low,0.0%,0.3%,0.8%
Fri Apr 29,11:30am,EUR,German Import Prices m/m,Low,5.7%,3.5%,1.3%
Fri Apr 29,,GBP,Nationwide HPI m/m,Low,0.3%,0.8%,1.1%
Fri Apr 29,12:15pm,EUR,French Prelim CPI m/m,Low,0.4%,0.2%,1.4%
Fri Apr 29,,EUR,Spanish Flash GDP q/q,Low,0.3%,0.6%,2.2%
Fri Apr 29,,EUR,German Prelim GDP q/q,Medium,0.2%,0.2%,-0.3%
Fri Apr 29,,EUR,M3 Money Supply y/y,Low,6.3%,6.2%,6.4%
Fri Apr 29,,EUR,Italian Prelim GDP q/q,Low,-0.2%,-0.2%,0.7%
Fri Apr 29,,EUR,Private Loans y/y,Low,4.5%,4.5%,4.4%
Fri Apr 29,2:30pm,EUR,CPI Flash Estimate y/y,Medium,7.5%,7.5%,7.4%
Fri Apr 29,,EUR,Core CPI Flash Estimate y/y,Low,3.5%,3.2%,2.9%
Fri Apr 29,,EUR,Italian Prelim CPI m/m,Low,0.2%,0.4%,1.0%
Fri Apr 29,,EUR,Prelim Flash GDP q/q,Low,0.2%,0.3%,0.3%
Fri Apr 29,2:40pm,EUR,Italian 10-y Bond Auction,Low,2.78|1.3,,2.14|1.3
Fri Apr 29,,USD,Core PCE Price Index m/m,High,0.3%,0.3%,0.3%
Fri Apr 29,,USD,Employment Cost Index q/q,Low,1.4%,1.1%,1.0%
Fri Apr 29,,USD,Personal Income m/m,Low,0.5%,0.4%,0.7%
Fri Apr 29,,USD,Personal Spending m/m,Low,1.1%,0.7%,0.6%
Fri Apr 29,7:15pm,USD,Chicago PMI,Low,56.4,62.1,62.9
Fri Apr 29,7:30pm,USD,Revised UoM Consumer Sentiment,Medium,65.2,65.8,65.7
Fri Apr 29,,USD,Revised UoM Inflation Expectations,Low,5.4%,,5.4%
Mon May 2,6:00am,JPY,Final Manufacturing PMI,Low,53.5,53.4,53.4
Mon May 2,10:29am,JPY,Consumer Confidence,Low,33.0,34.9,32.8
Mon May 2,11:30am,EUR,German Retail Sales m/m,Low,-0.1%,0.2%,0.2%
Mon May 2,12:45pm,EUR,Spanish Manufacturing PMI,Low,53.3,54.0,54.2
Mon May 2,1:15pm,EUR,Italian Manufacturing PMI,Low,54.5,55.1,55.8
Mon May 2,1:20pm,EUR,French Final Manufacturing PMI,Low,55.7,55.4,55.4
Mon May 2,1:25pm,EUR,German Final Manufacturing PMI,Low,54.6,54.1,54.1
Mon May 2,1:30pm,EUR,Final Manufacturing PMI,Low,55.5,55.3,55.3
Mon May 2,,EUR,Italian Monthly Unemployment Rate,Low,8.3%,8.4%,8.5%
Mon May 2,7:15pm,USD,Final Manufacturing PMI,Low,59.2,59.7,59.7
Mon May 2,7:30pm,USD,ISM Manufacturing PMI,High,55.4,57.5,57.1
Mon May 2,,USD,Construction Spending m/m,Low,0.1%,0.8%,0.5%
Mon May 2,,USD,ISM Manufacturing Prices,Low,84.6,87.6,87.1
Tue May 3,12:15pm,EUR,French Gov Budget Balance,Low,-38.3B,,-37.6B
Tue May 3,1:25pm,EUR,German Unemployment Change,Low,-13K,-15K,-18K
Tue May 3,2:00pm,GBP,Final Manufacturing PMI,Low,55.8,55.3,55.3
Tue May 3,2:30pm,EUR,PPI m/m,Low,5.3%,4.9%,1.1%
Tue May 3,,EUR,Unemployment Rate,Low,6.8%,6.8%,6.9%
Tue May 3,7:30pm,USD,JOLTS Job Openings,High,11.55M,11.19M,11.34M
Tue May 3,,USD,Factory Orders m/m,Low,2.2%,1.3%,0.1%
Tue May 3,All Day,USD,Wards Total Vehicle Sales,Low,14.3M,14.2M,13.3M
Wed May 4,4:31am,GBP,BRC Shop Price Index y/y,Low,2.7%,,2.1%
Wed May 4,11:30am,EUR,German Trade Balance,Low,3.2B,12.3B,11.1B
Wed May 4,12:30pm,EUR,Spanish Unemployment Change,Medium,-86.3K,-75.0K,-2.9K
Wed May 4,12:45pm,EUR,Spanish Services PMI,Low,57.1,56.0,53.4
Wed May 4,1:15pm,EUR,Italian Services PMI,Low,55.7,54.6,52.1
Wed May 4,1:20pm,EUR,French Final Services PMI,Low,58.9,58.8,58.8
Wed May 4,1:25pm,EUR,German Final Services PMI,Low,57.6,57.9,57.9
Wed May 4,1:30pm,EUR,Final Services PMI,Low,57.7,57.7,57.7
Wed May 4,2:00pm,GBP,M4 Money Supply m/m,Low,0.1%,0.8%,1.0%
Wed May 4,,GBP,Mortgage Approvals,Low,71K,70K,71K
Wed May 4,2:02pm,GBP,Net Lending to Individuals m/m,Low,8.3B,6.2B,6.1B
Wed May 4,2:30pm,EUR,Retail Sales m/m,Low,-0.4%,-0.3%,0.4%
Wed May 4,3:06pm,EUR,German 10-y Bond Auction,Low,0.93|1.6,,0.83|1.3
Wed May 4,5:45pm,USD,ADP Non-Farm Employment Change,High,247K,382K,479K
Wed May 4,,USD,Trade Balance,Low,-109.8B,-107.3B,-89.8B
Wed May 4,7:15pm,USD,Final Services PMI,Low,55.6,54.7,54.7
Wed May 4,7:30pm,USD,ISM Services PMI,Medium,57.1,58.5,58.3
Wed May 4,8:00pm,USD,Crude Oil Inventories,Low,1.3M,-0.7M,0.7M
Wed May 4,11:30pm,USD,Federal Funds Rate,High,1.00%,1.00%,0.50%
Thu May 5,11:30am,EUR,German Factory Orders m/m,Low,-4.7%,-1.0%,-0.8%
Thu May 5,12:15pm,EUR,French Industrial Production m/m,Low,-0.5%,-0.2%,-1.2%
Thu May 5,2:00pm,GBP,Final Services PMI,Low,58.9,58.3,58.3
Thu May 5,2:31pm,EUR,French 10-y Bond Auction,Low,1.51|1.8,,1.17|1.8
Thu May 5,,GBP,MPC Official Bank Rate Votes,High,9-0-0,8-0-1,8-0-1
Thu May 5,,GBP,Official Bank Rate,High,1.00%,1.00%,0.75%
Thu May 5,,USD,Challenger Job Cuts y/y,Low,6.0%,,-30.1%
Thu May 5,6:00pm,USD,Unemployment Claims,Medium,200K,180K,181K
Thu May 5,,USD,Prelim Nonfarm Productivity q/q,Low,-7.5%,-5.1%,6.3%
Thu May 5,,USD,Prelim Unit Labor Costs q/q,Low,11.6%,10.1%,0.9%
Thu May 5,7:30pm,USD,Mortgage Delinquencies,Low,4.11%,,4.65%
Thu May 5,8:00pm,USD,Natural Gas Storage,Low,77B,69B,40B
Fri May 6,5:00am,JPY,Tokyo Core CPI y/y,Low,1.9%,1.8%,0.8%
Fri May 6,5:20am,JPY,Monetary Base y/y,Low,6.6%,8.2%,7.9%
Fri May 6,11:30am,EUR,German Industrial Production m/m,Low,-3.9%,-1.3%,0.1%
Fri May 6,,GBP,Halifax HPI m/m,Low,1.1%,0.7%,1.5%
Fri May 6,12:15pm,EUR,French Prelim Private Payrolls q/q,Low,0.3%,0.2%,0.6%
Fri May 6,1:30pm,EUR,Italian Retail Sales m/m,Low,-0.5%,0.5%,0.7%
Fri May 6,2:00pm,GBP,Construction PMI,Low,58.2,58.0,59.1
Fri May 6,,USD,Average Hourly Earnings m/m,High,0.3%,0.4%,0.5%
Fri May 6,,USD,Non-Farm Employment Change,High,428K,390K,428K
Fri May 6,,USD,Unemployment Rate,High,3.6%,3.5%,3.6%
Sat May 7,12:30am,USD,Consumer Credit m/m,Low,52.4B,25.1B,37.7B
Mon May 9,5:00am,JPY,Average Cash Earnings y/y,Low,1.2%,0.9%,1.2%
Mon May 9,12:15pm,EUR,French Trade Balance,Low,-12.4B,-11.2B,-10.4B
Mon May 9,2:00pm,EUR,Sentix Investor Confidence,Low,-22.6,-21.7,-18.0
Mon May 9,7:30pm,USD,Final Wholesale Inventories m/m,Low,2.3%,2.3%,2.3%
Tue May 10,4:31am,GBP,BRC Retail Sales Monitor y/y,Low,-1.7%,3.5%,-0.4%
Tue May 10,5:00am,JPY,Household Spending y/y,Low,-2.3%,-3.2%,1.1%
Tue May 10,9:05am,JPY,10-y Bond Auction,Low,0.25|5.7,,0.20|3.6
Tue May 10,1:30pm,EUR,Italian Industrial Production m/m,Low,0.0%,-1.4%,4.0%
Tue May 10,2:34pm,EUR,ZEW Economic Sentiment,Low,-29.5,-42.0,-43.0
Tue May 10,,EUR,German ZEW Economic Sentiment,Low,-34.3,-43.0,-41.0
Tue May 10,3:24pm,USD,NFIB Small Business Index,Low,93.2,92.9,93.2
Tue May 10,7:28pm,USD,RCM/TIPP Economic Optimism,Low,41.2,42.5,45.5
Wed May 11,10:30am,JPY,Leading Indicators,Low,101.0%,100.9%,100.0%
Wed May 11,11:30am,EUR,German Final CPI m/m,Low,0.8%,0.8%,0.8%
Wed May 11,3:02pm,EUR,German 10-y Bond Auction,Low,0.96|1.4,,0.93|1.6
Wed May 11,6:00pm,USD,Core CPI m/m,High,0.6%,0.4%,0.3%
Wed May 11,,USD,CPI m/m,High,0.3%,0.2%,1.2%
Wed May 11,,USD,CPI y/y,High,8.3%,8.1%,8.5%
Wed May 11,8:00pm,USD,Crude Oil Inventories,Low,8.5M,-1.0M,1.3M
Wed May 11,10:31pm,USD,10-y Bond Auction,Low,2.94|2.5,,2.72|2.4
Wed May 11,11:30pm,USD,Federal Budget Balance,Low,308.2B,218.5B,-192.7B
Thu May 12,4:31am,GBP,RICS House Price Balance,Low,80%,70%,74%
Thu May 12,5:20am,JPY,Bank Lending y/y,Low,0.9%,0.6%,0.5%
Thu May 12,,JPY,Current Account,Low,1.56T,0.63T,0.52T
Thu May 12,9:05am,JPY,30-y Bond Auction,Low,1.02|3.1,,0.99|3.0
Thu May 12,10:30am,JPY,Economy Watchers Sentiment,Low,50.4,50.9,47.8
Thu May 12,11:30am,GBP,Prelim GDP q/q,Medium,0.8%,1.0%,1.3%
Thu May 12,,GBP,Construction Output m/m,Low,1.7%,0.2%,0.2%
Thu May 12,,GBP,GDP m/m,Low,-0.1%,0.0%,0.0%
Thu May 12,,GBP,Goods Trade Balance,Low,-23.9B,-18.5B,-21.6B
Thu May 12,,GBP,Index of Services 3m/3m,Low,0.4%,0.9%,0.6%
Thu May 12,,GBP,Industrial Production m/m,Low,-0.2%,0.0%,-0.3%
Thu May 12,,GBP,Manufacturing Production m/m,Low,-0.2%,0.0%,-0.6%
Thu May 12,,GBP,Prelim Business Investment q/q,Low,-0.5%,1.8%,1.0%
Thu May 12,5:01pm,GBP,NIESR GDP Estimate,Low,0.3%,,0.8%
Thu May 12,6:00pm,USD,PPI m/m,High,0.5%,0.5%,1.4%
Thu May 12,,USD,Core PPI m/m,Medium,0.4%,0.6%,1.0%
Thu May 12,,USD,Unemployment Claims,Medium,203K,190K,202K
Thu May 12,8:00pm,USD,Natural Gas Storage,Low,76B,82B,77B
Thu May 12,10:31pm,USD,30-y Bond Auction,Low,3.00|2.4,,2.82|2.3
Fri May 13,5:20am,JPY,M2 Money Stock y/y,Low,3.6%,3.4%,3.5%
Fri May 13,12:15pm,EUR,French Final CPI m/m,Low,0.4%,0.4%,0.4%
Fri May 13,2:30pm,EUR,Industrial Production m/m,Low,-1.8%,-2.1%,0.5%
Fri May 13,6:00pm,USD,Import Prices m/m,Low,0.0%,0.6%,2.9%
Fri May 13,7:30pm,USD,Prelim UoM Consumer Sentiment,Medium,59.1,64.1,65.2
Fri May 13,,USD,Prelim UoM Inflation Expectations,Low,5.4%,,5.4%
Mon May 16,5:20am,JPY,PPI y/y,Low,10.0%,9.4%,9.7%
Mon May 16,11:28am,JPY,Prelim Machine Tool Orders y/y,Low,25.0%,,30.0%
Mon May 16,11:30am,EUR,German WPI m/m,Low,2.1%,4.2%,6.9%
Mon May 16,,EUR,Trade Balance,Low,-17.6B,2.3B,-11.3B
Mon May 16,,USD,Empire State Manufacturing Index,Medium,-11.6,15.3,24.6
Mon May 16,7:00pm,GBP,CB Leading Index m/m,Low,-0.2%,,0.1%
Tue May 17,1:30am,USD,TIC Long-Term Purchases,Low,23.1B,105.0B,141.7B
Tue May 17,10:00am,JPY,Tertiary Industry Activity m/m,Low,1.3%,1.2%,-1.8%
Tue May 17,11:30am,GBP,Average Earnings Index 3m/y,Low,7.0%,5.4%,5.6%
Tue May 17,,GBP,Claimant Count Change,Low,-56.9K,-42.3K,-81.6K
Tue May 17,,GBP,Unemployment Rate,Low,3.7%,3.8%,3.8%
Tue May 17,1:30pm,EUR,Italian Trade Balance,Low,-0.08B,0.79B,-1.77B
Tue May 17,2:30pm,EUR,Flash Employment Change q/q,Low,0.5%,0.5%,0.4%
Tue May 17,,EUR,Flash GDP q/q,Low,0.3%,0.2%,0.2%
Tue May 17,2:33pm,GBP,30-y Bond Auction,Low,2.04|2.9,,1.58|2.3
Tue May 17,,USD,Core Retail Sales m/m,High,0.6%,0.4%,2.1%
Tue May 17,,USD,Retail Sales m/m,High,0.9%,1.0%,1.4%
Tue May 17,6:45pm,USD,Capacity Utilization Rate,Low,79.0%,78.5%,78.2%
Tue May 17,,USD,Industrial Production m/m,Low,1.1%,0.4%,0.9%
Tue May 17,7:30pm,USD,Business Inventories m/m,Low,2.0%,1.9%,1.8%
Tue May 17,,USD,NAHB Housing Market Index,Low,69,75,77
Wed May 18,5:20am,JPY,Prelim GDP Price Index y/y,Low,-0.4%,-1.0%,-1.3%
Wed May 18,,JPY,Prelim GDP q/q,Low,-0.2%,-0.4%,1.1%
Wed May 18,10:00am,JPY,Revised Industrial Production m/m,Low,0.3%,0.3%,0.3%
Wed May 18,11:30am,GBP,CPI y/y,High,9.0%,9.1%,7.0%
Wed May 18,,GBP,Core CPI y/y,Low,6.2%,6.2%,5.7%
Wed May 18,,GBP,PPI Input m/m,Low,1.1%,1.0%,4.6%
Wed May 18,,GBP,PPI Output m/m,Low,2.3%,1.1%,1.9%
Wed May 18,,GBP,RPI y/y,Low,11.1%,11.0%,9.0%
Wed May 18,2:00pm,GBP,HPI y/y,Low,9.8%,9.8%,11.3%
Wed May 18,2:30pm,EUR,Final Core CPI y/y,Low,3.5%,3.5%,3.5%
Wed May 18,,EUR,Final CPI y/y,Low,7.4%,7.5%,7.5%
Wed May 18,3:06pm,EUR,German 30-y Bond Auction,Low,1.16|3.1,,0.39|1.2
Wed May 18,,USD,Building Permits,Low,1.82M,1.81M,1.88M
Wed May 18,,USD,Housing Starts,Low,1.72M,1.75M,1.73M
Wed May 18,,USD,Crude Oil Inventories,Low,-3.4M,2.1M,8.5M
Thu May 19,5:20am,JPY,Core Machinery Orders m/m,Low,7.1%,3.9%,-9.8%
Thu May 19,,JPY,Trade Balance,Low,-1.62T,-1.52T,-1.02T
Thu May 19,1:30pm,EUR,Current Account,Low,-1.6B,20.3B,15.7B
Thu May 19,2:19pm,EUR,Spanish 10-y Bond Auction,Low,2.05|1.3,,1.74|1.3
Thu May 19,3:30pm,GBP,CBI Industrial Order Expectations,Low,26,11,14
Thu May 19,,USD,Philly Fed Manufacturing Index,Medium,2.6,14.9,17.6
Thu May 19,,USD,Unemployment Claims,Medium,218K,200K,197K
Thu May 19,7:30pm,USD,Existing Home Sales,Medium,5.61M,5.65M,5.75M
Thu May 19,,USD,CB Leading Index m/m,Low,-0.3%,0.0%,0.1%
Thu May 19,8:00pm,USD,Natural Gas Storage,Low,89B,90B,76B
Fri May 20,4:31am,GBP,GfK Consumer Confidence,Low,-40,-39,-38
Fri May 20,5:00am,JPY,National Core CPI y/y,Low,2.1%,2.0%,0.8%
Fri May 20,11:30am,EUR,German PPI m/m,Low,2.8%,1.2%,4.9%
Fri May 20,,GBP,Retail Sales m/m,Medium,1.4%,-0.3%,-1.2%
Fri May 20,7:16pm,EUR,Consumer Confidence,Low,-21,-22,-22
Mon May 23,4:31am,GBP,Rightmove HPI m/m,Low,2.1%,,1.6%
Mon May 23,1:30pm,EUR,German ifo Business Climate,Medium,93.0,91.5,91.9
Mon May 23,6:30pm,EUR,Belgian NBB Business Climate,Low,1.8,2.1,2.4
Tue May 24,6:00am,JPY,Flash Manufacturing PMI,Low,53.2,53.8,53.5
Tue May 24,10:29am,JPY,BOJ Core CPI y/y,Low,1.4%,1.1%,1.1%
Tue May 24,11:30am,GBP,Public Sector Net Borrowing,Low,17.8B,17.8B,13.9B
Tue May 24,12:45pm,EUR,French Flash Services PMI,Medium,58.4,58.4,58.9
Tue May 24,,EUR,French Flash Manufacturing PMI,Low,54.5,55.3,55.7
Tue May 24,1:00pm,EUR,German Flash Manufacturing PMI,High,54.7,54.1,54.6
Tue May 24,,EUR,German Flash Services PMI,High,56.3,57.2,57.6
Tue May 24,1:30pm,EUR,Flash Manufacturing PMI,Low,54.4,54.8,55.5
Tue May 24,,EUR,Flash Services PMI,Low,56.3,57.3,57.7
Tue May 24,2:00pm,GBP,Flash Manufacturing PMI,Medium,54.6,54.9,55.8
Tue May 24,,GBP,Flash Services PMI,Medium,51.8,56.9,58.9
Tue May 24,3:30pm,GBP,CBI Realized Sales,Low,-1,-29,-35
Tue May 24,7:15pm,USD,Flash Manufacturing PMI,Medium,57.5,57.6,59.2
Tue May 24,,USD,Flash Services PMI,Medium,53.5,55.1,55.6
Tue May 24,7:29pm,USD,Richmond Manufacturing Index,Low,-9,9,14
Tue May 24,7:30pm,USD,New Home Sales,Low,591K,751K,709K
Wed May 25,11:30am,EUR,German Final GDP q/q,Low,0.2%,0.2%,0.2%
Wed May 25,,EUR,German GfK Consumer Climate,Low,-26.0,-25.6,-26.6
Wed May 25,,USD,Core Durable Goods Orders m/m,Medium,0.3%,0.5%,1.4%
Wed May 25,,USD,Durable Goods Orders m/m,Medium,0.4%,0.6%,1.1%
Wed May 25,8:00pm,USD,Crude Oil Inventories,Low,-1.0M,-2.2M,-3.4M
Thu May 26,5:20am,JPY,SPPI y/y,Low,1.7%,1.5%,1.3%
Thu May 26,,USD,Prelim GDP q/q,High,-1.5%,-1.3%,-1.4%
Thu May 26,,USD,Unemployment Claims,Medium,210K,217K,218K
Thu May 26,,USD,Prelim GDP Price Index q/q,Low,8.1%,8.0%,8.0%
Thu May 26,7:30pm,USD,Pending Home Sales m/m,Medium,-3.9%,-1.9%,-1.6%
Thu May 26,8:00pm,USD,Natural Gas Storage,Low,80B,90B,89B
Fri May 27,5:00am,JPY,Tokyo Core CPI y/y,Low,1.9%,2.0%,1.9%
Fri May 27,1:30pm,EUR,M3 Money Supply y/y,Low,6.0%,6.3%,6.3%
Fri May 27,,EUR,Private Loans y/y,Low,4.5%,4.5%,4.5%
Fri May 27,6:00pm,USD,Core PCE Price Index m/m,High,0.3%,0.3%,0.3%
Fri May 27,,USD,Goods Trade Balance,Low,-105.9B,-114.8B,-127.1B
Fri May 27,,USD,Personal Income m/m,Low,0.4%,0.5%,0.5%
Fri May 27,,USD,Personal Spending m/m,Low,0.9%,0.7%,1.4%
Fri May 27,,USD,Prelim Wholesale Inventories m/m,Low,2.1%,2.0%,2.7%
Fri May 27,7:30pm,USD,Revised UoM Consumer Sentiment,Medium,58.4,59.1,59.1
Fri May 27,,USD,Revised UoM Inflation Expectations,Low,5.3%,,5.4%
Mon May 30,11:30am,EUR,German Import Prices m/m,Low,1.8%,2.1%,5.7%
Mon May 30,All Day,EUR,German Prelim CPI m/m,Low,0.9%,0.5%,0.8%
Mon May 30,,EUR,Spanish Flash CPI y/y,Low,8.7%,8.4%,8.3%
Tue May 31,5:00am,JPY,Unemployment Rate,Low,2.5%,2.6%,2.6%
Tue May 31,5:20am,JPY,Prelim Industrial Production m/m,Low,-1.3%,-0.1%,0.3%
Tue May 31,,JPY,Retail Sales y/y,Low,2.9%,2.6%,0.7%
Tue May 31,10:30am,JPY,Consumer Confidence,Low,34.1,33.9,33.0
Tue May 31,,JPY,Housing Starts y/y,Low,2.2%,2.5%,6.0%
Tue May 31,12:15pm,EUR,French Consumer Spending m/m,Low,-0.4%,0.4%,-1.4%
Tue May 31,,EUR,French Prelim CPI m/m,Low,0.6%,0.7%,0.4%
Tue May 31,,EUR,French Prelim GDP q/q,Low,-0.2%,0.0%,0.0%
Tue May 31,1:25pm,EUR,German Unemployment Change,Low,-4K,-16K,-13K
Tue May 31,2:00pm,GBP,M4 Money Supply m/m,Low,0.0%,0.2%,0.1%
Tue May 31,,GBP,Mortgage Approvals,Low,66K,72K,70K
Tue May 31,,GBP,Net Lending to Individuals m/m,Low,5.5B,7.0B,7.7B
Tue May 31,2:30pm,EUR,Core CPI Flash Estimate y/y,Low,3.8%,3.6%,3.5%
Tue May 31,,EUR,CPI Flash Estimate y/y,Low,8.1%,7.8%,7.5%
Tue May 31,,EUR,Italian Prelim CPI m/m,Low,0.9%,0.2%,0.2%
Tue May 31,2:46pm,EUR,Italian 10-y Bond Auction,Low,3.10|1.6,,2.78|1.3
Tue May 31,6:30pm,USD,HPI m/m,Low,1.5%,2.0%,1.9%
Tue May 31,,USD,S&P/CS Composite-20 HPI y/y,Low,21.2%,19.8%,20.3%
Tue May 31,7:15pm,USD,Chicago PMI,Low,60.3,55.0,56.4
Tue May 31,7:30pm,USD,CB Consumer Confidence,Medium,106.4,103.9,108.6
Wed Jun 1,4:31am,GBP,BRC Shop Price Index y/y,Low,2.8%,,2.7%
Wed Jun 1,5:20am,JPY,Capital Spending q/y,Low,3.0%,3.7%,4.3%
Wed Jun 1,6:00am,JPY,Final Manufacturing PMI,Low,53.3,53.2,53.2
Wed Jun 1,11:30am,EUR,German Retail Sales m/m,Low,-5.4%,-0.5%,0.9%
Wed Jun 1,,GBP,Nationwide HPI m/m,Low,0.9%,0.6%,0.4%
Wed Jun 1,12:45pm,EUR,Spanish Manufacturing PMI,Low,53.8,51.9,53.3
Wed Jun 1,1:15pm,EUR,Italian Manufacturing PMI,Low,51.9,53.5,54.5
Wed Jun 1,1:20pm,EUR,French Final Manufacturing PMI,Low,54.6,54.5,54.5
Wed Jun 1,1:25pm,EUR,German Final Manufacturing PMI,Low,54.8,54.7,54.7
Wed Jun 1,1:30pm,EUR,Final Manufacturing PMI,Low,54.6,54.4,54.4
Wed Jun 1,,EUR,Italian Monthly Unemployment Rate,Low,8.4%,8.3%,8.4%
Wed Jun 1,2:00pm,GBP,Final Manufacturing PMI,Low,54.6,54.6,54.6
Wed Jun 1,2:30pm,EUR,Unemployment Rate,Low,6.8%,6.8%,6.8%
Wed Jun 1,7:15pm,USD,Final Manufacturing PMI,Low,57.0,57.5,57.5
Wed Jun 1,7:19pm,EUR,French Gov Budget Balance,Low,-67.3B,,-38.3B
Wed Jun 1,,USD,ISM Manufacturing PMI,High,56.1,54.4,55.4
Wed Jun 1,,USD,JOLTS Job Openings,High,11.40M,11.29M,11.86M
Wed Jun 1,,USD,Construction Spending m/m,Low,0.2%,0.7%,0.3%
Wed Jun 1,,USD,ISM Manufacturing Prices,Low,82.2,80.6,84.6
Wed Jun 1,All Day,USD,Wards Total Vehicle Sales,Low,12.7M,13.6M,14.3M
Thu Jun 2,5:20am,JPY,Monetary Base y/y,Low,4.6%,2.3%,6.6%
Thu Jun 2,9:05am,JPY,10-y Bond Auction,Low,0.24|4.9,,0.25|5.7
Thu Jun 2,12:30pm,EUR,Spanish Unemployment Change,Medium,-99.5K,-33.5K,-86.3K
Thu Jun 2,2:18pm,EUR,Spanish 10-y Bond Auction,Low,2.15|2.0,,2.05|1.3
Thu Jun 2,2:26pm,EUR,French 10-y Bond Auction,Low,1.72|2.0,,1.51|1.8
Thu Jun 2,2:30pm,EUR,PPI m/m,Low,1.2%,2.3%,5.3%
Thu Jun 2,5:00pm,USD,Challenger Job Cuts y/y,Low,-15.8%,,6.0%
Thu Jun 2,5:45pm,USD,ADP Non-Farm Employment Change,High,128K,295K,202K
Thu Jun 2,,USD,Unemployment Claims,Medium,200K,210K,211K
Thu Jun 2,,USD,Revised Nonfarm Productivity q/q,Low,-7.3%,-7.5%,-7.5%
Thu Jun 2,,USD,Revised Unit Labor Costs q/q,Low,12.6%,11.6%,11.6%
Thu Jun 2,7:30pm,USD,Factory Orders m/m,Low,0.3%,0.8%,1.8%
Thu Jun 2,8:00pm,USD,Natural Gas Storage,Low,90B,86B,80B
Thu Jun 2,8:30pm,USD,Crude Oil Inventories,Low,-5.1M,-3.0M,-1.0M
Fri Jun 3,11:30am,EUR,German Trade Balance,Low,3.5B,5.6B,1.9B
Fri Jun 3,12:15pm,EUR,French Industrial Production m/m,Low,-0.1%,0.2%,-0.4%
Fri Jun 3,12:45pm,EUR,Spanish Services PMI,Low,56.5,56.0,57.1
Fri Jun 3,1:15pm,EUR,Italian Services PMI,Low,53.7,54.6,55.7
Fri Jun 3,1:20pm,EUR,French Final Services PMI,Low,58.3,58.4,58.4
Fri Jun 3,1:25pm,EUR,German Final Services PMI,Low,55.0,56.3,56.3
Fri Jun 3,1:30pm,EUR,Final Services PMI,Low,56.1,56.3,56.3
Fri Jun 3,2:30pm,EUR,Retail Sales m/m,Low,-1.3%,0.3%,0.3%
Fri Jun 3,,USD,Average Hourly Earnings m/m,High,0.3%,0.4%,0.3%
Fri Jun 3,,USD,Non-Farm Employment Change,High,390K,325K,436K
Fri Jun 3,,USD,Unemployment Rate,High,3.6%,3.5%,3.6%
Fri Jun 3,7:15pm,USD,Final Services PMI,Low,53.4,53.5,53.5
Fri Jun 3,7:30pm,USD,ISM Services PMI,Medium,55.9,56.5,57.1
Tue Jun 7,4:31am,GBP,BRC Retail Sales Monitor y/y,Low,-1.5%,0.2%,-1.7%
Tue Jun 7,5:00am,JPY,Average Cash Earnings y/y,Low,1.7%,1.5%,2.0%
Tue Jun 7,,JPY,Household Spending y/y,Low,-1.7%,-0.5%,-2.3%
Tue Jun 7,9:05am,JPY,30-y Bond Auction,Low,1.05|3.1,,1.02|3.1
Tue Jun 7,10:30am,JPY,Leading Indicators,Low,102.9%,102.6%,100.8%
Tue Jun 7,11:30am,EUR,German Factory Orders m/m,Low,-2.7%,0.4%,-4.2%
Tue Jun 7,2:00pm,EUR,Sentix Investor Confidence,Low,-15.8,-21.2,-22.6
Tue Jun 7,,GBP,Final Services PMI,Low,53.4,51.8,51.8
Tue Jun 7,,USD,Trade Balance,Low,-87.1B,-89.6B,-107.7B
Wed Jun 8,12:30am,USD,Consumer Credit m/m,Low,38.1B,35.5B,47.3B
Wed Jun 8,5:20am,JPY,Bank Lending y/y,Low,0.7%,0.8%,0.9%
Wed Jun 8,,JPY,Current Account,Low,0.51T,0.40T,1.56T
Wed Jun 8,,JPY,Final GDP Price Index y/y,Low,-0.5%,-0.4%,-0.4%
Wed Jun 8,,JPY,Final GDP q/q,Low,-0.1%,-0.3%,-0.2%
Wed Jun 8,10:30am,JPY,Economy Watchers Sentiment,Low,54.0,51.9,50.4
Wed Jun 8,11:30am,GBP,Halifax HPI m/m,Low,1.0%,0.8%,1.2%
Wed Jun 8,11:32am,EUR,German Industrial Production m/m,Low,0.7%,1.3%,-3.7%
Wed Jun 8,12:15pm,EUR,French Trade Balance,Low,-12.2B,-11.1B,-12.6B
Wed Jun 8,1:30pm,EUR,Italian Retail Sales m/m,Low,0.0%,0.1%,-0.6%
Wed Jun 8,2:00pm,GBP,Construction PMI,Low,56.4,56.5,58.2
Wed Jun 8,2:30pm,EUR,Final Employment Change q/q,Low,0.6%,0.5%,0.5%
Wed Jun 8,,EUR,Revised GDP q/q,Low,0.6%,0.3%,0.3%
Wed Jun 8,2:32pm,GBP,10-y Bond Auction,Low,2.30|2.8,,1.93|2.6
Wed Jun 8,3:02pm,EUR,German 10-y Bond Auction,Low,1.33|1.7,,0.96|1.4
Wed Jun 8,7:30pm,USD,Final Wholesale Inventories m/m,Low,2.2%,2.1%,2.1%
Wed Jun 8,8:00pm,USD,Crude Oil Inventories,Low,2.0M,-2.6M,-5.1M
Wed Jun 8,10:31pm,USD,10-y Bond Auction,Low,3.03|2.4,,2.94|2.5
Thu Jun 9,4:31am,GBP,RICS House Price Balance,Low,73%,76%,80%
Thu Jun 9,5:20am,JPY,M2 Money Stock y/y,Low,3.2%,3.6%,3.4%
Thu Jun 9,11:00am,EUR,French Final Private Payrolls q/q,Low,0.3%,0.3%,0.3%
Thu Jun 9,11:28am,JPY,Prelim Machine Tool Orders y/y,Low,23.7%,,25.0%
Thu Jun 9,5:15pm,EUR,Main Refinancing Rate,High,0.00%,0.00%,0.00%
Thu Jun 9,,USD,Unemployment Claims,Medium,229K,205K,202K
Thu Jun 9,8:00pm,USD,Natural Gas Storage,Low,97B,94B,90B
Thu Jun 9,10:31pm,USD,30-y Bond Auction,Low,3.19|2.4,,3.00|2.4
Fri Jun 10,5:20am,JPY,PPI y/y,Low,9.1%,9.9%,9.8%
Fri Jun 10,1:30pm,EUR,Italian Industrial Production m/m,Low,1.6%,-1.1%,0.2%
Fri Jun 10,2:00pm,GBP,Consumer Inflation Expectations,Low,4.6%,,4.3%
Fri Jun 10,,USD,Core CPI m/m,High,0.6%,0.5%,0.6%
Fri Jun 10,,USD,CPI m/m,High,1.0%,0.7%,0.3%
Fri Jun 10,,USD,CPI y/y,High,8.6%,8.3%,8.3%
Fri Jun 10,7:30pm,USD,Prelim UoM Consumer Sentiment,Medium,50.2,58.1,58.4
Fri Jun 10,,USD,Prelim UoM Inflation Expectations,Low,5.4%,,5.3%
Fri Jun 10,11:30pm,USD,Federal Budget Balance,Low,-66.2B,-150.0B,308.2B
Mon Jun 13,5:20am,JPY,BSI Manufacturing Index,Low,-9.9,-4.2,-7.6
Mon Jun 13,11:30am,GBP,Construction Output m/m,Low,-0.4%,-0.4%,1.7%
Mon Jun 13,,GBP,GDP m/m,Low,-0.3%,0.2%,-0.1%
Mon Jun 13,,GBP,Goods Trade Balance,Low,-20.9B,-20.3B,-23.9B
Mon Jun 13,,GBP,Index of Services 3m/3m,Low,0.0%,0.1%,0.4%
Mon Jun 13,,GBP,Industrial Production m/m,Low,-0.6%,0.3%,-0.2%
Mon Jun 13,,GBP,Manufacturing Production m/m,Low,-1.0%,0.3%,-0.2%
Mon Jun 13,1:30pm,EUR,Italian Quarterly Unemployment Rate,Low,8.6%,9.0%,9.0%
Mon Jun 13,4:43pm,GBP,NIESR GDP Estimate,Low,-0.1%,,0.2%
Tue Jun 14,10:00am,JPY,Revised Industrial Production m/m,Low,-1.5%,-1.3%,-1.3%
Tue Jun 14,11:30am,EUR,German WPI m/m,Low,1.0%,2.2%,2.1%
Tue Jun 14,,GBP,Average Earnings Index 3m/y,Low,6.8%,7.2%,7.0%
Tue Jun 14,,GBP,Claimant Count Change,Low,-19.7K,-40.3K,-65.5K
Tue Jun 14,,GBP,Unemployment Rate,Low,3.8%,3.6%,3.7%
Tue Jun 14,11:32am,EUR,German Final CPI m/m,Low,0.9%,0.9%,0.9%
Tue Jun 14,2:30pm,EUR,ZEW Economic Sentiment,Low,-28.0,-24.5,-29.5
Tue Jun 14,,EUR,German ZEW Economic Sentiment,Low,-28.0,-26.9,-34.3
Tue Jun 14,3:30pm,USD,NFIB Small Business Index,Low,93.1,93.1,93.2
Tue Jun 14,,USD,PPI m/m,High,0.8%,0.8%,0.5%
Tue Jun 14,,USD,Core PPI m/m,Medium,0.5%,0.6%,0.4%
Tue Jun 14,7:00pm,GBP,CB Leading Index m/m,Low,-0.1%,,-0.2%
Tue Jun 14,7:31pm,USD,RCM/TIPP Economic Optimism,Low,38.1,43.2,41.2
Wed Jun 15,5:20am,JPY,Core Machinery Orders m/m,Low,10.8%,-1.2%,7.1%
Wed Jun 15,10:00am,JPY,Tertiary Industry Activity m/m,Low,0.7%,0.8%,1.7%
Wed Jun 15,12:15pm,EUR,French Final CPI m/m,Low,0.7%,0.6%,0.6%
Wed Jun 15,2:30pm,EUR,Industrial Production m/m,Low,0.4%,0.5%,-1.4%
Wed Jun 15,,EUR,Trade Balance,Low,-31.7B,-14.5B,-17.8B
Wed Jun 15,6:00pm,USD,Core Retail Sales m/m,High,0.5%,0.7%,0.4%
Wed Jun 15,,USD,Retail Sales m/m,High,-0.3%,0.1%,0.7%
Wed Jun 15,,USD,Empire State Manufacturing Index,Medium,-1.2,2.4,-11.6
Wed Jun 15,,USD,Import Prices m/m,Low,0.6%,1.1%,0.4%
Wed Jun 15,7:30pm,USD,Business Inventories m/m,Low,1.2%,1.2%,2.4%
Wed Jun 15,,USD,NAHB Housing Market Index,Low,67,67,69
Wed Jun 15,8:00pm,USD,Crude Oil Inventories,Low,2.0M,-2.3M,2.0M
Wed Jun 15,11:30pm,USD,Federal Funds Rate,High,1.75%,1.50%,1.00%
Thu Jun 16,1:30am,USD,TIC Long-Term Purchases,Low,87.7B,74.5B,23.1B
Thu Jun 16,5:20am,JPY,Trade Balance,Low,-1.93T,-1.72T,-1.58T
Thu Jun 16,,GBP,MPC Official Bank Rate Votes,High,9-0-0,9-0-0,9-0-0
Thu Jun 16,,GBP,Official Bank Rate,High,1.25%,1.25%,1.00%
Thu Jun 16,,USD,Philly Fed Manufacturing Index,Medium,-3.3,5.1,2.6
Thu Jun 16,,USD,Unemployment Claims,Medium,229K,215K,232K
Thu Jun 16,,USD,Building Permits,Low,1.70M,1.78M,1.82M
Thu Jun 16,,USD,Housing Starts,Low,1.55M,1.70M,1.81M
Thu Jun 16,8:00pm,USD,Natural Gas Storage,Low,92B,92B,97B
Fri Jun 17,,JPY,BOJ Policy Rate,Low,-0.10%,-0.10%,-0.10%
Fri Jun 17,2:30pm,EUR,Final Core CPI y/y,Low,3.8%,3.8%,3.8%
Fri Jun 17,,EUR,Final CPI y/y,Low,8.1%,8.1%,8.1%
Fri Jun 17,,EUR,Italian Trade Balance,Low,-3.67B,-2.26B,-0.23B
Fri Jun 17,6:45pm,USD,Capacity Utilization Rate,Low,79.0%,79.2%,78.9%
Fri Jun 17,,USD,Industrial Production m/m,Low,0.2%,0.4%,1.4%
Fri Jun 17,7:30pm,USD,CB Leading Index m/m,Low,-0.4%,-0.4%,-0.4%
Mon Jun 20,4:31am,GBP,Rightmove HPI m/m,Low,0.3%,,2.1%
Mon Jun 20,11:30am,EUR,German PPI m/m,Low,1.6%,1.5%,2.8%
Tue Jun 21,1:30pm,EUR,Current Account,Low,-5.8B,-3.2B,-1.6B
Tue Jun 21,3:30pm,GBP,CBI Industrial Order Expectations,Low,18,22,26
Tue Jun 21,7:30pm,USD,Existing Home Sales,Medium,5.41M,5.40M,5.60M
Wed Jun 22,11:30am,GBP,CPI y/y,High,9.1%,9.1%,9.0%
Wed Jun 22,,GBP,Core CPI y/y,Low,5.9%,6.0%,6.2%
Wed Jun 22,11:32am,GBP,PPI Input m/m,Low,2.1%,1.8%,2.7%
Wed Jun 22,,GBP,PPI Output m/m,Low,1.6%,1.6%,2.8%
Wed Jun 22,,GBP,RPI y/y,Low,11.7%,11.4%,11.1%
Wed Jun 22,2:00pm,GBP,HPI y/y,Low,12.4%,10.0%,9.7%
Wed Jun 22,7:30pm,EUR,Consumer Confidence,Low,-24,-20,-21
Thu Jun 23,6:00am,JPY,Flash Manufacturing PMI,Low,52.7,53.5,53.3
Thu Jun 23,11:30am,GBP,Public Sector Net Borrowing,Low,13.2B,11.6B,21.1B
Thu Jun 23,12:45pm,EUR,French Flash Services PMI,Medium,54.4,57.6,58.3
Thu Jun 23,,EUR,French Flash Manufacturing PMI,Low,51.0,53.9,54.6
Thu Jun 23,1:00pm,EUR,German Flash Manufacturing PMI,High,52.0,54.0,54.8
Thu Jun 23,,EUR,German Flash Services PMI,High,52.4,54.6,55.0
Thu Jun 23,,EUR,Flash Manufacturing PMI,Low,52.0,53.9,54.6
Thu Jun 23,,EUR,Flash Services PMI,Low,52.8,55.6,56.1
Thu Jun 23,2:00pm,GBP,Flash Manufacturing PMI,Medium,53.4,53.5,54.6
Thu Jun 23,,GBP,Flash Services PMI,Medium,53.4,53.0,53.4
Thu Jun 23,3:30pm,GBP,CBI Realized Sales,Low,-5,-2,-1
Thu Jun 23,6:00pm,USD,Unemployment Claims,Medium,229K,227K,231K
Thu Jun 23,,USD,Current Account,Low,-291B,-275B,-225B
Thu Jun 23,7:15pm,USD,Flash Manufacturing PMI,Medium,52.4,56.0,57.0
Thu Jun 23,,USD,Flash Services PMI,Medium,51.6,53.9,53.4
Thu Jun 23,,USD,Natural Gas Storage,Low,74B,63B,92B
Fri Jun 24,4:25am,GBP,GfK Consumer Confidence,Low,-41,-40,-40
Fri Jun 24,5:00am,JPY,National Core CPI y/y,Low,2.1%,2.1%,2.1%
Fri Jun 24,5:20am,JPY,SPPI y/y,Low,1.8%,1.7%,1.7%
Fri Jun 24,11:30am,GBP,Retail Sales m/m,Medium,-0.5%,-0.6%,0.4%
Fri Jun 24,1:30pm,EUR,German ifo Business Climate,Medium,92.3,92.8,93.0
Fri Jun 24,6:45pm,EUR,Belgian NBB Business Climate,Low,-1.8,2.0,1.8
Fri Jun 24,7:30pm,USD,Revised UoM Consumer Sentiment,Medium,50.0,50.2,50.2
Fri Jun 24,,USD,New Home Sales,Low,696K,590K,629K
Fri Jun 24,,USD,Revised UoM Inflation Expectations,Low,5.3%,,5.4%
Mon Jun 27,6:00pm,USD,Core Durable Goods Orders m/m,Medium,0.7%,0.4%,0.4%
Mon Jun 27,,USD,Durable Goods Orders m/m,Medium,0.7%,0.1%,0.5%
Mon Jun 27,7:30pm,USD,Pending Home Sales m/m,Medium,0.7%,-3.5%,-4.0%
Tue Jun 28,10:29am,JPY,BOJ Core CPI y/y,Low,1.5%,1.5%,1.4%
Tue Jun 28,11:30am,EUR,German GfK Consumer Climate,Low,-27.4,-27.5,-26.2
Tue Jun 28,6:00pm,USD,Goods Trade Balance,Low,-104.3B,-106.0B,-106.7B
Tue Jun 28,,USD,Prelim Wholesale Inventories m/m,Low,2.0%,2.1%,2.2%
Tue Jun 28,,USD,HPI m/m,Low,1.6%,1.5%,1.6%
Tue Jun 28,,USD,S&P/CS Composite-20 HPI y/y,Low,21.2%,21.2%,21.1%
Tue Jun 28,7:29pm,USD,Richmond Manufacturing Index,Medium,-11,-4,-9
Tue Jun 28,7:30pm,USD,CB Consumer Confidence,High,98.7,100.0,103.2
Wed Jun 29,4:31am,GBP,BRC Shop Price Index y/y,Low,3.1%,,2.8%
Wed Jun 29,5:20am,JPY,Retail Sales y/y,Low,3.6%,4.0%,3.1%
Wed Jun 29,10:30am,JPY,Consumer Confidence,Low,32.1,34.6,34.1
Wed Jun 29,All Day,EUR,German Prelim CPI m/m,Medium,0.1%,0.4%,0.9%
Wed Jun 29,12:30pm,EUR,Spanish Flash CPI y/y,Low,10.2%,8.8%,8.7%
Wed Jun 29,,EUR,M3 Money Supply y/y,Low,5.6%,5.8%,6.1%
Wed Jun 29,,EUR,Private Loans y/y,Low,4.6%,4.5%,4.6%
Wed Jun 29,6:00pm,USD,Final GDP q/q,Medium,-1.6%,-1.5%,-1.5%
Wed Jun 29,,USD,Final GDP Price Index q/q,Low,8.2%,8.1%,8.1%
Wed Jun 29,17th June,USD,Crude Oil Inventories,Low,-0.4M,-1.6M,2.0M
Wed Jun 29,24th June,USD,Crude Oil Inventories,Low,-2.8M,-0.9M,-0.4M
Thu Jun 30,5:20am,JPY,Prelim Industrial Production m/m,Low,-7.2%,-0.2%,-1.5%
Thu Jun 30,10:29am,JPY,Housing Starts y/y,Low,-4.3%,1.7%,2.2%
Thu Jun 30,11:30am,EUR,German Import Prices m/m,Low,0.9%,1.6%,1.8%
Thu Jun 30,,EUR,German Retail Sales m/m,Low,0.6%,1.1%,-5.4%
Thu Jun 30,,GBP,Current Account,Low,-51.7B,-39.7B,-7.3B
Thu Jun 30,,GBP,Final GDP q/q,Low,0.8%,0.8%,0.8%
Thu Jun 30,,GBP,Nationwide HPI m/m,Low,0.3%,0.5%,0.9%
Thu Jun 30,,GBP,Revised Business Investment q/q,Low,-0.6%,-0.5%,-0.5%
Thu Jun 30,12:15pm,EUR,French Consumer Spending m/m,Low,0.7%,0.2%,-0.7%
Thu Jun 30,,EUR,French Prelim CPI m/m,Low,0.7%,0.7%,0.7%
Thu Jun 30,1:25pm,EUR,German Unemployment Change,Low,133K,-5K,-5K
Thu Jun 30,1:30pm,EUR,Italian Monthly Unemployment Rate,Low,8.1%,8.4%,8.3%
Thu Jun 30,2:30pm,EUR,Unemployment Rate,Low,6.6%,6.8%,6.7%
Thu Jun 30,2:46pm,EUR,Italian 10-y Bond Auction,Low,3.47|1.6,,3.10|1.6
Thu Jun 30,,USD,Core PCE Price Index m/m,High,0.3%,0.4%,0.3%
Thu Jun 30,,USD,Unemployment Claims,Medium,231K,228K,233K
Thu Jun 30,,USD,Personal Income m/m,Low,0.5%,0.5%,0.5%
Thu Jun 30,,USD,Personal Spending m/m,Low,0.2%,0.4%,0.6%
Thu Jun 30,7:15pm,USD,Chicago PMI,Low,56.0,58.1,60.3
Thu Jun 30,8:00pm,USD,Natural Gas Storage,Low,82B,70B,74B
Fri Jul 1,5:00am,JPY,Tokyo Core CPI y/y,Low,2.1%,2.1%,1.9%
Fri Jul 1,,JPY,Unemployment Rate,Low,2.6%,2.5%,2.5%
Fri Jul 1,5:20am,JPY,Tankan Manufacturing Index,Low,9,13,14
Fri Jul 1,,JPY,Tankan Non-Manufacturing Index,Low,13,13,9
Fri Jul 1,6:00am,JPY,Final Manufacturing PMI,Low,52.7,52.7,52.7
Fri Jul 1,12:45pm,EUR,Spanish Manufacturing PMI,Low,52.6,52.3,53.8
Fri Jul 1,1:15pm,EUR,Italian Manufacturing PMI,Low,50.9,50.6,51.9
Fri Jul 1,1:20pm,EUR,French Final Manufacturing PMI,Low,51.4,51.0,51.0
Fri Jul 1,1:25pm,EUR,German Final Manufacturing PMI,Low,52.0,52.0,52.0
Fri Jul 1,1:30pm,EUR,Final Manufacturing PMI,Low,52.1,52.0,52.0
Fri Jul 1,2:00pm,GBP,Final Manufacturing PMI,Low,52.8,53.4,53.4
Fri Jul 1,,GBP,M4 Money Supply m/m,Low,0.5%,0.4%,0.0%
Fri Jul 1,,GBP,Mortgage Approvals,Low,66K,64K,66K
Fri Jul 1,,GBP,Net Lending to Individuals m/m,Low,8.3B,5.6B,5.5B
Fri Jul 1,2:30pm,EUR,CPI Flash Estimate y/y,High,8.6%,8.5%,8.1%
Fri Jul 1,,EUR,Core CPI Flash Estimate y/y,Medium,3.7%,3.9%,3.8%
Fri Jul 1,,EUR,Italian Prelim CPI m/m,Low,1.2%,0.6%,0.8%
Fri Jul 1,3:15pm,EUR,French Gov Budget Balance,Low,-82.3B,,-67.3B
Fri Jul 1,7:15pm,USD,Final Manufacturing PMI,Low,52.7,52.4,52.4
Fri Jul 1,7:30pm,USD,ISM Manufacturing PMI,High,53.0,54.6,56.1
Fri Jul 1,,USD,Construction Spending m/m,Low,-0.1%,0.3%,0.8%
Fri Jul 1,,USD,ISM Manufacturing Prices,Low,78.5,80.0,82.2
Fri Jul 1,All Day,USD,Wards Total Vehicle Sales,Low,13.0M,13.3M,12.7M
Mon Jul 4,5:20am,JPY,Monetary Base y/y,Low,3.9%,4.9%,4.6%
Mon Jul 4,11:30am,EUR,German Trade Balance,Low,-1.0B,4.2B,3.1B
Mon Jul 4,12:30pm,EUR,Spanish Unemployment Change,Low,-42.4K,-41.3K,-99.5K
Mon Jul 4,2:00pm,EUR,Sentix Investor Confidence,Low,-26.4,-20.0,-15.8
Mon Jul 4,2:30pm,EUR,PPI m/m,Low,0.7%,1.0%,1.2%
Tue Jul 5,5:00am,JPY,Average Cash Earnings y/y,Low,1.0%,1.5%,1.3%
Tue Jul 5,9:05am,JPY,10-y Bond Auction,Low,0.25|5.0,,0.24|4.9
Tue Jul 5,12:15pm,EUR,French Industrial Production m/m,Low,0.0%,0.1%,-0.3%
Tue Jul 5,12:45pm,EUR,Spanish Services PMI,Low,54.0,53.4,56.5
Tue Jul 5,1:15pm,EUR,Italian Services PMI,Low,51.6,51.6,53.7
Tue Jul 5,1:20pm,EUR,French Final Services PMI,Low,53.9,54.4,54.4
Tue Jul 5,1:25pm,EUR,German Final Services PMI,Low,52.4,52.4,52.4
Tue Jul 5,1:30pm,EUR,Final Services PMI,Low,53.0,52.8,52.8
Tue Jul 5,2:00pm,GBP,Final Services PMI,Low,54.3,53.4,53.4
Tue Jul 5,2:34pm,GBP,30-y Bond Auction,Low,2.53|2.2,,2.04|2.9
Tue Jul 5,7:30pm,USD,Factory Orders m/m,Low,1.6%,0.5%,0.7%
Wed Jul 6,11:30am,EUR,German Factory Orders m/m,Low,0.1%,-0.5%,-1.8%
Wed Jul 6,2:00pm,GBP,Construction PMI,Low,52.6,54.9,56.4
Wed Jul 6,,GBP,Housing Equity Withdrawal q/q,Low,-6.9B,-10.3B,-10.4B
Wed Jul 6,2:30pm,EUR,Retail Sales m/m,Low,0.2%,0.4%,-1.4%
Wed Jul 6,3:04pm,EUR,German 10-y Bond Auction,Low,1.22|1.1,,1.33|1.7
Wed Jul 6,7:15pm,USD,Final Services PMI,Low,52.7,51.6,51.6
Wed Jul 6,7:30pm,USD,JOLTS Job Openings,High,11.25M,11.05M,11.68M
Wed Jul 6,,USD,ISM Services PMI,Medium,55.3,53.9,55.9
Thu Jul 7,9:05am,JPY,30-y Bond Auction,Low,1.23|3.2,,1.05|3.1
Thu Jul 7,10:30am,JPY,Leading Indicators,Low,101.4%,101.6%,102.9%
Thu Jul 7,11:30am,EUR,German Industrial Production m/m,Low,0.2%,0.3%,1.3%
Thu Jul 7,11:37am,GBP,Halifax HPI m/m,Low,1.8%,0.7%,1.2%
Thu Jul 7,2:23pm,EUR,Spanish 10-y Bond Auction,Low,2.45|1.5,,2.15|2.0
Thu Jul 7,2:32pm,EUR,French 10-y Bond Auction,Low,1.92|1.9,,1.72|2.0
Thu Jul 7,,USD,Challenger Job Cuts y/y,Low,58.8%,,-15.8%
Thu Jul 7,,USD,Unemployment Claims,Medium,235K,230K,231K
Thu Jul 7,,USD,Trade Balance,Low,-85.5B,-85.0B,-86.7B
Thu Jul 7,8:00pm,USD,Natural Gas Storage,Low,60B,75B,82B
Thu Jul 7,8:30pm,USD,Crude Oil Inventories,Low,8.2M,-1.6M,-2.8M
Fri Jul 8,5:00am,JPY,Household Spending y/y,Low,-0.5%,2.2%,-1.7%
Fri Jul 8,5:20am,JPY,Bank Lending y/y,Low,1.3%,0.9%,0.7%
Fri Jul 8,,JPY,Current Account,Low,0.01T,0.16T,0.51T
Fri Jul 8,10:29am,JPY,Economy Watchers Sentiment,Low,52.9,55.0,54.0
Fri Jul 8,12:15pm,EUR,French Trade Balance,Low,-13.0B,-12.7B,-12.7B
Fri Jul 8,1:30pm,EUR,Italian Industrial Production m/m,Low,-1.1%,-1.4%,1.4%
Fri Jul 8,,USD,Average Hourly Earnings m/m,High,0.3%,0.3%,0.4%
Fri Jul 8,,USD,Non-Farm Employment Change,High,372K,260K,384K
Fri Jul 8,,USD,Unemployment Rate,High,3.6%,3.6%,3.6%
Fri Jul 8,7:30pm,USD,Final Wholesale Inventories m/m,Low,1.8%,2.0%,2.0%
Sat Jul 9,12:30am,USD,Consumer Credit m/m,Low,22.3B,30.0B,36.8B
Mon Jul 11,5:20am,JPY,Core Machinery Orders m/m,Low,-5.6%,-5.3%,10.8%
Mon Jul 11,,JPY,M2 Money Stock y/y,Low,3.3%,3.1%,3.1%
Mon Jul 11,11:29am,JPY,Prelim Machine Tool Orders y/y,Low,17.1%,,23.7%
Mon Jul 11,1:30pm,EUR,Italian Retail Sales m/m,Low,1.9%,0.4%,0.3%
Tue Jul 12,4:31am,GBP,BRC Retail Sales Monitor y/y,Low,-1.3%,-1.2%,-1.5%
Tue Jul 12,5:20am,JPY,PPI y/y,Low,9.2%,9.1%,9.3%
Tue Jul 12,2:30pm,EUR,German ZEW Economic Sentiment,Low,-53.8,-40.6,-28.0
Tue Jul 12,2:32pm,EUR,ZEW Economic Sentiment,Low,-51.1,-39.0,-28.0
Tue Jul 12,2:45pm,GBP,10-y Bond Auction,Low,2.15|2.5,,2.30|2.8
Tue Jul 12,3:29pm,USD,NFIB Small Business Index,Low,89.5,92.6,93.1
Tue Jul 12,7:30pm,USD,RCM/TIPP Economic Optimism,Low,38.5,40.3,38.1
Tue Jul 12,10:31pm,USD,10-y Bond Auction,Low,2.96|2.3,,3.03|2.4
Wed Jul 13,11:30am,EUR,German Final CPI m/m,Low,0.1%,0.1%,0.1%
Wed Jul 13,,GBP,GDP m/m,Medium,0.5%,0.1%,-0.2%
Wed Jul 13,,GBP,Construction Output m/m,Low,1.5%,0.2%,0.3%
Wed Jul 13,,GBP,Goods Trade Balance,Low,-21.4B,-19.8B,-21.5B
Wed Jul 13,,GBP,Index of Services 3m/3m,Low,0.1%,-0.1%,0.2%
Wed Jul 13,,GBP,Industrial Production m/m,Low,0.9%,0.0%,-0.1%
Wed Jul 13,,GBP,Manufacturing Production m/m,Low,1.4%,0.0%,-0.6%
Wed Jul 13,12:15pm,EUR,French Final CPI m/m,Low,0.7%,0.7%,0.7%
Wed Jul 13,2:30pm,EUR,Industrial Production m/m,Low,0.8%,0.2%,0.5%
Wed Jul 13,3:03pm,EUR,German 30-y Bond Auction,Low,1.41|2.1,,1.16|3.1
Wed Jul 13,4:23pm,GBP,NIESR GDP Estimate,Low,0.2%,,0.4%
Wed Jul 13,6:00pm,USD,Core CPI m/m,High,0.7%,0.5%,0.6%
Wed Jul 13,,USD,CPI m/m,High,1.3%,1.1%,1.0%
Wed Jul 13,,USD,CPI y/y,High,9.1%,8.7%,8.6%
Wed Jul 13,7:00pm,GBP,CB Leading Index m/m,Low,-0.5%,,-0.1%
Wed Jul 13,8:00pm,USD,Crude Oil Inventories,Low,3.3M,-1.5M,8.2M
Wed Jul 13,10:31pm,USD,30-y Bond Auction,Low,3.12|2.4,,3.19|2.4
Wed Jul 13,,USD,Federal Budget Balance,Low,-88.8B,-73.0B,-66.2B
Thu Jul 14,4:31am,GBP,RICS House Price Balance,Low,65%,70%,72%
Thu Jul 14,10:00am,JPY,Revised Industrial Production m/m,Low,-7.5%,-7.2%,-7.2%
Thu Jul 14,11:30am,EUR,German WPI m/m,Low,0.1%,0.9%,1.0%
Thu Jul 14,,USD,PPI m/m,High,1.1%,0.8%,0.8%
Thu Jul 14,,USD,Core PPI m/m,Medium,0.4%,0.5%,0.5%
Thu Jul 14,,USD,Unemployment Claims,Medium,244K,235K,235K
Thu Jul 14,8:00pm,USD,Natural Gas Storage,Low,58B,56B,60B
Fri Jul 15,10:00am,JPY,Tertiary Industry Activity m/m,Low,0.8%,0.5%,0.7%
Fri Jul 15,2:30pm,EUR,Trade Balance,Low,-26.0B,-34.8B,-31.8B
Fri Jul 15,,USD,Core Retail Sales m/m,High,1.0%,0.7%,0.6%
Fri Jul 15,,USD,Retail Sales m/m,High,1.0%,0.9%,-0.1%
Fri Jul 15,,USD,Empire State Manufacturing Index,Medium,11.1,-2.1,-1.2
Fri Jul 15,,USD,Import Prices m/m,Low,0.2%,0.7%,0.5%
Fri Jul 15,6:45pm,USD,Capacity Utilization Rate,Low,80.0%,80.7%,80.3%
Fri Jul 15,,USD,Industrial Production m/m,Low,-0.2%,0.1%,0.0%
Fri Jul 15,7:30pm,USD,Prelim UoM Consumer Sentiment,High,51.1,49.0,50.0
Fri Jul 15,,USD,Business Inventories m/m,Low,1.4%,1.3%,1.3%
Fri Jul 15,,USD,Prelim UoM Inflation Expectations,Low,5.2%,,5.3%
Mon Jul 18,4:40am,GBP,Rightmove HPI m/m,Low,0.4%,,0.3%
Mon Jul 18,1:30pm,EUR,Italian Trade Balance,Low,-0.01B,-2.32B,-3.64B
Mon Jul 18,7:30pm,USD,NAHB Housing Market Index,Low,55,66,67
Tue Jul 19,1:30am,USD,TIC Long-Term Purchases,Low,155.3B,84.1B,87.2B
Tue Jul 19,,GBP,Average Earnings Index 3m/y,Low,6.2%,6.7%,6.8%
Tue Jul 19,,GBP,Claimant Count Change,Low,-20.0K,-41.2K,-34.7K
Tue Jul 19,,GBP,Unemployment Rate,Low,3.8%,3.8%,3.8%
Tue Jul 19,2:30pm,EUR,Final Core CPI y/y,Low,3.7%,3.7%,3.7%
Tue Jul 19,,EUR,Final CPI y/y,Low,8.6%,8.6%,8.6%
Tue Jul 19,6:00pm,USD,Building Permits,Low,1.69M,1.64M,1.70M
Tue Jul 19,,USD,Housing Starts,Low,1.56M,1.57M,1.59M
Wed Jul 20,11:30am,EUR,German PPI m/m,Low,0.6%,1.6%,1.6%
Wed Jul 20,,GBP,CPI y/y,High,9.4%,9.3%,9.1%
Wed Jul 20,,GBP,Core CPI y/y,Low,5.8%,5.8%,5.9%
Wed Jul 20,,GBP,PPI Input m/m,Low,1.8%,1.2%,2.4%
Wed Jul 20,,GBP,PPI Output m/m,Low,1.4%,1.0%,1.6%
Wed Jul 20,,GBP,RPI y/y,Low,11.8%,11.8%,11.7%
Wed Jul 20,1:30pm,EUR,Current Account,Low,-4.5B,4.5B,-3.9B
Wed Jul 20,2:00pm,GBP,HPI y/y,Low,12.8%,11.9%,11.9%
Wed Jul 20,7:30pm,EUR,Consumer Confidence,Low,-27,-25,-24
Wed Jul 20,,USD,Existing Home Sales,Medium,5.12M,5.37M,5.41M
Wed Jul 20,8:00pm,USD,Crude Oil Inventories,Low,-0.4M,2.1M,3.3M
Thu Jul 21,5:20am,JPY,Trade Balance,Low,-1.93T,-2.10T,-1.89T
Thu Jul 21,,JPY,BOJ Policy Rate,Low,-0.10%,-0.10%,-0.10%
Thu Jul 21,11:30am,GBP,Public Sector Net Borrowing,Low,22.1B,21.3B,11.8B
Thu Jul 21,2:19pm,EUR,Spanish 10-y Bond Auction,Low,2.54|1.6,,2.45|1.5
Thu Jul 21,5:45pm,EUR,Main Refinancing Rate,High,0.50%,0.25%,0.00%
Thu Jul 21,,USD,Philly Fed Manufacturing Index,Medium,-12.3,0.9,-3.3
Thu Jul 21,,USD,Unemployment Claims,Medium,251K,240K,244K
Thu Jul 21,7:30pm,USD,CB Leading Index m/m,Low,-0.8%,-0.6%,-0.6%
Thu Jul 21,8:00pm,USD,Natural Gas Storage,Low,32B,45B,58B
Fri Jul 22,4:31am,GBP,GfK Consumer Confidence,Low,-41,-42,-41
Fri Jul 22,5:00am,JPY,National Core CPI y/y,Low,2.2%,2.2%,2.1%
Fri Jul 22,6:00am,JPY,Flash Manufacturing PMI,Low,52.2,53.1,52.7
Fri Jul 22,11:30am,GBP,Retail Sales m/m,Medium,-0.1%,-0.2%,-0.8%
Fri Jul 22,12:45pm,EUR,French Flash Services PMI,High,52.1,52.6,53.9
Fri Jul 22,,EUR,French Flash Manufacturing PMI,Medium,49.6,51.1,51.4
Fri Jul 22,1:00pm,EUR,German Flash Manufacturing PMI,High,49.2,50.6,52.0
Fri Jul 22,,EUR,German Flash Services PMI,High,49.2,51.4,52.4
Fri Jul 22,1:30pm,EUR,Flash Manufacturing PMI,Low,49.6,51.0,52.1
Fri Jul 22,,EUR,Flash Services PMI,Low,50.6,52.0,53.0
Fri Jul 22,2:00pm,GBP,Flash Manufacturing PMI,High,52.2,52.1,52.8
Fri Jul 22,,GBP,Flash Services PMI,High,53.3,52.9,54.3
Fri Jul 22,7:15pm,USD,Flash Services PMI,High,47.0,52.6,52.7
Fri Jul 22,,USD,Flash Manufacturing PMI,Medium,52.3,52.0,52.7
Mon Jul 25,1:30pm,EUR,German ifo Business Climate,Medium,88.6,90.0,92.2
Mon Jul 25,3:30pm,GBP,CBI Industrial Order Expectations,Low,8,13,18
Mon Jul 25,6:25pm,EUR,Belgian NBB Business Climate,Low,-2.8,-1.5,-1.8
Tue Jul 26,,JPY,SPPI y/y,Low,2.0%,2.0%,1.9%
Tue Jul 26,10:29am,JPY,BOJ Core CPI y/y,Low,1.6%,1.5%,1.5%
Tue Jul 26,3:30pm,GBP,CBI Realized Sales,Low,-4,-10,-5
Tue Jul 26,6:30pm,USD,HPI m/m,Low,1.4%,1.5%,1.5%
Tue Jul 26,,USD,S&P/CS Composite-20 HPI y/y,Low,20.5%,20.5%,21.2%
Tue Jul 26,7:29pm,USD,Richmond Manufacturing Index,Medium,0,-13,-11
Tue Jul 26,7:30pm,USD,CB Consumer Confidence,High,95.7,97.3,98.4
Tue Jul 26,,USD,New Home Sales,Low,590K,663K,642K
Wed Jul 27,4:31am,GBP,BRC Shop Price Index y/y,Low,4.4%,,3.1%
Wed Jul 27,11:30am,EUR,German GfK Consumer Climate,Low,-30.6,-29.0,-27.7
Wed Jul 27,,EUR,M3 Money Supply y/y,Low,5.7%,5.4%,5.8%
Wed Jul 27,,EUR,Private Loans y/y,Low,4.6%,4.6%,4.6%
Wed Jul 27,3:03pm,EUR,German 10-y Bond Auction,Low,0.94|1.1,,1.22|1.1
Wed Jul 27,6:00pm,USD,Core Durable Goods Orders m/m,Medium,0.3%,0.2%,0.5%
Wed Jul 27,,USD,Durable Goods Orders m/m,Medium,1.9%,-0.5%,0.8%
Wed Jul 27,,USD,Goods Trade Balance,Low,-98.2B,-103.2B,-104.0B
Wed Jul 27,,USD,Prelim Wholesale Inventories m/m,Low,1.9%,1.5%,1.8%
Wed Jul 27,7:30pm,USD,Pending Home Sales m/m,Medium,-8.6%,-1.1%,0.4%
Wed Jul 27,8:00pm,USD,Crude Oil Inventories,Low,-4.5M,-1.5M,-0.4M
Wed Jul 27,11:30pm,USD,Federal Funds Rate,High,2.50%,2.50%,1.75%
Thu Jul 28,All Day,EUR,German Prelim CPI m/m,Low,0.9%,0.6%,0.1%
Thu Jul 28,12:30pm,EUR,Spanish Unemployment Rate,Low,12.5%,13.2%,13.6%
Thu Jul 28,2:45pm,EUR,Italian 10-y Bond Auction,Low,3.36|1.7,,3.47|1.6
Thu Jul 28,6:00pm,USD,Advance GDP q/q,High,-0.9%,0.4%,-1.6%
Thu Jul 28,,USD,Advance GDP Price Index q/q,Medium,8.7%,7.9%,8.2%
Thu Jul 28,,USD,Unemployment Claims,Medium,256K,253K,261K
Thu Jul 28,8:00pm,USD,Natural Gas Storage,Low,15B,19B,32B
Fri Jul 29,5:00am,JPY,Tokyo Core CPI y/y,Low,2.3%,2.2%,2.1%
Fri Jul 29,,JPY,Unemployment Rate,Low,2.6%,2.5%,2.6%
Fri Jul 29,,JPY,Prelim Industrial Production m/m,Low,8.9%,4.3%,-7.5%
Fri Jul 29,,JPY,Retail Sales y/y,Low,1.5%,2.8%,3.7%
Fri Jul 29,10:29am,JPY,Consumer Confidence,Low,30.2,31.4,32.1
Fri Jul 29,10:30am,JPY,Housing Starts y/y,Low,-2.2%,-1.6%,-4.3%
Fri Jul 29,11:00am,EUR,French Flash GDP q/q,Medium,0.5%,0.2%,-0.2%
Fri Jul 29,,EUR,French Consumer Spending m/m,Low,0.2%,-1.0%,0.4%
Fri Jul 29,11:30am,EUR,German Import Prices m/m,Low,1.0%,1.0%,0.9%
Fri Jul 29,12:15pm,EUR,French Prelim CPI m/m,Low,0.3%,0.3%,0.7%
Fri Jul 29,,EUR,Spanish Flash CPI y/y,Low,10.8%,10.6%,10.2%
Fri Jul 29,,EUR,Spanish Flash GDP q/q,Low,1.1%,0.4%,0.2%
Fri Jul 29,1:25pm,EUR,German Unemployment Change,Low,48K,18K,132K
Fri Jul 29,1:30pm,EUR,Italian Prelim GDP q/q,Low,1.0%,0.3%,0.1%
Fri Jul 29,,EUR,German Prelim GDP q/q,Low,0.0%,0.1%,0.2%
Fri Jul 29,2:00pm,GBP,M4 Money Supply m/m,Low,-0.3%,0.7%,0.6%
Fri Jul 29,,GBP,Mortgage Approvals,Low,64K,64K,66K
Fri Jul 29,,GBP,Net Lending to Individuals m/m,Low,7.1B,7.2B,8.9B
Fri Jul 29,2:30pm,EUR,Core CPI Flash Estimate y/y,Medium,4.0%,3.9%,3.7%
Fri Jul 29,,EUR,CPI Flash Estimate y/y,Medium,8.9%,8.7%,8.6%
Fri Jul 29,,EUR,Italian Prelim CPI m/m,Low,0.4%,0.5%,1.2%
Fri Jul 29,,EUR,Prelim Flash GDP q/q,Low,0.7%,0.2%,0.6%
Fri Jul 29,,USD,Core PCE Price Index m/m,High,0.6%,0.5%,0.3%
Fri Jul 29,,USD,Employment Cost Index q/q,Low,1.3%,1.1%,1.4%
Fri Jul 29,,USD,Personal Income m/m,Low,0.6%,0.5%,0.6%
Fri Jul 29,,USD,Personal Spending m/m,Low,1.1%,0.9%,0.3%
Fri Jul 29,7:15pm,USD,Chicago PMI,Low,52.1,55.1,56.0
Fri Jul 29,7:30pm,USD,Revised UoM Consumer Sentiment,Medium,51.5,51.1,51.1
Fri Jul 29,,USD,Revised UoM Inflation Expectations,Low,5.2%,,5.2%
Mon Aug 1,6:00am,JPY,Final Manufacturing PMI,Low,52.1,52.2,52.2
Mon Aug 1,11:30am,EUR,German Retail Sales m/m,Low,-1.6%,0.4%,1.2%
Mon Aug 1,12:45pm,EUR,Spanish Manufacturing PMI,Low,48.7,49.9,52.6
Mon Aug 1,1:15pm,EUR,Italian Manufacturing PMI,Low,48.5,49.1,50.9
Mon Aug 1,1:20pm,EUR,French Final Manufacturing PMI,Low,49.5,49.6,49.6
Mon Aug 1,1:25pm,EUR,German Final Manufacturing PMI,Low,49.3,49.2,49.2
Mon Aug 1,1:30pm,EUR,Final Manufacturing PMI,Low,49.8,49.6,49.6
Mon Aug 1,,EUR,Italian Monthly Unemployment Rate,Low,8.1%,8.1%,8.2%
Mon Aug 1,2:00pm,GBP,Final Manufacturing PMI,Low,52.1,52.2,52.2
Mon Aug 1,2:30pm,EUR,Unemployment Rate,Low,6.6%,6.6%,6.6%
Mon Aug 1,7:15pm,USD,Final Manufacturing PMI,Low,52.2,52.3,52.3
Mon Aug 1,7:30pm,USD,ISM Manufacturing PMI,High,52.8,52.3,53.0
Mon Aug 1,,USD,Construction Spending m/m,Low,-1.1%,0.3%,0.1%
Mon Aug 1,,USD,ISM Manufacturing Prices,Low,60.0,74.9,78.5
Tue Aug 2,5:20am,JPY,Monetary Base y/y,Low,2.8%,4.1%,3.9%
Tue Aug 2,9:05am,JPY,10-y Bond Auction,Low,0.17|3.0,,0.25|5.0
Tue Aug 2,11:30am,GBP,Nationwide HPI m/m,Low,0.1%,0.2%,0.2%
Tue Aug 2,,EUR,Spanish Unemployment Change,Low,3.2K,-40.3K,-42.4K
Tue Aug 2,2:33pm,GBP,10-y Bond Auction,Low,1.78|2.4,,2.15|2.5
Tue Aug 2,7:30pm,USD,JOLTS Job Openings,High,10.70M,10.99M,11.30M
Tue Aug 2,All Day,USD,Wards Total Vehicle Sales,Low,13.4M,13.4M,13.0M
Wed Aug 3,11:30am,EUR,German Trade Balance,Low,6.4B,0.1B,0.8B
Wed Aug 3,12:45pm,EUR,Spanish Services PMI,Medium,53.8,52.0,54.0
Wed Aug 3,1:15pm,EUR,Italian Services PMI,Low,48.4,50.1,51.6
Wed Aug 3,1:20pm,EUR,French Final Services PMI,Low,53.2,52.1,52.1
Wed Aug 3,1:25pm,EUR,German Final Services PMI,Low,49.7,49.2,49.2
Wed Aug 3,1:30pm,EUR,Final Services PMI,Low,51.2,50.6,50.6
Wed Aug 3,,EUR,Italian Retail Sales m/m,Low,-1.1%,1.0%,2.0%
Wed Aug 3,2:00pm,GBP,Final Services PMI,Low,52.6,53.3,53.3
Wed Aug 3,2:30pm,EUR,PPI m/m,Low,1.1%,1.0%,0.5%
Wed Aug 3,,EUR,Retail Sales m/m,Low,-1.2%,0.0%,0.4%
Wed Aug 3,5:01pm,EUR,French Gov Budget Balance,Low,-76.1B,,-82.3B
Wed Aug 3,7:15pm,USD,Final Services PMI,Low,47.3,47.0,47.0
Wed Aug 3,7:30pm,USD,ISM Services PMI,High,56.7,53.5,55.3
Wed Aug 3,,USD,Factory Orders m/m,Low,2.0%,1.3%,1.8%
Wed Aug 3,8:00pm,USD,Crude Oil Inventories,Low,4.5M,-1.4M,-4.5M
Thu Aug 4,11:30am,EUR,German Factory Orders m/m,Low,-0.4%,-1.0%,-0.2%
Thu Aug 4,2:00pm,GBP,Construction PMI,Medium,48.9,52.0,52.6
Thu Aug 4,2:13pm,EUR,Spanish 10-y Bond Auction,Low,1.98|1.7,,2.54|1.6
Thu Aug 4,2:24pm,EUR,French 10-y Bond Auction,Low,1.43|2.5,,1.92|1.9
Thu Aug 4,,GBP,MPC Official Bank Rate Votes,High,9-0-0,9-0-0,9-0-0
Thu Aug 4,,GBP,Official Bank Rate,High,1.75%,1.75%,1.25%
Thu Aug 4,,USD,Challenger Job Cuts y/y,Low,36.3%,,58.8%
Thu Aug 4,,USD,Unemployment Claims,Medium,260K,262K,254K
Thu Aug 4,,USD,Trade Balance,Low,-79.6B,-80.5B,-84.9B
Thu Aug 4,8:00pm,USD,Natural Gas Storage,Low,41B,25B,15B
Fri Aug 5,5:00am,JPY,Average Cash Earnings y/y,Low,2.2%,1.9%,1.0%
Fri Aug 5,,JPY,Household Spending y/y,Low,3.5%,1.6%,-0.5%
Fri Aug 5,10:30am,JPY,Leading Indicators,Low,100.6%,101.0%,101.2%
Fri Aug 5,11:30am,EUR,German Industrial Production m/m,Low,0.4%,-0.4%,-0.1%
Fri Aug 5,,GBP,Halifax HPI m/m,Low,-0.1%,1.2%,1.4%
Fri Aug 5,12:15pm,EUR,French Industrial Production m/m,Low,1.4%,-0.2%,0.2%
Fri Aug 5,,EUR,French Prelim Private Payrolls q/q,Low,0.5%,0.2%,0.3%
Fri Aug 5,,EUR,French Trade Balance,Low,-13.1B,-12.3B,-12.9B
Fri Aug 5,1:30pm,EUR,Italian Industrial Production m/m,Low,-2.1%,-0.1%,-1.1%
Fri Aug 5,,USD,Average Hourly Earnings m/m,High,0.5%,0.3%,0.4%
Fri Aug 5,,USD,Non-Farm Employment Change,High,528K,250K,398K
Fri Aug 5,,USD,Unemployment Rate,High,3.5%,3.6%,3.6%
Sat Aug 6,12:30am,USD,Consumer Credit m/m,Low,40.2B,25.0B,23.8B
Mon Aug 8,5:20am,JPY,Bank Lending y/y,Low,1.8%,1.5%,1.2%
Mon Aug 8,,JPY,Current Account,Low,0.84T,-0.03T,0.01T
Mon Aug 8,10:29am,JPY,Economy Watchers Sentiment,Low,43.8,51.6,52.9
Mon Aug 8,2:00pm,EUR,Sentix Investor Confidence,Low,-25.2,-29.1,-26.4
Tue Aug 9,4:31am,GBP,BRC Retail Sales Monitor y/y,Low,1.6%,-1.5%,-1.3%
Tue Aug 9,5:20am,JPY,M2 Money Stock y/y,Low,3.4%,3.3%,3.3%
Tue Aug 9,9:05am,JPY,30-y Bond Auction,Low,1.12|3.0,,1.23|3.2
Tue Aug 9,11:28am,JPY,Prelim Machine Tool Orders y/y,Low,5.5%,,17.1%
Tue Aug 9,2:32pm,GBP,30-y Bond Auction,Low,2.36|2.5,,2.53|2.2
Tue Aug 9,3:28pm,USD,NFIB Small Business Index,Low,89.9,89.5,89.5
Tue Aug 9,6:00pm,USD,Prelim Nonfarm Productivity q/q,Low,-4.6%,-4.6%,-7.3%
Tue Aug 9,,USD,Prelim Unit Labor Costs q/q,Low,10.8%,9.4%,12.6%
Tue Aug 9,7:30pm,USD,RCM/TIPP Economic Optimism,Low,38.1,40.2,38.5
Wed Aug 10,5:20am,JPY,PPI y/y,Low,8.6%,8.5%,9.4%
Wed Aug 10,11:30am,EUR,German Final CPI m/m,Low,0.9%,0.9%,0.9%
Wed Aug 10,3:05pm,EUR,German 30-y Bond Auction,Low,1.10|1.6,,1.41|2.1
Wed Aug 10,6:00pm,USD,Core CPI m/m,High,0.3%,0.5%,0.7%
Wed Aug 10,,USD,CPI m/m,High,0.0%,0.2%,1.3%
Wed Aug 10,,USD,CPI y/y,High,8.5%,8.7%,9.1%
Wed Aug 10,7:30pm,USD,Final Wholesale Inventories m/m,Low,1.8%,1.9%,1.9%
Wed Aug 10,8:00pm,USD,Crude Oil Inventories,Low,5.5M,0.1M,4.5M
Wed Aug 10,10:31pm,USD,10-y Bond Auction,Low,2.76|2.5,,2.96|2.3
Wed Aug 10,11:30pm,USD,Federal Budget Balance,Low,-211.1B,-172.5B,-88.8B
Thu Aug 11,4:31am,GBP,RICS House Price Balance,Low,63%,60%,65%
Thu Aug 11,6:00pm,USD,PPI m/m,High,-0.5%,0.2%,1.1%
Thu Aug 11,,USD,Core PPI m/m,Medium,0.2%,0.4%,0.4%
Thu Aug 11,,USD,Unemployment Claims,Medium,262K,264K,248K
Thu Aug 11,7:30pm,USD,Mortgage Delinquencies,Low,3.64%,,4.11%
Thu Aug 11,8:00pm,USD,Natural Gas Storage,Low,44B,40B,41B
Thu Aug 11,10:31pm,USD,30-y Bond Auction,Low,3.11|2.3,,3.12|2.4
Fri Aug 12,11:30am,GBP,GDP m/m,High,-0.6%,-1.2%,0.4%
Fri Aug 12,,GBP,Prelim GDP q/q,High,-0.1%,-0.2%,0.8%
Fri Aug 12,,GBP,Construction Output m/m,Low,-1.4%,-2.0%,1.8%
Fri Aug 12,,GBP,Goods Trade Balance,Low,-22.8B,-22.3B,-20.7B
Fri Aug 12,,GBP,Index of Services 3m/3m,Low,-0.4%,-0.4%,0.0%
Fri Aug 12,,GBP,Industrial Production m/m,Low,-0.9%,-1.3%,1.3%
Fri Aug 12,,GBP,Manufacturing Production m/m,Low,-1.6%,-1.9%,1.7%
Fri Aug 12,,GBP,Prelim Business Investment q/q,Low,3.8%,1.2%,-0.6%
Fri Aug 12,12:15pm,EUR,French Final CPI m/m,Low,0.3%,0.3%,0.3%
Fri Aug 12,1:30pm,EUR,Italian Trade Balance,Low,-2.17B,0.35B,-0.06B
Fri Aug 12,2:30pm,EUR,Industrial Production m/m,Low,0.7%,0.1%,2.1%
Fri Aug 12,4:39pm,GBP,NIESR GDP Estimate,Low,0.0%,,-0.1%
Fri Aug 12,6:00pm,USD,Import Prices m/m,Low,-1.4%,-0.9%,0.3%
Fri Aug 12,7:30pm,USD,Prelim UoM Consumer Sentiment,High,55.1,52.5,51.5
Fri Aug 12,,USD,Prelim UoM Inflation Expectations,Low,5.0%,,5.2%
Mon Aug 15,4:31am,GBP,Rightmove HPI m/m,Low,-1.3%,,0.4%
Mon Aug 15,5:20am,JPY,Prelim GDP Price Index y/y,Low,-0.4%,-0.8%,-0.5%
Mon Aug 15,,JPY,Prelim GDP q/q,Low,0.5%,0.7%,-0.1%
Mon Aug 15,10:00am,JPY,Revised Industrial Production m/m,Low,9.2%,8.9%,8.9%
Mon Aug 15,11:30am,EUR,German WPI m/m,Low,-0.4%,0.2%,0.1%
Mon Aug 15,,USD,Empire State Manufacturing Index,Medium,-31.3,5.1,11.1
Mon Aug 15,7:00pm,GBP,CB Leading Index m/m,Low,-0.6%,,-0.5%
Mon Aug 15,7:30pm,USD,NAHB Housing Market Index,Low,49,55,55
Tue Aug 16,1:30am,USD,TIC Long-Term Purchases,Low,121.8B,-14.8B,155.3B
Tue Aug 16,10:00am,JPY,Tertiary Industry Activity m/m,Low,-0.2%,0.3%,1.1%
Tue Aug 16,11:30am,GBP,Average Earnings Index 3m/y,Low,5.1%,4.5%,6.4%
Tue Aug 16,,GBP,Claimant Count Change,Low,-10.5K,-32.0K,-26.8K
Tue Aug 16,,GBP,Unemployment Rate,Low,3.8%,3.8%,3.8%
Tue Aug 16,2:30pm,EUR,Trade Balance,Low,-30.8B,-22.2B,-27.2B
Tue Aug 16,,EUR,ZEW Economic Sentiment,Low,-54.9,-52.0,-51.1
Tue Aug 16,,EUR,German ZEW Economic Sentiment,Low,-55.3,-52.7,-53.8
Tue Aug 16,,USD,Building Permits,Low,1.67M,1.63M,1.70M
Tue Aug 16,,USD,Housing Starts,Low,1.45M,1.53M,1.60M
Tue Aug 16,6:45pm,USD,Capacity Utilization Rate,Low,80.3%,80.2%,79.9%
Tue Aug 16,,USD,Industrial Production m/m,Low,0.6%,0.3%,0.0%
Wed Aug 17,5:20am,JPY,Core Machinery Orders m/m,Low,0.9%,0.9%,-5.6%
Wed Aug 17,,JPY,Trade Balance,Low,-2.13T,-1.90T,-1.95T
Wed Aug 17,11:30am,GBP,CPI y/y,High,10.1%,9.8%,9.4%
Wed Aug 17,,GBP,Core CPI y/y,Low,6.2%,5.9%,5.8%
Wed Aug 17,,GBP,RPI y/y,Low,12.3%,12.0%,11.8%
Wed Aug 17,11:32am,GBP,PPI Input m/m,Low,0.1%,0.7%,1.8%
Wed Aug 17,,GBP,PPI Output m/m,Low,1.6%,0.9%,1.4%
Wed Aug 17,2:00pm,GBP,HPI y/y,Low,7.8%,13.0%,12.8%
Wed Aug 17,2:30pm,EUR,Flash Employment Change q/q,Low,0.3%,0.4%,0.6%
Wed Aug 17,,EUR,Flash GDP q/q,Low,0.6%,0.7%,0.7%
Wed Aug 17,6:00pm,USD,Core Retail Sales m/m,High,0.4%,-0.1%,0.9%
Wed Aug 17,,USD,Retail Sales m/m,High,0.0%,0.1%,0.8%
Wed Aug 17,7:30pm,USD,Business Inventories m/m,Low,1.4%,1.4%,1.6%
Wed Aug 17,8:00pm,USD,Crude Oil Inventories,Low,-7.1M,0.3M,5.5M
Thu Aug 18,2:30pm,EUR,Final Core CPI y/y,Low,4.0%,4.0%,4.0%
Thu Aug 18,,EUR,Final CPI y/y,Low,8.9%,8.9%,8.9%
Thu Aug 18,,USD,Philly Fed Manufacturing Index,High,6.2,-4.9,-12.3
Thu Aug 18,,USD,Unemployment Claims,Medium,250K,265K,252K
Thu Aug 18,7:30pm,USD,Existing Home Sales,Medium,4.81M,4.87M,5.11M
Thu Aug 18,,USD,CB Leading Index m/m,Low,-0.4%,-0.5%,-0.7%
Thu Aug 18,8:00pm,USD,Natural Gas Storage,Low,18B,38B,44B
Fri Aug 19,4:31am,GBP,GfK Consumer Confidence,Low,-44,-42,-41
Fri Aug 19,5:00am,JPY,National Core CPI y/y,Low,2.4%,2.4%,2.2%
Fri Aug 19,11:30am,EUR,German PPI m/m,Low,5.3%,0.7%,0.6%
Fri Aug 19,,GBP,Retail Sales m/m,Medium,0.3%,-0.2%,-0.2%
Fri Aug 19,,GBP,Public Sector Net Borrowing,Low,4.2B,25.3B,20.1B
Fri Aug 19,1:30pm,EUR,Current Account,Low,4.2B,-3.3B,-6.9B
Tue Aug 23,6:00am,JPY,Flash Manufacturing PMI,Low,51.0,51.0,52.1
Tue Aug 23,10:29am,JPY,BOJ Core CPI y/y,Low,1.8%,1.5%,1.6%
Tue Aug 23,12:45pm,EUR,French Flash Services PMI,High,51.0,52.9,53.2
Tue Aug 23,,EUR,French Flash Manufacturing PMI,Medium,49.0,49.0,49.5
Tue Aug 23,1:00pm,EUR,German Flash Manufacturing PMI,High,49.8,48.0,49.3
Tue Aug 23,,EUR,German Flash Services PMI,High,48.2,49.0,49.7
Tue Aug 23,1:30pm,EUR,Flash Manufacturing PMI,Low,49.7,48.9,49.8
Tue Aug 23,,EUR,Flash Services PMI,Low,50.2,50.5,51.2
Tue Aug 23,2:00pm,GBP,Flash Manufacturing PMI,High,46.0,51.0,52.1
Tue Aug 23,,GBP,Flash Services PMI,High,52.5,51.5,52.6
Tue Aug 23,3:30pm,GBP,CBI Industrial Order Expectations,Low,-7,2,8
Tue Aug 23,7:15pm,USD,Flash Services PMI,High,44.1,49.8,47.3
Tue Aug 23,,USD,Flash Manufacturing PMI,Medium,51.3,51.8,52.2
Tue Aug 23,7:29pm,USD,Richmond Manufacturing Index,Medium,-8,-3,0
Tue Aug 23,7:30pm,EUR,Consumer Confidence,Low,-25,-28,-27
Tue Aug 23,,USD,New Home Sales,Medium,511K,574K,585K
Wed Aug 24,3:04pm,EUR,German 10-y Bond Auction,Low,1.33|1.6,,0.94|1.1
Wed Aug 24,,USD,Core Durable Goods Orders m/m,Medium,0.3%,0.2%,0.4%
Wed Aug 24,,USD,Durable Goods Orders m/m,Medium,0.0%,0.9%,2.0%
Wed Aug 24,7:30pm,USD,Prelim Benchmark Payrolls Revision,High,462K,,-166K
Wed Aug 24,,USD,Pending Home Sales m/m,Medium,-1.0%,-2.6%,-8.9%
Wed Aug 24,8:00pm,USD,Crude Oil Inventories,Low,-3.3M,-2.4M,-7.1M
Thu Aug 25,5:20am,JPY,SPPI y/y,Low,2.1%,2.2%,2.1%
Thu Aug 25,11:30am,EUR,German Final GDP q/q,Low,0.1%,0.0%,0.0%
Thu Aug 25,1:30pm,EUR,German ifo Business Climate,Medium,88.5,86.7,88.7
Thu Aug 25,3:30pm,GBP,CBI Realized Sales,Low,37,-8,-4
Thu Aug 25,6:00pm,USD,Prelim GDP q/q,High,-0.6%,-0.7%,-0.9%
Thu Aug 25,,USD,Unemployment Claims,Medium,243K,250K,245K
Thu Aug 25,,USD,Prelim GDP Price Index q/q,Low,8.9%,8.7%,8.7%
Thu Aug 25,6:25pm,EUR,Belgian NBB Business Climate,Low,-5.8,-1.7,-2.8
Thu Aug 25,8:00pm,USD,Natural Gas Storage,Low,60B,54B,18B
Fri Aug 26,5:00am,JPY,Tokyo Core CPI y/y,Low,2.6%,2.5%,2.3%
Fri Aug 26,11:30am,EUR,German GfK Consumer Climate,Low,-36.5,-32.1,-30.9
Fri Aug 26,1:30pm,EUR,M3 Money Supply y/y,Low,5.5%,5.5%,5.7%
Fri Aug 26,,EUR,Private Loans y/y,Low,4.5%,4.6%,4.6%
Fri Aug 26,6:00pm,USD,Core PCE Price Index m/m,High,0.1%,0.2%,0.6%
Fri Aug 26,,USD,Goods Trade Balance,Low,-89.1B,-98.5B,-98.6B
Fri Aug 26,,USD,Personal Income m/m,Low,0.2%,0.6%,0.7%
Fri Aug 26,,USD,Personal Spending m/m,Low,0.1%,0.4%,1.0%
Fri Aug 26,,USD,Prelim Wholesale Inventories m/m,Low,0.8%,1.3%,1.8%
Fri Aug 26,,USD,Revised UoM Consumer Sentiment,Medium,58.2,55.3,55.1
Fri Aug 26,,USD,Revised UoM Inflation Expectations,Low,4.8%,,5.0%
Tue Aug 30,5:00am,JPY,Unemployment Rate,Low,2.6%,2.6%,2.6%
Tue Aug 30,,EUR,Spanish Flash CPI y/y,Low,10.4%,10.7%,10.8%
Tue Aug 30,All Day,EUR,German Prelim CPI m/m,High,0.3%,0.3%,0.9%
Tue Aug 30,2:00pm,GBP,M4 Money Supply m/m,Low,0.5%,0.0%,-0.3%
Tue Aug 30,,GBP,Mortgage Approvals,Low,64K,62K,64K
Tue Aug 30,,GBP,Net Lending to Individuals m/m,Low,6.5B,6.6B,7.1B
Tue Aug 30,3:04pm,EUR,Italian 10-y Bond Auction,Low,3.76|1.5,,3.36|1.7
Tue Aug 30,6:30pm,USD,HPI m/m,Low,0.1%,0.8%,1.3%
Tue Aug 30,,USD,S&P/CS Composite-20 HPI y/y,Low,18.6%,19.2%,20.5%
Tue Aug 30,7:30pm,USD,CB Consumer Confidence,High,103.2,97.6,95.3
Tue Aug 30,,USD,JOLTS Job Openings,High,11.24M,10.37M,11.04M
Wed Aug 31,4:31am,GBP,BRC Shop Price Index y/y,Low,5.1%,,4.4%
Wed Aug 31,5:20am,JPY,Prelim Industrial Production m/m,Low,1.0%,-0.5%,9.2%
Wed Aug 31,,JPY,Retail Sales y/y,Low,2.4%,1.9%,1.5%
Wed Aug 31,10:29am,JPY,Consumer Confidence,Low,32.5,29.4,30.2
Wed Aug 31,10:32am,JPY,Housing Starts y/y,Low,-5.4%,-3.4%,-2.2%
Wed Aug 31,11:30am,EUR,German Import Prices m/m,Low,1.4%,1.6%,1.0%
Wed Aug 31,12:15pm,EUR,French Consumer Spending m/m,Low,-0.8%,-0.3%,0.1%
Wed Aug 31,,EUR,French Prelim CPI m/m,Low,0.4%,0.6%,0.3%
Wed Aug 31,,EUR,French Prelim GDP q/q,Low,0.5%,0.5%,0.5%
Wed Aug 31,1:25pm,EUR,German Unemployment Change,Low,28K,28K,45K
Wed Aug 31,2:26pm,EUR,Italian Prelim CPI m/m,Low,0.8%,0.6%,0.4%
Wed Aug 31,2:30pm,EUR,Core CPI Flash Estimate y/y,Medium,4.3%,4.1%,4.0%
Wed Aug 31,,EUR,CPI Flash Estimate y/y,Medium,9.1%,9.0%,8.9%
Wed Aug 31,5:45pm,USD,ADP Non-Farm Employment Change,High,132K,300K,128K
Wed Aug 31,7:15pm,USD,Chicago PMI,Medium,52.2,52.5,52.1
Wed Aug 31,8:00pm,USD,Crude Oil Inventories,Low,-3.3M,-0.4M,-3.3M
Thu Sep 1,5:20am,JPY,Capital Spending q/y,Low,4.6%,3.0%,3.0%
Thu Sep 1,6:00am,JPY,Final Manufacturing PMI,Low,51.5,51.0,51.0
Thu Sep 1,9:05am,JPY,10-y Bond Auction,Low,0.24|4.0,,0.17|3.0
Thu Sep 1,11:30am,EUR,German Retail Sales m/m,Low,1.9%,-0.1%,-1.5%
Thu Sep 1,,GBP,Nationwide HPI m/m,Low,0.8%,0.1%,0.2%
Thu Sep 1,12:45pm,EUR,Spanish Manufacturing PMI,Low,49.9,48.5,48.7
Thu Sep 1,1:15pm,EUR,Italian Manufacturing PMI,Low,48.0,48.0,48.5
Thu Sep 1,1:20pm,EUR,French Final Manufacturing PMI,Low,50.6,49.0,49.0
Thu Sep 1,1:25pm,EUR,German Final Manufacturing PMI,Low,49.1,49.8,49.8
Thu Sep 1,1:30pm,EUR,Final Manufacturing PMI,Low,49.6,49.7,49.7
Thu Sep 1,,EUR,Italian Monthly Unemployment Rate,Low,7.9%,8.1%,8.0%
Thu Sep 1,2:00pm,GBP,Final Manufacturing PMI,Low,47.3,46.0,46.0
Thu Sep 1,2:18pm,EUR,Spanish 10-y Bond Auction,Low,2.81|1.8,,1.98|1.7
Thu Sep 1,2:27pm,EUR,French 10-y Bond Auction,Low,2.21|2.0,,1.43|2.5
Thu Sep 1,2:30pm,EUR,Unemployment Rate,Low,6.6%,6.6%,6.7%
Thu Sep 1,5:00pm,USD,Challenger Job Cuts y/y,Low,30.3%,,36.3%
Thu Sep 1,,USD,Unemployment Claims,Medium,232K,250K,237K
Thu Sep 1,,USD,Revised Nonfarm Productivity q/q,Low,-4.1%,-4.3%,-4.6%
Thu Sep 1,,USD,Revised Unit Labor Costs q/q,Low,10.2%,10.8%,10.8%
Thu Sep 1,7:15pm,USD,Final Manufacturing PMI,Low,51.5,51.3,51.3
Thu Sep 1,7:30pm,USD,ISM Manufacturing PMI,High,52.8,52.1,52.8
Thu Sep 1,,USD,Construction Spending m/m,Low,-0.4%,-0.3%,-0.5%
Thu Sep 1,,USD,ISM Manufacturing Prices,Low,52.5,55.4,60.0
Thu Sep 1,All Day,USD,Wards Total Vehicle Sales,Low,13.2M,13.3M,13.4M
Thu Sep 1,8:00pm,USD,Natural Gas Storage,Low,61B,58B,60B
Fri Sep 2,5:20am,JPY,Monetary Base y/y,Low,0.4%,3.1%,2.8%
Fri Sep 2,11:30am,EUR,German Trade Balance,Low,5.4B,4.6B,6.2B
Fri Sep 2,12:15pm,EUR,French Gov Budget Balance,Low,-131.2B,,-76.1B
Fri Sep 2,12:30pm,EUR,Spanish Unemployment Change,Low,40.4K,4.6K,3.2K
Fri Sep 2,2:30pm,EUR,PPI m/m,Low,4.0%,2.5%,1.3%
Fri Sep 2,,USD,Average Hourly Earnings m/m,High,0.3%,0.4%,0.5%
Fri Sep 2,,USD,Non-Farm Employment Change,High,315K,295K,526K
Fri Sep 2,,USD,Unemployment Rate,High,3.7%,3.5%,3.5%
Fri Sep 2,7:30pm,USD,Factory Orders m/m,Low,-1.0%,0.2%,1.8%
Mon Sep 5,12:45pm,EUR,Spanish Services PMI,Low,50.6,52.3,53.8
Mon Sep 5,1:15pm,EUR,Italian Services PMI,Low,50.5,48.9,48.4
Mon Sep 5,1:20pm,EUR,French Final Services PMI,Low,51.2,51.0,51.0
Mon Sep 5,1:25pm,EUR,German Final Services PMI,Low,47.7,48.2,48.2
Mon Sep 5,1:30pm,EUR,Final Services PMI,Low,49.8,50.2,50.2
Mon Sep 5,2:00pm,EUR,Sentix Investor Confidence,Low,-31.8,-26.8,-25.2
Mon Sep 5,,GBP,Final Services PMI,Low,50.9,52.5,52.5
Mon Sep 5,2:30pm,EUR,Retail Sales m/m,Low,0.3%,0.3%,-1.0%
Tue Sep 6,4:31am,GBP,BRC Retail Sales Monitor y/y,Low,0.5%,0.5%,1.6%
Tue Sep 6,5:00am,JPY,Average Cash Earnings y/y,Low,1.8%,1.9%,2.0%
Tue Sep 6,,JPY,Household Spending y/y,Low,3.4%,4.5%,3.5%
Tue Sep 6,9:05am,JPY,30-y Bond Auction,Low,1.24|3.3,,1.12|3.0
Tue Sep 6,11:30am,EUR,German Factory Orders m/m,Low,-1.1%,-0.8%,-0.3%
Tue Sep 6,2:00pm,GBP,Construction PMI,Low,49.2,48.0,48.9
Tue Sep 6,7:15pm,USD,Final Services PMI,Medium,43.7,44.3,44.1
Tue Sep 6,7:30pm,USD,ISM Services PMI,High,56.9,55.4,56.7
Wed Sep 7,10:30am,JPY,Leading Indicators,Low,99.6%,100.2%,100.9%
Wed Sep 7,11:30am,EUR,German Industrial Production m/m,Low,-0.3%,-0.5%,0.8%
Wed Sep 7,,GBP,Halifax HPI m/m,Low,0.4%,0.1%,-0.1%
Wed Sep 7,1:30pm,EUR,Italian Retail Sales m/m,Low,1.3%,0.3%,-1.1%
Wed Sep 7,2:30pm,EUR,Final Employment Change q/q,Low,0.4%,0.3%,0.3%
Wed Sep 7,,EUR,Revised GDP q/q,Low,0.8%,0.6%,0.6%
Wed Sep 7,2:32pm,GBP,10-y Bond Auction,Low,3.09|2.4,,1.78|2.4
Wed Sep 7,,USD,Trade Balance,Low,-70.6B,-70.2B,-80.9B
Thu Sep 8,4:31am,GBP,RICS House Price Balance,Low,53%,60%,62%
Thu Sep 8,5:20am,JPY,Bank Lending y/y,Low,1.9%,1.9%,1.7%
Thu Sep 8,,JPY,Current Account,Low,-0.63T,0.06T,0.84T
Thu Sep 8,,JPY,Final GDP Price Index y/y,Low,-0.3%,-0.4%,-0.4%
Thu Sep 8,,JPY,Final GDP q/q,Low,0.9%,0.7%,0.5%
Thu Sep 8,10:30am,JPY,Economy Watchers Sentiment,Low,45.5,45.0,43.8
Thu Sep 8,11:00am,EUR,French Final Private Payrolls q/q,Low,0.5%,0.5%,0.5%
Thu Sep 8,12:15pm,EUR,French Trade Balance,Low,-14.5B,-13.0B,-13.1B
Thu Sep 8,5:45pm,EUR,Main Refinancing Rate,High,1.25%,1.25%,0.50%
Thu Sep 8,6:00pm,USD,Unemployment Claims,Medium,222K,234K,228K
Thu Sep 8,8:00pm,USD,Natural Gas Storage,Low,54B,55B,61B
Thu Sep 8,8:30pm,USD,Crude Oil Inventories,Low,8.8M,-2.0M,-3.3M
Fri Sep 9,12:30am,USD,Consumer Credit m/m,Low,23.8B,31.5B,39.1B
Fri Sep 9,5:20am,JPY,M2 Money Stock y/y,Low,3.4%,3.4%,3.4%
Fri Sep 9,12:15pm,EUR,French Industrial Production m/m,Low,-1.6%,-0.4%,1.2%
Fri Sep 9,7:30pm,USD,Final Wholesale Inventories m/m,Low,0.6%,0.8%,0.8%
Mon Sep 12,11:28am,JPY,Prelim Machine Tool Orders y/y,Low,10.7%,,5.5%
Mon Sep 12,11:30am,GBP,GDP m/m,High,0.2%,0.3%,-0.6%
Mon Sep 12,,GBP,Construction Output m/m,Low,-0.8%,0.4%,-1.4%
Mon Sep 12,,GBP,Goods Trade Balance,Low,-19.4B,-22.2B,-22.8B
Mon Sep 12,,GBP,Index of Services 3m/3m,Low,-0.2%,-0.2%,-0.4%
Mon Sep 12,,GBP,Industrial Production m/m,Low,-0.3%,0.4%,-0.9%
Mon Sep 12,,GBP,Manufacturing Production m/m,Low,0.1%,0.3%,-1.6%
Mon Sep 12,1:30pm,EUR,Italian Industrial Production m/m,Low,0.4%,0.0%,-2.0%
Mon Sep 12,3:52pm,GBP,NIESR GDP Estimate,Low,-0.3%,,0.0%
Mon Sep 12,10:31pm,USD,10-y Bond Auction,Low,3.33|2.4,,2.76|2.5
Tue Sep 13,5:20am,JPY,BSI Manufacturing Index,Low,1.7,-8.1,-9.9
Tue Sep 13,,JPY,PPI y/y,Low,9.0%,8.9%,9.0%
Tue Sep 13,11:30am,EUR,German Final CPI m/m,Low,0.3%,0.3%,0.3%
Tue Sep 13,,GBP,Average Earnings Index 3m/y,Low,5.5%,5.4%,5.2%
Tue Sep 13,,GBP,Claimant Count Change,Low,6.3K,-13.2K,-14.5K
Tue Sep 13,,GBP,Unemployment Rate,Low,3.6%,3.8%,3.8%
Tue Sep 13,1:30pm,EUR,Italian Quarterly Unemployment Rate,Low,8.1%,8.1%,8.5%
Tue Sep 13,2:30pm,EUR,German ZEW Economic Sentiment,Low,-61.9,-59.4,-55.3
Tue Sep 13,,EUR,ZEW Economic Sentiment,Low,-60.7,-57.9,-54.9
Tue Sep 13,3:25pm,USD,NFIB Small Business Index,Low,91.8,90.9,89.9
Tue Sep 13,6:00pm,USD,Core CPI m/m,High,0.6%,0.3%,0.3%
Tue Sep 13,,USD,CPI m/m,High,0.1%,-0.1%,0.0%
Tue Sep 13,,USD,CPI y/y,High,8.3%,8.1%,8.5%
Tue Sep 13,7:30pm,USD,RCM/TIPP Economic Optimism,Low,44.7,42.5,38.1
Tue Sep 13,10:31pm,USD,30-y Bond Auction,Low,3.51|2.4,,3.11|2.3
Tue Sep 13,11:23pm,USD,Federal Budget Balance,Low,-219.6B,-215.0B,-211.1B
Wed Sep 14,5:20am,JPY,Core Machinery Orders m/m,Low,5.3%,-0.6%,0.9%
Wed Sep 14,10:00am,JPY,Revised Industrial Production m/m,Low,0.8%,1.0%,1.0%
Wed Sep 14,11:30am,GBP,CPI y/y,High,9.9%,10.0%,10.1%
Wed Sep 14,,GBP,Core CPI y/y,Low,6.3%,6.2%,6.2%
Wed Sep 14,,GBP,PPI Input m/m,Low,-1.2%,0.2%,0.0%
Wed Sep 14,,GBP,PPI Output m/m,Low,-0.1%,1.0%,1.6%
Wed Sep 14,,GBP,RPI y/y,Low,12.3%,12.3%,12.3%
Wed Sep 14,2:00pm,GBP,HPI y/y,Low,15.5%,7.9%,7.8%
Wed Sep 14,2:30pm,EUR,Industrial Production m/m,Low,-2.3%,-1.0%,1.1%
Wed Sep 14,,USD,PPI m/m,High,-0.1%,-0.1%,-0.5%
Wed Sep 14,,USD,Core PPI m/m,Medium,0.4%,0.3%,0.2%
Wed Sep 14,7:00pm,GBP,CB Leading Index m/m,Low,-0.7%,,-0.6%
Wed Sep 14,8:00pm,USD,Crude Oil Inventories,Low,2.4M,1.9M,8.8M
Thu Sep 15,5:20am,JPY,Trade Balance,Low,-2.37T,-2.08T,-2.16T
Thu Sep 15,10:00am,JPY,Tertiary Industry Activity m/m,Low,-0.6%,-0.1%,-0.4%
Thu Sep 15,11:30am,EUR,German WPI m/m,Low,0.1%,0.5%,-0.4%
Thu Sep 15,12:15pm,EUR,French Final CPI m/m,Low,0.5%,0.4%,0.4%
Thu Sep 15,2:00pm,GBP,Consumer Inflation Expectations,Low,4.9%,,4.6%
Thu Sep 15,2:30pm,EUR,Trade Balance,Low,-40.3B,-31.9B,-32.2B
Thu Sep 15,6:00pm,USD,Core Retail Sales m/m,High,-0.3%,0.0%,0.0%
Thu Sep 15,,USD,Empire State Manufacturing Index,High,-1.5,-12.7,-31.3
Thu Sep 15,,USD,Retail Sales m/m,High,0.3%,-0.1%,-0.4%
Thu Sep 15,,USD,Philly Fed Manufacturing Index,Medium,-9.9,2.4,6.2
Thu Sep 15,,USD,Unemployment Claims,Medium,213K,225K,218K
Thu Sep 15,,USD,Import Prices m/m,Low,-1.0%,-1.3%,-1.5%
Thu Sep 15,6:45pm,USD,Capacity Utilization Rate,Low,80.0%,80.2%,80.2%
Thu Sep 15,,USD,Industrial Production m/m,Low,-0.2%,0.0%,0.5%
Thu Sep 15,7:30pm,USD,Business Inventories m/m,Low,0.6%,0.6%,1.4%
Thu Sep 15,8:00pm,USD,Natural Gas Storage,Low,77B,71B,54B
Fri Sep 16,11:30am,GBP,Retail Sales m/m,Medium,-1.6%,-0.5%,0.4%
Fri Sep 16,1:30pm,EUR,Italian Trade Balance,Low,-0.36B,-1.50B,-2.51B
Fri Sep 16,2:30pm,EUR,Final Core CPI y/y,Low,4.3%,4.3%,4.3%
Fri Sep 16,,EUR,Final CPI y/y,Low,9.1%,9.1%,9.1%
Fri Sep 16,7:30pm,USD,Prelim UoM Consumer Sentiment,High,59.5,60.0,58.2
Fri Sep 16,,USD,Prelim UoM Inflation Expectations,Medium,4.6%,,4.8%
Sat Sep 17,1:30am,USD,TIC Long-Term Purchases,Low,21.4B,121.6B,121.8B
Mon Sep 19,7:30pm,USD,NAHB Housing Market Index,Low,46,47,49
Tue Sep 20,5:00am,JPY,National Core CPI y/y,Low,2.8%,2.7%,2.4%
Tue Sep 20,,EUR,German PPI m/m,Low,7.9%,2.5%,5.3%
Tue Sep 20,1:30pm,EUR,Current Account,Low,-19.9B,5.3B,4.2B
Tue Sep 20,,USD,Building Permits,Low,1.52M,1.60M,1.69M
Tue Sep 20,,USD,Housing Starts,Low,1.58M,1.45M,1.40M
Wed Sep 21,11:30am,GBP,Public Sector Net Borrowing,Low,11.1B,8.2B,2.1B
Wed Sep 21,3:04pm,EUR,German 10-y Bond Auction,Low,1.87|1.8,,1.33|1.6
Wed Sep 21,3:30pm,GBP,CBI Industrial Order Expectations,Low,-2,-13,-7
Wed Sep 21,7:30pm,USD,Existing Home Sales,Medium,4.80M,4.69M,4.82M
Wed Sep 21,,USD,Crude Oil Inventories,Low,1.1M,2.0M,2.4M
Wed Sep 21,11:30pm,USD,Federal Funds Rate,High,3.25%,3.25%,2.50%
Thu Sep 22,,JPY,BOJ Policy Rate,Low,-0.10%,-0.10%,-0.10%
Thu Sep 22,10:30am,JPY,BOJ Core CPI y/y,Low,1.9%,1.9%,1.8%
Thu Sep 22,,GBP,MPC Official Bank Rate Votes,High,9-0-0,9-0-0,9-0-0
Thu Sep 22,,GBP,Official Bank Rate,High,2.25%,2.25%,1.75%
Thu Sep 22,,USD,Unemployment Claims,Medium,213K,220K,208K
Thu Sep 22,,USD,Current Account,Low,-251B,-261B,-283B
Thu Sep 22,7:30pm,EUR,Consumer Confidence,Low,-29,-26,-25
Thu Sep 22,,USD,CB Leading Index m/m,Low,-0.3%,-0.1%,-0.5%
Thu Sep 22,8:00pm,USD,Natural Gas Storage,Low,103B,97B,77B
Fri Sep 23,4:31am,GBP,GfK Consumer Confidence,Low,-49,-42,-44
Fri Sep 23,12:45pm,EUR,French Flash Services PMI,High,53.0,50.5,51.2
Fri Sep 23,,EUR,French Flash Manufacturing PMI,Medium,47.8,49.8,50.6
Fri Sep 23,1:00pm,EUR,German Flash Manufacturing PMI,High,48.3,48.3,49.1
Fri Sep 23,,EUR,German Flash Services PMI,High,45.4,47.2,47.7
Fri Sep 23,1:30pm,EUR,Flash Manufacturing PMI,Low,48.5,48.7,49.6
Fri Sep 23,,EUR,Flash Services PMI,Low,48.9,49.1,49.8
Fri Sep 23,2:00pm,GBP,Flash Manufacturing PMI,High,48.5,47.4,47.3
Fri Sep 23,,GBP,Flash Services PMI,High,49.2,49.9,50.9
Fri Sep 23,3:30pm,GBP,CBI Realized Sales,Low,-20,9,37
Fri Sep 23,7:15pm,USD,Flash Services PMI,High,49.2,45.5,43.7
Fri Sep 23,,USD,Flash Manufacturing PMI,Medium,51.8,51.0,51.5
Mon Sep 26,4:31am,GBP,Rightmove HPI m/m,Low,0.7%,,-1.3%
Mon Sep 26,6:00am,JPY,Flash Manufacturing PMI,Low,51.0,51.3,51.5
Mon Sep 26,1:30pm,EUR,German ifo Business Climate,Medium,84.3,86.9,88.6
Mon Sep 26,6:29pm,EUR,Belgian NBB Business Climate,Low,-11.8,-8.9,-5.8
Tue Sep 27,5:20am,JPY,SPPI y/y,Low,1.9%,2.4%,2.0%
Tue Sep 27,1:30pm,EUR,M3 Money Supply y/y,Low,6.1%,5.4%,5.7%
Tue Sep 27,,EUR,Private Loans y/y,Low,4.5%,4.5%,4.5%
Tue Sep 27,6:00pm,USD,Core Durable Goods Orders m/m,Medium,0.2%,0.3%,0.2%
Tue Sep 27,,USD,Durable Goods Orders m/m,Medium,-0.2%,0.1%,-0.1%
Tue Sep 27,6:30pm,USD,HPI m/m,Low,-0.6%,0.0%,0.1%
Tue Sep 27,,USD,S&P/CS Composite-20 HPI y/y,Low,16.1%,17.1%,18.6%
Tue Sep 27,7:30pm,USD,CB Consumer Confidence,High,108.0,104.0,103.6
Tue Sep 27,,USD,New Home Sales,Medium,685K,500K,532K
Tue Sep 27,,USD,Richmond Manufacturing Index,Medium,0,-10,-8
Wed Sep 28,4:31am,GBP,BRC Shop Price Index y/y,Low,5.7%,,5.1%
Wed Sep 28,11:30am,EUR,German GfK Consumer Climate,Low,-42.5,-38.9,-36.8
Wed Sep 28,6:00pm,USD,Goods Trade Balance,Low,-87.3B,-88.9B,-90.2B
Wed Sep 28,,USD,Prelim Wholesale Inventories m/m,Low,1.3%,0.4%,0.6%
Wed Sep 28,7:30pm,USD,Pending Home Sales m/m,Medium,-2.0%,-0.9%,-0.6%
Wed Sep 28,8:00pm,USD,Crude Oil Inventories,Low,-0.2M,2.0M,1.1M
Thu Sep 29,All Day,EUR,German Prelim CPI m/m,Low,1.9%,1.5%,0.3%
Thu Sep 29,12:30pm,EUR,Spanish Flash CPI y/y,Low,9.0%,10.1%,10.5%
Thu Sep 29,2:45pm,EUR,Italian 10-y Bond Auction,Low,4.70|1.4,,3.76|1.5
Thu Sep 29,,USD,Final GDP q/q,Medium,-0.6%,-0.6%,-0.6%
Thu Sep 29,,USD,Unemployment Claims,Medium,193K,215K,209K
Thu Sep 29,,USD,Final GDP Price Index q/q,Low,9.0%,8.9%,8.9%
Thu Sep 29,8:00pm,USD,Natural Gas Storage,Low,103B,93B,103B
Fri Sep 30,5:00am,JPY,Unemployment Rate,Low,2.5%,2.5%,2.6%
Fri Sep 30,5:20am,JPY,Prelim Industrial Production m/m,Low,2.7%,-0.2%,0.8%
Fri Sep 30,,JPY,Retail Sales y/y,Low,4.1%,2.8%,2.4%
Fri Sep 30,10:32am,JPY,Consumer Confidence,Low,30.8,33.6,32.5
Fri Sep 30,,JPY,Housing Starts y/y,Low,4.6%,-4.0%,-5.4%
Fri Sep 30,11:30am,GBP,Current Account,Low,-33.8B,-43.2B,-43.9B
Fri Sep 30,,GBP,Final GDP q/q,Low,0.2%,-0.1%,-0.1%
Fri Sep 30,,GBP,Nationwide HPI m/m,Low,0.0%,0.2%,0.7%
Fri Sep 30,,GBP,Revised Business Investment q/q,Low,3.7%,3.7%,3.8%
Fri Sep 30,12:15pm,EUR,French Consumer Spending m/m,Low,0.0%,-0.1%,-0.9%
Fri Sep 30,,EUR,French Prelim CPI m/m,Low,-0.5%,-0.2%,0.5%
Fri Sep 30,1:25pm,EUR,German Unemployment Change,Low,14K,20K,26K
Fri Sep 30,1:30pm,EUR,Italian Monthly Unemployment Rate,Low,7.8%,7.9%,7.9%
Fri Sep 30,2:00pm,GBP,M4 Money Supply m/m,Low,-0.2%,0.5%,0.5%
Fri Sep 30,,GBP,Mortgage Approvals,Low,74K,63K,64K
Fri Sep 30,,GBP,Net Lending to Individuals m/m,Low,7.2B,6.4B,6.6B
Fri Sep 30,2:30pm,EUR,Core CPI Flash Estimate y/y,Medium,4.8%,4.7%,4.3%
Fri Sep 30,,EUR,CPI Flash Estimate y/y,Medium,10.0%,9.7%,9.1%
Fri Sep 30,,EUR,Italian Prelim CPI m/m,Low,0.3%,-0.4%,0.8%
Fri Sep 30,,EUR,Unemployment Rate,Low,6.6%,6.6%,6.6%
Fri Sep 30,6:00pm,USD,Core PCE Price Index m/m,High,0.6%,0.5%,0.0%
Fri Sep 30,,USD,Personal Income m/m,Low,0.3%,0.3%,0.3%
Fri Sep 30,,USD,Personal Spending m/m,Low,0.4%,0.2%,-0.2%
Fri Sep 30,7:15pm,USD,Chicago PMI,Low,45.7,51.6,52.2
Fri Sep 30,7:30pm,USD,Revised UoM Consumer Sentiment,Medium,58.6,59.5,59.5
Fri Sep 30,,USD,Revised UoM Inflation Expectations,Low,4.7%,,4.6%
Mon Oct 3,,JPY,Tankan Manufacturing Index,Low,8,11,9
Mon Oct 3,,JPY,Tankan Non-Manufacturing Index,Low,14,13,13
Mon Oct 3,6:00am,JPY,Final Manufacturing PMI,Low,50.8,51.0,51.0
Mon Oct 3,12:45pm,EUR,Spanish Manufacturing PMI,Low,49.0,49.5,49.9
Mon Oct 3,1:15pm,EUR,Italian Manufacturing PMI,Low,48.3,47.6,48.0
Mon Oct 3,1:20pm,EUR,French Final Manufacturing PMI,Low,47.7,47.8,47.8
Mon Oct 3,1:25pm,EUR,German Final Manufacturing PMI,Low,47.8,48.3,48.3
Mon Oct 3,1:30pm,EUR,Final Manufacturing PMI,Low,48.4,48.5,48.5
Mon Oct 3,2:00pm,GBP,Final Manufacturing PMI,Low,48.4,48.5,48.5
Mon Oct 3,7:15pm,USD,Final Manufacturing PMI,Low,52.0,51.8,51.8
Mon Oct 3,7:30pm,USD,ISM Manufacturing PMI,High,50.9,52.5,52.8
Mon Oct 3,,USD,Construction Spending m/m,Low,-0.7%,-0.1%,-0.6%
Mon Oct 3,,USD,ISM Manufacturing Prices,Low,51.7,52.0,52.5
Mon Oct 3,All Day,USD,Wards Total Vehicle Sales,Low,13.5M,13.6M,13.2M
Mon Oct 3,10:49pm,EUR,French Gov Budget Balance,Low,-149.9B,,-131.2B
Tue Oct 4,5:00am,JPY,Tokyo Core CPI y/y,Low,2.8%,2.8%,2.6%
Tue Oct 4,5:20am,JPY,Monetary Base y/y,Low,-3.3%,0.6%,0.4%
Tue Oct 4,9:05am,JPY,10-y Bond Auction,Low,0.25|5.6,,0.24|4.0
Tue Oct 4,12:30pm,EUR,Spanish Unemployment Change,Low,17.7K,30.8K,40.4K
Tue Oct 4,2:30pm,EUR,PPI m/m,Low,5.0%,5.0%,4.0%
Tue Oct 4,7:30pm,USD,JOLTS Job Openings,High,10.05M,11.07M,11.17M
Tue Oct 4,,USD,Factory Orders m/m,Low,0.0%,0.0%,-1.0%
Wed Oct 5,11:30am,EUR,German Trade Balance,Low,1.2B,4.8B,3.4B
Wed Oct 5,12:15pm,EUR,French Industrial Production m/m,Low,2.4%,0.0%,-1.6%
Wed Oct 5,12:45pm,EUR,Spanish Services PMI,Low,48.5,49.7,50.6
Wed Oct 5,1:15pm,EUR,Italian Services PMI,Low,48.8,48.9,50.5
Wed Oct 5,1:20pm,EUR,French Final Services PMI,Low,52.9,53.0,53.0
Wed Oct 5,1:25pm,EUR,German Final Services PMI,Low,45.0,45.4,45.4
Wed Oct 5,1:30pm,EUR,Final Services PMI,Low,48.8,48.9,48.9
Wed Oct 5,2:00pm,GBP,Final Services PMI,Low,50.0,49.2,49.2
Wed Oct 5,2:33pm,GBP,10-y Bond Auction,Low,4.12|2.5,,3.09|2.4
Wed Oct 5,5:45pm,USD,ADP Non-Farm Employment Change,High,208K,200K,185K
Wed Oct 5,,USD,Trade Balance,Low,-67.4B,-67.8B,-70.5B
Wed Oct 5,7:15pm,USD,Final Services PMI,Low,49.3,49.2,49.2
Wed Oct 5,7:30pm,USD,ISM Services PMI,High,56.7,56.0,56.9
Wed Oct 5,8:00pm,USD,Crude Oil Inventories,Low,-1.4M,1.7M,-0.2M
Thu Oct 6,11:30am,EUR,German Factory Orders m/m,Low,-2.4%,-0.8%,1.9%
Thu Oct 6,2:00pm,GBP,Construction PMI,Low,52.3,48.1,49.2
Thu Oct 6,,GBP,Housing Equity Withdrawal q/q,Low,-5.1B,-8.0B,-4.3B
Thu Oct 6,2:15pm,EUR,Spanish 10-y Bond Auction,Low,3.23|1.4,,2.81|1.8
Thu Oct 6,2:30pm,EUR,Retail Sales m/m,Low,-0.3%,-0.3%,-0.4%
Thu Oct 6,2:33pm,EUR,French 10-y Bond Auction,Low,2.59|2.4,,2.21|2.0
Thu Oct 6,,USD,Challenger Job Cuts y/y,Low,67.6%,,30.3%
Thu Oct 6,6:00pm,USD,Unemployment Claims,Medium,219K,205K,190K
Thu Oct 6,8:00pm,USD,Natural Gas Storage,Low,129B,125B,103B
Fri Oct 7,5:00am,JPY,Average Cash Earnings y/y,Low,1.7%,1.4%,1.3%
Fri Oct 7,,JPY,Household Spending y/y,Low,5.1%,6.8%,3.4%
Fri Oct 7,10:30am,JPY,Leading Indicators,Low,100.9%,99.2%,98.9%
Fri Oct 7,11:30am,EUR,German Import Prices m/m,Low,4.3%,2.2%,1.4%
Fri Oct 7,,EUR,German Industrial Production m/m,Low,-0.8%,-0.5%,0.0%
Fri Oct 7,,EUR,German Retail Sales m/m,Low,-1.3%,-1.0%,0.7%
Fri Oct 7,,GBP,Halifax HPI m/m,Low,-0.1%,0.2%,0.3%
Fri Oct 7,12:15pm,EUR,French Trade Balance,Low,-15.3B,-14.4B,-14.8B
Fri Oct 7,1:30pm,EUR,Italian Retail Sales m/m,Low,-0.4%,0.0%,1.3%
Fri Oct 7,,USD,Average Hourly Earnings m/m,High,0.3%,0.3%,0.3%
Fri Oct 7,,USD,Non-Farm Employment Change,High,263K,248K,315K
Fri Oct 7,,USD,Unemployment Rate,High,3.5%,3.7%,3.7%
Fri Oct 7,7:30pm,USD,Final Wholesale Inventories m/m,Low,1.3%,1.3%,1.3%
Sat Oct 8,12:30am,USD,Consumer Credit m/m,Low,32.2B,25.0B,26.1B
Mon Oct 10,2:00pm,EUR,Sentix Investor Confidence,Low,-38.3,-34.9,-31.8
Tue Oct 11,4:31am,GBP,BRC Retail Sales Monitor y/y,Low,1.8%,-0.4%,0.5%
Tue Oct 11,5:20am,JPY,Current Account,Low,-0.53T,-0.56T,-0.63T
Tue Oct 11,10:29am,JPY,Economy Watchers Sentiment,Low,48.4,47.6,45.5
Tue Oct 11,11:30am,GBP,Average Earnings Index 3m/y,Medium,6.0%,5.9%,5.5%
Tue Oct 11,,GBP,Claimant Count Change,Medium,25.5K,4.2K,1.1K
Tue Oct 11,,GBP,Unemployment Rate,Low,3.5%,3.6%,3.6%
Tue Oct 11,1:30pm,EUR,Italian Industrial Production m/m,Low,2.3%,0.0%,0.5%
Tue Oct 11,3:30pm,USD,NFIB Small Business Index,Low,92.1,91.2,91.8
Tue Oct 11,7:30pm,USD,RCM/TIPP Economic Optimism,Low,41.6,40.5,44.7
Wed Oct 12,5:20am,JPY,Core Machinery Orders m/m,Low,-5.8%,-2.7%,5.3%
Wed Oct 12,9:05am,JPY,30-y Bond Auction,Low,1.48|2.9,,1.24|3.3
Wed Oct 12,11:29am,JPY,Prelim Machine Tool Orders y/y,Low,4.3%,,10.7%
Wed Oct 12,11:30am,GBP,GDP m/m,High,-0.3%,0.0%,0.1%
Wed Oct 12,,GBP,Construction Output m/m,Low,0.4%,0.5%,0.1%
Wed Oct 12,,GBP,Goods Trade Balance,Low,-19.3B,-20.3B,-17.6B
Wed Oct 12,,GBP,Index of Services 3m/3m,Low,-0.1%,-0.2%,0.2%
Wed Oct 12,,GBP,Industrial Production m/m,Low,-1.8%,-0.1%,-1.1%
Wed Oct 12,,GBP,Manufacturing Production m/m,Low,-1.6%,-0.1%,-1.1%
Wed Oct 12,2:30pm,EUR,Industrial Production m/m,Low,1.5%,0.6%,-2.3%
Wed Oct 12,3:04pm,EUR,German 10-y Bond Auction,Low,2.33|1.2,,1.87|1.8
Wed Oct 12,5:35pm,GBP,NIESR GDP Estimate,Low,-0.3%,,-0.3%
Wed Oct 12,6:00pm,USD,PPI m/m,High,0.4%,0.2%,-0.2%
Wed Oct 12,,USD,Core PPI m/m,Medium,0.3%,0.3%,0.3%
Wed Oct 12,10:33pm,USD,10-y Bond Auction,Low,3.93|2.3,,3.33|2.4
Thu Oct 13,4:31am,GBP,RICS House Price Balance,Low,32%,44%,51%
Thu Oct 13,5:20am,JPY,Bank Lending y/y,Low,2.3%,2.0%,1.9%
Thu Oct 13,,JPY,PPI y/y,Low,9.7%,8.9%,9.4%
Thu Oct 13,11:30am,EUR,German Final CPI m/m,Low,1.9%,1.9%,1.9%
Thu Oct 13,6:00pm,USD,Core CPI m/m,High,0.6%,0.4%,0.6%
Thu Oct 13,,USD,CPI m/m,High,0.4%,0.2%,0.1%
Thu Oct 13,,USD,CPI y/y,High,8.2%,8.1%,8.3%
Thu Oct 13,,USD,Unemployment Claims,Medium,228K,225K,219K
Thu Oct 13,8:00pm,USD,Natural Gas Storage,Low,125B,126B,129B
Thu Oct 13,8:30pm,USD,Crude Oil Inventories,Low,9.9M,0.9M,-1.4M
Thu Oct 13,10:31pm,USD,30-y Bond Auction,Low,3.93|2.4,,3.51|2.4
Fri Oct 14,5:20am,JPY,M2 Money Stock y/y,Low,3.3%,3.4%,3.4%
Fri Oct 14,11:30am,EUR,German WPI m/m,Low,1.6%,0.4%,0.1%
Fri Oct 14,12:15pm,EUR,French Final CPI m/m,Low,-0.6%,-0.5%,-0.5%
Fri Oct 14,2:30pm,EUR,Trade Balance,Low,-47.3B,-45.0B,-40.5B
Fri Oct 14,,USD,Core Retail Sales m/m,High,0.1%,-0.1%,-0.1%
Fri Oct 14,,USD,Retail Sales m/m,High,0.0%,0.2%,0.4%
Fri Oct 14,,USD,Import Prices m/m,Low,-1.2%,-1.1%,-1.1%
Fri Oct 14,7:00pm,GBP,CB Leading Index m/m,Low,-0.5%,,-0.6%
Fri Oct 14,7:30pm,USD,Prelim UoM Consumer Sentiment,High,59.8,58.7,58.6
Fri Oct 14,,USD,Prelim UoM Inflation Expectations,Medium,5.1%,,4.7%
Fri Oct 14,,USD,Business Inventories m/m,Low,0.8%,0.9%,0.5%
Mon Oct 17,4:31am,GBP,Rightmove HPI m/m,Low,0.9%,,0.7%
Mon Oct 17,10:00am,JPY,Tertiary Industry Activity m/m,Low,0.7%,0.3%,-0.5%
Mon Oct 17,10:02am,JPY,Revised Industrial Production m/m,Low,3.4%,2.7%,2.7%
Mon Oct 17,6:00pm,USD,Empire State Manufacturing Index,High,-9.1,-4.3,-1.5
Tue Oct 18,1:30pm,EUR,Italian Trade Balance,Low,-9.57B,-0.50B,-0.46B
Tue Oct 18,2:30pm,EUR,ZEW Economic Sentiment,Low,-59.7,-61.2,-60.7
Tue Oct 18,,EUR,German ZEW Economic Sentiment,Low,-59.2,-66.7,-61.9
Tue Oct 18,6:45pm,USD,Capacity Utilization Rate,Low,80.3%,80.0%,80.1%
Tue Oct 18,,USD,Industrial Production m/m,Low,0.4%,0.1%,-0.1%
Tue Oct 18,7:30pm,USD,NAHB Housing Market Index,Low,38,43,46
Wed Oct 19,1:30am,USD,TIC Long-Term Purchases,Low,197.9B,28.2B,21.4B
Wed Oct 19,11:30am,GBP,CPI y/y,High,10.1%,10.0%,9.9%
Wed Oct 19,,GBP,Core CPI y/y,Low,6.5%,6.4%,6.3%
Wed Oct 19,,GBP,PPI Input m/m,Low,0.4%,-0.4%,-0.9%
Wed Oct 19,,GBP,PPI Output m/m,Low,0.2%,0.4%,0.1%
Wed Oct 19,,GBP,RPI y/y,Low,12.6%,12.4%,12.3%
Wed Oct 19,2:00pm,GBP,HPI y/y,Low,13.6%,14.2%,16.0%
Wed Oct 19,2:30pm,EUR,Final Core CPI y/y,Low,4.8%,4.8%,4.8%
Wed Oct 19,,EUR,Final CPI y/y,Low,9.9%,10.0%,10.0%
Wed Oct 19,4:02pm,GBP,10-y Bond Auction,Low,4.11|2.4,,4.12|2.5
Wed Oct 19,,USD,Building Permits,Low,1.56M,1.52M,1.54M
Wed Oct 19,,USD,Housing Starts,Low,1.44M,1.46M,1.57M
Wed Oct 19,,USD,Crude Oil Inventories,Low,-1.7M,2.5M,9.9M
Thu Oct 20,5:20am,JPY,Trade Balance,Low,-2.01T,-2.06T,-2.34T
Thu Oct 20,,EUR,German PPI m/m,Low,2.3%,1.5%,7.9%
Thu Oct 20,1:30pm,EUR,Current Account,Low,-26.3B,-20.3B,-20.0B
Thu Oct 20,6:00pm,USD,Philly Fed Manufacturing Index,High,-8.7,-5.0,-9.9
Thu Oct 20,,USD,Unemployment Claims,Medium,214K,229K,226K
Thu Oct 20,7:30pm,USD,Existing Home Sales,Medium,4.71M,4.69M,4.78M
Thu Oct 20,,USD,CB Leading Index m/m,Low,-0.4%,-0.3%,0.0%
Thu Oct 20,8:00pm,USD,Natural Gas Storage,Low,111B,103B,125B
Fri Oct 21,4:31am,GBP,GfK Consumer Confidence,Low,-47,-52,-49
Fri Oct 21,5:00am,JPY,National Core CPI y/y,Low,3.0%,3.0%,2.8%
Fri Oct 21,11:30am,GBP,Retail Sales m/m,Medium,-1.4%,-0.5%,-1.7%
Fri Oct 21,,GBP,Public Sector Net Borrowing,Low,19.2B,15.5B,8.6B
Fri Oct 21,7:30pm,EUR,Consumer Confidence,Low,-28,-30,-29
Fri Oct 21,8:00pm,USD,Federal Budget Balance,Low,-429.7B,-173.5B,-219.6B
Mon Oct 24,6:00am,JPY,Flash Manufacturing PMI,Low,50.7,51.3,50.8
Mon Oct 24,12:45pm,EUR,French Flash Services PMI,High,51.3,51.6,52.9
Mon Oct 24,,EUR,French Flash Manufacturing PMI,Medium,47.4,47.0,47.7
Mon Oct 24,1:00pm,EUR,German Flash Manufacturing PMI,High,45.7,46.9,47.8
Mon Oct 24,,EUR,German Flash Services PMI,High,44.9,45.0,45.0
Mon Oct 24,1:30pm,EUR,Flash Manufacturing PMI,Low,46.6,47.9,48.4
Mon Oct 24,,EUR,Flash Services PMI,Low,48.2,48.1,48.8
Mon Oct 24,2:00pm,GBP,Flash Manufacturing PMI,High,45.8,47.9,48.4
Mon Oct 24,,GBP,Flash Services PMI,High,47.5,48.0,50.0
Mon Oct 24,7:15pm,USD,Flash Services PMI,High,46.6,49.6,49.3
Mon Oct 24,,USD,Flash Manufacturing PMI,Medium,49.9,51.0,52.0
Tue Oct 25,10:29am,JPY,BOJ Core CPI y/y,Low,2.0%,1.9%,1.9%
Tue Oct 25,1:30pm,EUR,German ifo Business Climate,Medium,84.3,83.4,84.4
Tue Oct 25,3:30pm,GBP,CBI Industrial Order Expectations,Low,-4,-13,-2
Tue Oct 25,6:30pm,EUR,Belgian NBB Business Climate,Low,-15.5,-10.9,-11.8
Tue Oct 25,,USD,HPI m/m,Low,-0.7%,-0.7%,-0.6%
Tue Oct 25,,USD,S&P/CS Composite-20 HPI y/y,Low,13.1%,14.0%,16.0%
Tue Oct 25,7:29pm,USD,Richmond Manufacturing Index,Medium,-10,-5,0
Tue Oct 25,7:30pm,USD,CB Consumer Confidence,High,102.5,105.9,107.8
Wed Oct 26,5:20am,JPY,SPPI y/y,Low,2.1%,2.1%,2.0%
Wed Oct 26,,EUR,M3 Money Supply y/y,Low,6.3%,6.0%,6.1%
Wed Oct 26,,EUR,Private Loans y/y,Low,4.4%,4.8%,4.5%
Wed Oct 26,6:00pm,USD,Goods Trade Balance,Low,-92.2B,-87.4B,-87.3B
Wed Oct 26,,USD,Prelim Wholesale Inventories m/m,Low,0.8%,1.0%,1.3%
Wed Oct 26,,USD,New Home Sales,Medium,603K,579K,677K
Wed Oct 26,8:00pm,USD,Crude Oil Inventories,Low,2.6M,-0.3M,-1.7M
Thu Oct 27,11:30am,EUR,German GfK Consumer Climate,Low,-41.9,-42.4,-42.8
Thu Oct 27,12:30pm,EUR,Spanish Unemployment Rate,Low,12.7%,12.4%,12.5%
Thu Oct 27,3:30pm,GBP,CBI Realized Sales,Low,18,-15,-20
Thu Oct 27,5:45pm,EUR,Main Refinancing Rate,High,2.00%,2.00%,1.25%
Thu Oct 27,6:00pm,USD,Advance GDP q/q,High,2.6%,2.3%,-0.6%
Thu Oct 27,,USD,Advance GDP Price Index q/q,Medium,4.1%,5.3%,9.0%
Thu Oct 27,,USD,Core Durable Goods Orders m/m,Medium,-0.5%,0.2%,0.3%
Thu Oct 27,,USD,Durable Goods Orders m/m,Medium,0.4%,0.6%,-0.2%
Thu Oct 27,,USD,Unemployment Claims,Medium,217K,219K,214K
Thu Oct 27,8:00pm,USD,Natural Gas Storage,Low,52B,60B,111B
Fri Oct 28,5:00am,JPY,Tokyo Core CPI y/y,Low,3.4%,3.2%,2.8%
Fri Oct 28,,JPY,Unemployment Rate,Low,2.6%,2.5%,2.5%
Fri Oct 28,,JPY,BOJ Policy Rate,Low,-0.10%,-0.10%,-0.10%
Fri Oct 28,11:00am,EUR,French Consumer Spending m/m,Low,1.2%,1.2%,0.1%
Fri Oct 28,,EUR,French Flash GDP q/q,Low,0.2%,0.2%,0.5%
Fri Oct 28,All Day,EUR,German Prelim CPI m/m,Low,0.9%,0.6%,1.9%
Fri Oct 28,12:15pm,EUR,French Prelim CPI m/m,Low,1.0%,0.6%,-0.6%
Fri Oct 28,,EUR,Spanish Flash CPI y/y,Low,7.3%,8.0%,8.9%
Fri Oct 28,,EUR,Spanish Flash GDP q/q,Low,0.2%,0.3%,1.5%
Fri Oct 28,1:30pm,EUR,German Prelim GDP q/q,Low,0.3%,-0.2%,0.1%
Fri Oct 28,2:30pm,EUR,Italian Prelim CPI m/m,Low,3.5%,1.1%,0.3%
Fri Oct 28,2:42pm,EUR,Italian 10-y Bond Auction,Low,4.24|1.3,,4.70|1.4
Fri Oct 28,,USD,Core PCE Price Index m/m,High,0.5%,0.5%,0.5%
Fri Oct 28,,USD,Employment Cost Index q/q,Low,1.2%,1.2%,1.3%
Fri Oct 28,,USD,Personal Income m/m,Low,0.4%,0.4%,0.4%
Fri Oct 28,,USD,Personal Spending m/m,Low,0.6%,0.4%,0.6%
Fri Oct 28,7:30pm,USD,Pending Home Sales m/m,Medium,-10.2%,-4.4%,-1.9%
Fri Oct 28,,USD,Revised UoM Consumer Sentiment,Medium,59.9,59.7,59.8
Fri Oct 28,,USD,Revised UoM Inflation Expectations,Low,5.0%,,5.1%
Mon Oct 31,5:20am,JPY,Prelim Industrial Production m/m,Low,-1.6%,-0.8%,3.4%
Mon Oct 31,,JPY,Retail Sales y/y,Low,4.5%,4.0%,4.1%
Mon Oct 31,10:29am,JPY,Consumer Confidence,Low,29.9,31.0,30.8
Mon Oct 31,10:30am,JPY,Housing Starts y/y,Low,1.0%,2.6%,4.6%
Mon Oct 31,12:30pm,EUR,German Retail Sales m/m,Low,0.9%,-0.5%,-1.4%
Mon Oct 31,2:30pm,EUR,Italian Prelim GDP q/q,Low,0.5%,-0.1%,1.1%
Mon Oct 31,3:00pm,GBP,M4 Money Supply m/m,Low,2.1%,0.2%,-0.1%
Mon Oct 31,,GBP,Mortgage Approvals,Low,67K,66K,74K
Mon Oct 31,,GBP,Net Lending to Individuals m/m,Low,6.8B,6.3B,7.3B
Mon Oct 31,3:30pm,EUR,Core CPI Flash Estimate y/y,Medium,5.0%,4.8%,4.8%
Mon Oct 31,,EUR,CPI Flash Estimate y/y,Medium,10.7%,9.9%,9.9%
Mon Oct 31,,EUR,Prelim Flash GDP q/q,Low,0.2%,0.1%,0.8%
Mon Oct 31,7:15pm,USD,Chicago PMI,Low,45.2,47.8,45.7
Tue Nov 1,6:00am,JPY,Final Manufacturing PMI,Low,50.7,50.7,50.7
Tue Nov 1,9:05am,JPY,10-y Bond Auction,Low,0.25|5.2,,0.25|5.6
Tue Nov 1,12:30pm,EUR,German Import Prices m/m,Low,-0.9%,0.7%,4.3%
Tue Nov 1,,GBP,Nationwide HPI m/m,Low,-0.9%,-0.4%,0.0%
Tue Nov 1,3:00pm,GBP,Final Manufacturing PMI,Low,46.2,45.8,45.8
Tue Nov 1,7:15pm,USD,Final Manufacturing PMI,Low,50.4,49.9,49.9
Tue Nov 1,7:30pm,USD,ISM Manufacturing PMI,High,50.2,50.0,50.9
Tue Nov 1,,USD,JOLTS Job Openings,High,10.72M,9.75M,10.28M
Tue Nov 1,,USD,Construction Spending m/m,Low,0.2%,-0.5%,-0.6%
Tue Nov 1,,USD,ISM Manufacturing Prices,Low,46.6,53.0,51.7
Tue Nov 1,All Day,USD,Wards Total Vehicle Sales,Low,14.9M,14.5M,13.5M
Wed Nov 2,5:20am,JPY,Monetary Base y/y,Low,-6.9%,-2.0%,-3.3%
Wed Nov 2,5:31am,GBP,BRC Shop Price Index y/y,Low,6.6%,,5.7%
Wed Nov 2,12:30pm,EUR,German Trade Balance,Low,3.7B,1.5B,1.2B
Wed Nov 2,1:15pm,EUR,French Gov Budget Balance,Low,-146.6B,,-149.9B
Wed Nov 2,1:45pm,EUR,Spanish Manufacturing PMI,Low,44.7,47.6,49.0
Wed Nov 2,2:15pm,EUR,Italian Manufacturing PMI,Low,46.5,46.9,48.3
Wed Nov 2,2:20pm,EUR,French Final Manufacturing PMI,Low,47.2,47.4,47.4
Wed Nov 2,2:25pm,EUR,German Final Manufacturing PMI,Low,45.1,45.7,45.7
Wed Nov 2,,EUR,German Unemployment Change,Low,8K,12K,13K
Wed Nov 2,2:30pm,EUR,Final Manufacturing PMI,Low,46.4,46.6,46.6
Wed Nov 2,5:45pm,USD,ADP Non-Farm Employment Change,High,239K,178K,192K
Wed Nov 2,8:00pm,USD,Crude Oil Inventories,Low,-3.1M,-0.2M,2.6M
Wed Nov 2,,USD,Federal Funds Rate,High,4.00%,4.00%,3.25%
Thu Nov 3,,EUR,Spanish Unemployment Change,Low,-27.0K,23.8K,17.7K
Thu Nov 3,2:30pm,EUR,Italian Monthly Unemployment Rate,Low,7.9%,7.8%,7.9%
Thu Nov 3,3:00pm,GBP,Final Services PMI,Low,48.8,47.5,47.5
Thu Nov 3,3:17pm,EUR,Spanish 10-y Bond Auction,Low,3.31|2.1,,3.23|1.4
Thu Nov 3,3:28pm,EUR,French 10-y Bond Auction,Low,2.76|2.1,,2.59|2.4
Thu Nov 3,3:30pm,EUR,Unemployment Rate,Low,6.6%,6.6%,6.7%
Thu Nov 3,5:00pm,USD,Challenger Job Cuts y/y,Low,48.3%,,67.6%
Thu Nov 3,,GBP,MPC Official Bank Rate Votes,High,9-0-0,9-0-0,9-0-0
Thu Nov 3,,GBP,Official Bank Rate,High,3.00%,3.00%,2.25%
Thu Nov 3,,USD,Unemployment Claims,Medium,217K,220K,218K
Thu Nov 3,,USD,Prelim Nonfarm Productivity q/q,Low,0.3%,-0.1%,-4.1%
Thu Nov 3,,USD,Prelim Unit Labor Costs q/q,Low,3.5%,3.9%,10.2%
Thu Nov 3,,USD,Trade Balance,Low,-73.3B,-72.4B,-65.7B
Thu Nov 3,7:15pm,USD,Final Services PMI,Low,47.8,46.6,46.6
Thu Nov 3,7:30pm,USD,ISM Services PMI,High,54.4,55.5,56.7
Thu Nov 3,,USD,Factory Orders m/m,Low,0.3%,0.4%,0.2%
Thu Nov 3,8:00pm,USD,Natural Gas Storage,Low,107B,99B,52B
Fri Nov 4,12:30pm,EUR,German Factory Orders m/m,Low,-4.0%,-0.5%,-2.0%
Fri Nov 4,1:15pm,EUR,French Industrial Production m/m,Low,-0.8%,-0.9%,2.7%
Fri Nov 4,1:45pm,EUR,Spanish Services PMI,Low,49.7,48.2,48.5
Fri Nov 4,2:15pm,EUR,Italian Services PMI,Low,46.4,48.5,48.8
Fri Nov 4,2:20pm,EUR,French Final Services PMI,Low,51.7,51.3,51.3
Fri Nov 4,2:25pm,EUR,German Final Services PMI,Low,46.5,44.9,44.9
Fri Nov 4,2:30pm,EUR,Final Services PMI,Low,48.6,48.2,48.2
Fri Nov 4,,GBP,Construction PMI,Low,53.2,50.2,52.3
Fri Nov 4,3:30pm,EUR,PPI m/m,Low,1.6%,1.7%,5.0%
Fri Nov 4,,USD,Average Hourly Earnings m/m,High,0.4%,0.3%,0.3%
Fri Nov 4,,USD,Non-Farm Employment Change,High,261K,197K,315K
Fri Nov 4,,USD,Unemployment Rate,High,3.7%,3.6%,3.5%
Mon Nov 7,12:30pm,EUR,German Industrial Production m/m,Low,0.6%,0.2%,-1.2%
Mon Nov 7,,GBP,Halifax HPI m/m,Low,-0.4%,-0.4%,-0.1%
Mon Nov 7,3:00pm,EUR,Sentix Investor Confidence,Low,-30.9,-35.2,-38.3
Tue Nov 8,1:30am,USD,Consumer Credit m/m,Low,25.0B,31.5B,30.2B
Tue Nov 8,,JPY,Average Cash Earnings y/y,Low,2.1%,1.7%,1.7%
Tue Nov 8,,JPY,Household Spending y/y,Low,2.3%,2.6%,5.1%
Tue Nov 8,5:31am,GBP,BRC Retail Sales Monitor y/y,Low,1.2%,1.5%,1.8%
Tue Nov 8,10:30am,JPY,Leading Indicators,Low,97.4%,97.9%,101.3%
Tue Nov 8,1:15pm,EUR,French Prelim Private Payrolls q/q,Low,0.4%,0.4%,0.5%
Tue Nov 8,,EUR,French Trade Balance,Low,-17.5B,-14.7B,-15.3B
Tue Nov 8,2:30pm,EUR,Italian Retail Sales m/m,Low,0.5%,0.2%,-0.3%
Tue Nov 8,3:30pm,EUR,Retail Sales m/m,Low,0.4%,0.4%,0.0%
Tue Nov 8,4:26pm,USD,NFIB Small Business Index,Low,91.3,91.3,92.1
Tue Nov 8,8:30pm,USD,RCM/TIPP Economic Optimism,Low,40.4,41.5,41.6
Wed Nov 9,5:20am,JPY,Bank Lending y/y,Low,2.7%,2.5%,2.3%
Wed Nov 9,,JPY,Current Account,Low,0.67T,0.01T,0.10T
Wed Nov 9,9:05am,JPY,30-y Bond Auction,Low,1.56|3.3,,1.48|2.9
Wed Nov 9,10:30am,JPY,Economy Watchers Sentiment,Low,49.9,50.0,48.4
Wed Nov 9,3:33pm,GBP,10-y Bond Auction,Low,3.71|2.2,,4.11|2.4
Wed Nov 9,4:07pm,EUR,German 10-y Bond Auction,Low,2.25|1.7,,2.33|1.2
Wed Nov 9,8:30pm,USD,Final Wholesale Inventories m/m,Low,0.6%,0.8%,0.8%
Wed Nov 9,9:00pm,USD,Crude Oil Inventories,Low,3.9M,0.3M,-3.1M
Wed Nov 9,11:31pm,USD,10-y Bond Auction,Low,4.14|2.2,,3.93|2.3
Thu Nov 10,5:20am,JPY,M2 Money Stock y/y,Low,3.1%,3.2%,3.3%
Thu Nov 10,5:31am,GBP,RICS House Price Balance,Low,-2%,19%,30%
Thu Nov 10,11:29am,JPY,Prelim Machine Tool Orders y/y,Low,-5.4%,,4.3%
Thu Nov 10,,EUR,Italian Industrial Production m/m,Low,-1.8%,-1.6%,2.3%
Thu Nov 10,7:00pm,USD,Core CPI m/m,High,0.3%,0.5%,0.6%
Thu Nov 10,,USD,CPI m/m,High,0.4%,0.6%,0.4%
Thu Nov 10,,USD,CPI y/y,High,7.7%,7.9%,8.2%
Thu Nov 10,,USD,Unemployment Claims,Medium,225K,220K,218K
Thu Nov 10,8:30pm,USD,Mortgage Delinquencies,Low,3.45%,,3.64%
Thu Nov 10,9:00pm,USD,Natural Gas Storage,Low,79B,92B,107B
Thu Nov 10,11:31pm,USD,30-y Bond Auction,Low,4.08|2.4,,3.93|2.4
Fri Nov 11,12:30am,USD,Federal Budget Balance,Low,-87.8B,-93.0B,-429.7B
Fri Nov 11,5:20am,JPY,PPI y/y,Low,9.1%,8.8%,10.2%
Fri Nov 11,12:30pm,EUR,German Final CPI m/m,Low,0.9%,0.9%,0.9%
Fri Nov 11,,GBP,GDP m/m,High,-0.6%,-0.4%,-0.1%
Fri Nov 11,,GBP,Prelim GDP q/q,Medium,-0.2%,-0.5%,0.2%
Fri Nov 11,,GBP,Construction Output m/m,Low,0.4%,-0.6%,0.6%
Fri Nov 11,,GBP,Goods Trade Balance,Low,-15.7B,-18.6B,-17.2B
Fri Nov 11,,GBP,Index of Services 3m/3m,Low,0.0%,-0.2%,0.1%
Fri Nov 11,,GBP,Industrial Production m/m,Low,0.2%,-0.3%,-1.4%
Fri Nov 11,,GBP,Manufacturing Production m/m,Low,0.0%,-0.4%,-1.1%
Fri Nov 11,,GBP,Prelim Business Investment q/q,Low,-0.5%,0.6%,3.7%
Fri Nov 11,6:25pm,GBP,NIESR GDP Estimate,Low,-0.3%,,-0.2%
Fri Nov 11,8:30pm,USD,Prelim UoM Consumer Sentiment,High,54.7,59.5,59.9
Fri Nov 11,,USD,Prelim UoM Inflation Expectations,Medium,5.1%,,5.0%
Mon Nov 14,5:31am,GBP,Rightmove HPI m/m,Low,-1.1%,,0.9%
Mon Nov 14,3:30pm,EUR,Industrial Production m/m,Low,0.9%,0.1%,2.0%
Mon Nov 14,8:00pm,GBP,CB Leading Index m/m,Low,-0.9%,,-0.6%
Tue Nov 15,5:20am,JPY,Prelim GDP Price Index y/y,Low,-0.5%,-0.6%,-0.3%
Tue Nov 15,,JPY,Prelim GDP q/q,Low,-0.3%,0.3%,0.9%
Tue Nov 15,10:00am,JPY,Revised Industrial Production m/m,Low,-1.7%,-1.6%,-1.6%
Tue Nov 15,12:30pm,EUR,German WPI m/m,Low,-0.6%,1.2%,1.6%
Tue Nov 15,,GBP,Claimant Count Change,High,3.3K,17.3K,3.9K
Tue Nov 15,,GBP,Average Earnings Index 3m/y,Medium,6.0%,5.9%,6.1%
Tue Nov 15,,GBP,Unemployment Rate,Low,3.6%,3.5%,3.5%
Tue Nov 15,1:15pm,EUR,French Final CPI m/m,Low,1.0%,1.0%,1.0%
Tue Nov 15,3:30pm,EUR,German ZEW Economic Sentiment,Medium,-36.7,-50.9,-59.2
Tue Nov 15,,EUR,Flash Employment Change q/q,Low,0.2%,0.4%,0.4%
Tue Nov 15,,EUR,Flash GDP q/q,Low,0.2%,0.2%,0.2%
Tue Nov 15,,EUR,Trade Balance,Low,-37.7B,-42.3B,-47.6B
Tue Nov 15,,EUR,ZEW Economic Sentiment,Low,-38.7,-52.0,-59.7
Tue Nov 15,,USD,Empire State Manufacturing Index,High,4.5,-6.1,-9.1
Tue Nov 15,,USD,PPI m/m,High,0.2%,0.4%,0.2%
Tue Nov 15,,USD,Core PPI m/m,Medium,0.0%,0.3%,0.2%
Wed Nov 16,5:20am,JPY,Core Machinery Orders m/m,Low,-4.6%,0.6%,-5.8%
Wed Nov 16,10:00am,JPY,Tertiary Industry Activity m/m,Low,-0.4%,0.6%,0.7%
Wed Nov 16,12:30pm,GBP,CPI y/y,High,11.1%,10.7%,10.1%
Wed Nov 16,,GBP,Core CPI y/y,Low,6.5%,6.4%,6.5%
Wed Nov 16,,GBP,PPI Input m/m,Low,0.6%,0.3%,0.9%
Wed Nov 16,,GBP,PPI Output m/m,Low,0.3%,0.5%,0.3%
Wed Nov 16,,GBP,RPI y/y,Low,14.2%,13.6%,12.6%
Wed Nov 16,3:00pm,GBP,HPI y/y,Low,9.5%,9.8%,13.1%
Wed Nov 16,,USD,Core Retail Sales m/m,High,1.3%,0.5%,0.1%
Wed Nov 16,,USD,Retail Sales m/m,High,1.3%,1.0%,0.0%
Wed Nov 16,,USD,Import Prices m/m,Low,-0.2%,-0.5%,-1.1%
Wed Nov 16,,USD,Capacity Utilization Rate,Low,79.9%,80.4%,80.1%
Wed Nov 16,,USD,Industrial Production m/m,Low,-0.1%,0.1%,0.1%
Wed Nov 16,,USD,Business Inventories m/m,Low,0.4%,0.5%,0.9%
Wed Nov 16,,USD,NAHB Housing Market Index,Low,33,36,38
Wed Nov 16,9:00pm,USD,Crude Oil Inventories,Low,-5.4M,-2.0M,3.9M
Thu Nov 17,2:30am,USD,TIC Long-Term Purchases,Low,118.0B,113.0B,198.3B
Thu Nov 17,5:20am,JPY,Trade Balance,Low,-2.30T,-1.93T,-2.04T
Thu Nov 17,2:30pm,EUR,Italian Trade Balance,Low,-6.45B,-4.05B,-9.51B
Thu Nov 17,3:14pm,EUR,Spanish 10-y Bond Auction,Low,2.90|1.8,,3.31|2.1
Thu Nov 17,3:30pm,EUR,Final Core CPI y/y,Low,5.0%,5.0%,5.0%
Thu Nov 17,,EUR,Final CPI y/y,Low,10.6%,10.7%,10.7%
Thu Nov 17,7:00pm,USD,Philly Fed Manufacturing Index,High,-19.4,-6.0,-8.7
Thu Nov 17,,USD,Unemployment Claims,Medium,222K,228K,226K
Thu Nov 17,,USD,Building Permits,Low,1.53M,1.51M,1.56M
Thu Nov 17,,USD,Housing Starts,Low,1.43M,1.41M,1.49M
Thu Nov 17,9:00pm,USD,Natural Gas Storage,Low,64B,66B,79B
Fri Nov 18,5:00am,JPY,National Core CPI y/y,Low,3.6%,3.5%,3.0%
Fri Nov 18,5:31am,GBP,GfK Consumer Confidence,Low,-44,-46,-47
Fri Nov 18,12:30pm,GBP,Retail Sales m/m,Medium,0.6%,0.5%,-1.5%
Fri Nov 18,8:30pm,USD,Existing Home Sales,Medium,4.43M,4.41M,4.71M
Fri Nov 18,,USD,CB Leading Index m/m,Low,-0.8%,-0.4%,-0.5%
Mon Nov 21,12:30pm,EUR,German PPI m/m,Low,-4.2%,0.9%,2.3%
Tue Nov 22,10:35am,JPY,BOJ Core CPI y/y,Low,2.7%,2.2%,2.0%
Tue Nov 22,12:30pm,GBP,Public Sector Net Borrowing,Low,12.7B,19.1B,16.9B
Tue Nov 22,2:30pm,EUR,Current Account,Low,-8.1B,-20.3B,-26.9B
Tue Nov 22,8:30pm,EUR,Consumer Confidence,Low,-24,-26,-28
Tue Nov 22,,USD,Richmond Manufacturing Index,Medium,-9,-9,-10
Wed Nov 23,1:45pm,EUR,French Flash Services PMI,High,49.4,50.6,51.7
Wed Nov 23,,EUR,French Flash Manufacturing PMI,Medium,49.1,46.9,47.2
Wed Nov 23,2:00pm,EUR,German Flash Manufacturing PMI,High,46.7,44.9,45.1
Wed Nov 23,,EUR,German Flash Services PMI,High,46.4,46.1,46.5
Wed Nov 23,2:30pm,EUR,Flash Manufacturing PMI,Low,47.3,46.0,46.4
Wed Nov 23,,EUR,Flash Services PMI,Low,48.6,48.0,48.6
Wed Nov 23,3:00pm,GBP,Flash Manufacturing PMI,High,46.2,45.7,46.2
Wed Nov 23,,GBP,Flash Services PMI,High,48.8,48.0,48.8
Wed Nov 23,4:04pm,EUR,German 30-y Bond Auction,Low,1.94|1.8,,1.10|1.6
Wed Nov 23,,USD,Core Durable Goods Orders m/m,Medium,0.5%,0.0%,-0.9%
Wed Nov 23,,USD,Durable Goods Orders m/m,Medium,1.0%,0.4%,0.3%
Wed Nov 23,,USD,Unemployment Claims,Medium,240K,225K,223K
Wed Nov 23,8:15pm,USD,Flash Services PMI,High,46.1,48.0,47.8
Wed Nov 23,,USD,Flash Manufacturing PMI,Medium,47.6,50.0,50.4
Wed Nov 23,8:30pm,USD,New Home Sales,Medium,632K,570K,588K
Wed Nov 23,,USD,Revised UoM Consumer Sentiment,Medium,56.8,55.0,54.7
Wed Nov 23,,USD,Revised UoM Inflation Expectations,Low,4.9%,,5.1%
Wed Nov 23,,USD,Crude Oil Inventories,Low,-3.7M,-2.6M,-5.4M
Wed Nov 23,10:30pm,USD,Natural Gas Storage,Low,-80B,-86B,64B
Thu Nov 24,6:00am,JPY,Flash Manufacturing PMI,Low,49.4,50.9,50.7
Thu Nov 24,2:30pm,EUR,German ifo Business Climate,Medium,86.3,85.0,84.5
Thu Nov 24,4:30pm,GBP,CBI Industrial Order Expectations,Low,-5,-9,-4
Thu Nov 24,7:27pm,EUR,Belgian NBB Business Climate,Low,-16.6,-14.2,-15.5
Fri Nov 25,5:00am,JPY,Tokyo Core CPI y/y,Low,3.6%,3.5%,3.4%
Fri Nov 25,5:20am,JPY,SPPI y/y,Low,1.8%,2.1%,2.1%
Fri Nov 25,12:30pm,EUR,German Final GDP q/q,Low,0.4%,0.3%,0.3%
Fri Nov 25,,EUR,German GfK Consumer Climate,Low,-40.2,-39.5,-41.9
Mon Nov 28,2:30pm,EUR,M3 Money Supply y/y,Low,5.1%,6.1%,6.3%
Mon Nov 28,,EUR,Private Loans y/y,Low,4.2%,4.5%,4.4%
Mon Nov 28,4:30pm,GBP,CBI Realized Sales,Low,-19,2,18
Tue Nov 29,5:00am,JPY,Unemployment Rate,Low,2.6%,2.5%,2.6%
Tue Nov 29,5:20am,JPY,Retail Sales y/y,Low,4.3%,5.0%,4.8%
Tue Nov 29,All Day,EUR,German Prelim CPI m/m,Medium,-0.5%,-0.2%,0.9%
Tue Nov 29,,EUR,Spanish Flash CPI y/y,Low,6.8%,7.4%,7.3%
Tue Nov 29,3:00pm,GBP,M4 Money Supply m/m,Low,0.0%,0.8%,2.1%
Tue Nov 29,,GBP,Mortgage Approvals,Low,59K,60K,66K
Tue Nov 29,3:02pm,GBP,Net Lending to Individuals m/m,Low,4.7B,6.7B,6.5B
Tue Nov 29,3:40pm,EUR,Italian 10-y Bond Auction,Low,3.96|1.5,,4.24|1.3
Tue Nov 29,,USD,HPI m/m,Low,0.1%,-1.2%,-0.7%
Tue Nov 29,,USD,S&P/CS Composite-20 HPI y/y,Low,10.4%,10.5%,13.1%
Tue Nov 29,,USD,CB Consumer Confidence,High,100.2,100.0,102.2
Wed Nov 30,5:20am,JPY,Prelim Industrial Production m/m,Low,-2.6%,-1.8%,-1.7%
Wed Nov 30,5:31am,GBP,BRC Shop Price Index y/y,Low,7.4%,,6.6%
Wed Nov 30,10:30am,JPY,Housing Starts y/y,Low,-1.8%,-1.1%,1.0%
Wed Nov 30,1:15pm,EUR,French Consumer Spending m/m,Low,-2.8%,-0.9%,1.3%
Wed Nov 30,,EUR,French Prelim CPI m/m,Low,0.4%,0.3%,1.0%
Wed Nov 30,,EUR,French Prelim GDP q/q,Low,0.2%,0.2%,0.2%
Wed Nov 30,2:25pm,EUR,German Unemployment Change,Low,17K,14K,9K
Wed Nov 30,3:30pm,EUR,Core CPI Flash Estimate y/y,Medium,5.0%,5.0%,5.0%
Wed Nov 30,,EUR,CPI Flash Estimate y/y,Medium,10.0%,10.4%,10.6%
Wed Nov 30,,EUR,Italian Prelim CPI m/m,Low,0.5%,0.3%,3.4%
Wed Nov 30,4:05pm,EUR,German 10-y Bond Auction,Low,1.95|2.0,,2.25|1.7
Wed Nov 30,6:45pm,USD,ADP Non-Farm Employment Change,High,127K,196K,239K
Wed Nov 30,7:00pm,USD,Prelim GDP q/q,High,2.9%,2.8%,2.6%
Wed Nov 30,,USD,Goods Trade Balance,Low,-99.0B,-90.7B,-91.9B
Wed Nov 30,,USD,Prelim GDP Price Index q/q,Low,4.3%,4.1%,4.1%
Wed Nov 30,,USD,Prelim Wholesale Inventories m/m,Low,0.8%,0.5%,0.6%
Wed Nov 30,8:15pm,USD,Chicago PMI,Low,37.2,47.0,45.2
Wed Nov 30,8:30pm,USD,JOLTS Job Openings,High,10.33M,10.24M,10.69M
Wed Nov 30,,USD,Pending Home Sales m/m,Medium,-4.6%,-5.8%,-8.7%
Wed Nov 30,9:00pm,USD,Crude Oil Inventories,Low,-12.6M,-3.2M,-3.7M
Thu Dec 1,5:20am,JPY,Capital Spending q/y,Low,9.8%,6.4%,4.6%
Thu Dec 1,,JPY,Final Manufacturing PMI,Low,49.0,49.4,49.4
Thu Dec 1,9:05am,JPY,10-y Bond Auction,Low,0.25|6.0,,0.25|5.2
Thu Dec 1,10:30am,JPY,Consumer Confidence,Low,28.6,30.0,29.9
Thu Dec 1,12:30pm,EUR,German Retail Sales m/m,Low,-2.8%,-0.6%,1.2%
Thu Dec 1,,GBP,Nationwide HPI m/m,Low,-1.4%,-0.3%,-0.9%
Thu Dec 1,1:45pm,EUR,Spanish Manufacturing PMI,Low,45.7,45.9,44.7
Thu Dec 1,2:15pm,EUR,Italian Manufacturing PMI,Low,48.4,47.0,46.5
Thu Dec 1,2:20pm,EUR,French Final Manufacturing PMI,Low,48.3,49.1,49.1
Thu Dec 1,2:25pm,EUR,German Final Manufacturing PMI,Low,46.2,46.7,46.7
Thu Dec 1,2:30pm,EUR,Final Manufacturing PMI,Low,47.1,47.3,47.3
Thu Dec 1,,EUR,Italian Monthly Unemployment Rate,Low,7.8%,8.0%,7.9%
Thu Dec 1,3:00pm,GBP,Final Manufacturing PMI,Low,46.5,46.2,46.2
Thu Dec 1,3:30pm,EUR,Unemployment Rate,Low,6.5%,6.6%,6.6%
Thu Dec 1,3:32pm,EUR,French 10-y Bond Auction,Low,2.19|2.2,,2.76|2.1
Thu Dec 1,3:33pm,GBP,30-y Bond Auction,Low,3.41|2.1,,2.36|2.5
Thu Dec 1,3:36pm,EUR,Spanish 10-y Bond Auction,Low,2.66|2.2,,2.90|1.8
Thu Dec 1,6:00pm,USD,Challenger Job Cuts y/y,Low,416.5%,,48.3%
Thu Dec 1,,USD,Core PCE Price Index m/m,High,0.2%,0.3%,0.5%
Thu Dec 1,,USD,Unemployment Claims,Medium,225K,234K,241K
Thu Dec 1,,USD,Personal Income m/m,Low,0.7%,0.4%,0.4%
Thu Dec 1,,USD,Personal Spending m/m,Low,0.8%,0.8%,0.6%
Thu Dec 1,8:15pm,USD,Final Manufacturing PMI,Low,47.7,47.6,47.6
Thu Dec 1,8:30pm,USD,ISM Manufacturing PMI,High,49.0,49.7,50.2
Thu Dec 1,,USD,Construction Spending m/m,Low,-0.3%,-0.2%,0.1%
Thu Dec 1,,USD,ISM Manufacturing Prices,Low,43.0,45.9,46.6
Thu Dec 1,All Day,USD,Wards Total Vehicle Sales,Low,14.1M,14.5M,14.9M
Thu Dec 1,9:00pm,USD,Natural Gas Storage,Low,-81B,-82B,-80B
Fri Dec 2,5:20am,JPY,Monetary Base y/y,Low,-6.4%,-4.5%,-6.9%
Fri Dec 2,12:30pm,EUR,German Import Prices m/m,Low,-1.2%,-1.9%,-0.9%
Fri Dec 2,,EUR,German Trade Balance,Low,6.9B,5.3B,2.8B
Fri Dec 2,1:15pm,EUR,French Gov Budget Balance,Low,-143.2B,,-146.6B
Fri Dec 2,,EUR,French Industrial Production m/m,Low,-2.6%,0.0%,-0.9%
Fri Dec 2,1:30pm,EUR,Spanish Unemployment Change,Low,-33.5K,-20.3K,-27.0K
Fri Dec 2,3:30pm,EUR,PPI m/m,Low,-2.9%,-2.0%,1.6%
Fri Dec 2,,USD,Average Hourly Earnings m/m,High,0.6%,0.3%,0.5%
Fri Dec 2,,USD,Non-Farm Employment Change,High,263K,200K,284K
Fri Dec 2,,USD,Unemployment Rate,High,3.7%,3.7%,3.7%
Mon Dec 5,1:45pm,EUR,Spanish Services PMI,Low,51.2,50.6,49.7
Mon Dec 5,2:15pm,EUR,Italian Services PMI,Low,49.5,47.6,46.4
Mon Dec 5,2:20pm,EUR,French Final Services PMI,Low,49.3,49.4,49.4
Mon Dec 5,2:25pm,EUR,German Final Services PMI,Low,46.1,46.4,46.4
Mon Dec 5,2:30pm,EUR,Final Services PMI,Low,48.5,48.6,48.6
Mon Dec 5,3:00pm,EUR,Sentix Investor Confidence,Low,-21.0,-27.6,-30.9
Mon Dec 5,,GBP,Final Services PMI,Low,48.8,48.8,48.8
Mon Dec 5,3:30pm,EUR,Retail Sales m/m,Low,-1.8%,-1.7%,0.8%
Mon Dec 5,8:15pm,USD,Final Services PMI,Low,46.2,46.1,46.1
Mon Dec 5,8:30pm,USD,ISM Services PMI,High,56.5,53.5,54.4
Mon Dec 5,,USD,Factory Orders m/m,Low,1.0%,0.7%,0.3%
Tue Dec 6,5:00am,JPY,Average Cash Earnings y/y,Low,1.8%,2.0%,2.2%
Tue Dec 6,,JPY,Household Spending y/y,Low,1.2%,0.9%,2.3%
Tue Dec 6,5:31am,GBP,BRC Retail Sales Monitor y/y,Low,4.1%,4.0%,1.2%
Tue Dec 6,9:05am,JPY,30-y Bond Auction,Low,1.48|3.0,,1.56|3.3
Tue Dec 6,12:30pm,EUR,German Factory Orders m/m,Low,0.8%,0.2%,-2.9%
Tue Dec 6,3:00pm,GBP,Construction PMI,Low,50.4,52.0,53.2
Tue Dec 6,,USD,Trade Balance,Low,-78.2B,-80.1B,-74.1B
Wed Dec 7,10:30am,JPY,Leading Indicators,Low,99.0%,98.4%,97.5%
Wed Dec 7,12:30pm,EUR,German Industrial Production m/m,Low,-0.1%,-0.6%,1.1%
Wed Dec 7,,GBP,Halifax HPI m/m,Low,-2.3%,-0.2%,-0.4%
Wed Dec 7,1:15pm,EUR,French Trade Balance,Low,-12.2B,-15.9B,-17.2B
Wed Dec 7,2:30pm,EUR,Italian Retail Sales m/m,Low,-0.4%,-0.6%,0.5%
Wed Dec 7,3:30pm,EUR,Final Employment Change q/q,Low,0.3%,0.2%,0.2%
Wed Dec 7,,EUR,Revised GDP q/q,Low,0.3%,0.2%,0.2%
Wed Dec 7,7:00pm,USD,Revised Nonfarm Productivity q/q,Low,0.8%,0.6%,0.3%
Wed Dec 7,,USD,Revised Unit Labor Costs q/q,Low,2.4%,3.1%,3.5%
Wed Dec 7,9:00pm,USD,Crude Oil Inventories,Low,-5.2M,-3.5M,-12.6M
Thu Dec 8,1:30am,USD,Consumer Credit m/m,Low,27.1B,28.2B,25.8B
Thu Dec 8,5:20am,JPY,Bank Lending y/y,Low,2.7%,2.2%,2.6%
Thu Dec 8,,JPY,Current Account,Low,-0.61T,0.35T,0.67T
Thu Dec 8,,JPY,Final GDP Price Index y/y,Low,-0.3%,-0.5%,-0.5%
Thu Dec 8,,JPY,Final GDP q/q,Low,-0.2%,-0.3%,-0.3%
Thu Dec 8,5:31am,GBP,RICS House Price Balance,Low,-25%,-10%,-2%
Thu Dec 8,10:30am,JPY,Economy Watchers Sentiment,Low,48.1,50.7,49.9
Thu Dec 8,7:00pm,USD,Unemployment Claims,Medium,230K,230K,226K
Thu Dec 8,9:00pm,USD,Natural Gas Storage,Low,-21B,-38B,-81B
Fri Dec 9,5:20am,JPY,M2 Money Stock y/y,Low,3.1%,3.0%,3.1%
Fri Dec 9,3:00pm,GBP,Consumer Inflation Expectations,Low,4.8%,,4.9%
Fri Dec 9,,USD,Core PPI m/m,High,0.4%,0.2%,0.1%
Fri Dec 9,,USD,PPI m/m,High,0.3%,0.2%,0.3%
Fri Dec 9,8:30pm,USD,Prelim UoM Consumer Sentiment,High,59.1,56.9,56.8
Fri Dec 9,,USD,Prelim UoM Inflation Expectations,Medium,4.6%,,4.9%
Fri Dec 9,,USD,Final Wholesale Inventories m/m,Low,0.5%,0.8%,0.8%
Mon Dec 12,5:20am,JPY,BSI Manufacturing Index,Low,-3.6,2.3,1.7
Mon Dec 12,,JPY,PPI y/y,Low,9.3%,8.8%,9.4%
Mon Dec 12,5:31am,GBP,Rightmove HPI m/m,Low,-2.1%,,-1.1%
Mon Dec 12,11:28am,JPY,Prelim Machine Tool Orders y/y,Low,-7.8%,,-5.5%
Mon Dec 12,12:30pm,GBP,GDP m/m,High,0.5%,0.4%,-0.6%
Mon Dec 12,,GBP,Construction Output m/m,Low,0.8%,0.1%,0.4%
Mon Dec 12,,GBP,Goods Trade Balance,Low,-14.5B,-15.4B,-15.7B
Mon Dec 12,,GBP,Index of Services 3m/3m,Low,-0.1%,-0.1%,0.0%
Mon Dec 12,,GBP,Industrial Production m/m,Low,0.0%,-0.1%,0.2%
Mon Dec 12,,GBP,Manufacturing Production m/m,Low,0.7%,-0.1%,0.0%
Mon Dec 12,5:43pm,GBP,NIESR GDP Estimate,Low,-0.3%,,-0.3%
Mon Dec 12,11:31pm,USD,10-y Bond Auction,Low,3.63|2.3,,4.14|2.2
Tue Dec 13,12:30am,USD,Federal Budget Balance,Low,-248.5B,-248.5B,-87.8B
Tue Dec 13,12:00pm,EUR,French Final Private Payrolls q/q,Low,0.6%,0.4%,0.5%
Tue Dec 13,12:30pm,EUR,German Final CPI m/m,Low,-0.5%,-0.5%,-0.5%
Tue Dec 13,,GBP,Claimant Count Change,High,30.5K,3.5K,-6.4K
Tue Dec 13,,GBP,Average Earnings Index 3m/y,Medium,6.1%,6.1%,6.0%
Tue Dec 13,,GBP,Unemployment Rate,Low,3.7%,3.7%,3.6%
Tue Dec 13,2:30pm,EUR,Italian Industrial Production m/m,Low,-1.0%,-0.2%,-1.7%
Tue Dec 13,3:30pm,EUR,German ZEW Economic Sentiment,Medium,-23.3,-26.5,-36.7
Tue Dec 13,,EUR,ZEW Economic Sentiment,Low,-23.6,-25.4,-38.7
Tue Dec 13,3:32pm,GBP,10-y Bond Auction,Low,3.33|2.2,,3.71|2.2
Tue Dec 13,,USD,NFIB Small Business Index,Low,91.9,90.4,91.3
Tue Dec 13,7:00pm,USD,Core CPI m/m,High,0.2%,0.3%,0.3%
Tue Dec 13,,USD,CPI m/m,High,0.1%,0.3%,0.4%
Tue Dec 13,,USD,CPI y/y,High,7.1%,7.3%,7.7%
Tue Dec 13,8:30pm,USD,RCM/TIPP Economic Optimism,Low,42.9,41.3,40.4
Tue Dec 13,11:31pm,USD,30-y Bond Auction,Low,3.51|2.2,,4.08|2.4
Wed Dec 14,5:20am,JPY,Core Machinery Orders m/m,Low,5.4%,1.7%,-4.6%
Wed Dec 14,,JPY,Tankan Manufacturing Index,Low,7,6,8
Wed Dec 14,,JPY,Tankan Non-Manufacturing Index,Low,19,17,14
Wed Dec 14,10:00am,JPY,Revised Industrial Production m/m,Low,-3.2%,-2.6%,-2.6%
Wed Dec 14,12:30pm,GBP,CPI y/y,High,10.7%,10.9%,11.1%
Wed Dec 14,,GBP,Core CPI y/y,Low,6.3%,6.5%,6.5%
Wed Dec 14,,GBP,RPI y/y,Low,14.0%,13.9%,14.2%
Wed Dec 14,2:30pm,EUR,Italian Quarterly Unemployment Rate,Low,7.9%,8.0%,8.1%
Wed Dec 14,3:00pm,GBP,HPI y/y,Low,12.6%,11.2%,9.9%
Wed Dec 14,3:30pm,EUR,Industrial Production m/m,Low,-2.0%,-1.4%,0.8%
Wed Dec 14,,USD,Import Prices m/m,Low,-0.6%,-0.5%,-0.4%
Wed Dec 14,8:00pm,GBP,CB Leading Index m/m,Low,-0.8%,,-1.0%
Wed Dec 14,9:00pm,USD,Crude Oil Inventories,Low,10.2M,-3.4M,-5.2M
Thu Dec 15,12:30am,USD,Federal Funds Rate,High,4.50%,4.50%,4.00%
Thu Dec 15,5:20am,JPY,Trade Balance,Low,-1.73T,-1.24T,-2.21T
Thu Dec 15,10:00am,JPY,Tertiary Industry Activity m/m,Low,0.2%,0.7%,-0.2%
Thu Dec 15,12:30pm,EUR,German WPI m/m,Low,-0.9%,0.2%,-0.6%
Thu Dec 15,1:15pm,EUR,French Final CPI m/m,Low,0.3%,0.4%,0.4%
Thu Dec 15,,GBP,MPC Official Bank Rate Votes,High,7-0-2,9-0-0,9-0-0
Thu Dec 15,,GBP,Official Bank Rate,High,3.50%,3.50%,3.00%
Thu Dec 15,,EUR,Main Refinancing Rate,High,2.50%,2.50%,2.00%
Thu Dec 15,7:00pm,USD,Core Retail Sales m/m,High,-0.2%,0.2%,1.2%
Thu Dec 15,,USD,Empire State Manufacturing Index,High,-11.2,-1.1,4.5
Thu Dec 15,,USD,Retail Sales m/m,High,-0.6%,-0.2%,1.3%
Thu Dec 15,,USD,Philly Fed Manufacturing Index,Medium,-13.8,-10.0,-19.4
Thu Dec 15,,USD,Unemployment Claims,Medium,211K,230K,231K
Thu Dec 15,7:45pm,USD,Capacity Utilization Rate,Low,79.7%,79.8%,79.9%
Thu Dec 15,,USD,Industrial Production m/m,Low,-0.2%,0.1%,-0.1%
Thu Dec 15,8:30pm,USD,Business Inventories m/m,Low,0.3%,0.4%,0.2%
Thu Dec 15,9:00pm,USD,Natural Gas Storage,Low,-50B,-39B,-21B
Fri Dec 16,2:30am,USD,TIC Long-Term Purchases,Low,67.8B,110.0B,117.7B
Fri Dec 16,5:31am,GBP,GfK Consumer Confidence,Low,-42,-43,-44
Fri Dec 16,6:00am,JPY,Flash Manufacturing PMI,Low,48.8,49.0,49.0
Fri Dec 16,12:30pm,GBP,Retail Sales m/m,Medium,-0.4%,0.3%,0.9%
Fri Dec 16,1:45pm,EUR,French Flash Services PMI,High,48.1,49.1,49.3
Fri Dec 16,,EUR,French Flash Manufacturing PMI,Medium,48.9,48.1,48.3
Fri Dec 16,2:00pm,EUR,German Flash Manufacturing PMI,High,47.4,46.3,46.2
Fri Dec 16,,EUR,German Flash Services PMI,High,49.0,46.4,46.1
Fri Dec 16,2:30pm,EUR,Flash Manufacturing PMI,Low,47.8,47.1,47.1
Fri Dec 16,,EUR,Flash Services PMI,Low,49.1,48.5,48.5
Fri Dec 16,,EUR,Italian Trade Balance,Low,-2.12B,-4.50B,-6.51B
Fri Dec 16,3:00pm,GBP,Flash Manufacturing PMI,High,44.7,46.5,46.5
Fri Dec 16,,GBP,Flash Services PMI,High,50.0,48.5,48.8
Fri Dec 16,3:30pm,EUR,Final Core CPI y/y,Low,5.0%,5.0%,5.0%
Fri Dec 16,,EUR,Final CPI y/y,Low,10.1%,10.0%,10.0%
Fri Dec 16,,EUR,Trade Balance,Low,-28.3B,-32.5B,-36.4B
Fri Dec 16,8:15pm,USD,Flash Services PMI,High,44.4,46.5,46.2
Fri Dec 16,,USD,Flash Manufacturing PMI,Medium,46.2,47.7,47.7
Mon Dec 19,2:30pm,EUR,German ifo Business Climate,Medium,88.6,87.6,86.4
Mon Dec 19,,GBP,CBI Industrial Order Expectations,Low,-6,-10,-5
Mon Dec 19,8:30pm,USD,NAHB Housing Market Index,Low,31,34,33
Tue Dec 20,,JPY,BOJ Policy Rate,Low,-0.10%,-0.10%,-0.10%
Tue Dec 20,,EUR,German PPI m/m,Low,-3.9%,-1.7%,-4.2%
Tue Dec 20,2:30pm,EUR,Current Account,Low,-0.4B,-10.3B,-8.1B
Tue Dec 20,,USD,Building Permits,Low,1.34M,1.48M,1.51M
Tue Dec 20,,USD,Housing Starts,Low,1.43M,1.40M,1.43M
Tue Dec 20,8:30pm,EUR,Consumer Confidence,Low,-22,-22,-24
Wed Dec 21,12:30pm,EUR,German GfK Consumer Climate,Low,-37.8,-38.0,-40.1
Wed Dec 21,,GBP,Public Sector Net Borrowing,Low,21.2B,14.6B,13.4B
Wed Dec 21,4:30pm,GBP,CBI Realized Sales,Low,11,-24,-19
Wed Dec 21,,USD,Current Account,Low,-217B,-222B,-239B
Wed Dec 21,8:30pm,USD,CB Consumer Confidence,High,108.3,101.0,101.4
Wed Dec 21,,USD,Existing Home Sales,Low,4.09M,4.20M,4.43M
Wed Dec 21,9:00pm,USD,Crude Oil Inventories,Low,-5.9M,2.5M,10.2M
Thu Dec 22,12:30pm,GBP,Current Account,Low,-19.4B,-20.0B,-35.1B
Thu Dec 22,,GBP,Final GDP q/q,Low,-0.3%,-0.2%,-0.2%
Thu Dec 22,,GBP,Revised Business Investment q/q,Low,-2.5%,-0.5%,-0.5%
Thu Dec 22,7:00pm,USD,Final GDP q/q,Medium,3.2%,2.9%,2.9%
Thu Dec 22,,USD,Unemployment Claims,Medium,216K,221K,214K
Thu Dec 22,,USD,Final GDP Price Index q/q,Low,4.4%,4.3%,4.3%
Thu Dec 22,8:30pm,USD,CB Leading Index m/m,Low,-1.0%,-0.5%,-0.9%
Thu Dec 22,9:00pm,USD,Natural Gas Storage,Low,-87B,-91B,-50B
Fri Dec 23,5:00am,JPY,National Core CPI y/y,Low,3.7%,3.7%,3.6%
Fri Dec 23,,USD,Core PCE Price Index m/m,High,0.2%,0.2%,0.3%
Fri Dec 23,,USD,Core Durable Goods Orders m/m,Low,0.2%,0.0%,0.1%
Fri Dec 23,,USD,Durable Goods Orders m/m,Low,-2.1%,-0.9%,1.1%
Fri Dec 23,,USD,Personal Income m/m,Low,0.4%,0.3%,0.7%
Fri Dec 23,,USD,Personal Spending m/m,Low,0.1%,0.2%,0.9%
Fri Dec 23,7:29pm,EUR,Belgian NBB Business Climate,Low,-13.6,-15.0,-16.6
Fri Dec 23,8:30pm,USD,New Home Sales,Low,640K,600K,605K
Fri Dec 23,,USD,Revised UoM Consumer Sentiment,Low,59.7,59.1,59.1
Fri Dec 23,,USD,Revised UoM Inflation Expectations,Low,4.4%,,4.6%
Mon Dec 26,5:20am,JPY,SPPI y/y,Low,1.7%,1.7%,1.8%
Tue Dec 27,5:00am,JPY,Unemployment Rate,Low,2.5%,2.6%,2.6%
Tue Dec 27,5:20am,JPY,Retail Sales y/y,Low,2.6%,3.8%,4.4%
Tue Dec 27,10:30am,JPY,Housing Starts y/y,Low,-1.4%,1.3%,-1.8%
Tue Dec 27,10:32am,JPY,BOJ Core CPI y/y,Low,2.9%,2.8%,2.7%
Tue Dec 27,7:00pm,USD,Goods Trade Balance,Low,-83.3B,-96.2B,-98.8B
Tue Dec 27,,USD,Prelim Wholesale Inventories m/m,Low,1.0%,0.4%,0.5%
Tue Dec 27,7:30pm,USD,HPI m/m,Low,0.0%,-0.9%,0.1%
Tue Dec 27,,USD,S&P/CS Composite-20 HPI y/y,Low,8.6%,8.0%,10.4%
Wed Dec 28,,JPY,Prelim Industrial Production m/m,Low,-0.1%,-0.2%,-3.2%
Wed Dec 28,8:29pm,USD,Richmond Manufacturing Index,Low,1,-10,-9
Wed Dec 28,8:30pm,USD,Pending Home Sales m/m,Low,-4.0%,-0.9%,-4.7%
Thu Dec 29,2:30pm,EUR,M3 Money Supply y/y,Low,4.8%,5.0%,5.1%
Thu Dec 29,,EUR,Private Loans y/y,Low,4.1%,4.3%,4.2%
Thu Dec 29,7:00pm,USD,Unemployment Claims,Medium,225K,225K,216K
Thu Dec 29,9:00pm,USD,Natural Gas Storage,Low,-213B,-198B,-87B
Thu Dec 29,9:30pm,USD,Crude Oil Inventories,Low,0.7M,-1.2M,-5.9M
Fri Dec 30,12:30pm,GBP,Nationwide HPI m/m,Low,-0.1%,-0.7%,-1.4%
Fri Dec 30,,EUR,Spanish Flash CPI y/y,Low,5.8%,6.1%,6.8%
Fri Dec 30,8:15pm,USD,Chicago PMI,Medium,44.9,40.1,37.2
Mon Jan 2,1:45pm,EUR,Spanish Manufacturing PMI,Low,46.4,45.9,45.7
Mon Jan 2,2:15pm,EUR,Italian Manufacturing PMI,Low,48.5,48.5,48.4
Mon Jan 2,2:20pm,EUR,French Final Manufacturing PMI,Low,49.2,48.9,48.9
Mon Jan 2,2:25pm,EUR,German Final Manufacturing PMI,Low,47.1,47.4,47.4
Mon Jan 2,2:30pm,EUR,Final Manufacturing PMI,Low,47.8,47.8,47.8
Tue Jan 3,All Day,EUR,German Prelim CPI m/m,Low,-0.8%,-0.6%,-0.5%
Tue Jan 3,1:30pm,EUR,Spanish Unemployment Change,Low,-43.7K,-40.3K,-33.5K
Tue Jan 3,2:25pm,EUR,German Unemployment Change,Low,-13K,15K,15K
Tue Jan 3,3:00pm,GBP,Final Manufacturing PMI,Low,45.3,44.7,44.7
Tue Jan 3,8:15pm,USD,Final Manufacturing PMI,Low,46.2,46.2,46.2
Tue Jan 3,8:30pm,USD,Construction Spending m/m,Low,0.2%,-0.4%,-0.2%
Wed Jan 4,5:31am,GBP,BRC Shop Price Index y/y,Low,7.3%,,7.4%
Wed Jan 4,6:00am,JPY,Final Manufacturing PMI,Low,48.9,48.8,48.8
Wed Jan 4,12:30pm,EUR,German Import Prices m/m,Low,-4.5%,-1.7%,-1.2%
Wed Jan 4,1:15pm,EUR,French Prelim CPI m/m,Low,-0.1%,0.5%,0.3%
Wed Jan 4,1:45pm,EUR,Spanish Services PMI,Low,51.6,50.8,51.2
Wed Jan 4,2:15pm,EUR,Italian Services PMI,Low,49.9,49.5,49.5
Wed Jan 4,2:20pm,EUR,French Final Services PMI,Low,49.5,48.1,48.1
Wed Jan 4,2:25pm,EUR,German Final Services PMI,Low,49.2,49.0,49.0
Wed Jan 4,2:30pm,EUR,Final Services PMI,Low,49.8,49.1,49.1
Wed Jan 4,3:00pm,GBP,M4 Money Supply m/m,Low,-1.6%,0.2%,0.1%
Wed Jan 4,,GBP,Mortgage Approvals,Low,46K,54K,58K
Wed Jan 4,,GBP,Net Lending to Individuals m/m,Low,5.9B,4.5B,4.3B
Wed Jan 4,8:30pm,USD,ISM Manufacturing PMI,High,48.4,48.5,49.0
Wed Jan 4,,USD,JOLTS Job Openings,High,10.46M,10.04M,10.51M
Wed Jan 4,,USD,ISM Manufacturing Prices,Low,39.4,42.9,43.0
Wed Jan 4,All Day,USD,Wards Total Vehicle Sales,Low,13.3M,13.4M,14.1M
Thu Jan 5,5:20am,JPY,Monetary Base y/y,Low,-6.1%,-6.1%,-6.4%
Thu Jan 5,9:05am,JPY,10-y Bond Auction,Low,0.50|4.8,,0.25|6.0
Thu Jan 5,10:30am,JPY,Consumer Confidence,Low,30.3,28.2,28.6
Thu Jan 5,12:30pm,EUR,German Trade Balance,Low,10.8B,7.5B,6.8B
Thu Jan 5,3:00pm,GBP,Final Services PMI,Low,49.9,50.0,50.0
Thu Jan 5,3:28pm,EUR,French 10-y Bond Auction,Low,2.77|1.9,,2.19|2.2
Thu Jan 5,3:30pm,EUR,PPI m/m,Low,-0.9%,-0.8%,-3.0%
Thu Jan 5,,EUR,Italian Prelim CPI m/m,Low,0.3%,0.2%,0.5%
Thu Jan 5,6:00pm,USD,Challenger Job Cuts y/y,Low,129.1%,,416.5%
Thu Jan 5,6:45pm,USD,ADP Non-Farm Employment Change,High,235K,152K,182K
Thu Jan 5,,USD,Unemployment Claims,Medium,204K,230K,223K
Thu Jan 5,,USD,Trade Balance,Low,-61.5B,-64.2B,-77.8B
Thu Jan 5,8:15pm,USD,Final Services PMI,Low,44.7,44.4,44.4
Thu Jan 5,9:00pm,USD,Natural Gas Storage,Low,-221B,-230B,-213B
Thu Jan 5,9:30pm,USD,Crude Oil Inventories,Low,1.7M,1.5M,0.7M
Fri Jan 6,5:00am,JPY,Average Cash Earnings y/y,Low,0.5%,1.7%,1.4%
Fri Jan 6,12:30pm,EUR,German Factory Orders m/m,Low,-5.3%,-0.5%,0.6%
Fri Jan 6,,EUR,German Retail Sales m/m,Low,1.1%,1.5%,-2.8%
Fri Jan 6,,GBP,Halifax HPI m/m,Low,-1.5%,-0.6%,-2.4%
Fri Jan 6,1:15pm,EUR,French Consumer Spending m/m,Low,0.5%,1.0%,-2.7%
Fri Jan 6,3:00pm,GBP,Construction PMI,Low,48.8,50.6,50.4
Fri Jan 6,3:30pm,EUR,Core CPI Flash Estimate y/y,Medium,5.2%,5.1%,5.0%
Fri Jan 6,,EUR,CPI Flash Estimate y/y,Medium,9.2%,9.6%,10.1%
Fri Jan 6,,EUR,Retail Sales m/m,Low,0.8%,0.5%,-1.5%
Fri Jan 6,,USD,Average Hourly Earnings m/m,High,0.3%,0.4%,0.4%
Fri Jan 6,,USD,Non-Farm Employment Change,High,223K,200K,256K
Fri Jan 6,,USD,Unemployment Rate,High,3.5%,3.7%,3.7%
Fri Jan 6,,USD,ISM Services PMI,High,49.6,55.0,56.5
Fri Jan 6,,USD,Factory Orders m/m,Low,-1.8%,-0.9%,0.4%
Mon Jan 9,12:30pm,EUR,German Industrial Production m/m,Low,0.2%,0.2%,-0.4%
Mon Jan 9,1:15pm,EUR,French Trade Balance,Low,-13.8B,-11.3B,-11.6B
Mon Jan 9,2:30pm,EUR,Italian Monthly Unemployment Rate,Low,7.8%,7.8%,7.9%
Mon Jan 9,3:00pm,EUR,Sentix Investor Confidence,Low,-17.5,-18.1,-21.0
Mon Jan 9,3:30pm,EUR,Unemployment Rate,Low,6.5%,6.5%,6.5%
Tue Jan 10,1:30am,USD,Consumer Credit m/m,Low,28.0B,25.0B,29.1B
Tue Jan 10,5:00am,JPY,Household Spending y/y,Low,-1.2%,0.6%,1.2%
Tue Jan 10,,JPY,Tokyo Core CPI y/y,Low,4.0%,3.8%,3.6%
Tue Jan 10,5:31am,GBP,BRC Retail Sales Monitor y/y,Low,6.5%,2.4%,4.1%
Tue Jan 10,1:15pm,EUR,French Industrial Production m/m,Low,2.0%,0.9%,-2.5%
Tue Jan 10,3:32pm,GBP,10-y Bond Auction,Low,3.70|2.8,,3.33|2.2
Tue Jan 10,4:29pm,USD,NFIB Small Business Index,Low,89.8,91.6,91.9
Tue Jan 10,8:30pm,USD,Final Wholesale Inventories m/m,Low,1.0%,1.0%,1.0%
Tue Jan 10,,USD,RCM/TIPP Economic Optimism,Low,42.3,41.7,42.9
Wed Jan 11,9:05am,JPY,30-y Bond Auction,Low,1.65|3.1,,1.48|3.0
Wed Jan 11,10:30am,JPY,Leading Indicators,Low,97.6%,97.5%,98.6%
Wed Jan 11,2:27pm,EUR,Italian Retail Sales m/m,Low,0.8%,-0.3%,-0.3%
Wed Jan 11,4:03pm,EUR,German 10-y Bond Auction,Low,2.25|1.4,,1.95|2.0
Wed Jan 11,9:00pm,USD,Crude Oil Inventories,Low,19.0M,-2.0M,1.7M
Wed Jan 11,11:31pm,USD,10-y Bond Auction,Medium,3.58|2.5,,3.63|2.3
Thu Jan 12,5:20am,JPY,Bank Lending y/y,Low,2.7%,2.8%,2.7%
Thu Jan 12,,JPY,Current Account,Low,1.92T,0.65T,-0.61T
Thu Jan 12,10:30am,JPY,Economy Watchers Sentiment,Low,47.9,47.8,48.1
Thu Jan 12,7:00pm,USD,Core CPI m/m,High,0.3%,0.3%,0.2%
Thu Jan 12,,USD,CPI m/m,High,-0.1%,-0.1%,0.1%
Thu Jan 12,,USD,CPI y/y,High,6.5%,6.5%,7.1%
Thu Jan 12,,USD,Unemployment Claims,Medium,205K,216K,206K
Thu Jan 12,9:00pm,USD,Natural Gas Storage,Low,11B,-15B,-221B
Thu Jan 12,11:31pm,USD,30-y Bond Auction,Low,3.59|2.5,,3.51|2.2
Fri Jan 13,12:30am,USD,Federal Budget Balance,Low,-85.0B,-59.5B,-248.5B
Fri Jan 13,5:20am,JPY,M2 Money Stock y/y,Low,2.9%,3.2%,3.1%
Fri Jan 13,12:30pm,GBP,GDP m/m,High,0.1%,-0.2%,0.5%
Fri Jan 13,,GBP,Construction Output m/m,Low,0.0%,-0.3%,0.4%
Fri Jan 13,,GBP,Goods Trade Balance,Low,-15.6B,-14.9B,-12.3B
Fri Jan 13,,GBP,Index of Services 3m/3m,Low,-0.1%,-0.3%,-0.1%
Fri Jan 13,,GBP,Industrial Production m/m,Low,-0.2%,-0.2%,-0.1%
Fri Jan 13,,GBP,Manufacturing Production m/m,Low,-0.5%,-0.2%,0.7%
Fri Jan 13,1:15pm,EUR,French Final CPI m/m,Low,-0.1%,-0.1%,-0.1%
Fri Jan 13,2:30pm,EUR,Italian Industrial Production m/m,Low,-0.3%,0.4%,-1.1%
Fri Jan 13,3:30pm,EUR,Industrial Production m/m,Low,1.0%,0.6%,-1.9%
Fri Jan 13,,EUR,Trade Balance,Low,-15.2B,-21.1B,-28.1B
Fri Jan 13,5:31pm,GBP,NIESR GDP Estimate,Low,0.1%,,-0.3%
Fri Jan 13,7:00pm,USD,Import Prices m/m,Low,0.4%,-0.9%,-0.7%
Fri Jan 13,8:30pm,USD,Prelim UoM Consumer Sentiment,High,64.6,60.8,59.7
Fri Jan 13,,USD,Prelim UoM Inflation Expectations,Medium,4.0%,,4.4%
Mon Jan 16,5:20am,JPY,PPI y/y,Low,10.2%,9.5%,9.7%
Mon Jan 16,5:31am,GBP,Rightmove HPI m/m,Low,0.9%,,-2.1%
Mon Jan 16,11:30am,JPY,Prelim Machine Tool Orders y/y,Low,1.0%,,-7.7%
Mon Jan 16,12:30pm,EUR,German WPI m/m,Low,-1.6%,-0.3%,-0.9%
Mon Jan 16,3:35pm,EUR,French Gov Budget Balance,Low,-159.3B,,-143.2B
Tue Jan 17,10:00am,JPY,Tertiary Industry Activity m/m,Low,-0.2%,0.2%,0.5%
Tue Jan 17,12:30pm,EUR,German Final CPI m/m,Low,-0.8%,-0.8%,-0.8%
Tue Jan 17,,GBP,Claimant Count Change,High,19.7K,19.8K,16.1K
Tue Jan 17,,GBP,Average Earnings Index 3m/y,Medium,6.4%,6.2%,6.2%
Tue Jan 17,,GBP,Unemployment Rate,Low,3.7%,3.7%,3.7%
Tue Jan 17,3:30pm,EUR,German ZEW Economic Sentiment,Medium,16.9,-15.0,-23.3
Tue Jan 17,,EUR,ZEW Economic Sentiment,Low,16.7,-14.3,-23.6
Tue Jan 17,,USD,Empire State Manufacturing Index,High,-32.9,-8.7,-11.2
Wed Jan 18,5:20am,JPY,Core Machinery Orders m/m,Low,-8.3%,-1.3%,5.4%
Wed Jan 18,,JPY,BOJ Policy Rate,Low,-0.10%,-0.10%,-0.10%
Wed Jan 18,10:00am,JPY,Revised Industrial Production m/m,Low,0.2%,-0.1%,-0.1%
Wed Jan 18,12:30pm,GBP,CPI y/y,High,10.5%,10.5%,10.7%
Wed Jan 18,,GBP,Core CPI y/y,Low,6.3%,6.2%,6.3%
Wed Jan 18,,GBP,RPI y/y,Low,13.4%,13.6%,14.0%
Wed Jan 18,2:30pm,EUR,Italian Trade Balance,Low,1.45B,-1.80B,-2.06B
Wed Jan 18,3:00pm,GBP,Housing Equity Withdrawal q/q,Low,-5.8B,-7.9B,-6.1B
Wed Jan 18,,GBP,HPI y/y,Low,10.3%,10.4%,12.4%
Wed Jan 18,3:30pm,EUR,Final Core CPI y/y,Low,5.2%,5.2%,5.2%
Wed Jan 18,,EUR,Final CPI y/y,Low,9.2%,9.2%,9.2%
Wed Jan 18,4:09pm,EUR,German 30-y Bond Auction,Low,2.05|1.5,,1.94|1.8
Wed Jan 18,,USD,Core PPI m/m,High,0.1%,0.1%,0.2%
Wed Jan 18,,USD,Core Retail Sales m/m,High,-1.1%,-0.5%,-0.6%
Wed Jan 18,,USD,PPI m/m,High,-0.5%,-0.1%,0.2%
Wed Jan 18,,USD,Retail Sales m/m,High,-1.1%,-0.8%,-1.0%
Wed Jan 18,7:45pm,USD,Capacity Utilization Rate,Low,78.8%,79.6%,79.4%
Wed Jan 18,,USD,Industrial Production m/m,Low,-0.7%,-0.1%,-0.6%
Wed Jan 18,8:00pm,GBP,CB Leading Index m/m,Low,-0.6%,,-0.9%
Wed Jan 18,8:30pm,USD,Business Inventories m/m,Low,0.4%,0.4%,0.2%
Wed Jan 18,,USD,NAHB Housing Market Index,Low,35,31,31
Thu Jan 19,2:30am,USD,TIC Long-Term Purchases,Low,171.5B,127.9B,67.8B
Thu Jan 19,5:20am,JPY,Trade Balance,Low,-1.72T,-1.60T,-1.78T
Thu Jan 19,5:31am,GBP,RICS House Price Balance,Low,-42%,-30%,-26%
Thu Jan 19,2:30pm,EUR,Current Account,Low,13.6B,-11.6B,-0.5B
Thu Jan 19,,USD,Philly Fed Manufacturing Index,Medium,-8.9,-10.9,-13.8
Thu Jan 19,,USD,Unemployment Claims,Medium,190K,214K,205K
Thu Jan 19,,USD,Building Permits,Low,1.33M,1.37M,1.35M
Thu Jan 19,,USD,Housing Starts,Low,1.38M,1.36M,1.40M
Thu Jan 19,,USD,Natural Gas Storage,Low,-82B,-76B,11B
Thu Jan 19,9:30pm,USD,Crude Oil Inventories,Low,8.4M,-2.1M,19.0M
Fri Jan 20,5:00am,JPY,National Core CPI y/y,Low,4.0%,4.0%,3.7%
Fri Jan 20,5:31am,GBP,GfK Consumer Confidence,Low,-45,-41,-42
Fri Jan 20,12:30pm,EUR,German PPI m/m,Low,-0.4%,-1.2%,-3.9%
Fri Jan 20,,GBP,Retail Sales m/m,Medium,-1.0%,0.5%,-0.5%
Fri Jan 20,8:30pm,USD,Existing Home Sales,Medium,4.02M,3.95M,4.08M
Mon Jan 23,8:30pm,EUR,Consumer Confidence,Low,-21,-20,-22
Mon Jan 23,,USD,CB Leading Index m/m,Low,-1.0%,-0.7%,-1.1%
Tue Jan 24,,JPY,Flash Manufacturing PMI,Low,48.9,49.4,48.9
Tue Jan 24,10:30am,JPY,BOJ Core CPI y/y,Low,3.1%,2.9%,2.9%
Tue Jan 24,,EUR,German GfK Consumer Climate,Low,-33.9,-33.2,-37.6
Tue Jan 24,,GBP,Public Sector Net Borrowing,Low,26.6B,22.3B,18.8B
Tue Jan 24,1:45pm,EUR,French Flash Manufacturing PMI,Medium,50.8,49.6,49.2
Tue Jan 24,,EUR,French Flash Services PMI,Medium,49.2,49.7,49.5
Tue Jan 24,2:00pm,EUR,German Flash Manufacturing PMI,Medium,47.0,48.0,47.1
Tue Jan 24,,EUR,German Flash Services PMI,Medium,50.4,49.6,49.2
Tue Jan 24,2:30pm,EUR,Flash Manufacturing PMI,Low,48.8,48.6,47.8
Tue Jan 24,,EUR,Flash Services PMI,Low,50.7,50.0,49.8
Tue Jan 24,3:00pm,GBP,Flash Manufacturing PMI,High,46.7,45.4,45.3
Tue Jan 24,,GBP,Flash Services PMI,High,48.0,49.6,49.9
Tue Jan 24,4:30pm,GBP,CBI Industrial Order Expectations,Low,-17,-7,-6
Tue Jan 24,8:15pm,USD,Flash Services PMI,High,46.6,45.3,44.7
Tue Jan 24,,USD,Flash Manufacturing PMI,Medium,46.8,46.0,46.2
Tue Jan 24,8:29pm,USD,Richmond Manufacturing Index,Medium,-11,-5,1
Wed Jan 25,Nov Data,GBP,PPI Input m/m,Low,-0.2%,,0.9%
Wed Jan 25,Nov Data,GBP,PPI Output m/m,Low,-0.1%,,0.9%
Wed Jan 25,12:30pm,GBP,PPI Input m/m,Low,-1.1%,-0.8%,-0.2%
Wed Jan 25,,GBP,PPI Output m/m,Low,-0.8%,0.1%,-0.1%
Wed Jan 25,,EUR,German ifo Business Climate,Medium,90.2,90.2,88.6
Wed Jan 25,7:28pm,EUR,Belgian NBB Business Climate,Low,-13.5,-12.0,-13.6
Wed Jan 25,9:00pm,USD,Crude Oil Inventories,Low,0.5M,1.2M,8.4M
Thu Jan 26,,JPY,SPPI y/y,Low,1.5%,1.6%,1.7%
Thu Jan 26,1:30pm,EUR,Spanish Unemployment Rate,Low,12.9%,12.4%,12.7%
Thu Jan 26,4:30pm,GBP,CBI Realized Sales,Low,-23,2,11
Thu Jan 26,7:00pm,USD,Advance GDP q/q,High,2.9%,2.6%,3.2%
Thu Jan 26,,USD,Advance GDP Price Index q/q,Medium,3.5%,3.2%,4.4%
Thu Jan 26,,USD,Core Durable Goods Orders m/m,Medium,-0.1%,-0.2%,0.1%
Thu Jan 26,,USD,Durable Goods Orders m/m,Medium,5.6%,2.4%,-1.7%
Thu Jan 26,,USD,Unemployment Claims,Medium,186K,203K,192K
Thu Jan 26,,USD,Goods Trade Balance,Low,-90.3B,-88.4B,-82.9B
Thu Jan 26,,USD,Prelim Wholesale Inventories m/m,Low,0.1%,0.5%,0.9%
Thu Jan 26,8:30pm,USD,New Home Sales,Medium,616K,610K,602K
Thu Jan 26,9:00pm,USD,Natural Gas Storage,Low,-91B,-79B,-82B
Fri Jan 27,5:00am,JPY,Tokyo Core CPI y/y,Low,4.3%,4.2%,3.9%
Fri Jan 27,1:30pm,EUR,Spanish Flash GDP q/q,Low,0.2%,0.1%,0.1%
Fri Jan 27,2:30pm,EUR,M3 Money Supply y/y,Low,4.1%,4.6%,4.8%
Fri Jan 27,,EUR,Private Loans y/y,Low,3.8%,4.1%,4.1%
Fri Jan 27,7:00pm,USD,Core PCE Price Index m/m,High,0.3%,0.3%,0.2%
Fri Jan 27,,USD,Personal Income m/m,Low,0.2%,0.2%,0.3%
Fri Jan 27,,USD,Personal Spending m/m,Low,-0.2%,-0.1%,-0.1%
Fri Jan 27,8:30pm,USD,Pending Home Sales m/m,Medium,2.5%,-1.0%,-2.6%
Fri Jan 27,,USD,Revised UoM Consumer Sentiment,Medium,64.9,64.6,64.6
Fri Jan 27,,USD,Revised UoM Inflation Expectations,Low,3.9%,,4.0%
Mon Jan 30,,EUR,Spanish Flash CPI y/y,Low,5.8%,4.9%,5.7%
Mon Jan 30,2:30pm,EUR,German Prelim GDP q/q,Low,-0.2%,0.0%,0.4%
Tue Jan 31,5:00am,JPY,Unemployment Rate,Low,2.5%,2.5%,2.5%
Tue Jan 31,5:20am,JPY,Prelim Industrial Production m/m,Low,-0.1%,-1.1%,0.2%
Tue Jan 31,,JPY,Retail Sales y/y,Low,3.8%,3.2%,2.5%
Tue Jan 31,10:30am,JPY,Housing Starts y/y,Low,-1.7%,0.5%,-1.4%
Tue Jan 31,10:32am,JPY,Consumer Confidence,Low,31.0,30.5,30.3
Tue Jan 31,12:00pm,EUR,French Consumer Spending m/m,Low,-1.3%,0.2%,0.6%
Tue Jan 31,,EUR,French Flash GDP q/q,Low,0.1%,0.0%,0.2%
Tue Jan 31,12:30pm,EUR,German Import Prices m/m,Low,-1.6%,-2.4%,-4.5%
Tue Jan 31,,EUR,German Retail Sales m/m,Low,-5.3%,-0.1%,1.9%
Tue Jan 31,1:15pm,EUR,French Prelim CPI m/m,Low,0.4%,0.5%,-0.1%
Tue Jan 31,2:25pm,EUR,German Unemployment Change,Low,-22K,5K,-13K
Tue Jan 31,2:30pm,EUR,Italian Monthly Unemployment Rate,Low,7.8%,7.8%,7.8%
Tue Jan 31,3:00pm,GBP,M4 Money Supply m/m,Low,-0.8%,1.2%,-1.5%
Tue Jan 31,,GBP,Mortgage Approvals,Low,36K,44K,46K
Tue Jan 31,,GBP,Net Lending to Individuals m/m,Low,3.7B,5.1B,5.7B
Tue Jan 31,3:30pm,EUR,Prelim Flash GDP q/q,Low,0.1%,-0.1%,0.3%
Tue Jan 31,,EUR,Italian Prelim GDP q/q,Low,-0.1%,-0.2%,0.5%
Tue Jan 31,3:49pm,EUR,Italian 10-y Bond Auction,Low,4.28|1.3,,3.96|1.5
Tue Jan 31,,USD,Employment Cost Index q/q,Low,1.0%,1.1%,1.2%
Tue Jan 31,7:30pm,USD,HPI m/m,Low,-0.1%,-0.4%,0.0%
Tue Jan 31,,USD,S&P/CS Composite-20 HPI y/y,Low,6.8%,6.8%,8.6%
Tue Jan 31,8:15pm,USD,Chicago PMI,Medium,44.3,45.1,44.9
Tue Jan 31,8:30pm,USD,CB Consumer Confidence,High,107.1,109.1,109.0
Wed Feb 1,5:31am,GBP,BRC Shop Price Index y/y,Low,8.0%,,7.3%
Wed Feb 1,6:00am,JPY,Final Manufacturing PMI,Low,48.9,48.9,48.9
Wed Feb 1,12:30pm,GBP,Nationwide HPI m/m,Low,-0.6%,-0.5%,-0.3%
Wed Feb 1,1:45pm,EUR,Spanish Manufacturing PMI,Low,48.4,47.9,46.4
Wed Feb 1,2:15pm,EUR,Italian Manufacturing PMI,Low,50.4,49.6,48.5
Wed Feb 1,2:20pm,EUR,French Final Manufacturing PMI,Low,50.5,50.8,50.8
Wed Feb 1,2:25pm,EUR,German Final Manufacturing PMI,Low,47.3,47.0,47.0
Wed Feb 1,2:30pm,EUR,Final Manufacturing PMI,Low,48.8,48.8,48.8
Wed Feb 1,3:00pm,GBP,Final Manufacturing PMI,Low,47.0,46.7,46.7
Wed Feb 1,3:30pm,EUR,Core CPI Flash Estimate y/y,Medium,5.2%,5.1%,5.2%
Wed Feb 1,,EUR,CPI Flash Estimate y/y,Medium,8.5%,9.0%,9.2%
Wed Feb 1,,EUR,Italian Prelim CPI m/m,Low,0.2%,0.0%,0.3%
Wed Feb 1,,EUR,Unemployment Rate,Low,6.6%,6.5%,6.6%
Wed Feb 1,4:04pm,EUR,German 10-y Bond Auction,Low,2.27|1.5,,2.25|1.4
Wed Feb 1,6:45pm,USD,ADP Non-Farm Employment Change,High,106K,176K,253K
Wed Feb 1,8:15pm,USD,Final Manufacturing PMI,Low,46.9,46.8,46.8
Wed Feb 1,8:30pm,USD,ISM Manufacturing PMI,High,47.4,48.0,48.4
Wed Feb 1,,USD,JOLTS Job Openings,High,11.01M,10.28M,10.44M
Wed Feb 1,,USD,Construction Spending m/m,Low,-0.4%,0.0%,0.5%
Wed Feb 1,,USD,ISM Manufacturing Prices,Low,44.5,40.6,39.4
Wed Feb 1,All Day,USD,Wards Total Vehicle Sales,Low,15.7M,15.2M,13.3M
Wed Feb 1,9:00pm,USD,Crude Oil Inventories,Low,4.1M,-1.0M,0.5M
Thu Feb 2,12:30am,USD,Federal Funds Rate,High,4.75%,4.75%,4.50%
Thu Feb 2,5:20am,JPY,Monetary Base y/y,Low,-3.8%,-3.2%,-6.1%
Thu Feb 2,9:05am,JPY,10-y Bond Auction,Low,0.49|4.6,,0.50|4.8
Thu Feb 2,12:30pm,EUR,German Trade Balance,Low,10.0B,9.2B,10.9B
Thu Feb 2,,EUR,Spanish Unemployment Change,Low,70.7K,-15.2K,-43.7K
Thu Feb 2,3:29pm,EUR,French 10-y Bond Auction,Low,2.68|2.1,,2.77|1.9
Thu Feb 2,,GBP,MPC Official Bank Rate Votes,High,7-0-2,7-0-2,7-0-2
Thu Feb 2,,GBP,Official Bank Rate,High,4.00%,4.00%,3.50%
Thu Feb 2,,USD,Challenger Job Cuts y/y,Low,440.0%,,129.1%
Thu Feb 2,6:45pm,EUR,Main Refinancing Rate,High,3.00%,3.00%,2.50%
Thu Feb 2,,USD,Unemployment Claims,Medium,183K,196K,186K
Thu Feb 2,,USD,Prelim Nonfarm Productivity q/q,Low,3.0%,2.5%,0.8%
Thu Feb 2,,USD,Prelim Unit Labor Costs q/q,Low,1.1%,1.6%,2.4%
Thu Feb 2,8:30pm,USD,Factory Orders m/m,Low,1.8%,2.3%,-1.9%
Thu Feb 2,9:00pm,USD,Natural Gas Storage,Low,-151B,-146B,-91B
Fri Feb 3,1:15pm,EUR,French Industrial Production m/m,Low,1.1%,0.2%,2.0%
Fri Feb 3,1:45pm,EUR,Spanish Services PMI,Low,52.7,52.5,51.6
Fri Feb 3,2:15pm,EUR,Italian Services PMI,Low,51.2,50.9,49.9
Fri Feb 3,2:20pm,EUR,French Final Services PMI,Low,49.4,49.2,49.2
Fri Feb 3,2:25pm,EUR,German Final Services PMI,Low,50.7,50.4,50.4
Fri Feb 3,2:30pm,EUR,Final Services PMI,Low,50.8,50.7,50.7
Fri Feb 3,3:00pm,GBP,Final Services PMI,Low,48.7,48.0,48.0
Fri Feb 3,3:30pm,EUR,PPI m/m,Low,1.1%,-0.6%,-1.0%
Fri Feb 3,7:00pm,USD,Average Hourly Earnings m/m,High,0.3%,0.3%,0.4%
Fri Feb 3,,USD,Non-Farm Employment Change,High,517K,193K,260K
Fri Feb 3,,USD,Unemployment Rate,High,3.4%,3.6%,3.5%
Fri Feb 3,8:15pm,USD,Final Services PMI,Low,46.8,46.6,46.6
Fri Feb 3,8:30pm,USD,ISM Services PMI,High,55.2,50.5,49.6
Mon Feb 6,12:30pm,EUR,German Factory Orders m/m,Low,3.2%,2.1%,-4.4%
Mon Feb 6,3:00pm,EUR,Sentix Investor Confidence,Low,-8.0,-12.9,-17.5
Mon Feb 6,,GBP,Construction PMI,Low,48.4,48.5,48.8
Mon Feb 6,3:30pm,EUR,Retail Sales m/m,Low,-2.7%,-2.4%,1.2%
Tue Feb 7,5:00am,JPY,Average Cash Earnings y/y,Low,4.8%,2.5%,1.9%
Tue Feb 7,,JPY,Household Spending y/y,Low,-1.3%,-0.3%,-1.2%
Tue Feb 7,5:31am,GBP,BRC Retail Sales Monitor y/y,Low,3.9%,3.9%,6.5%
Tue Feb 7,9:05am,JPY,30-y Bond Auction,Low,1.54|3.3,,1.65|3.1
Tue Feb 7,10:30am,JPY,Leading Indicators,Low,97.2%,97.0%,97.4%
Tue Feb 7,12:30pm,EUR,German Industrial Production m/m,Low,-3.1%,-0.7%,0.4%
Tue Feb 7,,GBP,Halifax HPI m/m,Low,0.0%,-0.8%,-1.3%
Tue Feb 7,1:15pm,EUR,French Gov Budget Balance,Low,-151.5B,,-159.3B
Tue Feb 7,,EUR,French Trade Balance,Low,-14.9B,-12.1B,-13.6B
Tue Feb 7,,USD,Trade Balance,Low,-67.4B,-68.5B,-61.0B
Tue Feb 7,8:30pm,USD,RCM/TIPP Economic Optimism,Low,45.1,44.3,42.3
Wed Feb 8,1:30am,USD,Consumer Credit m/m,Low,11.6B,25.0B,33.1B
Wed Feb 8,5:20am,JPY,Bank Lending y/y,Low,3.1%,2.5%,2.7%
Wed Feb 8,,JPY,Current Account,Low,1.18T,1.25T,1.92T
Wed Feb 8,10:30am,JPY,Economy Watchers Sentiment,Low,48.5,48.3,47.9
Wed Feb 8,1:15pm,EUR,French Prelim Private Payrolls q/q,Low,0.0%,0.3%,0.6%
Wed Feb 8,2:30pm,EUR,Italian Retail Sales m/m,Low,-0.2%,-0.8%,0.8%
Wed Feb 8,8:30pm,USD,Final Wholesale Inventories m/m,Low,0.1%,0.1%,0.1%
Wed Feb 8,9:00pm,USD,Crude Oil Inventories,Low,2.4M,2.0M,4.1M
Wed Feb 8,11:31pm,USD,10-y Bond Auction,Medium,3.61|2.7,,3.58|2.5
Thu Feb 9,5:20am,JPY,M2 Money Stock y/y,Low,2.7%,3.0%,2.9%
Thu Feb 9,5:31am,GBP,RICS House Price Balance,Low,-47%,-45%,-42%
Thu Feb 9,11:29am,JPY,Prelim Machine Tool Orders y/y,Low,-9.7%,,0.9%
Thu Feb 9,All Day,EUR,German Prelim CPI m/m,Low,1.0%,0.9%,-0.8%
Thu Feb 9,7:00pm,USD,Unemployment Claims,Medium,196K,191K,183K
Thu Feb 9,9:00pm,USD,Natural Gas Storage,Low,-217B,-200B,-151B
Thu Feb 9,11:31pm,USD,30-y Bond Auction,Low,3.69|2.2,,3.59|2.5
Fri Feb 10,5:20am,JPY,PPI y/y,Low,9.5%,9.7%,10.5%
Fri Feb 10,12:30pm,GBP,GDP m/m,High,-0.5%,-0.3%,0.1%
Fri Feb 10,,GBP,Prelim GDP q/q,Medium,0.0%,0.0%,-0.3%
Fri Feb 10,,GBP,Construction Output m/m,Low,0.0%,-0.2%,-0.5%
Fri Feb 10,,GBP,Goods Trade Balance,Low,-19.3B,-17.2B,-14.7B
Fri Feb 10,,GBP,Index of Services 3m/3m,Low,0.0%,0.1%,-0.1%
Fri Feb 10,,GBP,Industrial Production m/m,Low,0.3%,-0.2%,0.1%
Fri Feb 10,,GBP,Manufacturing Production m/m,Low,0.0%,-0.2%,-0.6%
Fri Feb 10,,GBP,Prelim Business Investment q/q,Low,4.8%,-0.3%,-2.5%
Fri Feb 10,2:30pm,EUR,Italian Industrial Production m/m,Low,1.6%,0.2%,-0.1%
Fri Feb 10,5:36pm,GBP,NIESR GDP Estimate,Low,-0.1%,,0.0%
Fri Feb 10,8:30pm,USD,Prelim UoM Consumer Sentiment,High,66.4,65.0,64.9
Fri Feb 10,,USD,Prelim UoM Inflation Expectations,Medium,4.2%,,3.9%
Sat Feb 11,12:30am,USD,Federal Budget Balance,Low,-38.8B,-40.5B,-85.0B
Tue Feb 14,5:20am,JPY,Prelim GDP Price Index y/y,Low,1.1%,1.1%,-0.3%
Tue Feb 14,,JPY,Prelim GDP q/q,Low,0.2%,0.5%,-0.2%
Tue Feb 14,10:00am,JPY,Revised Industrial Production m/m,Low,0.3%,-0.1%,-0.1%
Tue Feb 14,12:30pm,EUR,German WPI m/m,Low,0.2%,1.2%,-1.6%
Tue Feb 14,,GBP,Claimant Count Change,High,-12.9K,17.9K,-3.2K
Tue Feb 14,,GBP,Average Earnings Index 3m/y,Medium,5.9%,6.2%,6.5%
Tue Feb 14,,GBP,Unemployment Rate,Low,3.7%,3.7%,3.7%
Tue Feb 14,3:30pm,EUR,Flash Employment Change q/q,Low,0.4%,0.1%,0.3%
Tue Feb 14,,EUR,Flash GDP q/q,Low,0.1%,0.1%,0.1%
Tue Feb 14,3:32pm,GBP,10-y Bond Auction,Low,3.53|2.4,,3.70|2.8
Tue Feb 14,4:30pm,USD,NFIB Small Business Index,Low,90.3,90.9,89.8
Tue Feb 14,7:00pm,USD,Core CPI m/m,High,0.4%,0.4%,0.3%
Tue Feb 14,,USD,CPI m/m,High,0.5%,0.5%,-0.1%
Tue Feb 14,,USD,CPI y/y,High,6.4%,6.2%,6.5%
Tue Feb 14,8:00pm,GBP,CB Leading Index m/m,Low,-0.8%,,-0.4%
Wed Feb 15,10:00am,JPY,Tertiary Industry Activity m/m,Low,-0.4%,0.1%,0.1%
Wed Feb 15,12:30pm,GBP,CPI y/y,High,10.1%,10.3%,10.5%
Wed Feb 15,,GBP,Core CPI y/y,Low,5.8%,6.2%,6.3%
Wed Feb 15,,GBP,PPI Input m/m,Low,-0.1%,0.2%,-1.1%
Wed Feb 15,,GBP,PPI Output m/m,Low,0.5%,0.1%,-0.8%
Wed Feb 15,,GBP,RPI y/y,Low,13.4%,13.2%,13.4%
Wed Feb 15,3:00pm,GBP,HPI y/y,Low,9.8%,9.2%,10.6%
Wed Feb 15,3:30pm,EUR,Industrial Production m/m,Low,-1.1%,-0.8%,1.4%
Wed Feb 15,,EUR,Trade Balance,Low,-18.1B,-16.0B,-14.4B
Wed Feb 15,4:10pm,EUR,German 30-y Bond Auction,Low,2.26|1.1,,2.05|1.5
Wed Feb 15,,USD,Core Retail Sales m/m,High,2.3%,0.9%,-0.9%
Wed Feb 15,,USD,Empire State Manufacturing Index,High,-5.8,-18.2,-32.9
Wed Feb 15,,USD,Retail Sales m/m,High,3.0%,1.9%,-1.1%
Wed Feb 15,7:45pm,USD,Capacity Utilization Rate,Low,78.3%,79.1%,78.4%
Wed Feb 15,,USD,Industrial Production m/m,Low,0.0%,0.5%,-1.0%
Wed Feb 15,8:30pm,USD,Business Inventories m/m,Low,0.3%,0.3%,0.3%
Wed Feb 15,,USD,NAHB Housing Market Index,Low,42,37,35
Wed Feb 15,9:00pm,USD,Crude Oil Inventories,Low,16.3M,1.5M,2.4M
Thu Feb 16,2:30am,USD,TIC Long-Term Purchases,Low,152.8B,119.1B,171.5B
Thu Feb 16,5:20am,JPY,Core Machinery Orders m/m,Low,1.6%,2.7%,-8.3%
Thu Feb 16,,JPY,Trade Balance,Low,-1.82T,-2.35T,-1.82T
Thu Feb 16,,EUR,Italian Trade Balance,Low,1.07B,1.40B,1.42B
Thu Feb 16,3:16pm,EUR,Spanish 10-y Bond Auction,Low,3.40|1.8,,2.66|2.2
Thu Feb 16,7:00pm,USD,Core PPI m/m,High,0.5%,0.3%,0.3%
Thu Feb 16,,USD,PPI m/m,High,0.7%,0.4%,-0.2%
Thu Feb 16,,USD,Philly Fed Manufacturing Index,Medium,-24.3,-7.6,-8.9
Thu Feb 16,,USD,Unemployment Claims,Medium,194K,200K,195K
Thu Feb 16,,USD,Building Permits,Low,1.34M,1.35M,1.34M
Thu Feb 16,,USD,Housing Starts,Low,1.31M,1.35M,1.37M
Thu Feb 16,8:30pm,USD,Mortgage Delinquencies,Low,3.96%,,3.45%
Thu Feb 16,,USD,Natural Gas Storage,Low,-100B,-97B,-217B
Fri Feb 17,12:30pm,EUR,German PPI m/m,Low,-1.0%,0.2%,-0.4%
Fri Feb 17,,GBP,Retail Sales m/m,Medium,0.5%,-0.3%,-1.2%
Fri Feb 17,1:15pm,EUR,French Final CPI m/m,Low,0.4%,0.4%,0.4%
Fri Feb 17,2:30pm,EUR,Current Account,Low,15.9B,5.1B,12.8B
Fri Feb 17,,USD,Import Prices m/m,Low,-0.2%,-0.1%,-0.1%
Fri Feb 17,8:30pm,USD,CB Leading Index m/m,Low,-0.3%,-0.3%,-0.8%
Mon Feb 20,5:31am,GBP,Rightmove HPI m/m,Low,0.0%,,0.9%
Mon Feb 20,8:30pm,EUR,Consumer Confidence,Low,-19,-19,-21
Tue Feb 21,,JPY,Flash Manufacturing PMI,Low,47.4,49.3,48.9
Tue Feb 21,,GBP,Public Sector Net Borrowing,Low,-6.2B,2.0B,24.8B
Tue Feb 21,1:45pm,EUR,French Flash Manufacturing PMI,Medium,47.9,51.0,50.5
Tue Feb 21,,EUR,French Flash Services PMI,Medium,52.8,49.7,49.4
Tue Feb 21,2:00pm,EUR,German Flash Manufacturing PMI,Medium,46.5,48.0,47.3
Tue Feb 21,,EUR,German Flash Services PMI,Medium,51.3,51.0,50.7
Tue Feb 21,2:30pm,EUR,Flash Manufacturing PMI,Low,48.5,49.4,48.8
Tue Feb 21,,EUR,Flash Services PMI,Low,53.0,51.0,50.8
Tue Feb 21,3:00pm,GBP,Flash Manufacturing PMI,High,49.2,47.5,47.0
Tue Feb 21,,GBP,Flash Services PMI,High,53.3,49.2,48.7
Tue Feb 21,3:30pm,EUR,German ZEW Economic Sentiment,Medium,28.1,22.8,16.9
Tue Feb 21,,EUR,ZEW Economic Sentiment,Low,29.7,22.3,16.7
Tue Feb 21,4:30pm,GBP,CBI Industrial Order Expectations,Low,-16,-14,-17
Tue Feb 21,,USD,Flash Services PMI,High,50.5,47.3,46.8
Tue Feb 21,,USD,Flash Manufacturing PMI,Medium,47.8,47.4,46.9
Tue Feb 21,8:30pm,USD,Existing Home Sales,Medium,4.00M,4.09M,4.03M
Wed Feb 22,5:20am,JPY,SPPI y/y,Low,1.6%,1.5%,1.5%
Wed Feb 22,12:30pm,EUR,German Final CPI m/m,Low,1.0%,1.0%,1.0%
Wed Feb 22,,EUR,German ifo Business Climate,Medium,91.1,91.1,90.2
Wed Feb 22,4:05pm,EUR,German 10-y Bond Auction,Low,2.56|2.0,,2.27|1.5
Wed Feb 22,7:30pm,EUR,Belgian NBB Business Climate,Low,-12.8,-12.0,-13.5
Thu Feb 23,3:30pm,EUR,Final Core CPI y/y,Low,5.3%,5.2%,5.2%
Thu Feb 23,,EUR,Final CPI y/y,Low,8.6%,8.6%,8.5%
Thu Feb 23,4:30pm,GBP,CBI Realized Sales,Low,2,-11,-23
Thu Feb 23,,USD,Prelim GDP q/q,High,2.7%,2.9%,2.9%
Thu Feb 23,,USD,Unemployment Claims,Medium,192K,200K,195K
Thu Feb 23,,USD,Prelim GDP Price Index q/q,Low,3.9%,3.5%,3.5%
Thu Feb 23,9:00pm,USD,Natural Gas Storage,Low,-71B,-60B,-100B
Thu Feb 23,9:30pm,USD,Crude Oil Inventories,Low,7.6M,2.9M,16.3M
Fri Feb 24,5:00am,JPY,National Core CPI y/y,Low,4.2%,4.3%,4.0%
Fri Feb 24,5:31am,GBP,GfK Consumer Confidence,Low,-38,-43,-45
Fri Feb 24,12:30pm,EUR,German Final GDP q/q,Low,-0.4%,-0.2%,-0.2%
Fri Feb 24,,EUR,German GfK Consumer Climate,Low,-30.5,-30.6,-33.8
Fri Feb 24,3:43pm,EUR,Italian 10-y Bond Auction,Low,4.34|1.3,,4.28|1.3
Fri Feb 24,7:00pm,USD,Core PCE Price Index m/m,High,0.6%,0.4%,0.4%
Fri Feb 24,,USD,Personal Income m/m,Low,0.6%,1.0%,0.3%
Fri Feb 24,,USD,Personal Spending m/m,Low,1.8%,1.4%,-0.1%
Fri Feb 24,8:30pm,USD,New Home Sales,Medium,670K,620K,625K
Fri Feb 24,,USD,Revised UoM Consumer Sentiment,Medium,67.0,66.4,66.4
Fri Feb 24,,USD,Revised UoM Inflation Expectations,Low,4.1%,,4.2%
Mon Feb 27,2:30pm,EUR,M3 Money Supply y/y,Low,3.5%,3.9%,4.1%
Mon Feb 27,,EUR,Private Loans y/y,Low,3.6%,3.9%,3.8%
Mon Feb 27,,USD,Core Durable Goods Orders m/m,Medium,0.7%,0.1%,-0.2%
Mon Feb 27,,USD,Durable Goods Orders m/m,Medium,-4.5%,-3.7%,5.1%
Mon Feb 27,8:30pm,USD,Pending Home Sales m/m,Medium,8.1%,0.9%,1.1%
Tue Feb 28,5:20am,JPY,Prelim Industrial Production m/m,Low,-4.6%,-2.9%,0.3%
Tue Feb 28,,JPY,Retail Sales y/y,Low,6.3%,4.2%,3.8%
Tue Feb 28,10:30am,JPY,Housing Starts y/y,Low,6.6%,1.0%,-1.7%
Tue Feb 28,10:32am,JPY,BOJ Core CPI y/y,Low,3.1%,3.1%,3.1%
Tue Feb 28,12:30pm,EUR,German Import Prices m/m,Low,-1.2%,-1.5%,-1.6%
Tue Feb 28,1:15pm,EUR,French Consumer Spending m/m,Low,1.5%,0.3%,-1.6%
Tue Feb 28,,EUR,French Prelim CPI m/m,Low,0.9%,1.0%,0.4%
Tue Feb 28,,EUR,French Prelim GDP q/q,Low,0.1%,0.1%,0.1%
Tue Feb 28,,EUR,Spanish Flash CPI y/y,Low,6.1%,5.9%,5.9%
Tue Feb 28,,USD,Goods Trade Balance,Low,-91.5B,-90.6B,-89.7B
Tue Feb 28,,USD,Prelim Wholesale Inventories m/m,Low,-0.4%,0.1%,0.1%
Tue Feb 28,7:30pm,USD,HPI m/m,Low,-0.1%,-0.2%,-0.1%
Tue Feb 28,,USD,S&P/CS Composite-20 HPI y/y,Low,4.6%,4.7%,6.8%
Tue Feb 28,8:15pm,USD,Chicago PMI,Low,43.6,45.6,44.3
Tue Feb 28,8:29pm,USD,Richmond Manufacturing Index,Medium,-16,-5,-11
Tue Feb 28,8:30pm,USD,CB Consumer Confidence,High,102.9,108.5,106.0
Wed Mar 1,5:31am,GBP,BRC Shop Price Index y/y,Low,8.4%,,8.0%
Wed Mar 1,,JPY,Final Manufacturing PMI,Low,47.7,47.4,47.4
Wed Mar 1,12:30pm,GBP,Nationwide HPI m/m,Low,-0.5%,-0.5%,-0.6%
Wed Mar 1,All Day,EUR,German Prelim CPI m/m,Low,0.8%,0.5%,1.0%
Wed Mar 1,1:45pm,EUR,Spanish Manufacturing PMI,Low,50.7,49.1,48.4
Wed Mar 1,2:15pm,EUR,Italian Manufacturing PMI,Low,52.0,50.9,50.4
Wed Mar 1,2:20pm,EUR,French Final Manufacturing PMI,Low,47.4,47.9,47.9
Wed Mar 1,2:25pm,EUR,German Final Manufacturing PMI,Low,46.3,46.5,46.5
Wed Mar 1,,EUR,German Unemployment Change,Low,2K,-9K,-11K
Wed Mar 1,2:30pm,EUR,Final Manufacturing PMI,Low,48.5,48.5,48.5
Wed Mar 1,3:00pm,GBP,Final Manufacturing PMI,Low,49.3,49.2,49.2
Wed Mar 1,,GBP,M4 Money Supply m/m,Low,1.3%,-0.9%,-0.9%
Wed Mar 1,,GBP,Mortgage Approvals,Low,40K,37K,41K
Wed Mar 1,,GBP,Net Lending to Individuals m/m,Low,4.1B,4.6B,3.9B
Wed Mar 1,8:15pm,USD,Final Manufacturing PMI,Low,47.3,47.8,47.8
Wed Mar 1,8:30pm,USD,ISM Manufacturing PMI,High,47.7,47.9,47.4
Wed Mar 1,,USD,Construction Spending m/m,Low,-0.1%,0.2%,-0.7%
Wed Mar 1,,USD,ISM Manufacturing Prices,Low,51.3,45.5,44.5
Wed Mar 1,All Day,USD,Wards Total Vehicle Sales,Low,14.9M,14.7M,15.7M
Wed Mar 1,9:00pm,USD,Crude Oil Inventories,Low,1.2M,1.7M,7.6M
Thu Mar 2,5:20am,JPY,Capital Spending q/y,Low,7.7%,7.2%,9.8%
Thu Mar 2,,JPY,Monetary Base y/y,Low,-1.6%,-3.2%,-3.8%
Thu Mar 2,9:05am,JPY,10-y Bond Auction,Low,0.50|7.6,,0.49|4.6
Thu Mar 2,10:30am,JPY,Consumer Confidence,Low,31.1,32.1,31.0
Thu Mar 2,1:15pm,EUR,French Gov Budget Balance,Low,-21.1B,,-151.5B
Thu Mar 2,1:30pm,EUR,Spanish Unemployment Change,Low,2.6K,11.5K,70.7K
Thu Mar 2,2:30pm,EUR,Italian Monthly Unemployment Rate,Low,7.9%,7.8%,7.8%
Thu Mar 2,3:19pm,EUR,Spanish 10-y Bond Auction,Low,3.77|1.9,,3.40|1.8
Thu Mar 2,3:30pm,EUR,Core CPI Flash Estimate y/y,Medium,5.6%,5.3%,5.3%
Thu Mar 2,,EUR,CPI Flash Estimate y/y,Medium,8.5%,8.3%,8.6%
Thu Mar 2,,EUR,Italian Prelim CPI m/m,Low,0.3%,0.1%,0.1%
Thu Mar 2,,EUR,Unemployment Rate,Low,6.7%,6.6%,6.6%
Thu Mar 2,3:33pm,EUR,French 10-y Bond Auction,Low,3.20|2.3,,2.68|2.1
Thu Mar 2,7:00pm,USD,Unemployment Claims,Medium,190K,196K,192K
Thu Mar 2,,USD,Revised Nonfarm Productivity q/q,Low,1.7%,2.5%,3.0%
Thu Mar 2,,USD,Revised Unit Labor Costs q/q,Low,3.2%,1.6%,1.1%
Thu Mar 2,9:00pm,USD,Natural Gas Storage,Low,-81B,-72B,-71B
Fri Mar 3,5:00am,JPY,Tokyo Core CPI y/y,Low,3.3%,3.3%,4.3%
Fri Mar 3,,JPY,Unemployment Rate,Low,2.4%,2.5%,2.5%
Fri Mar 3,12:30pm,EUR,German Trade Balance,Low,16.7B,11.1B,10.0B
Fri Mar 3,1:15pm,EUR,French Industrial Production m/m,Low,-1.9%,-0.2%,1.5%
Fri Mar 3,1:45pm,EUR,Spanish Services PMI,Low,56.7,53.8,52.7
Fri Mar 3,2:15pm,EUR,Italian Services PMI,Low,51.6,52.4,51.2
Fri Mar 3,2:20pm,EUR,French Final Services PMI,Low,53.1,52.8,52.8
Fri Mar 3,2:25pm,EUR,German Final Services PMI,Low,50.9,51.3,51.3
Fri Mar 3,2:30pm,EUR,Final Services PMI,Low,52.7,53.0,53.0
Fri Mar 3,3:00pm,GBP,Final Services PMI,Low,53.5,53.3,53.3
Fri Mar 3,3:30pm,EUR,PPI m/m,Low,-2.8%,-0.3%,1.1%
Fri Mar 3,8:15pm,USD,Final Services PMI,Low,50.6,50.5,50.5
Fri Mar 3,8:30pm,USD,ISM Services PMI,High,55.1,54.5,55.2
Mon Mar 6,3:00pm,EUR,Sentix Investor Confidence,Low,-11.1,-5.6,-8.0
Mon Mar 6,,GBP,Construction PMI,Low,54.6,48.7,48.4
Mon Mar 6,3:30pm,EUR,Retail Sales m/m,Low,0.3%,0.7%,-1.7%
Mon Mar 6,,USD,Factory Orders m/m,Low,-1.6%,-1.8%,1.7%
Tue Mar 7,5:00am,JPY,Average Cash Earnings y/y,Low,0.8%,1.9%,4.1%
Tue Mar 7,5:31am,GBP,BRC Retail Sales Monitor y/y,Low,4.9%,4.8%,3.9%
Tue Mar 7,9:05am,JPY,30-y Bond Auction,Low,1.42|3.0,,1.54|3.3
Tue Mar 7,12:30pm,EUR,German Factory Orders m/m,Low,1.0%,-0.6%,3.4%
Tue Mar 7,,GBP,Halifax HPI m/m,Low,1.1%,-0.3%,0.2%
Tue Mar 7,,USD,Final Wholesale Inventories m/m,Low,-0.4%,-0.4%,-0.4%
Tue Mar 7,,USD,RCM/TIPP Economic Optimism,Low,46.9,47.2,45.1
Wed Mar 8,1:30am,USD,Consumer Credit m/m,Low,14.8B,25.2B,10.7B
Wed Mar 8,5:20am,JPY,Bank Lending y/y,Low,3.3%,3.2%,3.1%
Wed Mar 8,,JPY,Current Account,Low,0.22T,0.80T,1.18T
Wed Mar 8,10:30am,JPY,Leading Indicators,Low,96.5%,96.9%,97.2%
Wed Mar 8,11:30am,JPY,Economy Watchers Sentiment,Low,52.0,49.1,48.5
Wed Mar 8,12:30pm,EUR,German Industrial Production m/m,Low,3.5%,1.4%,-2.4%
Wed Mar 8,,EUR,German Retail Sales m/m,Low,-0.3%,2.3%,-1.7%
Wed Mar 8,2:30pm,EUR,Italian Retail Sales m/m,Low,1.7%,0.2%,-0.2%
Wed Mar 8,,EUR,Final Employment Change q/q,Low,0.3%,0.4%,0.4%
Wed Mar 8,,EUR,Revised GDP q/q,Low,0.0%,0.0%,0.1%
Wed Mar 8,6:45pm,USD,ADP Non-Farm Employment Change,High,242K,197K,119K
Wed Mar 8,,USD,Trade Balance,Low,-68.3B,-68.7B,-67.2B
Wed Mar 8,,USD,JOLTS Job Openings,High,10.82M,10.58M,11.23M
Wed Mar 8,9:00pm,USD,Crude Oil Inventories,Low,-1.7M,1.3M,1.2M
Wed Mar 8,11:31pm,USD,10-y Bond Auction,Medium,3.99|2.4,,3.61|2.7
Thu Mar 9,5:20am,JPY,Final GDP Price Index y/y,Low,1.2%,1.1%,1.1%
Thu Mar 9,,JPY,Final GDP q/q,Low,0.0%,0.2%,0.2%
Thu Mar 9,,JPY,M2 Money Stock y/y,Low,2.6%,2.8%,2.7%
Thu Mar 9,5:31am,GBP,RICS House Price Balance,Low,-48%,-48%,-46%
Thu Mar 9,11:28am,JPY,Prelim Machine Tool Orders y/y,Low,-10.7%,,-9.7%
Thu Mar 9,12:00pm,EUR,French Final Private Payrolls q/q,Low,0.2%,0.0%,0.0%
Thu Mar 9,6:00pm,USD,Challenger Job Cuts y/y,Low,410.1%,,440.0%
Thu Mar 9,7:00pm,USD,Unemployment Claims,Medium,211K,195K,190K
Thu Mar 9,9:00pm,USD,Natural Gas Storage,Low,-84B,-76B,-81B
Thu Mar 9,11:31pm,USD,30-y Bond Auction,Low,3.88|2.4,,3.69|2.2
Fri Mar 10,5:00am,JPY,Household Spending y/y,Low,-0.3%,-0.2%,-1.3%
Fri Mar 10,5:20am,JPY,PPI y/y,Low,8.2%,8.4%,9.5%
Fri Mar 10,,JPY,BOJ Policy Rate,Low,-0.10%,-0.10%,-0.10%
Fri Mar 10,12:30pm,EUR,German Final CPI m/m,Low,0.8%,0.8%,0.8%
Fri Mar 10,,GBP,GDP m/m,High,0.3%,0.1%,-0.5%
Fri Mar 10,,GBP,Construction Output m/m,Low,-1.7%,0.0%,0.0%
Fri Mar 10,,GBP,Goods Trade Balance,Low,-17.9B,-17.5B,-19.3B
Fri Mar 10,,GBP,Index of Services 3m/3m,Low,0.0%,-0.1%,0.0%
Fri Mar 10,,GBP,Industrial Production m/m,Low,-0.3%,0.0%,0.3%
Fri Mar 10,,GBP,Manufacturing Production m/m,Low,-0.4%,0.1%,0.0%
Fri Mar 10,1:15pm,EUR,French Trade Balance,Low,-12.9B,-14.0B,-14.7B
Fri Mar 10,5:10pm,GBP,NIESR GDP Estimate,Low,-0.1%,,0.0%
Fri Mar 10,,USD,Average Hourly Earnings m/m,High,0.2%,0.3%,0.3%
Fri Mar 10,,USD,Non-Farm Employment Change,High,311K,224K,504K
Fri Mar 10,,USD,Unemployment Rate,High,3.6%,3.4%,3.4%
Sat Mar 11,12:30am,USD,Federal Budget Balance,Low,-262.4B,-261.0B,-38.8B
Mon Mar 13,5:20am,JPY,BSI Manufacturing Index,Low,-10.5,-4.2,-3.6
Tue Mar 14,12:30pm,GBP,Claimant Count Change,High,-11.2K,12.5K,-30.3K
Tue Mar 14,,GBP,Average Earnings Index 3m/y,Medium,5.7%,5.7%,6.0%
Tue Mar 14,,GBP,Unemployment Rate,Low,3.7%,3.8%,3.7%
Tue Mar 14,2:30pm,EUR,Italian Industrial Production m/m,Low,-0.7%,-0.3%,1.2%
Tue Mar 14,3:29pm,USD,NFIB Small Business Index,Low,90.9,90.3,90.3
Tue Mar 14,3:32pm,GBP,10-y Bond Auction,Low,3.50|2.4,,3.53|2.4
Tue Mar 14,,USD,Core CPI m/m,High,0.5%,0.4%,0.4%
Tue Mar 14,,USD,CPI m/m,High,0.4%,0.4%,0.5%
Tue Mar 14,,USD,CPI y/y,High,6.0%,6.0%,6.4%
Tue Mar 14,7:00pm,GBP,CB Leading Index m/m,Low,-0.6%,,-0.8%
Wed Mar 15,12:29pm,EUR,German WPI m/m,Low,0.1%,0.3%,0.2%
Wed Mar 15,1:15pm,EUR,French Final CPI m/m,Low,1.0%,0.9%,0.9%
Wed Mar 15,2:30pm,EUR,Italian Quarterly Unemployment Rate,Low,7.8%,7.8%,8.0%
Wed Mar 15,3:30pm,EUR,Industrial Production m/m,Low,0.7%,0.3%,-1.3%
Wed Mar 15,4:09pm,EUR,German 30-y Bond Auction,Low,2.32|1.1,,2.26|1.1
Wed Mar 15,,USD,Core PPI m/m,High,0.0%,0.4%,0.1%
Wed Mar 15,,USD,Core Retail Sales m/m,High,-0.1%,-0.1%,2.4%
Wed Mar 15,,USD,Empire State Manufacturing Index,High,-24.6,-7.9,-5.8
Wed Mar 15,,USD,PPI m/m,High,-0.1%,0.3%,0.3%
Wed Mar 15,,USD,Retail Sales m/m,High,-0.4%,-0.3%,3.2%
Wed Mar 15,7:30pm,USD,Business Inventories m/m,Low,-0.1%,0.0%,0.3%
Wed Mar 15,,USD,NAHB Housing Market Index,Low,44,40,42
Wed Mar 15,8:00pm,USD,Crude Oil Inventories,Low,1.6M,1.3M,-1.7M
Thu Mar 16,1:30am,USD,TIC Long-Term Purchases,Low,31.9B,130.7B,152.8B
Thu Mar 16,5:20am,JPY,Core Machinery Orders m/m,Low,9.5%,1.5%,1.6%
Thu Mar 16,,JPY,Trade Balance,Low,-1.19T,-1.46T,-1.82T
Thu Mar 16,10:00am,JPY,Revised Industrial Production m/m,Low,-5.3%,-4.6%,-4.6%
Thu Mar 16,3:10pm,EUR,Spanish 10-y Bond Auction,Low,3.36|1.6,,3.77|1.9
Thu Mar 16,,USD,Unemployment Claims,High,192K,205K,212K
Thu Mar 16,,USD,Philly Fed Manufacturing Index,Medium,-23.2,-14.7,-24.3
Thu Mar 16,,USD,Building Permits,Low,1.52M,1.34M,1.34M
Thu Mar 16,,USD,Housing Starts,Low,1.45M,1.32M,1.32M
Thu Mar 16,,USD,Import Prices m/m,Low,-0.1%,-0.2%,-0.4%
Thu Mar 16,6:45pm,EUR,Main Refinancing Rate,High,3.50%,3.50%,3.00%
Thu Mar 16,8:00pm,USD,Natural Gas Storage,Low,-58B,-62B,-84B
Fri Mar 17,10:00am,JPY,Tertiary Industry Activity m/m,Low,0.9%,0.5%,-0.4%
Fri Mar 17,2:30pm,EUR,Italian Trade Balance,Low,-4.19B,1.50B,1.36B
Fri Mar 17,3:00pm,GBP,Consumer Inflation Expectations,Low,3.9%,,4.8%
Fri Mar 17,3:30pm,EUR,Final Core CPI y/y,Low,5.6%,5.6%,5.6%
Fri Mar 17,,EUR,Final CPI y/y,Low,8.5%,8.5%,8.6%
Fri Mar 17,6:45pm,USD,Capacity Utilization Rate,Low,78.0%,78.5%,78.0%
Fri Mar 17,,USD,Industrial Production m/m,Low,0.0%,0.2%,0.3%
Fri Mar 17,7:30pm,USD,Prelim UoM Consumer Sentiment,High,63.4,66.9,67.0
Fri Mar 17,,USD,Prelim UoM Inflation Expectations,Medium,3.8%,,4.1%
Fri Mar 17,,USD,CB Leading Index m/m,Low,-0.3%,-0.3%,-0.3%
Mon Mar 20,5:31am,GBP,Rightmove HPI m/m,Low,0.8%,,0.0%
Mon Mar 20,12:30pm,EUR,German PPI m/m,Low,-0.3%,-1.3%,-1.0%
Mon Mar 20,3:30pm,EUR,Trade Balance,Low,-11.3B,-17.3B,-13.4B
Tue Mar 21,,GBP,Public Sector Net Borrowing,Low,15.9B,10.1B,-9.1B
Tue Mar 21,3:30pm,EUR,German ZEW Economic Sentiment,Medium,13.0,14.9,28.1
Tue Mar 21,,EUR,ZEW Economic Sentiment,Low,10.0,16.0,29.7
Tue Mar 21,3:32pm,GBP,30-y Bond Auction,Low,3.86|2.7,,3.41|2.1
Tue Mar 21,7:30pm,USD,Existing Home Sales,Medium,4.58M,4.19M,4.00M
Wed Mar 22,12:30pm,GBP,CPI y/y,High,10.4%,9.9%,10.1%
Wed Mar 22,,GBP,Core CPI y/y,Low,6.2%,5.7%,5.8%
Wed Mar 22,,GBP,PPI Input m/m,Low,-0.1%,-0.2%,0.4%
Wed Mar 22,,GBP,PPI Output m/m,Low,-0.3%,0.1%,0.5%
Wed Mar 22,,GBP,RPI y/y,Low,13.8%,13.3%,13.4%
Wed Mar 22,2:32pm,EUR,Current Account,Low,17.1B,16.5B,13.3B
Wed Mar 22,3:00pm,GBP,HPI y/y,Low,6.3%,7.1%,9.3%
Wed Mar 22,4:02pm,EUR,German 10-y Bond Auction,Low,2.32|1.4,,2.56|2.0
Wed Mar 22,4:30pm,GBP,CBI Industrial Order Expectations,Low,-20,-15,-16
Wed Mar 22,,USD,Crude Oil Inventories,Low,1.1M,-1.7M,1.6M
Wed Mar 22,11:30pm,USD,Federal Funds Rate,High,5.00%,5.00%,4.75%
Thu Mar 23,,GBP,MPC Official Bank Rate Votes,High,7-0-2,7-0-2,7-0-2
Thu Mar 23,,GBP,Official Bank Rate,High,4.25%,4.25%,4.00%
Thu Mar 23,6:00pm,USD,Unemployment Claims,High,191K,198K,192K
Thu Mar 23,,USD,Current Account,Low,-207B,-213B,-219B
Thu Mar 23,,USD,New Home Sales,Medium,640K,650K,633K
Thu Mar 23,8:00pm,USD,Natural Gas Storage,Low,-72B,-75B,-58B
Thu Mar 23,8:27pm,EUR,Consumer Confidence,Low,-19,-18,-19
Fri Mar 24,5:00am,JPY,National Core CPI y/y,Medium,3.1%,3.1%,4.2%
Fri Mar 24,5:31am,GBP,GfK Consumer Confidence,Low,-36,-35,-38
Fri Mar 24,6:00am,JPY,Flash Manufacturing PMI,Low,48.6,48.2,47.7
Fri Mar 24,12:30pm,GBP,Retail Sales m/m,Medium,1.2%,0.2%,0.9%
Fri Mar 24,1:45pm,EUR,French Flash Manufacturing PMI,High,47.7,48.1,47.4
Fri Mar 24,,EUR,French Flash Services PMI,High,55.5,52.4,53.1
Fri Mar 24,2:00pm,EUR,German Flash Manufacturing PMI,High,44.4,47.1,46.3
Fri Mar 24,,EUR,German Flash Services PMI,High,53.9,51.0,50.9
Fri Mar 24,2:30pm,EUR,Flash Manufacturing PMI,Medium,47.1,48.9,48.5
Fri Mar 24,,EUR,Flash Services PMI,Medium,55.6,52.6,52.7
Fri Mar 24,3:00pm,GBP,Flash Manufacturing PMI,High,48.0,49.8,49.3
Fri Mar 24,,GBP,Flash Services PMI,High,52.8,53.1,53.5
Fri Mar 24,,USD,Core Durable Goods Orders m/m,Medium,0.0%,0.2%,0.8%
Fri Mar 24,,USD,Durable Goods Orders m/m,Medium,-1.0%,0.4%,-5.0%
Fri Mar 24,7:15pm,USD,Flash Manufacturing PMI,High,49.3,47.0,47.3
Fri Mar 24,,USD,Flash Services PMI,High,53.8,50.3,50.6
Fri Mar 24,7:30pm,EUR,Belgian NBB Business Climate,Low,-7.6,-12.5,-12.8
Mon Mar 27,5:20am,JPY,SPPI y/y,Low,1.8%,1.8%,1.6%
Mon Mar 27,1:30pm,EUR,German ifo Business Climate,Medium,93.3,91.0,91.1
Mon Mar 27,,EUR,M3 Money Supply y/y,Low,2.9%,3.2%,3.5%
Mon Mar 27,,EUR,Private Loans y/y,Low,3.2%,3.6%,3.6%
Mon Mar 27,3:30pm,GBP,CBI Realized Sales,Low,1,-2,2
Tue Mar 28,4:31am,GBP,BRC Shop Price Index y/y,Low,8.9%,,8.4%
Tue Mar 28,10:30am,JPY,BOJ Core CPI y/y,Low,2.7%,3.0%,3.1%
Tue Mar 28,6:00pm,USD,Goods Trade Balance,Low,-91.6B,-90.2B,-91.1B
Tue Mar 28,,USD,Prelim Wholesale Inventories m/m,Low,0.2%,-0.1%,-0.4%
Tue Mar 28,,USD,HPI m/m,Low,0.2%,-0.2%,-0.1%
Tue Mar 28,,USD,S&P/CS Composite-20 HPI y/y,Low,2.5%,2.6%,4.6%
Tue Mar 28,7:29pm,USD,Richmond Manufacturing Index,Medium,-5,-10,-16
Tue Mar 28,7:30pm,USD,CB Consumer Confidence,High,104.2,101.0,103.4
Wed Mar 29,11:30am,EUR,German GfK Consumer Climate,Low,-29.5,-29.5,-30.6
Wed Mar 29,2:00pm,GBP,M4 Money Supply m/m,Low,-0.4%,0.9%,1.2%
Wed Mar 29,2:02pm,GBP,Mortgage Approvals,Low,44K,41K,40K
Wed Mar 29,,GBP,Net Lending to Individuals m/m,Low,2.2B,3.7B,3.7B
Wed Mar 29,7:30pm,USD,Pending Home Sales m/m,Medium,0.8%,-2.9%,8.1%
Wed Mar 29,8:00pm,USD,Crude Oil Inventories,Low,-7.5M,1.8M,1.1M
Thu Mar 30,All Day,EUR,German Prelim CPI m/m,High,0.8%,0.7%,0.8%
Thu Mar 30,,EUR,Spanish Flash CPI y/y,Medium,3.3%,3.9%,6.0%
Thu Mar 30,,EUR,Italian Monthly Unemployment Rate,Low,8.0%,7.9%,8.0%
Thu Mar 30,2:40pm,EUR,Italian 10-y Bond Auction,Low,4.12|1.4,,4.34|1.3
Thu Mar 30,6:00pm,USD,Final GDP q/q,High,2.6%,2.7%,2.7%
Thu Mar 30,,USD,Unemployment Claims,High,198K,196K,191K
Thu Mar 30,,USD,Final GDP Price Index q/q,Medium,3.9%,3.9%,3.9%
Thu Mar 30,8:00pm,USD,Natural Gas Storage,Low,-47B,-55B,-72B
Fri Mar 31,5:00am,JPY,Tokyo Core CPI y/y,Medium,3.2%,3.1%,3.3%
Fri Mar 31,,JPY,Unemployment Rate,Low,2.6%,2.4%,2.4%
Fri Mar 31,5:20am,JPY,Prelim Industrial Production m/m,Low,4.5%,2.8%,-5.3%
Fri Mar 31,,JPY,Retail Sales y/y,Low,6.6%,5.9%,5.0%
Fri Mar 31,10:30am,JPY,Housing Starts y/y,Low,-0.3%,-0.5%,6.6%
Fri Mar 31,11:30am,EUR,German Import Prices m/m,Low,-2.4%,-1.0%,-1.2%
Fri Mar 31,,EUR,German Retail Sales m/m,Low,-1.3%,0.5%,0.1%
Fri Mar 31,,GBP,Current Account,Low,-2.5B,-17.5B,-12.7B
Fri Mar 31,,GBP,Final GDP q/q,Low,0.1%,0.0%,0.0%
Fri Mar 31,,GBP,Nationwide HPI m/m,Low,-0.8%,-0.3%,-0.5%
Fri Mar 31,,GBP,Revised Business Investment q/q,Low,-0.2%,4.8%,4.8%
Fri Mar 31,12:15pm,EUR,French Consumer Spending m/m,Low,-0.8%,0.0%,1.7%
Fri Mar 31,,EUR,French Prelim CPI m/m,Low,0.8%,0.6%,1.0%
Fri Mar 31,1:25pm,EUR,German Unemployment Change,Low,16K,1K,6K
Fri Mar 31,2:30pm,EUR,Core CPI Flash Estimate y/y,Medium,5.7%,5.7%,5.6%
Fri Mar 31,,EUR,CPI Flash Estimate y/y,Medium,6.9%,7.1%,8.5%
Fri Mar 31,,EUR,Italian Prelim CPI m/m,Low,-0.3%,0.0%,0.2%
Fri Mar 31,,EUR,Unemployment Rate,Low,6.6%,6.6%,6.6%
Fri Mar 31,,USD,Core PCE Price Index m/m,High,0.3%,0.4%,0.5%
Fri Mar 31,,USD,Personal Income m/m,Low,0.3%,0.2%,0.6%
Fri Mar 31,,USD,Personal Spending m/m,Low,0.2%,0.3%,2.0%
Fri Mar 31,7:15pm,USD,Chicago PMI,Medium,43.8,43.1,43.6
Fri Mar 31,7:30pm,USD,Revised UoM Consumer Sentiment,Medium,62.0,63.1,63.4
Fri Mar 31,,USD,Revised UoM Inflation Expectations,Low,3.6%,,3.8%
Mon Apr 3,5:20am,JPY,Tankan Manufacturing Index,Low,1,3,7
Mon Apr 3,,JPY,Tankan Non-Manufacturing Index,Low,20,20,19
Mon Apr 3,6:00am,JPY,Final Manufacturing PMI,Low,49.2,48.6,48.6
Mon Apr 3,12:15pm,EUR,French Gov Budget Balance,Low,-50.3B,,-21.1B
Mon Apr 3,12:45pm,EUR,Spanish Manufacturing PMI,Low,51.3,50.1,50.7
Mon Apr 3,1:15pm,EUR,Italian Manufacturing PMI,Low,51.1,51.1,52.0
Mon Apr 3,1:20pm,EUR,French Final Manufacturing PMI,Low,47.3,47.7,47.7
Mon Apr 3,1:25pm,EUR,German Final Manufacturing PMI,Low,44.7,44.4,44.4
Mon Apr 3,1:30pm,EUR,Final Manufacturing PMI,Low,47.3,47.1,47.1
Mon Apr 3,2:00pm,GBP,Final Manufacturing PMI,Low,47.9,48.0,48.0
Mon Apr 3,7:15pm,USD,Final Manufacturing PMI,Low,49.2,49.3,49.3
Mon Apr 3,7:30pm,USD,ISM Manufacturing PMI,High,46.3,47.5,47.7
Mon Apr 3,,USD,ISM Manufacturing Prices,Medium,49.2,51.2,51.3
Mon Apr 3,,USD,Construction Spending m/m,Low,-0.1%,0.0%,0.4%
Mon Apr 3,All Day,USD,Wards Total Vehicle Sales,Low,14.8M,14.5M,14.9M
Tue Apr 4,5:20am,JPY,Monetary Base y/y,Low,-1.0%,2.0%,-1.6%
Tue Apr 4,9:05am,JPY,10-y Bond Auction,Low,0.46|3.8,,0.50|7.6
Tue Apr 4,11:30am,EUR,German Trade Balance,Low,16.0B,16.8B,16.0B
Tue Apr 4,12:30pm,EUR,Spanish Unemployment Change,Low,-48.8K,8.5K,2.6K
Tue Apr 4,2:30pm,EUR,PPI m/m,Low,-0.5%,-0.5%,-2.8%
Tue Apr 4,7:30pm,USD,JOLTS Job Openings,High,9.93M,10.49M,10.56M
Tue Apr 4,,USD,Factory Orders m/m,Low,-0.7%,-0.4%,-2.1%
Tue Apr 4,,USD,RCM/TIPP Economic Optimism,Low,47.4,47.2,46.9
Wed Apr 5,11:30am,EUR,German Factory Orders m/m,Low,4.8%,0.2%,0.5%
Wed Apr 5,12:15pm,EUR,French Industrial Production m/m,Low,1.2%,0.5%,-1.4%
Wed Apr 5,12:45pm,EUR,Spanish Services PMI,Low,59.4,57.6,56.7
Wed Apr 5,1:15pm,EUR,Italian Services PMI,Low,55.7,53.8,51.6
Wed Apr 5,1:20pm,EUR,French Final Services PMI,Low,53.9,55.5,55.5
Wed Apr 5,1:25pm,EUR,German Final Services PMI,Low,53.7,53.9,53.9
Wed Apr 5,1:30pm,EUR,Final Services PMI,Low,55.0,55.6,55.6
Wed Apr 5,2:00pm,GBP,Final Services PMI,Low,52.9,52.8,52.8
Wed Apr 5,2:30pm,EUR,Italian Retail Sales m/m,Low,-0.1%,0.5%,1.7%
Wed Apr 5,5:45pm,USD,ADP Non-Farm Employment Change,High,145K,208K,261K
Wed Apr 5,,USD,Trade Balance,Low,-70.5B,-68.9B,-68.7B
Wed Apr 5,7:15pm,USD,Final Services PMI,Low,52.6,53.8,53.8
Wed Apr 5,7:30pm,USD,ISM Services PMI,High,51.2,54.3,55.1
Wed Apr 5,8:00pm,USD,Crude Oil Inventories,Low,-3.7M,-1.6M,-7.5M
Thu Apr 6,9:05am,JPY,30-y Bond Auction,Low,1.35|3.2,,1.42|3.0
Thu Apr 6,11:30am,EUR,German Industrial Production m/m,Low,2.0%,-0.1%,3.7%
Thu Apr 6,,GBP,Halifax HPI m/m,Low,0.8%,-0.5%,1.2%
Thu Apr 6,2:00pm,GBP,Construction PMI,Low,50.7,53.4,54.6
Thu Apr 6,,GBP,Housing Equity Withdrawal q/q,Low,-14.9B,2.3B,-6.3B
Thu Apr 6,2:35pm,EUR,French 10-y Bond Auction,Low,2.70|2.0,,3.20|2.3
Thu Apr 6,5:00pm,USD,Challenger Job Cuts y/y,Low,319.4%,,410.1%
Thu Apr 6,,USD,Unemployment Claims,High,228K,200K,246K
Thu Apr 6,8:00pm,USD,Natural Gas Storage,Low,-23B,-20B,-47B
Fri Apr 7,5:00am,JPY,Average Cash Earnings y/y,Low,1.1%,1.2%,0.8%
Fri Apr 7,,JPY,Household Spending y/y,Low,1.6%,4.9%,-0.3%
Fri Apr 7,10:29am,JPY,Leading Indicators,Low,97.7%,97.5%,96.6%
Fri Apr 7,12:15pm,EUR,French Trade Balance,Low,-9.9B,-11.8B,-12.5B
Fri Apr 7,6:00pm,USD,Average Hourly Earnings m/m,High,0.3%,0.3%,0.2%
Fri Apr 7,,USD,Non-Farm Employment Change,High,236K,228K,326K
Fri Apr 7,,USD,Unemployment Rate,High,3.5%,3.6%,3.6%
Sat Apr 8,12:30am,USD,Consumer Credit m/m,Low,15.3B,18.3B,19.5B
Mon Apr 10,5:20am,JPY,Current Account,Low,1.09T,1.43T,0.20T
Mon Apr 10,10:30am,JPY,Consumer Confidence,Low,33.9,31.9,31.1
Mon Apr 10,11:30am,JPY,Economy Watchers Sentiment,Low,53.3,52.9,52.0
Mon Apr 10,7:30pm,USD,Final Wholesale Inventories m/m,Low,0.1%,0.2%,0.2%
Tue Apr 11,4:31am,GBP,BRC Retail Sales Monitor y/y,Low,4.9%,5.1%,4.9%
Tue Apr 11,11:28am,JPY,Prelim Machine Tool Orders y/y,Low,-15.2%,,-10.7%
Tue Apr 11,2:00pm,EUR,Sentix Investor Confidence,Low,-8.7,-11.7,-11.1
Tue Apr 11,2:30pm,EUR,Retail Sales m/m,Low,-0.8%,-0.8%,0.8%
Tue Apr 11,3:30pm,USD,NFIB Small Business Index,Low,90.1,89.6,90.9
Wed Apr 12,5:20am,JPY,Bank Lending y/y,Low,3.0%,3.5%,3.3%
Wed Apr 12,,JPY,Core Machinery Orders m/m,Low,-4.5%,-6.4%,9.5%
Wed Apr 12,,JPY,PPI y/y,Low,7.2%,7.1%,8.3%
Wed Apr 12,3:07pm,EUR,German 30-y Bond Auction,Low,2.31|1.1,,2.32|1.1
Wed Apr 12,6:00pm,USD,Core CPI m/m,High,0.4%,0.4%,0.5%
Wed Apr 12,,USD,CPI m/m,High,0.1%,0.2%,0.4%
Wed Apr 12,,USD,CPI y/y,High,5.0%,5.1%,6.0%
Wed Apr 12,8:00pm,USD,Crude Oil Inventories,Low,0.6M,-1.0M,-3.7M
Wed Apr 12,10:31pm,USD,10-y Bond Auction,Medium,3.46|2.4,,3.99|2.4
Wed Apr 12,,USD,Federal Budget Balance,Low,-378.1B,-309.5B,-262.4B
Thu Apr 13,4:31am,GBP,RICS House Price Balance,Low,-43%,-47%,-47%
Thu Apr 13,5:20am,JPY,M2 Money Stock y/y,Low,2.6%,2.5%,2.6%
Thu Apr 13,11:30am,EUR,German Final CPI m/m,Low,0.8%,0.8%,0.8%
Thu Apr 13,,GBP,GDP m/m,High,0.0%,0.1%,0.4%
Thu Apr 13,,GBP,Construction Output m/m,Low,2.4%,0.9%,-1.7%
Thu Apr 13,,GBP,Goods Trade Balance,Low,-17.5B,-16.9B,-16.1B
Thu Apr 13,,GBP,Index of Services 3m/3m,Low,0.1%,-0.1%,0.1%
Thu Apr 13,,GBP,Industrial Production m/m,Low,-0.2%,0.2%,-0.5%
Thu Apr 13,,GBP,Manufacturing Production m/m,Low,0.0%,0.2%,-0.1%
Thu Apr 13,1:30pm,EUR,Italian Industrial Production m/m,Low,-0.2%,0.5%,-0.5%
Thu Apr 13,2:18pm,EUR,Spanish 10-y Bond Auction,Low,3.40|1.4,,3.36|1.6
Thu Apr 13,2:30pm,EUR,Industrial Production m/m,Low,1.5%,0.9%,1.0%
Thu Apr 13,2:32pm,GBP,10-y Bond Auction,Low,3.59|3.0,,3.50|2.4
Thu Apr 13,4:38pm,GBP,NIESR GDP Estimate,Low,0.1%,,0.1%
Thu Apr 13,6:00pm,USD,Core PPI m/m,High,-0.1%,0.2%,0.2%
Thu Apr 13,,USD,PPI m/m,High,-0.5%,0.0%,0.0%
Thu Apr 13,,USD,Unemployment Claims,High,239K,233K,228K
Thu Apr 13,7:00pm,GBP,CB Leading Index m/m,Low,-0.8%,,-0.5%
Thu Apr 13,8:00pm,USD,Natural Gas Storage,Low,25B,25B,-23B
Thu Apr 13,10:31pm,USD,30-y Bond Auction,Medium,3.66|2.4,,3.88|2.4
Fri Apr 14,11:30am,EUR,German WPI m/m,Low,0.2%,0.2%,0.1%
Fri Apr 14,12:15pm,EUR,French Final CPI m/m,Low,0.9%,0.8%,0.8%
Fri Apr 14,,USD,Core Retail Sales m/m,High,-0.8%,-0.4%,0.0%
Fri Apr 14,,USD,Retail Sales m/m,High,-1.0%,-0.4%,-0.2%
Fri Apr 14,,USD,Import Prices m/m,Low,-0.6%,-0.1%,-0.2%
Fri Apr 14,6:45pm,USD,Capacity Utilization Rate,Low,79.8%,79.1%,79.6%
Fri Apr 14,,USD,Industrial Production m/m,Low,0.4%,0.3%,0.2%
Fri Apr 14,7:30pm,USD,Prelim UoM Consumer Sentiment,High,63.5,62.0,62.0
Fri Apr 14,,USD,Prelim UoM Inflation Expectations,Medium,4.6%,,3.6%
Fri Apr 14,,USD,Business Inventories m/m,Low,0.2%,0.2%,-0.2%
Mon Apr 17,,USD,Empire State Manufacturing Index,High,10.8,-17.7,-24.6
Mon Apr 17,7:30pm,USD,NAHB Housing Market Index,Low,45,45,44
Tue Apr 18,1:30am,USD,TIC Long-Term Purchases,Low,71.0B,40.3B,31.9B
Tue Apr 18,11:30am,GBP,Claimant Count Change,High,28.2K,-2.5K,-18.8K
Tue Apr 18,,GBP,Average Earnings Index 3m/y,Medium,5.9%,5.1%,5.9%
Tue Apr 18,,GBP,Unemployment Rate,Low,3.8%,3.7%,3.7%
Tue Apr 18,1:30pm,EUR,Italian Trade Balance,Low,2.11B,-3.23B,-4.24B
Tue Apr 18,2:30pm,EUR,German ZEW Economic Sentiment,Medium,4.1,15.5,13.0
Tue Apr 18,,EUR,ZEW Economic Sentiment,Low,6.4,12.2,10.0
Tue Apr 18,2:45pm,GBP,30-y Bond Auction,Low,4.08|2.5,,3.86|2.7
Tue Apr 18,,USD,Building Permits,Low,1.41M,1.46M,1.55M
Tue Apr 18,,USD,Housing Starts,Low,1.42M,1.40M,1.43M
Wed Apr 19,10:00am,JPY,Revised Industrial Production m/m,Low,4.6%,4.5%,4.5%
Wed Apr 19,11:30am,GBP,CPI y/y,High,10.1%,9.8%,10.4%
Wed Apr 19,,GBP,Core CPI y/y,Low,6.2%,6.0%,6.2%
Wed Apr 19,,GBP,PPI Input m/m,Low,0.2%,-0.3%,0.0%
Wed Apr 19,,GBP,PPI Output m/m,Low,0.1%,-0.2%,-0.4%
Wed Apr 19,,GBP,RPI y/y,Low,13.5%,13.3%,13.8%
Wed Apr 19,1:30pm,EUR,Current Account,Low,24.3B,10.3B,18.6B
Wed Apr 19,2:00pm,GBP,HPI y/y,Low,5.5%,5.0%,6.5%
Wed Apr 19,2:30pm,EUR,Final Core CPI y/y,Low,5.7%,5.7%,5.7%
Wed Apr 19,,EUR,Final CPI y/y,Low,6.9%,6.9%,6.9%
Wed Apr 19,3:04pm,EUR,German 10-y Bond Auction,Low,2.51|1.9,,2.32|1.4
Wed Apr 19,8:00pm,USD,Crude Oil Inventories,Low,-4.6M,-0.4M,0.6M
Thu Apr 20,5:20am,JPY,Trade Balance,Low,-1.21T,-1.70T,-1.25T
Thu Apr 20,10:00am,JPY,Tertiary Industry Activity m/m,Low,0.7%,0.4%,0.7%
Thu Apr 20,11:30am,EUR,German PPI m/m,Low,-2.6%,-0.6%,-0.3%
Thu Apr 20,2:11pm,EUR,Spanish 10-y Bond Auction,Low,3.51|1.4,,3.40|1.4
Thu Apr 20,2:30pm,EUR,Trade Balance,Low,-0.1B,-8.5B,-11.6B
Thu Apr 20,6:00pm,USD,Unemployment Claims,High,245K,240K,240K
Thu Apr 20,,USD,Philly Fed Manufacturing Index,Medium,-31.3,-19.1,-23.2
Thu Apr 20,7:30pm,EUR,Consumer Confidence,Low,-18,-19,-19
Thu Apr 20,,USD,Existing Home Sales,Medium,4.44M,4.50M,4.55M
Thu Apr 20,,USD,CB Leading Index m/m,Low,-1.2%,-0.7%,-0.5%
Thu Apr 20,8:00pm,USD,Natural Gas Storage,Low,75B,69B,25B
Fri Apr 21,4:31am,GBP,GfK Consumer Confidence,Low,-30,-35,-36
Fri Apr 21,5:00am,JPY,National Core CPI y/y,Low,3.1%,3.0%,3.1%
Fri Apr 21,6:00am,JPY,Flash Manufacturing PMI,Low,49.5,49.9,49.2
Fri Apr 21,11:30am,GBP,Retail Sales m/m,Medium,-0.9%,-0.5%,1.1%
Fri Apr 21,12:45pm,EUR,French Flash Manufacturing PMI,High,45.5,47.9,47.3
Fri Apr 21,,EUR,French Flash Services PMI,High,56.3,53.6,53.9
Fri Apr 21,1:00pm,EUR,German Flash Manufacturing PMI,High,44.0,45.6,44.7
Fri Apr 21,,EUR,German Flash Services PMI,High,55.7,53.3,53.7
Fri Apr 21,1:30pm,EUR,Flash Manufacturing PMI,Medium,45.5,47.9,47.3
Fri Apr 21,,EUR,Flash Services PMI,Medium,56.6,54.6,55.0
Fri Apr 21,2:00pm,GBP,Flash Manufacturing PMI,High,46.6,48.3,47.9
Fri Apr 21,,GBP,Flash Services PMI,High,54.9,52.9,52.9
Fri Apr 21,7:15pm,USD,Flash Manufacturing PMI,High,50.4,49.0,49.2
Fri Apr 21,,USD,Flash Services PMI,High,53.7,51.5,52.6
Mon Apr 24,4:31am,GBP,Rightmove HPI m/m,Low,0.2%,,0.8%
Mon Apr 24,1:30pm,EUR,German ifo Business Climate,Medium,93.6,93.4,93.3
Mon Apr 24,6:30pm,EUR,Belgian NBB Business Climate,Low,-7.8,-5.2,-7.6
Tue Apr 25,5:20am,JPY,SPPI y/y,Low,1.6%,1.7%,1.7%
Tue Apr 25,10:30am,JPY,BOJ Core CPI y/y,Low,2.9%,2.6%,2.7%
Tue Apr 25,,GBP,Public Sector Net Borrowing,Low,20.7B,20.5B,12.5B
Tue Apr 25,3:30pm,GBP,CBI Industrial Order Expectations,Low,-20,-21,-20
Tue Apr 25,6:30pm,USD,HPI m/m,Low,0.5%,-0.1%,0.1%
Tue Apr 25,,USD,S&P/CS Composite-20 HPI y/y,Low,0.4%,-0.1%,2.6%
Tue Apr 25,7:29pm,USD,Richmond Manufacturing Index,Medium,-10,-8,-5
Tue Apr 25,7:30pm,USD,CB Consumer Confidence,High,101.3,104.1,104.0
Tue Apr 25,,USD,New Home Sales,Medium,683K,633K,623K
Wed Apr 26,11:30am,EUR,German GfK Consumer Climate,Low,-25.7,-28.0,-29.3
Wed Apr 26,3:30pm,GBP,CBI Realized Sales,Low,5,4,1
Wed Apr 26,6:00pm,USD,Core Durable Goods Orders m/m,Medium,0.3%,-0.2%,-0.1%
Wed Apr 26,,USD,Durable Goods Orders m/m,Medium,3.2%,0.7%,-1.2%
Wed Apr 26,,USD,Goods Trade Balance,Low,-84.6B,-90.1B,-92.0B
Wed Apr 26,,USD,Prelim Wholesale Inventories m/m,Low,0.1%,0.1%,0.1%
Wed Apr 26,8:00pm,USD,Crude Oil Inventories,Low,-5.1M,-1.3M,-4.6M
Thu Apr 27,12:30pm,EUR,Spanish Unemployment Rate,Low,13.3%,13.0%,12.9%
Thu Apr 27,2:43pm,EUR,Italian 10-y Bond Auction,Low,4.42|1.3,,4.12|1.4
Thu Apr 27,6:00pm,USD,Advance GDP q/q,High,1.1%,2.0%,2.6%
Thu Apr 27,,USD,Unemployment Claims,High,230K,247K,246K
Thu Apr 27,,USD,Advance GDP Price Index q/q,Medium,4.0%,3.7%,3.9%
Thu Apr 27,7:30pm,USD,Pending Home Sales m/m,Medium,-5.2%,0.6%,0.8%
Thu Apr 27,8:00pm,USD,Natural Gas Storage,Low,79B,76B,75B
Fri Apr 28,5:00am,JPY,Tokyo Core CPI y/y,High,3.5%,3.2%,3.2%
Fri Apr 28,,JPY,Unemployment Rate,Low,2.8%,2.5%,2.6%
Fri Apr 28,5:20am,JPY,Prelim Industrial Production m/m,Low,0.8%,0.4%,4.6%
Fri Apr 28,,JPY,Retail Sales y/y,Low,7.2%,6.5%,7.3%
Fri Apr 28,,JPY,BOJ Policy Rate,Medium,-0.10%,-0.10%,-0.10%
Fri Apr 28,10:30am,JPY,Housing Starts y/y,Low,-3.2%,-3.9%,-0.3%
Fri Apr 28,11:00am,EUR,French Flash GDP q/q,Medium,0.2%,0.2%,0.0%
Fri Apr 28,,EUR,French Consumer Spending m/m,Low,-1.3%,0.5%,-0.8%
Fri Apr 28,11:30am,EUR,German Import Prices m/m,Low,-1.1%,-1.3%,-2.4%
Fri Apr 28,All Day,EUR,German Prelim CPI m/m,High,0.4%,0.6%,0.8%
Fri Apr 28,12:15pm,EUR,French Prelim CPI m/m,Low,0.6%,0.5%,0.9%
Fri Apr 28,,EUR,Spanish Flash CPI y/y,Medium,4.1%,4.4%,3.3%
Fri Apr 28,,EUR,Spanish Flash GDP q/q,Low,0.5%,0.3%,0.4%
Fri Apr 28,1:25pm,EUR,German Unemployment Change,Low,24K,8K,19K
Fri Apr 28,,EUR,Italian Prelim GDP q/q,Low,0.5%,0.2%,-0.1%
Fri Apr 28,,EUR,German Prelim GDP q/q,Low,0.0%,0.2%,-0.4%
Fri Apr 28,2:30pm,EUR,Prelim Flash GDP q/q,Low,0.1%,0.2%,0.0%
Fri Apr 28,,USD,Core PCE Price Index m/m,High,0.3%,0.3%,0.3%
Fri Apr 28,,USD,Employment Cost Index q/q,High,1.2%,1.1%,1.0%
Fri Apr 28,,USD,Personal Income m/m,Low,0.3%,0.2%,0.3%
Fri Apr 28,,USD,Personal Spending m/m,Low,0.0%,-0.1%,0.1%
Fri Apr 28,7:15pm,USD,Chicago PMI,Medium,48.6,43.6,43.8
Fri Apr 28,7:30pm,USD,Revised UoM Consumer Sentiment,Medium,63.5,63.5,63.5
Fri Apr 28,,USD,Revised UoM Inflation Expectations,Low,4.6%,,4.6%
Mon May 1,6:00am,JPY,Final Manufacturing PMI,Low,49.5,49.5,49.5
Mon May 1,10:30am,JPY,Consumer Confidence,Low,35.4,34.7,33.9
Mon May 1,7:15pm,USD,Final Manufacturing PMI,Low,50.2,50.4,50.4
Mon May 1,7:30pm,USD,ISM Manufacturing PMI,High,47.1,46.8,46.3
Mon May 1,,USD,ISM Manufacturing Prices,Medium,53.2,49.4,49.2
Mon May 1,,USD,Construction Spending m/m,Low,0.3%,0.2%,-0.3%
Tue May 2,4:31am,GBP,BRC Shop Price Index y/y,Low,8.8%,,8.9%
Tue May 2,5:20am,JPY,Monetary Base y/y,Low,-1.7%,-1.3%,-1.0%
Tue May 2,11:30am,EUR,German Retail Sales m/m,Low,-2.4%,0.4%,-0.3%
Tue May 2,,GBP,Nationwide HPI m/m,Low,0.5%,-0.5%,-0.7%
Tue May 2,12:45pm,EUR,Spanish Manufacturing PMI,Low,49.0,49.8,51.3
Tue May 2,1:15pm,EUR,Italian Manufacturing PMI,Low,46.8,49.4,51.1
Tue May 2,1:20pm,EUR,French Final Manufacturing PMI,Low,45.6,45.5,45.5
Tue May 2,1:25pm,EUR,German Final Manufacturing PMI,Low,44.5,44.0,44.0
Tue May 2,1:30pm,EUR,Final Manufacturing PMI,Low,45.8,45.5,45.5
Tue May 2,,EUR,M3 Money Supply y/y,Low,2.5%,2.4%,2.9%
Tue May 2,,EUR,Private Loans y/y,Low,2.9%,3.2%,3.2%
Tue May 2,2:00pm,GBP,Final Manufacturing PMI,Low,47.8,46.6,46.6
Tue May 2,2:30pm,EUR,Core CPI Flash Estimate y/y,Medium,5.6%,5.6%,5.7%
Tue May 2,,EUR,CPI Flash Estimate y/y,Medium,7.0%,7.0%,6.9%
Tue May 2,,EUR,Italian Prelim CPI m/m,Low,0.5%,0.3%,-0.4%
Tue May 2,7:30pm,USD,JOLTS Job Openings,High,9.59M,9.74M,9.97M
Tue May 2,,USD,Factory Orders m/m,Low,0.9%,1.3%,-1.1%
Tue May 2,All Day,USD,Wards Total Vehicle Sales,Low,15.9M,15.1M,14.8M
Wed May 3,12:15pm,EUR,French Gov Budget Balance,Low,-54.7B,,-50.3B
Wed May 3,1:30pm,EUR,Italian Monthly Unemployment Rate,Low,7.8%,8.0%,7.9%
Wed May 3,2:30pm,EUR,Unemployment Rate,Low,6.5%,6.6%,6.6%
Wed May 3,5:45pm,USD,ADP Non-Farm Employment Change,High,296K,148K,142K
Wed May 3,7:15pm,USD,Final Services PMI,Low,53.6,53.7,53.7
Wed May 3,7:30pm,USD,ISM Services PMI,High,51.9,51.8,51.2
Wed May 3,8:00pm,USD,Crude Oil Inventories,Low,-1.3M,-0.5M,-5.1M
Wed May 3,11:30pm,USD,Federal Funds Rate,High,5.25%,5.25%,5.00%
Thu May 4,11:30am,EUR,German Trade Balance,Low,16.7B,16.1B,16.1B
Thu May 4,12:30pm,EUR,Spanish Unemployment Change,Low,-73.9K,-12.4K,-48.8K
Thu May 4,12:45pm,EUR,Spanish Services PMI,Low,57.9,59.2,59.4
Thu May 4,1:15pm,EUR,Italian Services PMI,Low,57.6,56.6,55.7
Thu May 4,1:20pm,EUR,French Final Services PMI,Low,54.6,56.3,56.3
Thu May 4,1:25pm,EUR,German Final Services PMI,Low,56.0,55.7,55.7
Thu May 4,1:30pm,EUR,Final Services PMI,Low,56.2,56.6,56.6
Thu May 4,2:00pm,GBP,Final Services PMI,Low,55.9,54.9,54.9
Thu May 4,,GBP,M4 Money Supply m/m,Low,-0.6%,0.2%,-0.3%
Thu May 4,,GBP,Mortgage Approvals,Low,52K,46K,44K
Thu May 4,,GBP,Net Lending to Individuals m/m,Low,1.6B,2.8B,2.2B
Thu May 4,2:30pm,EUR,PPI m/m,Low,-1.6%,-1.4%,-0.4%
Thu May 4,2:35pm,EUR,French 10-y Bond Auction,Low,2.83|1.9,,2.70|2.0
Thu May 4,5:00pm,USD,Challenger Job Cuts y/y,Low,175.9%,,319.4%
Thu May 4,5:45pm,EUR,Main Refinancing Rate,High,3.75%,3.75%,3.50%
Thu May 4,,USD,Unemployment Claims,High,242K,239K,229K
Thu May 4,,USD,Prelim Nonfarm Productivity q/q,Low,-2.7%,-1.7%,1.7%
Thu May 4,,USD,Prelim Unit Labor Costs q/q,Low,6.3%,5.6%,3.2%
Thu May 4,,USD,Trade Balance,Low,-64.2B,-63.7B,-70.6B
Thu May 4,8:00pm,USD,Natural Gas Storage,Low,54B,51B,79B
Fri May 5,11:30am,EUR,German Factory Orders m/m,Low,-10.7%,-2.4%,4.5%
Fri May 5,12:15pm,EUR,French Industrial Production m/m,Low,-1.1%,-0.5%,1.4%
Fri May 5,,EUR,French Prelim Private Payrolls q/q,Low,0.2%,0.2%,0.2%
Fri May 5,1:30pm,EUR,Italian Retail Sales m/m,Low,0.0%,-0.3%,-0.1%
Fri May 5,2:00pm,GBP,Construction PMI,Low,51.1,50.9,50.7
Fri May 5,,EUR,Retail Sales m/m,Low,-1.2%,-0.2%,-0.2%
Fri May 5,,USD,Average Hourly Earnings m/m,High,0.5%,0.3%,0.3%
Fri May 5,,USD,Non-Farm Employment Change,High,253K,181K,165K
Fri May 5,,USD,Unemployment Rate,High,3.4%,3.6%,3.5%
Sat May 6,12:30am,USD,Consumer Credit m/m,Low,26.5B,17.3B,15.0B
Mon May 8,11:30am,EUR,German Industrial Production m/m,Low,-3.4%,-1.6%,2.1%
Mon May 8,2:00pm,EUR,Sentix Investor Confidence,Low,-13.1,-7.9,-8.7
Mon May 8,7:30pm,USD,Final Wholesale Inventories m/m,Low,0.0%,0.1%,0.1%
Tue May 9,4:31am,GBP,BRC Retail Sales Monitor y/y,Low,5.2%,4.7%,4.9%
Tue May 9,5:00am,JPY,Average Cash Earnings y/y,Low,0.8%,1.0%,0.8%
Tue May 9,,JPY,Household Spending y/y,Low,-1.9%,0.9%,1.6%
Tue May 9,9:05am,JPY,10-y Bond Auction,Low,0.43|3.6,,0.46|3.8
Tue May 9,11:32am,GBP,Halifax HPI m/m,Low,-0.3%,0.2%,0.8%
Tue May 9,12:15pm,EUR,French Trade Balance,Low,-8.0B,-9.5B,-9.3B
Tue May 9,3:30pm,USD,NFIB Small Business Index,Low,89.0,89.6,90.1
Tue May 9,7:30pm,USD,RCM/TIPP Economic Optimism,Low,41.6,48.2,47.4
Wed May 10,10:30am,JPY,Leading Indicators,Low,97.5%,97.9%,98.0%
Wed May 10,11:30am,EUR,German Final CPI m/m,Low,0.4%,0.4%,0.4%
Wed May 10,1:30pm,EUR,Italian Industrial Production m/m,Low,-0.6%,0.2%,-0.2%
Wed May 10,2:33pm,GBP,10-y Bond Auction,Low,3.85|2.8,,3.59|3.0
Wed May 10,3:05pm,EUR,German 30-y Bond Auction,Low,2.53|2.0,,2.31|1.1
Wed May 10,,USD,Core CPI m/m,High,0.4%,0.3%,0.4%
Wed May 10,,USD,CPI m/m,High,0.4%,0.4%,0.1%
Wed May 10,,USD,CPI y/y,High,4.9%,5.0%,5.0%
Wed May 10,8:00pm,USD,Crude Oil Inventories,Low,3.0M,-2.2M,-1.3M
Wed May 10,10:31pm,USD,10-y Bond Auction,Medium,3.45|2.4,,3.46|2.4
Wed May 10,11:23pm,USD,Federal Budget Balance,Low,176.2B,220.5B,-378.1B
Thu May 11,4:25am,GBP,RICS House Price Balance,Low,-39%,-39%,-43%
Thu May 11,5:20am,JPY,Bank Lending y/y,Low,3.2%,3.0%,3.0%
Thu May 11,,JPY,Current Account,Low,1.01T,1.31T,1.23T
Thu May 11,9:05am,JPY,30-y Bond Auction,Low,1.25|3.5,,1.35|3.2
Thu May 11,10:30am,JPY,Economy Watchers Sentiment,Low,54.6,54.1,53.3
Thu May 11,,GBP,MPC Official Bank Rate Votes,High,7-0-2,7-0-2,7-0-2
Thu May 11,,GBP,Official Bank Rate,High,4.50%,4.50%,4.25%
Thu May 11,6:00pm,USD,Core PPI m/m,High,0.2%,0.2%,0.0%
Thu May 11,,USD,PPI m/m,High,0.2%,0.3%,-0.4%
Thu May 11,,USD,Unemployment Claims,High,264K,245K,242K
Thu May 11,7:30pm,USD,Mortgage Delinquencies,Low,3.56%,,3.96%
Thu May 11,8:00pm,USD,Natural Gas Storage,Low,78B,78B,54B
Thu May 11,10:34pm,USD,30-y Bond Auction,Medium,3.74|2.4,,3.66|2.4
Fri May 12,5:20am,JPY,M2 Money Stock y/y,Low,2.5%,2.5%,2.5%
Fri May 12,11:30am,GBP,GDP m/m,High,-0.3%,0.0%,0.0%
Fri May 12,,GBP,Prelim GDP q/q,Medium,0.1%,0.1%,0.1%
Fri May 12,,GBP,Construction Output m/m,Low,0.2%,-0.4%,2.6%
Fri May 12,,GBP,Goods Trade Balance,Low,-16.4B,-17.5B,-16.6B
Fri May 12,,GBP,Index of Services 3m/3m,Low,0.1%,0.2%,0.1%
Fri May 12,,GBP,Industrial Production m/m,Low,0.7%,0.1%,-0.1%
Fri May 12,,GBP,Manufacturing Production m/m,Low,0.7%,0.0%,0.1%
Fri May 12,,GBP,Prelim Business Investment q/q,Low,0.7%,-0.7%,-0.2%
Fri May 12,12:15pm,EUR,French Final CPI m/m,Low,0.6%,0.6%,0.6%
Fri May 12,5:00pm,GBP,NIESR GDP Estimate,Low,0.1%,,0.1%
Fri May 12,6:00pm,USD,Import Prices m/m,Low,0.4%,0.3%,-0.8%
Fri May 12,7:30pm,USD,Prelim UoM Consumer Sentiment,High,57.7,63.0,63.5
Fri May 12,,USD,Prelim UoM Inflation Expectations,Medium,4.5%,,4.6%
Mon May 15,5:20am,JPY,PPI y/y,Low,5.8%,5.6%,7.4%
Mon May 15,11:29am,JPY,Prelim Machine Tool Orders y/y,Low,-14.4%,,-15.2%
Mon May 15,11:30am,EUR,German WPI m/m,Low,-0.4%,0.3%,0.2%
Mon May 15,,EUR,Industrial Production m/m,Low,-4.1%,-2.5%,1.5%
Mon May 15,6:00pm,USD,Empire State Manufacturing Index,High,-31.8,-3.7,10.8
Mon May 15,7:00pm,GBP,CB Leading Index m/m,Low,-0.9%,,-0.6%
Tue May 16,1:30am,USD,TIC Long-Term Purchases,Low,133.3B,85.4B,56.6B
Tue May 16,11:30am,GBP,Claimant Count Change,High,46.7K,31.2K,26.5K
Tue May 16,,GBP,Average Earnings Index 3m/y,Medium,5.8%,5.8%,5.8%
Tue May 16,,GBP,Unemployment Rate,Low,3.9%,3.8%,3.8%
Tue May 16,2:30pm,EUR,German ZEW Economic Sentiment,Medium,-10.7,-5.4,4.1
Tue May 16,,EUR,Flash Employment Change q/q,Low,0.6%,0.4%,0.3%
Tue May 16,,EUR,Flash GDP q/q,Low,0.1%,0.1%,0.1%
Tue May 16,,EUR,Trade Balance,Low,17.0B,5.6B,-0.2B
Tue May 16,,EUR,ZEW Economic Sentiment,Low,-9.4,-1.0,6.4
Tue May 16,,USD,Core Retail Sales m/m,High,0.4%,0.5%,-0.5%
Tue May 16,,USD,Retail Sales m/m,High,0.4%,0.8%,-0.7%
Tue May 16,6:45pm,USD,Capacity Utilization Rate,Low,79.7%,79.7%,79.4%
Tue May 16,,USD,Industrial Production m/m,Low,0.5%,0.0%,0.4%
Tue May 16,,USD,Business Inventories m/m,Low,-0.1%,0.0%,0.0%
Tue May 16,,USD,NAHB Housing Market Index,Low,50,45,45
Wed May 17,5:20am,JPY,Prelim GDP Price Index y/y,Low,2.0%,2.0%,1.2%
Wed May 17,,JPY,Prelim GDP q/q,Low,0.4%,0.2%,0.0%
Wed May 17,10:00am,JPY,Revised Industrial Production m/m,Low,1.1%,0.8%,0.8%
Wed May 17,1:30pm,EUR,Italian Trade Balance,Low,7.54B,2.50B,2.11B
Wed May 17,2:30pm,EUR,Final Core CPI y/y,Low,5.6%,5.6%,5.6%
Wed May 17,,EUR,Final CPI y/y,Low,7.0%,7.0%,7.0%
Wed May 17,3:04pm,EUR,German 10-y Bond Auction,Low,2.31|2.3,,2.51|1.9
Wed May 17,,USD,Building Permits,Low,1.42M,1.44M,1.43M
Wed May 17,,USD,Housing Starts,Low,1.40M,1.40M,1.37M
Wed May 17,,USD,Crude Oil Inventories,Low,5.0M,-1.5M,3.0M
Thu May 18,5:20am,JPY,Trade Balance,Low,-1.02T,-1.08T,-1.21T
Thu May 18,,USD,Unemployment Claims,High,242K,253K,264K
Thu May 18,,USD,Philly Fed Manufacturing Index,Medium,-10.4,-19.5,-31.3
Thu May 18,,USD,Existing Home Sales,Medium,4.28M,4.30M,4.43M
Thu May 18,,USD,CB Leading Index m/m,Low,-0.6%,-0.6%,-1.2%
Thu May 18,8:00pm,USD,Natural Gas Storage,Low,99B,109B,78B
Fri May 19,4:31am,GBP,GfK Consumer Confidence,Low,-27,-27,-30
Fri May 19,5:00am,JPY,National Core CPI y/y,Low,3.4%,3.4%,3.1%
Fri May 19,10:00am,JPY,Tertiary Industry Activity m/m,Low,-1.7%,0.3%,1.7%
Fri May 19,11:30am,EUR,German PPI m/m,Low,0.3%,-0.5%,-1.4%
Mon May 22,4:31am,GBP,Rightmove HPI m/m,Low,1.8%,,0.2%
Mon May 22,5:20am,JPY,Core Machinery Orders m/m,Low,-3.9%,0.5%,-4.5%
Mon May 22,7:15pm,USD,Cleveland Fed Inflation Expectations,Low,5.0%,,6.0%
Mon May 22,7:30pm,EUR,Consumer Confidence,Low,-17,-17,-18
Tue May 23,6:00am,JPY,Flash Manufacturing PMI,Low,50.8,50.2,49.5
Tue May 23,10:30am,JPY,BOJ Core CPI y/y,Low,3.0%,2.8%,2.9%
Tue May 23,11:30am,GBP,Public Sector Net Borrowing,Low,24.7B,17.5B,20.0B
Tue May 23,12:45pm,EUR,French Flash Manufacturing PMI,High,46.1,46.1,45.6
Tue May 23,,EUR,French Flash Services PMI,High,52.8,54.0,54.6
Tue May 23,1:00pm,EUR,German Flash Manufacturing PMI,High,42.9,44.9,44.5
Tue May 23,,EUR,German Flash Services PMI,High,57.8,55.0,56.0
Tue May 23,1:30pm,EUR,Flash Manufacturing PMI,Medium,44.6,45.9,45.8
Tue May 23,,EUR,Flash Services PMI,Medium,55.9,55.4,56.2
Tue May 23,,EUR,Current Account,Low,31.2B,20.2B,24.5B
Tue May 23,2:00pm,GBP,Flash Manufacturing PMI,High,46.9,47.9,47.8
Tue May 23,,GBP,Flash Services PMI,High,55.1,55.5,55.9
Tue May 23,7:15pm,USD,Flash Manufacturing PMI,High,48.5,50.0,50.2
Tue May 23,,USD,Flash Services PMI,High,55.1,52.6,53.6
Tue May 23,7:29pm,USD,Richmond Manufacturing Index,Medium,-15,-8,-10
Tue May 23,7:30pm,USD,New Home Sales,Medium,683K,665K,656K
Wed May 24,11:30am,GBP,CPI y/y,High,8.7%,8.2%,10.1%
Wed May 24,,GBP,Core CPI y/y,Low,6.8%,6.2%,6.2%
Wed May 24,,GBP,RPI y/y,Low,11.4%,11.1%,13.5%
Wed May 24,11:32am,GBP,PPI Input m/m,Low,-0.3%,0.1%,0.2%
Wed May 24,,GBP,PPI Output m/m,Low,0.0%,0.2%,0.0%
Wed May 24,1:30pm,EUR,German ifo Business Climate,Medium,91.7,93.0,93.4
Wed May 24,2:00pm,GBP,HPI y/y,Low,4.1%,5.2%,5.8%
Wed May 24,,GBP,CBI Industrial Order Expectations,Low,-17,-19,-20
Wed May 24,4:03pm,GBP,10-y Bond Auction,Low,4.24|3.0,,3.85|2.8
Wed May 24,6:27pm,EUR,Belgian NBB Business Climate,Low,-9.2,-6.0,-7.8
Wed May 24,8:00pm,USD,Crude Oil Inventories,Low,-12.5M,1.9M,5.0M
Thu May 25,11:30am,EUR,German Final GDP q/q,Low,-0.3%,0.0%,0.0%
Thu May 25,,EUR,German GfK Consumer Climate,Low,-24.2,-23.6,-25.8
Thu May 25,3:30pm,GBP,CBI Realized Sales,Low,-10,10,5
Thu May 25,6:00pm,USD,Prelim GDP q/q,High,1.3%,1.1%,1.1%
Thu May 25,,USD,Unemployment Claims,High,229K,249K,225K
Thu May 25,,USD,Prelim GDP Price Index q/q,Medium,4.2%,4.0%,4.0%
Thu May 25,7:30pm,USD,Pending Home Sales m/m,Medium,0.0%,1.0%,-5.2%
Thu May 25,8:00pm,USD,Natural Gas Storage,Low,96B,100B,99B
Fri May 26,5:00am,JPY,Tokyo Core CPI y/y,Medium,3.2%,3.4%,3.5%
Fri May 26,5:20am,JPY,SPPI y/y,Low,1.6%,1.4%,1.7%
Fri May 26,11:30am,GBP,Retail Sales m/m,Medium,0.5%,0.3%,-1.2%
Fri May 26,6:00pm,USD,Core PCE Price Index m/m,High,0.4%,0.3%,0.3%
Fri May 26,,USD,Core Durable Goods Orders m/m,Medium,-0.2%,0.0%,0.2%
Fri May 26,,USD,Durable Goods Orders m/m,Medium,1.1%,-1.0%,3.3%
Fri May 26,,USD,Goods Trade Balance,Low,-96.8B,-85.6B,-82.7B
Fri May 26,,USD,Personal Income m/m,Low,0.4%,0.4%,0.3%
Fri May 26,,USD,Personal Spending m/m,Low,0.8%,0.4%,0.1%
Fri May 26,,USD,Prelim Wholesale Inventories m/m,Low,-0.2%,0.2%,0.0%
Fri May 26,7:30pm,USD,Revised UoM Consumer Sentiment,Medium,59.2,58.2,57.7
Fri May 26,,USD,Revised UoM Inflation Expectations,Low,4.2%,,4.5%
Tue May 30,4:31am,GBP,BRC Shop Price Index y/y,Low,9.0%,,8.8%
Tue May 30,5:00am,JPY,Unemployment Rate,Low,2.6%,2.7%,2.8%
Tue May 30,,EUR,Spanish Flash CPI y/y,Medium,3.2%,3.6%,4.1%
Tue May 30,1:30pm,EUR,M3 Money Supply y/y,Low,1.9%,2.1%,2.5%
Tue May 30,,EUR,Private Loans y/y,Low,2.5%,2.7%,2.9%
Tue May 30,2:44pm,EUR,Italian 10-y Bond Auction,Low,4.24|1.5,,4.42|1.3
Tue May 30,6:30pm,USD,HPI m/m,Low,0.6%,0.2%,0.7%
Tue May 30,,USD,S&P/CS Composite-20 HPI y/y,Low,-1.1%,-1.7%,0.4%
Tue May 30,7:30pm,USD,CB Consumer Confidence,High,102.3,99.1,103.7
Wed May 31,5:20am,JPY,Prelim Industrial Production m/m,Low,-0.4%,1.4%,1.1%
Wed May 31,,JPY,Retail Sales y/y,Low,5.0%,7.1%,6.9%
Wed May 31,10:30am,JPY,Consumer Confidence,Low,36.0,36.1,35.4
Wed May 31,,JPY,Housing Starts y/y,Low,-11.9%,-0.9%,-3.2%
Wed May 31,11:30am,EUR,German Import Prices m/m,Low,-1.7%,-0.6%,-1.1%
Wed May 31,All Day,EUR,German Prelim CPI m/m,High,-0.1%,0.2%,0.4%
Wed May 31,12:15pm,EUR,French Consumer Spending m/m,Low,-1.0%,0.3%,-0.8%
Wed May 31,,EUR,French Prelim CPI m/m,Low,-0.1%,0.3%,0.6%
Wed May 31,,EUR,French Prelim GDP q/q,Low,0.2%,0.2%,0.2%
Wed May 31,1:25pm,EUR,German Unemployment Change,Low,9K,14K,23k
Wed May 31,2:30pm,EUR,Italian Prelim CPI m/m,Low,0.3%,-0.1%,0.4%
Wed May 31,7:15pm,USD,Chicago PMI,Low,40.4,47.1,48.6
Wed May 31,7:30pm,USD,JOLTS Job Openings,High,10.10M,9.41M,9.75M
Thu Jun 1,5:20am,JPY,Capital Spending q/y,Low,11.0%,6.1%,7.7%
Thu Jun 1,Tentative,JPY,Final Manufacturing PMI,Low,50.6,50.8,50.8
Thu Jun 1,9:05am,JPY,10-y Bond Auction,Low,0.44|3.7,,0.43|3.6
Thu Jun 1,,EUR,German Retail Sales m/m,Low,0.8%,1.0%,-1.3%
Thu Jun 1,,GBP,Nationwide HPI m/m,Low,-0.1%,-0.5%,0.4%
Thu Jun 1,12:15pm,EUR,French Gov Budget Balance,Low,-83.7B,,-54.7B
Thu Jun 1,12:45pm,EUR,Spanish Manufacturing PMI,Low,48.4,47.9,49.0
Thu Jun 1,1:15pm,EUR,Italian Manufacturing PMI,Low,45.9,45.8,46.8
Thu Jun 1,1:20pm,EUR,French Final Manufacturing PMI,Low,45.7,46.1,46.1
Thu Jun 1,1:25pm,EUR,German Final Manufacturing PMI,Low,43.2,42.9,42.9
Thu Jun 1,1:30pm,EUR,Final Manufacturing PMI,Low,44.8,44.6,44.6
Thu Jun 1,,EUR,Italian Monthly Unemployment Rate,Low,7.8%,7.8%,7.9%
Thu Jun 1,2:00pm,GBP,Final Manufacturing PMI,Low,47.1,46.9,46.9
Thu Jun 1,,GBP,M4 Money Supply m/m,Low,0.0%,-0.2%,-0.6%
Thu Jun 1,,GBP,Mortgage Approvals,Low,49K,54K,51K
Thu Jun 1,,GBP,Net Lending to Individuals m/m,Low,0.2B,2.2B,1.6B
Thu Jun 1,2:29pm,EUR,French 10-y Bond Auction,Low,2.85|1.9,,2.83|1.9
Thu Jun 1,2:30pm,EUR,CPI Flash Estimate y/y,High,6.1%,6.3%,7.0%
Thu Jun 1,,EUR,Core CPI Flash Estimate y/y,Medium,5.3%,5.5%,5.6%
Thu Jun 1,,EUR,Unemployment Rate,Low,6.5%,6.5%,6.5%
Thu Jun 1,,USD,Challenger Job Cuts y/y,Low,286.7%,,175.9%
Thu Jun 1,5:45pm,USD,ADP Non-Farm Employment Change,High,278K,173K,291K
Thu Jun 1,6:00pm,USD,Unemployment Claims,High,232K,236K,230K
Thu Jun 1,,USD,Revised Nonfarm Productivity q/q,Low,-2.1%,-2.6%,-2.7%
Thu Jun 1,,USD,Revised Unit Labor Costs q/q,Low,4.2%,6.2%,6.3%
Thu Jun 1,7:15pm,USD,Final Manufacturing PMI,Low,48.4,48.5,48.5
Thu Jun 1,7:30pm,USD,ISM Manufacturing PMI,High,46.9,47.0,47.1
Thu Jun 1,,USD,ISM Manufacturing Prices,Medium,44.2,52.4,53.2
Thu Jun 1,,USD,Construction Spending m/m,Low,1.2%,0.2%,0.3%
Thu Jun 1,All Day,USD,Wards Total Vehicle Sales,Low,15.1M,15.3M,15.9M
Thu Jun 1,8:00pm,USD,Natural Gas Storage,Low,110B,106B,96B
Thu Jun 1,8:30pm,USD,Crude Oil Inventories,Low,4.5M,-1.4M,-12.5M
Fri Jun 2,5:20am,JPY,Monetary Base y/y,Low,-1.1%,-1.4%,-1.7%
Fri Jun 2,12:15pm,EUR,French Industrial Production m/m,Low,0.8%,0.3%,-1.1%
Fri Jun 2,12:30pm,EUR,Spanish Unemployment Change,Low,-49.3K,-40.1K,-73.9K
Fri Jun 2,6:00pm,USD,Average Hourly Earnings m/m,High,0.3%,0.3%,0.4%
Fri Jun 2,,USD,Non-Farm Employment Change,High,339K,193K,294K
Fri Jun 2,,USD,Unemployment Rate,High,3.7%,3.5%,3.4%
Mon Jun 5,11:30am,EUR,German Trade Balance,Low,18.4B,16.1B,14.9B
Mon Jun 5,12:45pm,EUR,Spanish Services PMI,Low,56.7,56.9,57.9
Mon Jun 5,1:15pm,EUR,Italian Services PMI,Low,54.0,57.0,57.6
Mon Jun 5,1:20pm,EUR,French Final Services PMI,Low,52.5,52.8,52.8
Mon Jun 5,1:25pm,EUR,German Final Services PMI,Low,57.2,57.8,57.8
Mon Jun 5,1:30pm,EUR,Final Services PMI,Low,55.1,55.9,55.9
Mon Jun 5,2:00pm,EUR,Sentix Investor Confidence,Low,-17.0,-15.2,-13.1
Mon Jun 5,,GBP,Final Services PMI,Low,55.2,55.1,55.1
Mon Jun 5,2:30pm,EUR,PPI m/m,Low,-3.2%,-3.0%,-1.3%
Mon Jun 5,7:15pm,USD,Final Services PMI,Low,54.9,55.1,55.1
Mon Jun 5,,USD,ISM Services PMI,High,50.3,52.6,51.9
Mon Jun 5,,USD,Factory Orders m/m,Low,0.4%,0.8%,0.6%
Tue Jun 6,4:31am,GBP,BRC Retail Sales Monitor y/y,Low,3.7%,5.2%,5.2%
Tue Jun 6,5:00am,JPY,Average Cash Earnings y/y,Low,1.0%,1.7%,1.3%
Tue Jun 6,,JPY,Household Spending y/y,Low,-4.4%,-2.2%,-1.9%
Tue Jun 6,9:05am,JPY,30-y Bond Auction,Low,1.26|3.1,,1.25|3.5
Tue Jun 6,11:30am,EUR,German Factory Orders m/m,Low,-0.4%,2.7%,-10.9%
Tue Jun 6,2:00pm,GBP,Construction PMI,Low,51.6,50.9,51.1
Tue Jun 6,2:30pm,EUR,Retail Sales m/m,Low,0.0%,0.2%,-0.4%
Tue Jun 6,2:34pm,GBP,30-y Bond Auction,Low,4.48|2.6,,4.08|2.5
Tue Jun 6,,USD,RCM/TIPP Economic Optimism,Low,41.7,45.2,41.6
Wed Jun 7,10:30am,JPY,Leading Indicators,Low,97.6%,98.3%,97.7%
Wed Jun 7,11:30am,EUR,German Industrial Production m/m,Low,0.3%,0.7%,-2.1%
Wed Jun 7,,GBP,Halifax HPI m/m,Low,0.0%,0.2%,-0.4%
Wed Jun 7,12:15pm,EUR,French Trade Balance,Low,-9.7B,-7.7B,-8.4B
Wed Jun 7,1:30pm,EUR,Italian Retail Sales m/m,Low,0.2%,0.3%,0.0%
Wed Jun 7,,USD,Trade Balance,Low,-74.6B,-75.8B,-60.6B
Wed Jun 7,8:00pm,USD,Crude Oil Inventories,Low,-0.5M,1.2M,4.5M
Thu Jun 8,12:30am,USD,Consumer Credit m/m,Low,23.0B,22.2B,22.8B
Thu Jun 8,4:31am,GBP,RICS House Price Balance,Low,-30%,-39%,-39%
Thu Jun 8,5:20am,JPY,Bank Lending y/y,Low,3.4%,3.1%,3.2%
Thu Jun 8,,JPY,Current Account,Low,1.90T,1.39T,1.01T
Thu Jun 8,,JPY,Final GDP Price Index y/y,Low,2.0%,2.0%,2.0%
Thu Jun 8,,JPY,Final GDP q/q,Low,0.7%,0.5%,0.4%
Thu Jun 8,10:30am,JPY,Economy Watchers Sentiment,Low,55.0,55.1,54.6
Thu Jun 8,11:00am,EUR,French Final Private Payrolls q/q,Low,0.4%,0.2%,0.2%
Thu Jun 8,2:30pm,EUR,Final Employment Change q/q,Low,0.6%,0.6%,0.6%
Thu Jun 8,,EUR,Revised GDP q/q,Low,-0.1%,0.0%,0.1%
Thu Jun 8,6:00pm,USD,Unemployment Claims,High,261K,236K,233K
Thu Jun 8,7:30pm,USD,Final Wholesale Inventories m/m,Low,-0.1%,-0.2%,-0.2%
Thu Jun 8,8:00pm,USD,Natural Gas Storage,Low,104B,115B,110B
Fri Jun 9,5:20am,JPY,M2 Money Stock y/y,Low,2.7%,2.7%,2.6%
Fri Jun 9,1:30pm,EUR,Italian Industrial Production m/m,Low,-1.9%,0.2%,-0.6%
Mon Jun 12,5:20am,JPY,PPI y/y,Low,5.1%,5.6%,5.9%
Mon Jun 12,11:28am,JPY,Prelim Machine Tool Orders y/y,Low,-22.2%,,-14.4%
Mon Jun 12,10:31pm,USD,10-y Bond Auction,Medium,3.79|2.4,,3.45|2.4
Mon Jun 12,11:30pm,USD,Federal Budget Balance,Low,-240.3B,-230.0B,176.2B
Tue Jun 13,5:20am,JPY,BSI Manufacturing Index,Low,-0.4,-4.2,-10.5
Tue Jun 13,11:30am,EUR,German Final CPI m/m,Low,-0.1%,-0.1%,-0.1%
Tue Jun 13,,GBP,Claimant Count Change,High,-13.6K,21.4K,23.4K
Tue Jun 13,,GBP,Average Earnings Index 3m/y,Medium,6.5%,6.1%,6.1%
Tue Jun 13,,GBP,Unemployment Rate,Low,3.8%,4.0%,3.9%
Tue Jun 13,1:30pm,EUR,Italian Quarterly Unemployment Rate,Low,8.0%,7.8%,7.9%
Tue Jun 13,2:30pm,EUR,German ZEW Economic Sentiment,Medium,-8.5,-13.4,-10.7
Tue Jun 13,,EUR,ZEW Economic Sentiment,Low,-10.0,-12.1,-9.4
Tue Jun 13,2:32pm,GBP,10-y Bond Auction,Low,4.35|2.3,,4.24|3.0
Tue Jun 13,3:24pm,USD,NFIB Small Business Index,Low,89.4,88.5,89.0
Tue Jun 13,6:00pm,USD,Core CPI m/m,High,0.4%,0.4%,0.4%
Tue Jun 13,,USD,CPI m/m,High,0.1%,0.2%,0.4%
Tue Jun 13,,USD,CPI y/y,High,4.0%,4.1%,4.9%
Tue Jun 13,7:00pm,GBP,CB Leading Index m/m,Low,-0.5%,,-0.6%
Tue Jun 13,10:31pm,USD,30-y Bond Auction,Low,3.91|2.5,,3.74|2.4
Wed Jun 14,11:30am,EUR,German WPI m/m,Low,-1.1%,-0.1%,-0.4%
Wed Jun 14,,GBP,GDP m/m,High,0.2%,0.2%,-0.3%
Wed Jun 14,,GBP,Construction Output m/m,Low,-0.6%,0.0%,0.2%
Wed Jun 14,,GBP,Goods Trade Balance,Low,-15.0B,-16.5B,-16.4B
Wed Jun 14,,GBP,Index of Services 3m/3m,Low,-0.1%,-0.1%,0.1%
Wed Jun 14,,GBP,Industrial Production m/m,Low,-0.3%,-0.1%,0.7%
Wed Jun 14,,GBP,Manufacturing Production m/m,Low,-0.3%,-0.1%,0.7%
Wed Jun 14,2:30pm,EUR,Industrial Production m/m,Low,1.0%,0.8%,-3.8%
Wed Jun 14,3:03pm,EUR,German 10-y Bond Auction,Low,2.43|1.9,,2.31|2.3
Wed Jun 14,4:45pm,GBP,NIESR GDP Estimate,Low,0.0%,,0.1%
Wed Jun 14,6:00pm,USD,Core PPI m/m,High,0.2%,0.2%,0.2%
Wed Jun 14,,USD,PPI m/m,High,-0.3%,-0.1%,0.2%
Wed Jun 14,8:00pm,USD,Crude Oil Inventories,Low,7.9M,-1.3M,-0.5M
Wed Jun 14,11:30pm,USD,Federal Funds Rate,High,5.25%,5.25%,5.25%
Thu Jun 15,5:20am,JPY,Core Machinery Orders m/m,Low,5.5%,3.1%,-3.9%
Thu Jun 15,,JPY,Trade Balance,Low,-0.78T,-0.81T,-1.04T
Thu Jun 15,10:00am,JPY,Tertiary Industry Activity m/m,Low,1.2%,0.5%,-1.5%
Thu Jun 15,12:15pm,EUR,French Final CPI m/m,Low,-0.1%,-0.1%,-0.1%
Thu Jun 15,2:30pm,EUR,Trade Balance,Low,-7.1B,16.8B,14.0B
Thu Jun 15,5:45pm,EUR,Main Refinancing Rate,High,4.00%,4.00%,3.75%
Thu Jun 15,,USD,Core Retail Sales m/m,High,0.1%,0.1%,0.4%
Thu Jun 15,,USD,Empire State Manufacturing Index,High,6.6,-15.0,-31.8
Thu Jun 15,,USD,Retail Sales m/m,High,0.3%,-0.2%,0.4%
Thu Jun 15,,USD,Unemployment Claims,High,262K,246K,262K
Thu Jun 15,,USD,Philly Fed Manufacturing Index,Medium,-13.7,-13.9,-10.4
Thu Jun 15,,USD,Import Prices m/m,Low,-0.6%,-0.5%,0.3%
Thu Jun 15,6:45pm,USD,Industrial Production m/m,Medium,-0.2%,0.1%,0.5%
Thu Jun 15,,USD,Capacity Utilization Rate,Low,79.6%,79.7%,79.8%
Thu Jun 15,7:30pm,USD,Business Inventories m/m,Low,0.2%,0.2%,-0.2%
Thu Jun 15,8:00pm,USD,Natural Gas Storage,Low,84B,97B,104B
Fri Jun 16,1:30am,USD,TIC Long-Term Purchases,Low,127.8B,78.7B,205.6B
Fri Jun 16,,JPY,BOJ Policy Rate,Medium,-0.10%,-0.10%,-0.10%
Fri Jun 16,2:00pm,GBP,Consumer Inflation Expectations,Low,3.5%,,3.9%
Fri Jun 16,2:30pm,EUR,Final Core CPI y/y,Low,5.3%,5.3%,5.3%
Fri Jun 16,,EUR,Final CPI y/y,Low,6.1%,6.1%,6.1%
Fri Jun 16,,EUR,Italian Trade Balance,Low,0.32B,3.29B,7.62B
Fri Jun 16,7:30pm,USD,Prelim UoM Consumer Sentiment,High,63.9,60.1,59.2
Fri Jun 16,,USD,Prelim UoM Inflation Expectations,Medium,3.3%,,4.2%
Mon Jun 19,4:31am,GBP,Rightmove HPI m/m,Low,0.0%,,1.8%
Mon Jun 19,7:30pm,USD,NAHB Housing Market Index,Low,55,51,50
Tue Jun 20,10:00am,JPY,Revised Industrial Production m/m,Low,0.7%,-0.4%,-0.4%
Tue Jun 20,,EUR,German PPI m/m,Low,-1.4%,-0.7%,0.3%
Tue Jun 20,1:32pm,EUR,Current Account,Low,3.6B,27.3B,31.2B
Tue Jun 20,6:00pm,USD,Building Permits,Low,1.49M,1.42M,1.42M
Tue Jun 20,,USD,Housing Starts,Low,1.63M,1.40M,1.34M
Wed Jun 21,11:30am,GBP,PPI Input m/m,Low,-1.5%,-0.5%,0.1%
Wed Jun 21,,GBP,PPI Output m/m,Low,-0.5%,-0.1%,-0.2%
Wed Jun 21,11:32am,GBP,CPI y/y,High,8.7%,8.4%,8.7%
Wed Jun 21,,GBP,Core CPI y/y,Low,7.1%,6.8%,6.8%
Wed Jun 21,,GBP,Public Sector Net Borrowing,Low,19.2B,19.9B,22.0B
Wed Jun 21,,GBP,RPI y/y,Low,11.3%,11.2%,11.4%
Wed Jun 21,2:00pm,GBP,HPI y/y,Low,3.5%,2.6%,4.1%
Wed Jun 21,3:08pm,EUR,German 30-y Bond Auction,Low,2.37|2.3,,2.53|2.0
Wed Jun 21,3:30pm,GBP,CBI Industrial Order Expectations,Low,-15,-18,-17
Thu Jun 22,,GBP,MPC Official Bank Rate Votes,High,7-0-2,7-0-2,7-0-2
Thu Jun 22,,GBP,Official Bank Rate,High,5.00%,4.75%,4.50%
Thu Jun 22,6:00pm,USD,Unemployment Claims,High,264K,261K,264K
Thu Jun 22,,USD,Current Account,Low,-219B,-214B,-216B
Thu Jun 22,7:30pm,EUR,Consumer Confidence,Low,-16,-17,-17
Thu Jun 22,,USD,Existing Home Sales,Medium,4.30M,4.25M,4.29M
Thu Jun 22,,USD,CB Leading Index m/m,Low,-0.7%,-0.8%,-0.6%
Thu Jun 22,8:00pm,USD,Natural Gas Storage,Low,95B,89B,84B
Thu Jun 22,8:30pm,USD,Crude Oil Inventories,Low,-3.8M,0.3M,7.9M
Fri Jun 23,4:31am,GBP,GfK Consumer Confidence,Low,-24,-26,-27
Fri Jun 23,5:00am,JPY,National Core CPI y/y,Low,3.2%,3.1%,3.4%
Fri Jun 23,6:00am,JPY,Flash Manufacturing PMI,Low,49.8,50.2,50.6
Fri Jun 23,11:30am,GBP,Retail Sales m/m,Medium,0.3%,-0.2%,0.5%
Fri Jun 23,12:45pm,EUR,French Flash Manufacturing PMI,High,45.5,45.4,45.7
Fri Jun 23,,EUR,French Flash Services PMI,High,48.0,52.2,52.5
Fri Jun 23,1:00pm,EUR,German Flash Manufacturing PMI,High,41.0,43.6,43.2
Fri Jun 23,,EUR,German Flash Services PMI,High,54.1,56.3,57.2
Fri Jun 23,1:30pm,EUR,Flash Manufacturing PMI,Medium,43.6,44.8,44.8
Fri Jun 23,,EUR,Flash Services PMI,Medium,52.4,54.4,55.1
Fri Jun 23,2:00pm,GBP,Flash Manufacturing PMI,High,46.2,46.9,47.1
Fri Jun 23,,GBP,Flash Services PMI,High,53.7,54.8,55.2
Fri Jun 23,6:29pm,EUR,Belgian NBB Business Climate,Low,-12.1,-10.3,-9.2
Fri Jun 23,7:15pm,USD,Flash Manufacturing PMI,High,46.3,48.6,48.4
Fri Jun 23,,USD,Flash Services PMI,High,54.1,53.9,54.9
Mon Jun 26,,JPY,SPPI y/y,Low,1.6%,1.8%,1.6%
Mon Jun 26,1:30pm,EUR,German ifo Business Climate,Medium,88.5,90.7,91.5
Mon Jun 26,,GBP,CBI Realized Sales,Low,-9,-6,-10
Tue Jun 27,4:31am,GBP,BRC Shop Price Index y/y,Low,8.4%,,9.0%
Tue Jun 27,10:29am,JPY,BOJ Core CPI y/y,Low,3.1%,3.1%,3.0%
Tue Jun 27,,USD,Core Durable Goods Orders m/m,Medium,0.6%,0.0%,-0.3%
Tue Jun 27,,USD,Durable Goods Orders m/m,Medium,1.7%,-0.8%,1.2%
Tue Jun 27,,USD,HPI m/m,Low,0.7%,0.5%,0.5%
Tue Jun 27,,USD,S&P/CS Composite-20 HPI y/y,Low,-1.7%,-2.5%,-1.1%
Tue Jun 27,7:29pm,USD,Richmond Manufacturing Index,Medium,-7,-12,-15
Tue Jun 27,7:30pm,USD,CB Consumer Confidence,High,109.7,103.9,102.5
Tue Jun 27,,USD,New Home Sales,Medium,763K,677K,680K
Wed Jun 28,11:30am,EUR,German GfK Consumer Climate,Low,-25.4,-22.9,-24.4
Wed Jun 28,,EUR,M3 Money Supply y/y,Low,1.4%,1.5%,1.9%
Wed Jun 28,,EUR,Private Loans y/y,Low,2.1%,2.3%,2.5%
Wed Jun 28,2:30pm,EUR,Italian Prelim CPI m/m,Low,0.0%,0.3%,0.3%
Wed Jun 28,6:00pm,USD,Goods Trade Balance,Low,-91.1B,-93.3B,-97.1B
Wed Jun 28,,USD,Prelim Wholesale Inventories m/m,Low,-0.1%,-0.1%,-0.1%
Wed Jun 28,8:00pm,USD,Crude Oil Inventories,Low,-9.6M,-1.4M,-3.8M
Thu Jun 29,5:20am,JPY,Retail Sales y/y,Low,5.7%,5.2%,5.1%
Thu Jun 29,10:29am,JPY,Consumer Confidence,Low,36.2,36.2,36.0
Thu Jun 29,All Day,EUR,German Prelim CPI m/m,High,0.3%,0.2%,-0.1%
Thu Jun 29,12:30pm,EUR,Spanish Flash CPI y/y,Medium,1.9%,1.7%,3.2%
Thu Jun 29,2:00pm,GBP,M4 Money Supply m/m,Low,0.2%,0.2%,-0.1%
Thu Jun 29,,GBP,Mortgage Approvals,Low,51K,50K,49K
Thu Jun 29,,GBP,Net Lending to Individuals m/m,Low,1.1B,-0.6B,0.0B
Thu Jun 29,6:00pm,USD,Final GDP q/q,High,2.0%,1.4%,1.3%
Thu Jun 29,,USD,Final GDP Price Index q/q,Medium,4.1%,4.2%,4.2%
Thu Jun 29,6:02pm,USD,Unemployment Claims,High,239K,264K,265K
Thu Jun 29,7:30pm,USD,Pending Home Sales m/m,Medium,-2.7%,-0.5%,-0.4%
Thu Jun 29,8:00pm,USD,Natural Gas Storage,Low,76B,83B,95B
Fri Jun 30,5:00am,JPY,Tokyo Core CPI y/y,Medium,3.2%,3.4%,3.1%
Fri Jun 30,,JPY,Unemployment Rate,Low,2.6%,2.6%,2.6%
Fri Jun 30,5:20am,JPY,Prelim Industrial Production m/m,Low,-1.6%,-0.9%,0.7%
Fri Jun 30,10:30am,JPY,Housing Starts y/y,Low,3.5%,-2.6%,-11.9%
Fri Jun 30,11:30am,EUR,German Import Prices m/m,Low,-1.4%,-1.5%,-1.7%
Fri Jun 30,,EUR,German Retail Sales m/m,Low,0.4%,0.0%,0.7%
Fri Jun 30,,GBP,Current Account,Low,-10.8B,-9.8B,-2.5B
Fri Jun 30,,GBP,Final GDP q/q,Low,0.1%,0.1%,0.1%
Fri Jun 30,,GBP,Nationwide HPI m/m,Low,0.1%,-0.3%,-0.1%
Fri Jun 30,,GBP,Revised Business Investment q/q,Low,3.3%,0.7%,0.7%
Fri Jun 30,12:15pm,EUR,French Consumer Spending m/m,Low,0.5%,0.7%,-0.8%
Fri Jun 30,,EUR,French Prelim CPI m/m,Low,0.2%,0.2%,-0.1%
Fri Jun 30,1:25pm,EUR,German Unemployment Change,Low,28K,14K,13K
Fri Jun 30,1:30pm,EUR,Italian Monthly Unemployment Rate,Low,7.6%,7.9%,7.8%
Fri Jun 30,2:30pm,EUR,Core CPI Flash Estimate y/y,Medium,5.4%,5.5%,5.3%
Fri Jun 30,,EUR,CPI Flash Estimate y/y,Medium,5.5%,5.6%,6.1%
Fri Jun 30,,EUR,Unemployment Rate,Low,6.5%,6.5%,6.5%
Fri Jun 30,2:43pm,EUR,Italian 10-y Bond Auction,Low,4.13|1.4,,4.24|1.5
Fri Jun 30,,USD,Core PCE Price Index m/m,High,0.3%,0.3%,0.4%
Fri Jun 30,,USD,Personal Income m/m,Low,0.4%,0.3%,0.3%
Fri Jun 30,,USD,Personal Spending m/m,Low,0.1%,0.2%,0.6%
Fri Jun 30,7:15pm,USD,Chicago PMI,Low,41.5,43.6,40.4
Fri Jun 30,7:30pm,USD,Revised UoM Consumer Sentiment,Medium,64.4,63.9,63.9
Fri Jun 30,,USD,Revised UoM Inflation Expectations,Low,3.3%,,3.3%
Mon Jul 3,5:20am,JPY,Tankan Manufacturing Index,Low,5,3,1
Mon Jul 3,,JPY,Tankan Non-Manufacturing Index,Low,23,22,20
Mon Jul 3,6:00am,JPY,Final Manufacturing PMI,Low,49.8,49.8,49.8
Mon Jul 3,12:15pm,EUR,French Gov Budget Balance,Low,-107.2B,,-83.7B
Mon Jul 3,12:45pm,EUR,Spanish Manufacturing PMI,Medium,48.0,48.0,48.4
Mon Jul 3,1:15pm,EUR,Italian Manufacturing PMI,Low,43.8,45.4,45.9
Mon Jul 3,1:20pm,EUR,French Final Manufacturing PMI,Low,46.0,45.5,45.5
Mon Jul 3,1:25pm,EUR,German Final Manufacturing PMI,Low,40.6,41.0,41.0
Mon Jul 3,1:30pm,EUR,Final Manufacturing PMI,Low,43.4,43.6,43.6
Mon Jul 3,2:00pm,GBP,Final Manufacturing PMI,Low,46.5,46.2,46.2
Mon Jul 3,7:15pm,USD,Final Manufacturing PMI,Low,46.3,46.3,46.3
Mon Jul 3,7:30pm,USD,ISM Manufacturing PMI,High,46.0,47.2,46.9
Mon Jul 3,,USD,ISM Manufacturing Prices,Medium,41.8,44.0,44.2
Mon Jul 3,,USD,Construction Spending m/m,Low,0.9%,0.4%,0.4%
Tue Jul 4,5:20am,JPY,Monetary Base y/y,Low,-1.0%,-0.7%,-1.1%
Tue Jul 4,9:05am,JPY,10-y Bond Auction,Low,0.43|4.0,,0.44|3.7
Tue Jul 4,11:30am,EUR,German Trade Balance,Low,14.4B,17.3B,16.5B
Tue Jul 4,12:30pm,EUR,Spanish Unemployment Change,Low,-50.3K,-63.5K,-49.3K
Tue Jul 4,2:33pm,GBP,30-y Bond Auction,Low,4.39|2.6,,4.48|2.6
Wed Jul 5,12:15pm,EUR,French Industrial Production m/m,Low,1.2%,-0.3%,0.8%
Wed Jul 5,12:45pm,EUR,Spanish Services PMI,Low,53.4,55.8,56.7
Wed Jul 5,1:15pm,EUR,Italian Services PMI,Low,52.2,53.0,54.0
Wed Jul 5,1:20pm,EUR,French Final Services PMI,Low,48.0,48.0,48.0
Wed Jul 5,1:25pm,EUR,German Final Services PMI,Low,54.1,54.1,54.1
Wed Jul 5,1:30pm,EUR,Final Services PMI,Low,52.0,52.4,52.4
Wed Jul 5,2:00pm,GBP,Final Services PMI,Low,53.7,53.7,53.7
Wed Jul 5,2:30pm,EUR,PPI m/m,Low,-1.9%,-1.7%,-3.2%
Wed Jul 5,3:03pm,EUR,German 10-y Bond Auction,Low,2.39|2.2,,2.43|1.9
Wed Jul 5,7:30pm,USD,Factory Orders m/m,Low,0.3%,0.7%,0.3%
Wed Jul 5,All Day,USD,Wards Total Vehicle Sales,Low,15.7M,15.3M,15.1M
Thu Jul 6,9:05am,JPY,30-y Bond Auction,Low,1.22|3.0,,1.26|3.1
Thu Jul 6,11:30am,EUR,German Factory Orders m/m,Low,6.4%,1.1%,0.2%
Thu Jul 6,2:00pm,GBP,Construction PMI,Low,48.9,50.9,51.6
Thu Jul 6,,GBP,Housing Equity Withdrawal q/q,Low,-22.9B,-10.7B,-15.3B
Thu Jul 6,2:17pm,EUR,Spanish 10-y Bond Auction,Low,3.55|1.5,,3.51|1.4
Thu Jul 6,2:28pm,EUR,French 10-y Bond Auction,Low,3.04|1.9,,2.85|1.9
Thu Jul 6,2:30pm,EUR,Retail Sales m/m,Low,0.0%,0.2%,0.0%
Thu Jul 6,5:00pm,USD,Challenger Job Cuts y/y,Low,25.2%,,286.7%
Thu Jul 6,5:45pm,USD,ADP Non-Farm Employment Change,High,497K,226K,267K
Thu Jul 6,,USD,Unemployment Claims,High,248K,247K,236K
Thu Jul 6,,USD,Trade Balance,Low,-69.0B,-68.9B,-74.4B
Thu Jul 6,7:15pm,USD,Final Services PMI,Low,54.4,54.1,54.1
Thu Jul 6,7:30pm,USD,ISM Services PMI,High,53.9,51.3,50.3
Thu Jul 6,,USD,JOLTS Job Openings,High,9.82M,9.93M,10.32M
Thu Jul 6,8:30pm,USD,Crude Oil Inventories,Low,-1.5M,-2.0M,-9.6M
Fri Jul 7,5:00am,JPY,Average Cash Earnings y/y,Low,2.5%,1.2%,0.8%
Fri Jul 7,,JPY,Household Spending y/y,Low,-4.0%,-2.4%,-4.4%
Fri Jul 7,10:30am,JPY,Leading Indicators,Low,109.5%,97.5%,96.8%
Fri Jul 7,11:30am,EUR,German Industrial Production m/m,Low,-0.2%,0.0%,0.3%
Fri Jul 7,,GBP,Halifax HPI m/m,Low,-0.1%,0.1%,-0.2%
Fri Jul 7,12:15pm,EUR,French Trade Balance,Low,-8.4B,-9.5B,-10.6B
Fri Jul 7,1:30pm,EUR,Italian Retail Sales m/m,Low,0.7%,-0.2%,0.2%
Fri Jul 7,,USD,Average Hourly Earnings m/m,High,0.4%,0.3%,0.4%
Fri Jul 7,,USD,Non-Farm Employment Change,High,209K,224K,306K
Fri Jul 7,,USD,Unemployment Rate,High,3.6%,3.6%,3.7%
Fri Jul 7,,USD,Natural Gas Storage,Low,72B,65B,76B
Mon Jul 10,5:20am,JPY,Bank Lending y/y,Low,3.2%,3.5%,3.4%
Mon Jul 10,,JPY,Current Account,Low,1.70T,1.87T,1.90T
Mon Jul 10,10:30am,JPY,Economy Watchers Sentiment,Low,53.6,54.8,55.0
Mon Jul 10,2:00pm,EUR,Sentix Investor Confidence,Low,-22.5,-18.0,-17.0
Mon Jul 10,7:30pm,USD,Final Wholesale Inventories m/m,Low,0.0%,-0.1%,-0.1%
Tue Jul 11,12:30am,USD,Consumer Credit m/m,Low,7.2B,21.1B,20.3B
Tue Jul 11,4:31am,GBP,BRC Retail Sales Monitor y/y,Low,4.2%,4.6%,3.7%
Tue Jul 11,5:20am,JPY,M2 Money Stock y/y,Low,2.6%,2.7%,2.6%
Tue Jul 11,11:29am,JPY,Prelim Machine Tool Orders y/y,Low,-21.7%,,-22.1%
Tue Jul 11,11:30am,EUR,German Final CPI m/m,Low,0.3%,0.3%,0.3%
Tue Jul 11,,GBP,Claimant Count Change,High,25.7K,20.5K,-22.5K
Tue Jul 11,,GBP,Average Earnings Index 3m/y,Medium,6.9%,6.8%,6.7%
Tue Jul 11,,GBP,Unemployment Rate,Low,4.0%,3.8%,3.8%
Tue Jul 11,1:30pm,EUR,Italian Industrial Production m/m,Low,1.6%,0.6%,-2.0%
Tue Jul 11,2:30pm,EUR,German ZEW Economic Sentiment,Medium,-14.7,-10.7,-8.5
Tue Jul 11,,EUR,ZEW Economic Sentiment,Low,-12.2,-10.2,-10.0
Tue Jul 11,3:20pm,USD,NFIB Small Business Index,Low,91.0,89.9,89.4
Tue Jul 11,7:30pm,USD,RCM/TIPP Economic Optimism,Low,41.3,45.3,41.7
Wed Jul 12,5:20am,JPY,Core Machinery Orders m/m,Low,-7.6%,0.9%,5.5%
Wed Jul 12,,JPY,PPI y/y,Low,4.1%,4.3%,5.2%
Wed Jul 12,2:33pm,GBP,10-y Bond Auction,Low,4.60|2.7,,4.35|2.3
Wed Jul 12,3:05pm,EUR,German 10-y Bond Auction,Low,2.64|1.9,,2.39|2.2
Wed Jul 12,6:00pm,USD,Core CPI m/m,High,0.2%,0.3%,0.4%
Wed Jul 12,,USD,CPI m/m,High,0.2%,0.3%,0.1%
Wed Jul 12,,USD,CPI y/y,High,3.0%,3.1%,4.0%
Wed Jul 12,7:00pm,GBP,CB Leading Index m/m,Low,-0.4%,,-0.6%
Wed Jul 12,8:00pm,USD,Crude Oil Inventories,Low,5.9M,-1.1M,-1.5M
Wed Jul 12,10:31pm,USD,10-y Bond Auction,Medium,3.86|2.5,,3.79|2.4
Thu Jul 13,4:31am,GBP,RICS House Price Balance,Low,-46%,-35%,-30%
Thu Jul 13,11:30am,GBP,GDP m/m,High,-0.1%,-0.3%,0.2%
Thu Jul 13,,GBP,Construction Output m/m,Low,-0.2%,-0.5%,-0.9%
Thu Jul 13,,GBP,Goods Trade Balance,Low,-18.7B,-14.9B,-14.6B
Thu Jul 13,,GBP,Index of Services 3m/3m,Low,0.0%,-0.2%,0.0%
Thu Jul 13,,GBP,Industrial Production m/m,Low,-0.6%,-0.4%,-0.2%
Thu Jul 13,,GBP,Manufacturing Production m/m,Low,-0.2%,-0.5%,-0.1%
Thu Jul 13,12:15pm,EUR,French Final CPI m/m,Low,0.2%,0.2%,0.2%
Thu Jul 13,2:30pm,EUR,Industrial Production m/m,Low,0.2%,0.3%,1.0%
Thu Jul 13,5:50pm,GBP,NIESR GDP Estimate,Low,0.0%,,0.0%
Thu Jul 13,6:00pm,USD,Core PPI m/m,High,0.1%,0.2%,0.1%
Thu Jul 13,,USD,PPI m/m,High,0.1%,0.2%,-0.4%
Thu Jul 13,,USD,Unemployment Claims,High,237K,251K,249K
Thu Jul 13,8:00pm,USD,Natural Gas Storage,Low,49B,49B,72B
Thu Jul 13,10:31pm,USD,30-y Bond Auction,Low,3.91|2.4,,3.91|2.5
Thu Jul 13,11:30pm,USD,Federal Budget Balance,Low,-227.8B,-173.5B,-240.3B
Fri Jul 14,10:00am,JPY,Revised Industrial Production m/m,Low,-2.2%,-1.6%,-1.6%
Fri Jul 14,11:30am,EUR,German WPI m/m,Low,-0.2%,-0.5%,-1.1%
Fri Jul 14,1:30pm,EUR,Italian Trade Balance,Low,4.71B,1.45B,0.36B
Fri Jul 14,2:30pm,EUR,Trade Balance,Low,-0.9B,-10.3B,-8.0B
Fri Jul 14,,USD,Import Prices m/m,Low,-0.2%,-0.1%,-0.4%
Fri Jul 14,7:30pm,USD,Prelim UoM Consumer Sentiment,High,72.6,65.5,64.4
Fri Jul 14,,USD,Prelim UoM Inflation Expectations,Medium,3.4%,,3.3%
Mon Jul 17,4:31am,GBP,Rightmove HPI m/m,Low,-0.2%,,0.0%
Mon Jul 17,,USD,Empire State Manufacturing Index,High,1.1,-3.5,6.6
Tue Jul 18,10:00am,JPY,Tertiary Industry Activity m/m,Low,1.2%,0.4%,0.9%
Tue Jul 18,2:33pm,GBP,30-y Bond Auction,Low,4.48|2.3,,4.39|2.6
Tue Jul 18,,USD,Core Retail Sales m/m,High,0.2%,0.4%,0.3%
Tue Jul 18,,USD,Retail Sales m/m,High,0.2%,0.5%,0.5%
Tue Jul 18,6:45pm,USD,Industrial Production m/m,Medium,-0.5%,0.0%,-0.5%
Tue Jul 18,,USD,Capacity Utilization Rate,Low,78.9%,79.5%,79.4%
Tue Jul 18,7:30pm,USD,Business Inventories m/m,Low,0.2%,0.2%,0.1%
Tue Jul 18,,USD,NAHB Housing Market Index,Low,56,56,55
Wed Jul 19,1:30am,USD,TIC Long-Term Purchases,Low,25.8B,110.7B,127.8B
Wed Jul 19,11:30am,GBP,CPI y/y,High,7.9%,8.2%,8.7%
Wed Jul 19,,GBP,Core CPI y/y,Low,6.9%,7.1%,7.1%
Wed Jul 19,,GBP,PPI Input m/m,Low,-1.3%,-0.3%,-1.2%
Wed Jul 19,,GBP,PPI Output m/m,Low,-0.3%,-0.3%,-0.6%
Wed Jul 19,,GBP,RPI y/y,Low,10.7%,10.9%,11.3%
Wed Jul 19,2:00pm,GBP,HPI y/y,Low,1.9%,3.3%,3.2%
Wed Jul 19,2:30pm,EUR,Final Core CPI y/y,Low,5.5%,5.4%,5.4%
Wed Jul 19,,EUR,Final CPI y/y,Low,5.5%,5.5%,5.5%
Wed Jul 19,3:17pm,EUR,German 30-y Bond Auction,Low,2.40|2.0,,2.37|2.3
Wed Jul 19,6:00pm,USD,Housing Starts,High,1.43M,1.48M,1.56M
Wed Jul 19,,USD,Building Permits,Medium,1.44M,1.49M,1.50M
Wed Jul 19,8:00pm,USD,Crude Oil Inventories,Low,-0.7M,-2.0M,5.9M
Thu Jul 20,5:35am,JPY,Trade Balance,Low,-0.55T,-0.66T,-0.77T
Thu Jul 20,,EUR,German PPI m/m,Low,-0.3%,-0.4%,-1.4%
Thu Jul 20,1:30pm,EUR,Current Account,Low,9.1B,2.5B,3.8B
Thu Jul 20,6:00pm,USD,Unemployment Claims,High,228K,239K,237K
Thu Jul 20,,USD,Philly Fed Manufacturing Index,Medium,-13.5,-10.1,-13.7
Thu Jul 20,7:30pm,USD,Existing Home Sales,Medium,4.16M,4.21M,4.30M
Thu Jul 20,,USD,CB Leading Index m/m,Low,-0.7%,-0.6%,-0.6%
Thu Jul 20,7:32pm,EUR,Consumer Confidence,Low,-15,-16,-16
Thu Jul 20,8:00pm,USD,Natural Gas Storage,Low,41B,45B,49B
Fri Jul 21,4:31am,GBP,GfK Consumer Confidence,Low,-30,-25,-24
Fri Jul 21,5:00am,JPY,National Core CPI y/y,Medium,3.3%,3.3%,3.2%
Fri Jul 21,11:30am,GBP,Retail Sales m/m,Medium,0.7%,0.2%,0.1%
Fri Jul 21,,GBP,Public Sector Net Borrowing,Low,17.7B,20.7B,15.8B
Mon Jul 24,6:00am,JPY,Flash Manufacturing PMI,Low,49.4,50.1,49.8
Mon Jul 24,12:45pm,EUR,French Flash Manufacturing PMI,High,44.5,46.1,46.0
Mon Jul 24,,EUR,French Flash Services PMI,High,47.4,48.5,48.0
Mon Jul 24,1:00pm,EUR,German Flash Manufacturing PMI,High,38.8,40.9,40.6
Mon Jul 24,,EUR,German Flash Services PMI,High,52.0,53.2,54.1
Mon Jul 24,1:30pm,EUR,Flash Manufacturing PMI,Medium,42.7,43.5,43.4
Mon Jul 24,,EUR,Flash Services PMI,Medium,51.1,51.7,52.0
Mon Jul 24,2:00pm,GBP,Flash Manufacturing PMI,High,45.0,46.1,46.5
Mon Jul 24,,GBP,Flash Services PMI,High,51.5,53.1,53.7
Mon Jul 24,7:15pm,USD,Flash Manufacturing PMI,High,49.0,46.1,46.3
Mon Jul 24,,USD,Flash Services PMI,High,52.4,54.0,54.4
Tue Jul 25,10:30am,JPY,BOJ Core CPI y/y,Low,3.0%,3.0%,3.1%
Tue Jul 25,1:30pm,EUR,German ifo Business Climate,Medium,87.3,88.0,88.6
Tue Jul 25,3:30pm,GBP,CBI Industrial Order Expectations,Low,-9,-17,-15
Tue Jul 25,6:28pm,EUR,Belgian NBB Business Climate,Low,-14.8,-10.0,-12.1
Tue Jul 25,6:30pm,USD,HPI m/m,Low,0.7%,0.6%,0.7%
Tue Jul 25,,USD,S&P/CS Composite-20 HPI y/y,Low,-1.7%,-2.3%,-1.7%
Tue Jul 25,7:30pm,USD,CB Consumer Confidence,High,117.0,112.1,110.1
Tue Jul 25,,USD,Richmond Manufacturing Index,Medium,-9,-9,-7
Wed Jul 26,5:20am,JPY,SPPI y/y,Low,1.2%,1.5%,1.7%
Wed Jul 26,,EUR,M3 Money Supply y/y,Low,0.6%,0.9%,1.4%
Wed Jul 26,,EUR,Private Loans y/y,Low,1.7%,2.0%,2.1%
Wed Jul 26,7:30pm,USD,New Home Sales,Medium,697K,726K,715K
Wed Jul 26,8:00pm,USD,Crude Oil Inventories,Low,-0.6M,-2.2M,-0.7M
Wed Jul 26,11:30pm,USD,Federal Funds Rate,High,5.50%,5.50%,5.25%
Thu Jul 27,11:30am,EUR,German GfK Consumer Climate,Low,-24.4,-24.8,-25.2
Thu Jul 27,12:30pm,EUR,Spanish Unemployment Rate,Low,11.6%,13.0%,13.3%
Thu Jul 27,2:43pm,EUR,Italian 10-y Bond Auction,Low,4.10|1.4,,4.13|1.4
Thu Jul 27,3:30pm,GBP,CBI Realized Sales,Low,-25,-9,-9
Thu Jul 27,5:45pm,EUR,Main Refinancing Rate,High,4.25%,4.25%,4.00%
Thu Jul 27,6:00pm,USD,Advance GDP q/q,High,2.4%,1.8%,2.0%
Thu Jul 27,,USD,Unemployment Claims,High,221K,234K,228K
Thu Jul 27,,USD,Advance GDP Price Index q/q,Medium,2.2%,3.0%,4.1%
Thu Jul 27,,USD,Core Durable Goods Orders m/m,Medium,0.6%,0.1%,0.7%
Thu Jul 27,,USD,Durable Goods Orders m/m,Medium,4.7%,1.3%,1.8%
Thu Jul 27,,USD,Goods Trade Balance,Low,-87.8B,-91.8B,-91.9B
Thu Jul 27,,USD,Prelim Wholesale Inventories m/m,Low,-0.3%,-0.1%,0.0%
Thu Jul 27,7:30pm,USD,Pending Home Sales m/m,Medium,0.3%,-0.5%,-2.5%
Thu Jul 27,8:00pm,USD,Natural Gas Storage,Low,16B,12B,41B
Fri Jul 28,5:00am,JPY,Tokyo Core CPI y/y,Medium,3.0%,2.9%,3.2%
Fri Jul 28,,JPY,BOJ Policy Rate,Medium,-0.10%,-0.10%,-0.10%
Fri Jul 28,11:00am,EUR,French Consumer Spending m/m,Low,0.9%,-0.7%,0.6%
Fri Jul 28,,EUR,French Flash GDP q/q,Low,0.5%,0.1%,0.1%
Fri Jul 28,All Day,EUR,German Prelim CPI m/m,High,0.3%,0.3%,0.3%
Fri Jul 28,12:15pm,EUR,French Prelim CPI m/m,Low,0.0%,0.0%,0.2%
Fri Jul 28,,EUR,Spanish Flash CPI y/y,Medium,2.3%,1.7%,1.9%
Fri Jul 28,,EUR,Spanish Flash GDP q/q,Low,0.4%,0.4%,0.6%
Fri Jul 28,1:30pm,EUR,German Prelim GDP q/q,Low,0.0%,0.1%,-0.3%
Fri Jul 28,,USD,Core PCE Price Index m/m,High,0.2%,0.2%,0.3%
Fri Jul 28,,USD,Employment Cost Index q/q,High,1.0%,1.1%,1.2%
Fri Jul 28,,USD,Personal Income m/m,Low,0.3%,0.5%,0.5%
Fri Jul 28,,USD,Personal Spending m/m,Low,0.5%,0.4%,0.2%
Fri Jul 28,7:30pm,USD,Revised UoM Consumer Sentiment,High,71.6,72.6,72.6
Fri Jul 28,,USD,Revised UoM Inflation Expectations,Low,3.4%,,3.4%
Mon Jul 31,5:20am,JPY,Prelim Industrial Production m/m,Low,2.0%,2.5%,-2.2%
Mon Jul 31,,JPY,Retail Sales y/y,Low,5.9%,5.4%,5.8%
Mon Jul 31,10:30am,JPY,Consumer Confidence,Low,37.1,36.1,36.2
Mon Jul 31,,JPY,Housing Starts y/y,Low,-4.8%,-0.4%,3.5%
Mon Jul 31,11:30am,EUR,German Import Prices m/m,Low,-1.6%,-0.8%,-1.4%
Mon Jul 31,,EUR,German Retail Sales m/m,Low,-0.8%,-0.3%,1.9%
Mon Jul 31,1:30pm,EUR,Italian Prelim GDP q/q,Low,-0.3%,0.0%,0.6%
Mon Jul 31,2:00pm,GBP,M4 Money Supply m/m,Low,-0.1%,0.5%,0.3%
Mon Jul 31,,GBP,Mortgage Approvals,Low,55K,49K,51K
Mon Jul 31,,GBP,Net Lending to Individuals m/m,Low,1.8B,1.3B,1.0B
Mon Jul 31,2:30pm,EUR,Core CPI Flash Estimate y/y,Medium,5.5%,5.4%,5.5%
Mon Jul 31,,EUR,CPI Flash Estimate y/y,Medium,5.3%,5.3%,5.5%
Mon Jul 31,,EUR,Italian Prelim CPI m/m,Low,0.1%,-0.1%,0.0%
Mon Jul 31,,EUR,Prelim Flash GDP q/q,Low,0.3%,0.2%,-0.1%
Mon Jul 31,7:15pm,USD,Chicago PMI,Low,42.8,43.3,41.5
Tue Aug 1,4:31am,GBP,BRC Shop Price Index y/y,Low,7.6%,,8.4%
Tue Aug 1,5:00am,JPY,Unemployment Rate,Low,2.5%,2.6%,2.6%
Tue Aug 1,6:00am,JPY,Final Manufacturing PMI,Low,49.6,49.4,49.4
Tue Aug 1,9:05am,JPY,10-y Bond Auction,Low,0.59|3.6,,0.43|4.0
Tue Aug 1,11:30am,GBP,Nationwide HPI m/m,Low,-0.2%,-0.5%,0.1%
Tue Aug 1,12:45pm,EUR,Spanish Manufacturing PMI,Low,47.8,48.2,48.0
Tue Aug 1,1:15pm,EUR,Italian Manufacturing PMI,Low,44.5,44.4,43.8
Tue Aug 1,1:20pm,EUR,French Final Manufacturing PMI,Low,45.1,44.5,44.5
Tue Aug 1,1:25pm,EUR,German Final Manufacturing PMI,Low,38.8,38.8,38.8
Tue Aug 1,,EUR,German Unemployment Change,Low,-4K,19K,30K
Tue Aug 1,1:30pm,EUR,Final Manufacturing PMI,Low,42.7,42.7,42.7
Tue Aug 1,,EUR,Italian Monthly Unemployment Rate,Low,7.4%,7.7%,7.6%
Tue Aug 1,2:00pm,GBP,Final Manufacturing PMI,Low,45.3,45.0,45.0
Tue Aug 1,2:30pm,EUR,Unemployment Rate,Low,6.4%,6.5%,6.5%
Tue Aug 1,7:15pm,USD,Final Manufacturing PMI,Low,49.0,49.0,49.0
Tue Aug 1,7:30pm,USD,ISM Manufacturing PMI,High,46.4,46.9,46.0
Tue Aug 1,,USD,JOLTS Job Openings,High,9.58M,9.61M,9.62M
Tue Aug 1,,USD,ISM Manufacturing Prices,Medium,42.6,43.8,41.8
Tue Aug 1,,USD,Construction Spending m/m,Low,0.5%,0.6%,1.1%
Tue Aug 1,All Day,USD,Wards Total Vehicle Sales,Low,15.7M,15.7M,15.7M
Wed Aug 2,5:20am,JPY,Monetary Base y/y,Low,-1.3%,-0.7%,-1.0%
Wed Aug 2,,EUR,Spanish Unemployment Change,Low,-11.0K,-38.2K,-50.3K
Wed Aug 2,5:45pm,USD,ADP Non-Farm Employment Change,High,324K,191K,455K
Wed Aug 2,8:00pm,USD,Crude Oil Inventories,Low,-17.0M,-0.9M,-0.6M
Thu Aug 3,11:30am,EUR,German Trade Balance,Low,18.7B,15.0B,14.6B
Thu Aug 3,12:15pm,EUR,French Gov Budget Balance,Low,-116.2B,,-107.2B
Thu Aug 3,12:45pm,EUR,Spanish Services PMI,Low,52.8,53.5,53.4
Thu Aug 3,1:15pm,EUR,Italian Services PMI,Low,51.5,52.2,52.2
Thu Aug 3,1:20pm,EUR,French Final Services PMI,Low,47.1,47.4,47.4
Thu Aug 3,1:25pm,EUR,German Final Services PMI,Low,52.3,52.0,52.0
Thu Aug 3,1:30pm,EUR,Final Services PMI,Low,50.9,51.1,51.1
Thu Aug 3,,EUR,Italian Retail Sales m/m,Low,-0.2%,0.2%,0.6%
Thu Aug 3,2:00pm,GBP,Final Services PMI,Low,51.5,51.5,51.5
Thu Aug 3,2:14pm,EUR,Spanish 10-y Bond Auction,Low,3.61|1.5,,3.55|1.5
Thu Aug 3,2:28pm,EUR,French 10-y Bond Auction,Low,3.09|1.8,,3.04|1.9
Thu Aug 3,2:30pm,EUR,PPI m/m,Low,-0.4%,-0.3%,-1.9%
Thu Aug 3,,GBP,MPC Official Bank Rate Votes,High,8-0-1,7-0-2,7-0-2
Thu Aug 3,,GBP,Official Bank Rate,High,5.25%,5.25%,5.00%
Thu Aug 3,,USD,Challenger Job Cuts y/y,Low,-8.2%,,25.2%
Thu Aug 3,6:00pm,USD,Unemployment Claims,High,227K,226K,221K
Thu Aug 3,,USD,Prelim Nonfarm Productivity q/q,Low,3.7%,2.1%,-2.1%
Thu Aug 3,,USD,Prelim Unit Labor Costs q/q,Low,1.6%,2.5%,4.2%
Thu Aug 3,7:15pm,USD,Final Services PMI,Low,52.3,52.4,52.4
Thu Aug 3,7:30pm,USD,ISM Services PMI,High,52.7,53.1,53.9
Thu Aug 3,,USD,Factory Orders m/m,Low,2.3%,2.0%,0.4%
Thu Aug 3,8:00pm,USD,Natural Gas Storage,Low,14B,18B,16B
Fri Aug 4,11:30am,EUR,German Factory Orders m/m,Low,7.0%,-2.1%,6.2%
Fri Aug 4,12:15pm,EUR,French Industrial Production m/m,Low,-0.9%,-0.3%,1.1%
Fri Aug 4,,EUR,French Prelim Private Payrolls q/q,Low,0.1%,0.2%,0.4%
Fri Aug 4,1:30pm,EUR,Italian Industrial Production m/m,Low,0.5%,-0.3%,1.7%
Fri Aug 4,2:00pm,GBP,Construction PMI,Low,51.7,48.1,48.9
Fri Aug 4,2:30pm,EUR,Retail Sales m/m,Low,-0.3%,0.3%,0.6%
Fri Aug 4,,USD,Average Hourly Earnings m/m,High,0.4%,0.3%,0.4%
Fri Aug 4,,USD,Non-Farm Employment Change,High,187K,205K,185K
Fri Aug 4,,USD,Unemployment Rate,High,3.5%,3.6%,3.6%
Mon Aug 7,10:30am,JPY,Leading Indicators,Low,108.9%,108.9%,109.2%
Mon Aug 7,11:30am,EUR,German Industrial Production m/m,Low,-1.5%,-0.4%,-0.1%
Mon Aug 7,,GBP,Halifax HPI m/m,Low,-0.3%,0.0%,-0.1%
Mon Aug 7,2:00pm,EUR,Sentix Investor Confidence,Low,-18.9,-24.3,-22.5
Tue Aug 8,12:30am,USD,Consumer Credit m/m,Low,17.8B,13.8B,9.5B
Tue Aug 8,4:31am,GBP,BRC Retail Sales Monitor y/y,Low,1.8%,3.0%,4.2%
Tue Aug 8,5:00am,JPY,Average Cash Earnings y/y,Low,2.3%,3.0%,2.9%
Tue Aug 8,,JPY,Household Spending y/y,Low,-4.2%,-3.9%,-4.0%
Tue Aug 8,5:20am,JPY,Bank Lending y/y,Low,2.9%,3.0%,3.1%
Tue Aug 8,,JPY,Current Account,Low,2.35T,2.24T,1.70T
Tue Aug 8,9:05am,JPY,30-y Bond Auction,Low,1.59|3.5,,1.22|3.0
Tue Aug 8,10:30am,JPY,Economy Watchers Sentiment,Low,54.4,54.0,53.6
Tue Aug 8,11:30am,EUR,German Final CPI m/m,Low,0.3%,0.3%,0.3%
Tue Aug 8,12:15pm,EUR,French Trade Balance,Low,-6.7B,-8.0B,-7.9B
Tue Aug 8,3:30pm,USD,NFIB Small Business Index,Low,91.9,91.2,91.0
Tue Aug 8,,USD,Trade Balance,Low,-65.5B,-65.1B,-68.3B
Tue Aug 8,7:30pm,USD,Final Wholesale Inventories m/m,Low,-0.5%,-0.3%,-0.3%
Tue Aug 8,,USD,RCM/TIPP Economic Optimism,Low,40.3,43.0,41.3
Wed Aug 9,5:20am,JPY,M2 Money Stock y/y,Low,2.4%,2.6%,2.6%
Wed Aug 9,11:28am,JPY,Prelim Machine Tool Orders y/y,Low,-19.8%,,-21.1%
Wed Aug 9,2:32pm,GBP,10-y Bond Auction,Low,4.35|2.6,,4.60|2.7
Wed Aug 9,3:04pm,EUR,German 10-y Bond Auction,Low,2.46|1.6,,2.64|1.9
Wed Aug 9,8:00pm,USD,Crude Oil Inventories,Low,5.9M,2.1M,-17.0M
Wed Aug 9,10:31pm,USD,10-y Bond Auction,Medium,4.00|2.6,,3.86|2.5
Thu Aug 10,4:31am,GBP,RICS House Price Balance,Low,-53%,-50%,-48%
Thu Aug 10,5:20am,JPY,PPI y/y,Low,3.6%,3.5%,4.3%
Thu Aug 10,6:00pm,USD,Core CPI m/m,High,0.2%,0.2%,0.2%
Thu Aug 10,,USD,CPI m/m,High,0.2%,0.2%,0.2%
Thu Aug 10,,USD,CPI y/y,High,3.2%,3.3%,3.0%
Thu Aug 10,,USD,Unemployment Claims,High,248K,231K,227K
Thu Aug 10,7:30pm,USD,Mortgage Delinquencies,Low,3.37%,,3.56%
Thu Aug 10,8:00pm,USD,Natural Gas Storage,Low,29B,24B,14B
Thu Aug 10,10:31pm,USD,30-y Bond Auction,Low,4.19|2.4,,3.91|2.4
Thu Aug 10,11:30pm,USD,Federal Budget Balance,Low,-220.8B,-107.5B,-227.8B
Fri Aug 11,11:30am,GBP,GDP m/m,High,0.5%,0.2%,-0.1%
Fri Aug 11,,GBP,Prelim GDP q/q,Medium,0.2%,0.0%,0.1%
Fri Aug 11,,GBP,Construction Output m/m,Low,1.6%,0.0%,-0.3%
Fri Aug 11,,GBP,Goods Trade Balance,Low,-15.5B,-16.6B,-18.4B
Fri Aug 11,,GBP,Index of Services 3m/3m,Low,0.1%,0.0%,0.0%
Fri Aug 11,,GBP,Industrial Production m/m,Low,1.8%,0.2%,-0.6%
Fri Aug 11,,GBP,Manufacturing Production m/m,Low,2.4%,0.2%,-0.1%
Fri Aug 11,,GBP,Prelim Business Investment q/q,Low,3.4%,-1.0%,3.3%
Fri Aug 11,12:15pm,EUR,French Final CPI m/m,Low,0.1%,0.0%,0.0%
Fri Aug 11,1:30pm,EUR,Italian Trade Balance,Low,7.72B,4.23B,4.77B
Fri Aug 11,5:31pm,GBP,NIESR GDP Estimate,Low,0.3%,,0.2%
Fri Aug 11,6:00pm,USD,Core PPI m/m,High,0.3%,0.2%,-0.1%
Fri Aug 11,,USD,PPI m/m,High,0.3%,0.2%,0.0%
Fri Aug 11,7:30pm,USD,Prelim UoM Consumer Sentiment,High,71.2,71.4,71.6
Fri Aug 11,,USD,Prelim UoM Inflation Expectations,Medium,3.3%,,3.4%
Mon Aug 14,11:30am,EUR,German WPI m/m,Low,-0.2%,-0.1%,-0.2%
Mon Aug 14,7:15pm,USD,Cleveland Fed Inflation Expectations,Low,4.3%,,5.0%
Tue Aug 15,5:20am,JPY,Prelim GDP Price Index y/y,Low,3.4%,3.8%,2.0%
Tue Aug 15,,JPY,Prelim GDP q/q,Low,1.5%,0.8%,0.7%
Tue Aug 15,10:00am,JPY,Revised Industrial Production m/m,Low,2.4%,2.0%,2.0%
Tue Aug 15,11:30am,GBP,Claimant Count Change,High,29.0K,19.6K,16.2K
Tue Aug 15,,GBP,Average Earnings Index 3m/y,Medium,8.2%,7.3%,7.2%
Tue Aug 15,,GBP,Unemployment Rate,Low,4.2%,4.0%,4.0%
Tue Aug 15,2:30pm,EUR,German ZEW Economic Sentiment,Medium,-12.3,-15.0,-14.7
Tue Aug 15,,EUR,ZEW Economic Sentiment,Low,-5.5,-12.0,-12.2
Tue Aug 15,,USD,Core Retail Sales m/m,High,1.0%,0.4%,0.2%
Tue Aug 15,,USD,Empire State Manufacturing Index,High,-19.0,-0.9,1.1
Tue Aug 15,,USD,Retail Sales m/m,High,0.7%,0.4%,0.3%
Tue Aug 15,,USD,Import Prices m/m,Low,0.4%,0.2%,-0.1%
Tue Aug 15,7:00pm,GBP,CB Leading Index m/m,Low,-0.8%,,-0.8%
Tue Aug 15,7:30pm,USD,Business Inventories m/m,Low,0.0%,0.2%,0.0%
Tue Aug 15,,USD,NAHB Housing Market Index,Low,50,56,56
Wed Aug 16,1:30am,USD,TIC Long-Term Purchases,Low,195.9B,50.0B,23.6B
Wed Aug 16,11:30am,GBP,CPI y/y,High,6.8%,6.7%,7.9%
Wed Aug 16,,GBP,Core CPI y/y,Low,6.9%,6.8%,6.9%
Wed Aug 16,,GBP,PPI Input m/m,Low,-0.4%,-0.1%,-1.3%
Wed Aug 16,,GBP,PPI Output m/m,Low,0.1%,-0.2%,-0.2%
Wed Aug 16,,GBP,RPI y/y,Low,9.0%,9.1%,10.7%
Wed Aug 16,2:00pm,GBP,HPI y/y,Low,1.7%,1.8%,1.8%
Wed Aug 16,2:30pm,EUR,Flash Employment Change q/q,Low,0.2%,0.4%,0.5%
Wed Aug 16,,EUR,Flash GDP q/q,Low,0.3%,0.3%,0.3%
Wed Aug 16,,EUR,Industrial Production m/m,Low,0.5%,-0.1%,0.0%
Wed Aug 16,3:06pm,EUR,German 30-y Bond Auction,Low,2.68|2.2,,2.40|2.0
Wed Aug 16,,USD,Building Permits,Medium,1.44M,1.47M,1.44M
Wed Aug 16,,USD,Housing Starts,Low,1.45M,1.45M,1.40M
Wed Aug 16,6:45pm,USD,Industrial Production m/m,Medium,1.0%,0.3%,-0.8%
Wed Aug 16,,USD,Capacity Utilization Rate,Low,79.3%,79.1%,78.6%
Wed Aug 16,8:00pm,USD,Crude Oil Inventories,Low,-6.0M,-2.4M,5.9M
Thu Aug 17,5:20am,JPY,Core Machinery Orders m/m,Low,2.7%,3.6%,-7.6%
Thu Aug 17,,JPY,Trade Balance,Low,-0.56T,-0.44T,-0.54T
Thu Aug 17,10:00am,JPY,Tertiary Industry Activity m/m,Low,-0.4%,-0.1%,1.0%
Thu Aug 17,2:30pm,EUR,Trade Balance,Low,12.5B,3.8B,0.2B
Thu Aug 17,,USD,Unemployment Claims,High,239K,240K,250K
Thu Aug 17,,USD,Philly Fed Manufacturing Index,Medium,12.0,-9.8,-13.5
Thu Aug 17,7:30pm,USD,CB Leading Index m/m,Low,-0.4%,-0.4%,-0.7%
Thu Aug 17,8:00pm,USD,Natural Gas Storage,Low,35B,35B,29B
Fri Aug 18,5:00am,JPY,National Core CPI y/y,Low,3.1%,3.1%,3.3%
Fri Aug 18,11:30am,GBP,Retail Sales m/m,Medium,-1.2%,-0.6%,0.6%
Fri Aug 18,2:30pm,EUR,Final Core CPI y/y,Low,5.5%,5.5%,5.5%
Fri Aug 18,,EUR,Final CPI y/y,Low,5.3%,5.3%,5.3%
Mon Aug 21,4:31am,GBP,Rightmove HPI m/m,Low,-1.9%,,-0.2%
Mon Aug 21,11:30am,EUR,German PPI m/m,Low,-1.1%,-0.1%,-0.3%
Tue Aug 22,10:30am,JPY,BOJ Core CPI y/y,Low,3.3%,2.9%,3.0%
Tue Aug 22,,GBP,Public Sector Net Borrowing,Low,3.5B,3.8B,17.1B
Tue Aug 22,1:30pm,EUR,Current Account,Low,35.8B,10.2B,7.9B
Tue Aug 22,3:30pm,GBP,CBI Industrial Order Expectations,Low,-15,-11,-9
Tue Aug 22,7:29pm,USD,Richmond Manufacturing Index,Medium,-7,-10,-9
Tue Aug 22,7:30pm,USD,Existing Home Sales,Medium,4.07M,4.15M,4.16M
Wed Aug 23,6:00am,JPY,Flash Manufacturing PMI,Low,49.7,49.6,49.6
Wed Aug 23,12:45pm,EUR,French Flash Manufacturing PMI,High,46.4,45.1,45.1
Wed Aug 23,,EUR,French Flash Services PMI,High,46.7,47.5,47.1
Wed Aug 23,1:00pm,EUR,German Flash Manufacturing PMI,High,39.1,38.9,38.8
Wed Aug 23,,EUR,German Flash Services PMI,High,47.3,51.5,52.3
Wed Aug 23,1:30pm,EUR,Flash Manufacturing PMI,Medium,43.7,42.8,42.7
Wed Aug 23,,EUR,Flash Services PMI,Medium,48.3,50.6,50.9
Wed Aug 23,2:00pm,GBP,Flash Manufacturing PMI,High,42.5,45.1,45.3
Wed Aug 23,,GBP,Flash Services PMI,High,48.7,50.9,51.5
Wed Aug 23,7:15pm,USD,Flash Manufacturing PMI,High,47.0,48.9,49.0
Wed Aug 23,,USD,Flash Services PMI,High,51.0,52.1,52.3
Wed Aug 23,7:30pm,EUR,Consumer Confidence,Low,-16,-15,-15
Wed Aug 23,,USD,Prelim Benchmark Payrolls Revision,High,-306K,,462K
Wed Aug 23,,USD,New Home Sales,Medium,714K,705K,684K
Wed Aug 23,8:00pm,USD,Crude Oil Inventories,Low,-6.1M,-2.9M,-6.0M
Thu Aug 24,3:30pm,GBP,CBI Realized Sales,Low,-44,-14,-25
Thu Aug 24,,USD,Unemployment Claims,High,230K,239K,240K
Thu Aug 24,,USD,Core Durable Goods Orders m/m,Medium,0.5%,0.2%,0.5%
Thu Aug 24,,USD,Durable Goods Orders m/m,Medium,-5.2%,-4.1%,4.6%
Thu Aug 24,8:00pm,USD,Natural Gas Storage,Low,18B,36B,35B
Fri Aug 25,4:31am,GBP,GfK Consumer Confidence,Low,-25,-29,-30
Fri Aug 25,5:00am,JPY,Tokyo Core CPI y/y,Medium,2.8%,2.9%,3.0%
Fri Aug 25,5:20am,JPY,SPPI y/y,Low,1.7%,1.2%,1.4%
Fri Aug 25,11:30am,EUR,German Final GDP q/q,Low,0.0%,0.0%,0.0%
Fri Aug 25,1:30pm,EUR,German ifo Business Climate,High,85.7,86.8,87.4
Fri Aug 25,6:30pm,EUR,Belgian NBB Business Climate,Low,-14.9,-13.5,-14.8
Fri Aug 25,7:30pm,USD,Revised UoM Consumer Sentiment,High,69.5,71.2,71.2
Fri Aug 25,,USD,Revised UoM Inflation Expectations,Low,3.5%,,3.3%
Mon Aug 28,1:30pm,EUR,M3 Money Supply y/y,Low,-0.4%,0.0%,0.6%
Mon Aug 28,,EUR,Private Loans y/y,Low,1.3%,1.6%,1.7%
Tue Aug 29,4:31am,GBP,BRC Shop Price Index y/y,Low,6.9%,,7.6%
Tue Aug 29,5:00am,JPY,Unemployment Rate,Low,2.7%,2.5%,2.5%
Tue Aug 29,11:30am,EUR,German GfK Consumer Climate,Low,-25.5,-24.5,-24.6
Tue Aug 29,6:30pm,USD,S&P/CS Composite-20 HPI y/y,High,-1.2%,-1.5%,-1.7%
Tue Aug 29,,USD,HPI m/m,Low,0.3%,0.2%,0.7%
Tue Aug 29,7:30pm,USD,CB Consumer Confidence,High,106.1,116.0,114.0
Tue Aug 29,,USD,JOLTS Job Openings,High,8.83M,9.49M,9.17M
Wed Aug 30,10:30am,JPY,Consumer Confidence,Low,36.2,37.5,37.1
Wed Aug 30,11:30am,EUR,German Import Prices m/m,Low,-0.6%,-0.3%,-1.6%
Wed Aug 30,All Day,EUR,German Prelim CPI m/m,High,0.3%,0.3%,0.3%
Wed Aug 30,,EUR,Spanish Flash CPI y/y,High,2.6%,2.5%,2.3%
Wed Aug 30,2:00pm,GBP,M4 Money Supply m/m,Low,-0.5%,0.1%,-0.1%
Wed Aug 30,,GBP,Mortgage Approvals,Low,49K,51K,55K
Wed Aug 30,,GBP,Net Lending to Individuals m/m,Low,1.4B,1.4B,1.7B
Wed Aug 30,2:44pm,EUR,Italian 10-y Bond Auction,Low,4.20|1.6,,4.10|1.4
Wed Aug 30,5:45pm,USD,ADP Non-Farm Employment Change,High,177K,194K,371K
Wed Aug 30,6:00pm,USD,Prelim GDP q/q,High,2.1%,2.4%,2.4%
Wed Aug 30,,USD,Prelim GDP Price Index q/q,Medium,2.0%,2.2%,2.2%
Wed Aug 30,,USD,Goods Trade Balance,Low,-91.2B,-90.0B,-88.8B
Wed Aug 30,,USD,Prelim Wholesale Inventories m/m,Low,-0.1%,0.2%,-0.5%
Wed Aug 30,7:30pm,USD,Pending Home Sales m/m,Medium,0.9%,-0.8%,0.4%
Wed Aug 30,8:00pm,USD,Crude Oil Inventories,Low,-10.6M,-2.2M,-6.1M
Thu Aug 31,5:20am,JPY,Prelim Industrial Production m/m,Low,-2.0%,-1.2%,2.4%
Thu Aug 31,,JPY,Retail Sales y/y,Low,6.8%,5.5%,5.6%
Thu Aug 31,10:30am,JPY,Housing Starts y/y,Low,-6.7%,-1.3%,-4.8%
Thu Aug 31,11:30am,EUR,German Retail Sales m/m,Low,-0.8%,0.3%,-0.2%
Thu Aug 31,12:15pm,EUR,French Consumer Spending m/m,Low,0.3%,0.3%,0.9%
Thu Aug 31,,EUR,French Prelim CPI m/m,Low,1.0%,0.7%,0.1%
Thu Aug 31,,EUR,French Prelim GDP q/q,Low,0.5%,0.5%,0.5%
Thu Aug 31,1:25pm,EUR,German Unemployment Change,Low,18K,10K,1K
Thu Aug 31,1:30pm,EUR,Italian Monthly Unemployment Rate,Low,7.6%,7.4%,7.5%
Thu Aug 31,2:30pm,EUR,Core CPI Flash Estimate y/y,Medium,5.3%,5.3%,5.5%
Thu Aug 31,,EUR,CPI Flash Estimate y/y,Medium,5.3%,5.1%,5.3%
Thu Aug 31,,EUR,Italian Prelim CPI m/m,Low,0.4%,0.1%,0.0%
Thu Aug 31,,EUR,Unemployment Rate,Low,6.4%,6.4%,6.4%
Thu Aug 31,,USD,Challenger Job Cuts y/y,Low,266.9%,,-8.2%
Thu Aug 31,,USD,Core PCE Price Index m/m,High,0.2%,0.2%,0.2%
Thu Aug 31,,USD,Unemployment Claims,High,228K,236K,232K
Thu Aug 31,,USD,Personal Income m/m,Low,0.2%,0.3%,0.3%
Thu Aug 31,,USD,Personal Spending m/m,Low,0.8%,0.7%,0.6%
Thu Aug 31,7:15pm,USD,Chicago PMI,Low,48.7,44.3,42.8
Thu Aug 31,8:00pm,USD,Natural Gas Storage,Low,32B,28B,18B
Fri Sep 1,5:20am,JPY,Capital Spending q/y,Low,4.5%,7.9%,11.0%
Fri Sep 1,6:00am,JPY,Final Manufacturing PMI,Low,49.6,49.7,49.7
Fri Sep 1,11:30am,GBP,Nationwide HPI m/m,Low,-0.8%,-0.3%,-0.3%
Fri Sep 1,12:15pm,EUR,French Gov Budget Balance,Low,-169.0B,,-116.2B
Fri Sep 1,12:45pm,EUR,Spanish Manufacturing PMI,Low,46.5,47.8,47.8
Fri Sep 1,1:15pm,EUR,Italian Manufacturing PMI,Low,45.4,44.0,44.5
Fri Sep 1,1:20pm,EUR,French Final Manufacturing PMI,Low,46.0,46.4,46.4
Fri Sep 1,1:25pm,EUR,German Final Manufacturing PMI,Low,39.1,39.1,39.1
Fri Sep 1,1:30pm,EUR,Final Manufacturing PMI,Low,43.5,43.7,43.7
Fri Sep 1,2:00pm,GBP,Final Manufacturing PMI,Low,43.0,42.5,42.5
Fri Sep 1,,USD,Average Hourly Earnings m/m,High,0.2%,0.3%,0.4%
Fri Sep 1,,USD,Non-Farm Employment Change,High,187K,169K,157K
Fri Sep 1,,USD,Unemployment Rate,High,3.8%,3.5%,3.5%
Fri Sep 1,7:15pm,USD,Final Manufacturing PMI,Low,47.9,47.0,47.0
Fri Sep 1,7:30pm,USD,ISM Manufacturing PMI,High,47.6,46.9,46.4
Fri Sep 1,,USD,ISM Manufacturing Prices,Medium,48.4,43.9,42.6
Fri Sep 1,,USD,Construction Spending m/m,Low,0.7%,0.5%,0.6%
Fri Sep 1,All Day,USD,Wards Total Vehicle Sales,Low,15.0M,15.5M,15.7M
Mon Sep 4,5:20am,JPY,Monetary Base y/y,Low,1.2%,-0.7%,-1.3%
Mon Sep 4,11:30am,EUR,German Trade Balance,Low,15.9B,17.6B,18.8B
Mon Sep 4,,EUR,Spanish Unemployment Change,Low,24.8K,-21.3K,-11.0K
Mon Sep 4,2:00pm,EUR,Sentix Investor Confidence,Low,-21.5,-19.6,-18.9
Tue Sep 5,4:31am,GBP,BRC Retail Sales Monitor y/y,Low,4.3%,2.2%,1.8%
Tue Sep 5,5:00am,JPY,Household Spending y/y,Low,-5.0%,-2.4%,-4.2%
Tue Sep 5,9:05am,JPY,10-y Bond Auction,Low,0.66|4.0,,0.59|3.6
Tue Sep 5,12:45pm,EUR,Spanish Services PMI,Low,49.3,51.6,52.8
Tue Sep 5,1:15pm,EUR,Italian Services PMI,Low,49.8,50.3,51.5
Tue Sep 5,1:20pm,EUR,French Final Services PMI,Low,46.0,46.7,46.7
Tue Sep 5,1:25pm,EUR,German Final Services PMI,Low,47.3,47.3,47.3
Tue Sep 5,1:30pm,EUR,Final Services PMI,Low,47.9,48.3,48.3
Tue Sep 5,2:00pm,GBP,Final Services PMI,Low,49.5,48.7,48.7
Tue Sep 5,2:30pm,EUR,PPI m/m,Low,-0.5%,-0.5%,-0.4%
Tue Sep 5,7:30pm,USD,Factory Orders m/m,Low,-2.1%,-2.5%,2.3%
Wed Sep 6,11:30am,EUR,German Factory Orders m/m,Low,-11.7%,-4.3%,7.6%
Wed Sep 6,2:00pm,GBP,Construction PMI,Low,50.8,49.8,51.7
Wed Sep 6,2:30pm,EUR,Retail Sales m/m,Low,-0.2%,-0.1%,0.2%
Wed Sep 6,3:04pm,EUR,German 10-y Bond Auction,Low,2.63|1.7,,2.46|1.6
Wed Sep 6,,USD,Trade Balance,Low,-65.0B,-67.9B,-63.7B
Wed Sep 6,7:15pm,USD,Final Services PMI,Low,50.5,51.0,51.0
Wed Sep 6,,USD,ISM Services PMI,High,54.5,52.5,52.7
Wed Sep 6,,USD,RCM/TIPP Economic Optimism,Low,43.2,41.1,40.3
Thu Sep 7,9:05am,JPY,30-y Bond Auction,Low,1.64|3.5,,1.59|3.5
Thu Sep 7,10:30am,JPY,Leading Indicators,Low,107.6%,107.9%,108.9%
Thu Sep 7,11:00am,EUR,French Final Private Payrolls q/q,Low,0.1%,0.2%,0.1%
Thu Sep 7,11:30am,EUR,German Industrial Production m/m,Low,-0.8%,-0.4%,-1.4%
Thu Sep 7,,GBP,Halifax HPI m/m,Low,-1.9%,-0.1%,-0.4%
Thu Sep 7,12:15pm,EUR,French Trade Balance,Low,-8.1B,-6.8B,-6.8B
Thu Sep 7,1:30pm,EUR,Italian Retail Sales m/m,Low,0.4%,0.2%,-0.2%
Thu Sep 7,2:14pm,EUR,Spanish 10-y Bond Auction,Low,3.66|1.7,,3.61|1.5
Thu Sep 7,2:28pm,EUR,French 10-y Bond Auction,Low,3.15|1.7,,3.09|1.8
Thu Sep 7,2:30pm,EUR,Final Employment Change q/q,Low,0.2%,0.2%,0.2%
Thu Sep 7,,EUR,Revised GDP q/q,Low,0.1%,0.3%,0.3%
Thu Sep 7,,USD,Unemployment Claims,High,216K,232K,229K
Thu Sep 7,,USD,Revised Nonfarm Productivity q/q,Low,3.5%,3.5%,3.7%
Thu Sep 7,,USD,Revised Unit Labor Costs q/q,Low,2.2%,1.8%,1.6%
Thu Sep 7,8:00pm,USD,Natural Gas Storage,Low,33B,38B,32B
Thu Sep 7,8:30pm,USD,Crude Oil Inventories,Low,-6.3M,-1.8M,-10.6M
Fri Sep 8,5:00am,JPY,Average Cash Earnings y/y,Low,1.3%,2.4%,2.3%
Fri Sep 8,5:20am,JPY,Bank Lending y/y,Low,3.1%,2.8%,2.9%
Fri Sep 8,,JPY,Current Account,Low,2.77T,2.24T,2.35T
Fri Sep 8,,JPY,Final GDP Price Index y/y,Low,3.5%,3.4%,3.4%
Fri Sep 8,,JPY,Final GDP q/q,Low,1.2%,1.4%,1.5%
Fri Sep 8,10:30am,JPY,Economy Watchers Sentiment,Low,53.6,54.4,54.4
Fri Sep 8,11:30am,EUR,German Final CPI m/m,Low,0.3%,0.3%,0.3%
Fri Sep 8,12:15pm,EUR,French Industrial Production m/m,Low,0.8%,0.2%,-0.9%
Fri Sep 8,7:30pm,USD,Final Wholesale Inventories m/m,Low,-0.2%,-0.1%,-0.1%
Sat Sep 9,12:30am,USD,Consumer Credit m/m,Low,10.4B,16.1B,14.0B
Mon Sep 11,5:20am,JPY,M2 Money Stock y/y,Low,2.5%,2.5%,2.5%
Mon Sep 11,11:27am,JPY,Prelim Machine Tool Orders y/y,Low,-17.6%,,-19.7%
Mon Sep 11,1:30pm,EUR,Italian Industrial Production m/m,Low,-0.7%,-0.2%,0.5%
Tue Sep 12,11:30am,EUR,German WPI m/m,Low,0.2%,-0.1%,-0.2%
Tue Sep 12,,GBP,Claimant Count Change,High,0.9K,17.1K,7.3K
Tue Sep 12,,GBP,Average Earnings Index 3m/y,Medium,8.5%,8.2%,8.4%
Tue Sep 12,,GBP,Unemployment Rate,Low,4.3%,4.3%,4.2%
Tue Sep 12,2:30pm,EUR,German ZEW Economic Sentiment,Medium,-11.4,-15.0,-12.3
Tue Sep 12,,EUR,ZEW Economic Sentiment,Low,-8.9,-6.2,-5.5
Tue Sep 12,3:30pm,USD,NFIB Small Business Index,Low,91.3,91.6,91.9
Tue Sep 12,10:31pm,USD,10-y Bond Auction,Low,4.29|2.5,,4.00|2.6
Wed Sep 13,5:20am,JPY,BSI Manufacturing Index,Low,5.4,0.2,-0.4
Wed Sep 13,,JPY,PPI y/y,Low,3.2%,3.3%,3.4%
Wed Sep 13,11:30am,GBP,GDP m/m,High,-0.5%,-0.2%,0.5%
Wed Sep 13,,GBP,Construction Output m/m,Low,-0.5%,-0.5%,1.6%
Wed Sep 13,,GBP,Goods Trade Balance,Low,-14.1B,-15.9B,-15.5B
Wed Sep 13,,GBP,Index of Services 3m/3m,Low,0.1%,0.2%,0.1%
Wed Sep 13,,GBP,Industrial Production m/m,Low,-0.7%,-0.6%,1.8%
Wed Sep 13,,GBP,Manufacturing Production m/m,Low,-0.8%,-0.9%,2.4%
Wed Sep 13,1:30pm,EUR,Italian Quarterly Unemployment Rate,Low,7.6%,8.0%,7.9%
Wed Sep 13,2:30pm,EUR,Industrial Production m/m,Low,-1.1%,-0.8%,0.4%
Wed Sep 13,2:32pm,GBP,10-y Bond Auction,Low,4.40|2.4,,4.35|2.6
Wed Sep 13,3:12pm,EUR,German 30-y Bond Auction,Low,2.79|2.3,,2.68|2.2
Wed Sep 13,4:35pm,GBP,NIESR GDP Estimate,Low,0.2%,,0.2%
Wed Sep 13,6:00pm,USD,Core CPI m/m,High,0.3%,0.2%,0.2%
Wed Sep 13,,USD,CPI m/m,High,0.6%,0.6%,0.2%
Wed Sep 13,,USD,CPI y/y,High,3.7%,3.6%,3.2%
Wed Sep 13,7:00pm,GBP,CB Leading Index m/m,Low,-0.8%,,-0.9%
Wed Sep 13,8:00pm,USD,Crude Oil Inventories,Low,4.0M,-2.2M,-6.3M
Wed Sep 13,10:31pm,USD,30-y Bond Auction,Low,4.35|2.5,,4.19|2.4
Wed Sep 13,11:30pm,USD,Federal Budget Balance,Low,89.3B,-251.0B,-220.8B
Thu Sep 14,4:31am,GBP,RICS House Price Balance,Low,-68%,-55%,-55%
Thu Sep 14,5:20am,JPY,Core Machinery Orders m/m,Low,-1.1%,-0.7%,2.7%
Thu Sep 14,10:00am,JPY,Revised Industrial Production m/m,Low,-1.8%,-2.0%,-2.0%
Thu Sep 14,5:45pm,EUR,Main Refinancing Rate,High,4.50%,4.25%,4.25%
Thu Sep 14,,USD,Core PPI m/m,High,0.2%,0.2%,0.4%
Thu Sep 14,,USD,Core Retail Sales m/m,High,0.6%,0.4%,0.7%
Thu Sep 14,,USD,PPI m/m,High,0.7%,0.4%,0.4%
Thu Sep 14,,USD,Retail Sales m/m,High,0.6%,0.1%,0.5%
Thu Sep 14,,USD,Unemployment Claims,High,220K,226K,217K
Thu Sep 14,7:30pm,USD,Business Inventories m/m,Low,0.0%,0.1%,0.0%
Thu Sep 14,8:00pm,USD,Natural Gas Storage,Low,57B,51B,33B
Fri Sep 15,10:00am,JPY,Tertiary Industry Activity m/m,Low,0.9%,0.2%,-0.7%
Fri Sep 15,12:15pm,EUR,French Final CPI m/m,Low,1.0%,1.0%,1.0%
Fri Sep 15,2:00pm,GBP,Consumer Inflation Expectations,Low,3.6%,,3.5%
Fri Sep 15,2:30pm,EUR,Italian Trade Balance,Low,6.38B,6.50B,3.46B
Fri Sep 15,,EUR,Trade Balance,Low,2.9B,13.5B,8.6B
Fri Sep 15,,USD,Empire State Manufacturing Index,High,1.9,-9.9,-19.0
Fri Sep 15,,USD,Import Prices m/m,Low,0.5%,0.3%,0.1%
Fri Sep 15,6:45pm,USD,Industrial Production m/m,Medium,0.4%,0.1%,0.7%
Fri Sep 15,,USD,Capacity Utilization Rate,Low,79.7%,79.3%,79.5%
Fri Sep 15,7:30pm,USD,Prelim UoM Consumer Sentiment,High,67.7,69.0,69.5
Fri Sep 15,,USD,Prelim UoM Inflation Expectations,Medium,3.1%,,3.5%
Mon Sep 18,4:31am,GBP,Rightmove HPI m/m,Low,0.4%,,-1.9%
Mon Sep 18,7:30pm,USD,NAHB Housing Market Index,Low,45,50,50
Tue Sep 19,1:30am,USD,TIC Long-Term Purchases,Low,8.8B,116.5B,186.0B
Tue Sep 19,1:30pm,EUR,Current Account,Low,20.9B,30.2B,35.8B
Tue Sep 19,2:30pm,EUR,Final Core CPI y/y,Low,5.3%,5.3%,5.3%
Tue Sep 19,,EUR,Final CPI y/y,Low,5.2%,5.3%,5.3%
Tue Sep 19,2:41pm,GBP,30-y Bond Auction,Low,4.70|2.4,,4.48|2.3
Tue Sep 19,,USD,Building Permits,Medium,1.54M,1.44M,1.44M
Tue Sep 19,,USD,Housing Starts,Low,1.28M,1.44M,1.45M
Wed Sep 20,5:20am,JPY,Trade Balance,Low,-0.56T,-0.44T,-0.60T
Wed Sep 20,11:30am,EUR,German PPI m/m,Low,0.3%,0.1%,-1.1%
Wed Sep 20,,GBP,CPI y/y,High,6.7%,7.0%,6.8%
Wed Sep 20,,GBP,Core CPI y/y,Low,6.2%,6.8%,6.9%
Wed Sep 20,,GBP,PPI Input m/m,Low,0.4%,0.3%,-0.4%
Wed Sep 20,,GBP,PPI Output m/m,Low,0.2%,0.1%,0.2%
Wed Sep 20,,GBP,RPI y/y,Low,9.1%,9.3%,9.0%
Wed Sep 20,2:00pm,GBP,HPI y/y,Low,0.6%,0.0%,1.9%
Wed Sep 20,,USD,Crude Oil Inventories,Low,-2.1M,-1.3M,4.0M
Wed Sep 20,11:30pm,USD,Federal Funds Rate,High,5.50%,5.50%,5.50%
Thu Sep 21,11:30am,GBP,Public Sector Net Borrowing,Low,10.8B,9.8B,-1.2B
Thu Sep 21,,GBP,MPC Official Bank Rate Votes,High,4-0-5,7-0-2,8-0-1
Thu Sep 21,,GBP,Official Bank Rate,High,5.25%,5.50%,5.25%
Thu Sep 21,,USD,Unemployment Claims,High,201K,224K,221K
Thu Sep 21,,USD,Philly Fed Manufacturing Index,Medium,-13.5,-1.1,12.0
Thu Sep 21,,USD,Current Account,Low,-212B,-220B,-214B
Thu Sep 21,,EUR,Consumer Confidence,Low,-18,-16,-16
Thu Sep 21,,USD,Existing Home Sales,Medium,4.04M,4.10M,4.07M
Thu Sep 21,,USD,CB Leading Index m/m,Low,-0.4%,-0.5%,-0.3%
Thu Sep 21,8:00pm,USD,Natural Gas Storage,Low,64B,65B,57B
Fri Sep 22,4:31am,GBP,GfK Consumer Confidence,Low,-21,-26,-25
Fri Sep 22,5:00am,JPY,National Core CPI y/y,Low,3.1%,3.0%,3.1%
Fri Sep 22,6:00am,JPY,Flash Manufacturing PMI,Low,48.6,49.9,49.6
Fri Sep 22,,JPY,BOJ Policy Rate,Medium,-0.10%,-0.10%,-0.10%
Fri Sep 22,11:30am,GBP,Retail Sales m/m,High,0.4%,0.5%,-1.1%
Fri Sep 22,12:45pm,EUR,French Flash Manufacturing PMI,High,43.6,46.2,46.0
Fri Sep 22,,EUR,French Flash Services PMI,High,43.9,46.0,46.0
Fri Sep 22,1:00pm,EUR,German Flash Manufacturing PMI,High,39.8,39.5,39.1
Fri Sep 22,,EUR,German Flash Services PMI,High,49.8,47.2,47.3
Fri Sep 22,1:30pm,EUR,Flash Manufacturing PMI,Medium,43.4,44.0,43.5
Fri Sep 22,,EUR,Flash Services PMI,Medium,48.4,47.7,47.9
Fri Sep 22,2:00pm,GBP,Flash Manufacturing PMI,High,44.2,43.3,43.0
Fri Sep 22,,GBP,Flash Services PMI,High,47.2,49.3,49.5
Fri Sep 22,3:30pm,GBP,CBI Industrial Order Expectations,Low,-18,-16,-15
Fri Sep 22,7:15pm,USD,Flash Manufacturing PMI,High,48.9,48.2,47.9
Fri Sep 22,,USD,Flash Services PMI,High,50.2,50.7,50.5
Mon Sep 25,1:30pm,EUR,German ifo Business Climate,High,85.7,85.1,85.8
Mon Sep 25,3:30pm,GBP,CBI Realized Sales,Low,-14,-33,-44
Mon Sep 25,,EUR,Belgian NBB Business Climate,Low,-14.4,-10.3,-14.9
Tue Sep 26,5:20am,JPY,SPPI y/y,Low,2.1%,1.8%,1.7%
Tue Sep 26,10:30am,JPY,BOJ Core CPI y/y,Low,3.3%,3.2%,3.3%
Tue Sep 26,2:32pm,GBP,10-y Bond Auction,Low,4.32|2.6,,4.40|2.4
Tue Sep 26,,USD,HPI m/m,Low,0.8%,0.4%,0.4%
Tue Sep 26,6:33pm,USD,S&P/CS Composite-20 HPI y/y,Medium,0.1%,0.0%,-1.2%
Tue Sep 26,7:29pm,USD,Richmond Manufacturing Index,Medium,5,-6,-7
Tue Sep 26,7:30pm,USD,CB Consumer Confidence,High,103.0,105.5,108.7
Tue Sep 26,,USD,New Home Sales,Medium,675K,699K,739K
Wed Sep 27,11:30am,EUR,German GfK Consumer Climate,Low,-26.5,-25.8,-25.6
Wed Sep 27,,EUR,M3 Money Supply y/y,Low,-1.3%,-1.1%,-0.4%
Wed Sep 27,,EUR,Private Loans y/y,Low,1.0%,1.2%,1.3%
Wed Sep 27,3:01pm,EUR,German 10-y Bond Auction,Low,2.78|2.0,,2.63|1.7
Wed Sep 27,6:00pm,USD,Core Durable Goods Orders m/m,Medium,0.4%,0.2%,0.4%
Wed Sep 27,,USD,Durable Goods Orders m/m,Medium,0.2%,-0.5%,-5.6%
Wed Sep 27,8:00pm,USD,Crude Oil Inventories,Low,-2.2M,-0.7M,-2.1M
Thu Sep 28,All Day,EUR,German Prelim CPI m/m,High,0.3%,0.3%,0.3%
Thu Sep 28,12:30pm,EUR,Spanish Flash CPI y/y,High,3.5%,3.5%,2.6%
Thu Sep 28,2:46pm,EUR,Italian 10-y Bond Auction,Low,4.93|1.4,,4.20|1.6
Thu Sep 28,6:00pm,USD,Final GDP q/q,High,2.1%,2.2%,2.1%
Thu Sep 28,,USD,Unemployment Claims,High,204K,214K,202K
Thu Sep 28,,USD,Final GDP Price Index q/q,Medium,1.7%,2.0%,2.0%
Thu Sep 28,7:30pm,USD,Pending Home Sales m/m,Medium,-7.1%,-1.1%,0.5%
Thu Sep 28,8:00pm,USD,Natural Gas Storage,Low,90B,90B,64B
Fri Sep 29,5:00am,JPY,Tokyo Core CPI y/y,Medium,2.5%,2.6%,2.8%
Fri Sep 29,,JPY,Unemployment Rate,Low,2.7%,2.6%,2.7%
Fri Sep 29,5:20am,JPY,Prelim Industrial Production m/m,Low,0.0%,-0.7%,-1.8%
Fri Sep 29,,JPY,Retail Sales y/y,Low,7.0%,6.6%,7.0%
Fri Sep 29,10:30am,JPY,Consumer Confidence,Low,35.2,36.2,36.2
Fri Sep 29,,JPY,Housing Starts y/y,Low,-9.4%,-8.7%,-6.7%
Fri Sep 29,11:30am,EUR,German Import Prices m/m,Low,0.4%,0.6%,-0.6%
Fri Sep 29,,EUR,German Retail Sales m/m,Low,-1.2%,0.5%,-1.0%
Fri Sep 29,,GBP,Current Account,Low,-25.3B,-14.5B,-15.2B
Fri Sep 29,,GBP,Final GDP q/q,Low,0.2%,0.2%,0.2%
Fri Sep 29,,GBP,Revised Business Investment q/q,Low,4.1%,3.2%,3.4%
Fri Sep 29,12:15pm,EUR,French Consumer Spending m/m,Low,-0.5%,-0.4%,0.4%
Fri Sep 29,,EUR,French Prelim CPI m/m,Low,-0.5%,-0.3%,1.0%
Fri Sep 29,1:25pm,EUR,German Unemployment Change,Low,10K,15K,20K
Fri Sep 29,2:00pm,GBP,M4 Money Supply m/m,Low,0.2%,0.2%,-0.6%
Fri Sep 29,,GBP,Mortgage Approvals,Low,45K,48K,50K
Fri Sep 29,,GBP,Net Lending to Individuals m/m,Low,2.9B,1.5B,1.5B
Fri Sep 29,2:30pm,EUR,Core CPI Flash Estimate y/y,Medium,4.5%,4.8%,5.3%
Fri Sep 29,,EUR,CPI Flash Estimate y/y,Medium,4.3%,4.5%,5.2%
Fri Sep 29,,EUR,Italian Prelim CPI m/m,Low,0.2%,-0.1%,0.3%
Fri Sep 29,,USD,Core PCE Price Index m/m,High,0.1%,0.2%,0.2%
Fri Sep 29,,USD,Goods Trade Balance,Low,-84.3B,-91.4B,-90.9B
Fri Sep 29,,USD,Personal Income m/m,Low,0.4%,0.4%,0.2%
Fri Sep 29,,USD,Personal Spending m/m,Low,0.4%,0.5%,0.9%
Fri Sep 29,,USD,Prelim Wholesale Inventories m/m,Low,-0.1%,-0.1%,-0.2%
Fri Sep 29,7:15pm,USD,Chicago PMI,Medium,44.1,47.5,48.7
Fri Sep 29,7:30pm,USD,Revised UoM Consumer Sentiment,High,68.1,67.7,67.7
Fri Sep 29,,USD,Revised UoM Inflation Expectations,Low,3.2%,,3.1%
Mon Oct 2,,JPY,Tankan Manufacturing Index,Low,9,6,5
Mon Oct 2,,JPY,Tankan Non-Manufacturing Index,Low,27,24,23
Mon Oct 2,6:00am,JPY,Final Manufacturing PMI,Low,48.5,48.6,48.6
Mon Oct 2,11:30am,GBP,Nationwide HPI m/m,Low,0.0%,-0.4%,-0.8%
Mon Oct 2,12:45pm,EUR,Spanish Manufacturing PMI,Low,47.7,46.6,46.5
Mon Oct 2,1:15pm,EUR,Italian Manufacturing PMI,Low,46.8,45.8,45.4
Mon Oct 2,1:20pm,EUR,French Final Manufacturing PMI,Low,44.2,43.6,43.6
Mon Oct 2,1:25pm,EUR,German Final Manufacturing PMI,Low,39.6,39.8,39.8
Mon Oct 2,1:30pm,EUR,Final Manufacturing PMI,Low,43.4,43.4,43.4
Mon Oct 2,,EUR,Italian Monthly Unemployment Rate,Low,7.3%,7.7%,7.5%
Mon Oct 2,2:00pm,GBP,Final Manufacturing PMI,Low,44.3,44.2,44.2
Mon Oct 2,2:30pm,EUR,Unemployment Rate,Low,6.4%,6.4%,6.5%
Mon Oct 2,7:15pm,USD,Final Manufacturing PMI,Low,49.8,48.9,48.9
Mon Oct 2,7:30pm,USD,ISM Manufacturing PMI,High,49.0,47.8,47.6
Mon Oct 2,,USD,ISM Manufacturing Prices,Medium,43.8,48.9,48.4
Mon Oct 2,,USD,Construction Spending m/m,Low,0.5%,0.6%,0.9%
Tue Oct 3,4:31am,GBP,BRC Shop Price Index y/y,Low,6.2%,,6.9%
Tue Oct 3,5:20am,JPY,Monetary Base y/y,Low,5.6%,1.6%,1.2%
Tue Oct 3,9:05am,JPY,10-y Bond Auction,Low,0.77|3.9,,0.66|4.0
Tue Oct 3,12:15pm,EUR,French Gov Budget Balance,Low,-187.9B,,-169.0B
Tue Oct 3,12:30pm,EUR,Spanish Unemployment Change,Low,19.8K,-12.2K,24.8K
Tue Oct 3,2:33pm,GBP,30-y Bond Auction,Low,4.94|2.8,,4.70|2.4
Tue Oct 3,7:30pm,USD,JOLTS Job Openings,High,9.61M,8.81M,8.92M
Tue Oct 3,,USD,RCM/TIPP Economic Optimism,Low,36.3,41.6,43.2
Tue Oct 3,All Day,USD,Wards Total Vehicle Sales,Low,15.7M,15.4M,15.0M
Wed Oct 4,12:45pm,EUR,Spanish Services PMI,Low,50.5,49.7,49.3
Wed Oct 4,1:15pm,EUR,Italian Services PMI,Low,49.9,50.1,49.8
Wed Oct 4,1:20pm,EUR,French Final Services PMI,Low,44.4,43.9,43.9
Wed Oct 4,1:25pm,EUR,German Final Services PMI,Low,50.3,49.8,49.8
Wed Oct 4,1:30pm,EUR,Final Services PMI,Low,48.7,48.4,48.4
Wed Oct 4,2:00pm,GBP,Final Services PMI,Low,49.3,47.2,47.2
Wed Oct 4,2:30pm,EUR,PPI m/m,Low,0.6%,0.6%,-0.5%
Wed Oct 4,,EUR,Retail Sales m/m,Low,-1.2%,-0.5%,-0.1%
Wed Oct 4,5:45pm,USD,ADP Non-Farm Employment Change,High,89K,154K,180K
Wed Oct 4,7:15pm,USD,Final Services PMI,Low,50.1,50.2,50.2
Wed Oct 4,7:30pm,USD,ISM Services PMI,High,53.6,53.5,54.5
Wed Oct 4,,USD,Factory Orders m/m,Low,1.2%,0.2%,-2.1%
Wed Oct 4,8:00pm,USD,Crude Oil Inventories,Low,-2.2M,-0.1M,-2.2M
Thu Oct 5,9:05am,JPY,30-y Bond Auction,Low,1.69|3.1,,1.64|3.5
Thu Oct 5,11:30am,EUR,German Trade Balance,Low,16.6B,14.9B,16.0B
Thu Oct 5,12:15pm,EUR,French Industrial Production m/m,Low,-0.3%,-0.4%,0.5%
Thu Oct 5,2:00pm,GBP,Construction PMI,Medium,45.0,50.0,50.8
Thu Oct 5,,GBP,Housing Equity Withdrawal q/q,Low,-23.2B,-14.5B,-22.2B
Thu Oct 5,2:10pm,EUR,Spanish 10-y Bond Auction,Low,3.98|2.3,,3.66|1.7
Thu Oct 5,2:25pm,EUR,French 10-y Bond Auction,Low,3.56|1.9,,3.15|1.7
Thu Oct 5,5:00pm,USD,Challenger Job Cuts y/y,Low,58.2%,,266.9%
Thu Oct 5,,USD,Unemployment Claims,High,207K,211K,205K
Thu Oct 5,,USD,Trade Balance,Low,-58.3B,-60.5B,-64.7B
Thu Oct 5,8:00pm,USD,Natural Gas Storage,Low,86B,97B,90B
Fri Oct 6,5:00am,JPY,Average Cash Earnings y/y,Low,1.1%,1.5%,1.1%
Fri Oct 6,,JPY,Household Spending y/y,Low,-2.5%,-4.0%,-5.0%
Fri Oct 6,10:30am,JPY,Leading Indicators,Low,109.5%,109.0%,108.2%
Fri Oct 6,11:30am,EUR,German Factory Orders m/m,Low,3.9%,1.6%,-11.3%
Fri Oct 6,,GBP,Halifax HPI m/m,Low,-0.4%,-0.8%,-1.8%
Fri Oct 6,12:15pm,EUR,French Trade Balance,Low,-8.2B,-8.9B,-8.1B
Fri Oct 6,1:30pm,EUR,Italian Retail Sales m/m,Low,-0.4%,0.0%,0.4%
Fri Oct 6,,USD,Average Hourly Earnings m/m,High,0.2%,0.3%,0.2%
Fri Oct 6,,USD,Non-Farm Employment Change,High,336K,171K,227K
Fri Oct 6,,USD,Unemployment Rate,High,3.8%,3.7%,3.8%
Sat Oct 7,12:30am,USD,Consumer Credit m/m,Low,-15.6B,11.7B,11.0B
Mon Oct 9,11:30am,EUR,German Industrial Production m/m,Low,-0.2%,-0.1%,-0.6%
Mon Oct 9,2:00pm,EUR,Sentix Investor Confidence,Low,-21.9,-24.0,-21.5
Tue Oct 10,4:31am,GBP,BRC Retail Sales Monitor y/y,Low,2.8%,3.1%,4.3%
Tue Oct 10,5:20am,JPY,Current Account,Low,1.63T,2.41T,2.77T
Tue Oct 10,10:30am,JPY,Economy Watchers Sentiment,Low,49.9,53.2,53.6
Tue Oct 10,1:30pm,EUR,Italian Industrial Production m/m,Low,0.2%,-0.3%,-0.9%
Tue Oct 10,3:26pm,USD,NFIB Small Business Index,Low,90.8,91.1,91.3
Tue Oct 10,7:30pm,USD,Final Wholesale Inventories m/m,Low,-0.1%,-0.1%,-0.1%
Wed Oct 11,11:28am,JPY,Prelim Machine Tool Orders y/y,Low,-11.2%,,-17.6%
Wed Oct 11,11:30am,EUR,German Final CPI m/m,Low,0.3%,0.3%,0.3%
Wed Oct 11,2:37pm,GBP,10-y Bond Auction,Low,4.44|3.1,,4.32|2.6
Wed Oct 11,3:00pm,EUR,German 30-y Bond Auction,Low,2.87|2.9,,2.79|2.3
Wed Oct 11,,USD,Core PPI m/m,High,0.3%,0.2%,0.2%
Wed Oct 11,,USD,PPI m/m,High,0.5%,0.3%,0.7%
Wed Oct 11,10:31pm,USD,10-y Bond Auction,Low,4.61|2.5,,4.29|2.5
Thu Oct 12,4:31am,GBP,RICS House Price Balance,Low,-69%,-60%,-68%
Thu Oct 12,5:20am,JPY,Bank Lending y/y,Low,2.9%,3.1%,3.1%
Thu Oct 12,,JPY,Core Machinery Orders m/m,Low,-0.5%,0.7%,-1.1%
Thu Oct 12,,JPY,PPI y/y,Low,2.0%,2.4%,3.3%
Thu Oct 12,11:30am,GBP,GDP m/m,High,0.2%,0.2%,-0.6%
Thu Oct 12,,GBP,Construction Output m/m,Low,-0.5%,0.0%,-0.4%
Thu Oct 12,,GBP,Goods Trade Balance,Low,-16.0B,-14.8B,-13.9B
Thu Oct 12,,GBP,Index of Services 3m/3m,Low,0.1%,0.1%,-0.1%
Thu Oct 12,,GBP,Industrial Production m/m,Low,-0.7%,-0.2%,-1.1%
Thu Oct 12,,GBP,Manufacturing Production m/m,Low,-0.8%,-0.3%,-1.2%
Thu Oct 12,5:48pm,GBP,NIESR GDP Estimate,Low,-0.1%,,0.3%
Thu Oct 12,6:00pm,USD,Core CPI m/m,High,0.3%,0.3%,0.3%
Thu Oct 12,,USD,CPI m/m,High,0.4%,0.3%,0.6%
Thu Oct 12,,USD,CPI y/y,High,3.7%,3.6%,3.7%
Thu Oct 12,,USD,Unemployment Claims,High,209K,211K,209K
Thu Oct 12,8:00pm,USD,Natural Gas Storage,Low,84B,85B,86B
Thu Oct 12,8:30pm,USD,Crude Oil Inventories,Low,10.2M,-0.4M,-2.2M
Thu Oct 12,10:31pm,USD,30-y Bond Auction,Low,4.84|2.3,,4.35|2.5
Fri Oct 13,5:20am,JPY,M2 Money Stock y/y,Low,2.4%,2.4%,2.5%
Fri Oct 13,,EUR,French Final CPI m/m,Low,-0.5%,-0.5%,-0.5%
Fri Oct 13,2:30pm,EUR,Industrial Production m/m,Low,0.6%,0.1%,-1.3%
Fri Oct 13,6:00pm,USD,Import Prices m/m,Low,0.1%,0.6%,0.6%
Fri Oct 13,7:00pm,GBP,CB Leading Index m/m,Low,-0.8%,,-0.8%
Fri Oct 13,7:30pm,USD,Prelim UoM Consumer Sentiment,High,63.0,67.2,68.1
Fri Oct 13,,USD,Prelim UoM Inflation Expectations,Medium,3.8%,,3.2%
Mon Oct 16,4:31am,GBP,Rightmove HPI m/m,Low,0.5%,,0.4%
Mon Oct 16,10:00am,JPY,Revised Industrial Production m/m,Low,-0.7%,0.0%,0.0%
Mon Oct 16,11:30am,EUR,German WPI m/m,Low,0.2%,0.3%,0.2%
Mon Oct 16,2:30pm,EUR,Trade Balance,Low,11.9B,5.4B,3.5B
Mon Oct 16,,USD,Empire State Manufacturing Index,High,-4.6,-6.4,1.9
Tue Oct 17,10:00am,JPY,Tertiary Industry Activity m/m,Low,-0.1%,0.4%,1.1%
Tue Oct 17,11:30am,GBP,Average Earnings Index 3m/y,High,8.1%,8.3%,8.5%
Tue Oct 17,2:30pm,EUR,German ZEW Economic Sentiment,Medium,-1.1,-9.1,-11.4
Tue Oct 17,,EUR,ZEW Economic Sentiment,Low,2.3,-7.7,-8.9
Tue Oct 17,2:33pm,GBP,30-y Bond Auction,Low,4.93|2.6,,4.94|2.8
Tue Oct 17,,USD,Core Retail Sales m/m,High,0.6%,0.2%,0.9%
Tue Oct 17,,USD,Retail Sales m/m,High,0.7%,0.3%,0.8%
Tue Oct 17,6:45pm,USD,Industrial Production m/m,Medium,0.3%,0.0%,0.0%
Tue Oct 17,,USD,Capacity Utilization Rate,Low,79.7%,79.6%,79.5%
Tue Oct 17,7:30pm,USD,Business Inventories m/m,Low,0.4%,0.3%,0.1%
Tue Oct 17,,USD,NAHB Housing Market Index,Low,40,44,44
Wed Oct 18,11:30am,GBP,CPI y/y,High,6.7%,6.6%,6.7%
Wed Oct 18,,GBP,Core CPI y/y,Low,6.1%,6.0%,6.2%
Wed Oct 18,,GBP,PPI Input m/m,Low,0.4%,0.8%,0.8%
Wed Oct 18,,GBP,PPI Output m/m,Low,0.4%,0.3%,0.2%
Wed Oct 18,,GBP,RPI y/y,Low,8.9%,8.9%,9.1%
Wed Oct 18,1:30pm,EUR,Italian Trade Balance,Low,2.07B,6.05B,6.11B
Wed Oct 18,2:00pm,GBP,HPI y/y,Low,0.2%,-0.5%,0.7%
Wed Oct 18,2:30pm,EUR,Final Core CPI y/y,Low,4.5%,4.5%,4.5%
Wed Oct 18,,EUR,Final CPI y/y,Low,4.3%,4.3%,4.3%
Wed Oct 18,3:04pm,EUR,German 10-y Bond Auction,Low,2.90|2.0,,2.78|2.0
Wed Oct 18,6:00pm,USD,Building Permits,Medium,1.47M,1.45M,1.54M
Wed Oct 18,,USD,Housing Starts,Low,1.36M,1.39M,1.27M
Wed Oct 18,,USD,Crude Oil Inventories,Low,-4.5M,-0.5M,10.2M
Thu Oct 19,1:30am,USD,TIC Long-Term Purchases,Low,63.5B,76.8B,9.5B
Thu Oct 19,5:20am,JPY,Trade Balance,Low,-0.43T,-0.54T,-0.55T
Thu Oct 19,1:30pm,EUR,Current Account,Low,27.7B,27.2B,21.0B
Thu Oct 19,2:10pm,EUR,Spanish 10-y Bond Auction,Low,4.07|2.1,,3.98|2.3
Thu Oct 19,,USD,Unemployment Claims,High,198K,210K,211K
Thu Oct 19,,USD,Philly Fed Manufacturing Index,Medium,-9.0,-6.7,-13.5
Thu Oct 19,7:30pm,USD,Existing Home Sales,Medium,3.96M,3.89M,4.04M
Thu Oct 19,,USD,CB Leading Index m/m,Low,-0.7%,-0.4%,-0.5%
Thu Oct 19,8:00pm,USD,Natural Gas Storage,Low,97B,82B,84B
Fri Oct 20,4:31am,GBP,GfK Consumer Confidence,Low,-30,-20,-21
Fri Oct 20,5:00am,JPY,National Core CPI y/y,Low,2.8%,2.7%,3.1%
Fri Oct 20,11:30am,EUR,German PPI m/m,Low,-0.2%,0.4%,0.3%
Fri Oct 20,,GBP,Retail Sales m/m,High,-0.9%,-0.3%,0.4%
Fri Oct 20,,GBP,Public Sector Net Borrowing,Low,13.5B,17.6B,10.6B
Sat Oct 21,1:30am,USD,Federal Budget Balance,Low,-171.0B,-164.5B,89.3B
Mon Oct 23,7:30pm,EUR,Consumer Confidence,Low,-18,-18,-18
Tue Oct 24,6:00am,JPY,Flash Manufacturing PMI,Low,48.5,48.9,48.5
Tue Oct 24,10:30am,JPY,BOJ Core CPI y/y,Low,3.4%,3.3%,3.3%
Tue Oct 24,11:30am,EUR,German GfK Consumer Climate,Low,-28.1,-26.8,-26.7
Tue Oct 24,,GBP,Claimant Count Change,High,20.4K,2.3K,-9.0K
Tue Oct 24,,GBP,Unemployment Rate,Low,4.2%,4.3%,4.3%
Tue Oct 24,12:45pm,EUR,French Flash Manufacturing PMI,High,42.6,44.4,44.2
Tue Oct 24,,EUR,French Flash Services PMI,High,46.1,44.9,44.4
Tue Oct 24,1:00pm,EUR,German Flash Manufacturing PMI,High,40.7,40.1,39.6
Tue Oct 24,,EUR,German Flash Services PMI,High,48.0,50.1,50.3
Tue Oct 24,,EUR,Flash Manufacturing PMI,Medium,43.0,43.6,43.4
Tue Oct 24,,EUR,Flash Services PMI,Medium,47.8,48.7,48.7
Tue Oct 24,2:00pm,GBP,Flash Manufacturing PMI,High,45.2,44.7,44.3
Tue Oct 24,,GBP,Flash Services PMI,High,49.2,49.4,49.3
Tue Oct 24,3:30pm,GBP,CBI Industrial Order Expectations,Low,-26,-16,-18
Tue Oct 24,7:15pm,USD,Flash Manufacturing PMI,High,50.0,49.5,49.8
Tue Oct 24,,USD,Flash Services PMI,High,50.9,49.9,50.1
Tue Oct 24,7:29pm,USD,Richmond Manufacturing Index,Medium,3,3,5
Wed Oct 25,,EUR,German ifo Business Climate,High,86.9,85.9,85.8
Wed Oct 25,,EUR,M3 Money Supply y/y,Low,-1.2%,-1.7%,-1.3%
Wed Oct 25,,EUR,Private Loans y/y,Low,0.8%,1.0%,1.0%
Wed Oct 25,,EUR,Belgian NBB Business Climate,Low,-16.8,-14.7,-14.4
Wed Oct 25,,USD,New Home Sales,Medium,759K,678K,676K
Wed Oct 25,8:00pm,USD,Crude Oil Inventories,Low,1.4M,-0.5M,-4.5M
Thu Oct 26,5:20am,JPY,SPPI y/y,Low,2.1%,2.0%,2.1%
Thu Oct 26,12:30pm,EUR,Spanish Unemployment Rate,Low,11.8%,11.5%,11.6%
Thu Oct 26,3:30pm,GBP,CBI Realized Sales,Low,-36,-16,-14
Thu Oct 26,5:45pm,EUR,Main Refinancing Rate,High,4.50%,4.50%,4.50%
Thu Oct 26,6:00pm,USD,Advance GDP q/q,High,4.9%,4.5%,2.1%
Thu Oct 26,,USD,Unemployment Claims,High,210K,208K,200K
Thu Oct 26,,USD,Advance GDP Price Index q/q,Medium,3.5%,2.7%,1.7%
Thu Oct 26,,USD,Core Durable Goods Orders m/m,Medium,0.5%,0.2%,0.5%
Thu Oct 26,,USD,Durable Goods Orders m/m,Medium,4.7%,1.9%,0.1%
Thu Oct 26,,USD,Goods Trade Balance,Low,-85.8B,-86.2B,-84.6B
Thu Oct 26,,USD,Prelim Wholesale Inventories m/m,Low,0.0%,0.1%,-0.1%
Thu Oct 26,7:30pm,USD,Pending Home Sales m/m,Medium,1.1%,-2.0%,-7.1%
Thu Oct 26,8:00pm,USD,Natural Gas Storage,Low,74B,82B,97B
Fri Oct 27,5:00am,JPY,Tokyo Core CPI y/y,Medium,2.7%,2.5%,2.5%
Fri Oct 27,12:30pm,EUR,Spanish Flash GDP q/q,Low,0.3%,0.2%,0.5%
Fri Oct 27,6:00pm,USD,Core PCE Price Index m/m,High,0.3%,0.3%,0.1%
Fri Oct 27,,USD,Personal Income m/m,Low,0.3%,0.4%,0.4%
Fri Oct 27,,USD,Personal Spending m/m,Low,0.7%,0.5%,0.4%
Fri Oct 27,7:30pm,USD,Revised UoM Consumer Sentiment,High,63.8,63.0,63.0
Fri Oct 27,,USD,Revised UoM Inflation Expectations,Low,4.2%,,3.8%
Mon Oct 30,All Day,EUR,German Prelim CPI m/m,High,0.0%,0.2%,0.3%
Mon Oct 30,,EUR,Spanish Flash CPI y/y,High,3.5%,3.8%,3.5%
Mon Oct 30,2:30pm,EUR,German Prelim GDP q/q,Medium,-0.1%,-0.2%,0.1%
Mon Oct 30,3:00pm,GBP,M4 Money Supply m/m,Low,-1.1%,0.1%,0.2%
Mon Oct 30,,GBP,Mortgage Approvals,Low,43K,44K,45K
Mon Oct 30,,GBP,Net Lending to Individuals m/m,Low,0.5B,2.4B,2.8B
Tue Oct 31,5:00am,JPY,Unemployment Rate,Low,2.6%,2.6%,2.7%
Tue Oct 31,,JPY,Prelim Industrial Production m/m,Low,0.2%,2.4%,-0.7%
Tue Oct 31,,JPY,Retail Sales y/y,Low,5.8%,6.0%,7.1%
Tue Oct 31,5:31am,GBP,BRC Shop Price Index y/y,Low,5.2%,,6.2%
Tue Oct 31,,JPY,BOJ Policy Rate,High,-0.10%,-0.10%,-0.10%
Tue Oct 31,10:30am,JPY,Consumer Confidence,Low,35.7,35.1,35.2
Tue Oct 31,,JPY,Housing Starts y/y,Low,-6.8%,-6.1%,-9.4%
Tue Oct 31,12:00pm,EUR,French Consumer Spending m/m,Low,0.2%,0.3%,-0.6%
Tue Oct 31,,EUR,French Flash GDP q/q,Low,0.1%,0.1%,0.6%
Tue Oct 31,12:30pm,EUR,German Import Prices m/m,Low,1.6%,0.4%,0.4%
Tue Oct 31,,EUR,German Retail Sales m/m,Low,-0.8%,0.5%,-1.1%
Tue Oct 31,1:15pm,EUR,French Prelim CPI m/m,Low,0.1%,0.2%,-0.5%
Tue Oct 31,2:30pm,EUR,Italian Prelim GDP q/q,Low,0.0%,0.1%,-0.4%
Tue Oct 31,3:30pm,EUR,Core CPI Flash Estimate y/y,Medium,4.2%,4.2%,4.5%
Tue Oct 31,,EUR,CPI Flash Estimate y/y,Medium,2.9%,3.1%,4.3%
Tue Oct 31,,EUR,Italian Prelim CPI m/m,Low,-0.1%,0.4%,0.2%
Tue Oct 31,,EUR,Prelim Flash GDP q/q,Low,-0.1%,0.0%,0.1%
Tue Oct 31,3:43pm,EUR,Italian 10-y Bond Auction,Low,4.76|1.3,,4.93|1.4
Tue Oct 31,4:08pm,EUR,German 30-y Bond Auction,Low,3.04|2.1,,2.87|2.9
Tue Oct 31,,USD,Employment Cost Index q/q,High,1.1%,1.0%,1.0%
Tue Oct 31,6:30pm,USD,S&P/CS Composite-20 HPI y/y,Medium,2.2%,1.8%,0.2%
Tue Oct 31,,USD,HPI m/m,Low,0.6%,0.5%,0.8%
Tue Oct 31,7:15pm,USD,Chicago PMI,Medium,44.0,45.4,44.1
Tue Oct 31,7:30pm,USD,CB Consumer Confidence,High,102.6,100.5,104.3
Wed Nov 1,,JPY,Final Manufacturing PMI,Low,48.7,49.0,48.5
Wed Nov 1,12:30pm,GBP,Nationwide HPI m/m,Low,0.9%,-0.3%,0.1%
Wed Nov 1,3:00pm,GBP,Final Manufacturing PMI,Low,44.8,45.2,45.2
Wed Nov 1,5:45pm,USD,ADP Non-Farm Employment Change,High,113K,149K,89K
Wed Nov 1,7:15pm,USD,Final Manufacturing PMI,Low,50.0,50.0,50.0
Wed Nov 1,7:30pm,USD,ISM Manufacturing PMI,High,46.7,49.0,49.0
Wed Nov 1,,USD,JOLTS Job Openings,High,9.55M,9.34M,9.50M
Wed Nov 1,,USD,ISM Manufacturing Prices,Medium,45.1,46.2,43.8
Wed Nov 1,,USD,Construction Spending m/m,Low,0.4%,0.4%,1.0%
Wed Nov 1,All Day,USD,Wards Total Vehicle Sales,Low,15.5M,15.6M,15.7M
Wed Nov 1,8:00pm,USD,Crude Oil Inventories,Low,0.8M,1.5M,1.4M
Wed Nov 1,11:30pm,USD,Federal Funds Rate,High,5.50%,5.50%,5.50%
Thu Nov 2,5:20am,JPY,Monetary Base y/y,Low,9.0%,5.9%,5.6%
Thu Nov 2,9:05am,JPY,10-y Bond Auction,Low,0.91|3.6,,0.77|3.9
Thu Nov 2,1:15pm,EUR,French Gov Budget Balance,Low,-186.1B,,-187.9B
Thu Nov 2,1:45pm,EUR,Spanish Manufacturing PMI,Low,45.1,47.1,47.7
Thu Nov 2,2:15pm,EUR,Italian Manufacturing PMI,Low,44.9,46.3,46.8
Thu Nov 2,2:20pm,EUR,French Final Manufacturing PMI,Low,42.8,42.6,42.6
Thu Nov 2,2:25pm,EUR,German Final Manufacturing PMI,Low,40.8,40.7,40.7
Thu Nov 2,,EUR,German Unemployment Change,Low,30K,14K,12K
Thu Nov 2,2:30pm,EUR,Final Manufacturing PMI,Low,43.1,43.0,43.0
Thu Nov 2,3:23pm,EUR,Spanish 10-y Bond Auction,Low,3.58|2.0,,4.07|2.1
Thu Nov 2,3:31pm,EUR,French 10-y Bond Auction,Low,3.32|2.0,,3.56|1.9
Thu Nov 2,5:00pm,USD,Challenger Job Cuts y/y,Low,8.8%,,58.2%
Thu Nov 2,,GBP,MPC Official Bank Rate Votes,High,3-0-6,2-0-7,4-0-5
Thu Nov 2,,GBP,Official Bank Rate,High,5.25%,5.25%,5.25%
Thu Nov 2,,USD,Unemployment Claims,High,217K,210K,212K
Thu Nov 2,,USD,Prelim Nonfarm Productivity q/q,Low,4.7%,4.2%,3.5%
Thu Nov 2,,USD,Prelim Unit Labor Costs q/q,Low,-0.8%,0.4%,2.2%
Thu Nov 2,7:30pm,USD,Factory Orders m/m,Low,2.8%,2.2%,1.0%
Thu Nov 2,8:00pm,USD,Natural Gas Storage,Low,79B,81B,74B
Fri Nov 3,12:30pm,EUR,German Trade Balance,Low,16.5B,16.3B,17.7B
Fri Nov 3,1:15pm,EUR,French Industrial Production m/m,Low,-0.5%,0.0%,-0.1%
Fri Nov 3,,EUR,French Prelim Private Payrolls q/q,Low,-0.1%,0.2%,0.1%
Fri Nov 3,1:30pm,EUR,Spanish Unemployment Change,Low,36.9K,11.2K,19.8K
Fri Nov 3,2:30pm,EUR,Italian Monthly Unemployment Rate,Low,7.4%,7.4%,7.3%
Fri Nov 3,3:00pm,GBP,Final Services PMI,Low,49.5,49.2,49.2
Fri Nov 3,3:30pm,EUR,Unemployment Rate,Low,6.5%,6.4%,6.4%
Fri Nov 3,,USD,Average Hourly Earnings m/m,High,0.2%,0.3%,0.3%
Fri Nov 3,,USD,Non-Farm Employment Change,High,150K,178K,297K
Fri Nov 3,,USD,Unemployment Rate,High,3.9%,3.8%,3.8%
Fri Nov 3,7:15pm,USD,Final Services PMI,Low,50.6,50.9,50.9
Fri Nov 3,7:30pm,USD,ISM Services PMI,High,51.8,53.0,53.6
Mon Nov 6,12:30pm,EUR,German Factory Orders m/m,Low,0.2%,-1.3%,1.9%
Mon Nov 6,1:45pm,EUR,Spanish Services PMI,Low,51.1,49.4,50.5
Mon Nov 6,2:15pm,EUR,Italian Services PMI,Low,47.7,48.7,49.9
Mon Nov 6,2:20pm,EUR,French Final Services PMI,Low,45.2,46.1,46.1
Mon Nov 6,2:25pm,EUR,German Final Services PMI,Low,48.2,48.0,48.0
Mon Nov 6,2:30pm,EUR,Final Services PMI,Low,47.8,47.8,47.8
Mon Nov 6,3:00pm,EUR,Sentix Investor Confidence,Low,-18.6,-22.2,-21.9
Mon Nov 6,,GBP,Construction PMI,Medium,45.6,46.1,45.0
Tue Nov 7,5:00am,JPY,Average Cash Earnings y/y,Low,1.2%,1.1%,0.8%
Tue Nov 7,,JPY,Household Spending y/y,Low,-2.8%,-3.0%,-2.5%
Tue Nov 7,5:31am,GBP,BRC Retail Sales Monitor y/y,Low,2.6%,2.4%,2.8%
Tue Nov 7,12:30pm,EUR,German Industrial Production m/m,Low,-1.4%,-0.1%,-0.1%
Tue Nov 7,12:32pm,GBP,Halifax HPI m/m,Low,1.1%,0.2%,-0.3%
Tue Nov 7,3:30pm,EUR,PPI m/m,Low,0.5%,0.5%,0.7%
Tue Nov 7,3:33pm,GBP,10-y Bond Auction,Low,4.41|2.9,,4.44|3.1
Tue Nov 7,,USD,Trade Balance,Low,-61.5B,-59.7B,-58.7B
Tue Nov 7,8:46pm,USD,RCM/TIPP Economic Optimism,Low,44.5,40.2,36.3
Wed Nov 8,1:30am,USD,Consumer Credit m/m,Low,9.1B,8.8B,-15.8B
Wed Nov 8,10:30am,JPY,Leading Indicators,Low,108.7%,108.8%,109.2%
Wed Nov 8,12:30pm,EUR,German Final CPI m/m,Low,0.0%,0.0%,0.0%
Wed Nov 8,1:15pm,EUR,French Trade Balance,Low,-8.9B,-8.1B,-8.3B
Wed Nov 8,2:30pm,EUR,Italian Retail Sales m/m,Low,-0.3%,0.1%,-0.4%
Wed Nov 8,3:30pm,EUR,Retail Sales m/m,Low,-0.3%,-0.2%,-0.7%
Wed Nov 8,4:04pm,EUR,German 10-y Bond Auction,Low,2.64|2.5,,2.90|2.0
Wed Nov 8,8:30pm,USD,Final Wholesale Inventories m/m,Low,0.2%,0.0%,0.0%
Wed Nov 8,11:31pm,USD,10-y Bond Auction,Low,4.52|2.5,,4.61|2.5
Thu Nov 9,5:20am,JPY,Bank Lending y/y,Low,2.8%,2.8%,2.9%
Thu Nov 9,,JPY,Current Account,Low,2.01T,2.30T,1.50T
Thu Nov 9,5:31am,GBP,RICS House Price Balance,Low,-63%,-65%,-67%
Thu Nov 9,9:05am,JPY,30-y Bond Auction,Low,1.74|3.6,,1.69|3.1
Thu Nov 9,10:30am,JPY,Economy Watchers Sentiment,Low,49.5,50.1,49.9
Thu Nov 9,7:00pm,USD,Unemployment Claims,High,217K,218K,220K
Thu Nov 9,8:42pm,USD,Mortgage Delinquencies,Low,3.62%,,3.37%
Thu Nov 9,11:31pm,USD,30-y Bond Auction,Low,4.77|2.2,,4.84|2.3
Fri Nov 10,5:20am,JPY,M2 Money Stock y/y,Low,2.4%,2.4%,2.4%
Fri Nov 10,12:30pm,GBP,GDP m/m,High,0.2%,0.0%,0.1%
Fri Nov 10,,GBP,Prelim GDP q/q,Medium,0.0%,-0.1%,0.2%
Fri Nov 10,,GBP,Construction Output m/m,Low,0.4%,-0.5%,-0.8%
Fri Nov 10,,GBP,Goods Trade Balance,Low,-14.3B,-15.3B,-15.5B
Fri Nov 10,,GBP,Index of Services 3m/3m,Low,-0.1%,-0.2%,0.1%
Fri Nov 10,,GBP,Industrial Production m/m,Low,0.0%,-0.1%,-0.5%
Fri Nov 10,,GBP,Manufacturing Production m/m,Low,0.1%,0.2%,-0.7%
Fri Nov 10,,GBP,Prelim Business Investment q/q,Low,-4.2%,-3.2%,4.1%
Fri Nov 10,2:30pm,EUR,Italian Industrial Production m/m,Low,0.0%,0.0%,0.3%
Fri Nov 10,5:35pm,GBP,NIESR GDP Estimate,Low,0.1%,,0.0%
Fri Nov 10,8:30pm,USD,Prelim UoM Consumer Sentiment,High,60.4,63.7,63.8
Fri Nov 10,,USD,Prelim UoM Inflation Expectations,Medium,4.4%,,4.2%
Mon Nov 13,5:20am,JPY,PPI y/y,Low,0.8%,1.0%,2.2%
Mon Nov 13,5:31am,GBP,Rightmove HPI m/m,Low,-1.7%,,0.5%
Mon Nov 13,11:28am,JPY,Prelim Machine Tool Orders y/y,Low,-20.6%,,-11.2%
Mon Nov 13,8:00pm,GBP,CB Leading Index m/m,Low,-0.4%,,-0.7%
Mon Nov 13,8:15pm,USD,Cleveland Fed Inflation Expectations,Low,4.2%,,4.3%
Tue Nov 14,12:30am,USD,Federal Budget Balance,Low,-66.6B,-70.5B,-171.0B
Tue Nov 14,12:30pm,GBP,Claimant Count Change,High,17.8K,15.0K,9.0K
Tue Nov 14,,GBP,Average Earnings Index 3m/y,Medium,7.9%,7.4%,8.2%
Tue Nov 14,,GBP,Unemployment Rate,Low,4.2%,4.2%,4.2%
Tue Nov 14,3:30pm,EUR,Flash Employment Change q/q,Low,0.3%,0.2%,0.1%
Tue Nov 14,,EUR,Flash GDP q/q,Low,-0.1%,-0.1%,-0.1%
Tue Nov 14,,EUR,German ZEW Economic Sentiment,Low,9.8,4.9,-1.1
Tue Nov 14,,EUR,ZEW Economic Sentiment,Low,13.8,6.1,2.3
Tue Nov 14,4:28pm,USD,NFIB Small Business Index,Low,90.7,90.6,90.8
Tue Nov 14,7:00pm,USD,Core CPI m/m,High,0.2%,0.3%,0.3%
Tue Nov 14,,USD,CPI m/m,High,0.0%,0.1%,0.4%
Tue Nov 14,,USD,CPI y/y,High,3.2%,3.3%,3.7%
Wed Nov 15,5:20am,JPY,Prelim GDP Price Index y/y,Low,5.1%,4.8%,3.5%
Wed Nov 15,,JPY,Prelim GDP q/q,Low,-0.5%,-0.1%,1.2%
Wed Nov 15,10:00am,JPY,Revised Industrial Production m/m,Low,0.5%,0.2%,0.2%
Wed Nov 15,12:30pm,EUR,German WPI m/m,Low,-0.7%,0.2%,0.2%
Wed Nov 15,,GBP,CPI y/y,High,4.6%,4.7%,6.7%
Wed Nov 15,,GBP,Core CPI y/y,Low,5.7%,5.8%,6.1%
Wed Nov 15,,GBP,PPI Input m/m,Low,0.4%,0.1%,0.6%
Wed Nov 15,,GBP,PPI Output m/m,Low,0.1%,0.1%,0.6%
Wed Nov 15,,GBP,RPI y/y,Low,6.1%,6.3%,8.9%
Wed Nov 15,1:15pm,EUR,French Final CPI m/m,Low,0.1%,0.1%,0.1%
Wed Nov 15,3:00pm,GBP,HPI y/y,Low,-0.1%,-0.8%,0.8%
Wed Nov 15,,EUR,Industrial Production m/m,Low,-1.1%,-0.9%,0.6%
Wed Nov 15,,EUR,Trade Balance,Low,9.2B,6.6B,11.1B
Wed Nov 15,4:03pm,EUR,German 30-y Bond Auction,Low,2.81|3.0,,3.04|2.1
Wed Nov 15,,USD,Core PPI m/m,High,0.0%,0.3%,0.2%
Wed Nov 15,,USD,Core Retail Sales m/m,High,0.1%,-0.1%,0.8%
Wed Nov 15,,USD,Empire State Manufacturing Index,High,9.1,-3.3,-4.6
Wed Nov 15,,USD,PPI m/m,High,-0.5%,0.1%,0.4%
Wed Nov 15,,USD,Retail Sales m/m,High,-0.1%,-0.3%,0.9%
Wed Nov 15,8:30pm,USD,Business Inventories m/m,Low,0.4%,0.4%,0.4%
Wed Nov 15,Nov 3rd,USD,Crude Oil Inventories,Low,13.9M,,0.8M
Wed Nov 15,9:00pm,USD,Crude Oil Inventories,Medium,3.6M,2.5M,13.9M
Thu Nov 16,5:20am,JPY,Core Machinery Orders m/m,Low,1.4%,0.9%,-0.5%
Thu Nov 16,,JPY,Trade Balance,Low,-0.46T,-0.69T,-0.42T
Thu Nov 16,10:00am,JPY,Tertiary Industry Activity m/m,Low,-1.0%,-0.1%,0.7%
Thu Nov 16,2:30pm,EUR,Italian Trade Balance,Low,2.35B,3.45B,1.95B
Thu Nov 16,3:12pm,EUR,Spanish 10-y Bond Auction,Low,3.61|2.2,,3.58|2.0
Thu Nov 16,7:00pm,USD,Unemployment Claims,High,231K,221K,218K
Thu Nov 16,,USD,Philly Fed Manufacturing Index,Medium,-5.9,-10.4,-9.0
Thu Nov 16,,USD,Import Prices m/m,Low,-0.8%,-0.3%,0.4%
Thu Nov 16,7:45pm,USD,Industrial Production m/m,Medium,-0.6%,-0.4%,0.1%
Thu Nov 16,,USD,Capacity Utilization Rate,Low,78.9%,79.4%,79.5%
Thu Nov 16,8:30pm,USD,NAHB Housing Market Index,Low,34,40,40
Thu Nov 16,Nov 3rd,USD,Natural Gas Storage,Low,-6B,,79B
Thu Nov 16,,USD,Natural Gas Storage,Low,60B,38B,-6B
Fri Nov 17,2:30am,USD,TIC Long-Term Purchases,Low,-1.7B,89.4B,62.2B
Fri Nov 17,12:30pm,GBP,Retail Sales m/m,High,-0.3%,0.5%,-1.1%
Fri Nov 17,2:30pm,EUR,Current Account,Low,31.2B,20.3B,30.8B
Fri Nov 17,3:30pm,EUR,Final Core CPI y/y,Low,4.2%,4.2%,4.2%
Fri Nov 17,,EUR,Final CPI y/y,Low,2.9%,2.9%,2.9%
Fri Nov 17,,USD,Building Permits,Medium,1.49M,1.45M,1.47M
Fri Nov 17,,USD,Housing Starts,Low,1.37M,1.35M,1.35M
Mon Nov 20,12:30pm,EUR,German PPI m/m,Low,-0.1%,0.0%,-0.2%
Mon Nov 20,8:30pm,USD,CB Leading Index m/m,Low,-0.8%,-0.5%,-0.7%
Tue Nov 21,,GBP,Public Sector Net Borrowing,Low,14.0B,16.8B,13.7B
Tue Nov 21,8:30pm,USD,Existing Home Sales,Medium,3.79M,3.90M,3.95M
Wed Nov 22,4:30pm,GBP,CBI Industrial Order Expectations,Low,-35,-25,-26
Wed Nov 22,7:00pm,USD,Unemployment Claims,High,209K,226K,233K
Wed Nov 22,,USD,Core Durable Goods Orders m/m,Medium,0.0%,0.2%,0.4%
Wed Nov 22,,USD,Durable Goods Orders m/m,Medium,-5.4%,-3.2%,4.6%
Wed Nov 22,8:30pm,EUR,Consumer Confidence,Low,-17,-18,-18
Wed Nov 22,,USD,Revised UoM Consumer Sentiment,High,61.3,61.1,60.4
Wed Nov 22,,USD,Revised UoM Inflation Expectations,Low,4.5%,,4.4%
Wed Nov 22,9:00pm,USD,Crude Oil Inventories,Low,8.7M,0.9M,3.6M
Wed Nov 22,10:30pm,USD,Natural Gas Storage,Low,-7B,1B,60B
Thu Nov 23,1:45pm,EUR,French Flash Manufacturing PMI,High,42.6,43.2,42.8
Thu Nov 23,,EUR,French Flash Services PMI,High,45.3,45.6,45.2
Thu Nov 23,2:00pm,EUR,German Flash Manufacturing PMI,High,42.3,41.1,40.8
Thu Nov 23,,EUR,German Flash Services PMI,High,48.7,48.4,48.2
Thu Nov 23,2:30pm,EUR,Flash Manufacturing PMI,Medium,43.8,43.3,43.1
Thu Nov 23,,EUR,Flash Services PMI,Medium,48.2,48.0,47.8
Thu Nov 23,3:00pm,GBP,Flash Manufacturing PMI,High,46.7,45.0,44.8
Thu Nov 23,,GBP,Flash Services PMI,High,50.5,49.5,49.5
Fri Nov 24,5:00am,JPY,National Core CPI y/y,Low,2.9%,3.0%,2.8%
Fri Nov 24,5:31am,GBP,GfK Consumer Confidence,Low,-24,-28,-30
Fri Nov 24,6:00am,JPY,Flash Manufacturing PMI,Low,48.1,48.8,48.7
Fri Nov 24,12:30pm,EUR,German Final GDP q/q,Low,-0.1%,-0.1%,-0.1%
Fri Nov 24,2:30pm,EUR,German ifo Business Climate,Medium,87.3,87.5,86.9
Fri Nov 24,7:30pm,EUR,Belgian NBB Business Climate,Low,-15.0,-15.0,-16.8
Fri Nov 24,8:15pm,USD,Flash Manufacturing PMI,High,49.4,49.9,50.0
Fri Nov 24,,USD,Flash Services PMI,High,50.8,50.4,50.6
Mon Nov 27,5:20am,JPY,SPPI y/y,Low,2.3%,2.1%,2.0%
Mon Nov 27,4:30pm,GBP,CBI Realized Sales,Low,-11,-30,-36
Mon Nov 27,8:30pm,USD,New Home Sales,Medium,679K,724K,719K
Tue Nov 28,5:31am,GBP,BRC Shop Price Index y/y,Low,4.3%,,5.2%
Tue Nov 28,10:30am,JPY,BOJ Core CPI y/y,Low,3.0%,3.4%,3.4%
Tue Nov 28,12:30pm,EUR,German GfK Consumer Climate,Low,-27.8,-28.2,-28.3
Tue Nov 28,2:30pm,EUR,M3 Money Supply y/y,Low,-1.0%,-0.9%,-1.2%
Tue Nov 28,,EUR,Private Loans y/y,Low,0.6%,0.7%,0.8%
Tue Nov 28,3:33pm,GBP,30-y Bond Auction,Low,4.66|2.3,,4.93|2.6
Tue Nov 28,,USD,S&P/CS Composite-20 HPI y/y,Medium,3.9%,4.0%,2.1%
Tue Nov 28,,USD,HPI m/m,Low,0.6%,0.4%,0.7%
Tue Nov 28,8:29pm,USD,Richmond Manufacturing Index,Medium,-5,1,3
Tue Nov 28,8:30pm,USD,CB Consumer Confidence,High,102.0,101.0,99.1
Wed Nov 29,12:00pm,EUR,French Final Private Payrolls q/q,Low,0.1%,-0.1%,-0.1%
Wed Nov 29,12:30pm,EUR,German Import Prices m/m,Low,0.3%,-0.3%,1.6%
Wed Nov 29,All Day,EUR,German Prelim CPI m/m,High,-0.4%,-0.1%,0.0%
Wed Nov 29,1:30pm,EUR,Spanish Flash CPI y/y,High,3.2%,3.6%,3.5%
Wed Nov 29,3:00pm,GBP,M4 Money Supply m/m,Low,0.3%,-0.2%,-1.1%
Wed Nov 29,,GBP,Mortgage Approvals,Low,47K,45K,44K
Wed Nov 29,,GBP,Net Lending to Individuals m/m,Low,1.2B,1.2B,0.4B
Wed Nov 29,3:45pm,EUR,Italian 10-y Bond Auction,Low,4.17|1.4,,4.76|1.3
Wed Nov 29,4:05pm,EUR,German 10-y Bond Auction,Low,2.45|1.7,,2.64|2.5
Wed Nov 29,,USD,Prelim GDP q/q,High,5.2%,5.0%,4.9%
Wed Nov 29,,USD,Prelim GDP Price Index q/q,Medium,3.6%,3.5%,3.5%
Wed Nov 29,,USD,Goods Trade Balance,Low,-89.8B,-86.4B,-86.8B
Wed Nov 29,,USD,Prelim Wholesale Inventories m/m,Low,-0.2%,0.1%,0.2%
Wed Nov 29,9:00pm,USD,Crude Oil Inventories,Low,1.6M,-0.1M,8.7M
Thu Nov 30,5:20am,JPY,Prelim Industrial Production m/m,Low,1.0%,0.7%,0.5%
Thu Nov 30,,JPY,Retail Sales y/y,Low,4.2%,5.9%,6.3%
Thu Nov 30,10:30am,JPY,Consumer Confidence,Low,36.1,35.6,35.7
Thu Nov 30,,JPY,Housing Starts y/y,Low,-6.3%,-7.0%,-6.8%
Thu Nov 30,12:30pm,EUR,German Retail Sales m/m,Low,1.1%,0.3%,-0.1%
Thu Nov 30,1:15pm,EUR,French Consumer Spending m/m,Low,-0.9%,-0.1%,0.0%
Thu Nov 30,,EUR,French Prelim CPI m/m,Low,-0.2%,0.1%,0.1%
Thu Nov 30,,EUR,French Prelim GDP q/q,Low,-0.1%,0.1%,0.1%
Thu Nov 30,2:25pm,EUR,German Unemployment Change,Low,22K,21K,31K
Thu Nov 30,2:30pm,EUR,Italian Monthly Unemployment Rate,Low,7.8%,7.4%,7.6%
Thu Nov 30,3:30pm,EUR,Core CPI Flash Estimate y/y,Medium,3.6%,3.9%,4.2%
Thu Nov 30,,EUR,CPI Flash Estimate y/y,Medium,2.4%,2.7%,2.9%
Thu Nov 30,,EUR,Italian Prelim CPI m/m,Low,-0.4%,-0.2%,-0.2%
Thu Nov 30,,EUR,Unemployment Rate,Low,6.5%,6.5%,6.5%
Thu Nov 30,,USD,Core PCE Price Index m/m,High,0.2%,0.2%,0.3%
Thu Nov 30,,USD,Unemployment Claims,High,218K,219K,211K
Thu Nov 30,,USD,Personal Income m/m,Low,0.2%,0.2%,0.4%
Thu Nov 30,,USD,Personal Spending m/m,Low,0.2%,0.2%,0.7%
Thu Nov 30,8:15pm,USD,Chicago PMI,Medium,55.8,46.0,44.0
Thu Nov 30,8:30pm,USD,Pending Home Sales m/m,Medium,-1.5%,-1.9%,1.0%
Thu Nov 30,9:00pm,USD,Natural Gas Storage,Low,10B,-8B,-7B
Fri Dec 1,5:00am,JPY,Unemployment Rate,Low,2.5%,2.6%,2.6%
Fri Dec 1,5:20am,JPY,Capital Spending q/y,Low,3.4%,3.4%,4.5%
Fri Dec 1,6:00am,JPY,Final Manufacturing PMI,Low,48.3,48.1,48.1
Fri Dec 1,12:30pm,GBP,Nationwide HPI m/m,Low,0.2%,-0.4%,0.9%
Fri Dec 1,1:15pm,EUR,French Gov Budget Balance,Low,-177.7B,,-186.1B
Fri Dec 1,1:45pm,EUR,Spanish Manufacturing PMI,Low,46.3,45.6,45.1
Fri Dec 1,2:15pm,EUR,Italian Manufacturing PMI,Low,44.4,45.3,44.9
Fri Dec 1,2:20pm,EUR,French Final Manufacturing PMI,Low,42.9,42.6,42.6
Fri Dec 1,2:25pm,EUR,German Final Manufacturing PMI,Low,42.6,42.3,42.3
Fri Dec 1,2:30pm,EUR,Final Manufacturing PMI,Low,44.2,43.8,43.8
Fri Dec 1,3:00pm,GBP,Final Manufacturing PMI,Low,47.2,46.7,46.7
Fri Dec 1,8:15pm,USD,Final Manufacturing PMI,Low,49.4,49.4,49.4
Fri Dec 1,8:30pm,USD,ISM Manufacturing PMI,High,46.7,47.9,46.7
Fri Dec 1,,USD,ISM Manufacturing Prices,Medium,49.9,46.1,45.1
Fri Dec 1,,USD,Construction Spending m/m,Low,0.6%,0.4%,0.2%
Fri Dec 1,All Day,USD,Wards Total Vehicle Sales,Low,15.3M,15.5M,15.5M
Mon Dec 4,5:20am,JPY,Monetary Base y/y,Low,8.9%,8.9%,9.0%
Mon Dec 4,12:30pm,EUR,German Trade Balance,Low,17.8B,17.1B,16.7B
Mon Dec 4,1:30pm,EUR,Spanish Unemployment Change,Low,-24.6K,28.1K,36.9K
Mon Dec 4,3:00pm,EUR,Sentix Investor Confidence,Low,-16.8,-15.0,-18.6
Mon Dec 4,8:30pm,USD,Factory Orders m/m,Low,-3.6%,-2.7%,2.3%
Tue Dec 5,5:00am,JPY,Tokyo Core CPI y/y,Medium,2.3%,2.4%,2.7%
Tue Dec 5,5:31am,GBP,BRC Retail Sales Monitor y/y,Low,2.6%,2.5%,2.6%
Tue Dec 5,9:05am,JPY,10-y Bond Auction,Low,0.70|2.8,,0.91|3.6
Tue Dec 5,1:15pm,EUR,French Industrial Production m/m,Low,-0.3%,0.2%,-0.6%
Tue Dec 5,1:45pm,EUR,Spanish Services PMI,Low,51.0,51.6,51.1
Tue Dec 5,2:15pm,EUR,Italian Services PMI,Low,49.5,48.3,47.7
Tue Dec 5,2:20pm,EUR,French Final Services PMI,Low,45.4,45.3,45.3
Tue Dec 5,2:25pm,EUR,German Final Services PMI,Low,49.6,48.7,48.7
Tue Dec 5,2:30pm,EUR,Final Services PMI,Low,48.7,48.2,48.2
Tue Dec 5,3:00pm,GBP,Final Services PMI,Low,50.9,50.5,50.5
Tue Dec 5,3:30pm,EUR,PPI m/m,Low,0.2%,0.2%,0.5%
Tue Dec 5,8:15pm,USD,Final Services PMI,Low,50.8,50.8,50.8
Tue Dec 5,8:30pm,USD,ISM Services PMI,High,52.7,52.2,51.8
Tue Dec 5,,USD,JOLTS Job Openings,High,8.73M,9.31M,9.35M
Tue Dec 5,8:39pm,USD,RCM/TIPP Economic Optimism,Low,40.0,45.2,44.5
Wed Dec 6,12:30pm,EUR,German Factory Orders m/m,Low,-3.7%,0.2%,0.7%
Wed Dec 6,3:00pm,GBP,Construction PMI,Medium,45.5,46.7,45.6
Wed Dec 6,3:30pm,EUR,Retail Sales m/m,Low,0.1%,0.2%,-0.1%
Wed Dec 6,3:33pm,GBP,10-y Bond Auction,Low,4.09|2.7,,4.41|2.9
Wed Dec 6,6:45pm,USD,ADP Non-Farm Employment Change,High,103K,131K,106K
Wed Dec 6,,USD,Revised Nonfarm Productivity q/q,Low,5.2%,4.8%,4.7%
Wed Dec 6,,USD,Revised Unit Labor Costs q/q,Low,-1.2%,-0.9%,-0.8%
Wed Dec 6,,USD,Trade Balance,Low,-64.3B,-64.1B,-61.2B
Wed Dec 6,9:00pm,USD,Crude Oil Inventories,Low,-4.6M,-1.3M,1.6M
Thu Dec 7,9:05am,JPY,30-y Bond Auction,Low,1.62|2.6,,1.74|3.6
Thu Dec 7,10:30am,JPY,Leading Indicators,Low,108.7%,108.2%,108.9%
Thu Dec 7,12:30pm,EUR,German Industrial Production m/m,Low,-0.4%,0.1%,-1.3%
Thu Dec 7,,GBP,Halifax HPI m/m,Low,0.5%,0.3%,1.2%
Thu Dec 7,1:15pm,EUR,French Trade Balance,Low,-8.6B,-8.5B,-8.9B
Thu Dec 7,2:30pm,EUR,Italian Industrial Production m/m,Low,-0.2%,-0.4%,0.1%
Thu Dec 7,3:30pm,EUR,Final Employment Change q/q,Low,0.2%,0.3%,0.3%
Thu Dec 7,,EUR,Italian Retail Sales m/m,Low,0.4%,-0.1%,-0.4%
Thu Dec 7,,EUR,Revised GDP q/q,Low,-0.1%,-0.1%,-0.1%
Thu Dec 7,3:31pm,EUR,French 10-y Bond Auction,Low,2.75|3.0,,3.32|2.0
Thu Dec 7,6:00pm,USD,Challenger Job Cuts y/y,Low,-40.8%,,8.8%
Thu Dec 7,,USD,Unemployment Claims,High,220K,221K,219K
Thu Dec 7,8:30pm,USD,Final Wholesale Inventories m/m,Low,-0.4%,-0.2%,-0.2%
Thu Dec 7,9:00pm,USD,Natural Gas Storage,Low,-117B,-110B,10B
Fri Dec 8,1:30am,USD,Consumer Credit m/m,Low,5.1B,8.3B,12.2B
Fri Dec 8,5:00am,JPY,Average Cash Earnings y/y,Low,1.5%,1.0%,0.6%
Fri Dec 8,,JPY,Household Spending y/y,Low,-2.5%,-2.9%,-2.8%
Fri Dec 8,5:20am,JPY,Bank Lending y/y,Low,2.8%,2.8%,2.7%
Fri Dec 8,,JPY,Current Account,Low,2.62T,1.85T,2.01T
Fri Dec 8,,JPY,Final GDP Price Index y/y,Low,5.3%,5.1%,5.1%
Fri Dec 8,,JPY,Final GDP q/q,Low,-0.7%,-0.5%,-0.5%
Fri Dec 8,10:30am,JPY,Economy Watchers Sentiment,Low,49.5,49.0,49.5
Fri Dec 8,12:30pm,EUR,German Final CPI m/m,Low,-0.4%,-0.4%,-0.4%
Fri Dec 8,3:00pm,GBP,Consumer Inflation Expectations,Low,3.3%,,3.6%
Fri Dec 8,,USD,Average Hourly Earnings m/m,High,0.4%,0.3%,0.2%
Fri Dec 8,,USD,Non-Farm Employment Change,High,199K,184K,150K
Fri Dec 8,,USD,Unemployment Rate,High,3.7%,3.9%,3.9%
Fri Dec 8,8:30pm,USD,Prelim UoM Consumer Sentiment,High,69.4,62.0,61.3
Fri Dec 8,,USD,Prelim UoM Inflation Expectations,Medium,3.1%,,4.5%
Mon Dec 11,5:20am,JPY,BSI Manufacturing Index,Low,5.7,5.6,5.4
Mon Dec 11,,JPY,M2 Money Stock y/y,Low,2.3%,2.5%,2.4%
Mon Dec 11,5:31am,GBP,Rightmove HPI m/m,Low,-1.9%,,-1.7%
Mon Dec 11,11:43am,JPY,Prelim Machine Tool Orders y/y,Low,-13.6%,,-20.6%
Mon Dec 11,11:31pm,USD,10-y Bond Auction,Medium,4.30|2.5,,4.52|2.5
Tue Dec 12,5:20am,JPY,PPI y/y,Low,0.3%,0.1%,0.9%
Tue Dec 12,12:30pm,EUR,German WPI m/m,Low,-0.2%,-0.1%,-0.7%
Tue Dec 12,,GBP,Claimant Count Change,High,16.0K,20.3K,8.9K
Tue Dec 12,,GBP,Average Earnings Index 3m/y,Medium,7.2%,7.7%,8.0%
Tue Dec 12,,GBP,Unemployment Rate,Low,4.2%,4.2%,4.2%
Tue Dec 12,3:30pm,EUR,ZEW Economic Sentiment,Low,23.0,13.3,13.8
Tue Dec 12,,EUR,German ZEW Economic Sentiment,Low,12.8,9.6,9.8
Tue Dec 12,4:30pm,USD,NFIB Small Business Index,Low,90.6,90.7,90.7
Tue Dec 12,7:00pm,USD,Core CPI m/m,High,0.3%,0.3%,0.2%
Tue Dec 12,,USD,CPI m/m,High,0.1%,0.0%,0.0%
Tue Dec 12,,USD,CPI y/y,High,3.1%,3.1%,3.2%
Tue Dec 12,11:31pm,USD,30-y Bond Auction,Medium,4.34|2.4,,4.77|2.2
Wed Dec 13,12:28am,USD,Federal Budget Balance,Low,-314.0B,-293.5B,-66.6B
Wed Dec 13,5:20am,JPY,Tankan Manufacturing Index,Low,12,10,9
Wed Dec 13,,JPY,Tankan Non-Manufacturing Index,Low,30,27,27
Wed Dec 13,12:30pm,GBP,GDP m/m,High,-0.3%,-0.1%,0.2%
Wed Dec 13,,GBP,Construction Output m/m,Low,-0.5%,-0.2%,0.4%
Wed Dec 13,,GBP,Goods Trade Balance,Low,-17.0B,-14.1B,-14.3B
Wed Dec 13,,GBP,Index of Services 3m/3m,Low,0.1%,0.2%,-0.1%
Wed Dec 13,,GBP,Industrial Production m/m,Low,-0.8%,-0.1%,0.0%
Wed Dec 13,,GBP,Manufacturing Production m/m,Low,-1.1%,0.0%,0.1%
Wed Dec 13,2:30pm,EUR,Italian Quarterly Unemployment Rate,Low,7.6%,7.6%,7.7%
Wed Dec 13,3:30pm,EUR,Industrial Production m/m,Low,-0.7%,-0.3%,-1.0%
Wed Dec 13,3:33pm,GBP,30-y Bond Auction,Low,4.43|2.7,,4.66|2.3
Wed Dec 13,6:20pm,GBP,NIESR GDP Estimate,Low,-0.1%,,0.0%
Wed Dec 13,7:00pm,USD,Core PPI m/m,High,0.0%,0.2%,0.0%
Wed Dec 13,,USD,PPI m/m,High,0.0%,0.0%,-0.4%
Wed Dec 13,8:00pm,GBP,CB Leading Index m/m,Low,-0.5%,,-0.4%
Wed Dec 13,9:00pm,USD,Crude Oil Inventories,Low,-4.3M,-1.9M,-4.6M
Thu Dec 14,12:30am,USD,Federal Funds Rate,High,5.50%,5.50%,5.50%
Thu Dec 14,5:20am,JPY,Core Machinery Orders m/m,Low,0.7%,-0.4%,1.4%
Thu Dec 14,5:31am,GBP,RICS House Price Balance,Low,-43%,-57%,-61%
Thu Dec 14,10:00am,JPY,Revised Industrial Production m/m,Low,1.3%,1.0%,1.0%
Thu Dec 14,,GBP,MPC Official Bank Rate Votes,High,3-0-6,2-0-7,3-0-6
Thu Dec 14,,GBP,Official Bank Rate,High,5.25%,5.25%,5.25%
Thu Dec 14,6:45pm,EUR,Main Refinancing Rate,High,4.50%,4.50%,4.50%
Thu Dec 14,,USD,Core Retail Sales m/m,High,0.2%,-0.1%,0.0%
Thu Dec 14,,USD,Retail Sales m/m,High,0.3%,-0.1%,-0.2%
Thu Dec 14,,USD,Unemployment Claims,High,202K,219K,221K
Thu Dec 14,,USD,Import Prices m/m,Low,-0.4%,-0.7%,-0.6%
Thu Dec 14,8:30pm,USD,Business Inventories m/m,Low,-0.1%,0.0%,0.2%
Thu Dec 14,9:00pm,USD,Natural Gas Storage,Low,-55B,-60B,-117B
Fri Dec 15,5:31am,GBP,GfK Consumer Confidence,Low,-22,-23,-24
Fri Dec 15,6:00am,JPY,Flash Manufacturing PMI,Low,47.7,48.2,48.3
Fri Dec 15,10:00am,JPY,Tertiary Industry Activity m/m,Low,-0.8%,0.2%,-1.2%
Fri Dec 15,1:15pm,EUR,French Final CPI m/m,Low,-0.2%,-0.2%,-0.2%
Fri Dec 15,1:45pm,EUR,French Flash Manufacturing PMI,High,42.0,43.3,42.9
Fri Dec 15,,EUR,French Flash Services PMI,High,44.3,46.1,45.4
Fri Dec 15,2:00pm,EUR,German Flash Manufacturing PMI,High,43.1,43.1,42.6
Fri Dec 15,,EUR,German Flash Services PMI,High,48.4,49.9,49.6
Fri Dec 15,2:30pm,EUR,Flash Manufacturing PMI,Medium,44.2,44.5,44.2
Fri Dec 15,,EUR,Flash Services PMI,Medium,48.1,49.0,48.7
Fri Dec 15,3:00pm,GBP,Flash Manufacturing PMI,High,46.4,47.6,47.2
Fri Dec 15,,GBP,Flash Services PMI,High,52.7,51.0,50.9
Fri Dec 15,3:30pm,EUR,Italian Trade Balance,Low,4.70B,3.45B,2.39B
Fri Dec 15,,EUR,Trade Balance,Low,10.9B,10.3B,8.7B
Fri Dec 15,,USD,Empire State Manufacturing Index,High,-14.5,2.0,9.1
Fri Dec 15,7:45pm,USD,Industrial Production m/m,Medium,0.2%,0.3%,-0.9%
Fri Dec 15,,USD,Capacity Utilization Rate,Low,78.8%,79.1%,78.7%
Fri Dec 15,8:15pm,USD,Flash Manufacturing PMI,High,48.2,49.5,49.4
Fri Dec 15,,USD,Flash Services PMI,High,51.3,50.7,50.8
Mon Dec 18,2:30pm,EUR,German ifo Business Climate,Medium,86.4,87.6,87.2
Mon Dec 18,8:30pm,USD,NAHB Housing Market Index,Low,37,36,34
Tue Dec 19,,JPY,BOJ Policy Rate,Medium,-0.10%,-0.10%,-0.10%
Tue Dec 19,3:30pm,EUR,Final Core CPI y/y,Low,3.6%,3.6%,3.6%
Tue Dec 19,,EUR,Final CPI y/y,Low,2.4%,2.4%,2.4%
Tue Dec 19,3:33pm,GBP,10-y Bond Auction,Low,3.74|2.8,,4.09|2.7
Tue Dec 19,4:30pm,GBP,CBI Industrial Order Expectations,Low,-23,-28,-35
Tue Dec 19,,USD,Building Permits,Medium,1.46M,1.47M,1.50M
Tue Dec 19,,USD,Housing Starts,Low,1.56M,1.36M,1.36M
Wed Dec 20,2:30am,USD,TIC Long-Term Purchases,Low,3.3B,37.8B,0.9B
Wed Dec 20,5:20am,JPY,Trade Balance,Low,-0.41T,-0.76T,-0.50T
Wed Dec 20,12:30pm,EUR,German GfK Consumer Climate,Low,-25.1,-26.9,-27.6
Wed Dec 20,,EUR,German PPI m/m,Low,-0.5%,-0.3%,-0.1%
Wed Dec 20,,GBP,CPI y/y,High,3.9%,4.3%,4.6%
Wed Dec 20,,GBP,Core CPI y/y,Low,5.1%,5.6%,5.7%
Wed Dec 20,,GBP,PPI Input m/m,Low,-0.3%,-0.6%,0.5%
Wed Dec 20,,GBP,PPI Output m/m,Low,-0.1%,-0.1%,0.3%
Wed Dec 20,,GBP,RPI y/y,Low,5.3%,5.6%,6.1%
Wed Dec 20,2:30pm,EUR,Current Account,Low,33.8B,27.0B,31.2B
Wed Dec 20,3:00pm,GBP,HPI y/y,Low,-1.2%,0.0%,-0.6%
Wed Dec 20,7:00pm,USD,Current Account,Low,-200B,-197B,-217B
Wed Dec 20,8:30pm,EUR,Consumer Confidence,Low,-15,-16,-17
Wed Dec 20,,USD,CB Consumer Confidence,High,110.7,104.6,101.0
Wed Dec 20,,USD,Existing Home Sales,Medium,3.82M,3.77M,3.79M
Wed Dec 20,9:00pm,USD,Crude Oil Inventories,Low,2.9M,-2.3M,-4.3M
Thu Dec 21,12:30pm,GBP,Public Sector Net Borrowing,Low,13.4B,12.8B,15.1B
Thu Dec 21,4:30pm,GBP,CBI Realized Sales,Low,-32,-13,-11
Thu Dec 21,,USD,Final GDP q/q,High,4.9%,5.2%,5.2%
Thu Dec 21,,USD,Unemployment Claims,High,205K,214K,203K
Thu Dec 21,,USD,Final GDP Price Index q/q,Medium,3.3%,3.6%,3.6%
Thu Dec 21,,USD,Philly Fed Manufacturing Index,Medium,-10.5,-3.3,-5.9
Thu Dec 21,8:30pm,USD,CB Leading Index m/m,Low,-0.5%,-0.5%,-1.0%
Thu Dec 21,9:00pm,USD,Natural Gas Storage,Low,-87B,-82B,-55B
Fri Dec 22,5:00am,JPY,National Core CPI y/y,Low,2.5%,2.5%,2.9%
Fri Dec 22,12:30pm,EUR,German Import Prices m/m,Low,-0.1%,-0.4%,0.3%
Fri Dec 22,,GBP,Retail Sales m/m,High,1.3%,0.4%,0.0%
Fri Dec 22,,GBP,Current Account,Low,-17.2B,-13.1B,-24.0B
Fri Dec 22,,GBP,Final GDP q/q,Low,-0.1%,0.0%,0.0%
Fri Dec 22,,GBP,Revised Business Investment q/q,Low,-3.2%,-4.2%,-4.2%
Fri Dec 22,,USD,Core PCE Price Index m/m,High,0.1%,0.2%,0.1%
Fri Dec 22,,USD,Core Durable Goods Orders m/m,Medium,0.5%,0.1%,-0.3%
Fri Dec 22,,USD,Durable Goods Orders m/m,Medium,5.4%,2.4%,-5.1%
Fri Dec 22,,USD,Personal Income m/m,Low,0.4%,0.4%,0.3%
Fri Dec 22,,USD,Personal Spending m/m,Low,0.2%,0.3%,0.1%
Fri Dec 22,7:29pm,EUR,Belgian NBB Business Climate,Low,-12.7,-14.6,-15.0
Fri Dec 22,8:30pm,USD,Revised UoM Consumer Sentiment,High,69.7,69.4,69.4
Fri Dec 22,,USD,New Home Sales,Medium,590K,689K,672K
Fri Dec 22,,USD,Revised UoM Inflation Expectations,Low,3.1%,,3.1%
Tue Dec 26,5:00am,JPY,Unemployment Rate,Low,2.5%,2.5%,2.5%
Tue Dec 26,5:20am,JPY,SPPI y/y,Low,2.3%,2.4%,2.3%
Tue Dec 26,10:30am,JPY,BOJ Core CPI y/y,Low,2.7%,3.0%,3.0%
Tue Dec 26,7:30pm,USD,HPI m/m,Low,0.3%,0.5%,0.7%
Tue Dec 26,,USD,S&P/CS Composite-20 HPI y/y,Low,4.9%,5.0%,3.9%
Wed Dec 27,10:30am,JPY,Housing Starts y/y,Low,-8.5%,-4.2%,-6.3%
Wed Dec 27,8:29pm,USD,Richmond Manufacturing Index,Medium,-11,-4,-5
Thu Dec 28,5:20am,JPY,Prelim Industrial Production m/m,Low,-0.9%,-1.7%,1.3%
Thu Dec 28,,JPY,Retail Sales y/y,Low,5.3%,5.1%,4.1%
Thu Dec 28,7:00pm,USD,Unemployment Claims,Medium,218K,211K,206K
Thu Dec 28,,USD,Goods Trade Balance,Low,-90.3B,-88.6B,-89.6B
Thu Dec 28,,USD,Prelim Wholesale Inventories m/m,Low,-0.2%,-0.2%,-0.4%
Thu Dec 28,8:30pm,USD,Pending Home Sales m/m,Medium,0.0%,0.8%,-1.2%
Thu Dec 28,9:00pm,USD,Natural Gas Storage,Low,-87B,-80B,-87B
Thu Dec 28,9:30pm,USD,Crude Oil Inventories,Low,-7.1M,-2.7M,2.9M
Fri Dec 29,12:30pm,GBP,Nationwide HPI m/m,Low,0.0%,0.1%,0.2%
Fri Dec 29,,EUR,Spanish Flash CPI y/y,Medium,3.1%,3.2%,3.2%
Fri Dec 29,8:15pm,USD,Chicago PMI,Medium,46.9,50.1,55.8
Tue Jan 2,5:31am,GBP,BRC Shop Price Index y/y,Low,4.3%,,4.3%
Tue Jan 2,1:45pm,EUR,Spanish Manufacturing PMI,Low,46.2,46.3,46.3
Tue Jan 2,2:15pm,EUR,Italian Manufacturing PMI,Low,45.3,44.3,44.4
Tue Jan 2,2:20pm,EUR,French Final Manufacturing PMI,Low,42.1,42.0,42.0
Tue Jan 2,2:25pm,EUR,German Final Manufacturing PMI,Low,43.3,43.1,43.1
Tue Jan 2,2:30pm,EUR,Final Manufacturing PMI,Low,44.4,44.2,44.2
Tue Jan 2,,EUR,M3 Money Supply y/y,Low,-0.9%,-1.0%,-1.0%
Tue Jan 2,,EUR,Private Loans y/y,Low,0.5%,0.8%,0.6%
Tue Jan 2,3:00pm,GBP,Final Manufacturing PMI,Low,46.2,46.4,46.4
Tue Jan 2,8:15pm,USD,Final Manufacturing PMI,Low,47.9,48.4,48.2
Tue Jan 2,8:30pm,USD,Construction Spending m/m,Low,0.4%,0.6%,1.2%
Wed Jan 3,1:30pm,EUR,Spanish Unemployment Change,Low,-27.4K,-15.7K,-24.6K
Wed Jan 3,2:25pm,EUR,German Unemployment Change,Low,5K,20K,21K
Wed Jan 3,8:30pm,USD,ISM Manufacturing PMI,High,47.4,47.2,46.7
Wed Jan 3,,USD,JOLTS Job Openings,High,8.79M,8.84M,8.85M
Wed Jan 3,,USD,ISM Manufacturing Prices,Medium,45.2,49.5,49.9
Wed Jan 3,All Day,USD,Wards Total Vehicle Sales,Low,15.8M,15.5M,15.3M
Thu Jan 4,6:00am,JPY,Final Manufacturing PMI,Low,47.9,47.7,47.7
Thu Jan 4,All Day,EUR,German Prelim CPI m/m,High,0.1%,0.2%,-0.4%
Thu Jan 4,1:15pm,EUR,French Prelim CPI m/m,Low,0.1%,0.2%,-0.2%
Thu Jan 4,1:45pm,EUR,Spanish Services PMI,Low,51.5,51.1,51.0
Thu Jan 4,2:15pm,EUR,Italian Services PMI,Low,49.8,49.8,49.5
Thu Jan 4,2:20pm,EUR,French Final Services PMI,Low,45.7,44.3,44.3
Thu Jan 4,2:25pm,EUR,German Final Services PMI,Low,49.3,48.4,48.4
Thu Jan 4,2:30pm,EUR,Final Services PMI,Low,48.8,48.1,48.1
Thu Jan 4,3:00pm,GBP,Final Services PMI,Low,53.4,52.7,52.7
Thu Jan 4,,GBP,M4 Money Supply m/m,Low,-0.1%,0.2%,0.3%
Thu Jan 4,,GBP,Mortgage Approvals,Low,50K,48K,48K
Thu Jan 4,,GBP,Net Lending to Individuals m/m,Low,2.0B,1.6B,1.3B
Thu Jan 4,3:31pm,EUR,French 10-y Bond Auction,Low,2.59|1.8,,2.75|3.0
Thu Jan 4,6:00pm,USD,Challenger Job Cuts y/y,Low,-20.2%,,-40.8%
Thu Jan 4,6:45pm,USD,ADP Non-Farm Employment Change,High,164K,120K,101K
Thu Jan 4,7:00pm,USD,Unemployment Claims,High,202K,217K,220K
Thu Jan 4,8:15pm,USD,Final Services PMI,Low,51.4,51.3,51.3
Thu Jan 4,9:00pm,USD,Natural Gas Storage,Low,-14B,-33B,-87B
Thu Jan 4,9:30pm,USD,Crude Oil Inventories,Low,-5.5M,-3.2M,-7.1M
Fri Jan 5,5:20am,JPY,Monetary Base y/y,Low,7.8%,9.0%,8.9%
Fri Jan 5,10:30am,JPY,Consumer Confidence,Low,37.2,36.4,36.1
Fri Jan 5,12:30pm,EUR,German Retail Sales m/m,Low,-2.5%,-0.5%,1.3%
Fri Jan 5,,GBP,Halifax HPI m/m,Low,1.1%,0.1%,0.6%
Fri Jan 5,3:00pm,GBP,Construction PMI,Medium,46.8,46.1,45.5
Fri Jan 5,3:30pm,EUR,Core CPI Flash Estimate y/y,Medium,3.4%,3.4%,3.6%
Fri Jan 5,,EUR,CPI Flash Estimate y/y,Medium,2.9%,3.0%,2.4%
Fri Jan 5,,EUR,PPI m/m,Low,-0.3%,-0.1%,0.3%
Fri Jan 5,,EUR,Italian Prelim CPI m/m,Low,0.2%,0.2%,-0.5%
Fri Jan 5,,USD,Average Hourly Earnings m/m,High,0.4%,0.3%,0.4%
Fri Jan 5,,USD,Non-Farm Employment Change,High,216K,168K,173K
Fri Jan 5,,USD,Unemployment Rate,High,3.7%,3.8%,3.7%
Fri Jan 5,,USD,ISM Services PMI,High,50.6,52.5,52.7
Fri Jan 5,,USD,Factory Orders m/m,Low,2.6%,2.0%,-3.4%
Mon Jan 8,12:30pm,EUR,German Factory Orders m/m,Low,0.3%,1.1%,-3.8%
Mon Jan 8,,EUR,German Trade Balance,Low,20.4B,17.9B,17.7B
Mon Jan 8,3:00pm,EUR,Sentix Investor Confidence,Low,-15.8,-15.5,-16.8
Mon Jan 8,3:30pm,EUR,Retail Sales m/m,Low,-0.3%,-0.3%,0.4%
Tue Jan 9,1:30am,USD,Consumer Credit m/m,Low,23.8B,8.9B,5.8B
Tue Jan 9,5:00am,JPY,Tokyo Core CPI y/y,Medium,2.1%,2.1%,2.3%
Tue Jan 9,,JPY,Household Spending y/y,Low,-2.9%,-2.2%,-2.5%
Tue Jan 9,5:31am,GBP,BRC Retail Sales Monitor y/y,Low,1.9%,2.3%,2.6%
Tue Jan 9,12:30pm,EUR,German Industrial Production m/m,Low,-0.7%,0.4%,-0.3%
Tue Jan 9,1:15pm,EUR,French Trade Balance,Low,-5.9B,-7.9B,-8.5B
Tue Jan 9,2:30pm,EUR,Italian Monthly Unemployment Rate,Low,7.5%,7.8%,7.7%
Tue Jan 9,3:30pm,EUR,Unemployment Rate,Low,6.4%,6.5%,6.5%
Tue Jan 9,4:30pm,USD,NFIB Small Business Index,Low,91.9,90.7,90.6
Tue Jan 9,,USD,Trade Balance,Low,-63.2B,-64.9B,-64.5B
Tue Jan 9,8:32pm,USD,RCM/TIPP Economic Optimism,Low,44.7,42.0,40.0
Wed Jan 10,5:00am,JPY,Average Cash Earnings y/y,Low,0.2%,1.5%,1.5%
Wed Jan 10,9:05am,JPY,10-y Bond Auction,Low,0.60|2.9,,0.70|2.8
Wed Jan 10,1:15pm,EUR,French Industrial Production m/m,Low,0.5%,0.1%,-0.3%
Wed Jan 10,2:30pm,EUR,Italian Retail Sales m/m,Low,0.4%,0.2%,0.4%
Wed Jan 10,4:04pm,EUR,German 10-y Bond Auction,Low,2.19|1.7,,2.45|1.7
Wed Jan 10,8:30pm,USD,Final Wholesale Inventories m/m,Low,-0.2%,-0.2%,-0.2%
Wed Jan 10,9:00pm,USD,Crude Oil Inventories,Low,1.3M,-0.2M,-5.5M
Wed Jan 10,11:31pm,USD,10-y Bond Auction,Medium,4.02|2.6,,4.30|2.5
Thu Jan 11,10:30am,JPY,Leading Indicators,Low,107.7%,107.9%,108.9%
Thu Jan 11,,EUR,Italian Industrial Production m/m,Low,-1.5%,-0.2%,-0.2%
Thu Jan 11,3:00pm,GBP,Housing Equity Withdrawal q/q,Low,-21.8B,-20.4B,-23.5B
Thu Jan 11,7:00pm,USD,Core CPI m/m,High,0.3%,0.3%,0.3%
Thu Jan 11,,USD,CPI m/m,High,0.3%,0.2%,0.1%
Thu Jan 11,,USD,CPI y/y,High,3.4%,3.2%,3.1%
Thu Jan 11,,USD,Unemployment Claims,High,202K,209K,203K
Thu Jan 11,9:00pm,USD,Natural Gas Storage,Low,-140B,-121B,-14B
Thu Jan 11,11:31pm,USD,30-y Bond Auction,Medium,4.23|2.4,,4.34|2.4
Fri Jan 12,12:30am,USD,Federal Budget Balance,Low,-129.4B,-66.2B,-314.0B
Fri Jan 12,5:20am,JPY,Bank Lending y/y,Low,3.1%,2.7%,2.8%
Fri Jan 12,,JPY,Current Account,Low,1.89T,2.18T,2.62T
Fri Jan 12,9:05am,JPY,30-y Bond Auction,Low,1.63|3.0,,1.62|2.6
Fri Jan 12,10:30am,JPY,Economy Watchers Sentiment,Low,50.7,49.9,49.5
Fri Jan 12,12:30pm,GBP,GDP m/m,High,0.3%,0.2%,-0.3%
Fri Jan 12,,GBP,Construction Output m/m,Low,-0.2%,0.2%,-0.4%
Fri Jan 12,,GBP,Goods Trade Balance,Low,-14.2B,-15.7B,-15.9B
Fri Jan 12,,GBP,Index of Services 3m/3m,Low,0.0%,0.1%,-0.1%
Fri Jan 12,,GBP,Industrial Production m/m,Low,0.3%,0.3%,-1.3%
Fri Jan 12,,GBP,Manufacturing Production m/m,Low,0.4%,0.3%,-1.2%
Fri Jan 12,1:15pm,EUR,French Consumer Spending m/m,Low,0.7%,-0.1%,-0.9%
Fri Jan 12,,EUR,French Final CPI m/m,Low,0.1%,0.1%,0.1%
Fri Jan 12,6:05pm,GBP,NIESR GDP Estimate,Low,0.0%,,-0.2%
Fri Jan 12,7:00pm,USD,Core PPI m/m,High,0.0%,0.2%,0.0%
Fri Jan 12,,USD,PPI m/m,High,-0.1%,0.1%,-0.1%
Mon Jan 15,5:20am,JPY,M2 Money Stock y/y,Low,2.3%,2.2%,2.3%
Mon Jan 15,5:31am,GBP,Rightmove HPI m/m,Low,1.3%,,-1.9%
Mon Jan 15,11:29am,JPY,Prelim Machine Tool Orders y/y,Low,-9.9%,,-13.6%
Mon Jan 15,12:30pm,EUR,German WPI m/m,Low,-0.6%,0.2%,-0.2%
Mon Jan 15,2:30pm,EUR,Italian Trade Balance,Low,3.89B,5.20B,4.73B
Mon Jan 15,3:30pm,EUR,Industrial Production m/m,Low,-0.3%,-0.3%,-0.7%
Mon Jan 15,,EUR,Trade Balance,Low,14.8B,11.2B,11.1B
Tue Jan 16,5:20am,JPY,PPI y/y,Low,0.0%,-0.3%,0.3%
Tue Jan 16,12:30pm,EUR,German Final CPI m/m,Low,0.1%,0.1%,0.1%
Tue Jan 16,,GBP,Claimant Count Change,High,11.7K,18.1K,0.6K
Tue Jan 16,,GBP,Average Earnings Index 3m/y,Medium,6.5%,6.8%,7.2%
Tue Jan 16,,GBP,Unemployment Rate,Low,4.2%,4.2%,4.2%
Tue Jan 16,3:30pm,EUR,German ZEW Economic Sentiment,Low,15.2,11.6,12.8
Tue Jan 16,,EUR,ZEW Economic Sentiment,Low,22.7,20.2,23.0
Tue Jan 16,,USD,Empire State Manufacturing Index,High,-43.7,-4.9,-14.5
Wed Jan 17,12:30pm,GBP,CPI y/y,High,4.0%,3.8%,3.9%
Wed Jan 17,,GBP,Core CPI y/y,Low,5.1%,4.9%,5.1%
Wed Jan 17,,GBP,PPI Input m/m,Low,-1.2%,-0.6%,-0.4%
Wed Jan 17,,GBP,PPI Output m/m,Low,-0.6%,-0.2%,0.0%
Wed Jan 17,,GBP,RPI y/y,Low,5.2%,5.1%,5.3%
Wed Jan 17,1:15pm,EUR,French Gov Budget Balance,Low,-198.0B,,-177.7B
Wed Jan 17,3:00pm,GBP,HPI y/y,Low,-2.1%,-1.9%,-1.3%
Wed Jan 17,3:30pm,EUR,Final Core CPI y/y,Low,3.4%,3.4%,3.4%
Wed Jan 17,,EUR,Final CPI y/y,Low,2.9%,2.9%,2.9%
Wed Jan 17,4:06pm,EUR,German 30-y Bond Auction,Low,2.45|2.5,,2.81|3.0
Wed Jan 17,5:03pm,GBP,10-y Bond Auction,Low,3.97|3.1,,3.74|2.8
Wed Jan 17,,USD,Core Retail Sales m/m,High,0.4%,0.2%,0.2%
Wed Jan 17,,USD,Retail Sales m/m,High,0.6%,0.4%,0.3%
Wed Jan 17,,USD,Import Prices m/m,Low,0.0%,-0.6%,-0.5%
Wed Jan 17,7:45pm,USD,Industrial Production m/m,Medium,0.1%,-0.1%,0.0%
Wed Jan 17,,USD,Capacity Utilization Rate,Low,78.6%,78.7%,78.6%
Wed Jan 17,8:30pm,USD,Business Inventories m/m,Low,-0.1%,-0.1%,-0.1%
Wed Jan 17,,USD,NAHB Housing Market Index,Low,44,39,37
Thu Jan 18,5:20am,JPY,Core Machinery Orders m/m,Low,-4.9%,-0.8%,0.7%
Thu Jan 18,5:31am,GBP,RICS House Price Balance,Low,-30%,-35%,-41%
Thu Jan 18,10:00am,JPY,Revised Industrial Production m/m,Low,-0.9%,-0.9%,-0.9%
Thu Jan 18,2:30pm,EUR,Current Account,Low,24.6B,30.9B,32.3B
Thu Jan 18,7:00pm,USD,Unemployment Claims,High,187K,206K,203K
Thu Jan 18,,USD,Building Permits,Medium,1.50M,1.47M,1.47M
Thu Jan 18,,USD,Philly Fed Manufacturing Index,Medium,-10.6,-6.6,-10.5
Thu Jan 18,,USD,Housing Starts,Low,1.46M,1.43M,1.53M
Thu Jan 18,,USD,Natural Gas Storage,Low,-154B,-166B,-140B
Thu Jan 18,9:30pm,USD,Crude Oil Inventories,Low,-2.5M,-0.6M,1.3M
Fri Jan 19,5:00am,JPY,National Core CPI y/y,Low,2.3%,2.3%,2.5%
Fri Jan 19,10:00am,JPY,Tertiary Industry Activity m/m,Low,-0.7%,0.2%,-0.2%
Fri Jan 19,12:30pm,EUR,German PPI m/m,Low,-1.2%,-0.4%,-0.5%
Fri Jan 19,,GBP,Retail Sales m/m,High,-3.2%,-0.5%,1.4%
Fri Jan 19,8:00pm,GBP,CB Leading Index m/m,Low,-0.1%,,-0.5%
Fri Jan 19,8:30pm,USD,Prelim UoM Consumer Sentiment,High,78.8,69.8,69.7
Fri Jan 19,,USD,Existing Home Sales,Medium,3.78M,3.83M,3.82M
Fri Jan 19,,USD,Prelim UoM Inflation Expectations,Medium,2.9%,,3.1%
Sat Jan 20,2:30am,USD,TIC Long-Term Purchases,Low,126.1B,21.7B,3.4B
Mon Jan 22,8:30pm,USD,CB Leading Index m/m,Low,-0.1%,-0.3%,-0.5%
Tue Jan 23,,JPY,BOJ Policy Rate,Medium,-0.10%,-0.10%,-0.10%
Tue Jan 23,10:30am,JPY,BOJ Core CPI y/y,Low,2.6%,2.8%,2.7%
Tue Jan 23,12:30pm,GBP,Public Sector Net Borrowing,Low,6.8B,11.4B,12.8B
Tue Jan 23,8:29pm,USD,Richmond Manufacturing Index,Medium,-15,-7,-11
Tue Jan 23,8:30pm,EUR,Consumer Confidence,Low,-16,-14,-15
Wed Jan 24,5:20am,JPY,Trade Balance,Low,-0.41T,-0.45T,-0.35T
Wed Jan 24,6:00am,JPY,Flash Manufacturing PMI,Low,48.0,48.2,47.9
Wed Jan 24,1:45pm,EUR,French Flash Manufacturing PMI,High,43.2,42.5,42.1
Wed Jan 24,,EUR,French Flash Services PMI,High,45.0,46.1,45.7
Wed Jan 24,2:00pm,EUR,German Flash Manufacturing PMI,High,45.4,43.7,43.3
Wed Jan 24,,EUR,German Flash Services PMI,High,47.6,49.3,49.3
Wed Jan 24,2:30pm,EUR,Flash Manufacturing PMI,Medium,46.6,44.8,44.4
Wed Jan 24,,EUR,Flash Services PMI,Medium,48.4,49.1,48.8
Wed Jan 24,3:00pm,GBP,Flash Manufacturing PMI,High,47.3,46.7,46.2
Wed Jan 24,,GBP,Flash Services PMI,High,53.8,53.1,53.4
Wed Jan 24,4:30pm,GBP,CBI Industrial Order Expectations,Low,-30,-23,-23
Wed Jan 24,,USD,Flash Manufacturing PMI,High,50.3,47.6,47.9
Wed Jan 24,,USD,Flash Services PMI,High,52.9,51.4,51.4
Wed Jan 24,,USD,Crude Oil Inventories,Low,-9.2M,-1.2M,-2.5M
Thu Jan 25,2:30pm,EUR,German ifo Business Climate,Medium,85.2,86.7,86.3
Thu Jan 25,4:30pm,GBP,CBI Realized Sales,Low,-50,-19,-32
Thu Jan 25,6:45pm,EUR,Main Refinancing Rate,High,4.50%,4.50%,4.50%
Thu Jan 25,7:00pm,USD,Advance GDP q/q,High,3.3%,2.0%,4.9%
Thu Jan 25,,USD,Unemployment Claims,High,214K,199K,189K
Thu Jan 25,,USD,Advance GDP Price Index q/q,Medium,1.5%,2.3%,3.3%
Thu Jan 25,,USD,Core Durable Goods Orders m/m,Medium,0.6%,0.2%,0.4%
Thu Jan 25,,USD,Durable Goods Orders m/m,Medium,0.0%,1.2%,5.5%
Thu Jan 25,,USD,Goods Trade Balance,Low,-88.5B,-88.7B,-89.3B
Thu Jan 25,,USD,Prelim Wholesale Inventories m/m,Low,0.4%,-0.2%,-0.4%
Thu Jan 25,7:30pm,EUR,Belgian NBB Business Climate,Low,-16.4,-11.9,-12.7
Thu Jan 25,8:30pm,USD,New Home Sales,Medium,664K,648K,615K
Thu Jan 25,9:00pm,USD,Natural Gas Storage,Low,-326B,-322B,-154B
Fri Jan 26,5:00am,JPY,Tokyo Core CPI y/y,Medium,1.6%,1.9%,2.1%
Fri Jan 26,,JPY,SPPI y/y,Low,2.4%,2.4%,2.4%
Fri Jan 26,5:31am,GBP,GfK Consumer Confidence,Low,-19,-21,-22
Fri Jan 26,12:30pm,EUR,German GfK Consumer Climate,Low,-29.7,-24.7,-25.4
Fri Jan 26,1:30pm,EUR,Spanish Unemployment Rate,Low,11.8%,11.9%,11.8%
Fri Jan 26,2:30pm,EUR,M3 Money Supply y/y,Low,0.1%,-0.7%,-0.9%
Fri Jan 26,,EUR,Private Loans y/y,Low,0.3%,0.6%,0.5%
Fri Jan 26,7:00pm,USD,Core PCE Price Index m/m,High,0.2%,0.2%,0.1%
Fri Jan 26,,USD,Personal Income m/m,Low,0.3%,0.3%,0.4%
Fri Jan 26,,USD,Personal Spending m/m,Low,0.7%,0.5%,0.4%
Fri Jan 26,8:30pm,USD,Pending Home Sales m/m,Medium,8.3%,2.1%,-0.3%
Tue Jan 30,5:00am,JPY,Unemployment Rate,Low,2.4%,2.5%,2.5%
Tue Jan 30,5:31am,GBP,BRC Shop Price Index y/y,Low,2.9%,,4.3%
Tue Jan 30,12:00pm,EUR,French Consumer Spending m/m,Low,0.3%,0.0%,0.6%
Tue Jan 30,,EUR,French Flash GDP q/q,Low,0.0%,0.0%,-0.1%
Tue Jan 30,,EUR,Spanish Flash CPI y/y,Medium,3.4%,3.0%,3.1%
Tue Jan 30,,EUR,Spanish Flash GDP q/q,Low,0.6%,0.2%,0.4%
Tue Jan 30,2:30pm,EUR,Italian Prelim GDP q/q,Low,0.2%,0.0%,0.1%
Tue Jan 30,,EUR,German Prelim GDP q/q,Low,-0.3%,-0.3%,0.0%
Tue Jan 30,3:00pm,GBP,M4 Money Supply m/m,Low,0.5%,0.2%,-0.1%
Tue Jan 30,,GBP,Mortgage Approvals,Low,50K,53K,49K
Tue Jan 30,,GBP,Net Lending to Individuals m/m,Low,0.4B,1.5B,2.1B
Tue Jan 30,3:30pm,EUR,Prelim Flash GDP q/q,Low,0.0%,-0.1%,-0.1%
Tue Jan 30,3:49pm,EUR,Italian 10-y Bond Auction,Low,3.69|1.7,,4.17|1.4
Tue Jan 30,7:30pm,USD,S&P/CS Composite-20 HPI y/y,Medium,5.4%,5.8%,4.9%
Tue Jan 30,,USD,HPI m/m,Low,0.3%,0.3%,0.3%
Tue Jan 30,8:30pm,USD,CB Consumer Confidence,High,114.8,114.2,108.0
Tue Jan 30,,USD,JOLTS Job Openings,High,9.03M,8.73M,8.93M
Wed Jan 31,,JPY,Prelim Industrial Production m/m,Low,1.8%,2.5%,-0.9%
Wed Jan 31,,JPY,Retail Sales y/y,Low,2.1%,5.0%,5.4%
Wed Jan 31,10:30am,JPY,Consumer Confidence,Low,38.0,37.6,37.2
Wed Jan 31,,JPY,Housing Starts y/y,Low,-4.0%,-6.6%,-8.5%
Wed Jan 31,12:30pm,EUR,German Import Prices m/m,Low,-1.1%,-0.6%,-0.1%
Wed Jan 31,,EUR,German Retail Sales m/m,Low,-1.6%,0.6%,-0.8%
Wed Jan 31,,GBP,Nationwide HPI m/m,Low,0.7%,0.1%,0.0%
Wed Jan 31,All Day,EUR,German Prelim CPI m/m,High,0.2%,0.1%,0.1%
Wed Jan 31,1:15pm,EUR,French Prelim CPI m/m,Low,-0.2%,0.0%,0.1%
Wed Jan 31,2:25pm,EUR,German Unemployment Change,Low,-2K,11K,2K
Wed Jan 31,,EUR,Italian Monthly Unemployment Rate,Low,7.2%,7.5%,7.4%
Wed Jan 31,4:02pm,EUR,German 10-y Bond Auction,Low,2.23|1.8,,2.19|1.7
Wed Jan 31,6:45pm,USD,ADP Non-Farm Employment Change,High,107K,148K,158K
Wed Jan 31,,USD,Employment Cost Index q/q,High,0.9%,1.0%,1.1%
Wed Jan 31,8:15pm,USD,Chicago PMI,Medium,46.0,47.9,46.9
Wed Jan 31,9:00pm,USD,Crude Oil Inventories,Low,1.2M,-0.8M,-9.2M
Thu Feb 1,12:30am,USD,Federal Funds Rate,High,5.50%,5.50%,5.50%
Thu Feb 1,,JPY,Final Manufacturing PMI,Low,48.0,48.0,48.0
Thu Feb 1,9:05am,JPY,10-y Bond Auction,Low,0.74|3.6,,0.60|2.9
Thu Feb 1,1:45pm,EUR,Spanish Manufacturing PMI,Low,49.2,47.9,46.2
Thu Feb 1,2:15pm,EUR,Italian Manufacturing PMI,Low,48.5,47.0,45.3
Thu Feb 1,2:20pm,EUR,French Final Manufacturing PMI,Low,43.1,43.2,43.2
Thu Feb 1,2:25pm,EUR,German Final Manufacturing PMI,Low,45.5,45.4,45.4
Thu Feb 1,2:30pm,EUR,Final Manufacturing PMI,Low,46.6,46.6,46.6
Thu Feb 1,3:00pm,GBP,Final Manufacturing PMI,Low,47.0,47.3,47.3
Thu Feb 1,3:15pm,EUR,Spanish 10-y Bond Auction,Low,3.17|1.8,,3.61|2.2
Thu Feb 1,3:30pm,EUR,Core CPI Flash Estimate y/y,Medium,3.3%,3.2%,3.4%
Thu Feb 1,,EUR,CPI Flash Estimate y/y,Medium,2.8%,2.7%,2.9%
Thu Feb 1,,EUR,Italian Prelim CPI m/m,Low,0.3%,0.5%,0.2%
Thu Feb 1,,EUR,Unemployment Rate,Low,6.4%,6.4%,6.4%
Thu Feb 1,3:31pm,EUR,French 10-y Bond Auction,Low,2.70|1.9,,2.59|1.8
Thu Feb 1,,GBP,MPC Official Bank Rate Votes,High,2-1-6,2-0-7,3-0-6
Thu Feb 1,,GBP,Official Bank Rate,High,5.25%,5.25%,5.25%
Thu Feb 1,,USD,Challenger Job Cuts y/y,Low,-20.0%,,-20.2%
Thu Feb 1,7:00pm,USD,Unemployment Claims,High,224K,213K,215K
Thu Feb 1,,USD,Prelim Nonfarm Productivity q/q,Low,3.2%,2.4%,5.2%
Thu Feb 1,,USD,Prelim Unit Labor Costs q/q,Low,0.5%,1.3%,-1.2%
Thu Feb 1,8:15pm,USD,Final Manufacturing PMI,Low,50.7,50.3,50.3
Thu Feb 1,8:30pm,USD,ISM Manufacturing PMI,High,49.1,47.2,47.4
Thu Feb 1,,USD,ISM Manufacturing Prices,Medium,52.9,46.0,45.2
Thu Feb 1,,USD,Construction Spending m/m,Low,0.9%,0.5%,0.9%
Thu Feb 1,All Day,USD,Wards Total Vehicle Sales,Low,15.0M,15.7M,15.8M
Thu Feb 1,9:00pm,USD,Natural Gas Storage,Low,-197B,-202B,-326B
Fri Feb 2,5:20am,JPY,Monetary Base y/y,Low,4.8%,7.5%,7.8%
Fri Feb 2,1:15pm,EUR,French Gov Budget Balance,Low,-173.3B,,-198.0B
Fri Feb 2,,EUR,French Industrial Production m/m,Low,1.1%,0.2%,0.5%
Fri Feb 2,1:30pm,EUR,Spanish Unemployment Change,Low,60.4K,-38.6K,-27.4K
Fri Feb 2,7:00pm,USD,Average Hourly Earnings m/m,High,0.6%,0.3%,0.4%
Fri Feb 2,,USD,Non-Farm Employment Change,High,353K,187K,333K
Fri Feb 2,,USD,Unemployment Rate,High,3.7%,3.8%,3.7%
Fri Feb 2,8:30pm,USD,Revised UoM Consumer Sentiment,High,79.0,78.9,78.8
Fri Feb 2,,USD,Factory Orders m/m,Low,0.2%,0.3%,2.6%
Fri Feb 2,,USD,Revised UoM Inflation Expectations,Low,2.9%,,2.9%
Mon Feb 5,12:30pm,EUR,German Trade Balance,Low,22.2B,19.0B,20.7B
Mon Feb 5,1:45pm,EUR,Spanish Services PMI,Low,52.1,52.2,51.5
Mon Feb 5,2:15pm,EUR,Italian Services PMI,Low,51.2,50.7,49.8
Mon Feb 5,2:20pm,EUR,French Final Services PMI,Low,45.4,45.0,45.0
Mon Feb 5,2:25pm,EUR,German Final Services PMI,Low,47.7,47.6,47.6
Mon Feb 5,2:30pm,EUR,Final Services PMI,Low,48.4,48.4,48.4
Mon Feb 5,3:00pm,EUR,Sentix Investor Confidence,Low,-12.9,-15.0,-15.8
Mon Feb 5,,GBP,Final Services PMI,Low,54.3,53.8,53.8
Mon Feb 5,3:30pm,EUR,PPI m/m,Low,-0.8%,-0.8%,-0.3%
Mon Feb 5,8:15pm,USD,Final Services PMI,Low,52.5,52.9,52.9
Mon Feb 5,8:30pm,USD,ISM Services PMI,High,53.4,52.0,50.6
Tue Feb 6,5:00am,JPY,Average Cash Earnings y/y,Low,1.0%,1.3%,0.7%
Tue Feb 6,,JPY,Household Spending y/y,Low,-2.5%,-2.0%,-2.9%
Tue Feb 6,5:31am,GBP,BRC Retail Sales Monitor y/y,Low,1.4%,1.2%,1.9%
Tue Feb 6,12:30pm,EUR,German Factory Orders m/m,Low,8.9%,-0.1%,0.0%
Tue Feb 6,3:00pm,GBP,Construction PMI,Medium,48.8,47.2,46.8
Tue Feb 6,3:30pm,EUR,Retail Sales m/m,Low,-1.1%,-0.9%,0.3%
Tue Feb 6,8:36pm,USD,RCM/TIPP Economic Optimism,Low,44.0,47.2,44.7
Wed Feb 7,9:05am,JPY,30-y Bond Auction,Low,1.79|3.2,,1.63|3.0
Wed Feb 7,10:30am,JPY,Leading Indicators,Low,110.0%,109.4%,108.1%
Wed Feb 7,12:30pm,EUR,German Industrial Production m/m,Low,-1.6%,-0.4%,-0.2%
Wed Feb 7,,GBP,Halifax HPI m/m,Low,1.3%,0.8%,1.1%
Wed Feb 7,1:15pm,EUR,French Prelim Private Payrolls q/q,Low,0.0%,-0.1%,0.1%
Wed Feb 7,,EUR,French Trade Balance,Low,-6.8B,-6.0B,-5.9B
Wed Feb 7,2:30pm,EUR,Italian Retail Sales m/m,Low,-0.1%,0.2%,0.3%
Wed Feb 7,,USD,Trade Balance,Low,-62.2B,-62.0B,-61.9B
Wed Feb 7,9:00pm,USD,Crude Oil Inventories,Low,5.5M,1.7M,1.2M
Wed Feb 7,11:31pm,USD,10-y Bond Auction,Medium,4.09|2.6,,4.02|2.6
Thu Feb 8,1:30am,USD,Consumer Credit m/m,Low,1.6B,14.9B,23.5B
Thu Feb 8,5:20am,JPY,Bank Lending y/y,Low,3.1%,3.2%,3.0%
Thu Feb 8,,JPY,Current Account,Low,1.81T,1.93T,1.89T
Thu Feb 8,5:31am,GBP,RICS House Price Balance,Low,-18%,-22%,-29%
Thu Feb 8,10:30am,JPY,Economy Watchers Sentiment,Low,50.2,50.3,50.7
Thu Feb 8,7:00pm,USD,Unemployment Claims,High,218K,221K,227K
Thu Feb 8,,USD,Final Wholesale Inventories m/m,Low,0.4%,0.4%,0.4%
Thu Feb 8,,USD,Mortgage Delinquencies,Low,3.88%,,3.62%
Thu Feb 8,9:00pm,USD,Natural Gas Storage,Low,-75B,-73B,-197B
Thu Feb 8,11:31pm,USD,30-y Bond Auction,Medium,4.36|2.4,,4.23|2.4
Fri Feb 9,5:20am,JPY,M2 Money Stock y/y,Low,2.4%,2.2%,2.3%
Fri Feb 9,,EUR,German Final CPI m/m,Low,0.2%,0.2%,0.2%
Fri Feb 9,2:30pm,EUR,Italian Industrial Production m/m,Low,1.1%,0.8%,-1.3%
Mon Feb 12,8:15pm,USD,Cleveland Fed Inflation Expectations,Low,3.4%,,4.2%
Tue Feb 13,12:30am,USD,Federal Budget Balance,Low,-21.9B,-39.3B,-129.4B
Tue Feb 13,5:20am,JPY,PPI y/y,Low,0.2%,0.1%,0.2%
Tue Feb 13,11:28am,JPY,Prelim Machine Tool Orders y/y,Low,-14.1%,,-9.6%
Tue Feb 13,12:30pm,GBP,Claimant Count Change,High,14.1K,15.2K,5.5K
Tue Feb 13,,GBP,Average Earnings Index 3m/y,Medium,5.8%,5.6%,6.7%
Tue Feb 13,,GBP,Unemployment Rate,Low,3.8%,4.0%,4.2%
Tue Feb 13,3:30pm,EUR,ZEW Economic Sentiment,Low,25.0,20.1,22.7
Tue Feb 13,,EUR,German ZEW Economic Sentiment,Low,19.9,17.4,15.2
Tue Feb 13,4:30pm,USD,NFIB Small Business Index,Low,89.9,92.3,91.9
Tue Feb 13,7:00pm,USD,Core CPI m/m,High,0.4%,0.3%,0.3%
Tue Feb 13,,USD,CPI m/m,High,0.3%,0.2%,0.3%
Tue Feb 13,,USD,CPI y/y,High,3.1%,2.9%,3.4%
Wed Feb 14,12:30pm,GBP,CPI y/y,High,4.0%,4.1%,4.0%
Wed Feb 14,,GBP,Core CPI y/y,Low,5.1%,5.2%,5.1%
Wed Feb 14,,GBP,PPI Input m/m,Low,-0.8%,0.1%,-0.4%
Wed Feb 14,,GBP,PPI Output m/m,Low,-0.2%,-0.2%,-0.5%
Wed Feb 14,,GBP,RPI y/y,Low,4.9%,5.1%,5.2%
Wed Feb 14,3:00pm,GBP,HPI y/y,Low,-1.4%,-1.8%,-2.3%
Wed Feb 14,3:30pm,EUR,Flash Employment Change q/q,Low,0.3%,0.3%,0.2%
Wed Feb 14,,EUR,Flash GDP q/q,Low,0.0%,0.0%,0.0%
Wed Feb 14,,EUR,Industrial Production m/m,Low,2.6%,-0.2%,0.4%
Wed Feb 14,4:03pm,EUR,German 30-y Bond Auction,Low,2.53|2.8,,2.45|2.5
Wed Feb 14,5:03pm,GBP,10-y Bond Auction,Low,4.13|3.1,,3.97|3.1
Wed Feb 14,8:00pm,GBP,CB Leading Index m/m,Low,-0.1%,,-0.3%
Wed Feb 14,9:00pm,USD,Crude Oil Inventories,Low,12.0M,3.3M,5.5M
Thu Feb 15,5:20am,JPY,Prelim GDP Price Index y/y,Low,3.8%,4.0%,5.3%
Thu Feb 15,,JPY,Prelim GDP q/q,Low,-0.1%,0.2%,-0.7%
Thu Feb 15,10:00am,JPY,Revised Industrial Production m/m,Low,1.4%,1.8%,1.8%
Thu Feb 15,12:30pm,GBP,GDP m/m,High,-0.1%,-0.2%,0.2%
Thu Feb 15,,GBP,Prelim GDP q/q,Medium,-0.3%,-0.1%,-0.1%
Thu Feb 15,,GBP,Construction Output m/m,Low,-0.5%,-0.1%,-0.7%
Thu Feb 15,,GBP,Goods Trade Balance,Low,-14.0B,-15.0B,-15.1B
Thu Feb 15,,GBP,Index of Services 3m/3m,Low,-0.2%,0.1%,-0.2%
Thu Feb 15,,GBP,Industrial Production m/m,Low,0.6%,-0.1%,0.5%
Thu Feb 15,,GBP,Manufacturing Production m/m,Low,0.8%,-0.1%,0.8%
Thu Feb 15,,GBP,Prelim Business Investment q/q,Low,1.5%,-0.1%,-3.2%
Thu Feb 15,2:30pm,EUR,Italian Trade Balance,Low,5.61B,3.65B,3.88B
Thu Feb 15,3:16pm,EUR,Spanish 10-y Bond Auction,Low,3.14|1.9,,3.17|1.8
Thu Feb 15,,EUR,Trade Balance,Low,13.0B,15.7B,15.1B
Thu Feb 15,5:52pm,GBP,NIESR GDP Estimate,Low,-0.1%,,-0.3%
Thu Feb 15,,USD,Core Retail Sales m/m,High,-0.6%,0.2%,0.4%
Thu Feb 15,,USD,Empire State Manufacturing Index,High,-2.4,-13.7,-43.7
Thu Feb 15,,USD,Retail Sales m/m,High,-0.8%,-0.2%,0.4%
Thu Feb 15,,USD,Unemployment Claims,High,212K,219K,220K
Thu Feb 15,,USD,Philly Fed Manufacturing Index,Medium,5.2,-8.0,-10.6
Thu Feb 15,,USD,Import Prices m/m,Low,0.8%,0.0%,-0.7%
Thu Feb 15,7:45pm,USD,Industrial Production m/m,Medium,-0.1%,0.2%,0.0%
Thu Feb 15,,USD,Capacity Utilization Rate,Low,78.5%,78.8%,78.7%
Thu Feb 15,8:30pm,USD,Business Inventories m/m,Low,0.4%,0.4%,-0.1%
Thu Feb 15,,USD,NAHB Housing Market Index,Low,48,46,44
Thu Feb 15,,USD,Natural Gas Storage,Low,-49B,-67B,-75B
Fri Feb 16,2:30am,USD,TIC Long-Term Purchases,Low,160.2B,42.6B,99.7B
Fri Feb 16,10:00am,JPY,Tertiary Industry Activity m/m,Low,0.7%,0.2%,-1.4%
Fri Feb 16,12:30pm,EUR,German WPI m/m,Low,0.1%,-0.4%,-0.6%
Fri Feb 16,,GBP,Retail Sales m/m,High,3.4%,1.5%,-3.3%
Fri Feb 16,1:15pm,EUR,French Final CPI m/m,Low,-0.2%,-0.2%,-0.2%
Fri Feb 16,,USD,Core PPI m/m,High,0.5%,0.1%,-0.1%
Fri Feb 16,,USD,PPI m/m,High,0.3%,0.1%,-0.1%
Fri Feb 16,,USD,Building Permits,Medium,1.47M,1.51M,1.49M
Fri Feb 16,,USD,Housing Starts,Low,1.33M,1.45M,1.56M
Fri Feb 16,8:30pm,USD,Prelim UoM Consumer Sentiment,High,79.6,80.0,79.0
Fri Feb 16,,USD,Prelim UoM Inflation Expectations,Medium,3.0%,,2.9%
Mon Feb 19,5:20am,JPY,Core Machinery Orders m/m,Low,2.7%,2.7%,-4.9%
Mon Feb 19,5:31am,GBP,Rightmove HPI m/m,Low,0.9%,,1.3%
Tue Feb 20,2:30pm,EUR,Current Account,Low,31.9B,20.3B,22.5B
Tue Feb 20,8:30pm,USD,CB Leading Index m/m,Low,-0.4%,-0.3%,-0.2%
Wed Feb 21,5:20am,JPY,Trade Balance,Low,0.24T,-0.23T,-0.44T
Wed Feb 21,12:30pm,GBP,Public Sector Net Borrowing,Low,-17.6B,-18.4B,6.5B
Wed Feb 21,4:05pm,EUR,German 10-y Bond Auction,Low,2.38|2.1,,2.23|1.8
Wed Feb 21,4:30pm,GBP,CBI Industrial Order Expectations,Low,-20,-27,-30
Wed Feb 21,8:30pm,EUR,Consumer Confidence,Low,-16,-16,-16
Thu Feb 22,6:00am,JPY,Flash Manufacturing PMI,Low,47.2,48.2,48.0
Thu Feb 22,1:45pm,EUR,French Flash Manufacturing PMI,High,46.8,43.5,43.1
Thu Feb 22,,EUR,French Flash Services PMI,High,48.0,45.7,45.4
Thu Feb 22,2:00pm,EUR,German Flash Manufacturing PMI,High,42.3,46.1,45.5
Thu Feb 22,,EUR,German Flash Services PMI,High,48.2,48.0,47.7
Thu Feb 22,2:30pm,EUR,Flash Manufacturing PMI,Medium,46.1,47.0,46.6
Thu Feb 22,,EUR,Flash Services PMI,Medium,50.0,48.8,48.4
Thu Feb 22,3:00pm,GBP,Flash Manufacturing PMI,High,47.1,47.5,47.0
Thu Feb 22,,GBP,Flash Services PMI,High,54.3,54.2,54.3
Thu Feb 22,3:30pm,EUR,Final Core CPI y/y,Low,3.3%,3.3%,3.3%
Thu Feb 22,,EUR,Final CPI y/y,Low,2.8%,2.8%,2.8%
Thu Feb 22,,USD,Unemployment Claims,High,201K,217K,213K
Thu Feb 22,8:15pm,USD,Flash Manufacturing PMI,High,51.5,50.5,50.7
Thu Feb 22,,USD,Flash Services PMI,High,51.3,52.4,52.5
Thu Feb 22,8:30pm,USD,Existing Home Sales,Medium,4.00M,3.96M,3.88M
Thu Feb 22,9:00pm,USD,Natural Gas Storage,Low,-60B,-59B,-49B
Thu Feb 22,9:30pm,USD,Crude Oil Inventories,Low,3.5M,3.9M,12.0M
Fri Feb 23,5:31am,GBP,GfK Consumer Confidence,Low,-21,-18,-19
Fri Feb 23,12:30pm,EUR,German Final GDP q/q,Low,-0.3%,-0.3%,-0.3%
Fri Feb 23,2:30pm,EUR,German ifo Business Climate,Medium,85.5,85.5,85.2
Fri Feb 23,7:26pm,EUR,Belgian NBB Business Climate,Low,-12.8,-16.0,-16.4
Mon Feb 26,5:20am,JPY,SPPI y/y,Low,2.1%,2.4%,2.4%
Mon Feb 26,4:30pm,GBP,CBI Realized Sales,Low,-7,-33,-50
Mon Feb 26,8:30pm,USD,New Home Sales,Medium,661K,680K,651K
Tue Feb 27,5:00am,JPY,National Core CPI y/y,Low,2.0%,1.9%,2.3%
Tue Feb 27,5:31am,GBP,BRC Shop Price Index y/y,Low,2.5%,,2.9%
Tue Feb 27,12:30pm,EUR,German GfK Consumer Climate,Low,-29.0,-29.0,-29.6
Tue Feb 27,2:30pm,EUR,M3 Money Supply y/y,Low,0.1%,0.3%,0.2%
Tue Feb 27,,EUR,Private Loans y/y,Low,0.3%,0.4%,0.4%
Tue Feb 27,7:00pm,USD,Durable Goods Orders m/m,High,-6.1%,-4.9%,-0.3%
Tue Feb 27,,USD,Core Durable Goods Orders m/m,Medium,-0.3%,0.2%,0.5%
Tue Feb 27,7:30pm,USD,S&P/CS Composite-20 HPI y/y,Medium,6.1%,6.0%,5.4%
Tue Feb 27,,USD,HPI m/m,Low,0.1%,0.3%,0.4%
Tue Feb 27,8:29pm,USD,Richmond Manufacturing Index,Medium,-5,-4,-15
Tue Feb 27,8:30pm,USD,CB Consumer Confidence,High,106.7,114.8,110.9
Wed Feb 28,3:49pm,EUR,Italian 10-y Bond Auction,Low,3.91|1.4,,3.69|1.7
Wed Feb 28,,USD,Prelim GDP q/q,High,3.2%,3.3%,3.3%
Wed Feb 28,,USD,Prelim GDP Price Index q/q,Medium,1.6%,1.5%,1.5%
Wed Feb 28,,USD,Goods Trade Balance,Low,-90.2B,-88.4B,-87.9B
Wed Feb 28,,USD,Prelim Wholesale Inventories m/m,Low,-0.1%,0.1%,0.4%
Wed Feb 28,,USD,Crude Oil Inventories,Low,4.2M,3.1M,3.5M
Thu Feb 29,5:20am,JPY,Prelim Industrial Production m/m,Low,-7.5%,-6.7%,1.4%
Thu Feb 29,,JPY,Retail Sales y/y,Low,2.3%,2.0%,2.3%
Thu Feb 29,10:30am,JPY,Housing Starts y/y,Low,-7.5%,-7.6%,-4.0%
Thu Feb 29,10:32am,JPY,BOJ Core CPI y/y,Low,2.6%,2.3%,2.6%
Thu Feb 29,12:00pm,EUR,French Final Private Payrolls q/q,Low,-0.1%,0.0%,0.0%
Thu Feb 29,12:30pm,EUR,German Retail Sales m/m,Low,-0.4%,0.5%,-0.5%
Thu Feb 29,All Day,EUR,German Prelim CPI m/m,High,0.4%,0.5%,0.2%
Thu Feb 29,1:15pm,EUR,French Consumer Spending m/m,Low,-0.3%,-0.1%,0.3%
Thu Feb 29,,EUR,French Prelim CPI m/m,Low,0.8%,0.7%,-0.2%
Thu Feb 29,,EUR,French Prelim GDP q/q,Low,0.1%,0.0%,0.0%
Thu Feb 29,,EUR,Spanish Flash CPI y/y,Medium,2.8%,2.8%,3.4%
Thu Feb 29,2:25pm,EUR,German Unemployment Change,Low,11K,6K,1K
Thu Feb 29,3:00pm,GBP,M4 Money Supply m/m,Low,-0.1%,0.3%,0.5%
Thu Feb 29,,GBP,Mortgage Approvals,Low,55K,52K,52K
Thu Feb 29,,GBP,Net Lending to Individuals m/m,Low,0.8B,1.9B,0.4B
Thu Feb 29,,USD,Core PCE Price Index m/m,High,0.4%,0.4%,0.1%
Thu Feb 29,,USD,Unemployment Claims,High,215K,209K,202K
Thu Feb 29,,USD,Personal Income m/m,Low,1.0%,0.4%,0.3%
Thu Feb 29,,USD,Personal Spending m/m,Low,0.2%,0.2%,0.7%
Thu Feb 29,8:15pm,USD,Chicago PMI,Medium,44.0,48.1,46.0
Thu Feb 29,8:30pm,USD,Pending Home Sales m/m,Medium,-4.9%,1.4%,5.7%
Thu Feb 29,9:00pm,USD,Natural Gas Storage,Low,-96B,-86B,-60B
Fri Mar 1,5:00am,JPY,Unemployment Rate,Low,2.4%,2.4%,2.4%
Fri Mar 1,6:00am,JPY,Final Manufacturing PMI,Low,47.2,47.2,47.2
Fri Mar 1,10:30am,JPY,Consumer Confidence,Low,39.1,38.4,38.0
Fri Mar 1,12:30pm,GBP,Nationwide HPI m/m,Low,0.7%,0.2%,0.7%
Fri Mar 1,1:45pm,EUR,Spanish Manufacturing PMI,Low,51.5,49.7,49.2
Fri Mar 1,2:15pm,EUR,Italian Manufacturing PMI,Low,48.7,49.0,48.5
Fri Mar 1,2:20pm,EUR,French Final Manufacturing PMI,Low,47.1,46.8,46.8
Fri Mar 1,2:25pm,EUR,German Final Manufacturing PMI,Low,42.5,42.3,42.3
Fri Mar 1,2:30pm,EUR,Final Manufacturing PMI,Low,46.5,46.1,46.1
Fri Mar 1,,EUR,Italian Monthly Unemployment Rate,Low,7.2%,7.2%,7.2%
Fri Mar 1,3:00pm,GBP,Final Manufacturing PMI,Low,47.5,47.1,47.1
Fri Mar 1,3:30pm,EUR,Core CPI Flash Estimate y/y,Medium,3.1%,2.9%,3.3%
Fri Mar 1,,EUR,CPI Flash Estimate y/y,Medium,2.6%,2.5%,2.8%
Fri Mar 1,,EUR,Italian Prelim CPI m/m,Low,0.1%,0.3%,0.3%
Fri Mar 1,,EUR,Unemployment Rate,Low,6.4%,6.4%,6.5%
Fri Mar 1,8:15pm,USD,Final Manufacturing PMI,Low,52.2,51.5,51.5
Fri Mar 1,8:30pm,USD,ISM Manufacturing PMI,High,47.8,49.5,49.1
Fri Mar 1,,USD,Revised UoM Consumer Sentiment,High,76.9,79.6,79.6
Fri Mar 1,,USD,ISM Manufacturing Prices,Medium,52.5,53.5,52.9
Fri Mar 1,,USD,Construction Spending m/m,Low,-0.2%,0.2%,1.1%
Fri Mar 1,,USD,Revised UoM Inflation Expectations,Low,3.0%,,3.0%
Fri Mar 1,All Day,USD,Wards Total Vehicle Sales,Low,15.8M,15.4M,15.0M
Mon Mar 4,5:20am,JPY,Capital Spending q/y,Low,16.4%,2.9%,3.4%
Mon Mar 4,,JPY,Monetary Base y/y,Low,2.4%,4.7%,4.8%
Mon Mar 4,1:15pm,EUR,French Gov Budget Balance,Low,-25.7B,,-173.3B
Mon Mar 4,1:30pm,EUR,Spanish Unemployment Change,Low,-7.5K,50.0K,60.4K
Mon Mar 4,3:00pm,EUR,Sentix Investor Confidence,Low,-10.5,-10.8,-12.9
Tue Mar 5,5:00am,JPY,Tokyo Core CPI y/y,Medium,2.5%,2.5%,1.8%
Tue Mar 5,5:31am,GBP,BRC Retail Sales Monitor y/y,Low,1.0%,1.6%,1.4%
Tue Mar 5,9:05am,JPY,10-y Bond Auction,Low,0.72|3.2,,0.74|3.6
Tue Mar 5,1:15pm,EUR,French Industrial Production m/m,Low,-1.1%,-0.1%,0.4%
Tue Mar 5,1:45pm,EUR,Spanish Services PMI,Low,54.7,53.4,52.1
Tue Mar 5,2:15pm,EUR,Italian Services PMI,Low,52.2,52.2,51.2
Tue Mar 5,2:20pm,EUR,French Final Services PMI,Low,48.4,48.0,48.0
Tue Mar 5,2:25pm,EUR,German Final Services PMI,Low,48.3,48.2,48.2
Tue Mar 5,2:30pm,EUR,Final Services PMI,Low,50.2,50.0,50.0
Tue Mar 5,3:00pm,GBP,Final Services PMI,Low,53.8,54.3,54.3
Tue Mar 5,3:30pm,EUR,PPI m/m,Low,-0.9%,-0.1%,-0.9%
Tue Mar 5,8:15pm,USD,Final Services PMI,Low,52.3,51.4,51.3
Tue Mar 5,8:30pm,USD,ISM Services PMI,High,52.6,53.0,53.4
Tue Mar 5,,USD,Factory Orders m/m,Low,-3.6%,-3.1%,-0.3%
Tue Mar 5,9:06pm,USD,RCM/TIPP Economic Optimism,Low,43.5,45.2,44.0
Wed Mar 6,12:30pm,EUR,German Trade Balance,Low,27.5B,21.0B,23.3B
Wed Mar 6,3:00pm,GBP,Construction PMI,Medium,49.7,49.0,48.8
Wed Mar 6,3:30pm,EUR,Retail Sales m/m,Low,0.1%,0.1%,-0.6%
Wed Mar 6,6:45pm,USD,ADP Non-Farm Employment Change,High,140K,149K,111K
Wed Mar 6,,USD,JOLTS Job Openings,High,8.86M,8.80M,8.89M
Wed Mar 6,,USD,Final Wholesale Inventories m/m,Low,-0.3%,-0.1%,-0.1%
Wed Mar 6,,USD,Crude Oil Inventories,Low,1.4M,2.4M,4.2M
Thu Mar 7,5:00am,JPY,Average Cash Earnings y/y,Low,2.0%,1.3%,0.8%
Thu Mar 7,9:05am,JPY,30-y Bond Auction,Low,1.77|2.9,,1.79|3.2
Thu Mar 7,12:30pm,EUR,German Factory Orders m/m,Low,-11.3%,-6.0%,12.0%
Thu Mar 7,,GBP,Halifax HPI m/m,Low,0.4%,0.8%,1.2%
Thu Mar 7,3:25pm,EUR,Spanish 10-y Bond Auction,Low,3.16|2.2,,3.14|1.9
Thu Mar 7,3:39pm,EUR,French 10-y Bond Auction,Low,2.81|2.4,,2.70|1.9
Thu Mar 7,6:00pm,USD,Challenger Job Cuts y/y,Low,8.8%,,-20.0%
Thu Mar 7,6:45pm,EUR,Main Refinancing Rate,High,4.50%,4.50%,4.50%
Thu Mar 7,,USD,Unemployment Claims,High,217K,217K,217K
Thu Mar 7,,USD,Revised Nonfarm Productivity q/q,Low,3.2%,3.1%,3.2%
Thu Mar 7,,USD,Revised Unit Labor Costs q/q,Low,0.4%,0.7%,0.5%
Thu Mar 7,,USD,Trade Balance,Low,-67.4B,-63.4B,-64.2B
Thu Mar 7,9:00pm,USD,Natural Gas Storage,Low,-40B,-42B,-96B
Fri Mar 8,1:30am,USD,Consumer Credit m/m,Low,19.5B,10.1B,0.9B
Fri Mar 8,5:00am,JPY,Household Spending y/y,Low,-6.3%,-4.1%,-2.5%
Fri Mar 8,5:20am,JPY,Bank Lending y/y,Low,3.0%,3.2%,3.1%
Fri Mar 8,,JPY,Current Account,Low,2.73T,2.07T,1.81T
Fri Mar 8,10:30am,JPY,Leading Indicators,Low,109.9%,109.7%,110.2%
Fri Mar 8,11:30am,JPY,Economy Watchers Sentiment,Low,51.3,50.6,50.2
Fri Mar 8,12:30pm,EUR,German Industrial Production m/m,Low,1.0%,0.5%,-2.0%
Fri Mar 8,,EUR,German PPI m/m,Low,0.2%,0.1%,-0.8%
Fri Mar 8,1:15pm,EUR,French Trade Balance,Low,-7.4B,-6.5B,-6.4B
Fri Mar 8,3:30pm,EUR,Final Employment Change q/q,Low,0.3%,0.3%,0.3%
Fri Mar 8,,EUR,Revised GDP q/q,Low,0.0%,0.0%,0.0%
Fri Mar 8,,USD,Average Hourly Earnings m/m,High,0.1%,0.2%,0.5%
Fri Mar 8,,USD,Non-Farm Employment Change,High,275K,198K,229K
Fri Mar 8,,USD,Unemployment Rate,High,3.9%,3.7%,3.7%
Mon Mar 11,5:20am,JPY,Final GDP q/q,Medium,0.1%,0.3%,-0.1%
Mon Mar 11,,JPY,Final GDP Price Index y/y,Low,3.9%,3.8%,3.8%
Mon Mar 11,,JPY,M2 Money Stock y/y,Low,2.5%,2.4%,2.5%
Mon Mar 11,11:29am,JPY,Prelim Machine Tool Orders y/y,Low,-8.0%,,-14.0%
Tue Mar 12,5:20am,JPY,BSI Manufacturing Index,Low,-6.7,6.2,5.7
Tue Mar 12,,JPY,PPI y/y,Low,0.6%,0.6%,0.2%
Tue Mar 12,12:30pm,EUR,German Final CPI m/m,Low,0.4%,0.4%,0.4%
Tue Mar 12,,GBP,Claimant Count Change,High,16.8K,20.3K,3.1K
Tue Mar 12,,GBP,Average Earnings Index 3m/y,Medium,5.6%,5.7%,5.8%
Tue Mar 12,,GBP,Unemployment Rate,Low,3.9%,3.8%,3.8%
Tue Mar 12,3:30pm,USD,NFIB Small Business Index,Low,89.4,90.5,89.9
Tue Mar 12,3:33pm,GBP,10-y Bond Auction,Low,3.93|3.6,,4.13|3.1
Tue Mar 12,6:00pm,USD,Core CPI m/m,High,0.4%,0.3%,0.4%
Tue Mar 12,,USD,CPI m/m,High,0.4%,0.4%,0.3%
Tue Mar 12,,USD,CPI y/y,High,3.2%,3.1%,3.1%
Tue Mar 12,7:00pm,GBP,CB Leading Index m/m,Low,-0.3%,,-0.3%
Tue Mar 12,10:31pm,USD,10-y Bond Auction,High,4.17|2.5,,4.09|2.6
Tue Mar 12,11:30pm,USD,Federal Budget Balance,Low,-296.3B,-298.5B,-21.9B
Wed Mar 13,12:30pm,EUR,German WPI m/m,Low,-0.1%,0.2%,0.1%
Wed Mar 13,,GBP,GDP m/m,High,0.2%,0.2%,-0.1%
Wed Mar 13,,GBP,Construction Output m/m,Low,1.1%,0.0%,-0.5%
Wed Mar 13,,GBP,Goods Trade Balance,Low,-14.5B,-14.9B,-14.0B
Wed Mar 13,,GBP,Index of Services 3m/3m,Low,0.0%,0.0%,-0.2%
Wed Mar 13,,GBP,Industrial Production m/m,Low,-0.2%,0.0%,0.6%
Wed Mar 13,,GBP,Manufacturing Production m/m,Low,0.0%,0.0%,0.8%
Wed Mar 13,2:30pm,EUR,Italian Quarterly Unemployment Rate,Low,7.4%,7.3%,7.6%
Wed Mar 13,3:30pm,EUR,Industrial Production m/m,Low,-3.2%,-1.8%,1.6%
Wed Mar 13,4:03pm,EUR,German 10-y Bond Auction,Low,2.31|2.3,,2.38|2.1
Wed Mar 13,5:20pm,GBP,NIESR GDP Estimate,Low,0.0%,,-0.1%
Wed Mar 13,8:00pm,USD,Crude Oil Inventories,Low,-1.5M,0.9M,1.4M
Wed Mar 13,10:31pm,USD,30-y Bond Auction,High,4.33|2.5,,4.36|2.4
Thu Mar 14,5:31am,GBP,RICS House Price Balance,Low,-10%,-10%,-19%
Thu Mar 14,,USD,Core PPI m/m,High,0.3%,0.2%,0.5%
Thu Mar 14,,USD,Core Retail Sales m/m,High,0.3%,0.5%,-0.8%
Thu Mar 14,,USD,PPI m/m,High,0.6%,0.3%,0.3%
Thu Mar 14,,USD,Retail Sales m/m,High,0.6%,0.8%,-1.1%
Thu Mar 14,,USD,Unemployment Claims,High,209K,218K,210K
Thu Mar 14,7:30pm,USD,Business Inventories m/m,Low,0.0%,0.2%,0.3%
Thu Mar 14,8:00pm,USD,Natural Gas Storage,Low,-9B,-3B,-40B
Fri Mar 15,10:00am,JPY,Tertiary Industry Activity m/m,Low,0.3%,0.1%,0.5%
Fri Mar 15,1:15pm,EUR,French Final CPI m/m,Low,0.9%,0.8%,0.8%
Fri Mar 15,3:00pm,GBP,Consumer Inflation Expectations,Low,3.0%,,3.3%
Fri Mar 15,3:30pm,EUR,Italian Retail Sales m/m,Low,-0.1%,0.2%,-0.2%
Fri Mar 15,4:30pm,EUR,Italian Trade Balance,Low,2.66B,6.22B,5.53B
Fri Mar 15,,USD,Empire State Manufacturing Index,High,-20.9,-7.0,-2.4
Fri Mar 15,,USD,Import Prices m/m,Low,0.3%,0.3%,0.8%
Fri Mar 15,6:45pm,USD,Industrial Production m/m,Medium,0.1%,0.0%,-0.5%
Fri Mar 15,,USD,Capacity Utilization Rate,Low,78.3%,78.5%,78.3%
Fri Mar 15,7:30pm,USD,Prelim UoM Consumer Sentiment,High,76.5,77.1,76.9
Fri Mar 15,,USD,Prelim UoM Inflation Expectations,Medium,3.0%,,3.0%
Mon Mar 18,5:20am,JPY,Core Machinery Orders m/m,Low,-1.7%,-0.7%,2.7%
Mon Mar 18,5:31am,GBP,Rightmove HPI m/m,Low,1.5%,,0.9%
Mon Mar 18,3:30pm,EUR,Final Core CPI y/y,Low,3.1%,3.1%,3.1%
Mon Mar 18,,EUR,Final CPI y/y,Low,2.6%,2.6%,2.6%
Mon Mar 18,,EUR,Trade Balance,Low,28.1B,14.2B,14.3B
Mon Mar 18,7:30pm,USD,NAHB Housing Market Index,Low,51,48,48
Tue Mar 19,9:06am,JPY,BOJ Policy Rate,High,<0.10%,-0.10%,-0.10%
Tue Mar 19,,JPY,Revised Industrial Production m/m,Low,-6.7%,-7.5%,-7.5%
Tue Mar 19,3:30pm,EUR,German ZEW Economic Sentiment,Low,31.7,20.6,19.9
Tue Mar 19,,EUR,ZEW Economic Sentiment,Low,33.5,25.4,25.0
Tue Mar 19,,USD,Building Permits,Medium,1.52M,1.50M,1.49M
Tue Mar 19,,USD,Housing Starts,Low,1.52M,1.43M,1.37M
Wed Mar 20,1:30am,USD,TIC Long-Term Purchases,Low,36.1B,95.5B,158.6B
Wed Mar 20,12:30pm,EUR,German PPI m/m,Low,-0.4%,-0.1%,0.2%
Wed Mar 20,,GBP,CPI y/y,High,3.4%,3.5%,4.0%
Wed Mar 20,,GBP,Core CPI y/y,Low,4.5%,4.6%,5.1%
Wed Mar 20,,GBP,PPI Input m/m,Low,-0.4%,0.2%,-0.1%
Wed Mar 20,,GBP,PPI Output m/m,Low,0.3%,0.1%,0.0%
Wed Mar 20,,GBP,RPI y/y,Low,4.5%,4.5%,4.9%
Wed Mar 20,2:30pm,EUR,Italian Industrial Production m/m,Low,-1.2%,-0.6%,1.2%
Wed Mar 20,3:00pm,GBP,HPI y/y,Low,-0.6%,-0.7%,-2.2%
Wed Mar 20,4:08pm,EUR,German 30-y Bond Auction,Low,2.52|3.4,,2.53|2.8
Wed Mar 20,,USD,Crude Oil Inventories,Low,-2.0M,-0.9M,-1.5M
Wed Mar 20,8:30pm,EUR,Consumer Confidence,Low,-15,-15,-16
Wed Mar 20,11:30pm,USD,Federal Funds Rate,High,5.50%,5.50%,5.50%
Thu Mar 21,5:20am,JPY,Trade Balance,Low,-0.45T,-0.83T,0.01T
Thu Mar 21,,JPY,Flash Manufacturing PMI,Low,48.2,47.5,47.2
Thu Mar 21,12:30pm,GBP,Public Sector Net Borrowing,Low,7.5B,6.3B,-17.0B
Thu Mar 21,1:45pm,EUR,French Flash Manufacturing PMI,High,45.8,47.5,47.1
Thu Mar 21,,EUR,French Flash Services PMI,High,47.8,48.8,48.4
Thu Mar 21,,EUR,German Flash Manufacturing PMI,High,41.6,43.1,42.5
Thu Mar 21,,EUR,German Flash Services PMI,High,49.8,48.8,48.3
Thu Mar 21,,EUR,Flash Manufacturing PMI,Medium,45.7,47.0,46.5
Thu Mar 21,,EUR,Flash Services PMI,Medium,51.1,50.5,50.2
Thu Mar 21,,EUR,Current Account,Low,39.4B,32.3B,31.9B
Thu Mar 21,3:00pm,GBP,Flash Manufacturing PMI,High,49.9,47.9,47.5
Thu Mar 21,,GBP,Flash Services PMI,High,53.4,53.8,53.8
Thu Mar 21,,GBP,MPC Official Bank Rate Votes,High,0-1-8,0-1-8,2-1-6
Thu Mar 21,,GBP,Official Bank Rate,High,5.25%,5.25%,5.25%
Thu Mar 21,,USD,Unemployment Claims,High,210K,212K,212K
Thu Mar 21,,USD,Philly Fed Manufacturing Index,Medium,3.2,-2.6,5.2
Thu Mar 21,,USD,Current Account,Low,-195B,-209B,-196B
Thu Mar 21,7:15pm,USD,Flash Manufacturing PMI,High,52.5,51.8,52.2
Thu Mar 21,,USD,Flash Services PMI,High,51.7,52.0,52.3
Thu Mar 21,7:30pm,USD,Existing Home Sales,Medium,4.38M,3.95M,4.00M
Thu Mar 21,,USD,CB Leading Index m/m,Low,0.1%,-0.1%,-0.4%
Thu Mar 21,8:00pm,USD,Natural Gas Storage,Low,7B,5B,-9B
Fri Mar 22,5:00am,JPY,National Core CPI y/y,Medium,2.8%,2.8%,2.0%
Fri Mar 22,5:31am,GBP,GfK Consumer Confidence,Low,-21,-19,-21
Fri Mar 22,12:30pm,EUR,German Import Prices m/m,Low,0.0%,-0.4%,-1.0%
Fri Mar 22,,GBP,Retail Sales m/m,High,0.0%,-0.4%,3.6%
Fri Mar 22,2:30pm,EUR,German ifo Business Climate,Medium,87.8,85.9,85.7
Fri Mar 22,4:30pm,GBP,CBI Industrial Order Expectations,Low,-18,-20,-20
Fri Mar 22,7:25pm,EUR,Belgian NBB Business Climate,Low,-10.4,-12.4,-12.8
Mon Mar 25,4:30pm,GBP,CBI Realized Sales,Low,2,-13,-7
Mon Mar 25,7:30pm,USD,New Home Sales,Medium,662K,675K,664K
Tue Mar 26,5:20am,JPY,SPPI y/y,Low,2.1%,2.1%,2.1%
Tue Mar 26,10:30am,JPY,BOJ Core CPI y/y,Low,2.3%,2.5%,2.6%
Tue Mar 26,12:30pm,EUR,German GfK Consumer Climate,Low,-27.4,-27.9,-28.8
Tue Mar 26,4:02pm,EUR,German 10-y Bond Auction,Low,2.30|2.3,,2.31|2.3
Tue Mar 26,6:00pm,USD,Core Durable Goods Orders m/m,Medium,0.5%,0.4%,-0.4%
Tue Mar 26,,USD,Durable Goods Orders m/m,Medium,1.4%,1.2%,-6.2%
Tue Mar 26,6:30pm,USD,S&P/CS Composite-20 HPI y/y,Medium,6.6%,6.6%,6.2%
Tue Mar 26,,USD,HPI m/m,Low,-0.1%,0.2%,0.1%
Tue Mar 26,7:29pm,USD,Richmond Manufacturing Index,Medium,-11,-5,-5
Tue Mar 26,7:30pm,USD,CB Consumer Confidence,High,104.7,106.9,104.8
Wed Mar 27,1:30pm,EUR,Spanish Flash CPI y/y,Medium,3.2%,3.1%,2.8%
Wed Mar 27,3:47pm,EUR,Italian 10-y Bond Auction,Low,3.67|1.4,,3.91|1.4
Wed Mar 27,8:00pm,USD,Crude Oil Inventories,Low,3.2M,-0.7M,-2.0M
Thu Mar 28,12:30pm,EUR,German Retail Sales m/m,Low,-1.9%,0.4%,-0.3%
Thu Mar 28,,GBP,Current Account,Low,-21.2B,-21.3B,-18.5B
Thu Mar 28,,GBP,Final GDP q/q,Low,-0.3%,-0.3%,-0.3%
Thu Mar 28,,GBP,Revised Business Investment q/q,Low,1.4%,1.5%,1.5%
Thu Mar 28,2:25pm,EUR,German Unemployment Change,Low,4K,10K,12K
Thu Mar 28,2:30pm,EUR,M3 Money Supply y/y,Low,0.4%,0.3%,0.1%
Thu Mar 28,,EUR,Private Loans y/y,Low,0.3%,0.4%,0.3%
Thu Mar 28,,USD,Final GDP q/q,High,3.4%,3.2%,3.2%
Thu Mar 28,,USD,Unemployment Claims,High,210K,212K,212K
Thu Mar 28,,USD,Final GDP Price Index q/q,Medium,1.6%,1.6%,1.6%
Thu Mar 28,7:15pm,USD,Chicago PMI,Medium,41.4,45.9,44.0
Thu Mar 28,7:30pm,USD,Pending Home Sales m/m,High,1.6%,1.4%,-4.7%
Thu Mar 28,,USD,Revised UoM Consumer Sentiment,High,79.4,76.5,76.5
Thu Mar 28,,USD,Revised UoM Inflation Expectations,Low,2.9%,,3.0%
Thu Mar 28,8:00pm,USD,Natural Gas Storage,Low,-36B,-26B,7B
Fri Mar 29,5:00am,JPY,Tokyo Core CPI y/y,Medium,2.4%,2.4%,2.5%
Fri Mar 29,,JPY,Unemployment Rate,Low,2.6%,2.4%,2.4%
Fri Mar 29,5:20am,JPY,Prelim Industrial Production m/m,Low,-0.1%,1.2%,-6.7%
Fri Mar 29,,JPY,Retail Sales y/y,Low,4.6%,2.8%,2.1%
Fri Mar 29,10:30am,JPY,Housing Starts y/y,Low,-8.2%,-5.4%,-7.5%
Fri Mar 29,1:15pm,EUR,French Consumer Spending m/m,Low,0.0%,0.3%,-0.6%
Fri Mar 29,,EUR,French Prelim CPI m/m,Low,0.2%,0.5%,0.9%
Fri Mar 29,3:30pm,EUR,Italian Prelim CPI m/m,Low,0.1%,0.1%,0.1%
Fri Mar 29,6:00pm,USD,Core PCE Price Index m/m,High,0.3%,0.3%,0.5%
Fri Mar 29,,USD,Goods Trade Balance,Low,-91.8B,-90.1B,-90.5B
Fri Mar 29,,USD,Personal Income m/m,Low,0.3%,0.4%,1.0%
Fri Mar 29,,USD,Personal Spending m/m,Low,0.8%,0.5%,0.2%
Fri Mar 29,,USD,Prelim Wholesale Inventories m/m,Low,0.5%,0.2%,-0.3%
Mon Apr 1,5:20am,JPY,Tankan Manufacturing Index,Low,11,10,12
Mon Apr 1,,JPY,Tankan Non-Manufacturing Index,Low,34,31,30
Mon Apr 1,6:00am,JPY,Final Manufacturing PMI,Low,48.2,48.2,48.2
Mon Apr 1,7:15pm,USD,Final Manufacturing PMI,Low,51.9,52.5,52.5
Mon Apr 1,7:30pm,USD,ISM Manufacturing PMI,High,50.3,48.5,47.8
Mon Apr 1,,USD,ISM Manufacturing Prices,Medium,55.8,53.3,52.5
Mon Apr 1,,USD,Construction Spending m/m,Low,-0.3%,0.7%,-0.2%
Tue Apr 2,4:31am,GBP,BRC Shop Price Index y/y,Low,1.3%,,2.5%
Tue Apr 2,5:20am,JPY,Monetary Base y/y,Low,1.6%,2.5%,2.4%
Tue Apr 2,9:05am,JPY,10-y Bond Auction,Low,0.75|3.8,,0.72|3.2
Tue Apr 2,11:30am,GBP,Nationwide HPI m/m,Low,-0.2%,0.4%,0.7%
Tue Apr 2,All Day,EUR,German Prelim CPI m/m,High,0.4%,0.5%,0.4%
Tue Apr 2,12:30pm,EUR,Spanish Unemployment Change,Low,-33.4K,10.0K,-7.5K
Tue Apr 2,12:45pm,EUR,Spanish Manufacturing PMI,Low,51.4,51.1,51.5
Tue Apr 2,1:15pm,EUR,Italian Manufacturing PMI,Low,50.4,48.9,48.7
Tue Apr 2,1:20pm,EUR,French Final Manufacturing PMI,Low,46.2,45.8,45.8
Tue Apr 2,1:25pm,EUR,German Final Manufacturing PMI,Low,41.9,41.6,41.6
Tue Apr 2,1:30pm,EUR,Final Manufacturing PMI,Low,46.1,45.7,45.7
Tue Apr 2,2:00pm,GBP,Final Manufacturing PMI,Low,50.3,49.9,49.9
Tue Apr 2,,GBP,M4 Money Supply m/m,Low,0.5%,0.2%,-0.1%
Tue Apr 2,,GBP,Mortgage Approvals,Low,60K,57K,56K
Tue Apr 2,,GBP,Net Lending to Individuals m/m,Low,2.9B,1.2B,0.7B
Tue Apr 2,7:30pm,USD,JOLTS Job Openings,High,8.76M,8.76M,8.75M
Tue Apr 2,,USD,Factory Orders m/m,Low,1.4%,1.1%,-3.8%
Tue Apr 2,All Day,USD,Wards Total Vehicle Sales,Low,15.5M,15.9M,15.8M
Wed Apr 3,12:15pm,EUR,French Gov Budget Balance,Low,-44.0B,,-25.7B
Wed Apr 3,1:30pm,EUR,Italian Monthly Unemployment Rate,Low,7.5%,7.2%,7.3%
Wed Apr 3,2:30pm,EUR,Core CPI Flash Estimate y/y,Medium,2.9%,3.0%,3.1%
Wed Apr 3,,EUR,CPI Flash Estimate y/y,Medium,2.4%,2.5%,2.6%
Wed Apr 3,,EUR,Unemployment Rate,Low,6.5%,6.4%,6.5%
Wed Apr 3,3:03pm,EUR,German 10-y Bond Auction,Low,2.38|2.0,,2.30|2.3
Wed Apr 3,5:45pm,USD,ADP Non-Farm Employment Change,High,184K,148K,155K
Wed Apr 3,7:15pm,USD,Final Services PMI,Medium,51.7,51.7,51.7
Wed Apr 3,7:30pm,USD,ISM Services PMI,High,51.4,52.8,52.6
Wed Apr 3,8:00pm,USD,Crude Oil Inventories,Low,3.2M,-0.3M,3.2M
Thu Apr 4,9:05am,JPY,30-y Bond Auction,Low,1.81|3.5,,1.77|2.9
Thu Apr 4,12:45pm,EUR,Spanish Services PMI,Low,56.1,55.5,54.7
Thu Apr 4,1:15pm,EUR,Italian Services PMI,Low,54.6,53.0,52.2
Thu Apr 4,1:20pm,EUR,French Final Services PMI,Low,48.3,47.8,47.8
Thu Apr 4,1:25pm,EUR,German Final Services PMI,Low,50.1,49.8,49.8
Thu Apr 4,1:30pm,EUR,Final Services PMI,Low,51.5,51.1,51.1
Thu Apr 4,2:00pm,GBP,Final Services PMI,Low,53.1,53.4,53.4
Thu Apr 4,2:12pm,EUR,Spanish 10-y Bond Auction,Low,3.19|1.8,,3.16|2.2
Thu Apr 4,2:30pm,EUR,PPI m/m,Low,-1.0%,-0.6%,-0.9%
Thu Apr 4,2:32pm,EUR,French 10-y Bond Auction,Low,2.87|1.9,,2.81|2.4
Thu Apr 4,2:33pm,GBP,10-y Bond Auction,Low,4.01|3.3,,3.93|3.6
Thu Apr 4,,USD,Challenger Job Cuts y/y,Low,0.7%,,8.8%
Thu Apr 4,,USD,Unemployment Claims,High,221K,213K,212K
Thu Apr 4,,USD,Trade Balance,Low,-68.9B,-66.9B,-67.6B
Thu Apr 4,8:00pm,USD,Natural Gas Storage,Low,-37B,-42B,-36B
Fri Apr 5,5:00am,JPY,Household Spending y/y,Low,-0.5%,-2.8%,-6.3%
Fri Apr 5,10:30am,JPY,Leading Indicators,Low,111.8%,111.6%,109.5%
Fri Apr 5,11:30am,EUR,German Factory Orders m/m,Low,0.2%,0.6%,-11.4%
Fri Apr 5,,EUR,German Import Prices m/m,Low,-0.2%,-0.1%,0.0%
Fri Apr 5,,GBP,Halifax HPI m/m,Low,-1.0%,0.3%,0.3%
Fri Apr 5,12:15pm,EUR,French Industrial Production m/m,Low,0.2%,0.5%,-0.9%
Fri Apr 5,2:00pm,GBP,Construction PMI,Medium,50.2,49.8,49.7
Fri Apr 5,,GBP,Housing Equity Withdrawal q/q,Low,-25.1B,-22.3B,-21.4B
Fri Apr 5,2:30pm,EUR,Retail Sales m/m,Low,-0.5%,-0.3%,0.0%
Fri Apr 5,,USD,Average Hourly Earnings m/m,High,0.3%,0.3%,0.2%
Fri Apr 5,,USD,Non-Farm Employment Change,High,303K,212K,270K
Fri Apr 5,,USD,Unemployment Rate,High,3.8%,3.9%,3.9%
Sat Apr 6,12:30am,USD,Consumer Credit m/m,Low,14.1B,16.2B,17.7B
Mon Apr 8,5:00am,JPY,Average Cash Earnings y/y,Low,1.8%,1.8%,1.5%
Mon Apr 8,5:20am,JPY,Current Account,Low,1.37T,1.99T,2.75T
Mon Apr 8,10:30am,JPY,Economy Watchers Sentiment,Low,49.8,51.6,51.3
Mon Apr 8,11:30am,EUR,German Industrial Production m/m,Low,2.1%,0.6%,1.3%
Mon Apr 8,,EUR,German Trade Balance,Low,21.4B,25.1B,27.6B
Mon Apr 8,2:00pm,EUR,Sentix Investor Confidence,Low,-5.9,-8.3,-10.5
Tue Apr 9,4:31am,GBP,BRC Retail Sales Monitor y/y,Low,3.2%,1.8%,1.0%
Tue Apr 9,10:30am,JPY,Consumer Confidence,Low,39.5,39.6,39.1
Tue Apr 9,11:28am,JPY,Prelim Machine Tool Orders y/y,Low,-3.8%,,-8.0%
Tue Apr 9,12:15pm,EUR,French Trade Balance,Low,-5.2B,-7.0B,-7.2B
Tue Apr 9,3:30pm,USD,NFIB Small Business Index,Low,88.5,88.8,89.4
Tue Apr 9,7:36pm,USD,RCM/TIPP Economic Optimism,Low,43.2,44.2,43.5
Wed Apr 10,5:20am,JPY,Bank Lending y/y,Low,3.2%,3.1%,3.0%
Wed Apr 10,,JPY,PPI y/y,Low,0.8%,0.8%,0.7%
Wed Apr 10,1:30pm,EUR,Italian Retail Sales m/m,Low,0.1%,0.2%,0.0%
Wed Apr 10,,USD,Core CPI m/m,High,0.4%,0.3%,0.4%
Wed Apr 10,,USD,CPI m/m,High,0.4%,0.3%,0.4%
Wed Apr 10,,USD,CPI y/y,High,3.5%,3.4%,3.2%
Wed Apr 10,7:30pm,USD,Final Wholesale Inventories m/m,Low,0.5%,0.5%,0.5%
Wed Apr 10,,USD,Crude Oil Inventories,Low,5.8M,0.9M,3.2M
Wed Apr 10,10:31pm,USD,10-y Bond Auction,Medium,4.56|2.3,,4.17|2.5
Wed Apr 10,,USD,Federal Budget Balance,Low,-236.5B,-209.4B,-296.3B
Thu Apr 11,4:31am,GBP,RICS House Price Balance,Low,-4%,-6%,-10%
Thu Apr 11,5:20am,JPY,M2 Money Stock y/y,Low,2.5%,2.4%,2.4%
Thu Apr 11,1:30pm,EUR,Italian Industrial Production m/m,Low,0.1%,0.6%,-1.4%
Thu Apr 11,5:45pm,EUR,Main Refinancing Rate,High,4.50%,4.50%,4.50%
Thu Apr 11,6:00pm,USD,Core PPI m/m,High,0.2%,0.2%,0.3%
Thu Apr 11,,USD,PPI m/m,High,0.2%,0.3%,0.6%
Thu Apr 11,,USD,Unemployment Claims,High,211K,216K,222k
Thu Apr 11,8:00pm,USD,Natural Gas Storage,Low,24B,14B,-37B
Thu Apr 11,10:31pm,USD,30-y Bond Auction,High,4.67|2.4,,4.33|2.5
Fri Apr 12,10:00am,JPY,Revised Industrial Production m/m,Low,-0.6%,-0.1%,-0.1%
Fri Apr 12,11:30am,EUR,German Final CPI m/m,Low,0.4%,0.4%,0.4%
Fri Apr 12,,GBP,GDP m/m,High,0.1%,0.1%,0.3%
Fri Apr 12,,GBP,Construction Output m/m,Low,-1.9%,-0.4%,1.1%
Fri Apr 12,,GBP,Goods Trade Balance,Low,-14.2B,-14.5B,-14.1B
Fri Apr 12,,GBP,Index of Services 3m/3m,Low,0.2%,0.1%,0.0%
Fri Apr 12,,GBP,Industrial Production m/m,Low,1.1%,0.0%,-0.3%
Fri Apr 12,,GBP,Manufacturing Production m/m,Low,1.2%,0.1%,-0.2%
Fri Apr 12,12:15pm,EUR,French Final CPI m/m,Low,0.2%,0.2%,0.2%
Fri Apr 12,4:32pm,GBP,NIESR GDP Estimate,Low,0.4%,,0.2%
Fri Apr 12,6:00pm,USD,Import Prices m/m,Low,0.4%,0.3%,0.3%
Fri Apr 12,7:30pm,USD,Prelim UoM Consumer Sentiment,High,77.9,79.0,79.4
Fri Apr 12,,USD,Prelim UoM Inflation Expectations,Medium,3.1%,,2.9%
Mon Apr 15,5:20am,JPY,Core Machinery Orders m/m,Low,7.7%,0.8%,-1.7%
Mon Apr 15,2:30pm,EUR,Industrial Production m/m,Low,0.8%,0.8%,-3.0%
Mon Apr 15,,USD,Core Retail Sales m/m,High,1.1%,0.5%,0.6%
Mon Apr 15,,USD,Empire State Manufacturing Index,High,-14.3,-5.2,-20.9
Mon Apr 15,,USD,Retail Sales m/m,High,0.7%,0.4%,0.9%
Mon Apr 15,7:30pm,USD,Business Inventories m/m,Low,0.4%,0.3%,0.0%
Mon Apr 15,,USD,NAHB Housing Market Index,Low,51,51,51
Tue Apr 16,11:30am,EUR,German WPI m/m,Low,0.2%,0.1%,-0.1%
Tue Apr 16,,GBP,Claimant Count Change,High,10.9K,17.2K,4.1K
Tue Apr 16,,GBP,Average Earnings Index 3m/y,Medium,5.6%,5.5%,5.6%
Tue Apr 16,,GBP,Unemployment Rate,Low,4.2%,4.0%,3.9%
Tue Apr 16,2:30pm,EUR,Italian Trade Balance,Low,6.03B,3.44B,2.50B
Tue Apr 16,,EUR,Trade Balance,Low,17.9B,27.3B,27.1B
Tue Apr 16,,EUR,German ZEW Economic Sentiment,Low,42.9,35.9,31.7
Tue Apr 16,,EUR,ZEW Economic Sentiment,Low,43.9,37.8,33.5
Tue Apr 16,,USD,Building Permits,Medium,1.46M,1.51M,1.52M
Tue Apr 16,,USD,Housing Starts,Low,1.32M,1.48M,1.55M
Tue Apr 16,6:45pm,USD,Industrial Production m/m,Medium,0.4%,0.4%,0.4%
Tue Apr 16,,USD,Capacity Utilization Rate,Low,78.4%,78.5%,78.2%
Tue Apr 16,7:00pm,GBP,CB Leading Index m/m,Low,-0.3%,,0.0%
Wed Apr 17,5:20am,JPY,Trade Balance,Low,-0.70T,-0.30T,-0.57T
Wed Apr 17,11:30am,GBP,CPI y/y,High,3.2%,3.1%,3.4%
Wed Apr 17,,GBP,Core CPI y/y,Low,4.2%,4.1%,4.5%
Wed Apr 17,,GBP,PPI Input m/m,Low,-0.1%,0.1%,0.3%
Wed Apr 17,,GBP,PPI Output m/m,Low,0.2%,0.2%,0.3%
Wed Apr 17,,GBP,RPI y/y,Low,4.3%,4.2%,4.5%
Wed Apr 17,2:00pm,GBP,HPI y/y,Low,-0.2%,0.2%,-1.3%
Wed Apr 17,2:30pm,EUR,Final Core CPI y/y,Low,2.9%,2.9%,2.9%
Wed Apr 17,,EUR,Final CPI y/y,Low,2.4%,2.4%,2.4%
Wed Apr 17,3:07pm,EUR,German 30-y Bond Auction,Low,2.62|3.2,,2.52|3.4
Wed Apr 17,8:00pm,USD,Crude Oil Inventories,Low,2.7M,1.6M,5.8M
Thu Apr 18,1:30am,USD,TIC Long-Term Purchases,Low,71.5B,40.2B,14.0B
Thu Apr 18,10:00am,JPY,Tertiary Industry Activity m/m,Low,1.5%,0.4%,-0.5%
Thu Apr 18,1:30pm,EUR,Current Account,Low,29.5B,45.2B,39.3B
Thu Apr 18,2:15pm,EUR,Spanish 10-y Bond Auction,Low,3.25|1.8,,3.19|1.8
Thu Apr 18,6:00pm,USD,Unemployment Claims,High,212K,215K,212K
Thu Apr 18,,USD,Philly Fed Manufacturing Index,Medium,15.5,1.5,3.2
Thu Apr 18,7:30pm,USD,Existing Home Sales,Medium,4.19M,4.20M,4.38M
Thu Apr 18,,USD,CB Leading Index m/m,Low,-0.3%,-0.1%,0.2%
Thu Apr 18,8:00pm,USD,Natural Gas Storage,Low,50B,54B,24B
Fri Apr 19,5:00am,JPY,National Core CPI y/y,Low,2.6%,2.7%,2.8%
Fri Apr 19,11:30am,EUR,German PPI m/m,Low,0.2%,0.0%,-0.4%
Fri Apr 19,,GBP,Retail Sales m/m,High,0.0%,0.3%,0.1%
Mon Apr 22,4:31am,GBP,Rightmove HPI m/m,Low,1.1%,,1.5%
Mon Apr 22,7:30pm,EUR,Consumer Confidence,Low,-15,-14,-15
Tue Apr 23,6:00am,JPY,Flash Manufacturing PMI,Low,49.9,48.0,48.2
Tue Apr 23,10:30am,JPY,BOJ Core CPI y/y,Low,2.2%,2.3%,2.3%
Tue Apr 23,11:30am,GBP,Public Sector Net Borrowing,Low,11.0B,8.9B,8.6B
Tue Apr 23,12:45pm,EUR,French Flash Manufacturing PMI,High,44.9,46.9,46.2
Tue Apr 23,,EUR,French Flash Services PMI,High,50.5,48.9,48.3
Tue Apr 23,1:00pm,EUR,German Flash Manufacturing PMI,High,42.2,42.8,41.9
Tue Apr 23,,EUR,German Flash Services PMI,High,53.3,50.6,50.1
Tue Apr 23,1:30pm,EUR,Flash Manufacturing PMI,Medium,45.6,46.5,46.1
Tue Apr 23,,EUR,Flash Services PMI,Medium,52.9,51.8,51.5
Tue Apr 23,2:00pm,GBP,Flash Manufacturing PMI,High,48.7,50.3,50.3
Tue Apr 23,,GBP,Flash Services PMI,High,54.9,53.0,53.1
Tue Apr 23,7:15pm,USD,Flash Manufacturing PMI,High,49.9,52.0,51.9
Tue Apr 23,,USD,Flash Services PMI,High,50.9,52.0,51.7
Tue Apr 23,7:29pm,USD,Richmond Manufacturing Index,Medium,-7,-7,-11
Tue Apr 23,7:30pm,USD,New Home Sales,Medium,693K,668K,637K
Wed Apr 24,5:20am,JPY,SPPI y/y,Low,2.3%,2.1%,2.2%
Wed Apr 24,,EUR,German ifo Business Climate,Medium,89.4,88.9,87.9
Wed Apr 24,3:03pm,EUR,German 10-y Bond Auction,Low,2.54|2.5,,2.38|2.0
Wed Apr 24,3:30pm,GBP,CBI Industrial Order Expectations,Low,-23,-16,-18
Wed Apr 24,,USD,Core Durable Goods Orders m/m,Medium,0.2%,0.3%,0.3%
Wed Apr 24,,USD,Durable Goods Orders m/m,Medium,2.6%,2.5%,1.3%
Wed Apr 24,6:25pm,EUR,Belgian NBB Business Climate,Low,-11.9,-9.6,-10.4
Wed Apr 24,8:00pm,USD,Crude Oil Inventories,Low,-6.4M,1.6M,2.7M
Thu Apr 25,11:30am,EUR,German GfK Consumer Climate,Low,-24.2,-25.9,-27.3
Thu Apr 25,3:30pm,GBP,CBI Realized Sales,Low,-44,-2,2
Thu Apr 25,6:00pm,USD,Advance GDP q/q,High,1.6%,2.5%,3.4%
Thu Apr 25,,USD,Unemployment Claims,High,207K,214K,212K
Thu Apr 25,,USD,Advance GDP Price Index q/q,Medium,3.1%,3.0%,1.6%
Thu Apr 25,,USD,Goods Trade Balance,Low,-91.8B,-91.1B,-90.3B
Thu Apr 25,,USD,Prelim Wholesale Inventories m/m,Low,-0.4%,0.2%,0.4%
Thu Apr 25,7:30pm,USD,Pending Home Sales m/m,High,3.4%,0.3%,1.6%
Thu Apr 25,8:00pm,USD,Natural Gas Storage,Low,92B,87B,50B
Fri Apr 26,4:31am,GBP,GfK Consumer Confidence,Low,-19,-20,-21
Fri Apr 26,5:00am,JPY,Tokyo Core CPI y/y,Medium,1.6%,2.2%,2.4%
Fri Apr 26,,JPY,BOJ Policy Rate,High,<0.10%,<0.10%,<0.10%
Fri Apr 26,12:30pm,EUR,Spanish Unemployment Rate,Low,12.3%,11.8%,11.8%
Fri Apr 26,,EUR,M3 Money Supply y/y,Low,0.9%,0.5%,0.4%
Fri Apr 26,,EUR,Private Loans y/y,Low,0.2%,0.3%,0.3%
Fri Apr 26,6:00pm,USD,Core PCE Price Index m/m,High,0.3%,0.3%,0.3%
Fri Apr 26,,USD,Personal Income m/m,Low,0.5%,0.5%,0.3%
Fri Apr 26,,USD,Personal Spending m/m,Low,0.8%,0.6%,0.8%
Fri Apr 26,7:30pm,USD,Revised UoM Consumer Sentiment,High,77.2,77.9,77.9
Fri Apr 26,,USD,Revised UoM Inflation Expectations,Low,3.2%,,3.1%
Mon Apr 29,All Day,EUR,German Prelim CPI m/m,High,0.5%,0.6%,0.4%
Mon Apr 29,12:30pm,EUR,Spanish Flash CPI y/y,Medium,3.3%,3.4%,3.2%
Mon Apr 29,2:43pm,EUR,Italian 10-y Bond Auction,Low,3.86|1.3,,3.67|1.4
Tue Apr 30,4:31am,GBP,BRC Shop Price Index y/y,Low,0.8%,,1.3%
Tue Apr 30,5:00am,JPY,Unemployment Rate,Low,2.6%,2.5%,2.6%
Tue Apr 30,5:20am,JPY,Prelim Industrial Production m/m,Low,3.8%,3.4%,-0.6%
Tue Apr 30,,JPY,Retail Sales y/y,Low,1.2%,2.5%,4.7%
Tue Apr 30,10:30am,JPY,Housing Starts y/y,Low,-12.8%,-7.6%,-8.2%
Tue Apr 30,11:00am,EUR,French Consumer Spending m/m,Low,0.4%,0.2%,0.1%
Tue Apr 30,,EUR,French Flash GDP q/q,Low,0.2%,0.1%,0.1%
Tue Apr 30,11:30am,EUR,German Import Prices m/m,Low,0.4%,0.1%,-0.2%
Tue Apr 30,,EUR,German Retail Sales m/m,Low,1.8%,1.3%,-1.9%
Tue Apr 30,12:15pm,EUR,French Prelim CPI m/m,Low,0.5%,0.5%,0.2%
Tue Apr 30,,EUR,Spanish Flash GDP q/q,Low,0.7%,0.4%,0.7%
Tue Apr 30,1:25pm,EUR,German Unemployment Change,Low,10K,7K,6K
Tue Apr 30,1:30pm,EUR,Italian Prelim GDP q/q,Low,0.3%,0.1%,0.1%
Tue Apr 30,,EUR,German Prelim GDP q/q,Low,0.2%,0.1%,-0.5%
Tue Apr 30,2:00pm,GBP,M4 Money Supply m/m,Low,0.7%,0.4%,0.6%
Tue Apr 30,,GBP,Mortgage Approvals,Low,61K,61K,60K
Tue Apr 30,,GBP,Net Lending to Individuals m/m,Low,1.8B,1.7B,3.1B
Tue Apr 30,2:30pm,EUR,Core CPI Flash Estimate y/y,Medium,2.7%,2.6%,2.9%
Tue Apr 30,,EUR,CPI Flash Estimate y/y,Medium,2.4%,2.4%,2.4%
Tue Apr 30,,EUR,Italian Prelim CPI m/m,Low,0.2%,0.3%,0.0%
Tue Apr 30,,EUR,Prelim Flash GDP q/q,Low,0.3%,0.1%,0.0%
Tue Apr 30,,USD,Employment Cost Index q/q,High,1.2%,1.0%,0.9%
Tue Apr 30,6:30pm,USD,S&P/CS Composite-20 HPI y/y,Medium,7.3%,6.7%,6.6%
Tue Apr 30,,USD,HPI m/m,Low,1.2%,0.1%,-0.1%
Tue Apr 30,7:15pm,USD,Chicago PMI,Medium,37.9,44.9,41.4
Tue Apr 30,7:30pm,USD,CB Consumer Confidence,High,97.0,104.0,103.1
Wed May 1,6:00am,JPY,Final Manufacturing PMI,Low,49.6,49.9,49.9
Wed May 1,11:30am,GBP,Nationwide HPI m/m,Low,-0.4%,0.1%,-0.2%
Wed May 1,2:00pm,GBP,Final Manufacturing PMI,Low,49.1,48.7,48.7
Wed May 1,2:33pm,GBP,10-y Bond Auction,Low,4.37|3.1,,4.01|3.3
Wed May 1,5:45pm,USD,ADP Non-Farm Employment Change,High,192K,179K,208K
Wed May 1,7:15pm,USD,Final Manufacturing PMI,High,50.0,49.9,49.9
Wed May 1,7:30pm,USD,ISM Manufacturing PMI,High,49.2,50.0,50.3
Wed May 1,,USD,JOLTS Job Openings,High,8.49M,8.68M,8.81M
Wed May 1,,USD,ISM Manufacturing Prices,Medium,60.9,55.5,55.8
Wed May 1,,USD,Construction Spending m/m,Low,-0.2%,0.3%,0.0%
Wed May 1,All Day,USD,Wards Total Vehicle Sales,Low,15.7M,15.7M,15.5M
Wed May 1,8:00pm,USD,Crude Oil Inventories,Low,7.3M,-2.3M,-6.4M
Wed May 1,11:30pm,USD,Federal Funds Rate,High,5.50%,5.50%,5.50%
Thu May 2,5:20am,JPY,Monetary Base y/y,Low,2.1%,1.7%,1.6%
Thu May 2,10:29am,JPY,Consumer Confidence,Low,38.3,39.7,39.5
Thu May 2,12:45pm,EUR,Spanish Manufacturing PMI,Low,52.2,51.3,51.4
Thu May 2,1:15pm,EUR,Italian Manufacturing PMI,Low,47.3,50.3,50.4
Thu May 2,1:20pm,EUR,French Final Manufacturing PMI,Low,45.3,44.9,44.9
Thu May 2,1:25pm,EUR,German Final Manufacturing PMI,Low,42.5,42.2,42.2
Thu May 2,1:30pm,EUR,Final Manufacturing PMI,Low,45.7,45.6,45.6
Thu May 2,2:28pm,EUR,French 10-y Bond Auction,Low,3.03|2.2,,2.87|1.9
Thu May 2,5:00pm,USD,Challenger Job Cuts y/y,Low,-3.3%,,0.7%
Thu May 2,,USD,Unemployment Claims,High,208K,212K,208K
Thu May 2,,USD,Prelim Nonfarm Productivity q/q,Low,0.3%,0.8%,3.5%
Thu May 2,,USD,Prelim Unit Labor Costs q/q,Low,4.7%,3.6%,0.4%
Thu May 2,,USD,Trade Balance,Low,-69.4B,-69.5B,-69.5B
Thu May 2,7:30pm,USD,Factory Orders m/m,Low,1.6%,1.6%,1.2%
Thu May 2,8:00pm,USD,Natural Gas Storage,Low,59B,68B,92B
Fri May 3,12:15pm,EUR,French Gov Budget Balance,Low,-52.8B,,-44.0B
Fri May 3,,EUR,French Industrial Production m/m,Low,-0.3%,0.3%,0.2%
Fri May 3,1:30pm,EUR,Italian Monthly Unemployment Rate,Low,7.2%,7.5%,7.4%
Fri May 3,2:00pm,GBP,Final Services PMI,Low,55.0,54.9,54.9
Fri May 3,2:30pm,EUR,Unemployment Rate,Low,6.5%,6.5%,6.5%
Fri May 3,6:00pm,USD,Average Hourly Earnings m/m,High,0.2%,0.3%,0.3%
Fri May 3,,USD,Non-Farm Employment Change,High,175K,238K,315K
Fri May 3,,USD,Unemployment Rate,High,3.9%,3.8%,3.8%
Fri May 3,7:15pm,USD,Final Services PMI,Medium,51.3,50.9,50.9
Fri May 3,7:30pm,USD,ISM Services PMI,High,49.4,52.0,51.4
Mon May 6,12:30pm,EUR,Spanish Unemployment Change,Low,-60.5K,-74.5K,-33.4K
Mon May 6,12:45pm,EUR,Spanish Services PMI,Low,56.2,56.0,56.1
Mon May 6,1:15pm,EUR,Italian Services PMI,Low,54.3,54.7,54.6
Mon May 6,1:20pm,EUR,French Final Services PMI,Low,51.3,50.5,50.5
Mon May 6,1:25pm,EUR,German Final Services PMI,Low,53.2,53.3,53.3
Mon May 6,1:30pm,EUR,Final Services PMI,Low,53.3,52.9,52.9
Mon May 6,2:00pm,EUR,Sentix Investor Confidence,Low,-3.6,-4.8,-5.9
Mon May 6,2:30pm,EUR,PPI m/m,Low,-0.4%,-0.4%,-1.1%
Tue May 7,4:31am,GBP,BRC Retail Sales Monitor y/y,Low,-4.4%,1.8%,3.2%
Tue May 7,11:30am,EUR,German Factory Orders m/m,Low,-0.4%,0.4%,-0.8%
Tue May 7,,EUR,German Trade Balance,Low,22.3B,22.4B,21.4B
Tue May 7,,GBP,Halifax HPI m/m,Low,0.1%,0.2%,-0.9%
Tue May 7,12:15pm,EUR,French Prelim Private Payrolls q/q,Low,0.2%,0.0%,-0.1%
Tue May 7,,EUR,French Trade Balance,Low,-5.5B,-5.0B,-5.6B
Tue May 7,2:00pm,GBP,Construction PMI,Medium,53.0,50.4,50.2
Tue May 7,2:30pm,EUR,Retail Sales m/m,Low,0.8%,0.6%,-0.3%
Tue May 7,7:36pm,USD,RCM/TIPP Economic Optimism,Low,41.8,44.1,43.2
Wed May 8,12:30am,USD,Consumer Credit m/m,Low,6.3B,14.8B,15.0B
Wed May 8,9:05am,JPY,10-y Bond Auction,Low,0.86|3.2,,0.75|3.8
Wed May 8,11:30am,EUR,German Industrial Production m/m,Low,-0.4%,-0.6%,1.7%
Wed May 8,1:30pm,EUR,Italian Retail Sales m/m,Low,0.0%,0.2%,0.1%
Wed May 8,2:33pm,GBP,30-y Bond Auction,Low,4.55|3.3,,4.43|2.7
Wed May 8,7:30pm,USD,Final Wholesale Inventories m/m,Low,-0.4%,-0.4%,-0.4%
Wed May 8,8:00pm,USD,Crude Oil Inventories,Low,-1.4M,-1.0M,7.3M
Wed May 8,10:31pm,USD,10-y Bond Auction,Medium,4.48|2.5,,4.56|2.3
Thu May 9,4:31am,GBP,RICS House Price Balance,Low,-5%,-2%,-5%
Thu May 9,5:00am,JPY,Average Cash Earnings y/y,Low,0.6%,1.5%,1.4%
Thu May 9,10:30am,JPY,Leading Indicators,Low,111.4%,111.3%,112.1%
Thu May 9,,GBP,MPC Official Bank Rate Votes,High,0-2-7,0-0-9,0-1-8
Thu May 9,,GBP,Official Bank Rate,High,5.25%,5.25%,5.25%
Thu May 9,6:00pm,USD,Unemployment Claims,High,231K,212K,209K
Thu May 9,8:00pm,USD,Natural Gas Storage,Low,79B,87B,59B
Thu May 9,10:31pm,USD,30-y Bond Auction,High,4.64|2.4,,4.67|2.4
Fri May 10,5:00am,JPY,Household Spending y/y,Low,-1.2%,-2.3%,-0.5%
Fri May 10,5:20am,JPY,Bank Lending y/y,Low,3.1%,3.1%,3.2%
Fri May 10,,JPY,Current Account,Low,2.01T,2.04T,1.41T
Fri May 10,9:05am,JPY,30-y Bond Auction,Low,1.99|3.2,,1.81|3.5
Fri May 10,10:30am,JPY,Economy Watchers Sentiment,Low,47.4,50.4,49.8
Fri May 10,11:30am,GBP,GDP m/m,High,0.4%,0.1%,0.2%
Fri May 10,,GBP,Prelim GDP q/q,Medium,0.6%,0.4%,-0.3%
Fri May 10,,GBP,Construction Output m/m,Low,-0.4%,0.8%,-2.0%
Fri May 10,,GBP,Goods Trade Balance,Low,-14.0B,-14.5B,-14.1B
Fri May 10,,GBP,Index of Services 3m/3m,Low,0.7%,0.4%,0.3%
Fri May 10,,GBP,Industrial Production m/m,Low,0.2%,-0.5%,1.0%
Fri May 10,,GBP,Manufacturing Production m/m,Low,0.3%,-0.5%,1.2%
Fri May 10,,GBP,Prelim Business Investment q/q,Low,0.9%,0.2%,1.4%
Fri May 10,1:30pm,EUR,Italian Industrial Production m/m,Low,-0.5%,0.3%,0.0%
Fri May 10,5:10pm,GBP,NIESR GDP Estimate,Low,0.7%,,0.4%
Fri May 10,7:30pm,USD,Prelim UoM Consumer Sentiment,High,67.4,76.3,77.2
Fri May 10,,USD,Prelim UoM Inflation Expectations,Medium,3.5%,,3.2%
Fri May 10,11:30pm,USD,Federal Budget Balance,Low,209.5B,244.5B,-236.5B
Mon May 13,5:20am,JPY,M2 Money Stock y/y,Low,2.2%,2.5%,2.5%
Mon May 13,7:15pm,USD,Cleveland Fed Inflation Expectations,Low,3.8%,,3.4%
Tue May 14,5:20am,JPY,PPI y/y,Low,0.9%,0.9%,0.9%
Tue May 14,11:28am,JPY,Prelim Machine Tool Orders y/y,Low,-11.6%,,-3.8%
Tue May 14,11:30am,EUR,German Final CPI m/m,Low,0.5%,0.5%,0.5%
Tue May 14,,GBP,Claimant Count Change,High,8.9K,13.9K,-2.4K
Tue May 14,,GBP,Average Earnings Index 3m/y,Medium,5.7%,5.3%,5.7%
Tue May 14,,GBP,Unemployment Rate,Low,4.3%,4.3%,4.2%
Tue May 14,2:30pm,EUR,ZEW Economic Sentiment,Low,47.0,46.1,43.9
Tue May 14,,EUR,German ZEW Economic Sentiment,Low,47.1,44.9,42.9
Tue May 14,3:30pm,USD,NFIB Small Business Index,Low,89.7,88.1,88.5
Tue May 14,,USD,Core PPI m/m,High,0.5%,0.2%,-0.1%
Tue May 14,,USD,PPI m/m,High,0.5%,0.3%,-0.1%
Tue May 14,7:00pm,GBP,CB Leading Index m/m,Low,-0.1%,,-0.1%
Wed May 15,12:15pm,EUR,French Final CPI m/m,Low,0.5%,0.5%,0.5%
Wed May 15,,EUR,Flash Employment Change q/q,Low,0.3%,0.3%,0.3%
Wed May 15,,EUR,Flash GDP q/q,Low,0.3%,0.3%,0.3%
Wed May 15,,EUR,Industrial Production m/m,Low,0.6%,0.5%,1.0%
Wed May 15,2:33pm,GBP,10-y Bond Auction,Low,4.07|3.5,,4.37|3.1
Wed May 15,3:03pm,EUR,German 30-y Bond Auction,Low,2.62|3.1,,2.62|3.2
Wed May 15,,USD,Core CPI m/m,High,0.3%,0.3%,0.4%
Wed May 15,,USD,Core Retail Sales m/m,High,0.2%,0.2%,0.9%
Wed May 15,,USD,CPI m/m,High,0.3%,0.4%,0.4%
Wed May 15,,USD,CPI y/y,High,3.4%,3.4%,3.5%
Wed May 15,,USD,Empire State Manufacturing Index,High,-15.6,-9.9,-14.3
Wed May 15,,USD,Retail Sales m/m,High,0.0%,0.4%,0.6%
Wed May 15,7:30pm,USD,Business Inventories m/m,Low,-0.1%,0.0%,0.3%
Wed May 15,,USD,NAHB Housing Market Index,Low,45,51,51
Wed May 15,,USD,Crude Oil Inventories,Low,-2.5M,-0.4M,-1.4M
Thu May 16,1:30am,USD,TIC Long-Term Purchases,Low,100.5B,89.3B,62.9B
Thu May 16,5:20am,JPY,Prelim GDP q/q,Medium,-0.5%,-0.3%,0.1%
Thu May 16,,JPY,Prelim GDP Price Index y/y,Low,3.6%,3.3%,3.9%
Thu May 16,10:00am,JPY,Revised Industrial Production m/m,Low,4.4%,3.4%,3.8%
Thu May 16,2:30pm,EUR,Italian Trade Balance,Low,4.34B,4.77B,6.00B
Thu May 16,6:00pm,USD,Unemployment Claims,High,222K,219K,232K
Thu May 16,,USD,Building Permits,Medium,1.44M,1.48M,1.49M
Thu May 16,,USD,Philly Fed Manufacturing Index,Medium,4.5,7.7,15.5
Thu May 16,,USD,Housing Starts,Low,1.36M,1.42M,1.29M
Thu May 16,,USD,Import Prices m/m,Low,0.9%,0.2%,0.6%
Thu May 16,6:45pm,USD,Industrial Production m/m,Medium,0.0%,0.1%,0.1%
Thu May 16,,USD,Capacity Utilization Rate,Low,78.4%,78.4%,78.5%
Thu May 16,7:53pm,USD,Mortgage Delinquencies,Low,3.94%,,3.88%
Thu May 16,8:00pm,USD,Natural Gas Storage,Low,70B,76B,79B
Fri May 17,2:30pm,EUR,Final Core CPI y/y,Low,2.7%,2.7%,2.7%
Fri May 17,,EUR,Final CPI y/y,Low,2.4%,2.4%,2.4%
Fri May 17,7:30pm,USD,CB Leading Index m/m,Low,-0.6%,-0.3%,-0.3%
Mon May 20,4:31am,GBP,Rightmove HPI m/m,Low,0.8%,,1.1%
Mon May 20,10:00am,JPY,Tertiary Industry Activity m/m,Low,-2.4%,0.1%,2.2%
Tue May 21,11:30am,EUR,German PPI m/m,Low,0.2%,0.3%,0.2%
Tue May 21,,EUR,Current Account,Low,35.8B,30.2B,28.9B
Tue May 21,2:30pm,EUR,Trade Balance,Low,17.3B,19.9B,16.7B
Tue May 21,3:30pm,GBP,CBI Industrial Order Expectations,Low,-33,-20,-23
Wed May 22,5:20am,JPY,Core Machinery Orders m/m,Low,2.9%,-1.8%,7.7%
Wed May 22,,JPY,Trade Balance,Low,-0.56T,-0.72T,-0.68T
Wed May 22,11:30am,GBP,CPI y/y,High,2.3%,2.1%,3.2%
Wed May 22,,GBP,Core CPI y/y,Low,3.9%,3.6%,4.2%
Wed May 22,,GBP,PPI Input m/m,Low,0.6%,0.4%,-0.2%
Wed May 22,,GBP,PPI Output m/m,Low,0.2%,0.4%,0.2%
Wed May 22,,GBP,Public Sector Net Borrowing,Low,19.6B,18.5B,12.1B
Wed May 22,,GBP,RPI y/y,Low,3.3%,3.3%,4.3%
Wed May 22,2:00pm,GBP,HPI y/y,Low,1.8%,0.1%,-0.2%
Wed May 22,3:02pm,EUR,German 10-y Bond Auction,Low,2.53|2.8,,2.54|2.5
Wed May 22,7:30pm,USD,Existing Home Sales,Medium,4.14M,4.21M,4.22M
Wed May 22,8:00pm,USD,Crude Oil Inventories,Low,1.8M,-2.4M,-2.5M
Thu May 23,6:00am,JPY,Flash Manufacturing PMI,Low,50.5,49.7,49.6
Thu May 23,12:45pm,EUR,French Flash Manufacturing PMI,High,46.7,45.8,45.3
Thu May 23,,EUR,French Flash Services PMI,High,49.4,51.8,51.3
Thu May 23,1:00pm,EUR,German Flash Manufacturing PMI,High,45.4,43.4,42.5
Thu May 23,,EUR,German Flash Services PMI,High,53.9,53.5,53.2
Thu May 23,1:30pm,EUR,Flash Manufacturing PMI,Medium,47.4,46.2,45.7
Thu May 23,,EUR,Flash Services PMI,Medium,53.3,53.6,53.3
Thu May 23,2:00pm,GBP,Flash Manufacturing PMI,High,51.3,49.5,49.1
Thu May 23,,GBP,Flash Services PMI,High,52.9,54.7,55.0
Thu May 23,,USD,Unemployment Claims,High,215K,220K,223K
Thu May 23,7:15pm,USD,Flash Manufacturing PMI,High,50.9,50.0,50.0
Thu May 23,,USD,Flash Services PMI,High,54.8,51.2,51.3
Thu May 23,7:30pm,EUR,Consumer Confidence,Low,-14,-14,-15
Thu May 23,,USD,New Home Sales,Medium,634K,677K,665K
Thu May 23,8:00pm,USD,Natural Gas Storage,Low,78B,84B,70B
Fri May 24,4:31am,GBP,GfK Consumer Confidence,Low,-17,-18,-19
Fri May 24,5:00am,JPY,National Core CPI y/y,Low,2.2%,2.2%,2.6%
Fri May 24,11:30am,EUR,German Final GDP q/q,Low,0.2%,0.2%,0.2%
Fri May 24,,GBP,Retail Sales m/m,High,-2.3%,-0.5%,-0.2%
Fri May 24,,USD,Core Durable Goods Orders m/m,Medium,0.4%,0.1%,0.0%
Fri May 24,,USD,Durable Goods Orders m/m,Medium,0.7%,-0.9%,0.9%
Fri May 24,7:30pm,USD,Revised UoM Consumer Sentiment,High,69.1,67.8,67.4
Fri May 24,,USD,Revised UoM Inflation Expectations,Low,3.3%,,3.5%
Mon May 27,1:30pm,EUR,German ifo Business Climate,Medium,89.3,90.4,89.3
Mon May 27,6:29pm,EUR,Belgian NBB Business Climate,Low,-11.0,-10.8,-11.9
Tue May 28,4:31am,GBP,BRC Shop Price Index y/y,Low,0.6%,,0.8%
Tue May 28,5:20am,JPY,SPPI y/y,Low,2.8%,2.3%,2.4%
Tue May 28,10:30am,JPY,BOJ Core CPI y/y,Low,1.8%,2.2%,2.2%
Tue May 28,11:30am,EUR,German WPI m/m,Low,0.4%,0.1%,0.2%
Tue May 28,3:30pm,GBP,CBI Realized Sales,Low,8,-24,-44
Tue May 28,6:30pm,USD,S&P/CS Composite-20 HPI y/y,Medium,7.4%,7.3%,7.3%
Tue May 28,,USD,HPI m/m,Low,0.1%,0.5%,1.2%
Tue May 28,7:30pm,USD,CB Consumer Confidence,High,102.0,96.0,97.5
Wed May 29,10:29am,JPY,Consumer Confidence,Low,36.2,39.1,38.3
Wed May 29,11:30am,EUR,German GfK Consumer Climate,Low,-20.9,-22.5,-24.0
Wed May 29,All Day,EUR,German Prelim CPI m/m,High,0.1%,0.2%,0.5%
Wed May 29,,EUR,M3 Money Supply y/y,Low,1.3%,1.3%,0.9%
Wed May 29,,EUR,Private Loans y/y,Low,0.2%,0.4%,0.2%
Wed May 29,7:29pm,USD,Richmond Manufacturing Index,Medium,0,-6,-7
Thu May 30,,EUR,Spanish Flash CPI y/y,Medium,3.6%,3.7%,3.3%
Thu May 30,1:30pm,EUR,Italian Monthly Unemployment Rate,Low,6.9%,7.3%,7.1%
Thu May 30,2:30pm,EUR,Unemployment Rate,Low,6.4%,6.5%,6.5%
Thu May 30,2:51pm,EUR,Italian 10-y Bond Auction,Low,3.97|1.5,,3.86|1.3
Thu May 30,,USD,Prelim GDP q/q,High,1.3%,1.2%,1.6%
Thu May 30,,USD,Unemployment Claims,High,219K,218K,216K
Thu May 30,,USD,Prelim GDP Price Index q/q,Medium,3.0%,3.1%,3.1%
Thu May 30,,USD,Goods Trade Balance,Low,-99.4B,-91.9B,-92.3B
Thu May 30,,USD,Prelim Wholesale Inventories m/m,Low,0.2%,0.0%,-0.4%
Thu May 30,7:30pm,USD,Pending Home Sales m/m,High,-7.7%,-1.1%,3.6%
Thu May 30,8:00pm,USD,Natural Gas Storage,Low,84B,77B,78B
Thu May 30,8:30pm,USD,Crude Oil Inventories,Low,-4.2M,-1.6M,1.8M
Fri May 31,5:00am,JPY,Tokyo Core CPI y/y,Medium,1.9%,1.9%,1.6%
Fri May 31,,JPY,Unemployment Rate,Low,2.6%,2.6%,2.6%
Fri May 31,5:20am,JPY,Prelim Industrial Production m/m,Low,-0.1%,1.5%,4.4%
Fri May 31,,JPY,Retail Sales y/y,Low,2.4%,1.8%,1.1%
Fri May 31,10:30am,JPY,Housing Starts y/y,Low,13.9%,-0.2%,-12.8%
Fri May 31,11:00am,EUR,French Final Private Payrolls q/q,Low,0.3%,0.2%,0.2%
Fri May 31,11:30am,EUR,German Import Prices m/m,Low,0.7%,0.5%,0.4%
Fri May 31,,EUR,German Retail Sales m/m,Low,-1.2%,-0.2%,2.6%
Fri May 31,,GBP,Nationwide HPI m/m,Low,0.4%,0.1%,-0.4%
Fri May 31,12:15pm,EUR,French Consumer Spending m/m,Low,-0.8%,0.2%,0.5%
Fri May 31,,EUR,French Prelim CPI m/m,Low,0.0%,0.1%,0.5%
Fri May 31,,EUR,French Prelim GDP q/q,Low,0.2%,0.2%,0.2%
Fri May 31,2:00pm,GBP,M4 Money Supply m/m,Low,0.1%,0.4%,0.7%
Fri May 31,,GBP,Mortgage Approvals,Low,61K,62K,61K
Fri May 31,,GBP,Net Lending to Individuals m/m,Low,3.1B,2.0B,1.9B
Fri May 31,2:30pm,EUR,Core CPI Flash Estimate y/y,High,2.9%,2.7%,2.7%
Fri May 31,,EUR,CPI Flash Estimate y/y,High,2.6%,2.5%,2.4%
Fri May 31,,EUR,Italian Prelim CPI m/m,Low,0.2%,0.2%,0.1%
Fri May 31,,USD,Core PCE Price Index m/m,High,0.2%,0.3%,0.3%
Fri May 31,,USD,Personal Income m/m,Low,0.3%,0.3%,0.5%
Fri May 31,,USD,Personal Spending m/m,Low,0.2%,0.3%,0.7%
Fri May 31,7:15pm,USD,Chicago PMI,Medium,35.4,41.1,37.9
Mon Jun 3,5:20am,JPY,Capital Spending q/y,Low,6.8%,12.2%,16.4%
Mon Jun 3,6:00am,JPY,Final Manufacturing PMI,Low,50.4,50.5,50.5
Mon Jun 3,12:45pm,EUR,Spanish Manufacturing PMI,Low,54.0,52.5,52.2
Mon Jun 3,1:15pm,EUR,Italian Manufacturing PMI,Low,45.6,47.9,47.3
Mon Jun 3,1:20pm,EUR,French Final Manufacturing PMI,Low,46.4,46.7,46.7
Mon Jun 3,1:25pm,EUR,German Final Manufacturing PMI,Low,45.4,45.4,45.4
Mon Jun 3,1:30pm,EUR,Final Manufacturing PMI,Low,47.3,47.4,47.4
Mon Jun 3,2:00pm,GBP,Final Manufacturing PMI,Low,51.2,51.3,51.3
Mon Jun 3,7:15pm,USD,Final Manufacturing PMI,High,51.3,50.9,50.9
Mon Jun 3,7:30pm,USD,ISM Manufacturing PMI,High,48.7,49.8,49.2
Mon Jun 3,,USD,ISM Manufacturing Prices,Medium,57.0,60.0,60.9
Mon Jun 3,,USD,Construction Spending m/m,Low,-0.1%,0.2%,-0.2%
Mon Jun 3,All Day,USD,Wards Total Vehicle Sales,Low,15.9M,15.8M,15.7M
Tue Jun 4,4:31am,GBP,BRC Retail Sales Monitor y/y,Low,0.4%,1.2%,-4.4%
Tue Jun 4,5:20am,JPY,Monetary Base y/y,Low,0.9%,2.2%,2.1%
Tue Jun 4,9:05am,JPY,10-y Bond Auction,Low,1.05|3.7,,0.86|3.2
Tue Jun 4,12:15pm,EUR,French Gov Budget Balance,Low,-91.6B,,-52.8B
Tue Jun 4,12:30pm,EUR,Spanish Unemployment Change,Low,-58.7K,-55.4K,-60.5K
Tue Jun 4,1:25pm,EUR,German Unemployment Change,Low,25K,7K,10K
Tue Jun 4,7:30pm,USD,JOLTS Job Openings,High,8.06M,8.37M,8.36M
Tue Jun 4,,USD,Factory Orders m/m,Low,0.7%,0.7%,0.8%
Tue Jun 4,7:32pm,USD,RCM/TIPP Economic Optimism,Low,40.5,45.2,41.8
Wed Jun 5,5:00am,JPY,Average Cash Earnings y/y,Low,2.1%,1.7%,1.0%
Wed Jun 5,12:15pm,EUR,French Industrial Production m/m,Low,0.5%,0.3%,-0.2%
Wed Jun 5,12:45pm,EUR,Spanish Services PMI,Low,56.9,56.5,56.2
Wed Jun 5,1:15pm,EUR,Italian Services PMI,Low,54.2,54.4,54.3
Wed Jun 5,1:20pm,EUR,French Final Services PMI,Low,49.3,49.4,49.4
Wed Jun 5,1:25pm,EUR,German Final Services PMI,Low,54.2,53.9,53.9
Wed Jun 5,1:30pm,EUR,Final Services PMI,Low,53.2,53.3,53.3
Wed Jun 5,2:00pm,GBP,Final Services PMI,Low,52.9,52.9,52.9
Wed Jun 5,2:30pm,EUR,PPI m/m,Low,-1.0%,-0.6%,-0.5%
Wed Jun 5,5:45pm,USD,ADP Non-Farm Employment Change,High,152K,173K,188K
Wed Jun 5,,USD,Final Services PMI,Medium,54.8,54.8,54.8
Wed Jun 5,7:30pm,USD,ISM Services PMI,High,53.8,51.0,49.4
Wed Jun 5,,USD,Crude Oil Inventories,Low,1.2M,-2.1M,-4.2M
Thu Jun 6,9:05am,JPY,30-y Bond Auction,Low,2.16|3.6,,1.99|3.2
Thu Jun 6,11:30am,EUR,German Factory Orders m/m,Low,-0.2%,0.6%,-0.4%
Thu Jun 6,1:30pm,EUR,Italian Retail Sales m/m,Low,-0.1%,0.3%,0.0%
Thu Jun 6,2:00pm,GBP,Construction PMI,Medium,54.7,52.5,53.0
Thu Jun 6,2:28pm,EUR,French 10-y Bond Auction,Low,3.05|2.0,,3.03|2.2
Thu Jun 6,2:30pm,EUR,Retail Sales m/m,Low,-0.5%,-0.2%,0.7%
Thu Jun 6,5:00pm,USD,Challenger Job Cuts y/y,Low,-20.3%,,-3.3%
Thu Jun 6,5:45pm,EUR,Main Refinancing Rate,High,4.25%,4.25%,4.50%
Thu Jun 6,,USD,Unemployment Claims,High,229K,220K,221K
Thu Jun 6,,USD,Revised Nonfarm Productivity q/q,Low,0.2%,0.1%,0.3%
Thu Jun 6,,USD,Revised Unit Labor Costs q/q,Low,4.0%,4.8%,4.7%
Thu Jun 6,,USD,Trade Balance,Low,-74.6B,-76.2B,-68.6B
Thu Jun 6,8:00pm,USD,Natural Gas Storage,Low,98B,89B,84B
Fri Jun 7,5:00am,JPY,Household Spending y/y,Low,0.5%,0.6%,-1.2%
Fri Jun 7,10:30am,JPY,Leading Indicators,Low,111.6%,111.6%,112.2%
Fri Jun 7,11:30am,EUR,German Industrial Production m/m,Low,-0.1%,0.1%,-0.4%
Fri Jun 7,,EUR,German Trade Balance,Low,22.1B,22.6B,22.2B
Fri Jun 7,,GBP,Halifax HPI m/m,Low,-0.1%,0.3%,0.0%
Fri Jun 7,12:15pm,EUR,French Trade Balance,Low,-7.6B,-5.4B,-5.4B
Fri Jun 7,2:30pm,EUR,Final Employment Change q/q,Low,0.3%,0.3%,0.3%
Fri Jun 7,,EUR,Revised GDP q/q,Low,0.3%,0.3%,0.3%
Fri Jun 7,,USD,Average Hourly Earnings m/m,High,0.4%,0.3%,0.2%
Fri Jun 7,,USD,Non-Farm Employment Change,High,272K,182K,165K
Fri Jun 7,,USD,Unemployment Rate,High,4.0%,3.9%,3.9%
Fri Jun 7,7:30pm,USD,Final Wholesale Inventories m/m,Low,0.1%,0.2%,0.2%
Sat Jun 8,12:30am,USD,Consumer Credit m/m,Low,6.4B,9.3B,-1.1B
Mon Jun 10,5:20am,JPY,Bank Lending y/y,Low,3.0%,3.1%,3.1%
Mon Jun 10,,JPY,Current Account,Low,2.52T,2.09T,2.01T
Mon Jun 10,,JPY,Final GDP Price Index y/y,Low,3.4%,3.6%,3.6%
Mon Jun 10,,JPY,Final GDP q/q,Low,-0.5%,-0.5%,-0.5%
Mon Jun 10,10:30am,JPY,Economy Watchers Sentiment,Low,45.7,48.6,47.4
Mon Jun 10,1:30pm,EUR,Italian Industrial Production m/m,Low,-1.0%,0.3%,-0.5%
Mon Jun 10,2:00pm,EUR,Sentix Investor Confidence,Low,0.3,-1.5,-3.6
Tue Jun 11,5:20am,JPY,M2 Money Stock y/y,Low,1.9%,2.1%,2.2%
Tue Jun 11,11:28am,JPY,Prelim Machine Tool Orders y/y,Low,4.2%,,-8.9%
Tue Jun 11,11:30am,GBP,Claimant Count Change,High,50.4K,10.2K,8.4K
Tue Jun 11,,GBP,Average Earnings Index 3m/y,Medium,5.9%,5.7%,5.9%
Tue Jun 11,,GBP,Unemployment Rate,Low,4.4%,4.3%,4.3%
Tue Jun 11,3:30pm,USD,NFIB Small Business Index,Low,90.5,89.8,89.7
Tue Jun 11,7:00pm,GBP,CB Leading Index m/m,Low,-0.1%,,-0.1%
Tue Jun 11,10:31pm,USD,10-y Bond Auction,Medium,4.44|2.7,,4.48|2.5
Wed Jun 12,5:20am,JPY,PPI y/y,Low,2.4%,2.0%,1.1%
Wed Jun 12,11:30am,EUR,German Final CPI m/m,Low,0.1%,0.1%,0.1%
Wed Jun 12,,GBP,GDP m/m,High,0.0%,0.0%,0.4%
Wed Jun 12,,GBP,Construction Output m/m,Low,-1.4%,0.1%,-0.4%
Wed Jun 12,,GBP,Goods Trade Balance,Low,-19.6B,-14.2B,-14.0B
Wed Jun 12,,GBP,Index of Services 3m/3m,Low,0.9%,0.8%,0.7%
Wed Jun 12,,GBP,Industrial Production m/m,Low,-0.9%,-0.1%,0.2%
Wed Jun 12,,GBP,Manufacturing Production m/m,Low,-1.4%,-0.2%,0.3%
Wed Jun 12,3:03pm,EUR,German 10-y Bond Auction,Low,2.60|2.0,,2.53|2.8
Wed Jun 12,4:31pm,GBP,NIESR GDP Estimate,Low,0.7%,,0.7%
Wed Jun 12,6:00pm,USD,Core CPI m/m,High,0.2%,0.3%,0.3%
Wed Jun 12,,USD,CPI m/m,High,0.0%,0.1%,0.3%
Wed Jun 12,,USD,CPI y/y,High,3.3%,3.4%,3.4%
Wed Jun 12,8:00pm,USD,Crude Oil Inventories,Low,3.7M,-1.2M,1.2M
Wed Jun 12,11:30pm,USD,Federal Funds Rate,High,5.50%,5.50%,5.50%
Wed Jun 12,,USD,Federal Budget Balance,Low,-347.1B,-279.6B,209.5B
Thu Jun 13,4:31am,GBP,RICS House Price Balance,Low,-17%,-5%,-7%
Thu Jun 13,5:20am,JPY,BSI Manufacturing Index,Low,-1.0,-5.2,-6.7
Thu Jun 13,11:30am,EUR,German WPI m/m,Low,0.1%,0.3%,0.4%
Thu Jun 13,1:30pm,EUR,Italian Quarterly Unemployment Rate,Low,7.2%,7.4%,7.4%
Thu Jun 13,2:30pm,EUR,Industrial Production m/m,Low,-0.1%,0.1%,0.5%
Thu Jun 13,6:00pm,USD,Core PPI m/m,High,0.0%,0.3%,0.5%
Thu Jun 13,,USD,PPI m/m,High,-0.2%,0.1%,0.5%
Thu Jun 13,,USD,Unemployment Claims,High,242K,225K,229K
Thu Jun 13,8:00pm,USD,Natural Gas Storage,Low,74B,73B,98B
Thu Jun 13,10:31pm,USD,30-y Bond Auction,Medium,4.40|2.5,,4.64|2.4
Fri Jun 14,8:53am,JPY,BOJ Policy Rate,High,<0.10%,<0.10%,<0.10%
Fri Jun 14,9:59am,JPY,Revised Industrial Production m/m,Low,-0.9%,-0.1%,-0.1%
Fri Jun 14,10:00am,JPY,Tertiary Industry Activity m/m,Low,1.9%,0.4%,-2.3%
Fri Jun 14,12:15pm,EUR,French Final CPI m/m,Low,0.0%,0.0%,0.0%
Fri Jun 14,1:30pm,EUR,Italian Trade Balance,Low,4.81B,4.25B,4.30B
Fri Jun 14,2:00pm,GBP,Consumer Inflation Expectations,Low,2.8%,,3.0%
Fri Jun 14,2:30pm,EUR,Trade Balance,Low,19.4B,17.0B,17.2B
Fri Jun 14,,USD,Import Prices m/m,Low,-0.4%,0.0%,0.9%
Fri Jun 14,7:30pm,USD,Prelim UoM Consumer Sentiment,High,65.6,72.1,69.1
Fri Jun 14,,USD,Prelim UoM Inflation Expectations,Medium,3.3%,,3.3%
Mon Jun 17,4:31am,GBP,Rightmove HPI m/m,Low,0.0%,,0.8%
Mon Jun 17,5:20am,JPY,Core Machinery Orders m/m,Low,-2.9%,-2.9%,2.9%
Mon Jun 17,,USD,Empire State Manufacturing Index,High,-6.0,-12.5,-15.6
Tue Jun 18,2:30pm,EUR,Final Core CPI y/y,Low,2.9%,2.9%,2.9%
Tue Jun 18,,EUR,Final CPI y/y,Low,2.6%,2.6%,2.6%
Tue Jun 18,,EUR,ZEW Economic Sentiment,Low,51.3,47.8,47.0
Tue Jun 18,,EUR,German ZEW Economic Sentiment,Low,47.5,49.6,47.1
Tue Jun 18,6:00pm,USD,Core Retail Sales m/m,High,-0.1%,0.2%,-0.1%
Tue Jun 18,,USD,Retail Sales m/m,High,0.1%,0.3%,-0.2%
Tue Jun 18,6:45pm,USD,Industrial Production m/m,Medium,0.9%,0.3%,0.0%
Tue Jun 18,,USD,Capacity Utilization Rate,Low,78.7%,78.6%,78.2%
Tue Jun 18,7:30pm,USD,Business Inventories m/m,Low,0.3%,0.3%,-0.1%
Wed Jun 19,1:30am,USD,TIC Long-Term Purchases,Low,123.1B,69.3B,102.6B
Wed Jun 19,,JPY,Trade Balance,Low,-0.62T,-0.64T,-0.58T
Wed Jun 19,11:30am,GBP,CPI y/y,High,2.0%,2.0%,2.3%
Wed Jun 19,,GBP,Core CPI y/y,Low,3.5%,3.5%,3.9%
Wed Jun 19,,GBP,PPI Input m/m,Low,0.0%,-0.3%,0.8%
Wed Jun 19,,GBP,PPI Output m/m,Low,-0.1%,0.1%,0.3%
Wed Jun 19,,GBP,RPI y/y,Low,3.0%,3.1%,3.3%
Wed Jun 19,1:30pm,EUR,Current Account,Low,38.6B,35.2B,35.8B
Wed Jun 19,2:00pm,GBP,HPI y/y,Low,1.1%,2.0%,0.9%
Wed Jun 19,3:06pm,EUR,German 30-y Bond Auction,Low,2.54|1.6,,2.62|3.1
Wed Jun 19,7:30pm,USD,NAHB Housing Market Index,Low,43,45,45
Thu Jun 20,,EUR,German PPI m/m,Low,0.0%,0.1%,0.2%
Thu Jun 20,2:15pm,EUR,Spanish 10-y Bond Auction,Low,3.35|1.7,,3.25|1.8
Thu Jun 20,,GBP,MPC Official Bank Rate Votes,High,0-2-7,0-2-7,0-2-7
Thu Jun 20,,GBP,Official Bank Rate,High,5.25%,5.25%,5.25%
Thu Jun 20,,USD,Unemployment Claims,High,238K,235K,243K
Thu Jun 20,,USD,Building Permits,Medium,1.39M,1.45M,1.44M
Thu Jun 20,,USD,Philly Fed Manufacturing Index,Medium,1.3,4.8,4.5
Thu Jun 20,,USD,Current Account,Low,-238B,-207B,-222B
Thu Jun 20,,USD,Housing Starts,Low,1.28M,1.37M,1.35M
Thu Jun 20,7:30pm,EUR,Consumer Confidence,Low,-14,-14,-14
Thu Jun 20,8:30pm,USD,Crude Oil Inventories,Low,-2.5M,-2.8M,3.7M
Fri Jun 21,4:31am,GBP,GfK Consumer Confidence,Low,-14,-16,-17
Fri Jun 21,5:00am,JPY,National Core CPI y/y,Low,2.5%,2.6%,2.2%
Fri Jun 21,6:00am,JPY,Flash Manufacturing PMI,Low,50.1,50.6,50.4
Fri Jun 21,11:30am,GBP,Retail Sales m/m,High,2.9%,1.6%,-1.8%
Fri Jun 21,,GBP,Public Sector Net Borrowing,Low,14.1B,14.5B,17.5B
Fri Jun 21,12:45pm,EUR,French Flash Manufacturing PMI,High,45.3,46.8,46.4
Fri Jun 21,,EUR,French Flash Services PMI,High,48.8,50.0,49.3
Fri Jun 21,1:00pm,EUR,German Flash Manufacturing PMI,High,43.4,46.4,45.4
Fri Jun 21,,EUR,German Flash Services PMI,High,53.5,54.4,54.2
Fri Jun 21,1:30pm,EUR,Flash Manufacturing PMI,Medium,45.6,48.0,47.3
Fri Jun 21,,EUR,Flash Services PMI,Medium,52.6,53.5,53.2
Fri Jun 21,2:00pm,GBP,Flash Manufacturing PMI,High,51.4,51.3,51.2
Fri Jun 21,,GBP,Flash Services PMI,High,51.2,53.0,52.9
Fri Jun 21,7:15pm,USD,Flash Manufacturing PMI,High,51.7,51.0,51.3
Fri Jun 21,,USD,Flash Services PMI,High,55.1,53.4,54.8
Fri Jun 21,7:30pm,USD,Existing Home Sales,Medium,4.11M,4.08M,4.14M
Fri Jun 21,,USD,CB Leading Index m/m,Low,-0.5%,-0.4%,-0.6%
Fri Jun 21,8:00pm,USD,Natural Gas Storage,Low,71B,69B,74B
Mon Jun 24,1:30pm,EUR,German ifo Business Climate,Medium,88.6,89.4,89.3
Mon Jun 24,3:30pm,GBP,CBI Industrial Order Expectations,Low,-18,-26,-33
Mon Jun 24,6:28pm,EUR,Belgian NBB Business Climate,Low,-11.1,-10.2,-11.0
Tue Jun 25,5:20am,JPY,SPPI y/y,Low,2.5%,3.0%,2.7%
Tue Jun 25,10:30am,JPY,BOJ Core CPI y/y,Low,2.1%,1.9%,1.8%
Tue Jun 25,6:30pm,USD,S&P/CS Composite-20 HPI y/y,Medium,7.2%,7.0%,7.5%
Tue Jun 25,,USD,HPI m/m,Low,0.2%,0.3%,0.0%
Tue Jun 25,7:29pm,USD,Richmond Manufacturing Index,Medium,-10,-3,0
Tue Jun 25,7:30pm,USD,CB Consumer Confidence,High,100.4,100.0,101.3
Wed Jun 26,11:30am,EUR,German GfK Consumer Climate,Low,-21.8,-19.4,-21.0
Wed Jun 26,3:30pm,GBP,CBI Realized Sales,Low,-24,1,8
Wed Jun 26,7:30pm,USD,New Home Sales,High,619K,636K,698K
Wed Jun 26,8:00pm,USD,Crude Oil Inventories,Low,3.6M,-2.6M,-2.5M
Thu Jun 27,5:20am,JPY,Retail Sales y/y,Low,3.0%,2.0%,2.0%
Thu Jun 27,1:30pm,EUR,M3 Money Supply y/y,Low,1.6%,1.5%,1.3%
Thu Jun 27,,EUR,Private Loans y/y,Low,0.3%,0.3%,0.2%
Thu Jun 27,2:39pm,EUR,Italian 10-y Bond Auction,Low,4.01|1.4,,3.97|1.5
Thu Jun 27,6:00pm,USD,Final GDP q/q,High,1.4%,1.4%,1.3%
Thu Jun 27,,USD,Unemployment Claims,High,233K,236K,239K
Thu Jun 27,,USD,Core Durable Goods Orders m/m,Medium,-0.1%,0.2%,0.4%
Thu Jun 27,,USD,Durable Goods Orders m/m,Medium,0.1%,-0.5%,0.6%
Thu Jun 27,,USD,Final GDP Price Index q/q,Medium,3.1%,3.0%,3.0%
Thu Jun 27,,USD,Goods Trade Balance,Low,-100.6B,-96.0B,-98.0B
Thu Jun 27,,USD,Prelim Wholesale Inventories m/m,Low,0.6%,0.1%,0.1%
Thu Jun 27,7:30pm,USD,Pending Home Sales m/m,High,-2.1%,0.6%,-7.7%
Thu Jun 27,8:00pm,USD,Natural Gas Storage,Low,52B,53B,71B
Fri Jun 28,5:00am,JPY,Tokyo Core CPI y/y,Medium,2.1%,2.0%,1.9%
Fri Jun 28,,JPY,Unemployment Rate,Low,2.6%,2.6%,2.6%
Fri Jun 28,5:20am,JPY,Prelim Industrial Production m/m,Low,2.8%,2.0%,-0.9%
Fri Jun 28,10:30am,JPY,Housing Starts y/y,Low,-5.3%,-6.1%,13.9%
Fri Jun 28,11:30am,EUR,German Import Prices m/m,Low,0.0%,0.2%,0.7%
Fri Jun 28,,GBP,Current Account,Low,-21.0B,-17.7B,-21.2B
Fri Jun 28,,GBP,Final GDP q/q,Low,0.7%,0.6%,0.6%
Fri Jun 28,,GBP,Revised Business Investment q/q,Low,0.5%,0.9%,0.9%
Fri Jun 28,12:15pm,EUR,French Prelim CPI m/m,Medium,0.1%,0.1%,0.0%
Fri Jun 28,,EUR,French Consumer Spending m/m,Low,1.5%,0.2%,-0.9%
Fri Jun 28,,EUR,Spanish Flash CPI y/y,Medium,3.4%,3.4%,3.6%
Fri Jun 28,1:25pm,EUR,German Unemployment Change,Low,19K,14K,25K
Fri Jun 28,2:30pm,EUR,Italian Prelim CPI m/m,Low,0.1%,0.2%,0.2%
Fri Jun 28,,USD,Core PCE Price Index m/m,High,0.1%,0.1%,0.3%
Fri Jun 28,,USD,Personal Income m/m,Low,0.5%,0.4%,0.3%
Fri Jun 28,,USD,Personal Spending m/m,Low,0.2%,0.3%,0.1%
Fri Jun 28,7:15pm,USD,Chicago PMI,Medium,47.4,39.7,35.4
Fri Jun 28,7:30pm,USD,Revised UoM Consumer Sentiment,Medium,68.2,65.9,65.6
Fri Jun 28,,USD,Revised UoM Inflation Expectations,Low,3.0%,,3.3%
Mon Jul 1,5:20am,JPY,Tankan Manufacturing Index,Low,13,11,11
Mon Jul 1,,JPY,Tankan Non-Manufacturing Index,Low,33,33,34
Mon Jul 1,6:00am,JPY,Final Manufacturing PMI,Low,50.0,50.1,50.1
Mon Jul 1,10:30am,JPY,Consumer Confidence,Low,36.4,36.4,36.2
Mon Jul 1,11:55am,GBP,Nationwide HPI m/m,Low,0.2%,0.0%,0.4%
Mon Jul 1,All Day,EUR,German Prelim CPI m/m,High,0.1%,0.2%,0.1%
Mon Jul 1,12:45pm,EUR,Spanish Manufacturing PMI,Low,52.3,53.1,54.0
Mon Jul 1,1:15pm,EUR,Italian Manufacturing PMI,Low,45.7,44.3,45.6
Mon Jul 1,1:20pm,EUR,French Final Manufacturing PMI,Low,45.4,45.3,45.3
Mon Jul 1,1:25pm,EUR,German Final Manufacturing PMI,Low,43.5,43.4,43.4
Mon Jul 1,1:30pm,EUR,Final Manufacturing PMI,Low,45.8,45.6,45.6
Mon Jul 1,2:00pm,GBP,Final Manufacturing PMI,Low,50.9,51.4,51.4
Mon Jul 1,,GBP,M4 Money Supply m/m,Low,-0.1%,0.2%,0.0%
Mon Jul 1,,GBP,Mortgage Approvals,Low,60K,60K,61K
Mon Jul 1,,GBP,Net Lending to Individuals m/m,Low,2.7B,3.3B,3.0B
Mon Jul 1,7:15pm,USD,Final Manufacturing PMI,Medium,51.6,51.7,51.7
Mon Jul 1,7:30pm,USD,ISM Manufacturing PMI,High,48.5,49.2,48.7
Mon Jul 1,,USD,ISM Manufacturing Prices,Medium,52.1,55.8,57.0
Mon Jul 1,,USD,Construction Spending m/m,Low,-0.1%,0.3%,0.3%
Tue Jul 2,4:31am,GBP,BRC Shop Price Index y/y,Low,0.2%,,0.6%
Tue Jul 2,5:20am,JPY,Monetary Base y/y,Low,0.6%,1.0%,0.9%
Tue Jul 2,9:05am,JPY,10-y Bond Auction,Low,1.09|3.2,,1.05|3.7
Tue Jul 2,12:30pm,EUR,Spanish Unemployment Change,Low,-46.8K,-50.9K,-58.7K
Tue Jul 2,1:30pm,EUR,Italian Monthly Unemployment Rate,Low,6.8%,6.9%,6.8%
Tue Jul 2,2:30pm,EUR,Core CPI Flash Estimate y/y,High,2.9%,2.8%,2.9%
Tue Jul 2,,EUR,CPI Flash Estimate y/y,High,2.5%,2.5%,2.6%
Tue Jul 2,,EUR,Unemployment Rate,Low,6.4%,6.4%,6.4%
Tue Jul 2,7:30pm,USD,JOLTS Job Openings,High,8.14M,7.96M,7.92M
Tue Jul 2,All Day,USD,Wards Total Vehicle Sales,Low,15.3M,15.8M,15.9M
Tue Jul 2,8:10pm,USD,RCM/TIPP Economic Optimism,Low,44.2,41.2,40.5
Wed Jul 3,12:15pm,EUR,French Gov Budget Balance,Low,-113.5B,,-91.6B
Wed Jul 3,12:45pm,EUR,Spanish Services PMI,Low,56.8,56.5,56.9
Wed Jul 3,1:15pm,EUR,Italian Services PMI,Low,53.7,53.9,54.2
Wed Jul 3,1:20pm,EUR,French Final Services PMI,Low,49.6,48.8,48.8
Wed Jul 3,1:25pm,EUR,German Final Services PMI,Low,53.1,53.5,53.5
Wed Jul 3,1:30pm,EUR,Final Services PMI,Low,52.8,52.6,52.6
Wed Jul 3,2:00pm,GBP,Final Services PMI,Low,52.1,51.2,51.2
Wed Jul 3,2:30pm,EUR,PPI m/m,Low,-0.2%,-0.1%,-1.0%
Wed Jul 3,3:09pm,EUR,German 10-y Bond Auction,Low,2.63|1.9,,2.60|2.0
Wed Jul 3,,USD,Challenger Job Cuts y/y,Low,19.8%,,-20.3%
Wed Jul 3,5:45pm,USD,ADP Non-Farm Employment Change,High,150K,163K,157K
Wed Jul 3,,USD,Unemployment Claims,High,238K,234K,234K
Wed Jul 3,,USD,Trade Balance,Low,-75.1B,-76.3B,-74.5B
Wed Jul 3,7:15pm,USD,Final Services PMI,Medium,55.3,55.0,55.1
Wed Jul 3,7:30pm,USD,ISM Services PMI,High,48.8,52.6,53.8
Wed Jul 3,,USD,Factory Orders m/m,Low,-0.5%,0.2%,0.4%
Wed Jul 3,8:00pm,USD,Crude Oil Inventories,Low,-12.2M,-0.4M,3.6M
Wed Jul 3,9:30pm,USD,Natural Gas Storage,Low,32B,31B,52B
Thu Jul 4,9:05am,JPY,30-y Bond Auction,Low,2.19|3.0,,2.16|3.6
Thu Jul 4,11:30am,EUR,German Factory Orders m/m,Low,-1.6%,0.5%,-0.6%
Thu Jul 4,2:00pm,GBP,Construction PMI,Medium,52.2,54.0,54.7
Thu Jul 4,2:11pm,EUR,Spanish 10-y Bond Auction,Low,3.42|2.2,,3.35|1.7
Thu Jul 4,2:31pm,EUR,French 10-y Bond Auction,Low,3.23|2.4,,3.05|2.0
Fri Jul 5,5:00am,JPY,Household Spending y/y,Low,-1.8%,0.2%,0.5%
Fri Jul 5,10:30am,JPY,Leading Indicators,Low,111.1%,111.1%,110.9%
Fri Jul 5,11:30am,EUR,German Industrial Production m/m,Low,-2.5%,0.2%,0.1%
Fri Jul 5,,GBP,Halifax HPI m/m,Low,-0.2%,0.2%,0.0%
Fri Jul 5,12:15pm,EUR,French Industrial Production m/m,Low,-2.1%,-0.6%,0.6%
Fri Jul 5,,EUR,French Trade Balance,Low,-8.0B,-7.2B,-7.6B
Fri Jul 5,1:30pm,EUR,Italian Retail Sales m/m,Low,0.4%,0.2%,-0.1%
Fri Jul 5,2:00pm,GBP,Housing Equity Withdrawal q/q,Low,-23.9B,-20.3B,-24.7B
Fri Jul 5,2:30pm,EUR,Retail Sales m/m,Low,0.1%,0.2%,-0.2%
Fri Jul 5,,USD,Average Hourly Earnings m/m,High,0.3%,0.3%,0.4%
Fri Jul 5,,USD,Non-Farm Employment Change,High,206K,191K,218K
Fri Jul 5,,USD,Unemployment Rate,High,4.1%,4.0%,4.0%
Mon Jul 8,5:00am,JPY,Average Cash Earnings y/y,Low,1.9%,2.1%,1.6%
Mon Jul 8,5:20am,JPY,Bank Lending y/y,Low,3.2%,3.1%,2.9%
Mon Jul 8,,JPY,Current Account,Low,2.41T,2.07T,2.52T
Mon Jul 8,10:30am,JPY,Economy Watchers Sentiment,Low,47.0,46.1,45.7
Mon Jul 8,11:30am,EUR,German Trade Balance,Low,24.9B,19.9B,22.2B
Mon Jul 8,2:00pm,EUR,Sentix Investor Confidence,Low,-7.3,-0.6,0.3
Tue Jul 9,12:30am,USD,Consumer Credit m/m,Low,11.4B,9.7B,6.5B
Tue Jul 9,4:31am,GBP,BRC Retail Sales Monitor y/y,Low,-0.5%,0.9%,0.4%
Tue Jul 9,5:20am,JPY,M2 Money Stock y/y,Low,1.5%,2.0%,1.9%
Tue Jul 9,11:28am,JPY,Prelim Machine Tool Orders y/y,Low,9.7%,,4.2%
Tue Jul 9,3:30pm,USD,NFIB Small Business Index,Low,91.5,90.3,90.5
Wed Jul 10,5:20am,JPY,PPI y/y,Low,2.9%,2.9%,2.6%
Wed Jul 10,,EUR,Italian Industrial Production m/m,Low,0.5%,0.0%,-1.0%
Wed Jul 10,,USD,Final Wholesale Inventories m/m,Low,0.6%,0.6%,0.6%
Wed Jul 10,8:00pm,USD,Crude Oil Inventories,Low,-3.4M,0.7M,-12.2M
Wed Jul 10,10:31pm,USD,10-y Bond Auction,Medium,4.28|2.6,,4.44|2.7
Thu Jul 11,4:31am,GBP,RICS House Price Balance,Low,-17%,-14%,-17%
Thu Jul 11,5:20am,JPY,Core Machinery Orders m/m,Low,-3.2%,0.9%,-2.9%
Thu Jul 11,11:30am,EUR,German Final CPI m/m,Low,0.1%,0.1%,0.1%
Thu Jul 11,,GBP,GDP m/m,High,0.4%,0.2%,0.0%
Thu Jul 11,,GBP,Construction Output m/m,Low,1.9%,0.5%,-1.1%
Thu Jul 11,,GBP,Goods Trade Balance,Low,-17.9B,-15.6B,-19.4B
Thu Jul 11,,GBP,Index of Services 3m/3m,Low,1.1%,1.0%,1.0%
Thu Jul 11,,GBP,Industrial Production m/m,Low,0.2%,0.3%,-0.9%
Thu Jul 11,,GBP,Manufacturing Production m/m,Low,0.4%,0.4%,-1.6%
Thu Jul 11,4:20pm,GBP,NIESR GDP Estimate,Low,0.6%,,0.8%
Thu Jul 11,6:00pm,USD,Core CPI m/m,High,0.1%,0.2%,0.2%
Thu Jul 11,,USD,CPI m/m,High,-0.1%,0.1%,0.0%
Thu Jul 11,,USD,CPI y/y,High,3.0%,3.1%,3.3%
Thu Jul 11,,USD,Unemployment Claims,High,222K,236K,239K
Thu Jul 11,7:00pm,GBP,CB Leading Index m/m,Low,-0.3%,,-0.1%
Thu Jul 11,8:00pm,USD,Natural Gas Storage,Low,65B,56B,32B
Thu Jul 11,10:31pm,USD,30-y Bond Auction,Medium,4.41|2.3,,4.40|2.5
Thu Jul 11,11:30pm,USD,Federal Budget Balance,Low,-66.0B,-71.2B,-347.1B
Fri Jul 12,10:00am,JPY,Revised Industrial Production m/m,Low,3.6%,2.8%,2.8%
Fri Jul 12,11:30am,EUR,German WPI m/m,Low,-0.3%,0.2%,0.1%
Fri Jul 12,12:15pm,EUR,French Final CPI m/m,Low,0.1%,0.1%,0.1%
Fri Jul 12,,USD,Core PPI m/m,High,0.4%,0.2%,0.3%
Fri Jul 12,,USD,PPI m/m,High,0.2%,0.1%,0.0%
Fri Jul 12,7:30pm,USD,Prelim UoM Consumer Sentiment,High,66.0,68.5,68.2
Fri Jul 12,,USD,Prelim UoM Inflation Expectations,Medium,2.9%,,3.0%
Mon Jul 15,4:31am,GBP,Rightmove HPI m/m,Low,-0.4%,,0.0%
Mon Jul 15,2:30pm,EUR,Industrial Production m/m,Low,-0.6%,-0.9%,0.0%
Mon Jul 15,,USD,Empire State Manufacturing Index,High,-6.6,-5.5,-6.0
Tue Jul 16,10:00am,JPY,Tertiary Industry Activity m/m,Low,-0.4%,0.1%,2.2%
Tue Jul 16,2:30pm,EUR,Italian Trade Balance,Low,6.43B,3.55B,4.83B
Tue Jul 16,,EUR,Trade Balance,Low,12.3B,18.0B,18.5B
Tue Jul 16,,EUR,ZEW Economic Sentiment,Low,43.7,48.1,51.3
Tue Jul 16,,EUR,German ZEW Economic Sentiment,Low,41.8,41.2,47.5
Tue Jul 16,,USD,Core Retail Sales m/m,High,0.4%,0.1%,0.1%
Tue Jul 16,,USD,Retail Sales m/m,High,0.0%,-0.3%,0.3%
Tue Jul 16,,USD,Import Prices m/m,Low,0.0%,0.2%,-0.2%
Tue Jul 16,7:30pm,USD,Business Inventories m/m,Low,0.5%,0.4%,0.3%
Tue Jul 16,,USD,NAHB Housing Market Index,Low,42,43,43
Wed Jul 17,11:30am,GBP,CPI y/y,High,2.0%,1.9%,2.0%
Wed Jul 17,,GBP,Core CPI y/y,Low,3.5%,3.4%,3.5%
Wed Jul 17,,GBP,PPI Input m/m,Low,-0.8%,0.1%,-0.6%
Wed Jul 17,,GBP,PPI Output m/m,Low,-0.3%,0.1%,0.0%
Wed Jul 17,,GBP,RPI y/y,Low,2.9%,2.9%,3.0%
Wed Jul 17,2:00pm,GBP,HPI y/y,Low,2.2%,1.5%,1.3%
Wed Jul 17,2:30pm,EUR,Final Core CPI y/y,Low,2.9%,2.9%,2.9%
Wed Jul 17,,EUR,Final CPI y/y,Low,2.5%,2.5%,2.5%
Wed Jul 17,3:06pm,EUR,German 30-y Bond Auction,Low,2.59|2.6,,2.54|1.6
Wed Jul 17,,USD,Building Permits,Medium,1.45M,1.40M,1.40M
Wed Jul 17,,USD,Housing Starts,Low,1.35M,1.30M,1.31M
Wed Jul 17,6:45pm,USD,Industrial Production m/m,Medium,0.6%,0.3%,0.9%
Wed Jul 17,,USD,Capacity Utilization Rate,Low,78.8%,78.5%,78.3%
Wed Jul 17,8:00pm,USD,Crude Oil Inventories,Low,-4.9M,-0.9M,-3.4M
Thu Jul 18,5:20am,JPY,Trade Balance,Low,-0.82T,-0.82T,-0.64T
Thu Jul 18,,GBP,Claimant Count Change,High,32.3K,23.4K,51.9K
Thu Jul 18,,GBP,Average Earnings Index 3m/y,Medium,5.7%,5.7%,5.9%
Thu Jul 18,,GBP,Unemployment Rate,Low,4.4%,4.4%,4.4%
Thu Jul 18,2:12pm,EUR,Spanish 10-y Bond Auction,Low,3.19|1.4,,3.42|2.2
Thu Jul 18,5:45pm,EUR,Main Refinancing Rate,High,4.25%,4.25%,4.25%
Thu Jul 18,6:00pm,USD,Unemployment Claims,High,243K,229K,223K
Thu Jul 18,,USD,Philly Fed Manufacturing Index,Medium,13.9,2.7,1.3
Thu Jul 18,7:30pm,USD,CB Leading Index m/m,Low,-0.2%,-0.3%,-0.4%
Thu Jul 18,8:00pm,USD,Natural Gas Storage,Low,10B,27B,65B
Fri Jul 19,1:30am,USD,TIC Long-Term Purchases,Low,-54.6B,98.4B,123.3B
Fri Jul 19,4:31am,GBP,GfK Consumer Confidence,Low,-13,-12,-14
Fri Jul 19,5:00am,JPY,National Core CPI y/y,Low,2.6%,2.7%,2.5%
Fri Jul 19,11:30am,EUR,German PPI m/m,Low,0.2%,0.1%,0.0%
Fri Jul 19,,GBP,Retail Sales m/m,High,-1.2%,-0.6%,2.9%
Fri Jul 19,,GBP,Public Sector Net Borrowing,Low,13.6B,10.8B,15.6B
Fri Jul 19,1:35pm,EUR,Current Account,Low,36.7B,34.6B,36.7B
Tue Jul 23,10:30am,JPY,BOJ Core CPI y/y,Low,2.1%,2.1%,2.1%
Tue Jul 23,7:29pm,USD,Richmond Manufacturing Index,Medium,-17,-7,-10
Tue Jul 23,7:30pm,EUR,Consumer Confidence,Low,-13,-13,-14
Tue Jul 23,,USD,Existing Home Sales,Medium,3.89M,3.99M,4.11M
Wed Jul 24,6:00am,JPY,Flash Manufacturing PMI,Low,49.2,50.5,50.0
Wed Jul 24,11:30am,EUR,German GfK Consumer Climate,Low,-18.4,-21.1,-21.6
Wed Jul 24,12:45pm,EUR,French Flash Manufacturing PMI,High,44.1,45.8,45.4
Wed Jul 24,,EUR,French Flash Services PMI,High,50.7,49.7,49.6
Wed Jul 24,1:00pm,EUR,German Flash Manufacturing PMI,High,42.6,44.1,43.5
Wed Jul 24,,EUR,German Flash Services PMI,High,52.0,53.2,53.1
Wed Jul 24,1:30pm,EUR,Flash Manufacturing PMI,Medium,45.6,46.0,45.8
Wed Jul 24,,EUR,Flash Services PMI,Medium,51.9,52.9,52.8
Wed Jul 24,2:00pm,GBP,Flash Manufacturing PMI,High,51.8,51.1,50.9
Wed Jul 24,,GBP,Flash Services PMI,High,52.4,52.5,52.1
Wed Jul 24,2:32pm,GBP,30-y Bond Auction,Low,4.64|3.3,,4.55|3.3
Wed Jul 24,3:02pm,EUR,German 10-y Bond Auction,Low,2.43|1.8,,2.63|1.9
Wed Jul 24,,USD,Goods Trade Balance,Low,-96.8B,-98.8B,-99.4B
Wed Jul 24,,USD,Prelim Wholesale Inventories m/m,Low,0.2%,0.5%,0.6%
Wed Jul 24,,USD,Flash Manufacturing PMI,High,49.5,51.7,51.6
Wed Jul 24,,USD,Flash Services PMI,High,56.0,54.7,55.3
Wed Jul 24,7:30pm,USD,New Home Sales,Medium,617K,639K,621K
Wed Jul 24,,USD,Crude Oil Inventories,Low,-3.7M,-2.6M,-4.9M
Thu Jul 25,5:20am,JPY,SPPI y/y,Low,3.0%,2.6%,2.7%
Thu Jul 25,1:30pm,EUR,German ifo Business Climate,Medium,87.0,88.9,88.6
Thu Jul 25,,EUR,M3 Money Supply y/y,Low,2.2%,1.9%,1.5%
Thu Jul 25,,EUR,Private Loans y/y,Low,0.3%,0.5%,0.3%
Thu Jul 25,3:30pm,GBP,CBI Industrial Order Expectations,Low,-32,-19,-18
Thu Jul 25,6:00pm,USD,Advance GDP q/q,High,2.8%,2.0%,1.4%
Thu Jul 25,,USD,Unemployment Claims,High,235K,237K,245K
Thu Jul 25,,USD,Advance GDP Price Index q/q,Medium,2.3%,2.6%,3.1%
Thu Jul 25,,USD,Core Durable Goods Orders m/m,Medium,0.5%,0.2%,-0.1%
Thu Jul 25,,USD,Durable Goods Orders m/m,Medium,-6.6%,0.3%,0.1%
Thu Jul 25,,EUR,Belgian NBB Business Climate,Low,-12.3,-11.0,-11.1
Thu Jul 25,8:00pm,USD,Natural Gas Storage,Low,22B,13B,10B
Fri Jul 26,5:00am,JPY,Tokyo Core CPI y/y,Medium,2.2%,2.2%,2.1%
Fri Jul 26,12:30pm,EUR,Spanish Unemployment Rate,Low,11.3%,11.4%,12.3%
Fri Jul 26,6:00pm,USD,Core PCE Price Index m/m,High,0.2%,0.2%,0.1%
Fri Jul 26,,USD,Personal Income m/m,Low,0.2%,0.4%,0.4%
Fri Jul 26,,USD,Personal Spending m/m,Low,0.3%,0.3%,0.4%
Fri Jul 26,7:30pm,USD,Revised UoM Consumer Sentiment,Medium,66.4,66.3,66.0
Fri Jul 26,,USD,Revised UoM Inflation Expectations,Low,2.9%,,2.9%
Mon Jul 29,2:00pm,GBP,M4 Money Supply m/m,Low,0.5%,0.2%,-0.1%
Mon Jul 29,,GBP,Mortgage Approvals,Low,60K,60K,60K
Mon Jul 29,,GBP,Net Lending to Individuals m/m,Low,3.8B,2.2B,2.8B
Mon Jul 29,3:30pm,GBP,CBI Realized Sales,Low,-43,-20,-24
Tue Jul 30,4:31am,GBP,BRC Shop Price Index y/y,Low,0.2%,,0.2%
Tue Jul 30,5:00am,JPY,Unemployment Rate,Low,2.5%,2.6%,2.6%
Tue Jul 30,11:00am,EUR,French Consumer Spending m/m,Low,-0.5%,-0.2%,0.8%
Tue Jul 30,,EUR,French Flash GDP q/q,Low,0.3%,0.2%,0.3%
Tue Jul 30,All Day,EUR,German Prelim CPI m/m,High,0.3%,0.3%,0.1%
Tue Jul 30,,EUR,Spanish Flash CPI y/y,Medium,2.8%,3.0%,3.4%
Tue Jul 30,,EUR,Spanish Flash GDP q/q,Low,0.8%,0.5%,0.8%
Tue Jul 30,1:30pm,EUR,Italian Prelim GDP q/q,Low,0.2%,0.2%,0.3%
Tue Jul 30,,EUR,German Prelim GDP q/q,Low,-0.1%,0.1%,0.2%
Tue Jul 30,2:30pm,EUR,Prelim Flash GDP q/q,Low,0.3%,0.2%,0.3%
Tue Jul 30,2:33pm,GBP,10-y Bond Auction,Low,4.08|2.9,,4.07|3.5
Tue Jul 30,2:48pm,EUR,Italian 10-y Bond Auction,Low,3.76|1.4,,4.01|1.4
Tue Jul 30,6:30pm,USD,S&P/CS Composite-20 HPI y/y,Medium,6.8%,6.5%,7.3%
Tue Jul 30,,USD,HPI m/m,Low,0.0%,0.2%,0.3%
Tue Jul 30,7:30pm,USD,CB Consumer Confidence,High,100.3,99.7,97.8
Tue Jul 30,,USD,JOLTS Job Openings,High,8.18M,8.02M,8.23M
Wed Jul 31,5:20am,JPY,Prelim Industrial Production m/m,Low,-3.6%,-4.2%,3.6%
Wed Jul 31,,JPY,Retail Sales y/y,Low,3.7%,3.3%,2.8%
Wed Jul 31,,JPY,BOJ Policy Rate,High,<0.25%,<0.10%,<0.10%
Wed Jul 31,10:29am,JPY,Consumer Confidence,Low,36.7,36.5,36.4
Wed Jul 31,10:30am,JPY,Housing Starts y/y,Low,-6.7%,-2.3%,-5.3%
Wed Jul 31,11:30am,EUR,German Import Prices m/m,Low,0.4%,0.1%,0.0%
Wed Jul 31,12:15pm,EUR,French Prelim CPI m/m,Low,0.1%,0.3%,0.1%
Wed Jul 31,1:25pm,EUR,German Unemployment Change,Low,18K,16K,20K
Wed Jul 31,2:11pm,EUR,Italian Prelim CPI m/m,Low,0.5%,0.3%,0.1%
Wed Jul 31,2:30pm,EUR,Core CPI Flash Estimate y/y,High,2.9%,2.8%,2.9%
Wed Jul 31,,EUR,CPI Flash Estimate y/y,High,2.6%,2.5%,2.5%
Wed Jul 31,5:45pm,USD,ADP Non-Farm Employment Change,High,122K,147K,155K
Wed Jul 31,,USD,Employment Cost Index q/q,High,0.9%,1.0%,1.2%
Wed Jul 31,7:15pm,USD,Chicago PMI,Medium,45.3,44.8,47.4
Wed Jul 31,7:30pm,USD,Pending Home Sales m/m,High,4.8%,1.4%,-1.9%
Wed Jul 31,8:00pm,USD,Crude Oil Inventories,Low,-3.4M,-1.6M,-3.7M
Wed Jul 31,11:30pm,USD,Federal Funds Rate,High,5.50%,5.50%,5.50%
Thu Aug 1,6:00am,JPY,Final Manufacturing PMI,Low,49.1,49.2,49.2
Thu Aug 1,11:30am,GBP,Nationwide HPI m/m,Low,0.3%,0.1%,0.2%
Thu Aug 1,12:45pm,EUR,Spanish Manufacturing PMI,Low,51.0,52.5,52.3
Thu Aug 1,1:15pm,EUR,Italian Manufacturing PMI,Low,47.4,46.0,45.7
Thu Aug 1,1:20pm,EUR,French Final Manufacturing PMI,Low,44.0,44.1,44.1
Thu Aug 1,1:25pm,EUR,German Final Manufacturing PMI,Low,43.2,42.6,42.6
Thu Aug 1,,EUR,Final Manufacturing PMI,Low,45.8,45.6,45.6
Thu Aug 1,,EUR,Italian Monthly Unemployment Rate,Low,7.0%,6.8%,6.9%
Thu Aug 1,2:00pm,GBP,Final Manufacturing PMI,Low,52.1,51.8,51.8
Thu Aug 1,2:20pm,EUR,Spanish 10-y Bond Auction,Low,3.11|1.5,,3.19|1.4
Thu Aug 1,2:30pm,EUR,Unemployment Rate,Low,6.5%,6.4%,6.4%
Thu Aug 1,2:32pm,EUR,French 10-y Bond Auction,Low,3.01|2.2,,3.23|2.4
Thu Aug 1,,GBP,MPC Official Bank Rate Votes,High,0-5-4,0-6-3,0-2-7
Thu Aug 1,,GBP,Official Bank Rate,High,5.00%,5.00%,5.25%
Thu Aug 1,,USD,Challenger Job Cuts y/y,Low,9.2%,,19.8%
Thu Aug 1,6:00pm,USD,Unemployment Claims,High,249K,236K,235K
Thu Aug 1,,USD,Prelim Nonfarm Productivity q/q,Low,2.3%,1.7%,0.2%
Thu Aug 1,,USD,Prelim Unit Labor Costs q/q,Low,0.9%,1.8%,4.0%
Thu Aug 1,7:15pm,USD,Final Manufacturing PMI,Medium,49.6,49.5,49.5
Thu Aug 1,7:30pm,USD,ISM Manufacturing PMI,High,46.8,48.8,48.5
Thu Aug 1,,USD,ISM Manufacturing Prices,Medium,52.9,51.9,52.1
Thu Aug 1,,USD,Construction Spending m/m,Low,-0.3%,0.2%,-0.4%
Thu Aug 1,All Day,USD,Wards Total Vehicle Sales,Low,15.8M,16.1M,15.3M
Thu Aug 1,8:00pm,USD,Natural Gas Storage,Low,18B,30B,22B
Fri Aug 2,5:20am,JPY,Monetary Base y/y,Low,1.0%,0.9%,0.6%
Fri Aug 2,12:15pm,EUR,French Gov Budget Balance,Low,-103.5B,,-113.5B
Fri Aug 2,,EUR,French Industrial Production m/m,Low,0.8%,1.0%,-2.2%
Fri Aug 2,12:30pm,EUR,Spanish Unemployment Change,Low,-10.8K,-17.4K,-46.8K
Fri Aug 2,1:30pm,EUR,Italian Industrial Production m/m,Low,0.5%,0.0%,0.5%
Fri Aug 2,2:30pm,EUR,Italian Retail Sales m/m,Low,-0.2%,0.2%,0.4%
Fri Aug 2,6:00pm,USD,Average Hourly Earnings m/m,High,0.2%,0.3%,0.3%
Fri Aug 2,,USD,Non-Farm Employment Change,High,114K,176K,179K
Fri Aug 2,,USD,Unemployment Rate,High,4.3%,4.1%,4.1%
Fri Aug 2,7:30pm,USD,Factory Orders m/m,Low,-3.3%,-2.7%,-0.5%
Mon Aug 5,12:45pm,EUR,Spanish Services PMI,Low,53.9,53.5,56.8
Mon Aug 5,1:15pm,EUR,Italian Services PMI,Low,51.7,51.9,53.7
Mon Aug 5,1:20pm,EUR,French Final Services PMI,Low,50.1,50.7,50.7
Mon Aug 5,1:25pm,EUR,German Final Services PMI,Low,52.5,52.0,52.0
Mon Aug 5,1:30pm,EUR,Final Services PMI,Low,51.9,51.9,51.9
Mon Aug 5,2:00pm,EUR,Sentix Investor Confidence,Low,-13.9,-5.5,-7.3
Mon Aug 5,,GBP,Final Services PMI,Low,52.5,52.4,52.4
Mon Aug 5,2:30pm,EUR,PPI m/m,Low,0.5%,0.1%,-0.2%
Mon Aug 5,7:15pm,USD,Final Services PMI,Medium,55.0,56.0,56.0
Mon Aug 5,7:30pm,USD,ISM Services PMI,High,51.4,51.1,48.8
Tue Aug 6,4:31am,GBP,BRC Retail Sales Monitor y/y,Low,0.3%,0.3%,-0.5%
Tue Aug 6,5:00am,JPY,Average Cash Earnings y/y,Low,4.5%,2.5%,2.0%
Tue Aug 6,,JPY,Household Spending y/y,Low,-1.4%,-0.9%,-1.8%
Tue Aug 6,9:05am,JPY,10-y Bond Auction,Low,0.93|3.0,,1.09|3.2
Tue Aug 6,11:30am,EUR,German Factory Orders m/m,Low,3.9%,0.4%,-1.7%
Tue Aug 6,12:15pm,EUR,French Prelim Private Payrolls q/q,Low,0.0%,0.2%,0.3%
Tue Aug 6,2:00pm,GBP,Construction PMI,Medium,55.3,52.5,52.2
Tue Aug 6,2:30pm,EUR,Retail Sales m/m,Low,-0.3%,0.0%,0.1%
Tue Aug 6,,USD,Trade Balance,Low,-73.1B,-72.5B,-75.0B
Tue Aug 6,7:35pm,USD,RCM/TIPP Economic Optimism,Low,44.5,45.0,44.2
Wed Aug 7,10:30am,JPY,Leading Indicators,Low,108.6%,109.0%,111.2%
Wed Aug 7,11:30am,EUR,German Industrial Production m/m,Low,1.4%,1.0%,-3.1%
Wed Aug 7,,EUR,German Trade Balance,Low,20.4B,21.7B,25.3B
Wed Aug 7,,GBP,Halifax HPI m/m,Low,0.8%,0.2%,0.0%
Wed Aug 7,12:15pm,EUR,French Trade Balance,Low,-6.1B,-7.5B,-7.7B
Wed Aug 7,8:00pm,USD,Crude Oil Inventories,Low,-3.7M,-1.6M,-3.4M
Wed Aug 7,10:31pm,USD,10-y Bond Auction,Medium,3.96|2.3,,4.28|2.6
Thu Aug 8,12:30am,USD,Consumer Credit m/m,Low,8.9B,9.8B,13.9B
Thu Aug 8,4:31am,GBP,RICS House Price Balance,Low,-19%,-12%,-17%
Thu Aug 8,5:20am,JPY,Bank Lending y/y,Low,3.2%,3.2%,3.2%
Thu Aug 8,,JPY,Current Account,Low,1.78T,2.34T,2.41T
Thu Aug 8,9:05am,JPY,30-y Bond Auction,Low,2.23|3.5,,2.19|3.0
Thu Aug 8,10:30am,JPY,Economy Watchers Sentiment,Low,47.5,47.4,47.0
Thu Aug 8,6:00pm,USD,Unemployment Claims,High,233K,241K,250K
Thu Aug 8,7:30pm,USD,Final Wholesale Inventories m/m,Low,0.2%,0.2%,0.2%
Thu Aug 8,8:00pm,USD,Natural Gas Storage,Low,21B,22B,18B
Thu Aug 8,10:31pm,USD,30-y Bond Auction,Medium,4.31|2.3,,4.41|2.3
Fri Aug 9,5:20am,JPY,M2 Money Stock y/y,Low,1.4%,1.6%,1.5%
Fri Aug 9,11:30am,EUR,German Final CPI m/m,Low,0.3%,0.3%,0.3%
Fri Aug 9,2:30pm,EUR,Italian Trade Balance,Low,5.07B,5.55B,6.38B
Mon Aug 12,11:30am,EUR,German WPI m/m,Low,0.3%,0.2%,-0.3%
Mon Aug 12,7:26pm,USD,Cleveland Fed Inflation Expectations,Low,3.4%,,3.8%
Mon Aug 12,11:30pm,USD,Federal Budget Balance,Low,-243.7B,-238.1B,-66.0B
Tue Aug 13,5:20am,JPY,PPI y/y,Low,3.0%,3.0%,2.9%
Tue Aug 13,11:28am,JPY,Prelim Machine Tool Orders y/y,Low,8.4%,,9.7%
Tue Aug 13,11:30am,GBP,Claimant Count Change,High,135.0K,14.5K,36.2K
Tue Aug 13,,GBP,Average Earnings Index 3m/y,Medium,4.5%,4.6%,5.7%
Tue Aug 13,,GBP,Unemployment Rate,Low,4.2%,4.5%,4.4%
Tue Aug 13,2:30pm,EUR,German ZEW Economic Sentiment,Low,19.2,32.6,41.8
Tue Aug 13,,EUR,ZEW Economic Sentiment,Low,17.9,35.4,43.7
Tue Aug 13,3:25pm,USD,NFIB Small Business Index,Low,93.7,91.5,91.5
Tue Aug 13,6:00pm,USD,Core PPI m/m,High,0.0%,0.2%,0.3%
Tue Aug 13,,USD,PPI m/m,High,0.1%,0.2%,0.2%
Wed Aug 14,11:30am,GBP,CPI y/y,High,2.2%,2.3%,2.0%
Wed Aug 14,,GBP,Core CPI y/y,Low,3.3%,3.4%,3.5%
Wed Aug 14,,GBP,PPI Input m/m,Low,-0.1%,-0.3%,-0.4%
Wed Aug 14,,GBP,PPI Output m/m,Low,0.0%,0.1%,-0.7%
Wed Aug 14,,GBP,RPI y/y,Low,3.6%,3.4%,2.9%
Wed Aug 14,12:15pm,EUR,French Final CPI m/m,Low,0.2%,0.1%,0.1%
Wed Aug 14,2:00pm,GBP,HPI y/y,Low,2.7%,2.6%,2.7%
Wed Aug 14,2:30pm,EUR,Flash Employment Change q/q,Low,0.2%,0.2%,0.3%
Wed Aug 14,,EUR,Flash GDP q/q,Low,0.3%,0.3%,0.3%
Wed Aug 14,,EUR,Industrial Production m/m,Low,-0.1%,0.4%,-0.9%
Wed Aug 14,3:04pm,EUR,German 30-y Bond Auction,Low,2.45|2.8,,2.59|2.6
Wed Aug 14,6:00pm,USD,Core CPI m/m,High,0.2%,0.2%,0.1%
Wed Aug 14,,USD,CPI m/m,High,0.2%,0.2%,-0.1%
Wed Aug 14,,USD,CPI y/y,High,2.9%,3.0%,3.0%
Wed Aug 14,8:00pm,USD,Crude Oil Inventories,Low,1.4M,-1.9M,-3.7M
Thu Aug 15,5:20am,JPY,Prelim GDP Price Index y/y,Low,3.0%,2.6%,3.4%
Thu Aug 15,,JPY,Prelim GDP q/q,Low,0.8%,0.6%,-0.5%
Thu Aug 15,10:00am,JPY,Revised Industrial Production m/m,Low,-4.2%,-3.6%,-3.6%
Thu Aug 15,11:30am,GBP,GDP m/m,High,0.0%,0.0%,0.4%
Thu Aug 15,,GBP,Prelim GDP q/q,Medium,0.6%,0.6%,0.7%
Thu Aug 15,,GBP,Construction Output m/m,Low,0.5%,-0.3%,1.7%
Thu Aug 15,,GBP,Goods Trade Balance,Low,-18.9B,-16.0B,-18.6B
Thu Aug 15,,GBP,Index of Services 3m/3m,Low,0.8%,0.9%,1.1%
Thu Aug 15,,GBP,Industrial Production m/m,Low,0.8%,0.1%,0.3%
Thu Aug 15,,GBP,Manufacturing Production m/m,Low,1.1%,0.2%,0.3%
Thu Aug 15,,GBP,Prelim Business Investment q/q,Low,-0.1%,0.4%,0.5%
Thu Aug 15,4:32pm,GBP,NIESR GDP Estimate,Low,0.5%,,0.6%
Thu Aug 15,,USD,Core Retail Sales m/m,High,0.4%,0.1%,0.5%
Thu Aug 15,,USD,Retail Sales m/m,High,1.0%,0.4%,-0.2%
Thu Aug 15,,USD,Unemployment Claims,High,227K,236K,234K
Thu Aug 15,,USD,Empire State Manufacturing Index,Medium,-4.7,-5.9,-6.6
Thu Aug 15,,USD,Philly Fed Manufacturing Index,Medium,-7.0,5.4,13.9
Thu Aug 15,,USD,Import Prices m/m,Low,0.1%,-0.1%,0.0%
Thu Aug 15,6:45pm,USD,Capacity Utilization Rate,Low,77.8%,78.5%,78.4%
Thu Aug 15,,USD,Industrial Production m/m,Low,-0.6%,-0.3%,0.3%
Thu Aug 15,7:30pm,USD,Business Inventories m/m,Low,0.3%,0.3%,0.5%
Thu Aug 15,,USD,NAHB Housing Market Index,Low,39,43,41
Thu Aug 15,7:53pm,USD,Mortgage Delinquencies,Low,3.97%,,3.94%
Thu Aug 15,,USD,Natural Gas Storage,Low,-6B,3B,21B
Fri Aug 16,1:30am,USD,TIC Long-Term Purchases,Low,96.1B,56.3B,-54.1B
Fri Aug 16,10:00am,JPY,Tertiary Industry Activity m/m,Low,-1.3%,0.3%,0.6%
Fri Aug 16,11:30am,GBP,Retail Sales m/m,High,0.5%,0.6%,-0.9%
Fri Aug 16,2:30pm,EUR,Trade Balance,Low,17.5B,13.3B,12.4B
Fri Aug 16,,USD,Building Permits,Medium,1.40M,1.43M,1.45M
Fri Aug 16,,USD,Housing Starts,Low,1.24M,1.34M,1.33M
Fri Aug 16,7:00pm,GBP,CB Leading Index m/m,Low,-0.1%,,-0.1%
Fri Aug 16,7:30pm,USD,Prelim UoM Consumer Sentiment,Medium,67.8,66.7,66.4
Fri Aug 16,,USD,Prelim UoM Inflation Expectations,Medium,2.9%,,2.9%
Mon Aug 19,4:31am,GBP,Rightmove HPI m/m,Low,-1.5%,,-0.4%
Mon Aug 19,5:20am,JPY,Core Machinery Orders m/m,Low,2.1%,0.9%,-3.2%
Mon Aug 19,7:30pm,USD,CB Leading Index m/m,Low,-0.6%,-0.4%,-0.2%
Tue Aug 20,,EUR,German PPI m/m,Low,0.2%,0.2%,0.2%
Tue Aug 20,1:30pm,EUR,Current Account,Low,50.5B,37.0B,37.6B
Tue Aug 20,2:30pm,EUR,Final Core CPI y/y,Low,2.9%,2.9%,2.9%
Tue Aug 20,,EUR,Final CPI y/y,Low,2.6%,2.6%,2.6%
Wed Aug 21,5:20am,JPY,Trade Balance,Low,-0.76T,-0.72T,-0.82T
Wed Aug 21,11:30am,GBP,Public Sector Net Borrowing,Low,2.2B,0.5B,12.6B
Wed Aug 21,3:08pm,EUR,German 10-y Bond Auction,Low,2.22|2.0,,2.43|1.8
Wed Aug 21,7:30pm,USD,Prelim Benchmark Payrolls Revision,High,-818K,,-306K
Wed Aug 21,8:00pm,USD,Crude Oil Inventories,Medium,-4.6M,-2.0M,1.4M
Thu Aug 22,6:00am,JPY,Flash Manufacturing PMI,Low,49.5,49.8,49.1
Thu Aug 22,12:45pm,EUR,French Flash Manufacturing PMI,High,42.1,44.4,44.0
Thu Aug 22,,EUR,French Flash Services PMI,High,55.0,50.2,50.1
Thu Aug 22,1:00pm,EUR,German Flash Manufacturing PMI,High,42.1,43.4,43.2
Thu Aug 22,,EUR,German Flash Services PMI,High,51.4,52.3,52.5
Thu Aug 22,1:30pm,EUR,Flash Manufacturing PMI,Medium,45.6,45.7,45.8
Thu Aug 22,,EUR,Flash Services PMI,Medium,53.3,51.7,51.9
Thu Aug 22,2:00pm,GBP,Flash Manufacturing PMI,High,52.5,52.1,52.1
Thu Aug 22,,GBP,Flash Services PMI,High,53.3,52.8,52.5
Thu Aug 22,3:30pm,GBP,CBI Industrial Order Expectations,Low,-22,-26,-32
Thu Aug 22,6:00pm,USD,Unemployment Claims,High,232K,232K,228K
Thu Aug 22,7:15pm,USD,Flash Manufacturing PMI,High,48.0,49.5,49.6
Thu Aug 22,,USD,Flash Services PMI,High,55.2,54.0,55.0
Thu Aug 22,7:30pm,EUR,Consumer Confidence,Low,-13,-13,-13
Thu Aug 22,,USD,Existing Home Sales,Medium,3.95M,3.94M,3.90M
Thu Aug 22,8:00pm,USD,Natural Gas Storage,Low,35B,26B,-6B
Fri Aug 23,4:31am,GBP,GfK Consumer Confidence,Low,-13,-12,-13
Fri Aug 23,5:00am,JPY,National Core CPI y/y,Low,2.7%,2.7%,2.6%
Fri Aug 23,,USD,New Home Sales,Medium,739K,624K,668K
Mon Aug 26,1:30pm,EUR,German ifo Business Climate,Medium,86.6,86.0,87.0
Mon Aug 26,6:00pm,USD,Core Durable Goods Orders m/m,Medium,-0.2%,0.0%,0.4%
Mon Aug 26,,USD,Durable Goods Orders m/m,Medium,9.9%,4.0%,-6.7%
Mon Aug 26,,EUR,Belgian NBB Business Climate,Low,-12.6,-12.6,-12.3
Tue Aug 27,4:31am,GBP,BRC Shop Price Index y/y,Low,-0.3%,,0.2%
Tue Aug 27,5:20am,JPY,SPPI y/y,Low,2.8%,2.9%,3.1%
Tue Aug 27,10:30am,JPY,BOJ Core CPI y/y,Low,1.8%,2.1%,2.1%
Tue Aug 27,11:30am,EUR,German GfK Consumer Climate,Low,-22.0,-18.3,-18.6
Tue Aug 27,11:33am,EUR,German Final GDP q/q,Low,-0.1%,-0.1%,-0.1%
Tue Aug 27,3:30pm,GBP,CBI Realized Sales,Low,-27,-11,-43
Tue Aug 27,6:30pm,USD,S&P/CS Composite-20 HPI y/y,Medium,6.5%,6.2%,6.9%
Tue Aug 27,,USD,HPI m/m,Low,-0.1%,0.1%,0.0%
Tue Aug 27,7:29pm,USD,Richmond Manufacturing Index,Medium,-19,-14,-17
Tue Aug 27,,USD,CB Consumer Confidence,High,103.3,100.9,101.9
Wed Aug 28,,EUR,M3 Money Supply y/y,Low,2.3%,2.7%,2.3%
Wed Aug 28,,EUR,Private Loans y/y,Low,0.5%,0.5%,0.3%
Wed Aug 28,8:00pm,USD,Crude Oil Inventories,Medium,-0.8M,-2.7M,-4.6M
Thu Aug 29,10:30am,JPY,Consumer Confidence,Low,36.7,36.9,36.7
Thu Aug 29,All Day,EUR,German Prelim CPI m/m,High,-0.1%,0.0%,0.3%
Thu Aug 29,12:30pm,EUR,Spanish Flash CPI y/y,Medium,2.2%,2.4%,2.8%
Thu Aug 29,2:44pm,EUR,Italian 10-y Bond Auction,Low,3.68|1.6,,3.76|1.4
Thu Aug 29,,USD,Prelim GDP q/q,High,3.0%,2.8%,2.8%
Thu Aug 29,,USD,Unemployment Claims,High,231K,232K,233K
Thu Aug 29,,USD,Prelim GDP Price Index q/q,Medium,2.5%,2.3%,2.3%
Thu Aug 29,,USD,Goods Trade Balance,Low,-102.7B,-97.7B,-96.6B
Thu Aug 29,,USD,Prelim Wholesale Inventories m/m,Low,0.3%,0.3%,0.2%
Thu Aug 29,7:30pm,USD,Pending Home Sales m/m,Medium,-5.5%,0.2%,4.8%
Thu Aug 29,8:00pm,USD,Natural Gas Storage,Low,35B,33B,35B
Fri Aug 30,5:00am,JPY,Tokyo Core CPI y/y,Medium,2.4%,2.2%,2.2%
Fri Aug 30,,JPY,Unemployment Rate,Low,2.7%,2.5%,2.5%
Fri Aug 30,5:20am,JPY,Prelim Industrial Production m/m,Low,2.8%,3.6%,-4.2%
Fri Aug 30,,JPY,Retail Sales y/y,Low,2.6%,2.8%,3.8%
Fri Aug 30,10:30am,JPY,Housing Starts y/y,Low,-0.2%,-1.1%,-6.7%
Fri Aug 30,11:00am,EUR,French Final Private Payrolls q/q,Low,-0.1%,0.0%,0.0%
Fri Aug 30,11:30am,EUR,German Import Prices m/m,Low,-0.4%,0.1%,0.4%
Fri Aug 30,,GBP,Nationwide HPI m/m,Low,-0.2%,0.2%,0.3%
Fri Aug 30,12:15pm,EUR,French Consumer Spending m/m,Low,0.3%,0.4%,-0.6%
Fri Aug 30,,EUR,French Prelim CPI m/m,Low,0.6%,0.5%,0.2%
Fri Aug 30,,EUR,French Prelim GDP q/q,Low,0.2%,0.3%,0.3%
Fri Aug 30,1:25pm,EUR,German Unemployment Change,Low,2K,17K,17K
Fri Aug 30,1:30pm,EUR,Italian Monthly Unemployment Rate,Low,6.5%,7.0%,6.9%
Fri Aug 30,2:00pm,GBP,M4 Money Supply m/m,Low,0.3%,0.5%,0.5%
Fri Aug 30,,GBP,Mortgage Approvals,Low,62K,61K,60K
Fri Aug 30,,GBP,Net Lending to Individuals m/m,Low,4.0B,3.4B,3.5B
Fri Aug 30,2:30pm,EUR,CPI Flash Estimate y/y,High,2.2%,2.2%,2.6%
Fri Aug 30,,EUR,Core CPI Flash Estimate y/y,Medium,2.8%,2.8%,2.9%
Fri Aug 30,,EUR,Italian Prelim CPI m/m,Low,0.2%,0.3%,0.4%
Fri Aug 30,,EUR,Unemployment Rate,Low,6.4%,6.5%,6.5%
Fri Aug 30,,USD,Core PCE Price Index m/m,High,0.2%,0.2%,0.2%
Fri Aug 30,,USD,Personal Income m/m,Low,0.3%,0.2%,0.2%
Fri Aug 30,,USD,Personal Spending m/m,Low,0.5%,0.5%,0.3%
Fri Aug 30,7:15pm,USD,Chicago PMI,Medium,46.1,45.0,45.3
Fri Aug 30,7:30pm,USD,Revised UoM Consumer Sentiment,Medium,67.9,68.0,67.8
Fri Aug 30,,USD,Revised UoM Inflation Expectations,Low,2.8%,,2.9%
Mon Sep 2,5:20am,JPY,Capital Spending q/y,Low,7.4%,9.6%,6.8%
Mon Sep 2,6:00am,JPY,Final Manufacturing PMI,Low,49.8,49.5,49.5
Mon Sep 2,12:45pm,EUR,Spanish Manufacturing PMI,Low,50.5,51.4,51.0
Mon Sep 2,1:15pm,EUR,Italian Manufacturing PMI,Low,49.4,48.0,47.4
Mon Sep 2,1:20pm,EUR,French Final Manufacturing PMI,Low,43.9,42.1,42.1
Mon Sep 2,1:25pm,EUR,German Final Manufacturing PMI,Low,42.4,42.1,42.1
Mon Sep 2,1:30pm,EUR,Final Manufacturing PMI,Low,45.8,45.6,45.6
Mon Sep 2,2:00pm,GBP,Final Manufacturing PMI,Low,52.5,52.5,52.5
Tue Sep 3,4:31am,GBP,BRC Retail Sales Monitor y/y,Low,0.8%,0.7%,0.3%
Tue Sep 3,5:20am,JPY,Monetary Base y/y,Low,0.6%,0.6%,1.0%
Tue Sep 3,9:05am,JPY,10-y Bond Auction,Low,0.92|3.2,,0.93|3.0
Tue Sep 3,12:15pm,EUR,French Gov Budget Balance,Low,-156.9B,,-103.5B
Tue Sep 3,,EUR,Spanish Unemployment Change,Low,21.9K,34.3K,-10.8K
Tue Sep 3,7:15pm,USD,Final Manufacturing PMI,Low,47.9,48.1,48.0
Tue Sep 3,7:30pm,USD,ISM Manufacturing PMI,High,47.2,47.5,46.8
Tue Sep 3,,USD,ISM Manufacturing Prices,Medium,54.0,52.1,52.9
Tue Sep 3,,USD,Construction Spending m/m,Low,-0.3%,0.1%,0.0%
Tue Sep 3,7:37pm,USD,RCM/TIPP Economic Optimism,Low,46.1,46.2,44.5
Wed Sep 4,12:45pm,EUR,Spanish Services PMI,Low,54.6,54.8,53.9
Wed Sep 4,1:15pm,EUR,Italian Services PMI,Low,51.4,52.5,51.7
Wed Sep 4,1:20pm,EUR,French Final Services PMI,Low,55.0,55.0,55.0
Wed Sep 4,1:25pm,EUR,German Final Services PMI,Low,51.2,51.4,51.4
Wed Sep 4,1:30pm,EUR,Final Services PMI,Low,52.9,53.3,53.3
Wed Sep 4,2:00pm,GBP,Final Services PMI,Low,53.7,53.3,53.3
Wed Sep 4,2:30pm,EUR,PPI m/m,Low,0.8%,0.3%,0.6%
Wed Sep 4,,USD,Trade Balance,Low,-78.8B,-78.8B,-73.0B
Wed Sep 4,7:30pm,USD,JOLTS Job Openings,High,7.67M,8.09M,7.91M
Wed Sep 4,,USD,Factory Orders m/m,Low,5.0%,4.7%,-3.3%
Wed Sep 4,All Day,USD,Wards Total Vehicle Sales,Low,15.1M,15.4M,15.8M
Thu Sep 5,5:00am,JPY,Average Cash Earnings y/y,Low,3.6%,3.0%,4.5%
Thu Sep 5,9:05am,JPY,30-y Bond Auction,Low,2.04|3.4,,2.23|3.5
Thu Sep 5,11:30am,EUR,German Factory Orders m/m,Low,2.9%,-1.6%,4.6%
Thu Sep 5,2:00pm,GBP,Construction PMI,Medium,53.6,54.6,55.3
Thu Sep 5,2:22pm,EUR,Spanish 10-y Bond Auction,Low,3.04|2.1,,3.11|1.5
Thu Sep 5,,EUR,Retail Sales m/m,Low,0.1%,0.1%,-0.4%
Thu Sep 5,2:32pm,EUR,French 10-y Bond Auction,Low,2.95|2.2,,3.01|2.2
Thu Sep 5,5:00pm,USD,Challenger Job Cuts y/y,Low,1.0%,,9.2%
Thu Sep 5,5:45pm,USD,ADP Non-Farm Employment Change,High,99K,144K,111K
Thu Sep 5,,USD,Unemployment Claims,High,227K,231K,232K
Thu Sep 5,,USD,Revised Nonfarm Productivity q/q,Low,2.5%,2.4%,2.3%
Thu Sep 5,,USD,Revised Unit Labor Costs q/q,Low,0.4%,0.8%,0.9%
Thu Sep 5,7:15pm,USD,Final Services PMI,Medium,55.7,55.0,55.2
Thu Sep 5,7:30pm,USD,ISM Services PMI,High,51.5,51.3,51.4
Thu Sep 5,8:00pm,USD,Natural Gas Storage,Low,13B,26B,35B
Thu Sep 5,8:30pm,USD,Crude Oil Inventories,Medium,-6.9M,-0.6M,-0.8M
Fri Sep 6,5:00am,JPY,Household Spending y/y,Low,0.1%,1.2%,-1.4%
Fri Sep 6,10:30am,JPY,Leading Indicators,Low,109.5%,109.4%,109.0%
Fri Sep 6,11:30am,EUR,German Industrial Production m/m,Low,-2.4%,-0.4%,1.7%
Fri Sep 6,,EUR,German Trade Balance,Low,16.8B,21.0B,20.4B
Fri Sep 6,,GBP,Halifax HPI m/m,Low,0.3%,0.2%,0.9%
Fri Sep 6,12:15pm,EUR,French Industrial Production m/m,Low,-0.5%,-0.3%,0.8%
Fri Sep 6,,EUR,French Trade Balance,Low,-5.9B,-6.5B,-6.0B
Fri Sep 6,1:30pm,EUR,Italian Retail Sales m/m,Low,0.5%,0.1%,-0.2%
Fri Sep 6,2:30pm,EUR,Final Employment Change q/q,Low,0.2%,0.2%,0.2%
Fri Sep 6,,EUR,Revised GDP q/q,Low,0.2%,0.3%,0.3%
Fri Sep 6,,USD,Average Hourly Earnings m/m,High,0.4%,0.3%,0.2%
Fri Sep 6,,USD,Non-Farm Employment Change,High,142K,164K,89K
Fri Sep 6,,USD,Unemployment Rate,High,4.2%,4.2%,4.3%
Mon Sep 9,5:20am,JPY,Bank Lending y/y,Low,3.0%,3.2%,3.2%
Mon Sep 9,,JPY,Current Account,Low,2.80T,2.08T,1.78T
Mon Sep 9,,JPY,Final GDP Price Index y/y,Low,3.2%,3.0%,3.0%
Mon Sep 9,,JPY,Final GDP q/q,Low,0.7%,0.8%,0.8%
Mon Sep 9,10:30am,JPY,Economy Watchers Sentiment,Low,49.0,47.6,47.5
Mon Sep 9,2:00pm,EUR,Sentix Investor Confidence,Low,-15.4,-12.4,-13.9
Mon Sep 9,7:30pm,USD,Final Wholesale Inventories m/m,Low,0.2%,0.3%,0.3%
Tue Sep 10,12:30am,USD,Consumer Credit m/m,Low,25.5B,12.3B,5.2B
Tue Sep 10,5:20am,JPY,M2 Money Stock y/y,Low,1.3%,1.5%,1.5%
Tue Sep 10,11:28am,JPY,Prelim Machine Tool Orders y/y,Low,-3.5%,,8.4%
Tue Sep 10,11:30am,EUR,German Final CPI m/m,Low,-0.1%,-0.1%,-0.1%
Tue Sep 10,,GBP,Claimant Count Change,High,23.7K,95.5K,102.3K
Tue Sep 10,,GBP,Average Earnings Index 3m/y,Medium,4.0%,4.1%,4.6%
Tue Sep 10,,GBP,Unemployment Rate,Low,4.1%,4.1%,4.2%
Tue Sep 10,1:30pm,EUR,Italian Industrial Production m/m,Low,-0.9%,-0.2%,0.5%
Tue Sep 10,3:29pm,USD,NFIB Small Business Index,Low,91.2,93.6,93.7
Wed Sep 11,11:30am,GBP,GDP m/m,High,0.0%,0.2%,0.0%
Wed Sep 11,,GBP,Construction Output m/m,Low,-0.4%,0.4%,0.5%
Wed Sep 11,,GBP,Goods Trade Balance,Low,-20.0B,-18.0B,-18.9B
Wed Sep 11,,GBP,Index of Services 3m/3m,Low,0.6%,0.6%,0.8%
Wed Sep 11,,GBP,Industrial Production m/m,Low,-0.8%,0.3%,0.8%
Wed Sep 11,,GBP,Manufacturing Production m/m,Low,-1.0%,0.2%,1.1%
Wed Sep 11,2:33pm,GBP,10-y Bond Auction,Low,3.76|2.8,,4.08|2.9
Wed Sep 11,3:03pm,EUR,German 10-y Bond Auction,Low,2.11|2.1,,2.22|2.0
Wed Sep 11,4:48pm,GBP,NIESR GDP Estimate,Low,0.3%,,0.5%
Wed Sep 11,6:00pm,USD,Core CPI m/m,High,0.3%,0.2%,0.2%
Wed Sep 11,,USD,CPI m/m,High,0.2%,0.2%,0.2%
Wed Sep 11,,USD,CPI y/y,High,2.5%,2.5%,2.9%
Wed Sep 11,7:00pm,GBP,CB Leading Index m/m,Low,-0.3%,,-0.1%
Wed Sep 11,8:00pm,USD,Crude Oil Inventories,Medium,0.8M,0.9M,-6.9M
Wed Sep 11,10:31pm,USD,10-y Bond Auction,Low,3.65|2.6,,3.96|2.3
Thu Sep 12,4:31am,GBP,RICS House Price Balance,Low,1%,-14%,-18%
Thu Sep 12,5:20am,JPY,BSI Manufacturing Index,Low,4.5,-2.5,-1.0
Thu Sep 12,,JPY,PPI y/y,Low,2.5%,2.8%,3.0%
Thu Sep 12,11:30am,EUR,German WPI m/m,Low,-0.8%,0.1%,0.3%
Thu Sep 12,1:35pm,EUR,Italian Quarterly Unemployment Rate,Low,6.8%,7.1%,7.2%
Thu Sep 12,5:30pm,USD,Federal Budget Balance,Low,-380.1B,-285.7B,-243.7B
Thu Sep 12,5:45pm,EUR,Main Refinancing Rate,High,3.65%,3.65%,4.25%
Thu Sep 12,,USD,Core PPI m/m,High,0.3%,0.2%,-0.2%
Thu Sep 12,,USD,PPI m/m,High,0.2%,0.1%,0.0%
Thu Sep 12,,USD,Unemployment Claims,High,230K,227K,228K
Thu Sep 12,8:00pm,USD,Natural Gas Storage,Low,40B,49B,13B
Thu Sep 12,10:31pm,USD,30-y Bond Auction,Medium,4.02|2.4,,4.31|2.3
Fri Sep 13,10:00am,JPY,Revised Industrial Production m/m,Low,3.1%,2.8%,2.8%
Fri Sep 13,12:15pm,EUR,French Final CPI m/m,Low,0.5%,0.6%,0.6%
Fri Sep 13,2:00pm,GBP,Consumer Inflation Expectations,Low,2.7%,,2.8%
Fri Sep 13,2:30pm,EUR,Industrial Production m/m,Low,-0.3%,-0.6%,0.0%
Fri Sep 13,,USD,Import Prices m/m,Low,-0.3%,-0.2%,0.1%
Fri Sep 13,7:30pm,USD,Prelim UoM Consumer Sentiment,Medium,69.0,68.3,67.9
Fri Sep 13,,USD,Prelim UoM Inflation Expectations,Medium,2.7%,,2.8%
Mon Sep 16,4:31am,GBP,Rightmove HPI m/m,Low,0.8%,,-1.5%
Mon Sep 16,2:30pm,EUR,Italian Trade Balance,Low,6.74B,4.45B,5.15B
Mon Sep 16,,EUR,Trade Balance,Low,15.5B,14.9B,17.0B
Mon Sep 16,,USD,Empire State Manufacturing Index,Medium,11.5,-4.1,-4.7
Tue Sep 17,10:00am,JPY,Tertiary Industry Activity m/m,Low,1.4%,0.8%,-1.2%
Tue Sep 17,2:30pm,EUR,German ZEW Economic Sentiment,Medium,3.6,17.1,19.2
Tue Sep 17,,EUR,ZEW Economic Sentiment,Low,9.3,16.3,17.9
Tue Sep 17,2:32pm,GBP,30-y Bond Auction,Low,4.33|2.9,,4.64|3.3
Tue Sep 17,,USD,Core Retail Sales m/m,High,0.1%,0.2%,0.4%
Tue Sep 17,,USD,Retail Sales m/m,High,0.1%,-0.2%,1.1%
Tue Sep 17,6:45pm,USD,Capacity Utilization Rate,Low,78.0%,77.9%,77.4%
Tue Sep 17,,USD,Industrial Production m/m,Low,0.8%,0.2%,-0.9%
Tue Sep 17,7:30pm,USD,Business Inventories m/m,Low,0.4%,0.3%,0.3%
Tue Sep 17,,USD,NAHB Housing Market Index,Low,41,41,39
Wed Sep 18,5:20am,JPY,Core Machinery Orders m/m,Low,-0.1%,0.4%,2.1%
Wed Sep 18,,JPY,Trade Balance,Low,-0.60T,-0.96T,-0.68T
Wed Sep 18,11:30am,GBP,CPI y/y,High,2.2%,2.2%,2.2%
Wed Sep 18,,GBP,Core CPI y/y,Low,3.6%,3.6%,3.3%
Wed Sep 18,,GBP,PPI Input m/m,Low,-0.5%,-0.3%,-0.3%
Wed Sep 18,,GBP,PPI Output m/m,Low,-0.3%,0.0%,0.0%
Wed Sep 18,,GBP,RPI y/y,Low,3.5%,3.4%,3.6%
Wed Sep 18,2:00pm,GBP,HPI y/y,Low,2.2%,2.8%,2.7%
Wed Sep 18,2:30pm,EUR,Final Core CPI y/y,Low,2.8%,2.8%,2.8%
Wed Sep 18,,EUR,Final CPI y/y,Low,2.2%,2.2%,2.2%
Wed Sep 18,3:06pm,EUR,German 30-y Bond Auction,Low,2.44|2.7,,2.45|2.8
Wed Sep 18,,USD,Building Permits,Medium,1.48M,1.41M,1.41M
Wed Sep 18,,USD,Housing Starts,Low,1.36M,1.31M,1.24M
Wed Sep 18,8:00pm,USD,Crude Oil Inventories,Medium,-1.6M,-0.2M,0.8M
Wed Sep 18,11:30pm,USD,Federal Funds Rate,High,5.00%,5.25%,5.50%
Thu Sep 19,1:30am,USD,TIC Long-Term Purchases,Low,135.4B,54.9B,80.5B
Thu Sep 19,1:30pm,EUR,Current Account,Low,39.6B,40.3B,50.5B
Thu Sep 19,,GBP,MPC Official Bank Rate Votes,High,0-1-8,0-2-7,0-5-4
Thu Sep 19,,GBP,Official Bank Rate,High,5.00%,5.00%,5.00%
Thu Sep 19,6:00pm,USD,Unemployment Claims,High,219K,230K,231K
Thu Sep 19,,USD,Philly Fed Manufacturing Index,Medium,1.7,-0.8,-7.0
Thu Sep 19,,USD,Current Account,Low,-267B,-259B,-241B
Thu Sep 19,7:30pm,USD,Existing Home Sales,Medium,3.86M,3.92M,3.96M
Thu Sep 19,,USD,CB Leading Index m/m,Low,-0.2%,-0.3%,-0.6%
Thu Sep 19,8:00pm,USD,Natural Gas Storage,Low,58B,53B,40B
Fri Sep 20,4:31am,GBP,GfK Consumer Confidence,Low,-20,-13,-13
Fri Sep 20,5:00am,JPY,National Core CPI y/y,Low,2.8%,2.8%,2.7%
Fri Sep 20,8:22am,JPY,BOJ Policy Rate,High,<0.25%,<0.25%,<0.25%
Fri Sep 20,11:30am,EUR,German PPI m/m,Low,0.2%,0.0%,0.2%
Fri Sep 20,,GBP,Retail Sales m/m,High,1.0%,0.3%,0.7%
Fri Sep 20,,GBP,Public Sector Net Borrowing,Low,13.7B,12.1B,3.1B
Fri Sep 20,7:30pm,EUR,Consumer Confidence,Low,-13,-13,-13
Mon Sep 23,12:45pm,EUR,French Flash Manufacturing PMI,High,44.0,44.3,43.9
Mon Sep 23,,EUR,French Flash Services PMI,High,48.3,53.0,55.0
Mon Sep 23,1:00pm,EUR,German Flash Manufacturing PMI,High,40.3,42.4,42.4
Mon Sep 23,,EUR,German Flash Services PMI,High,50.6,51.1,51.2
Mon Sep 23,1:30pm,EUR,Flash Manufacturing PMI,Medium,44.8,45.7,45.8
Mon Sep 23,,EUR,Flash Services PMI,Medium,50.5,52.3,52.9
Mon Sep 23,2:00pm,GBP,Flash Manufacturing PMI,High,51.5,52.3,52.5
Mon Sep 23,,GBP,Flash Services PMI,High,52.8,53.5,53.7
Mon Sep 23,3:30pm,GBP,CBI Industrial Order Expectations,Low,-35,-23,-22
Mon Sep 23,7:15pm,USD,Flash Manufacturing PMI,High,47.0,48.6,47.9
Mon Sep 23,,USD,Flash Services PMI,High,55.4,55.3,55.7
Tue Sep 24,6:00am,JPY,Flash Manufacturing PMI,Low,49.6,49.9,49.8
Tue Sep 24,1:30pm,EUR,German ifo Business Climate,Medium,85.4,86.1,86.6
Tue Sep 24,6:27pm,EUR,Belgian NBB Business Climate,Low,-13.3,-12.3,-12.6
Tue Sep 24,6:30pm,USD,S&P/CS Composite-20 HPI y/y,Medium,5.9%,5.9%,6.5%
Tue Sep 24,,USD,HPI m/m,Low,0.1%,0.2%,0.0%
Tue Sep 24,7:29pm,USD,Richmond Manufacturing Index,Medium,-21,-13,-19
Tue Sep 24,7:30pm,USD,CB Consumer Confidence,High,98.7,103.9,105.6
Wed Sep 25,5:20am,JPY,SPPI y/y,Low,2.7%,2.6%,2.7%
Wed Sep 25,10:29am,JPY,BOJ Core CPI y/y,Low,1.8%,1.8%,1.8%
Wed Sep 25,7:30pm,USD,New Home Sales,Medium,716K,699K,751K
Wed Sep 25,8:00pm,USD,Crude Oil Inventories,Medium,-4.5M,-1.3M,-1.6M
Thu Sep 26,11:30am,EUR,German GfK Consumer Climate,Low,-21.2,-22.4,-21.9
Thu Sep 26,,EUR,M3 Money Supply y/y,Low,2.9%,2.5%,2.3%
Thu Sep 26,,EUR,Private Loans y/y,Low,0.6%,0.6%,0.5%
Thu Sep 26,6:00pm,USD,Final GDP q/q,High,3.0%,3.0%,3.0%
Thu Sep 26,,USD,Unemployment Claims,High,218K,224K,222K
Thu Sep 26,,USD,Core Durable Goods Orders m/m,Medium,0.5%,0.1%,-0.2%
Thu Sep 26,,USD,Durable Goods Orders m/m,Medium,0.0%,-2.8%,9.8%
Thu Sep 26,,USD,Final GDP Price Index q/q,Medium,2.5%,2.5%,2.5%
Thu Sep 26,7:30pm,USD,Pending Home Sales m/m,Medium,0.6%,0.9%,-5.5%
Thu Sep 26,,USD,Natural Gas Storage,Low,47B,52B,58B
Fri Sep 27,5:00am,JPY,Tokyo Core CPI y/y,Medium,2.0%,2.0%,2.4%
Fri Sep 27,12:15pm,EUR,French Consumer Spending m/m,Low,0.2%,-0.1%,0.2%
Fri Sep 27,,EUR,French Prelim CPI m/m,Low,-1.2%,-0.7%,0.5%
Fri Sep 27,12:30pm,EUR,Spanish Flash CPI y/y,Medium,1.5%,1.9%,2.3%
Fri Sep 27,1:25pm,EUR,German Unemployment Change,Low,17K,13K,4K
Fri Sep 27,2:40pm,EUR,Italian 10-y Bond Auction,Low,3.43|1.6,,3.68|1.6
Fri Sep 27,3:30pm,GBP,CBI Realized Sales,Low,4,-17,-27
Fri Sep 27,,USD,Core PCE Price Index m/m,High,0.1%,0.2%,0.2%
Fri Sep 27,,USD,Goods Trade Balance,Low,-94.3B,-100.6B,-102.8B
Fri Sep 27,,USD,Personal Income m/m,Low,0.2%,0.4%,0.3%
Fri Sep 27,,USD,Personal Spending m/m,Low,0.2%,0.3%,0.5%
Fri Sep 27,,USD,Prelim Wholesale Inventories m/m,Low,0.2%,0.2%,0.2%
Fri Sep 27,7:30pm,USD,Revised UoM Consumer Sentiment,Medium,70.1,69.3,69.0
Fri Sep 27,,USD,Revised UoM Inflation Expectations,Low,2.7%,,2.7%
Mon Sep 30,5:20am,JPY,Prelim Industrial Production m/m,Low,-3.3%,-0.5%,3.1%
Mon Sep 30,,JPY,Retail Sales y/y,Low,2.8%,2.6%,2.7%
Mon Sep 30,10:30am,JPY,Housing Starts y/y,Low,-5.1%,-3.3%,-0.2%
Mon Sep 30,11:30am,EUR,German Import Prices m/m,Low,-0.4%,-0.4%,-0.4%
Mon Sep 30,,GBP,Current Account,Low,-28.4B,-32.5B,-13.8B
Mon Sep 30,,GBP,Final GDP q/q,Low,0.5%,0.6%,0.6%
Mon Sep 30,,GBP,Nationwide HPI m/m,Low,0.7%,0.3%,-0.2%
Mon Sep 30,,GBP,Revised Business Investment q/q,Low,1.4%,-0.1%,-0.1%
Mon Sep 30,All Day,EUR,German Prelim CPI m/m,High,0.0%,0.1%,-0.1%
Mon Sep 30,2:00pm,GBP,M4 Money Supply m/m,Low,-0.1%,0.2%,0.3%
Mon Sep 30,,GBP,Mortgage Approvals,Low,65K,64K,62K
Mon Sep 30,,GBP,Net Lending to Individuals m/m,Low,4.2B,4.1B,4.0B
Mon Sep 30,2:30pm,EUR,Italian Prelim CPI m/m,Low,-0.2%,-0.2%,0.2%
Mon Sep 30,7:15pm,USD,Chicago PMI,Medium,46.6,46.1,46.1
Tue Oct 1,4:31am,GBP,BRC Shop Price Index y/y,Low,-0.6%,,-0.3%
Tue Oct 1,5:00am,JPY,Unemployment Rate,Low,2.5%,2.6%,2.7%
Tue Oct 1,,JPY,Tankan Manufacturing Index,Low,13,12,13
Tue Oct 1,,JPY,Tankan Non-Manufacturing Index,Low,34,32,33
Tue Oct 1,6:00am,JPY,Final Manufacturing PMI,Low,49.7,49.6,49.6
Tue Oct 1,12:45pm,EUR,Spanish Manufacturing PMI,Low,53.0,50.2,50.5
Tue Oct 1,1:15pm,EUR,Italian Manufacturing PMI,Low,48.3,49.0,49.4
Tue Oct 1,1:20pm,EUR,French Final Manufacturing PMI,Low,44.6,44.0,44.0
Tue Oct 1,1:25pm,EUR,German Final Manufacturing PMI,Low,40.6,40.3,40.3
Tue Oct 1,1:30pm,EUR,Final Manufacturing PMI,Low,45.0,44.8,44.8
Tue Oct 1,2:00pm,GBP,Final Manufacturing PMI,Low,51.5,51.5,51.5
Tue Oct 1,2:30pm,EUR,Core CPI Flash Estimate y/y,High,2.7%,2.7%,2.8%
Tue Oct 1,,EUR,CPI Flash Estimate y/y,High,1.8%,1.8%,2.2%
Tue Oct 1,7:15pm,USD,Final Manufacturing PMI,Medium,47.3,47.0,47.0
Tue Oct 1,,USD,ISM Manufacturing PMI,High,47.2,47.6,47.2
Tue Oct 1,,USD,JOLTS Job Openings,High,8.04M,7.64M,7.71M
Tue Oct 1,,USD,ISM Manufacturing Prices,Medium,48.3,53.5,54.0
Tue Oct 1,,USD,Construction Spending m/m,Low,-0.1%,0.2%,-0.5%
Tue Oct 1,All Day,USD,Wards Total Vehicle Sales,Low,15.8M,15.6M,15.1M
Wed Oct 2,5:20am,JPY,Monetary Base y/y,Low,-0.1%,0.8%,0.6%
Wed Oct 2,10:30am,JPY,Consumer Confidence,Low,36.9,37.1,36.7
Wed Oct 2,12:30pm,EUR,Spanish Unemployment Change,Low,3.2K,12.1K,21.9K
Wed Oct 2,1:18pm,EUR,French Gov Budget Balance,Low,-171.9B,,-156.9B
Wed Oct 2,1:30pm,EUR,Italian Monthly Unemployment Rate,Low,6.2%,6.5%,6.4%
Wed Oct 2,2:30pm,EUR,Unemployment Rate,Low,6.4%,6.4%,6.4%
Wed Oct 2,3:02pm,EUR,German 10-y Bond Auction,Low,2.08|2.0,,2.11|2.1
Wed Oct 2,5:45pm,USD,ADP Non-Farm Employment Change,High,143K,124K,103K
Wed Oct 2,8:00pm,USD,Crude Oil Inventories,Medium,3.9M,-1.5M,-4.5M
Thu Oct 3,9:05am,JPY,10-y Bond Auction,Low,0.87|3.5,,0.92|3.2
Thu Oct 3,12:45pm,EUR,Spanish Services PMI,Low,57.0,54.0,54.6
Thu Oct 3,1:15pm,EUR,Italian Services PMI,Low,50.5,51.2,51.4
Thu Oct 3,1:20pm,EUR,French Final Services PMI,Low,49.6,48.3,48.3
Thu Oct 3,1:25pm,EUR,German Final Services PMI,Low,50.6,50.6,50.6
Thu Oct 3,1:30pm,EUR,Final Services PMI,Low,51.4,50.5,50.5
Thu Oct 3,2:00pm,GBP,Final Services PMI,Low,52.4,52.8,52.8
Thu Oct 3,2:29pm,EUR,French 10-y Bond Auction,Low,2.92|2.1,,2.95|2.2
Thu Oct 3,2:30pm,EUR,PPI m/m,Low,0.6%,0.4%,0.7%
Thu Oct 3,5:00pm,USD,Challenger Job Cuts y/y,Low,53.4%,,1.0%
Thu Oct 3,6:00pm,USD,Unemployment Claims,High,225K,222K,219K
Thu Oct 3,7:15pm,USD,Final Services PMI,Medium,55.2,55.4,55.4
Thu Oct 3,7:30pm,USD,ISM Services PMI,High,54.9,51.7,51.5
Thu Oct 3,,USD,Factory Orders m/m,Low,-0.2%,0.1%,4.9%
Thu Oct 3,8:00pm,USD,Natural Gas Storage,Low,55B,59B,47B
Fri Oct 4,12:15pm,EUR,French Industrial Production m/m,Low,1.4%,0.3%,0.2%
Fri Oct 4,2:00pm,GBP,Construction PMI,Medium,57.2,53.1,53.6
Fri Oct 4,,GBP,Housing Equity Withdrawal q/q,Low,-14.7B,-20.3B,-23.0B
Fri Oct 4,3:30pm,EUR,Italian Retail Sales m/m,Low,-0.5%,0.2%,0.5%
Fri Oct 4,6:00pm,USD,Average Hourly Earnings m/m,High,0.4%,0.3%,0.5%
Fri Oct 4,,USD,Non-Farm Employment Change,High,254K,147K,159K
Fri Oct 4,,USD,Unemployment Rate,High,4.1%,4.2%,4.2%
Mon Oct 7,10:30am,JPY,Leading Indicators,Low,106.7%,107.2%,109.3%
Mon Oct 7,11:30am,EUR,German Factory Orders m/m,Low,-5.8%,-1.9%,3.9%
Mon Oct 7,,GBP,Halifax HPI m/m,Low,0.3%,0.2%,0.3%
Mon Oct 7,2:00pm,EUR,Sentix Investor Confidence,Low,-13.8,-14.6,-15.4
Mon Oct 7,2:30pm,EUR,Retail Sales m/m,Low,0.2%,0.2%,0.0%
Tue Oct 8,12:30am,USD,Consumer Credit m/m,Low,8.9B,11.8B,26.6B
Tue Oct 8,4:31am,GBP,BRC Retail Sales Monitor y/y,Low,1.7%,0.8%,0.8%
Tue Oct 8,,JPY,Average Cash Earnings y/y,Low,3.0%,3.0%,3.4%
Tue Oct 8,,JPY,Household Spending y/y,Low,-1.9%,-2.5%,0.1%
Tue Oct 8,5:20am,JPY,Current Account,Low,3.02T,2.43T,2.80T
Tue Oct 8,9:05am,JPY,30-y Bond Auction,Low,2.15|3.3,,2.04|3.4
Tue Oct 8,10:30am,JPY,Economy Watchers Sentiment,Low,47.8,49.3,49.0
Tue Oct 8,11:30am,EUR,German Industrial Production m/m,Low,2.9%,0.8%,-2.9%
Tue Oct 8,12:15pm,EUR,French Trade Balance,Low,-7.4B,-5.5B,-6.0B
Tue Oct 8,3:30pm,USD,NFIB Small Business Index,Low,91.5,92.0,91.2
Tue Oct 8,6:00pm,USD,Trade Balance,Low,-70.4B,-70.1B,-78.9B
Tue Oct 8,7:30pm,USD,RCM/TIPP Economic Optimism,Low,46.9,47.2,46.1
Wed Oct 9,11:29am,JPY,Prelim Machine Tool Orders y/y,Low,-6.5%,,-3.5%
Wed Oct 9,11:30am,EUR,German Trade Balance,Low,22.5B,18.9B,16.9B
Wed Oct 9,2:38pm,GBP,10-y Bond Auction,Low,4.17|3.3,,3.76|2.8
Wed Oct 9,7:30pm,USD,Final Wholesale Inventories m/m,Low,0.1%,0.2%,0.2%
Wed Oct 9,8:00pm,USD,Crude Oil Inventories,Medium,5.8M,2.0M,3.9M
Wed Oct 9,10:31pm,USD,10-y Bond Auction,Low,4.07|2.5,,3.65|2.6
Thu Oct 10,4:31am,GBP,RICS House Price Balance,Low,11%,9%,0%
Thu Oct 10,5:20am,JPY,Bank Lending y/y,Low,2.7%,2.9%,3.0%
Thu Oct 10,,JPY,PPI y/y,Low,2.8%,2.3%,2.6%
Thu Oct 10,May Data,EUR,German Retail Sales m/m,Low,-1.4%,,-1.2%
Thu Oct 10,June Data,EUR,German Retail Sales m/m,Low,-1.1%,,-1.4%
Thu Oct 10,July Data,EUR,German Retail Sales m/m,Low,1.5%,,-1.1%
Thu Oct 10,11:30am,EUR,German Retail Sales m/m,Low,1.6%,,1.5%
Thu Oct 10,1:30pm,EUR,Italian Industrial Production m/m,Low,0.1%,0.3%,-1.0%
Thu Oct 10,6:00pm,USD,Core CPI m/m,High,0.3%,0.2%,0.3%
Thu Oct 10,,USD,CPI m/m,High,0.2%,0.1%,0.2%
Thu Oct 10,,USD,CPI y/y,High,2.4%,2.3%,2.5%
Thu Oct 10,,USD,Unemployment Claims,High,258K,231K,225K
Thu Oct 10,,USD,Natural Gas Storage,Low,82B,73B,55B
Thu Oct 10,10:31pm,USD,30-y Bond Auction,Low,4.39|2.5,,4.02|2.4
Fri Oct 11,5:20am,JPY,M2 Money Stock y/y,Low,1.3%,1.5%,1.3%
Fri Oct 11,11:30am,EUR,German Final CPI m/m,Low,0.0%,0.0%,0.0%
Fri Oct 11,,GBP,GDP m/m,High,0.2%,0.2%,0.0%
Fri Oct 11,,GBP,Construction Output m/m,Low,0.4%,0.5%,-0.4%
Fri Oct 11,,GBP,Goods Trade Balance,Low,-15.1B,-18.8B,-18.9B
Fri Oct 11,,GBP,Index of Services 3m/3m,Low,0.1%,0.3%,0.4%
Fri Oct 11,,GBP,Industrial Production m/m,Low,0.5%,0.2%,-0.7%
Fri Oct 11,,GBP,Manufacturing Production m/m,Low,1.1%,0.3%,-1.2%
Fri Oct 11,,USD,Core PPI m/m,High,0.2%,0.2%,0.3%
Fri Oct 11,,USD,PPI m/m,High,0.0%,0.1%,0.2%
Fri Oct 11,6:02pm,GBP,NIESR GDP Estimate,Low,0.2%,,0.2%
Fri Oct 11,7:00pm,GBP,CB Leading Index m/m,Low,0.0%,,-0.3%
Fri Oct 11,7:30pm,USD,Prelim UoM Consumer Sentiment,Medium,68.9,70.9,70.1
Fri Oct 11,,USD,Prelim UoM Inflation Expectations,Medium,2.9%,,2.7%
Tue Oct 15,10:00am,JPY,Revised Industrial Production m/m,Low,-3.3%,-3.3%,-3.3%
Tue Oct 15,11:30am,EUR,German WPI m/m,Low,-0.3%,0.2%,-0.8%
Tue Oct 15,,GBP,Claimant Count Change,High,27.9K,20.2K,0.3K
Tue Oct 15,,GBP,Average Earnings Index 3m/y,Medium,3.8%,3.8%,4.1%
Tue Oct 15,,GBP,Unemployment Rate,Low,4.0%,4.1%,4.1%
Tue Oct 15,12:15pm,EUR,French Final CPI m/m,Low,-1.2%,-1.2%,-1.2%
Tue Oct 15,2:30pm,EUR,German ZEW Economic Sentiment,Medium,13.1,10.2,3.6
Tue Oct 15,,EUR,Industrial Production m/m,Low,1.8%,1.8%,-0.5%
Tue Oct 15,,EUR,ZEW Economic Sentiment,Low,20.1,16.9,9.3
Tue Oct 15,,USD,Empire State Manufacturing Index,Medium,-11.9,3.4,11.5
Wed Oct 16,5:20am,JPY,Core Machinery Orders m/m,Low,-1.9%,0.1%,-0.1%
Wed Oct 16,11:30am,GBP,CPI y/y,High,1.7%,1.9%,2.2%
Wed Oct 16,,GBP,Core CPI y/y,Low,3.2%,3.4%,3.6%
Wed Oct 16,,GBP,PPI Input m/m,Low,-1.0%,-0.5%,-0.3%
Wed Oct 16,,GBP,PPI Output m/m,Low,-0.5%,-0.3%,-0.3%
Wed Oct 16,,GBP,RPI y/y,Low,2.7%,3.1%,3.5%
Wed Oct 16,2:00pm,GBP,HPI y/y,Low,2.8%,2.5%,1.8%
Wed Oct 16,3:04pm,EUR,German 30-y Bond Auction,Low,2.49|3.6,,2.44|2.7
Wed Oct 16,,USD,Import Prices m/m,Low,-0.4%,-0.3%,-0.2%
Thu Oct 17,5:20am,JPY,Trade Balance,Low,-0.19T,-0.49T,-0.47T
Thu Oct 17,10:00am,JPY,Tertiary Industry Activity m/m,Low,-1.1%,-0.2%,2.2%
Thu Oct 17,2:17pm,EUR,Spanish 10-y Bond Auction,Low,2.92|1.7,,3.04|2.1
Thu Oct 17,2:30pm,EUR,Final Core CPI y/y,Low,2.7%,2.7%,2.7%
Thu Oct 17,,EUR,Final CPI y/y,Low,1.7%,1.8%,1.8%
Thu Oct 17,,EUR,Trade Balance,Low,11.0B,17.8B,13.7B
Thu Oct 17,,EUR,Italian Trade Balance,Low,1.43B,5.55B,6.82B
Thu Oct 17,5:45pm,EUR,Main Refinancing Rate,High,3.40%,3.40%,3.65%
Thu Oct 17,,USD,Core Retail Sales m/m,High,0.5%,0.1%,0.2%
Thu Oct 17,,USD,Retail Sales m/m,High,0.4%,0.3%,0.1%
Thu Oct 17,,USD,Unemployment Claims,High,241K,241K,260K
Thu Oct 17,,USD,Philly Fed Manufacturing Index,Medium,10.3,4.2,1.7
Thu Oct 17,6:45pm,USD,Capacity Utilization Rate,Low,77.5%,77.9%,77.8%
Thu Oct 17,,USD,Industrial Production m/m,Low,-0.3%,-0.1%,0.3%
Thu Oct 17,7:30pm,USD,Business Inventories m/m,Low,0.3%,0.3%,0.3%
Thu Oct 17,,USD,NAHB Housing Market Index,Low,43,43,41
Thu Oct 17,8:00pm,USD,Natural Gas Storage,Low,76B,80B,82B
Thu Oct 17,8:30pm,USD,Crude Oil Inventories,Medium,-2.2M,1.8M,5.8M
Fri Oct 18,1:30am,USD,TIC Long-Term Purchases,Low,111.4B,58.9B,137.9B
Fri Oct 18,5:00am,JPY,National Core CPI y/y,Low,2.4%,2.3%,2.8%
Fri Oct 18,11:30am,GBP,Retail Sales m/m,High,0.3%,-0.4%,1.0%
Fri Oct 18,1:30pm,EUR,Current Account,Low,31.5B,42.2B,40.8B
Fri Oct 18,6:00pm,USD,Building Permits,Medium,1.43M,1.45M,1.47M
Fri Oct 18,,USD,Housing Starts,Low,1.35M,1.35M,1.36M
Sat Oct 19,1:30am,USD,Federal Budget Balance,Low,64.3B,43.5B,-380.1B
Mon Oct 21,4:31am,GBP,Rightmove HPI m/m,Low,0.3%,,0.8%
Mon Oct 21,11:30am,EUR,German PPI m/m,Low,-0.5%,-0.2%,0.2%
Mon Oct 21,7:30pm,USD,CB Leading Index m/m,Low,-0.5%,-0.3%,-0.3%
Tue Oct 22,10:30am,JPY,BOJ Core CPI y/y,Low,1.7%,1.8%,1.8%
Tue Oct 22,11:30am,GBP,Public Sector Net Borrowing,Low,16.6B,17.4B,13.0B
Tue Oct 22,7:29pm,USD,Richmond Manufacturing Index,Medium,-14,-19,-21
Wed Oct 23,3:07pm,EUR,German 10-y Bond Auction,Low,2.31|2.3,,2.08|2.0
Wed Oct 23,,EUR,Consumer Confidence,Low,-13,-12,-13
Wed Oct 23,,USD,Existing Home Sales,Medium,3.84M,3.88M,3.88M
Wed Oct 23,,USD,Crude Oil Inventories,Medium,5.5M,0.9M,-2.2M
Thu Oct 24,6:00am,JPY,Flash Manufacturing PMI,Low,49.0,49.9,49.7
Thu Oct 24,12:45pm,EUR,French Flash Manufacturing PMI,High,44.5,44.9,44.6
Thu Oct 24,,EUR,French Flash Services PMI,High,48.3,49.8,49.6
Thu Oct 24,1:00pm,EUR,German Flash Manufacturing PMI,High,42.6,40.7,40.6
Thu Oct 24,,EUR,German Flash Services PMI,High,51.4,50.6,50.6
Thu Oct 24,1:30pm,EUR,Flash Manufacturing PMI,Medium,45.9,45.1,45.0
Thu Oct 24,,EUR,Flash Services PMI,Medium,51.2,51.5,51.4
Thu Oct 24,2:00pm,GBP,Flash Manufacturing PMI,High,50.3,51.5,51.5
Thu Oct 24,,GBP,Flash Services PMI,High,51.8,52.3,52.4
Thu Oct 24,,GBP,CBI Industrial Order Expectations,Low,-27,-28,-35
Thu Oct 24,6:00pm,USD,Unemployment Claims,High,227K,243K,242K
Thu Oct 24,7:15pm,USD,Flash Manufacturing PMI,High,47.8,47.5,47.3
Thu Oct 24,,USD,Flash Services PMI,High,55.3,55.0,55.2
Thu Oct 24,7:30pm,USD,New Home Sales,Medium,738K,719K,709K
Thu Oct 24,8:00pm,USD,Natural Gas Storage,Low,80B,61B,76B
Fri Oct 25,4:31am,GBP,GfK Consumer Confidence,Low,-21,-20,-20
Fri Oct 25,5:00am,JPY,Tokyo Core CPI y/y,Medium,1.8%,1.7%,2.0%
Fri Oct 25,5:20am,JPY,SPPI y/y,Low,2.6%,2.7%,2.8%
Fri Oct 25,12:30pm,EUR,Spanish Unemployment Rate,Low,11.2%,11.4%,11.3%
Fri Oct 25,1:30pm,EUR,German ifo Business Climate,Medium,86.5,85.6,85.4
Fri Oct 25,,EUR,M3 Money Supply y/y,Low,3.2%,2.9%,2.9%
Fri Oct 25,,EUR,Private Loans y/y,Low,0.7%,0.8%,0.6%
Fri Oct 25,,USD,Core Durable Goods Orders m/m,Medium,0.4%,-0.1%,0.6%
Fri Oct 25,,USD,Durable Goods Orders m/m,Medium,-0.8%,-1.1%,-0.8%
Fri Oct 25,6:25pm,EUR,Belgian NBB Business Climate,Low,-12.8,-12.7,-13.3
Fri Oct 25,7:30pm,USD,Revised UoM Consumer Sentiment,Medium,70.5,69.2,68.9
Fri Oct 25,,USD,Revised UoM Inflation Expectations,Low,2.7%,,2.9%
Mon Oct 28,4:30pm,GBP,CBI Realized Sales,Low,-6,-9,4
Tue Oct 29,5:00am,JPY,Unemployment Rate,Low,2.4%,2.5%,2.5%
Tue Oct 29,5:31am,GBP,BRC Shop Price Index y/y,Low,-0.8%,,-0.6%
Tue Oct 29,12:30pm,EUR,German GfK Consumer Climate,Low,-18.3,-20.4,-21.0
Tue Oct 29,3:00pm,GBP,M4 Money Supply m/m,Low,0.6%,0.1%,-0.1%
Tue Oct 29,,GBP,Mortgage Approvals,Low,66K,65K,65K
Tue Oct 29,,GBP,Net Lending to Individuals m/m,Low,3.8B,4.1B,4.2B
Tue Oct 29,6:00pm,USD,Goods Trade Balance,Low,-108.2B,-95.9B,-94.2B
Tue Oct 29,,USD,Prelim Wholesale Inventories m/m,Low,-0.1%,0.1%,0.1%
Tue Oct 29,6:30pm,USD,S&P/CS Composite-20 HPI y/y,Medium,5.2%,4.9%,5.9%
Tue Oct 29,,USD,HPI m/m,Low,0.3%,0.1%,0.2%
Tue Oct 29,7:30pm,USD,CB Consumer Confidence,High,108.7,99.5,99.2
Tue Oct 29,,USD,JOLTS Job Openings,High,7.44M,7.98M,7.86M
Wed Oct 30,10:30am,JPY,Consumer Confidence,Low,36.2,36.7,36.9
Wed Oct 30,All Day,EUR,German Prelim CPI m/m,High,0.4%,0.2%,0.0%
Wed Oct 30,12:00pm,EUR,French Consumer Spending m/m,Low,0.1%,0.1%,0.4%
Wed Oct 30,,EUR,French Flash GDP q/q,Low,0.4%,0.3%,0.2%
Wed Oct 30,,EUR,Spanish Flash CPI y/y,Medium,1.8%,1.7%,1.5%
Wed Oct 30,,EUR,Spanish Flash GDP q/q,Low,0.8%,0.6%,0.8%
Wed Oct 30,2:25pm,EUR,German Unemployment Change,Low,27K,15K,19K
Wed Oct 30,,EUR,Italian Prelim GDP q/q,Low,0.0%,0.2%,0.2%
Wed Oct 30,,EUR,German Prelim GDP q/q,Low,0.2%,-0.1%,-0.3%
Wed Oct 30,3:30pm,EUR,Prelim Flash GDP q/q,Low,0.4%,0.2%,0.2%
Wed Oct 30,3:52pm,EUR,Italian 10-y Bond Auction,Low,3.57|1.6,,3.43|1.6
Wed Oct 30,5:45pm,USD,ADP Non-Farm Employment Change,High,233K,110K,159K
Wed Oct 30,6:00pm,USD,Advance GDP q/q,High,2.8%,3.0%,3.0%
Wed Oct 30,,USD,Advance GDP Price Index q/q,Medium,1.8%,1.9%,2.5%
Wed Oct 30,7:30pm,USD,Pending Home Sales m/m,Medium,7.4%,1.9%,0.6%
Wed Oct 30,8:00pm,USD,Crude Oil Inventories,Medium,-0.5M,1.5M,5.5M
Thu Oct 31,5:20am,JPY,Prelim Industrial Production m/m,Low,1.4%,0.9%,-3.3%
Thu Oct 31,,JPY,Retail Sales y/y,Low,0.5%,2.1%,3.1%
Thu Oct 31,,JPY,BOJ Policy Rate,High,<0.25%,<0.25%,<0.25%
Thu Oct 31,10:30am,JPY,Housing Starts y/y,Low,-0.6%,-4.2%,-5.1%
Thu Oct 31,12:30pm,EUR,German Import Prices m/m,Low,-0.4%,-0.4%,-0.4%
Thu Oct 31,,EUR,German Retail Sales m/m,Low,1.2%,-0.7%,1.6%
Thu Oct 31,1:15pm,EUR,French Prelim CPI m/m,Low,0.2%,0.2%,-1.2%
Thu Oct 31,,EUR,Italian Monthly Unemployment Rate,Low,6.1%,6.2%,6.1%
Thu Oct 31,3:30pm,EUR,Core CPI Flash Estimate y/y,Medium,2.7%,2.6%,2.7%
Thu Oct 31,,EUR,CPI Flash Estimate y/y,Medium,2.0%,1.9%,1.7%
Thu Oct 31,,EUR,Italian Prelim CPI m/m,Low,0.0%,-0.1%,-0.2%
Thu Oct 31,,EUR,Unemployment Rate,Low,6.3%,6.4%,6.3%
Thu Oct 31,3:33pm,GBP,30-y Bond Auction,Low,4.83|3.1,,4.33|2.9
Thu Oct 31,5:00pm,USD,Challenger Job Cuts y/y,Low,50.9%,,53.4%
Thu Oct 31,,USD,Core PCE Price Index m/m,High,0.3%,0.3%,0.2%
Thu Oct 31,,USD,Employment Cost Index q/q,High,0.8%,0.9%,0.9%
Thu Oct 31,,USD,Unemployment Claims,High,216K,229K,228K
Thu Oct 31,,USD,Personal Income m/m,Low,0.3%,0.3%,0.2%
Thu Oct 31,,USD,Personal Spending m/m,Low,0.5%,0.4%,0.3%
Thu Oct 31,7:15pm,USD,Chicago PMI,Medium,41.6,46.9,46.6
Thu Oct 31,8:00pm,USD,Natural Gas Storage,Low,78B,79B,80B
Fri Nov 1,,JPY,Final Manufacturing PMI,Low,49.2,49.0,49.0
Fri Nov 1,12:30pm,GBP,Nationwide HPI m/m,Low,0.1%,0.3%,0.6%
Fri Nov 1,3:00pm,GBP,Final Manufacturing PMI,Low,49.9,50.3,50.3
Fri Nov 1,6:00pm,USD,Average Hourly Earnings m/m,High,0.4%,0.3%,0.3%
Fri Nov 1,,USD,Non-Farm Employment Change,High,12K,106K,223K
Fri Nov 1,,USD,Unemployment Rate,High,4.1%,4.1%,4.1%
Fri Nov 1,7:15pm,USD,Final Manufacturing PMI,Low,48.5,47.8,47.8
Fri Nov 1,7:30pm,USD,ISM Manufacturing PMI,High,46.5,47.6,47.2
Fri Nov 1,,USD,ISM Manufacturing Prices,Medium,54.8,49.9,48.3
Fri Nov 1,,USD,Construction Spending m/m,Low,0.1%,0.0%,0.1%
Fri Nov 1,All Day,USD,Wards Total Vehicle Sales,Low,16.0M,15.8M,15.8M
Mon Nov 4,1:45pm,EUR,Spanish Manufacturing PMI,Low,54.5,53.1,53.0
Mon Nov 4,2:15pm,EUR,Italian Manufacturing PMI,Low,46.9,48.8,48.3
Mon Nov 4,2:20pm,EUR,French Final Manufacturing PMI,Low,44.5,44.5,44.5
Mon Nov 4,2:25pm,EUR,German Final Manufacturing PMI,Low,43.0,42.6,42.6
Mon Nov 4,2:30pm,EUR,Final Manufacturing PMI,Low,46.0,45.9,45.9
Mon Nov 4,3:00pm,EUR,Sentix Investor Confidence,Low,-12.8,-12.7,-13.8
Mon Nov 4,8:30pm,USD,Factory Orders m/m,Low,-0.5%,-0.4%,-0.8%
Tue Nov 5,5:20am,JPY,Monetary Base y/y,Low,-0.3%,0.3%,-0.1%
Tue Nov 5,5:31am,GBP,BRC Retail Sales Monitor y/y,Low,0.3%,1.4%,1.7%
Tue Nov 5,1:15pm,EUR,French Gov Budget Balance,Low,-173.8B,,-171.9B
Tue Nov 5,,EUR,French Industrial Production m/m,Low,-0.9%,-0.5%,1.1%
Tue Nov 5,1:30pm,EUR,Spanish Unemployment Change,Low,26.8K,26.5K,3.2K
Tue Nov 5,3:00pm,GBP,Final Services PMI,Low,52.0,51.8,51.8
Tue Nov 5,3:33pm,GBP,10-y Bond Auction,Low,4.48|2.8,,4.17|3.3
Tue Nov 5,,USD,Trade Balance,Low,-84.4B,-83.8B,-70.8B
Tue Nov 5,8:15pm,USD,Final Services PMI,Medium,55.0,55.3,55.3
Tue Nov 5,8:30pm,USD,ISM Services PMI,High,56.0,53.8,54.9
Tue Nov 5,11:31pm,USD,10-y Bond Auction,Low,4.35|2.6,,4.07|2.5
Wed Nov 6,12:30pm,EUR,German Factory Orders m/m,Low,4.2%,1.6%,-5.4%
Wed Nov 6,1:45pm,EUR,Spanish Services PMI,Low,54.9,56.6,57.0
Wed Nov 6,2:15pm,EUR,Italian Services PMI,Low,52.4,50.3,50.5
Wed Nov 6,2:20pm,EUR,French Final Services PMI,Low,49.2,48.3,48.3
Wed Nov 6,2:25pm,EUR,German Final Services PMI,Low,51.6,51.4,51.4
Wed Nov 6,2:30pm,EUR,Final Services PMI,Low,51.6,51.2,51.2
Wed Nov 6,3:00pm,GBP,Construction PMI,Medium,54.3,55.3,57.2
Wed Nov 6,3:30pm,EUR,PPI m/m,Low,-0.6%,-0.5%,0.6%
Wed Nov 6,9:00pm,USD,Crude Oil Inventories,Medium,2.1M,0.3M,-0.5M
Wed Nov 6,11:31pm,USD,30-y Bond Auction,Low,4.61|2.6,,4.39|2.5
Thu Nov 7,5:00am,JPY,Average Cash Earnings y/y,Low,2.8%,3.0%,2.8%
Thu Nov 7,9:05am,JPY,10-y Bond Auction,Low,1.00|3.1,,0.87|3.5
Thu Nov 7,12:30pm,EUR,German Industrial Production m/m,Low,-2.5%,-1.1%,2.6%
Thu Nov 7,,EUR,German Trade Balance,Low,17.0B,20.8B,21.4B
Thu Nov 7,,GBP,Halifax HPI m/m,Low,0.2%,0.2%,0.3%
Thu Nov 7,1:15pm,EUR,French Prelim Private Payrolls q/q,Low,-0.1%,0.0%,-0.1%
Thu Nov 7,3:28pm,EUR,French 10-y Bond Auction,Low,3.24|2.0,,2.92|2.1
Thu Nov 7,3:30pm,EUR,Retail Sales m/m,Low,0.5%,0.4%,0.2%
Thu Nov 7,,GBP,MPC Official Bank Rate Votes,High,0-8-1,0-8-1,0-1-8
Thu Nov 7,,GBP,Official Bank Rate,High,4.75%,4.75%,5.00%
Thu Nov 7,7:00pm,USD,Unemployment Claims,High,221K,223K,218K
Thu Nov 7,,USD,Prelim Nonfarm Productivity q/q,Low,2.2%,2.6%,2.5%
Thu Nov 7,,USD,Prelim Unit Labor Costs q/q,Low,1.9%,1.1%,0.4%
Thu Nov 7,8:30pm,USD,Final Wholesale Inventories m/m,Low,-0.2%,-0.1%,-0.1%
Thu Nov 7,,USD,Mortgage Delinquencies,Low,3.92%,,3.97%
Thu Nov 7,9:00pm,USD,Natural Gas Storage,Low,69B,67B,78B
Fri Nov 8,12:30am,USD,Federal Funds Rate,High,4.75%,4.75%,5.00%
Fri Nov 8,1:30am,USD,Consumer Credit m/m,Low,6.0B,12.2B,7.6B
Fri Nov 8,5:00am,JPY,Household Spending y/y,Low,-1.1%,-1.8%,-1.9%
Fri Nov 8,10:30am,JPY,Leading Indicators,Low,109.4%,108.9%,106.9%
Fri Nov 8,1:15pm,EUR,French Trade Balance,Low,-8.3B,-7.0B,-7.7B
Fri Nov 8,2:30pm,EUR,Italian Industrial Production m/m,Low,-0.4%,-0.4%,0.0%
Fri Nov 8,4:30pm,EUR,Italian Retail Sales m/m,Low,1.2%,0.2%,-0.3%
Fri Nov 8,8:30pm,USD,Prelim UoM Consumer Sentiment,Medium,73.0,71.0,70.5
Fri Nov 8,,USD,Prelim UoM Inflation Expectations,Medium,2.6%,,2.7%
Mon Nov 11,5:20am,JPY,Bank Lending y/y,Low,2.7%,2.7%,2.7%
Mon Nov 11,,JPY,Current Account,Low,1.27T,2.80T,3.15T
Mon Nov 11,10:30am,JPY,Economy Watchers Sentiment,Low,47.5,47.2,47.8
Mon Nov 11,8:00pm,GBP,CB Leading Index m/m,Low,-0.1%,,0.1%
Tue Nov 12,5:20am,JPY,M2 Money Stock y/y,Low,1.2%,1.5%,1.2%
Tue Nov 12,11:29am,JPY,Prelim Machine Tool Orders y/y,Low,9.3%,,-6.4%
Tue Nov 12,12:30pm,EUR,German Final CPI m/m,Low,0.4%,0.4%,0.4%
Tue Nov 12,,GBP,Claimant Count Change,High,26.7K,30.5K,10.1K
Tue Nov 12,,GBP,Average Earnings Index 3m/y,Medium,4.3%,3.9%,3.9%
Tue Nov 12,,GBP,Unemployment Rate,Low,4.3%,4.1%,4.0%
Tue Nov 12,3:30pm,EUR,German ZEW Economic Sentiment,Medium,7.4,13.2,13.1
Tue Nov 12,,EUR,ZEW Economic Sentiment,Low,12.5,20.5,20.1
Tue Nov 12,4:25pm,USD,NFIB Small Business Index,Low,93.7,91.9,91.5
Tue Nov 12,8:15pm,USD,Cleveland Fed Inflation Expectations,Low,3.8%,,3.4%
Tue Nov 12,8:36pm,USD,RCM/TIPP Economic Optimism,Low,53.2,47.3,46.9
Wed Nov 13,5:20am,JPY,PPI y/y,Low,3.4%,2.9%,3.1%
Wed Nov 13,9:05am,JPY,30-y Bond Auction,Low,2.27|3.4,,2.15|3.3
Wed Nov 13,4:05pm,EUR,German 10-y Bond Auction,Low,2.38|2.3,,2.31|2.3
Wed Nov 13,7:00pm,USD,Core CPI m/m,High,0.3%,0.3%,0.3%
Wed Nov 13,,USD,CPI m/m,High,0.2%,0.2%,0.2%
Wed Nov 13,,USD,CPI y/y,High,2.6%,2.6%,2.4%
Thu Nov 14,12:30am,USD,Federal Budget Balance,Low,-257.5B,-226.4B,64.3B
Thu Nov 14,5:31am,GBP,RICS House Price Balance,Low,16%,12%,11%
Thu Nov 14,3:30pm,EUR,Flash Employment Change q/q,Low,0.2%,0.2%,0.2%
Thu Nov 14,,EUR,Flash GDP q/q,Low,0.4%,0.4%,0.4%
Thu Nov 14,,EUR,Industrial Production m/m,Low,-2.0%,-1.3%,1.5%
Thu Nov 14,7:00pm,USD,Core PPI m/m,High,0.3%,0.3%,0.2%
Thu Nov 14,,USD,PPI m/m,High,0.2%,0.2%,0.1%
Thu Nov 14,,USD,Unemployment Claims,High,217K,224K,221K
Thu Nov 14,9:00pm,USD,Natural Gas Storage,Low,42B,34B,69B
Thu Nov 14,9:30pm,USD,Crude Oil Inventories,Medium,2.1M,0.4M,2.1M
Fri Nov 15,5:20am,JPY,Prelim GDP Price Index y/y,Low,2.5%,2.8%,3.2%
Fri Nov 15,,JPY,Prelim GDP q/q,Low,0.2%,0.2%,0.7%
Fri Nov 15,10:00am,JPY,Revised Industrial Production m/m,Low,1.6%,1.4%,1.4%
Fri Nov 15,,JPY,Tertiary Industry Activity m/m,Low,-0.2%,0.2%,-1.1%
Fri Nov 15,12:30pm,EUR,German WPI m/m,Low,0.4%,0.1%,-0.3%
Fri Nov 15,,GBP,GDP m/m,High,-0.1%,0.2%,0.2%
Fri Nov 15,,GBP,Prelim GDP q/q,Medium,0.1%,0.2%,0.5%
Fri Nov 15,,GBP,Construction Output m/m,Low,0.1%,0.3%,0.6%
Fri Nov 15,,GBP,Goods Trade Balance,Low,-16.3B,-15.7B,-15.2B
Fri Nov 15,,GBP,Index of Services 3m/3m,Low,0.1%,0.2%,0.1%
Fri Nov 15,,GBP,Industrial Production m/m,Low,-0.5%,0.1%,0.5%
Fri Nov 15,,GBP,Manufacturing Production m/m,Low,-1.0%,0.0%,1.3%
Fri Nov 15,,GBP,Prelim Business Investment q/q,Low,1.2%,0.6%,1.4%
Fri Nov 15,1:15pm,EUR,French Final CPI m/m,Low,0.3%,0.2%,0.2%
Fri Nov 15,3:28pm,EUR,Italian Trade Balance,Low,2.58B,2.55B,1.34B
Fri Nov 15,6:50pm,GBP,NIESR GDP Estimate,Low,0.1%,,0.1%
Fri Nov 15,,USD,Core Retail Sales m/m,High,0.1%,0.3%,1.0%
Fri Nov 15,,USD,Retail Sales m/m,High,0.4%,0.3%,0.8%
Fri Nov 15,,USD,Empire State Manufacturing Index,Medium,31.2,-0.3,-11.9
Fri Nov 15,,USD,Import Prices m/m,Low,0.3%,-0.1%,-0.4%
Fri Nov 15,7:45pm,USD,Capacity Utilization Rate,Low,77.1%,77.1%,77.4%
Fri Nov 15,,USD,Industrial Production m/m,Low,-0.3%,-0.3%,-0.5%
Fri Nov 15,8:30pm,USD,Business Inventories m/m,Low,0.1%,0.2%,0.3%
Mon Nov 18,5:20am,JPY,Core Machinery Orders m/m,Low,-0.7%,1.4%,-1.9%
Mon Nov 18,5:31am,GBP,Rightmove HPI m/m,Low,-1.4%,,0.3%
Mon Nov 18,3:30pm,EUR,Trade Balance,Low,13.6B,7.9B,10.8B
Mon Nov 18,,USD,NAHB Housing Market Index,Low,46,42,43
Tue Nov 19,2:30am,USD,TIC Long-Term Purchases,Low,216.1B,114.3B,108.8B
Tue Nov 19,2:30pm,EUR,Current Account,Low,37.0B,27.0B,35.4B
Tue Nov 19,3:30pm,EUR,Final Core CPI y/y,Low,2.7%,2.7%,2.7%
Tue Nov 19,,EUR,Final CPI y/y,Low,2.0%,2.0%,2.0%
Tue Nov 19,,USD,Building Permits,Medium,1.42M,1.44M,1.43M
Tue Nov 19,,USD,Housing Starts,Low,1.31M,1.34M,1.35M
Wed Nov 20,5:20am,JPY,Trade Balance,Low,-0.36T,-0.15T,-0.27T
Wed Nov 20,12:30pm,EUR,German PPI m/m,Low,0.2%,0.2%,-0.5%
Wed Nov 20,,GBP,CPI y/y,High,2.3%,2.2%,1.7%
Wed Nov 20,,GBP,Core CPI y/y,Low,3.3%,3.1%,3.2%
Wed Nov 20,,GBP,PPI Input m/m,Low,0.1%,0.5%,-0.5%
Wed Nov 20,,GBP,PPI Output m/m,Low,0.0%,-0.1%,-0.4%
Wed Nov 20,,GBP,RPI y/y,Low,3.4%,3.4%,2.7%
Wed Nov 20,3:00pm,GBP,HPI y/y,Low,2.9%,2.9%,2.7%
Wed Nov 20,4:02pm,EUR,German 30-y Bond Auction,Low,2.55|3.6,,2.49|3.6
Wed Nov 20,9:00pm,USD,Crude Oil Inventories,Medium,0.5M,-0.1M,2.1M
Thu Nov 21,12:30pm,GBP,Public Sector Net Borrowing,Low,17.4B,13.0B,16.1B
Thu Nov 21,4:30pm,GBP,CBI Industrial Order Expectations,Low,-19,-25,-27
Thu Nov 21,,USD,Unemployment Claims,High,213K,220K,219K
Thu Nov 21,,USD,Philly Fed Manufacturing Index,Medium,-5.5,7.4,10.3
Thu Nov 21,8:30pm,EUR,Consumer Confidence,Low,-14,-13,-13
Thu Nov 21,,USD,Existing Home Sales,Medium,3.96M,3.95M,3.83M
Thu Nov 21,,USD,CB Leading Index m/m,Low,-0.4%,-0.3%,-0.3%
Thu Nov 21,9:00pm,USD,Natural Gas Storage,Low,-3B,2B,42B
Fri Nov 22,5:00am,JPY,National Core CPI y/y,Low,2.3%,2.2%,2.4%
Fri Nov 22,5:31am,GBP,GfK Consumer Confidence,Low,-18,-21,-21
Fri Nov 22,6:00am,JPY,Flash Manufacturing PMI,Low,49.0,49.5,49.2
Fri Nov 22,12:30pm,EUR,German Final GDP q/q,Low,0.1%,0.2%,0.2%
Fri Nov 22,,GBP,Retail Sales m/m,High,-0.7%,-0.3%,0.1%
Fri Nov 22,1:45pm,EUR,French Flash Manufacturing PMI,High,43.2,44.6,44.5
Fri Nov 22,,EUR,French Flash Services PMI,High,45.7,49.1,49.2
Fri Nov 22,2:00pm,EUR,German Flash Manufacturing PMI,High,43.2,43.1,43.0
Fri Nov 22,,EUR,German Flash Services PMI,High,49.4,51.6,51.6
Fri Nov 22,2:30pm,EUR,Flash Manufacturing PMI,Medium,45.2,46.0,46.0
Fri Nov 22,,EUR,Flash Services PMI,Medium,49.2,51.6,51.6
Fri Nov 22,3:00pm,GBP,Flash Manufacturing PMI,High,48.6,50.0,49.9
Fri Nov 22,,GBP,Flash Services PMI,High,50.0,51.9,52.0
Fri Nov 22,8:15pm,USD,Flash Manufacturing PMI,High,48.8,48.8,48.5
Fri Nov 22,,USD,Flash Services PMI,High,57.0,55.2,55.0
Fri Nov 22,8:30pm,USD,Revised UoM Consumer Sentiment,Medium,71.8,74.0,73.0
Fri Nov 22,,USD,Revised UoM Inflation Expectations,Low,2.6%,,2.6%
Mon Nov 25,2:30pm,EUR,German ifo Business Climate,Medium,85.7,86.1,86.5
Mon Nov 25,7:26pm,EUR,Belgian NBB Business Climate,Low,-11.1,-12.7,-12.8
Tue Nov 26,5:20am,JPY,SPPI y/y,Low,2.9%,2.5%,2.8%
Tue Nov 26,5:31am,GBP,BRC Shop Price Index y/y,Low,-0.6%,,-0.8%
Tue Nov 26,10:30am,JPY,BOJ Core CPI y/y,Low,1.5%,1.8%,1.7%
Tue Nov 26,4:30pm,GBP,CBI Realized Sales,Low,-18,-14,-6
Tue Nov 26,7:30pm,USD,S&P/CS Composite-20 HPI y/y,Medium,4.6%,4.7%,5.2%
Tue Nov 26,,USD,HPI m/m,Low,0.7%,0.3%,0.4%
Tue Nov 26,8:29pm,USD,Richmond Manufacturing Index,Medium,-14,-10,-14
Tue Nov 26,,USD,CB Consumer Confidence,High,111.7,111.8,109.6
Tue Nov 26,,USD,New Home Sales,Medium,610K,725K,738K
Wed Nov 27,3:00pm,EUR,German GfK Consumer Climate,Low,-23.3,-18.8,-18.4
Wed Nov 27,7:00pm,USD,Prelim GDP q/q,High,2.8%,2.8%,2.8%
Wed Nov 27,,USD,Unemployment Claims,High,213K,215K,215K
Wed Nov 27,,USD,Core Durable Goods Orders m/m,Medium,0.1%,0.2%,0.5%
Wed Nov 27,,USD,Durable Goods Orders m/m,Medium,0.2%,0.4%,-0.7%
Wed Nov 27,,USD,Prelim GDP Price Index q/q,Medium,1.9%,1.8%,1.8%
Wed Nov 27,,USD,Goods Trade Balance,Low,-99.1B,-102.2B,-108.7B
Wed Nov 27,,USD,Prelim Wholesale Inventories m/m,Low,0.2%,0.0%,-0.2%
Wed Nov 27,8:15pm,USD,Chicago PMI,Medium,40.2,44.9,41.6
Wed Nov 27,8:30pm,USD,Core PCE Price Index m/m,High,0.3%,0.3%,0.3%
Wed Nov 27,,USD,Pending Home Sales m/m,Medium,2.0%,-2.1%,7.5%
Wed Nov 27,,USD,Personal Income m/m,Low,0.6%,0.3%,0.3%
Wed Nov 27,,USD,Personal Spending m/m,Low,0.4%,0.4%,0.6%
Wed Nov 27,9:00pm,USD,Crude Oil Inventories,Medium,-1.8M,-1.3M,0.5M
Wed Nov 27,10:30pm,USD,Natural Gas Storage,Low,-2B,-2B,-3B
Thu Nov 28,All Day,EUR,German Prelim CPI m/m,High,-0.2%,-0.2%,0.4%
Thu Nov 28,1:30pm,EUR,Spanish Flash CPI y/y,Medium,2.4%,2.3%,1.8%
Thu Nov 28,2:30pm,EUR,M3 Money Supply y/y,Low,3.4%,3.4%,3.2%
Thu Nov 28,,EUR,Private Loans y/y,Low,0.8%,0.8%,0.7%
Thu Nov 28,3:40pm,EUR,Italian 10-y Bond Auction,Low,3.39|1.6,,3.57|1.6
Fri Nov 29,5:00am,JPY,Tokyo Core CPI y/y,Medium,2.2%,2.0%,1.8%
Fri Nov 29,,JPY,Unemployment Rate,Low,2.5%,2.5%,2.4%
Fri Nov 29,5:20am,JPY,Prelim Industrial Production m/m,Low,3.0%,3.8%,1.6%
Fri Nov 29,,JPY,Retail Sales y/y,Low,1.6%,2.1%,0.7%
Fri Nov 29,10:30am,JPY,Consumer Confidence,Low,36.4,36.4,36.2
Fri Nov 29,,JPY,Housing Starts y/y,Low,-2.9%,-2.0%,-0.6%
Fri Nov 29,12:30pm,EUR,German Import Prices m/m,Low,0.6%,0.2%,-0.4%
Fri Nov 29,,EUR,German Retail Sales m/m,Low,-1.5%,-0.5%,1.6%
Fri Nov 29,1:15pm,EUR,French Consumer Spending m/m,Low,-0.4%,-0.1%,0.1%
Fri Nov 29,,EUR,French Final Private Payrolls q/q,Low,0.1%,0.0%,-0.1%
Fri Nov 29,,EUR,French Prelim CPI m/m,Low,-0.1%,0.0%,0.2%
Fri Nov 29,,EUR,French Prelim GDP q/q,Low,0.4%,0.4%,0.4%
Fri Nov 29,2:25pm,EUR,German Unemployment Change,Low,7K,20K,26K
Fri Nov 29,3:00pm,GBP,M4 Money Supply m/m,Low,-0.1%,0.4%,0.5%
Fri Nov 29,,GBP,Mortgage Approvals,Low,68K,65K,66K
Fri Nov 29,3:02pm,GBP,Net Lending to Individuals m/m,Low,4.5B,4.1B,3.8B
Fri Nov 29,3:30pm,EUR,Core CPI Flash Estimate y/y,Medium,2.7%,2.8%,2.7%
Fri Nov 29,,EUR,CPI Flash Estimate y/y,Medium,2.3%,2.3%,2.0%
Fri Nov 29,,EUR,Italian Prelim CPI m/m,Low,0.0%,-0.2%,0.0%
Mon Dec 2,5:20am,JPY,Capital Spending q/y,Low,8.1%,6.7%,7.4%
Mon Dec 2,,JPY,Final Manufacturing PMI,Low,49.0,49.0,49.0
Mon Dec 2,12:30pm,GBP,Nationwide HPI m/m,Low,1.2%,0.2%,0.1%
Mon Dec 2,1:45pm,EUR,Spanish Manufacturing PMI,Low,53.1,53.9,54.5
Mon Dec 2,2:15pm,EUR,Italian Manufacturing PMI,Low,44.5,46.1,46.9
Mon Dec 2,2:20pm,EUR,French Final Manufacturing PMI,Low,43.1,43.3,43.2
Mon Dec 2,2:25pm,EUR,German Final Manufacturing PMI,Low,43.0,43.2,43.2
Mon Dec 2,2:30pm,EUR,Final Manufacturing PMI,Low,45.2,45.2,45.2
Mon Dec 2,,EUR,Italian Monthly Unemployment Rate,Low,5.8%,6.1%,6.0%
Mon Dec 2,3:00pm,GBP,Final Manufacturing PMI,Low,48.0,48.6,48.6
Mon Dec 2,3:30pm,EUR,Unemployment Rate,Low,6.3%,6.3%,6.3%
Mon Dec 2,8:15pm,USD,Final Manufacturing PMI,Medium,49.7,48.8,48.8
Mon Dec 2,8:30pm,USD,ISM Manufacturing PMI,High,48.4,47.7,46.5
Mon Dec 2,,USD,ISM Manufacturing Prices,Medium,50.3,55.2,54.8
Mon Dec 2,,USD,Construction Spending m/m,Low,0.4%,0.2%,0.1%
Tue Dec 3,5:20am,JPY,Monetary Base y/y,Low,-0.3%,0.2%,-0.3%
Tue Dec 3,5:31am,GBP,BRC Retail Sales Monitor y/y,Low,-3.4%,0.7%,0.3%
Tue Dec 3,9:05am,JPY,10-y Bond Auction,Low,1.08|3.1,,1.00|3.1
Tue Dec 3,1:30pm,EUR,Spanish Unemployment Change,Low,-16.0K,29.3K,26.8K
Tue Dec 3,8:30pm,USD,JOLTS Job Openings,High,7.74M,7.51M,7.37M
Tue Dec 3,8:36pm,USD,RCM/TIPP Economic Optimism,Low,54.0,54.1,53.2
Tue Dec 3,All Day,USD,Wards Total Vehicle Sales,Low,16.5M,16.0M,16.0M
Tue Dec 3,9:22pm,EUR,French Gov Budget Balance,Low,-157.4B,,-173.8B
Wed Dec 4,1:45pm,EUR,Spanish Services PMI,Low,53.1,53.4,54.9
Wed Dec 4,2:15pm,EUR,Italian Services PMI,Low,49.2,50.9,52.4
Wed Dec 4,2:20pm,EUR,French Final Services PMI,Low,46.9,45.7,45.7
Wed Dec 4,2:25pm,EUR,German Final Services PMI,Low,49.3,49.4,49.4
Wed Dec 4,2:30pm,EUR,Final Services PMI,Low,49.5,49.2,49.2
Wed Dec 4,3:00pm,GBP,Final Services PMI,Low,50.8,50.0,50.0
Wed Dec 4,3:30pm,EUR,PPI m/m,Low,0.4%,0.4%,-0.6%
Wed Dec 4,4:03pm,EUR,German 10-y Bond Auction,Low,2.07|2.4,,2.38|2.3
Wed Dec 4,6:45pm,USD,ADP Non-Farm Employment Change,High,146K,152K,184K
Wed Dec 4,8:15pm,USD,Final Services PMI,Medium,56.1,57.0,57.0
Wed Dec 4,8:30pm,USD,ISM Services PMI,High,52.1,55.7,56.0
Wed Dec 4,,USD,Factory Orders m/m,Low,0.2%,0.2%,-0.2%
Wed Dec 4,9:00pm,USD,Crude Oil Inventories,Medium,-5.1M,-1.6M,-1.8M
Thu Dec 5,9:05am,JPY,30-y Bond Auction,Low,2.29|3.5,,2.27|3.4
Thu Dec 5,12:30pm,EUR,German Factory Orders m/m,Low,-1.5%,-2.0%,7.2%
Thu Dec 5,1:15pm,EUR,French Industrial Production m/m,Low,-0.1%,0.2%,-0.8%
Thu Dec 5,3:00pm,GBP,Construction PMI,Medium,55.2,53.5,54.3
Thu Dec 5,3:07pm,EUR,Spanish 10-y Bond Auction,Low,2.74|2.6,,2.92|1.7
Thu Dec 5,3:30pm,EUR,Retail Sales m/m,Low,-0.5%,-0.3%,0.5%
Thu Dec 5,6:00pm,USD,Challenger Job Cuts y/y,Low,26.8%,,50.9%
Thu Dec 5,,USD,Unemployment Claims,High,224K,215K,215K
Thu Dec 5,,USD,Trade Balance,Low,-73.8B,-75.2B,-83.8B
Thu Dec 5,9:00pm,USD,Natural Gas Storage,Low,-30B,-38B,-2B
Fri Dec 6,5:00am,JPY,Average Cash Earnings y/y,Low,2.6%,2.6%,2.5%
Fri Dec 6,,JPY,Household Spending y/y,Low,-1.3%,-2.6%,-1.1%
Fri Dec 6,10:30am,JPY,Leading Indicators,Low,108.6%,108.9%,109.1%
Fri Dec 6,12:30pm,EUR,German Industrial Production m/m,Low,-1.0%,1.0%,-2.0%
Fri Dec 6,,GBP,Halifax HPI m/m,Low,1.3%,0.3%,0.2%
Fri Dec 6,1:15pm,EUR,French Trade Balance,Low,-7.7B,-8.0B,-8.4B
Fri Dec 6,2:31pm,EUR,Italian Retail Sales m/m,Low,-0.5%,0.9%,1.3%
Fri Dec 6,3:30pm,EUR,Final Employment Change q/q,Low,0.2%,0.2%,0.2%
Fri Dec 6,,EUR,Revised GDP q/q,Low,0.4%,0.4%,0.4%
Fri Dec 6,,USD,Average Hourly Earnings m/m,High,0.4%,0.3%,0.4%
Fri Dec 6,,USD,Non-Farm Employment Change,High,227K,218K,36K
Fri Dec 6,,USD,Unemployment Rate,High,4.2%,4.1%,4.1%
Fri Dec 6,,USD,Prelim UoM Consumer Sentiment,Medium,74.0,73.3,71.8
Fri Dec 6,,USD,Prelim UoM Inflation Expectations,Medium,2.9%,,2.6%
Sat Dec 7,1:30am,USD,Consumer Credit m/m,Low,19.2B,10.4B,3.2B
Mon Dec 9,5:20am,JPY,Bank Lending y/y,Low,3.0%,2.6%,2.6%
Mon Dec 9,,JPY,Current Account,Low,2.41T,2.28T,1.27T
Mon Dec 9,,JPY,Final GDP Price Index y/y,Low,2.4%,2.5%,2.5%
Mon Dec 9,,JPY,Final GDP q/q,Low,0.3%,0.3%,0.2%
Mon Dec 9,10:30am,JPY,Economy Watchers Sentiment,Low,49.4,47.3,47.5
Mon Dec 9,3:00pm,EUR,Sentix Investor Confidence,Low,-17.5,-12.4,-12.8
Mon Dec 9,8:30pm,USD,Final Wholesale Inventories m/m,Low,0.2%,0.2%,0.2%
Tue Dec 10,5:20am,JPY,M2 Money Stock y/y,Low,1.2%,1.2%,1.2%
Tue Dec 10,11:28am,JPY,Prelim Machine Tool Orders y/y,Low,3.0%,,9.3%
Tue Dec 10,12:30pm,EUR,German Final CPI m/m,Low,-0.2%,-0.2%,-0.2%
Tue Dec 10,2:30pm,EUR,Italian Industrial Production m/m,Low,0.0%,-0.1%,-0.3%
Tue Dec 10,4:30pm,USD,NFIB Small Business Index,Low,101.7,94.6,93.7
Tue Dec 10,7:00pm,USD,Revised Nonfarm Productivity q/q,Low,2.2%,2.3%,2.2%
Tue Dec 10,,USD,Revised Unit Labor Costs q/q,Low,0.8%,1.3%,1.9%
Wed Dec 11,5:20am,JPY,BSI Manufacturing Index,Low,6.3,1.8,4.5
Wed Dec 11,,JPY,PPI y/y,Low,3.7%,3.4%,3.6%
Wed Dec 11,3:35pm,GBP,10-y Bond Auction,Low,4.33|2.9,,4.48|2.8
Wed Dec 11,7:00pm,USD,Core CPI m/m,High,0.3%,0.3%,0.3%
Wed Dec 11,,USD,CPI m/m,High,0.3%,0.3%,0.2%
Wed Dec 11,,USD,CPI y/y,High,2.7%,2.7%,2.6%
Wed Dec 11,,USD,Crude Oil Inventories,Medium,-1.4M,-1.0M,-5.1M
Wed Dec 11,11:31pm,USD,10-y Bond Auction,Low,4.24|2.7,,4.35|2.6
Thu Dec 12,12:30am,USD,Federal Budget Balance,Low,-366.8B,-349.0B,-257.5B
Thu Dec 12,5:31am,GBP,RICS House Price Balance,Low,25%,19%,16%
Thu Dec 12,,EUR,Italian Quarterly Unemployment Rate,Low,6.1%,6.6%,6.7%
Thu Dec 12,3:45pm,EUR,Italian 10-y Bond Auction,Low,3.19|2.1,,3.39|1.6
Thu Dec 12,6:45pm,EUR,Main Refinancing Rate,High,3.15%,3.15%,3.40%
Thu Dec 12,,USD,Core PPI m/m,High,0.2%,0.2%,0.3%
Thu Dec 12,,USD,PPI m/m,High,0.4%,0.2%,0.3%
Thu Dec 12,,USD,Unemployment Claims,High,242K,221K,225K
Thu Dec 12,8:00pm,GBP,CB Leading Index m/m,Low,0.0%,,0.0%
Thu Dec 12,9:00pm,USD,Natural Gas Storage,Low,-190B,-172B,-30B
Thu Dec 12,11:31pm,USD,30-y Bond Auction,Low,4.54|2.4,,4.61|2.6
Fri Dec 13,5:20am,JPY,Tankan Manufacturing Index,Low,14,13,13
Fri Dec 13,,JPY,Tankan Non-Manufacturing Index,Low,33,33,34
Fri Dec 13,5:31am,GBP,GfK Consumer Confidence,Low,-17,-18,-18
Fri Dec 13,10:00am,JPY,Revised Industrial Production m/m,Low,2.8%,3.0%,3.0%
Fri Dec 13,12:30pm,EUR,German Trade Balance,Low,13.4B,15.7B,16.9B
Fri Dec 13,,EUR,German WPI m/m,Low,0.0%,0.2%,0.4%
Fri Dec 13,,GBP,GDP m/m,High,-0.1%,0.1%,-0.1%
Fri Dec 13,,GBP,Construction Output m/m,Low,-0.4%,0.2%,0.1%
Fri Dec 13,,GBP,Goods Trade Balance,Low,-19.0B,-16.1B,-16.3B
Fri Dec 13,,GBP,Index of Services 3m/3m,Low,0.1%,0.2%,0.1%
Fri Dec 13,,GBP,Industrial Production m/m,Low,-0.6%,0.3%,-0.5%
Fri Dec 13,,GBP,Manufacturing Production m/m,Low,-0.6%,0.2%,-1.0%
Fri Dec 13,1:15pm,EUR,French Final CPI m/m,Low,-0.1%,-0.1%,-0.1%
Fri Dec 13,3:00pm,GBP,Consumer Inflation Expectations,Low,3.0%,,2.7%
Fri Dec 13,,EUR,Industrial Production m/m,Low,0.0%,0.0%,-1.5%
Fri Dec 13,6:02pm,GBP,NIESR GDP Estimate,Low,0.0%,,0.1%
Fri Dec 13,,USD,Import Prices m/m,Low,0.1%,-0.2%,0.1%
Mon Dec 16,5:20am,JPY,Core Machinery Orders m/m,Low,2.1%,1.1%,-0.7%
Mon Dec 16,5:31am,GBP,Rightmove HPI m/m,Low,-1.7%,,-1.4%
Mon Dec 16,6:00am,JPY,Flash Manufacturing PMI,Low,49.5,49.2,49.0
Mon Dec 16,10:00am,JPY,Tertiary Industry Activity m/m,Low,0.3%,-0.1%,-0.1%
Mon Dec 16,1:45pm,EUR,French Flash Manufacturing PMI,High,41.9,43.2,43.1
Mon Dec 16,,EUR,French Flash Services PMI,High,48.2,46.9,46.9
Mon Dec 16,2:00pm,EUR,German Flash Manufacturing PMI,High,42.5,43.1,43.0
Mon Dec 16,,EUR,German Flash Services PMI,High,51.0,49.5,49.3
Mon Dec 16,2:30pm,EUR,Flash Manufacturing PMI,Medium,45.2,45.3,45.2
Mon Dec 16,,EUR,Flash Services PMI,Medium,51.4,49.5,49.5
Mon Dec 16,3:00pm,GBP,Flash Manufacturing PMI,High,47.3,48.4,48.0
Mon Dec 16,,GBP,Flash Services PMI,High,51.4,50.9,50.8
Mon Dec 16,7:00pm,USD,Empire State Manufacturing Index,Medium,0.2,6.4,31.2
Mon Dec 16,8:15pm,USD,Flash Manufacturing PMI,High,48.3,49.4,49.7
Mon Dec 16,,USD,Flash Services PMI,High,58.5,55.7,56.1
Tue Dec 17,12:30pm,GBP,Claimant Count Change,High,0.3K,28.2K,-10.9K
Tue Dec 17,,GBP,Average Earnings Index 3m/y,Medium,5.2%,4.6%,4.4%
Tue Dec 17,,GBP,Unemployment Rate,Low,4.3%,4.3%,4.3%
Tue Dec 17,2:30pm,EUR,German ifo Business Climate,Medium,84.7,85.5,85.6
Tue Dec 17,,EUR,Italian Trade Balance,Low,5.15B,3.22B,2.58B
Tue Dec 17,3:30pm,EUR,German ZEW Economic Sentiment,Medium,15.7,6.8,7.4
Tue Dec 17,,EUR,Trade Balance,Low,6.1B,11.7B,12.6B
Tue Dec 17,,EUR,ZEW Economic Sentiment,Low,17.0,12.2,12.5
Tue Dec 17,,USD,Core Retail Sales m/m,High,0.2%,0.4%,0.2%
Tue Dec 17,,USD,Retail Sales m/m,High,0.7%,0.6%,0.5%
Tue Dec 17,7:45pm,USD,Capacity Utilization Rate,Low,76.8%,77.3%,77.0%
Tue Dec 17,,USD,Industrial Production m/m,Low,-0.1%,0.3%,-0.4%
Tue Dec 17,8:30pm,USD,Business Inventories m/m,Low,0.1%,0.2%,0.0%
Tue Dec 17,,USD,NAHB Housing Market Index,Low,46,47,46
Wed Dec 18,5:20am,JPY,Trade Balance,Low,-0.38T,-0.45T,-0.23T
Wed Dec 18,12:30pm,GBP,CPI y/y,High,2.6%,2.6%,2.3%
Wed Dec 18,,GBP,Core CPI y/y,Low,3.5%,3.6%,3.3%
Wed Dec 18,,GBP,PPI Input m/m,Low,0.0%,0.2%,0.1%
Wed Dec 18,,GBP,PPI Output m/m,Low,0.3%,0.2%,-0.1%
Wed Dec 18,,GBP,RPI y/y,Low,3.6%,3.7%,3.4%
Wed Dec 18,,GBP,HPI y/y,Low,3.4%,3.1%,2.8%
Wed Dec 18,3:30pm,EUR,Final Core CPI y/y,Low,2.7%,2.7%,2.7%
Wed Dec 18,,EUR,Final CPI y/y,Low,2.2%,2.3%,2.3%
Wed Dec 18,4:30pm,GBP,CBI Industrial Order Expectations,Low,-40,-22,-19
Wed Dec 18,7:00pm,USD,Building Permits,Medium,1.51M,1.43M,1.42M
Wed Dec 18,,USD,Current Account,Low,-311B,-286B,-275B
Wed Dec 18,,USD,Housing Starts,Low,1.29M,1.35M,1.31M
Wed Dec 18,9:00pm,USD,Crude Oil Inventories,Medium,-0.9M,-1.6M,-1.4M
Thu Dec 19,12:30am,USD,Federal Funds Rate,High,4.50%,4.50%,4.75%
Thu Dec 19,8:22am,JPY,BOJ Policy Rate,High,<0.25%,<0.25%,<0.25%
Thu Dec 19,,EUR,German GfK Consumer Climate,Low,-21.3,-22.6,-23.1
Thu Dec 19,2:32pm,EUR,Current Account,Low,25.8B,33.5B,38.8B
Thu Dec 19,,GBP,MPC Official Bank Rate Votes,High,0-3-6,0-2-7,0-8-1
Thu Dec 19,,GBP,Official Bank Rate,High,4.75%,4.75%,4.75%
Thu Dec 19,7:00pm,USD,Final GDP q/q,High,3.1%,2.8%,2.8%
Thu Dec 19,,USD,Unemployment Claims,High,220K,229K,242K
Thu Dec 19,,USD,Final GDP Price Index q/q,Medium,1.9%,1.9%,1.9%
Thu Dec 19,,USD,Philly Fed Manufacturing Index,Medium,-16.4,2.9,-5.5
Thu Dec 19,8:30pm,USD,Existing Home Sales,Medium,4.15M,4.09M,3.96M
Thu Dec 19,,USD,CB Leading Index m/m,Low,0.3%,-0.1%,-0.4%
Thu Dec 19,9:00pm,USD,Natural Gas Storage,Low,-125B,-123B,-190B
Fri Dec 20,2:30am,USD,TIC Long-Term Purchases,Low,152.3B,154.3B,216.1B
Fri Dec 20,5:00am,JPY,National Core CPI y/y,Low,2.7%,2.6%,2.3%
Fri Dec 20,12:30pm,EUR,German PPI m/m,Low,0.5%,0.3%,0.2%
Fri Dec 20,,GBP,Retail Sales m/m,High,0.2%,0.5%,-0.7%
Fri Dec 20,,GBP,Public Sector Net Borrowing,Low,11.2B,15.5B,18.2B
Fri Dec 20,4:30pm,GBP,CBI Realized Sales,Low,-15,-9,-18
Fri Dec 20,,USD,Core PCE Price Index m/m,High,0.1%,0.2%,0.3%
Fri Dec 20,,USD,Personal Income m/m,Low,0.3%,0.4%,0.7%
Fri Dec 20,,USD,Personal Spending m/m,Low,0.4%,0.5%,0.3%
Fri Dec 20,7:18pm,EUR,Belgian NBB Business Climate,Low,-13.8,-11.7,-11.1
Fri Dec 20,8:30pm,EUR,Consumer Confidence,Low,-15,-14,-14
Fri Dec 20,,USD,Revised UoM Consumer Sentiment,Medium,74.0,74.1,74.0
Fri Dec 20,,USD,Revised UoM Inflation Expectations,Low,2.8%,,2.9%
Mon Dec 23,12:30pm,EUR,German Import Prices m/m,Low,0.9%,0.5%,0.6%
Mon Dec 23,,GBP,Current Account,Low,-18.1B,-22.9B,-24.0B
Mon Dec 23,,GBP,Final GDP q/q,Low,0.0%,0.1%,0.1%
Mon Dec 23,,GBP,Revised Business Investment q/q,Low,1.9%,1.2%,1.2%
Mon Dec 23,,USD,Core Durable Goods Orders m/m,Medium,-0.1%,0.3%,0.2%
Mon Dec 23,,USD,Durable Goods Orders m/m,Medium,-1.1%,-0.3%,0.3%
Mon Dec 23,8:30pm,USD,CB Consumer Confidence,Medium,104.7,112.9,112.8
Mon Dec 23,,USD,New Home Sales,Medium,664K,666K,627K
Tue Dec 24,10:29am,JPY,BOJ Core CPI y/y,Low,1.7%,1.5%,1.5%
Tue Dec 24,8:29pm,USD,Richmond Manufacturing Index,Medium,-10,-10,-14
Wed Dec 25,5:20am,JPY,SPPI y/y,Low,3.0%,3.0%,2.9%
Thu Dec 26,7:00pm,USD,Unemployment Claims,High,219K,223K,220K
Fri Dec 27,5:00am,JPY,Tokyo Core CPI y/y,Medium,2.4%,2.5%,2.2%
Fri Dec 27,,JPY,Unemployment Rate,Low,2.5%,2.5%,2.5%
Fri Dec 27,,JPY,Prelim Industrial Production m/m,Low,-2.3%,-3.4%,2.8%
Fri Dec 27,,JPY,Retail Sales y/y,Low,2.8%,1.5%,1.3%
Fri Dec 27,10:30am,JPY,Housing Starts y/y,Low,-1.8%,-0.1%,-2.9%
Fri Dec 27,7:00pm,USD,Goods Trade Balance,Low,-102.9B,-101.3B,-98.3B
Fri Dec 27,,USD,Prelim Wholesale Inventories m/m,Low,-0.2%,0.1%,0.1%
Fri Dec 27,9:00pm,USD,Natural Gas Storage,Low,-93B,-100B,-125B
Fri Dec 27,11:30pm,USD,Crude Oil Inventories,Medium,-4.2M,-0.7M,-0.9M
Mon Dec 30,6:00am,JPY,Final Manufacturing PMI,Low,49.6,49.5,49.5
Mon Dec 30,,EUR,Spanish Flash CPI y/y,Medium,2.8%,2.6%,2.4%
Mon Dec 30,8:15pm,USD,Chicago PMI,Medium,36.9,42.7,40.2
Mon Dec 30,8:30pm,USD,Pending Home Sales m/m,Medium,2.2%,0.9%,1.8%
Tue Dec 31,7:30pm,USD,S&P/CS Composite-20 HPI y/y,Medium,4.2%,4.1%,4.6%
Tue Dec 31,,USD,HPI m/m,Low,0.4%,0.5%,0.7%
Thu Jan 2,12:30pm,GBP,Nationwide HPI m/m,Low,0.7%,0.1%,1.2%
Thu Jan 2,1:45pm,EUR,Spanish Manufacturing PMI,Low,53.3,53.6,53.1
Thu Jan 2,2:15pm,EUR,Italian Manufacturing PMI,Low,46.2,44.9,44.5
Thu Jan 2,2:20pm,EUR,French Final Manufacturing PMI,Low,41.9,41.9,41.9
Thu Jan 2,2:25pm,EUR,German Final Manufacturing PMI,Low,42.5,42.5,42.5
Thu Jan 2,2:30pm,EUR,Final Manufacturing PMI,Low,45.1,45.2,45.2
Thu Jan 2,,EUR,M3 Money Supply y/y,Low,3.8%,3.5%,3.4%
Thu Jan 2,,EUR,Private Loans y/y,Low,0.9%,0.9%,0.8%
Thu Jan 2,3:00pm,GBP,Final Manufacturing PMI,Low,47.0,47.3,47.3
Thu Jan 2,7:00pm,USD,Unemployment Claims,High,211K,222K,220K
Thu Jan 2,8:15pm,USD,Final Manufacturing PMI,Medium,49.4,48.3,48.3
Thu Jan 2,8:30pm,USD,Construction Spending m/m,Low,0.0%,0.3%,0.5%
Thu Jan 2,9:30pm,USD,Crude Oil Inventories,Medium,-1.2M,-2.4M,-4.2M
Fri Jan 3,1:30pm,EUR,Spanish Unemployment Change,Low,-25.3K,-46.5K,-16.0K
Fri Jan 3,2:25pm,EUR,German Unemployment Change,Low,10K,15K,6K
Fri Jan 3,3:00pm,GBP,M4 Money Supply m/m,Low,0.0%,0.1%,-0.2%
Fri Jan 3,,GBP,Mortgage Approvals,Low,66K,69K,68K
Fri Jan 3,,GBP,Net Lending to Individuals m/m,Low,3.4B,4.4B,4.5B
Fri Jan 3,8:30pm,USD,ISM Manufacturing PMI,High,49.3,48.2,48.4
Fri Jan 3,,USD,ISM Manufacturing Prices,Medium,52.5,51.5,50.3
Fri Jan 3,All Day,USD,Wards Total Vehicle Sales,Low,16.8M,16.5M,16.5M
Fri Jan 3,9:00pm,USD,Natural Gas Storage,Low,-116B,-127B,-93B
Mon Jan 6,All Day,EUR,German Prelim CPI m/m,High,0.4%,0.3%,-0.2%
Mon Jan 6,1:45pm,EUR,Spanish Services PMI,Low,57.3,54.1,53.1
Mon Jan 6,2:15pm,EUR,Italian Services PMI,Low,50.7,50.0,49.2
Mon Jan 6,2:20pm,EUR,French Final Services PMI,Low,49.3,48.2,48.2
Mon Jan 6,2:25pm,EUR,German Final Services PMI,Low,51.2,51.0,51.0
Mon Jan 6,2:30pm,EUR,Final Services PMI,Low,51.6,51.4,51.4
Mon Jan 6,3:00pm,EUR,Sentix Investor Confidence,Low,-17.7,-17.7,-17.5
Mon Jan 6,,GBP,Final Services PMI,Low,51.1,51.4,51.4
Mon Jan 6,8:15pm,USD,Final Services PMI,Medium,56.8,58.5,58.5
Mon Jan 6,8:30pm,USD,Factory Orders m/m,Low,-0.4%,-0.3%,0.5%
Tue Jan 7,5:20am,JPY,Monetary Base y/y,Low,-1.0%,-0.2%,-0.3%
Tue Jan 7,5:31am,GBP,BRC Retail Sales Monitor y/y,Low,3.1%,-0.2%,-3.4%
Tue Jan 7,9:05am,JPY,10-y Bond Auction,Low,1.14|3.4,,1.08|3.1
Tue Jan 7,12:30pm,GBP,Halifax HPI m/m,Low,-0.2%,0.8%,1.2%
Tue Jan 7,1:15pm,EUR,French Prelim CPI m/m,Low,0.2%,0.3%,-0.1%
Tue Jan 7,2:30pm,EUR,Italian Monthly Unemployment Rate,Low,5.7%,5.8%,5.8%
Tue Jan 7,3:00pm,GBP,Construction PMI,Medium,53.3,54.3,55.2
Tue Jan 7,,GBP,Housing Equity Withdrawal q/q,Low,-12.5B,-11.5B,-15.2B
Tue Jan 7,3:30pm,EUR,Core CPI Flash Estimate y/y,Medium,2.7%,2.7%,2.7%
Tue Jan 7,,EUR,CPI Flash Estimate y/y,Medium,2.4%,2.4%,2.2%
Tue Jan 7,,EUR,Italian Prelim CPI m/m,Low,0.1%,0.3%,0.0%
Tue Jan 7,,EUR,Unemployment Rate,Low,6.3%,6.3%,6.3%
Tue Jan 7,3:32pm,GBP,30-y Bond Auction,Low,5.20|2.7,,4.83|3.1
Tue Jan 7,,USD,Trade Balance,Low,-78.2B,-78.3B,-73.6B
Tue Jan 7,,USD,ISM Services PMI,High,54.1,53.5,52.1
Tue Jan 7,,USD,JOLTS Job Openings,High,8.10M,7.73M,7.84M
Tue Jan 7,11:31pm,USD,10-y Bond Auction,Low,4.68|2.5,,4.24|2.7
Wed Jan 8,10:30am,JPY,Consumer Confidence,Low,36.2,36.6,36.4
Wed Jan 8,12:30pm,EUR,German Factory Orders m/m,Low,-5.4%,-0.3%,-1.5%
Wed Jan 8,,EUR,German Retail Sales m/m,Low,-0.6%,0.5%,-0.3%
Wed Jan 8,1:15pm,EUR,French Trade Balance,Low,-7.1B,-7.0B,-7.5B
Wed Jan 8,3:30pm,EUR,PPI m/m,Low,1.6%,1.5%,0.4%
Wed Jan 8,4:08pm,EUR,German 10-y Bond Auction,Low,2.51|2.1,,2.07|2.4
Wed Jan 8,6:45pm,USD,ADP Non-Farm Employment Change,High,122K,139K,146K
Wed Jan 8,7:00pm,USD,Unemployment Claims,High,201K,214K,211K
Wed Jan 8,8:30pm,USD,Final Wholesale Inventories m/m,Low,-0.2%,-0.2%,-0.2%
Wed Jan 8,9:00pm,USD,Crude Oil Inventories,Medium,-1.0M,-1.8M,-1.2M
Wed Jan 8,10:30pm,USD,Natural Gas Storage,Low,-40B,-39B,-116B
Wed Jan 8,11:31pm,USD,30-y Bond Auction,Low,4.91|2.5,,4.54|2.4
Thu Jan 9,1:30am,USD,Consumer Credit m/m,Low,-7.5B,10.3B,17.3B
Thu Jan 9,5:00am,JPY,Average Cash Earnings y/y,Low,3.0%,2.7%,2.2%
Thu Jan 9,5:31am,GBP,BRC Shop Price Index y/y,Low,-1.0%,,-0.6%
Thu Jan 9,9:05am,JPY,30-y Bond Auction,Low,2.30|3.7,,2.29|3.5
Thu Jan 9,12:30pm,EUR,German Industrial Production m/m,Low,1.5%,0.5%,-0.4%
Thu Jan 9,,EUR,German Trade Balance,Low,19.7B,14.7B,13.4B
Thu Jan 9,3:29pm,EUR,French 10-y Bond Auction,Low,3.40|2.0,,3.24|2.0
Thu Jan 9,3:30pm,EUR,Retail Sales m/m,Low,0.1%,0.3%,-0.3%
Thu Jan 9,6:00pm,USD,Challenger Job Cuts y/y,Low,11.4%,,26.8%
Fri Jan 10,5:00am,JPY,Household Spending y/y,Low,-0.4%,-0.8%,-1.3%
Fri Jan 10,10:30am,JPY,Leading Indicators,Low,107.0%,107.2%,109.1%
Fri Jan 10,1:15pm,EUR,French Consumer Spending m/m,Low,0.3%,0.1%,-0.3%
Fri Jan 10,,EUR,French Industrial Production m/m,Low,0.2%,-0.1%,-0.3%
Fri Jan 10,2:30pm,EUR,Italian Retail Sales m/m,Low,-0.4%,0.2%,-0.5%
Fri Jan 10,,USD,Average Hourly Earnings m/m,High,0.3%,0.3%,0.4%
Fri Jan 10,,USD,Non-Farm Employment Change,High,256K,164K,212K
Fri Jan 10,,USD,Unemployment Rate,High,4.1%,4.2%,4.2%
Fri Jan 10,8:30pm,USD,Prelim UoM Consumer Sentiment,Medium,73.2,74.0,74.0
Fri Jan 10,,USD,Prelim UoM Inflation Expectations,Medium,3.3%,,2.8%
Tue Jan 14,5:20am,JPY,Bank Lending y/y,Low,3.1%,3.1%,2.9%
Tue Jan 14,,JPY,Current Account,Low,3.03T,2.59T,2.41T
Tue Jan 14,10:30am,JPY,Economy Watchers Sentiment,Low,49.9,49.4,49.4
Tue Jan 14,1:15pm,EUR,French Gov Budget Balance,Low,-172.5B,,-157.4B
Tue Jan 14,2:30pm,EUR,Italian Industrial Production m/m,Low,0.3%,0.0%,0.1%
Tue Jan 14,4:30pm,USD,NFIB Small Business Index,Low,105.1,101.3,101.7
Tue Jan 14,7:00pm,USD,Core PPI m/m,High,0.0%,0.2%,0.2%
Tue Jan 14,,USD,PPI m/m,High,0.2%,0.4%,0.4%
Tue Jan 14,8:36pm,USD,RCM/TIPP Economic Optimism,Low,51.9,55.1,54.0
Wed Jan 15,12:30am,USD,Federal Budget Balance,Low,-86.7B,-77.6B,-366.8B
Wed Jan 15,5:20am,JPY,M2 Money Stock y/y,Low,1.3%,1.2%,1.2%
Wed Jan 15,11:28am,JPY,Prelim Machine Tool Orders y/y,Low,11.2%,,3.0%
Wed Jan 15,12:30pm,EUR,German WPI m/m,Low,0.1%,0.1%,0.0%
Wed Jan 15,,GBP,CPI y/y,High,2.5%,2.6%,2.6%
Wed Jan 15,,GBP,Core CPI y/y,Low,3.2%,3.4%,3.5%
Wed Jan 15,,GBP,PPI Input m/m,Low,0.1%,0.2%,0.0%
Wed Jan 15,,GBP,PPI Output m/m,Low,0.1%,0.1%,0.4%
Wed Jan 15,,GBP,RPI y/y,Low,3.5%,3.8%,3.6%
Wed Jan 15,1:15pm,EUR,French Final CPI m/m,Low,0.2%,0.2%,0.2%
Wed Jan 15,3:00pm,GBP,HPI y/y,Low,3.3%,3.5%,3.4%
Wed Jan 15,3:30pm,EUR,Industrial Production m/m,Low,0.2%,0.3%,0.2%
Wed Jan 15,3:32pm,GBP,10-y Bond Auction,Low,4.81|2.8,,4.33|2.9
Wed Jan 15,4:04pm,EUR,German 30-y Bond Auction,Low,2.84|2.8,,2.55|3.6
Wed Jan 15,,USD,Core CPI m/m,High,0.2%,0.3%,0.3%
Wed Jan 15,,USD,CPI m/m,High,0.4%,0.4%,0.3%
Wed Jan 15,,USD,CPI y/y,High,2.9%,2.9%,2.7%
Wed Jan 15,,USD,Empire State Manufacturing Index,Medium,-12.6,2.7,0.2
Wed Jan 15,9:00pm,USD,Crude Oil Inventories,Medium,-2.0M,-1.0M,-1.0M
Thu Jan 16,5:20am,JPY,PPI y/y,Low,3.8%,3.8%,3.8%
Thu Jan 16,5:31am,GBP,RICS House Price Balance,Low,28%,28%,24%
Thu Jan 16,12:30pm,EUR,German Final CPI m/m,Low,0.5%,0.4%,0.4%
Thu Jan 16,,GBP,GDP m/m,High,0.1%,0.2%,-0.1%
Thu Jan 16,,GBP,Construction Output m/m,Low,0.4%,0.4%,-0.3%
Thu Jan 16,,GBP,Goods Trade Balance,Low,-19.3B,-18.0B,-19.3B
Thu Jan 16,,GBP,Index of Services 3m/3m,Low,0.0%,0.1%,0.0%
Thu Jan 16,,GBP,Industrial Production m/m,Low,-0.4%,0.1%,-0.6%
Thu Jan 16,,GBP,Manufacturing Production m/m,Low,-0.3%,-0.2%,-0.6%
Thu Jan 16,3:30pm,EUR,Italian Trade Balance,Low,4.22B,4.50B,5.07B
Thu Jan 16,,EUR,Trade Balance,Low,12.9B,11.8B,7.0B
Thu Jan 16,6:15pm,GBP,NIESR GDP Estimate,Low,0.0%,,0.0%
Thu Jan 16,7:00pm,USD,Core Retail Sales m/m,High,0.4%,0.5%,0.2%
Thu Jan 16,,USD,Retail Sales m/m,High,0.4%,0.6%,0.8%
Thu Jan 16,,USD,Unemployment Claims,High,217K,210K,203K
Thu Jan 16,,USD,Philly Fed Manufacturing Index,Medium,44.3,-5.2,-16.4
Thu Jan 16,,USD,Import Prices m/m,Low,0.1%,-0.1%,0.1%
Thu Jan 16,8:30pm,USD,Business Inventories m/m,Low,0.1%,0.1%,0.0%
Thu Jan 16,,USD,NAHB Housing Market Index,Low,47,45,46
Thu Jan 16,,USD,Natural Gas Storage,Low,-258B,-260B,-40B
Fri Jan 17,12:30pm,GBP,Retail Sales m/m,High,-0.3%,0.4%,0.1%
Fri Jan 17,2:30pm,EUR,Current Account,Low,27.0B,28.0B,30.2B
Fri Jan 17,3:30pm,EUR,Final Core CPI y/y,Low,2.7%,2.7%,2.7%
Fri Jan 17,,EUR,Final CPI y/y,Low,2.4%,2.4%,2.4%
Fri Jan 17,,USD,Building Permits,Medium,1.48M,1.46M,1.49M
Fri Jan 17,,USD,Housing Starts,Low,1.50M,1.33M,1.29M
Fri Jan 17,7:45pm,USD,Capacity Utilization Rate,Low,77.6%,77.0%,77.0%
Fri Jan 17,,USD,Industrial Production m/m,Low,0.9%,0.3%,0.2%
Fri Jan 17,8:00pm,GBP,CB Leading Index m/m,Low,-0.3%,,0.1%
Sat Jan 18,2:30am,USD,TIC Long-Term Purchases,Low,79.0B,159.9B,159.1B
Mon Jan 20,5:20am,JPY,Core Machinery Orders m/m,Low,3.4%,-0.7%,2.1%
Mon Jan 20,5:31am,GBP,Rightmove HPI m/m,Low,1.7%,,-1.7%
Mon Jan 20,10:00am,JPY,Revised Industrial Production m/m,Low,-2.2%,-2.3%,-2.3%
Mon Jan 20,,JPY,Tertiary Industry Activity m/m,Low,-0.3%,0.1%,0.1%
Mon Jan 20,12:30pm,EUR,German PPI m/m,Low,-0.1%,0.3%,0.5%
Tue Jan 21,12:30pm,GBP,Claimant Count Change,High,0.7K,10.3K,-25.1K
Tue Jan 21,,GBP,Average Earnings Index 3m/y,Medium,5.6%,5.6%,5.2%
Tue Jan 21,,GBP,Unemployment Rate,Low,4.4%,4.3%,4.3%
Tue Jan 21,3:30pm,EUR,German ZEW Economic Sentiment,Medium,10.3,15.2,15.7
Tue Jan 21,,EUR,ZEW Economic Sentiment,Low,18.0,16.9,17.0
Wed Jan 22,12:30pm,GBP,Public Sector Net Borrowing,Low,17.8B,14.2B,11.8B
Wed Jan 22,8:30pm,USD,CB Leading Index m/m,Low,-0.1%,-0.1%,0.4%
Thu Jan 23,5:20am,JPY,Trade Balance,Low,-0.03T,-0.51T,-0.39T
Thu Jan 23,4:30pm,GBP,CBI Industrial Order Expectations,Low,-34,-35,-40
Thu Jan 23,,USD,Unemployment Claims,High,223K,221K,217K
Thu Jan 23,8:30pm,EUR,Consumer Confidence,Low,-14,-14,-15
Thu Jan 23,9:00pm,USD,Natural Gas Storage,Low,-223B,-270B,-258B
Thu Jan 23,10:30pm,USD,Crude Oil Inventories,Medium,-1.0M,-0.1M,-2.0M
Fri Jan 24,5:00am,JPY,National Core CPI y/y,Low,3.0%,3.0%,2.7%
Fri Jan 24,5:31am,GBP,GfK Consumer Confidence,Low,-22,-18,-17
Fri Jan 24,6:00am,JPY,Flash Manufacturing PMI,Low,48.8,48.9,49.6
Fri Jan 24,,JPY,BOJ Policy Rate,High,<0.50%,<0.50%,<0.25%
Fri Jan 24,1:45pm,EUR,French Flash Manufacturing PMI,High,45.3,42.4,41.9
Fri Jan 24,,EUR,French Flash Services PMI,High,48.9,49.3,49.3
Fri Jan 24,2:00pm,EUR,German Flash Manufacturing PMI,High,44.1,42.7,42.5
Fri Jan 24,,EUR,German Flash Services PMI,High,52.5,51.1,51.2
Fri Jan 24,2:30pm,EUR,Flash Manufacturing PMI,Medium,46.1,45.6,45.1
Fri Jan 24,,EUR,Flash Services PMI,Medium,51.4,51.4,51.6
Fri Jan 24,3:00pm,GBP,Flash Manufacturing PMI,High,48.2,46.9,47.0
Fri Jan 24,,GBP,Flash Services PMI,High,51.2,50.8,51.1
Fri Jan 24,4:30pm,GBP,CBI Realized Sales,Low,-24,-11,-15
Fri Jan 24,8:15pm,USD,Flash Manufacturing PMI,High,50.1,49.8,49.4
Fri Jan 24,,USD,Flash Services PMI,High,52.8,56.4,56.8
Fri Jan 24,8:30pm,USD,Existing Home Sales,Medium,4.24M,4.19M,4.15M
Fri Jan 24,,USD,Revised UoM Consumer Sentiment,Medium,71.1,73.3,73.2
Fri Jan 24,,USD,Revised UoM Inflation Expectations,Low,3.3%,,3.3%
Mon Jan 27,2:30pm,EUR,German ifo Business Climate,Medium,85.1,84.9,84.7
Mon Jan 27,7:28pm,EUR,Belgian NBB Business Climate,Low,-13.6,-10.3,-13.8
Mon Jan 27,8:30pm,USD,New Home Sales,Medium,698K,669K,674K
Tue Jan 28,5:20am,JPY,SPPI y/y,Low,2.9%,3.2%,3.0%
Tue Jan 28,5:31am,GBP,BRC Shop Price Index y/y,Low,-0.7%,,-1.0%
Tue Jan 28,10:30am,JPY,BOJ Core CPI y/y,Low,1.9%,1.7%,1.7%
Tue Jan 28,1:30pm,EUR,Spanish Unemployment Rate,Low,10.6%,11.1%,11.2%
Tue Jan 28,7:00pm,USD,Core Durable Goods Orders m/m,Medium,0.3%,0.4%,-0.2%
Tue Jan 28,,USD,Durable Goods Orders m/m,Medium,-2.2%,0.3%,-1.2%
Tue Jan 28,7:30pm,USD,S&P/CS Composite-20 HPI y/y,Medium,4.3%,4.2%,4.2%
Tue Jan 28,,USD,HPI m/m,Low,0.3%,0.4%,0.5%
Tue Jan 28,8:29pm,USD,Richmond Manufacturing Index,Medium,-4,-13,-10
Tue Jan 28,8:30pm,USD,CB Consumer Confidence,High,104.1,105.7,109.5
Wed Jan 29,10:30am,JPY,Consumer Confidence,Low,35.2,36.6,36.2
Wed Jan 29,12:30pm,EUR,German GfK Consumer Climate,Low,-22.4,-20.5,-21.4
Wed Jan 29,1:30pm,EUR,Spanish Flash GDP q/q,Low,0.8%,0.6%,0.8%
Wed Jan 29,,EUR,M3 Money Supply y/y,Low,3.5%,3.9%,3.8%
Wed Jan 29,,EUR,Private Loans y/y,Low,1.1%,1.0%,0.9%
Wed Jan 29,4:01pm,EUR,German 10-y Bond Auction,Low,2.54|2.8,,2.51|2.1
Wed Jan 29,7:00pm,USD,Goods Trade Balance,Low,-122.1B,-105.6B,-103.5B
Wed Jan 29,,USD,Prelim Wholesale Inventories m/m,Low,-0.5%,0.2%,-0.1%
Wed Jan 29,,USD,Crude Oil Inventories,Medium,3.5M,2.2M,-1.0M
Thu Jan 30,12:30am,USD,Federal Funds Rate,High,4.50%,4.50%,4.50%
Thu Jan 30,12:00pm,EUR,French Consumer Spending m/m,Low,0.7%,0.1%,0.2%
Thu Jan 30,,EUR,French Flash GDP q/q,Low,-0.1%,0.0%,0.4%
Thu Jan 30,,EUR,German Import Prices m/m,Low,0.4%,0.5%,0.9%
Thu Jan 30,,EUR,Spanish Flash CPI y/y,Medium,3.0%,2.9%,2.8%
Thu Jan 30,2:30pm,EUR,Italian Prelim GDP q/q,Low,0.0%,0.1%,0.0%
Thu Jan 30,,EUR,German Prelim GDP q/q,Low,-0.2%,-0.1%,0.1%
Thu Jan 30,3:00pm,GBP,M4 Money Supply m/m,Low,0.1%,0.2%,0.0%
Thu Jan 30,,GBP,Mortgage Approvals,Low,67K,65K,66K
Thu Jan 30,,GBP,Net Lending to Individuals m/m,Low,4.6B,3.6B,3.5B
Thu Jan 30,3:30pm,EUR,Italian Monthly Unemployment Rate,Low,6.2%,5.7%,5.9%
Thu Jan 30,,EUR,Prelim Flash GDP q/q,Low,0.0%,0.1%,0.4%
Thu Jan 30,,EUR,Unemployment Rate,Low,6.3%,6.3%,6.2%
Thu Jan 30,3:53pm,EUR,Italian 10-y Bond Auction,Low,3.60|1.8,,3.19|2.1
Thu Jan 30,6:45pm,EUR,Main Refinancing Rate,High,2.90%,2.90%,3.15%
Thu Jan 30,7:00pm,USD,Advance GDP q/q,High,2.3%,2.7%,3.1%
Thu Jan 30,,USD,Unemployment Claims,High,207K,224K,223K
Thu Jan 30,,USD,Advance GDP Price Index q/q,Medium,2.2%,2.5%,1.9%
Thu Jan 30,8:30pm,USD,Pending Home Sales m/m,Medium,-5.5%,0.0%,1.6%
Thu Jan 30,9:00pm,USD,Natural Gas Storage,Low,-321B,-317B,-223B
Fri Jan 31,5:00am,JPY,Tokyo Core CPI y/y,Medium,2.5%,2.5%,2.4%
Fri Jan 31,,JPY,Unemployment Rate,Low,2.4%,2.5%,2.5%
Fri Jan 31,5:20am,JPY,Prelim Industrial Production m/m,Low,0.3%,-0.1%,-2.2%
Fri Jan 31,,JPY,Retail Sales y/y,Low,3.7%,3.4%,2.8%
Fri Jan 31,10:30am,JPY,Housing Starts y/y,Low,-2.5%,-3.7%,-1.8%
Fri Jan 31,12:30pm,EUR,German Retail Sales m/m,Low,-1.6%,0.0%,0.0%
Fri Jan 31,,GBP,Nationwide HPI m/m,Low,0.1%,0.3%,0.7%
Fri Jan 31,All Day,EUR,German Prelim CPI m/m,High,-0.2%,0.1%,0.5%
Fri Jan 31,1:15pm,EUR,French Prelim CPI m/m,Low,-0.1%,0.0%,0.2%
Fri Jan 31,2:25pm,EUR,German Unemployment Change,Low,11K,14K,10K
Fri Jan 31,,USD,Core PCE Price Index m/m,High,0.2%,0.2%,0.1%
Fri Jan 31,,USD,Employment Cost Index q/q,High,0.9%,0.9%,0.8%
Fri Jan 31,,USD,Personal Income m/m,Low,0.4%,0.4%,0.3%
Fri Jan 31,,USD,Personal Spending m/m,Low,0.7%,0.5%,0.6%
Fri Jan 31,8:15pm,USD,Chicago PMI,Medium,39.5,40.3,36.9
Mon Feb 3,,JPY,Final Manufacturing PMI,Low,48.7,48.8,48.8
Mon Feb 3,1:45pm,EUR,Spanish Manufacturing PMI,Low,50.9,53.5,53.3
Mon Feb 3,2:15pm,EUR,Italian Manufacturing PMI,Low,46.3,46.8,46.2
Mon Feb 3,2:20pm,EUR,French Final Manufacturing PMI,Low,45.0,45.3,45.3
Mon Feb 3,2:25pm,EUR,German Final Manufacturing PMI,Low,45.0,44.1,44.1
Mon Feb 3,2:30pm,EUR,Final Manufacturing PMI,Low,46.6,46.1,46.1
Mon Feb 3,3:00pm,GBP,Final Manufacturing PMI,Low,48.3,48.2,48.2
Mon Feb 3,3:30pm,EUR,Core CPI Flash Estimate y/y,Medium,2.7%,2.6%,2.7%
Mon Feb 3,,EUR,CPI Flash Estimate y/y,Medium,2.5%,2.4%,2.4%
Mon Feb 3,,EUR,Italian Prelim CPI m/m,Low,0.6%,0.4%,0.1%
Mon Feb 3,8:15pm,USD,Final Manufacturing PMI,Medium,51.2,50.1,50.1
Mon Feb 3,8:30pm,USD,ISM Manufacturing PMI,High,50.9,49.3,49.3
Mon Feb 3,,USD,ISM Manufacturing Prices,Medium,54.9,52.6,52.5
Mon Feb 3,,USD,Construction Spending m/m,Low,0.5%,0.3%,0.2%
Mon Feb 3,All Day,USD,Wards Total Vehicle Sales,Low,15.6M,16.0M,16.8M
Tue Feb 4,5:20am,JPY,Monetary Base y/y,Low,-2.5%,-0.5%,-1.0%
Tue Feb 4,9:05am,JPY,10-y Bond Auction,Low,1.26|3.2,,1.14|3.4
Tue Feb 4,1:15pm,EUR,French Gov Budget Balance,Low,-156.3B,,-172.5B
Tue Feb 4,1:30pm,EUR,Spanish Unemployment Change,Low,38.7K,55.4K,-25.3K
Tue Feb 4,8:30pm,USD,JOLTS Job Openings,High,7.60M,8.01M,8.16M
Tue Feb 4,,USD,Factory Orders m/m,Low,-0.9%,-0.7%,-0.8%
Tue Feb 4,8:37pm,USD,RCM/TIPP Economic Optimism,Low,52.0,53.0,51.9
Wed Feb 5,5:00am,JPY,Average Cash Earnings y/y,Low,4.8%,3.6%,3.9%
Wed Feb 5,1:15pm,EUR,French Industrial Production m/m,Low,-0.4%,-0.1%,0.1%
Wed Feb 5,1:45pm,EUR,Spanish Services PMI,Low,54.9,56.7,57.3
Wed Feb 5,2:15pm,EUR,Italian Services PMI,Low,50.4,50.5,50.7
Wed Feb 5,2:20pm,EUR,French Final Services PMI,Low,48.2,48.9,48.9
Wed Feb 5,2:25pm,EUR,German Final Services PMI,Low,52.5,52.5,52.5
Wed Feb 5,2:30pm,EUR,Final Services PMI,Low,51.3,51.4,51.4
Wed Feb 5,,EUR,Italian Retail Sales m/m,Low,0.6%,0.1%,-0.4%
Wed Feb 5,3:00pm,GBP,Final Services PMI,Low,50.8,51.2,51.2
Wed Feb 5,3:30pm,EUR,PPI m/m,Low,0.4%,0.5%,1.7%
Wed Feb 5,3:32pm,GBP,30-y Bond Auction,Low,4.98|3.2,,5.20|2.7
Wed Feb 5,6:45pm,USD,ADP Non-Farm Employment Change,High,183K,148K,176K
Wed Feb 5,,USD,Trade Balance,Low,-98.4B,-96.5B,-78.9B
Wed Feb 5,8:15pm,USD,Final Services PMI,Medium,52.9,52.9,52.8
Wed Feb 5,8:30pm,USD,ISM Services PMI,High,52.8,54.2,54.1
Wed Feb 5,9:00pm,USD,Crude Oil Inventories,Medium,8.7M,2.4M,3.5M
Thu Feb 6,9:05am,JPY,30-y Bond Auction,Low,2.29|3.7,,2.30|3.7
Thu Feb 6,12:30pm,EUR,German Factory Orders m/m,Low,6.9%,1.9%,-5.2%
Thu Feb 6,3:00pm,GBP,Construction PMI,Medium,48.1,53.5,53.3
Thu Feb 6,3:30pm,EUR,Retail Sales m/m,Low,-0.2%,-0.1%,0.0%
Thu Feb 6,3:32pm,EUR,French 10-y Bond Auction,Low,3.15|2.2,,3.40|2.0
Thu Feb 6,,GBP,MPC Official Bank Rate Votes,High,0-9-0,0-8-1,0-3-6
Thu Feb 6,,GBP,Official Bank Rate,High,4.50%,4.50%,4.75%
Thu Feb 6,,USD,Challenger Job Cuts y/y,Low,-39.5%,,11.4%
Thu Feb 6,7:00pm,USD,Unemployment Claims,High,219K,214K,208K
Thu Feb 6,,USD,Prelim Nonfarm Productivity q/q,Low,1.2%,1.5%,2.3%
Thu Feb 6,,USD,Prelim Unit Labor Costs q/q,Low,3.0%,3.4%,0.8%
Thu Feb 6,,USD,Mortgage Delinquencies,Low,3.98%,,3.92%
Thu Feb 6,9:00pm,USD,Natural Gas Storage,Low,-174B,-167B,-321B
Fri Feb 7,5:00am,JPY,Household Spending y/y,Low,2.7%,0.5%,-0.4%
Fri Feb 7,10:30am,JPY,Leading Indicators,Low,108.9%,108.2%,107.5%
Fri Feb 7,12:30pm,EUR,German Industrial Production m/m,Low,-2.4%,-0.7%,1.3%
Fri Feb 7,,EUR,German Trade Balance,Low,20.7B,17.0B,19.2B
Fri Feb 7,,GBP,Halifax HPI m/m,Low,0.7%,0.4%,-0.2%
Fri Feb 7,1:15pm,EUR,French Prelim Private Payrolls q/q,Low,-0.2%,-0.1%,0.1%
Fri Feb 7,,EUR,French Trade Balance,Low,-3.9B,-5.3B,-6.3B
Fri Feb 7,,USD,Average Hourly Earnings m/m,High,0.5%,0.3%,0.3%
Fri Feb 7,,USD,Non-Farm Employment Change,High,143K,169K,307K
Fri Feb 7,,USD,Unemployment Rate,High,4.0%,4.1%,4.1%
Fri Feb 7,8:30pm,USD,Prelim UoM Consumer Sentiment,Medium,67.8,71.9,71.1
Fri Feb 7,,USD,Prelim UoM Inflation Expectations,Medium,4.3%,,3.3%
Fri Feb 7,,USD,Final Wholesale Inventories m/m,Low,-0.5%,-0.5%,-0.5%
Sat Feb 8,1:30am,USD,Consumer Credit m/m,Low,40.8B,17.7B,-5.4B
Mon Feb 10,5:20am,JPY,Bank Lending y/y,Low,3.0%,3.1%,3.0%
Mon Feb 10,,JPY,Current Account,Low,2.73T,2.73T,3.03T
Mon Feb 10,10:30am,JPY,Economy Watchers Sentiment,Low,48.6,49.7,49.9
Mon Feb 10,3:00pm,EUR,Sentix Investor Confidence,Low,-12.7,-16.4,-17.7
Mon Feb 10,8:15pm,USD,Cleveland Fed Inflation Expectations,Low,3.2%,,3.8%
Tue Feb 11,5:31am,GBP,BRC Retail Sales Monitor y/y,Low,2.5%,1.1%,3.1%
Tue Feb 11,4:30pm,USD,NFIB Small Business Index,Low,102.8,104.6,105.1
Wed Feb 12,5:20am,JPY,M2 Money Stock y/y,Low,1.3%,1.3%,1.3%
Wed Feb 12,11:29am,JPY,Prelim Machine Tool Orders y/y,Low,4.7%,,12.6%
Wed Feb 12,2:30pm,EUR,Italian Industrial Production m/m,Low,-3.1%,-0.1%,0.3%
Wed Feb 12,4:07pm,EUR,German 30-y Bond Auction,Low,2.70|2.5,,2.84|2.8
Wed Feb 12,7:00pm,USD,Core CPI m/m,High,0.4%,0.3%,0.2%
Wed Feb 12,,USD,CPI m/m,High,0.5%,0.3%,0.4%
Wed Feb 12,,USD,CPI y/y,High,3.0%,2.9%,2.9%
Wed Feb 12,8:00pm,GBP,CB Leading Index m/m,Low,-0.1%,,-0.1%
Wed Feb 12,9:00pm,USD,Crude Oil Inventories,Medium,4.1M,2.4M,8.7M
Wed Feb 12,11:31pm,USD,10-y Bond Auction,Low,4.63|2.5,,4.68|2.5
Thu Feb 13,12:30am,USD,Federal Budget Balance,Low,-128.6B,-88.1B,-86.7B
Thu Feb 13,5:20am,JPY,PPI y/y,Low,4.2%,4.0%,3.9%
Thu Feb 13,5:31am,GBP,RICS House Price Balance,Low,22%,27%,26%
Thu Feb 13,12:30pm,EUR,German Final CPI m/m,Low,-0.2%,-0.2%,-0.2%
Thu Feb 13,,GBP,GDP m/m,High,0.4%,0.1%,0.1%
Thu Feb 13,,GBP,Prelim GDP q/q,Medium,0.1%,-0.1%,0.0%
Thu Feb 13,,GBP,Construction Output m/m,Low,-0.2%,0.2%,0.6%
Thu Feb 13,,GBP,Goods Trade Balance,Low,-17.4B,-18.6B,-18.9B
Thu Feb 13,,GBP,Index of Services 3m/3m,Low,0.2%,0.1%,0.0%
Thu Feb 13,,GBP,Industrial Production m/m,Low,0.5%,0.2%,-0.5%
Thu Feb 13,,GBP,Manufacturing Production m/m,Low,0.7%,0.0%,-0.3%
Thu Feb 13,,GBP,Prelim Business Investment q/q,Low,-3.2%,-0.4%,1.9%
Thu Feb 13,3:30pm,EUR,Industrial Production m/m,Low,-1.1%,-0.6%,0.4%
Thu Feb 13,6:16pm,GBP,NIESR GDP Estimate,Low,0.3%,,0.1%
Thu Feb 13,7:00pm,USD,Core PPI m/m,High,0.3%,0.3%,0.4%
Thu Feb 13,,USD,PPI m/m,High,0.4%,0.3%,0.5%
Thu Feb 13,,USD,Unemployment Claims,High,213K,217K,220K
Thu Feb 13,,USD,Natural Gas Storage,Low,-100B,-90B,-174B
Thu Feb 13,11:31pm,USD,30-y Bond Auction,Low,4.75|2.3,,4.91|2.5
Fri Feb 14,12:30pm,EUR,German WPI m/m,Low,0.9%,0.2%,0.1%
Fri Feb 14,3:30pm,EUR,Flash Employment Change q/q,Low,0.1%,0.1%,0.2%
Fri Feb 14,,EUR,Flash GDP q/q,Low,0.1%,0.0%,0.0%
Fri Feb 14,,USD,Core Retail Sales m/m,High,-0.4%,0.3%,0.7%
Fri Feb 14,,USD,Retail Sales m/m,High,-0.9%,-0.2%,0.7%
Fri Feb 14,,USD,Import Prices m/m,Low,0.3%,0.4%,0.2%
Fri Feb 14,7:45pm,USD,Capacity Utilization Rate,Low,77.8%,77.7%,77.5%
Fri Feb 14,,USD,Industrial Production m/m,Low,0.5%,0.3%,1.0%
Fri Feb 14,8:30pm,USD,Business Inventories m/m,Low,-0.2%,0.0%,0.1%
Mon Feb 17,5:20am,JPY,Prelim GDP Price Index y/y,Low,2.8%,2.8%,2.4%
Mon Feb 17,,JPY,Prelim GDP q/q,Low,0.7%,0.3%,0.3%
Mon Feb 17,5:31am,GBP,Rightmove HPI m/m,Low,0.5%,,1.7%
Mon Feb 17,10:00am,JPY,Revised Industrial Production m/m,Low,-0.2%,0.3%,0.3%
Mon Feb 17,,JPY,Tertiary Industry Activity m/m,Low,0.1%,0.2%,-0.3%
Mon Feb 17,2:30pm,EUR,Italian Trade Balance,Low,5.98B,4.35B,4.00B
Mon Feb 17,3:30pm,EUR,Trade Balance,Low,14.6B,14.4B,13.3B
Tue Feb 18,12:30pm,GBP,Claimant Count Change,High,22.0K,10.0K,-15.1K
Tue Feb 18,,GBP,Average Earnings Index 3m/y,Medium,6.0%,5.9%,5.5%
Tue Feb 18,,GBP,Unemployment Rate,Low,4.4%,4.5%,4.4%
Tue Feb 18,1:15pm,EUR,French Final CPI m/m,Low,0.2%,-0.1%,-0.1%
Tue Feb 18,3:30pm,EUR,German ZEW Economic Sentiment,Medium,26.0,19.9,10.3
Tue Feb 18,,EUR,ZEW Economic Sentiment,Low,24.2,24.3,18.0
Tue Feb 18,,USD,Empire State Manufacturing Index,Medium,5.7,-1.9,-12.6
Tue Feb 18,8:30pm,USD,NAHB Housing Market Index,Low,42,46,47
Wed Feb 19,2:30am,USD,TIC Long-Term Purchases,Low,72.0B,149.1B,53.2B
Wed Feb 19,5:20am,JPY,Core Machinery Orders m/m,Low,-1.2%,0.4%,3.4%
Wed Feb 19,,JPY,Trade Balance,Low,-0.86T,-0.26T,-0.22T
Wed Feb 19,12:30pm,GBP,CPI y/y,High,3.0%,2.8%,2.5%
Wed Feb 19,,GBP,Core CPI y/y,Low,3.7%,3.7%,3.2%
Wed Feb 19,,GBP,PPI Input m/m,Low,0.8%,0.7%,0.2%
Wed Feb 19,,GBP,PPI Output m/m,Low,0.5%,0.2%,-0.2%
Wed Feb 19,,GBP,RPI y/y,Low,3.6%,3.7%,3.5%
Wed Feb 19,2:30pm,EUR,Current Account,Low,38.4B,30.2B,25.1B
Wed Feb 19,3:00pm,GBP,HPI y/y,Low,4.6%,3.2%,3.9%
Wed Feb 19,4:05pm,EUR,German 10-y Bond Auction,Low,2.52|2.8,,2.54|2.8
Wed Feb 19,7:00pm,USD,Building Permits,Low,1.48M,1.46M,1.48M
Wed Feb 19,,USD,Housing Starts,Low,1.37M,1.39M,1.52M
Thu Feb 20,,EUR,German PPI m/m,Low,-0.1%,0.6%,-0.1%
Thu Feb 20,4:30pm,GBP,CBI Industrial Order Expectations,Low,-28,-30,-34
Thu Feb 20,,USD,Unemployment Claims,High,219K,215K,214K
Thu Feb 20,,USD,Philly Fed Manufacturing Index,Medium,18.1,19.4,44.3
Thu Feb 20,8:30pm,EUR,Consumer Confidence,Low,-14,-14,-14
Thu Feb 20,,USD,CB Leading Index m/m,Low,-0.3%,-0.1%,0.1%
Thu Feb 20,9:00pm,USD,Natural Gas Storage,Low,-196B,-191B,-100B
Thu Feb 20,10:30pm,USD,Crude Oil Inventories,Medium,4.6M,3.2M,4.1M
Fri Feb 21,5:00am,JPY,National Core CPI y/y,Low,3.2%,3.1%,3.0%
Fri Feb 21,5:31am,GBP,GfK Consumer Confidence,Low,-20,-22,-22
Fri Feb 21,6:00am,JPY,Flash Manufacturing PMI,Low,48.9,49.0,48.7
Fri Feb 21,12:30pm,GBP,Retail Sales m/m,High,1.7%,0.4%,-0.6%
Fri Feb 21,,GBP,Public Sector Net Borrowing,Low,-15.4B,-20.1B,18.1B
Fri Feb 21,1:45pm,EUR,French Flash Manufacturing PMI,High,45.5,45.3,45.0
Fri Feb 21,,EUR,French Flash Services PMI,High,44.5,48.8,48.2
Fri Feb 21,2:00pm,EUR,German Flash Manufacturing PMI,High,46.1,45.4,45.0
Fri Feb 21,,EUR,German Flash Services PMI,High,52.2,52.4,52.5
Fri Feb 21,2:30pm,EUR,Flash Manufacturing PMI,Medium,47.3,46.9,46.6
Fri Feb 21,,EUR,Flash Services PMI,Medium,50.7,51.5,51.3
Fri Feb 21,3:00pm,GBP,Flash Manufacturing PMI,High,46.4,48.5,48.3
Fri Feb 21,,GBP,Flash Services PMI,High,51.1,50.8,50.8
Fri Feb 21,8:15pm,USD,Flash Manufacturing PMI,High,51.6,51.3,51.2
Fri Feb 21,,USD,Flash Services PMI,High,49.7,53.0,52.9
Fri Feb 21,8:30pm,USD,Existing Home Sales,Medium,4.08M,4.13M,4.29M
Fri Feb 21,,USD,Revised UoM Consumer Sentiment,Medium,64.7,67.8,67.8
Fri Feb 21,,USD,Revised UoM Inflation Expectations,Low,4.3%,,4.3%
Mon Feb 24,2:30pm,EUR,German ifo Business Climate,Medium,85.2,85.9,85.2
Mon Feb 24,3:30pm,EUR,Final Core CPI y/y,Low,2.7%,2.7%,2.7%
Mon Feb 24,,EUR,Final CPI y/y,Low,2.5%,2.5%,2.5%
Mon Feb 24,7:25pm,EUR,Belgian NBB Business Climate,Low,-12.3,-12.9,-13.6
Tue Feb 25,5:20am,JPY,SPPI y/y,Low,3.1%,3.1%,3.0%
Tue Feb 25,12:30pm,EUR,German Final GDP q/q,Low,-0.2%,-0.2%,-0.2%
Tue Feb 25,4:30pm,GBP,CBI Realized Sales,Low,-23,-21,-24
Tue Feb 25,,USD,S&P/CS Composite-20 HPI y/y,Medium,4.5%,4.4%,4.3%
Tue Feb 25,,USD,HPI m/m,Low,0.4%,0.2%,0.4%
Tue Feb 25,8:30pm,USD,CB Consumer Confidence,Medium,98.3,102.7,104.1
Tue Feb 25,,USD,Richmond Manufacturing Index,Medium,6,-3,-4
Wed Feb 26,10:30am,JPY,BOJ Core CPI y/y,Low,2.2%,2.0%,1.9%
Wed Feb 26,12:30pm,EUR,German GfK Consumer Climate,Low,-24.7,-21.7,-22.6
Wed Feb 26,8:30pm,USD,New Home Sales,Medium,657K,679K,734K
Wed Feb 26,9:00pm,USD,Crude Oil Inventories,Medium,-2.3M,2.5M,4.6M
Thu Feb 27,,EUR,Spanish Flash CPI y/y,Medium,3.0%,3.0%,2.9%
Thu Feb 27,2:30pm,EUR,M3 Money Supply y/y,Low,3.6%,3.8%,3.4%
Thu Feb 27,,EUR,Private Loans y/y,Low,1.3%,1.2%,1.1%
Thu Feb 27,3:52pm,EUR,Italian 10-y Bond Auction,Low,3.55|1.6,,3.60|1.8
Thu Feb 27,,USD,Prelim GDP q/q,High,2.3%,2.3%,2.3%
Thu Feb 27,,USD,Unemployment Claims,High,242K,222K,220K
Thu Feb 27,,USD,Core Durable Goods Orders m/m,Medium,0.0%,0.2%,0.1%
Thu Feb 27,,USD,Durable Goods Orders m/m,Medium,3.1%,2.0%,-1.8%
Thu Feb 27,,USD,Prelim GDP Price Index q/q,Medium,2.4%,2.2%,2.2%
Thu Feb 27,8:30pm,USD,Pending Home Sales m/m,Medium,-4.6%,-0.9%,-4.1%
Thu Feb 27,9:00pm,USD,Natural Gas Storage,Low,-261B,-276B,-196B
Fri Feb 28,5:00am,JPY,Tokyo Core CPI y/y,Medium,2.2%,2.3%,2.5%
Fri Feb 28,5:20am,JPY,Prelim Industrial Production m/m,Low,-1.1%,-1.0%,-0.2%
Fri Feb 28,,JPY,Retail Sales y/y,Low,3.9%,3.9%,3.5%
Fri Feb 28,10:30am,JPY,Housing Starts y/y,Low,-4.6%,-2.6%,-2.5%
Fri Feb 28,12:30pm,EUR,German Import Prices m/m,Low,1.1%,0.7%,0.4%
Fri Feb 28,,EUR,German Retail Sales m/m,Low,0.2%,0.4%,-0.9%
Fri Feb 28,,GBP,Nationwide HPI m/m,Low,0.4%,0.2%,0.1%
Fri Feb 28,All Day,EUR,German Prelim CPI m/m,High,0.4%,0.4%,-0.2%
Fri Feb 28,1:15pm,EUR,French Consumer Spending m/m,Low,-0.5%,-0.6%,0.7%
Fri Feb 28,,EUR,French Final Private Payrolls q/q,Low,-0.3%,-0.2%,-0.2%
Fri Feb 28,,EUR,French Prelim CPI m/m,Low,0.0%,0.5%,0.2%
Fri Feb 28,,EUR,French Prelim GDP q/q,Low,-0.1%,-0.1%,-0.1%
Fri Feb 28,2:25pm,EUR,German Unemployment Change,Low,5K,14K,11K
Fri Feb 28,3:30pm,EUR,Italian Prelim CPI m/m,Low,0.2%,0.2%,0.6%
Fri Feb 28,,USD,Core PCE Price Index m/m,High,0.3%,0.3%,0.2%
Fri Feb 28,,USD,Goods Trade Balance,Low,-153.3B,-116.9B,-122.0B
Fri Feb 28,,USD,Personal Income m/m,Low,0.9%,0.4%,0.4%
Fri Feb 28,,USD,Personal Spending m/m,Low,-0.2%,0.2%,0.8%
Fri Feb 28,,USD,Prelim Wholesale Inventories m/m,Low,0.7%,0.1%,-0.4%
Fri Feb 28,8:15pm,USD,Chicago PMI,Medium,45.5,40.5,39.5
Mon Mar 3,,JPY,Final Manufacturing PMI,Low,49.0,48.9,48.9
Mon Mar 3,1:45pm,EUR,Spanish Manufacturing PMI,Low,49.7,51.3,50.9
Mon Mar 3,2:15pm,EUR,Italian Manufacturing PMI,Low,47.4,46.6,46.3
Mon Mar 3,2:20pm,EUR,French Final Manufacturing PMI,Low,45.8,45.5,45.5
Mon Mar 3,2:25pm,EUR,German Final Manufacturing PMI,Low,46.5,46.1,46.1
Mon Mar 3,2:30pm,EUR,Final Manufacturing PMI,Low,47.6,47.3,47.3
Mon Mar 3,3:00pm,GBP,Final Manufacturing PMI,Low,46.9,46.4,46.4
Mon Mar 3,,GBP,M4 Money Supply m/m,Low,1.3%,0.2%,0.1%
Mon Mar 3,,GBP,Mortgage Approvals,Low,66K,66K,67K
Mon Mar 3,,GBP,Net Lending to Individuals m/m,Low,5.9B,4.7B,4.4B
Mon Mar 3,3:30pm,EUR,Core CPI Flash Estimate y/y,Medium,2.6%,2.5%,2.7%
Mon Mar 3,,EUR,CPI Flash Estimate y/y,Medium,2.4%,2.3%,2.5%
Mon Mar 3,8:15pm,USD,Final Manufacturing PMI,Medium,52.7,51.6,51.6
Mon Mar 3,8:30pm,USD,ISM Manufacturing PMI,High,50.3,50.6,50.9
Mon Mar 3,,USD,ISM Manufacturing Prices,Medium,62.4,56.2,54.9
Mon Mar 3,,USD,Construction Spending m/m,Low,-0.2%,-0.1%,0.5%
Mon Mar 3,All Day,USD,Wards Total Vehicle Sales,Low,16.0M,16.1M,15.6M
Tue Mar 4,5:00am,JPY,Unemployment Rate,Low,2.5%,2.4%,2.4%
Tue Mar 4,5:20am,JPY,Capital Spending q/y,Low,-0.2%,4.9%,8.1%
Tue Mar 4,,JPY,Monetary Base y/y,Low,-1.8%,-1.8%,-2.5%
Tue Mar 4,5:31am,GBP,BRC Shop Price Index y/y,Low,-0.7%,,-0.7%
Tue Mar 4,9:05am,JPY,10-y Bond Auction,Low,1.40|2.7,,1.26|3.2
Tue Mar 4,10:30am,JPY,Consumer Confidence,Low,35.0,35.2,35.2
Tue Mar 4,1:15pm,EUR,French Gov Budget Balance,Low,-17.3B,,-156.3B
Tue Mar 4,1:30pm,EUR,Spanish Unemployment Change,Low,-6.0K,45.2K,38.7K
Tue Mar 4,2:30pm,EUR,Italian Monthly Unemployment Rate,Low,6.3%,6.2%,6.4%
Tue Mar 4,3:30pm,EUR,Unemployment Rate,Low,6.2%,6.3%,6.2%
Tue Mar 4,3:33pm,GBP,30-y Bond Auction,Low,5.10|2.8,,4.98|3.2
Tue Mar 4,8:36pm,USD,RCM/TIPP Economic Optimism,Low,49.8,53.1,52.0
Wed Mar 5,1:15pm,EUR,French Industrial Production m/m,Low,-0.6%,0.5%,-0.5%
Wed Mar 5,1:45pm,EUR,Spanish Services PMI,Low,56.2,55.4,54.9
Wed Mar 5,2:15pm,EUR,Italian Services PMI,Low,53.0,50.9,50.4
Wed Mar 5,2:20pm,EUR,French Final Services PMI,Low,45.3,44.6,44.5
Wed Mar 5,2:25pm,EUR,German Final Services PMI,Low,51.1,52.2,52.2
Wed Mar 5,2:30pm,EUR,Final Services PMI,Low,50.6,50.7,50.7
Wed Mar 5,3:00pm,GBP,Final Services PMI,Low,51.0,51.1,51.1
Wed Mar 5,3:30pm,EUR,PPI m/m,Low,0.8%,0.3%,0.5%
Wed Mar 5,,EUR,Italian Retail Sales m/m,Low,-0.4%,0.3%,0.6%
Wed Mar 5,6:45pm,USD,ADP Non-Farm Employment Change,High,77K,141K,186K
Wed Mar 5,8:15pm,USD,Final Services PMI,Medium,51.0,49.7,49.7
Wed Mar 5,8:30pm,USD,ISM Services PMI,High,53.5,52.5,52.8
Wed Mar 5,,USD,Factory Orders m/m,Low,1.7%,1.7%,-0.6%
Wed Mar 5,9:00pm,USD,Crude Oil Inventories,Low,3.6M,0.6M,-2.3M
Thu Mar 6,9:05am,JPY,30-y Bond Auction,Low,2.50|3.5,,2.29|3.7
Thu Mar 6,3:00pm,GBP,Construction PMI,Medium,44.6,49.5,48.1
Thu Mar 6,3:10pm,EUR,Spanish 10-y Bond Auction,Low,3.51|1.9,,2.74|2.6
Thu Mar 6,3:29pm,EUR,French 10-y Bond Auction,Low,3.51|2.7,,3.15|2.2
Thu Mar 6,3:30pm,EUR,Retail Sales m/m,Low,-0.3%,0.1%,0.0%
Thu Mar 6,6:00pm,USD,Challenger Job Cuts y/y,Low,103.2%,,-39.5%
Thu Mar 6,6:45pm,EUR,Main Refinancing Rate,High,2.65%,2.65%,2.90%
Thu Mar 6,,USD,Unemployment Claims,High,221K,234K,242K
Thu Mar 6,,USD,Revised Nonfarm Productivity q/q,Low,1.5%,1.2%,1.2%
Thu Mar 6,,USD,Revised Unit Labor Costs q/q,Low,2.2%,3.0%,3.0%
Thu Mar 6,,USD,Trade Balance,Low,-131.4B,-128.3B,-98.1B
Thu Mar 6,,USD,Final Wholesale Inventories m/m,Low,0.8%,0.7%,0.7%
Thu Mar 6,9:00pm,USD,Natural Gas Storage,Low,-80B,-96B,-261B
Fri Mar 7,12:30pm,EUR,German Factory Orders m/m,Low,-7.0%,-2.4%,5.9%
Fri Mar 7,,GBP,Halifax HPI m/m,Low,-0.1%,0.5%,0.6%
Fri Mar 7,1:15pm,EUR,French Trade Balance,Low,-6.5B,-4.1B,-3.5B
Fri Mar 7,3:30pm,EUR,Final Employment Change q/q,Low,0.1%,0.1%,0.1%
Fri Mar 7,,EUR,Revised GDP q/q,Low,0.2%,0.1%,0.1%
Fri Mar 7,,USD,Average Hourly Earnings m/m,High,0.3%,0.3%,0.4%
Fri Mar 7,,USD,Non-Farm Employment Change,High,151K,159K,125K
Fri Mar 7,,USD,Unemployment Rate,High,4.1%,4.0%,4.0%
Sat Mar 8,,USD,Consumer Credit m/m,Low,18.1B,15.6B,37.1B
Mon Mar 10,5:00am,JPY,Average Cash Earnings y/y,Low,2.8%,3.2%,4.4%
Mon Mar 10,5:20am,JPY,Bank Lending y/y,Low,3.1%,3.1%,2.9%
Mon Mar 10,,JPY,Current Account,Low,1.94T,1.97T,2.73T
Mon Mar 10,10:30am,JPY,Leading Indicators,Low,108.0%,108.1%,108.3%
Mon Mar 10,11:30am,JPY,Economy Watchers Sentiment,Low,45.6,48.5,48.6
Mon Mar 10,12:30pm,EUR,German Industrial Production m/m,Low,2.0%,1.6%,-1.5%
Mon Mar 10,,EUR,German Trade Balance,Low,16.0B,21.0B,20.7B
Mon Mar 10,3:00pm,EUR,Sentix Investor Confidence,Low,-2.9,-9.1,-12.7
Tue Mar 11,5:00am,JPY,Household Spending y/y,Low,0.8%,3.7%,2.7%
Tue Mar 11,5:20am,JPY,Final GDP Price Index y/y,Low,2.9%,2.8%,2.8%
Tue Mar 11,,JPY,Final GDP q/q,Low,0.6%,0.7%,0.7%
Tue Mar 11,,JPY,M2 Money Stock y/y,Low,1.2%,1.4%,1.3%
Tue Mar 11,5:31am,GBP,BRC Retail Sales Monitor y/y,Low,0.9%,1.9%,2.5%
Tue Mar 11,11:28am,JPY,Prelim Machine Tool Orders y/y,Low,3.5%,,4.7%
Tue Mar 11,3:30pm,USD,NFIB Small Business Index,Low,100.7,100.9,102.8
Tue Mar 11,7:00pm,GBP,CB Leading Index m/m,Low,-0.3%,,0.0%
Tue Mar 11,7:30pm,USD,JOLTS Job Openings,High,7.74M,7.65M,7.51M
Wed Mar 12,5:20am,JPY,BSI Manufacturing Index,Low,-2.4,6.5,6.3
Wed Mar 12,,JPY,PPI y/y,Low,4.0%,4.0%,4.2%
Wed Mar 12,3:39pm,GBP,10-y Bond Auction,Low,4.68|2.9,,4.81|2.8
Wed Mar 12,4:01pm,EUR,German 10-y Bond Auction,Low,2.92|2.1,,2.52|2.8
Wed Mar 12,6:00pm,USD,Core CPI m/m,High,0.2%,0.3%,0.4%
Wed Mar 12,,USD,CPI m/m,High,0.2%,0.3%,0.5%
Wed Mar 12,,USD,CPI y/y,High,2.8%,2.9%,3.0%
Wed Mar 12,,USD,Crude Oil Inventories,Low,1.4M,2.1M,3.6M
Wed Mar 12,10:31pm,USD,10-y Bond Auction,Low,4.31|2.6,,4.63|2.5
Wed Mar 12,11:30pm,USD,Federal Budget Balance,Low,-307.0B,-302.5B,-128.6B
Thu Mar 13,5:31am,GBP,RICS House Price Balance,Low,11%,20%,21%
Thu Mar 13,2:30pm,EUR,Italian Quarterly Unemployment Rate,Low,6.1%,6.2%,6.3%
Thu Mar 13,3:30pm,EUR,Industrial Production m/m,Low,0.8%,0.5%,-0.4%
Thu Mar 13,,USD,Core PPI m/m,High,-0.1%,0.3%,0.5%
Thu Mar 13,,USD,PPI m/m,High,0.0%,0.3%,0.6%
Thu Mar 13,,USD,Unemployment Claims,High,220K,226K,222K
Thu Mar 13,8:00pm,USD,Natural Gas Storage,Low,-62B,-46B,-80B
Thu Mar 13,10:31pm,USD,30-y Bond Auction,Low,4.62|2.4,,4.75|2.3
Fri Mar 14,12:30pm,EUR,German Final CPI m/m,Low,0.4%,0.4%,0.4%
Fri Mar 14,,EUR,German WPI m/m,Low,0.6%,0.2%,0.9%
Fri Mar 14,,GBP,GDP m/m,High,-0.1%,0.1%,0.4%
Fri Mar 14,,GBP,Construction Output m/m,Low,-0.2%,-0.1%,-0.2%
Fri Mar 14,,GBP,Index of Services 3m/3m,Low,0.4%,0.3%,0.2%
Fri Mar 14,,GBP,Industrial Production m/m,Low,-0.9%,-0.1%,0.5%
Fri Mar 14,,GBP,Manufacturing Production m/m,Low,-1.1%,0.0%,0.7%
Fri Mar 14,1:15pm,EUR,French Final CPI m/m,Low,0.0%,0.0%,0.0%
Fri Mar 14,2:30pm,EUR,Italian Industrial Production m/m,Low,3.2%,1.5%,-2.7%
Fri Mar 14,3:00pm,GBP,Consumer Inflation Expectations,Low,3.4%,,3.0%
Fri Mar 14,3:57pm,GBP,NIESR GDP Estimate,Low,0.4%,,0.2%
Fri Mar 14,7:30pm,USD,Prelim UoM Consumer Sentiment,High,57.9,63.1,64.7
Fri Mar 14,,USD,Prelim UoM Inflation Expectations,High,4.9%,,4.3%
Mon Mar 17,5:31am,GBP,Rightmove HPI m/m,Low,1.1%,,0.5%
Mon Mar 17,,USD,Core Retail Sales m/m,High,0.3%,0.3%,-0.6%
Mon Mar 17,,USD,Retail Sales m/m,High,0.2%,0.6%,-1.2%
Mon Mar 17,,USD,Empire State Manufacturing Index,Medium,-20.0,-1.9,5.7
Mon Mar 17,7:30pm,USD,Business Inventories m/m,Low,0.3%,0.3%,-0.2%
Mon Mar 17,,USD,NAHB Housing Market Index,Low,39,42,42
Tue Mar 18,10:00am,JPY,Tertiary Industry Activity m/m,Low,-0.3%,-0.1%,0.4%
Tue Mar 18,2:30pm,EUR,Italian Trade Balance,Low,-0.26B,5.15B,5.82B
Tue Mar 18,3:30pm,EUR,German ZEW Economic Sentiment,Medium,51.6,48.1,26.0
Tue Mar 18,,EUR,Trade Balance,Low,14.0B,14.0B,14.2B
Tue Mar 18,,EUR,ZEW Economic Sentiment,Low,39.8,43.6,24.2
Tue Mar 18,,USD,Building Permits,Low,1.46M,1.45M,1.47M
Tue Mar 18,,USD,Housing Starts,Low,1.50M,1.38M,1.35M
Tue Mar 18,,USD,Import Prices m/m,Low,0.4%,-0.1%,0.4%
Tue Mar 18,6:45pm,USD,Capacity Utilization Rate,Low,78.2%,77.8%,77.7%
Tue Mar 18,,USD,Industrial Production m/m,Low,0.7%,0.2%,0.3%
Wed Mar 19,5:20am,JPY,Core Machinery Orders m/m,Low,-3.5%,-0.1%,-1.2%
Wed Mar 19,,JPY,Trade Balance,Low,0.18T,0.50T,-0.60T
Wed Mar 19,7:55am,JPY,BOJ Policy Rate,High,<0.50%,<0.50%,<0.50%
Wed Mar 19,10:00am,JPY,Revised Industrial Production m/m,Low,-1.1%,-1.1%,-1.1%
Wed Mar 19,3:30pm,EUR,Final Core CPI y/y,Low,2.6%,2.6%,2.6%
Wed Mar 19,,EUR,Final CPI y/y,Low,2.3%,2.4%,2.5%
Wed Mar 19,4:03pm,EUR,German 30-y Bond Auction,Low,3.08|1.9,,2.70|2.5
Wed Mar 19,8:00pm,USD,Crude Oil Inventories,Low,1.7M,0.8M,1.4M
Wed Mar 19,11:30pm,USD,Federal Funds Rate,High,4.50%,4.50%,4.50%
Thu Mar 20,1:30am,USD,TIC Long-Term Purchases,Low,-45.2B,101.1B,75.0B
Thu Mar 20,,EUR,German PPI m/m,Low,-0.2%,0.2%,-0.1%
Thu Mar 20,,GBP,Claimant Count Change,High,44.2K,7.9K,2.8K
Thu Mar 20,,GBP,Average Earnings Index 3m/y,Medium,5.8%,5.8%,6.1%
Thu Mar 20,,GBP,Unemployment Rate,Low,4.4%,4.4%,4.4%
Thu Mar 20,3:10pm,EUR,Spanish 10-y Bond Auction,Low,3.38|1.5,,3.51|1.9
Thu Mar 20,,GBP,MPC Official Bank Rate Votes,High,0-1-8,0-2-7,0-9-0
Thu Mar 20,,GBP,Official Bank Rate,High,4.50%,4.50%,4.50%
Thu Mar 20,,USD,Unemployment Claims,High,223K,224K,221K
Thu Mar 20,,USD,Philly Fed Manufacturing Index,Medium,12.5,8.8,18.1
Thu Mar 20,,USD,Current Account,Low,-304B,-330B,-310B
Thu Mar 20,7:30pm,USD,Existing Home Sales,Medium,4.26M,3.95M,4.09M
Thu Mar 20,,USD,CB Leading Index m/m,Low,-0.3%,-0.2%,-0.2%
Thu Mar 20,8:00pm,USD,Natural Gas Storage,Low,9B,3B,-62B
Fri Mar 21,5:00am,JPY,National Core CPI y/y,Medium,3.0%,2.9%,3.2%
Fri Mar 21,5:31am,GBP,GfK Consumer Confidence,Low,-19,-20,-20
Fri Mar 21,12:30pm,GBP,Public Sector Net Borrowing,Low,10.7B,7.0B,-13.3B
Fri Mar 21,2:30pm,EUR,Current Account,Low,35.4B,35.0B,38.4B
Fri Mar 21,4:30pm,GBP,CBI Industrial Order Expectations,Low,-29,-30,-28
Fri Mar 21,8:30pm,EUR,Consumer Confidence,Low,-15,-13,-14
Mon Mar 24,6:00am,JPY,Flash Manufacturing PMI,Low,48.3,49.2,49.0
Mon Mar 24,1:45pm,EUR,French Flash Manufacturing PMI,High,48.9,46.2,45.8
Mon Mar 24,,EUR,French Flash Services PMI,High,46.6,46.3,45.3
Mon Mar 24,2:00pm,EUR,German Flash Manufacturing PMI,High,48.3,47.1,46.5
Mon Mar 24,,EUR,German Flash Services PMI,High,50.2,52.3,51.1
Mon Mar 24,2:30pm,EUR,Flash Manufacturing PMI,Medium,48.7,48.3,47.6
Mon Mar 24,,EUR,Flash Services PMI,Medium,50.4,51.2,50.6
Mon Mar 24,3:00pm,GBP,Flash Manufacturing PMI,High,44.6,47.3,46.9
Mon Mar 24,,GBP,Flash Services PMI,High,53.2,51.2,51.0
Mon Mar 24,7:15pm,USD,Flash Manufacturing PMI,High,49.8,51.9,52.7
Mon Mar 24,,USD,Flash Services PMI,High,54.3,51.2,51.0
Tue Mar 25,10:30am,JPY,BOJ Core CPI y/y,Low,2.2%,2.2%,2.2%
Tue Mar 25,2:30pm,EUR,German ifo Business Climate,Medium,86.7,86.8,85.3
Tue Mar 25,4:30pm,GBP,CBI Realized Sales,Low,-41,-28,-23
Tue Mar 25,6:30pm,USD,S&P/CS Composite-20 HPI y/y,Medium,4.7%,4.6%,4.5%
Tue Mar 25,,USD,HPI m/m,Low,0.2%,0.2%,0.5%
Tue Mar 25,7:25pm,EUR,Belgian NBB Business Climate,Low,-15.1,-11.4,-12.3
Tue Mar 25,7:29pm,USD,Richmond Manufacturing Index,Medium,-4,8,6
Tue Mar 25,7:30pm,USD,CB Consumer Confidence,Medium,92.9,94.2,100.1
Tue Mar 25,,USD,New Home Sales,Medium,676K,682K,664K
Wed Mar 26,5:20am,JPY,SPPI y/y,Low,3.0%,3.1%,3.2%
Wed Mar 26,12:30pm,GBP,CPI y/y,High,2.8%,3.0%,3.0%
Wed Mar 26,,GBP,Core CPI y/y,Low,3.5%,3.6%,3.7%
Wed Mar 26,,GBP,RPI y/y,Low,3.4%,3.5%,3.6%
Wed Mar 26,3:00pm,GBP,HPI y/y,Low,4.9%,4.4%,4.6%
Wed Mar 26,,USD,Core Durable Goods Orders m/m,Medium,0.7%,0.2%,0.1%
Wed Mar 26,,USD,Durable Goods Orders m/m,Medium,0.9%,-1.1%,3.2%
Wed Mar 26,8:00pm,USD,Crude Oil Inventories,Low,-3.3M,1.5M,1.7M
Thu Mar 27,2:30pm,EUR,M3 Money Supply y/y,Low,4.0%,3.8%,3.8%
Thu Mar 27,,EUR,Private Loans y/y,Low,1.5%,1.4%,1.3%
Thu Mar 27,6:00pm,USD,Final GDP q/q,High,2.4%,2.3%,2.3%
Thu Mar 27,,USD,Unemployment Claims,High,224K,225K,225K
Thu Mar 27,,USD,Final GDP Price Index q/q,Medium,2.3%,2.4%,2.4%
Thu Mar 27,,USD,Goods Trade Balance,Low,-147.9B,-134.6B,-155.6B
Thu Mar 27,,USD,Prelim Wholesale Inventories m/m,Low,0.3%,0.7%,0.8%
Thu Mar 27,7:30pm,USD,Pending Home Sales m/m,Medium,2.0%,0.9%,-4.6%
Thu Mar 27,8:00pm,USD,Natural Gas Storage,Low,37B,37B,9B
Fri Mar 28,5:00am,JPY,Tokyo Core CPI y/y,Medium,2.4%,2.2%,2.2%
Fri Mar 28,12:30pm,EUR,German GfK Consumer Climate,Low,-24.5,-22.6,-24.6
Fri Mar 28,,GBP,Retail Sales m/m,High,1.0%,-0.3%,1.4%
Fri Mar 28,,GBP,Current Account,Low,-21.0B,-16.7B,-12.5B
Fri Mar 28,,GBP,Final GDP q/q,Low,0.1%,0.1%,0.1%
Fri Mar 28,,GBP,Goods Trade Balance,Low,-17.8B,-16.8B,-19.7B
Fri Mar 28,,GBP,Revised Business Investment q/q,Low,-1.9%,-3.2%,-3.2%
Fri Mar 28,1:15pm,EUR,French Consumer Spending m/m,Low,-0.1%,0.3%,-0.6%
Fri Mar 28,,EUR,French Prelim CPI m/m,Low,0.2%,0.3%,0.0%
Fri Mar 28,,EUR,Spanish Flash CPI y/y,Medium,2.3%,2.6%,3.0%
Fri Mar 28,2:25pm,EUR,German Unemployment Change,Low,26K,10K,9K
Fri Mar 28,3:43pm,EUR,Italian 10-y Bond Auction,Low,3.83|1.7,,3.55|1.6
Fri Mar 28,,USD,Core PCE Price Index m/m,High,0.4%,0.3%,0.3%
Fri Mar 28,,USD,Personal Income m/m,Low,0.8%,0.4%,0.7%
Fri Mar 28,,USD,Personal Spending m/m,Low,0.4%,0.5%,-0.3%
Fri Mar 28,7:30pm,USD,Revised UoM Consumer Sentiment,Medium,57.0,57.9,57.9
Fri Mar 28,,USD,Revised UoM Inflation Expectations,Low,5.0%,,4.9%
Mon Mar 31,5:20am,JPY,Prelim Industrial Production m/m,Low,2.5%,1.9%,-1.1%
Mon Mar 31,,JPY,Retail Sales y/y,Low,1.4%,2.4%,4.4%
Mon Mar 31,10:30am,JPY,Housing Starts y/y,Low,2.4%,-2.3%,-4.6%
Mon Mar 31,11:30am,EUR,German Import Prices m/m,Low,0.3%,0.0%,1.1%
Mon Mar 31,,EUR,German Retail Sales m/m,Low,0.8%,0.0%,0.7%
Mon Mar 31,All Day,EUR,German Prelim CPI m/m,High,0.3%,0.3%,0.4%
Mon Mar 31,2:00pm,GBP,M4 Money Supply m/m,Low,0.2%,1.1%,1.4%
Mon Mar 31,,GBP,Mortgage Approvals,Low,65K,66K,66K
Mon Mar 31,,GBP,Net Lending to Individuals m/m,Low,4.6B,4.9B,5.9B
Mon Mar 31,2:30pm,EUR,Italian Prelim CPI m/m,Low,0.4%,0.0%,0.2%
Mon Mar 31,7:15pm,USD,Chicago PMI,Low,47.6,45.5,45.5
Tue Apr 1,4:31am,GBP,BRC Shop Price Index y/y,Low,-0.4%,,-0.7%
Tue Apr 1,5:00am,JPY,Unemployment Rate,Low,2.4%,2.5%,2.5%
Tue Apr 1,5:20am,JPY,Tankan Manufacturing Index,Low,12,12,14
Tue Apr 1,,JPY,Tankan Non-Manufacturing Index,Low,35,33,33
Tue Apr 1,,JPY,Final Manufacturing PMI,Low,48.4,48.3,48.3
Tue Apr 1,11:32am,GBP,Nationwide HPI m/m,Low,0.0%,0.2%,0.4%
Tue Apr 1,12:45pm,EUR,Spanish Manufacturing PMI,Low,49.5,49.8,49.7
Tue Apr 1,1:15pm,EUR,Italian Manufacturing PMI,Low,46.6,47.9,47.4
Tue Apr 1,1:20pm,EUR,French Final Manufacturing PMI,Low,48.5,48.9,48.9
Tue Apr 1,1:25pm,EUR,German Final Manufacturing PMI,Low,48.3,48.4,48.3
Tue Apr 1,1:30pm,EUR,Final Manufacturing PMI,Low,48.6,48.7,48.7
Tue Apr 1,,EUR,Italian Monthly Unemployment Rate,Low,5.9%,6.3%,6.2%
Tue Apr 1,2:00pm,GBP,Final Manufacturing PMI,Low,44.9,44.6,44.6
Tue Apr 1,2:30pm,EUR,Core CPI Flash Estimate y/y,Medium,2.4%,2.5%,2.6%
Tue Apr 1,,EUR,CPI Flash Estimate y/y,Medium,2.2%,2.2%,2.3%
Tue Apr 1,,EUR,Unemployment Rate,Low,6.1%,6.2%,6.2%
Tue Apr 1,7:15pm,USD,Final Manufacturing PMI,Medium,50.2,49.8,49.8
Tue Apr 1,7:30pm,USD,ISM Manufacturing PMI,High,49.0,49.5,50.3
Tue Apr 1,,USD,JOLTS Job Openings,High,7.57M,7.69M,7.76M
Tue Apr 1,,USD,ISM Manufacturing Prices,Medium,69.4,64.6,62.4
Tue Apr 1,,USD,Construction Spending m/m,Low,0.7%,0.3%,-0.5%
Tue Apr 1,All Day,USD,Wards Total Vehicle Sales,Low,17.8M,16.1M,16.0M
Tue Apr 1,8:04pm,USD,RCM/TIPP Economic Optimism,Low,49.1,50.1,49.8
Wed Apr 2,5:20am,JPY,Monetary Base y/y,Low,-3.1%,-1.5%,-1.8%
Wed Apr 2,12:15pm,EUR,French Gov Budget Balance,Low,-40.3B,,-17.3B
Wed Apr 2,12:30pm,EUR,Spanish Unemployment Change,Low,-13.3K,-2.5K,-6.0K
Wed Apr 2,3:03pm,EUR,German 10-y Bond Auction,Low,2.68|2.2,,2.92|2.1
Wed Apr 2,5:45pm,USD,ADP Non-Farm Employment Change,High,155K,118K,84K
Wed Apr 2,7:30pm,USD,Factory Orders m/m,Low,0.6%,0.5%,1.8%
Wed Apr 2,8:00pm,USD,Crude Oil Inventories,Low,6.2M,-0.4M,-3.3M
Thu Apr 3,9:05am,JPY,10-y Bond Auction,Low,1.41|3.1,,1.40|2.7
Thu Apr 3,12:45pm,EUR,Spanish Services PMI,Low,54.7,55.6,56.2
Thu Apr 3,1:15pm,EUR,Italian Services PMI,Low,52.0,52.6,53.0
Thu Apr 3,1:20pm,EUR,French Final Services PMI,Low,47.9,46.6,46.6
Thu Apr 3,1:25pm,EUR,German Final Services PMI,Low,50.9,50.2,50.2
Thu Apr 3,1:30pm,EUR,Final Services PMI,Low,51.0,50.4,50.4
Thu Apr 3,,GBP,Final Services PMI,Low,52.5,53.2,53.2
Thu Apr 3,2:26pm,EUR,French 10-y Bond Auction,Low,3.37|3.0,,3.51|2.7
Thu Apr 3,2:30pm,EUR,PPI m/m,Low,0.2%,0.3%,0.7%
Thu Apr 3,,USD,Challenger Job Cuts y/y,Low,204.8%,,103.2%
Thu Apr 3,,USD,Unemployment Claims,High,219K,225K,225K
Thu Apr 3,,USD,Trade Balance,Low,-122.7B,-122.5B,-130.7B
Thu Apr 3,7:15pm,USD,Final Services PMI,Medium,54.4,54.1,54.3
Thu Apr 3,7:30pm,USD,ISM Services PMI,High,50.8,53.0,53.5
Thu Apr 3,8:00pm,USD,Natural Gas Storage,Low,29B,27B,37B
Fri Apr 4,5:00am,JPY,Household Spending y/y,Low,-0.5%,-0.9%,0.8%
Fri Apr 4,11:30am,EUR,German Factory Orders m/m,Low,0.0%,3.4%,-5.5%
Fri Apr 4,12:15pm,EUR,French Industrial Production m/m,Low,0.7%,0.5%,-0.5%
Fri Apr 4,1:30pm,EUR,Italian Retail Sales m/m,Low,0.1%,0.2%,-0.4%
Fri Apr 4,2:00pm,GBP,Construction PMI,Medium,46.4,46.3,44.6
Fri Apr 4,,GBP,Housing Equity Withdrawal q/q,Low,-13.4B,-10.8B,-13.4B
Fri Apr 4,,USD,Average Hourly Earnings m/m,High,0.3%,0.3%,0.2%
Fri Apr 4,,USD,Non-Farm Employment Change,High,228K,137K,117K
Fri Apr 4,,USD,Unemployment Rate,High,4.2%,4.1%,4.1%
Mon Apr 7,5:00am,JPY,Average Cash Earnings y/y,Low,3.1%,3.1%,1.8%
Mon Apr 7,10:30am,JPY,Leading Indicators,Low,107.9%,107.8%,108.3%
Mon Apr 7,11:30am,EUR,German Industrial Production m/m,Low,-1.3%,-0.9%,2.0%
Mon Apr 7,,EUR,German Trade Balance,Low,17.7B,18.4B,16.2B
Mon Apr 7,,GBP,Halifax HPI m/m,Low,-0.5%,0.2%,-0.2%
Mon Apr 7,2:00pm,EUR,Sentix Investor Confidence,Low,-19.5,-8.9,-2.9
Mon Apr 7,2:30pm,EUR,Retail Sales m/m,Low,0.3%,0.5%,0.0%
Tue Apr 8,12:30am,USD,Consumer Credit m/m,Low,-0.8B,14.9B,8.9B
Tue Apr 8,5:20am,JPY,Current Account,Low,2.32T,2.74T,1.95T
Tue Apr 8,9:05am,JPY,30-y Bond Auction,Low,2.41|3.0,,2.50|3.5
Tue Apr 8,10:30am,JPY,Economy Watchers Sentiment,Low,45.1,45.1,45.6
Tue Apr 8,12:15pm,EUR,French Trade Balance,Low,-7.9B,-5.4B,-6.5B
Tue Apr 8,2:33pm,GBP,30-y Bond Auction,Low,5.36|3.0,,5.10|2.8
Tue Apr 8,3:12pm,EUR,German 10-y Bond Auction,Low,2.62|1.3,,2.68|2.2
Tue Apr 8,3:30pm,USD,NFIB Small Business Index,Low,97.4,98.9,100.7
Wed Apr 9,10:30am,JPY,Consumer Confidence,Low,34.1,34.7,35.0
Wed Apr 9,11:29am,JPY,Prelim Machine Tool Orders y/y,Low,11.4%,,3.5%
Wed Apr 9,7:30pm,USD,Final Wholesale Inventories m/m,Low,0.3%,0.4%,0.3%
Wed Apr 9,8:00pm,USD,Crude Oil Inventories,Low,2.6M,2.2M,6.2M
Wed Apr 9,10:31pm,USD,10-y Bond Auction,Medium,4.44|2.7,,4.31|2.6
Thu Apr 10,4:31am,GBP,RICS House Price Balance,Low,2%,8%,11%
Thu Apr 10,5:20am,JPY,Bank Lending y/y,Low,2.8%,3.1%,3.0%
Thu Apr 10,,JPY,PPI y/y,Low,4.2%,3.9%,4.1%
Thu Apr 10,1:30pm,EUR,Italian Industrial Production m/m,Low,-0.9%,-0.9%,2.5%
Thu Apr 10,2:14pm,EUR,Spanish 10-y Bond Auction,Low,3.35|1.9,,3.38|1.5
Thu Apr 10,,USD,Core CPI m/m,High,0.1%,0.3%,0.2%
Thu Apr 10,,USD,CPI m/m,High,-0.1%,0.1%,0.2%
Thu Apr 10,,USD,CPI y/y,High,2.4%,2.5%,2.8%
Thu Apr 10,,USD,Unemployment Claims,High,223K,223K,219K
Thu Apr 10,8:00pm,USD,Natural Gas Storage,Low,57B,60B,29B
Thu Apr 10,10:31pm,USD,30-y Bond Auction,Medium,4.81|2.4,,4.62|2.4
Thu Apr 10,11:30pm,USD,Federal Budget Balance,Low,-160.5B,-115.9B,-307.0B
Fri Apr 11,5:20am,JPY,M2 Money Stock y/y,Low,0.8%,1.2%,1.2%
Fri Apr 11,11:30am,EUR,German Final CPI m/m,Low,0.3%,0.3%,0.3%
Fri Apr 11,,GBP,GDP m/m,High,0.5%,0.1%,0.0%
Fri Apr 11,,GBP,Construction Output m/m,Low,0.4%,0.2%,-0.3%
Fri Apr 11,,GBP,Goods Trade Balance,Low,-20.8B,-17.3B,-18.2B
Fri Apr 11,,GBP,Index of Services 3m/3m,Low,0.6%,0.5%,0.4%
Fri Apr 11,,GBP,Industrial Production m/m,Low,1.5%,0.1%,-0.5%
Fri Apr 11,,GBP,Manufacturing Production m/m,Low,2.2%,0.2%,-1.0%
Fri Apr 11,6:00pm,USD,Core PPI m/m,High,-0.1%,0.3%,0.1%
Fri Apr 11,,USD,PPI m/m,High,-0.4%,0.2%,0.1%
Fri Apr 11,7:30pm,USD,Prelim UoM Consumer Sentiment,High,50.8,54.0,57.0
Fri Apr 11,,USD,Prelim UoM Inflation Expectations,High,6.7%,,5.0%
Mon Apr 14,4:31am,GBP,Rightmove HPI m/m,Low,1.4%,,1.1%
Mon Apr 14,10:00am,JPY,Revised Industrial Production m/m,Low,2.3%,2.5%,2.5%
Tue Apr 15,4:31am,GBP,BRC Retail Sales Monitor y/y,Low,0.9%,0.7%,0.9%
Tue Apr 15,11:30am,EUR,German WPI m/m,Low,-0.2%,0.2%,0.6%
Tue Apr 15,,GBP,Claimant Count Change,High,18.7K,30.3K,16.5K
Tue Apr 15,,GBP,Average Earnings Index 3m/y,Medium,5.6%,5.7%,5.6%
Tue Apr 15,,GBP,Unemployment Rate,Low,4.4%,4.4%,4.4%
Tue Apr 15,12:15pm,EUR,French Final CPI m/m,Low,0.2%,0.2%,0.2%
Tue Apr 15,2:30pm,EUR,German ZEW Economic Sentiment,Medium,-14.0,10.6,51.6
Tue Apr 15,,EUR,Industrial Production m/m,Low,1.1%,0.1%,0.6%
Tue Apr 15,,EUR,ZEW Economic Sentiment,Low,-18.5,13.2,39.8
Tue Apr 15,2:33pm,GBP,10-y Bond Auction,Low,4.64|2.9,,4.68|2.9
Tue Apr 15,,USD,Empire State Manufacturing Index,Medium,-8.1,-12.8,-20.0
Tue Apr 15,,USD,Import Prices m/m,Low,-0.1%,0.1%,0.2%
Tue Apr 15,7:00pm,GBP,CB Leading Index m/m,Low,-0.3%,,0.0%
Wed Apr 16,5:20am,JPY,Core Machinery Orders m/m,Low,4.3%,1.1%,-3.5%
Wed Apr 16,11:30am,GBP,CPI y/y,High,2.6%,2.7%,2.8%
Wed Apr 16,,GBP,Core CPI y/y,Low,3.4%,3.4%,3.5%
Wed Apr 16,,GBP,RPI y/y,Low,3.2%,3.2%,3.4%
Wed Apr 16,1:30pm,EUR,Current Account,Low,34.3B,37.3B,40.3B
Wed Apr 16,2:00pm,GBP,HPI y/y,Low,5.4%,5.1%,4.8%
Wed Apr 16,2:30pm,EUR,Final Core CPI y/y,Low,2.4%,2.4%,2.4%
Wed Apr 16,,EUR,Final CPI y/y,Low,2.2%,2.2%,2.2%
Wed Apr 16,3:07pm,EUR,German 30-y Bond Auction,Low,2.90|1.7,,3.08|1.9
Wed Apr 16,6:00pm,USD,Core Retail Sales m/m,High,0.5%,0.4%,0.7%
Wed Apr 16,,USD,Retail Sales m/m,High,1.4%,1.3%,0.2%
Wed Apr 16,6:45pm,USD,Capacity Utilization Rate,Low,77.8%,78.0%,78.2%
Wed Apr 16,,USD,Industrial Production m/m,Low,-0.3%,-0.2%,0.8%
Wed Apr 16,7:30pm,USD,Business Inventories m/m,Low,0.2%,0.3%,0.3%
Wed Apr 16,,USD,NAHB Housing Market Index,Low,40,38,39
Wed Apr 16,,USD,Crude Oil Inventories,Low,0.5M,0.4M,2.6M
Thu Apr 17,1:30am,USD,TIC Long-Term Purchases,Low,112.0B,35.2B,-42.2B
Thu Apr 17,5:20am,JPY,Trade Balance,Low,-0.23T,-0.25T,0.19T
Thu Apr 17,,EUR,German PPI m/m,Low,-0.7%,-0.1%,-0.2%
Thu Apr 17,5:45pm,EUR,Main Refinancing Rate,High,2.40%,2.40%,2.65%
Thu Apr 17,,USD,Unemployment Claims,High,215K,225K,224K
Thu Apr 17,,USD,Philly Fed Manufacturing Index,Medium,-26.4,2.2,12.5
Thu Apr 17,,USD,Building Permits,Low,1.48M,1.45M,1.46M
Thu Apr 17,,USD,Housing Starts,Low,1.32M,1.42M,1.49M
Thu Apr 17,8:00pm,USD,Natural Gas Storage,Low,16B,24B,57B
Fri Apr 18,5:00am,JPY,National Core CPI y/y,Low,3.2%,3.2%,3.0%
Fri Apr 18,1:30pm,EUR,Italian Trade Balance,Low,4.47B,3.31B,-0.26B
Mon Apr 21,7:30pm,USD,CB Leading Index m/m,Low,-0.7%,-0.5%,-0.2%
Tue Apr 22,10:30am,JPY,BOJ Core CPI y/y,Low,2.2%,2.4%,2.2%
Tue Apr 22,7:29pm,USD,Richmond Manufacturing Index,Medium,-13,-6,-4
Tue Apr 22,,EUR,Consumer Confidence,Low,-17,-15,-15
Wed Apr 23,6:00am,JPY,Flash Manufacturing PMI,Low,48.5,48.7,48.4
Wed Apr 23,10:00am,JPY,Tertiary Industry Activity m/m,Low,0.0%,0.5%,1.4%
Wed Apr 23,11:30am,GBP,Public Sector Net Borrowing,Low,16.4B,15.4B,12.3B
Wed Apr 23,12:45pm,EUR,French Flash Manufacturing PMI,High,48.2,47.9,48.5
Wed Apr 23,,EUR,French Flash Services PMI,High,46.8,47.7,47.9
Wed Apr 23,1:00pm,EUR,German Flash Manufacturing PMI,High,48.0,47.5,48.3
Wed Apr 23,,EUR,German Flash Services PMI,High,48.8,50.3,50.9
Wed Apr 23,1:30pm,EUR,Flash Manufacturing PMI,Medium,48.7,47.4,48.6
Wed Apr 23,,EUR,Flash Services PMI,Medium,49.7,50.4,51.0
Wed Apr 23,2:00pm,GBP,Flash Manufacturing PMI,High,44.0,44.0,44.9
Wed Apr 23,,GBP,Flash Services PMI,High,48.9,51.5,52.5
Wed Apr 23,2:30pm,EUR,Trade Balance,Low,21.0B,14.9B,14.4B
Wed Apr 23,3:01pm,EUR,German 10-y Bond Auction,Low,2.47|1.4,,2.62|1.3
Wed Apr 23,7:15pm,USD,Flash Manufacturing PMI,High,50.7,49.0,50.2
Wed Apr 23,,USD,Flash Services PMI,High,51.4,52.8,54.4
Wed Apr 23,7:30pm,USD,New Home Sales,Medium,724K,684K,674K
Wed Apr 23,8:00pm,USD,Crude Oil Inventories,Low,0.2M,1.6M,0.5M
Thu Apr 24,5:20am,JPY,SPPI y/y,Low,3.1%,3.0%,3.2%
Thu Apr 24,1:30pm,EUR,German ifo Business Climate,Medium,86.9,85.1,86.7
Thu Apr 24,,GBP,CBI Industrial Order Expectations,Low,-26,-36,-29
Thu Apr 24,6:00pm,USD,Unemployment Claims,High,222K,222K,216K
Thu Apr 24,,USD,Core Durable Goods Orders m/m,Medium,0.0%,0.3%,0.7%
Thu Apr 24,,USD,Durable Goods Orders m/m,Medium,9.2%,2.1%,0.9%
Thu Apr 24,6:25pm,EUR,Belgian NBB Business Climate,Low,-14.7,-15.9,-15.1
Thu Apr 24,7:30pm,USD,Existing Home Sales,Medium,4.02M,4.14M,4.27M
Thu Apr 24,8:00pm,USD,Natural Gas Storage,Low,88B,69B,16B
Fri Apr 25,4:31am,GBP,GfK Consumer Confidence,Low,-23,-21,-19
Fri Apr 25,5:00am,JPY,Tokyo Core CPI y/y,Medium,3.4%,3.2%,2.4%
Fri Apr 25,11:30am,GBP,Retail Sales m/m,High,0.4%,-0.3%,0.7%
Fri Apr 25,7:30pm,USD,Revised UoM Consumer Sentiment,Medium,52.2,50.6,50.8
Fri Apr 25,,USD,Revised UoM Inflation Expectations,Low,6.5%,,6.7%
Mon Apr 28,12:30pm,EUR,Spanish Unemployment Rate,Low,11.4%,10.7%,10.6%
Mon Apr 28,3:30pm,GBP,CBI Realized Sales,Low,-8,-21,-41
Tue Apr 29,4:31am,GBP,BRC Shop Price Index y/y,Low,-0.1%,-0.2%,-0.4%
Tue Apr 29,11:30am,EUR,German GfK Consumer Climate,Low,-20.6,-25.6,-24.3
Tue Apr 29,12:30pm,EUR,Spanish Flash CPI y/y,Medium,2.2%,2.0%,2.3%
Tue Apr 29,,EUR,Spanish Flash GDP q/q,Low,0.6%,0.7%,0.7%
Tue Apr 29,1:30pm,EUR,M3 Money Supply y/y,Low,3.6%,4.0%,3.9%
Tue Apr 29,,EUR,Private Loans y/y,Low,1.7%,1.6%,1.5%
Tue Apr 29,2:43pm,EUR,Italian 10-y Bond Auction,Low,3.62|1.6,,3.83|1.7
Tue Apr 29,6:00pm,USD,Goods Trade Balance,Low,-162.0B,-142.8B,-147.8B
Tue Apr 29,,USD,Prelim Wholesale Inventories m/m,Low,0.5%,0.6%,0.5%
Tue Apr 29,6:30pm,USD,S&P/CS Composite-20 HPI y/y,Medium,4.5%,4.6%,4.7%
Tue Apr 29,,USD,HPI m/m,Low,0.1%,0.3%,0.3%
Tue Apr 29,7:30pm,USD,JOLTS Job Openings,High,7.19M,7.49M,7.48M
Tue Apr 29,,USD,CB Consumer Confidence,Medium,86.0,87.7,93.9
Wed Apr 30,5:20am,JPY,Prelim Industrial Production m/m,Low,-1.1%,-0.5%,2.3%
Wed Apr 30,,JPY,Retail Sales y/y,Low,3.1%,3.6%,1.3%
Wed Apr 30,10:30am,JPY,Housing Starts y/y,Low,39.1%,0.9%,2.4%
Wed Apr 30,11:00am,EUR,French Consumer Spending m/m,Low,-1.0%,0.0%,-0.2%
Wed Apr 30,,EUR,French Flash GDP q/q,Low,0.1%,0.1%,-0.1%
Wed Apr 30,11:30am,EUR,German Import Prices m/m,Low,-1.0%,-0.7%,0.3%
Wed Apr 30,,EUR,German Retail Sales m/m,Low,-0.2%,-0.4%,0.2%
Wed Apr 30,,GBP,Nationwide HPI m/m,Low,-0.6%,-0.1%,0.0%
Wed Apr 30,All Day,EUR,German Prelim CPI m/m,High,0.4%,0.3%,0.3%
Wed Apr 30,12:15pm,EUR,French Prelim CPI m/m,Low,0.5%,0.4%,0.2%
Wed Apr 30,1:25pm,EUR,German Unemployment Change,Low,4K,16K,25K
Wed Apr 30,,EUR,Italian Prelim GDP q/q,Low,0.3%,0.2%,0.1%
Wed Apr 30,,EUR,German Prelim GDP q/q,Low,0.2%,0.2%,-0.2%
Wed Apr 30,2:30pm,EUR,Italian Prelim CPI m/m,Low,0.2%,0.2%,0.3%
Wed Apr 30,,EUR,Prelim Flash GDP q/q,Low,0.4%,0.2%,0.2%
Wed Apr 30,5:45pm,USD,ADP Non-Farm Employment Change,High,62K,114K,147K
Wed Apr 30,,USD,Advance GDP q/q,High,-0.3%,0.2%,2.4%
Wed Apr 30,,USD,Employment Cost Index q/q,High,0.9%,0.9%,0.9%
Wed Apr 30,,USD,Advance GDP Price Index q/q,Medium,3.7%,3.1%,2.3%
Wed Apr 30,7:15pm,USD,Chicago PMI,Low,44.6,45.9,47.6
Wed Apr 30,7:30pm,USD,Core PCE Price Index m/m,High,0.0%,0.1%,0.5%
Wed Apr 30,,USD,Pending Home Sales m/m,Medium,6.1%,0.9%,2.1%
Wed Apr 30,,USD,Personal Income m/m,Low,0.5%,0.4%,0.7%
Wed Apr 30,,USD,Personal Spending m/m,Low,0.7%,0.6%,0.5%
Wed Apr 30,8:00pm,USD,Crude Oil Inventories,Low,-2.7M,-0.6M,0.2M
Thu May 1,6:00am,JPY,Final Manufacturing PMI,Low,48.7,48.5,48.5
Thu May 1,,JPY,BOJ Policy Rate,High,<0.50%,<0.50%,<0.50%
Thu May 1,10:30am,JPY,Consumer Confidence,Low,31.2,33.9,34.1
Thu May 1,2:00pm,GBP,Final Manufacturing PMI,Low,45.4,44.0,44.0
Thu May 1,,GBP,M4 Money Supply m/m,Low,0.3%,0.2%,0.2%
Thu May 1,,GBP,Mortgage Approvals,Low,64K,64K,65K
Thu May 1,2:02pm,GBP,Net Lending to Individuals m/m,Low,13.8B,4.4B,4.6B
Thu May 1,5:00pm,USD,Challenger Job Cuts y/y,Low,62.7%,,204.8%
Thu May 1,6:00pm,USD,Unemployment Claims,High,241K,224K,223K
Thu May 1,7:15pm,USD,Final Manufacturing PMI,Low,50.2,50.5,50.7
Thu May 1,7:30pm,USD,ISM Manufacturing PMI,High,48.7,48.0,49.0
Thu May 1,,USD,ISM Manufacturing Prices,Medium,69.8,72.9,69.4
Thu May 1,,USD,Construction Spending m/m,Low,-0.5%,0.2%,0.6%
Thu May 1,All Day,USD,Wards Total Vehicle Sales,Low,17.3M,17.1M,17.8M
Thu May 1,11:30pm,USD,Natural Gas Storage,Low,107B,111B,88B
Fri May 2,5:00am,JPY,Unemployment Rate,Low,2.5%,2.4%,2.4%
Fri May 2,5:20am,JPY,Monetary Base y/y,Low,-4.8%,-2.0%,-3.1%
Fri May 2,12:15pm,EUR,French Gov Budget Balance,Low,-47.0B,,-40.3B
Fri May 2,12:45pm,EUR,Spanish Manufacturing PMI,Low,48.1,50.0,49.5
Fri May 2,1:15pm,EUR,Italian Manufacturing PMI,Low,49.3,47.1,46.6
Fri May 2,1:20pm,EUR,French Final Manufacturing PMI,Low,48.7,48.2,48.2
Fri May 2,1:25pm,EUR,German Final Manufacturing PMI,Low,48.4,48.0,48.0
Fri May 2,1:30pm,EUR,Final Manufacturing PMI,Low,49.0,48.7,48.7
Fri May 2,,EUR,Italian Monthly Unemployment Rate,Low,6.0%,6.0%,5.9%
Fri May 2,2:30pm,EUR,Core CPI Flash Estimate y/y,Medium,2.7%,2.5%,2.4%
Fri May 2,,EUR,CPI Flash Estimate y/y,Medium,2.2%,2.1%,2.2%
Fri May 2,,EUR,Unemployment Rate,Low,6.2%,6.1%,6.2%
Fri May 2,6:00pm,USD,Average Hourly Earnings m/m,High,0.2%,0.3%,0.3%
Fri May 2,,USD,Non-Farm Employment Change,High,177K,138K,185K
Fri May 2,,USD,Unemployment Rate,High,4.2%,4.2%,4.2%
Fri May 2,7:30pm,USD,Factory Orders m/m,Low,4.3%,4.4%,0.5%
Mon May 5,2:00pm,EUR,Sentix Investor Confidence,Low,-8.1,-14.9,-19.5
Mon May 5,7:15pm,USD,Final Services PMI,Low,50.8,51.4,51.4
Mon May 5,7:30pm,USD,ISM Services PMI,High,51.6,50.2,50.8
Tue May 6,12:15pm,EUR,French Industrial Production m/m,Low,0.2%,0.4%,1.0%
Tue May 6,12:30pm,EUR,Spanish Unemployment Change,Low,-67.4K,6.5K,-13.3K
Tue May 6,12:45pm,EUR,Spanish Services PMI,Low,53.4,53.9,54.7
Tue May 6,1:15pm,EUR,Italian Services PMI,Low,52.9,51.3,52.0
Tue May 6,1:20pm,EUR,French Final Services PMI,Low,47.3,46.8,46.8
Tue May 6,1:25pm,EUR,German Final Services PMI,Low,49.0,48.8,48.8
Tue May 6,1:30pm,EUR,Final Services PMI,Low,50.1,49.7,49.7
Tue May 6,2:00pm,GBP,Final Services PMI,Low,49.0,48.9,48.9
Tue May 6,2:30pm,EUR,PPI m/m,Low,-1.6%,-1.4%,0.2%
Tue May 6,,USD,Trade Balance,Low,-140.5B,-136.8B,-123.2B
Tue May 6,7:36pm,USD,RCM/TIPP Economic Optimism,Low,47.9,50.2,49.1
Tue May 6,10:31pm,USD,10-y Bond Auction,Low,4.34|2.6,,4.44|2.7
Wed May 7,11:30am,EUR,German Factory Orders m/m,Low,3.6%,1.4%,0.0%
Wed May 7,12:15pm,EUR,French Prelim Private Payrolls q/q,Low,0.0%,0.0%,-0.3%
Wed May 7,,EUR,French Trade Balance,Low,-6.2B,-7.0B,-7.7B
Wed May 7,1:30pm,EUR,Italian Retail Sales m/m,Low,-0.5%,0.2%,0.1%
Wed May 7,2:00pm,GBP,Construction PMI,Medium,46.6,46.0,46.4
Wed May 7,2:27pm,EUR,French 10-y Bond Auction,Low,3.24|2.8,,3.37|3.0
Wed May 7,,EUR,Retail Sales m/m,Low,-0.1%,-0.1%,0.2%
Wed May 7,8:00pm,USD,Crude Oil Inventories,Low,-2.0M,-1.7M,-2.7M
Wed May 7,11:30pm,USD,Federal Funds Rate,High,4.50%,4.50%,4.50%
Thu May 8,12:30am,USD,Consumer Credit m/m,Low,10.2B,9.8B,-0.6B
Thu May 8,4:31am,GBP,RICS House Price Balance,Low,-3%,-4%,2%
Thu May 8,9:05am,JPY,10-y Bond Auction,Low,1.27|2.5,,1.41|3.1
Thu May 8,11:30am,EUR,German Industrial Production m/m,Low,3.0%,0.9%,-1.3%
Thu May 8,,EUR,German Trade Balance,Low,21.1B,19.0B,18.0B
Thu May 8,,GBP,Halifax HPI m/m,Low,0.3%,0.2%,-0.5%
Thu May 8,,GBP,MPC Official Bank Rate Votes,High,0-7-2,0-9-0,0-1-8
Thu May 8,,GBP,Official Bank Rate,High,4.25%,4.25%,4.50%
Thu May 8,6:00pm,USD,Unemployment Claims,High,228K,231K,241K
Thu May 8,,USD,Prelim Nonfarm Productivity q/q,Low,-0.8%,-0.4%,1.5%
Thu May 8,,USD,Prelim Unit Labor Costs q/q,Low,5.7%,5.3%,2.2%
Thu May 8,,USD,Final Wholesale Inventories m/m,Low,0.4%,0.5%,0.5%
Thu May 8,8:00pm,USD,Natural Gas Storage,Low,104B,103B,107B
Thu May 8,10:31pm,USD,30-y Bond Auction,Low,4.82|2.3,,4.81|2.4
Fri May 9,5:00am,JPY,Average Cash Earnings y/y,Low,2.1%,2.4%,2.7%
Fri May 9,,JPY,Household Spending y/y,Low,2.1%,0.2%,-0.5%
Fri May 9,10:30am,JPY,Leading Indicators,Low,107.7%,107.4%,108.2%
Fri May 9,1:30pm,EUR,Italian Industrial Production m/m,Low,0.1%,0.4%,-0.9%
Mon May 12,5:20am,JPY,Bank Lending y/y,Low,2.4%,2.8%,2.8%
Mon May 12,,JPY,Current Account,Low,2.72T,2.42T,2.91T
Mon May 12,10:30am,JPY,Economy Watchers Sentiment,Low,42.6,44.7,45.1
Mon May 12,7:15pm,USD,Cleveland Fed Inflation Expectations,Low,3.9%,,3.2%
Mon May 12,11:30pm,USD,Federal Budget Balance,Low,258.4B,256.4B,-160.5B
Tue May 13,4:31am,GBP,BRC Retail Sales Monitor y/y,Low,6.8%,2.4%,0.9%
Tue May 13,,JPY,M2 Money Stock y/y,Low,0.5%,0.6%,0.8%
Tue May 13,9:05am,JPY,30-y Bond Auction,Low,2.94|3.1,,2.41|3.0
Tue May 13,11:30am,GBP,Claimant Count Change,High,5.2K,22.3K,-16.9K
Tue May 13,,GBP,Average Earnings Index 3m/y,Medium,5.5%,5.2%,5.7%
Tue May 13,,GBP,Unemployment Rate,Low,4.5%,4.5%,4.4%
Tue May 13,2:30pm,EUR,German ZEW Economic Sentiment,Medium,25.2,10.7,-14.0
Tue May 13,,EUR,ZEW Economic Sentiment,Low,11.6,-3.5,-18.5
Tue May 13,3:30pm,USD,NFIB Small Business Index,Low,95.8,94.9,97.4
Tue May 13,6:00pm,USD,Core CPI m/m,High,0.2%,0.3%,0.1%
Tue May 13,,USD,CPI m/m,High,0.2%,0.3%,-0.1%
Tue May 13,,USD,CPI y/y,High,2.3%,2.4%,2.4%
Tue May 13,7:00pm,GBP,CB Leading Index m/m,Low,-0.4%,,-0.1%
Tue May 13,7:30pm,USD,Mortgage Delinquencies,Low,4.04%,,3.98%
Wed May 14,5:20am,JPY,PPI y/y,Low,4.0%,4.0%,4.3%
Wed May 14,11:30am,EUR,German Final CPI m/m,Low,0.4%,0.4%,0.4%
Wed May 14,,GBP,10-y Bond Auction,Low,4.67|3.1,,4.64|2.9
Wed May 14,3:08pm,EUR,German 30-y Bond Auction,Low,3.12|2.3,,2.90|1.7
Wed May 14,,USD,Crude Oil Inventories,Low,3.5M,-2.0M,-2.0M
Thu May 15,11:29am,JPY,Prelim Machine Tool Orders y/y,Low,7.7%,,11.4%
Thu May 15,11:30am,EUR,German WPI m/m,Low,-0.1%,0.2%,-0.2%
Thu May 15,,GBP,GDP m/m,High,0.2%,0.0%,0.5%
Thu May 15,,GBP,Prelim GDP q/q,Medium,0.7%,0.6%,0.1%
Thu May 15,,GBP,Construction Output m/m,Low,0.5%,0.2%,0.2%
Thu May 15,,GBP,Goods Trade Balance,Low,-19.9B,-19.1B,-21.0B
Thu May 15,,GBP,Index of Services 3m/3m,Low,0.7%,0.7%,0.6%
Thu May 15,,GBP,Industrial Production m/m,Low,-0.7%,-0.6%,1.7%
Thu May 15,,GBP,Manufacturing Production m/m,Low,-0.8%,-0.8%,2.4%
Thu May 15,,GBP,Prelim Business Investment q/q,Low,5.9%,0.4%,-1.9%
Thu May 15,12:15pm,EUR,French Final CPI m/m,Low,0.6%,0.5%,0.5%
Thu May 15,2:30pm,EUR,Flash Employment Change q/q,Low,0.3%,0.1%,0.1%
Thu May 15,,EUR,Flash GDP q/q,Low,0.3%,0.4%,0.4%
Thu May 15,,EUR,Industrial Production m/m,Low,2.6%,1.9%,1.1%
Thu May 15,,USD,Core PPI m/m,High,-0.4%,0.3%,0.4%
Thu May 15,,USD,Core Retail Sales m/m,High,0.1%,0.3%,0.8%
Thu May 15,,USD,PPI m/m,High,-0.5%,0.2%,0.0%
Thu May 15,,USD,Retail Sales m/m,High,0.1%,0.0%,1.7%
Thu May 15,,USD,Unemployment Claims,High,229K,229K,229K
Thu May 15,,USD,Empire State Manufacturing Index,Medium,-9.2,-8.2,-8.1
Thu May 15,,USD,Philly Fed Manufacturing Index,Medium,-4.0,-11.3,-26.4
Thu May 15,6:45pm,USD,Capacity Utilization Rate,Low,77.7%,77.8%,77.8%
Thu May 15,,USD,Industrial Production m/m,Low,0.0%,0.2%,-0.3%
Thu May 15,7:30pm,USD,Business Inventories m/m,Low,0.1%,0.2%,0.2%
Thu May 15,,USD,NAHB Housing Market Index,Low,34,40,40
Thu May 15,8:00pm,USD,Natural Gas Storage,Low,110B,111B,104B
Fri May 16,5:20am,JPY,Prelim GDP Price Index y/y,Low,3.3%,3.2%,2.9%
Fri May 16,,JPY,Prelim GDP q/q,Low,-0.2%,-0.1%,0.7%
Fri May 16,10:00am,JPY,Revised Industrial Production m/m,Low,0.2%,-1.1%,-1.1%
Fri May 16,2:30pm,EUR,Italian Trade Balance,Low,3.66B,5.15B,4.44B
Fri May 16,,EUR,Trade Balance,Low,27.9B,17.5B,22.7B
Fri May 16,,USD,Building Permits,Low,1.41M,1.45M,1.48M
Fri May 16,,USD,Housing Starts,Low,1.36M,1.36M,1.34M
Fri May 16,,USD,Import Prices m/m,Low,0.1%,-0.4%,-0.4%
Fri May 16,7:30pm,USD,Prelim UoM Consumer Sentiment,High,50.8,53.1,52.2
Fri May 16,,USD,Prelim UoM Inflation Expectations,High,7.3%,,6.5%
Sat May 17,1:30am,USD,TIC Long-Term Purchases,Low,161.8B,44.2B,112.9B
Mon May 19,4:31am,GBP,Rightmove HPI m/m,Low,0.6%,,1.4%
Mon May 19,10:00am,JPY,Tertiary Industry Activity m/m,Low,-0.3%,-0.2%,0.5%
Mon May 19,,EUR,Final Core CPI y/y,Low,2.7%,2.7%,2.7%
Mon May 19,,EUR,Final CPI y/y,Low,2.2%,2.2%,2.2%
Mon May 19,7:30pm,USD,CB Leading Index m/m,Low,-1.0%,-0.7%,-0.8%
Tue May 20,11:30am,EUR,German PPI m/m,Low,-0.6%,-0.3%,-0.7%
Tue May 20,1:30pm,EUR,Current Account,Low,50.9B,35.9B,40.6B
Tue May 20,7:30pm,EUR,Consumer Confidence,Low,-15,-16,-17
Wed May 21,5:20am,JPY,Trade Balance,Low,-0.41T,-0.24T,-0.29T
Wed May 21,11:30am,GBP,CPI y/y,High,3.5%,3.3%,2.6%
Wed May 21,,GBP,Core CPI y/y,Low,3.8%,3.6%,3.4%
Wed May 21,,GBP,RPI y/y,Low,4.5%,4.2%,3.2%
Wed May 21,2:00pm,GBP,HPI y/y,Low,6.4%,5.2%,5.5%
Wed May 21,3:04pm,EUR,German 10-y Bond Auction,Low,2.66|2.4,,2.47|1.4
Wed May 21,8:00pm,USD,Crude Oil Inventories,Low,1.3M,-0.9M,3.5M
Thu May 22,5:20am,JPY,Core Machinery Orders m/m,Low,13.0%,-1.5%,4.3%
Thu May 22,6:00am,JPY,Flash Manufacturing PMI,Low,49.0,49.0,48.7
Thu May 22,11:30am,GBP,Public Sector Net Borrowing,Low,20.2B,18.0B,14.1B
Thu May 22,12:45pm,EUR,French Flash Manufacturing PMI,High,49.5,48.9,48.7
Thu May 22,,EUR,French Flash Services PMI,High,47.4,47.7,47.3
Thu May 22,1:00pm,EUR,German Flash Manufacturing PMI,High,48.8,48.8,48.4
Thu May 22,,EUR,German Flash Services PMI,High,47.2,49.6,49.0
Thu May 22,1:30pm,EUR,Flash Manufacturing PMI,Medium,49.4,49.2,49.0
Thu May 22,,EUR,Flash Services PMI,Medium,48.9,50.4,50.1
Thu May 22,,EUR,German ifo Business Climate,Medium,87.5,87.4,86.9
Thu May 22,,GBP,Flash Manufacturing PMI,High,45.1,46.2,45.4
Thu May 22,,GBP,Flash Services PMI,High,50.2,50.0,49.0
Thu May 22,,GBP,CBI Industrial Order Expectations,Low,-30,-24,-26
Thu May 22,,USD,Unemployment Claims,High,227K,230K,229K
Thu May 22,6:25pm,EUR,Belgian NBB Business Climate,Low,-13.5,-13.9,-14.7
Thu May 22,7:15pm,USD,Flash Manufacturing PMI,High,52.3,49.9,50.2
Thu May 22,,USD,Flash Services PMI,High,52.3,51.0,50.8
Thu May 22,7:30pm,USD,Existing Home Sales,Medium,4.00M,4.15M,4.02M
Thu May 22,8:00pm,USD,Natural Gas Storage,Low,120B,118B,110B
Fri May 23,4:31am,GBP,GfK Consumer Confidence,Low,-20,-22,-23
Fri May 23,5:00am,JPY,National Core CPI y/y,Low,3.5%,3.4%,3.2%
Fri May 23,11:30am,EUR,German Final GDP q/q,Low,0.4%,0.2%,0.2%
Fri May 23,,GBP,Retail Sales m/m,High,1.2%,0.3%,0.1%
Fri May 23,7:30pm,USD,New Home Sales,Medium,743K,694K,670K
Tue May 27,4:31am,GBP,BRC Shop Price Index y/y,Low,-0.1%,-0.1%,-0.1%
Tue May 27,5:20am,JPY,SPPI y/y,Low,3.1%,3.0%,3.3%
Tue May 27,10:32am,JPY,BOJ Core CPI y/y,Low,2.4%,2.3%,2.2%
Tue May 27,,EUR,German GfK Consumer Climate,Low,-19.9,-19.9,-20.8
Tue May 27,12:15pm,EUR,French Prelim CPI m/m,Low,-0.1%,0.1%,0.6%
Tue May 27,3:30pm,GBP,CBI Realized Sales,Low,-27,-18,-8
Tue May 27,6:00pm,USD,Core Durable Goods Orders m/m,Medium,0.2%,-0.1%,-0.4%
Tue May 27,,USD,Durable Goods Orders m/m,Medium,-6.3%,-7.6%,7.5%
Tue May 27,6:30pm,USD,HPI m/m,Low,-0.1%,0.1%,0.0%
Tue May 27,,USD,S&P/CS Composite-20 HPI y/y,Low,4.1%,4.5%,4.5%
Tue May 27,7:30pm,USD,CB Consumer Confidence,Medium,98.0,87.1,85.7
Wed May 28,11:30am,EUR,German Import Prices m/m,Low,-1.7%,-1.4%,-1.0%
Wed May 28,12:15pm,EUR,French Consumer Spending m/m,Low,0.3%,0.8%,-1.1%
Wed May 28,,EUR,French Final Private Payrolls q/q,Low,-0.1%,0.0%,0.0%
Wed May 28,,EUR,French Prelim GDP q/q,Low,0.1%,0.1%,0.1%
Wed May 28,1:25pm,EUR,German Unemployment Change,Low,34K,12K,6K
Wed May 28,7:29pm,USD,Richmond Manufacturing Index,Medium,-9,-9,-13
Thu May 29,10:30am,JPY,Consumer Confidence,Low,32.8,31.8,31.2
Thu May 29,2:41pm,EUR,Italian 10-y Bond Auction,Low,3.57|1.5,,3.62|1.6
Thu May 29,,USD,Prelim GDP q/q,High,-0.2%,-0.3%,-0.3%
Thu May 29,,USD,Unemployment Claims,High,240K,229K,226K
Thu May 29,,USD,Prelim GDP Price Index q/q,Medium,3.7%,3.7%,3.7%
Thu May 29,7:30pm,USD,Pending Home Sales m/m,Medium,-6.3%,-0.9%,5.5%
Thu May 29,8:00pm,USD,Natural Gas Storage,Low,101B,98B,120B
Thu May 29,9:30pm,USD,Crude Oil Inventories,Low,-2.8M,0.3M,1.3M
Fri May 30,5:00am,JPY,Tokyo Core CPI y/y,Medium,3.6%,3.5%,3.4%
Fri May 30,,JPY,Unemployment Rate,Low,2.5%,2.5%,2.5%
Fri May 30,5:20am,JPY,Prelim Industrial Production m/m,Low,-0.9%,-1.4%,0.2%
Fri May 30,,JPY,Retail Sales y/y,Low,3.3%,2.9%,3.1%
Fri May 30,10:30am,JPY,Housing Starts y/y,Low,-26.6%,-18.2%,39.1%
Fri May 30,11:30am,EUR,German Retail Sales m/m,Low,-1.1%,0.2%,0.9%
Fri May 30,All Day,EUR,German Prelim CPI m/m,High,0.1%,0.1%,0.4%
Fri May 30,,EUR,Spanish Flash CPI y/y,Medium,1.9%,2.1%,2.2%
Fri May 30,1:30pm,EUR,M3 Money Supply y/y,Low,3.9%,3.7%,3.7%
Fri May 30,,EUR,Private Loans y/y,Low,1.9%,1.8%,1.7%
Fri May 30,2:32pm,EUR,Italian Prelim CPI m/m,Low,0.0%,0.1%,0.1%
Fri May 30,,USD,Core PCE Price Index m/m,High,0.1%,0.1%,0.1%
Fri May 30,,USD,Goods Trade Balance,Low,-87.6B,-142.8B,-163.2B
Fri May 30,,USD,Personal Income m/m,Low,0.8%,0.3%,0.7%
Fri May 30,,USD,Personal Spending m/m,Low,0.2%,0.2%,0.7%
Fri May 30,,USD,Prelim Wholesale Inventories m/m,Low,0.0%,0.4%,0.5%
Fri May 30,7:15pm,USD,Chicago PMI,Low,40.5,45.1,44.6
Fri May 30,7:30pm,USD,Revised UoM Consumer Sentiment,Medium,52.2,51.1,50.8
Fri May 30,,USD,Revised UoM Inflation Expectations,Low,6.6%,,7.3%
Mon Jun 2,5:20am,JPY,Capital Spending q/y,Low,6.4%,3.8%,-0.2%
Mon Jun 2,6:00am,JPY,Final Manufacturing PMI,Low,49.4,49.0,49.0
Mon Jun 2,11:30am,GBP,Nationwide HPI m/m,Low,0.5%,0.0%,-0.6%
Mon Jun 2,12:45pm,EUR,Spanish Manufacturing PMI,Low,50.5,48.3,48.1
Mon Jun 2,1:15pm,EUR,Italian Manufacturing PMI,Low,49.2,49.5,49.3
Mon Jun 2,1:20pm,EUR,French Final Manufacturing PMI,Low,49.8,49.5,49.5
Mon Jun 2,1:25pm,EUR,German Final Manufacturing PMI,Low,48.3,48.8,48.8
Mon Jun 2,1:30pm,EUR,Final Manufacturing PMI,Low,49.4,49.4,49.4
Mon Jun 2,2:00pm,GBP,Final Manufacturing PMI,Low,46.4,45.1,45.1
Mon Jun 2,,GBP,M4 Money Supply m/m,Low,0.0%,0.2%,0.3%
Mon Jun 2,,GBP,Mortgage Approvals,Low,60K,65K,64K
Mon Jun 2,,GBP,Net Lending to Individuals m/m,Low,0.8B,2.8B,14.1B
Mon Jun 2,7:15pm,USD,Final Manufacturing PMI,Low,52.0,52.3,52.3
Mon Jun 2,7:30pm,USD,ISM Manufacturing PMI,High,48.5,49.3,48.7
Mon Jun 2,,USD,ISM Manufacturing Prices,Medium,69.4,70.2,69.8
Mon Jun 2,,USD,Construction Spending m/m,Low,-0.4%,0.4%,-0.8%
Tue Jun 3,5:20am,JPY,Monetary Base y/y,Low,-3.4%,-4.2%,-4.8%
Tue Jun 3,9:05am,JPY,10-y Bond Auction,Low,1.51|3.7,,1.27|2.5
Tue Jun 3,12:15pm,EUR,French Gov Budget Balance,Low,-69.3B,,-47.0B
Tue Jun 3,12:30pm,EUR,Spanish Unemployment Change,Low,-57.8K,-68.5K,-67.4K
Tue Jun 3,1:30pm,EUR,Italian Monthly Unemployment Rate,Low,5.9%,6.1%,6.1%
Tue Jun 3,2:30pm,EUR,Core CPI Flash Estimate y/y,Medium,2.3%,2.4%,2.7%
Tue Jun 3,,EUR,CPI Flash Estimate y/y,Medium,1.9%,2.0%,2.2%
Tue Jun 3,,EUR,Unemployment Rate,Low,6.2%,6.2%,6.3%
Tue Jun 3,7:30pm,USD,JOLTS Job Openings,High,7.39M,7.11M,7.20M
Tue Jun 3,,USD,Factory Orders m/m,Low,-3.7%,-3.1%,3.4%
Tue Jun 3,7:34pm,USD,RCM/TIPP Economic Optimism,Low,49.2,49.1,47.9
Wed Jun 4,All Day,USD,Wards Total Vehicle Sales,Low,15.7M,16.0M,17.3M
Wed Jun 4,12:45pm,EUR,Spanish Services PMI,Low,51.3,52.8,53.4
Wed Jun 4,1:15pm,EUR,Italian Services PMI,Low,53.2,52.1,52.9
Wed Jun 4,1:20pm,EUR,French Final Services PMI,Low,48.9,47.4,47.4
Wed Jun 4,1:25pm,EUR,German Final Services PMI,Low,47.1,47.2,47.2
Wed Jun 4,1:30pm,EUR,Final Services PMI,Low,49.7,48.9,48.9
Wed Jun 4,2:00pm,GBP,Final Services PMI,Low,50.9,50.2,50.2
Wed Jun 4,5:45pm,USD,ADP Non-Farm Employment Change,High,37K,111K,60K
Wed Jun 4,,USD,Final Services PMI,Low,53.7,52.3,52.3
Wed Jun 4,7:30pm,USD,ISM Services PMI,High,49.9,52.0,51.6
Wed Jun 4,,USD,Crude Oil Inventories,Low,-4.3M,-2.9M,-2.8M
Thu Jun 5,5:00am,JPY,Average Cash Earnings y/y,Low,2.3%,2.6%,2.3%
Thu Jun 5,9:05am,JPY,30-y Bond Auction,Low,2.90|2.9,,2.94|3.1
Thu Jun 5,11:30am,EUR,German Factory Orders m/m,Low,0.6%,-1.5%,3.4%
Thu Jun 5,1:30pm,EUR,Italian Retail Sales m/m,Low,0.7%,0.4%,-0.4%
Thu Jun 5,2:00pm,GBP,Construction PMI,Medium,47.9,47.4,46.6
Thu Jun 5,2:29pm,EUR,French 10-y Bond Auction,Low,3.17|2.8,,3.24|2.8
Thu Jun 5,2:30pm,EUR,PPI m/m,Low,-2.2%,-1.8%,-1.7%
Thu Jun 5,5:00pm,USD,Challenger Job Cuts y/y,Low,47.0%,,62.7%
Thu Jun 5,5:45pm,EUR,Main Refinancing Rate,High,2.15%,2.15%,2.40%
Thu Jun 5,,USD,Unemployment Claims,High,247K,236K,239K
Thu Jun 5,,USD,Revised Nonfarm Productivity q/q,Low,-1.5%,-0.8%,-0.8%
Thu Jun 5,,USD,Revised Unit Labor Costs q/q,Low,6.6%,5.7%,5.7%
Thu Jun 5,,USD,Trade Balance,Low,-61.6B,-67.6B,-138.3B
Thu Jun 5,8:00pm,USD,Natural Gas Storage,Low,122B,111B,101B
Fri Jun 6,5:00am,JPY,Household Spending y/y,Low,-0.1%,1.5%,2.1%
Fri Jun 6,10:30am,JPY,Leading Indicators,Low,103.4%,104.0%,108.1%
Fri Jun 6,11:30am,EUR,German Industrial Production m/m,Low,-1.4%,-0.9%,2.3%
Fri Jun 6,,EUR,German Trade Balance,Low,14.6B,20.2B,21.3B
Fri Jun 6,,GBP,Halifax HPI m/m,Low,-0.4%,0.4%,0.3%
Fri Jun 6,12:15pm,EUR,French Industrial Production m/m,Low,-1.4%,0.0%,0.1%
Fri Jun 6,,EUR,French Trade Balance,Low,-8.0B,-6.0B,-6.3B
Fri Jun 6,2:30pm,EUR,Final Employment Change q/q,Low,0.2%,0.3%,0.3%
Fri Jun 6,,EUR,Retail Sales m/m,Low,0.1%,0.2%,0.4%
Fri Jun 6,,EUR,Revised GDP q/q,Low,0.6%,0.4%,0.3%
Fri Jun 6,,USD,Average Hourly Earnings m/m,High,0.4%,0.3%,0.2%
Fri Jun 6,,USD,Non-Farm Employment Change,High,139K,126K,147K
Fri Jun 6,,USD,Unemployment Rate,High,4.2%,4.2%,4.2%
Sat Jun 7,12:30am,USD,Consumer Credit m/m,Low,17.9B,11.3B,8.6B
Mon Jun 9,5:20am,JPY,Bank Lending y/y,Low,2.4%,2.3%,2.3%
Mon Jun 9,,JPY,Current Account,Low,2.31T,2.59T,2.72T
Mon Jun 9,,JPY,Final GDP Price Index y/y,Low,3.3%,3.3%,3.3%
Mon Jun 9,,JPY,Final GDP q/q,Low,0.0%,-0.2%,-0.2%
Mon Jun 9,10:30am,JPY,Economy Watchers Sentiment,Low,44.4,43.8,42.6
Mon Jun 9,7:30pm,USD,Final Wholesale Inventories m/m,Low,0.2%,0.0%,0.0%
Tue Jun 10,4:31am,GBP,BRC Retail Sales Monitor y/y,Low,0.6%,2.7%,6.8%
Tue Jun 10,5:20am,JPY,M2 Money Stock y/y,Low,0.6%,0.6%,0.5%
Tue Jun 10,11:29am,JPY,Prelim Machine Tool Orders y/y,Low,3.4%,,7.7%
Tue Jun 10,11:30am,GBP,Average Earnings Index 3m/y,Medium,5.3%,5.5%,5.6%
Tue Jun 10,,GBP,Claimant Count Change,Medium,33.1K,9.5K,-21.2K
Tue Jun 10,,GBP,Unemployment Rate,Low,4.6%,4.6%,4.5%
Tue Jun 10,1:30pm,EUR,Italian Industrial Production m/m,Low,1.0%,0.0%,0.0%
Tue Jun 10,2:00pm,EUR,Sentix Investor Confidence,Low,0.2,-5.3,-8.1
Tue Jun 10,3:30pm,USD,NFIB Small Business Index,Low,98.8,95.9,95.8
Wed Jun 11,5:20am,JPY,PPI y/y,Low,3.2%,3.5%,4.1%
Wed Jun 11,2:37pm,GBP,10-y Bond Auction,Low,4.59|2.9,,4.67|3.1
Wed Jun 11,3:01pm,EUR,German 10-y Bond Auction,Low,2.54|2.7,,2.66|2.4
Wed Jun 11,,USD,Core CPI m/m,High,0.1%,0.3%,0.2%
Wed Jun 11,,USD,CPI m/m,High,0.1%,0.2%,0.2%
Wed Jun 11,,USD,CPI y/y,High,2.4%,2.5%,2.3%
Wed Jun 11,8:00pm,USD,Crude Oil Inventories,Low,-3.6M,-2.4M,-4.3M
Wed Jun 11,10:31pm,USD,10-y Bond Auction,Low,4.42|2.5,,4.34|2.6
Wed Jun 11,11:29pm,USD,Federal Budget Balance,Low,-316.0B,-314.3B,258.4B
Thu Jun 12,4:31am,GBP,RICS House Price Balance,Low,-8%,-3%,-3%
Thu Jun 12,5:20am,JPY,BSI Manufacturing Index,Low,-4.8,0.8,-2.4
Thu Jun 12,11:30am,GBP,GDP m/m,High,-0.3%,-0.1%,0.2%
Thu Jun 12,,GBP,Construction Output m/m,Low,0.9%,0.3%,0.5%
Thu Jun 12,,GBP,Goods Trade Balance,Low,-23.2B,-20.8B,-19.9B
Thu Jun 12,,GBP,Index of Services 3m/3m,Low,0.6%,0.7%,0.7%
Thu Jun 12,,GBP,Industrial Production m/m,Low,-0.6%,-0.4%,-0.7%
Thu Jun 12,,GBP,Manufacturing Production m/m,Low,-0.9%,-0.8%,-0.8%
Thu Jun 12,1:30pm,EUR,Italian Quarterly Unemployment Rate,Low,6.1%,6.0%,6.1%
Thu Jun 12,6:00pm,USD,Core PPI m/m,High,0.1%,0.3%,-0.2%
Thu Jun 12,,USD,PPI m/m,High,0.1%,0.2%,-0.2%
Thu Jun 12,,USD,Unemployment Claims,High,248K,242K,248K
Thu Jun 12,7:00pm,GBP,CB Leading Index m/m,Low,-0.4%,,-0.4%
Thu Jun 12,8:00pm,USD,Natural Gas Storage,Low,109B,108B,122B
Thu Jun 12,10:31pm,USD,30-y Bond Auction,Low,4.84|2.4,,4.82|2.3
Fri Jun 13,10:00am,JPY,Revised Industrial Production m/m,Low,-1.1%,-1.2%,-0.9%
Fri Jun 13,,JPY,Tertiary Industry Activity m/m,Low,0.3%,0.2%,-1.0%
Fri Jun 13,11:30am,EUR,German Final CPI m/m,Low,0.1%,0.1%,0.1%
Fri Jun 13,,EUR,German WPI m/m,Low,-0.3%,-0.2%,-0.1%
Fri Jun 13,12:15pm,EUR,French Final CPI m/m,Low,-0.1%,-0.1%,-0.1%
Fri Jun 13,1:30pm,EUR,Italian Trade Balance,Low,2.48B,2.73B,4.71B
Fri Jun 13,2:00pm,GBP,Consumer Inflation Expectations,Low,3.2%,,3.4%
Fri Jun 13,2:30pm,EUR,Industrial Production m/m,Low,-2.4%,-1.6%,2.4%
Fri Jun 13,,EUR,Trade Balance,Low,14.0B,18.2B,28.8B
Fri Jun 13,7:30pm,USD,Prelim UoM Consumer Sentiment,High,60.5,53.5,52.2
Fri Jun 13,,USD,Prelim UoM Inflation Expectations,High,5.1%,,6.6%
Mon Jun 16,4:31am,GBP,Rightmove HPI m/m,Low,-0.3%,,0.6%
Mon Jun 16,6:00pm,USD,Empire State Manufacturing Index,Medium,-16.0,-5.9,-9.2
Tue Jun 17,9:00am,JPY,BOJ Policy Rate,High,<0.50%,<0.50%,<0.50%
Tue Jun 17,2:30pm,EUR,German ZEW Economic Sentiment,Medium,47.5,34.8,25.2
Tue Jun 17,,EUR,ZEW Economic Sentiment,Low,35.3,23.5,11.6
Tue Jun 17,,USD,Core Retail Sales m/m,High,-0.3%,0.2%,0.0%
Tue Jun 17,,USD,Retail Sales m/m,High,-0.9%,-0.5%,-0.1%
Tue Jun 17,,USD,Import Prices m/m,Low,0.0%,-0.2%,0.1%
Tue Jun 17,6:45pm,USD,Capacity Utilization Rate,Low,77.4%,77.7%,77.7%
Tue Jun 17,,USD,Industrial Production m/m,Low,-0.2%,0.0%,0.1%
Tue Jun 17,7:30pm,USD,Business Inventories m/m,Low,0.0%,0.0%,0.1%
Tue Jun 17,,USD,NAHB Housing Market Index,Low,32,36,34
Wed Jun 18,5:20am,JPY,Core Machinery Orders m/m,Low,-9.1%,-9.3%,13.0%
Wed Jun 18,,JPY,Trade Balance,Low,-0.31T,-0.37T,-0.35T
Wed Jun 18,11:30am,GBP,CPI y/y,High,3.4%,3.3%,3.5%
Wed Jun 18,,GBP,Core CPI y/y,Low,3.5%,3.5%,3.8%
Wed Jun 18,,GBP,RPI y/y,Low,4.3%,4.2%,4.5%
Wed Jun 18,1:30pm,EUR,Current Account,Low,19.8B,40.4B,50.9B
Wed Jun 18,2:00pm,GBP,HPI y/y,Low,3.5%,5.6%,6.4%
Wed Jun 18,2:30pm,EUR,Final Core CPI y/y,Low,2.3%,2.3%,2.3%
Wed Jun 18,,EUR,Final CPI y/y,Low,1.9%,1.9%,1.9%
Wed Jun 18,3:08pm,EUR,German 30-y Bond Auction,Low,2.99|2.2,,3.12|2.3
Wed Jun 18,6:00pm,USD,Unemployment Claims,High,245K,246K,250K
Wed Jun 18,,USD,Building Permits,Low,1.39M,1.42M,1.42M
Wed Jun 18,,USD,Housing Starts,Low,1.26M,1.35M,1.39M
Wed Jun 18,,USD,Crude Oil Inventories,Low,-11.5M,-2.3M,-3.6M
Wed Jun 18,9:30pm,USD,Natural Gas Storage,Low,95B,96B,109B
Wed Jun 18,11:30pm,USD,Federal Funds Rate,High,4.50%,4.50%,4.50%
Thu Jun 19,1:30am,USD,TIC Long-Term Purchases,Low,-7.8B,142.4B,162.4B
Thu Jun 19,2:15pm,EUR,Spanish 10-y Bond Auction,Low,3.21|1.7,,3.35|1.9
Thu Jun 19,,GBP,MPC Official Bank Rate Votes,High,0-3-6,0-2-7,0-7-2
Thu Jun 19,,GBP,Official Bank Rate,High,4.25%,4.25%,4.25%
Fri Jun 20,4:31am,GBP,GfK Consumer Confidence,Low,-18,-19,-20
Fri Jun 20,5:00am,JPY,National Core CPI y/y,Low,3.7%,3.6%,3.5%
Fri Jun 20,11:30am,EUR,German PPI m/m,Low,-0.2%,-0.3%,-0.6%
Fri Jun 20,,GBP,Retail Sales m/m,High,-2.7%,-0.5%,1.3%
Fri Jun 20,,GBP,Public Sector Net Borrowing,Low,17.7B,17.9B,20.1B
Fri Jun 20,,USD,Philly Fed Manufacturing Index,Medium,-4.0,-1.7,-4.0
Fri Jun 20,7:30pm,EUR,Consumer Confidence,Low,-15,-15,-15
Fri Jun 20,,USD,CB Leading Index m/m,Low,-0.1%,-0.1%,-1.4%
Mon Jun 23,6:00am,JPY,Flash Manufacturing PMI,Low,50.4,49.5,49.4
Mon Jun 23,12:45pm,EUR,French Flash Manufacturing PMI,High,47.8,49.8,49.8
Mon Jun 23,,EUR,French Flash Services PMI,High,48.7,49.2,48.9
Mon Jun 23,1:00pm,EUR,German Flash Manufacturing PMI,High,49.0,48.9,48.3
Mon Jun 23,,EUR,German Flash Services PMI,High,49.4,47.8,47.1
Mon Jun 23,1:30pm,EUR,Flash Manufacturing PMI,Medium,49.4,49.6,49.4
Mon Jun 23,,EUR,Flash Services PMI,Medium,50.0,50.0,49.7
Mon Jun 23,2:00pm,GBP,Flash Manufacturing PMI,High,47.7,46.9,46.4
Mon Jun 23,,GBP,Flash Services PMI,High,51.3,51.2,50.9
Mon Jun 23,7:15pm,USD,Flash Manufacturing PMI,High,52.0,51.1,52.0
Mon Jun 23,,USD,Flash Services PMI,High,53.1,52.9,53.7
Mon Jun 23,7:30pm,USD,Existing Home Sales,Medium,4.03M,3.96M,4.00M
Tue Jun 24,10:30am,JPY,BOJ Core CPI y/y,Low,2.5%,2.5%,2.4%
Tue Jun 24,1:30pm,EUR,German ifo Business Climate,Medium,88.4,88.1,87.5
Tue Jun 24,3:30pm,GBP,CBI Industrial Order Expectations,Low,-33,-28,-30
Tue Jun 24,,USD,Current Account,Low,-450B,-448B,-312B
Tue Jun 24,6:21pm,EUR,Belgian NBB Business Climate,Low,-10.1,-13.1,-13.5
Tue Jun 24,,USD,HPI m/m,Low,-0.4%,0.0%,0.0%
Tue Jun 24,,USD,S&P/CS Composite-20 HPI y/y,Low,3.4%,4.0%,4.1%
Tue Jun 24,7:29pm,USD,Richmond Manufacturing Index,Medium,-7,-10,-9
Tue Jun 24,,USD,CB Consumer Confidence,Medium,93.0,99.4,98.4
Wed Jun 25,,JPY,SPPI y/y,Low,3.3%,3.1%,3.4%
Wed Jun 25,,USD,New Home Sales,Medium,623K,694K,722K
Wed Jun 25,8:00pm,USD,Crude Oil Inventories,Low,-5.8M,-1.2M,-11.5M
Thu Jun 26,11:30am,EUR,German GfK Consumer Climate,Low,-20.3,-19.1,-20.0
Thu Jun 26,3:30pm,GBP,CBI Realized Sales,Low,-46,-24,-27
Thu Jun 26,6:00pm,USD,Final GDP q/q,High,-0.5%,-0.2%,-0.2%
Thu Jun 26,,USD,Unemployment Claims,High,236K,244K,246K
Thu Jun 26,,USD,Core Durable Goods Orders m/m,Medium,0.5%,0.1%,0.1%
Thu Jun 26,,USD,Durable Goods Orders m/m,Medium,16.4%,8.6%,-6.6%
Thu Jun 26,,USD,Final GDP Price Index q/q,Medium,3.8%,3.7%,3.7%
Thu Jun 26,,USD,Goods Trade Balance,Low,-96.6B,-86.3B,-87.0B
Thu Jun 26,,USD,Prelim Wholesale Inventories m/m,Low,-0.3%,0.2%,0.2%
Thu Jun 26,7:30pm,USD,Pending Home Sales m/m,Medium,1.8%,0.2%,-6.3%
Thu Jun 26,8:00pm,USD,Natural Gas Storage,Low,96B,88B,95B
Fri Jun 27,5:00am,JPY,Tokyo Core CPI y/y,Medium,3.1%,3.3%,3.6%
Fri Jun 27,,JPY,Unemployment Rate,Low,2.5%,2.5%,2.5%
Fri Jun 27,5:20am,JPY,Retail Sales y/y,Low,2.2%,2.4%,3.5%
Fri Jun 27,12:15pm,EUR,French Consumer Spending m/m,Low,0.2%,0.1%,0.5%
Fri Jun 27,,EUR,French Prelim CPI m/m,Low,0.3%,0.1%,-0.1%
Fri Jun 27,12:30pm,EUR,Spanish Flash CPI y/y,Medium,2.2%,2.0%,2.0%
Fri Jun 27,3:38pm,EUR,Italian 10-y Bond Auction,Low,3.48|1.5,,3.57|1.5
Fri Jun 27,,USD,Core PCE Price Index m/m,High,0.2%,0.1%,0.1%
Fri Jun 27,,USD,Personal Income m/m,Low,-0.4%,0.3%,0.7%
Fri Jun 27,,USD,Personal Spending m/m,Low,-0.1%,0.1%,0.2%
Fri Jun 27,7:30pm,USD,Revised UoM Consumer Sentiment,Medium,60.7,60.4,60.5
Fri Jun 27,,USD,Revised UoM Inflation Expectations,Low,5.0%,,5.1%
Mon Jun 30,5:20am,JPY,Prelim Industrial Production m/m,Low,0.5%,3.4%,-1.1%
Mon Jun 30,10:30am,JPY,Housing Starts y/y,Low,-34.4%,-15.0%,-26.6%
Mon Jun 30,11:30am,EUR,German Import Prices m/m,Low,-0.7%,-0.3%,-1.7%
Mon Jun 30,,EUR,German Retail Sales m/m,Low,-1.6%,0.5%,-0.6%
Mon Jun 30,,GBP,Current Account,Low,-23.5B,-19.7B,-21.0B
Mon Jun 30,,GBP,Final GDP q/q,Low,0.7%,0.7%,0.7%
Mon Jun 30,,GBP,Revised Business Investment q/q,Low,3.9%,5.8%,5.9%
Mon Jun 30,All Day,EUR,German Prelim CPI m/m,Medium,0.0%,0.2%,0.1%
Mon Jun 30,1:30pm,EUR,M3 Money Supply y/y,Low,3.9%,4.0%,3.9%
Mon Jun 30,,EUR,Private Loans y/y,Low,2.0%,2.0%,1.9%
Mon Jun 30,2:00pm,GBP,M4 Money Supply m/m,Low,0.2%,0.2%,-0.1%
Mon Jun 30,,GBP,Mortgage Approvals,Low,63K,61K,61K
Mon Jun 30,,GBP,Net Lending to Individuals m/m,Low,2.9B,4.1B,1.2B
Mon Jun 30,2:30pm,EUR,Italian Prelim CPI m/m,Low,0.2%,0.1%,-0.1%
Mon Jun 30,7:15pm,USD,Chicago PMI,Low,40.4,42.7,40.5
Tue Jul 1,4:31am,GBP,BRC Shop Price Index y/y,Low,0.4%,0.2%,-0.1%
Tue Jul 1,5:20am,JPY,Tankan Manufacturing Index,Low,13,10,12
Tue Jul 1,,JPY,Tankan Non-Manufacturing Index,Low,34,34,35
Tue Jul 1,6:00am,JPY,Final Manufacturing PMI,Low,50.1,50.4,50.4
Tue Jul 1,9:05am,JPY,10-y Bond Auction,Low,1.44|3.5,,1.51|3.7
Tue Jul 1,10:30am,JPY,Consumer Confidence,Low,34.5,33.6,32.8
Tue Jul 1,11:30am,GBP,Nationwide HPI m/m,Low,-0.8%,-0.2%,0.4%
Tue Jul 1,12:45pm,EUR,Spanish Manufacturing PMI,Low,51.4,50.6,50.5
Tue Jul 1,1:15pm,EUR,Italian Manufacturing PMI,Low,48.4,49.5,49.2
Tue Jul 1,1:20pm,EUR,French Final Manufacturing PMI,Low,48.1,47.8,47.8
Tue Jul 1,1:25pm,EUR,German Final Manufacturing PMI,Low,49.0,49.0,49.0
Tue Jul 1,,EUR,German Unemployment Change,Low,11K,18K,33K
Tue Jul 1,1:30pm,EUR,Final Manufacturing PMI,Low,49.5,49.4,49.4
Tue Jul 1,2:00pm,GBP,Final Manufacturing PMI,Low,47.7,47.7,47.7
Tue Jul 1,2:30pm,EUR,Core CPI Flash Estimate y/y,Medium,2.3%,2.3%,2.3%
Tue Jul 1,,EUR,CPI Flash Estimate y/y,Medium,2.0%,2.0%,1.9%
Tue Jul 1,2:33pm,GBP,30-y Bond Auction,Low,5.17|3.2,,5.36|3.0
Tue Jul 1,7:15pm,USD,Final Manufacturing PMI,Low,52.9,52.0,52.0
Tue Jul 1,7:30pm,USD,ISM Manufacturing PMI,High,49.0,48.8,48.5
Tue Jul 1,,USD,JOLTS Job Openings,High,7.77M,7.32M,7.40M
Tue Jul 1,,USD,ISM Manufacturing Prices,Medium,69.7,69.6,69.4
Tue Jul 1,,USD,Construction Spending m/m,Low,-0.3%,-0.2%,-0.2%
Tue Jul 1,7:33pm,USD,RCM/TIPP Economic Optimism,Low,48.6,50.1,49.2
Tue Jul 1,All Day,USD,Wards Total Vehicle Sales,Low,15.3M,15.5M,15.7M
Wed Jul 2,5:20am,JPY,Monetary Base y/y,Low,-3.5%,-3.5%,-3.4%
Wed Jul 2,12:15pm,EUR,French Gov Budget Balance,Low,-94.0B,,-69.3B
Wed Jul 2,12:30pm,EUR,Spanish Unemployment Change,Low,-48.9K,-69.5K,-57.8K
Wed Jul 2,1:30pm,EUR,Italian Monthly Unemployment Rate,Low,6.5%,6.0%,6.1%
Wed Jul 2,2:30pm,EUR,Unemployment Rate,Low,6.3%,6.2%,6.2%
Wed Jul 2,3:06pm,EUR,German 10-y Bond Auction,Low,2.63|1.6,,2.54|2.7
Wed Jul 2,5:00pm,USD,Challenger Job Cuts y/y,Low,-1.6%,,47.0%
Wed Jul 2,5:45pm,USD,ADP Non-Farm Employment Change,High,-33K,99K,29K
Wed Jul 2,8:00pm,USD,Crude Oil Inventories,Low,3.8M,-3.5M,-5.8M
Thu Jul 3,9:05am,JPY,30-y Bond Auction,Low,2.81|3.6,,2.90|2.9
Thu Jul 3,12:45pm,EUR,Spanish Services PMI,Low,51.9,51.1,51.3
Thu Jul 3,1:15pm,EUR,Italian Services PMI,Low,52.1,52.6,53.2
Thu Jul 3,1:20pm,EUR,French Final Services PMI,Low,49.6,48.7,48.7
Thu Jul 3,1:25pm,EUR,German Final Services PMI,Low,49.7,49.4,49.4
Thu Jul 3,1:30pm,EUR,Final Services PMI,Low,50.5,50.0,50.0
Thu Jul 3,,GBP,Final Services PMI,Low,52.8,51.3,51.3
Thu Jul 3,2:14pm,EUR,Spanish 10-y Bond Auction,Low,3.16|1.9,,3.21|1.7
Thu Jul 3,2:27pm,EUR,French 10-y Bond Auction,Low,3.27|2.3,,3.17|2.8
Thu Jul 3,,USD,Average Hourly Earnings m/m,High,0.2%,0.3%,0.4%
Thu Jul 3,,USD,Non-Farm Employment Change,High,147K,111K,144K
Thu Jul 3,,USD,Unemployment Rate,High,4.1%,4.3%,4.2%
Thu Jul 3,,USD,Unemployment Claims,Medium,233K,240K,237K
Thu Jul 3,,USD,Trade Balance,Low,-71.5B,-69.9B,-60.3B
Thu Jul 3,7:15pm,USD,Final Services PMI,Low,52.9,53.1,53.1
Thu Jul 3,7:30pm,USD,ISM Services PMI,High,50.8,50.8,49.9
Thu Jul 3,,USD,Factory Orders m/m,Low,8.2%,8.1%,-3.9%
Thu Jul 3,8:00pm,USD,Natural Gas Storage,Low,55B,48B,96B
Fri Jul 4,5:00am,JPY,Household Spending y/y,Low,4.7%,1.3%,-0.1%
Fri Jul 4,11:30am,EUR,German Factory Orders m/m,Low,-1.4%,-0.2%,1.6%
Fri Jul 4,12:15pm,EUR,French Industrial Production m/m,Low,-0.5%,0.4%,-1.4%
Fri Jul 4,1:30pm,EUR,Italian Retail Sales m/m,Low,-0.4%,0.5%,0.7%
Fri Jul 4,2:00pm,GBP,Construction PMI,Low,48.8,48.6,47.9
Fri Jul 4,2:07pm,GBP,Housing Equity Withdrawal q/q,Low,-3.3B,-10.3B,-13.5B
Fri Jul 4,2:30pm,EUR,PPI m/m,Low,-0.6%,-0.6%,-2.2%
Mon Jul 7,5:00am,JPY,Average Cash Earnings y/y,Low,1.0%,2.4%,2.0%
Mon Jul 7,10:30am,JPY,Leading Indicators,Low,105.3%,105.3%,104.2%
Mon Jul 7,11:30am,EUR,German Industrial Production m/m,Low,1.2%,-0.6%,-1.6%
Mon Jul 7,,GBP,Halifax HPI m/m,Low,0.0%,-0.1%,-0.3%
Mon Jul 7,2:00pm,EUR,Sentix Investor Confidence,Low,4.5,1.1,0.2
Mon Jul 7,2:30pm,EUR,Retail Sales m/m,Low,-0.7%,-0.8%,0.3%
Tue Jul 8,5:20am,JPY,Bank Lending y/y,Low,2.8%,2.3%,2.4%
Tue Jul 8,5:32am,JPY,Current Account,Low,2.82T,2.57T,2.31T
Tue Jul 8,10:30am,JPY,Economy Watchers Sentiment,Low,45.0,45.1,44.4
Tue Jul 8,11:30am,EUR,German Trade Balance,Low,18.4B,15.7B,15.8B
Tue Jul 8,12:15pm,EUR,French Trade Balance,Low,-7.8B,-7.7B,-7.7B
Tue Jul 8,3:30pm,USD,NFIB Small Business Index,Low,98.6,98.7,98.8
Wed Jul 9,12:30am,USD,Consumer Credit m/m,Low,5.1B,10.4B,16.9B
Wed Jul 9,5:20am,JPY,M2 Money Stock y/y,Low,0.9%,0.2%,0.6%
Wed Jul 9,11:27am,JPY,Prelim Machine Tool Orders y/y,Low,-0.5%,,3.4%
Wed Jul 9,2:34pm,GBP,10-y Bond Auction,Low,4.64|2.9,,4.59|2.9
Wed Jul 9,7:30pm,USD,Final Wholesale Inventories m/m,Low,-0.3%,-0.2%,-0.3%
Wed Jul 9,8:00pm,USD,Crude Oil Inventories,Low,7.1M,-1.7M,3.8M
Wed Jul 9,10:31pm,USD,10-y Bond Auction,Low,4.36|2.6,,4.42|2.5
Thu Jul 10,4:31am,GBP,RICS House Price Balance,Low,-7%,-9%,-7%
Thu Jul 10,5:20am,JPY,PPI y/y,Low,2.9%,2.9%,3.3%
Thu Jul 10,11:30am,EUR,German Final CPI m/m,Low,0.0%,0.0%,0.0%
Thu Jul 10,1:30pm,EUR,Italian Industrial Production m/m,Low,-0.7%,-0.2%,0.9%
Thu Jul 10,6:00pm,USD,Unemployment Claims,High,227K,236K,232K
Thu Jul 10,8:00pm,USD,Natural Gas Storage,Low,53B,56B,55B
Thu Jul 10,10:31pm,USD,30-y Bond Auction,Low,4.89|2.4,,4.84|2.4
Fri Jul 11,11:30am,EUR,German WPI m/m,Low,0.2%,0.2%,-0.3%
Fri Jul 11,,GBP,GDP m/m,High,-0.1%,0.1%,-0.3%
Fri Jul 11,,GBP,Construction Output m/m,Low,-0.6%,0.2%,0.8%
Fri Jul 11,,GBP,Goods Trade Balance,Low,-21.7B,-21.1B,-22.4B
Fri Jul 11,,GBP,Index of Services 3m/3m,Low,0.4%,0.4%,0.6%
Fri Jul 11,,GBP,Industrial Production m/m,Low,-0.9%,-0.1%,-0.6%
Fri Jul 11,,GBP,Manufacturing Production m/m,Low,-1.0%,-0.1%,-0.7%
Fri Jul 11,12:15pm,EUR,French Final CPI m/m,Low,0.4%,0.3%,0.3%
Fri Jul 11,11:29pm,USD,Federal Budget Balance,Low,27.0B,-41.5B,-316.0B
Mon Jul 14,5:20am,JPY,Core Machinery Orders m/m,Low,-0.6%,-1.4%,-9.1%
Mon Jul 14,10:00am,JPY,Revised Industrial Production m/m,Low,-0.1%,0.5%,0.5%
Mon Jul 14,,JPY,Tertiary Industry Activity m/m,Low,0.6%,0.1%,0.5%
Tue Jul 15,4:31am,GBP,BRC Retail Sales Monitor y/y,Low,2.7%,1.2%,0.6%
Tue Jul 15,2:30pm,EUR,German ZEW Economic Sentiment,Medium,52.7,50.8,47.5
Tue Jul 15,,EUR,Industrial Production m/m,Low,1.7%,1.1%,-2.2%
Tue Jul 15,,EUR,ZEW Economic Sentiment,Low,36.1,37.8,35.3
Tue Jul 15,,USD,Core CPI m/m,High,0.2%,0.3%,0.1%
Tue Jul 15,,USD,CPI m/m,High,0.3%,0.3%,0.1%
Tue Jul 15,,USD,CPI y/y,High,2.7%,2.6%,2.4%
Tue Jul 15,,USD,Empire State Manufacturing Index,Medium,5.5,-8.3,-16.0
Wed Jul 16,11:30am,GBP,CPI y/y,High,3.6%,3.4%,3.4%
Wed Jul 16,,GBP,Core CPI y/y,Low,3.7%,3.5%,3.5%
Wed Jul 16,,GBP,RPI y/y,Low,4.4%,4.3%,4.3%
Wed Jul 16,2:00pm,GBP,HPI y/y,Low,3.9%,3.2%,3.6%
Wed Jul 16,2:30pm,EUR,Italian Trade Balance,Low,6.16B,2.87B,2.45B
Wed Jul 16,,EUR,Trade Balance,Low,16.2B,13.9B,15.1B
Wed Jul 16,3:03pm,EUR,German 30-y Bond Auction,Low,3.22|1.4,,2.99|2.2
Wed Jul 16,6:00pm,USD,Core PPI m/m,High,0.0%,0.2%,0.4%
Wed Jul 16,,USD,PPI m/m,High,0.0%,0.2%,0.3%
Wed Jul 16,6:45pm,USD,Capacity Utilization Rate,Low,77.6%,77.4%,77.5%
Wed Jul 16,,USD,Industrial Production m/m,Low,0.3%,0.1%,0.0%
Wed Jul 16,7:00pm,GBP,CB Leading Index m/m,Low,-0.3%,,-0.4%
Wed Jul 16,8:00pm,USD,Crude Oil Inventories,Low,-3.9M,-1.8M,7.1M
Thu Jul 17,5:20am,JPY,Trade Balance,Low,-0.24T,-0.26T,-0.29T
Thu Jul 17,,GBP,Average Earnings Index 3m/y,Medium,5.0%,5.0%,5.4%
Thu Jul 17,,GBP,Claimant Count Change,Medium,25.9K,17.9K,15.3K
Thu Jul 17,,GBP,Unemployment Rate,Low,4.7%,4.6%,4.6%
Thu Jul 17,2:12pm,EUR,Spanish 10-y Bond Auction,Low,3.30|2.0,,3.16|1.9
Thu Jul 17,2:30pm,EUR,Final Core CPI y/y,Low,2.3%,2.3%,2.3%
Thu Jul 17,,EUR,Final CPI y/y,Low,2.0%,2.0%,2.0%
Thu Jul 17,,USD,Core Retail Sales m/m,High,0.5%,0.3%,-0.2%
Thu Jul 17,,USD,Retail Sales m/m,High,0.6%,0.1%,-0.9%
Thu Jul 17,,USD,Unemployment Claims,High,221K,233K,228K
Thu Jul 17,,USD,Philly Fed Manufacturing Index,Medium,15.9,-1.2,-4.0
Thu Jul 17,,USD,Import Prices m/m,Low,0.1%,0.3%,-0.4%
Thu Jul 17,7:30pm,USD,Business Inventories m/m,Low,0.0%,0.0%,0.0%
Thu Jul 17,,USD,NAHB Housing Market Index,Low,33,33,32
Thu Jul 17,8:00pm,USD,Natural Gas Storage,Low,46B,44B,53B
Fri Jul 18,1:30am,USD,TIC Long-Term Purchases,Low,259.4B,48.3B,-8.2B
Fri Jul 18,5:00am,JPY,National Core CPI y/y,Low,3.3%,3.4%,3.7%
Fri Jul 18,11:30am,EUR,German PPI m/m,Low,0.1%,0.1%,-0.2%
Fri Jul 18,1:30pm,EUR,Current Account,Low,32.3B,34.8B,18.6B
Fri Jul 18,6:00pm,USD,Building Permits,Low,1.40M,1.39M,1.39M
Fri Jul 18,,USD,Housing Starts,Low,1.32M,1.29M,1.26M
Fri Jul 18,7:30pm,USD,Prelim UoM Consumer Sentiment,Medium,61.8,61.4,60.7
Fri Jul 18,,USD,Prelim UoM Inflation Expectations,Medium,4.4%,,5.0%
Mon Jul 21,4:31am,GBP,Rightmove HPI m/m,Low,-1.2%,,-0.3%
Mon Jul 21,7:30pm,USD,CB Leading Index m/m,Low,-0.3%,-0.2%,0.0%
Tue Jul 22,11:30am,GBP,Public Sector Net Borrowing,Low,20.7B,17.4B,17.4B
Tue Jul 22,7:29pm,USD,Richmond Manufacturing Index,Medium,-20,-2,-7
Wed Jul 23,10:30am,JPY,BOJ Core CPI y/y,Low,2.3%,2.5%,2.5%
Wed Jul 23,3:01pm,EUR,German 10-y Bond Auction,Low,2.62|1.5,,2.63|1.6
Wed Jul 23,7:30pm,EUR,Consumer Confidence,Low,-15,-15,-15
Wed Jul 23,,USD,Existing Home Sales,Medium,3.93M,4.00M,4.04M
Wed Jul 23,8:00pm,USD,Crude Oil Inventories,Low,-3.2M,-1.4M,-3.9M
Thu Jul 24,6:00am,JPY,Flash Manufacturing PMI,Low,48.8,50.2,50.1
Thu Jul 24,11:30am,EUR,German GfK Consumer Climate,Low,-21.5,-19.4,-20.3
Thu Jul 24,12:30pm,EUR,Spanish Unemployment Rate,Low,10.3%,10.6%,11.4%
Thu Jul 24,12:45pm,EUR,French Flash Manufacturing PMI,High,48.4,48.5,48.1
Thu Jul 24,,EUR,French Flash Services PMI,High,49.7,49.7,49.6
Thu Jul 24,1:00pm,EUR,German Flash Manufacturing PMI,High,49.2,49.4,49.0
Thu Jul 24,,EUR,German Flash Services PMI,High,50.1,50.0,49.7
Thu Jul 24,1:30pm,EUR,Flash Manufacturing PMI,Medium,49.8,49.7,49.5
Thu Jul 24,,EUR,Flash Services PMI,Medium,51.2,50.6,50.5
Thu Jul 24,2:00pm,GBP,Flash Manufacturing PMI,High,48.2,47.9,47.7
Thu Jul 24,,GBP,Flash Services PMI,High,51.2,52.8,52.8
Thu Jul 24,3:30pm,GBP,CBI Industrial Order Expectations,Low,-30,-27,-33
Thu Jul 24,5:45pm,EUR,Main Refinancing Rate,High,2.15%,2.15%,2.15%
Thu Jul 24,,USD,Unemployment Claims,High,217K,227K,221K
Thu Jul 24,7:15pm,USD,Flash Manufacturing PMI,High,49.5,52.7,52.9
Thu Jul 24,,USD,Flash Services PMI,High,55.2,53.0,52.9
Thu Jul 24,7:30pm,USD,New Home Sales,Medium,627K,649K,623K
Thu Jul 24,8:00pm,USD,Natural Gas Storage,Low,23B,28B,46B
Fri Jul 25,4:31am,GBP,GfK Consumer Confidence,Low,-19,-19,-18
Fri Jul 25,5:00am,JPY,Tokyo Core CPI y/y,Medium,2.9%,3.0%,3.1%
Fri Jul 25,5:20am,JPY,SPPI y/y,Low,3.2%,3.2%,3.4%
Fri Jul 25,11:30am,GBP,Retail Sales m/m,Medium,0.9%,1.2%,-2.8%
Fri Jul 25,1:30pm,EUR,German ifo Business Climate,Medium,88.6,89.1,88.4
Fri Jul 25,,EUR,M3 Money Supply y/y,Low,3.3%,3.7%,3.9%
Fri Jul 25,,EUR,Private Loans y/y,Low,2.2%,1.9%,2.0%
Fri Jul 25,6:00pm,USD,Core Durable Goods Orders m/m,Medium,0.2%,0.1%,0.6%
Fri Jul 25,,USD,Durable Goods Orders m/m,Medium,-9.3%,-10.4%,16.5%
Fri Jul 25,6:01pm,EUR,Belgian NBB Business Climate,Low,-10.8,-9.8,-10.1
Mon Jul 28,3:30pm,GBP,CBI Realized Sales,Low,-34,-28,-46
Tue Jul 29,4:31am,GBP,BRC Shop Price Index y/y,Low,0.7%,0.2%,0.4%
Tue Jul 29,12:30pm,EUR,Spanish Flash GDP q/q,Low,0.7%,0.6%,0.6%
Tue Jul 29,2:00pm,GBP,M4 Money Supply m/m,Low,0.3%,0.3%,0.2%
Tue Jul 29,,GBP,Mortgage Approvals,Low,64K,63K,63K
Tue Jul 29,,GBP,Net Lending to Individuals m/m,Low,6.8B,3.7B,3.1B
Tue Jul 29,6:00pm,USD,Goods Trade Balance,Low,-86.0B,-98.3B,-96.4B
Tue Jul 29,,USD,Prelim Wholesale Inventories m/m,Low,0.2%,-0.1%,-0.3%
Tue Jul 29,6:30pm,USD,HPI m/m,Low,-0.2%,-0.1%,-0.3%
Tue Jul 29,,USD,S&P/CS Composite-20 HPI y/y,Low,2.8%,2.9%,3.4%
Tue Jul 29,7:30pm,USD,JOLTS Job Openings,High,7.44M,7.51M,7.71M
Tue Jul 29,,USD,CB Consumer Confidence,Medium,97.2,95.9,95.2
Wed Jul 30,11:00am,EUR,French Consumer Spending m/m,Low,0.6%,-0.3%,0.1%
Wed Jul 30,,EUR,French Flash GDP q/q,Low,0.3%,0.1%,0.1%
Wed Jul 30,11:30am,EUR,German Retail Sales m/m,Low,1.0%,0.5%,-0.6%
Wed Jul 30,,EUR,Spanish Flash CPI y/y,Medium,2.7%,2.3%,2.3%
Wed Jul 30,,EUR,German Prelim GDP q/q,High,-0.1%,-0.1%,0.4%
Wed Jul 30,,EUR,Italian Prelim GDP q/q,Low,-0.1%,0.1%,0.3%
Wed Jul 30,2:30pm,EUR,Prelim Flash GDP q/q,Low,0.1%,0.0%,0.6%
Wed Jul 30,2:37pm,EUR,Italian 10-y Bond Auction,Low,3.52|1.6,,3.48|1.5
Wed Jul 30,5:45pm,USD,ADP Non-Farm Employment Change,High,104K,77K,-23K
Wed Jul 30,6:00pm,USD,Advance GDP q/q,High,3.0%,2.5%,-0.5%
Wed Jul 30,,USD,Advance GDP Price Index q/q,Medium,2.0%,2.2%,3.8%
Wed Jul 30,7:30pm,USD,Pending Home Sales m/m,Medium,-0.8%,0.2%,1.8%
Wed Jul 30,,USD,Crude Oil Inventories,Low,7.7M,-2.3M,-3.2M
Wed Jul 30,11:30pm,USD,Federal Funds Rate,High,4.50%,4.50%,4.50%
Thu Jul 31,5:20am,JPY,Prelim Industrial Production m/m,Low,1.7%,-0.7%,-0.1%
Thu Jul 31,,JPY,Retail Sales y/y,Low,2.0%,1.8%,1.9%
Thu Jul 31,,JPY,BOJ Policy Rate,High,<0.50%,<0.50%,<0.50%
Thu Jul 31,10:30am,JPY,Consumer Confidence,Low,33.7,35.1,34.5
Thu Jul 31,,JPY,Housing Starts y/y,Low,-15.6%,-16.3%,-34.4%
Thu Jul 31,11:30am,EUR,German Import Prices m/m,Low,0.0%,-0.2%,-0.7%
Thu Jul 31,All Day,EUR,German Prelim CPI m/m,Medium,0.3%,0.2%,0.0%
Thu Jul 31,12:15pm,EUR,French Prelim CPI m/m,Low,0.2%,0.3%,0.4%
Thu Jul 31,1:25pm,EUR,German Unemployment Change,Low,2K,15K,10K
Thu Jul 31,1:29pm,EUR,Italian Monthly Unemployment Rate,Low,6.3%,6.4%,6.5%
Thu Jul 31,2:30pm,EUR,Italian Prelim CPI m/m,Low,0.4%,0.1%,0.2%
Thu Jul 31,,EUR,Unemployment Rate,Low,6.2%,6.3%,6.2%
Thu Jul 31,5:00pm,USD,Challenger Job Cuts y/y,Low,139.8%,,-1.6%
Thu Jul 31,,USD,Core PCE Price Index m/m,High,0.3%,0.3%,0.2%
Thu Jul 31,,USD,Employment Cost Index q/q,High,0.9%,0.8%,0.9%
Thu Jul 31,,USD,Unemployment Claims,High,218K,222K,217K
Thu Jul 31,,USD,Personal Income m/m,Low,0.3%,0.2%,-0.4%
Thu Jul 31,,USD,Personal Spending m/m,Low,0.3%,0.4%,0.0%
Thu Jul 31,7:15pm,USD,Chicago PMI,Low,47.1,41.9,40.4
Thu Jul 31,8:00pm,USD,Natural Gas Storage,Low,48B,37B,23B
Fri Aug 1,5:00am,JPY,Unemployment Rate,Low,2.5%,2.5%,2.5%
Fri Aug 1,6:00am,JPY,Final Manufacturing PMI,Low,48.9,48.8,48.8
Fri Aug 1,11:30am,GBP,Nationwide HPI m/m,Low,0.6%,0.5%,-0.9%
Fri Aug 1,12:45pm,EUR,Spanish Manufacturing PMI,Low,51.9,51.7,51.4
Fri Aug 1,1:15pm,EUR,Italian Manufacturing PMI,Low,49.8,48.7,48.4
Fri Aug 1,1:20pm,EUR,French Final Manufacturing PMI,Low,48.2,48.4,48.4
Fri Aug 1,1:25pm,EUR,German Final Manufacturing PMI,Low,49.1,49.2,49.2
Fri Aug 1,1:30pm,EUR,Final Manufacturing PMI,Low,49.8,49.8,49.8
Fri Aug 1,,EUR,Italian Retail Sales m/m,Low,0.6%,0.3%,-0.4%
Fri Aug 1,2:00pm,GBP,Final Manufacturing PMI,Low,48.0,48.2,48.2
Fri Aug 1,2:30pm,EUR,Core CPI Flash Estimate y/y,Medium,2.3%,2.3%,2.3%
Fri Aug 1,,EUR,CPI Flash Estimate y/y,Medium,2.0%,1.9%,2.0%
Fri Aug 1,6:00pm,USD,Average Hourly Earnings m/m,High,0.3%,0.3%,0.2%
Fri Aug 1,,USD,Non-Farm Employment Change,High,73K,106K,14K
Fri Aug 1,,USD,Unemployment Rate,High,4.2%,4.2%,4.1%
Fri Aug 1,7:15pm,USD,Final Manufacturing PMI,Low,49.8,49.7,49.5
Fri Aug 1,7:30pm,USD,ISM Manufacturing PMI,High,48.0,49.5,49.0
Fri Aug 1,,USD,ISM Manufacturing Prices,Medium,64.8,69.9,69.7
Fri Aug 1,,USD,Revised UoM Consumer Sentiment,Medium,61.7,62.0,61.8
Fri Aug 1,,USD,Construction Spending m/m,Low,-0.4%,0.0%,-0.4%
Fri Aug 1,,USD,Revised UoM Inflation Expectations,Low,4.5%,,4.4%
Fri Aug 1,All Day,USD,Wards Total Vehicle Sales,Low,16.4M,16.0M,15.3M
Mon Aug 4,5:20am,JPY,Monetary Base y/y,Low,-3.9%,-2.8%,-3.5%
Mon Aug 4,12:30pm,EUR,Spanish Unemployment Change,Low,-1.4K,-21.3K,-48.9K
Mon Aug 4,2:00pm,EUR,Sentix Investor Confidence,Low,-3.7,6.2,4.5
Mon Aug 4,7:30pm,USD,Factory Orders m/m,Low,-4.8%,-4.9%,8.3%
Tue Aug 5,9:05am,JPY,10-y Bond Auction,Low,1.46|3.1,,1.44|3.5
Tue Aug 5,12:15pm,EUR,French Gov Budget Balance,Low,-100.4B,,-94.0B
Tue Aug 5,,EUR,French Industrial Production m/m,Low,3.8%,0.8%,-0.7%
Tue Aug 5,12:45pm,EUR,Spanish Services PMI,Low,55.1,52.6,51.9
Tue Aug 5,1:15pm,EUR,Italian Services PMI,Low,52.3,52.5,52.1
Tue Aug 5,1:20pm,EUR,French Final Services PMI,Low,48.5,49.7,49.7
Tue Aug 5,1:25pm,EUR,German Final Services PMI,Low,50.6,50.1,50.1
Tue Aug 5,1:30pm,EUR,Final Services PMI,Low,51.0,51.2,51.2
Tue Aug 5,2:00pm,GBP,Final Services PMI,Low,51.8,51.2,51.2
Tue Aug 5,2:30pm,EUR,PPI m/m,Low,0.8%,0.9%,-0.6%
Tue Aug 5,2:32pm,GBP,10-y Bond Auction,Low,4.52|3.3,,4.64|2.9
Tue Aug 5,,USD,Trade Balance,Low,-60.2B,-62.6B,-71.7B
Tue Aug 5,7:15pm,USD,Final Services PMI,Low,55.7,55.2,55.2
Tue Aug 5,7:30pm,USD,ISM Services PMI,High,50.1,51.5,50.8
Tue Aug 5,7:31pm,USD,RCM/TIPP Economic Optimism,Low,50.9,49.2,48.6
Wed Aug 6,5:00am,JPY,Average Cash Earnings y/y,Low,2.5%,3.1%,1.4%
Wed Aug 6,11:30am,EUR,German Factory Orders m/m,Low,-1.0%,1.2%,-0.8%
Wed Aug 6,12:15pm,EUR,French Prelim Private Payrolls q/q,Low,0.0%,0.1%,-0.1%
Wed Aug 6,1:30pm,EUR,Italian Industrial Production m/m,Low,0.2%,-0.1%,-0.8%
Wed Aug 6,2:00pm,GBP,Construction PMI,Low,44.3,48.9,48.8
Wed Aug 6,2:30pm,EUR,Retail Sales m/m,Low,0.3%,0.4%,-0.3%
Wed Aug 6,8:00pm,USD,Crude Oil Inventories,Low,-3.0M,0.2M,7.7M
Wed Aug 6,10:31pm,USD,10-y Bond Auction,Low,4.26|2.4,,4.36|2.6
Thu Aug 7,9:05am,JPY,30-y Bond Auction,Low,3.09|3.4,,2.81|3.6
Thu Aug 7,10:30am,JPY,Leading Indicators,Low,106.1%,106.0%,104.8%
Thu Aug 7,11:30am,EUR,German Industrial Production m/m,Low,-1.9%,-0.4%,-0.1%
Thu Aug 7,,EUR,German Trade Balance,Low,14.9B,17.8B,18.5B
Thu Aug 7,,GBP,Halifax HPI m/m,Low,0.4%,0.1%,0.1%
Thu Aug 7,12:15pm,EUR,French Trade Balance,Low,-7.6B,-7.5B,-7.6B
Thu Aug 7,2:15pm,EUR,Spanish 10-y Bond Auction,Low,3.20|2.1,,3.30|2.0
Thu Aug 7,2:28pm,EUR,French 10-y Bond Auction,Low,3.41|2.9,,3.27|2.3
Thu Aug 7,,GBP,MPC Official Bank Rate Votes,High,0-5-4,0-8-1,0-3-6
Thu Aug 7,,GBP,Official Bank Rate,High,4.00%,4.00%,4.25%
Thu Aug 7,6:00pm,USD,Unemployment Claims,High,226K,221K,219K
Thu Aug 7,,USD,Prelim Nonfarm Productivity q/q,Low,2.4%,1.9%,-1.5%
Thu Aug 7,,USD,Prelim Unit Labor Costs q/q,Low,1.6%,1.6%,6.6%
Thu Aug 7,,USD,Final Wholesale Inventories m/m,Low,0.1%,0.2%,0.2%
Thu Aug 7,8:00pm,USD,Natural Gas Storage,Low,7B,10B,48B
Thu Aug 7,10:31pm,USD,30-y Bond Auction,Low,4.81|2.3,,4.89|2.4
Fri Aug 8,12:30am,USD,Consumer Credit m/m,Low,7.4B,7.4B,5.1B
Fri Aug 8,5:00am,JPY,Household Spending y/y,Low,1.3%,2.8%,4.7%
Fri Aug 8,5:20am,JPY,Bank Lending y/y,Low,3.2%,2.7%,2.7%
Fri Aug 8,,JPY,Current Account,Low,2.40T,2.76T,2.82T
Fri Aug 8,10:30am,JPY,Economy Watchers Sentiment,Low,45.2,45.5,45.0
Mon Aug 11,2:30pm,EUR,Italian Trade Balance,Low,5.41B,7.12B,6.10B
Mon Aug 11,7:05pm,USD,Cleveland Fed Inflation Expectations,Low,3.5%,,3.9%
Tue Aug 12,4:31am,GBP,BRC Retail Sales Monitor y/y,Low,1.8%,2.1%,2.7%
Tue Aug 12,5:20am,JPY,M2 Money Stock y/y,Low,1.0%,0.8%,0.9%
Tue Aug 12,11:30am,GBP,Average Earnings Index 3m/y,Medium,4.6%,4.7%,5.0%
Tue Aug 12,,GBP,Claimant Count Change,Medium,-6.2K,19.7K,-15.5K
Tue Aug 12,,GBP,Unemployment Rate,Low,4.7%,4.7%,4.7%
Tue Aug 12,2:30pm,EUR,German ZEW Economic Sentiment,Medium,34.7,39.5,52.7
Tue Aug 12,,EUR,ZEW Economic Sentiment,Low,25.1,28.1,36.1
Tue Aug 12,3:30pm,USD,NFIB Small Business Index,Low,100.3,98.9,98.6
Tue Aug 12,,USD,Core CPI m/m,High,0.3%,0.3%,0.2%
Tue Aug 12,,USD,CPI m/m,High,0.2%,0.2%,0.3%
Tue Aug 12,,USD,CPI y/y,High,2.7%,2.8%,2.7%
Tue Aug 12,11:30pm,USD,Federal Budget Balance,Low,-291.1B,-206.7B,27.0B
Wed Aug 13,5:20am,JPY,PPI y/y,Low,2.6%,2.5%,2.9%
Wed Aug 13,11:26am,JPY,Prelim Machine Tool Orders y/y,Low,3.6%,,-0.5%
Wed Aug 13,11:30am,EUR,German Final CPI m/m,Low,0.3%,0.3%,0.3%
Wed Aug 13,,EUR,German WPI m/m,Low,-0.1%,0.2%,0.2%
Wed Aug 13,3:03pm,EUR,German 10-y Bond Auction,Low,2.69|1.4,,2.62|1.5
Wed Aug 13,8:00pm,USD,Crude Oil Inventories,Low,3.0M,-0.9M,-3.0M
Thu Aug 14,4:31am,GBP,RICS House Price Balance,Low,-13%,-4%,-7%
Thu Aug 14,11:30am,GBP,GDP m/m,High,0.4%,0.2%,-0.1%
Thu Aug 14,,GBP,Prelim GDP q/q,Medium,0.3%,0.1%,0.7%
Thu Aug 14,,GBP,Construction Output m/m,Low,0.3%,0.3%,-0.5%
Thu Aug 14,,GBP,Goods Trade Balance,Low,-22.2B,-21.7B,-22.1B
Thu Aug 14,,GBP,Index of Services 3m/3m,Low,0.4%,0.2%,0.5%
Thu Aug 14,,GBP,Industrial Production m/m,Low,0.7%,0.3%,-1.3%
Thu Aug 14,,GBP,Manufacturing Production m/m,Low,0.5%,0.4%,-1.0%
Thu Aug 14,,GBP,Prelim Business Investment q/q,Low,-4.0%,0.1%,3.9%
Thu Aug 14,12:15pm,EUR,French Final CPI m/m,Low,0.2%,0.2%,0.2%
Thu Aug 14,2:30pm,EUR,Flash Employment Change q/q,Low,0.1%,0.2%,0.2%
Thu Aug 14,,EUR,Flash GDP q/q,Low,0.1%,0.1%,0.1%
Thu Aug 14,,EUR,Industrial Production m/m,Low,-1.3%,-0.9%,1.1%
Thu Aug 14,6:00pm,USD,Core PPI m/m,High,0.9%,0.2%,0.0%
Thu Aug 14,,USD,PPI m/m,High,0.9%,0.2%,0.0%
Thu Aug 14,,USD,Unemployment Claims,High,224K,225K,227K
Thu Aug 14,7:00pm,GBP,CB Leading Index m/m,Low,-0.1%,,-0.1%
Thu Aug 14,,USD,Natural Gas Storage,Low,56B,53B,7B
Thu Aug 14,9:20pm,USD,Mortgage Delinquencies,Low,3.93%,,4.04%
Fri Aug 15,5:20am,JPY,Prelim GDP Price Index y/y,Low,3.0%,3.1%,3.3%
Fri Aug 15,,JPY,Prelim GDP q/q,Low,0.3%,0.1%,0.0%
Fri Aug 15,10:00am,JPY,Revised Industrial Production m/m,Low,2.1%,1.7%,1.7%
Fri Aug 15,,USD,Core Retail Sales m/m,High,0.3%,0.3%,0.8%
Fri Aug 15,,USD,Retail Sales m/m,High,0.5%,0.6%,0.9%
Fri Aug 15,,USD,Empire State Manufacturing Index,Medium,11.9,-1.2,5.5
Fri Aug 15,,USD,Import Prices m/m,Low,0.4%,0.1%,-0.1%
Fri Aug 15,6:45pm,USD,Capacity Utilization Rate,Low,77.5%,77.6%,77.7%
Fri Aug 15,,USD,Industrial Production m/m,Low,-0.1%,0.0%,0.4%
Fri Aug 15,7:30pm,USD,Prelim UoM Consumer Sentiment,High,58.6,61.9,61.7
Fri Aug 15,,USD,Prelim UoM Inflation Expectations,High,4.9%,,4.5%
Fri Aug 15,,USD,Business Inventories m/m,Low,0.2%,0.2%,0.0%
Sat Aug 16,1:30am,USD,TIC Long-Term Purchases,Low,150.8B,57.2B,266.8B
Mon Aug 18,4:31am,GBP,Rightmove HPI m/m,Low,-1.3%,,-1.2%
Mon Aug 18,10:00am,JPY,Tertiary Industry Activity m/m,Low,0.5%,0.2%,0.3%
Mon Aug 18,2:30pm,EUR,Trade Balance,Low,2.8B,18.1B,15.6B
Mon Aug 18,7:30pm,USD,NAHB Housing Market Index,Low,32,34,33
Tue Aug 19,1:30pm,EUR,Current Account,Low,35.8B,33.4B,31.8B
Tue Aug 19,,USD,Building Permits,Low,1.35M,1.39M,1.40M
Tue Aug 19,,USD,Housing Starts,Low,1.43M,1.29M,1.36M
Wed Aug 20,5:20am,JPY,Core Machinery Orders m/m,Low,3.0%,-0.4%,-0.6%
Wed Aug 20,,JPY,Trade Balance,Low,-0.30T,-0.07T,-0.25T
Wed Aug 20,11:30am,EUR,German PPI m/m,Low,-0.1%,0.1%,0.1%
Wed Aug 20,,GBP,CPI y/y,High,3.8%,3.7%,3.6%
Wed Aug 20,,GBP,Core CPI y/y,Low,3.8%,3.7%,3.7%
Wed Aug 20,,GBP,RPI y/y,Low,4.8%,4.5%,4.4%
Wed Aug 20,2:00pm,GBP,HPI y/y,Low,3.7%,4.0%,2.7%
Wed Aug 20,2:30pm,EUR,Final Core CPI y/y,Low,2.3%,2.3%,2.3%
Wed Aug 20,,EUR,Final CPI y/y,Low,2.0%,2.0%,2.0%
Wed Aug 20,3:09pm,EUR,German 30-y Bond Auction,Low,3.28|1.0,,3.22|1.4
Wed Aug 20,8:00pm,USD,Crude Oil Inventories,Low,-6.0M,-0.8M,3.0M
Thu Aug 21,6:00am,JPY,Flash Manufacturing PMI,Low,49.9,49.2,48.9
Thu Aug 21,,GBP,Public Sector Net Borrowing,Low,1.1B,2.1B,22.6B
Thu Aug 21,12:45pm,EUR,French Flash Manufacturing PMI,Medium,49.9,48.2,48.2
Thu Aug 21,,EUR,French Flash Services PMI,Medium,49.7,48.5,48.5
Thu Aug 21,1:00pm,EUR,German Flash Manufacturing PMI,High,49.9,48.8,49.1
Thu Aug 21,,EUR,German Flash Services PMI,High,50.1,50.4,50.6
Thu Aug 21,1:30pm,EUR,Flash Manufacturing PMI,Medium,50.5,49.5,49.8
Thu Aug 21,,EUR,Flash Services PMI,Medium,50.7,50.8,51.0
Thu Aug 21,2:00pm,GBP,Flash Manufacturing PMI,High,47.3,48.2,48.0
Thu Aug 21,,GBP,Flash Services PMI,High,53.6,51.8,51.8
Thu Aug 21,,GBP,CBI Industrial Order Expectations,Low,-33,-28,-30
Thu Aug 21,,USD,Unemployment Claims,High,235K,226K,224K
Thu Aug 21,,USD,Philly Fed Manufacturing Index,Medium,-0.3,6.8,15.9
Thu Aug 21,7:15pm,USD,Flash Manufacturing PMI,High,53.3,49.7,49.8
Thu Aug 21,,USD,Flash Services PMI,High,55.4,54.2,55.7
Thu Aug 21,7:30pm,EUR,Consumer Confidence,Low,-16,-15,-15
Thu Aug 21,,USD,Existing Home Sales,Medium,4.01M,3.92M,3.93M
Thu Aug 21,,USD,CB Leading Index m/m,Low,-0.1%,-0.1%,-0.3%
Thu Aug 21,8:00pm,USD,Natural Gas Storage,Low,13B,19B,56B
Fri Aug 22,4:31am,GBP,GfK Consumer Confidence,Low,-17,-19,-19
Fri Aug 22,5:00am,JPY,National Core CPI y/y,Low,3.1%,3.0%,3.3%
Fri Aug 22,11:30am,EUR,German Final GDP q/q,Low,-0.3%,-0.1%,-0.1%
Mon Aug 25,1:30pm,EUR,German ifo Business Climate,Medium,89.0,88.7,88.6
Mon Aug 25,6:20pm,EUR,Belgian NBB Business Climate,Low,-8.9,-9.8,-10.8
Mon Aug 25,7:30pm,USD,New Home Sales,Medium,652K,635K,656K
Tue Aug 26,4:31am,GBP,BRC Shop Price Index y/y,Low,0.9%,0.9%,0.7%
Tue Aug 26,5:20am,JPY,SPPI y/y,Low,2.9%,3.2%,3.2%
Tue Aug 26,10:40am,JPY,BOJ Core CPI y/y,Low,2.0%,2.4%,2.3%
Tue Aug 26,6:00pm,USD,Core Durable Goods Orders m/m,Medium,1.1%,0.2%,0.3%
Tue Aug 26,,USD,Durable Goods Orders m/m,Medium,-2.8%,-3.8%,-9.4%
Tue Aug 26,6:30pm,USD,HPI m/m,Low,-0.2%,-0.1%,-0.1%
Tue Aug 26,,USD,S&P/CS Composite-20 HPI y/y,Low,2.1%,2.1%,2.8%
Tue Aug 26,7:29pm,USD,Richmond Manufacturing Index,Medium,-7,-11,-20
Tue Aug 26,,USD,CB Consumer Confidence,Medium,97.4,96.4,98.7
Wed Aug 27,11:30am,EUR,German GfK Consumer Climate,Low,-23.6,-21.5,-21.7
Wed Aug 27,3:30pm,GBP,CBI Realized Sales,Low,-32,-26,-34
Wed Aug 27,8:00pm,USD,Crude Oil Inventories,Low,-2.4M,-1.7M,-6.0M
Thu Aug 28,1:30pm,EUR,M3 Money Supply y/y,Low,3.4%,3.5%,3.3%
Thu Aug 28,,EUR,Private Loans y/y,Low,2.4%,2.4%,2.2%
Thu Aug 28,2:39pm,EUR,Italian 10-y Bond Auction,Low,3.58|1.6,,3.52|1.6
Thu Aug 28,,USD,Prelim GDP q/q,High,3.3%,3.1%,3.0%
Thu Aug 28,,USD,Unemployment Claims,High,229K,231K,234K
Thu Aug 28,,USD,Prelim GDP Price Index q/q,Medium,2.0%,2.0%,2.0%
Thu Aug 28,7:30pm,USD,Pending Home Sales m/m,Medium,-0.4%,-0.4%,-0.8%
Thu Aug 28,8:00pm,USD,Natural Gas Storage,Low,18B,27B,13B
Fri Aug 29,5:00am,JPY,Tokyo Core CPI y/y,Medium,2.5%,2.5%,2.9%
Fri Aug 29,,JPY,Unemployment Rate,Low,2.3%,2.5%,2.5%
Fri Aug 29,5:20am,JPY,Prelim Industrial Production m/m,Low,-1.6%,-1.1%,2.1%
Fri Aug 29,,JPY,Retail Sales y/y,Low,0.3%,1.6%,1.9%
Fri Aug 29,10:30am,JPY,Consumer Confidence,Low,34.9,34.2,33.7
Fri Aug 29,,JPY,Housing Starts y/y,Low,-9.7%,-9.9%,-15.6%
Fri Aug 29,11:30am,EUR,German Import Prices m/m,Low,-0.4%,-0.3%,0.0%
Fri Aug 29,,EUR,German Retail Sales m/m,Low,-1.5%,0.0%,1.0%
Fri Aug 29,All Day,EUR,German Prelim CPI m/m,Medium,0.1%,0.0%,0.3%
Fri Aug 29,12:15pm,EUR,French Consumer Spending m/m,Low,-0.3%,-0.3%,0.4%
Fri Aug 29,,EUR,French Final Private Payrolls q/q,Low,0.2%,0.0%,0.0%
Fri Aug 29,,EUR,French Prelim CPI m/m,Low,0.4%,0.5%,0.2%
Fri Aug 29,,EUR,French Prelim GDP q/q,Low,0.3%,0.3%,0.3%
Fri Aug 29,12:30pm,EUR,Spanish Flash CPI y/y,Medium,2.7%,2.8%,2.7%
Fri Aug 29,1:25pm,EUR,German Unemployment Change,Low,-9K,10K,2K
Fri Aug 29,2:30pm,EUR,Italian Prelim CPI m/m,Low,0.1%,0.2%,0.4%
Fri Aug 29,,USD,Core PCE Price Index m/m,High,0.3%,0.3%,0.3%
Fri Aug 29,,USD,Goods Trade Balance,Low,-103.6B,-90.2B,-84.9B
Fri Aug 29,,USD,Personal Income m/m,Low,0.4%,0.4%,0.3%
Fri Aug 29,,USD,Personal Spending m/m,Low,0.5%,0.5%,0.4%
Fri Aug 29,,USD,Prelim Wholesale Inventories m/m,Low,0.2%,0.1%,0.1%
Fri Aug 29,7:15pm,USD,Chicago PMI,Low,41.5,46.6,47.1
Fri Aug 29,7:30pm,USD,Revised UoM Consumer Sentiment,Medium,58.2,58.7,58.6
Fri Aug 29,,USD,Revised UoM Inflation Expectations,Low,4.8%,,4.9%
Mon Sep 1,5:20am,JPY,Capital Spending q/y,Low,7.6%,6.3%,6.4%
Mon Sep 1,6:00am,JPY,Final Manufacturing PMI,Low,49.7,49.9,49.9
Mon Sep 1,11:30am,GBP,Nationwide HPI m/m,Low,-0.1%,0.1%,0.5%
Mon Sep 1,12:45pm,EUR,Spanish Manufacturing PMI,Low,54.3,52.1,51.9
Mon Sep 1,1:15pm,EUR,Italian Manufacturing PMI,Low,50.4,49.8,49.8
Mon Sep 1,1:20pm,EUR,French Final Manufacturing PMI,Low,50.4,49.9,49.9
Mon Sep 1,1:25pm,EUR,German Final Manufacturing PMI,Low,49.8,49.9,49.9
Mon Sep 1,1:30pm,EUR,Final Manufacturing PMI,Low,50.7,50.5,50.5
Mon Sep 1,,EUR,Italian Monthly Unemployment Rate,Low,6.0%,6.2%,6.2%
Mon Sep 1,2:00pm,GBP,Final Manufacturing PMI,Low,47.0,47.3,47.3
Mon Sep 1,,GBP,M4 Money Supply m/m,Low,0.1%,0.2%,0.3%
Mon Sep 1,,GBP,Mortgage Approvals,Low,65K,64K,65K
Mon Sep 1,,GBP,Net Lending to Individuals m/m,Low,6.1B,4.9B,6.9B
Mon Sep 1,2:30pm,EUR,Unemployment Rate,Low,6.2%,6.2%,6.3%
Tue Sep 2,5:20am,JPY,Monetary Base y/y,Low,-4.1%,-3.5%,-3.9%
Tue Sep 2,9:05am,JPY,10-y Bond Auction,Low,1.61|3.9,,1.46|3.1
Tue Sep 2,12:15pm,EUR,French Gov Budget Balance,Low,-142.0B,,-100.4B
Tue Sep 2,12:30pm,EUR,Spanish Unemployment Change,Low,21.9K,14.2K,-1.4K
Tue Sep 2,2:30pm,EUR,Core CPI Flash Estimate y/y,Medium,2.3%,2.2%,2.3%
Tue Sep 2,,EUR,CPI Flash Estimate y/y,Medium,2.1%,2.1%,2.0%
Tue Sep 2,7:15pm,USD,Final Manufacturing PMI,Low,53.0,53.3,53.3
Tue Sep 2,,USD,ISM Manufacturing PMI,High,48.7,49.0,48.0
Tue Sep 2,,USD,ISM Manufacturing Prices,Medium,63.7,65.1,64.8
Tue Sep 2,,USD,Construction Spending m/m,Low,-0.1%,-0.1%,-0.4%
Tue Sep 2,7:35pm,USD,RCM/TIPP Economic Optimism,Low,48.7,51.8,50.9
Wed Sep 3,12:45pm,EUR,Spanish Services PMI,Low,53.2,54.4,55.1
Wed Sep 3,1:15pm,EUR,Italian Services PMI,Low,51.5,52.1,52.3
Wed Sep 3,1:20pm,EUR,French Final Services PMI,Low,49.8,49.7,49.7
Wed Sep 3,1:25pm,EUR,German Final Services PMI,Low,49.3,50.1,50.1
Wed Sep 3,,EUR,Final Services PMI,Low,50.5,50.7,50.7
Wed Sep 3,2:00pm,GBP,Final Services PMI,Low,54.2,53.6,53.6
Wed Sep 3,2:30pm,EUR,PPI m/m,Low,0.4%,0.2%,0.8%
Wed Sep 3,3:02pm,EUR,German 10-y Bond Auction,Low,2.77|1.4,,2.69|1.4
Wed Sep 3,7:30pm,USD,JOLTS Job Openings,High,7.18M,7.38M,7.36M
Wed Sep 3,,USD,Factory Orders m/m,Low,-1.3%,-1.3%,-4.8%
Wed Sep 3,All Day,USD,Wards Total Vehicle Sales,Low,16.1M,16.1M,16.4M
Thu Sep 4,9:05am,JPY,30-y Bond Auction,Low,3.26|3.3,,3.09|3.4
Thu Sep 4,2:00pm,GBP,Construction PMI,Low,45.5,45.2,44.3
Thu Sep 4,2:27pm,EUR,French 10-y Bond Auction,Low,3.57|2.2,,3.41|2.9
Thu Sep 4,2:30pm,EUR,Retail Sales m/m,Low,-0.5%,-0.3%,0.6%
Thu Sep 4,5:00pm,USD,Challenger Job Cuts y/y,Low,13.3%,,139.8%
Thu Sep 4,5:45pm,USD,ADP Non-Farm Employment Change,High,54K,73K,106K
Thu Sep 4,,USD,Unemployment Claims,High,237K,230K,229K
Thu Sep 4,,USD,Revised Nonfarm Productivity q/q,Low,3.3%,2.8%,2.4%
Thu Sep 4,,USD,Revised Unit Labor Costs q/q,Low,1.0%,1.2%,1.6%
Thu Sep 4,,USD,Trade Balance,Low,-78.3B,-77.7B,-59.1B
Thu Sep 4,7:15pm,USD,Final Services PMI,Low,54.5,55.3,55.4
Thu Sep 4,7:30pm,USD,ISM Services PMI,High,52.0,50.9,50.1
Thu Sep 4,8:00pm,USD,Natural Gas Storage,Low,55B,54B,18B
Thu Sep 4,9:30pm,USD,Crude Oil Inventories,Low,2.4M,-2.0M,-2.4M
Fri Sep 5,5:00am,JPY,Average Cash Earnings y/y,Low,4.1%,3.0%,3.1%
Fri Sep 5,,JPY,Household Spending y/y,Low,1.4%,2.2%,1.3%
Fri Sep 5,10:30am,JPY,Leading Indicators,Low,105.9%,105.8%,105.6%
Fri Sep 5,11:30am,EUR,German Factory Orders m/m,Low,-2.9%,0.5%,-0.2%
Fri Sep 5,,GBP,Retail Sales m/m,Medium,0.6%,0.3%,0.3%
Fri Sep 5,,GBP,Halifax HPI m/m,Low,0.3%,0.2%,0.4%
Fri Sep 5,12:15pm,EUR,French Trade Balance,Low,-5.6B,-7.3B,-7.2B
Fri Sep 5,1:30pm,EUR,Italian Retail Sales m/m,Low,0.0%,0.2%,0.7%
Fri Sep 5,2:30pm,EUR,Final Employment Change q/q,Low,0.1%,0.1%,0.1%
Fri Sep 5,,EUR,Revised GDP q/q,Low,0.1%,0.1%,0.1%
Fri Sep 5,,USD,Average Hourly Earnings m/m,High,0.3%,0.3%,0.3%
Fri Sep 5,,USD,Non-Farm Employment Change,High,22K,75K,79K
Fri Sep 5,,USD,Unemployment Rate,High,4.3%,4.3%,4.2%
Mon Sep 8,5:20am,JPY,Bank Lending y/y,Low,3.6%,3.2%,3.2%
Mon Sep 8,,JPY,Current Account,Low,1.88T,2.60T,2.40T
Mon Sep 8,,JPY,Final GDP Price Index y/y,Low,3.0%,3.0%,3.0%
Mon Sep 8,,JPY,Final GDP q/q,Low,0.5%,0.3%,0.3%
Mon Sep 8,10:30am,JPY,Economy Watchers Sentiment,Low,46.7,45.6,45.2
Mon Sep 8,11:30am,EUR,German Industrial Production m/m,Low,1.3%,1.1%,-0.1%
Mon Sep 8,,EUR,German Trade Balance,Low,14.7B,15.7B,15.4B
Mon Sep 8,2:00pm,EUR,Sentix Investor Confidence,Low,-9.2,-2.2,-3.7
Tue Sep 9,12:30am,USD,Consumer Credit m/m,Low,16.0B,10.4B,9.6B
Tue Sep 9,4:31am,GBP,BRC Retail Sales Monitor y/y,Low,2.9%,2.0%,1.8%
Tue Sep 9,5:20am,JPY,M2 Money Stock y/y,Low,1.3%,1.1%,1.0%
Tue Sep 9,11:28am,JPY,Prelim Machine Tool Orders y/y,Low,8.1%,,3.6%
Tue Sep 9,12:15pm,EUR,French Industrial Production m/m,Low,-1.1%,-1.4%,3.7%
Tue Sep 9,3:01pm,EUR,German 10-y Bond Auction,Low,2.61|1.9,,2.77|1.4
Tue Sep 9,3:30pm,USD,NFIB Small Business Index,Low,100.8,100.5,100.3
Tue Sep 9,7:30pm,USD,Prelim Benchmark Payrolls Revision,High,-911K,,-818K
Wed Sep 10,1:30pm,EUR,Italian Industrial Production m/m,Low,0.4%,0.1%,0.2%
Wed Sep 10,6:00pm,USD,Core PPI m/m,High,-0.1%,0.3%,0.7%
Wed Sep 10,,USD,PPI m/m,High,-0.1%,0.3%,0.7%
Wed Sep 10,7:30pm,USD,Final Wholesale Inventories m/m,Low,0.1%,0.2%,0.2%
Wed Sep 10,8:00pm,USD,Crude Oil Inventories,Low,3.9M,-1.9M,2.4M
Wed Sep 10,10:31pm,USD,10-y Bond Auction,Low,4.03|2.7,,4.26|2.4
Thu Sep 11,4:31am,GBP,RICS House Price Balance,Low,-19%,-12%,-13%
Thu Sep 11,5:20am,JPY,BSI Manufacturing Index,Low,3.8,-3.3,-4.8
Thu Sep 11,,JPY,PPI y/y,Low,2.7%,2.7%,2.5%
Thu Sep 11,5:45pm,EUR,Main Refinancing Rate,High,2.15%,2.15%,2.15%
Thu Sep 11,6:00pm,USD,Core CPI m/m,High,0.3%,0.3%,0.3%
Thu Sep 11,,USD,CPI m/m,High,0.4%,0.3%,0.2%
Thu Sep 11,,USD,CPI y/y,High,2.9%,2.9%,2.7%
Thu Sep 11,,USD,Unemployment Claims,High,263K,235K,236K
Thu Sep 11,8:00pm,USD,Natural Gas Storage,Low,71B,69B,55B
Thu Sep 11,10:31pm,USD,30-y Bond Auction,Low,4.65|2.4,,4.81|2.3
Thu Sep 11,11:30pm,USD,Federal Budget Balance,Low,-344.8B,-305.7B,-291.1B
Fri Sep 12,10:00am,JPY,Revised Industrial Production m/m,Low,-1.2%,-1.6%,-1.6%
Fri Sep 12,11:30am,EUR,German Final CPI m/m,Low,0.1%,0.1%,0.1%
Fri Sep 12,,GBP,GDP m/m,High,0.0%,0.0%,0.4%
Fri Sep 12,,GBP,Construction Output m/m,Low,0.2%,-0.2%,0.3%
Fri Sep 12,,GBP,Goods Trade Balance,Low,-22.2B,-21.6B,-22.2B
Fri Sep 12,,GBP,Index of Services 3m/3m,Low,0.4%,0.3%,0.4%
Fri Sep 12,,GBP,Industrial Production m/m,Low,-0.9%,0.0%,0.7%
Fri Sep 12,,GBP,Manufacturing Production m/m,Low,-1.3%,0.1%,0.5%
Fri Sep 12,12:15pm,EUR,French Final CPI m/m,Low,0.4%,0.4%,0.4%
Fri Sep 12,1:30pm,EUR,Italian Quarterly Unemployment Rate,Low,6.3%,6.1%,6.1%
Fri Sep 12,2:00pm,GBP,Consumer Inflation Expectations,Low,3.6%,,3.2%
Fri Sep 12,7:00pm,GBP,CB Leading Index m/m,Low,-0.1%,,-0.1%
Fri Sep 12,7:30pm,USD,Prelim UoM Consumer Sentiment,High,55.4,58.2,58.2
Fri Sep 12,,USD,Prelim UoM Inflation Expectations,High,4.8%,,4.8%
Mon Sep 15,4:31am,GBP,Rightmove HPI m/m,Low,0.4%,,-1.3%
Mon Sep 15,11:30am,EUR,German WPI m/m,Low,-0.6%,0.2%,-0.1%
Mon Sep 15,1:30pm,EUR,Italian Trade Balance,Low,7.91B,5.50B,5.38B
Mon Sep 15,2:30pm,EUR,Trade Balance,Low,5.3B,11.7B,3.7B
Mon Sep 15,,USD,Empire State Manufacturing Index,Medium,-8.7,4.3,11.9
Tue Sep 16,10:00am,JPY,Tertiary Industry Activity m/m,Low,0.5%,0.1%,-0.2%
Tue Sep 16,11:30am,GBP,Average Earnings Index 3m/y,Medium,4.7%,4.7%,4.6%
Tue Sep 16,,GBP,Claimant Count Change,Medium,17.4K,15.3K,-33.3K
Tue Sep 16,,GBP,Unemployment Rate,Low,4.7%,4.7%,4.7%
Tue Sep 16,2:30pm,EUR,German ZEW Economic Sentiment,Medium,37.3,25.3,34.7
Tue Sep 16,,EUR,Industrial Production m/m,Low,0.3%,0.4%,-0.6%
Tue Sep 16,,EUR,ZEW Economic Sentiment,Low,26.1,20.3,25.1
Tue Sep 16,,USD,Core Retail Sales m/m,High,0.7%,0.4%,0.4%
Tue Sep 16,,USD,Retail Sales m/m,High,0.6%,0.2%,0.6%
Tue Sep 16,,USD,Import Prices m/m,Low,0.3%,-0.2%,0.2%
Tue Sep 16,6:45pm,USD,Capacity Utilization Rate,Low,77.4%,77.4%,77.4%
Tue Sep 16,,USD,Industrial Production m/m,Low,0.1%,-0.1%,-0.4%
Tue Sep 16,7:30pm,USD,Business Inventories m/m,Low,0.2%,0.2%,0.2%
Tue Sep 16,,USD,NAHB Housing Market Index,Low,32,33,32
Wed Sep 17,5:20am,JPY,Trade Balance,Low,-0.15T,-0.37T,-0.29T
Wed Sep 17,11:30am,GBP,CPI y/y,High,3.8%,3.8%,3.8%
Wed Sep 17,,GBP,Core CPI y/y,Low,3.6%,3.7%,3.8%
Wed Sep 17,,GBP,RPI y/y,Low,4.6%,4.7%,4.8%
Wed Sep 17,2:00pm,GBP,HPI y/y,Low,2.8%,3.6%,3.6%
Wed Sep 17,2:30pm,EUR,Final Core CPI y/y,Low,2.3%,2.3%,2.3%
Wed Sep 17,,EUR,Final CPI y/y,Low,2.0%,2.1%,2.1%
Wed Sep 17,3:04pm,EUR,German 30-y Bond Auction,Low,3.25|1.8,,3.28|1.0
Wed Sep 17,,USD,Building Permits,Low,1.31M,1.37M,1.35M
Wed Sep 17,,USD,Housing Starts,Low,1.31M,1.37M,1.43M
Wed Sep 17,,USD,Crude Oil Inventories,Low,-9.3M,1.4M,3.9M
Wed Sep 17,11:30pm,USD,Federal Funds Rate,High,4.25%,4.25%,4.50%
Thu Sep 18,5:20am,JPY,Core Machinery Orders m/m,Low,-4.6%,-1.8%,3.0%
Thu Sep 18,1:30pm,EUR,Current Account,Low,27.7B,34.6B,35.8B
Thu Sep 18,2:11pm,EUR,Spanish 10-y Bond Auction,Low,3.23|1.9,,3.20|2.1
Thu Sep 18,,GBP,MPC Official Bank Rate Votes,High,0-2-7,0-1-8,0-5-4
Thu Sep 18,,GBP,Official Bank Rate,High,4.00%,4.00%,4.00%
Thu Sep 18,6:00pm,USD,Unemployment Claims,High,231K,241K,264K
Thu Sep 18,,USD,Philly Fed Manufacturing Index,Medium,23.2,1.7,-0.3
Thu Sep 18,,USD,CB Leading Index m/m,Low,-0.5%,-0.2%,0.1%
Thu Sep 18,8:00pm,USD,Natural Gas Storage,Low,90B,80B,71B
Fri Sep 19,1:30am,USD,TIC Long-Term Purchases,Low,49.2B,97.2B,151.0B
Fri Sep 19,4:31am,GBP,GfK Consumer Confidence,Low,-19,-18,-17
Fri Sep 19,5:00am,JPY,National Core CPI y/y,Low,2.7%,2.7%,3.1%
Fri Sep 19,9:17am,JPY,BOJ Policy Rate,High,<0.50%,<0.50%,<0.50%
Fri Sep 19,11:30am,EUR,German PPI m/m,Low,-0.5%,-0.1%,-0.1%
Fri Sep 19,,GBP,Retail Sales m/m,Medium,0.5%,0.4%,0.5%
Fri Sep 19,,GBP,Public Sector Net Borrowing,Low,17.7B,12.8B,2.8B
Mon Sep 22,7:30pm,EUR,Consumer Confidence,Low,-15,-15,-16
Tue Sep 23,12:45pm,EUR,French Flash Manufacturing PMI,Medium,48.1,50.2,50.4
Tue Sep 23,,EUR,French Flash Services PMI,Medium,48.9,49.7,49.8
Tue Sep 23,1:00pm,EUR,German Flash Manufacturing PMI,High,48.5,50.0,48.8
Tue Sep 23,,EUR,German Flash Services PMI,High,52.5,49.5,49.3
Tue Sep 23,1:30pm,EUR,Flash Manufacturing PMI,Medium,49.5,50.7,50.7
Tue Sep 23,,EUR,Flash Services PMI,Medium,51.4,50.6,50.5
Tue Sep 23,2:00pm,GBP,Flash Manufacturing PMI,High,46.2,47.1,47.0
Tue Sep 23,,GBP,Flash Services PMI,High,51.9,53.4,54.2
Tue Sep 23,2:32pm,GBP,30-y Bond Auction,Low,5.48|3.1,,5.17|3.2
Tue Sep 23,3:30pm,GBP,CBI Industrial Order Expectations,Low,-27,-30,-33
Tue Sep 23,,USD,Current Account,Low,-251B,-259B,-440B
Tue Sep 23,7:15pm,USD,Flash Manufacturing PMI,High,52.0,52.2,53.0
Tue Sep 23,,USD,Flash Services PMI,High,53.9,54.0,54.5
Tue Sep 23,7:35pm,USD,Richmond Manufacturing Index,Medium,-17,-5,-7
Wed Sep 24,6:00am,JPY,Flash Manufacturing PMI,Low,48.4,49.5,49.7
Wed Sep 24,10:30am,JPY,BOJ Core CPI y/y,Low,2.0%,1.9%,2.0%
Wed Sep 24,,EUR,German ifo Business Climate,Medium,87.7,89.3,88.9
Wed Sep 24,6:13pm,EUR,Belgian NBB Business Climate,Low,-7.9,-8.7,-8.9
Wed Sep 24,7:30pm,USD,New Home Sales,Medium,800K,650K,664K
Wed Sep 24,8:00pm,USD,Crude Oil Inventories,Low,-0.6M,0.8M,-9.3M
Thu Sep 25,,JPY,SPPI y/y,Low,2.7%,2.9%,2.6%
Thu Sep 25,11:30am,EUR,German GfK Consumer Climate,Low,-22.3,-23.3,-23.5
Thu Sep 25,,EUR,M3 Money Supply y/y,Low,2.9%,3.3%,3.3%
Thu Sep 25,,EUR,Private Loans y/y,Low,2.5%,2.3%,2.4%
Thu Sep 25,3:30pm,GBP,CBI Realized Sales,Low,-29,-31,-32
Thu Sep 25,6:00pm,USD,Final GDP q/q,High,3.8%,3.3%,3.3%
Thu Sep 25,,USD,Unemployment Claims,High,218K,233K,232K
Thu Sep 25,,USD,Core Durable Goods Orders m/m,Medium,0.4%,-0.1%,1.0%
Thu Sep 25,,USD,Durable Goods Orders m/m,Medium,2.9%,-0.3%,-2.7%
Thu Sep 25,,USD,Final GDP Price Index q/q,Medium,2.1%,2.0%,2.0%
Thu Sep 25,,USD,Goods Trade Balance,Low,-85.5B,-95.7B,-102.8B
Thu Sep 25,,USD,Prelim Wholesale Inventories m/m,Low,-0.2%,0.2%,0.1%
Thu Sep 25,7:30pm,USD,Existing Home Sales,Medium,4.00M,3.96M,4.01M
Thu Sep 25,8:00pm,USD,Natural Gas Storage,Low,75B,76B,90B
Fri Sep 26,5:00am,JPY,Tokyo Core CPI y/y,Medium,2.5%,2.8%,2.5%
Fri Sep 26,2:37pm,EUR,Italian 10-y Bond Auction,Low,3.62|1.7,,3.58|1.6
Fri Sep 26,,USD,Core PCE Price Index m/m,High,0.2%,0.2%,0.2%
Fri Sep 26,,USD,Personal Income m/m,Low,0.4%,0.3%,0.4%
Fri Sep 26,,USD,Personal Spending m/m,Low,0.6%,0.5%,0.5%
Fri Sep 26,7:30pm,USD,Revised UoM Consumer Sentiment,Medium,55.1,55.5,55.4
Fri Sep 26,,USD,Revised UoM Inflation Expectations,Low,4.7%,,4.8%
Mon Sep 29,12:30pm,EUR,Spanish Flash CPI y/y,Medium,2.9%,3.1%,2.7%
Mon Sep 29,2:00pm,GBP,M4 Money Supply m/m,Low,0.4%,0.2%,0.1%
Mon Sep 29,,GBP,Mortgage Approvals,Low,65K,65K,65K
Mon Sep 29,,GBP,Net Lending to Individuals m/m,Low,6.0B,6.3B,6.2B
Mon Sep 29,7:30pm,USD,Pending Home Sales m/m,Medium,4.0%,0.2%,-0.3%
Tue Sep 30,4:31am,GBP,BRC Shop Price Index y/y,Low,1.4%,1.2%,0.9%
Tue Sep 30,,JPY,Prelim Industrial Production m/m,Low,-1.2%,-0.8%,-1.2%
Tue Sep 30,,JPY,Retail Sales y/y,Low,-1.1%,1.1%,0.4%
Tue Sep 30,10:30am,JPY,Housing Starts y/y,Low,-9.8%,-5.2%,-9.7%
Tue Sep 30,11:30am,EUR,German Import Prices m/m,Low,-0.5%,-0.2%,-0.4%
Tue Sep 30,,EUR,German Retail Sales m/m,Low,-0.2%,0.6%,-0.5%
Tue Sep 30,,GBP,Current Account,Low,-28.9B,-24.8B,-21.2B
Tue Sep 30,,GBP,Final GDP q/q,Low,0.3%,0.3%,0.3%
Tue Sep 30,,GBP,Revised Business Investment q/q,Low,-1.1%,-4.0%,-4.0%
Tue Sep 30,All Day,EUR,German Prelim CPI m/m,Medium,0.2%,0.2%,0.1%
Tue Sep 30,12:15pm,EUR,French Consumer Spending m/m,Low,0.1%,0.3%,-0.6%
Tue Sep 30,,EUR,French Prelim CPI m/m,Low,-1.0%,-0.9%,0.4%
Tue Sep 30,1:25pm,EUR,German Unemployment Change,Low,14K,8K,-7K
Tue Sep 30,2:30pm,EUR,Italian Prelim CPI m/m,Low,-0.2%,-0.1%,0.1%
Tue Sep 30,,USD,HPI m/m,Low,-0.1%,-0.2%,-0.2%
Tue Sep 30,,USD,S&P/CS Composite-20 HPI y/y,Low,1.8%,1.7%,2.2%
Tue Sep 30,7:15pm,USD,Chicago PMI,Low,40.6,43.4,41.5
Tue Sep 30,7:30pm,USD,JOLTS Job Openings,High,7.23M,7.19M,7.21M
Tue Sep 30,,USD,CB Consumer Confidence,Medium,94.2,96.0,97.8
Wed Oct 1,5:20am,JPY,Tankan Manufacturing Index,Low,14,14,13
Wed Oct 1,,JPY,Tankan Non-Manufacturing Index,Low,34,33,34
Wed Oct 1,6:00am,JPY,Final Manufacturing PMI,Low,48.5,48.4,48.4
Wed Oct 1,11:30am,GBP,Nationwide HPI m/m,Low,0.5%,0.2%,-0.1%
Wed Oct 1,12:45pm,EUR,Spanish Manufacturing PMI,Low,51.5,53.8,54.3
Wed Oct 1,1:15pm,EUR,Italian Manufacturing PMI,Low,49.0,49.9,50.4
Wed Oct 1,1:20pm,EUR,French Final Manufacturing PMI,Low,48.2,48.1,48.1
Wed Oct 1,1:25pm,EUR,German Final Manufacturing PMI,Low,49.5,48.5,48.5
Wed Oct 1,1:30pm,EUR,Final Manufacturing PMI,Low,49.8,49.5,49.5
Wed Oct 1,2:00pm,GBP,Final Manufacturing PMI,Low,46.2,46.2,46.2
Wed Oct 1,2:30pm,EUR,Core CPI Flash Estimate y/y,Medium,2.3%,2.3%,2.3%
Wed Oct 1,,EUR,CPI Flash Estimate y/y,Medium,2.2%,2.2%,2.0%
Wed Oct 1,3:02pm,EUR,German 10-y Bond Auction,Low,2.72|1.2,,2.61|1.9
Wed Oct 1,5:45pm,USD,ADP Non-Farm Employment Change,High,-32K,52K,-3K
Wed Oct 1,7:15pm,USD,Final Manufacturing PMI,Low,52.0,52.0,52.0
Wed Oct 1,7:30pm,USD,ISM Manufacturing PMI,High,49.1,49.0,48.7
Wed Oct 1,,USD,ISM Manufacturing Prices,Medium,61.9,62.7,63.7
Wed Oct 1,All Day,USD,Wards Total Vehicle Sales,Low,16.4M,16.2M,16.1M
Wed Oct 1,8:00pm,USD,Crude Oil Inventories,Low,1.8M,1.5M,-0.6M
Thu Oct 2,5:20am,JPY,Monetary Base y/y,Low,-6.2%,-3.8%,-4.1%
Thu Oct 2,9:05am,JPY,10-y Bond Auction,Low,1.64|3.3,,1.61|3.9
Thu Oct 2,10:30am,JPY,Consumer Confidence,Low,35.3,35.1,34.9
Thu Oct 2,12:15pm,EUR,French Gov Budget Balance,Low,-157.5B,,-142.0B
Thu Oct 2,12:30pm,EUR,Spanish Unemployment Change,Low,-4.8K,15.4K,21.9K
Thu Oct 2,1:30pm,EUR,Italian Monthly Unemployment Rate,Low,6.0%,6.0%,5.9%
Thu Oct 2,2:25pm,EUR,French 10-y Bond Auction,Low,3.51|2.5,,3.57|2.2
Thu Oct 2,2:30pm,EUR,Unemployment Rate,Low,6.3%,6.2%,6.2%
Thu Oct 2,3:40pm,USD,Challenger Job Cuts y/y,Low,-25.8%,,13.3%
Thu Oct 2,,USD,Natural Gas Storage,Low,53B,66B,75B
Fri Oct 3,5:00am,JPY,Unemployment Rate,Low,2.6%,2.4%,2.3%
Fri Oct 3,12:15pm,EUR,French Industrial Production m/m,Low,-0.7%,0.3%,-1.1%
Fri Oct 3,12:45pm,EUR,Spanish Services PMI,Low,54.3,53.3,53.2
Fri Oct 3,1:15pm,EUR,Italian Services PMI,Low,52.5,51.5,51.5
Fri Oct 3,1:20pm,EUR,French Final Services PMI,Low,48.5,48.9,48.9
Fri Oct 3,1:25pm,EUR,German Final Services PMI,Low,51.5,52.5,52.5
Fri Oct 3,1:30pm,EUR,Final Services PMI,Low,51.3,51.4,51.4
Fri Oct 3,,EUR,Italian Retail Sales m/m,Low,-0.1%,0.0%,0.0%
Fri Oct 3,2:00pm,GBP,Final Services PMI,Low,50.8,51.9,51.9
Fri Oct 3,2:30pm,EUR,PPI m/m,Low,-0.3%,-0.1%,0.3%
Fri Oct 3,7:15pm,USD,Final Services PMI,Low,54.2,53.9,53.9
Fri Oct 3,7:30pm,USD,ISM Services PMI,High,50.0,51.8,52.0
Mon Oct 6,2:00pm,EUR,Sentix Investor Confidence,Low,-5.4,-7.5,-9.2
Mon Oct 6,,GBP,Construction PMI,Low,46.2,46.1,45.5
Mon Oct 6,,GBP,Housing Equity Withdrawal q/q,Low,-16.1B,-4.5B,-4.9B
Mon Oct 6,2:30pm,EUR,Retail Sales m/m,Low,0.1%,0.1%,-0.4%
Tue Oct 7,5:00am,JPY,Household Spending y/y,Low,2.3%,1.4%,1.4%
Tue Oct 7,9:05am,JPY,30-y Bond Auction,Low,3.25|3.4,,3.26|3.3
Tue Oct 7,10:30am,JPY,Leading Indicators,Low,107.4%,107.1%,106.1%
Tue Oct 7,11:30am,EUR,German Factory Orders m/m,Low,-0.8%,1.2%,-2.7%
Tue Oct 7,,GBP,Halifax HPI m/m,Low,-0.3%,0.2%,0.3%
Tue Oct 7,12:15pm,EUR,French Trade Balance,Low,-5.5B,-5.2B,-5.7B
Tue Oct 7,7:32pm,USD,RCM/TIPP Economic Optimism,Low,48.3,49.3,48.7
Wed Oct 8,12:30am,USD,Consumer Credit m/m,Low,0.4B,12.9B,18.1B
Wed Oct 8,5:00am,JPY,Average Cash Earnings y/y,Low,1.5%,2.6%,3.4%
Wed Oct 8,5:20am,JPY,Current Account,Low,2.46T,2.45T,1.88T
Wed Oct 8,10:30am,JPY,Economy Watchers Sentiment,Low,47.1,47.0,46.7
Wed Oct 8,11:30am,EUR,German Industrial Production m/m,Low,-4.3%,-1.0%,1.3%
Wed Oct 8,8:00pm,USD,Crude Oil Inventories,Low,3.7M,0.4M,1.8M
Wed Oct 8,10:31pm,USD,10-y Bond Auction,Low,4.12|2.5,,4.03|2.7
Thu Oct 9,4:31am,GBP,RICS House Price Balance,Low,-15%,-18%,-18%
Thu Oct 9,11:28am,JPY,Prelim Machine Tool Orders y/y,Low,9.9%,,8.5%
Thu Oct 9,11:30am,EUR,German Trade Balance,Low,17.2B,15.1B,16.3B
Thu Oct 9,8:00pm,USD,Natural Gas Storage,Low,80B,76B,53B
Thu Oct 9,10:31pm,USD,30-y Bond Auction,Low,4.73|2.4,,4.65|2.4
Fri Oct 10,5:20am,JPY,Bank Lending y/y,Low,3.8%,3.7%,3.5%
Fri Oct 10,,JPY,PPI y/y,Low,2.7%,2.5%,2.7%
Fri Oct 10,1:30pm,EUR,Italian Industrial Production m/m,Low,-2.4%,-0.3%,0.4%
Fri Oct 10,7:30pm,USD,Prelim UoM Consumer Sentiment,High,55.0,54.1,55.1
Fri Oct 10,,USD,Prelim UoM Inflation Expectations,High,4.6%,,4.7%
Mon Oct 13,11:30am,EUR,German WPI m/m,Low,0.2%,0.2%,-0.6%
Mon Oct 13,7:00pm,GBP,CB Leading Index m/m,Low,-0.3%,,0.0%
Tue Oct 14,4:31am,GBP,BRC Retail Sales Monitor y/y,Low,2.0%,2.5%,2.9%
Tue Oct 14,5:20am,JPY,M2 Money Stock y/y,Low,1.6%,1.2%,1.3%
Tue Oct 14,11:30am,EUR,German Final CPI m/m,Low,0.2%,0.2%,0.2%
Tue Oct 14,,GBP,Average Earnings Index 3m/y,Medium,5.0%,4.7%,4.8%
Tue Oct 14,,GBP,Claimant Count Change,Medium,25.8K,10.3K,-2.0K
Tue Oct 14,,GBP,Unemployment Rate,Low,4.8%,4.7%,4.7%
Tue Oct 14,2:30pm,EUR,German ZEW Economic Sentiment,Medium,39.3,41.2,37.3
Tue Oct 14,,EUR,ZEW Economic Sentiment,Low,22.7,30.2,26.1
Tue Oct 14,3:30pm,USD,NFIB Small Business Index,Low,98.8,100.6,100.8
Wed Oct 15,10:00am,JPY,Revised Industrial Production m/m,Low,-1.5%,-1.2%,-1.2%
Wed Oct 15,12:15pm,EUR,French Final CPI m/m,Low,-1.0%,-1.0%,-1.0%
Wed Oct 15,2:30pm,EUR,Industrial Production m/m,Low,-1.2%,-1.6%,0.5%
Wed Oct 15,3:02pm,EUR,German 30-y Bond Auction,Low,3.17|1.4,,3.25|1.8
Wed Oct 15,,USD,Empire State Manufacturing Index,Medium,10.7,-1.8,-8.7
Thu Oct 16,5:20am,JPY,Core Machinery Orders m/m,Low,-0.9%,0.4%,-4.6%
Thu Oct 16,10:00am,JPY,Tertiary Industry Activity m/m,Low,-0.4%,-0.2%,0.2%
Thu Oct 16,11:30am,GBP,GDP m/m,High,0.1%,0.1%,-0.1%
Thu Oct 16,,GBP,Construction Output m/m,Low,-0.3%,-0.1%,0.2%
Thu Oct 16,,GBP,Goods Trade Balance,Low,-21.2B,-21.8B,-20.6B
Thu Oct 16,,GBP,Index of Services 3m/3m,Low,0.4%,0.4%,0.4%
Thu Oct 16,,GBP,Industrial Production m/m,Low,0.4%,0.2%,-0.4%
Thu Oct 16,,GBP,Manufacturing Production m/m,Low,0.7%,0.2%,-1.1%
Thu Oct 16,2:09pm,EUR,Spanish 10-y Bond Auction,Low,3.09|1.7,,3.23|1.9
Thu Oct 16,2:30pm,EUR,Italian Trade Balance,Low,2.05B,8.94B,7.83B
Thu Oct 16,,EUR,Trade Balance,Low,9.7B,6.9B,6.0B
Thu Oct 16,6:00pm,USD,Philly Fed Manufacturing Index,Medium,-12.8,8.6,23.2
Thu Oct 16,,USD,NAHB Housing Market Index,Low,37,33,32
Thu Oct 16,8:00pm,USD,Natural Gas Storage,Low,80B,76B,80B
Thu Oct 16,,USD,Crude Oil Inventories,Low,3.5M,0.3M,3.7M
Thu Oct 16,11:30pm,USD,Federal Budget Balance,Low,198.0B,42.3B,-344.8B
Fri Oct 17,2:30pm,EUR,Final Core CPI y/y,Low,2.4%,2.3%,2.3%
Fri Oct 17,,EUR,Final CPI y/y,Low,2.2%,2.2%,2.2%
Mon Oct 20,4:31am,GBP,Rightmove HPI m/m,Low,0.3%,,0.4%
Mon Oct 20,11:30am,EUR,German PPI m/m,Low,-0.1%,0.1%,-0.5%
Mon Oct 20,1:30pm,EUR,Current Account,Low,11.9B,22.5B,29.8B
Tue Oct 21,,GBP,Public Sector Net Borrowing,Low,20.2B,20.7B,15.3B
Tue Oct 21,2:32pm,GBP,30-y Bond Auction,Low,5.29|3.2,,5.48|3.1
Wed Oct 22,5:20am,JPY,Trade Balance,Low,-0.31T,-0.11T,-0.17T
Wed Oct 22,Feb Data,GBP,PPI Input m/m,Low,-0.2%,,1.1%
Wed Oct 22,Feb Data,GBP,PPI Output m/m,Low,0.3%,,0.6%
Wed Oct 22,Mar Data,GBP,PPI Input m/m,Low,-0.3%,,-0.2%
Wed Oct 22,Mar Data,GBP,PPI Output m/m,Low,0.1%,,0.3%
Wed Oct 22,Apr Data,GBP,PPI Input m/m,Low,0.1%,,-0.3%
Wed Oct 22,Apr Data,GBP,PPI Output m/m,Low,0.4%,,0.1%
Wed Oct 22,May Data,GBP,PPI Input m/m,Low,-0.5%,,0.1%
Wed Oct 22,May Data,GBP,PPI Output m/m,Low,0.6%,,0.4%
Wed Oct 22,June Data,GBP,PPI Input m/m,Low,-0.2%,,-0.5%
Wed Oct 22,June Data,GBP,PPI Output m/m,Low,0.2%,,0.6%
Wed Oct 22,July Data,GBP,PPI Input m/m,Low,0.6%,,-0.2%
Wed Oct 22,July Data,GBP,PPI Output m/m,Low,0.6%,,0.2%
Wed Oct 22,Aug Data,GBP,PPI Input m/m,Low,0.0%,,0.6%
Wed Oct 22,Aug Data,GBP,PPI Output m/m,Low,0.1%,,0.6%
Wed Oct 22,11:30am,GBP,CPI y/y,High,3.8%,4.0%,3.8%
Wed Oct 22,,GBP,Core CPI y/y,Low,3.5%,3.7%,3.6%
Wed Oct 22,,GBP,RPI y/y,Low,4.5%,4.7%,4.6%
Wed Oct 22,11:35am,GBP,PPI Input m/m,Low,-0.1%,0.3%,0.0%
Wed Oct 22,,GBP,PPI Output m/m,Low,0.0%,0.2%,0.1%
Wed Oct 22,2:00pm,GBP,HPI y/y,Low,3.0%,2.5%,3.2%
Wed Oct 22,8:00pm,USD,Crude Oil Inventories,Low,-1.0M,2.2M,3.5M
Thu Oct 23,3:30pm,GBP,CBI Industrial Order Expectations,Low,-38,-28,-27
Thu Oct 23,7:30pm,EUR,Consumer Confidence,Low,-14,-15,-15
Thu Oct 23,,USD,Existing Home Sales,Medium,4.06M,4.06M,4.00M
Thu Oct 23,8:00pm,USD,Natural Gas Storage,Low,87B,78B,80B
Fri Oct 24,4:31am,GBP,GfK Consumer Confidence,Low,-17,-20,-19
Fri Oct 24,5:00am,JPY,National Core CPI y/y,Low,2.9%,2.9%,2.7%
Fri Oct 24,6:00am,JPY,Flash Manufacturing PMI,Low,48.3,48.8,48.5
Fri Oct 24,11:30am,GBP,Retail Sales m/m,Medium,0.5%,-0.4%,0.6%
Fri Oct 24,12:30pm,EUR,Spanish Unemployment Rate,Low,10.5%,10.1%,10.3%
Fri Oct 24,12:45pm,EUR,French Flash Manufacturing PMI,Medium,48.3,48.2,48.2
Fri Oct 24,,EUR,French Flash Services PMI,Medium,47.1,48.7,48.5
Fri Oct 24,1:00pm,EUR,German Flash Manufacturing PMI,High,49.6,49.5,49.5
Fri Oct 24,,EUR,German Flash Services PMI,High,54.5,51.1,51.5
Fri Oct 24,1:30pm,EUR,Flash Manufacturing PMI,Medium,50.0,49.8,49.8
Fri Oct 24,,EUR,Flash Services PMI,Medium,52.6,51.2,51.3
Fri Oct 24,2:00pm,GBP,Flash Manufacturing PMI,High,49.6,46.6,46.2
Fri Oct 24,,GBP,Flash Services PMI,High,51.1,51.0,50.8
Fri Oct 24,,USD,Core CPI m/m,High,0.2%,0.3%,0.3%
Fri Oct 24,,USD,CPI m/m,High,0.3%,0.4%,0.4%
Fri Oct 24,,USD,CPI y/y,High,3.0%,3.1%,2.9%
Fri Oct 24,6:21pm,EUR,Belgian NBB Business Climate,Low,-9.1,-7.8,-7.9
Fri Oct 24,7:15pm,USD,Flash Manufacturing PMI,High,52.2,51.9,52.0
Fri Oct 24,,USD,Flash Services PMI,High,55.2,53.5,54.2
Fri Oct 24,7:30pm,USD,Revised UoM Consumer Sentiment,Low,53.6,54.6,55.0
Fri Oct 24,,USD,Revised UoM Inflation Expectations,Low,4.6%,,4.6%
Mon Oct 27,5:20am,JPY,SPPI y/y,Low,3.0%,2.8%,2.7%
Mon Oct 27,2:30pm,EUR,German ifo Business Climate,Medium,88.4,88.1,87.7
Mon Oct 27,,EUR,M3 Money Supply y/y,Low,2.8%,2.7%,2.9%
Mon Oct 27,,EUR,Private Loans y/y,Low,2.6%,2.6%,2.5%
Mon Oct 27,4:30pm,GBP,CBI Realized Sales,Low,-27,-28,-29
Tue Oct 28,5:31am,GBP,BRC Shop Price Index y/y,Low,1.0%,1.6%,1.4%
Tue Oct 28,10:30am,JPY,BOJ Core CPI y/y,Low,2.1%,2.1%,2.0%
Tue Oct 28,12:30pm,EUR,German GfK Consumer Climate,Low,-24.1,-22.0,-22.5
Tue Oct 28,5:45pm,USD,ADP Weekly Employment Change,Medium,14.3K,,
Tue Oct 28,6:30pm,USD,HPI m/m,Low,0.4%,-0.1%,0.0%
Tue Oct 28,,USD,S&P/CS Composite-20 HPI y/y,Low,1.6%,1.4%,1.8%
Tue Oct 28,7:29pm,USD,Richmond Manufacturing Index,Medium,-4,-11,-17
Tue Oct 28,7:30pm,USD,CB Consumer Confidence,Medium,94.6,93.4,95.6
Wed Oct 29,10:30am,JPY,Consumer Confidence,Low,35.8,35.5,35.3
Wed Oct 29,1:30pm,EUR,Spanish Flash GDP q/q,Low,0.6%,0.6%,0.8%
Wed Oct 29,3:00pm,GBP,M4 Money Supply m/m,Low,0.6%,0.1%,0.4%
Wed Oct 29,,GBP,Mortgage Approvals,Low,66K,64K,65K
Wed Oct 29,,GBP,Net Lending to Individuals m/m,Low,7.0B,5.6B,6.0B
Wed Oct 29,4:02pm,EUR,German 10-y Bond Auction,Low,2.62|1.3,,2.72|1.2
Wed Oct 29,7:30pm,USD,Pending Home Sales m/m,Medium,0.0%,1.6%,4.2%
Wed Oct 29,,USD,Crude Oil Inventories,Low,-6.9M,-0.9M,-1.0M
Wed Oct 29,11:30pm,USD,Federal Funds Rate,High,4.00%,4.00%,4.25%
Thu Oct 30,,JPY,BOJ Policy Rate,High,<0.50%,<0.50%,<0.50%
Thu Oct 30,12:00pm,EUR,French Consumer Spending m/m,Low,0.3%,0.0%,0.2%
Thu Oct 30,,EUR,French Flash GDP q/q,Low,0.5%,0.2%,0.3%
Thu Oct 30,All Day,EUR,German Prelim CPI m/m,Medium,0.3%,0.2%,0.2%
Thu Oct 30,,EUR,Spanish Flash CPI y/y,Medium,3.1%,2.9%,3.0%
Thu Oct 30,2:25pm,EUR,German Unemployment Change,Low,-1K,8K,13K
Thu Oct 30,2:30pm,EUR,German Prelim GDP q/q,Medium,0.0%,0.0%,-0.3%
Thu Oct 30,,EUR,Italian Prelim GDP q/q,Low,0.0%,0.1%,-0.1%
Thu Oct 30,3:30pm,EUR,Italian Monthly Unemployment Rate,Low,6.1%,6.0%,6.0%
Thu Oct 30,,EUR,Prelim Flash GDP q/q,Low,0.2%,0.1%,0.1%
Thu Oct 30,,EUR,Unemployment Rate,Low,6.3%,6.3%,6.3%
Thu Oct 30,3:36pm,EUR,Italian 10-y Bond Auction,Low,3.46|1.5,,3.62|1.7
Thu Oct 30,6:45pm,EUR,Main Refinancing Rate,High,2.15%,2.15%,2.15%
Thu Oct 30,8:00pm,USD,Natural Gas Storage,Low,74B,71B,87B
Fri Oct 31,5:00am,JPY,Tokyo Core CPI y/y,Medium,2.8%,2.6%,2.5%
Fri Oct 31,,JPY,Unemployment Rate,Low,2.6%,2.5%,2.6%
Fri Oct 31,5:20am,JPY,Prelim Industrial Production m/m,Low,2.2%,1.5%,-1.5%
Fri Oct 31,,JPY,Retail Sales y/y,Low,0.5%,0.8%,-0.9%
Fri Oct 31,10:30am,JPY,Housing Starts y/y,Low,-7.3%,-7.8%,-9.8%
Fri Oct 31,12:30pm,EUR,German Import Prices m/m,Low,0.2%,-0.2%,-0.5%
Fri Oct 31,,EUR,German Retail Sales m/m,Low,0.2%,0.2%,-0.5%
Fri Oct 31,,GBP,Nationwide HPI m/m,Low,0.3%,0.0%,0.5%
Fri Oct 31,1:15pm,EUR,French Prelim CPI m/m,Low,0.1%,0.1%,-1.0%
Fri Oct 31,3:30pm,EUR,Core CPI Flash Estimate y/y,Medium,2.4%,2.3%,2.4%
Fri Oct 31,,EUR,CPI Flash Estimate y/y,Medium,2.1%,2.1%,2.2%
Fri Oct 31,,EUR,Italian Prelim CPI m/m,Low,-0.3%,0.0%,-0.2%
Fri Oct 31,7:15pm,USD,Chicago PMI,Low,43.8,42.3,40.6
Mon Nov 3,1:45pm,EUR,Spanish Manufacturing PMI,Low,52.1,51.8,51.5
Mon Nov 3,2:15pm,EUR,Italian Manufacturing PMI,Low,49.9,49.3,49.0
Mon Nov 3,2:20pm,EUR,French Final Manufacturing PMI,Low,48.8,48.3,48.3
Mon Nov 3,2:25pm,EUR,German Final Manufacturing PMI,Low,49.6,49.6,49.6
Mon Nov 3,2:30pm,EUR,Final Manufacturing PMI,Low,50.0,50.0,50.0
Mon Nov 3,3:00pm,GBP,Final Manufacturing PMI,Low,49.7,49.6,49.6
Mon Nov 3,8:15pm,USD,Final Manufacturing PMI,Low,52.5,52.2,52.2
Mon Nov 3,8:30pm,USD,ISM Manufacturing PMI,High,48.7,49.4,49.1
Mon Nov 3,,USD,ISM Manufacturing Prices,Medium,58.0,62.4,61.9
Mon Nov 3,All Day,USD,Wards Total Vehicle Sales,Low,15.3M,15.6M,16.4M
Tue Nov 4,6:00am,JPY,Final Manufacturing PMI,Low,48.2,48.3,48.3
Tue Nov 4,1:15pm,EUR,French Gov Budget Balance,Low,-155.4B,,-157.5B
Tue Nov 4,1:30pm,EUR,Spanish Unemployment Change,Low,22.1K,5.2K,-4.8K
Tue Nov 4,8:31pm,USD,RCM/TIPP Economic Optimism,Low,43.9,48.1,48.3
Wed Nov 5,5:20am,JPY,Monetary Base y/y,Low,-7.8%,-4.8%,-6.2%
Wed Nov 5,9:05am,JPY,10-y Bond Auction,Low,1.66|3.0,,1.64|3.3
Wed Nov 5,12:30pm,EUR,German Factory Orders m/m,Low,1.1%,0.9%,-0.4%
Wed Nov 5,1:15pm,EUR,French Industrial Production m/m,Low,0.8%,0.1%,-0.9%
Wed Nov 5,1:45pm,EUR,Spanish Services PMI,Low,56.6,54.8,54.3
Wed Nov 5,2:15pm,EUR,Italian Services PMI,Low,54.0,53.0,52.5
Wed Nov 5,2:20pm,EUR,French Final Services PMI,Low,48.0,47.1,47.1
Wed Nov 5,2:25pm,EUR,German Final Services PMI,Low,54.6,54.5,54.5
Wed Nov 5,2:30pm,EUR,Final Services PMI,Low,53.0,52.6,52.6
Wed Nov 5,,EUR,Italian Retail Sales m/m,Low,-0.5%,0.2%,-0.1%
Wed Nov 5,3:00pm,GBP,Final Services PMI,Low,52.3,51.1,51.1
Wed Nov 5,,EUR,PPI m/m,Low,-0.1%,0.0%,-0.4%
Wed Nov 5,6:45pm,USD,ADP Non-Farm Employment Change,High,42K,32K,-29K
Wed Nov 5,8:15pm,USD,Final Services PMI,Low,54.8,55.2,55.2
Wed Nov 5,8:30pm,USD,ISM Services PMI,High,52.4,50.7,50.0
Wed Nov 5,9:00pm,USD,Crude Oil Inventories,Low,5.2M,-2.5M,-6.9M
Thu Nov 6,5:00am,JPY,Average Cash Earnings y/y,Low,1.9%,1.9%,1.3%
Thu Nov 6,12:30pm,EUR,German Industrial Production m/m,Low,1.3%,3.0%,-3.7%
Thu Nov 6,1:15pm,EUR,French Prelim Private Payrolls q/q,Low,-0.3%,-0.1%,0.2%
Thu Nov 6,2:27pm,USD,Challenger Job Cuts y/y,Low,175.3%,,-25.8%
Thu Nov 6,3:00pm,GBP,Construction PMI,Low,44.1,46.9,46.2
Thu Nov 6,3:17pm,EUR,Spanish 10-y Bond Auction,Low,3.11|2.6,,3.09|1.7
Thu Nov 6,3:29pm,EUR,French 10-y Bond Auction,Low,3.43|2.1,,3.51|2.5
Thu Nov 6,3:30pm,EUR,Retail Sales m/m,Low,-0.1%,0.2%,0.1%
Thu Nov 6,,GBP,MPC Official Bank Rate Votes,High,0-4-5,0-3-6,0-2-7
Thu Nov 6,,GBP,Official Bank Rate,High,4.00%,4.00%,4.00%
Thu Nov 6,,USD,Natural Gas Storage,Low,33B,34B,74B
Fri Nov 7,5:00am,JPY,Household Spending y/y,Low,1.8%,2.5%,2.3%
Fri Nov 7,12:30pm,EUR,German Trade Balance,Low,15.3B,16.7B,16.9B
Fri Nov 7,,GBP,Halifax HPI m/m,Low,0.6%,0.1%,-0.3%
Fri Nov 7,1:15pm,EUR,French Trade Balance,Low,-6.6B,-5.9B,-5.2B
Fri Nov 7,8:30pm,USD,Prelim UoM Consumer Sentiment,Medium,50.3,53.0,53.6
Fri Nov 7,,USD,Prelim UoM Inflation Expectations,Medium,4.7%,,4.6%
Sat Nov 8,1:30am,USD,Consumer Credit m/m,Low,13.1B,10.4B,3.1B
Mon Nov 10,10:30am,JPY,Leading Indicators,Low,108.0%,107.9%,107.0%
Mon Nov 10,3:00pm,EUR,Sentix Investor Confidence,Low,-7.4,-3.9,-5.4
Mon Nov 10,8:15pm,USD,Cleveland Fed Inflation Expectations,Low,3.3%,,3.5%
Tue Nov 11,5:20am,JPY,Bank Lending y/y,Low,4.1%,3.8%,3.8%
Tue Nov 11,,JPY,Current Account,Low,4.35T,2.26T,2.39T
Tue Nov 11,5:31am,GBP,BRC Retail Sales Monitor y/y,Low,1.5%,2.4%,2.0%
Tue Nov 11,9:05am,JPY,30-y Bond Auction,Low,3.17|3.1,,3.25|3.4
Tue Nov 11,10:30am,JPY,Economy Watchers Sentiment,Low,49.1,47.5,47.1
Tue Nov 11,12:30pm,GBP,Claimant Count Change,High,29.0K,17.6K,0.4K
Tue Nov 11,,GBP,Average Earnings Index 3m/y,Medium,4.8%,5.0%,5.0%
Tue Nov 11,,GBP,Unemployment Rate,Low,5.0%,4.9%,4.8%
Tue Nov 11,3:30pm,EUR,German ZEW Economic Sentiment,Low,38.5,41.0,39.3
Tue Nov 11,,EUR,ZEW Economic Sentiment,Low,25.0,23.5,22.7
Tue Nov 11,4:30pm,USD,NFIB Small Business Index,Low,98.2,98.5,98.8
Tue Nov 11,6:56pm,USD,ADP Weekly Employment Change,Medium,-11.3K,,14.3K
Tue Nov 11,8:00pm,GBP,CB Leading Index m/m,Low,-0.3%,,-0.1%
Wed Nov 12,5:20am,JPY,M2 Money Stock y/y,Low,1.6%,1.8%,1.5%
Wed Nov 12,11:28am,JPY,Prelim Machine Tool Orders y/y,Low,16.8%,,11.0%
Wed Nov 12,12:30pm,EUR,German Final CPI m/m,Low,0.3%,0.3%,0.3%
Wed Nov 12,,EUR,German WPI m/m,Low,0.3%,0.1%,0.2%
Wed Nov 12,2:30pm,EUR,Italian Industrial Production m/m,Low,2.8%,1.5%,-2.7%
Wed Nov 12,4:02pm,EUR,German 30-y Bond Auction,Low,3.26|1.3,,3.17|1.4
Wed Nov 12,11:31pm,USD,10-y Bond Auction,Low,4.07|2.4,,4.12|2.5
Thu Nov 13,5:20am,JPY,PPI y/y,Low,2.7%,2.5%,2.8%
Thu Nov 13,5:31am,GBP,RICS House Price Balance,Low,-19%,-14%,-17%
Thu Nov 13,12:30pm,GBP,GDP m/m,High,-0.1%,0.0%,0.0%
Thu Nov 13,,GBP,Prelim GDP q/q,Medium,0.1%,0.2%,0.3%
Thu Nov 13,,GBP,Construction Output m/m,Low,0.2%,0.0%,-0.5%
Thu Nov 13,,GBP,Goods Trade Balance,Low,-18.9B,-20.8B,-19.5B
Thu Nov 13,,GBP,Index of Services 3m/3m,Low,0.2%,0.3%,0.3%
Thu Nov 13,,GBP,Industrial Production m/m,Low,-2.0%,-0.5%,0.3%
Thu Nov 13,,GBP,Manufacturing Production m/m,Low,-1.7%,-0.7%,0.6%
Thu Nov 13,,GBP,Prelim Business Investment q/q,Low,-0.3%,0.3%,-1.1%
Thu Nov 13,3:30pm,EUR,Industrial Production m/m,Low,0.2%,0.7%,-1.1%
Thu Nov 13,10:30pm,USD,Crude Oil Inventories,Low,6.4M,1.0M,5.2M
Thu Nov 13,11:31pm,USD,30-y Bond Auction,Low,4.69|2.3,,4.73|2.4
Fri Nov 14,10:00am,JPY,Tertiary Industry Activity m/m,Low,0.3%,0.3%,0.1%
Fri Nov 14,1:15pm,EUR,French Final CPI m/m,Low,0.1%,0.1%,0.1%
Fri Nov 14,2:30pm,EUR,Italian Trade Balance,Low,2.85B,3.18B,1.88B
Fri Nov 14,3:30pm,EUR,Flash Employment Change q/q,Low,0.1%,0.1%,0.1%
Fri Nov 14,,EUR,Flash GDP q/q,Low,0.2%,0.2%,0.2%
Fri Nov 14,,EUR,Trade Balance,Low,18.7B,8.8B,10.6B
Fri Nov 14,8:55pm,USD,Mortgage Delinquencies,Low,3.99%,,3.93%
Fri Nov 14,9:00pm,USD,Natural Gas Storage,Low,45B,34B,33B
Mon Nov 17,5:20am,JPY,Prelim GDP Price Index y/y,Low,2.8%,3.1%,3.0%
Mon Nov 17,,JPY,Prelim GDP q/q,Low,-0.4%,-0.6%,0.5%
Mon Nov 17,5:31am,GBP,Rightmove HPI m/m,Low,-1.8%,,0.3%
Mon Nov 17,10:00am,JPY,Revised Industrial Production m/m,Low,2.6%,2.2%,2.2%
Mon Nov 17,,USD,Empire State Manufacturing Index,Medium,18.7,6.1,10.7
Mon Nov 17,8:30pm,USD,Construction Spending m/m,Low,0.2%,-0.2%,0.2%
Tue Nov 18,Sep 27th,USD,Unemployment Claims,Low,224K,,219K
Tue Nov 18,Oct 4th,USD,Unemployment Claims,Low,235K,,224K
Tue Nov 18,Oct 11th,USD,Unemployment Claims,Low,220K,,235K
Tue Nov 18,1:40pm,USD,Unemployment Claims,High,232K,,220K
Tue Nov 18,6:59pm,USD,ADP Weekly Employment Change,Medium,-2.5K,,-11.3K
Tue Nov 18,8:30pm,USD,Factory Orders m/m,Low,1.4%,1.4%,-1.3%
Tue Nov 18,,USD,NAHB Housing Market Index,Low,38,37,37
Wed Nov 19,Aug Data,USD,TIC Long-Term Purchases,Low,134.2B,,39.0B
Wed Nov 19,2:30am,USD,TIC Long-Term Purchases,Low,179.8B,,134.2B
Wed Nov 19,5:20am,JPY,Core Machinery Orders m/m,Low,4.2%,2.2%,-0.9%
Wed Nov 19,12:30pm,GBP,CPI y/y,High,3.6%,3.5%,3.8%
Wed Nov 19,,GBP,Core CPI y/y,Low,3.4%,3.4%,3.5%
Wed Nov 19,,GBP,PPI Input m/m,Low,-0.3%,0.0%,-0.1%
Wed Nov 19,,GBP,PPI Output m/m,Low,0.0%,0.1%,0.0%
Wed Nov 19,,GBP,RPI y/y,Low,4.3%,4.3%,4.5%
Wed Nov 19,2:30pm,EUR,Current Account,Low,23.1B,15.9B,11.9B
Wed Nov 19,3:00pm,GBP,HPI y/y,Low,2.6%,3.0%,3.1%
Wed Nov 19,3:30pm,EUR,Final Core CPI y/y,Low,2.4%,2.4%,2.4%
Wed Nov 19,,EUR,Final CPI y/y,Low,2.1%,2.1%,2.1%
Wed Nov 19,3:33pm,GBP,10-y Bond Auction,Low,4.61|2.8,,4.52|3.3
Wed Nov 19,7:00pm,USD,Trade Balance,Low,-59.6B,-61.3B,-78.2B
Wed Nov 19,9:00pm,USD,Crude Oil Inventories,Low,-3.4M,-1.9M,6.4M
Thu Nov 20,,EUR,German PPI m/m,Low,0.1%,0.0%,-0.1%
Thu Nov 20,3:08pm,EUR,Spanish 10-y Bond Auction,Low,3.20|1.9,,3.11|2.6
Thu Nov 20,,GBP,CBI Industrial Order Expectations,Low,-37,-33,-38
Thu Nov 20,Oct 25th,USD,Unemployment Claims,Low,220K,,232K
Thu Nov 20,Nov 1st,USD,Unemployment Claims,Low,229K,,220K
Thu Nov 20,Nov 8th,USD,Unemployment Claims,Low,228K,,229K
Thu Nov 20,,USD,Average Hourly Earnings m/m,High,0.2%,0.3%,0.4%
Thu Nov 20,,USD,Non-Farm Employment Change,High,119K,53K,-4K
Thu Nov 20,,USD,Unemployment Claims,High,220K,227K,228K
Thu Nov 20,,USD,Unemployment Rate,High,4.4%,4.3%,4.3%
Thu Nov 20,,USD,Philly Fed Manufacturing Index,Medium,-1.7,1.0,-12.8
Thu Nov 20,8:30pm,EUR,Consumer Confidence,Low,-14,-14,-14
Thu Nov 20,,USD,Existing Home Sales,Medium,4.10M,4.08M,4.05M
Thu Nov 20,9:00pm,USD,Natural Gas Storage,Low,-14B,-14B,45B
Fri Nov 21,5:00am,JPY,National Core CPI y/y,Low,3.0%,3.0%,2.9%
Fri Nov 21,5:20am,JPY,Trade Balance,Low,0.00T,-0.13T,-0.30T
Fri Nov 21,5:31am,GBP,GfK Consumer Confidence,Low,-19,-18,-17
Fri Nov 21,6:00am,JPY,Flash Manufacturing PMI,Low,48.8,48.8,48.2
Fri Nov 21,12:30pm,GBP,Retail Sales m/m,High,-1.1%,-0.1%,0.7%
Fri Nov 21,,GBP,Public Sector Net Borrowing,Low,17.4B,15.2B,19.9B
Fri Nov 21,1:45pm,EUR,French Flash Manufacturing PMI,Medium,47.8,49.0,48.8
Fri Nov 21,,EUR,French Flash Services PMI,Medium,50.8,48.4,48.0
Fri Nov 21,2:00pm,EUR,German Flash Manufacturing PMI,High,48.4,49.8,49.6
Fri Nov 21,,EUR,German Flash Services PMI,High,52.7,54.0,54.6
Fri Nov 21,2:30pm,EUR,Flash Manufacturing PMI,Low,49.7,50.1,50.0
Fri Nov 21,,EUR,Flash Services PMI,Low,53.1,52.8,53.0
Fri Nov 21,3:00pm,GBP,Flash Manufacturing PMI,High,50.2,49.3,49.7
Fri Nov 21,,GBP,Flash Services PMI,High,50.5,51.9,52.3
Fri Nov 21,8:15pm,USD,Flash Manufacturing PMI,High,51.9,52.0,52.5
Fri Nov 21,,USD,Flash Services PMI,High,55.0,54.6,54.8
Fri Nov 21,8:30pm,USD,Revised UoM Consumer Sentiment,Medium,51.0,50.6,50.3
Fri Nov 21,,USD,Final Wholesale Inventories m/m,Low,0.0%,-0.2%,-0.2%
Fri Nov 21,,USD,Revised UoM Inflation Expectations,Low,4.5%,,4.7%
Mon Nov 24,2:30pm,EUR,German ifo Business Climate,Medium,88.1,88.6,88.4
Mon Nov 24,7:20pm,EUR,Belgian NBB Business Climate,Low,-8.2,-8.7,-9.1
Tue Nov 25,12:30pm,EUR,German Final GDP q/q,Low,0.0%,0.0%,0.0%
Tue Nov 25,4:30pm,GBP,CBI Realized Sales,Low,-32,-29,-27
Tue Nov 25,6:45pm,USD,ADP Weekly Employment Change,Medium,-13.5K,,-7.5K
Tue Nov 25,7:00pm,USD,Core PPI m/m,High,0.1%,0.2%,-0.1%
Tue Nov 25,,USD,Core Retail Sales m/m,High,0.3%,0.3%,0.6%
Tue Nov 25,,USD,PPI m/m,High,0.3%,0.3%,-0.1%
Tue Nov 25,,USD,Retail Sales m/m,High,0.2%,0.4%,0.6%
Tue Nov 25,7:30pm,USD,HPI m/m,Low,0.0%,0.2%,0.4%
Tue Nov 25,,USD,S&P/CS Composite-20 HPI y/y,Low,1.4%,1.4%,1.6%
Tue Nov 25,8:29pm,USD,Richmond Manufacturing Index,Medium,-15,-5,-4
Tue Nov 25,8:30pm,USD,CB Consumer Confidence,Medium,88.7,93.4,95.5
Tue Nov 25,,USD,Pending Home Sales m/m,Medium,1.9%,0.5%,0.1%
Tue Nov 25,,USD,Business Inventories m/m,Low,0.0%,0.0%,0.2%
Wed Nov 26,12:30am,USD,Federal Budget Balance,Low,-284.4B,-223.4B,198.0B
Wed Nov 26,5:20am,JPY,SPPI y/y,Low,2.7%,2.7%,3.1%
Wed Nov 26,10:30am,JPY,BOJ Core CPI y/y,Low,2.2%,2.2%,2.1%
Wed Nov 26,4:05pm,EUR,German 10-y Bond Auction,Low,2.67|2.0,,2.62|1.3
Wed Nov 26,7:00pm,USD,Unemployment Claims,High,216K,226K,222K
Wed Nov 26,,USD,Core Durable Goods Orders m/m,Medium,0.6%,0.2%,0.3%
Wed Nov 26,,USD,Durable Goods Orders m/m,Medium,0.5%,0.5%,3.0%
Wed Nov 26,8:15pm,USD,Chicago PMI,Low,36.3,43.9,43.8
Wed Nov 26,9:00pm,USD,Crude Oil Inventories,Low,2.8M,-1.3M,-3.4M
Wed Nov 26,,USD,Natural Gas Storage,Low,-11B,-5B,-14B
Thu Nov 27,12:30pm,EUR,German GfK Consumer Climate,Low,-23.2,-23.6,-24.1
Thu Nov 27,2:30pm,EUR,M3 Money Supply y/y,Low,2.8%,2.8%,2.8%
Thu Nov 27,,EUR,Private Loans y/y,Low,2.8%,2.6%,2.6%
Thu Nov 27,3:35pm,EUR,Italian 10-y Bond Auction,Low,3.44|1.6,,3.46|1.5
Fri Nov 28,5:00am,JPY,Tokyo Core CPI y/y,Medium,2.8%,2.7%,2.8%
Fri Nov 28,,JPY,Unemployment Rate,Low,2.6%,2.5%,2.6%
Fri Nov 28,5:20am,JPY,Prelim Industrial Production m/m,Low,1.4%,-0.5%,2.6%
Fri Nov 28,,JPY,Retail Sales y/y,Low,1.7%,0.8%,0.2%
Fri Nov 28,10:30am,JPY,Housing Starts y/y,Low,3.2%,-5.0%,-7.3%
Fri Nov 28,12:30pm,EUR,German Import Prices m/m,Low,0.2%,0.0%,0.2%
Fri Nov 28,,EUR,German Retail Sales m/m,Low,-0.3%,0.1%,0.3%
Fri Nov 28,All Day,EUR,German Prelim CPI m/m,Medium,-0.2%,-0.2%,0.3%
Fri Nov 28,1:15pm,EUR,French Consumer Spending m/m,Low,0.4%,0.3%,0.3%
Fri Nov 28,,EUR,French Final Private Payrolls q/q,Low,-0.1%,-0.3%,-0.3%
Fri Nov 28,,EUR,French Prelim CPI m/m,Low,-0.1%,0.0%,0.1%
Fri Nov 28,,EUR,French Prelim GDP q/q,Low,0.5%,0.5%,0.5%
Fri Nov 28,,EUR,Spanish Flash CPI y/y,Low,3.0%,3.0%,3.1%
Fri Nov 28,2:25pm,EUR,German Unemployment Change,Low,1K,4K,-2K
Fri Nov 28,,EUR,Italian Prelim CPI m/m,Low,-0.2%,-0.1%,-0.3%
Mon Dec 1,5:20am,JPY,Capital Spending q/y,Low,2.9%,5.9%,7.6%
Mon Dec 1,,JPY,Final Manufacturing PMI,Low,48.7,48.8,48.8
Mon Dec 1,1:45pm,EUR,Spanish Manufacturing PMI,Low,51.5,52.3,52.1
Mon Dec 1,2:15pm,EUR,Italian Manufacturing PMI,Low,50.6,50.1,49.9
Mon Dec 1,2:20pm,EUR,French Final Manufacturing PMI,Low,47.8,47.8,47.8
Mon Dec 1,2:25pm,EUR,German Final Manufacturing PMI,Low,48.2,48.4,48.4
Mon Dec 1,2:30pm,EUR,Final Manufacturing PMI,Low,49.6,49.8,49.7
Mon Dec 1,3:00pm,GBP,Final Manufacturing PMI,Low,50.2,50.2,50.2
Mon Dec 1,,GBP,M4 Money Supply m/m,Low,-0.2%,0.4%,0.6%
Mon Dec 1,,GBP,Mortgage Approvals,Low,65K,64K,66K
Mon Dec 1,,GBP,Net Lending to Individuals m/m,Low,5.4B,6.4B,6.6B
Mon Dec 1,8:15pm,USD,Final Manufacturing PMI,Low,52.2,51.9,51.9
Mon Dec 1,8:30pm,USD,ISM Manufacturing PMI,High,48.2,49.0,48.7
Mon Dec 1,,USD,ISM Manufacturing Prices,Medium,58.5,59.5,58.0
Tue Dec 2,5:20am,JPY,Monetary Base y/y,Low,-8.5%,-8.5%,-7.8%
Tue Dec 2,5:31am,GBP,BRC Shop Price Index y/y,Low,0.6%,0.9%,1.0%
Tue Dec 2,9:05am,JPY,10-y Bond Auction,Low,1.87|3.6,,1.66|3.0
Tue Dec 2,10:30am,JPY,Consumer Confidence,Low,37.5,36.2,35.8
Tue Dec 2,,GBP,Nationwide HPI m/m,Low,0.3%,0.0%,0.2%
Tue Dec 2,1:15pm,EUR,French Gov Budget Balance,Low,-136.2B,,-155.4B
Tue Dec 2,1:30pm,EUR,Spanish Unemployment Change,Low,-18.8K,-12.4K,22.1K
Tue Dec 2,2:30pm,EUR,Italian Monthly Unemployment Rate,Low,6.0%,6.1%,6.2%
Tue Dec 2,3:30pm,EUR,Core CPI Flash Estimate y/y,Medium,2.4%,2.4%,2.4%
Tue Dec 2,,EUR,CPI Flash Estimate y/y,Medium,2.2%,2.1%,2.1%
Tue Dec 2,,EUR,Unemployment Rate,Low,6.4%,6.3%,6.4%
Tue Dec 2,,USD,RCM/TIPP Economic Optimism,Low,47.9,44.1,43.9
Tue Dec 2,All Day,USD,Wards Total Vehicle Sales,Low,15.6M,15.4M,15.3M
Wed Dec 3,1:45pm,EUR,Spanish Services PMI,Low,55.6,56.3,56.6
Wed Dec 3,2:15pm,EUR,Italian Services PMI,Low,55.0,53.9,54.0
Wed Dec 3,2:20pm,EUR,French Final Services PMI,Low,51.4,50.8,50.8
Wed Dec 3,2:25pm,EUR,German Final Services PMI,Low,53.1,52.7,52.7
Wed Dec 3,2:30pm,EUR,Final Services PMI,Low,53.6,53.1,53.1
Wed Dec 3,3:00pm,GBP,Final Services PMI,Low,51.3,50.5,50.5
Wed Dec 3,3:30pm,EUR,PPI m/m,Low,0.1%,0.1%,-0.1%
Wed Dec 3,6:45pm,USD,ADP Non-Farm Employment Change,High,-32K,5K,47K
Wed Dec 3,,USD,Import Prices m/m,Low,0.0%,0.1%,0.1%
Wed Dec 3,7:45pm,USD,Capacity Utilization Rate,Low,75.9%,76.9%,75.9%
Wed Dec 3,,USD,Industrial Production m/m,Low,0.1%,0.1%,-0.3%
Wed Dec 3,8:15pm,USD,Final Services PMI,Low,54.1,55.0,55.0
Wed Dec 3,8:30pm,USD,ISM Services PMI,High,52.6,52.0,52.4
Wed Dec 3,9:38pm,USD,Crude Oil Inventories,Low,0.6M,-1.9M,2.8M
Thu Dec 4,9:05am,JPY,30-y Bond Auction,Low,3.43|4.0,,3.17|3.1
Thu Dec 4,3:00pm,GBP,Construction PMI,Low,39.4,44.5,44.1
Thu Dec 4,3:30pm,EUR,Retail Sales m/m,Low,0.0%,0.0%,0.1%
Thu Dec 4,3:31pm,EUR,French 10-y Bond Auction,Low,3.38|2.3,,3.43|2.1
Thu Dec 4,6:00pm,USD,Challenger Job Cuts y/y,Medium,23.5%,,175.3%
Thu Dec 4,7:00pm,USD,Unemployment Claims,High,191K,219K,218K
Thu Dec 4,,USD,Factory Orders m/m,Low,0.2%,,1.3%
Thu Dec 4,9:00pm,USD,Natural Gas Storage,Low,-12B,-18B,-11B
Fri Dec 5,5:00am,JPY,Household Spending y/y,Low,-3.0%,1.1%,1.8%
Fri Dec 5,10:30am,JPY,Leading Indicators,Low,110.0%,109.3%,108.0%
Fri Dec 5,12:30pm,EUR,German Factory Orders m/m,Low,1.5%,0.3%,1.1%
Fri Dec 5,12:33pm,GBP,Halifax HPI m/m,Low,0.0%,0.2%,0.5%
Fri Dec 5,1:15pm,EUR,French Industrial Production m/m,Low,0.2%,-0.1%,0.7%
Fri Dec 5,,EUR,French Trade Balance,Low,-3.9B,-6.8B,-6.3B
Fri Dec 5,2:30pm,EUR,Italian Retail Sales m/m,Low,0.5%,0.4%,-0.4%
Fri Dec 5,3:30pm,EUR,Final Employment Change q/q,Low,0.2%,0.1%,0.1%
Fri Dec 5,,EUR,Revised GDP q/q,Low,0.3%,0.2%,0.2%
Fri Dec 5,8:30pm,USD,Core PCE Price Index m/m,High,0.2%,0.2%,0.2%
Fri Dec 5,,USD,Prelim UoM Consumer Sentiment,High,53.3,52.0,51.0
Fri Dec 5,,USD,Prelim UoM Inflation Expectations,High,4.1%,,4.5%
Fri Dec 5,,USD,Personal Income m/m,Low,0.4%,0.3%,0.4%
Fri Dec 5,,USD,Personal Spending m/m,Low,0.3%,0.3%,0.5%
Sat Dec 6,1:30am,USD,Consumer Credit m/m,Low,9.2B,11.8B,11.0B
Mon Dec 8,5:00am,JPY,Average Cash Earnings y/y,Low,2.6%,2.2%,2.1%
Mon Dec 8,5:20am,JPY,Bank Lending y/y,Low,4.2%,4.0%,4.1%
Mon Dec 8,,JPY,Current Account,Low,2.48T,3.09T,4.35T
Mon Dec 8,,JPY,Final GDP Price Index y/y,Low,3.4%,2.8%,2.8%
Mon Dec 8,,JPY,Final GDP q/q,Low,-0.6%,-0.5%,-0.4%
Mon Dec 8,10:30am,JPY,Economy Watchers Sentiment,Low,48.7,49.5,49.1
Mon Dec 8,12:30pm,EUR,German Industrial Production m/m,Low,1.8%,0.2%,1.1%
Mon Dec 8,3:00pm,EUR,Sentix Investor Confidence,Low,-6.2,-6.2,-7.4
Tue Dec 9,5:20am,JPY,M2 Money Stock y/y,Low,1.8%,1.4%,1.6%
Tue Dec 9,5:31am,GBP,BRC Retail Sales Monitor y/y,Low,1.2%,2.6%,1.5%
Tue Dec 9,11:28am,JPY,Prelim Machine Tool Orders y/y,Low,14.2%,,17.1%
Tue Dec 9,12:30pm,EUR,German Trade Balance,Low,16.9B,15.9B,15.3B
Tue Dec 9,4:30pm,USD,NFIB Small Business Index,Low,99.0,98.4,98.2
Tue Dec 9,6:45pm,USD,ADP Weekly Employment Change,High,4.8K,,-8.0K
Tue Dec 9,Sep Data,USD,JOLTS Job Openings,Medium,7.66M,,7.23M
Tue Dec 9,8:30pm,USD,JOLTS Job Openings,High,7.67M,7.14M,7.66M
Tue Dec 9,,USD,CB Leading Index m/m,Low,-0.3%,-0.3%,-0.3%
Tue Dec 9,11:31pm,USD,10-y Bond Auction,Low,4.18|2.6,,4.07|2.4
Wed Dec 10,5:20am,JPY,PPI y/y,Low,2.7%,2.7%,2.7%
Wed Dec 10,2:30pm,EUR,Italian Industrial Production m/m,Low,-1.0%,-0.3%,2.7%
Wed Dec 10,3:41pm,GBP,10-y Bond Auction,Low,4.61|3.1,,4.61|2.8
Wed Dec 10,7:00pm,USD,Employment Cost Index q/q,High,0.8%,0.9%,0.9%
Wed Dec 10,,USD,Crude Oil Inventories,Low,-1.8M,-1.2M,0.6M
Thu Dec 11,12:30am,USD,Federal Funds Rate,High,3.75%,3.75%,4.00%
Thu Dec 11,12:49am,USD,Federal Budget Balance,Low,-173.3B,-186.5B,-284.4B
Thu Dec 11,5:20am,JPY,BSI Manufacturing Index,Low,4.7,4.1,3.8
Thu Dec 11,5:31am,GBP,RICS House Price Balance,Low,-16%,-21%,-19%
Thu Dec 11,2:33pm,EUR,Italian Quarterly Unemployment Rate,Low,6.1%,6.3%,6.3%
Thu Dec 11,,USD,Unemployment Claims,High,236K,220K,192K
Thu Dec 11,,USD,Goods Trade Balance,Low,-79.0B,,-86.1B
Thu Dec 11,,USD,Trade Balance,Low,-52.8B,-62.5B,-59.3B
Thu Dec 11,8:30pm,USD,Final Wholesale Inventories m/m,Low,0.5%,0.1%,0.0%
Thu Dec 11,9:00pm,USD,Natural Gas Storage,Low,-177B,-170B,-12B
Thu Dec 11,11:31pm,USD,30-y Bond Auction,Low,4.77|2.4,,4.69|2.3
Fri Dec 12,10:00am,JPY,Revised Industrial Production m/m,Low,1.5%,1.4%,1.4%
Fri Dec 12,12:30pm,EUR,German Final CPI m/m,Low,-0.2%,-0.2%,-0.2%
Fri Dec 12,,GBP,GDP m/m,High,-0.1%,0.1%,-0.1%
Fri Dec 12,,GBP,Construction Output m/m,Low,-0.6%,-0.1%,0.2%
Fri Dec 12,,GBP,Goods Trade Balance,Low,-22.5B,-19.1B,-18.9B
Fri Dec 12,,GBP,Index of Services 3m/3m,Low,0.0%,0.1%,0.2%
Fri Dec 12,,GBP,Industrial Production m/m,Low,1.1%,0.9%,-2.0%
Fri Dec 12,,GBP,Manufacturing Production m/m,Low,0.5%,1.1%,-1.7%
Fri Dec 12,1:15pm,EUR,French Final CPI m/m,Low,-0.2%,-0.1%,-0.1%
Fri Dec 12,3:05pm,GBP,Consumer Inflation Expectations,Low,3.5%,,3.6%
Mon Dec 15,5:20am,JPY,Tankan Manufacturing Index,Low,15,15,14
Mon Dec 15,,JPY,Tankan Non-Manufacturing Index,Low,34,35,34
Mon Dec 15,5:31am,GBP,Rightmove HPI m/m,Low,-1.8%,,-1.8%
Mon Dec 15,10:00am,JPY,Tertiary Industry Activity m/m,Low,0.9%,0.2%,0.1%
Mon Dec 15,12:30pm,EUR,German WPI m/m,Low,0.3%,0.2%,0.3%
Mon Dec 15,3:30pm,EUR,Industrial Production m/m,Low,0.8%,0.7%,0.2%
Mon Dec 15,,USD,Empire State Manufacturing Index,Medium,-3.9,9.8,18.7
Mon Dec 15,8:00pm,GBP,CB Leading Index m/m,Low,-0.1%,,-0.1%
Mon Dec 15,8:30pm,USD,NAHB Housing Market Index,Low,39,39,38
Tue Dec 16,6:00am,JPY,Flash Manufacturing PMI,Low,49.7,49.0,48.7
Tue Dec 16,12:30pm,GBP,Claimant Count Change,High,20.1K,21.6K,-3.9K
Tue Dec 16,,GBP,Average Earnings Index 3m/y,Medium,4.7%,4.4%,4.9%
Tue Dec 16,,GBP,Unemployment Rate,Low,5.1%,5.1%,5.0%
Tue Dec 16,1:45pm,EUR,French Flash Manufacturing PMI,Medium,50.6,48.1,47.8
Tue Dec 16,,EUR,French Flash Services PMI,Medium,50.2,51.1,51.4
Tue Dec 16,2:00pm,EUR,German Flash Manufacturing PMI,High,47.7,48.6,48.2
Tue Dec 16,,EUR,German Flash Services PMI,High,52.6,53.0,53.1
Tue Dec 16,2:30pm,EUR,Flash Manufacturing PMI,Low,49.2,49.9,49.6
Tue Dec 16,,EUR,Flash Services PMI,Low,52.6,53.3,53.6
Tue Dec 16,3:00pm,GBP,Flash Manufacturing PMI,High,51.2,50.3,50.2
Tue Dec 16,,GBP,Flash Services PMI,High,52.1,51.6,51.3
Tue Dec 16,3:30pm,EUR,Italian Trade Balance,Low,4.16B,3.21B,2.97B
Tue Dec 16,,EUR,Trade Balance,Low,14.0B,18.3B,18.0B
Tue Dec 16,,EUR,German ZEW Economic Sentiment,Low,45.8,38.4,38.5
Tue Dec 16,,EUR,ZEW Economic Sentiment,Low,33.7,26.3,25.0
Tue Dec 16,6:45pm,USD,ADP Weekly Employment Change,High,16.3K,,2.8K
Tue Dec 16,Oct Data,USD,Average Hourly Earnings m/m,Medium,0.4%,,0.2%
Tue Dec 16,Oct Data,USD,Non-Farm Employment Change,Medium,-105K,,108K
Tue Dec 16,7:00pm,USD,Average Hourly Earnings m/m,High,0.1%,0.3%,0.4%
Tue Dec 16,,USD,Core Retail Sales m/m,High,0.4%,0.2%,0.1%
Tue Dec 16,,USD,Non-Farm Employment Change,High,64K,51K,-105K
Tue Dec 16,,USD,Retail Sales m/m,High,0.0%,0.1%,0.1%
Tue Dec 16,,USD,Unemployment Rate,High,4.6%,4.5%,4.4%
Tue Dec 16,8:15pm,USD,Flash Manufacturing PMI,High,51.8,52.0,52.2
Tue Dec 16,,USD,Flash Services PMI,High,52.9,54.0,54.1
Tue Dec 16,8:30pm,USD,Business Inventories m/m,Low,0.2%,0.1%,0.0%
Wed Dec 17,5:20am,JPY,Core Machinery Orders m/m,Low,7.0%,-1.8%,4.2%
Wed Dec 17,,JPY,Trade Balance,Low,0.06T,-0.20T,0.07T
Wed Dec 17,12:30pm,GBP,CPI y/y,High,3.2%,3.5%,3.6%
Wed Dec 17,,GBP,Core CPI y/y,Low,3.2%,3.4%,3.4%
Wed Dec 17,,GBP,PPI Input m/m,Low,0.3%,0.4%,0.0%
Wed Dec 17,,GBP,PPI Output m/m,Low,0.1%,0.1%,0.1%
Wed Dec 17,,GBP,RPI y/y,Low,3.8%,4.2%,4.3%
Wed Dec 17,2:30pm,EUR,German ifo Business Climate,Medium,87.6,88.2,88.0
Wed Dec 17,3:00pm,GBP,HPI y/y,Low,1.7%,2.4%,2.0%
Wed Dec 17,3:30pm,EUR,Final Core CPI y/y,Low,2.4%,2.4%,2.4%
Wed Dec 17,,EUR,Final CPI y/y,Low,2.1%,2.2%,2.2%
Wed Dec 17,4:30pm,GBP,CBI Industrial Order Expectations,Low,-32,-35,-37
Wed Dec 17,9:00pm,USD,Crude Oil Inventories,Low,-1.3M,-2.4M,-1.8M
Thu Dec 18,,GBP,MPC Official Bank Rate Votes,High,0-5-4,0-5-4,0-4-5
Thu Dec 18,,GBP,Official Bank Rate,High,3.75%,3.75%,4.00%
Thu Dec 18,6:45pm,EUR,Main Refinancing Rate,High,2.15%,2.15%,2.15%
Thu Dec 18,7:00pm,USD,CPI y/y,High,2.7%,3.1%,3.0%
Thu Dec 18,,USD,Unemployment Claims,High,224K,224K,237K
Thu Dec 18,,USD,Philly Fed Manufacturing Index,Medium,-10.2,2.5,-1.7
Thu Dec 18,9:00pm,USD,Natural Gas Storage,Low,-167B,-176B,-177B
Fri Dec 19,2:30am,USD,TIC Long-Term Purchases,Low,17.5B,122.7B,173.2B
Fri Dec 19,5:00am,JPY,National Core CPI y/y,Low,3.0%,3.0%,3.0%
Fri Dec 19,5:31am,GBP,GfK Consumer Confidence,Low,-17,-18,-19
Fri Dec 19,8:49am,JPY,BOJ Policy Rate,High,<0.75%,<0.75%,<0.50%
Fri Dec 19,12:30pm,EUR,German GfK Consumer Climate,Low,-26.9,-23.0,-23.4
Fri Dec 19,,EUR,German PPI m/m,Low,0.0%,0.1%,0.1%
Fri Dec 19,,GBP,Retail Sales m/m,High,-0.1%,0.3%,-0.9%
Fri Dec 19,,GBP,Public Sector Net Borrowing,Low,11.7B,10.0B,21.2B
Fri Dec 19,2:30pm,EUR,Current Account,Low,25.7B,19.6B,23.6B
Fri Dec 19,,GBP,CBI Realized Sales,Low,-44,-29,-32
Fri Dec 19,7:13pm,EUR,Belgian NBB Business Climate,Low,-11.9,-7.8,-8.2
Fri Dec 19,8:30pm,EUR,Consumer Confidence,Low,-15,-14,-14
Fri Dec 19,,USD,Existing Home Sales,Medium,4.13M,4.15M,4.11M
Fri Dec 19,,USD,Revised UoM Consumer Sentiment,Medium,52.9,53.5,53.3
Fri Dec 19,,USD,Revised UoM Inflation Expectations,Low,4.2%,,4.1%
Mon Dec 22,12:30pm,GBP,Current Account,Low,-12.1B,-19.1B,-21.2B
Mon Dec 22,,GBP,Final GDP q/q,Low,0.1%,0.1%,0.1%
Mon Dec 22,,GBP,Revised Business Investment q/q,Low,1.5%,-0.3%,-0.3%
Tue Dec 23,10:30am,JPY,BOJ Core CPI y/y,Low,2.2%,2.2%,2.2%
Tue Dec 23,12:30pm,EUR,German Import Prices m/m,Low,0.5%,0.2%,0.2%
Tue Dec 23,6:45pm,USD,ADP Weekly Employment Change,Medium,11.5K,,17.5K
Tue Dec 23,,USD,Prelim GDP q/q,High,4.3%,3.3%,3.8%
Tue Dec 23,,USD,Core Durable Goods Orders m/m,Medium,0.2%,0.3%,0.7%
Tue Dec 23,,USD,Durable Goods Orders m/m,Medium,-2.2%,-1.5%,0.7%
Tue Dec 23,,USD,Prelim GDP Price Index q/q,Medium,3.8%,2.7%,2.1%
Tue Dec 23,Oct Data,USD,Capacity Utilization Rate,Low,75.9%,,76.0%
Tue Dec 23,Oct Data,USD,Industrial Production m/m,Low,-0.1%,,0.1%
Tue Dec 23,7:45pm,USD,Capacity Utilization Rate,Low,76.0%,75.9%,75.9%
Tue Dec 23,,USD,Industrial Production m/m,Low,0.2%,0.1%,-0.1%
Tue Dec 23,8:30pm,USD,CB Consumer Confidence,Medium,89.1,91.7,92.9
Tue Dec 23,,USD,Richmond Manufacturing Index,Medium,-7,-8,-15
Wed Dec 24,,JPY,SPPI y/y,Low,2.7%,2.7%,2.7%
Wed Dec 24,7:00pm,USD,Unemployment Claims,High,214K,224K,224K
Thu Dec 25,10:30am,JPY,Housing Starts y/y,Low,-8.5%,0.2%,3.2%
Fri Dec 26,5:00am,JPY,Tokyo Core CPI y/y,Low,2.3%,2.5%,2.8%
Fri Dec 26,,JPY,Unemployment Rate,Low,2.6%,2.6%,2.6%
Fri Dec 26,5:20am,JPY,Prelim Industrial Production m/m,Low,-2.6%,-1.9%,1.5%
Fri Dec 26,,JPY,Retail Sales y/y,Low,1.0%,0.9%,1.7%
Mon Dec 29,8:30pm,USD,Pending Home Sales m/m,Medium,3.3%,1.0%,2.4%
Mon Dec 29,10:30pm,USD,Natural Gas Storage,Low,-166B,-169B,-167B
Tue Dec 30,3:30am,USD,Crude Oil Inventories,Low,0.4M,-2.0M,-1.3M
Tue Dec 30,,EUR,Spanish Flash CPI y/y,Low,2.9%,2.8%,3.0%
Tue Dec 30,7:30pm,USD,HPI m/m,Low,0.4%,0.1%,-0.1%
Tue Dec 30,,USD,S&P/CS Composite-20 HPI y/y,Low,1.3%,1.1%,1.4%
Tue Dec 30,8:15pm,USD,Chicago PMI,Low,43.5,39.8,36.3
Wed Dec 31,7:00pm,USD,Unemployment Claims,High,199K,219K,215K
Wed Dec 31,9:00pm,USD,Crude Oil Inventories,Low,-1.9M,0.5M,0.4M
Wed Dec 31,10:30pm,USD,Natural Gas Storage,Low,-38B,-51B,-166B
Fri Jan 2,12:30pm,GBP,Nationwide HPI m/m,Low,-0.4%,0.1%,0.3%
Fri Jan 2,1:45pm,EUR,Spanish Manufacturing PMI,Low,49.6,51.2,51.5
Fri Jan 2,2:15pm,EUR,Italian Manufacturing PMI,Low,47.9,50.0,50.6
Fri Jan 2,2:20pm,EUR,French Final Manufacturing PMI,Low,50.7,50.6,50.6
Fri Jan 2,2:25pm,EUR,German Final Manufacturing PMI,Low,47.0,47.7,47.7
Fri Jan 2,2:30pm,EUR,Final Manufacturing PMI,Low,48.8,49.2,49.2
Fri Jan 2,,EUR,M3 Money Supply y/y,Low,3.0%,2.7%,2.8%
Fri Jan 2,,EUR,Private Loans y/y,Low,2.9%,2.8%,2.8%
Fri Jan 2,3:00pm,GBP,Final Manufacturing PMI,Low,50.6,51.2,51.2
Fri Jan 2,8:15pm,USD,Final Manufacturing PMI,Low,51.8,51.8,51.8
Mon Jan 5,6:00am,JPY,Final Manufacturing PMI,Low,50.0,49.8,49.7
Mon Jan 5,1:30pm,EUR,Spanish Unemployment Change,Low,-16.3K,5.7K,-18.8K
Mon Jan 5,3:00pm,GBP,M4 Money Supply m/m,Low,0.8%,-0.1%,-0.2%
Mon Jan 5,,GBP,Mortgage Approvals,Low,65K,64K,65K
Mon Jan 5,,GBP,Net Lending to Individuals m/m,Low,6.6B,5.2B,5.9B
Mon Jan 5,8:30pm,USD,ISM Manufacturing PMI,High,47.9,48.3,48.2
Mon Jan 5,,USD,ISM Manufacturing Prices,Medium,58.5,59.0,58.5
Mon Jan 5,All Day,USD,Wards Total Vehicle Sales,Low,16.0M,15.7M,15.6M
Tue Jan 6,5:20am,JPY,Monetary Base y/y,Low,-9.8%,-8.0%,-8.5%
Tue Jan 6,5:31am,GBP,BRC Shop Price Index y/y,Low,0.7%,0.6%,0.6%
Tue Jan 6,9:05am,JPY,10-y Bond Auction,Low,2.10|3.3,,1.87|3.6
Tue Jan 6,All Day,EUR,German Prelim CPI m/m,Medium,0.0%,0.3%,-0.2%
Tue Jan 6,1:15pm,EUR,French Prelim CPI m/m,Low,0.1%,0.2%,-0.2%
Tue Jan 6,1:45pm,EUR,Spanish Services PMI,Low,57.1,54.8,55.6
Tue Jan 6,2:15pm,EUR,Italian Services PMI,Low,51.5,54.2,55.0
Tue Jan 6,2:20pm,EUR,French Final Services PMI,Low,50.1,50.3,50.2
Tue Jan 6,2:25pm,EUR,German Final Services PMI,Low,52.7,52.6,52.6
Tue Jan 6,2:30pm,EUR,Final Services PMI,Low,52.4,52.6,52.6
Tue Jan 6,3:00pm,GBP,Final Services PMI,Low,51.4,52.1,52.1
Tue Jan 6,8:15pm,USD,Final Services PMI,Low,52.5,52.9,52.9
Wed Jan 7,12:30pm,EUR,German Retail Sales m/m,Low,-0.6%,0.2%,0.3%
Wed Jan 7,2:25pm,EUR,German Unemployment Change,Low,3K,5K,1K
Wed Jan 7,3:00pm,GBP,Construction PMI,Low,40.1,42.4,39.4
Wed Jan 7,,GBP,Housing Equity Withdrawal q/q,Low,-10.9B,-8.7B,-17.9B
Wed Jan 7,3:30pm,EUR,Core CPI Flash Estimate y/y,Medium,2.3%,2.4%,2.4%
Wed Jan 7,,EUR,CPI Flash Estimate y/y,Medium,2.0%,2.0%,2.1%
Wed Jan 7,,EUR,Italian Prelim CPI m/m,Low,0.2%,0.2%,-0.2%
Wed Jan 7,4:04pm,EUR,German 10-y Bond Auction,Low,2.83|1.3,,2.67|2.0
Wed Jan 7,6:45pm,USD,ADP Non-Farm Employment Change,High,41K,49K,-29K
Wed Jan 7,,USD,ISM Services PMI,High,54.4,52.2,52.6
Wed Jan 7,,USD,JOLTS Job Openings,High,7.15M,7.61M,7.45M
Wed Jan 7,,USD,Factory Orders m/m,Low,-1.3%,-1.1%,0.2%
Wed Jan 7,9:00pm,USD,Crude Oil Inventories,Low,-3.8M,-1.2M,-1.9M
Thu Jan 8,5:00am,JPY,Average Cash Earnings y/y,Low,0.5%,2.3%,2.5%
Thu Jan 8,9:05am,JPY,30-y Bond Auction,Low,3.45|3.1,,3.43|4.0
Thu Jan 8,10:30am,JPY,Consumer Confidence,Low,37.2,37.8,37.5
Thu Jan 8,12:30pm,EUR,German Factory Orders m/m,Low,5.6%,-0.9%,1.6%
Thu Jan 8,12:32pm,GBP,Halifax HPI m/m,Low,-0.6%,0.1%,-0.1%
Thu Jan 8,1:15pm,EUR,French Trade Balance,Low,-4.2B,-4.3B,-3.5B
Thu Jan 8,2:30pm,EUR,Italian Monthly Unemployment Rate,Low,5.7%,6.0%,5.8%
Thu Jan 8,3:29pm,EUR,French 10-y Bond Auction,Low,3.53|2.0,,3.38|2.3
Thu Jan 8,3:30pm,EUR,PPI m/m,Low,0.5%,0.4%,0.1%
Thu Jan 8,,EUR,Unemployment Rate,Low,6.3%,6.4%,6.4%
Thu Jan 8,4:00pm,USD,Challenger Job Cuts y/y,Low,-8.3%,,23.5%
Thu Jan 8,,USD,Unemployment Claims,High,208K,213K,200K
Thu Jan 8,,USD,Goods Trade Balance,Low,-59.1B,,-78.3B
Thu Jan 8,,USD,Prelim Nonfarm Productivity q/q,Low,4.9%,4.9%,3.3%
Thu Jan 8,,USD,Prelim Unit Labor Costs q/q,Low,-1.9%,0.0%,1.0%
Thu Jan 8,,USD,Trade Balance,Low,-29.4B,-58.1B,-48.1B
Thu Jan 8,8:30pm,USD,Final Wholesale Inventories m/m,Low,0.2%,0.2%,0.5%
Thu Jan 8,9:00pm,USD,Natural Gas Storage,Low,-119B,-109B,-38B
Fri Jan 9,1:30am,USD,Consumer Credit m/m,Low,4.2B,10.1B,9.2B
Fri Jan 9,5:00am,JPY,Household Spending y/y,Low,2.9%,-1.0%,-3.0%
Fri Jan 9,10:30am,JPY,Leading Indicators,Low,110.5%,110.4%,109.8%
Fri Jan 9,12:30pm,EUR,German Industrial Production m/m,Low,0.8%,-0.6%,2.0%
Fri Jan 9,,EUR,German Trade Balance,Low,13.1B,16.3B,17.2B
Fri Jan 9,1:15pm,EUR,French Consumer Spending m/m,Low,-0.3%,-0.1%,0.5%
Fri Jan 9,,EUR,French Industrial Production m/m,Low,-0.1%,-0.2%,0.2%
Fri Jan 9,2:30pm,EUR,Italian Retail Sales m/m,Low,0.5%,0.3%,0.5%
Fri Jan 9,3:30pm,EUR,Retail Sales m/m,Low,0.2%,0.1%,0.0%
Fri Jan 9,Sep Data,USD,Building Permits,Low,1.42M,1.33M,1.31M
Fri Jan 9,Sep Data,USD,Housing Starts,Low,1.31M,1.29M,1.31M
Fri Jan 9,,USD,Average Hourly Earnings m/m,High,0.3%,0.3%,0.1%
Fri Jan 9,,USD,Non-Farm Employment Change,High,50K,66K,56K
Fri Jan 9,,USD,Unemployment Rate,High,4.4%,4.5%,4.6%
Fri Jan 9,,USD,Building Permits,Low,1.41M,1.35M,1.42M
Fri Jan 9,,USD,Housing Starts,Low,1.25M,1.33M,1.31M
Fri Jan 9,8:30pm,USD,Prelim UoM Consumer Sentiment,High,54.0,53.5,52.9
Fri Jan 9,,USD,Prelim UoM Inflation Expectations,High,4.2%,,4.2%
Mon Jan 12,3:00pm,EUR,Sentix Investor Confidence,Low,-1.8,-5.1,-6.2
Mon Jan 12,11:31pm,USD,10-y Bond Auction,Low,4.17|2.6,,4.18|2.6
Tue Jan 13,5:20am,JPY,Bank Lending y/y,Low,4.4%,4.1%,4.1%
Tue Jan 13,,JPY,Current Account,Low,3.14T,3.04T,2.48T
Tue Jan 13,5:31am,GBP,BRC Retail Sales Monitor y/y,Low,1.0%,1.3%,1.2%
Tue Jan 13,10:30am,JPY,Economy Watchers Sentiment,Low,48.6,48.7,48.7
Tue Jan 13,2:06pm,EUR,French Gov Budget Balance,Low,-155.4B,,-136.2B
Tue Jan 13,4:30pm,USD,NFIB Small Business Index,Low,99.5,99.5,99.0
Tue Jan 13,6:45pm,USD,ADP Weekly Employment Change,Medium,11.8K,,11.0K
Tue Jan 13,,USD,Core CPI m/m,High,0.2%,0.3%,0.2%
Tue Jan 13,,USD,CPI m/m,High,0.3%,0.3%,0.3%
Tue Jan 13,,USD,CPI y/y,High,2.7%,2.7%,2.7%
Tue Jan 13,Sep Data,USD,New Home Sales,Low,738K,,711K
Tue Jan 13,8:30pm,USD,New Home Sales,Medium,737K,716K,738K
Tue Jan 13,8:33pm,USD,RCM/TIPP Economic Optimism,Low,47.2,48.2,47.9
Tue Jan 13,11:31pm,USD,30-y Bond Auction,Low,4.83|2.4,,4.77|2.4
Wed Jan 14,,USD,Federal Budget Balance,Low,-144.7B,-144.5B,-173.3B
Wed Jan 14,5:20am,JPY,M2 Money Stock y/y,Low,1.7%,1.9%,1.7%
Wed Jan 14,11:30am,JPY,Prelim Machine Tool Orders y/y,Low,10.6%,,14.8%
Wed Jan 14,3:32pm,GBP,10-y Bond Auction,Low,4.46|3.3,,4.61|3.1
Wed Jan 14,4:06pm,EUR,German 30-y Bond Auction,Low,3.45|2.1,,3.26|1.3
Wed Jan 14,Oct Data,USD,Core PPI m/m,Medium,0.3%,,0.4%
Wed Jan 14,Oct Data,USD,PPI m/m,Medium,0.1%,,0.6%
Wed Jan 14,7:00pm,USD,Core PPI m/m,High,0.0%,0.2%,0.3%
Wed Jan 14,,USD,Core Retail Sales m/m,High,0.5%,0.4%,0.2%
Wed Jan 14,,USD,PPI m/m,High,0.2%,0.2%,0.1%
Wed Jan 14,,USD,Retail Sales m/m,High,0.6%,0.5%,-0.1%
Wed Jan 14,,USD,Current Account,Low,-226B,-235B,-249B
Wed Jan 14,8:30pm,USD,Business Inventories m/m,Low,0.3%,0.1%,0.3%
Wed Jan 14,,USD,Existing Home Sales,Low,4.35M,4.21M,4.14M
Wed Jan 14,,USD,Crude Oil Inventories,Low,3.4M,-1.7M,-3.8M
Thu Jan 15,5:20am,JPY,PPI y/y,Low,2.4%,2.4%,2.7%
Thu Jan 15,5:31am,GBP,RICS House Price Balance,Low,-14%,-17%,-14%
Thu Jan 15,12:30pm,EUR,German WPI m/m,Low,-0.2%,0.2%,0.3%
Thu Jan 15,,GBP,GDP m/m,High,0.3%,0.1%,-0.1%
Thu Jan 15,,GBP,Construction Output m/m,Low,-1.3%,-0.3%,-1.2%
Thu Jan 15,,GBP,Goods Trade Balance,Low,-23.7B,-20.3B,-24.2B
Thu Jan 15,,GBP,Index of Services 3m/3m,Low,0.2%,0.0%,0.1%
Thu Jan 15,,GBP,Industrial Production m/m,Low,1.1%,0.2%,1.3%
Thu Jan 15,,GBP,Manufacturing Production m/m,Low,2.1%,0.4%,0.4%
Thu Jan 15,1:15pm,EUR,French Final CPI m/m,Low,0.1%,0.1%,0.1%
Thu Jan 15,,EUR,Italian Industrial Production m/m,Low,1.5%,0.6%,-1.0%
Thu Jan 15,3:30pm,EUR,Industrial Production m/m,Low,0.7%,0.5%,0.7%
Thu Jan 15,,EUR,Trade Balance,Low,10.7B,14.8B,13.7B
Thu Jan 15,4:30pm,EUR,Italian Trade Balance,Low,5.08B,5.22B,4.18B
Thu Jan 15,,USD,Unemployment Claims,High,198K,215K,207K
Thu Jan 15,,USD,Empire State Manufacturing Index,Medium,7.7,0.8,-3.9
Thu Jan 15,,USD,Philly Fed Manufacturing Index,Medium,12.6,-1.6,-10.2
Thu Jan 15,,USD,Import Prices m/m,Low,0.4%,-0.1%,0.0%
Thu Jan 15,9:00pm,USD,Natural Gas Storage,Low,-71B,-89B,-119B
Fri Jan 16,2:30am,USD,TIC Long-Term Purchases,Low,220.2B,48.7B,30.9B
Fri Jan 16,12:30pm,EUR,German Final CPI m/m,Low,0.0%,0.0%,0.0%
Fri Jan 16,7:45pm,USD,Capacity Utilization Rate,Low,76.3%,76.0%,76.1%
Fri Jan 16,,USD,Industrial Production m/m,Low,0.4%,0.1%,0.4%
Fri Jan 16,8:00pm,GBP,CB Leading Index m/m,Low,-0.1%,,0.0%
Fri Jan 16,8:30pm,USD,NAHB Housing Market Index,Low,37,40,39
Mon Jan 19,5:20am,JPY,Core Machinery Orders m/m,Low,-11.0%,-5.2%,7.0%
Mon Jan 19,5:31am,GBP,Rightmove HPI m/m,Low,2.8%,,-1.8%
Mon Jan 19,10:00am,JPY,Revised Industrial Production m/m,Low,-2.7%,-2.6%,-2.6%
Mon Jan 19,,JPY,Tertiary Industry Activity m/m,Low,-0.2%,0.0%,0.9%
Mon Jan 19,3:30pm,EUR,Final Core CPI y/y,Low,2.3%,2.3%,2.3%
Mon Jan 19,,EUR,Final CPI y/y,Low,1.9%,2.0%,2.0%
Tue Jan 20,12:30pm,EUR,German PPI m/m,Low,-0.2%,-0.2%,0.0%
Tue Jan 20,,GBP,Claimant Count Change,High,17.9K,15.6K,-3.3K
Tue Jan 20,,GBP,Average Earnings Index 3m/y,Medium,4.7%,4.6%,4.8%
Tue Jan 20,,GBP,Unemployment Rate,Low,5.1%,5.1%,5.1%
Tue Jan 20,2:30pm,EUR,Current Account,Low,8.6B,20.3B,26.7B
Tue Jan 20,3:30pm,EUR,German ZEW Economic Sentiment,Low,59.6,50.0,45.8
Tue Jan 20,,EUR,ZEW Economic Sentiment,Low,40.8,36.7,33.7
Tue Jan 20,6:45pm,USD,ADP Weekly Employment Change,Low,8.0K,,11.3K
Wed Jan 21,12:30pm,GBP,CPI y/y,High,3.4%,3.3%,3.2%
Wed Jan 21,,GBP,Core CPI y/y,Low,3.2%,3.3%,3.2%
Wed Jan 21,,GBP,PPI Input m/m,Low,-0.2%,-0.1%,0.5%
Wed Jan 21,,GBP,PPI Output m/m,Low,0.0%,0.1%,0.1%
Wed Jan 21,,GBP,RPI y/y,Low,4.2%,4.1%,3.8%
Wed Jan 21,3:00pm,GBP,HPI y/y,Low,2.5%,1.8%,1.9%
Wed Jan 21,4:04pm,EUR,German 30-y Bond Auction,Low,3.49|2.4,,3.45|2.1
Wed Jan 21,4:30pm,GBP,CBI Industrial Order Expectations,Low,-30,-33,-32
Wed Jan 21,Sep Data,USD,Construction Spending m/m,Low,-0.6%,,0.4%
Wed Jan 21,8:30pm,USD,Pending Home Sales m/m,Medium,-9.3%,-0.3%,3.3%
Wed Jan 21,,USD,Construction Spending m/m,Low,0.5%,0.1%,-0.6%
Thu Jan 22,5:20am,JPY,Trade Balance,Low,-0.21T,-0.06T,0.01T
Thu Jan 22,12:30pm,GBP,Public Sector Net Borrowing,Low,11.6B,13.4B,10.9B
Thu Jan 22,,GBP,CBI Realized Sales,Low,-17,-35,-44
Thu Jan 22,,USD,Final GDP q/q,High,4.4%,4.3%,4.3%
Thu Jan 22,,USD,Unemployment Claims,High,200K,209K,199K
Thu Jan 22,,USD,Final GDP Price Index q/q,Medium,3.8%,3.8%,3.8%
Thu Jan 22,Oct Data,USD,Core PCE Price Index m/m,Medium,0.2%,,0.2%
Thu Jan 22,Oct Data,USD,Personal Income m/m,Low,0.1%,,0.4%
Thu Jan 22,Oct Data,USD,Personal Spending m/m,Low,0.5%,,0.4%
Thu Jan 22,8:30pm,EUR,Consumer Confidence,Low,-12,-13,-15
Thu Jan 22,,USD,Core PCE Price Index m/m,High,0.2%,0.2%,0.2%
Thu Jan 22,,USD,Personal Income m/m,Low,0.3%,0.4%,0.1%
Thu Jan 22,,USD,Personal Spending m/m,Low,0.5%,0.5%,0.5%
Thu Jan 22,9:00pm,USD,Natural Gas Storage,Low,-120B,-90B,-71B
Thu Jan 22,10:30pm,USD,Crude Oil Inventories,Low,3.6M,-1.0M,3.4M
Fri Jan 23,5:00am,JPY,National Core CPI y/y,Low,2.4%,2.4%,3.0%
Fri Jan 23,5:31am,GBP,GfK Consumer Confidence,Low,-16,-17,-17
Fri Jan 23,6:00am,JPY,Flash Manufacturing PMI,Low,51.5,50.1,50.0
Fri Jan 23,,JPY,BOJ Policy Rate,High,<0.75%,<0.75%,<0.75%
Fri Jan 23,12:30pm,GBP,Retail Sales m/m,High,0.4%,0.0%,-0.1%
Fri Jan 23,1:45pm,EUR,French Flash Manufacturing PMI,Medium,51.0,50.4,50.7
Fri Jan 23,,EUR,French Flash Services PMI,Medium,47.9,50.3,50.1
Fri Jan 23,2:00pm,EUR,German Flash Manufacturing PMI,High,48.7,47.8,47.0
Fri Jan 23,,EUR,German Flash Services PMI,High,53.3,52.6,52.7
Fri Jan 23,2:30pm,EUR,Flash Manufacturing PMI,Low,49.4,49.1,48.8
Fri Jan 23,,EUR,Flash Services PMI,Low,51.9,52.6,52.4
Fri Jan 23,3:00pm,GBP,Flash Manufacturing PMI,High,51.6,50.6,50.6
Fri Jan 23,,GBP,Flash Services PMI,High,54.3,51.7,51.4
Fri Jan 23,8:15pm,USD,Flash Manufacturing PMI,High,51.9,51.9,51.8
Fri Jan 23,,USD,Flash Services PMI,High,52.5,52.9,52.5
Fri Jan 23,8:30pm,USD,Revised UoM Consumer Sentiment,Medium,56.4,54.0,54.0
Fri Jan 23,,USD,Revised UoM Inflation Expectations,Low,4.0%,,4.2%
Fri Jan 23,Oct Data,USD,CB Leading Index m/m,Low,-0.1%,,-0.2%
Fri Jan 23,9:24pm,USD,CB Leading Index m/m,Low,-0.3%,-0.2%,-0.1%
Mon Jan 26,2:30pm,EUR,German ifo Business Climate,Medium,87.6,88.3,87.6
Mon Jan 26,,USD,Core Durable Goods Orders m/m,Medium,0.5%,0.3%,0.1%
Mon Jan 26,,USD,Durable Goods Orders m/m,Medium,5.3%,3.1%,-2.1%
Mon Jan 26,7:03pm,EUR,Belgian NBB Business Climate,Low,-8.8,-10.2,-11.9
Tue Jan 27,5:20am,JPY,SPPI y/y,Low,2.6%,2.7%,2.7%
Tue Jan 27,5:31am,GBP,BRC Shop Price Index y/y,Low,1.5%,0.7%,0.7%
Tue Jan 27,10:30am,JPY,BOJ Core CPI y/y,Low,1.9%,2.0%,2.2%
Tue Jan 27,1:30pm,EUR,Spanish Unemployment Rate,Low,9.9%,10.2%,10.5%
Tue Jan 27,6:45pm,USD,ADP Weekly Employment Change,Low,7.8K,,8.0K
Tue Jan 27,7:30pm,USD,HPI m/m,Low,0.6%,0.3%,0.4%
Tue Jan 27,,USD,S&P/CS Composite-20 HPI y/y,Low,1.4%,1.2%,1.3%
Tue Jan 27,8:30pm,USD,CB Consumer Confidence,Medium,84.5,90.6,94.2
Tue Jan 27,,USD,Richmond Manufacturing Index,Medium,-6,-5,-7
Wed Jan 28,12:30pm,EUR,German GfK Consumer Climate,Low,-24.1,-25.5,-26.9
Wed Jan 28,4:04pm,EUR,German 10-y Bond Auction,Low,2.85|1.7,,2.83|1.3
Wed Jan 28,,USD,Crude Oil Inventories,Low,-2.3M,-0.2M,3.6M
Thu Jan 29,12:30am,USD,Federal Funds Rate,High,3.75%,3.75%,3.75%
Thu Jan 29,10:30am,JPY,Consumer Confidence,Low,37.9,37.1,37.2
Thu Jan 29,2:30pm,EUR,M3 Money Supply y/y,Low,2.8%,3.0%,3.0%
Thu Jan 29,,EUR,Private Loans y/y,Low,3.0%,2.9%,2.9%
Thu Jan 29,,USD,Unemployment Claims,High,209K,206K,210K
Thu Jan 29,,USD,Goods Trade Balance,Low,-86.9B,,-59.0B
Thu Jan 29,,USD,Revised Nonfarm Productivity q/q,Low,4.9%,4.9%,4.9%
Thu Jan 29,,USD,Revised Unit Labor Costs q/q,Low,-1.9%,-1.9%,-1.9%
Thu Jan 29,,USD,Trade Balance,Low,-56.8B,-43.4B,-29.2B
Thu Jan 29,8:30pm,USD,Factory Orders m/m,Low,2.7%,1.7%,-1.2%
Thu Jan 29,,USD,Final Wholesale Inventories m/m,Low,0.2%,0.2%,0.2%
Thu Jan 29,9:00pm,USD,Natural Gas Storage,Low,-242B,-237B,-120B
Fri Jan 30,5:00am,JPY,Tokyo Core CPI y/y,Medium,2.0%,2.2%,2.3%
Fri Jan 30,,JPY,Unemployment Rate,Low,2.6%,2.6%,2.6%
Fri Jan 30,5:20am,JPY,Prelim Industrial Production m/m,Low,-0.1%,-0.4%,-2.7%
Fri Jan 30,,JPY,Retail Sales y/y,Low,-0.9%,0.7%,1.1%
Fri Jan 30,10:30am,JPY,Housing Starts y/y,Low,-1.3%,-4.5%,-8.5%
Fri Jan 30,12:00pm,EUR,French Consumer Spending m/m,Low,-0.6%,-0.4%,-0.3%
Fri Jan 30,,EUR,French Flash GDP q/q,Low,0.2%,0.2%,0.5%
Fri Jan 30,12:30pm,EUR,German Import Prices m/m,Low,-0.1%,-0.4%,0.5%
Fri Jan 30,All Day,EUR,German Prelim CPI m/m,Medium,0.1%,0.0%,0.0%
Fri Jan 30,1:15pm,EUR,French Prelim Private Payrolls q/q,Low,-0.1%,0.1%,-0.1%
Fri Jan 30,,EUR,Spanish Flash CPI y/y,Low,2.4%,2.4%,2.9%
Fri Jan 30,,EUR,Spanish Flash GDP q/q,Low,0.8%,0.6%,0.6%
Fri Jan 30,2:25pm,EUR,German Unemployment Change,Low,0K,4K,3K
Fri Jan 30,2:30pm,EUR,German Prelim GDP q/q,Medium,0.3%,0.2%,0.0%
Fri Jan 30,,EUR,Italian Prelim GDP q/q,Low,0.3%,0.2%,0.1%
Fri Jan 30,3:00pm,GBP,M4 Money Supply m/m,Low,0.3%,0.3%,0.8%
Fri Jan 30,,GBP,Mortgage Approvals,Low,61K,65K,64K
Fri Jan 30,,GBP,Net Lending to Individuals m/m,Low,6.1B,6.1B,6.7B
Fri Jan 30,3:30pm,EUR,Italian Monthly Unemployment Rate,Low,5.6%,5.8%,5.6%
Fri Jan 30,,EUR,Prelim Flash GDP q/q,Low,0.3%,0.2%,0.3%
Fri Jan 30,,EUR,Unemployment Rate,Low,6.2%,6.3%,6.3%
Fri Jan 30,,USD,Core PPI m/m,High,0.7%,0.2%,0.0%
Fri Jan 30,,USD,PPI m/m,High,0.5%,0.2%,0.2%
Fri Jan 30,8:15pm,USD,Chicago PMI,Low,54.0,43.5,43.5
Mon Feb 2,,JPY,Final Manufacturing PMI,Low,51.5,51.5,51.5
Mon Feb 2,12:30pm,EUR,German Retail Sales m/m,Low,0.1%,-0.1%,-0.5%
Mon Feb 2,,GBP,Nationwide HPI m/m,Low,0.3%,0.3%,-0.4%
Mon Feb 2,1:45pm,EUR,Spanish Manufacturing PMI,Low,49.2,49.9,49.6
Mon Feb 2,2:15pm,EUR,Italian Manufacturing PMI,Low,48.1,48.5,47.9
Mon Feb 2,2:20pm,EUR,French Final Manufacturing PMI,Low,51.2,51.0,51.0
Mon Feb 2,2:25pm,EUR,German Final Manufacturing PMI,Low,49.1,48.7,48.7
Mon Feb 2,2:30pm,EUR,Final Manufacturing PMI,Low,49.5,49.4,49.4
Mon Feb 2,3:00pm,GBP,Final Manufacturing PMI,Low,51.8,51.6,51.6
Mon Feb 2,8:15pm,USD,Final Manufacturing PMI,Low,52.4,51.9,51.9
Mon Feb 2,8:30pm,USD,ISM Manufacturing PMI,High,52.6,48.5,47.9
Mon Feb 2,,USD,ISM Manufacturing Prices,Medium,59.0,59.3,58.5
Tue Feb 3,5:20am,JPY,Monetary Base y/y,Low,-9.5%,-10.3%,-9.8%
Tue Feb 3,9:05am,JPY,10-y Bond Auction,Low,2.25|3.0,,2.10|3.3
Tue Feb 3,1:15pm,EUR,French Gov Budget Balance,Low,-124.7B,,-155.4B
Tue Feb 3,,EUR,French Prelim CPI m/m,Low,-0.3%,-0.1%,0.1%
Tue Feb 3,1:30pm,EUR,Spanish Unemployment Change,Low,30.4K,13.4K,-16.3K
Tue Feb 3,3:32pm,GBP,10-y Bond Auction,Low,4.59|3.6,,4.46|3.3
Tue Feb 3,8:31pm,USD,RCM/TIPP Economic Optimism,Low,48.8,47.9,47.2
Tue Feb 3,All Day,USD,Wards Total Vehicle Sales,Low,14.9M,15.3M,16.0M
Wed Feb 4,1:45pm,EUR,Spanish Services PMI,Low,53.5,56.6,57.1
Wed Feb 4,2:15pm,EUR,Italian Services PMI,Low,52.9,51.3,51.5
Wed Feb 4,2:20pm,EUR,French Final Services PMI,Low,48.4,47.9,47.9
Wed Feb 4,2:25pm,EUR,German Final Services PMI,Low,52.4,53.3,53.3
Wed Feb 4,2:30pm,EUR,Final Services PMI,Low,51.6,51.9,51.9
Wed Feb 4,3:00pm,GBP,Final Services PMI,Low,54.0,54.2,54.3
Wed Feb 4,3:30pm,EUR,Core CPI Flash Estimate y/y,Medium,2.2%,2.3%,2.3%
Wed Feb 4,,EUR,CPI Flash Estimate y/y,Medium,1.7%,1.7%,1.9%
Wed Feb 4,,EUR,PPI m/m,Low,-0.3%,-0.3%,0.7%
Wed Feb 4,,EUR,Italian Prelim CPI m/m,Low,0.4%,0.4%,0.2%
Wed Feb 4,6:45pm,USD,ADP Non-Farm Employment Change,High,22K,46K,37K
Wed Feb 4,8:15pm,USD,Final Services PMI,Low,52.7,52.5,52.5
Wed Feb 4,8:30pm,USD,ISM Services PMI,High,53.8,53.5,54.4
Wed Feb 4,9:00pm,USD,Crude Oil Inventories,Low,-3.5M,-2.0M,-2.3M
Thu Feb 5,9:05am,JPY,30-y Bond Auction,Low,3.62|3.6,,3.45|3.1
Thu Feb 5,12:30pm,EUR,German Factory Orders m/m,Low,7.8%,-1.8%,5.7%
Thu Feb 5,1:15pm,EUR,French Industrial Production m/m,Low,-0.7%,0.2%,0.1%
Thu Feb 5,2:30pm,EUR,Italian Retail Sales m/m,Low,-0.8%,-0.4%,0.5%
Thu Feb 5,3:00pm,GBP,Construction PMI,Low,46.4,42.2,40.1
Thu Feb 5,3:13pm,EUR,Spanish 10-y Bond Auction,Low,3.22|2.4,,3.20|1.9
Thu Feb 5,3:30pm,EUR,Retail Sales m/m,Low,-0.5%,-0.2%,0.1%
Thu Feb 5,3:31pm,EUR,French 10-y Bond Auction,Low,3.45|2.4,,3.53|2.0
Thu Feb 5,,GBP,MPC Official Bank Rate Votes,High,0-4-5,0-2-7,0-5-4
Thu Feb 5,,GBP,Official Bank Rate,High,3.75%,3.75%,3.75%
Thu Feb 5,,USD,Challenger Job Cuts y/y,Low,117.8%,,-8.3%
Thu Feb 5,6:45pm,EUR,Main Refinancing Rate,High,2.15%,2.15%,2.15%
Thu Feb 5,7:00pm,USD,Unemployment Claims,High,231K,212K,209K
Thu Feb 5,8:30pm,USD,JOLTS Job Openings,High,6.54M,7.25M,6.93M
Thu Feb 5,9:00pm,USD,Natural Gas Storage,Low,-360B,-379B,-242B
Fri Feb 6,5:00am,JPY,Household Spending y/y,Low,-2.6%,-0.5%,2.9%
Fri Feb 6,10:30am,JPY,Leading Indicators,Low,110.2%,109.8%,109.9%
Fri Feb 6,12:30pm,EUR,German Industrial Production m/m,Low,-1.9%,-0.2%,0.2%
Fri Feb 6,,EUR,German Trade Balance,Low,17.1B,14.1B,13.6B
Fri Feb 6,,GBP,Halifax HPI m/m,Low,0.7%,0.1%,-0.5%
Fri Feb 6,1:15pm,EUR,French Trade Balance,Low,-4.8B,-3.8B,-4.0B
Fri Feb 6,,USD,Prelim UoM Consumer Sentiment,High,57.3,55.0,56.4
Fri Feb 6,,USD,Prelim UoM Inflation Expectations,High,3.5%,,4.0%
Sat Feb 7,1:30am,USD,Consumer Credit m/m,Low,24.0B,9.0B,4.7B
Mon Feb 9,5:00am,JPY,Average Cash Earnings y/y,Low,2.4%,3.0%,1.7%
Mon Feb 9,5:20am,JPY,Bank Lending y/y,Low,4.5%,4.5%,4.3%
Mon Feb 9,,JPY,Current Account,Low,2.70T,2.95T,3.14T
Mon Feb 9,10:30am,JPY,Economy Watchers Sentiment,Low,47.6,49.1,48.6
Mon Feb 9,3:00pm,EUR,Sentix Investor Confidence,Low,4.2,-0.2,-1.8
Tue Feb 10,5:20am,JPY,M2 Money Stock y/y,Low,1.6%,1.7%,1.7%
Tue Feb 10,5:31am,GBP,BRC Retail Sales Monitor y/y,Low,2.3%,1.3%,1.0%
Tue Feb 10,11:30am,JPY,Prelim Machine Tool Orders y/y,Low,25.3%,,10.9%
Tue Feb 10,4:30pm,USD,NFIB Small Business Index,Low,99.3,99.8,99.5
Tue Feb 10,6:45pm,USD,ADP Weekly Employment Change,Low,6.5K,,5.0K
Tue Feb 10,7:00pm,USD,Core Retail Sales m/m,High,0.0%,0.3%,0.4%
Tue Feb 10,,USD,Retail Sales m/m,High,0.0%,0.4%,0.6%
Tue Feb 10,,USD,Employment Cost Index q/q,Medium,0.7%,0.8%,0.8%
Tue Feb 10,,USD,Import Prices m/m,Low,0.1%,0.1%,0.4%
Tue Feb 10,8:30pm,USD,Business Inventories m/m,Low,0.1%,0.2%,0.2%
Wed Feb 11,2:30pm,EUR,Italian Industrial Production m/m,Low,-0.4%,-0.6%,1.5%
Wed Feb 11,4:03pm,EUR,German 30-y Bond Auction,Low,3.47|1.6,,3.49|2.4
Wed Feb 11,,USD,Average Hourly Earnings m/m,High,0.4%,0.3%,0.1%
Wed Feb 11,,USD,Non-Farm Employment Change,High,130K,66K,48K
Wed Feb 11,,USD,Unemployment Rate,High,4.3%,4.4%,4.4%
Wed Feb 11,9:00pm,USD,Crude Oil Inventories,Low,8.5M,-0.2M,-3.5M
Wed Feb 11,11:31pm,USD,10-y Bond Auction,Low,4.18|2.4,,4.17|2.6
Thu Feb 12,12:30am,USD,Federal Budget Balance,Low,-94.6B,-94.6B,-144.7B
Thu Feb 12,5:20am,JPY,PPI y/y,Low,2.3%,2.3%,2.4%
Thu Feb 12,5:31am,GBP,RICS House Price Balance,Low,-10%,-11%,-13%
Thu Feb 12,12:30pm,GBP,GDP m/m,High,0.1%,0.1%,0.2%
Thu Feb 12,,GBP,Prelim GDP q/q,Medium,0.1%,0.2%,0.1%
Thu Feb 12,,GBP,Construction Output m/m,Low,-0.5%,0.5%,-0.8%
Thu Feb 12,,GBP,Goods Trade Balance,Low,-22.7B,-22.3B,-23.6B
Thu Feb 12,,GBP,Index of Services 3m/3m,Low,0.0%,0.2%,0.0%
Thu Feb 12,,GBP,Industrial Production m/m,Low,-0.9%,-0.1%,1.3%
Thu Feb 12,,GBP,Manufacturing Production m/m,Low,-0.5%,-0.2%,1.9%
Thu Feb 12,,GBP,Prelim Business Investment q/q,Low,-2.7%,-0.5%,1.5%
Thu Feb 12,7:00pm,USD,Unemployment Claims,High,227K,222K,232K
Thu Feb 12,8:00pm,GBP,CB Leading Index m/m,Low,0.0%,,-0.1%
Thu Feb 12,8:30pm,USD,Existing Home Sales,Low,3.91M,4.16M,4.27M
Thu Feb 12,,USD,Natural Gas Storage,Low,-249B,-256B,-360B
Thu Feb 12,11:10pm,USD,Mortgage Delinquencies,Low,4.26%,,3.99%
Thu Feb 12,11:31pm,USD,30-y Bond Auction,Low,4.75|2.7,,4.83|2.4
Fri Feb 13,12:30pm,EUR,German WPI m/m,Low,0.9%,0.1%,-0.2%
Fri Feb 13,3:30pm,EUR,Flash Employment Change q/q,Low,0.2%,0.1%,0.2%
Fri Feb 13,,EUR,Flash GDP q/q,Low,0.3%,0.3%,0.3%
Fri Feb 13,,EUR,Trade Balance,Low,11.6B,11.8B,10.2B
Fri Feb 13,7:00pm,USD,Core CPI m/m,High,0.3%,0.3%,0.2%
Fri Feb 13,,USD,CPI m/m,High,0.2%,0.3%,0.3%
Fri Feb 13,,USD,CPI y/y,High,2.4%,2.5%,2.7%
Mon Feb 16,5:20am,JPY,Prelim GDP Price Index y/y,Low,3.4%,3.2%,3.4%
Mon Feb 16,,JPY,Prelim GDP q/q,Low,0.1%,0.4%,-0.6%
Mon Feb 16,5:31am,GBP,Rightmove HPI m/m,Low,0.0%,,2.8%
Mon Feb 16,10:00am,JPY,Revised Industrial Production m/m,Low,-0.1%,-0.1%,-0.1%
Mon Feb 16,3:30pm,EUR,Industrial Production m/m,Low,-1.4%,-1.5%,0.3%
Tue Feb 17,10:00am,JPY,Tertiary Industry Activity m/m,Low,-0.5%,-0.3%,-0.4%
Tue Feb 17,12:30pm,EUR,German Final CPI m/m,Low,0.1%,0.1%,0.1%
Tue Feb 17,,GBP,Claimant Count Change,High,28.6K,22.8K,2.7K
Tue Feb 17,,GBP,Average Earnings Index 3m/y,Medium,4.2%,4.6%,4.6%
Tue Feb 17,,GBP,Unemployment Rate,Low,5.2%,5.2%,5.1%
Tue Feb 17,2:30pm,EUR,Italian Trade Balance,Low,6.04B,4.75B,5.06B
Tue Feb 17,3:30pm,EUR,ZEW Economic Sentiment,Low,39.4,45.7,40.8
Tue Feb 17,,EUR,German ZEW Economic Sentiment,Low,58.3,65.8,59.6
Tue Feb 17,6:45pm,USD,ADP Weekly Employment Change,Low,10.3K,,7.8K
Tue Feb 17,,USD,Empire State Manufacturing Index,Medium,7.1,6.4,7.7
Tue Feb 17,8:15pm,USD,Cleveland Fed Inflation Expectations,Low,3.1%,,3.3%
Tue Feb 17,8:30pm,USD,NAHB Housing Market Index,Low,36,38,37
Wed Feb 18,5:20am,JPY,Trade Balance,Low,0.46T,-0.18T,-0.06T
Wed Feb 18,12:30pm,GBP,CPI y/y,High,3.0%,3.0%,3.4%
Wed Feb 18,,GBP,Core CPI y/y,Low,3.1%,3.0%,3.2%
Wed Feb 18,,GBP,PPI Input m/m,Low,0.4%,0.4%,-0.5%
Wed Feb 18,,GBP,PPI Output m/m,Low,0.0%,0.2%,-0.1%
Wed Feb 18,,GBP,RPI y/y,Low,3.8%,3.8%,4.2%
Wed Feb 18,1:15pm,EUR,French Final CPI m/m,Low,-0.3%,-0.3%,-0.3%
Wed Feb 18,3:00pm,GBP,HPI y/y,Low,2.4%,1.8%,2.8%
Wed Feb 18,4:02pm,EUR,German 10-y Bond Auction,Low,2.73|1.5,,2.85|1.7
Wed Feb 18,Nov Data,USD,Housing Starts,Low,1.32M,,1.27M
Wed Feb 18,Nov Data,USD,Building Permits,Low,1.39M,,1.41M
Wed Feb 18,7:00pm,USD,Core Durable Goods Orders m/m,Medium,0.9%,0.3%,0.4%
Wed Feb 18,,USD,Durable Goods Orders m/m,Medium,-1.4%,-1.8%,5.4%
Wed Feb 18,,USD,Building Permits,Low,1.45M,1.40M,1.39M
Wed Feb 18,,USD,Housing Starts,Low,1.40M,1.31M,1.32M
Wed Feb 18,7:45pm,USD,Capacity Utilization Rate,Low,76.2%,76.6%,75.7%
Wed Feb 18,,USD,Industrial Production m/m,Low,0.7%,0.4%,0.2%
Thu Feb 19,2:30am,USD,TIC Long-Term Purchases,Low,28.0B,128.6B,206.6B
Thu Feb 19,5:20am,JPY,Core Machinery Orders m/m,Low,19.1%,5.1%,-11.0%
Thu Feb 19,2:30pm,EUR,Current Account,Low,14.6B,9.8B,8.9B
Thu Feb 19,3:13pm,EUR,Spanish 10-y Bond Auction,Low,3.17|2.5,,3.22|2.4
Thu Feb 19,,GBP,CBI Industrial Order Expectations,Low,-28,-28,-30
Thu Feb 19,,USD,Unemployment Claims,High,206K,223K,229K
Thu Feb 19,,USD,Philly Fed Manufacturing Index,Medium,16.3,7.5,12.6
Thu Feb 19,,USD,Goods Trade Balance,Low,-98.5B,-86.0B,-82.8B
Thu Feb 19,,USD,Prelim Wholesale Inventories m/m,Low,0.2%,0.2%,0.2%
Thu Feb 19,,USD,Trade Balance,Low,-70.3B,-55.5B,-53.0B
Thu Feb 19,8:30pm,USD,Pending Home Sales m/m,Medium,-0.8%,1.4%,-7.4%
Thu Feb 19,,USD,CB Leading Index m/m,Low,-0.2%,-0.2%,-0.3%
Thu Feb 19,8:40pm,EUR,Consumer Confidence,Low,-12,-12,-12
Thu Feb 19,,USD,Natural Gas Storage,Low,-144B,-148B,-249B
Thu Feb 19,10:30pm,USD,Crude Oil Inventories,Low,-9.0M,1.7M,8.5M
Fri Feb 20,5:00am,JPY,National Core CPI y/y,Low,2.0%,2.0%,2.4%
Fri Feb 20,6:00am,JPY,Flash Manufacturing PMI,Low,52.8,51.3,51.5
Fri Feb 20,12:30pm,EUR,German PPI m/m,Low,-0.6%,0.3%,-0.2%
Fri Feb 20,,GBP,Retail Sales m/m,High,1.8%,0.2%,0.4%
Fri Feb 20,,GBP,Public Sector Net Borrowing,Low,-30.4B,-24.0B,13.4B
Fri Feb 20,1:45pm,EUR,French Flash Manufacturing PMI,Medium,49.9,50.9,51.2
Fri Feb 20,,EUR,French Flash Services PMI,Medium,49.6,49.1,48.4
Fri Feb 20,2:00pm,EUR,German Flash Manufacturing PMI,High,50.7,49.6,49.1
Fri Feb 20,,EUR,German Flash Services PMI,High,53.4,52.4,52.4
Fri Feb 20,2:30pm,EUR,Flash Manufacturing PMI,Low,50.8,49.9,49.5
Fri Feb 20,,EUR,Flash Services PMI,Low,51.8,51.9,51.6
Fri Feb 20,3:00pm,GBP,Flash Manufacturing PMI,High,52.0,51.5,51.8
Fri Feb 20,,GBP,Flash Services PMI,High,53.9,53.5,54.0
Fri Feb 20,,USD,Advance GDP q/q,High,1.4%,2.8%,4.4%
Fri Feb 20,,USD,Core PCE Price Index m/m,High,0.4%,0.3%,0.2%
Fri Feb 20,,USD,Advance GDP Price Index q/q,Medium,3.6%,2.8%,3.8%
Fri Feb 20,,USD,Personal Income m/m,Low,0.3%,0.3%,0.4%
Fri Feb 20,,USD,Personal Spending m/m,Low,0.4%,0.4%,0.4%
Fri Feb 20,8:15pm,USD,Flash Manufacturing PMI,High,51.2,52.4,52.4
Fri Feb 20,,USD,Flash Services PMI,High,52.3,53.0,52.7
Fri Feb 20,Nov Data,USD,New Home Sales,Medium,758K,,737K
Fri Feb 20,8:30pm,USD,New Home Sales,Medium,745K,732K,758K
Fri Feb 20,,USD,Revised UoM Consumer Sentiment,Low,56.6,56.9,57.3
Fri Feb 20,,USD,Revised UoM Inflation Expectations,Low,3.4%,,3.5%
Mon Feb 23,2:30pm,EUR,German ifo Business Climate,Low,88.6,88.4,87.6
Mon Feb 23,6:56pm,EUR,Belgian NBB Business Climate,Low,-13.7,-7.5,-8.8
Mon Feb 23,8:30pm,USD,Factory Orders m/m,Low,-0.7%,-0.4%,2.7%
Tue Feb 24,4:30pm,GBP,CBI Realized Sales,Low,-43,-27,-17
Tue Feb 24,6:45pm,USD,ADP Weekly Employment Change,Low,12.8K,,11.5K
Tue Feb 24,,USD,HPI m/m,Low,0.1%,0.3%,0.7%
Tue Feb 24,,USD,S&P/CS Composite-20 HPI y/y,Low,1.4%,1.3%,1.4%
Tue Feb 24,8:30pm,USD,CB Consumer Confidence,Medium,91.2,87.4,89.0
Tue Feb 24,,USD,Richmond Manufacturing Index,Medium,-10,-8,-6
Tue Feb 24,,USD,Final Wholesale Inventories m/m,Low,0.2%,0.2%,0.2%
Wed Feb 25,5:20am,JPY,SPPI y/y,Low,2.6%,2.6%,2.6%
Wed Feb 25,10:30am,JPY,BOJ Core CPI y/y,Low,1.7%,1.8%,1.9%
Wed Feb 25,12:30pm,EUR,German Final GDP q/q,Low,0.3%,0.3%,0.3%
Wed Feb 25,,EUR,German GfK Consumer Climate,Low,-24.7,-23.0,-24.2
Wed Feb 25,3:30pm,EUR,Final Core CPI y/y,Low,2.2%,2.2%,2.2%
Wed Feb 25,,EUR,Final CPI y/y,Low,1.7%,1.7%,1.7%
Wed Feb 25,9:00pm,USD,Crude Oil Inventories,Low,16.0M,1.8M,-9.0M
Thu Feb 26,2:30pm,EUR,M3 Money Supply y/y,Low,3.3%,2.9%,2.8%
Thu Feb 26,,EUR,Private Loans y/y,Low,3.0%,3.1%,3.0%
Thu Feb 26,3:36pm,EUR,Italian 10-y Bond Auction,Low,3.31|1.5,,3.44|1.6
Thu Feb 26,,USD,Unemployment Claims,High,212K,217K,208K
Thu Feb 26,9:00pm,USD,Natural Gas Storage,Low,-52B,-36B,-144B
Fri Feb 27,5:00am,JPY,Tokyo Core CPI y/y,Medium,1.8%,1.7%,2.0%
Fri Feb 27,5:20am,JPY,Prelim Industrial Production m/m,Low,2.2%,5.5%,-0.1%
Fri Feb 27,,JPY,Retail Sales y/y,Low,1.8%,0.1%,-0.9%
Fri Feb 27,5:31am,GBP,GfK Consumer Confidence,Low,-19,-15,-16
Fri Feb 27,10:30am,JPY,Housing Starts y/y,Low,-0.4%,-1.9%,-1.3%
Fri Feb 27,12:30pm,EUR,German Import Prices m/m,Low,1.1%,0.6%,-0.1%
Fri Feb 27,All Day,EUR,German Prelim CPI m/m,Medium,0.2%,0.5%,0.1%
Fri Feb 27,1:15pm,EUR,French Consumer Spending m/m,Low,0.5%,0.4%,-0.5%
Fri Feb 27,,EUR,French Prelim CPI m/m,Low,0.7%,0.5%,-0.3%
Fri Feb 27,,EUR,French Prelim GDP q/q,Low,0.2%,0.2%,0.2%
Fri Feb 27,1:18pm,EUR,French Final Private Payrolls q/q,Low,-0.1%,-0.1%,-0.1%
Fri Feb 27,,EUR,Spanish Flash CPI y/y,Low,2.3%,2.2%,2.3%
Fri Feb 27,2:25pm,EUR,German Unemployment Change,Low,1K,2K,1K
Fri Feb 27,,USD,Core PPI m/m,High,0.8%,0.3%,0.6%
Fri Feb 27,,USD,PPI m/m,High,0.5%,0.3%,0.4%
Fri Feb 27,8:15pm,USD,Chicago PMI,Low,57.7,52.0,54.0
Fri Feb 27,Nov Data,USD,Construction Spending m/m,Low,-0.2%,,-0.1%
Fri Feb 27,8:30pm,USD,Construction Spending m/m,Low,0.3%,0.2%,-0.2%
Mon Mar 2,,JPY,Final Manufacturing PMI,Low,53.0,52.8,52.8
Mon Mar 2,12:30pm,EUR,German Retail Sales m/m,Low,-0.9%,0.0%,1.2%
Mon Mar 2,,GBP,Nationwide HPI m/m,Low,0.3%,0.2%,0.3%
Mon Mar 2,1:45pm,EUR,Spanish Manufacturing PMI,Low,50.0,49.9,49.2
Mon Mar 2,2:15pm,EUR,Italian Manufacturing PMI,Low,50.6,49.1,48.1
Mon Mar 2,2:20pm,EUR,French Final Manufacturing PMI,Low,50.1,49.9,49.9
Mon Mar 2,2:25pm,EUR,German Final Manufacturing PMI,Low,50.9,50.7,50.7
Mon Mar 2,2:30pm,EUR,Final Manufacturing PMI,Low,50.8,50.8,50.8
Mon Mar 2,3:00pm,GBP,Final Manufacturing PMI,Low,51.7,52.0,52.0
Mon Mar 2,,GBP,M4 Money Supply m/m,Low,-0.1%,0.2%,0.4%
Mon Mar 2,,GBP,Mortgage Approvals,Low,60K,62K,61K
Mon Mar 2,,GBP,Net Lending to Individuals m/m,Low,5.9B,6.2B,6.1B
Mon Mar 2,8:15pm,USD,Final Manufacturing PMI,Low,51.6,51.2,51.2
Mon Mar 2,8:30pm,USD,ISM Manufacturing PMI,High,52.4,51.7,52.6
Mon Mar 2,,USD,ISM Manufacturing Prices,Medium,70.5,60.6,59.0
Tue Mar 3,5:00am,JPY,Unemployment Rate,Low,2.7%,2.6%,2.6%
Tue Mar 3,5:20am,JPY,Capital Spending q/y,Low,6.5%,3.0%,2.9%
Tue Mar 3,,JPY,Monetary Base y/y,Low,-10.6%,-9.8%,-9.5%
Tue Mar 3,5:31am,GBP,BRC Shop Price Index y/y,Low,1.1%,1.4%,1.5%
Tue Mar 3,9:05am,JPY,10-y Bond Auction,Low,2.12|3.3,,2.25|3.0
Tue Mar 3,1:15pm,EUR,French Gov Budget Balance,Low,-9.7B,,-124.7B
Tue Mar 3,1:30pm,EUR,Spanish Unemployment Change,Low,3.6K,26.7K,30.4K
Tue Mar 3,3:30pm,EUR,Core CPI Flash Estimate y/y,Medium,2.4%,2.2%,2.2%
Tue Mar 3,,EUR,CPI Flash Estimate y/y,Medium,1.9%,1.7%,1.7%
Tue Mar 3,,EUR,Italian Prelim CPI m/m,Low,0.8%,0.3%,0.4%
Tue Mar 3,8:31pm,USD,RCM/TIPP Economic Optimism,Low,47.5,50.1,48.8
Tue Mar 3,All Day,USD,Wards Total Vehicle Sales,Low,15.8M,15.4M,14.9M
Wed Mar 4,10:30am,JPY,Consumer Confidence,Low,40.0,38.2,37.9
Wed Mar 4,1:45pm,EUR,Spanish Services PMI,Low,51.9,52.9,53.5
Wed Mar 4,2:15pm,EUR,Italian Services PMI,Low,52.3,52.6,52.9
Wed Mar 4,2:20pm,EUR,French Final Services PMI,Low,49.6,49.6,49.6
Wed Mar 4,2:25pm,EUR,German Final Services PMI,Low,53.5,53.4,53.4
Wed Mar 4,,EUR,Final Services PMI,Low,51.9,51.8,51.8
Wed Mar 4,,EUR,Italian Monthly Unemployment Rate,Low,5.1%,5.6%,5.5%
Wed Mar 4,3:00pm,GBP,Final Services PMI,Low,53.9,53.9,53.9
Wed Mar 4,3:30pm,EUR,PPI m/m,Low,0.7%,0.2%,-0.3%
Wed Mar 4,,EUR,Unemployment Rate,Low,6.1%,6.2%,6.3%
Wed Mar 4,6:45pm,USD,ADP Non-Farm Employment Change,High,63K,50K,11K
Wed Mar 4,8:15pm,USD,Final Services PMI,Low,51.7,52.4,52.3
Wed Mar 4,8:30pm,USD,ISM Services PMI,High,56.1,53.5,53.8
Wed Mar 4,,USD,Crude Oil Inventories,Low,3.5M,3.0M,16.0M
Thu Mar 5,9:05am,JPY,30-y Bond Auction,Low,3.40|3.7,,3.62|3.6
Thu Mar 5,1:15pm,EUR,French Industrial Production m/m,Low,0.5%,0.4%,-0.5%
Thu Mar 5,2:30pm,EUR,Italian Retail Sales m/m,Low,0.6%,-0.1%,-0.7%
Thu Mar 5,3:00pm,GBP,Construction PMI,Low,44.5,47.0,46.4
Thu Mar 5,3:29pm,EUR,French 10-y Bond Auction,Low,3.39|2.2,,3.45|2.4
Thu Mar 5,,EUR,Retail Sales m/m,Low,-0.1%,0.3%,0.1%
Thu Mar 5,,USD,Challenger Job Cuts y/y,Low,-71.9%,,117.8%
Thu Mar 5,7:00pm,USD,Unemployment Claims,High,213K,215K,213K
Thu Mar 5,,USD,Import Prices m/m,Low,0.2%,0.3%,0.2%
Thu Mar 5,,USD,Prelim Nonfarm Productivity q/q,Low,2.8%,1.9%,5.2%
Thu Mar 5,,USD,Prelim Unit Labor Costs q/q,Low,2.8%,2.0%,-1.8%
Thu Mar 5,9:00pm,USD,Natural Gas Storage,Low,-132B,-122B,-52B
Fri Mar 6,12:30pm,GBP,Halifax HPI m/m,Low,0.3%,0.3%,0.8%
Fri Mar 6,3:30pm,EUR,Final Employment Change q/q,Low,0.2%,0.2%,0.2%
Fri Mar 6,,EUR,Revised GDP q/q,Low,0.2%,0.3%,0.3%
Fri Mar 6,7:00pm,USD,Average Hourly Earnings m/m,High,0.4%,0.3%,0.4%
Fri Mar 6,,USD,Core Retail Sales m/m,High,0.0%,0.1%,0.0%
Fri Mar 6,,USD,Non-Farm Employment Change,High,-92K,58K,126K
Fri Mar 6,,USD,Retail Sales m/m,High,-0.2%,-0.3%,0.0%
Fri Mar 6,,USD,Unemployment Rate,High,4.4%,4.3%,4.3%
Fri Mar 6,,USD,Business Inventories m/m,Low,0.1%,0.1%,0.0%
Sat Mar 7,1:30am,USD,Consumer Credit m/m,Low,8.0B,12.4B,25.2B
Mon Mar 9,5:00am,JPY,Average Cash Earnings y/y,Low,3.0%,2.5%,2.4%
Mon Mar 9,5:20am,JPY,Bank Lending y/y,Low,4.5%,4.4%,4.4%
Mon Mar 9,,JPY,Current Account,Low,3.15T,3.19T,2.70T
Mon Mar 9,10:30am,JPY,Leading Indicators,Low,112.4%,113.0%,111.0%
Mon Mar 9,11:30am,JPY,Economy Watchers Sentiment,Low,48.9,48.1,47.6
Mon Mar 9,12:30pm,EUR,German Factory Orders m/m,Low,-11.1%,-4.2%,6.4%
Mon Mar 9,,EUR,German Industrial Production m/m,Low,-0.5%,1.0%,-1.0%
Mon Mar 9,3:00pm,EUR,Sentix Investor Confidence,Low,-3.1,-3.1,4.2
Tue Mar 10,,JPY,Household Spending y/y,Low,-1.0%,2.4%,-2.6%
Tue Mar 10,5:20am,JPY,Final GDP Price Index y/y,Low,3.4%,3.4%,3.4%
Tue Mar 10,,JPY,Final GDP q/q,Low,0.3%,0.3%,0.1%
Tue Mar 10,,JPY,M2 Money Stock y/y,Low,1.7%,1.5%,1.6%
Tue Mar 10,5:31am,GBP,BRC Retail Sales Monitor y/y,Low,0.7%,2.0%,2.3%
Tue Mar 10,11:30am,JPY,Prelim Machine Tool Orders y/y,Low,24.2%,,25.3%
Tue Mar 10,12:30pm,EUR,German Trade Balance,Low,21.2B,15.4B,17.4B
Tue Mar 10,1:15pm,EUR,French Trade Balance,Low,-1.8B,-5.2B,-4.3B
Tue Mar 10,3:30pm,USD,NFIB Small Business Index,Low,98.8,99.6,99.3
Tue Mar 10,5:45pm,USD,ADP Weekly Employment Change,Low,15.5K,,12.8K
Tue Mar 10,7:30pm,USD,Existing Home Sales,Low,4.09M,3.89M,4.02M
Wed Mar 11,5:20am,JPY,PPI y/y,Low,2.0%,2.2%,2.3%
Wed Mar 11,12:30pm,EUR,German Final CPI m/m,Low,0.2%,0.2%,0.2%
Wed Mar 11,4:03pm,EUR,German 10-y Bond Auction,Low,2.89|1.2,,2.73|1.5
Wed Mar 11,6:00pm,USD,Core CPI m/m,High,0.2%,0.2%,0.3%
Wed Mar 11,,USD,CPI m/m,High,0.3%,0.3%,0.2%
Wed Mar 11,,USD,CPI y/y,High,2.4%,2.4%,2.4%
Wed Mar 11,8:00pm,USD,Crude Oil Inventories,Low,3.8M,2.8M,3.5M
Wed Mar 11,10:31pm,USD,10-y Bond Auction,Low,4.22|2.4,,4.18|2.4
Wed Mar 11,11:30pm,USD,Federal Budget Balance,Low,-307.5B,-304.4B,-94.6B
Thu Mar 12,5:20am,JPY,BSI Manufacturing Index,Low,3.8,5.3,4.7
Thu Mar 12,5:31am,GBP,RICS House Price Balance,Low,-12%,-8%,-10%
Thu Mar 12,2:30pm,EUR,Italian Quarterly Unemployment Rate,Low,5.6%,6.1%,6.0%
Thu Mar 12,,USD,Unemployment Claims,High,213K,214K,214K
Thu Mar 12,,USD,Building Permits,Low,1.38M,1.42M,1.45M
Thu Mar 12,,USD,Goods Trade Balance,Low,-80.8B,,-98.5B
Thu Mar 12,,USD,Housing Starts,Low,1.49M,1.34M,1.39M
Thu Mar 12,,USD,Trade Balance,Low,-54.5B,-66.6B,-72.9B
Thu Mar 12,7:00pm,GBP,CB Leading Index m/m,Low,0.0%,,0.0%
Thu Mar 12,8:00pm,USD,Natural Gas Storage,Low,-38B,-42B,-132B
Thu Mar 12,10:31pm,USD,30-y Bond Auction,Low,4.87|2.5,,4.75|2.7
Fri Mar 13,12:30pm,EUR,German WPI m/m,Low,0.6%,0.3%,0.9%
Fri Mar 13,,GBP,GDP m/m,High,0.0%,0.2%,0.1%
Fri Mar 13,,GBP,Construction Output m/m,Low,0.2%,0.0%,-0.5%
Fri Mar 13,,GBP,Goods Trade Balance,Low,-14.4B,-22.2B,-22.7B
Fri Mar 13,,GBP,Index of Services 3m/3m,Low,0.2%,0.3%,0.0%
Fri Mar 13,,GBP,Industrial Production m/m,Low,-0.1%,0.3%,-0.9%
Fri Mar 13,,GBP,Manufacturing Production m/m,Low,0.1%,0.2%,-0.5%
Fri Mar 13,1:15pm,EUR,French Final CPI m/m,Low,0.6%,0.7%,0.7%
Fri Mar 13,2:30pm,EUR,Italian Industrial Production m/m,Low,-0.6%,0.4%,-0.5%
Fri Mar 13,3:00pm,GBP,Consumer Inflation Expectations,Low,3.2%,,3.5%
Fri Mar 13,3:30pm,EUR,Industrial Production m/m,Low,-1.5%,0.6%,-0.5%
Fri Mar 13,,USD,Core PCE Price Index m/m,High,0.4%,0.4%,0.4%
Fri Mar 13,,USD,Prelim GDP q/q,High,0.7%,1.4%,1.4%
Fri Mar 13,,USD,Core Durable Goods Orders m/m,Medium,0.4%,0.5%,1.0%
Fri Mar 13,,USD,Durable Goods Orders m/m,Medium,0.0%,1.1%,-0.9%
Fri Mar 13,,USD,Prelim GDP Price Index q/q,Medium,3.8%,3.6%,3.6%
Fri Mar 13,,USD,Personal Income m/m,Low,0.4%,0.5%,0.3%
Fri Mar 13,,USD,Personal Spending m/m,Low,0.4%,0.3%,0.4%
Fri Mar 13,7:30pm,USD,JOLTS Job Openings,High,6.95M,6.76M,6.55M
Fri Mar 13,,USD,Prelim UoM Consumer Sentiment,Medium,55.5,55.0,56.6
Fri Mar 13,,USD,Prelim UoM Inflation Expectations,Medium,3.4%,,3.4%
Mon Mar 16,5:31am,GBP,Rightmove HPI m/m,Low,,,0.0%
Mon Mar 16,,USD,Empire State Manufacturing Index,Medium,,4.0,7.1
Mon Mar 16,6:45pm,USD,Capacity Utilization Rate,Low,,76.2%,76.2%
Mon Mar 16,,USD,Industrial Production m/m,Low,,0.1%,0.7%
Mon Mar 16,7:30pm,USD,NAHB Housing Market Index,Low,,37,36
Tue Mar 17,,JPY,Tertiary Industry Activity m/m,Low,,0.8%,-0.5%
Tue Mar 17,3:30pm,EUR,German ZEW Economic Sentiment,Low,,38.9,58.3
Tue Mar 17,,EUR,ZEW Economic Sentiment,Low,,24.0,39.4
Tue Mar 17,5:45pm,USD,ADP Weekly Employment Change,Low,,,15.5K
Tue Mar 17,7:30pm,USD,Pending Home Sales m/m,Medium,,-1.2%,-0.8%
Tue Mar 17,Tentative,USD,CB Leading Index m/m,Low,,,-0.2%
Wed Mar 18,5:20am,JPY,Trade Balance,Low,,-0.63T,0.46T
Wed Mar 18,3:30pm,EUR,Final Core CPI y/y,Low,,2.4%,2.4%
Wed Mar 18,,EUR,Final CPI y/y,Low,,1.9%,1.9%
Wed Mar 18,Tentative,EUR,German 30-y Bond Auction,Low,,,3.47|1.6
Wed Mar 18,,USD,Core PPI m/m,High,,0.3%,0.8%
Wed Mar 18,,USD,PPI m/m,High,,0.3%,0.5%
Wed Mar 18,7:30pm,USD,Factory Orders m/m,Low,,0.4%,-0.7%
Wed Mar 18,,USD,Crude Oil Inventories,Low,,,3.8M
Wed Mar 18,11:30pm,USD,Federal Funds Rate,High,,3.75%,3.75%
Thu Mar 19,1:30am,USD,TIC Long-Term Purchases,Low,,71.6B,28.0B
Thu Mar 19,5:20am,JPY,Core Machinery Orders m/m,Low,,-9.5%,19.1%
Thu Mar 19,Tentative,JPY,BOJ Policy Rate,High,,<0.75%,<0.75%
Thu Mar 19,10:00am,JPY,Revised Industrial Production m/m,Low,,2.2%,2.2%
Thu Mar 19,12:30pm,GBP,Claimant Count Change,High,,24.5K,28.6K
Thu Mar 19,,GBP,Average Earnings Index 3m/y,Medium,,3.9%,4.2%
Thu Mar 19,,GBP,Unemployment Rate,Low,,5.3%,5.2%
Thu Mar 19,,GBP,MPC Official Bank Rate Votes,High,,0-3-6,0-4-5
Thu Mar 19,,GBP,Official Bank Rate,High,,3.75%,3.75%
Thu Mar 19,6:00pm,USD,Unemployment Claims,High,,215K,213K
Thu Mar 19,,USD,Philly Fed Manufacturing Index,Medium,,17.5,16.3
Thu Mar 19,6:45pm,EUR,Main Refinancing Rate,High,,2.15%,2.15%
Thu Mar 19,7:30pm,USD,New Home Sales,Medium,,723K,745K
Thu Mar 19,,USD,Final Wholesale Inventories m/m,Low,,0.2%,0.2%
Thu Mar 19,8:00pm,USD,Natural Gas Storage,Low,,,-38B
Fri Mar 20,12:30pm,EUR,German PPI m/m,Low,,0.3%,-0.6%
Fri Mar 20,,GBP,Public Sector Net Borrowing,Low,,8.7B,-30.4B
Fri Mar 20,2:30pm,EUR,Current Account,Low,,17.2B,14.6B
Fri Mar 20,,EUR,Italian Trade Balance,Low,,5.65B,6.04B
Fri Mar 20,3:30pm,EUR,Trade Balance,Low,,12.8B,11.6B
Fri Mar 20,4:30pm,GBP,CBI Industrial Order Expectations,Low,,-29,-28
